id,osm_id,osm_geom_type,osm_tag_key,osm_tag_value,name,name_ur,alt_name,description_raw,description_final,description_source,wikipedia_title,wikipedia_url,lat,lon,city,province,country,language,dedup_group_id,brand,operator,wikidata
d392be33-0986-530c-bd0f-0247b1997eb6,4059491780,node,place,neighbourhood,Lashkari Goth,,,,,OSM,,,24.8804148,66.8345916,Karachi,Sindh,Pakistan,,,,,
7667e142-95f1-5678-b766-a80316d62484,593786972,way,place,neighbourhood,Sector 66,,,,,OSM,,,24.8724275,66.8258748,Karachi,Sindh,Pakistan,,,,,
583b6d68-2bbc-5696-8776-ad3e205bdfa6,593786974,way,place,neighbourhood,Sector 65,,,,,OSM,,,24.8716024,66.8307401,Karachi,Sindh,Pakistan,,,,,
ba95e9e2-e606-5753-8d7f-36bb40685ad5,593786975,way,place,neighbourhood,Sector 64,,,,,OSM,,,24.8644373,66.8326775,Karachi,Sindh,Pakistan,,,,,
3256f042-9c4a-50e3-aa40-9031c5927855,593786978,way,place,neighbourhood,Sector 14,,,,,OSM,,,24.8694753,66.8482156,Karachi,Sindh,Pakistan,,,,,
28575086-d279-56b6-9a6c-e4f20245d1d9,593855524,way,place,neighbourhood,Sector 69,,,,,OSM,,,24.8824592,66.808229,Karachi,Sindh,Pakistan,,,,,
1a7f6ca9-906d-59a2-8c2f-5bf2e3da8c40,593855539,way,place,neighbourhood,سیکٹر 36,سیکٹر 36,,,,OSM,,,24.9044099,66.8228575,Karachi,Sindh,Pakistan,,,,,
8961bfa3-1a64-542e-a37b-bb2b12431186,403601285,way,place,neighbourhood,Sector 61,,,,,OSM,,,24.8866321,66.821336,Karachi,Sindh,Pakistan,,,,,
e3979187-166c-579f-b79c-ebca2df42b57,593738790,way,place,neighbourhood,Sector 68,,,,,OSM,,,24.8776677,66.8146854,Karachi,Sindh,Pakistan,,,,,
1a913d4c-2f15-5eb5-aaa5-d4f1269e8655,593738791,way,place,neighbourhood,Sector 67,,,,,OSM,,,24.8746868,66.8200366,Karachi,Sindh,Pakistan,,,,,
f97d5aa5-75aa-58f1-b287-14fb75944938,593738788,way,natural,water,,,,,,OSM,,,24.885888,66.8098678,Karachi,Sindh,Pakistan,,,,,
7fb11daa-fd4e-5130-a73e-b06ccc500ea7,593864917,way,place,neighbourhood,Sector 70,,,,,OSM,,,24.8878612,66.8047714,Karachi,Sindh,Pakistan,,,,,
76b23a84-3ccc-5931-b9c4-85511c7e6e00,1288838545,way,natural,water,,,,,,OSM,,,24.8827518,66.8101331,Karachi,Sindh,Pakistan,,,,,
c4cbeb15-781a-55db-b255-6892266ca899,403601280,way,place,neighbourhood,Sector 60,,,,,OSM,,,24.8908028,66.8166919,Karachi,Sindh,Pakistan,,,,,
b401d2b3-6fa0-5661-86fe-ef0180f83f35,593738792,way,place,neighbourhood,Sector 62,,,,,OSM,,,24.8836011,66.8254032,Karachi,Sindh,Pakistan,,,,,
87d12508-eca1-5cbd-ba6a-b55c03fb0567,593738793,way,place,neighbourhood,Sector 63,,,,,OSM,,,24.8808089,66.8303029,Karachi,Sindh,Pakistan,,,,,
991397a5-c6fb-5bf7-8393-42c76bac799b,593786976,way,place,neighbourhood,Sector 54,,,,,OSM,,,24.873821,66.8372626,Karachi,Sindh,Pakistan,,,,,
aa9de3b6-0fc2-53f8-9502-92c8c9483c6d,593738794,way,place,neighbourhood,Sector 57,,,,,OSM,,,24.8887129,66.8312663,Karachi,Sindh,Pakistan,,,,,
5b659826-a04f-5f39-9e68-438887a1e4ac,593738795,way,place,neighbourhood,Sector 56,,,,,OSM,,,24.8856705,66.8344515,Karachi,Sindh,Pakistan,,,,,
d0d2e51e-fee6-51b0-8d18-d0f7403b7a30,593738796,way,place,neighbourhood,Sector 50,,,,,OSM,,,24.8921085,66.8368521,Karachi,Sindh,Pakistan,,,,,
090e3e9d-b9e1-5d46-ae9c-3352682d9df6,593738797,way,place,neighbourhood,Sector 51,,,,,OSM,,,24.888697,66.8390957,Karachi,Sindh,Pakistan,,,,,
1ccefb65-8273-55df-a128-f3f8eb8d3bd2,593855530,way,natural,water,,,,,,OSM,,,24.8952634,66.7995186,Karachi,Sindh,Pakistan,,,,,
dd0390f5-363d-59e5-b76c-730e49b80eda,403601281,way,place,neighbourhood,Sector 59,,,,,OSM,,,24.8990273,66.8250006,Karachi,Sindh,Pakistan,,,,,
c0a3816e-fac0-53da-ad84-734f3638dd71,403601282,way,place,neighbourhood,Sector 48,,,,,OSM,,,24.9037334,66.8315078,Karachi,Sindh,Pakistan,,,,,
be2420bd-b078-5775-a37e-e0e47d83fd5b,403601294,way,place,neighbourhood,Sector 34,,,,,OSM,,,24.9035124,66.8487952,Karachi,Sindh,Pakistan,,,,,
ec409cf5-1330-5d7c-9a17-8811c0fda363,403601301,way,place,neighbourhood,Sector 30,,,,,OSM,,,24.8828236,66.8593113,Karachi,Sindh,Pakistan,,,,,
075f52ab-0fc8-5100-b55f-7c6a95fc7661,403601344,way,place,neighbourhood,Sector 14,,,,,OSM,,,24.8780934,66.868916,Karachi,Sindh,Pakistan,,,,,
6ffa25c8-cf07-5f5a-9bf2-31965e49f0c7,593738803,way,place,neighbourhood,Sector 28 A,,,,,OSM,,,24.8800338,66.8668502,Karachi,Sindh,Pakistan,,,,,
4aca61d7-430c-52f5-865e-3555ec791d70,403601303,way,place,neighbourhood,Sector 31,,,,,OSM,,,24.8881198,66.8564388,Karachi,Sindh,Pakistan,,,,,
01c69235-63d5-58b2-9b52-c5fe7a52b345,403601304,way,place,neighbourhood,Sector 32,,,,,OSM,,,24.8943031,66.8533022,Karachi,Sindh,Pakistan,,,,,
aa45a535-30cf-5153-8cac-a32f8e20d932,403601308,way,place,neighbourhood,Sector 27,,,,,OSM,,,24.8905083,66.8619482,Karachi,Sindh,Pakistan,,,,,
fc808cb4-5ead-5ea8-adbd-e869260b48a9,403601309,way,place,neighbourhood,Sector 28,,,,,OSM,,,24.8847392,66.8651187,Karachi,Sindh,Pakistan,,,,,
1eb949b6-31bd-5b4d-887e-2a69932f662b,403601311,way,place,neighbourhood,Sector 17,,,,,OSM,,,24.893458,66.8691714,Karachi,Sindh,Pakistan,,,,,
e0884570-b28c-5a1e-b5d1-672d2d2e319e,403601312,way,place,neighbourhood,سیکٹر 18,سیکٹر 18,,,,OSM,,,24.8995473,66.8660278,Karachi,Sindh,Pakistan,,,,,
a3aeb4d1-621a-5741-b7d3-3107de4dd423,403601283,way,place,neighbourhood,Sector 47,,,,,OSM,,,24.9073104,66.8365115,Karachi,Sindh,Pakistan,,,,,
e73aa8a7-8da9-52ad-8d32-92a8df831d83,403601292,way,place,neighbourhood,سیکٹر 23,سیکٹر 23,,,,OSM,,,24.9152452,66.8499578,Karachi,Sindh,Pakistan,,,,,
7fb36912-f235-5ce7-a54f-5cb22834b0f1,403601295,way,place,neighbourhood,Sector 24,,,,,OSM,,,24.9058051,66.8541887,Karachi,Sindh,Pakistan,,,,,
ac4fb988-b9ae-55a8-b075-0c549831e9cc,403601296,way,place,neighbourhood,Sector 20,,,,,OSM,,,24.9088089,66.8613801,Karachi,Sindh,Pakistan,,,,,
45849ff5-6eb6-5fff-ae56-54ca72702ca6,403601313,way,place,neighbourhood,Sector 19,,,,,OSM,,,24.9036842,66.863968,Karachi,Sindh,Pakistan,,,,,
821d3ee9-2aa7-5ecf-9663-a3da58f083dc,403601293,way,place,neighbourhood,Sector 21,,,,,OSM,,,24.9184939,66.8566219,Karachi,Sindh,Pakistan,,,,,
d9e2f1fb-26b0-5b6c-822c-382098bf43d5,403558731,way,natural,water,,,,,,OSM,,,24.979979,66.8241953,Karachi,Sindh,Pakistan,,,,,
fb83197c-1c98-5375-820a-463a36b582f6,403558727,way,natural,water,,,,,,OSM,,,24.9710177,66.8101545,Karachi,Sindh,Pakistan,,,,,
6a8c13a9-d887-5de5-8f59-ae4ddc4a1350,403558729,way,natural,water,,,,,,OSM,,,24.973961,66.8015108,Karachi,Sindh,Pakistan,,,,,
aaaea187-9a91-5062-a457-2f20eaed9fb5,403558730,way,natural,water,,,,,,OSM,,,24.9712218,66.8148251,Karachi,Sindh,Pakistan,,,,,
b47fd740-0ba6-5114-a88a-8fa92e885490,403558728,way,natural,water,,,,,,OSM,,,24.9740005,66.8130964,Karachi,Sindh,Pakistan,,,,,
4e93e8f4-1650-5f05-bc70-ee81bbf06532,403558734,way,natural,water,,,,,,OSM,,,25.0009612,66.84495,Karachi,Sindh,Pakistan,,,,,
a42ea36a-0902-57ee-806a-b90b062629f8,403558736,way,natural,water,,,,,,OSM,,,24.9973602,66.8410181,Karachi,Sindh,Pakistan,,,,,
5db86bf3-b176-539f-b0f8-c24b01435f98,6643307786,node,amenity,atm,,,,,,OSM,,,24.8332856,66.9227563,Karachi,Sindh,Pakistan,,,,,
12e49ca3-c35c-5f41-b1cf-fe1853270014,5091556136,node,amenity,bank,نیشنل بینک آف پاکستان,نیشنل بینک آف پاکستان,,,,OSM,,,24.8672351,66.9324333,Karachi,Sindh,Pakistan,,,نیشنل بینک آف پاکستان,نیشنل بینک آف پاکستان,
72dde427-fd66-5aa3-8a48-2f2f7ff3fe92,5091768206,node,leisure,park,Hawk Park,,,,,OSM,,,24.8736736,66.9078296,Karachi,Sindh,Pakistan,,,,,
284460dc-18f8-5047-875c-5ad05356f7a9,5091673567,node,amenity,bank,ایچ بی ایل پاکستان,ایچ بی ایل پاکستان,,,,OSM,,,24.8688582,66.9181554,Karachi,Sindh,Pakistan,,,ایچ بی ایل پاکستان,,
1e8a6246-2f12-5bf0-b3b2-83c8960655d0,5091605505,node,amenity,police,Mauripur Police Station,,,,,OSM,,,24.8701067,66.9224475,Karachi,Sindh,Pakistan,,,,,
1f1cc45c-fe4c-55b5-b0b3-8151505fc4b0,403601345,way,place,neighbourhood,Sector 15,,,,,OSM,,,24.8821517,66.8741688,Karachi,Sindh,Pakistan,,,,,
ca61354c-14be-5189-9989-c1a9e6994e8a,403601310,way,place,neighbourhood,Sector 16,,,,,OSM,,,24.8871901,66.8724942,Karachi,Sindh,Pakistan,,,,,
da9b1d33-0576-52f5-ae77-937555bed7eb,403601343,way,place,neighbourhood,Sector 12,,,,,OSM,,,24.8836956,66.8865329,Karachi,Sindh,Pakistan,,,,,
12aa820f-f029-513f-aa84-9013a4978f3a,1286983061,way,leisure,park,,,,,,OSM,,,24.8750428,66.8850018,Karachi,Sindh,Pakistan,,,,,
5eeac307-4119-52d9-a233-2014550da9ad,403601338,way,place,neighbourhood,Sector 5,,,,,OSM,,,24.8834826,66.8989753,Karachi,Sindh,Pakistan,,,,,
78369390-27d2-5cd6-b867-87d0f2595aad,403601342,way,place,neighbourhood,Sector 4,,,,,OSM,,,24.8779277,66.8970972,Karachi,Sindh,Pakistan,,,,,
6346db72-63cd-59fe-8a0c-c4f6ce9b195a,403601315,way,place,neighbourhood,Sector 13,,,,,OSM,,,24.8892747,66.8816554,Karachi,Sindh,Pakistan,,,,,
aa9f52a8-cfd4-5a67-b329-306bb53ec635,403601337,way,place,neighbourhood,Sector 11,,,,,OSM,,,24.8896586,66.8912868,Karachi,Sindh,Pakistan,,,,,
f58a6b01-ad6d-586e-93d2-4fd9d7496b0f,403548538,way,place,neighbourhood,Sector 5 B 2,,500 Quarters,,,OSM,,,24.8869205,66.8989114,Karachi,Sindh,Pakistan,,,,,
277d6dcd-09e9-5d37-b31b-980618b9d9ac,403551460,way,place,neighbourhood,Sector 6,,,,,OSM,,,24.8900705,66.9023016,Karachi,Sindh,Pakistan,,,,,
6f0b809e-9c1a-5d9e-af0a-c34760e365ff,403601335,way,place,neighbourhood,Sector 9,,,,,OSM,,,24.8925157,66.8968918,Karachi,Sindh,Pakistan,,,,,
9107ef13-3b70-5cba-88bf-7735f2fdfd8d,403601336,way,place,neighbourhood,Sector 10,,,,,OSM,,,24.8951155,66.8928617,Karachi,Sindh,Pakistan,,,,,
5a13c49e-0efa-590b-8a50-0edafdc66d44,1288836347,way,leisure,park,,,,,,OSM,,,24.8955166,66.8768024,Karachi,Sindh,Pakistan,,,,,
b10d317a-9062-50f0-aa97-dc678685fbe2,1286987653,way,natural,water,,,,,,OSM,,,24.8958984,66.8866926,Karachi,Sindh,Pakistan,,,,,
a3607f46-010f-5111-bb7e-0bf1630d57f3,1287563783,way,amenity,bank,Bank Al Habib,بينک الحبيب,,,,OSM,,,24.8543997,66.9119611,Karachi,Sindh,Pakistan,,,Bank Al Habib,,
a4fd34bd-c987-5138-beca-c29b4410952b,1286494818,way,natural,water,,,,,,OSM,,,24.8647009,66.9158739,Karachi,Sindh,Pakistan,,,,,
d5905bdb-5f8f-58bc-ab29-9e968debb7b6,1286169266,way,healthcare,clinic,Marine Academy Medical Centre,,,,,OSM,,,24.8614732,66.9311801,Karachi,Sindh,Pakistan,,,,,
a6a6b1c0-ec8e-5740-8e58-94a4f0709e78,1286169305,way,amenity,bank,نیشنل بینک آف پاکستان,نیشنل بینک آف پاکستان,,,,OSM,,,24.8672281,66.9324333,Karachi,Sindh,Pakistan,,,نیشنل بینک آف پاکستان,,
efb21f84-1301-54bd-9d26-7f21bec26d59,1286970438,way,natural,water,,,,,,OSM,,,24.8689201,66.9087555,Karachi,Sindh,Pakistan,,,,,
98b5cfd9-ac3e-5a69-bd30-e6b5087c7f0d,403601341,way,place,neighbourhood,Sector 3 B,,,,,OSM,,,24.8792593,66.9049141,Karachi,Sindh,Pakistan,,,,,
1eee41fe-350c-5566-92d8-d5b5958fd3f5,593855522,way,place,neighbourhood,Sector 3 C,,,,,OSM,,,24.8762525,66.9044459,Karachi,Sindh,Pakistan,,,,,
cd706c56-90b7-5699-b2ec-097ac89784a9,1381822338,way,natural,water,,,,,,OSM,,,24.878249,66.907466,Karachi,Sindh,Pakistan,,,,,
e4c49394-0375-5e22-ab53-c5ba76536a58,403548537,way,place,neighbourhood,Sector 5 B 1,,,,,OSM,,,24.8858806,66.9028101,Karachi,Sindh,Pakistan,,,,,
e6204c41-e6cb-568b-8507-540fbe0dc8e0,403601339,way,place,neighbourhood,Sector 3,,,,,OSM,,,24.8879461,66.9105275,Karachi,Sindh,Pakistan,,,,,
c24cd3bf-d4b0-511f-8811-7fed977ad8ad,403601340,way,place,neighbourhood,Sector 3 A,,,,,OSM,,,24.8837401,66.9079842,Karachi,Sindh,Pakistan,,,,,
76c6ea28-5a99-54c0-8693-1026105adbbb,17640977,relation,leisure,park,,,,,,OSM,,,24.8752601,66.9090212,Karachi,Sindh,Pakistan,,,,,
45d0b5f4-439a-5e0b-8fe9-a3550f3ceb3b,5234606707,node,amenity,police,Saeedabad Police Station,,,,,OSM,,,24.9489359,66.9309575,Karachi,Sindh,Pakistan,,,,,
cf13c09d-bdda-5cf3-b8bd-ec4b406a4d6b,593787035,way,place,neighbourhood,نیول کالونی,نیول کالونی,,,,OSM,نیول کالونی,,24.9468089,66.9386366,Karachi,Sindh,Pakistan,,,,,Q6981779
3bb80393-5166-509c-92a4-bf9639fc9bc8,1304604442,way,amenity,police,Saeedabad Police Station,,,,,OSM,,,24.9488349,66.9310347,Karachi,Sindh,Pakistan,,,,,
89eb77ae-d6da-54d4-9999-0482d463303e,5176470449,node,amenity,police,NH MP Hub Beat,,,,,OSM,,,24.9633703,66.919723,Karachi,Sindh,Pakistan,,,,,
52ba344e-ba15-56bf-8115-5adc7d765ad4,5312348466,node,healthcare,pharmacy,Waqar Medical Store,,,,,OSM,,,24.9642734,66.9322262,Karachi,Sindh,Pakistan,,,,,
0f06e359-feac-50c2-bba3-d7f8e8b23af0,5869465995,node,place,neighbourhood,رئيس گوٹہ,رئيس گوٹہ,,,,OSM,,,24.9945618,66.896062,Karachi,Sindh,Pakistan,,,,,
15021111-a43e-5d9c-98bb-de5d226b2c8d,5176470443,node,amenity,bank,NBP Hub Chowki,,,,,OSM,,,24.9881335,66.904288,Karachi,Sindh,Pakistan,,,,National Bank Of Pakistan,
aa040b0c-da10-57ca-89fe-c20ab055846b,1381587692,way,leisure,park,Hill Park Musharraf colony,,,,,OSM,,,24.9606272,66.9298716,Karachi,Sindh,Pakistan,,,,,
c70f9ae3-0ea3-5458-8c66-ed646d2adfda,549954140,way,leisure,park,Awan Park,,,,,OSM,,,24.9626539,66.9326695,Karachi,Sindh,Pakistan,,,,,
5fc8bae4-7e57-5367-8264-e0cd80a115fb,594992200,way,place,neighbourhood,Rehman City,,,,,OSM,,,24.9835783,66.910501,Karachi,Sindh,Pakistan,,,,,
e3a245ef-9735-54dc-9678-0b78a1e81a20,594992242,way,natural,water,,,,,,OSM,,,24.974018,66.9227405,Karachi,Sindh,Pakistan,,,,,
aad54112-b344-5420-8d5c-268e099e51e3,714660905,way,natural,water,بابا چینل,بابا چینل,,,,OSM,,,24.80863,66.974216,Karachi,Sindh,Pakistan,,,,,
c7a53e25-c444-5a76-93ef-ecc72e4d1903,719067568,way,place,neighbourhood,منوڑہ,منوڑہ,منوڑا,,,OSM,,,24.7991461,66.9698477,Karachi,Sindh,Pakistan,,,,,
5480eba5-11e2-59e4-b5d4-4b87d2c78dc7,1280102027,way,leisure,park,Manora Beachfront Park,,,,,OSM,,,24.7955622,66.9739262,Karachi,Sindh,Pakistan,,,,,
0e2f916c-9965-5542-bd3b-0e6e016f0f5e,1280102038,way,leisure,park,,,,,,OSM,,,24.7967529,66.9762222,Karachi,Sindh,Pakistan,,,,,
0084014c-51c1-59f1-b907-6ab9995e2f7c,1280102039,way,leisure,park,,,,,,OSM,,,24.7963164,66.9768514,Karachi,Sindh,Pakistan,,,,,
337eb421-a40f-5c20-bd26-4ffc73289756,1280102045,way,leisure,park,,,,,,OSM,,,24.7958554,66.9746759,Karachi,Sindh,Pakistan,,,,,
ff89bb3f-b967-5fe0-9ab1-cf7700c05b10,7409137186,node,place,neighbourhood,صالح آباد,صالح آباد,,,,OSM,,,24.8057473,66.967019,Karachi,Sindh,Pakistan,,,,,
06f60053-2d31-58ba-be12-b4c28f038386,7409137187,node,place,neighbourhood,جزیرہ بھٹ,جزیرہ بھٹ,,,,OSM,,,24.8175642,66.963721,Karachi,Sindh,Pakistan,,,,,
ffe37ce0-9368-5c67-a87a-42cc47c9373a,296204548,node,place,neighbourhood,جزیرہ بابا,جزیرہ بابا,,,,OSM,,,24.8240489,66.9612508,Karachi,Sindh,Pakistan,,,,,
2f18f684-ddbd-5c4f-8622-3796e37c4921,4785775157,node,amenity,police,Jackson Police Station,,,,,OSM,,,24.8205018,66.9766719,Karachi,Sindh,Pakistan,,,,,
6279616f-5dc7-5f5c-9cd7-70c291a54847,4409198193,node,amenity,bank,یونائیٹڈ بینک لمیٹڈ,یونائیٹڈ بینک لمیٹڈ,,,,OSM,,,24.8229961,66.9785697,Karachi,Sindh,Pakistan,,,یونائیٹڈ بینک لمیٹڈ,یونائیٹڈ بینک لمیٹڈ,
ba2cb6b4-5b0b-5c01-9932-8b20fa508e85,5122919863,node,amenity,marketplace,جیکسن مارکیٹ,جیکسن مارکیٹ,,,,OSM,,,24.8239788,66.9784557,Karachi,Sindh,Pakistan,,,,,
1922ffa6-29f2-5b1f-bdd8-f27b0e60e75f,5117759538,node,amenity,bank,ایم سی بی بینک,ایم سی بی بینک,,,,OSM,,,24.8186688,66.9973793,Karachi,Sindh,Pakistan,,,ایم سی بی بینک,,
9911aca1-f4be-507d-8575-49dc2514dcad,5117759539,node,amenity,atm,,,,,,OSM,,,24.8186141,66.9973196,Karachi,Sindh,Pakistan,,,,MCB,
a5538ddd-aa1c-561c-823f-e1d618d8df89,12252704210,node,amenity,bank,Sindh Bank,,,,,OSM,,,24.8187941,66.99592,Karachi,Sindh,Pakistan,,,,,
72f0678d-fbc9-554c-8486-36f44764f832,12252746703,node,amenity,bank,United Bank Limited,,,,,OSM,,,24.8189159,66.9958918,Karachi,Sindh,Pakistan,,,,,
5cd955f0-8916-591c-afb8-978d822fc033,5117759535,node,amenity,marketplace,Market,,,,,OSM,,,24.8184643,66.9989082,Karachi,Sindh,Pakistan,,,,,
c6749e78-95b3-56ba-86f0-88bf38004434,5117759537,node,amenity,marketplace,Market,,,,,OSM,,,24.8185864,66.9976028,Karachi,Sindh,Pakistan,,,,,
e6a67f70-2713-5127-bcf4-042d9e7f4a5c,8294603458,node,railway,station,Tower/KPT,,,,,OSM,,,24.8476897,66.9901492,Karachi,Sindh,Pakistan,,,,PR,
3a1b7100-0255-5e31-a586-2c46fbb5e156,4338113290,node,amenity,bank,MCB bank,,,,,OSM,,,24.8494436,66.9883547,Karachi,Sindh,Pakistan,,,,,
ba483106-e9ef-57a3-9fde-e73fd9f59504,4338129191,node,amenity,bank,Askari bank,,,,,OSM,,,24.8494073,66.987562,Karachi,Sindh,Pakistan,,,,,
8d7ddc4b-6529-5446-ba0d-89ddf347774a,4338129489,node,amenity,bank,,,,,,OSM,,,24.8493705,66.98716,Karachi,Sindh,Pakistan,,,,,
45bccb5d-00f8-5813-93fe-1c04847fdf00,4338129589,node,amenity,bank,بینک اسلامی,بینک اسلامی,,,,OSM,,,24.8494305,66.9881192,Karachi,Sindh,Pakistan,,,بینک اسلامی,بینک اسلامی,
120425c7-409d-514e-9a72-599a29576090,4409229891,node,amenity,bank,یونائیٹڈ بینک لمیٹڈ,یونائیٹڈ بینک لمیٹڈ,,,,OSM,,,24.8495506,66.9897404,Karachi,Sindh,Pakistan,,,یونائیٹڈ بینک لمیٹڈ,,
44bbd2d9-a18f-56ac-8874-0877db3f4ff6,4731000291,node,amenity,bank,Samba Bank,,,,,OSM,,,24.8449809,66.997046,Karachi,Sindh,Pakistan,,,,,
d3da71b1-6df2-5ae5-a429-749c7be58893,4731000292,node,amenity,bank,الائیڈ بینک لمیٹڈ,الائیڈ بینک لمیٹڈ,,,,OSM,,,24.8447629,66.9969897,Karachi,Sindh,Pakistan,,,الائیڈ بینک لمیٹڈ,,
336a3841-aa06-59bf-9c02-087db915fc12,4732918610,node,amenity,bank,Meezan Bank P.N.S.C Branch,,,,,OSM,,,24.8447261,66.9949673,Karachi,Sindh,Pakistan,,,,,
582b7a37-18c0-5d8e-ac70-8fe4e0df7a25,4732940718,node,amenity,bank,NIB,,,,,OSM,,,24.8441224,66.9930435,Karachi,Sindh,Pakistan,,,,MCB,
0f1577c4-3855-50b1-9626-6513d25d15df,5306005126,node,amenity,police,Naval Police Station,,,,,OSM,,,24.8447979,66.9960582,Karachi,Sindh,Pakistan,,,,,
4fc42d58-a6b5-56e4-8e17-da401c0da2f3,5306005128,node,amenity,bank,Advans Pakistan Microfinance Bank Lt,,,,,OSM,,,24.8452044,66.9962612,Karachi,Sindh,Pakistan,,,,,
dd384a76-c875-5a7e-93a2-4c7f55870c31,5494544296,node,amenity,bank,Stock Exchange,,,,,OSM,,,24.8476402,66.9977135,Karachi,Sindh,Pakistan,,,,,
0b5ac280-a768-5d06-ab8b-c32b3d823806,4734318290,node,amenity,bank,الائیڈ بینک لمیٹڈ,الائیڈ بینک لمیٹڈ,,,,OSM,,,24.8488621,66.9959043,Karachi,Sindh,Pakistan,,,الائیڈ بینک لمیٹڈ,,
b6e74ee9-51c7-5c05-9005-86bb485127bf,4734318291,node,amenity,atm,Allied Bank ATM,,,,,OSM,,,24.8486723,66.9959767,Karachi,Sindh,Pakistan,,,,,
a4265ded-0d0b-5756-bc84-fe272c4fc05d,4791991034,node,amenity,bank,HabibMetro Bank,,,,,OSM,,,24.8492403,66.9973604,Karachi,Sindh,Pakistan,,,,,
135d749f-38ac-5429-9340-e71ff21ef563,5142802053,node,amenity,bank,NBP Custom House Branch,,,,,OSM,,,24.8485232,66.9921268,Karachi,Sindh,Pakistan,,,,,
d2df47de-7366-50e3-b6c0-e903bcf2d5d1,4724172662,node,amenity,bank,State Bank of Pakistan,,,,,OSM,,,24.8488457,66.9995595,Karachi,Sindh,Pakistan,,,,,
fd1aaca6-ad47-5601-a73b-14bf7156e15c,4791991037,node,amenity,bank,BankIslami,,,,,OSM,,,24.8497687,66.9988516,Karachi,Sindh,Pakistan,,,,,
079b6bbd-6702-5b2d-be3b-40e929d28f77,4803891128,node,amenity,bank,Burj Bank,,,,,OSM,,,24.8490393,66.9989096,Karachi,Sindh,Pakistan,,,,,
aad11354-e495-597b-ae2e-3df1b956ee9e,4803891129,node,amenity,bank,BankIslami,,,,,OSM,,,24.8490893,66.999366,Karachi,Sindh,Pakistan,,,,,
43238557-855a-5063-af2a-53e042b6bef5,4803891130,node,amenity,bank,سمٹ بینک,سمٹ بینک,,,,OSM,,,24.8490627,66.9991701,Karachi,Sindh,Pakistan,,,سمٹ بینک,سمٹ بینک,
d8d07cca-c871-5874-85c5-92dd4bca58f8,4803891131,node,amenity,bank,NIB,,,,,OSM,,,24.8491499,66.9996906,Karachi,Sindh,Pakistan,,,,MCB,
6681dd90-69cf-57af-85ad-812872c32d8a,4803891139,node,amenity,bank,Bank of Pubjab (I I Chundrigar),,,,,OSM,,,24.8490314,66.9988109,Karachi,Sindh,Pakistan,,,,,
765c72df-9f92-56ec-80c5-4f38cbce4b3e,6496465128,node,amenity,bank,Emirates NBD,,,,,OSM,,,24.8486211,66.9976469,Karachi,Sindh,Pakistan,,,Emirates NBD,,
ae6172dd-b68b-5ec9-902e-2046916298f4,719067569,way,place,neighbourhood,Salehabad,,,,,OSM,,,24.8059797,66.9671046,Karachi,Sindh,Pakistan,,,,,
629b62f6-13f7-582e-aeb3-2eeccec68125,593845189,way,natural,water,,,,,,OSM,,,24.8247369,66.9389408,Karachi,Sindh,Pakistan,,,,,
c045b8ad-7612-5ed0-9111-b7d746429586,719076975,way,place,neighbourhood,Lalazar,,,,,OSM,,,24.8421654,66.9989142,Karachi,Sindh,Pakistan,,,,,
78e9f34c-6949-5834-bbce-17b3c90eafdb,524578055,way,leisure,park,,,,,,OSM,,,24.8211537,66.9869285,Karachi,Sindh,Pakistan,,,,,
69c674d2-0b05-5109-9f08-7003dc8f3d8c,721765588,way,healthcare,hospital,Karachi Port Trust Hospital,,,,,OSM,,,24.8268275,66.9812321,Karachi,Sindh,Pakistan,,,,,
17f00fe8-ef10-5d08-b2c9-c85fd763ad76,721765589,way,healthcare,hospital,Karwan-e-Hayat Hospital,,,,,OSM,,,24.8271524,66.9825642,Karachi,Sindh,Pakistan,,,,,
bd382c83-3e98-5870-ab6c-669a1a84115e,721765590,way,healthcare,hospital,Ziauddin Hospital - Keamari,,,,,OSM,,,24.8258552,66.982584,Karachi,Sindh,Pakistan,,,,,
81f0f944-cb1f-58a8-a67a-b10d4db42309,182386369,way,leisure,park,,,,,,OSM,,,24.8417438,67.0003676,Karachi,Sindh,Pakistan,,,,,
e1a7788c-d45a-5ddd-a0c6-c61776c07412,520341621,way,place,neighbourhood,لالہ زار,لالہ زار,,,,OSM,,,24.8428437,66.9970092,Karachi,Sindh,Pakistan,,,,,
8dd174e1-5075-54eb-a65f-2c936fc3f8a4,688499784,way,amenity,marketplace,Prawn & Crab Market,,,,,OSM,,,24.8477101,66.9765521,Karachi,Sindh,Pakistan,,,,,
f594a91d-4198-5a95-ab82-6ba22221758e,688499778,way,amenity,marketplace,Fish Market,,,,,OSM,,,24.8486117,66.9771268,Karachi,Sindh,Pakistan,,,,,
0457e3de-f20a-50d3-944e-38d1ded298fc,719076718,way,place,neighbourhood,کھڈا میمن,,,,,OSM,,,24.8546262,66.9919497,Karachi,Sindh,Pakistan,,,,,
873e1088-e3d4-56c1-a0eb-61216e9bfeb4,182281425,way,leisure,park,,,,,,OSM,,,24.8430567,66.9951719,Karachi,Sindh,Pakistan,,,,,
79f0bec1-0667-54e8-b414-468b3986ae4d,931309933,way,leisure,park,,,,,,OSM,,,24.842036,66.9995355,Karachi,Sindh,Pakistan,,,,,
914e63fb-16d2-5dc1-b27e-a944b645ca33,682046806,way,landuse,cemetery,,,,,,OSM,,,24.84803,66.9946863,Karachi,Sindh,Pakistan,,,,,
3013e70c-741d-5a44-b0a8-cec1a331fc91,692309183,way,amenity,marketplace,Motiwala Market,,,,,OSM,,,24.8499348,66.9973303,Karachi,Sindh,Pakistan,,,,,
0783d4e9-fea9-5cdb-bc4b-16e90fd24eba,787823118,way,leisure,park,Tower Park,,,,,OSM,,,24.8489779,66.9974532,Karachi,Sindh,Pakistan,,,,,
3954eff5-02cd-5e34-af4d-64a745103961,486560409,way,leisure,park,Maulana Muhammad Ali Jauhar Park,,,,,OSM,,,24.8496733,66.9954646,Karachi,Sindh,Pakistan,,,,,
6f856bb8-e8a5-51de-9687-1f6fa9390bfe,4776942995,node,place,neighbourhood,کھارادر,کھارادر,,,,OSM,کھارادر,,24.8500499,66.9943642,Karachi,Sindh,Pakistan,,,,,Q6843281
19a003ef-68e9-5387-a420-a63f58fbe97e,5232539122,node,healthcare,hospital,The Aga Khan Hospital for Women and Children Kharadar,,,,,OSM,,,24.8541229,66.9962819,Karachi,Sindh,Pakistan,,,,,
42ae3e0c-177f-5c91-9456-d98b6dde21a9,6199389473,node,amenity,bank,Muslim Commercial Bank,,,,,OSM,,,24.8505445,66.9940614,Karachi,Sindh,Pakistan,,,,,
54e9dc5a-a4bb-528b-8bc5-58a5a7116860,12168246140,node,healthcare,hospital,Kharadar General Hospital,,,,,OSM,,,24.8537397,66.9953653,Karachi,Sindh,Pakistan,,,,,
75a28a35-73f0-5813-92b1-5f43f8018441,12168257062,node,amenity,bank,Bank Al-Habib,,,,,OSM,,,24.8526456,66.9958444,Karachi,Sindh,Pakistan,,,,,
5fa446cc-a2d4-5b77-83fc-1eeadbe8181d,12168259218,node,healthcare,pharmacy,Star Medical,,,,,OSM,,,24.8532602,66.9955815,Karachi,Sindh,Pakistan,,,,,
32c79c9e-9971-57dd-b30c-b1ebba1afe83,12168273605,node,amenity,bank,Meezan Bank - Kharadar Branch,,,,,OSM,,,24.8525946,66.9956645,Karachi,Sindh,Pakistan,,,,,
53b58446-5244-52ec-aeee-e21fd728c129,12168294715,node,amenity,bank,Allied Bank Ltd. (ABL),,,,,OSM,,,24.853464,66.9957557,Karachi,Sindh,Pakistan,,,,,
1a0bdba5-c579-54d2-9a67-0ff5715942e6,12168605280,node,healthcare,hospital,Kutiyana Memon Hospital,,,,,OSM,,,24.8519738,66.9933917,Karachi,Sindh,Pakistan,,,,,
2d1ffa6a-e4b4-5bf3-9f02-ac77de807717,12168611616,node,amenity,marketplace,Machi miyani market,,,,,OSM,,,24.8513094,66.9936331,Karachi,Sindh,Pakistan,,,,,
ecf5e1ce-693a-547b-916a-1ffad82550e1,12168613864,node,healthcare,hospital,Naya Jeevan OPD Network,,,,,OSM,,,24.8519373,66.9936573,Karachi,Sindh,Pakistan,,,,,
bbbd0dc7-2514-5872-bea4-61d8cf63c752,4733996187,node,amenity,bank,میزان بینک,میزان بینک,,,,OSM,,,24.8513851,66.9980728,Karachi,Sindh,Pakistan,,,میزان بینک,,
f271af75-5e16-5a9b-87c9-c61f8f5dcc46,4733998025,node,amenity,bank,نیشنل بینک آف پاکستان,نیشنل بینک آف پاکستان,,,,OSM,,,24.8516614,66.998211,Karachi,Sindh,Pakistan,,,نیشنل بینک آف پاکستان,نیشنل بینک آف پاکستان,
4615a8e8-705a-523b-85ea-3708b279cb7d,4733999049,node,amenity,bank,Faysal Bank Cloth Market Branch,,,,,OSM,,,24.8515494,66.9982874,Karachi,Sindh,Pakistan,,,,,
f3bb8d08-7a2f-554b-bc4c-7b8711ec0843,4734002238,node,amenity,bank,Bank AlHabib Cloth Market Branch,,,,,OSM,,,24.8515383,66.9986374,Karachi,Sindh,Pakistan,,,,,
33ccde7d-8be3-5098-b3c3-419d4537f451,4734003541,node,amenity,bank,Bank Alfallah Cloth Market Branch,,,,,OSM,,,24.8507282,66.9981667,Karachi,Sindh,Pakistan,,,,,
d24ad9d9-654c-5f19-bb41-36a873743207,4734275692,node,amenity,marketplace,Kagzi Bazar,,,,,OSM,,,24.8542496,66.9992624,Karachi,Sindh,Pakistan,,,,,
4619c6a5-7a43-5548-9c7e-0604cc9713ac,4791991043,node,amenity,marketplace,Nadeem Cloth Market,,,,,OSM,,,24.8503083,66.9994586,Karachi,Sindh,Pakistan,,,,,
48cac914-2b9d-57eb-bb1b-12319b61e45a,5128010260,node,amenity,marketplace,Iqbal Cloth Market,,,,,OSM,,,24.8509236,66.9996866,Karachi,Sindh,Pakistan,,,,,
3a0fb535-0d87-5797-8414-8bc7118fdf46,5128010261,node,amenity,marketplace,Moin Cloth Market,,,,,OSM,,,24.8514006,66.9989624,Karachi,Sindh,Pakistan,,,,,
596b7bc9-2716-5fb3-8b33-4f0db5f2ac32,6519820497,node,amenity,marketplace,Jamil Cloth Market,,,,,OSM,,,24.8515036,66.9985131,Karachi,Sindh,Pakistan,,,,,
1e3071e1-11f3-5395-bb16-d55fbac41850,6784323584,node,place,neighbourhood,Bunder Quarter,,,,,OSM,,,24.8509132,66.998497,Karachi,Sindh,Pakistan,,,,,
eb582b90-8868-5add-9be9-23e27b1400af,7416121916,node,place,neighbourhood,Burmese Colony,,,,,OSM,,,24.8569215,66.9802659,Karachi,Sindh,Pakistan,,,,,
0d193927-4653-57dc-b909-3aade9879a16,5232539135,node,railway,station,Wazir Mansion Railway Station,,,,,OSM,وزیر مینشن ریلوے اسٹیشن,,24.8567918,66.9867717,Karachi,Sindh,Pakistan,,,,,Q18536650
00f1baa2-95c8-52ff-9954-1bc1a3a1da9e,8317331659,node,place,neighbourhood,Hingorabad,,,,,OSM,,,24.8646068,66.9881987,Karachi,Sindh,Pakistan,,,,,
3215eb6f-9bcf-5bde-899d-e780a099e12c,4785857335,node,amenity,police,Baghdadi Police Station,,,,,OSM,,,24.8596867,66.9951278,Karachi,Sindh,Pakistan,,,,,
44aaced1-03e4-561f-a3f1-a446bdd40869,4785857336,node,amenity,police,Kalri Police Station,,,,,OSM,,,24.8594903,66.9944095,Karachi,Sindh,Pakistan,,,,,
752a4bdb-f687-5dbb-9a28-5decf07a3ed5,5162601766,node,healthcare,hospital,Okhai Memon Complex,,,,,OSM,,,24.8584363,66.9923584,Karachi,Sindh,Pakistan,,,,,
6987afbf-ff5e-5be8-9ada-de5de2e260f9,5162828836,node,amenity,police,SSP City District Office,,,,,OSM,,,24.8592847,66.9952387,Karachi,Sindh,Pakistan,,,,,
b80fff43-8646-5170-80e2-c2ffded9326a,5162828837,node,healthcare,hospital,Masoomeen Hospital,,,,,OSM,,,24.8582164,66.995991,Karachi,Sindh,Pakistan,,,,,
e0f8a4ea-affc-5fb7-91de-8293e6dbd0f3,5162828838,node,healthcare,pharmacy,Chotani Medical,,,,,OSM,,,24.8579946,66.9958882,Karachi,Sindh,Pakistan,,,,,
217a69a2-e902-5589-b31e-221531fa1557,5232539129,node,amenity,bank,ایچ بی ایل پاکستان,ایچ بی ایل پاکستان,,,,OSM,,,24.8554445,66.9934754,Karachi,Sindh,Pakistan,,,ایچ بی ایل پاکستان,,
38ce8435-c656-512b-8d69-150a25c0963f,12170215078,node,healthcare,pharmacy,Mehran medical & general store nayabad,,,,,OSM,,,24.8598312,66.9913,Karachi,Sindh,Pakistan,,,,,
f5487c8f-d97d-523e-9014-a987554be7dd,12170227233,node,healthcare,pharmacy,Nasir Medical Store 2,,,,,OSM,,,24.8604384,66.990946,Karachi,Sindh,Pakistan,,,,,
34e8b8bc-8382-530c-a444-b42afa750b7e,12170234061,node,healthcare,clinic,Zainab Clinic,,,,,OSM,,,24.8605601,66.9911217,Karachi,Sindh,Pakistan,,,,,
0bf6a2ba-a1d3-5b87-94d2-d23c99f94202,5232538111,node,amenity,bank,MCB Bank Lee Market,,,,,OSM,,,24.8585846,66.9999392,Karachi,Sindh,Pakistan,,,,,
771e0bfa-6abd-5933-b399-5d367d8dc084,5232538112,node,amenity,bank,Sindh Bank Limited,,,,,OSM,,,24.8576351,66.9996957,Karachi,Sindh,Pakistan,,,,,
a936bd6a-8859-569a-94a2-9f67105422e0,6773441139,node,place,neighbourhood,Bantwa Gali,,,,,OSM,,,24.8583946,66.9995395,Karachi,Sindh,Pakistan,,,,,
e1f93b32-44ea-59a2-bbd9-d7ffce3a8e27,8317331648,node,place,neighbourhood,بصرہ کالونی,بصرہ کالونی,,,,OSM,,,24.8605462,66.9984205,Karachi,Sindh,Pakistan,,,,,
c81ea04f-3436-52fa-9be7-90e914f87446,5162828834,node,healthcare,hospital,Aga Khan Hospital for Women and Children,,,,,OSM,,,24.8649838,66.9912418,Karachi,Sindh,Pakistan,,,,,
0ef24a6b-0272-5eea-a138-8bc2198bdc0f,8317331647,node,place,neighbourhood,Saifi Lane,,,,,OSM,,,24.8626851,66.9940755,Karachi,Sindh,Pakistan,,,,,
463f3ff1-8dd3-5827-88bd-92603d8f3bab,5123962245,node,amenity,atm,UBL ATM - Chakiwara,,,,,OSM,,,24.8640252,66.9998632,Karachi,Sindh,Pakistan,,,,,
6b75dc8c-aa5f-5c18-9f10-efe24a3bd7d8,5123962246,node,amenity,bank,یونائیٹڈ بینک لمیٹڈ,یونائیٹڈ بینک لمیٹڈ,,,,OSM,,,24.8640033,66.9998753,Karachi,Sindh,Pakistan,,,یونائیٹڈ بینک لمیٹڈ,,
a94ef1c7-8ea7-5cd2-ba60-e486ff64d9d8,8317348124,node,place,neighbourhood,Sheedi Village,,,,,OSM,,,24.8631459,66.9992289,Karachi,Sindh,Pakistan,,,,,
9912fbae-9378-547c-980c-cd35dd4ce672,1428259216,node,amenity,atm,,,,,,OSM,,,24.8762528,66.9425524,Karachi,Sindh,Pakistan,,,,,
3374bb50-3559-5bb4-ba86-05880acc5683,4586834351,node,amenity,atm,ATM,,,,,OSM,,,24.876234,66.942508,Karachi,Sindh,Pakistan,,,,,
e8b939de-5d6b-5e12-9151-cb2c8c4753a0,1440050891,node,amenity,bank,ایچ بی ایل پاکستان,ایچ بی ایل پاکستان,,,,OSM,,,24.8832645,66.9501307,Karachi,Sindh,Pakistan,,,ایچ بی ایل پاکستان,,
860bea81-d539-5e9c-93e8-c599ef955d98,1440050940,node,amenity,bank,National Bank,,,,,OSM,,,24.8827779,66.950187,Karachi,Sindh,Pakistan,,,,,
f030936b-7631-567a-9dbb-99a32bfe650a,5091376953,node,amenity,bank,بينک الحبيب,بينک الحبيب,,,,OSM,,,24.8695432,66.95503,Karachi,Sindh,Pakistan,,,بينک الحبيب,,
4b3c5c92-09f6-5ebf-9b2f-430f92a2ecad,5091376954,node,amenity,bank,Faysal Bank,فیصل بینک,,,,OSM,,,24.870025,66.9532946,Karachi,Sindh,Pakistan,,,Faysal Bank,,
055944c4-f13e-5c75-b1f3-fd2353933a69,5091376955,node,amenity,bank,فیصل بینک,فیصل بینک,,,,OSM,,,24.8687985,66.9540215,Karachi,Sindh,Pakistan,,,فیصل بینک,,
3848de9d-889e-564a-8b3a-66230e93264f,5091373116,node,amenity,bank,جے ایس بینک,جے ایس بینک,,,,OSM,,,24.8722102,66.9611079,Karachi,Sindh,Pakistan,,,جے ایس بینک,جے ایس بینک,
c2aafea3-a324-55f9-aac6-1cd9e3625645,5091373117,node,amenity,bank,بینک الفلاح,بینک الفلاح,,,,OSM,,,24.8720302,66.9608719,Karachi,Sindh,Pakistan,,,بینک الفلاح,,
7b30783e-0ec9-56bc-a1f5-eb0bcad96952,5091377623,node,amenity,bank,ایچ بی ایل پاکستان,ایچ بی ایل پاکستان,,,,OSM,,,24.8706042,66.9593055,Karachi,Sindh,Pakistan,,,ایچ بی ایل پاکستان,,
509b9ca3-9173-5ce9-a549-dc0d2b3660f2,11930012111,node,amenity,police,Shershah Police Station,,,,,OSM,,,24.8724787,66.9735659,Karachi,Sindh,Pakistan,,,,,
0fd66e7f-abab-5183-a33c-50d02436d9df,7416125312,node,place,neighbourhood,Gulbai,,,,,OSM,,,24.8765871,66.969813,Karachi,Sindh,Pakistan,,,,,
e50cd50a-40c5-574c-87f8-c85834c4c890,8294625990,node,railway,station,بلدیہ,بلدیہ,,,,OSM,,,24.8744489,66.968959,Karachi,Sindh,Pakistan,,,,پاکستان ریلویز,
6a25de95-8737-5d0c-91bd-19177543edd5,1440065030,node,amenity,marketplace,SIF Market No 2,,,,,OSM,,,24.8847634,66.9560396,Karachi,Sindh,Pakistan,,,,,
67e0a62f-2208-5022-be93-c6c79be0ed01,5091080685,node,amenity,bank,Meezan House - Head Office,,,,,OSM,,,24.8811175,66.9730071,Karachi,Sindh,Pakistan,,,,,
a4754aa1-ed6e-5ae5-a9e0-8cabb57aae84,5091080689,node,amenity,police,Police Station S.I.T.E,,,,,OSM,,,24.8834748,66.9751511,Karachi,Sindh,Pakistan,,,,,
2954a351-8bc3-58cf-80d9-db34e6100873,8294625991,node,railway,station,شاہ عبداللطیف,شاہ عبداللطیف,,,,OSM,,,24.8829665,66.9726217,Karachi,Sindh,Pakistan,,,,پاکستان ریلویز,
81d9dab5-b3d0-5e36-acd7-e02ba2ca40f8,10269290609,node,amenity,bank,,,,,,OSM,,,24.8812146,66.9730118,Karachi,Sindh,Pakistan,,,,,
25b2f483-35d1-50ad-8575-6d5d0ae28512,4776898502,node,place,neighbourhood,آگرہ تاج کالونی,آگرہ تاج کالونی,,,,OSM,آگرہ تاج کالونی,,24.871593,66.9819781,Karachi,Sindh,Pakistan,,,,,Q4693683
473e74b7-5391-50f1-882b-d04453e8fee1,5232539143,node,healthcare,hospital,,,,,,OSM,,,24.8677222,66.9824578,Karachi,Sindh,Pakistan,,,,,
94d361e4-4e64-5583-bd2d-cf8c3ebf11e6,8294625989,node,railway,station,لیاری,لیاری,,,,OSM,,,24.8680359,66.9801817,Karachi,Sindh,Pakistan,,,,,
a83a06d2-759d-5567-907b-c80226bbf39d,8317218674,node,place,neighbourhood,Kutchi Colony,,,,,OSM,,,24.8694114,66.9859435,Karachi,Sindh,Pakistan,,,,,
9aeb8950-c23c-524d-b9b4-1736d2c8cfef,8317218679,node,place,neighbourhood,Mandra Para,,,,,OSM,,,24.8711347,66.9900168,Karachi,Sindh,Pakistan,,,,,
371012e6-b07c-5e60-b151-c14d9dbe2b94,8317218680,node,place,neighbourhood,Juna Kalri,,,,,OSM,,,24.8696003,66.989002,Karachi,Sindh,Pakistan,,,,,
4a21f6af-e876-5c36-8f88-d86e27c73e82,8317331641,node,place,neighbourhood,Hashmi Mohallah,,,,,OSM,,,24.8685394,66.9900311,Karachi,Sindh,Pakistan,,,,,
6984a4bd-ea90-5915-98b3-481a5b30f362,10687913374,node,healthcare,hospital,MALC Bihar Lyari Leprosy Centre,,,"Dermatology, Blindness, Leprosy, MCHC, Tubercolosis",,OSM,,,24.8722653,66.9852875,Karachi,Sindh,Pakistan,,,,MALC,
41bea4b9-4538-5ab5-a365-5ab592d42d4f,10137805817,node,amenity,police,Sindh rangers post,,,,,OSM,,,24.8762649,66.9884843,Karachi,Sindh,Pakistan,,,,,
ab7f266d-a29a-5042-b4ec-61cc3a0a0e5a,2508456096,node,place,neighbourhood,لیاری ٹاؤن,لیاری ٹاؤن,,,,OSM,,,24.8715361,66.9934732,Karachi,Sindh,Pakistan,,,,,
4de94ec8-c861-54c7-87be-4024f30f0cf9,6771187872,node,place,neighbourhood,گلستان کالونی,گلستان کالونی,,,,OSM,,,24.8735675,66.9912968,Karachi,Sindh,Pakistan,,,,,
25ce2edb-8b49-566a-8070-e799d3df0dde,8317218682,node,place,neighbourhood,Panjguri Mohallah,,,,,OSM,,,24.8704796,66.9909535,Karachi,Sindh,Pakistan,,,,,
ce9a7448-c1a7-5c20-b280-1d97395f47db,8317331646,node,place,neighbourhood,Idu Lane,,,,,OSM,,,24.8679336,66.9934038,Karachi,Sindh,Pakistan,,,,,
fd235369-651c-55dd-b595-ba048c75f288,8317367579,node,place,neighbourhood,معین آباد,معین آباد,,,,OSM,,,24.8712174,66.9968312,Karachi,Sindh,Pakistan,,,,,
2e4c7c9c-82d6-5674-a30c-c644f46640b8,8317367580,node,place,neighbourhood,ہزارہ کالونی,ہزارہ کالونی,,,,OSM,,,24.8730232,66.9934162,Karachi,Sindh,Pakistan,,,,,
ad682c7d-633b-5ef6-ac34-47fa5f85042e,8317367581,node,place,neighbourhood,گلستان کالونی,گلستان کالونی,,,,OSM,,,24.8755313,66.9912046,Karachi,Sindh,Pakistan,,,,,
1e98563b-1b53-5399-a6e8-7aef36e4ca2a,8317367591,node,place,neighbourhood,Lasi Muhallah,,,,,OSM,,,24.8769399,66.995574,Karachi,Sindh,Pakistan,,,,,
a39b04a4-c9f8-5b69-9e9a-2e9412cc4999,12227955295,node,landuse,cemetery,Shershah kabristan,,,,,OSM,,,24.8826215,66.9806024,Karachi,Sindh,Pakistan,,,,,
ee3fc6d4-58c7-59cf-b954-332f4e429be0,12227999867,node,landuse,cemetery,Sindhi Muslim Khatri Jamait (Regd) - Qabristan,,,,,OSM,,,24.8830141,66.9794266,Karachi,Sindh,Pakistan,,,,,
edc039db-b0db-5162-8a78-99b786ad8d1b,12228028795,node,landuse,cemetery,Shershah Cemetery,,,,,OSM,,,24.8823277,66.979203,Karachi,Sindh,Pakistan,,,,,
c72040c6-0e57-5735-9bae-8e39338c6bd0,12228054667,node,landuse,cemetery,Hingora Community Graveyard,,,,,OSM,,,24.882299,66.9830573,Karachi,Sindh,Pakistan,,,,,
7adc00dd-f9c9-557c-b1c2-95da36a39dc8,12228085220,node,landuse,cemetery,Jat jamat Moro Qabristan - جٹ جماعت مورو قبرستان,,,,,OSM,,,24.8823219,66.9818949,Karachi,Sindh,Pakistan,,,,,
6b9ba793-e0cf-5489-af5d-ef1e5b52a3ad,12228092120,node,healthcare,clinic,shaikh clinic,,,,,OSM,,,24.8836865,66.984474,Karachi,Sindh,Pakistan,,,,,
58b1e885-cbfa-5685-abda-6cca5c373513,12231198500,node,healthcare,pharmacy,Rehan medical store,,,,,OSM,,,24.8814194,66.9849792,Karachi,Sindh,Pakistan,,,,,
4d6f973d-da01-586f-a4a0-eb91fffc2068,12231230771,node,healthcare,pharmacy,Khalid Pharmacy,,,,,OSM,,,24.8808409,66.9867727,Karachi,Sindh,Pakistan,,,,,
04d65107-fc0f-56fc-beb3-d6982ba28472,12231268273,node,healthcare,hospital,عوامی چیری ٹیبل ھاسپٹل,,,,,OSM,,,24.8812449,66.9869726,Karachi,Sindh,Pakistan,,,,,
22450472-19ff-5a37-8acb-06b9837f3625,12243917199,node,amenity,bank,Habib Bank Ltd ATM,,,,,OSM,,,24.887106,66.9901303,Karachi,Sindh,Pakistan,,,,,
d8548e24-f3e3-5898-8418-783f23649a2c,12243948029,node,amenity,bank,United Bank Ltd (UBL) - یونائیٹڈ بینک لیمٹڈ (یو بی ایل),,,,,OSM,,,24.8871596,66.9900559,Karachi,Sindh,Pakistan,,,,,
61a3e70a-3be5-5375-b2fa-d3a51a6ea875,12244364713,node,healthcare,pharmacy,Pharmacy,,,,,OSM,,,24.8857096,66.9884585,Karachi,Sindh,Pakistan,,,,,
75f9fd66-8dad-5cbc-b4b0-f6936e494705,12244375614,node,healthcare,hospital,Shershah Arain Welfare Hospital,,,,,OSM,,,24.8853678,66.9890263,Karachi,Sindh,Pakistan,,,,,
93f3745c-751d-5258-811b-a2c79134bacb,12244413768,node,healthcare,hospital,A.R Dental Hospital,,,,,OSM,,,24.8844726,66.9865771,Karachi,Sindh,Pakistan,,,,,
67c571f0-e70c-5226-b393-71995dce9de7,12244436772,node,healthcare,pharmacy,Yousuf Medical Store,,,,,OSM,,,24.8850646,66.9869636,Karachi,Sindh,Pakistan,,,,,
75b7943f-a4f6-5d9d-9cfa-61be827a8822,5092080497,node,amenity,bank,ایچ بی ایل پاکستان,ایچ بی ایل پاکستان,,,,OSM,,,24.8899506,66.9836412,Karachi,Sindh,Pakistan,,,ایچ بی ایل پاکستان,,
695b4378-cba8-59d5-8c00-aadf8bb31c9a,12246300572,node,healthcare,pharmacy,Faiz Awam Dawakhana,,,,,OSM,,,24.8894001,66.9835196,Karachi,Sindh,Pakistan,,,,,
eabbbe8a-35dd-5892-8805-7cd5d1c12bf4,5092080504,node,amenity,bank,National Saving Center,,,,,OSM,,,24.8900385,66.9852611,Karachi,Sindh,Pakistan,,,,,
f3f28734-ef2f-5633-9a65-9996f73ca894,7416076113,node,place,neighbourhood,Haroonabad,,,,,OSM,,,24.8887626,66.9890112,Karachi,Sindh,Pakistan,,,,,
fb963316-8c26-5cd7-bcbb-59968a310a7b,12241561493,node,amenity,marketplace,Arham Mobile Market (ارحم موبائل مارکیٹ),,,,,OSM,,,24.8887449,66.9855281,Karachi,Sindh,Pakistan,,,,,
e5f2792c-dbdc-5b81-9dba-fffd990e32fb,12241653947,node,healthcare,pharmacy,Nagori Subhan Medical Store,,,,,OSM,,,24.8885966,66.985526,Karachi,Sindh,Pakistan,,,,,
c7a4e2c2-56bc-5981-b1ed-afae741daa7e,12241672592,node,healthcare,clinic,Al Qasim Specialist Clinic,,,,,OSM,,,24.8884562,66.9857897,Karachi,Sindh,Pakistan,,,,,
e3ef25f5-6aac-5b4a-a975-0773ad3864d0,12241766534,node,amenity,marketplace,Shershah Mobile Market شیرشاہ موبائل مارکیٹ,,,,,OSM,,,24.8891834,66.9859166,Karachi,Sindh,Pakistan,,,,,
cd2b79f7-e38a-57cd-b51b-9b160af1d93e,12241783164,node,healthcare,clinic,Khyber Clinic,,,,,OSM,,,24.8894876,66.9858624,Karachi,Sindh,Pakistan,,,,,
12ef6d85-e17a-5470-9af6-aa224b25810c,12243583965,node,amenity,bank,Bank Alfalah - Shershah Branch,,,,,OSM,,,24.8884173,66.988021,Karachi,Sindh,Pakistan,,,,,
15a471c0-d83a-55f1-886d-88e861c8ce46,12243631527,node,amenity,bank,Meezan Bank - Shershah Branch,,,,,OSM,,,24.8881392,66.9884748,Karachi,Sindh,Pakistan,,,,,
fa5a413b-324e-57d9-8a66-ad7a64dd9b3e,12243646726,node,amenity,bank,BBL,,,,,OSM,,,24.8881849,66.9883922,Karachi,Sindh,Pakistan,,,,,
ea602ff0-ace8-5466-9984-acfaf6998ded,12243652579,node,amenity,bank,Habib metropolitan Bank Shershah Branch,,,,,OSM,,,24.8882866,66.9882311,Karachi,Sindh,Pakistan,,,,,
1de403d0-8991-5988-99eb-cd98cee96817,12243923568,node,amenity,bank,Dubai Islami Bank Pakistan,,,,,OSM,,,24.8877984,66.9887189,Karachi,Sindh,Pakistan,,,,,
496f428f-8db0-53a5-836c-0df43a28f32a,12243937669,node,amenity,bank,Bank Alfalah Ltd Shershah Branch Islamic 5564,,,,,OSM,,,24.8874792,66.9896082,Karachi,Sindh,Pakistan,,,,,
aa8936f3-3324-56fe-a48c-ff2cfc702764,12243937670,node,amenity,bank,Sindh Bank - Shershah Branch (سندھ بینک - شیرشاہ برانچ),,,,,OSM,,,24.8875371,66.9895067,Karachi,Sindh,Pakistan,,,,,
2369cf98-7b9b-55c2-a9e4-33b56ef1165d,12246122200,node,amenity,marketplace,Achakzai market,,,,,OSM,,,24.8897323,66.9843734,Karachi,Sindh,Pakistan,,,,,
a9e47bfc-d03b-5eff-a066-363c8967388e,12246255187,node,healthcare,pharmacy,Elate Pharma,,,,,OSM,,,24.8882693,66.9844738,Karachi,Sindh,Pakistan,,,,,
b53de69d-88ca-5951-9ab8-3342a1b23a82,12246342751,node,healthcare,pharmacy,Nagori Pharmacy,,,,,OSM,,,24.8882635,66.9852233,Karachi,Sindh,Pakistan,,,,,
220e5fa3-d23f-5e44-bf35-dcd72f242b88,12246406338,node,healthcare,hospital,Faiz Ul Rehman hospital,,,,,OSM,,,24.8874899,66.984505,Karachi,Sindh,Pakistan,,,,,
4037124a-7983-54ac-9a54-8b84e18f5b83,12232025574,node,amenity,marketplace,Al-Qadir Market,,,,,OSM,,,24.8848855,66.9924505,Karachi,Sindh,Pakistan,,,,,
2b7b13c7-c229-56c6-a449-7f7d5b46746e,12232070789,node,amenity,marketplace,Burner Market,,,,,OSM,,,24.8844482,66.9944938,Karachi,Sindh,Pakistan,,,,,
96d48be0-655f-548b-9035-20d23b1d8436,12232074237,node,amenity,marketplace,Shershah Kabari Market,,,,,OSM,,,24.8839394,66.9928519,Karachi,Sindh,Pakistan,,,,,
d363a6a2-766e-5eb8-971a-7b08a0187a7e,12232137538,node,amenity,marketplace,Shershah Kabari Market (Biggest parts marker in asia),,,,,OSM,,,24.8843784,66.9942485,Karachi,Sindh,Pakistan,,,,,
633e614d-983c-5f96-9ed9-cb650fcdf4db,12232144031,node,amenity,marketplace,Ghousia Market۔ غوثیہ مارکیٹ,,,,,OSM,,,24.8843083,66.9940249,Karachi,Sindh,Pakistan,,,,,
162d5cd5-8a58-5e99-a7d4-5091879de731,12238858534,node,amenity,bank,Summit Bank LIMITED - سمِٹ بینک لمیٹڈ,,,,,OSM,,,24.8860324,66.9913989,Karachi,Sindh,Pakistan,,,,,
f113e011-389e-5491-8786-190e9615668a,12238862369,node,amenity,bank,Bank Al Falah Islamic Limited,,,,,OSM,,,24.8859455,66.9914483,Karachi,Sindh,Pakistan,,,,,
99d8c885-9a77-5fe4-b9e6-55e2c5a8ac5b,4776898503,node,place,neighbourhood,Shershah Village,,,,,OSM,Sher Shah (Karachi),,24.8848987,66.9975502,Karachi,Sindh,Pakistan,,,,,Q7494634
2a4bad21-bb7a-5f83-a25e-70456ae3db31,12238678673,node,amenity,bank,Bank Al-Habib,,,,,OSM,,,24.8898104,66.9950978,Karachi,Sindh,Pakistan,,,,,
7ee8db8b-04e6-5af1-94a9-b0874f1277c0,12224051835,node,healthcare,pharmacy,New Kashmir Medical Store,,,,,OSM,,,24.8978251,66.9779673,Karachi,Sindh,Pakistan,,,,,
9b7acab6-a5b3-5210-b425-352072830125,5092117915,node,amenity,bank,بینک اسلامی,بینک اسلامی,,,,OSM,,,24.8946526,66.9898294,Karachi,Sindh,Pakistan,,,بینک اسلامی,بینک اسلامی,
4b9869fb-ebc6-5481-ba07-986bdf76064f,5105346374,node,amenity,atm,,,,,,OSM,,,24.8946344,66.9895791,Karachi,Sindh,Pakistan,,,,Bank Islami,
455de6a0-9ead-5163-9280-a6d3a848f1a9,5336782581,node,railway,station,سندھ انڈسٹریل ٹریڈنگ اسٹیٹ,سندھ انڈسٹریل ٹریڈنگ اسٹیٹ,,,,OSM,,,24.8950805,66.9882904,Karachi,Sindh,Pakistan,,,,پاکستان ریلویز,
c248b2b8-8d25-50e5-b6c7-d3ea7009fb2b,12235168292,node,amenity,bank,Bank Alfalah (بینک الفلاح),,,,,OSM,,,24.8942953,66.9891402,Karachi,Sindh,Pakistan,,,,,
71a50c28-3c51-50f3-be78-934aadb7644f,12250544749,node,railway,station,S.I.T.E Station,,,,,OSM,,,24.894648,66.9872078,Karachi,Sindh,Pakistan,,,,,
076357da-6602-5c72-a0ee-f4bb90c86d91,8192412043,node,place,neighbourhood,Haroonabad,,,,,OSM,,,24.8956124,66.9957427,Karachi,Sindh,Pakistan,,,,,
f9a98e14-57ae-59d8-9736-130a37acd01c,12211162354,node,amenity,bank,MCB Bank - ایم سی بی بینک,,,,,OSM,,,24.8986653,66.9957968,Karachi,Sindh,Pakistan,,,,,
017ef47c-c4de-5ade-8a6c-4b59cba51986,12213473258,node,amenity,bank,Askari Bank,,,,,OSM,,,24.898177,66.995071,Karachi,Sindh,Pakistan,,,,,
b2aff93d-6306-5fa2-9cec-12f1b05b96e6,12213532114,node,healthcare,hospital,DR M.YIUSUF ARAIN,,,,,OSM,,,24.8963466,66.9953668,Karachi,Sindh,Pakistan,,,,,
49de423a-f44e-57dd-a263-d83410c0bb7e,12214229090,node,healthcare,clinic,Dr. Ali Clinic,,,,,OSM,,,24.8949298,66.9945846,Karachi,Sindh,Pakistan,,,,,
dc4be208-8d00-53e6-b63a-9cf7d4a9afa0,12237338169,node,healthcare,hospital,Samad clinic,,,,,OSM,,,24.8962938,66.997439,Karachi,Sindh,Pakistan,,,,,
87bcb7b6-a6ad-582c-9327-b1be95aa2083,12237389797,node,leisure,park,Childern Park,,,,,OSM,,,24.8954331,66.996931,Karachi,Sindh,Pakistan,,,,,
4f2c81e8-ee3d-5433-ae5a-d801bf6c12c9,1286169265,way,natural,water,,,,,,OSM,,,24.8596455,66.9363442,Karachi,Sindh,Pakistan,,,,,
5573ac87-c147-59c3-9318-3d4337c84931,1286494802,way,natural,water,,,,,,OSM,,,24.8632361,66.9378358,Karachi,Sindh,Pakistan,,,,,
a9877570-e7e1-509c-abd5-65706c3523cb,1286169256,way,natural,water,,,,,,OSM,,,24.8600248,66.9514193,Karachi,Sindh,Pakistan,,,,,
8c386594-fe26-59da-86ee-db634fe04484,1286169257,way,natural,water,,,,,,OSM,,,24.8614302,66.9510391,Karachi,Sindh,Pakistan,,,,,
0073cc4d-9efc-5b75-90b7-21f412159150,1286169260,way,natural,water,,,,,,OSM,,,24.8590839,66.9447661,Karachi,Sindh,Pakistan,,,,,
bbb85034-7ebe-5282-bafc-2ed61c4344ab,1286169261,way,natural,water,,,,,,OSM,,,24.8604727,66.9446104,Karachi,Sindh,Pakistan,,,,,
6249724d-6683-52c8-81f6-b6f54d63d5a0,1286169262,way,natural,water,,,,,,OSM,,,24.8619049,66.9444481,Karachi,Sindh,Pakistan,,,,,
e180d76e-def3-5274-b81d-635833685f41,1286169263,way,natural,water,,,,,,OSM,,,24.8633043,66.9443226,Karachi,Sindh,Pakistan,,,,,
abe81fda-75ae-58c1-a89e-f254356ba5f7,1286169258,way,natural,water,,,,,,OSM,,,24.8628449,66.9506529,Karachi,Sindh,Pakistan,,,,,
88504172-d5fe-57ce-9c3e-0b21a62119fa,1286169259,way,natural,water,,,,,,OSM,,,24.8642168,66.9502917,Karachi,Sindh,Pakistan,,,,,
dd78bcfd-0991-54db-8998-47b11bca256a,1286169252,way,natural,water,,,,,,OSM,,,24.8672475,66.9620594,Karachi,Sindh,Pakistan,,,,,
8e29fb71-e2f5-57d7-acfa-02653eff3688,1286169253,way,natural,water,,,,,,OSM,,,24.8663423,66.9631158,Karachi,Sindh,Pakistan,,,,,
f011ab7a-acec-5855-9bb9-f1daef3c7cfa,1286169255,way,natural,water,,,,,,OSM,,,24.8628087,66.9578786,Karachi,Sindh,Pakistan,,,,,
1439a5da-ef6c-533d-9c07-6725550d7594,1286169254,way,natural,water,,,,,,OSM,,,24.8639878,66.9569747,Karachi,Sindh,Pakistan,,,,,
bc7af6d2-668e-5312-938a-e99c5aea040e,719069395,way,place,neighbourhood,آگرہ تاج کالونی,آگرہ تاج کالونی,,,,OSM,آگرہ تاج کالونی,,24.8707679,66.9820509,Karachi,Sindh,Pakistan,,,,,Q4693683
30d158e5-c68c-55fe-be66-199928ee6d1a,443850201,way,leisure,park,,,,,,OSM,,,24.8543595,66.9842254,Karachi,Sindh,Pakistan,,,,,
07f3603d-8057-57eb-bf13-20aa068ccde0,682306646,way,healthcare,hospital,Aga Khan Maternity Home,,,,,OSM,,,24.8548454,66.9959827,Karachi,Sindh,Pakistan,,,,,
d784c103-c905-5b0e-b1e5-5142d9fb9ba1,682306648,way,healthcare,hospital,Kharadar General Hospital,,,,,OSM,,,24.8540289,66.9950535,Karachi,Sindh,Pakistan,,,,,
1a215277-febd-50fb-85db-c67dd085f095,692307507,way,tourism,museum,Wazir Mansion,,,,,OSM,,,24.8509893,66.9975254,Karachi,Sindh,Pakistan,,,,,
5489efd7-803d-50ab-bdbb-3a3e0beae44d,719059853,way,place,neighbourhood,میٹھادر,میٹھادر,,,,OSM,میٹھادر,,24.8534422,66.9987959,Karachi,Sindh,Pakistan,,,,,Q6881581
6fdc37d5-3c65-5aee-a161-41a78216847b,719069584,way,place,neighbourhood,موسی لین,موسی لین,,,,OSM,Moosa Lane,,24.8572957,66.9977739,Karachi,Sindh,Pakistan,,,,,Q6908524
014d7ec5-5a91-561f-9eb3-3a7526950237,682031702,way,leisure,park,Allah Rakha Park,,,,,OSM,,,24.8511575,66.9949471,Karachi,Sindh,Pakistan,,,,,
2175ebb5-2d2a-5f78-b194-67ac66f7157b,687687106,way,leisure,park,,,,,,OSM,,,24.851146,66.9968506,Karachi,Sindh,Pakistan,,,,,
122be641-bf68-5b1d-8020-e5f06c7de2ca,688520368,way,healthcare,clinic,Aga Khan Diagnostic Centre,,,,,OSM,,,24.8533394,66.9965191,Karachi,Sindh,Pakistan,,,,,
7298f96a-8f68-51cd-adf3-e430c969763f,694377350,way,amenity,police,Traffic Police Station Kharadar,,,,,OSM,,,24.8509762,66.9963923,Karachi,Sindh,Pakistan,,,,,
a7c32de3-be13-51c0-93fe-148813f40da0,931241696,way,amenity,police,Docks Police Station,,,,,OSM,,,24.8524665,66.9919655,Karachi,Sindh,Pakistan,,,,,
91974195-f22b-5dad-9bf4-131022739e78,692314359,way,amenity,marketplace,Thakur Laljee Laxmidas Cloth Market,,,,,OSM,,,24.8514341,66.9982539,Karachi,Sindh,Pakistan,,,,,
096242a9-319a-5bdc-aa60-a4cbe1e929df,692314361,way,amenity,marketplace,Ateeq Market,,,,,OSM,,,24.8515135,66.9980122,Karachi,Sindh,Pakistan,,,,,
cfd31177-5661-5aa7-ad3f-a5665bf0fbb8,692336375,way,amenity,marketplace,Allahwala Market,,,,,OSM,,,24.8514945,66.9991665,Karachi,Sindh,Pakistan,,,,,
53690ac3-5d65-5fc8-a32c-1d085c862a83,692336377,way,amenity,marketplace,Mehran Market,,,,,OSM,,,24.8514233,66.9988988,Karachi,Sindh,Pakistan,,,,,
61b544fe-4fe3-5f0e-a20f-282ad767c2f7,692336378,way,amenity,marketplace,Iqbal Market,,,,,OSM,,,24.8513549,66.9989611,Karachi,Sindh,Pakistan,,,,,
9832d5e9-f1fc-5f01-8d01-b9c622da5f19,692336380,way,amenity,marketplace,Faisal Market,,,,,OSM,,,24.8512753,66.9987047,Karachi,Sindh,Pakistan,,,,,
d47e5200-1921-5625-92b7-ae3a664eb707,692336385,way,amenity,marketplace,Miller's Market,,,,,OSM,,,24.8520818,67.0000307,Karachi,Sindh,Pakistan,,,,,
5965552c-f4d7-5a7e-8bd9-b975a880b951,692337072,way,amenity,marketplace,Aslam Cloth Market,,,,,OSM,,,24.8519446,66.9995294,Karachi,Sindh,Pakistan,,,,,
625c5d60-9c9e-58dc-86c1-bb9977d629da,692337073,way,amenity,marketplace,Bhatkal Cloth Market,,,,,OSM,,,24.8518031,66.9993156,Karachi,Sindh,Pakistan,,,,,
9ec89e36-0c03-5957-8851-a62128bafe9b,692337077,way,amenity,marketplace,Siraj Cloth Market,,,,,OSM,,,24.8516468,66.9987881,Karachi,Sindh,Pakistan,,,,,
03b650de-b790-5cd0-8510-22d9c53efbe9,692337078,way,amenity,marketplace,National Cloth,,,,,OSM,,,24.8517012,66.99898,Karachi,Sindh,Pakistan,,,,,
910f26d9-925f-5d6d-bca7-68fe15bc531c,720091469,way,place,neighbourhood,Ali Muhammad Mohalla,,,,,OSM,,,24.8670316,66.9904471,Karachi,Sindh,Pakistan,,,,,
71757dcf-0bf9-5cd0-8284-7fac3a5a3d00,721099915,way,healthcare,hospital,Benazir Shaheed ANF MATRC,,,,,OSM,,,24.8677497,66.9825042,Karachi,Sindh,Pakistan,,,,,
af5c37f0-4d87-5002-b20b-108bc6635227,721030431,way,leisure,park,Bagh-e-Lyari,,,,,OSM,,,24.8625724,66.9891456,Karachi,Sindh,Pakistan,,,,,
38f1b251-f9a4-5000-9634-0140025d4f77,682305148,way,amenity,police,Baghdadi Police Station,,,,,OSM,,,24.8597098,66.994694,Karachi,Sindh,Pakistan,,,,,
7308a158-5edd-5059-8927-cb1237da9c95,682306645,way,amenity,marketplace,Gosht Market,,,,,OSM,,,24.8553448,66.9969693,Karachi,Sindh,Pakistan,,,,,
3d6b4fee-8e61-50a7-9799-b73f14981764,722089128,way,place,neighbourhood,Bantwa Gali,,,,,OSM,,,24.858389,66.9994712,Karachi,Sindh,Pakistan,,,,,
f023ac51-18a7-5681-a9fa-595d9f826769,719069649,way,place,neighbourhood,Miranpir,,,,,OSM,,,24.8586815,66.9974468,Karachi,Sindh,Pakistan,,,,,
0d320a89-a924-57d8-b210-6b59014643b7,719069650,way,place,neighbourhood,بغدادی,بغدادی,,,,OSM,,,24.8619288,66.9961208,Karachi,Sindh,Pakistan,,,,,
98098078-14e1-50f3-94bc-bed5a12ef49c,720041501,way,place,neighbourhood,گل محمد لین,گل محمد لین,,,,OSM,,,24.8673209,66.9975605,Karachi,Sindh,Pakistan,,,,,
035970ae-a1dd-5755-b7f2-1f83cad366a4,722065596,way,place,neighbourhood,چاکیواڑا,چاکیواڑا,,,,OSM,,,24.8699427,67.0001927,Karachi,Sindh,Pakistan,,,,,
e76d0ed8-83fb-5781-a82b-19802f612230,687674173,way,leisure,park,Bakhtawar Park,,,,,OSM,,,24.8664933,66.9996232,Karachi,Sindh,Pakistan,,,,,
54fc6562-c456-5ffb-a743-54a08ace6a22,129454309,way,leisure,park,,,,,,OSM,,,24.8746274,66.9439889,Karachi,Sindh,Pakistan,,,,,
40b67990-deb2-5611-81d6-a9f1ca26f8d8,593787186,way,natural,water,,,,,,OSM,,,24.8758785,66.9461121,Karachi,Sindh,Pakistan,,,,,
de24095a-5655-56ef-91a7-1d7bd6e6b1cb,449595922,way,leisure,park,,,,,,OSM,,,24.8683027,66.9746583,Karachi,Sindh,Pakistan,,,,,
0edb8317-c027-5d79-8d62-7f70c927f165,130848139,way,leisure,park,Airman Park,,,,,OSM,,,24.8814774,66.9554471,Karachi,Sindh,Pakistan,,,,,
acc49378-8046-5734-b8c9-46d158dd21de,406883641,way,landuse,cemetery,"Shuhdaa Graveyard - Alam, Khurram",,,,,OSM,,,24.8907729,66.9558266,Karachi,Sindh,Pakistan,,,,,
e425d69c-c19a-5524-8f55-d07b9fe0ce37,204509483,way,leisure,park,دہلی پارک,دہلی پارک,,,,OSM,,,24.871812,66.9802509,Karachi,Sindh,Pakistan,,,,,
055f7361-ea56-53fa-95cf-5c1e19ed41ed,678835664,way,leisure,park,عید گاہ پارک,عید گاہ پارک,,,,OSM,,,24.8732618,66.9871111,Karachi,Sindh,Pakistan,,,,,
94f5d18c-ac5b-559c-83a4-f0fe5e1e3118,682317059,way,leisure,park,صابری پارک,صابری پارک,,,,OSM,,,24.8760502,66.9909413,Karachi,Sindh,Pakistan,,,,,
61b8ee0c-e70a-5c04-831b-d19547b26aed,719113423,way,place,neighbourhood,رنگی واڑہ,رنگی واڑہ,,,,OSM,,,24.8749758,66.9929761,Karachi,Sindh,Pakistan,,,,,
305e2e6e-d4da-50a5-8fb2-8a661f6ad632,243439449,way,leisure,park,Moulvi Usman Park,,,,,OSM,,,24.8688635,66.9958253,Karachi,Sindh,Pakistan,,,,,
821f05ff-6e9c-5d86-9d26-f8d44d1ede80,682317055,way,healthcare,hospital,لیاری جنرل ہسپتال,لیاری جنرل ہسپتال,,,,OSM,,,24.8715006,66.9938364,Karachi,Sindh,Pakistan,,,,,
5fea718c-0918-5910-afa2-4809b0698dd8,682317057,way,leisure,park,Sheikh Hayat Park,,,,,OSM,,,24.8723759,66.9934653,Karachi,Sindh,Pakistan,,,,,
31c368d9-1212-5d9d-8232-e1bc09c7fcd4,722066413,way,place,neighbourhood,سعید آباد,سعید آباد,,,,OSM,,,24.8774292,66.9996814,Karachi,Sindh,Pakistan,,,,,
1776903c-7fc4-5cbb-ad1b-59d8915ee26d,682317058,way,leisure,park,مدینہ پارک,مدینہ پارک,,,,OSM,,,24.876079,66.9933972,Karachi,Sindh,Pakistan,,,,,
e848cef8-5adc-58ff-a364-ff30144008c5,721101880,way,leisure,park,المدینہ پارک,المدینہ پارک,,,,OSM,,,24.8753653,66.9946709,Karachi,Sindh,Pakistan,,,,,
d223ce4f-baca-5d87-a738-61db6cdbfde7,12906450,relation,natural,water,,,,,,OSM,,,24.8683681,66.9728638,Karachi,Sindh,Pakistan,,,,,
c500d8e0-c11d-5e2d-af26-02b29f85a422,12905969,relation,natural,water,,,,,,OSM,,,24.8762374,66.99682,Karachi,Sindh,Pakistan,,,,,
53e3869a-7402-53d2-99b3-34413f543864,5336782561,node,healthcare,hospital,Ameena Yousu Hospital,,,,,OSM,,,24.9003721,66.9693586,Karachi,Sindh,Pakistan,,,,,
692de41c-a955-5c19-a1b1-dfe577bb54b5,5336782553,node,amenity,police,Baldia Police Station,,,,,OSM,,,24.9037438,66.9672856,Karachi,Sindh,Pakistan,,,,,
0e302981-79f8-5520-91ae-20ba422d0abf,7416096975,node,place,neighbourhood,دہلی کالونی,دہلی کالونی,,,,OSM,,,24.9024605,66.9696614,Karachi,Sindh,Pakistan,,,,,
a586ef98-d0c6-510f-95b3-dddcf78ca620,12218146049,node,healthcare,pharmacy,Martin Dow Marker,,,,,OSM,,,24.90343,66.9762897,Karachi,Sindh,Pakistan,,,,,
e2538730-0e20-518d-b71d-e6f481c81843,7416096973,node,place,neighbourhood,سوات کالونی,سوات کالونی,,,,OSM,,,24.9122576,66.9578909,Karachi,Sindh,Pakistan,,,,,
e5ad61fa-99e0-5e7f-a006-ee9feee7ee4e,12289752537,node,healthcare,pharmacy,Govt Urdu Boys Primary School,,,,,OSM,,,24.9115991,66.9580277,Karachi,Sindh,Pakistan,,,,,
0415c287-c451-5fcd-b6d4-6706f615b4c6,12289862191,node,healthcare,hospital,KAHALID MATERNITY CENTER,,,,,OSM,,,24.9128769,66.9571485,Karachi,Sindh,Pakistan,,,,,
568ae879-d2ca-5db5-9c65-3fcbc084f0ac,4608981489,node,place,neighbourhood,مدینہ کالونی,مدینہ کالونی,,,,OSM,,,24.9123079,66.9641571,Karachi,Sindh,Pakistan,,,,,
c68c253a-526e-5375-b899-83fe42414da2,7416096974,node,place,neighbourhood,مہاجر کیمپ,مہاجر کیمپ,,,,OSM,,,24.9075095,66.9638897,Karachi,Sindh,Pakistan,,,,,
489b0387-92fc-5749-92c8-f85fdb56d2ec,12293367949,node,healthcare,pharmacy,Public Pharmacy,,,,,OSM,,,24.9101537,66.9592336,Karachi,Sindh,Pakistan,,,,,
120c4425-5e78-5fd8-986b-5c3c86427607,12293371610,node,healthcare,hospital,Public Healthcare Center (Salman Brothers),,,,,OSM,,,24.9101019,66.9593804,Karachi,Sindh,Pakistan,,,,,
e8868ce6-c5fa-5089-91f1-d41e37ab6836,12293382972,node,healthcare,pharmacy,Barkat Pharmacy,,,,,OSM,,,24.9105876,66.9605007,Karachi,Sindh,Pakistan,,,,,
11d9e298-3786-568c-bd45-c66c6aad7074,4777338449,node,place,neighbourhood,سوات کالونی,سوات کالونی,,,,OSM,,,24.9140931,66.9551755,Karachi,Sindh,Pakistan,,,,,
c70439a9-ca52-5ed0-aa08-11aee44eee2f,12284905219,node,leisure,park,DAD memorial play ground,,,,,OSM,,,24.9137972,66.9531218,Karachi,Sindh,Pakistan,,,,,
1eb4cda5-3658-514f-8152-85bc0d7a8090,12284949524,node,amenity,police,Traffic police,,,,,OSM,,,24.9140228,66.9526907,Karachi,Sindh,Pakistan,,,,,
cf2b0fbc-9fb0-5aca-9112-f27be81f78c4,12287798427,node,healthcare,hospital,Al Rehmat Hospital,,,,,OSM,,,24.9142766,66.9577417,Karachi,Sindh,Pakistan,,,,,
45eb6c7c-a5bc-5e30-9359-11fa49c6561d,12287844929,node,healthcare,pharmacy,Mumtaz Khasmiri Medical Store,,,,,OSM,,,24.914238,66.9579424,Karachi,Sindh,Pakistan,,,,,
62e042a1-1a0c-5a4a-acdd-b1e051fbaf46,12287866215,node,healthcare,hospital,Al Sadat Hospital,,,,,OSM,,,24.9141737,66.9579246,Karachi,Sindh,Pakistan,,,,,
f088348a-525b-5981-9583-bc36188715ba,12258702062,node,healthcare,clinic,Biamillah Homeo Clinic Sec A3 Karachi,,,,,OSM,,,24.9194087,66.9640203,Karachi,Sindh,Pakistan,,,,,
917f4576-71fa-5f72-b48f-80d7fb39fd6b,12258770472,node,amenity,bank,United Bank Limited,,,,,OSM,,,24.91946,66.9639959,Karachi,Sindh,Pakistan,,,,,
f60ed470-b27d-5db8-a3ba-56268bdd839c,12258775638,node,healthcare,hospital,Dr Farzana Lab,,,,,OSM,,,24.9196414,66.9641791,Karachi,Sindh,Pakistan,,,,,
19c7e13c-a5a5-584b-9623-28c65abeb318,12260732558,node,amenity,bank,Summit Bank Branch Code 1-2-21,,,,,OSM,,,24.9180351,66.9616802,Karachi,Sindh,Pakistan,,,,,
1b971246-e364-578d-b05b-669567393d88,12260780531,node,amenity,bank,Habib Metro Bank,,,,,OSM,,,24.9183877,66.9614711,Karachi,Sindh,Pakistan,,,,,
6d5f1464-db64-5833-9ab6-e9bde99cad8c,12260876960,node,healthcare,pharmacy,Hassaan medical and general store,,,,,OSM,,,24.9175003,66.9606377,Karachi,Sindh,Pakistan,,,,,
f616a63f-caf6-5c8d-a912-aaf49a5014fe,12260900340,node,healthcare,pharmacy,Alam & Sons Medical Store,,,,,OSM,,,24.9170845,66.9615854,Karachi,Sindh,Pakistan,,,,,
aac8a400-e737-50b8-bca7-9fe3dd9a5c85,12260907588,node,healthcare,pharmacy,jawad daiper,,,,,OSM,,,24.9169379,66.9612761,Karachi,Sindh,Pakistan,,,,,
c960f617-6263-59d4-9fb0-150795f48d42,12260921120,node,healthcare,pharmacy,24 Market Pharmacy Store,,,,,OSM,,,24.9170844,66.9622348,Karachi,Sindh,Pakistan,,,,,
6dbf1c49-fa6f-5b86-8c8b-ca863cfaae5e,12260933724,node,healthcare,pharmacy,Alam Brothers Medical And Cosmetics,,,,,OSM,,,24.9164689,66.9625258,Karachi,Sindh,Pakistan,,,,,
fb9a05d4-576b-5b85-bac9-c3c84b215ce8,12269331862,node,healthcare,hospital,qazi children hospital,,,,,OSM,,,24.9182486,66.964428,Karachi,Sindh,Pakistan,,,,,
86cc2b22-60ba-53d9-9592-13599e9f9ebb,12269377150,node,healthcare,hospital,KhanQah Mulana abdul tawab shamzai,,,,,OSM,,,24.9178517,66.9629669,Karachi,Sindh,Pakistan,,,,,
082b66de-8029-5f7f-aab8-e91ccfbc3e6f,12269417763,node,healthcare,pharmacy,Yousuf Pharmacy,,,,,OSM,,,24.9172393,66.9638262,Karachi,Sindh,Pakistan,,,,,
722f517d-6a33-5b74-a13f-dd241bf60076,12272961773,node,leisure,park,Kids paradise,,,,,OSM,,,24.9156678,66.9641954,Karachi,Sindh,Pakistan,,,,,
92734c55-3e16-5cf0-85dc-667ada235772,12273011304,node,healthcare,clinic,Doctor Liaqat Clinic (Child Specialist),,,,,OSM,,,24.9156157,66.9641764,Karachi,Sindh,Pakistan,,,,,
2dc93463-80d7-59b1-bde0-9b2dba96c2cc,12278453975,node,amenity,bank,Telenor microfinance bank,,,,,OSM,,,24.9150218,66.963864,Karachi,Sindh,Pakistan,,,,,
4087d3a2-5b0f-5528-aae9-17bb1d0c5c1d,12278453976,node,healthcare,hospital,ibraheem welfare,,,,,OSM,,,24.914825,66.9640222,Karachi,Sindh,Pakistan,,,,,
e4ec32bb-2ae6-5aec-8dd3-4e7a24b47339,12278453977,node,healthcare,hospital,Luqman Eye Clinic (LEC),,,,,OSM,,,24.9149417,66.9642347,Karachi,Sindh,Pakistan,,,,,
1587377d-192c-5a6f-b86d-6fb3050b05b2,12278489548,node,healthcare,pharmacy,Karachi Medicine House,,,,,OSM,,,24.9155294,66.9636868,Karachi,Sindh,Pakistan,,,,,
2501ab04-d8b0-589e-9aca-10d2d5eee2bd,12278496829,node,amenity,bank,Meezan Bank - Saeedabad Baldia Town Branch,,,,,OSM,,,24.915633,66.9635011,Karachi,Sindh,Pakistan,,,,,
0bd22388-fc60-552c-b829-77f331458e54,12281152877,node,amenity,bank,Allied Bank Ltd. (ABL),,,,,OSM,,,24.91479,66.9636659,Karachi,Sindh,Pakistan,,,,,
8467aafc-98ea-58ac-95c0-e7d4dbf26d65,12281170590,node,amenity,bank,National Bank of Pakistan (NBP),,,,,OSM,,,24.9149739,66.9635541,Karachi,Sindh,Pakistan,,,,,
201776bc-c8b5-5627-b7d5-633d25f334b2,12281643676,node,healthcare,pharmacy,Owais Medical & General Store,,,,,OSM,,,24.9162548,66.9601462,Karachi,Sindh,Pakistan,,,,,
75099ef7-3694-5979-9de8-c88cefb79f12,12285004084,node,healthcare,hospital,human shelter rescue welfare org,,,,,OSM,,,24.9166111,66.9592671,Karachi,Sindh,Pakistan,,,,,
eadd3085-911a-50fb-8f21-88175d8a370b,12287545805,node,healthcare,clinic,hijama Clinic Honey centre,,,,,OSM,,,24.9163237,66.9606913,Karachi,Sindh,Pakistan,,,,,
31c0d234-2f95-5cd6-9374-def2faeda665,12287578469,node,healthcare,pharmacy,NOVA TEA COMPANY,,,,,OSM,,,24.915601,66.9606675,Karachi,Sindh,Pakistan,,,,,
b4c99c4b-f9be-524d-9e4e-c42ac384e7eb,7416096976,node,place,neighbourhood,ترک کالونی,ترک کالونی,,,,OSM,,,24.9124815,66.969854,Karachi,Sindh,Pakistan,,,,,
ee410e6b-f63f-54c0-8b61-b27ed2a65a34,5130080839,node,amenity,bank,The First Micro Finance Bank,,,,,OSM,,,24.9128495,66.9738832,Karachi,Sindh,Pakistan,,,,,
24d4088d-920a-5584-b280-00e0a84e01bd,12205398836,node,healthcare,hospital,Ahmed Ibrahim Welfare Eye Hospital,,,,,OSM,,,24.9132279,66.9719247,Karachi,Sindh,Pakistan,,,,,
7f1d38d3-6434-5697-a38c-b394ec8a3ab9,10688735635,node,healthcare,hospital,MALC Baldia Leprosy Centre,,,"Dermatology, Blindness, Leprosy, MCHC, Tubercolosis",,OSM,,,24.9149166,66.9661722,Karachi,Sindh,Pakistan,,,,MALC,
5d0bfbef-e62a-5018-8945-a0a900f44e84,12207065926,node,healthcare,pharmacy,My Medicos,,,,,OSM,,,24.916356,66.9704889,Karachi,Sindh,Pakistan,,,,,
eb953c13-b392-5c90-8329-00999cdc265d,12207082704,node,healthcare,pharmacy,Shakeel Medical,,,,,OSM,,,24.9184668,66.9690437,Karachi,Sindh,Pakistan,,,,,
08109b8f-673e-5994-9af4-d5c6abf54640,12273177715,node,healthcare,pharmacy,New moon medicos,,,,,OSM,,,24.9154987,66.9658955,Karachi,Sindh,Pakistan,,,,,
60585e71-c32d-5f68-8b5a-6ae3e7fdd9a3,12273319107,node,healthcare,pharmacy,al shifa labe,,,,,OSM,,,24.9157482,66.9661253,Karachi,Sindh,Pakistan,,,,,
03205524-7123-5797-8a4d-95c99fcd84cf,12273323389,node,healthcare,hospital,Talha AWAN Children Hospital,,,,,OSM,,,24.9160774,66.9662824,Karachi,Sindh,Pakistan,,,,,
80bf7821-775e-5245-ac68-38508d36187b,12273349399,node,healthcare,hospital,Karachi Childern Hospital,,,,,OSM,,,24.9162595,66.9666915,Karachi,Sindh,Pakistan,,,,,
985d0514-98b3-579c-a95d-40af9bb8ed45,12276473855,node,amenity,marketplace,GILANI MARKET,,,,,OSM,,,24.9179593,66.969972,Karachi,Sindh,Pakistan,,,,,
caf588af-a028-5b91-8300-57177c279d6b,12278107970,node,healthcare,hospital,Noor Medical Centre,,,,,OSM,,,24.9197717,66.9707337,Karachi,Sindh,Pakistan,,,,,
6f418284-86b9-5f1c-982a-0a4e1169491c,12278334126,node,leisure,park,Sector A-3 Park,,,,,OSM,,,24.9182984,66.9669458,Karachi,Sindh,Pakistan,,,,,
04312e78-8983-5e14-b283-fa27d96afa9e,12278336686,node,healthcare,hospital,Patni Diganostic Center,,,,,OSM,,,24.9185127,66.9662241,Karachi,Sindh,Pakistan,,,,,
95c2c7da-1282-55cd-973c-3e6f65a05f1b,12278338158,node,healthcare,pharmacy,K & H Pharmacy,,,,,OSM,,,24.9167062,66.9657339,Karachi,Sindh,Pakistan,,,,,
6ebc40ce-53f4-5812-b39b-7d7fd75ffdd9,12278445362,node,healthcare,hospital,ibne sina hospital,,,,,OSM,,,24.9161575,66.9660979,Karachi,Sindh,Pakistan,,,,,
31c4eadb-a1c9-5a73-bb3e-79c3dcb9af35,12205324534,node,healthcare,hospital,K.K Hospital,,,,,OSM,,,24.9148999,66.9765719,Karachi,Sindh,Pakistan,,,,,
7403e37e-1b8a-5d41-9f02-81ab6af5759c,12205333980,node,healthcare,hospital,Khan Hospital,,,,,OSM,,,24.9164774,66.9747428,Karachi,Sindh,Pakistan,,,,,
17f4efd2-0077-5f93-894e-5b4e88295735,12205376067,node,healthcare,clinic,SINA Baldia Clinic,,,,,OSM,,,24.9153159,66.9741179,Karachi,Sindh,Pakistan,,,,,
c40700b2-5d5b-5618-9b4a-ab27faf801a2,12205407700,node,healthcare,pharmacy,Siraj Dawakhana,,,,,OSM,,,24.9135901,66.9721573,Karachi,Sindh,Pakistan,,,,,
fefce1f5-8c9d-5900-b971-25f74becb023,12207025597,node,healthcare,hospital,Ayesha ultrasound & medical clinic,,,,,OSM,,,24.9141691,66.9714626,Karachi,Sindh,Pakistan,,,,,
0226ed39-5232-5f82-9ead-a2f418e912fb,12276876688,node,healthcare,pharmacy,Sadique medical store,,,,,OSM,,,24.9184555,66.9717084,Karachi,Sindh,Pakistan,,,,,
e13d7870-5bf2-5224-8134-33dde50f6baf,12217426995,node,leisure,park,Labour Square Mini Park لیبر اسکوائر منی پارک,,,,,OSM,,,24.9043422,66.9835094,Karachi,Sindh,Pakistan,,,,,
74be5b9d-d68c-53ca-b6c4-787d34b72f9c,12217883001,node,healthcare,pharmacy,Associated Weavers,,,,,OSM,,,24.9065042,66.9783332,Karachi,Sindh,Pakistan,,,,,
89cb522f-16ab-5f3a-8227-b0a3539edec4,12221928139,node,amenity,bank,Habib matropolitan bank,,,,,OSM,,,24.9056228,66.9817999,Karachi,Sindh,Pakistan,,,,,
5492f754-6296-57d6-aeab-1f031b86c947,12216398850,node,healthcare,pharmacy,Creative Sign,,,,,OSM,,,24.9029391,66.9897496,Karachi,Sindh,Pakistan,,,,,
5b78a859-899e-56bf-90dd-abec0b912dcf,12211152435,node,leisure,park,Corner Park,,,,,OSM,,,24.900036,66.9961528,Karachi,Sindh,Pakistan,,,,,
76d2df71-fd91-52e2-95f6-df69ce43b2ae,5092152420,node,amenity,bank,ایم سی بی بینک,ایم سی بی بینک,,,,OSM,,,24.9003035,66.9982097,Karachi,Sindh,Pakistan,,,ایم سی بی بینک,,
7f346ae9-eeb3-52b9-a888-7a9fde6b2489,3500533704,node,amenity,atm,Meezan Bank Limited,,,,,OSM,,,24.906664,66.9973634,Karachi,Sindh,Pakistan,,,,Meezan Bank Limited,
1da23caf-72eb-513e-a9b3-1934430be292,4785775169,node,amenity,police,SITE Police Station,,,,,OSM,,,24.9068299,66.9968733,Karachi,Sindh,Pakistan,,,,,
cb1f9d91-bb7f-50a8-9af2-8fe49f4767b0,5093055681,node,amenity,bank,الائیڈ بینک لمیٹڈ,الائیڈ بینک لمیٹڈ,,,,OSM,,,24.9062412,66.9959972,Karachi,Sindh,Pakistan,,,الائیڈ بینک لمیٹڈ,,
9fa6b64b-bb60-574d-81de-4af7ba011f2f,5093055682,node,amenity,bank,فیصل بینک,فیصل بینک,,,,OSM,,,24.9063191,66.9960167,Karachi,Sindh,Pakistan,,,فیصل بینک,,
bbc18826-ddfb-575b-a416-2125020d2f2a,5093055685,node,amenity,bank,میزان بینک,میزان بینک,,,,OSM,,,24.9063818,66.9966209,Karachi,Sindh,Pakistan,,,میزان بینک,,
ce4bb0d5-17e1-5497-b126-42e91c0eecf2,5105346372,node,amenity,atm,,,,,,OSM,,,24.9066621,66.9973099,Karachi,Sindh,Pakistan,,,,Meezan Bank,
8fce1b72-df94-5240-978a-a3259fee3a3f,5105346373,node,amenity,atm,,,,,,OSM,,,24.9063872,66.9966688,Karachi,Sindh,Pakistan,,,,Meezan bank,
f9336403-fc2a-54ff-8ef3-e74e65f885c1,12211156996,node,healthcare,pharmacy,Pfizer Pakistan,,,,,OSM,,,24.9005524,66.9952332,Karachi,Sindh,Pakistan,,,,,
79c523b6-572d-5fa3-a2d3-0a7b0df452b8,7409124805,node,amenity,police,Azizabad Police Chowki,,,,,OSM,,,24.9164682,66.9804081,Karachi,Sindh,Pakistan,,,,,
55da2334-16e1-5174-8757-8d25ab56a74f,12205227298,node,healthcare,pharmacy,Government dispensary,,,,,OSM,,,24.9180525,66.9805215,Karachi,Sindh,Pakistan,,,,,
27e843ee-da72-5962-b062-94da268632c1,12205233642,node,healthcare,pharmacy,Zanjabeela Medical Store,,,,,OSM,,,24.9188805,66.9810336,Karachi,Sindh,Pakistan,,,,,
85795ae5-7c3a-50fc-87d4-c5b2a453b272,12202131277,node,healthcare,hospital,Anwar Medical,,,,,OSM,,,24.9189099,66.989043,Karachi,Sindh,Pakistan,,,,,
22753d7d-0f8e-567c-8517-2da3d825ec5d,12202168809,node,healthcare,hospital,Zia Medical Zia colony SITE,,,,,OSM,,,24.918577,66.9881863,Karachi,Sindh,Pakistan,,,,,
460bafaf-3b36-5c9b-97e5-09e207ef8afe,12202056746,node,healthcare,hospital,Memon medical center,,,,,OSM,,,24.9195261,66.9961388,Karachi,Sindh,Pakistan,,,,,
dec1d079-43fa-54ca-a3df-70a774700a5f,5119465032,node,healthcare,hospital,سینا ہسپتال,سینا ہسپتال,,,,OSM,,,24.9205407,66.9360109,Karachi,Sindh,Pakistan,,,,,
342bfee3-d38f-5b04-862c-8f605d1f4d88,5119465022,node,amenity,police,Saeedabad Police Station,,,,,OSM,,,24.9206902,66.9472315,Karachi,Sindh,Pakistan,,,,,
1d22c150-2db1-510e-b607-0af6c5f4b577,5311735172,node,healthcare,hospital,Zara Clinic & Maternity Home,,,,,OSM,,,24.9454022,66.9367357,Karachi,Sindh,Pakistan,,,,,
92f4f037-b337-5be5-bd5b-160e524b8108,5311735174,node,amenity,bank,میزان بینک,میزان بینک,,,,OSM,,,24.943617,66.934331,Karachi,Sindh,Pakistan,,,میزان بینک,,
21a91f02-2e1f-5307-b9f3-f4d52472c36a,5311735191,node,amenity,bank,بینک اسلامی,بینک اسلامی,,,,OSM,,,24.9440082,66.9341127,Karachi,Sindh,Pakistan,,,بینک اسلامی,بینک اسلامی,
15e05276-9451-55e2-bd7f-f10681c26fe4,5311735193,node,amenity,bank,الائیڈ بینک لمیٹڈ,الائیڈ بینک لمیٹڈ,,,,OSM,,,24.9433331,66.9344822,Karachi,Sindh,Pakistan,,,الائیڈ بینک لمیٹڈ,,
59b8aaab-8d51-5470-a441-1b47123cfd01,5311735195,node,healthcare,pharmacy,Heer Medical Store,,,,,OSM,,,24.9451605,66.9353067,Karachi,Sindh,Pakistan,,,,,
d25c7048-bd0b-5343-962d-91217b88a203,5311735196,node,amenity,bank,ایچ بی ایل پاکستان,ایچ بی ایل پاکستان,,,,OSM,,,24.9454369,66.9358829,Karachi,Sindh,Pakistan,,,ایچ بی ایل پاکستان,,
5c0c9806-bed2-5d0c-ba81-4d7f53c0b7bd,5311735199,node,healthcare,pharmacy,Life Care Medicos,,,,,OSM,,,24.9457547,66.9365863,Karachi,Sindh,Pakistan,,,,,
d6a4ade0-cb6c-52e2-84e1-3e4877ed6da2,12258655224,node,healthcare,hospital,SICVD Cardiac Emergency Hospital,,,,,OSM,,,24.9221942,66.9637778,Karachi,Sindh,Pakistan,,,,,
56ebe9fe-6490-57ca-848f-cfbbc692b304,12207125871,node,healthcare,clinic,Ali Clinic,,,,,OSM,,,24.9270565,66.9631303,Karachi,Sindh,Pakistan,,,,,
5c3d9ab8-ea10-526c-886d-afd7c450f50e,12207127133,node,healthcare,clinic,Khan medical clinic,,,,,OSM,,,24.9271842,66.9639497,Karachi,Sindh,Pakistan,,,,,
1a0cacb0-d612-59f8-bb78-602e05435804,12207062069,node,leisure,park,Parda Park (C/3),,,,,OSM,,,24.9212327,66.967321,Karachi,Sindh,Pakistan,,,,,
dddd3fa2-c1d0-542d-bdfe-b7b46cd322f4,12207121441,node,healthcare,hospital,Pirzada Dispensary,,,,,OSM,,,24.9224301,66.9665967,Karachi,Sindh,Pakistan,,,,,
d19c6d4d-2855-5ca3-9eb7-161723dcfc53,12250584318,node,leisure,park,Baldia Town Park,,,,,OSM,,,24.9226222,66.964686,Karachi,Sindh,Pakistan,,,,,
cd5304b5-40e2-5a02-93cd-55ee25e5cba9,12250600303,node,leisure,park,Baldia CDGK Park,,,,,OSM,,,24.922883,66.9647804,Karachi,Sindh,Pakistan,,,,,
b2d09376-3933-572e-b84d-39995ab7c144,12250719721,node,healthcare,hospital,Ahsan Medical Centre,,,,,OSM,,,24.9262247,66.9671498,Karachi,Sindh,Pakistan,,,,,
15ea6d57-4cb6-5853-b73c-56e3a2afee93,12252338618,node,healthcare,pharmacy,Abdul Mannan medical store,,,,,OSM,,,24.9263601,66.9684643,Karachi,Sindh,Pakistan,,,,,
254ed3d1-1764-5460-a903-b85035a14d09,12252363849,node,leisure,park,Happy Play Land,,,,,OSM,,,24.9259451,66.9689239,Karachi,Sindh,Pakistan,,,,,
99a58dd8-25b6-557c-a8d8-b7cdf4ab3d99,12252398037,node,healthcare,clinic,Shaheen Clinic,,,,,OSM,,,24.9250928,66.9673711,Karachi,Sindh,Pakistan,,,,,
91bac4a1-4d15-56e6-8434-9ff305f49a69,12278143604,node,healthcare,hospital,RM Neuro Physiotherapy Centre,,,,,OSM,,,24.9203761,66.9703679,Karachi,Sindh,Pakistan,,,,,
ace844d9-2b45-5354-92e0-b263edef71a1,12278150192,node,healthcare,hospital,Noor Medical Center ( Dr Basharat ),,,,,OSM,,,24.9205824,66.9707609,Karachi,Sindh,Pakistan,,,,,
1fbbdeae-7fd8-5e57-96e6-73c85b457364,12278243112,node,healthcare,hospital,Al Ahmed Medical Center,,,,,OSM,,,24.9222645,66.9702582,Karachi,Sindh,Pakistan,,,,,
ff2858ce-9180-5b38-97e9-da5b739fb71b,12278265606,node,healthcare,pharmacy,Al asif medical store,,,,,OSM,,,24.9217396,66.9695254,Karachi,Sindh,Pakistan,,,,,
0f2a1dde-ee13-56d2-a89a-8e788138ea44,4777338448,node,place,neighbourhood,آفریدی کالونی,آفریدی کالونی,,,,OSM,,,24.9212737,66.9758088,Karachi,Sindh,Pakistan,,,,,
69f9516e-e485-51e2-a2a1-7f8362094344,12252634014,node,healthcare,hospital,Palwasha Clinic And Maternity Home,,,,,OSM,,,24.9249552,66.9739776,Karachi,Sindh,Pakistan,,,,,
7513ad5c-9016-53c3-a0fa-268714c2a8c6,12252702789,node,healthcare,hospital,Maqbool Medical Center,,,,,OSM,,,24.9257035,66.9758099,Karachi,Sindh,Pakistan,,,,,
3abdcc36-e874-51c1-aa3c-5c1509cc704c,12254147917,node,healthcare,hospital,FHC Abidabad (GCACI),,,,,OSM,,,24.9263302,66.9775703,Karachi,Sindh,Pakistan,,,,,
da762023-9a2b-586e-a48b-5d9a6d7a6de6,12254156688,node,healthcare,clinic,Faiz Medical Center,,,,,OSM,,,24.9257495,66.9775682,Karachi,Sindh,Pakistan,,,,,
bd8e4704-65a1-50e8-bd1e-e375f7416544,12258402897,node,amenity,marketplace,Haji Iqbal market,,,,,OSM,,,24.924991,66.9713471,Karachi,Sindh,Pakistan,,,,,
fe5b16a8-f409-57da-a4b2-555ce31b69c2,12278225105,node,landuse,cemetery,Christian Kabristan,,,,,OSM,,,24.9216799,66.9721444,Karachi,Sindh,Pakistan,,,,,
74bcebc6-49cf-591f-8f12-363f4e27aae6,12252307055,node,healthcare,hospital,Iqbal Hospital,,,,,OSM,,,24.9266974,66.9676697,Karachi,Sindh,Pakistan,,,,,
215cb183-ab09-5fde-a33d-24d6092acd5c,12252359407,node,healthcare,hospital,Sindh welfare clnix,,,,,OSM,,,24.9274402,66.9687922,Karachi,Sindh,Pakistan,,,,,
2e2fd7cf-0bf6-5c68-81ae-2332a050b213,12252718576,node,healthcare,pharmacy,Roshan pansar store,,,,,OSM,,,24.9268439,66.9766309,Karachi,Sindh,Pakistan,,,,,
fc0b6971-c56a-520f-9541-0517e88159b9,12252730813,node,healthcare,pharmacy,Madina Medical Store,,,,,OSM,,,24.9269005,66.9770089,Karachi,Sindh,Pakistan,,,,,
72de76e9-e1f9-536a-865b-0267322747c9,12254810490,node,healthcare,pharmacy,Hammad medical,,,,,OSM,,,24.9299467,66.982312,Karachi,Sindh,Pakistan,,,,,
9848477a-43fe-5e2a-abb2-d30f19e8f623,12254861171,node,healthcare,clinic,Al Jannat Medical and Dental Care,,,,,OSM,,,24.9289314,66.9815832,Karachi,Sindh,Pakistan,,,,,
ec92c294-0ea0-5174-b9b5-918aede2c372,12254231981,node,healthcare,pharmacy,Bismillah Medical & General store,,,,,OSM,,,24.9307368,66.9847608,Karachi,Sindh,Pakistan,,,,,
71310f3a-8efd-58df-a46d-0dc535b7bc4d,12254375562,node,leisure,park,Wajid Shaheed Park | Wajid Shaheed Chowk,,,,,OSM,,,24.9304612,66.9844585,Karachi,Sindh,Pakistan,,,,,
cb96d3ba-4af3-56b3-aa4e-bd4404b3fd72,12254410004,node,healthcare,pharmacy,Al noor Medical,,,,,OSM,,,24.9312312,66.9858771,Karachi,Sindh,Pakistan,,,,,
87dd91f5-390f-5984-b8c8-1a615ff7cea4,12254412196,node,healthcare,hospital,United metrnity home,,,,,OSM,,,24.9307447,66.9846134,Karachi,Sindh,Pakistan,,,,,
b21f1918-8aad-5fef-8d87-fe33420ee216,12254439928,node,healthcare,clinic,mian ahsan dental clinic,,,,,OSM,,,24.9302527,66.9846612,Karachi,Sindh,Pakistan,,,,,
b842bf66-6d3c-5411-8094-c950e48af3ae,5333760863,node,place,neighbourhood,"Madina Basti, Orangi Town",,,,,OSM,,,24.9219406,66.9923333,Karachi,Sindh,Pakistan,,,,,
65c59816-77ca-5847-8880-b3803c77a344,12202015095,node,healthcare,pharmacy,FAISAL MEDICAL,,,,,OSM,,,24.9201687,66.9947807,Karachi,Sindh,Pakistan,,,,,
494dd19f-6833-508e-a497-e7fc440c1da4,5179982972,node,place,neighbourhood,Orangi Sector 4,,,,,OSM,,,24.9329456,66.9988308,Karachi,Sindh,Pakistan,,,,,
2530c4d1-7fd4-5141-8195-b109798b7256,7416082300,node,place,neighbourhood,Metroville,,,,,OSM,,,24.9307539,66.9979069,Karachi,Sindh,Pakistan,,,,,
f1c9f8e5-4347-573e-aec5-01edd9bde7c8,4777338447,node,place,neighbourhood,فرید کالونی,فرید کالونی,,,,OSM,,,24.9335079,66.9816856,Karachi,Sindh,Pakistan,,,,,
c27d8da4-2e94-5f36-aced-42e5688dbed0,5179982966,node,place,neighbourhood,فرید کالونی,فرید کالونی,,,,OSM,,,24.9364701,66.9806566,Karachi,Sindh,Pakistan,,,,,
a002cdaa-47fe-5212-8ab4-23817bcb49f5,7037339191,node,place,neighbourhood,رحیم شاہ کالونی,رحیم شاہ کالونی,,,,OSM,,,24.94173,66.984349,Karachi,Sindh,Pakistan,,,,,
af02eadb-1c4c-554c-b9de-0e94c399e0df,5127939420,node,amenity,marketplace,10 No Market,,,,,OSM,,,24.9387063,66.9917523,Karachi,Sindh,Pakistan,,,,,
101279c2-9173-5eb0-b702-8cf3342c9aab,5179982963,node,place,neighbourhood,حنیف آباد,حنیف آباد,,,,OSM,,,24.9362557,66.9928105,Karachi,Sindh,Pakistan,,,,,
a16999c9-2c2b-51a0-bb8b-0de24cc3480f,10688735634,node,healthcare,hospital,MALC Orangi Leprosy Centre,,,"Dermatology, Blindness, Leprosy, MCHC, Tubercolosis",,OSM,,,24.9366741,66.9974516,Karachi,Sindh,Pakistan,,,,MALC,
10166552-c915-5bff-9100-2e5e4cb9e91d,4785718477,node,amenity,police,Mominabad Police Station,,,,,OSM,,,24.9332692,66.9977663,Karachi,Sindh,Pakistan,,,,,
d57bea49-cfb1-5721-a14e-a9bdb724ecc3,5157326482,node,healthcare,pharmacy,Mehrun Nisa Medical Center,,,,,OSM,,,24.9455853,66.9937105,Karachi,Sindh,Pakistan,,,,,
717f3aef-cc4a-5cdc-a093-729476d996a9,5179982967,node,place,neighbourhood,Orangi Sector 11,,,,,OSM,,,24.9414236,66.9950769,Karachi,Sindh,Pakistan,,,,,
ea69d8d4-887f-5c2e-b98c-87a0a3eb450e,5179982969,node,amenity,marketplace,10 Number Market,,,,,OSM,,,24.9405481,66.9925217,Karachi,Sindh,Pakistan,,,,,
25791d69-319e-58fe-a394-2c3caa65ff32,5088820045,node,amenity,bank,بینک الفلاح,بینک الفلاح,,,,OSM,,,24.9410678,66.9998077,Karachi,Sindh,Pakistan,,,Bank Alfalah,,
8e39b2c6-e80c-557c-8e70-b45cc73fb079,5088820047,node,amenity,bank,جے ایس بینک,جے ایس بینک,,,,OSM,,,24.941114,66.9996736,Karachi,Sindh,Pakistan,,,جے ایس بینک,,
fabac9d0-c09f-5b46-ad0f-f7ebe53d4d13,1289793592,way,leisure,park,,,,,,OSM,,,24.9183972,66.9508661,Karachi,Sindh,Pakistan,,,,,
8ea16c07-7a0e-5a68-9905-d42432072e84,792355429,way,healthcare,hospital,Gujrat Medical Centre,,,,,OSM,,,24.9049864,66.9676435,Karachi,Sindh,Pakistan,,,,,
a82be0b6-7fe8-5dc9-ac91-63830c0c55b8,236629869,way,landuse,cemetery,Baldia Qabristan,,,,,OSM,,,24.9162806,66.9725253,Karachi,Sindh,Pakistan,,,,,
10a065a9-aa98-5faf-8c5d-6a5c992588ee,236631828,way,landuse,cemetery,,,,,,OSM,,,24.9214724,66.9784761,Karachi,Sindh,Pakistan,,,,,
bd7b317e-be54-5fd8-99be-b150fd4a2a76,693640771,way,leisure,park,,,,,,OSM,,,24.9184253,66.9668564,Karachi,Sindh,Pakistan,,,,,
abac8a1d-06d8-55c0-b272-a729bbbb8c7b,689021667,way,landuse,cemetery,,,,,,OSM,,,24.9202536,66.9914022,Karachi,Sindh,Pakistan,,,,,
aa729d52-2210-56cc-9f41-522170acde1a,236775090,way,leisure,park,Usman Ghani Park,,,,,OSM,,,24.920298,66.9983491,Karachi,Sindh,Pakistan,,,,,
ee9eabf1-b30d-5872-9c6d-c23543dc9af1,593787096,way,healthcare,hospital,مرشد ہسپتال,مرشد ہسپتال,,,,OSM,,,24.9267745,66.9457191,Karachi,Sindh,Pakistan,,,,,
c8ebd9a4-52bc-50a9-8f7a-1b36bc2deece,1381822339,way,natural,water,,,,,,OSM,,,24.9295921,66.9476533,Karachi,Sindh,Pakistan,,,,,
fe8fbd76-2039-5f96-9870-295ffd8cd579,1304172655,way,amenity,police,Mochko Police Station,,,,,OSM,,,24.9296064,66.9414783,Karachi,Sindh,Pakistan,,,,,
afbb0d33-9423-52a5-b168-8d782995c51b,549879256,way,leisure,park,Naval Park,,,,,OSM,,,24.9491343,66.9403205,Karachi,Sindh,Pakistan,,,,,
ceed74a7-2267-5a9c-bb2c-b31dfd889030,693641118,way,leisure,park,Baldia Town Park,,,,,OSM,,,24.9227614,66.9646633,Karachi,Sindh,Pakistan,,,,,
15003495-6512-5841-8c79-f5858e1fdf8c,693640778,way,leisure,park,,,,,,OSM,,,24.9213089,66.9674998,Karachi,Sindh,Pakistan,,,,,
a4d3cbb5-95df-581e-8b79-92b4c59bfc55,693640775,way,landuse,cemetery,,,,,,OSM,,,24.9217475,66.9721567,Karachi,Sindh,Pakistan,,,,,
2d1599b9-f28a-54e1-b3d6-905d3e9791dd,690158526,way,leisure,park,Chagi Park,,,,,OSM,,,24.9331254,66.9651534,Karachi,Sindh,Pakistan,,,,,
87e352a2-203c-5ad4-8722-cb68488fbadd,792355455,way,landuse,cemetery,Faqeer Colony Qabristan,,,,,OSM,,,24.926137,66.9751514,Karachi,Sindh,Pakistan,,,,,
2d727251-87a8-5196-9808-9511ce614a09,236866401,way,leisure,park,Bagh-e-Afza,,,,,OSM,,,24.9364634,66.9574511,Karachi,Sindh,Pakistan,,,,,
12c41ace-9b2d-562b-84c8-6907208fa6f6,690158583,way,leisure,park,,,,,,OSM,,,24.9346478,66.9619117,Karachi,Sindh,Pakistan,,,,,
c55aa452-9509-5151-8624-efe26ae92f78,237203777,way,landuse,cemetery,قائم قبرستان,قائم قبرستان,,,,OSM,,,24.9418943,66.9713981,Karachi,Sindh,Pakistan,,,,,
21e2974b-f9c3-5f1f-91de-f35e80920d4d,237203795,way,landuse,cemetery,,,,,,OSM,,,24.945031,66.9685578,Karachi,Sindh,Pakistan,,,,,
ad992948-9b13-592b-9a68-459679a540b1,236856540,way,landuse,cemetery,Bismillah Colony Qabristan,,,,,OSM,,,24.9337492,66.9895662,Karachi,Sindh,Pakistan,,,,,
0f542d0a-5756-5bb5-a167-ab137e9396b8,238412705,way,leisure,park,,,,,,OSM,,,24.9214652,66.9939582,Karachi,Sindh,Pakistan,,,,,
674ca069-dda1-5612-a39d-275c0650773e,689021675,way,leisure,park,,,,,,OSM,,,24.9247977,66.9948634,Karachi,Sindh,Pakistan,,,,,
8a19aa98-8b39-51b4-9835-54ac1d915be5,792435409,way,healthcare,hospital,New Faiz Rehman Hospital,,,,,OSM,,,24.9207691,66.9961902,Karachi,Sindh,Pakistan,,,,,
98ffc796-972a-5079-8094-232b70d55a0f,236775009,way,leisure,park,Metroville Park,,,,,OSM,,,24.9213444,67.0004766,Karachi,Sindh,Pakistan,,,,,
9067057b-babc-59dc-b7b6-d629833f7153,689021691,way,leisure,park,,,,,,OSM,,,24.9258361,66.9983794,Karachi,Sindh,Pakistan,,,,,
5fba978d-eefd-55bf-a8f6-b76cebee275a,792435404,way,leisure,park,Children Park Sector 3,,,,,OSM,,,24.9236048,66.9984108,Karachi,Sindh,Pakistan,,,,,
cc37d1ee-29bd-5f14-9180-2b1a5c52051f,792435355,way,landuse,cemetery,,,,,,OSM,,,24.9306009,66.991997,Karachi,Sindh,Pakistan,,,,,
664f0579-d3da-5569-aedb-b9ac9063e169,895077944,way,leisure,park,Ghanti Ground,,,,,OSM,,,24.9351477,66.9851531,Karachi,Sindh,Pakistan,,,,,
591a6b99-0275-5330-8d82-690c0d21f24e,237128767,way,landuse,cemetery,,,,,,OSM,,,24.9453278,66.980498,Karachi,Sindh,Pakistan,,,,,
5044fccf-b6bd-513f-ac18-8f4f50eeecdc,237268185,way,landuse,cemetery,,,,,,OSM,,,24.941151,66.9807297,Karachi,Sindh,Pakistan,,,,,
e522323b-d559-5113-ac2e-a3cc77d18377,236856549,way,leisure,park,Family Park,,,,,OSM,,,24.9383136,66.9942875,Karachi,Sindh,Pakistan,,,,,
2749b01f-232c-5e32-aa60-5dea6cc95542,682313786,way,leisure,park,Siddiqui Park,,,,,OSM,,,24.9374799,66.9914222,Karachi,Sindh,Pakistan,,,,,
fe3fa731-8660-561f-acd6-86e27f180558,682313815,way,leisure,park,Arshi Ground,,,,,OSM,,,24.9362593,66.9945625,Karachi,Sindh,Pakistan,,,,,
ae6b8052-1fa3-527f-acb1-9fb680ad8111,236599184,way,leisure,park,Ifza Altaf Family Park,,,,,OSM,,,24.9403927,66.9970725,Karachi,Sindh,Pakistan,,,,,
eabb8965-4452-57cd-8f7d-41ddbc316efb,682313791,way,amenity,marketplace,10th Market,,,,,OSM,,,24.940523,66.9920731,Karachi,Sindh,Pakistan,,,,,
2ea9ef42-b586-5795-86a3-0d49adabd39a,522496397,way,leisure,park,Arkan Ground,,,,,OSM,,,24.9444812,66.9986479,Karachi,Sindh,Pakistan,,,,,
4c8e1082-ec6f-557e-be27-7ddfbecce8df,236601416,way,leisure,park,Khawateen Family Park,,,,,OSM,,,24.9483366,67.0002861,Karachi,Sindh,Pakistan,,,,,
557f38e3-90ef-57e1-8248-676ffe41d23d,4777338454,node,place,neighbourhood,سعید اللہ گوٹھ,سعید اللہ گوٹھ,,,,OSM,,,24.9561619,66.9429873,Karachi,Sindh,Pakistan,,,,,
9ee8e16e-2a8d-5ca4-a029-681ce56de42f,5312107831,node,healthcare,pharmacy,Life care General Store,,,,,OSM,,,24.9538056,66.9466163,Karachi,Sindh,Pakistan,,,,,
56a17e60-d809-55a7-b74a-ab5eb9dc7383,5159216088,node,amenity,marketplace,Al-Khalil Market,,,,,OSM,,,24.9567809,66.97663,Karachi,Sindh,Pakistan,,,,,
215682bc-0df9-5922-bbf6-f69783658967,7037339187,node,place,neighbourhood,محمد خان کالونی,محمد خان کالونی,,,,OSM,,,24.9584564,66.9740695,Karachi,Sindh,Pakistan,,,,,
0e1f544f-0b54-552b-bee8-0995ada79a66,7037339189,node,place,neighbourhood,توحید محلہ,توحید محلہ,,,,OSM,,,24.9699915,66.9586147,Karachi,Sindh,Pakistan,,,,,
2b33fc5c-8f57-5f53-9d90-9fee7320273b,7037339185,node,place,neighbourhood,Raees Amrohi Colony,,,,,OSM,,,24.9609285,66.9743851,Karachi,Sindh,Pakistan,,,,,
bbc9991b-d1b9-580c-ab3f-c8b8bf4b2fcd,7037339186,node,place,neighbourhood,Baba Wilayat Colony,,,,,OSM,,,24.9600701,66.9777178,Karachi,Sindh,Pakistan,,,,,
48a73b02-4256-53ed-9e8d-351dc549db2a,5159216084,node,amenity,police,Pakistan Bazar Police Chowki,,,,,OSM,,,24.9584955,66.9815362,Karachi,Sindh,Pakistan,,,,,
096a8bb1-0783-5158-b42f-e2f7786d0d9c,5190148925,node,healthcare,hospital,کے ایم سی ہسپتال,کے ایم سی ہسپتال,,,,OSM,,,24.9546541,66.9818178,Karachi,Sindh,Pakistan,,,,,
7bf99421-487c-5108-bde2-d785a648207e,4777267205,node,place,neighbourhood,اورنگی ٹاؤن,اورنگی ٹاؤن,,,,OSM,اورنگی ٹاؤن,,24.9502446,66.9939479,Karachi,Sindh,Pakistan,,,,,Q2477877
a283a058-64f4-58f8-b79f-c5e33ba568f8,5179982962,node,place,neighbourhood,بنگلہ بازار,بنگلہ بازار,,,,OSM,,,24.9504106,66.9965371,Karachi,Sindh,Pakistan,,,,,
14866bfe-4dc3-5c2c-9311-1133cbd32aa8,5179982956,node,place,neighbourhood,Orangi Sector 15 C,,,,,OSM,,,24.9513274,66.9978213,Karachi,Sindh,Pakistan,,,,,
af8881d8-0958-5bbe-bb60-5733311380f8,12216076311,node,leisure,park,Alam Park,,,,,OSM,,,24.9521725,66.9974598,Karachi,Sindh,Pakistan,,,,,
5e2456a6-9988-581f-81ef-e34c1fb87fc7,5098122932,node,amenity,marketplace,jaints clothes market,,,,,OSM,,,24.9558484,66.9957201,Karachi,Sindh,Pakistan,,,,,
e142ddaf-a068-56a9-a5b7-c2d57ef4cc71,5179982958,node,place,neighbourhood,Orangi Sector 14 C,,,,,OSM,,,24.9565875,66.9971596,Karachi,Sindh,Pakistan,,,,,
7c083452-262f-50ea-a5de-eba4ab2d9ec5,5179982959,node,place,neighbourhood,Orangi Sector 14 D,,,,,OSM,,,24.9568933,66.9961301,Karachi,Sindh,Pakistan,,,,,
92d30eed-05dd-5edc-bd40-a875e6885883,12222516619,node,healthcare,hospital,Ammi Jan Hospital امّی جان ہسپتال,,,,,OSM,,,24.9575713,66.9958875,Karachi,Sindh,Pakistan,,,,,
dacf9dd4-bed5-54ff-ab30-862d3e95eb35,12222530507,node,healthcare,pharmacy,Anamta Medical Store,,,,,OSM,,,24.957795,66.9957615,Karachi,Sindh,Pakistan,,,,,
bdc4a7d5-06cb-513f-b2a4-7d15c5c2a060,12197278509,node,healthcare,clinic,KGN DISPENSARY,,,,,OSM,,,24.9566297,66.9998642,Karachi,Sindh,Pakistan,,,,,
ac595e21-18d0-5918-aafe-42cd8edd594b,12222577458,node,healthcare,pharmacy,New Dew Pharma,,,,,OSM,,,24.9604821,66.9951016,Karachi,Sindh,Pakistan,,,,,
17c0e99f-73a7-5e92-96a9-e5729296df6e,12214297912,node,healthcare,hospital,Eye Glass Shop,,,,,OSM,,,24.9712741,66.9922343,Karachi,Sindh,Pakistan,,,,,
39830174-8dc1-55d4-91ba-1abf6fdbf3b4,12214352623,node,healthcare,pharmacy,AH medicos and consultant clinic Dr Huma khan,,,,,OSM,,,24.9710747,66.9922826,Karachi,Sindh,Pakistan,,,,,
aa4bbc74-8f0e-548b-b357-e11a7324fa1e,12215837693,node,healthcare,clinic,Javaria Clinic,,,,,OSM,,,24.9689095,66.9937447,Karachi,Sindh,Pakistan,,,,,
13907f27-5f3a-5ab0-a8b8-60a35caa38c7,12215850505,node,leisure,park,Good Samaritan Park,,,,,OSM,,,24.9696292,66.9938031,Karachi,Sindh,Pakistan,,,,,
d1f7cc67-446b-5549-a04a-9127c5a31e82,12215864099,node,healthcare,hospital,Korean Christian Hospital,,,,,OSM,,,24.9704399,66.9938195,Karachi,Sindh,Pakistan,,,,,
222c0f38-936e-5810-ba1c-329ebd9e4b17,12215864100,node,healthcare,hospital,"Good Samaritan ""German Hospital""",,,,,OSM,,,24.9703235,66.9935883,Karachi,Sindh,Pakistan,,,,,
b01f6b6f-1e05-57bb-81e1-ce2cd10bbbe8,12215876546,node,healthcare,hospital,Shehzad Shafiq Hijama Centre,,,,,OSM,,,24.9685433,66.9987703,Karachi,Sindh,Pakistan,,,,,
acfe1090-2361-59a4-b312-e92105dd9e4d,7037339190,node,place,neighbourhood,Raja Tanveer Colony,,,,,OSM,,,24.9814893,66.9495473,Karachi,Sindh,Pakistan,,,,,
10b878d1-30f7-5e9b-987f-3dd47d4e3a35,4777338455,node,place,neighbourhood,Ittehad Town,,,,,OSM,Ittehad Town,,24.9746492,66.9535385,Karachi,Sindh,Pakistan,,,,,Q15228938
2c03ffea-c2b2-55fe-aa5d-d1a809a7ab64,7034736253,node,place,neighbourhood,عیسائی کالونی,عیسائی کالونی,,,,OSM,,,24.977208,66.9850565,Karachi,Sindh,Pakistan,,,,,
3c263b84-f4ca-566b-b6b4-24882d86c7cd,7034736254,node,place,neighbourhood,Mai Hawa Goth,,,,,OSM,,,24.9808167,66.981755,Karachi,Sindh,Pakistan,,,,,
78b8f23a-f40c-5dbb-9844-f51a1035aa8c,12205446014,node,leisure,park,Happy Day Play Land,,,,,OSM,,,24.9725787,66.9920056,Karachi,Sindh,Pakistan,,,,,
cbee3ac3-1d6e-5395-b55a-66dae8362984,12207127760,node,healthcare,pharmacy,ZAM ZAM MEDICAL STORE,,,,,OSM,,,24.9735242,66.9918505,Karachi,Sindh,Pakistan,,,,,
44d60eed-2245-59d6-b37c-c5cb739f645e,12211503525,node,healthcare,clinic,Raza Homeo Clinic,,,,,OSM,,,24.9762001,66.991284,Karachi,Sindh,Pakistan,,,,,
49f6f712-db69-545f-9f86-7e171c8c3c3c,12211504441,node,healthcare,clinic,Aftab Clinic,,,,,OSM,,,24.9752455,66.9914195,Karachi,Sindh,Pakistan,,,,,
f5492558-a9b3-532e-8779-5347b5f88bb0,5100535619,node,amenity,police,Pakistan Bazar Police Station,,,,,OSM,,,24.982393,66.9932157,Karachi,Sindh,Pakistan,,,,,
fae2c68e-7fba-5e02-8cb0-c1dd34967b16,712223087,way,landuse,cemetery,,,,,,OSM,,,24.9584261,66.9484179,Karachi,Sindh,Pakistan,,,,,
dd48da04-3a00-5b7a-b9a9-722b0f384bfe,714144845,way,landuse,cemetery,,,,,,OSM,,,24.9511066,66.9517101,Karachi,Sindh,Pakistan,,,,,
175d674e-1300-5bb5-a398-fc2fa57daddc,712396958,way,landuse,cemetery,,,,,,OSM,,,24.9650088,66.9628428,Karachi,Sindh,Pakistan,,,,,
55ea7649-48e4-546f-9ace-1daf64c62d5f,236590123,way,landuse,cemetery,مرکزی قبرستان,مرکزی قبرستان,,,,OSM,,,24.9562979,66.980712,Karachi,Sindh,Pakistan,,,,,
c03348dc-7b6d-5527-a7bf-2e223c04f228,690865855,way,landuse,cemetery,,,,,,OSM,,,24.9538742,66.9948909,Karachi,Sindh,Pakistan,,,,,
1ec4e834-e5ee-5cca-acd0-61a0cab28a19,531453669,way,leisure,park,Model Park,,,,,OSM,,,24.9551011,66.9982772,Karachi,Sindh,Pakistan,,,,,
5e0454bc-5759-5632-b104-39f345fd98db,691830963,way,landuse,cemetery,,,,,,OSM,,,24.9552158,67.0014682,Karachi,Sindh,Pakistan,,,,,
caed8873-5b62-5388-99f3-caee2043934f,691828785,way,landuse,cemetery,,,,,,OSM,,,24.968294,66.9853734,Karachi,Sindh,Pakistan,,,,,
3441d0ba-53cf-52a7-b8a0-1b53d7651fa0,711929957,way,landuse,cemetery,,,,,,OSM,,,24.9768834,66.9855873,Karachi,Sindh,Pakistan,,,,,
ab4d41ea-b3d6-507f-a231-3288a26fd25e,241110837,way,landuse,cemetery,,,,,,OSM,,,24.974281,66.9957088,Karachi,Sindh,Pakistan,,,,,
76fbf642-eb69-521a-87cb-3864bb5770ad,712223027,way,landuse,cemetery,,,,,,OSM,,,24.9962601,66.9957522,Karachi,Sindh,Pakistan,,,,,
9eddb099-e36b-5e14-82ad-a5ab0b37c4fd,5103390273,node,amenity,bank,اسٹینڈرڈ چارٹرڈ,اسٹینڈرڈ چارٹرڈ,,,,OSM,,,24.7799209,67.0558007,Karachi,Sindh,Pakistan,,,اسٹینڈرڈ چارٹرڈ,اسٹینڈرڈ چارٹرڈ,
d458a607-72a6-5fae-9a4d-4c7ebbd797e2,5103390274,node,amenity,atm,اسٹینڈرڈ چارٹرڈ,اسٹینڈرڈ چارٹرڈ,,,,OSM,,,24.7799575,67.0558355,Karachi,Sindh,Pakistan,,,اسٹینڈرڈ چارٹرڈ,اسٹینڈرڈ چارٹرڈ,
a7b1d6f3-b055-5b02-8558-4a51397224c7,12146594185,node,amenity,bank,BABA PIZZA SEAVIEW Branch - بابا پیزا سی ویو برانچ,,,,,OSM,,,24.7915385,67.0431919,Karachi,Sindh,Pakistan,,,,,
edb3209f-a0df-561e-a3d7-e65ce373f7f0,4788531215,node,amenity,bank,بينک الحبيب,بينک الحبيب,,,,OSM,,,24.7977958,67.0430916,Karachi,Sindh,Pakistan,,,بينک الحبيب,,
359a3ae5-7404-5496-b753-7b116f23ec44,5104556249,node,amenity,bank,Bank Al Habib - ATM,,,,,OSM,,,24.7977712,67.0431299,Karachi,Sindh,Pakistan,,,,,
774da5ce-6366-5980-a8a9-53d17538272a,4769977000,node,amenity,bank,جے ایس بینک,جے ایس بینک,,,,OSM,,,24.7955039,67.0493984,Karachi,Sindh,Pakistan,,,جے ایس بینک,جے ایس بینک,
7159d461-779f-5ca3-a5f3-3d2df2fb9a5e,5142748801,node,amenity,atm,جے ایس بینک,جے ایس بینک,,,,OSM,,,24.7954544,67.0493567,Karachi,Sindh,Pakistan,,,جے ایس بینک,جے ایس بینک,
1a38e063-74ed-57ba-8e50-7b71cba3b226,5142749108,node,healthcare,clinic,The Dental District,,,,,OSM,,,24.7939398,67.0480075,Karachi,Sindh,Pakistan,,,,,
71047748-4187-5603-bd82-8f2acdf4c9a2,12146588728,node,healthcare,hospital,Allana house,,,,,OSM,,,24.7952483,67.045175,Karachi,Sindh,Pakistan,,,,,
87cd4c0e-a70d-5ef8-b6bd-776d7bb4c44d,12146594189,node,healthcare,hospital,CANYON DENTAL & HAIR TRASPLANT STUDIOS,,,,,OSM,,,24.7938615,67.0480892,Karachi,Sindh,Pakistan,,,,,
499499d3-ccde-5de7-9ba0-654cd6cd69b2,12146665595,node,healthcare,clinic,Qazi Sajid,,,,,OSM,,,24.7915203,67.0521585,Karachi,Sindh,Pakistan,,,,,
a435ac3a-38bd-5763-8376-35c931761a22,4338114399,node,amenity,bank,Summit bank,,,,,OSM,,,24.7980067,67.0453316,Karachi,Sindh,Pakistan,,,,,
b18c33fb-1524-5787-a934-328e904af47b,4758305958,node,amenity,bank,فیصل بینک,فیصل بینک,,,,OSM,,,24.7962578,67.0450447,Karachi,Sindh,Pakistan,,,فیصل بینک,,
635961fa-3dd1-5e03-b49a-4e7467a28103,4759233409,node,amenity,bank,دبئی اسلامی بینک,دبئی اسلامی بینک,,,,OSM,,,24.7978251,67.0451975,Karachi,Sindh,Pakistan,,,دبئی اسلامی بینک,,
5827f403-7d49-55f4-8787-7c4813e09d23,4769976997,node,amenity,bank,بینک الفلاح,بینک الفلاح,,,,OSM,,,24.7959434,67.049833,Karachi,Sindh,Pakistan,,,بینک الفلاح,,
c49de48f-4092-5733-92cc-99bdbaf7e4e4,4769976998,node,amenity,bank,بينک الحبيب,بينک الحبيب,,,,OSM,,,24.795818,67.0497028,Karachi,Sindh,Pakistan,,,بينک الحبيب,,
c8d3c006-1d73-5b3c-97b7-9826121da1ab,4769976999,node,amenity,bank,ایچ بی ایل پاکستان,ایچ بی ایل پاکستان,,,,OSM,,,24.7957364,67.0496358,Karachi,Sindh,Pakistan,,,ایچ بی ایل پاکستان,,
9735b644-6062-5717-b694-f36c1e6d0cd5,4788412670,node,amenity,bank,ایچ بی ایل پاکستان,ایچ بی ایل پاکستان,,,,OSM,,,24.7996884,67.0474948,Karachi,Sindh,Pakistan,,,ایچ بی ایل پاکستان,,
627b9482-1b96-53d3-b05c-e838d99cb559,4788412686,node,amenity,bank,عسکری بینک,عسکری بینک,,,,OSM,,,24.7977934,67.0470084,Karachi,Sindh,Pakistan,,,عسکری بینک,,
1ec0d29f-8d87-5c16-a23f-4e3ed9c68f07,4788412687,node,amenity,bank,الائیڈ بینک لمیٹڈ,الائیڈ بینک لمیٹڈ,,,,OSM,,,24.7976577,67.0468845,Karachi,Sindh,Pakistan,,,الائیڈ بینک لمیٹڈ,,
417b5159-bc6e-5c17-9296-b6146a740759,4788412699,node,amenity,bank,بینک اسلامی,بینک اسلامی,,,,OSM,,,24.7994634,67.0477734,Karachi,Sindh,Pakistan,,,بینک اسلامی,بینک اسلامی,
72f080cb-3194-5cc4-9760-68a215128c36,4788531161,node,amenity,bank,سونیری بینک,سونیری بینک,,,,OSM,,,24.7983319,67.0456514,Karachi,Sindh,Pakistan,,,سونیری بینک,سونیری بینک,
e584ba27-f7bc-5248-912c-691d11979c2e,4788531216,node,amenity,bank,بینک الفلاح,بینک الفلاح,,,,OSM,,,24.7975827,67.0433575,Karachi,Sindh,Pakistan,,,بینک الفلاح,,
6040b9c4-5f51-5836-8fd5-77c3a6b48834,4788531217,node,amenity,bank,NIB,,,,,OSM,,,24.7975487,67.0434095,Karachi,Sindh,Pakistan,,,,MCB,
0a56d592-617a-578a-b1a6-639ebc4dd755,4788531521,node,amenity,bank,HabibMetro Bank,,,,,OSM,,,24.7973485,67.043666,Karachi,Sindh,Pakistan,,,,,
7ed9f540-e047-53cf-9f47-eaac06cc9228,5104556236,node,amenity,bank,Soneri Bank - ATM,,,,,OSM,,,24.7983184,67.0456338,Karachi,Sindh,Pakistan,,,,,
41fb710f-1d65-5ad1-a642-31a7fece7dea,5104556237,node,amenity,bank,Summit bank - ATM,,,,,OSM,,,24.7980195,67.0453475,Karachi,Sindh,Pakistan,,,,,
3c65aee1-1101-54c5-9054-5bcb66f545d1,5104556238,node,amenity,bank,دبئی اسلامی بینک,دبئی اسلامی بینک,,,,OSM,,,24.7978101,67.0452167,Karachi,Sindh,Pakistan,,,دبئی اسلامی بینک,,
e5b340ac-5330-582e-8eb2-a23b3a24d64d,5104556241,node,amenity,bank,ایچ بی ایل پاکستان,ایچ بی ایل پاکستان,,,,OSM,,,24.7996941,67.0474822,Karachi,Sindh,Pakistan,,,ایچ بی ایل پاکستان,,
3de51034-607e-5d00-83fa-172b01928545,5104556242,node,amenity,bank,Bank Islami - ATM,,,,,OSM,,,24.7994519,67.0477879,Karachi,Sindh,Pakistan,,,,,
1eac9bcc-0045-5e04-a58a-fd5b88d705ca,5104556243,node,amenity,bank,الائیڈ بینک لمیٹڈ,الائیڈ بینک لمیٹڈ,,,,OSM,,,24.7976354,67.0468582,Karachi,Sindh,Pakistan,,,الائیڈ بینک لمیٹڈ,,
ff50825f-b741-5952-9dff-fe40be96a86e,5104556244,node,amenity,bank,Askari Bank - ATM,,,,,OSM,,,24.7978114,67.0470292,Karachi,Sindh,Pakistan,,,,,
124d9961-8d75-5f02-836b-0410832a341c,5104556245,node,amenity,bank,Faysal Bank - ATM,,,,,OSM,,,24.7962326,67.0450725,Karachi,Sindh,Pakistan,,,,,
5c19d7b2-3dae-5b65-811a-83c3ecbdf8b6,5104556246,node,amenity,bank,HabibMetro Bank - ATM,,,,,OSM,,,24.7973219,67.0436919,Karachi,Sindh,Pakistan,,,,,
1979ba23-38fe-5602-9932-2fb3627ef32f,5104556247,node,amenity,bank,NIB Bank - ATM,,,,,OSM,,,24.7975374,67.043426,Karachi,Sindh,Pakistan,,,,,
71d49a4c-9fa6-54c2-9fd2-8d817e93b409,5104556248,node,amenity,bank,Bank Alfalah - ATM,,,,,OSM,,,24.7975676,67.0433774,Karachi,Sindh,Pakistan,,,,,
5c5ccf2d-32e1-59f1-b589-440c98c486fb,5142749114,node,amenity,atm,Habib Bank - ATM,,,,,OSM,,,24.7956443,67.0495605,Karachi,Sindh,Pakistan,,,,,
9bad1beb-c2fc-5554-8c55-3d49d5b623db,5142749115,node,amenity,atm,Bank Al Habib - ATM,,,,,OSM,,,24.7958659,67.0497644,Karachi,Sindh,Pakistan,,,,,
47322cb7-0e8a-51c0-a7b8-dd3f11afb5ab,4338117891,node,amenity,bank,Samba bank,,,,,OSM,,,24.7968232,67.0510806,Karachi,Sindh,Pakistan,,,,,
b954d0e8-8669-5b54-874d-66ece45cc2ec,4769976994,node,amenity,bank,Al Baraka Bank,,,,,OSM,,,24.7967275,67.0505749,Karachi,Sindh,Pakistan,,,Al Baraka Bank Limited,,
34c1bb1b-7c87-5881-9e80-013a5e7e4e30,4786500626,node,amenity,bank,Habib Metro Bank,,,,,OSM,,,24.7957608,67.0508485,Karachi,Sindh,Pakistan,,,,,
5295c688-28ae-55f2-95ce-b9f9c6487b22,4786500627,node,amenity,bank,Emirates Global Islamic Bank,,,,,OSM,,,24.796796,67.0506228,Karachi,Sindh,Pakistan,,,,,
b45e5ad0-1d4f-5011-b59e-9fb6e835b25b,4786500630,node,amenity,bank,Bank of Punjab,,,,,OSM,,,24.7965728,67.0511209,Karachi,Sindh,Pakistan,,,,,
7d22c1d1-a3b8-5914-88e0-5d301bbd9935,5142748802,node,amenity,atm,Al Baraka - ATM,,,,,OSM,,,24.7967479,67.0505858,Karachi,Sindh,Pakistan,,,,,
37cdddeb-d3b1-5db1-8f35-5e20964c3076,5142748803,node,amenity,atm,Emirates Global Islamic Bank - ATM,,,,,OSM,,,24.7968143,67.0506475,Karachi,Sindh,Pakistan,,,,,
ccf12edf-7e13-5d6b-86df-18c66b6ac72a,5142748804,node,amenity,atm,Samba bank - ATM,,,,,OSM,,,24.7968532,67.0510358,Karachi,Sindh,Pakistan,,,,,
5c598c05-bd9c-508c-8550-72b033f6605b,5142748805,node,amenity,atm,Bank of Punjab - ATM,,,,,OSM,,,24.7965416,67.0510834,Karachi,Sindh,Pakistan,,,,,
8a31eb7b-ed4c-5812-b089-b340a040c580,5142749116,node,amenity,atm,Bank Al Falah - ATM,,,,,OSM,,,24.7960144,67.0499226,Karachi,Sindh,Pakistan,,,,,
43611fe4-76f6-5a18-a79c-1ce85d48e6c6,4230409689,node,amenity,bank,Meezan bank,,,,,OSM,,,24.7813424,67.0571428,Karachi,Sindh,Pakistan,,,,,
060d26bb-d592-5a60-8888-919ad5e0fb82,4786004073,node,amenity,bank,دبئی اسلامی بینک,دبئی اسلامی بینک,,,,OSM,,,24.7807166,67.0565028,Karachi,Sindh,Pakistan,,,دبئی اسلامی بینک,,
709a66dd-b6f2-5c96-80f1-17e9c4939450,4786004074,node,amenity,bank,Soneri Bank (Khayanban-e-Ittihad),,,,,OSM,,,24.7809359,67.0567151,Karachi,Sindh,Pakistan,,,,,
081a2632-4c1b-524c-8dd8-9fca9fff4a10,5103390275,node,amenity,atm,Soneri Bank - ATM,,,,,OSM,,,24.7810131,67.0567878,Karachi,Sindh,Pakistan,,,,,
c82d53b0-ccaf-5ad1-a41e-9152039374e5,5103390276,node,amenity,atm,Dubai Islamic Bank - ATM,,,,,OSM,,,24.7807659,67.0565826,Karachi,Sindh,Pakistan,,,,,
754c213f-2d89-56d5-adb6-592762751f1f,5128196953,node,amenity,atm,Meezan bank - ATM,,,,,OSM,,,24.7812749,67.0570466,Karachi,Sindh,Pakistan,,,,,
704045d1-260c-5575-b28b-e0a104a78107,4785718484,node,amenity,police,Darakhshan Police Station,,,,,OSM,,,24.7787148,67.0652486,Karachi,Sindh,Pakistan,,,,,
91c16ac2-a2b9-5880-a65a-bfd6fb89aa7d,4338129590,node,amenity,bank,Meezan bank,,,,,OSM,,,24.7863348,67.0575124,Karachi,Sindh,Pakistan,,,,,
a1b99110-893c-59d0-be73-bb676ddb4602,4786100677,node,amenity,bank,Samba Bank Limited,,,,,OSM,,,24.7869993,67.0568779,Karachi,Sindh,Pakistan,,,,,
51307a80-afb4-507a-831b-0d6470f7bba4,5128471315,node,amenity,atm,Samba Bank Limited - ATM,,,,,OSM,,,24.7869549,67.0568508,Karachi,Sindh,Pakistan,,,,,
3a7ec1b3-b179-5e88-b3b4-23a35bac0bef,5128471316,node,amenity,atm,Meezan bank - ATM,,,,,OSM,,,24.7863595,67.0574382,Karachi,Sindh,Pakistan,,,,,
266260b5-08e3-53fe-a0b7-7cf6e1b1ede0,4759233384,node,amenity,bank,دبئی اسلامی بینک,دبئی اسلامی بینک,,,,OSM,,,24.7908201,67.0649424,Karachi,Sindh,Pakistan,,,دبئی اسلامی بینک,,
63ca6669-415e-5ff6-a34f-6b46e68e7c46,4786100701,node,amenity,bank,Askari Bank Ltd,,,,,OSM,,,24.7930713,67.0634677,Karachi,Sindh,Pakistan,,,,,
67c4bb3e-f5a1-5af6-aae9-bc70459f31b6,4786100705,node,amenity,bank,ایچ بی ایل پاکستان,ایچ بی ایل پاکستان,,,,OSM,,,24.7938263,67.063949,Karachi,Sindh,Pakistan,,,ایچ بی ایل پاکستان,,
0741ae68-84c6-5519-b1ca-15a12b7c8b71,4786100717,node,amenity,bank,میزان بینک,میزان بینک,,,,OSM,,,24.7945043,67.0647949,Karachi,Sindh,Pakistan,,,میزان بینک,,
6c8d7ac8-e8de-5f4e-ba07-c2ebf2ef3598,4786100720,node,amenity,atm,Askari Bank ATM,,,,,OSM,,,24.7927628,67.0633474,Karachi,Sindh,Pakistan,,,,,
b7b4db91-c0f2-5155-ac4e-b8858249bef9,4786102924,node,amenity,bank,Burj Bank Limited,,,,,OSM,,,24.7920622,67.0638886,Karachi,Sindh,Pakistan,,,,,
57e7811d-4c69-5e92-86a0-19fd4d461180,4786102931,node,amenity,bank,Bank AL Habib,,,,,OSM,,,24.7933332,67.0644422,Karachi,Sindh,Pakistan,,,,,
a00ad225-14cb-5ef1-8c14-d1611cd2d6d6,5142577979,node,amenity,atm,Meezan Bank - ATM,,,,,OSM,,,24.7944725,67.0647465,Karachi,Sindh,Pakistan,,,,,
53d0a6c8-1d39-5520-8afb-8c616bca7729,5142577980,node,amenity,atm,HBL BHUKHARI BRANCH - ATM,,,,,OSM,,,24.7937621,67.0638835,Karachi,Sindh,Pakistan,,,,,
18168346-8e12-596a-bd19-f80b22f00c8b,5142577981,node,amenity,atm,Askari Bank Ltd - ATM,,,,,OSM,,,24.7930425,67.0634309,Karachi,Sindh,Pakistan,,,,,
f43ad10c-0e5c-523f-b060-995bdc9fa1ce,5142578006,node,amenity,atm,Bank AL Habib - ATM,,,,,OSM,,,24.7933621,67.0644676,Karachi,Sindh,Pakistan,,,,,
ba3e2752-3411-5cc1-95df-800b4645d35b,5142578015,node,amenity,atm,Burj Bank Limited - ATM,,,,,OSM,,,24.791987,67.0639399,Karachi,Sindh,Pakistan,,,,,
d9e0effb-211a-5902-bb48-d550d6258692,5142578016,node,amenity,atm,Dubai Islamic Bank - ATM,,,,,OSM,,,24.7907768,67.0649859,Karachi,Sindh,Pakistan,,,,,
677004e9-68aa-5b1a-a142-928631e9760c,4786285961,node,amenity,bank,بینک الفلاح,بینک الفلاح,,,,OSM,,,24.7960612,67.0663206,Karachi,Sindh,Pakistan,,,بینک الفلاح,,
19c7ab84-6184-5253-8180-0e7e22c9c6a4,5122290057,node,amenity,atm,Bank Alfalah - ATM,,,,,OSM,,,24.7959827,67.06626,Karachi,Sindh,Pakistan,,,,,
8505b47c-94d8-5030-87f9-f999f9e349e3,484582364,way,place,neighbourhood,ڈی ایچ اے فیز 8 ایکسٹینشن,ڈی ایچ اے فیز 8 ایکسٹینشن,,,,OSM,,,24.7671992,67.0626625,Karachi,Sindh,Pakistan,,,,,
c1350d85-55b8-5f04-8275-1f3d51aece3b,484582363,way,place,neighbourhood,8 ڈی ایچ اے فیز,8 ڈی ایچ اے فیز,,,,OSM,,,24.7730453,67.0806657,Karachi,Sindh,Pakistan,,,,,
0a70d35a-4ab3-5f29-9c0f-8ab8bc9966b9,483516236,way,place,neighbourhood,6 ڈی ایچ اے فیز,6 ڈی ایچ اے فیز,,,,OSM,,,24.7967876,67.0616386,Karachi,Sindh,Pakistan,,,,,
1dbc5af9-8923-56d7-809b-5409645e6882,486821000,way,place,neighbourhood,5 ڈی ایچ اے فیز,5 ڈی ایچ اے فیز,,,,OSM,,,24.8039586,67.0487205,Karachi,Sindh,Pakistan,,,,,
065cb110-b86f-54d7-8866-0572bce27767,527563220,way,leisure,park,Captain Farhan Ali Shaheed Park,,,,,OSM,,,24.7766631,67.0538029,Karachi,Sindh,Pakistan,,,,,
106d4b6e-37bc-5be6-a425-0fdb9ea1524f,483170541,way,place,neighbourhood,Seaview Township,,Seaview Apartments,,,OSM,,,24.793517,67.0427433,Karachi,Sindh,Pakistan,,,,,
6046c217-ad87-5d7d-9992-66b41403fa6d,527559058,way,leisure,park,درخشاں پارک,درخشاں پارک,,,,OSM,,,24.7829972,67.0535685,Karachi,Sindh,Pakistan,,,,,
5572e218-44f7-5591-b796-788d3042b673,541466302,way,leisure,park,A.K. Khan Park,,,,,OSM,,,24.7972757,67.0365082,Karachi,Sindh,Pakistan,,,,,
a820f424-f121-510e-8cd1-6e462f601198,1137819003,way,healthcare,hospital,,,,,,OSM,,,24.7793877,67.0655547,Karachi,Sindh,Pakistan,,,,,
0dc37188-a174-5fdd-bd06-f9d5ab9d808f,1137821343,way,amenity,police,,,,,,OSM,,,24.7787226,67.0652918,Karachi,Sindh,Pakistan,,,,,
6b4a9bd1-5da2-5179-9932-a5bab789dfaf,221697426,way,leisure,park,Nishat Park,,,,,OSM,,,24.7997583,67.0664682,Karachi,Sindh,Pakistan,,,,,
2fd6c4e5-3df9-5c14-b623-afa2434022b2,5117759534,node,amenity,marketplace,Tyre Market,,,,,OSM,,,24.8181695,67.0007954,Karachi,Sindh,Pakistan,,,,,
c489cd29-d23a-5278-8e0f-1e5c67cd3443,5306005133,node,healthcare,hospital,Sick Bay NORE-I,,,,,OSM,,,24.840638,67.0032521,Karachi,Sindh,Pakistan,,,,,
f9f900b4-eb53-528a-b7da-88fa9e7772ab,4732355446,node,amenity,bank,Soneri Bank Bharia Complex 3,,,,,OSM,,,24.8439472,67.0030269,Karachi,Sindh,Pakistan,,,,Soneri Bank,
db94ff03-d863-5571-a771-68ab738d8b10,4732895250,node,amenity,atm,Summit Bank ATM,,,,,OSM,,,24.8425355,67.0030548,Karachi,Sindh,Pakistan,,,,Summit Bank,
acc8bfbf-1dd8-51f6-b7cc-ed197575643c,5128462826,node,amenity,atm,Summit Bank ATM - Lalazar,,,,,OSM,,,24.8426247,67.0025709,Karachi,Sindh,Pakistan,,,,,
b4bca1b3-4eec-5c66-9ee8-f2e995abe2da,5128462851,node,amenity,atm,Soneri Bank ATM - Bahria Complex 3,,,,,OSM,,,24.8439496,67.0030472,Karachi,Sindh,Pakistan,,,,,
80bb3d89-07ca-5423-bdac-8b0b435585fc,8633769213,node,tourism,museum,TDF MagnifiScience Centre,,,,,OSM,,,24.8467603,67.0029824,Karachi,Sindh,Pakistan,,,,The Dawood Foundation,
6e361883-1dd6-5151-9f1b-ecaf66a26c40,4724172663,node,amenity,bank,بینک الفلاح,بینک الفلاح,,,,OSM,,,24.8488603,67.0001302,Karachi,Sindh,Pakistan,,,بینک الفلاح,,
e3058564-1220-5a09-bef6-a3c08068167e,4724172666,node,amenity,bank,National Bank of Pakistan - I.I. Chundrigar Road,,,,,OSM,,,24.8491817,67.0025148,Karachi,Sindh,Pakistan,,,,National Bank,
bb8ed390-5304-52cb-ad23-fefc67ab1c5c,4803891142,node,amenity,bank,فیصل بینک,فیصل بینک,,,,OSM,,,24.8492208,67.0010955,Karachi,Sindh,Pakistan,,,فیصل بینک,,
ec1ab6ef-a04c-5b59-92bc-a5dece3f4f3c,4803891143,node,amenity,bank,UBL City Building - I.I. Chundrigar Road,,,,,OSM,,,24.8492715,67.0013189,Karachi,Sindh,Pakistan,,,,U,
fccc1d2b-728c-53db-8c8d-f33c7a1942c7,4803891149,node,amenity,bank,سونیری بینک,سونیری بینک,,,,OSM,,,24.8493608,67.0025982,Karachi,Sindh,Pakistan,,,سونیری بینک,سونیری بینک,
d2c24c85-aaf1-5dc9-b26e-bbfa6f5d9737,4803891154,node,amenity,bank,UBL Head Office,,,,,OSM,,,24.8499857,67.0036857,Karachi,Sindh,Pakistan,,,,,
56beef26-0bed-57dc-ab67-cb7c76ccdb94,6784420007,node,place,neighbourhood,Central Business District,,,,,OSM,,,24.8491813,67.00327,Karachi,Sindh,Pakistan,,,,,
5d2ff92e-2a89-55d7-8e36-389a98bd6154,4784947864,node,healthcare,clinic,نیشنل ایڈز سینٹر,نیشنل ایڈز سینٹر,,,,OSM,,,24.8136368,67.0048476,Karachi,Sindh,Pakistan,,,,,
6bf8a7f6-fa0d-51bb-aa96-a6b215e9b7a9,4724246489,node,amenity,bank,عسکری بینک,عسکری بینک,,,,OSM,,,24.8119598,67.0169816,Karachi,Sindh,Pakistan,,,عسکری بینک,,
06d79b57-ffcb-5424-89b6-b21739a21468,4793074421,node,amenity,bank,ویسٹرن یونین,ویسٹرن یونین,,,,OSM,,,24.8119734,67.0169041,Karachi,Sindh,Pakistan,,,ویسٹرن یونین,,
82030b33-80be-553f-8059-4d2832729291,4788556575,node,amenity,bank,ایچ بی ایل پاکستان,ایچ بی ایل پاکستان,,,,OSM,,,24.8023917,67.0300796,Karachi,Sindh,Pakistan,,,ایچ بی ایل پاکستان,,
c86fb3a0-f66a-5f34-9593-ca6e3deb046a,4788568331,node,amenity,bank,اسٹینڈرڈ چارٹرڈ,اسٹینڈرڈ چارٹرڈ,,,,OSM,,,24.8023821,67.0298624,Karachi,Sindh,Pakistan,,,اسٹینڈرڈ چارٹرڈ,اسٹینڈرڈ چارٹرڈ,
01242873-4823-5933-aa87-283e2bdf8fe4,4788568332,node,amenity,bank,Summit Bank - Dolmen Mall Clifton,,,,,OSM,,,24.8025056,67.0299863,Karachi,Sindh,Pakistan,,,,,
99be082b-4694-5946-a22f-7ec74ebd6018,4801879003,node,amenity,bank,ایچ بی ایل پاکستان,ایچ بی ایل پاکستان,,,,OSM,,,24.8040598,67.0292936,Karachi,Sindh,Pakistan,,,ایچ بی ایل پاکستان,,
fd783a14-c5c0-5fa7-ade1-05f428bb21af,4723934045,node,amenity,bank,Faysal Bank Clifton Block 2,,,,,OSM,,,24.8112773,67.0171841,Karachi,Sindh,Pakistan,,,,,
bd63e563-1603-50bd-bb56-ff48f2d4f44d,4723934046,node,amenity,bank,Habib Metropolitian Bank,,,,,OSM,,,24.8112572,67.0172899,Karachi,Sindh,Pakistan,,,,,
128310c4-3c91-5f49-95cf-0179eedcb10b,4723934047,node,amenity,bank,دبئی اسلامی بینک,دبئی اسلامی بینک,,,,OSM,,,24.8105834,67.0180544,Karachi,Sindh,Pakistan,,,دبئی اسلامی بینک,,
175f4226-8793-55ed-a5b4-8514b7428695,4723934048,node,amenity,bank,بینک الفلاح,بینک الفلاح,,,,OSM,,,24.8106299,67.0180759,Karachi,Sindh,Pakistan,,,بینک الفلاح,,
c9d650f0-4bce-5a69-96c4-25e419f993ce,4723934049,node,amenity,bank,NIB,,,,,OSM,,,24.8108233,67.0181551,Karachi,Sindh,Pakistan,,,,MCB,
705a027c-274c-5625-a8e4-c52b32b3a311,4723986644,node,amenity,bank,ایم سی بی بینک,ایم سی بی بینک,,,,OSM,,,24.8146725,67.0198198,Karachi,Sindh,Pakistan,,,ایم سی بی بینک,,
8b7a2dff-e380-53b7-a3f5-8cffbc1a7b9b,4724246286,node,amenity,bank,Al-Falah,,,,,OSM,,,24.8122761,67.0187786,Karachi,Sindh,Pakistan,,,HBL,Habib Bank Limited,
d42a4220-0176-5a53-97cc-950bb9fa55dc,4742815622,node,amenity,bank,Bank Al Habb,,,,,OSM,,,24.8113123,67.0182986,Karachi,Sindh,Pakistan,,,,,
618850b9-468c-5a39-abd2-ef373494fb7e,5128455357,node,healthcare,clinic,Infinity Eye Care Centre,,,,,OSM,,,24.814065,67.0232722,Karachi,Sindh,Pakistan,,,,,
ebf05ed6-acf7-58cb-aa35-0ee556f66e0e,5156661945,node,amenity,bank,میزان بینک,میزان بینک,,,,OSM,,,24.8109865,67.017771,Karachi,Sindh,Pakistan,,,میزان بینک,,
e2c18fe2-48bf-5dbc-9bb0-467ffc672357,12202023620,node,amenity,bank,Faysal Bank,,,,,OSM,,,24.8112361,67.0171748,Karachi,Sindh,Pakistan,,,,,
7d187ed9-bfb8-5860-8c69-e60d55e37cd1,12202060922,node,amenity,bank,National Bank of Pakistan (NBP) | Clifton Block-2 Branch,,,,,OSM,,,24.813551,67.0191909,Karachi,Sindh,Pakistan,,,,,
d3168550-917f-58c5-bd53-0e75c87446c4,3813611062,node,amenity,police,Police Station Clifton,,,,,OSM,,,24.8136295,67.0290316,Karachi,Sindh,Pakistan,,,,,
9b7a79db-b0b3-5d7b-9200-7d825e6888a4,4771789121,node,amenity,bank,Sindh Bank - Head Office,,,,,OSM,,,24.8147317,67.0259597,Karachi,Sindh,Pakistan,,,,,
dba56491-0c7a-53fa-9e0f-ca19ba6f62b7,4771789122,node,amenity,atm,Back Al Falah,,,,,OSM,,,24.8143329,67.0276226,Karachi,Sindh,Pakistan,,,,,
c0ee283a-1991-5ab7-aa71-023ad0f6e097,4771789123,node,amenity,bank,ویسٹرن یونین,ویسٹرن یونین,,,,OSM,,,24.8143791,67.0275414,Karachi,Sindh,Pakistan,,,ویسٹرن یونین,,
fc8dc9b7-d248-5a61-a7b2-2dfdcdedd460,5083800608,node,education,college,Pakistan Institute of Management,,,,,OSM,,,24.8140571,67.0280546,Karachi,Sindh,Pakistan,,,,,
0e7f2a28-b391-5658-83b7-63aa971def31,4788556568,node,healthcare,pharmacy,Farid Pharmacy,,,Dolman Mall Clifton,,OSM,,,24.8020259,67.030599,Karachi,Sindh,Pakistan,,,,,
c544f138-cd5e-5898-9a39-fff9379cbee2,4788568020,node,amenity,bank,Meezan Bank Ltd.,,,,,OSM,,,24.8014025,67.0367286,Karachi,Sindh,Pakistan,,,,,
66725a72-b6f9-5167-b967-e0a9fa3bb409,4338114395,node,amenity,bank,ایم سی بی بینک,ایم سی بی بینک,,,,OSM,,,24.8005521,67.0464085,Karachi,Sindh,Pakistan,,,ایم سی بی بینک,,
16a87ca3-9a89-5953-9966-0c38d4a0e163,4338117890,node,amenity,bank,بينک الحبيب,بينک الحبيب,,,,OSM,,,24.8005958,67.0463398,Karachi,Sindh,Pakistan,,,بينک الحبيب,,
cd3fb1e7-b2b9-5955-904b-c16f38137586,5104556239,node,amenity,bank,Bank Al Habib - ATM,,,,,OSM,,,24.8006115,67.0463211,Karachi,Sindh,Pakistan,,,,,
88f7e388-9eef-53fd-8a7d-45d9719d1188,5104556240,node,amenity,bank,MCB Bank - ATM,,,,,OSM,,,24.8005609,67.0463915,Karachi,Sindh,Pakistan,,,,,
37f14046-50ae-5748-b69c-dfd8c3eebf9b,4419280090,node,amenity,bank,UBL - Clifton 4,,,,,OSM,,,24.8026937,67.0309886,Karachi,Sindh,Pakistan,,,,United Bank Limited,
0a7de687-40a5-55a5-b12b-8517747ec988,4724068638,node,amenity,bank,دبئی اسلامی بینک,دبئی اسلامی بینک,,,,OSM,,,24.8080857,67.036603,Karachi,Sindh,Pakistan,,,دبئی اسلامی بینک,,
9664bbab-f637-55ec-bd0c-7fbd060eee09,4788499778,node,amenity,bank,Habib Metro Bank- Clifton 4,,,,,OSM,,,24.8027777,67.0308467,Karachi,Sindh,Pakistan,,,,,
58f5b9ea-39ec-5747-9d0c-7627561c88fc,4801771638,node,amenity,bank,Bank Alfalah - Tauheed Commercial,,,,,OSM,,,24.8082489,67.0363126,Karachi,Sindh,Pakistan,,,,,
ed914ffa-a0d7-5d70-b5c4-62e1cbe7eba8,4801771639,node,amenity,bank,National Bank - Tauheed Commercial,,,,,OSM,,,24.8081732,67.0364122,Karachi,Sindh,Pakistan,,,,,
45348288-31e9-5853-85cd-21ddcea7e819,4801878970,node,amenity,bank,دبئی اسلامی بینک,دبئی اسلامی بینک,,,,OSM,,,24.8084927,67.0359613,Karachi,Sindh,Pakistan,,,دبئی اسلامی بینک,,
be7f7f3d-0eb6-534d-9bca-d39bd1f9c4bb,4801879002,node,amenity,bank,MCB Bank- Clifton 4,,,,,OSM,,,24.8036969,67.0302994,Karachi,Sindh,Pakistan,,,,,
92a0e908-f399-55ba-9532-0060eb20e782,10134797318,node,amenity,bank,,,,,,OSM,,,24.8037419,67.0325983,Karachi,Sindh,Pakistan,,,,,
d5bc8d30-871e-5fe5-b68b-0e0b688eff23,4338110893,node,amenity,bank,Samba bank- Tauheed Commercial,,,,,OSM,,,24.8069721,67.0384182,Karachi,Sindh,Pakistan,,,,,
9801e9ee-defd-5bc2-a6e9-8a564a577746,4338129190,node,amenity,bank,اسٹینڈرڈ چارٹرڈ,اسٹینڈرڈ چارٹرڈ,,,,OSM,,,24.8071094,67.0381844,Karachi,Sindh,Pakistan,,,اسٹینڈرڈ چارٹرڈ,اسٹینڈرڈ چارٹرڈ,
d540b13e-f57c-59eb-b6d3-2974a43ca588,4727259239,node,amenity,bank,یونائیٹڈ بینک لمیٹڈ,یونائیٹڈ بینک لمیٹڈ,,,,OSM,,,24.807879,67.0373471,Karachi,Sindh,Pakistan,,,یونائیٹڈ بینک لمیٹڈ,,
37b682b3-ebd6-549f-ac37-7953d124e95a,4801763883,node,amenity,bank,Habib Metro Bank- Tauheed Commercial,,,,,OSM,,,24.8063866,67.0396125,Karachi,Sindh,Pakistan,,,,,
8057e5e0-8f3d-56d1-b4d8-19d956f5f49f,4801771640,node,amenity,bank,Sindh Bank- Tauheed Commercial,,,,,OSM,,,24.8078079,67.0369997,Karachi,Sindh,Pakistan,,,,,
4a2ca861-03eb-5dc2-9bc2-5ec0a3001cde,4801771641,node,amenity,bank,Silkbank,,,,,OSM,,,24.8079444,67.0371887,Karachi,Sindh,Pakistan,,,Silkbank Limited,,
32affced-ccc2-59ed-9614-5be32549c998,4801771647,node,amenity,bank,JS Bank- Tauheed Commercial,,,,,OSM,,,24.8074167,67.0378107,Karachi,Sindh,Pakistan,,,,,
d04e1794-5eb0-53ce-9c79-da3ba4719741,4801771653,node,amenity,bank,Meezan Bank Limited- Tauheed Commercial,,,,,OSM,,,24.8069609,67.0386685,Karachi,Sindh,Pakistan,,,,,
066887a5-bd1e-5870-b58c-e04be712e67b,4801771654,node,amenity,bank,NIB Bank- Tauheed Commercial,,,,,OSM,,,24.8068023,67.0387478,Karachi,Sindh,Pakistan,,,,,
3b899520-aede-54b8-a20a-d657d1c7a8f2,4948586921,node,amenity,bank,United Bank Limited - Tauheed Commercial,,,,,OSM,,,24.8076247,67.0372481,Karachi,Sindh,Pakistan,,,,UBL,
5655e8d2-da02-531e-ba37-398c5e43450e,5142556609,node,amenity,bank,سمٹ بینک,سمٹ بینک,,,,OSM,,,24.8064208,67.03973,Karachi,Sindh,Pakistan,,,سمٹ بینک,سمٹ بینک,
c43a70fc-e205-5d53-8145-538f7ccc6491,4801771632,node,healthcare,hospital,Oqaf Hospital,,,,,OSM,,,24.8091445,67.0356472,Karachi,Sindh,Pakistan,,,,,
c6044daf-6eda-57b2-ae83-0655c4b9d858,4801878957,node,amenity,bank,Meezan Bank,میزان بینک,,,,OSM,,,24.8099028,67.0320832,Karachi,Sindh,Pakistan,,,Meezan Bank,,
18e31643-331d-51e1-9bd7-d05933de1071,12145992905,node,leisure,park,PTCL Lawn,,,,,OSM,,,24.8126412,67.0302488,Karachi,Sindh,Pakistan,,,,,
ab636f68-4484-56f5-8f23-7660427f591e,4801763899,node,amenity,bank,National Savings Center - Tauheed Commercial,,,,,OSM,,,24.8091979,67.0379605,Karachi,Sindh,Pakistan,,,,,
b4a2442f-b4b8-52b7-ba5f-b2851700f891,12146266819,node,healthcare,clinic,Shams Clinic,,,,,OSM,,,24.8101743,67.0369279,Karachi,Sindh,Pakistan,,,,,
c038cd8a-6cf0-532c-9e84-c58df89470a7,4727729728,node,amenity,bank,Habib Metro Bank,,,,,OSM,,,24.813945,67.048679,Karachi,Sindh,Pakistan,,,,,
dc96474b-ef8b-5c4f-b7b2-5fe33a56faa0,4727729729,node,amenity,bank,بينک الحبيب,بينک الحبيب,,,,OSM,,,24.8133934,67.048187,Karachi,Sindh,Pakistan,,,بينک الحبيب,,
4ae60e2e-7a7c-5a3c-a9b0-9623a04e90e0,4785612478,node,amenity,bank,Meezan Bank - Khayaban e Shamsheer,,,,,OSM,,,24.815037,67.0496805,Karachi,Sindh,Pakistan,,,,,
dbf2a04c-5e6d-550c-8d20-bd67c58e9149,4790207749,node,amenity,bank,MCB Islamic Banking,,,,,OSM,,,24.8136736,67.0484005,Karachi,Sindh,Pakistan,,,,,
e25f97ea-b0e2-5d5e-8b44-ec05b8ac7d1d,5103667616,node,amenity,atm,,,,,,OSM,,,24.8134223,67.0481977,Karachi,Sindh,Pakistan,,,,Bank Al Habib - Khayaban e Shamsher,
6475c7c4-c36d-5516-a83d-b5bd031e7743,5103667617,node,amenity,atm,,,,,,OSM,,,24.8136819,67.0484083,Karachi,Sindh,Pakistan,,,,MCB,
9d79686c-2423-598f-945c-30e40d25d34a,5103667618,node,amenity,atm,,,,,,OSM,,,24.8139359,67.0486582,Karachi,Sindh,Pakistan,,,,Habib Metro Bank,
bae20ec7-80ca-55ae-a71c-a26f6131944c,5103667620,node,amenity,atm,,,,,,OSM,,,24.8150197,67.0496634,Karachi,Sindh,Pakistan,,,,Meezan Bank - Khayaban e Shamsheer,
406354b5-c23c-580e-94d2-add779b51fd7,5236289023,node,amenity,bank,دبئی اسلامی بینک,دبئی اسلامی بینک,,,,OSM,,,24.8124019,67.049235,Karachi,Sindh,Pakistan,,,دبئی اسلامی بینک,,
6e6633c9-ada8-5697-82d5-cd226506869b,5236289024,node,amenity,atm,,,,,,OSM,,,24.8123922,67.0492578,Karachi,Sindh,Pakistan,,,,Dubai Islamic Bank,
a4aca9f3-798b-53ca-a087-8e8ce12c1d00,4727729735,node,amenity,bank,فیصل بینک,فیصل بینک,,,,OSM,,,24.8128315,67.0510146,Karachi,Sindh,Pakistan,,,فیصل بینک,,
e47bb5aa-3d87-5fd5-9e15-09497d6e1e84,4727729736,node,amenity,bank,بینک الفلاح,بینک الفلاح,,,,OSM,,,24.8131145,67.0513212,Karachi,Sindh,Pakistan,,,بینک الفلاح,,
2db1d4d6-094f-56f7-8ecb-399c33499d5f,4788412665,node,amenity,bank,فیصل بینک,فیصل بینک,,,,OSM,,,24.8122282,67.0537645,Karachi,Sindh,Pakistan,,,فیصل بینک,,
80511db0-6091-561c-a0ec-edaa255d4975,4727810879,node,amenity,bank,Meezan Bank,برگر کنگ,,,,OSM,,,24.8003394,67.0573124,Karachi,Sindh,Pakistan,,,برگر کنگ,,
e2f991c5-9c75-5549-9be5-f7ff839638a4,4786285965,node,amenity,bank,بینک اسلامی,بینک اسلامی,,,,OSM,,,24.8004389,67.0662107,Karachi,Sindh,Pakistan,,,بینک اسلامی,بینک اسلامی,
102deb28-e467-59aa-9860-851c5a9e0614,5121882556,node,amenity,atm,Bank Islami - ATM,,,,,OSM,,,24.8003607,67.066201,Karachi,Sindh,Pakistan,,,,,
d52e53d3-b461-549b-adba-4a348da46c63,4727729739,node,amenity,bank,یونائیٹڈ بینک لمیٹڈ,یونائیٹڈ بینک لمیٹڈ,,,,OSM,,,24.8077149,67.0622328,Karachi,Sindh,Pakistan,,,یونائیٹڈ بینک لمیٹڈ,,
91be8f1c-3a40-5576-937f-d82fc250f5c5,4769242974,node,amenity,bank,Habib Metro Bank,,,,,OSM,,,24.8082917,67.0616524,Karachi,Sindh,Pakistan,,,,,
75d84c18-1dd3-5d85-b721-af8df6de4c49,4769242976,node,amenity,bank,سمٹ بینک,سمٹ بینک,,,,OSM,,,24.8077586,67.0611294,Karachi,Sindh,Pakistan,,,سمٹ بینک,سمٹ بینک,
d52eda2c-68fb-5e5d-8f9b-344ca8d7e59b,4769242977,node,amenity,bank,دبئی اسلامی بینک,دبئی اسلامی بینک,,,,OSM,,,24.8074652,67.0608075,Karachi,Sindh,Pakistan,,,دبئی اسلامی بینک,,
6ecb3e15-e538-5b67-b23a-10c2fad46de7,4769251788,node,amenity,bank,عسکری بینک,عسکری بینک,,,,OSM,,,24.8075759,67.0621137,Karachi,Sindh,Pakistan,,,عسکری بینک,,
30152a12-514a-5995-a2e9-3822cbf3474e,4769319475,node,amenity,bank,اسٹینڈرڈ چارٹرڈ,اسٹینڈرڈ چارٹرڈ,,,,OSM,,,24.8083745,67.0621553,Karachi,Sindh,Pakistan,,,اسٹینڈرڈ چارٹرڈ,اسٹینڈرڈ چارٹرڈ,
13918f40-1287-5106-9902-9fb06789798b,4769319476,node,amenity,bank,بینک اسلامی,بینک اسلامی,,,,OSM,,,24.8086447,67.0619427,Karachi,Sindh,Pakistan,,,بینک اسلامی,بینک اسلامی,
41cfb6ee-6f5a-5b98-bacb-f18140a9eeb4,4769319477,node,amenity,bank,Habib bank,,,,,OSM,,,24.8082686,67.0622921,Karachi,Sindh,Pakistan,,,,,
49804428-9482-5d96-b49f-44196d906694,4769319478,node,amenity,bank,بينک الحبيب,بينک الحبيب,,,,OSM,,,24.8081262,67.0624744,Karachi,Sindh,Pakistan,,,بينک الحبيب,,
7fad47df-b1ff-5e39-b5e0-ee4cd046e20d,4769976989,node,amenity,bank,Al Baraka Bank,,,,,OSM,,,24.8079989,67.0613068,Karachi,Sindh,Pakistan,,,Al Baraka Bank Limited,,
4aaa9214-dac0-52f3-8022-524a067e94b5,4769976993,node,amenity,bank,فیصل بینک,فیصل بینک,,,,OSM,,,24.8073585,67.0606952,Karachi,Sindh,Pakistan,,,فیصل بینک,,
542087d1-1ee4-582e-96b2-88578a11e13f,4770056043,node,amenity,bank,Royal Money Exchange,,,,,OSM,,,24.8072856,67.0618399,Karachi,Sindh,Pakistan,,,,,
aeddb724-3925-5f7a-b7dd-08e5958cac93,4786285989,node,amenity,atm,نیشنل بینک آف پاکستان,نیشنل بینک آف پاکستان,,,,OSM,,,24.8040559,67.0629496,Karachi,Sindh,Pakistan,,,نیشنل بینک آف پاکستان,نیشنل بینک آف پاکستان,
3f26a5fa-6b8f-57ac-bbff-9d540947423c,5119486482,node,amenity,atm,Standard Chartard Bank - ATM,,,,,OSM,,,24.8084063,67.062124,Karachi,Sindh,Pakistan,,,,,
b9d145c0-5ad3-5585-80ef-4b0cca9fb976,5119486483,node,amenity,atm,Habib bank - ATM,,,,,OSM,,,24.8082383,67.0623319,Karachi,Sindh,Pakistan,,,,,
722a0b40-fe09-5822-a180-38bb913e5bc2,5119486484,node,amenity,atm,Bank Al Habib - ATM,,,,,OSM,,,24.8080959,67.0625196,Karachi,Sindh,Pakistan,,,Bank Al Habib,Bank Al Habib,
7473578e-a598-5e30-ac4e-04e89c66fa9d,5119486487,node,amenity,atm,Bank Islami - ATM,,,,,OSM,,,24.8086072,67.0619282,Karachi,Sindh,Pakistan,,,,,
f269a989-5c6f-5138-9002-ba7197fb9db7,5121664877,node,amenity,atm,Faysal Bank - ATM,,,,,OSM,,,24.8073302,67.0607266,Karachi,Sindh,Pakistan,,,Faysal Bank,Faysal Bank,
a0cfb396-0abc-50bb-bb43-18e740001f33,5121664878,node,amenity,atm,Dubai Islamic Bank - ATM,,,,,OSM,,,24.8074592,67.060854,Karachi,Sindh,Pakistan,,,Dubai Islamic Bank,Dubai Islamic Bank,
3db840ee-8146-53ea-8410-58f434ddc266,5121664879,node,amenity,atm,Summit Bank - ATM,,,,,OSM,,,24.8077867,67.0611517,Karachi,Sindh,Pakistan,,,Summit Bank,Summit Bank,
b28da521-3c4d-5c79-839b-41c40ec9ec5d,5121664880,node,amenity,atm,Al Baraka - ATM,,,,,OSM,,,24.8079523,67.0612738,Karachi,Sindh,Pakistan,,,,,
7232f511-b6f8-575f-a326-f25bb1c56634,5121664881,node,amenity,atm,Habib Metro Bank - ATM,,,,,OSM,,,24.8082493,67.0615835,Karachi,Sindh,Pakistan,,,,,
ba239ee3-3d2c-5f05-b8d5-cd2a65de2ad6,5121664882,node,amenity,atm,Askari Bank - ATM,,,,,OSM,,,24.8076053,67.0621482,Karachi,Sindh,Pakistan,,,,,
e14832d8-88d3-565c-baa6-033df65d103f,5121664883,node,amenity,atm,UBL - ATM,,,,,OSM,,,24.8077465,67.0622608,Karachi,Sindh,Pakistan,,,,United Bank Limited,
e1cb185b-82d7-5420-84b5-78a9147928d8,4769319479,node,amenity,bank,MCB,ایم سی بی بینک,,,,OSM,,,24.8089734,67.0622385,Karachi,Sindh,Pakistan,,,MCB,MCB,
cfd0a9e2-eab4-5631-bf27-1dc5347d8afe,4769319480,node,amenity,bank,Faisal Bank,,,,,OSM,,,24.8087342,67.0620219,Karachi,Sindh,Pakistan,,,,,
eb19f834-ced6-52cd-a614-31168e164c3f,4769319481,node,amenity,bank,Silkbank,,,,,OSM,,,24.8088249,67.0620896,Karachi,Sindh,Pakistan,,,Silkbank Limited,,
8e4c8bc2-a74c-5727-a568-e476af046333,4769319483,node,amenity,bank,اسٹینڈرڈ چارٹرڈ,اسٹینڈرڈ چارٹرڈ,,,,OSM,,,24.8093319,67.0625992,Karachi,Sindh,Pakistan,,,اسٹینڈرڈ چارٹرڈ,اسٹینڈرڈ چارٹرڈ,
73582b83-7951-579f-af23-87afde9d2996,4769319485,node,amenity,bank,یونائیٹڈ بینک لمیٹڈ,یونائیٹڈ بینک لمیٹڈ,,,,OSM,,,24.8094074,67.0626663,Karachi,Sindh,Pakistan,,,یونائیٹڈ بینک لمیٹڈ,,
82dfd238-b991-57af-be44-3b5ed0a6f571,4769976981,node,amenity,bank,Pak Currency Exchange,,,,,OSM,,,24.8096484,67.0629094,Karachi,Sindh,Pakistan,,,,,
5c9d2172-b117-5061-a1c5-2aff51cedc54,4769976983,node,amenity,bank,Allied Bank,الائیڈ بینک,,,,OSM,,,24.8095406,67.0628055,Karachi,Sindh,Pakistan,,,Allied Bank Limited,,
e81912dc-63af-582a-9174-b34746e7bd1a,4769976984,node,amenity,bank,Habib Metro,,,,,OSM,,,24.80947,67.0627244,Karachi,Sindh,Pakistan,,,,,
dc044839-991f-5ff3-92ba-f33a0fee05ba,5119486488,node,amenity,atm,Faisal Bank - ATM,,,,,OSM,,,24.8087046,67.0619953,Karachi,Sindh,Pakistan,,,,,
60a39c6d-f896-54b7-8d00-f8f0f0a32088,5119486489,node,amenity,atm,Silk Bank - ATM,,,,,OSM,,,24.8087752,67.0620516,Karachi,Sindh,Pakistan,,,,,
7b30324c-ec84-5fc4-9ff3-68727aa714bc,5119486490,node,amenity,atm,NIB - ATM,,,,,OSM,,,24.8089249,67.0621844,Karachi,Sindh,Pakistan,,,,,
1f8b8cbb-b7c0-52f0-a8ea-79e4d3c2e058,5119486491,node,amenity,atm,Standard Chartered Bank - ATM,,,,,OSM,,,24.8093041,67.0625726,Karachi,Sindh,Pakistan,,,Standard Chartered,Standard Chartered,
cd9956c4-e8c5-5ce2-a574-876d06ff8ba3,5119486492,node,amenity,atm,UBL - ATM,,,,,OSM,,,24.8093863,67.0626477,Karachi,Sindh,Pakistan,,,,,
41df9276-c4c6-55c5-894d-f7af3126b304,5119486493,node,amenity,atm,Habib Metro - ATM,,,,,OSM,,,24.8094393,67.062694,Karachi,Sindh,Pakistan,,,,,
9667c2c3-3ada-5285-a3b2-42a741429e56,5119486494,node,amenity,atm,Allied Bank - ATM,,,,,OSM,,,24.8095086,67.0627677,Karachi,Sindh,Pakistan,,,,,
8fa61743-c3e1-52c3-ae39-096bf1b09b42,4770061347,node,amenity,bank,MCB,ایم سی بی بینک,,,,OSM,,,24.8087276,67.0632239,Karachi,Sindh,Pakistan,,,MCB,,
9f413dc0-e9f6-5ae7-b4a0-91256f7daa16,4770061348,node,amenity,bank,Meezan Bank,میزان بینک,,,,OSM,,,24.8088883,67.0633902,Karachi,Sindh,Pakistan,,,Meezan Bank,,
05a79916-67d3-5484-a60e-68b37067e57a,4770061350,node,healthcare,pharmacy,Tesco Pharmacy,,,,,OSM,,,24.8089856,67.063468,Karachi,Sindh,Pakistan,,,,,
130cf6cc-6c93-5749-905d-026dcbd4cb5a,5119486485,node,amenity,atm,MCB - ATM,,,,,OSM,,,24.8087642,67.0632532,Karachi,Sindh,Pakistan,,,MCB,MCB,
4f55d7a0-fe6a-5216-b68c-7f37c32072b3,5119486486,node,amenity,atm,Meezan Bank - ATM,,,,,OSM,,,24.8089213,67.0634235,Karachi,Sindh,Pakistan,,,Meezan Bank,Meezan Bank,
190908b6-9603-5d0c-bd9a-85243ff77a3c,4338113596,node,amenity,bank,یونائیٹڈ بینک لمیٹڈ,یونائیٹڈ بینک لمیٹڈ,,,,OSM,,,24.8162153,67.0211255,Karachi,Sindh,Pakistan,,,یونائیٹڈ بینک لمیٹڈ,,
4d483c08-dc7b-57cb-a11e-f963a81c7207,4761891274,node,amenity,bank,Silkbank,,,,,OSM,,,24.8158076,67.0214813,Karachi,Sindh,Pakistan,,,Silkbank Limited,,
ab8f9b0a-ff3d-502a-af02-9a01d35b39cc,4761891275,node,amenity,bank,Samba Bank Limited,,,,,OSM,,,24.8157473,67.0215172,Karachi,Sindh,Pakistan,,,,,
6f37fc27-d776-5ae2-b416-674a281ebac7,4793060128,node,amenity,bank,Summit Bank,,,,,OSM,,,24.8165155,67.0207239,Karachi,Sindh,Pakistan,,,Summit Bank,,
86f82f79-46ff-50af-a5da-3893b6373c71,5678566623,node,amenity,bank,یونائیٹڈ بینک لمیٹڈ,یونائیٹڈ بینک لمیٹڈ,,,,OSM,,,24.8153003,67.0218549,Karachi,Sindh,Pakistan,,,یونائیٹڈ بینک لمیٹڈ,,
eb66edcd-d333-5538-a810-8d9b42eaf796,5818422455,node,amenity,bank,ایچ بی ایل پاکستان,ایچ بی ایل پاکستان,,,,OSM,,,24.8154477,67.0196148,Karachi,Sindh,Pakistan,,,ایچ بی ایل پاکستان,Habib Bank Limited,
7a735797-dce5-51c6-8dcb-3a85ebe0a67f,7079980076,node,healthcare,hospital,"Laser City Hair Transplant, Aesthetic & Cosmetic Surgery Centre",,,,,OSM,,,24.8157674,67.0216563,Karachi,Sindh,Pakistan,,,,Dr. Masood Ali Rajpar,
98c52b11-0efb-569a-b2d6-72364e338445,10605315201,node,healthcare,clinic,Zehra's Aesthetix,,,Salon and Aesthetic Clinic,,OSM,,,24.8172641,67.0231643,Karachi,Sindh,Pakistan,,,,zehrasaesthetix,
e541df24-7b15-58ab-a258-da5f838a5eff,5327511628,node,leisure,park,Aunty Park,,,,,OSM,,,24.8197998,67.0274515,Karachi,Sindh,Pakistan,,,,,
0a62e3b8-a028-554e-96d5-e8bc2825780c,3770051705,node,amenity,bank,اسٹینڈرڈ چارٹرڈ,اسٹینڈرڈ چارٹرڈ,,,,OSM,,,24.8270175,67.0288592,Karachi,Sindh,Pakistan,,,اسٹینڈرڈ چارٹرڈ,اسٹینڈرڈ چارٹرڈ,
06bfb5f8-7887-5b2c-8fe5-fe6cab9a2d5c,4759795941,node,amenity,bank,Askari Bank -Boat Basin,,,,,OSM,,,24.8268873,67.0268206,Karachi,Sindh,Pakistan,,,,,
ad88eca3-cdd9-598e-a508-1ae01be1840f,4761891260,node,amenity,bank,بینک اسلامی,بینک اسلامی,,,,OSM,,,24.8221776,67.0273577,Karachi,Sindh,Pakistan,,,بینک اسلامی,بینک اسلامی,
63100f84-1742-5328-9635-7133ee3cdcb5,4781198338,node,amenity,bank,Silkbank,,,,,OSM,,,24.8274259,67.0270899,Karachi,Sindh,Pakistan,,,Silkbank Limited,,
7250382c-17ef-5ff4-9f61-f29d73d6d9d1,4781198342,node,amenity,bank,Bank Alfalah Islamic Branch,,,,,OSM,,,24.8274674,67.0276017,Karachi,Sindh,Pakistan,,,,,
e82dbe89-a2dc-5dea-adf1-6125a5c4adbd,13285079614,node,leisure,park,Benezir Bhutto Park,,,,,OSM,,,24.8263049,67.0248345,Karachi,Sindh,Pakistan,,,,,
33492144-8033-5318-826c-001f7d1dfc57,5306005134,node,amenity,bank,سمٹ بینک,سمٹ بینک,,,,OSM,,,24.8402492,67.0047616,Karachi,Sindh,Pakistan,,,سمٹ بینک,سمٹ بینک,
a58e6151-01e8-58dc-b196-7ce6d48ea1a5,5306005137,node,amenity,bank,یونائیٹڈ بینک لمیٹڈ,یونائیٹڈ بینک لمیٹڈ,,,,OSM,,,24.8410739,67.0081295,Karachi,Sindh,Pakistan,,,یونائیٹڈ بینک لمیٹڈ,,
df4885e7-fe06-5560-9744-e567288e86e7,6553107988,node,healthcare,clinic,Meher Medical Centre,,,,,OSM,,,24.8410556,67.0174985,Karachi,Sindh,Pakistan,,,,,
b0935531-d1f8-5ece-b974-5e8e5483c074,5133405492,node,amenity,bank,بينک الحبيب,بينک الحبيب,,,,OSM,,,24.8217631,67.0347226,Karachi,Sindh,Pakistan,,,بينک الحبيب,,
b910c3bd-04f0-579e-810d-0dab2cfcfa4a,5133405493,node,amenity,atm,,,,,,OSM,,,24.8217226,67.0347368,Karachi,Sindh,Pakistan,,,,Bank AL Habib,
e9d090ab-15a9-55fa-a171-b9c89de23739,6681687691,node,place,neighbourhood,اولڈ کلفٹن,اولڈ کلفٹن,,,,OSM,,,24.8152446,67.0307363,Karachi,Sindh,Pakistan,,,,,
ec4ec196-9bbb-5a1d-beb2-4403393981d4,4725390720,node,amenity,bank,Soneri Bank- Zamzama,,,,,OSM,,,24.8172356,67.0402511,Karachi,Sindh,Pakistan,,,,,
ed4b0250-45c0-59e5-9257-41a0b4c466ca,4726232289,node,amenity,bank,Bank Islami- Zamzama,,,,,OSM,,,24.8162933,67.0424604,Karachi,Sindh,Pakistan,,,,,
aa37acad-dea6-5e86-90aa-c7ddf59dbc63,4774740055,node,amenity,bank,ویسٹرن یونین,ویسٹرن یونین,,,,OSM,,,24.8176821,67.0399587,Karachi,Sindh,Pakistan,,,ویسٹرن یونین,,
ef0789b6-c7a9-55ee-9c23-3d0a09d4516b,4804188798,node,amenity,bank,DIB Zamzama Branch,,,,,OSM,,,24.8178764,67.0395943,Karachi,Sindh,Pakistan,,,,,
528075af-d9fd-54e7-bc30-c65c20c819ac,4804188804,node,amenity,bank,Askari Bank,عسکری بینک,,,,OSM,,,24.8174298,67.0397174,Karachi,Sindh,Pakistan,,,Askari Bank,,
5d50ce4a-9239-5368-bfdc-e2127e426e0c,4804188812,node,amenity,bank,Faysal Bank,فیصل بینک,,,,OSM,,,24.8174662,67.0404815,Karachi,Sindh,Pakistan,,,Faysal Bank,,
8055dc23-b808-5dd4-9991-b23a8b2cbcc7,4805954521,node,amenity,bank,Bank Al Habib- Zamzama,,,,,OSM,,,24.816602,67.0421594,Karachi,Sindh,Pakistan,,,,,
32c78abe-5a13-59f4-aa42-5945554195a0,4805954532,node,amenity,bank,Burj Bank Limited- Zamzama,,,,,OSM,,,24.8162879,67.0429382,Karachi,Sindh,Pakistan,,,,,
22823ae7-eba2-5057-877a-284882920781,4805954556,node,amenity,bank,اسٹینڈرڈ چارٹرڈ,اسٹینڈرڈ چارٹرڈ,,,,OSM,,,24.8161411,67.0427245,Karachi,Sindh,Pakistan,,,اسٹینڈرڈ چارٹرڈ,اسٹینڈرڈ چارٹرڈ,
0a17379a-0e2e-5366-9d59-a2393c5673f0,4805954561,node,amenity,bank,MCB,ایم سی بی بینک,,,,OSM,,,24.8163974,67.0422046,Karachi,Sindh,Pakistan,,,MCB,MCB,
19bef5f6-b523-5d2c-a3ff-1ad5293b2e95,4805954581,node,amenity,bank,NIB Bank- Zamzama,,,,,OSM,,,24.8168198,67.0413163,Karachi,Sindh,Pakistan,,,,,
e8f730d2-e4cb-5b51-b30c-1fe568540d78,4806015473,node,amenity,bank,دبئی اسلامی بینک,دبئی اسلامی بینک,,,,OSM,,,24.8163717,67.0402881,Karachi,Sindh,Pakistan,,,دبئی اسلامی بینک,,
80eca8d1-9a26-589b-b7b9-981bba2ebc3a,4806015478,node,amenity,bank,Soneri Bank- Zamzama,,,,,OSM,,,24.8172784,67.0401023,Karachi,Sindh,Pakistan,,,,,
e3ac960b-8ceb-5786-bd74-72fc143b0856,4806015479,node,amenity,bank,جے ایس بینک,جے ایس بینک,,,,OSM,,,24.8171796,67.0404138,Karachi,Sindh,Pakistan,,,جے ایس بینک,,
aca4510d-7bc5-5b73-a83d-5985c708cfce,5103660350,node,amenity,atm,,,,,,OSM,,,24.8164042,67.0421816,Karachi,Sindh,Pakistan,,,,NIB - Zamzama,
47a0061d-7599-5392-91c4-12fa3d343240,5103660351,node,amenity,atm,,,,,,OSM,,,24.8163078,67.0424349,Karachi,Sindh,Pakistan,,,,Bank Islami - Zamzama,
d97a64d5-e21d-5c1b-b678-bd6b2f550ac5,5103660352,node,amenity,atm,,,,,,OSM,,,24.8161298,67.0427408,Karachi,Sindh,Pakistan,,,,SCB ATM- Zamzama,
f509a812-52a8-5063-98a7-720a1663aaee,5103660353,node,amenity,atm,,,,,,OSM,,,24.81659,67.042184,Karachi,Sindh,Pakistan,,,,Bank AL Habib ATM- Zamzama,
89088e7f-a353-5449-8231-411ac26bdd1e,5130890312,node,healthcare,clinic,Dr. Mitha's Dental Practice,,,,,OSM,,,24.8182284,67.0395664,Karachi,Sindh,Pakistan,,,,,
86892596-d7fd-5040-87bf-d4d8236e2944,4724026280,node,amenity,bank,دبئی اسلامی بینک,دبئی اسلامی بینک,,,,OSM,,,24.8283035,67.0341218,Karachi,Sindh,Pakistan,,,دبئی اسلامی بینک,,
b098d1d4-0d43-5428-a397-8d7925079ac5,4724026281,node,amenity,bank,یونائیٹڈ بینک لمیٹڈ,یونائیٹڈ بینک لمیٹڈ,,,,OSM,,,24.8268362,67.0346718,Karachi,Sindh,Pakistan,,,یونائیٹڈ بینک لمیٹڈ,,
798feb4f-9797-5e2d-9dbc-6e9dc8b07e98,4725390761,node,amenity,bank,MCB,ایم سی بی بینک,,,,OSM,,,24.8270901,67.0356195,Karachi,Sindh,Pakistan,,,MCB,MCB,
9b3f9c75-c718-5cf8-9f1c-e8b270bf0e7a,4725390783,node,amenity,bank,Askari Bank,عسکری بینک,,,,OSM,,,24.8262847,67.0354311,Karachi,Sindh,Pakistan,,,Askari Bank,,
c57a92cc-2d00-5a3d-8faf-54c808d4ee42,4781198328,node,amenity,bank,الائیڈ بینک لمیٹڈ,الائیڈ بینک لمیٹڈ,,,,OSM,,,24.8279015,67.0338886,Karachi,Sindh,Pakistan,,,الائیڈ بینک لمیٹڈ,,
d0a84465-dbea-5142-8b73-a64a0618b53d,4781198329,node,amenity,bank,Bank AL-Habib,,,,,OSM,,,24.827995,67.0339368,Karachi,Sindh,Pakistan,,,,,
06d1a36b-0fe3-5bba-80e6-71568f233411,4781198334,node,amenity,bank,ایچ بی ایل پاکستان,ایچ بی ایل پاکستان,,,,OSM,,,24.8276405,67.03033,Karachi,Sindh,Pakistan,,,ایچ بی ایل پاکستان,,
5e7e6bd2-b2c5-5f0d-8457-4d7ad6d0b86e,4781198335,node,amenity,bank,Sindh Bank Limited,,,,,OSM,,,24.8276533,67.0304957,Karachi,Sindh,Pakistan,,,,,
2ba89b77-ff16-51c8-ae92-0a2bacfc5bf5,4790259253,node,amenity,bank,MCB,ایم سی بی بینک,,,,OSM,,,24.825728,67.0344649,Karachi,Sindh,Pakistan,,,MCB,MCB,
942ea9f1-3462-54ff-8cee-598930903e11,4790259254,node,amenity,bank,نیشنل بینک آف پاکستان,نیشنل بینک آف پاکستان,,,,OSM,,,24.8257057,67.0348837,Karachi,Sindh,Pakistan,,,نیشنل بینک آف پاکستان,,
4322def2-2388-589f-b674-f31851851ef5,4790259255,node,amenity,bank,First Women Bank - Clifton 5 Branch,,,,,OSM,,,24.825735,67.0345642,Karachi,Sindh,Pakistan,,,,,
13199a2e-1f90-548e-9ccd-9ef6fd071949,4790259256,node,amenity,bank,National Savings Clifton,,,,,OSM,,,24.8259252,67.0341286,Karachi,Sindh,Pakistan,,,,,
406ca3e9-7dae-5a63-960f-264cc7d822c8,4790259258,node,amenity,bank,سمٹ بینک,سمٹ بینک,,,,OSM,,,24.8272392,67.0327881,Karachi,Sindh,Pakistan,,,سمٹ بینک,سمٹ بینک,
280fec5e-19f1-50f7-b6fa-31a48e94991a,4790259261,node,amenity,bank,Samba Bank,,,,,OSM,,,24.8278025,67.0332049,Karachi,Sindh,Pakistan,,,,,
c428c54f-eacf-5bde-8875-d86faa28b2c2,4792649074,node,amenity,bank,فیصل بینک,فیصل بینک,,,,OSM,,,24.8273517,67.0340716,Karachi,Sindh,Pakistan,,,فیصل بینک,,
6fea5a7a-d393-5321-9bdf-a533b6b3c965,4803710064,node,amenity,bank,بینک الفلاح,بینک الفلاح,,,,OSM,,,24.8262715,67.035915,Karachi,Sindh,Pakistan,,,Bank Alfalah,,
2b9b4b6a-21a1-54ee-869b-f6f097a09683,4803710065,node,amenity,bank,اسٹینڈرڈ چارٹرڈ,اسٹینڈرڈ چارٹرڈ,,,,OSM,,,24.8275435,67.036506,Karachi,Sindh,Pakistan,,,اسٹینڈرڈ چارٹرڈ,اسٹینڈرڈ چارٹرڈ,
bd247a5e-7af1-50cf-b526-92b7455a791d,5130890304,node,healthcare,clinic,Dental Care Centre,,,,,OSM,,,24.8269218,67.0363543,Karachi,Sindh,Pakistan,,,,,
e085216f-72b8-518f-a322-8c473713c3d8,5142385320,node,amenity,bank,MCB,ایم سی بی بینک,,,,OSM,,,24.8263082,67.0347842,Karachi,Sindh,Pakistan,,,MCB,,
20772e2e-9a67-5aae-a93f-57f360821caa,5149550196,node,amenity,atm,,بینک الفلاح,,,,OSM,,,24.8262684,67.0359542,Karachi,Sindh,Pakistan,,,Bank Alfalah,Bank Alfalah,
a40cf26d-d299-53fc-b4ff-6a56cf1377d6,5149550197,node,amenity,atm,,عسکری بینک,,,,OSM,,,24.8263261,67.0354901,Karachi,Sindh,Pakistan,,,Askari Bank,Askari Bank,
f022593a-2621-5010-bbbb-10ed0c798067,5156586844,node,amenity,bank,الائیڈ بینک لمیٹڈ,الائیڈ بینک لمیٹڈ,,,,OSM,,,24.8238248,67.0355304,Karachi,Sindh,Pakistan,,,الائیڈ بینک لمیٹڈ,,
1e7a0d5c-23ae-5933-aafc-514b58cc2789,5156586851,node,amenity,bank,Industrial and Commercial Bank of China (ICBC) - Ocean Mall,,,,,OSM,,,24.8237566,67.0353486,Karachi,Sindh,Pakistan,,,,,
19c77a9f-26d6-5862-9353-52089fafd5f2,5156802930,node,amenity,atm,,,,,,OSM,,,24.8217988,67.0340649,Karachi,Sindh,Pakistan,,,,Summit Bank ATM - Emerald Mall,
0a3e6c44-1da1-541b-a912-19872919595a,5297630132,node,healthcare,hospital,Behtar Zindagi Center - Minerva,,,,,OSM,,,24.8275272,67.0362853,Karachi,Sindh,Pakistan,,,,,
778eab3f-548e-5cd5-ac71-25833f43057f,6447585541,node,amenity,bank,Someri Bank,,,,,OSM,,,24.8281188,67.033937,Karachi,Sindh,Pakistan,,,,,
05726ef0-264c-5952-8e20-e74bc4f2afc9,12260980617,node,healthcare,pharmacy,"Clifton Center, Karachi - DVAGO Pharmacy & Wellness Experts",,,,,OSM,,,24.8272279,67.0339407,Karachi,Sindh,Pakistan,,,,,
c154be63-c119-58aa-80d9-e4b57c3af356,12260990192,node,amenity,marketplace,Stylish enterprises & Big marketing sell,,,,,OSM,,,24.8270253,67.0337596,Karachi,Sindh,Pakistan,,,,,
aee07f5e-90a3-5efe-8497-16753dbf3205,12261017969,node,healthcare,clinic,HSB Aesthetic Laser & Hair Transplant Centre,,,,,OSM,,,24.8269717,67.0337724,Karachi,Sindh,Pakistan,,,,,
624fd0f2-f1cc-561f-b79f-b1d8cc8257a2,12293849192,node,healthcare,clinic,Clinic5 - For Women and Children,,,,,OSM,,,24.8271798,67.0363388,Karachi,Sindh,Pakistan,,,,,
d2ca07cf-a5b5-5b19-b4b8-84a61b930869,4790222410,node,amenity,bank,ایم سی بی بینک,ایم سی بی بینک,,,,OSM,,,24.8266333,67.0431474,Karachi,Sindh,Pakistan,,,ایم سی بی بینک,,
c9f5d631-2fe4-51e5-8183-702e7be1f747,4803710077,node,amenity,atm,Bank Al Habib ATM,,,,,OSM,,,24.8276278,67.0378766,Karachi,Sindh,Pakistan,,,,,
05e975c7-713b-55b7-967b-7c776ec03c75,12299672323,node,amenity,bank,The Bank of Khyber,,,,,OSM,,,24.8282215,67.0380907,Karachi,Sindh,Pakistan,,,,,
8a782660-d9f4-5f66-87d9-50c168f97744,4803710042,node,amenity,bank,ایچ بی ایل پاکستان,ایچ بی ایل پاکستان,,,,OSM,,,24.8217538,67.0464456,Karachi,Sindh,Pakistan,,,ایچ بی ایل پاکستان,,
582b5eaa-ce2d-52b4-bff0-774296c56a8f,4803710043,node,amenity,bank,NIB,,,,,OSM,,,24.8216283,67.0465127,Karachi,Sindh,Pakistan,,,,MCB,
6d29db36-eb1f-5d8f-b652-3286ada35db3,4803710048,node,amenity,bank,یونائیٹڈ بینک لمیٹڈ,یونائیٹڈ بینک لمیٹڈ,,,,OSM,,,24.8209106,67.0469355,Karachi,Sindh,Pakistan,,,یونائیٹڈ بینک لمیٹڈ,,
f0faebbf-e75b-5412-8fc9-b37cb559dcf0,12169943292,node,leisure,park,"2nd Gizri Ln, D.H.A. Phase 4 Phase 4 Defence Housing Authority,",,,,,OSM,,,24.8202404,67.04929,Karachi,Sindh,Pakistan,,,,,
909b0a80-1b3c-562d-bf38-952ba8e14298,12169958409,node,healthcare,hospital,NICVD Chest Pain Unit Under Gizri Flyover,,,,,OSM,,,24.8188869,67.0487052,Karachi,Sindh,Pakistan,,,,,
398d6003-cb99-5dc3-9106-633ce2cc48cd,12169900600,node,landuse,cemetery,Gizri Graveyard,,,,,OSM,,,24.818411,67.0540341,Karachi,Sindh,Pakistan,,,,,
7252a562-942d-5c9a-af0e-6ca4a4cb3a78,12169935628,node,landuse,cemetery,Gizri Graveyard Gate 4,,,,,OSM,,,24.8190927,67.0549192,Karachi,Sindh,Pakistan,,,,,
bcfb5e51-50d6-56f0-ac13-8c5cabc10d3f,4790222409,node,amenity,bank,Apna Microfinance Bank Limited,,,,,OSM,,,24.825725,67.0436928,Karachi,Sindh,Pakistan,,,,,
e942daca-a5d5-5f97-a116-f63f23c1c19f,4801932708,node,amenity,bank,میزان بینک,میزان بینک,,,,OSM,,,24.8248585,67.0441634,Karachi,Sindh,Pakistan,,,میزان بینک,,
fd8205ca-858a-57a4-8355-8403a171c121,4801932711,node,amenity,bank,دبئی اسلامی بینک,دبئی اسلامی بینک,,,,OSM,,,24.8244113,67.044425,Karachi,Sindh,Pakistan,,,دبئی اسلامی بینک,,
f81a419e-0f3a-5a5f-93b7-7cff7a378f9e,4790207785,node,amenity,bank,UBL Ameen Head Office,,,,,OSM,,,24.8282148,67.0564186,Karachi,Sindh,Pakistan,,,,,
891bd6ff-a81e-5d00-b079-2f4856e976d0,4790207786,node,amenity,bank,ایچ بی ایل پاکستان,ایچ بی ایل پاکستان,,,,OSM,,,24.8274917,67.0552315,Karachi,Sindh,Pakistan,,,ایچ بی ایل پاکستان,,
1300fa56-579e-590b-9b39-f8344ef7c5b7,4790222405,node,amenity,bank,اسٹینڈرڈ چارٹرڈ,اسٹینڈرڈ چارٹرڈ,,,,OSM,,,24.8280395,67.05431,Karachi,Sindh,Pakistan,,,اسٹینڈرڈ چارٹرڈ,اسٹینڈرڈ چارٹرڈ,
b7eb622d-3c10-52fb-838a-ae758235910e,4804188775,node,amenity,bank,بینک اسلامی,بینک اسلامی,,,,OSM,,,24.8278796,67.0544038,Karachi,Sindh,Pakistan,,,بینک اسلامی,بینک اسلامی,
b88b8385-971c-52e4-9574-63e0538211e0,4804188777,node,amenity,bank,فیصل بینک,فیصل بینک,,,,OSM,,,24.8279626,67.0550693,Karachi,Sindh,Pakistan,,,فیصل بینک,,
25c62805-4b31-5ff7-9f28-5011cfec0667,4804188779,node,amenity,bank,UBL Ameen Head Office,,,,,OSM,,,24.8280628,67.0557245,Karachi,Sindh,Pakistan,,,,,
c0aa5a44-628c-5bfc-9944-826d2a40319c,5132288239,node,amenity,atm,Standard Chartered - ATM,,,,,OSM,,,24.8280119,67.0543309,Karachi,Sindh,Pakistan,,,,,
2d24a7f0-1710-52d9-89a0-5b75c172a258,5132288240,node,amenity,atm,Bank Islami - ATM,,,,,OSM,,,24.8278859,67.0544851,Karachi,Sindh,Pakistan,,,,,
bd63a257-38ac-5ec1-bb41-793630493efa,5132288241,node,amenity,atm,Faysal Bank - ATM,,,,,OSM,,,24.827976,67.0551395,Karachi,Sindh,Pakistan,,,,,
19b2df1d-aaf1-5354-8a34-cbc161e6555b,5132697063,node,amenity,atm,Meezan Bank - ATM,,,,,OSM,,,24.827449,67.0554185,Karachi,Sindh,Pakistan,,,,,
1085561b-a726-5f8d-8dbf-020912451cbd,5132697064,node,amenity,atm,HBL Islamic Banking - ATM,,,,,OSM,,,24.8274977,67.0552763,Karachi,Sindh,Pakistan,,,,,
780dfcd2-71cb-50d0-ac05-6f7a8838c2e3,4762112451,node,amenity,bank,Bank Al Habib,بينک الحبيب,,,,OSM,,,24.8347555,67.0356845,Karachi,Sindh,Pakistan,,,Bank Al Habib,,
68865888-4111-5780-80f0-338d57b6a53e,4762112456,node,amenity,bank,Faysal Bank,فیصل بینک,,,,OSM,,,24.834134,67.0347095,Karachi,Sindh,Pakistan,,,Faysal Bank,,
10258f64-9d0e-58d4-ac38-14506924ccdc,4772081040,node,amenity,bank,NBP Bank,,,,,OSM,,,24.8292174,67.0348247,Karachi,Sindh,Pakistan,,,,,
8ce7a17d-f8a7-5e2d-8cac-65cf50a103de,4801407740,node,healthcare,pharmacy,Sindh Chemist,,,,,OSM,,,24.8343499,67.0329211,Karachi,Sindh,Pakistan,,,,,
141b47dd-3554-50f8-942a-73178546c1ea,4801407746,node,amenity,atm,HBL ATM,ایچ بی ایل پاکستان,,,,OSM,,,24.8332478,67.0340496,Karachi,Sindh,Pakistan,,,HBL Bank,HBL Bank,
92cedffd-8ee0-5bc0-a197-98e280e8bbab,4801407762,node,amenity,bank,جے ایس بینک,جے ایس بینک,,,,OSM,,,24.8329807,67.0335586,Karachi,Sindh,Pakistan,,,جے ایس بینک,جے ایس بینک,
2b4beef7-34c6-5de9-83e5-e8088e993c4c,4801407763,node,amenity,bank,Meezan Bank,میزان بینک,,,,OSM,,,24.8328955,67.0335801,Karachi,Sindh,Pakistan,,,Meezan Bank,,
5f47fe86-21a6-5a29-b756-2ffbeb36c005,4801407769,node,amenity,atm,HBL ATM,ایچ بی ایل پاکستان,,,,OSM,,,24.8300304,67.0338644,Karachi,Sindh,Pakistan,,,HBL Bank,HBL Bank,
d51aac43-5191-592b-a2c3-9c34801ea601,4801407770,node,amenity,bank,Meezan Bank,میزان بینک,,,,OSM,,,24.8299136,67.034154,Karachi,Sindh,Pakistan,,,Meezan Bank,,
6eab6c25-f29a-57f0-a59c-632db62b536c,4801407775,node,amenity,bank,Askari Bank,عسکری بینک,,,,OSM,,,24.8301027,67.0350796,Karachi,Sindh,Pakistan,,,Askari Bank,,
27cfceea-0fef-55ef-b026-c29683ce26ca,4801407797,node,amenity,bank,Habib Metro Clifton Branch,,,,,OSM,,,24.8288965,67.0342703,Karachi,Sindh,Pakistan,,,,,
9cf992d6-3092-5958-9ed4-6b523cc5ab31,5128441355,node,healthcare,hospital,Hilal-e-Ahmer Hospital (Red Crescent),,,,,OSM,,,24.8340497,67.0332282,Karachi,Sindh,Pakistan,,,,,
a9759fd6-9131-52db-a367-bf147ec73a0f,5128441356,node,healthcare,clinic,Agha Khan Laboratory,,,,,OSM,,,24.8343283,67.0332059,Karachi,Sindh,Pakistan,,,,,
dda14f43-f096-575a-96ff-76c214fd12c3,5128441357,node,healthcare,hospital,"Jps (CT Scan, MRI & MRA) Diagnostic Centre",,,,,OSM,,,24.8338284,67.0328847,Karachi,Sindh,Pakistan,,,,,
0b14ec37-689f-55d9-a20f-41e82d34db34,5130272625,node,healthcare,clinic,Dr. Shaukat Ali Clinic,,,,,OSM,,,24.8341519,67.0332708,Karachi,Sindh,Pakistan,,,,,
03abf824-717d-5242-9e70-13a9989f5847,5130890299,node,healthcare,hospital,Concept Fertility Centre,,,,,OSM,,,24.8321169,67.035442,Karachi,Sindh,Pakistan,,,,,
b48c6c26-9e2b-5e41-bedb-d1b5d220b6fa,5133028132,node,healthcare,hospital,Shaukat Khanum Memorial Trust,,,,,OSM,,,24.8346954,67.033251,Karachi,Sindh,Pakistan,,,,,
ec690b7c-8db1-53a8-a27a-f49f1b9df510,12293786477,node,healthcare,hospital,Aziz Medicare Clifton Branch,,,,,OSM,,,24.8301244,67.0338174,Karachi,Sindh,Pakistan,,,,,
e138a62a-c428-5f2a-996c-7ac8c6072742,12293799230,node,healthcare,hospital,Concept Fertility Centre Pakistan,,,,,OSM,,,24.8296839,67.0330368,Karachi,Sindh,Pakistan,,,,,
99ea8377-c982-5e9e-950f-9de18a5d8edc,12293804831,node,amenity,bank,HBL Microfinance Bank,,,,,OSM,,,24.8300161,67.0335679,Karachi,Sindh,Pakistan,,,,,
d4fc02ad-11fd-52a9-b8ef-df6733b2ac01,4811628321,node,amenity,atm,,,,,,OSM,,,24.8317865,67.0416238,Karachi,Sindh,Pakistan,,,,Bank alhabib,
5854a199-fd66-586c-b863-16448a68e649,4811628421,node,amenity,atm,,,,,,OSM,,,24.832092,67.0411203,Karachi,Sindh,Pakistan,,,,Habib bank limited,
acd5462c-0c96-54ae-aba1-610e80c679a3,5130890305,node,healthcare,hospital,Jamiyat Hospital,,,,,OSM,,,24.8321916,67.0409978,Karachi,Sindh,Pakistan,,,,,
02f4fb43-8785-5c3a-90fb-a37eca23b6fd,12161779047,node,healthcare,hospital,B.H.Y Hospital (Dr. Ahmed S.Y Dermatologist),,,,,OSM,,,24.8321149,67.0407798,Karachi,Sindh,Pakistan,,,,,
5628ba17-563c-5bba-8998-a62176dcf8ed,12161817397,node,healthcare,hospital,Begum Haji Yousuf Hospital,,,,,OSM,,,24.8321465,67.0409233,Karachi,Sindh,Pakistan,,,,,
1dd6e660-0d8c-52b0-9125-601287e54290,12161948210,node,amenity,bank,Askari Bank عسکری بینک,,,,,OSM,,,24.8319798,67.0394937,Karachi,Sindh,Pakistan,,,,,
3a054947-1257-5e0e-9e1d-6b3c9442d97f,12299639139,node,leisure,park,CBC Park & Playground Clifton Block 8,,,,,OSM,,,24.8296273,67.0370768,Karachi,Sindh,Pakistan,,,,,
80318e27-650c-59f3-9ca1-d4e9ddee17e5,12299647350,node,healthcare,clinic,Mother Care Maternity Clinic,,,,,OSM,,,24.8293084,67.0373859,Karachi,Sindh,Pakistan,,,,,
293283f6-daac-53cb-9c13-9ca0b5b2d5dc,12299650644,node,leisure,park,Abdullah Park,,,,,OSM,,,24.82939,67.0369668,Karachi,Sindh,Pakistan,,,,,
eefbc744-e604-5704-b694-ced486d70131,4785718485,node,amenity,police,Frere Town Police Station,,,,,OSM,,,24.8373837,67.035048,Karachi,Sindh,Pakistan,,,,,
62ea5082-ca56-5bb9-b106-793f997bd82c,4798720944,node,amenity,bank,Habib Metropolitan Bank,,,,,OSM,,,24.8352241,67.0367147,Karachi,Sindh,Pakistan,,,,,
50b2dfa2-2940-5f3b-9c57-a4f9874fbffd,4801407731,node,amenity,bank,الائیڈ بینک لمیٹڈ,الائیڈ بینک لمیٹڈ,,,,OSM,,,24.8366592,67.0330036,Karachi,Sindh,Pakistan,,,الائیڈ بینک لمیٹڈ,,
6ca347ee-9575-53af-a8be-5ef6db29c7e2,4801407732,node,amenity,bank,ایچ بی ایل پاکستان,ایچ بی ایل پاکستان,,,,OSM,,,24.8364987,67.0330071,Karachi,Sindh,Pakistan,,,ایچ بی ایل پاکستان,,
939bf1a3-e55a-5780-b52b-cc4e3840388c,4801407733,node,amenity,bank,ایم سی بی بینک,ایم سی بی بینک,,,,OSM,,,24.8363948,67.0330251,Karachi,Sindh,Pakistan,,,ایم سی بی بینک,,
809004cb-ecf1-5b36-9ed9-1dffd925de11,4801407737,node,amenity,bank,اسٹینڈرڈ چارٹرڈ,اسٹینڈرڈ چارٹرڈ,,,,OSM,,,24.8356012,67.0332046,Karachi,Sindh,Pakistan,,,اسٹینڈرڈ چارٹرڈ,اسٹینڈرڈ چارٹرڈ,
3d17d5f9-b626-5890-8f02-917cb7452ec3,4798720942,node,amenity,bank,Meezan Bank,میزان بینک,,,,OSM,,,24.8349402,67.0372821,Karachi,Sindh,Pakistan,,,Meezan Bank,,
fd61a94a-6c71-5db8-8341-5511d70c25bb,4798720943,node,amenity,bank,بینک الفلاح,بینک الفلاح,,,,OSM,,,24.8352792,67.0368781,Karachi,Sindh,Pakistan,,,Bank Alfalah,,
cd84d7a2-2f8c-5825-835c-82c3cbaba10d,7085386161,node,place,neighbourhood,دہلی کالونی,دہلی کالونی,,,,OSM,Delhi Colony,,24.8323033,67.0440311,Karachi,Sindh,Pakistan,,,,,Q18351022
58e7945b-e35e-58d3-a49b-816d30fd79ae,4790228474,node,amenity,bank,الائیڈ بینک لمیٹڈ,الائیڈ بینک لمیٹڈ,,,,OSM,,,24.8296161,67.0509498,Karachi,Sindh,Pakistan,,,الائیڈ بینک لمیٹڈ,,
42afca9d-c07c-54a2-808d-f3efb4a67df9,4790228476,node,amenity,bank,ایم سی بی بینک,ایم سی بی بینک,,,,OSM,,,24.8289732,67.0499979,Karachi,Sindh,Pakistan,,,ایم سی بی بینک,,
46bbf637-74ae-55ce-8eb7-b6fab32ba680,4790228477,node,amenity,bank,HabibMetro Bank,,,,,OSM,,,24.8288409,67.0502278,Karachi,Sindh,Pakistan,,,,,
5b8386fe-f70e-5a52-a2d9-ca985d3da49b,4790228479,node,amenity,bank,یونائیٹڈ بینک لمیٹڈ,یونائیٹڈ بینک لمیٹڈ,,,,OSM,,,24.8288104,67.0502933,Karachi,Sindh,Pakistan,,,یونائیٹڈ بینک لمیٹڈ,,
1e274877-13fc-5290-874e-95dcc20bbe57,5133147995,node,amenity,atm,UBL - ATM,,,,,OSM,,,24.8288012,67.0503048,Karachi,Sindh,Pakistan,,,,,
9d6e9084-cb32-5d56-bae1-b08e4b1fec8e,5133147996,node,amenity,atm,Habib Metro Bank - ATM,,,,,OSM,,,24.8288651,67.0501895,Karachi,Sindh,Pakistan,,,,,
1405433e-e461-5fb9-8e17-5def6ed4edac,5133147997,node,amenity,atm,MCB Bank - ATM,,,,,OSM,,,24.8289667,67.0500105,Karachi,Sindh,Pakistan,,,,,
c6dcefa7-2c71-57ee-b174-fc88b8bc85bb,5306031858,node,amenity,atm,UBL - ATM,,,,,OSM,,,24.8295199,67.0525887,Karachi,Sindh,Pakistan,,,,UBL,
1946e2ed-42c4-5ab8-bede-34871d7ec8db,12161619328,node,healthcare,pharmacy,Doctors & Doctor Pharmacy,,,,,OSM,,,24.8339849,67.0519365,Karachi,Sindh,Pakistan,,,,,
f43c03d2-74f7-544c-b43c-b818b4c2d201,3691342787,node,amenity,atm,سونیری بینک,سونیری بینک,,,,OSM,,,24.8383157,67.0491089,Karachi,Sindh,Pakistan,,,سونیری بینک,سونیری بینک,
db618de2-fc42-537a-984a-9d6fde93ff55,5162476322,node,healthcare,pharmacy,Shifa Pharmacy,,,,,OSM,,,24.8401049,67.0497555,Karachi,Sindh,Pakistan,,,,,
0311482f-5f27-5e9e-9a5d-7685d1dc3913,8951792331,node,healthcare,hospital,PNS Shifa Hospital,,,Hospital,,OSM,,,24.836862,67.050854,Karachi,Sindh,Pakistan,,,,,
0522c65d-db71-5d83-ba89-f745773769ff,88433623,node,amenity,bank,عسکری بینک,عسکری بینک,,,,OSM,,,24.8499525,67.0096177,Karachi,Sindh,Pakistan,,,عسکری بینک,,
a169fed6-7903-5491-aa05-dff7bea25a5f,4803891156,node,amenity,bank,الائیڈ بینک لمیٹڈ,الائیڈ بینک لمیٹڈ,,,,OSM,,,24.8495221,67.0041116,Karachi,Sindh,Pakistan,,,الائیڈ بینک لمیٹڈ,,
8c8049de-5ca8-5510-b91a-84d58259edee,4803891159,node,amenity,bank,سندھ بینک,سندھ بینک,,,,OSM,,,24.8493407,67.0043759,Karachi,Sindh,Pakistan,,,سندھ بینک,,
ed68792c-5904-5c36-91f1-e69fc3ebbccf,4803891160,node,amenity,bank,NIB,,,,,OSM,,,24.8493728,67.004689,Karachi,Sindh,Pakistan,,,,MCB,
7b89707f-f937-523f-a896-8e08b12428ae,4803891161,node,amenity,bank,اسٹینڈرڈ چارٹرڈ,اسٹینڈرڈ چارٹرڈ,,,,OSM,,,24.8494199,67.0053369,Karachi,Sindh,Pakistan,,,اسٹینڈرڈ چارٹرڈ,اسٹینڈرڈ چارٹرڈ,
693ca988-2ff2-59d6-89ed-8cbe041c5972,4803891162,node,amenity,bank,Bank Al Habib P.O,,,,,OSM,,,24.8496996,67.0054813,Karachi,Sindh,Pakistan,,,,,
54b153b6-329b-55c2-9e1f-a7fa600a1f63,4803891171,node,amenity,bank,بينک الحبيب,بينک الحبيب,,,,OSM,,,24.8499837,67.0075236,Karachi,Sindh,Pakistan,,,بينک الحبيب,,
857cefb3-d8f6-5033-b841-8b509537ddad,6536942426,node,amenity,bank,میزان بینک,میزان بینک,,,,OSM,,,24.8434348,67.0183536,Karachi,Sindh,Pakistan,,,میزان بینک,,
14b8982c-3563-5022-9763-25349d4b4485,6539484559,node,healthcare,clinic,Asma Medical Clinic,,,,,OSM,,,24.8426076,67.0183503,Karachi,Sindh,Pakistan,,,,,
fd76cb47-6a96-5674-b282-72063b5bd4e6,6539484560,node,healthcare,clinic,khyber clinic,,,,,OSM,,,24.8427334,67.0183729,Karachi,Sindh,Pakistan,,,,,
6636fcc2-6430-5875-a6e6-1a97fd82be33,6539484562,node,healthcare,clinic,Asma Medical Clinic 2,,,,,OSM,,,24.8422786,67.0181601,Karachi,Sindh,Pakistan,,,,,
7159f75c-c9bc-5a2b-b8b1-582a8a1339db,4785775162,node,amenity,police,PIDC Traffic Police Station,,,,,OSM,,,24.8466753,67.0245386,Karachi,Sindh,Pakistan,,,,,
e687df07-c9f3-5be3-9c39-eb43fe5f8164,4803891188,node,amenity,bank,نیشنل بینک آف پاکستان,نیشنل بینک آف پاکستان,,,,OSM,,,24.8465059,67.024949,Karachi,Sindh,Pakistan,,,نیشنل بینک آف پاکستان,نیشنل بینک آف پاکستان,
ea39f689-fe3e-50f3-8edd-890eac024e8c,4803891189,node,amenity,bank,الائیڈ بینک لمیٹڈ,الائیڈ بینک لمیٹڈ,,,,OSM,,,24.8464971,67.0247193,Karachi,Sindh,Pakistan,,,الائیڈ بینک لمیٹڈ,,
7b3cdecb-2f8b-5a3e-ba56-46c650e9defe,4803891190,node,amenity,bank,NIB,,,,,OSM,,,24.8464227,67.0245081,Karachi,Sindh,Pakistan,,,,MCB,
3051e983-3764-59a1-9a99-d4eb263381d1,4803891194,node,amenity,bank,Habib Metropolitan Bank Ltd,,,,,OSM,,,24.845533,67.0241073,Karachi,Sindh,Pakistan,,,,,
1569856b-34ef-582b-aa88-4bcc91e13c4d,4803891197,node,amenity,bank,میزان بینک,میزان بینک,,,,OSM,,,24.8440714,67.0261525,Karachi,Sindh,Pakistan,,,میزان بینک,,
46c2df10-dc3c-58a6-ba27-0b133b927432,4803891201,node,amenity,bank,ایچ بی ایل پاکستان,ایچ بی ایل پاکستان,,,,OSM,,,24.8447654,67.0271664,Karachi,Sindh,Pakistan,,,ایچ بی ایل پاکستان,,
1b04d288-ea1a-5e1a-ae8b-7d0e991254e2,4803891202,node,amenity,bank,First Women Bank Ltd,,,,,OSM,,,24.8434668,67.0275923,Karachi,Sindh,Pakistan,,,,,
37ecf9e7-bfc0-56f9-aa27-71a6ef27336c,4803891203,node,amenity,bank,First Women Bank Ltd.,,,,,OSM,,,24.8437735,67.0285725,Karachi,Sindh,Pakistan,,,,,
898ba05d-3a0c-5a3d-819f-1039968dfe1f,3735483787,node,leisure,park,Frere Hall,,,,,OSM,,,24.8475202,67.0330882,Karachi,Sindh,Pakistan,,,,,
552ddbb0-d856-5f99-94b5-2a33d04d897a,5122919886,node,amenity,bank,Meezan Bank - Marriot,,,,,OSM,,,24.8465191,67.0313483,Karachi,Sindh,Pakistan,,,,,
691479bb-4aa6-5bc5-bac4-894e40aba8b3,5122919887,node,amenity,atm,,,,,,OSM,,,24.8464497,67.0313617,Karachi,Sindh,Pakistan,,,,NBP ATM - Marriot,
0c682541-ad5e-5676-9c01-c776bb9f796a,4801407819,node,healthcare,pharmacy,Aziz Medical Store,,,,,OSM,,,24.8428095,67.0374124,Karachi,Sindh,Pakistan,,,,,
73754176-21ca-5a4b-b078-71dcd1e01e37,5051184069,node,healthcare,hospital,Hassan Railway Hospital,,,,,OSM,,,24.8425635,67.042606,Karachi,Sindh,Pakistan,,,,,
9973d538-96df-56fe-bc1a-a7cb3b9924ba,5149506925,node,amenity,bank,ایچ بی ایل پاکستان,ایچ بی ایل پاکستان,,,,OSM,,,24.8457185,67.0377327,Karachi,Sindh,Pakistan,,,ایچ بی ایل پاکستان,,
9d8e2743-9800-5dae-8557-a0f0df03efd6,5149506926,node,amenity,bank,بينک الحبيب,بينک الحبيب,,,,OSM,,,24.8457939,67.0376911,Karachi,Sindh,Pakistan,,,بينک الحبيب,,
f135c591-0ac1-5364-ac91-126ef3bbacba,5149506934,node,amenity,bank,میزان بینک,میزان بینک,,,,OSM,,,24.8468871,67.0370733,Karachi,Sindh,Pakistan,,,میزان بینک,,
02be7385-a625-5031-8271-294815bf3eab,5761752153,node,amenity,bank,یونائیٹڈ بینک لمیٹڈ,یونائیٹڈ بینک لمیٹڈ,,,,OSM,,,24.8462744,67.0374383,Karachi,Sindh,Pakistan,,,یونائیٹڈ بینک لمیٹڈ,,
754d8dd1-1cb3-5ed9-9541-66fd08c191e7,12134282153,node,healthcare,hospital,Azaan Herbal Treatment Centre,,,,,OSM,,,24.8452075,67.0546776,Karachi,Sindh,Pakistan,,,,,
c9d9608f-9ea5-5360-949c-2e7db15b375f,12134296602,node,amenity,bank,UBL,,,,,OSM,,,24.8452635,67.0546078,Karachi,Sindh,Pakistan,,,,,
97fcae2f-2381-51cf-aa9e-d6ed85abb472,12155580403,node,healthcare,clinic,#Hash Clinic's,,,,,OSM,,,24.8436991,67.0551848,Karachi,Sindh,Pakistan,,,,,
7af07c0d-25d6-5539-8579-7c61f9b0297a,12155917896,node,amenity,bank,Dubai Islamic Bank,,,,,OSM,,,24.8445306,67.0552996,Karachi,Sindh,Pakistan,,,,,
323adccc-3fbb-5c3e-8915-5588a1ff372d,12155917897,node,amenity,bank,Summit Bank۔ سمٹ بینک,,,,,OSM,,,24.843991,67.0555646,Karachi,Sindh,Pakistan,,,,,
4e11210c-d046-54ed-8420-485760e28d03,12155941561,node,healthcare,hospital,Tabba Kidney Diagnostic & Consultation Centre,,,,,OSM,,,24.8445027,67.0553812,Karachi,Sindh,Pakistan,,,,,
57a7bdb2-5e8e-5ea4-86a4-aa7f23632660,5145372003,node,healthcare,hospital,POLIO Control Room,,,,,OSM,,,24.848691,67.0466218,Karachi,Sindh,Pakistan,,,,,
a0cc2d9a-3e9c-526c-b322-66f50f2a8bb3,5145372004,node,healthcare,hospital,EOC Buliding,,,,,OSM,,,24.8485568,67.0471394,Karachi,Sindh,Pakistan,,,,,
f968f033-0e30-5e54-9f91-def1d7ff5156,12250789298,node,healthcare,hospital,POLIO Control Room,,,,,OSM,,,24.8484293,67.0466564,Karachi,Sindh,Pakistan,,,,,
7c4e5811-a6b3-5b56-92f8-313cdd43d06d,12250817895,node,healthcare,hospital,Jinnah school of Nursing,,,,,OSM,,,24.8489916,67.0474423,Karachi,Sindh,Pakistan,,,,,
3a3a6466-c393-5a90-b5ab-949342960231,12250819419,node,healthcare,hospital,EPI HAll Government Of Sindh,,,,,OSM,,,24.8489088,67.0467985,Karachi,Sindh,Pakistan,,,,,
59e69197-16a1-5525-b60b-8b86215153fe,12250823652,node,healthcare,hospital,"Eye Ward-11, Jinnah Hospital",,,,,OSM,,,24.8488066,67.0474718,Karachi,Sindh,Pakistan,,,,,
a00cdd9a-47fb-5da9-bc07-2371c211a15b,7321345407,node,place,neighbourhood,Hazara Colony,,,,,OSM,,,24.8488036,67.0527995,Karachi,Sindh,Pakistan,,,,,
e131eda9-3efe-506f-8265-eccc13c35265,12169893831,node,leisure,park,Children's Park. بچوں کا پارک,,,,,OSM,,,24.8199034,67.0583712,Karachi,Sindh,Pakistan,,,,,
65b82da0-ea39-5530-a986-fd0139d7579b,4788412643,node,amenity,bank,سمٹ بینک,سمٹ بینک,,,,OSM,,,24.8195744,67.0663983,Karachi,Sindh,Pakistan,,,سمٹ بینک,سمٹ بینک,
9c46b1e5-bf22-5ed2-999a-defaae871821,4788412647,node,amenity,bank,Askari Bank Ltd,,,,,OSM,,,24.8206178,67.0652031,Karachi,Sindh,Pakistan,,,,,
20233d9e-1966-5cd3-9e9f-d5a2f9785765,4788412649,node,amenity,bank,Bank AL Habib Ltd,,,,,OSM,,,24.8207412,67.0651705,Karachi,Sindh,Pakistan,,,,,
df80ed97-805b-51e8-9f2d-9f38624de322,4788412650,node,amenity,bank,بینک اسلامی,بینک اسلامی,,,,OSM,,,24.8207713,67.0657261,Karachi,Sindh,Pakistan,,,بینک اسلامی,بینک اسلامی,
b385bf2a-21b6-5d87-9d84-5197b8b978c8,4788412655,node,amenity,bank,NIB,,,,,OSM,,,24.8213168,67.0644727,Karachi,Sindh,Pakistan,,,,MCB,
ae675afd-3ebd-5b56-b16a-bbfb2b3ab80f,4788412656,node,amenity,bank,دبئی اسلامی بینک,دبئی اسلامی بینک,,,,OSM,,,24.8210179,67.0648061,Karachi,Sindh,Pakistan,,,دبئی اسلامی بینک,,
fb076c8f-a9cc-5819-8484-5b643c4e2aeb,4788499726,node,amenity,atm,HBL - Bahria Shell Station,,,,,OSM,,,24.8175052,67.0657929,Karachi,Sindh,Pakistan,,,,,
75a5532e-bb91-566f-9013-a9da6aff3a6c,5132519351,node,amenity,atm,Summit Bank - ATM,,,,,OSM,,,24.8196236,67.0664504,Karachi,Sindh,Pakistan,,,,,
2f9cbb31-fbd0-5e8a-8807-c87cf9f49955,5132519352,node,amenity,atm,Bank Islami - ATM,,,,,OSM,,,24.820731,67.0657715,Karachi,Sindh,Pakistan,,,,,
04141dfa-4837-5237-a6df-a23dc978310f,5132519353,node,amenity,atm,Askari Bank Ltd - ATM,,,,,OSM,,,24.8205749,67.0652676,Karachi,Sindh,Pakistan,,,,,
51d99fc6-5339-5d8e-a778-c9c911e3f64a,5132519354,node,amenity,atm,Bank AL Habib Ltd - ATM,,,,,OSM,,,24.8207703,67.0652005,Karachi,Sindh,Pakistan,,,,,
c37707d0-909e-5d32-9472-f6ce85c30801,5132519355,node,amenity,atm,Dubai Islamic Bank - ATM,,,,,OSM,,,24.8209784,67.0648465,Karachi,Sindh,Pakistan,,,,,
846ea750-f76f-5b97-ae4b-a4a0e908537f,5132519356,node,amenity,atm,NIB Bank - ATM,,,,,OSM,,,24.8212499,67.0645514,Karachi,Sindh,Pakistan,,,,,
30121856-8091-54b9-817f-d6e869d67bea,596199609,node,amenity,police,Gizri Police Station,,,,,OSM,,,24.8275591,67.0594362,Karachi,Sindh,Pakistan,,,,,
513f4bb0-ba44-5b01-b7b0-4c3d6d650673,4790207762,node,amenity,bank,میزان بینک,میزان بینک,,,,OSM,,,24.8232555,67.0629166,Karachi,Sindh,Pakistan,,,میزان بینک,,
bdedc99f-bff2-5992-b636-d0a78fc57797,4790207763,node,amenity,bank,الائیڈ بینک لمیٹڈ,الائیڈ بینک لمیٹڈ,,,,OSM,,,24.8231971,67.0624055,Karachi,Sindh,Pakistan,,,الائیڈ بینک لمیٹڈ,,
5b22d774-3ff9-5fcd-89b7-94d17e9847a5,4790207768,node,amenity,bank,ایم سی بی بینک,ایم سی بی بینک,,,,OSM,,,24.8244957,67.0609467,Karachi,Sindh,Pakistan,,,ایم سی بی بینک,,
8f4adc6a-280f-59dc-8f8e-33b3f2543517,5132519359,node,amenity,atm,Meezan Bank - ATM,,,,,OSM,,,24.8232972,67.0628455,Karachi,Sindh,Pakistan,,,,,
8b4f0cfe-31e7-5f93-be4b-b1f2a4d812ff,5132519360,node,amenity,atm,Allied Bank - ATM,,,,,OSM,,,24.8231511,67.0624781,Karachi,Sindh,Pakistan,,,,,
bb3c1481-ec65-5015-a101-3bf29adf6e78,5132519361,node,amenity,atm,MCB Bank - ATM,,,,,OSM,,,24.8244097,67.0610297,Karachi,Sindh,Pakistan,,,,,
93e66b56-370a-5aae-9b7a-4324e425fba1,12167857337,node,amenity,police,Gizri Police Lines,,,,,OSM,,,24.8278372,67.0588738,Karachi,Sindh,Pakistan,,,,,
9d11ff63-887e-58cc-bce9-c803a3b923f1,12168214427,node,leisure,park,Nisar Shaheed Park defence,,,,,OSM,,,24.8268866,67.061569,Karachi,Sindh,Pakistan,,,,,
4470ac49-63c8-5920-acac-cc63387860ba,4788412662,node,amenity,bank,Silk Bank Limited,,,,,OSM,,,24.8220102,67.0637002,Karachi,Sindh,Pakistan,,,,,
e27c0b4b-e68e-5b5e-bc4c-8f57e2cb68e6,4790207760,node,amenity,bank,بینک الفلاح,بینک الفلاح,,,,OSM,,,24.8231898,67.062993,Karachi,Sindh,Pakistan,,,بینک الفلاح,,
dfba5828-dd12-5273-8c43-4cb9b2a3fbfb,5132519357,node,amenity,atm,Silk Bank Limited - ATM,,,,,OSM,,,24.8219607,67.0637602,Karachi,Sindh,Pakistan,,,,,
cac9272e-9576-504b-8927-79283318b390,5132519358,node,amenity,atm,Bank Alfalah - ATM,,,,,OSM,,,24.8231292,67.0630494,Karachi,Sindh,Pakistan,,,,,
035a961b-17e4-51db-9a6e-cfe124d09a30,12166087250,node,amenity,bank,Meezan Bank - Khayaban-e-Jami Branch,,,,,OSM,,,24.8293272,67.0652911,Karachi,Sindh,Pakistan,,,,,
0952773a-ddd6-50f7-9f5c-9ba9132bf298,4774619837,node,amenity,bank,دبئی اسلامی بینک,دبئی اسلامی بینک,,,,OSM,,,24.8406768,67.0612673,Karachi,Sindh,Pakistan,,,دبئی اسلامی بینک,,
5a4e634a-7116-5ece-a0c6-58bf0d0a4081,5134830260,node,amenity,atm,Dubai Islamic Bank - ATM,,,,,OSM,,,24.8406927,67.0612637,Karachi,Sindh,Pakistan,,,,,
79c34124-ecf2-541d-9090-0d4747b880e1,5283442745,node,amenity,atm,دبئی اسلامی بینک,دبئی اسلامی بینک,,,,OSM,,,24.8406702,67.0612845,Karachi,Sindh,Pakistan,,,دبئی اسلامی بینک,,
736a7b59-3a7f-5286-9c0a-eb063091057f,485720131,way,leisure,park,Bagh e Behbud,,,,,OSM,,,24.8162656,67.0016941,Karachi,Sindh,Pakistan,,,,,
d385eb98-6c80-5927-9043-97f2d42665ee,522516619,way,leisure,park,Mohammadi Park,,,,,OSM,,,24.8185052,67.0026041,Karachi,Sindh,Pakistan,,,,,
40d7b79d-fd1a-5b39-af74-28086d6ea375,182388806,way,leisure,park,,,,,,OSM,,,24.840351,67.0041909,Karachi,Sindh,Pakistan,,,,,
74f1a3e6-4a93-5ce2-af6a-effbed937a41,182388849,way,leisure,park,,,,,,OSM,,,24.841335,67.002252,Karachi,Sindh,Pakistan,,,,,
466c1dc8-a583-55bd-bf5d-665f180bd0e7,182386345,way,leisure,park,,,,,,OSM,,,24.8403593,67.0022161,Karachi,Sindh,Pakistan,,,,,
f03f52ce-2056-564a-84ae-d6fdbbc8d19e,182388830,way,leisure,park,,,,,,OSM,,,24.8418422,67.0030589,Karachi,Sindh,Pakistan,,,,,
2c437e18-a3c1-5d5b-b23c-6b66f8b8d836,182388846,way,leisure,park,,,,,,OSM,,,24.8419436,67.0024641,Karachi,Sindh,Pakistan,,,,,
2febc61a-952f-5337-a0dc-9287d53f9aa4,182281892,way,leisure,park,,,,,,OSM,,,24.8429497,67.0043715,Karachi,Sindh,Pakistan,,,,,
f3d55c02-433f-5266-855c-c7130108ba71,485726464,way,place,neighbourhood,کلفٹن بلاک 4,کلفٹن بلاک 4,,,,OSM,,,24.8055182,67.0314152,Karachi,Sindh,Pakistan,,,,,
815966a9-09d0-5665-a4bd-9e39dcfdbf86,26182666,way,leisure,park,Umer Sharif Park,,,,,OSM,,,24.815318,67.0136752,Karachi,Sindh,Pakistan,,,,,
967f52a8-0866-53c5-bbc4-778f5629aac6,485715028,way,place,neighbourhood,کلفٹن بلاک 2,کلفٹن بلاک 2,,,,OSM,,,24.8132753,67.013126,Karachi,Sindh,Pakistan,,,,,
0fd64ffc-31b5-5c91-86a4-d55db3c5700f,485720134,way,leisure,park,,,,,,OSM,,,24.8151796,67.0094567,Karachi,Sindh,Pakistan,,,,,
8255541a-23cb-5de6-b65c-a26631b0d2cd,487610631,way,leisure,park,,,,,,OSM,,,24.8126267,67.0172714,Karachi,Sindh,Pakistan,,,,,
165a1888-5ef4-5cec-b10c-bce4a9d33a7b,887901199,way,leisure,park,Shadman Family Park,,,,,OSM,,,24.8135594,67.0106511,Karachi,Sindh,Pakistan,,,,,
ccecef25-1da9-5060-bb72-18fca17a7418,887901204,way,leisure,park,IVS Park,,,,,OSM,,,24.8118728,67.0165824,Karachi,Sindh,Pakistan,,,,,
73b2ed0a-5cd6-526e-a5ed-438b7570cca3,887901205,way,leisure,park,China Town Park,,,,,OSM,,,24.8113453,67.0177101,Karachi,Sindh,Pakistan,,,,,
8d5851d2-8da5-5fa1-ad83-e502adeb3a39,1368028794,way,leisure,park,Marine Promenade,,,,,OSM,,,24.8108786,67.0123804,Karachi,Sindh,Pakistan,,,,,
b6ebc152-b5dc-5210-98a1-4c82382d4aa8,487610672,way,leisure,park,,,,,,OSM,,,24.8143782,67.0097111,Karachi,Sindh,Pakistan,,,,,
ca0f4eef-a224-5340-8116-87c2bfa3cab1,721765564,way,leisure,park,Khan Park,,,,,OSM,,,24.8127433,67.010078,Karachi,Sindh,Pakistan,,,,,
cc4b0847-ca6c-526d-b59e-329c0614982a,887901200,way,leisure,park,Clifton Public Park,,,,,OSM,,,24.8140006,67.0080756,Karachi,Sindh,Pakistan,,,,,
c72d1856-855c-52f3-9890-56a89dbecea8,481421168,way,leisure,park,,,,,,OSM,,,24.8117302,67.0152283,Karachi,Sindh,Pakistan,,,,,
7dfa1a67-098b-52b3-9b27-59b510d23f97,487610644,way,leisure,park,Fatima Jinnah Park,,,,,OSM,,,24.8141396,67.0158588,Karachi,Sindh,Pakistan,,,,,
ce172454-81be-5085-8011-de0ce4e8cfe8,520320839,way,leisure,park,,,,,,OSM,,,24.8115045,67.0158116,Karachi,Sindh,Pakistan,,,,,
862c0c6f-1da8-5a03-b262-d51e7dff2dfa,887901201,way,leisure,park,Marine Drive Park,,,,,OSM,,,24.8131486,67.012404,Karachi,Sindh,Pakistan,,,,,
f65d904e-433a-558c-b611-9cbf831d7cf4,887901202,way,leisure,park,Sea Cliff Park,,,,,OSM,,,24.8126646,67.0142933,Karachi,Sindh,Pakistan,,,,,
b7c1e338-8a75-5fe7-9710-e672fee631e2,887901203,way,leisure,park,Public Park,,,,,OSM,,,24.8122429,67.015621,Karachi,Sindh,Pakistan,,,,,
4b45b407-49c1-52bd-8bd8-01000a5d2cbb,546588613,way,natural,water,,,,,,OSM,,,24.8077703,67.0280599,Karachi,Sindh,Pakistan,,,,,
ecc23cb6-ece5-5a45-98a7-3aba1dbf3613,40119131,way,leisure,park,Bagh-e-Rustam,,,,,OSM,,,24.8155137,67.0254977,Karachi,Sindh,Pakistan,,,,,
74f6fb79-880a-5870-8ce8-e492d1cbcb3f,40119294,way,leisure,park,Ameer Khusro Park,,,,,OSM,,,24.8132858,67.0308123,Karachi,Sindh,Pakistan,,,,,
3e17659b-ca37-520a-8c16-83cea46f3897,219160318,way,leisure,park,Neighbourhood Park,,,,,OSM,,,24.8086098,67.0295516,Karachi,Sindh,Pakistan,,,,,
0cd89163-49ab-574f-8e88-572306ed7e6a,270267811,way,leisure,park,,,,,,OSM,,,24.8062433,67.0233874,Karachi,Sindh,Pakistan,,,,,
8fc80ae0-f9db-5ce3-a176-223dbbea4732,480223857,way,place,neighbourhood,Clifton Block 5,,,,,OSM,,,24.8205006,67.0278661,Karachi,Sindh,Pakistan,,,,,
c3607520-d6eb-5c1e-848a-63e6f8b3941b,480223858,way,place,neighbourhood,کلفٹن بلاک 3,کلفٹن بلاک 3,,,,OSM,,,24.8095958,67.0247571,Karachi,Sindh,Pakistan,,,,,
7fb5dc34-b529-520b-99ad-f5b3f47f7aa0,483404664,way,leisure,park,Bagh Ibne Qasim,,,,,OSM,Bagh Ibne Qasim,,24.809891,67.0246007,Karachi,Sindh,Pakistan,,,,,Q4841709
8c4b6d70-3c34-53f3-aae6-bdf04fb34254,487059800,way,place,neighbourhood,اولڈ کلفٹن,اولڈ کلفٹن,,,,OSM,,,24.8160008,67.031798,Karachi,Sindh,Pakistan,,,,,
38d244f9-b3cd-5b34-a703-91bf1ec72846,734635654,way,leisure,park,,,,,,OSM,,,24.8132404,67.0232056,Karachi,Sindh,Pakistan,,,,,
778b47c0-f82b-5326-a561-e9ab76caa5aa,487610630,way,leisure,park,,,,,,OSM,,,24.813783,67.0183939,Karachi,Sindh,Pakistan,,,,,
f40c7b2c-21f4-5f85-8a3f-b4feb08df436,487610632,way,leisure,park,,,,,,OSM,,,24.8144313,67.0189304,Karachi,Sindh,Pakistan,,,,,
bb637ba5-fc5e-5014-94a1-23f633d7c841,487610645,way,leisure,park,,,,,,OSM,,,24.8129138,67.018287,Karachi,Sindh,Pakistan,,,,,
50ef0c22-e094-5b79-8aaf-cfc7b6993535,734635651,way,healthcare,hospital,South City Hospital,,,,,OSM,,,24.8141119,67.0223864,Karachi,Sindh,Pakistan,,,,,
6fdb88ec-ac79-59e7-a940-1646edc0915e,789070228,way,education,college,Altamash Institute of Dental Medicine,,,,,OSM,,,24.8144279,67.0215479,Karachi,Sindh,Pakistan,,,,,
dbb0cf9f-77af-5af8-86d2-9a30b13ecc71,789070229,way,leisure,park,Afza Altaf Park,,,,,OSM,,,24.8124133,67.0227141,Karachi,Sindh,Pakistan,,,,,
70ac7e80-078d-512b-8bc6-96ba2a14e560,794658222,way,leisure,park,,,,,,OSM,,,24.8136526,67.0283659,Karachi,Sindh,Pakistan,,,,,
1fc2b1fd-15ca-5025-9988-33591968c3cb,488251702,way,leisure,park,Hilal Park,,,,,OSM,,,24.8028268,67.0543268,Karachi,Sindh,Pakistan,,,,,
fa35aa01-37d9-5083-836d-0fd173b07285,26611014,way,leisure,park,زمزمہ پارک,زمزمہ پارک,,,,OSM,زمزمہ پارک، کراچی,,24.815001,67.0387248,Karachi,Sindh,Pakistan,,,,,Q8065968
f5e789a0-1120-52f3-b331-0f7d5e3e1390,483404665,way,place,neighbourhood,شاہ رسول کالونی,شاہ رسول کالونی,,,,OSM,,,24.8113788,67.0347309,Karachi,Sindh,Pakistan,,,,,
dbce99d1-d34b-5661-83fb-3e13a3090c2c,479576906,way,tourism,museum,Mohatta Palace,,,,,OSM,,,24.8142748,67.0326631,Karachi,Sindh,Pakistan,,,,,
65dd78b2-c278-59cc-ba06-94979d01f206,844084994,way,healthcare,hospital,KMC Gizri Hospital,,,,,OSM,,,24.8153023,67.0472941,Karachi,Sindh,Pakistan,,,,,
8c430d6d-b938-5b60-9a47-64e65257a3f9,486825285,way,place,neighbourhood,DHA Phase 7,,,,,OSM,,,24.8164192,67.0713124,Karachi,Sindh,Pakistan,,,,,
a8eb266f-cdc7-55e3-a6e1-840c278e482d,993569855,way,healthcare,hospital,ضیاء الدین ہسپتال,ضیاء الدین ہسپتال,,,,OSM,,,24.8175287,67.0074082,Karachi,Sindh,Pakistan,,,,,
d7961317-8167-5f6b-8c72-b6b0d463c446,487610642,way,leisure,park,,,,,,OSM,,,24.8162335,67.0154937,Karachi,Sindh,Pakistan,,,,,
df0c018a-9747-5f6f-aec7-03dd8fd185c3,487610643,way,leisure,park,,,,,,OSM,,,24.8155232,67.0161837,Karachi,Sindh,Pakistan,,,,,
13077767-42ae-5c0a-a0be-8eed6d4ec7a8,484582380,way,place,neighbourhood,DHA Phase 2 Extention,,,,,OSM,,,24.8322292,67.0636741,Karachi,Sindh,Pakistan,,,,,
5b81bdc3-6aeb-57f8-bf2a-265c51462395,488336628,way,place,neighbourhood,1 ڈی ایچ اے فیز,1 ڈی ایچ اے فیز,,,,OSM,,,24.8415005,67.0638812,Karachi,Sindh,Pakistan,,,,,
f03281fe-21e3-5ef2-85bb-0fbfab59ef62,789067158,way,education,school,"The Learning Tree, Junior and Senior School",,,,,OSM,,,24.8187386,67.0225413,Karachi,Sindh,Pakistan,,,,,
236e67f1-3c0a-5b2e-831f-d2998130559f,789067159,way,education,school,Ladybird School,,,,,OSM,,,24.8189786,67.0228112,Karachi,Sindh,Pakistan,,,,,
29f69418-9661-504c-a32f-08bf6a4c9808,262677465,way,leisure,park,Moin Akhtar Park,,,,,OSM,,,24.8193584,67.0286002,Karachi,Sindh,Pakistan,,,,,
d6a58eab-3883-5995-aa8e-24640277ea24,483647124,way,leisure,park,,,,,,OSM,,,24.8172584,67.0246288,Karachi,Sindh,Pakistan,,,,,
4e6d1ddc-731f-5622-8719-1d718a9b630d,483647125,way,leisure,park,Hosh Mohammad Sheedi Park,,,,,OSM,,,24.817657,67.0257636,Karachi,Sindh,Pakistan,,,,,
3d9a403b-e808-57b8-be44-7d2ae514d237,483647126,way,leisure,park,,,,,,OSM,,,24.817523,67.0261412,Karachi,Sindh,Pakistan,,,,,
93d8239c-ce8f-5e3c-9ece-6b8282f31371,483647127,way,leisure,park,,,,,,OSM,,,24.8170521,67.0254003,Karachi,Sindh,Pakistan,,,,,
c596d08b-49d9-5d46-a19e-f3a824d53717,483647128,way,leisure,park,,,,,,OSM,,,24.8169163,67.0258551,Karachi,Sindh,Pakistan,,,,,
75c59766-1ce2-57a0-ae2a-07e6a2eea795,487765068,way,leisure,park,,,,,,OSM,,,24.8171928,67.0261995,Karachi,Sindh,Pakistan,,,,,
60f24d72-7a57-5abe-b6a3-0c31467678c5,487765069,way,leisure,park,,,,,,OSM,,,24.8175952,67.0268258,Karachi,Sindh,Pakistan,,,,,
82e94c60-1c53-5186-9b69-7480ed63621d,40119127,way,leisure,park,Aunty Park,,,,,OSM,,,24.8197743,67.027613,Karachi,Sindh,Pakistan,,,,,
29381d9c-bc06-5165-95dd-8fad49e6ce86,219239789,way,leisure,park,,,,,,OSM,,,24.8284607,67.0214141,Karachi,Sindh,Pakistan,,,,,
178af922-f99d-569a-9eed-3589c06024a8,219239790,way,leisure,park,,,,,,OSM,,,24.8280884,67.0247232,Karachi,Sindh,Pakistan,,,,,
c8d897c0-ef55-5ebf-b720-e592a127714d,480223856,way,leisure,park,Family Park,,,,,OSM,,,24.8217073,67.0294167,Karachi,Sindh,Pakistan,,,,,
0cdbd8f5-b543-5684-a23c-74acc98e3e4d,489548615,way,place,neighbourhood,کلفٹن بلاک 7,کلفٹن بلاک 7,,,,OSM,,,24.8313894,67.0274051,Karachi,Sindh,Pakistan,,,,,
a9ae9ec7-f7da-5e67-9e6a-50eb1881ada1,721767139,way,education,school,Karachi Grammar School -Junior Campus,,,,,OSM,,,24.8196614,67.0233085,Karachi,Sindh,Pakistan,,,,,
cc7f89f8-10fe-5201-8cab-11a4b4790654,1284307830,way,leisure,park,Shaheed Benazir Bhutto Park,شہید بے نظیر بھٹو پارک,,,,OSM,,,24.8216485,67.0215434,Karachi,Sindh,Pakistan,,,,government,
815f10fc-09ef-501a-b185-9ba082450249,893776271,way,leisure,park,,,,,,OSM,,,24.828076,67.0228621,Karachi,Sindh,Pakistan,,,,,
a03631f4-dcd9-565f-92d0-26767c36b991,219240218,way,leisure,park,Bakhtawar Park,,,,,OSM,,,24.8258117,67.0267432,Karachi,Sindh,Pakistan,,,,,
fab8ff67-f782-5092-bfd1-29b3a50637c3,487765012,way,leisure,park,Al-Jaffer,,,,,OSM,,,24.8258998,67.028386,Karachi,Sindh,Pakistan,,,,,
8fe4d76d-abd8-5b0d-88ad-a73b69827050,19447913,way,natural,water,,,,,,OSM,,,24.8341047,67.017196,Karachi,Sindh,Pakistan,,,,,
407fb73c-83fd-5650-8692-6a623c671d4b,787389700,way,natural,water,,,,,,OSM,,,24.8399097,67.0069917,Karachi,Sindh,Pakistan,,,,,
560002f2-73d6-5d83-8896-240264b56c19,182331901,way,natural,water,,,,,,OSM,,,24.8401618,67.0101199,Karachi,Sindh,Pakistan,,,,,
07877ac6-3600-55a3-a054-c1cb12cc239d,787296179,way,amenity,bank,HBL Bank,ایچ بی ایل پاکستان,,,,OSM,,,24.8399165,67.008977,Karachi,Sindh,Pakistan,,,HBL Bank,,
70150bdc-60aa-5e46-a420-1426779c8be5,256004485,way,leisure,park,,,,,,OSM,,,24.833022,67.0230347,Karachi,Sindh,Pakistan,,,,,
d4c7c893-bc8e-5923-8ff1-2178c39d6d22,525874091,way,leisure,park,Thaheem Park,,,,,OSM,,,24.8298777,67.0228996,Karachi,Sindh,Pakistan,,,,,
3a3382f8-479c-56a6-acd9-97ad2b7d100e,487072170,way,place,neighbourhood,جزیرہ باتھ,جزیرہ باتھ,,,,OSM,جزیرہ باتھ,,24.8361157,67.0274634,Karachi,Sindh,Pakistan,,,,,Q4868932
9c6296c8-39a4-5936-9574-3121340205e7,719060314,way,place,neighbourhood,جزیرہ باتھ,جزیرہ باتھ,,,,OSM,جزیرہ باتھ,,24.8361682,67.0286471,Karachi,Sindh,Pakistan,,,,,Q4868932
4c1784a1-3622-5026-a064-8ccd2034fde8,699028706,way,healthcare,clinic,Pak Clinic,,,,,OSM,,,24.8413985,67.0178607,Karachi,Sindh,Pakistan,,,,,
19254326-b3c8-51ea-8c79-bfe5589bb78a,758622454,way,leisure,park,Gol Park,,,,,OSM,,,24.8352653,67.0282064,Karachi,Sindh,Pakistan,,,,,
82fb7d77-d7ed-57e7-9175-f620de8c0fcd,313215026,way,leisure,park,Clifton Garden,,Clifton Garden,,,OSM,,,24.8195906,67.0332721,Karachi,Sindh,Pakistan,,,,,
6d017fd5-ba4a-543b-bd6c-c9c661893942,721767821,way,leisure,park,Park 8,,,,,OSM,,,24.8203957,67.042101,Karachi,Sindh,Pakistan,,,,,
f041c22e-798e-5676-b558-5ee6d1af22c0,733404617,way,leisure,park,,,,,,OSM,,,24.8193679,67.0414507,Karachi,Sindh,Pakistan,,,,,
761a3fb3-1724-52f9-b2a2-d6c2c4308fd3,219160194,way,leisure,park,,,,,,OSM,,,24.8215668,67.0335272,Karachi,Sindh,Pakistan,,,,,
697abe7a-52f3-5d22-bc91-eaad2c7300ab,483404668,way,place,neighbourhood,پنجاب کالونی,پنجاب کالونی,,,,OSM,,,24.83027,67.0456513,Karachi,Sindh,Pakistan,,,,,
7af21409-90c6-5d9f-b888-fcb7210c65ee,484456714,way,leisure,park,,,,,,OSM,,,24.8283512,67.0363726,Karachi,Sindh,Pakistan,,,,,
6037244d-3eb4-5269-8970-d0629e2141d6,487070802,way,place,neighbourhood,Clifton Block 9,,,,,OSM,,,24.8246534,67.0389842,Karachi,Sindh,Pakistan,,,,,
9ef2cc2b-07f1-5931-9796-03966e1ed095,487070803,way,place,neighbourhood,Naval Housing Scheme,,,,,OSM,,,24.8231511,67.0402151,Karachi,Sindh,Pakistan,,,,,
7d194418-71ba-53e2-8bd1-268cd0d99cf3,487072171,way,place,neighbourhood,کلفٹن بلاک 8,کلفٹن بلاک 8,,,,OSM,,,24.8341275,67.0374397,Karachi,Sindh,Pakistan,,,,,
6b9bfd57-5418-57c1-85d8-4572ff2e6ed7,487765040,way,leisure,park,,,,,,OSM,,,24.8222416,67.0314367,Karachi,Sindh,Pakistan,,,,,
24f61ab6-1d15-5f19-90e1-38bcdfd39063,721767820,way,leisure,park,Park 9,,,,,OSM,,,24.8203535,67.0431023,Karachi,Sindh,Pakistan,,,,,
50d3c6c2-da2b-559f-9733-4c937a7c3ded,735356662,way,leisure,park,,,,,,OSM,,,24.8216263,67.0373776,Karachi,Sindh,Pakistan,,,,,
9fe1be85-81b4-58c0-9e52-25d77810b290,483687499,way,leisure,park,,,,,,OSM,,,24.8261838,67.0318929,Karachi,Sindh,Pakistan,,,,,
719a1d82-898f-51fb-a752-c77f4a317400,483687500,way,leisure,park,,,,,,OSM,,,24.8260887,67.030792,Karachi,Sindh,Pakistan,,,,,
0230af2c-98a5-5533-8605-fa4a1d3ab086,487765011,way,leisure,park,,,,,,OSM,,,24.8265206,67.0333493,Karachi,Sindh,Pakistan,,,,,
30380df8-aa6d-5192-a753-824fd3074b85,487765038,way,leisure,park,Urban Forest,,,,,OSM,Clifton Urban Forest,,24.8236462,67.0319492,Karachi,Sindh,Pakistan,,,,,Q107490362
0d7d3bb8-42a9-5e31-adcc-0d67044c4bf3,931923924,way,natural,water,,,,,,OSM,,,24.8240848,67.0319492,Karachi,Sindh,Pakistan,,,,,
b84dbd47-c691-5bdb-891a-df139053bea4,479582106,way,leisure,park,Forum Park,,,,,OSM,,,24.8263965,67.0371792,Karachi,Sindh,Pakistan,,,,,
c49f336a-ca82-5a7b-b2a0-4f9473513dc2,484456721,way,leisure,park,,,,,,OSM,,,24.8276123,67.0403706,Karachi,Sindh,Pakistan,,,,,
0ceb60d3-7ebd-526b-9b63-80d35200d221,487070804,way,leisure,park,Park 2,,,,,OSM,,,24.8232206,67.0407597,Karachi,Sindh,Pakistan,,,,,
7b650b15-a279-5740-b9b5-ac4ff258a8fd,487070805,way,leisure,park,Park 6,,,,,OSM,,,24.8241594,67.0392977,Karachi,Sindh,Pakistan,,,,,
23fb47ca-1690-5278-9a45-26d577fd62b5,487070806,way,leisure,park,Ladies Park,,,,,OSM,,,24.8228589,67.038898,Karachi,Sindh,Pakistan,,,,,
97af1c1c-09df-5b4c-9932-0c94f6241484,721767817,way,leisure,park,CBC Park,,,,,OSM,,,24.8249444,67.0374049,Karachi,Sindh,Pakistan,,,,,
793a5312-4758-5b2e-906f-e6a92311e384,721767819,way,leisure,park,Duck Pond Park,,,,,OSM,,,24.8239786,67.0425386,Karachi,Sindh,Pakistan,,,,,
ce3dd5c4-a43e-5a67-8b12-154775b399d7,220505430,way,landuse,cemetery,,,,,,OSM,,,24.8183602,67.0569085,Karachi,Sindh,Pakistan,,,,,
2b47f7f5-54d3-584f-9372-2c1f9fbd9308,486823788,way,place,neighbourhood,4 ڈی ایچ اے فیز,4 ڈی ایچ اے فیز,,,,OSM,,,24.8229951,67.0581801,Karachi,Sindh,Pakistan,,,,,
92aa5c5c-0a4a-5ecc-9fad-7d6cad08be18,522869379,way,leisure,park,,,,,,OSM,,,24.8285664,67.0515803,Karachi,Sindh,Pakistan,,,,,
b0e6a9fc-8acf-5ad9-ba3e-e0a030e1f042,549288530,way,place,neighbourhood,New P&T Colony,,,,,OSM,,,24.8280627,67.0476668,Karachi,Sindh,Pakistan,,,,,
2687aa30-3f5a-504f-a4ca-fef24d30ec40,932239273,way,leisure,park,Javed Miandad Park,,,,,OSM,,,24.8285416,67.0486552,Karachi,Sindh,Pakistan,,,,,
4e4536e1-b5ba-5d23-8518-28e5a051ec47,1139507955,way,leisure,park,,,,,,OSM,,,24.8263955,67.0452855,Karachi,Sindh,Pakistan,,,,,
c598aa63-ab37-5ad1-8689-929a1ef92ebe,522861115,way,leisure,park,,,,,,OSM,,,24.8275061,67.0533693,Karachi,Sindh,Pakistan,,,,,
edbdd75d-0b4a-5c40-818c-b31ee5b59700,544156500,way,amenity,bank,میزان بینک,میزان بینک,,,,OSM,,,24.8274855,67.0555514,Karachi,Sindh,Pakistan,,,میزان بینک,,
342ac29c-a9f8-5557-ba32-97b4f568c50f,489587207,way,leisure,park,Khail Shaheed Park,,,,,OSM,,,24.8301152,67.0317465,Karachi,Sindh,Pakistan,,,,,
b4294662-e158-5d41-aa7a-72f05ba81079,789795483,way,natural,water,,,,,,OSM,,,24.8313551,67.0318132,Karachi,Sindh,Pakistan,,,,,
badb4061-0c56-534e-8d67-8eb2e71bcce5,305810408,way,leisure,park,Cantonment Water Park,,,,,OSM,,,24.8305909,67.0400453,Karachi,Sindh,Pakistan,,,,,
80e08d50-a055-51f5-b44e-f6f3dab7b723,219268960,way,natural,water,,,,,,OSM,,,24.8349696,67.0327687,Karachi,Sindh,Pakistan,,,,,
059267be-2dda-5dd1-86b3-c582f5c41c4c,481374680,way,leisure,park,Clifton Cantonment Parl,,,,,OSM,,,24.8317725,67.0368289,Karachi,Sindh,Pakistan,,,,,
18fe5d56-af21-5576-b8de-9003628f332f,483655191,way,place,neighbourhood,دہلی کالونی,دہلی کالونی,,,,OSM,Delhi Colony,,24.8320546,67.044018,Karachi,Sindh,Pakistan,,,,,Q18351022
bad96f03-c117-54d5-bb3d-14747c03edb9,506611105,way,leisure,park,Abdullah Park,,,,,OSM,,,24.8295293,67.0370824,Karachi,Sindh,Pakistan,,,,,
3d5a3f9a-21b2-52e8-9be2-fb61c8219506,506672923,way,leisure,park,,,,,,OSM,,,24.8353294,67.0382655,Karachi,Sindh,Pakistan,,,,,
c5c4e5d9-877d-5e42-a02c-b7329ae9fda3,1153061591,way,place,neighbourhood,Chandio village,,,,,OSM,,,24.8298561,67.0443758,Karachi,Sindh,Pakistan,,,,,
98ebb441-e842-5a90-a159-4bae940233d8,483606289,way,leisure,park,Coconut Park,,,,,OSM,,,24.8399584,67.0331538,Karachi,Sindh,Pakistan,,,,,
663b9dec-cf00-5ef3-a1d4-9709d5fcf264,733437422,way,natural,water,,,,,,OSM,,,24.8360035,67.0339123,Karachi,Sindh,Pakistan,,,,,
ba2f3823-9a4b-5184-8169-6c3f2179df68,733437423,way,natural,water,,,,,,OSM,,,24.8363216,67.0347211,Karachi,Sindh,Pakistan,,,,,
dd6b8dde-22e9-52ed-9519-00f422d87a08,782857835,way,leisure,park,,,,,,OSM,,,24.8344337,67.0502388,Karachi,Sindh,Pakistan,,,,,
96d50505-16bc-50e6-957a-937c1a4aaf7a,484582379,way,place,neighbourhood,2 ڈی ایچ اے فیز,2 ڈی ایچ اے فیز,,,,OSM,,,24.8354616,67.0576611,Karachi,Sindh,Pakistan,,,,,
6088780f-9ff6-585e-b670-427ff950c7fb,689239049,way,healthcare,hospital,Navy Shifa Hospital,,,,,OSM,,,24.8376125,67.0498116,Karachi,Sindh,Pakistan,,,,,
7b348720-de4b-5fc7-ab80-f3e777765e76,182388154,way,leisure,park,,,,,,OSM,,,24.8423486,67.0061424,Karachi,Sindh,Pakistan,,,,,
c008e0b7-886a-5c64-90e4-f1107895aef7,539432952,way,railway,station,کراچی شہر,کراچی شہر,,,,OSM,Karachi City railway station,,24.8485692,67.006238,Karachi,Sindh,Pakistan,,,,پاکستان ریلویز,Q4373381
9f96dc1e-3372-5889-9061-07f8fbaa478f,691546712,way,natural,water,,,,,,OSM,,,24.8498011,67.0123269,Karachi,Sindh,Pakistan,,,,,
90cb22cb-82a3-5600-9768-5eddb4fcf39f,696140903,way,amenity,bank,میزان بینک,میزان بینک,,,,OSM,,,24.8434721,67.0184061,Karachi,Sindh,Pakistan,,,میزان بینک,,
36a4478f-7dc0-52df-8769-bf935ee94dd3,484187265,way,leisure,park,,,,,,OSM,,,24.8465538,67.0257715,Karachi,Sindh,Pakistan,,,,,
135e2595-5ae2-5a80-bdd1-c89dfe57a363,484750307,way,leisure,park,,,,,,OSM,,,24.8440439,67.0291763,Karachi,Sindh,Pakistan,,,,,
f4c185e2-10a2-551f-8c68-db41773025a8,26800819,way,leisure,park,Bagh-e-Quaid-e-Azam,,,,,OSM,"Polo Ground, Karachi",,24.8495555,67.0232031,Karachi,Sindh,Pakistan,,,,,Q4841612
f62b8cff-9710-5848-bef7-39eec4395d93,689894176,way,leisure,park,,,,,,OSM,,,24.8499052,67.0235249,Karachi,Sindh,Pakistan,,,,,
0192c80e-3915-5c01-b58b-37ddca7960a4,740037015,way,healthcare,hospital,Naval Central Surgery,,,,,OSM,,,24.8461152,67.0298322,Karachi,Sindh,Pakistan,,,,,
60dacfda-456a-51e2-afe6-0f6d6b05b70e,408164895,way,railway,station,کراچی چھاؤنی,کراچی چھاؤنی,,,,OSM,,,24.8437792,67.041017,Karachi,Sindh,Pakistan,,,,,Q3605245
f31bd0b0-1cd0-5618-ad76-cf388ef0c15d,691835931,way,leisure,park,,,,,,OSM,,,24.8426105,67.0377737,Karachi,Sindh,Pakistan,,,,,
2439eb4b-f81e-5c94-ad89-7acfdbbf790c,691835932,way,leisure,park,,,,,,OSM,,,24.8428588,67.0382269,Karachi,Sindh,Pakistan,,,,,
b3004a1d-9931-5aa1-92a7-d3b186be5a49,369791999,way,leisure,park,Frere Hall Green,,,,,OSM,,,24.8474144,67.0328289,Karachi,Sindh,Pakistan,,,,,
36eedd35-5f38-5451-9881-69a51fa0afb1,480561221,way,natural,water,,,,,,OSM,,,24.8433024,67.0548324,Karachi,Sindh,Pakistan,,,,,
4f1d058c-54da-53e7-9177-26f16a32ebb3,483232783,way,leisure,park,Nisar Shaheed Park,,,,,OSM,,,24.8265965,67.0620531,Karachi,Sindh,Pakistan,,,,,
8c0c8f88-8986-5d5e-9f39-86bc838078ca,518790441,way,leisure,park,,,,,,OSM,,,24.8210356,67.0628737,Karachi,Sindh,Pakistan,,,,,
d64da958-f376-56da-84c3-1919336c1fbb,518790442,way,leisure,park,,,,,,OSM,,,24.8215384,67.0623185,Karachi,Sindh,Pakistan,,,,,
5167baeb-850d-5a61-97ee-28c4f63499d7,1138972475,way,leisure,park,,,,,,OSM,,,24.8220988,67.0588653,Karachi,Sindh,Pakistan,,,,,
c711b9fd-8f6d-53f0-bbae-a3f65ddd477e,531942673,way,natural,water,,,,,,OSM,,,24.8272693,67.0615783,Karachi,Sindh,Pakistan,,,,,
37e0833a-7e02-56ad-97c7-4fbf8bd4a3c7,531942674,way,natural,water,,,,,,OSM,,,24.8257805,67.0620112,Karachi,Sindh,Pakistan,,,,,
7bcb619d-3773-56d8-b475-65baabe05cf6,518844033,way,leisure,park,,,,,,OSM,,,24.8346738,67.0630279,Karachi,Sindh,Pakistan,,,,,
3735952a-6282-573f-9257-8f9b93fb940e,483404671,way,leisure,park,,,,,,OSM,,,24.8356454,67.0582304,Karachi,Sindh,Pakistan,,,,,
79d29e1d-a629-5a32-a676-04a2ef6aabe2,532911709,way,natural,water,,,,,,OSM,,,24.8371149,67.0588456,Karachi,Sindh,Pakistan,,,,,
3552a0ce-7203-551c-a621-99d92f7ebc24,532911725,way,natural,water,,,,,,OSM,,,24.8351947,67.0573092,Karachi,Sindh,Pakistan,,,,,
43e3be81-1d2f-5793-9753-229ef355a1aa,1350812180,way,leisure,park,Dispensary Park,,,,,OSM,,,24.8389139,67.0607798,Karachi,Sindh,Pakistan,,,,Cantonment Board Clifton,
254d30db-5198-594b-b251-a52fe24b55cf,527786657,way,leisure,park,باغ,باغ,,,,OSM,,,24.8373246,67.0645259,Karachi,Sindh,Pakistan,,,,,
ac2baeda-dc89-5440-a598-d46d5c51d01b,218915094,way,leisure,park,,,,,,OSM,,,24.8456443,67.0589007,Karachi,Sindh,Pakistan,,,,,
d3fcf8b5-bdb3-5957-accb-376bf654a594,372077638,way,place,neighbourhood,Cyrus Minwalla & Avari Parsi Colony,,,,,OSM,,,24.8462082,67.0636274,Karachi,Sindh,Pakistan,,,,,
71a179ea-6eaa-5114-b886-5d7f56159673,539254296,way,place,neighbourhood,اعظم بستي,اعظم بستي,,,,OSM,,,24.8468094,67.0714871,Karachi,Sindh,Pakistan,,,,,
b0264da1-4d69-5fb9-b59c-f1f3710978bf,709142195,way,landuse,cemetery,Defence Graveyard,,,,,OSM,,,24.8426606,67.0628382,Karachi,Sindh,Pakistan,,,,,
4b449cc2-666c-5d94-9aac-3b748cba8312,969843577,way,place,neighbourhood,اعظم بستي,اعظم بستي,,,,OSM,,,24.8468769,67.0716244,Karachi,Sindh,Pakistan,,,,,
623a7f65-f95f-5915-9fea-929e614abcfb,614394710,way,amenity,police,Mehmoodabad Police Station,,,AB01000005019,,OSM,,,24.8481409,67.0666312,Karachi,Sindh,Pakistan,,,,,
6cfadde3-83c8-5eaa-b530-7136a404ea24,771280050,way,healthcare,hospital,dr aijaz,,,,,OSM,,,24.8491632,67.0633931,Karachi,Sindh,Pakistan,,,,,
da48b47e-6ea0-534b-86b6-e488a9415bfa,12591427,relation,leisure,park,,,,,,OSM,,,24.8394713,67.0043094,Karachi,Sindh,Pakistan,,,,,
fa817b80-410c-5aab-ba94-a0dd283889fc,4734094122,node,amenity,bank,HabibMetro Bank,,,,,OSM,,,24.8525871,67.000224,Karachi,Sindh,Pakistan,,,,,
198155f9-80c8-53d2-acb0-c76f8664bfc4,4734113947,node,amenity,marketplace,Sarafa Bazar,,,,,OSM,,,24.8537151,67.001376,Karachi,Sindh,Pakistan,,,,,
573a8116-47c4-5215-a8b0-facc0d1e9532,4734120903,node,amenity,bank,"Askari Bank Limited, Jodia Bazar Branch.",,,,,OSM,,,24.8534537,67.0010239,Karachi,Sindh,Pakistan,,,,,
7944b29d-518d-577a-b7ed-67f9c5737a7d,4734178561,node,amenity,bank,جے ایس بینک,جے ایس بینک,,,,OSM,,,24.8538142,67.0022323,Karachi,Sindh,Pakistan,,,جے ایس بینک,جے ایس بینک,
cb3bbfcf-c586-546b-9923-182b82a8d7dc,4734179831,node,amenity,bank,ایم سی بی بینک,ایم سی بی بینک,,,,OSM,,,24.8542835,67.0025314,Karachi,Sindh,Pakistan,,,ایم سی بی بینک,,
a812bc13-712d-57a6-9611-89a498edf35e,4776942997,node,place,neighbourhood,Bolton Market,,,,,OSM,,,24.8507404,67.0001432,Karachi,Sindh,Pakistan,,,,,
c2bc16e1-25b0-5db0-bc8c-df232e1b7133,4791991045,node,amenity,bank,ایچ بی ایل پاکستان,ایچ بی ایل پاکستان,,,,OSM,,,24.8507975,67.0008543,Karachi,Sindh,Pakistan,,,ایچ بی ایل پاکستان,,
dba6eef0-a403-586d-a905-ff90a387c3b3,4791991047,node,amenity,bank,State Bank Of Pakistan,,,,,OSM,,,24.8513287,67.0017386,Karachi,Sindh,Pakistan,,,,,
727667dc-f174-5d11-825b-fadce9f19ffc,5122120558,node,amenity,marketplace,Ismail Market 1876,,,,,OSM,,,24.8531697,67.003743,Karachi,Sindh,Pakistan,,,,,
f08dad9d-34c7-5b13-8e62-d85c72f85204,5122120560,node,amenity,bank,دبئی اسلامی بینک,دبئی اسلامی بینک,,,,OSM,,,24.852736,67.0037498,Karachi,Sindh,Pakistan,,,دبئی اسلامی بینک,,
242f5771-239c-5d67-bf98-df68247b688a,5122120561,node,amenity,bank,دبئی اسلامی بینک,دبئی اسلامی بینک,,,,OSM,,,24.8527051,67.0037026,Karachi,Sindh,Pakistan,,,دبئی اسلامی بینک,,
58a32aba-793e-5026-b408-d40bb0c64992,5122120562,node,amenity,bank,Meezan Bank M A Jinnah Road,,,,,OSM,,,24.8525541,67.0034376,Karachi,Sindh,Pakistan,,,,,
82c7321e-1509-5bc9-9cac-97a9bb1fdb1f,5122120563,node,amenity,bank,Meezan Bank - ATM,,,,,OSM,,,24.8525287,67.0033953,Karachi,Sindh,Pakistan,,,,,
b9cc8d4e-d536-5e3a-bff4-42bf1bce266c,5134471413,node,amenity,bank,نیشنل بینک آف پاکستان,نیشنل بینک آف پاکستان,,,,OSM,,,24.8506206,67.0034817,Karachi,Sindh,Pakistan,,,نیشنل بینک آف پاکستان,نیشنل بینک آف پاکستان,
2821697c-66cd-5dcc-b868-6ac94d816b74,4734193479,node,amenity,marketplace,Joria Bazar,,,,,OSM,,,24.8549981,67.0030725,Karachi,Sindh,Pakistan,,,,,
9010d54b-bc89-58e0-a354-8af91185ffed,4734199803,node,amenity,bank,NIB,,,,,OSM,,,24.8550572,67.001832,Karachi,Sindh,Pakistan,,,,MCB,
c4c389f6-ee70-5dd1-b67d-b66dc88b1c8c,4734200304,node,amenity,bank,بینک اسلامی,بینک اسلامی,,,,OSM,,,24.8551755,67.0022866,Karachi,Sindh,Pakistan,,,بینک اسلامی,بینک اسلامی,
d45b6545-6416-54db-9c04-32e29028faa7,4734200450,node,amenity,bank,سمٹ بینک,سمٹ بینک,,,,OSM,,,24.8553931,67.0017823,Karachi,Sindh,Pakistan,,,سمٹ بینک,سمٹ بینک,
64e000d4-bd5f-559c-b9a5-8bccc1c8e921,4734206347,node,amenity,bank,Saudi Pak Bank,,,,,OSM,,,24.8547454,67.0019312,Karachi,Sindh,Pakistan,,,,,
c60392b4-9254-5782-aafe-8b51052930e2,4734206583,node,amenity,bank,Soneri Bank Limited,,,,,OSM,,,24.8547853,67.0015517,Karachi,Sindh,Pakistan,,,,,
5409f1aa-d3b0-5386-b5fb-207addbc5f49,4734209112,node,amenity,bank,Meezan bank,,,,,OSM,,,24.8553862,67.0010112,Karachi,Sindh,Pakistan,,,,,
975b3051-5bbb-5c1a-9ce4-695c5b05774f,4776951334,node,place,neighbourhood,Jodia Bazar,,,,,OSM,,,24.8553696,67.0013936,Karachi,Sindh,Pakistan,,,,,
027c65cb-ae64-5bbc-be22-a97735d2adf2,5121782753,node,amenity,marketplace,babar market,,,,,OSM,,,24.8586062,67.0038439,Karachi,Sindh,Pakistan,,,,,
e1280c9a-9b19-5152-b667-382649be5969,5121933046,node,amenity,bank,Habib Metro Bank North Napier Road Branch,,,,,OSM,,,24.8567521,67.0036794,Karachi,Sindh,Pakistan,,,,,
951e7cfc-d65b-5ba3-9b5b-543388dcbb4e,5121933047,node,amenity,bank,Habib Metro Bank - ATM,,,,,OSM,,,24.8567191,67.0036886,Karachi,Sindh,Pakistan,,,,,
5c828797-f704-5ccd-8ea4-535b2b2a5334,5121933051,node,amenity,bank,Askari Bank North Napier Road Branch,,,,,OSM,,,24.8562461,67.0038071,Karachi,Sindh,Pakistan,,,,,
b020df17-4aea-5c0b-9cf2-d541bcd4ef41,5121933052,node,amenity,bank,Askari Bank - ATM,,,,,OSM,,,24.856154,67.0038666,Karachi,Sindh,Pakistan,,,,,
2a7bad55-f683-52b0-a701-e9f52a93416e,5121933053,node,amenity,bank,Bank Al Falah Limited,,,,,OSM,,,24.8560819,67.0039116,Karachi,Sindh,Pakistan,,,,,
d4345b25-2763-549f-adc6-9719c0593c2b,5121933054,node,amenity,bank,Bank Al Falah - ATM,,,,,OSM,,,24.8559972,67.0039763,Karachi,Sindh,Pakistan,,,,,
bd51cda6-5459-50e1-99d0-79721e20ca46,5122919860,node,amenity,marketplace,Khajoor Bazar,,Khajoor Market,,,OSM,,,24.8591475,67.0004109,Karachi,Sindh,Pakistan,,,,,
1fd17829-b36a-54b3-b740-54853986b4c3,5123962553,node,amenity,marketplace,Lee Market Sabzi Mandi,,,,,OSM,,,24.860696,67.0005244,Karachi,Sindh,Pakistan,,,,,
c051f88f-782a-568f-a54d-85ac58e8b954,5128213129,node,amenity,marketplace,Vegetable Market,,,,,OSM,,,24.860937,67.0008245,Karachi,Sindh,Pakistan,,,,,
9a29efd6-4518-542d-8171-8bbf31174d42,5128213134,node,amenity,marketplace,Abbasi Kutub Khana Juna Market,,,,,OSM,,,24.856877,67.0021881,Karachi,Sindh,Pakistan,,,,,
8c7347fc-f133-5d64-b005-3febd978ac26,5232538115,node,amenity,bank,میزان بینک,میزان بینک,,,,OSM,,,24.859083,67.000055,Karachi,Sindh,Pakistan,,,میزان بینک,,
e5f2fb98-8bb3-591f-aabc-52a8ae37644c,7326827220,node,amenity,bank,یونائیٹڈ بینک لمیٹڈ,یونائیٹڈ بینک لمیٹڈ,,,,OSM,,,24.8546273,67.0031159,Karachi,Sindh,Pakistan,,,یونائیٹڈ بینک لمیٹڈ,,
bbaab49b-c521-57bf-8264-af4b3ec41406,7326827221,node,amenity,bank,بينک الحبيب,بينک الحبيب,,,,OSM,,,24.8545638,67.0027576,Karachi,Sindh,Pakistan,,,بينک الحبيب,,
23a1e108-cdb5-5671-bc4d-c8d188be34f0,7326827222,node,amenity,bank,ایچ بی ایل پاکستان,ایچ بی ایل پاکستان,,,,OSM,,,24.8546492,67.0027447,Karachi,Sindh,Pakistan,,,ایچ بی ایل پاکستان,,
6a797977-a3ae-57f5-9c3a-a4ace452fce0,7326827223,node,amenity,bank,فیصل بینک,فیصل بینک,,,,OSM,,,24.8546674,67.0026433,Karachi,Sindh,Pakistan,,,فیصل بینک,,
4f66dc17-7f31-5142-8e4b-deacad062768,4785857334,node,amenity,police,Napier Police Station,,,,,OSM,,,24.8616226,67.0016472,Karachi,Sindh,Pakistan,,,,,
2390b88c-a463-55d7-864b-0091e696033a,5123962239,node,amenity,atm,UBL ATM - Bhimpura,,,,,OSM,,,24.861375,67.0028177,Karachi,Sindh,Pakistan,,,,,
b9bd29e7-edcb-5fb8-a4fe-5c626581adec,4724172659,node,amenity,bank,MCB Tower,,,,,OSM,,,24.8500137,67.0089467,Karachi,Sindh,Pakistan,,,,Muslim Commercial Bank,
cbd2c713-58fa-5707-96dd-c0e42d2ee702,4785857328,node,amenity,police,Aram Bagh Police Station,,,,,OSM,,,24.8518537,67.0088416,Karachi,Sindh,Pakistan,,,,,
987d54b2-eb54-5771-a260-1abbd3e0c8e1,4791991051,node,amenity,bank,فیصل بینک,فیصل بینک,,,,OSM,,,24.8539623,67.0058117,Karachi,Sindh,Pakistan,,,فیصل بینک,,
a648d2cd-55bb-5067-bdea-77e0aff549e2,4791991052,node,amenity,bank,National Bank Of Pakistan,,,,,OSM,,,24.8537498,67.0058702,Karachi,Sindh,Pakistan,,,,,
c2c61d1b-052b-5334-9460-46962978bc25,4791991054,node,amenity,atm,HBL ATM,,,,,OSM,,,24.8542614,67.0062708,Karachi,Sindh,Pakistan,,,,,
abe6e63d-0f0a-56f7-998c-0542fb1323f7,4791991055,node,amenity,bank,سندھ بینک,سندھ بینک,,,,OSM,,,24.8540055,67.0065973,Karachi,Sindh,Pakistan,,,سندھ بینک,,
9f489629-7d06-5309-881e-f83858b1ce17,4791991057,node,amenity,atm,Silkbank,,,,,OSM,,,24.8535737,67.0067268,Karachi,Sindh,Pakistan,,,Silkbank Limited,,
7dca9171-cbab-5c5a-bc64-3874a9df1838,4791991060,node,amenity,atm,MCB Babk ATM,,,,,OSM,,,24.8545326,67.0072475,Karachi,Sindh,Pakistan,,,,,
0e269812-d14c-5c64-bd89-4d0bd4fd44de,4803891163,node,amenity,bank,MCB BANK,,,,,OSM,,,24.8502071,67.0064041,Karachi,Sindh,Pakistan,,,,,
96698952-37c1-5cf5-a34d-fd4637acbec5,4803891174,node,amenity,bank,Albaraka Bank,,,,,OSM,,,24.8501184,67.0101519,Karachi,Sindh,Pakistan,,,,,
60a922e9-7767-5074-8639-524ea977de73,5121933073,node,amenity,bank,PICIC Commercial Bank,,,,,OSM,,,24.8540319,67.0051889,Karachi,Sindh,Pakistan,,,,,
e750bbd0-ae27-53e2-b505-966262a1bf65,5121933074,node,amenity,bank,PICIC Commercial Bank - ATM,,,,,OSM,,,24.8539843,67.0052396,Karachi,Sindh,Pakistan,,,,,
231c00bc-d163-5519-b9e6-be8fc6972d1d,5121933077,node,amenity,marketplace,Light Market,,,,,OSM,,,24.8534045,67.0052525,Karachi,Sindh,Pakistan,,,,,
fc039aa9-942c-5f65-b8c4-3ed77338cb72,5121933085,node,amenity,bank,عسکری بینک,عسکری بینک,,,,OSM,,,24.8523959,67.0062799,Karachi,Sindh,Pakistan,,,عسکری بینک,,
f32b893a-ab5f-513a-b011-4009ea605ef7,5121933086,node,amenity,bank,Askari Bank - ATM,,,,,OSM,,,24.8523633,67.0063062,Karachi,Sindh,Pakistan,,,,,
3164fab4-5007-5ae1-8c95-f8acaff6d480,5121933087,node,amenity,bank,ایچ بی ایل پاکستان,ایچ بی ایل پاکستان,,,,OSM,,,24.8522261,67.0065507,Karachi,Sindh,Pakistan,,,ایچ بی ایل پاکستان,,
21b5acab-5baf-53ef-9af6-971b5d35c4bf,5121933091,node,amenity,bank,Habib Metropolitan Bank,,,,,OSM,,,24.8517753,67.0068864,Karachi,Sindh,Pakistan,,,,,
789f4c64-3fc0-525d-81fc-8bd6b7678994,5121933092,node,amenity,bank,Habib Metropolitan Bank - ATM,,,,,OSM,,,24.8517556,67.0069092,Karachi,Sindh,Pakistan,,,,,
90e7bcbb-9746-592a-ba8e-1f0940e65575,5126962158,node,amenity,marketplace,Paper Market,,,,,OSM,,,24.8543605,67.0088032,Karachi,Sindh,Pakistan,,,,,
bb9db7e5-cd0f-55fe-aa1b-8279609f85a1,7326783647,node,amenity,bank,یونائیٹڈ بینک لمیٹڈ,یونائیٹڈ بینک لمیٹڈ,,,,OSM,,,24.8541475,67.0065765,Karachi,Sindh,Pakistan,,,یونائیٹڈ بینک لمیٹڈ,,
65a3edd8-2697-5565-baa6-e64fb6b9e147,7326783648,node,amenity,bank,National Bank of Pakistan1,,,,,OSM,,,24.8539492,67.006436,Karachi,Sindh,Pakistan,,,,,
54ef1251-2530-50c3-a398-2c15c0ba1052,7326783650,node,amenity,atm,,,,,,OSM,,,24.854019,67.0063426,Karachi,Sindh,Pakistan,,,,HBL,
0bc38acd-1099-5f0c-9eaa-771f6a9710f9,7326783651,node,amenity,bank,الائیڈ بینک لمیٹڈ,الائیڈ بینک لمیٹڈ,,,,OSM,,,24.8535666,67.0066183,Karachi,Sindh,Pakistan,,,الائیڈ بینک لمیٹڈ,,
bc41ae09-64f0-5d29-b1f5-c93ea2ceef26,11594188469,node,amenity,bank,Habib Bank Limited Islamic,,,,,OSM,,,24.8539889,67.0063211,Karachi,Sindh,Pakistan,,,,,
7237109d-b4f4-570f-89cd-96e1066946f1,4409201291,node,amenity,bank,Allied bank,,,,,OSM,,,24.8507727,67.0167898,Karachi,Sindh,Pakistan,,,,,
66a1fcdc-1451-5b9d-981d-363dd8000d23,4803891175,node,amenity,bank,دبئی اسلامی بینک,دبئی اسلامی بینک,,,,OSM,,,24.850896,67.0157534,Karachi,Sindh,Pakistan,,,دبئی اسلامی بینک,,
2001589e-b08f-504a-9d4b-7ec6d70739c8,4803891176,node,amenity,bank,Silkbank - I.I.Chundrigar,,,,,OSM,,,24.8507646,67.0166725,Karachi,Sindh,Pakistan,,,,,
544bf365-11a7-541a-aafc-3917c33b37ed,4803891177,node,amenity,bank,Habib Metro Bank,,,,,OSM,,,24.8505366,67.0167845,Karachi,Sindh,Pakistan,,,,,
9693774a-63e6-5fc9-933d-542727b21ff5,4803891178,node,amenity,bank,یونائیٹڈ بینک لمیٹڈ,یونائیٹڈ بینک لمیٹڈ,,,,OSM,,,24.8505194,67.0166288,Karachi,Sindh,Pakistan,,,یونائیٹڈ بینک لمیٹڈ,,
11d8f7fb-653f-58f1-a3f4-87e2cd2e209c,4803891179,node,amenity,bank,Burj Bank Limited,,,,,OSM,,,24.8505423,67.0169089,Karachi,Sindh,Pakistan,,,,,
e86760d7-991a-50fc-bc6b-c7c165ebc1ea,4803891182,node,amenity,bank,Habib Metropolitan Bank- I.I.Chundrigar,,,,,OSM,,,24.850466,67.0162281,Karachi,Sindh,Pakistan,,,,,
bc2df2d6-8668-5e45-835b-53b139a819ad,5128917909,node,amenity,bank,United Bank Limited - Strachan Road,,,,,OSM,,,24.8541056,67.0151317,Karachi,Sindh,Pakistan,,,,,
1952fd52-9d42-575d-a37e-7803c400f954,6904062703,node,amenity,bank,Al-Baraka Bank,,,,,OSM,,,24.8505729,67.0170816,Karachi,Sindh,Pakistan,,,,,
a310e2a1-66d7-572e-b76b-87c47fa87417,4409199394,node,amenity,bank,Askari bank,,,,,OSM,,,24.8508495,67.017451,Karachi,Sindh,Pakistan,,,,,
53a9bf88-74b7-5ce2-bc7b-63839a98105a,4409199395,node,amenity,bank,Habib Metro Islamic Bank- I.I.Chundrigar,,,,,OSM,,,24.8506337,67.017628,Karachi,Sindh,Pakistan,,,,,
afde6920-8adc-5f66-8ed4-bb99c5cc4011,4803710821,node,amenity,bank,سندھ بینک,سندھ بینک,,,,OSM,,,24.8537183,67.0217971,Karachi,Sindh,Pakistan,,,سندھ بینک,,
1cd9b764-5582-55e1-b6d9-2a6f8350810e,4803891180,node,amenity,bank,فیصل بینک,فیصل بینک,,,,OSM,,,24.8506003,67.0173643,Karachi,Sindh,Pakistan,,,فیصل بینک,,
befbddde-6f0c-5eb1-9b6f-56e331623cc8,4803891184,node,amenity,bank,JS Bank Limited,,,,,OSM,,,24.8506007,67.0193354,Karachi,Sindh,Pakistan,,,,,
0a6e1d08-32ab-514e-86eb-688b43e221c1,5128917944,node,tourism,museum,National Museum of Pakistan,,,,,OSM,National Museum of Pakistan,,24.8528564,67.0176726,Karachi,Sindh,Pakistan,,,,,Q1967486
ad9e8232-3c40-547a-9d9a-81ca38286cc9,6904062691,node,amenity,bank,Habib Metro Bank,,,,,OSM,,,24.8509572,67.018174,Karachi,Sindh,Pakistan,,,,,
1ec34618-e075-5b27-88d6-bf942da10626,6904062695,node,amenity,bank,The Bank of Punjab,,,,,OSM,,,24.8509272,67.0178089,Karachi,Sindh,Pakistan,,,,,
a1989b87-95d8-593c-b204-21c9f44859f3,6904062696,node,amenity,atm,,,,,,OSM,,,24.8509251,67.0177601,Karachi,Sindh,Pakistan,,,,The Bank of Punjab ATM,
fee748b2-b61e-571e-bb6f-e955e5a28cd8,6904062698,node,amenity,bank,Apna Bank,,,,,OSM,,,24.8506352,67.0177915,Karachi,Sindh,Pakistan,,,,,
d9ada783-c51c-59bf-8c09-043cc376fefc,7264280885,node,amenity,bank,جے ایس بینک,جے ایس بینک,,,,OSM,,,24.8507443,67.0193589,Karachi,Sindh,Pakistan,,,جے ایس بینک,جے ایس بینک,
7c0c12a4-eae2-5863-8668-dea1abb3f6bd,7264280886,node,amenity,bank,National Bank Of Pakistan,,,,,OSM,,,24.850905,67.0192596,Karachi,Sindh,Pakistan,,,,,
1b96d665-a0b7-5909-b392-d8713bbb515d,7264280887,node,amenity,bank,میزان بینک,میزان بینک,,,,OSM,,,24.8509756,67.0193428,Karachi,Sindh,Pakistan,,,میزان بینک,,
3bc4cd1a-82b4-5f11-9422-ae29c9ee838f,12255016800,node,leisure,park,Burn's Garden | Urban Forest,,,,,OSM,,,24.8513433,67.0182424,Karachi,Sindh,Pakistan,,,,,
4bae8d75-adf7-593b-81bc-d3b8d62286e5,1595101295,node,amenity,bank,National Bank,,,,,OSM,,,24.8541963,67.0241398,Karachi,Sindh,Pakistan,,,,,
d8fb8be4-e64b-50ae-8842-777c1c24a9b2,3851852840,node,amenity,bank,ایچ بی ایل پاکستان,ایچ بی ایل پاکستان,,,,OSM,,,24.8543642,67.028436,Karachi,Sindh,Pakistan,,,ایچ بی ایل پاکستان,,
8e464911-1cb4-5b0f-b34d-5f522d5ff2cb,5119724232,node,amenity,bank,Meezan Bank - Sidco Branch,,,,,OSM,,,24.8537895,67.0265084,Karachi,Sindh,Pakistan,,,,Meezan Bank Limited,
32cac3d9-c27c-525e-ae1f-8dbe7eab47af,5119792991,node,amenity,bank,NIB,,,,,OSM,,,24.8544839,67.0284512,Karachi,Sindh,Pakistan,,,,MCB,
2be03d23-e4e4-5662-93c5-fb0f0674a99a,5128445343,node,amenity,marketplace,Alfalah Electronic Market,,,,,OSM,,,24.8542234,67.028713,Karachi,Sindh,Pakistan,,,,,
2257e818-76e9-53e1-a75d-1235eb311078,5128445344,node,amenity,marketplace,Pak Digital Al Falah Market,,,,,OSM,,,24.8543836,67.0286596,Karachi,Sindh,Pakistan,,,,,
713cf8cc-9929-5cfb-8af5-e32b35657621,5142392449,node,amenity,police,CPLC - Citizen Police,,,,,OSM,,,24.8523482,67.027753,Karachi,Sindh,Pakistan,,,,,
2951a094-0845-58cd-8179-a91806bb68f0,4785775164,node,amenity,police,Risala Police Station,,,,,OSM,,,24.8592003,67.0049782,Karachi,Sindh,Pakistan,,,,,
7ba55286-29fd-5b9e-804c-2a9b5f4b8931,4791991068,node,amenity,bank,ایچ بی ایل پاکستان,ایچ بی ایل پاکستان,,,,OSM,,,24.8559221,67.0091177,Karachi,Sindh,Pakistan,,,ایچ بی ایل پاکستان,,
69a0e0ad-97bd-54a7-963a-1a39d87c6b36,4791991073,node,amenity,bank,جے ایس بینک,جے ایس بینک,,,,OSM,,,24.8565399,67.0101591,Karachi,Sindh,Pakistan,,,جے ایس بینک,جے ایس بینک,
1a7eb9df-1472-596d-9489-2fd071498f7c,4791991074,node,amenity,bank,بينک الحبيب,بينک الحبيب,,,,OSM,,,24.8566489,67.0103686,Karachi,Sindh,Pakistan,,,بينک الحبيب,,
2d711c24-c6cc-54b9-bbd3-16c07c35a2da,4791991081,node,amenity,bank,سمٹ بینک,سمٹ بینک,,,,OSM,,,24.8564404,67.0104434,Karachi,Sindh,Pakistan,,,سمٹ بینک,سمٹ بینک,
91722e8a-56fd-588b-8247-462b0363e00e,5121933049,node,amenity,bank,MCB North Napier Road Branch,,,,,OSM,,,24.8561976,67.0040388,Karachi,Sindh,Pakistan,,,,,
f53a64eb-fd3a-53ad-888f-e359cd5b7c89,5121933050,node,amenity,bank,MCB - ATM,,,,,OSM,,,24.8562609,67.0040186,Karachi,Sindh,Pakistan,,,,,
191eb519-dfb4-52f7-8ad6-f5e23e3bac43,5121933056,node,amenity,bank,Meezan Bank Limited,,,,,OSM,,,24.8558427,67.0042467,Karachi,Sindh,Pakistan,,,,,
3ebede68-b8d9-53af-a654-43e0dcd1f69b,5121933057,node,amenity,bank,Meezan Bank - ATM,,,,,OSM,,,24.8557657,67.0042783,Karachi,Sindh,Pakistan,,,,,
1cd25a39-91c4-5395-8dbe-34d3755f6c79,5121933062,node,amenity,marketplace,Dandia.Bazar Karachi,,,,,OSM,,,24.8552795,67.0046049,Karachi,Sindh,Pakistan,,,,,
4732eb78-90c3-5c4a-9a58-3610ddc6fac6,5121933064,node,amenity,bank,Bank Al Habib North Napier Road,,,,,OSM,,,24.8546932,67.0049369,Karachi,Sindh,Pakistan,,,,,
948ce60b-4503-5c20-96cc-b31c88bee949,5121933065,node,amenity,bank,Bank Al Habib - ATM,,,,,OSM,,,24.8546691,67.0049602,Karachi,Sindh,Pakistan,,,,,
c458a2eb-7376-513f-a7f7-653325a26622,5121933067,node,amenity,bank,MCB Bank - North Napier Rd Br,,,,,OSM,,,24.8546587,67.0048504,Karachi,Sindh,Pakistan,,,,,
852e09fb-9c8a-58f2-9de3-59322cbd4d2d,5121933068,node,amenity,bank,MCB Bank - ATM,,,,,OSM,,,24.8546406,67.0048704,Karachi,Sindh,Pakistan,,,,,
53c9b718-abd8-5b62-8b49-28a782b51d0a,5121933070,node,amenity,bank,Dubia Islamic Bank North Napier Road,,,,,OSM,,,24.8546219,67.0048795,Karachi,Sindh,Pakistan,,,,,
96039a95-d6dd-5e6c-9d68-c9bf8329fe6c,5121933071,node,amenity,bank,Dubia Islamic Bank - ATM,,,,,OSM,,,24.8546002,67.0048901,Karachi,Sindh,Pakistan,,,,,
5398c7ab-95b9-5f7a-82c6-c753928ac9cf,5128445378,node,amenity,marketplace,3,3,,,,OSM,,,24.8604737,67.0077851,Karachi,Sindh,Pakistan,,,,,
7cbefe8f-8f9e-5c3b-bed9-2696f6e37aa7,5132720051,node,amenity,marketplace,Lunda Bazar,,,,,OSM,,,24.8581575,67.007626,Karachi,Sindh,Pakistan,,,,,
21b1095a-e2e3-540b-b9f7-20fc63039027,5160729718,node,healthcare,hospital,Burns Center,,,,,OSM,,,24.8596334,67.0089537,Karachi,Sindh,Pakistan,,,,,
ccb5fb60-2a66-558d-b962-1ff5705495e6,12252642899,node,healthcare,hospital,Best Kidney OPD opd SIUT,,,,,OSM,,,24.8587243,67.0103904,Karachi,Sindh,Pakistan,,,,,
9e3af873-46dc-54ad-b29a-040c5e3812d3,12252648136,node,healthcare,hospital,,,,,,OSM,,,24.8586173,67.0103367,Karachi,Sindh,Pakistan,,,,,
774e370d-c724-59dd-8de1-e39fcd958154,12252667172,node,healthcare,hospital,"Dr. Ruth K. M. Pfau, Civil Hospital Karachi",,,,,OSM,,,24.8593498,67.010318,Karachi,Sindh,Pakistan,,,,,
af4922fc-8539-54fd-8b0a-e4bf71339391,3823918155,node,amenity,marketplace,Jama Cloth Market,,,,,OSM,,,24.8584177,67.0140248,Karachi,Sindh,Pakistan,,,,,
74755f40-d9d2-54b8-be7b-7f2a5481abf5,4791991085,node,amenity,bank,ایم سی بی بینک,ایم سی بی بینک,,,,OSM,,,24.8575049,67.012321,Karachi,Sindh,Pakistan,,,ایم سی بی بینک,,
515ed62c-4fe7-5786-8a47-3966fe0cd6aa,4791991086,node,amenity,bank,عسکری بینک,عسکری بینک,,,,OSM,,,24.8575274,67.0124643,Karachi,Sindh,Pakistan,,,عسکری بینک,,
952c4eb5-35df-52a8-bbbb-be424e8680ea,4791991087,node,amenity,bank,یونائیٹڈ بینک لمیٹڈ,یونائیٹڈ بینک لمیٹڈ,,,,OSM,,,24.8580252,67.0133,Karachi,Sindh,Pakistan,,,یونائیٹڈ بینک لمیٹڈ,,
267daad5-c896-5a11-931a-b60c156f4045,4791991088,node,amenity,marketplace,Marium Market,,,,,OSM,,,24.8585374,67.0132465,Karachi,Sindh,Pakistan,,,,,
5041cc30-8a01-5c1e-a8c7-aacd4d798cf9,4792035033,node,amenity,bank,بینک الفلاح,بینک الفلاح,,,,OSM,,,24.8595075,67.0166731,Karachi,Sindh,Pakistan,,,بینک الفلاح,,
df0225a4-8abc-53ed-be54-da6bc87ae4c3,4792035035,node,amenity,bank,بینک اسلامی,بینک اسلامی,,,,OSM,,,24.8594024,67.016608,Karachi,Sindh,Pakistan,,,بینک اسلامی,بینک اسلامی,
a1ddd149-6bb2-5565-87f8-ac99e7e784ef,5109183421,node,healthcare,pharmacy,,,,,,OSM,,,24.8597174,67.0114094,Karachi,Sindh,Pakistan,,,,,
b9a21071-98c0-5853-a3cf-ad5446988c2d,5128213127,node,amenity,marketplace,Araam Bagh Furniture Market,,,,,OSM,,,24.8568456,67.0121764,Karachi,Sindh,Pakistan,,,,,
6db2e6b9-8c0a-5a6a-b468-85f31b4a3249,5137527634,node,amenity,marketplace,Frame Market,,,,,OSM,,,24.856534,67.0152226,Karachi,Sindh,Pakistan,,,,,
211d09b4-2b78-51a8-b725-87023f4ae7a0,5137527639,node,amenity,marketplace,Aquarium street,,,,,OSM,,,24.8563196,67.0159248,Karachi,Sindh,Pakistan,,,,,
1daaf06b-ba89-562a-a7f9-5fc8599d64a3,5160729715,node,healthcare,hospital,OT Complex CHK,,,,,OSM,,,24.8586687,67.0114581,Karachi,Sindh,Pakistan,,,,,
c5248e11-2470-562b-8b66-f84e3f4c0f40,6880571567,node,place,neighbourhood,Gari Khata,,,,,OSM,,,24.8556035,67.0106062,Karachi,Sindh,Pakistan,,,,,
e4a1079b-6bc7-57db-abb0-4ff5f271a951,8260890427,node,amenity,bank,ایچ بی ایل پاکستان,ایچ بی ایل پاکستان,,,,OSM,,,24.8551285,67.0119139,Karachi,Sindh,Pakistan,,,ایچ بی ایل پاکستان,,
8ed1f3c2-0cf2-5e50-8656-0f4fabbb6dac,12154939277,node,leisure,park,FAMILY PARK ARAM BAGH,,,,,OSM,,,24.8560103,67.0136227,Karachi,Sindh,Pakistan,,,,,
11c6a298-2b0f-5c84-9ff7-417f5fba1df9,12154946317,node,leisure,park,Tikon Park,,,,,OSM,,,24.8556166,67.0133362,Karachi,Sindh,Pakistan,,,,,
a5e94f75-c9d4-55d6-91ef-3b4dd0a35c9e,12154959256,node,healthcare,pharmacy,Baba-e-Homeopathy Dr. Hamid's National Homeo Stores (since 1918),,,,,OSM,,,24.8559358,67.0141425,Karachi,Sindh,Pakistan,,,,,
36d458a7-4764-5b57-af15-0c36aef40ef7,12154983496,node,healthcare,pharmacy,BestChem International,,,,,OSM,,,24.8563421,67.0143725,Karachi,Sindh,Pakistan,,,,,
91da06b1-5dd5-5582-a40f-54cafb0f974b,12155061683,node,healthcare,pharmacy,Noor Medical,,,,,OSM,,,24.8566667,67.0155195,Karachi,Sindh,Pakistan,,,,,
87620b9d-28a2-52ef-9c99-c834adbb45ec,12155148704,node,healthcare,hospital,Sobhraj Maternity Hospital,,,,,OSM,,,24.8580159,67.0163095,Karachi,Sindh,Pakistan,,,,,
0ce91ca3-3b3a-521e-9091-8eba1646548e,12155149272,node,healthcare,hospital,Sobhraj Hospital KKF Service,,,,,OSM,,,24.8578102,67.0162861,Karachi,Sindh,Pakistan,,,,,
38b8b780-b14e-5394-9b3f-0d77235c26c6,12155174953,node,amenity,bank,Summit Bank,,,,,OSM,,,24.856775,67.0168537,Karachi,Sindh,Pakistan,,,,,
c45e7e4c-0839-575b-aea8-51d9ff6cdf6d,12157647786,node,amenity,bank,Faysal Bank burns road branch,,,,,OSM,,,24.8562018,67.0153783,Karachi,Sindh,Pakistan,,,,,
bce32421-8441-5fb5-bc3a-85e7e0a36f24,12157816077,node,amenity,marketplace,Ghost Market,,,,,OSM,,,24.8551511,67.0160449,Karachi,Sindh,Pakistan,,,,,
40ff46ff-d564-5f58-acc4-580cb0a8a347,12160056158,node,leisure,park,Municipal Park,,,,,OSM,,,24.8596674,67.0162322,Karachi,Sindh,Pakistan,,,,,
8fcb4592-b491-5f7f-9ab3-01e947823ebe,12160187783,node,amenity,bank,Meezan Bank - Urdu Bazar Branch,,,,,OSM,,,24.8592135,67.0161271,Karachi,Sindh,Pakistan,,,,,
95f4d06e-2fac-5510-a478-0dda53d30c7d,12160299329,node,amenity,marketplace,noon Pakistan,,,,,OSM,,,24.8588915,67.015408,Karachi,Sindh,Pakistan,,,,,
016c6300-acad-588a-a5d4-a88427c1e79a,12160324485,node,amenity,bank,HMB Eidgah Branch,,,,,OSM,,,24.8600885,67.0169707,Karachi,Sindh,Pakistan,,,,,
7866fdc3-6460-5f12-8e28-50cb5d92b729,12160326642,node,amenity,bank,Askari Bank Urdu Bazar Branch,,,,,OSM,,,24.8583311,67.0159713,Karachi,Sindh,Pakistan,,,,,
3e08de2d-98b0-5804-9177-625a8842893c,12312076805,node,amenity,marketplace,Iqbal Center,,,,,OSM,,,24.8605724,67.0165774,Karachi,Sindh,Pakistan,,,,,
f544767b-0f12-50cf-b046-8008b30048ed,12312128911,node,amenity,marketplace,Iqbal Market,,,,,OSM,,,24.8606667,67.0165411,Karachi,Sindh,Pakistan,,,,,
d7861e59-8245-5313-ae45-858a9c513ece,12312150079,node,amenity,marketplace,Lee market,,,,,OSM,,,24.8597993,67.0158198,Karachi,Sindh,Pakistan,,,,,
eb209d21-cfba-5b2f-89da-6b77678d98bc,12314359161,node,amenity,marketplace,Habib Market,,,,,OSM,,,24.859216,67.0155175,Karachi,Sindh,Pakistan,,,,,
9feac7a1-357a-5592-857d-6af5d1d0467f,12317951340,node,amenity,marketplace,M.j bags shop jama clothe market,,,,,OSM,,,24.8587352,67.014407,Karachi,Sindh,Pakistan,,,,,
ce266263-1e6f-53f4-af0f-eaab0d54d0c8,12318087511,node,amenity,marketplace,Hijabia Collections,,,,,OSM,,,24.8588592,67.01462,Karachi,Sindh,Pakistan,,,,,
2508ace6-c177-5664-aad4-5e8fbe85c503,12318147163,node,amenity,police,Aram Bagh Traffic Police karachi,,,,,OSM,,,24.8581197,67.0131687,Karachi,Sindh,Pakistan,,,,,
996423c2-84ad-562f-88ad-51d77ff490ed,12320142052,node,healthcare,pharmacy,Baqai Homoeopathic store,,,,,OSM,,,24.8564414,67.0114252,Karachi,Sindh,Pakistan,,,,,
7eadd62c-a029-548d-8fb2-ce26fcf3624c,12320199325,node,healthcare,pharmacy,Standard Homoeopathic pharmacy & Clinic,,,,,OSM,,,24.856683,67.0112595,Karachi,Sindh,Pakistan,,,,,
4ff13de0-6f56-5f32-b751-8ef6d9d5764c,12320212792,node,healthcare,pharmacy,Waqar Homeo Store,,,,,OSM,,,24.8568361,67.0111812,Karachi,Sindh,Pakistan,,,,,
5b7f6ed8-e699-5898-bef5-d4585f25146d,12320221549,node,healthcare,pharmacy,Dr. Hamid General Homoeo (PVT) LTD.,,,,,OSM,,,24.8564852,67.0113896,Karachi,Sindh,Pakistan,,,,,
7b486448-28b8-539f-8e8a-34a09a44550f,12320233658,node,healthcare,pharmacy,Mektum House,,,,,OSM,,,24.8563289,67.0115594,Karachi,Sindh,Pakistan,,,,,
878291a6-b125-5c11-a3e8-c3e40cff0d23,12325344009,node,healthcare,pharmacy,Marfani Medical,,,,,OSM,,,24.8572737,67.0119907,Karachi,Sindh,Pakistan,,,,,
9f1fa3fd-846d-5dd2-b88e-b24c1fb51c20,12325360201,node,amenity,marketplace,Dehli cloth market,,,,,OSM,,,24.857542,67.0125638,Karachi,Sindh,Pakistan,,,,,
7bffc36a-1ddd-51a5-9eed-761c34c5fce7,5119945434,node,amenity,bank,ایم سی بی بینک,ایم سی بی بینک,,,,OSM,,,24.8633334,67.0084879,Karachi,Sindh,Pakistan,,,ایم سی بی بینک,,
6075dbeb-fab9-5f64-a321-cdc97a254b83,5119945435,node,amenity,bank,MCB Bank - ATM,,,,,OSM,,,24.8633016,67.0084561,Karachi,Sindh,Pakistan,,,,,
c2e7e570-5368-5fc4-bd39-987ac7e3ced9,5126962157,node,amenity,marketplace,Karachi Timber Market,,,,,OSM,,,24.8662905,67.0074042,Karachi,Sindh,Pakistan,,,,,
512caa83-d21b-5075-99a9-8a82bf8ae777,5230415823,node,amenity,bank,الائیڈ بینک لمیٹڈ,الائیڈ بینک لمیٹڈ,,,,OSM,,,24.8675048,67.0104842,Karachi,Sindh,Pakistan,,,الائیڈ بینک لمیٹڈ,,
f727e5fc-cf15-50df-b0ea-4c90b0ee5966,5232538102,node,amenity,marketplace,Iron Market,,,,,OSM,,,24.8645201,67.0063189,Karachi,Sindh,Pakistan,,,,,
9eb55df9-4917-5c2e-ad51-fe57812647bd,5232538104,node,amenity,bank,Soneri Bank Timber Market,,,,,OSM,,,24.8652746,67.0055418,Karachi,Sindh,Pakistan,,,,,
d6d746d5-b755-5185-b347-91cc8d525ce7,6773256961,node,place,neighbourhood,Jinnahabad,,,,,OSM,,,24.8661807,67.0066871,Karachi,Sindh,Pakistan,,,,,
39d20af2-28a2-5377-80be-975feac59247,4776951335,node,place,neighbourhood,بوہرہ پیر,بوہرہ پیر,,,,OSM,,,24.8627417,67.0152344,Karachi,Sindh,Pakistan,,,,,
48d78a31-358b-52a9-b5eb-609c872d342a,5128010262,node,amenity,marketplace,Hoti Cloth Market,,,,,OSM,,,24.8657466,67.0164768,Karachi,Sindh,Pakistan,,,,,
ebcb26de-44b2-5313-8102-c75ff604502c,5230415824,node,amenity,bank,فیصل بینک,فیصل بینک,,,,OSM,,,24.8673965,67.0106854,Karachi,Sindh,Pakistan,,,فیصل بینک,,
45160b0c-9ca8-53fc-8ce2-b7fb104a174d,6681687687,node,place,neighbourhood,Narayan Pura,,,,,OSM,,,24.8636656,67.0120172,Karachi,Sindh,Pakistan,,,,,
bdb9bf84-cfdb-5490-a89e-e6582e907941,6774065154,node,place,neighbourhood,Kalanagar,,,,,OSM,,,24.8663615,67.013316,Karachi,Sindh,Pakistan,,,,,
06f185b0-e235-5085-babe-64760f212331,6934007373,node,place,neighbourhood,Saify Nagar,,,,,OSM,,,24.8654057,67.0119837,Karachi,Sindh,Pakistan,,,,,
67546dc7-155d-5480-9f45-72d3adb626d5,12153994356,node,healthcare,clinic,Al-Hamd Orthopedic Clinic,,,,,OSM,,,24.8676432,67.0148648,Karachi,Sindh,Pakistan,,,,,
aa2c8782-7347-5124-ae14-5e02832b4e06,12197725163,node,healthcare,clinic,Al Nasir clinic,,,,,OSM,,,24.8671784,67.0142831,Karachi,Sindh,Pakistan,,,,,
0548eb69-4ef3-5902-a3b5-0f17ae5cf3f9,12203274819,node,healthcare,pharmacy,Al-Rizwan Medical Store,,,,,OSM,,,24.8643108,67.0169634,Karachi,Sindh,Pakistan,,,,,
cd66b3fc-60e7-50ca-b302-bdb1a50d14c9,12203449698,node,amenity,marketplace,Bohra Peer Market,,,,,OSM,,,24.8628504,67.0169771,Karachi,Sindh,Pakistan,,,,,
e1ec6e06-183b-5dcc-85b6-117b9cca6bdf,12203457774,node,healthcare,hospital,The save citizen rehabilitation center,,,,,OSM,,,24.863086,67.0166844,Karachi,Sindh,Pakistan,,,,,
d9bc7905-81bd-5ef6-8247-d7debff35dc7,12203459211,node,leisure,park,Professor Rafiq Chohan Park,,,,,OSM,,,24.8641158,67.0160806,Karachi,Sindh,Pakistan,,,,,
9fbc0109-d969-5396-8391-c7c9f10f2a63,12254920960,node,amenity,marketplace,Taj Mehal Market۔ تاج محل مارکیٹ,,,,,OSM,,,24.8620244,67.0168937,Karachi,Sindh,Pakistan,,,,,
d7889e1d-82ce-509b-8fb7-996015530418,12273408315,node,healthcare,hospital,"Al imran clinic Eye,Ent,Dental&Opticals",,,,,OSM,,,24.8662974,67.0146806,Karachi,Sindh,Pakistan,,,,,
9dc63036-7e25-5c27-99d0-d7f9c97204c0,12273411214,node,healthcare,clinic,Al-Shifa Clinic,,,,,OSM,,,24.8657261,67.0144881,Karachi,Sindh,Pakistan,,,,,
fa8ba607-a96b-5bb6-8817-1ff0dafac71a,12273440266,node,amenity,bank,esahulat 61748,,,,,OSM,,,24.8655435,67.013897,Karachi,Sindh,Pakistan,,,,,
0af29442-015f-531c-b06c-447b83c166b8,12296492728,node,leisure,park,Baloch Park,,,,,OSM,,,24.8616912,67.0161388,Karachi,Sindh,Pakistan,,,,,
99d223e5-a6be-5994-8365-9d820771fbb9,3399292707,node,amenity,marketplace,Urdu Bazaar,,,,,OSM,,,24.8589014,67.0171826,Karachi,Sindh,Pakistan,,,,,
7ae73168-041b-535f-b6ac-bb4fa13283b7,4792035038,node,amenity,bank,یونائیٹڈ بینک لمیٹڈ,یونائیٹڈ بینک لمیٹڈ,,,,OSM,,,24.8602935,67.0171477,Karachi,Sindh,Pakistan,,,یونائیٹڈ بینک لمیٹڈ,,
8dda0a95-41c9-5ab0-b102-7dbfc3160e55,4792035039,node,amenity,bank,سونیری بینک,سونیری بینک,,,,OSM,,,24.8603665,67.0173307,Karachi,Sindh,Pakistan,,,سونیری بینک,سونیری بینک,
28680d81-75a1-5b3f-b559-978337c2a5b2,4803710117,node,amenity,bank,ایم سی بی بینک,ایم سی بی بینک,,,,OSM,,,24.8549316,67.0185497,Karachi,Sindh,Pakistan,,,ایم سی بی بینک,,
3e38006b-12d9-5286-af0e-c430cc40b416,5126962166,node,amenity,marketplace,Akbar Market,,,,,OSM,,,24.8586419,67.0206522,Karachi,Sindh,Pakistan,,,,,
41872ed0-6f88-5097-9398-0d5e7ce80384,5142917282,node,amenity,bank,National Bank Of Pakistan SHC Branch,,,,,OSM,,,24.8561169,67.0228802,Karachi,Sindh,Pakistan,,,,,
4e915cc3-cef6-5104-9668-c8d8d0eae4d9,5142917283,node,amenity,bank,ایچ بی ایل پاکستان,ایچ بی ایل پاکستان,,,,OSM,,,24.8556427,67.0228806,Karachi,Sindh,Pakistan,,,ایچ بی ایل پاکستان,,
62000a04-af4f-5783-ba71-0ed4f1b2deb8,6793965441,node,amenity,marketplace,Frere Market,,,,,OSM,,,24.8590252,67.020651,Karachi,Sindh,Pakistan,,,,,
17faff15-10bd-503d-b039-94f81996ec79,7083404127,node,amenity,marketplace,Newspaper Wholesale Markey,,,,,OSM,,,24.8588773,67.0206853,Karachi,Sindh,Pakistan,,,,,
84b9040e-0956-50d2-ba9c-a4c1124b385c,12155159732,node,amenity,bank,Bank Islami Burns Road Branch,,,,,OSM,,,24.8570254,67.0174664,Karachi,Sindh,Pakistan,,,,,
7cc91e77-a76d-58bf-b7a3-a672e0e863b4,12155182347,node,healthcare,pharmacy,Al Fatah clinic,,,,,OSM,,,24.855979,67.0172169,Karachi,Sindh,Pakistan,,,,,
dd91c22c-7f76-52ff-b023-5472cb6bce3d,12160378136,node,amenity,marketplace,Tyre Market,,,,,OSM,,,24.8598658,67.0174407,Karachi,Sindh,Pakistan,,,,,
78a40ce3-d363-5fef-8538-b240b5597c8d,12160380750,node,amenity,marketplace,Bahadurshah Zafar Market,,,,,OSM,,,24.860023,67.0174504,Karachi,Sindh,Pakistan,,,,,
b6b592bb-1cd8-54d6-ad31-a2778d4274ac,12161619045,node,healthcare,hospital,Brooke Hospital For Animals - Pakistan,,,,,OSM,,,24.8606812,67.0185504,Karachi,Sindh,Pakistan,,,,,
4fabdc0c-8d7d-51de-a565-0367622885f6,12161630744,node,healthcare,hospital,Richmond Crawford Veterinary Hospital,,,,,OSM,,,24.8608322,67.018561,Karachi,Sindh,Pakistan,,,,,
6f339280-2410-5827-ad01-5a8dddf0227f,12258293462,node,amenity,bank,National Bank of Pakistan (NBP),,,,,OSM,,,24.8577204,67.0233592,Karachi,Sindh,Pakistan,,,,,
4d0ebd9d-6206-527d-a4dc-6e092acd6b94,12301705534,node,amenity,bank,Allied Bank Ltd. (ABL),,,,,OSM,,,24.8609878,67.0175875,Karachi,Sindh,Pakistan,,,,,
9d01af28-3f30-5899-b6a7-6cc27c1ebfdc,12301708157,node,amenity,marketplace,Ghousia motor,,,,,OSM,,,24.8609534,67.017816,Karachi,Sindh,Pakistan,,,,,
7d4401c5-98b1-5778-a740-a78e3edf4d97,4419275391,node,amenity,bank,بینک الفلاح,بینک الفلاح,,,,OSM,,,24.8576313,67.0275976,Karachi,Sindh,Pakistan,,,بینک الفلاح,,
11074808-09f2-559b-a875-9ffceb56baec,4419299589,node,amenity,bank,Muslim Commercial Bank,,,,,OSM,,,24.8577419,67.0275222,Karachi,Sindh,Pakistan,,,,MCB,
6c41d344-e13d-5649-8c2e-24182e1298d8,4423760192,node,amenity,bank,ایم سی بی بینک,ایم سی بی بینک,,,,OSM,,,24.8604758,67.0276455,Karachi,Sindh,Pakistan,,,ایم سی بی بینک,,
8a76b463-92fe-5001-8510-a83aae0a8a19,4423791490,node,amenity,bank,Bank al habib,,,,,OSM,,,24.8603289,67.0274632,Karachi,Sindh,Pakistan,,,,,
f14096a7-a14a-5862-badd-e0bc4c3dd782,4423818691,node,amenity,bank,میزان بینک,میزان بینک,,,,OSM,,,24.8582455,67.0296248,Karachi,Sindh,Pakistan,,,میزان بینک,,
5c2c433a-1344-5242-8d40-85e6b5612ba8,5119724260,node,amenity,bank,NIT-IFC,,,,,OSM,,,24.8549059,67.0255035,Karachi,Sindh,Pakistan,,,,,
1c82b0cb-d251-5f27-87b8-e8f89b711e05,5119792984,node,amenity,marketplace,Zainab Market,,,,,OSM,,,24.8557042,67.0282717,Karachi,Sindh,Pakistan,,,,,
cf311e43-1518-539b-9c45-473815668671,5119792985,node,amenity,marketplace,Victoria Market,,,,,OSM,,,24.8551155,67.0284593,Karachi,Sindh,Pakistan,,,,,
547fb560-7552-51ae-bc48-868cd1f1cebe,5119792994,node,amenity,bank,عسکری بینک,عسکری بینک,,,,OSM,,,24.8557626,67.0297807,Karachi,Sindh,Pakistan,,,عسکری بینک,,
3b3e0891-bdd0-53a0-9268-80119912ad99,5119792995,node,amenity,atm,,,,,,OSM,,,24.855733,67.0297903,Karachi,Sindh,Pakistan,,,,Askari Bank,
70b752df-9e07-5731-b0a2-8c8337169d71,5119792997,node,amenity,marketplace,Río Centre,,,,,OSM,,,24.8558312,67.0295532,Karachi,Sindh,Pakistan,,,,,
6bb3657c-bdb6-5450-a7b8-afef3724af11,5119792998,node,amenity,marketplace,Panorama Shopping Center,,,,,OSM,,,24.8554544,67.0298206,Karachi,Sindh,Pakistan,,,,,
7eb9ccb6-589f-5caf-af4d-a8d871217eb5,5119945152,node,amenity,bank,میزان بینک,میزان بینک,,,,OSM,,,24.8552049,67.0298955,Karachi,Sindh,Pakistan,,,میزان بینک,,
a2f3ce71-89f4-5056-8fe4-7793bd4c2e21,5119945153,node,amenity,atm,,,,,,OSM,,,24.8553157,67.0298683,Karachi,Sindh,Pakistan,,,,Meezan Bank,
72160385-daf3-58ef-89bd-d7d1f45dedb8,5119945171,node,amenity,atm,Medina Center,,,,,OSM,,,24.856174,67.0291206,Karachi,Sindh,Pakistan,,,,Faysal Bank,
1be139a8-b931-53f0-9b46-6aa86579f781,5119945173,node,amenity,bank,فیصل بینک,فیصل بینک,,,,OSM,,,24.8562185,67.0292426,Karachi,Sindh,Pakistan,,,فیصل بینک,,
d5cd2ae5-6d28-5e03-8838-f1008d2a13b5,5120012928,node,amenity,bank,الائیڈ بینک لمیٹڈ,الائیڈ بینک لمیٹڈ,,,,OSM,,,24.8569453,67.0293974,Karachi,Sindh,Pakistan,,,الائیڈ بینک لمیٹڈ,,
c333eb34-5cb3-5631-8c82-ac38241b3c80,5120012929,node,amenity,atm,,,,,,OSM,,,24.8569526,67.0294403,Karachi,Sindh,Pakistan,,,,Allied Bank,
74d91d67-2680-5ec8-9d58-52f4e1ab364b,5120012937,node,amenity,bank,ایم سی بی بینک,ایم سی بی بینک,,,,OSM,,,24.8572958,67.0290675,Karachi,Sindh,Pakistan,,,ایم سی بی بینک,,
38f6d51c-5039-51ec-9132-3c411abf4dbf,5120012938,node,amenity,atm,,,,,,OSM,,,24.8572909,67.0290407,Karachi,Sindh,Pakistan,,,,,
5c72e1f9-ec88-5d64-b4e7-71e22bd2e02a,5120012957,node,amenity,bank,ایم سی بی بینک,ایم سی بی بینک,,,,OSM,,,24.8581549,67.0286035,Karachi,Sindh,Pakistan,,,ایم سی بی بینک,,
20f907cd-c160-574d-987a-9655d7a814dc,5120012958,node,amenity,atm,,,,,,OSM,,,24.8582206,67.0285525,Karachi,Sindh,Pakistan,,,,MCB,
5398c89f-7f40-58d3-a6dc-413ebd024759,5120035022,node,amenity,bank,سمٹ بینک,سمٹ بینک,,,,OSM,,,24.858788,67.0282568,Karachi,Sindh,Pakistan,,,سمٹ بینک,سمٹ بینک,
31e39d23-ffad-52aa-9796-8e51d1a94a2a,5120035023,node,amenity,atm,,,,,,OSM,,,24.858876,67.0282092,Karachi,Sindh,Pakistan,,,,Summit Bank,
1ec4f3e8-5d5d-5c4b-aa43-d4d1c18d2687,5121836241,node,amenity,bank,فیصل بینک,فیصل بینک,,,,OSM,,,24.8592468,67.027851,Karachi,Sindh,Pakistan,,,فیصل بینک,,
d363ba02-1e3c-53bb-89cd-3a883dd6bf8e,5121836242,node,amenity,atm,,,,,,OSM,,,24.8592298,67.0277745,Karachi,Sindh,Pakistan,,,,Faysal Bank,
aaedcee9-21c8-5146-b9a8-4d9cbb61c689,5121870192,node,amenity,bank,Al Baraka Bank,,,,,OSM,,,24.8598423,67.0275359,Karachi,Sindh,Pakistan,,,Al Baraka Bank Limited,,
e376ef1c-9d07-518b-a7e0-02c62ab78c65,5121870193,node,amenity,atm,,,,,,OSM,,,24.859802,67.0274417,Karachi,Sindh,Pakistan,,,,Al Baraka Bank,
33dc4d34-8590-5600-90c6-c9f60c81f599,5121975358,node,amenity,marketplace,Bohra Bazar,,,,,OSM,,,24.8602827,67.028928,Karachi,Sindh,Pakistan,,,,,
7cda517f-e49d-586c-a42d-d103b1117e0d,5121975363,node,amenity,marketplace,Kareem Centre,,,,,OSM,,,24.8601831,67.027489,Karachi,Sindh,Pakistan,,,,,
7e2dab74-047b-5305-bd57-9716406c49e4,5121975365,node,amenity,bank,دبئی اسلامی بینک,دبئی اسلامی بینک,,,,OSM,,,24.8601466,67.0275373,Karachi,Sindh,Pakistan,,,دبئی اسلامی بینک,,
8d3e5b57-24f7-5727-b28e-653c5df34e15,5121975366,node,amenity,atm,,,,,,OSM,,,24.8601168,67.027549,Karachi,Sindh,Pakistan,,,,Dubai Islamic Bank,
3dd3278a-db7b-5504-8050-c1e6374747a2,5121975376,node,amenity,atm,,,,,,OSM,,,24.8604387,67.0276473,Karachi,Sindh,Pakistan,,,,MCB,
8dd8b339-d950-59ef-82d8-9b672e8d70fc,5122161311,node,amenity,bank,الائیڈ بینک لمیٹڈ,الائیڈ بینک لمیٹڈ,,,,OSM,,,24.8598522,67.0263008,Karachi,Sindh,Pakistan,,,الائیڈ بینک لمیٹڈ,,
a41fdb7b-43d2-56ae-b6d6-8c08b9388c13,5122161312,node,amenity,atm,,,,,,OSM,,,24.8596378,67.0258413,Karachi,Sindh,Pakistan,,,,Allied Bank,
09f98999-0e57-5cb3-a176-053ad55ffcf4,5122161315,node,amenity,marketplace,Cooperative Market,,,,,OSM,,,24.8596161,67.0263008,Karachi,Sindh,Pakistan,,,,,
2b96692a-1572-5c93-bbc6-fed6fe70dc9a,5122255312,node,amenity,bank,اسٹینڈرڈ چارٹرڈ,اسٹینڈرڈ چارٹرڈ,,,,OSM,,,24.8582445,67.0270906,Karachi,Sindh,Pakistan,,,اسٹینڈرڈ چارٹرڈ,اسٹینڈرڈ چارٹرڈ,
c24169e8-5323-503b-a888-af62194cffda,5122255313,node,amenity,atm,,,,,,OSM,,,24.858263,67.027084,Karachi,Sindh,Pakistan,,,,,
84faff21-3911-5f4a-8fb6-903ecb1ac411,5122255315,node,amenity,bank,ایچ بی ایل پاکستان,ایچ بی ایل پاکستان,,,,OSM,,,24.8581802,67.0271242,Karachi,Sindh,Pakistan,,,ایچ بی ایل پاکستان,,
c2e1b749-f773-5cdb-b9b7-653a2b65a4b0,5122255318,node,amenity,bank,Silkbank,,,,,OSM,,,24.8579587,67.02721,Karachi,Sindh,Pakistan,,,Silkbank Limited,,
1bbb8039-56fc-5578-9cb4-d5c64b908faa,5122255319,node,amenity,atm,,,,,,OSM,,,24.8579247,67.0272208,Karachi,Sindh,Pakistan,,,,Silk Bank,
5aea4533-093e-5175-bd63-d72d018a5211,5122256923,node,amenity,marketplace,Zaibunnisa Market,,,,,OSM,,,24.8572891,67.027757,Karachi,Sindh,Pakistan,,,,,
f1ee6727-5e3a-54b3-8b5d-66876ce9ced1,5127942426,node,amenity,marketplace,Mehboob Cloth Market,,,,,OSM,,,24.8590688,67.0269222,Karachi,Sindh,Pakistan,,,,,
8f908f8a-27d5-5a16-8dfc-64f4a45230b1,5128445341,node,amenity,marketplace,George Market,,,,,OSM,,,24.8601364,67.0257802,Karachi,Sindh,Pakistan,,,,,
438a56ff-67df-5b68-bb2a-d49f2a4c27ea,5128445349,node,amenity,marketplace,Paradise Shopping Centre,,,,,OSM,,,24.8590778,67.0264881,Karachi,Sindh,Pakistan,,,,,
bc1a2fc8-7a76-58ee-ac40-7b01c6a17a7e,5159027402,node,amenity,bank,نیشنل بینک آف پاکستان,نیشنل بینک آف پاکستان,,,,OSM,,,24.8552659,67.025966,Karachi,Sindh,Pakistan,,,نیشنل بینک آف پاکستان,نیشنل بینک آف پاکستان,
6a843056-ab4a-53b8-b4aa-24e6c9249d11,5271261211,node,amenity,marketplace,Regal Market - Saddar,,,,,OSM,,,24.8606096,67.0241653,Karachi,Sindh,Pakistan,,,,,
ef7b2fe4-5f03-5c7b-b64c-df4237e9896b,6773257697,node,place,neighbourhood,Bohri Bazaar,,,,,OSM,,,24.8605273,67.028701,Karachi,Sindh,Pakistan,,,,,
c4eccc7d-6cb6-5e85-a7f0-9656c60cddb8,7083414088,node,amenity,marketplace,Cooperative Electronics Market,,,,,OSM,,,24.8606932,67.0279335,Karachi,Sindh,Pakistan,,,,,
7bf25338-111a-5228-8836-145411f216eb,7305193586,node,amenity,marketplace,Optical Market Habib Centre,,,,,OSM,,,24.8606672,67.0283561,Karachi,Sindh,Pakistan,,,,,
cc2e3b2b-6c1b-5e98-9457-2efe217a9196,10688770062,node,healthcare,hospital,MALC Marie Adlelaide Leprosy Centre Headquarters HQ,,,"Dermatology, Blindness, Leprosy, MCHC, Tubercolosis",,OSM,,,24.8592735,67.0240008,Karachi,Sindh,Pakistan,,,,MALC,
9d01f0b2-9cc0-56c3-908e-864714381c5f,12235352507,node,amenity,marketplace,Kareem Center,,,,,OSM,,,24.8602326,67.0275195,Karachi,Sindh,Pakistan,,,,,
47cf51ff-393e-533b-b813-e452b7dc33c2,12235714520,node,amenity,marketplace,Hashmi Centre,,,,,OSM,,,24.860392,67.0267857,Karachi,Sindh,Pakistan,,,,,
c2d9d943-1aaa-5d26-860f-91207181541b,12244398401,node,amenity,bank,Bank AL Habib,,,,,OSM,,,24.8597178,67.0288726,Karachi,Sindh,Pakistan,,,,,
e5e6c98f-a79e-580b-abee-18bdba2a6216,12246084711,node,healthcare,pharmacy,Sunny Chemist,,,,,OSM,,,24.8594936,67.030161,Karachi,Sindh,Pakistan,,,,,
74022fac-f9c7-52b3-bbf2-13f53b1d8058,12246143705,node,amenity,bank,National Bank of Pakistan (NBP) | Aimai House Branch,,,,,OSM,,,24.858564,67.0283159,Karachi,Sindh,Pakistan,,,,,
e2632fa4-427e-5551-8b1f-c5bf1fb947e3,12246144622,node,historic,fort,Ilaco House,,,,,OSM,,,24.8580265,67.0285759,Karachi,Sindh,Pakistan,,,,,
296cfeeb-b713-5cf6-abae-0e4e7f363fa1,12258251455,node,healthcare,hospital,MALC Headquarters - Marie Adelaide Leprosy Centre,,,,,OSM,,,24.858921,67.024246,Karachi,Sindh,Pakistan,,,,,
77d1971f-3a20-5af7-8784-3ca4c3764b02,4785857331,node,amenity,police,Preedy Police Station,,,,,OSM,,,24.861877,67.0216111,Karachi,Sindh,Pakistan,,,,,
98fde0db-4146-5273-b1da-c262a557a919,4792035044,node,amenity,marketplace,Zaib-un-Nisa Market,,,,,OSM,,,24.8615327,67.0195197,Karachi,Sindh,Pakistan,,,,,
7d4ad59c-bec3-5e10-9909-db1b907111dd,4792035049,node,amenity,bank,ایچ بی ایل پاکستان,ایچ بی ایل پاکستان,,,,OSM,,,24.8629473,67.0218057,Karachi,Sindh,Pakistan,,,ایچ بی ایل پاکستان,,
b829b8e8-e11a-5d9c-9506-31f1c62507d5,4792035052,node,amenity,bank,نیشنل بینک آف پاکستان,نیشنل بینک آف پاکستان,,,,OSM,,,24.8634035,67.0226016,Karachi,Sindh,Pakistan,,,نیشنل بینک آف پاکستان,نیشنل بینک آف پاکستان,
e17c3f2b-7d1d-510a-8a4e-5452cd1a45cc,4792035053,node,amenity,bank,Meezan Bank Ltd.,,,,,OSM,,,24.8641954,67.0222549,Karachi,Sindh,Pakistan,,,,,
cfebb7a3-54a1-5772-b0ca-e85f0af9eb28,5126591719,node,amenity,atm,,,,,,OSM,,,24.8629732,67.0218602,Karachi,Sindh,Pakistan,,,,HBL,
128ad959-ea05-53e7-9b51-2b3d45f929a8,5128010256,node,amenity,marketplace,Jubilee Cloth Market,,,,,OSM,,,24.8652235,67.0196885,Karachi,Sindh,Pakistan,,,,,
bf7b1f58-44ed-5df8-ac8d-263369a4f219,5144400441,node,amenity,marketplace,Kohinoor Cloth Market,,,,,OSM,,,24.8655292,67.0200902,Karachi,Sindh,Pakistan,,,,,
a4ff5ce7-6965-5f76-8055-62add03e583f,5144400444,node,amenity,bank,UBL - The Central Mall,,,,,OSM,,,24.8650176,67.0218403,Karachi,Sindh,Pakistan,,,,,
5a00fc31-2e5c-52dd-9940-387765ed418a,5144400445,node,amenity,bank,Bank Al Falah - Rambagh,,,,,OSM,,,24.8648303,67.0221699,Karachi,Sindh,Pakistan,,,,,
696c0f2e-6d78-5d67-bc8f-d7af67ff009c,5144400446,node,amenity,bank,بينک الحبيب,بينک الحبيب,,,,OSM,,,24.8656626,67.0230266,Karachi,Sindh,Pakistan,,,بينک الحبيب,,
da0d2a59-ec79-5fa4-806a-c5794483882d,6508419415,node,healthcare,clinic,Sindh Electro X-Ray Institute,,,,,OSM,,,24.8623318,67.0199092,Karachi,Sindh,Pakistan,,,,,
6fcee0d4-be4e-560b-828e-0283854147c2,6880153074,node,place,neighbourhood,Plaza Quarters,,,,,OSM,,,24.8639268,67.02169,Karachi,Sindh,Pakistan,,,,,
759ccd46-05db-5931-96cb-8ac4a8c72e82,7040714937,node,amenity,bank,میزان بینک,میزان بینک,,,,OSM,,,24.8651053,67.019016,Karachi,Sindh,Pakistan,,,میزان بینک,,
44454028-e525-5437-90c1-2cdd7a763e9b,8356719510,node,place,neighbourhood,Bhangi Para,,,,,OSM,,,24.8657431,67.0193059,Karachi,Sindh,Pakistan,,,,,
41424868-135c-5ac7-b41a-837f676c31f8,12161598689,node,amenity,bank,HBL,,,,,OSM,,,24.8611559,67.0188636,Karachi,Sindh,Pakistan,,,,,
18cc854b-3708-5b2b-bb51-63a80c622522,12161637458,node,healthcare,pharmacy,"Dawakhana Hakim Ajmal Khan (Pvt.) Ltd, MA Jinnah Rd, Karachi.",,,,,OSM,,,24.8611698,67.0190285,Karachi,Sindh,Pakistan,,,,,
62a3db9d-b28c-5a43-a7b4-68fddd7e429a,12161642822,node,healthcare,pharmacy,Dawakhana Hakeem Yaseen,,,,,OSM,,,24.8622288,67.0208194,Karachi,Sindh,Pakistan,,,,,
f4373f3e-88d2-51d5-958e-32090d5525cf,12161644240,node,healthcare,clinic,Aligarh homeo clinic,,,,,OSM,,,24.8617806,67.0203115,Karachi,Sindh,Pakistan,,,,,
9606a719-ff5c-50a0-a206-73b20ce06896,12161679194,node,amenity,marketplace,Plaza Car Accessories Market,,,,,OSM,,,24.8620423,67.0209965,Karachi,Sindh,Pakistan,,,,,
721277b9-c4cb-58df-97bc-8928692fdf27,12191677244,node,healthcare,hospital,Khalil Nadeem Packages Surgery Services,,,,,OSM,,,24.8670934,67.0232868,Karachi,Sindh,Pakistan,,,,,
e5928faf-9a75-5e00-9182-b76773fcdfc6,12194478028,node,amenity,police,FC Head Quarters line Garden,,,,,OSM,,,24.866744,67.0206641,Karachi,Sindh,Pakistan,,,,,
dc6f3de0-5c90-5b17-b608-70543977bdbc,12194493457,node,healthcare,pharmacy,Azee Agency,,,,,OSM,,,24.8660594,67.0188282,Karachi,Sindh,Pakistan,,,,,
5746f83f-fb7b-52fc-acc1-9bc967a99932,12197620413,node,healthcare,hospital,Karachi Police Hospital,,,,,OSM,,,24.8669193,67.0189823,Karachi,Sindh,Pakistan,,,,,
ebac9011-5387-5b84-98c1-aeb7446cb618,12197628260,node,healthcare,hospital,Sindh Police Hospital Karachi,,,,,OSM,,,24.8671638,67.0183428,Karachi,Sindh,Pakistan,,,,,
5e1229db-6908-5c1f-98b0-1f51bb900db1,12200316530,node,healthcare,hospital,Zulfiqar Diabetes and Thyroid Clinic,,,,,OSM,,,24.8668433,67.0178035,Karachi,Sindh,Pakistan,,,,,
d012c46b-9204-5653-a0ef-73b610d19487,12203270754,node,amenity,bank,HBL Islamic Banking Ranchor Line Branch,,,,,OSM,,,24.864964,67.0181757,Karachi,Sindh,Pakistan,,,,,
71159232-7ff3-58c8-8562-e87f01cda722,12207783482,node,amenity,marketplace,"Foriegn furniture Lakani palza Garden Road Karachi Showrooms 33,55",,,,,OSM,,,24.8674309,67.0233586,Karachi,Sindh,Pakistan,,,,,
18756b33-9561-50a3-9794-a823b4b39158,12209874983,node,amenity,bank,Meezan Bank - Jubilee Market Branch,,,,,OSM,,,24.8652922,67.0193388,Karachi,Sindh,Pakistan,,,,,
03b39c11-5a2e-5280-873d-220863cb9c51,12209890604,node,amenity,marketplace,Need Mart,,,,,OSM,,,24.865261,67.0214784,Karachi,Sindh,Pakistan,,,,,
6e99a8af-3534-5e6f-b238-8c05fa5b0ae7,12254926487,node,amenity,marketplace,Bohra Peer Market,,,,,OSM,,,24.8628306,67.0171803,Karachi,Sindh,Pakistan,,,,,
06712916-3414-5f61-a901-6321444e4cfe,12260817346,node,amenity,bank,United Bank Plaza Quaters Branch,,,,,OSM,,,24.8651143,67.0220967,Karachi,Sindh,Pakistan,,,,,
1c8ce49e-ab4a-5e73-ae1e-c5a1493f28ef,12260885378,node,amenity,marketplace,HS FABRICS۔ ایچ ایس فیبرکس,,,,,OSM,,,24.8652836,67.0197154,Karachi,Sindh,Pakistan,,,,,
fdb8b8cf-faa2-5c2c-b9b8-a4518f6c2ed7,12271758559,node,amenity,bank,National Savings Centre,,,,,OSM,,,24.8646732,67.0196353,Karachi,Sindh,Pakistan,,,,,
517012e9-e298-50ae-9666-3cd91d03f247,12281769350,node,amenity,bank,Meezan Bank - Plaza Square Branch,,,,,OSM,,,24.8641076,67.022054,Karachi,Sindh,Pakistan,,,,,
475b6e35-74ce-544a-bef9-1cf4314a4fd5,12281801851,node,amenity,bank,Summit Bank,,,,,OSM,,,24.8643635,67.0221282,Karachi,Sindh,Pakistan,,,,,
3bff52e1-dd2a-56dd-b751-cffa130b9bb0,12281810105,node,amenity,bank,Faysal Bank Plaza Quarters,,,,,OSM,,,24.8644699,67.0220677,Karachi,Sindh,Pakistan,,,,,
1b59b267-a27d-513c-ae73-b3694bebab16,12288014487,node,amenity,bank,MCB Bank Limited,,,,,OSM,,,24.8646478,67.022909,Karachi,Sindh,Pakistan,,,,,
c1703d7a-abc3-52db-8955-c6e7d78e5536,4423760194,node,amenity,bank,Silkbank,,,,,OSM,,,24.8634211,67.0247774,Karachi,Sindh,Pakistan,,,Silkbank Limited,,
3d3e5350-6f19-532e-aaa4-c0cb570c3559,4423818690,node,amenity,bank,عسکری بینک,عسکری بینک,,,,OSM,,,24.8634136,67.0245601,Karachi,Sindh,Pakistan,,,عسکری بینک,,
27b4f1a4-0271-5e45-b9f4-b8c2f3302f85,4792035057,node,amenity,bank,بینک الفلاح,بینک الفلاح,,,,OSM,,,24.8644851,67.0243202,Karachi,Sindh,Pakistan,,,بینک الفلاح,,
aec9dd18-5e2d-5d8d-b6cf-037972cfe93e,4792035058,node,amenity,bank,جے ایس بینک,جے ایس بینک,,,,OSM,,,24.8642604,67.0242369,Karachi,Sindh,Pakistan,,,جے ایس بینک,جے ایس بینک,
0cff30f9-1b8c-5d52-ac7e-3d6ff61131d9,4792035059,node,amenity,bank,Habib Metro Bank,,,,,OSM,,,24.8644062,67.0241805,Karachi,Sindh,Pakistan,,,Habib Metro Bank,,
54bd9bcc-2a0d-5fb2-abc4-018251e90fdf,4792035060,node,amenity,bank,سندھ بینک,سندھ بینک,,,,OSM,,,24.8647215,67.0246556,Karachi,Sindh,Pakistan,,,سندھ بینک,,
8e9443f5-c833-5691-929f-a1c2d2952c0a,4792035063,node,amenity,bank,بينک الحبيب,بينک الحبيب,,,,OSM,,,24.8654352,67.0249402,Karachi,Sindh,Pakistan,,,بينک الحبيب,,
44fed177-f4cb-5b0b-a567-34ea88339963,4792035064,node,amenity,bank,اسٹینڈرڈ چارٹرڈ,اسٹینڈرڈ چارٹرڈ,,,,OSM,,,24.8656579,67.024782,Karachi,Sindh,Pakistan,,,اسٹینڈرڈ چارٹرڈ,اسٹینڈرڈ چارٹرڈ,
474ba5b1-720d-5f4d-bc58-6feeeb5eac76,4792035065,node,amenity,bank,نیشنل بینک آف پاکستان,نیشنل بینک آف پاکستان,,,,OSM,,,24.8655367,67.0252593,Karachi,Sindh,Pakistan,,,نیشنل بینک آف پاکستان,نیشنل بینک آف پاکستان,
cba0c615-3ca8-5ce8-a9f1-002d2095648a,4792035072,node,amenity,bank,جے ایس بینک,جے ایس بینک,,,,OSM,,,24.8667676,67.026116,Karachi,Sindh,Pakistan,,,جے ایس بینک,جے ایس بینک,
3432ec6c-3e67-54fb-b6f2-f7e4e2987fa7,4950372523,node,amenity,marketplace,Empress market,,,,,OSM,Empress Market,,24.8620983,67.0294872,Karachi,Sindh,Pakistan,,,,,Q5374577
5a2199eb-1c63-50eb-aa5d-55892873daf4,5105590645,node,amenity,atm,,,,,,OSM,,,24.8666375,67.0261835,Karachi,Sindh,Pakistan,,,,JS Bank,
8adbbbd6-943a-5929-b1f5-ed72536d9ba0,5105617322,node,amenity,atm,,,,,,OSM,,,24.8655446,67.0248526,Karachi,Sindh,Pakistan,,,,Standard Chartered Bank,
437274aa-d0e9-59c0-861a-f5a195990c5b,5105617323,node,amenity,atm,,,,,,OSM,,,24.8654278,67.0249814,Karachi,Sindh,Pakistan,,,,Bank Al Habib,
ee230240-26cb-5fc8-9230-0e59c301aa17,5105617324,node,amenity,atm,,,,,,OSM,,,24.8655884,67.025314,Karachi,Sindh,Pakistan,,,,National Bank of Pakistan,
350d0b4a-d980-5d02-bb47-e660959aeb0d,5105617325,node,amenity,atm,,,,,,OSM,,,24.8652233,67.025432,Karachi,Sindh,Pakistan,,,,UBL,
78cbaee4-4513-58f4-a4a7-ca65d94d062e,5105617326,node,amenity,atm,,,,,,OSM,,,24.8645054,67.0243618,Karachi,Sindh,Pakistan,,,,Bank Alfalah,
d2aca950-05b1-5cfa-80f4-69fd2fd62f93,5105617327,node,amenity,atm,,,,,,OSM,,,24.8644057,67.0242331,Karachi,Sindh,Pakistan,,,,Habib Metro Bank,
d0b458cf-71d9-5e5b-827d-29ba80f553c0,5105617328,node,amenity,atm,,,,,,OSM,,,24.8643448,67.0242384,Karachi,Sindh,Pakistan,,,,JS Bank,
65805684-5bd8-5f84-adcc-5a6e77bfa822,5107268027,node,amenity,atm,,,,,,OSM,,,24.8633774,67.0248352,Karachi,Sindh,Pakistan,,,,Slik Bank,
f419f83e-c862-5cbd-957d-8ce42c23026f,5107268028,node,amenity,atm,,,,,,OSM,,,24.8633654,67.0245744,Karachi,Sindh,Pakistan,,,,Askari Bank,
81ffaad3-6ef8-5817-a256-732342b55fd0,5107278594,node,amenity,bank,سمٹ بینک,سمٹ بینک,,,,OSM,,,24.8630331,67.0247722,Karachi,Sindh,Pakistan,,,سمٹ بینک,سمٹ بینک,
3369f923-6b86-5671-93b6-7b0d94d29d9e,5107278595,node,amenity,atm,,,,,,OSM,,,24.863021,67.0248017,Karachi,Sindh,Pakistan,,,Summit Bank,Summit Bank,
2f3fc6aa-d977-5c4a-9f95-a3f8c5732f87,5124205175,node,amenity,bank,الائیڈ بینک لمیٹڈ,الائیڈ بینک لمیٹڈ,,,,OSM,,,24.8622352,67.0264215,Karachi,Sindh,Pakistan,,,الائیڈ بینک لمیٹڈ,,
b650e2b2-2a04-57dd-9caa-9daf5b6c6811,5124409150,node,amenity,marketplace,Saddar Centre,,,,,OSM,,,24.8613034,67.0288582,Karachi,Sindh,Pakistan,,,,,
6357dfb4-44f7-5e30-8079-68874e6048d1,5128010255,node,amenity,marketplace,Bismillah Electronics Market,,,,,OSM,,,24.8635945,67.0253183,Karachi,Sindh,Pakistan,,,,,
f1e3df95-3017-5b2b-b588-bbc9130094bf,5128445350,node,amenity,marketplace,Amber Electronics Market,,,,,OSM,,,24.8646848,67.0246052,Karachi,Sindh,Pakistan,,,,,
03f89492-c3c8-55b8-816a-1d11edd8eb14,5128445351,node,amenity,marketplace,Pakistan Electronics,,,,,OSM,,,24.8635288,67.0252087,Karachi,Sindh,Pakistan,,,,,
53c62f9a-d067-5ca8-857c-e7e41cbcccc4,5128445353,node,amenity,marketplace,Umer Farooq Cloth Market,,,,,OSM,,,24.8623643,67.0298644,Karachi,Sindh,Pakistan,,,,,
ff4e4290-b38a-5129-b3d1-a410992a995a,5128445354,node,amenity,marketplace,Sadder Pets Market,,,,,OSM,,,24.8633629,67.0300674,Karachi,Sindh,Pakistan,,,,,
d6b50b6e-7886-5870-9c79-f60f641a27d5,5128445360,node,amenity,marketplace,Usmania Market,,,,,OSM,,,24.8611955,67.0286659,Karachi,Sindh,Pakistan,,,,,
3d171260-5449-5e34-8136-add5a815ab92,12190967951,node,healthcare,hospital,GMT Centre,,,,,OSM,,,24.8668129,67.0238908,Karachi,Sindh,Pakistan,,,,,
846991ff-7715-5b65-b8d4-05b791608b2f,12190971026,node,healthcare,pharmacy,Al-Shifa Medicos,,,,,OSM,,,24.8668038,67.0238276,Karachi,Sindh,Pakistan,,,,,
13f5d91c-2e97-56f0-ae98-f7175bf65584,12191285742,node,healthcare,pharmacy,New SJ Ghani Chemist,,,,,OSM,,,24.8667821,67.0237542,Karachi,Sindh,Pakistan,,,,,
f06e33af-0313-57c9-8dea-b09b4bf00f47,12191285743,node,healthcare,hospital,Dr Akhtar Khan Rajas Clinic,,,,,OSM,,,24.8667638,67.0239138,Karachi,Sindh,Pakistan,,,,,
236789c8-d55c-55fe-8127-e6e89011f1a9,12191561713,node,healthcare,pharmacy,Makki Medical & Makki Optical,,,,,OSM,,,24.86679,67.023849,Karachi,Sindh,Pakistan,,,,,
75e7bfa7-aac0-504b-b7c7-567595f659fa,12191659264,node,healthcare,pharmacy,Khan Medico,,,,,OSM,,,24.8669358,67.0237413,Karachi,Sindh,Pakistan,,,,,
6c8b5641-4f64-59e2-ac0d-cf5f74fb9aa6,12191664815,node,amenity,bank,Soneri Bank,,,,,OSM,,,24.8670276,67.0240567,Karachi,Sindh,Pakistan,,,,,
c126669e-cc12-52ba-98dc-65540eea9c53,12191835389,node,amenity,marketplace,ALZIA CAP,,,,,OSM,,,24.8672533,67.0241299,Karachi,Sindh,Pakistan,,,,,
d57f01bf-cb98-5638-a1ec-0a5e6ad61f05,12191837858,node,healthcare,hospital,Metro Health Care,,,,,OSM,,,24.8670702,67.0241466,Karachi,Sindh,Pakistan,,,,,
ae7bbe28-96aa-52ad-8ebc-7e5ea7c84aff,12207804862,node,healthcare,clinic,Dr Mohammad Jamil Bhojanis Clinic,,,,,OSM,,,24.8668543,67.0238992,Karachi,Sindh,Pakistan,,,,,
9257c682-bb45-5df8-9bfe-aac2474a00ef,12207819127,node,healthcare,clinic,Dr Tariq Rafiqs Clinic,,,,,OSM,,,24.8667722,67.0239011,Karachi,Sindh,Pakistan,,,,,
f5ab1f3e-1102-55f0-ab0d-732fd6a4a8f2,12213554656,node,healthcare,hospital,OMI Hospital,,,,,OSM,,,24.8675646,67.0261027,Karachi,Sindh,Pakistan,,,,,
5762b8d8-e281-5f6b-a7ed-17cf14ed1e56,12213573227,node,healthcare,clinic,COMPANIONS - The Pet Clinic,,,,,OSM,,,24.8668657,67.026454,Karachi,Sindh,Pakistan,,,,,
841f41db-2878-5761-b6d3-73b68f5e442a,12213573790,node,amenity,bank,UBL Kayani Shaheed Road Branch Karachi.,,,,,OSM,,,24.8670097,67.0246863,Karachi,Sindh,Pakistan,,,,,
e42d2245-0677-5c41-9b29-140e3dbfe973,12213600924,node,healthcare,hospital,Bibi Zahida Eye Clinic,,,,,OSM,,,24.8668564,67.0246978,Karachi,Sindh,Pakistan,,,,,
566a48e7-a187-5b72-b632-6f0ff0824788,12213603842,node,healthcare,hospital,Al Taj diagnostic & Consultant Clinics,,,,,OSM,,,24.8667914,67.0243227,Karachi,Sindh,Pakistan,,,,,
80c2ffaa-377d-5572-8cba-68d1145b0df4,12213606437,node,healthcare,hospital,The Liver Centre,,,,,OSM,,,24.8667858,67.0242554,Karachi,Sindh,Pakistan,,,,,
c42f22d2-8620-576c-8038-388f69ed2eca,12219282339,node,amenity,marketplace,SBS Bearings,,,,,OSM,,,24.865365,67.0250364,Karachi,Sindh,Pakistan,,,,,
9e519ce4-6c63-52b0-8bfa-86932f2d7047,12222562946,node,amenity,bank,HBL sdv 0034,,,,,OSM,,,24.8641399,67.0243868,Karachi,Sindh,Pakistan,,,,,
d0be21d0-3b59-5754-ab5c-38c69bfef2a4,12222585296,node,healthcare,clinic,Tanveer's Ultrasound Clinic - Saddar,,,,,OSM,,,24.8644751,67.0241548,Karachi,Sindh,Pakistan,,,,,
4cf621ed-bf90-5dfc-aa94-469b883499dc,12222616046,node,amenity,marketplace,SHAJAHAN MOBILE ACCERSORIES MARKET,,,,,OSM,,,24.8644047,67.0250994,Karachi,Sindh,Pakistan,,,,,
86d5c76e-3d90-548d-a127-a35c11e6e737,12228128759,node,healthcare,hospital,JJ Hospital,,,,,OSM,,,24.8634004,67.0257995,Karachi,Sindh,Pakistan,,,,,
96cd7cc0-1550-58b9-8c03-fa73668ef2d3,12231567603,node,amenity,marketplace,Naz Plaza,,,,,OSM,,,24.8659617,67.0265471,Karachi,Sindh,Pakistan,,,,,
b7b784f4-84c8-51eb-8b76-7008a435c8a6,12232026546,node,amenity,bank,United Bank - UBL,,,,,OSM,,,24.8652088,67.0255945,Karachi,Sindh,Pakistan,,,,,
22e46981-eded-5a3b-ba47-d8cd511ef21b,12241505752,node,amenity,marketplace,Hussain Khan Bada market,,,,,OSM,,,24.8614013,67.0293403,Karachi,Sindh,Pakistan,,,,,
cb5836c9-aeed-52f2-9722-9a92bdf88ac4,12241598411,node,healthcare,pharmacy,Welcome Homeo Store,,,,,OSM,,,24.8618409,67.0301208,Karachi,Sindh,Pakistan,,,,,
3559c76b-12f3-5a3a-9820-6007bba6ca32,4769609490,node,amenity,bank,دبئی اسلامی بینک,دبئی اسلامی بینک,,,,OSM,,,24.8517143,67.0321986,Karachi,Sindh,Pakistan,,,دبئی اسلامی بینک,,
602fd09f-bea8-5b26-a743-523e6b4f48a0,4769609491,node,amenity,bank,National Bank - Avari,,,,,OSM,,,24.8516551,67.0320073,Karachi,Sindh,Pakistan,,,,,
daa2b33b-8d96-5458-adf6-91e78267f561,4769609492,node,amenity,bank,UBL - Avari,,,,,OSM,,,24.852084,67.032884,Karachi,Sindh,Pakistan,,,,,
0f5f5d5e-3acb-56da-a849-e0e15e11d9b3,4769609497,node,amenity,bank,MCB Bank -Mehran Hotel,,,,,OSM,,,24.8517643,67.0335874,Karachi,Sindh,Pakistan,,,,,
e8ebd886-96b7-50c8-917b-e3ca85e68005,5122919873,node,amenity,bank,ایچ بی ایل پاکستان,ایچ بی ایل پاکستان,,,,OSM,,,24.8501906,67.0309782,Karachi,Sindh,Pakistan,,,ایچ بی ایل پاکستان,,
bab93ce4-711c-54aa-8442-2b6dbe982f40,5149506940,node,amenity,bank,Deutsche Bank AG,,,,,OSM,,,24.8522141,67.0316366,Karachi,Sindh,Pakistan,,,,,
839f7c47-2f24-5f48-88c2-82b548a437dd,5132720045,node,amenity,bank,Summit Bank ATM,,,,,OSM,,,24.8500005,67.0431993,Karachi,Sindh,Pakistan,,,,,
b5880aab-e6a4-5e9e-a96d-ea27daf77d16,5133026907,node,healthcare,clinic,National Institute of Child Health (NICH),,,,,OSM,,,24.8535094,67.0422892,Karachi,Sindh,Pakistan,,,,,
d75f4786-d881-56e9-bdc0-44e18c848bdb,5145310730,node,amenity,atm,,,,,,OSM,,,24.8538771,67.0389689,Karachi,Sindh,Pakistan,,,,National Bank - ATM,
e1aec934-2193-5f57-8ffc-e99df3746408,5145310731,node,amenity,bank,NBP Bank,,,,,OSM,,,24.8530556,67.041263,Karachi,Sindh,Pakistan,,,,,
88af3c79-afcb-5bfa-b316-febf3482a47f,5145310732,node,amenity,bank,NBP Bank - ATM,,,,,OSM,,,24.8530783,67.0412061,Karachi,Sindh,Pakistan,,,,,
af7c4143-50b7-5720-bc05-755bb6655205,4785947197,node,healthcare,hospital,جناح ہسپتال,جناح ہسپتال,,,,OSM,جناح ہسپتال,,24.8517423,67.0471346,Karachi,Sindh,Pakistan,,,,,Q11046934
6c1fd764-09ab-5b0c-bdb4-2d953a883c5f,5131024105,node,healthcare,hospital,جوہری توانائی طبی مرکز,جوہری توانائی طبی مرکز,,,,OSM,,,24.8513061,67.0481317,Karachi,Sindh,Pakistan,,,,,
d307e77f-fdd9-5076-a109-2ec8a8e997f4,5132720043,node,healthcare,hospital,Kidney Care Centre,,,,,OSM,,,24.8501523,67.0439335,Karachi,Sindh,Pakistan,,,,,
9e5dcf45-6d5e-5984-95d8-2d035337f05d,5145371998,node,healthcare,hospital,Psychiatry ward 20,,,,,OSM,,,24.8523928,67.0439313,Karachi,Sindh,Pakistan,,,,,
e0c04ce1-ba99-5fad-a103-3e95384f3b52,5145372001,node,amenity,atm,,,,,,OSM,,,24.8502331,67.0456356,Karachi,Sindh,Pakistan,,,,HBL ATM,
b1219b9d-d247-54a6-ba40-175eac342ce7,7321334588,node,place,neighbourhood,Bizerta Lines,,,,,OSM,,,24.8542786,67.04839,Karachi,Sindh,Pakistan,,,,,
1a688390-a0d3-5651-8532-6c58c40a26ce,8950847479,node,healthcare,clinic,جناح ہسپتال,جناح ہسپتال,,,,OSM,جناح ہسپتال,,24.852475,67.045914,Karachi,Sindh,Pakistan,,,,,Q11046934
7aa64577-dda6-5773-87d7-6852408186df,12250874874,node,healthcare,hospital,BMSI hostel JPMC karachi,,,,,OSM,,,24.8509386,67.0495934,Karachi,Sindh,Pakistan,,,,,
7933e641-1bd8-5ded-a238-890837f968df,7307066223,node,place,neighbourhood,Umar Farooq Colony,,,,,OSM,,,24.8500044,67.0522928,Karachi,Sindh,Pakistan,,,,,
30dc3341-6dd5-5125-ac95-9139a5dfc570,8320852897,node,place,neighbourhood,Naval Officers Bungalows,,,,,OSM,,,24.8512754,67.0516656,Karachi,Sindh,Pakistan,,,,,
c69f015d-a347-5de6-8c42-69400403bc1f,12250832578,node,healthcare,pharmacy,THO & DHO OFFICE,,,,,OSM,,,24.8500454,67.0498858,Karachi,Sindh,Pakistan,,,,,
9473bb6c-8960-5663-9172-c216a0324a61,5128445342,node,amenity,marketplace,Najmi Market,,,,,OSM,,,24.8606616,67.031319,Karachi,Sindh,Pakistan,,,,,
d0f931fd-66c1-569b-a781-87f364ee1d7c,5128445363,node,amenity,marketplace,Al Safa Mini Market,,,,,OSM,,,24.858514,67.0306594,Karachi,Sindh,Pakistan,,,,,
a3668d2c-b807-5d50-a083-d7cafc8a643f,5159027411,node,amenity,bank,جے ایس بینک,جے ایس بینک,,,,OSM,,,24.8573105,67.0331496,Karachi,Sindh,Pakistan,,,جے ایس بینک,جے ایس بینک,
5d624ef5-22be-5982-b7c0-83ed7ac2063d,6681673613,node,place,neighbourhood,Saddar Bazaar,,,,,OSM,,,24.8590293,67.0311703,Karachi,Sindh,Pakistan,,,,,
fc41472b-5c2e-5fff-a0b0-38630724e12f,10029135476,node,healthcare,pharmacy,Citi Scientific Supply,,,,,OSM,,,24.85891,67.0332623,Karachi,Sindh,Pakistan,,,,,
595af730-2388-5ad1-a4a5-b42d684bad7a,12237825633,node,amenity,bank,HBL,,,,,OSM,,,24.8605215,67.0319031,Karachi,Sindh,Pakistan,,,,,
afc47ac1-694a-5cf7-a974-ca7c78b44370,12238289124,node,healthcare,clinic,A.Q. Specialist Clinic,,,,,OSM,,,24.8597069,67.0326284,Karachi,Sindh,Pakistan,,,,,
41c019dc-f2f1-5ac0-9864-cf3a51923fc1,12238331904,node,healthcare,clinic,Green Star Clinic,,,,,OSM,,,24.8601404,67.032995,Karachi,Sindh,Pakistan,,,,,
06454278-d1f2-5b34-ab11-874fcc94b9b9,12241327832,node,healthcare,clinic,Hassan Clinic,,,,,OSM,,,24.858712,67.031053,Karachi,Sindh,Pakistan,,,,,
9d3632e2-2061-5631-8617-7618a8b90965,5157025339,node,amenity,bank,Faysal Bank - Head Office,,,"Faysal Bank is a bank based in Pakistan. Faysal Bank Limited was incorporated in Pakistan on October 3, 1994, as a public limited company under the Companies Ordinance, 1984.",,OSM,,,24.8567131,67.0421456,Karachi,Sindh,Pakistan,,,,,
5de73f0d-54ec-58db-bea9-d2e0a52586a0,5143101219,node,amenity,marketplace,,,,,,OSM,,,24.865349,67.0362061,Karachi,Sindh,Pakistan,,,,,
9d3f42d5-3e61-513e-b1ff-4bb40cd0a5df,8950847476,node,healthcare,clinic,Al Khidmat Homeopathic Clinic,,,Clinic,,OSM,,,24.861826,67.033856,Karachi,Sindh,Pakistan,,,,,
a9d5778f-d2f8-5d7b-b262-d42700bf806a,8951792330,node,healthcare,hospital,Zainab Panjwani Memorial Hospital,,,Hospital,,OSM,,,24.861826,67.033856,Karachi,Sindh,Pakistan,,,,,
85992e3c-1b34-501f-b137-89f17b122199,12241598142,node,healthcare,clinic,Dawakhana Hakeem Ajmal Khan,,,,,OSM,,,24.8619097,67.0302778,Karachi,Sindh,Pakistan,,,,,
1fdf77fd-6b1f-519f-86ea-3114868bcc6f,12266025476,node,healthcare,pharmacy,Qalandari Dawakhana,,,,,OSM,,,24.8657468,67.0366968,Karachi,Sindh,Pakistan,,,,,
8ba5077b-8830-53c5-bc26-826c00d9503c,12266110036,node,amenity,marketplace,Bara market,,,,,OSM,,,24.8660668,67.0366768,Karachi,Sindh,Pakistan,,,,,
f905f050-1efd-54f5-9ebd-13d72f070d3f,12266338773,node,healthcare,clinic,Noor clinic,,,,,OSM,,,24.8661721,67.0363128,Karachi,Sindh,Pakistan,,,,,
8e1280a3-2f4b-5b1c-b37b-41e104071f91,12266891704,node,healthcare,clinic,Aisha medical centre,,,,,OSM,,,24.8672702,67.0363995,Karachi,Sindh,Pakistan,,,,,
81cfd01d-9386-590f-a72a-4db65d8d61e7,12266975140,node,healthcare,hospital,Abdullah Consultants Clinic,,,,,OSM,,,24.8675258,67.0365672,Karachi,Sindh,Pakistan,,,,,
075e8c60-5114-56ee-9312-5543e3828839,12267804563,node,healthcare,clinic,Rafiq dental clinic,,,,,OSM,,,24.8670191,67.0363906,Karachi,Sindh,Pakistan,,,,,
f75acdfd-659f-5bd7-b63b-63d73c532ace,4785775167,node,amenity,police,Saddar Police Station,,,,,OSM,,,24.8580022,67.0484132,Karachi,Sindh,Pakistan,,,,,
8c43d185-d79e-5670-bb67-d2effc26316c,5132720046,node,healthcare,hospital,"Al-Baraka Hospital, Karachi",,,,,OSM,,,24.8600349,67.0474404,Karachi,Sindh,Pakistan,,,,,
40b8fce3-e121-575c-b95f-d9206e557c90,5149506958,node,amenity,police,Karachi Police Office (KPO),,,,,OSM,,,24.8586213,67.0482265,Karachi,Sindh,Pakistan,,,,,
a19e155e-098a-5e2b-93c6-ce100312b63c,479737407,node,healthcare,hospital,Alvi Dental Hospital,,,,,OSM,,,24.8563966,67.0544131,Karachi,Sindh,Pakistan,,,,,
499b0a4d-c87a-5033-9b25-780d400bbe9f,5149379423,node,amenity,bank,میزان بینک,میزان بینک,,,,OSM,,,24.8579044,67.0518168,Karachi,Sindh,Pakistan,,,میزان بینک,,
4c7acd59-d555-519e-a10b-ba45459c014d,12133951874,node,amenity,bank,HBL FTC Branch,,,,,OSM,,,24.8580989,67.0520681,Karachi,Sindh,Pakistan,,,,,
2e2887dd-5412-5425-90cc-03487078531d,12133960434,node,amenity,bank,National Bank of Pakistan (NBP) | FTC Building branch | Aitemaad Islamic,,,,,OSM,,,24.8582766,67.0517932,Karachi,Sindh,Pakistan,,,,,
a72ce14d-628f-5e16-97dd-4571fe26ba00,12133964040,node,amenity,bank,Allied Bank Ltd. (ABL),,,,,OSM,,,24.8588278,67.0524307,Karachi,Sindh,Pakistan,,,,,
00a98206-7121-5708-839d-01a865dbfdf4,12133970797,node,amenity,bank,Meezan Bank - FTC Branch,,,,,OSM,,,24.8583654,67.051643,Karachi,Sindh,Pakistan,,,,,
09f58d73-88d8-58f1-8287-99dc2b63f0dd,7320368580,node,place,neighbourhood,بلٽستاني سوسائٽي,بلٽستاني سوسائٽي,,,,OSM,,,24.8630095,67.0484872,Karachi,Sindh,Pakistan,,,,,
afb505a9-f5fd-5340-a69d-3b64789f2462,8308997164,node,leisure,park,Dua Ground,,,,,OSM,,,24.8631892,67.0474282,Karachi,Sindh,Pakistan,,,,,
847ff918-d0d7-5ed0-9797-9c0719cc5b79,8951792333,node,healthcare,hospital,Pakistan Rangers Hospital,,,Hospital,,OSM,,,24.866315,67.050228,Karachi,Sindh,Pakistan,,,,,
6d15a4ec-b314-526d-84e9-3eb3c4900159,7321330584,node,place,neighbourhood,Gulistan-e-Zafar,,,,,OSM,,,24.8545378,67.0591163,Karachi,Sindh,Pakistan,,,,,
abc2048b-55e0-5f5e-b534-21cd4fb6b4d3,7321361596,node,place,neighbourhood,Allama Iqbal Colony,,,,,OSM,,,24.8512989,67.0651017,Karachi,Sindh,Pakistan,,,,,
48da33ef-8d5e-5307-842d-b93c39f0ccd1,12143861437,node,healthcare,pharmacy,MD Medicos,,,,,OSM,,,24.8503819,67.0660734,Karachi,Sindh,Pakistan,,,,,
952d3406-b251-5eb4-8f8f-c51b687cbacb,12144064563,node,healthcare,clinic,Zainab Khatoon Clinic and Pharmacy,,,,,OSM,,,24.8509952,67.0665294,Karachi,Sindh,Pakistan,,,,,
e2f088ff-56ca-51a2-9dfd-84d835ba5f9d,11364293626,node,healthcare,clinic,Lala's Health Center,,,,,OSM,,,24.8569078,67.0570618,Karachi,Sindh,Pakistan,,,,Dr. Lalarukh,
c31c57ee-f96e-595c-aa1f-468aa349ed38,12133637564,node,leisure,park,Al Murtaza Family Park,,,,,OSM,,,24.8572106,67.0603042,Karachi,Sindh,Pakistan,,,,,
7e5c0e71-7c41-55bf-a4c8-b6c63ef7357a,5162828832,node,place,neighbourhood,Brohi Mohalla,,,,,OSM,,,24.8711376,67.0012153,Karachi,Sindh,Pakistan,,,,,
04c7caae-e49b-5b3a-8d88-0f2a90d9ffb2,8317348127,node,place,neighbourhood,Khuda Basti,,,,,OSM,,,24.8738993,67.0018992,Karachi,Sindh,Pakistan,,,,,
9bd50542-37e2-5aa3-90b3-6fedff680a4d,8317348136,node,place,neighbourhood,Rexer Lane,,,,,OSM,,,24.8695389,67.0016852,Karachi,Sindh,Pakistan,,,,,
af348f87-b15f-54f1-ba82-f9703cfa51c5,5162670371,node,healthcare,hospital,Hussain Kumhar Hospital,,,,,OSM,,,24.8746287,67.0032463,Karachi,Sindh,Pakistan,,,,,
1eac4112-9d74-5540-9217-4a568efec1e3,8317348128,node,place,neighbourhood,Sarbazi Muhallah,,,,,OSM,,,24.8770475,67.0007202,Karachi,Sindh,Pakistan,,,,,
924a5da2-a0a9-5d1f-b0ad-b96eadc63899,12151193925,node,landuse,cemetery,Mewa shah qabristan,,,,,OSM,,,24.8831631,67.0037412,Karachi,Sindh,Pakistan,,,,,
83292183-0a02-58f3-8622-e86d01ad31c4,12151220975,node,landuse,cemetery,سید اکبر علی شاہ شہید,,,,,OSM,,,24.8870033,67.0022734,Karachi,Sindh,Pakistan,,,,,
9f49c402-46cc-5722-b789-23a3d9f0eb4c,12151224190,node,landuse,cemetery,Umme Attar graveyard,,,,,OSM,,,24.8837964,67.0025604,Karachi,Sindh,Pakistan,,,,,
f0bd626a-c85a-5dbf-bad0-8c24fdda063b,12151228517,node,landuse,cemetery,Manorwala & Sakarwala & others Family Graveyard,,,,,OSM,,,24.8843053,67.0026382,Karachi,Sindh,Pakistan,,,,,
79c80538-37b7-5160-926e-1a09e49662b4,12151238841,node,landuse,cemetery,Darbar Allama Mulana Pir Muhammad Kashif Munir Attari Qadri,,,,,OSM,,,24.883928,67.0024684,Karachi,Sindh,Pakistan,,,,,
f2d19c6e-8ccd-5f7d-b819-ea251c3f0e69,12151279189,node,landuse,cemetery,Hussaini qabarstan #2,,,,,OSM,,,24.8901847,67.0024509,Karachi,Sindh,Pakistan,,,,,
89f1d811-32f3-5a71-844b-60d8ccb5e09a,12151287910,node,landuse,cemetery,GRAVE OF MUHAMMAD MUNIR ALI MUHAMMAD,,,,,OSM,,,24.8892061,67.0015542,Karachi,Sindh,Pakistan,,,,,
8162e0e4-577a-53ea-b5f0-3edd819b6330,12151291790,node,landuse,cemetery,Khorasan Bagh,,,,,OSM,,,24.8904076,67.0018917,Karachi,Sindh,Pakistan,,,,,
02d7d082-dd84-59c8-9e1d-4d77800d9435,12151293713,node,landuse,cemetery,Jameela Abdul Majeed Maqbara,,,,,OSM,,,24.8899644,67.0018998,Karachi,Sindh,Pakistan,,,,,
25ac6e65-2689-5e02-9a77-8d767609764f,12151299407,node,landuse,cemetery,Godhra Sheikh Qabristan - گودھرا شیخ قبرستان,,,,,OSM,,,24.8897992,67.0019418,Karachi,Sindh,Pakistan,,,,,
dc446a21-ce9e-58ee-996a-cf4bc3bdee40,12151485707,node,landuse,cemetery,Khurasan Bagh,,,,,OSM,,,24.8915792,67.0016618,Karachi,Sindh,Pakistan,,,,,
c67f9c10-0bde-56b2-8bbf-6f0d147fb470,6771174753,node,place,neighbourhood,Old Haji Camp,,,,,OSM,,,24.8680015,67.0067615,Karachi,Sindh,Pakistan,,,,,
c620ab7f-a732-5eca-aaa3-9849dae0fd6d,8317348135,node,place,neighbourhood,New Kumbhar Wara,,,,,OSM,,,24.8738362,67.0042522,Karachi,Sindh,Pakistan,,,,,
ef54e38b-5b99-5e87-9e1f-db292a17e37c,12145699729,node,healthcare,clinic,Faiz Sain Ghani (Homeopathic Clinic),,,,,OSM,,,24.8737384,67.0095767,Karachi,Sindh,Pakistan,,,,,
1e64a2fb-96b3-5646-bf00-32083ca43dc3,5230413120,node,healthcare,clinic,Ghusia Clinic,,,,,OSM,,,24.8712586,67.012011,Karachi,Sindh,Pakistan,,,,,
0313d740-afdd-5ff5-a328-37694bfc15e2,7071269557,node,place,neighbourhood,Subhash Nagar,,,,,OSM,,,24.8734568,67.0152863,Karachi,Sindh,Pakistan,,,,,
2d0181d1-2a5a-5416-a4ad-5c27afde448a,12140423134,node,amenity,bank,Meezan Bank - Nishtar Road Branch,,,,,OSM,,,24.8718793,67.017083,Karachi,Sindh,Pakistan,,,,,
6a6f6b2a-8ec7-5dc5-bd73-b6cbfe2b3401,12140674610,node,amenity,marketplace,1-DOLLAR SHOP,,,,,OSM,,,24.8735799,67.0164589,Karachi,Sindh,Pakistan,,,,,
95a817bb-af35-5af9-9c15-ad5faa6d645c,12141689441,node,leisure,park,Danzoo,,,,,OSM,,,24.8741945,67.015854,Karachi,Sindh,Pakistan,,,,,
8b29b067-dc6d-571c-ab12-393fe1ed8241,12141788729,node,healthcare,hospital,Baloch medical centre,,,,,OSM,,,24.8731297,67.0135567,Karachi,Sindh,Pakistan,,,,,
e4f2405a-b7ba-5dbe-87d3-4a762a65187a,12143536907,node,healthcare,clinic,Zubair Medical Center,,,,,OSM,,,24.8740334,67.0138717,Karachi,Sindh,Pakistan,,,,,
4f4f0539-d106-5910-b541-5a1a3680bb3a,12144409842,node,healthcare,clinic,Kamran Clinic,,,,,OSM,,,24.8739648,67.0129978,Karachi,Sindh,Pakistan,,,,,
5d4e9ff2-0735-520c-904d-7ef01ed3f22a,12145490954,node,healthcare,clinic,Specialist Homeopathic Clinic,,,,,OSM,,,24.8726872,67.0119561,Karachi,Sindh,Pakistan,,,,,
5ebc3ce9-63c4-5f54-a393-f283ca02900f,12145556030,node,leisure,park,Ibraheem Sumro park,,,,,OSM,,,24.8702904,67.0105604,Karachi,Sindh,Pakistan,,,,,
65fb79b8-e3fb-5b42-9655-a91513bd1bce,12145556039,node,leisure,park,Muhammadi Ground Park,,,,,OSM,,,24.8701379,67.0106772,Karachi,Sindh,Pakistan,,,,,
05500ff1-ab09-5108-8936-0758240ddbc9,12151990678,node,healthcare,hospital,New morning durg rehab center,,,,,OSM,,,24.8711341,67.014646,Karachi,Sindh,Pakistan,,,,,
e3e46f41-7c5b-5cfa-80bc-5cd6dbdbc56c,12153498094,node,healthcare,hospital,Eduljee Dinshaw Dispensary,,,,,OSM,,,24.8698177,67.0158295,Karachi,Sindh,Pakistan,,,,,
2a4621dd-9caa-5ef0-be39-64263d07ec3b,12154008203,node,amenity,marketplace,Online Sells Products,,,,,OSM,,,24.8676688,67.0152343,Karachi,Sindh,Pakistan,,,,,
b5759dad-837e-5f45-bb39-8603ffe2bad2,12154015739,node,healthcare,hospital,Rajkot Memon Hospital,,,,,OSM,,,24.8676755,67.0153637,Karachi,Sindh,Pakistan,,,,,
a6117a93-77ca-567b-9784-d44c81d66e44,12154021840,node,healthcare,hospital,Rajkot Memon Hospital,,,,,OSM,,,24.8676755,67.0153637,Karachi,Sindh,Pakistan,,,,,
664c57c6-393e-530b-991d-d1c435cf2f66,12197722757,node,leisure,park,Garden saddar,,,,,OSM,,,24.8677178,67.0145132,Karachi,Sindh,Pakistan,,,,,
89a34272-b75b-5420-8a39-4848414e5f76,12200019677,node,healthcare,hospital,Godhra Muslim Medical Centre (trust),,,,,OSM,,,24.8688508,67.0152195,Karachi,Sindh,Pakistan,,,,,
8018a6bb-3aeb-5309-ba00-4a4e5568f18a,12200088772,node,healthcare,pharmacy,Erum Medical Store,,,,,OSM,,,24.8678374,67.0158956,Karachi,Sindh,Pakistan,,,,,
4ce67ebe-7ebb-5c8e-84ec-ff980466f2e0,12215880382,node,healthcare,pharmacy,CHOICE MEDICAL STORE,,,,,OSM,,,24.8707441,67.0160696,Karachi,Sindh,Pakistan,,,,,
907ca789-0cc9-555d-a5fb-385469ec7e57,12216520299,node,amenity,marketplace,Madina Market,,,,,OSM,,,24.8698179,67.013593,Karachi,Sindh,Pakistan,,,,,
a1bb366d-2499-5057-8cb1-6018e244dbc7,6681653760,node,place,neighbourhood,Nawalane,,,,,OSM,,,24.8747303,67.0070558,Karachi,Sindh,Pakistan,,,,,
11f8633f-95ba-5757-894b-4a8d54b52015,6773271248,node,place,neighbourhood,Bakra Piri,,,,,OSM,,,24.8796139,67.0053356,Karachi,Sindh,Pakistan,,,,,
de6d1101-b1b1-5808-900e-5b57ede6b931,6773283101,node,place,neighbourhood,Jockey Para,,,,,OSM,,,24.8756969,67.0062944,Karachi,Sindh,Pakistan,,,,,
1058ddac-d861-58a3-b192-62b828d39e5d,8317348131,node,place,neighbourhood,Zikri Para,,,,,OSM,,,24.8770176,67.0086717,Karachi,Sindh,Pakistan,,,,,
cda9d3c5-dc42-5a89-bd31-dc84b825d1b4,8317348132,node,place,neighbourhood,Noorani Colony,,,,,OSM,,,24.8775588,67.0054329,Karachi,Sindh,Pakistan,,,,,
ae18d146-0b6b-51ab-b2af-22d73be79a57,6771174751,node,place,neighbourhood,Hasan Lashkari,,,,,OSM,,,24.8768203,67.0147116,Karachi,Sindh,Pakistan,,,,,
23cc4d65-2abd-5479-90b6-fcacb5892248,6773271271,node,place,neighbourhood,Dhobi Ghat,,,,,OSM,,,24.8764385,67.0120542,Karachi,Sindh,Pakistan,,,,,
1ac18ce0-fdb0-57b2-afd1-eb0a657d6bda,12141717924,node,healthcare,clinic,M.H Lakhani Clinic,,,,,OSM,,,24.8743057,67.015938,Karachi,Sindh,Pakistan,,,,,
d91f0a15-3367-5835-93aa-66c468163c2c,12141723961,node,healthcare,hospital,Central Hospital Usmanabad سینٹرل ہسپتال,,,,,OSM,,,24.8744311,67.0153648,Karachi,Sindh,Pakistan,,,,,
8d66a8d7-4f39-5353-81e8-a1f60707986a,12143477393,node,healthcare,hospital,Zubair Hospital,,,,,OSM,,,24.8753147,67.0158788,Karachi,Sindh,Pakistan,,,,,
5a49a0e1-28d8-52c4-a81d-6ed8eece69ab,12143606320,node,healthcare,clinic,Shahbaz Family Care Clinic,,,,,OSM,,,24.8762574,67.0156662,Karachi,Sindh,Pakistan,,,,,
9b73c834-5c9a-52a7-abf6-852b6130d7bb,12143716063,node,healthcare,clinic,CARE MAMA CONSULTANT CLINIC,,,,,OSM,,,24.8771104,67.0170824,Karachi,Sindh,Pakistan,,,,,
71dcbc84-a558-5f46-ae6f-b711997fca40,4785775154,node,amenity,police,Garden Police Station,,,,,OSM,,,24.8700724,67.0181803,Karachi,Sindh,Pakistan,,,,,
d4acc2b9-84a2-51dd-9537-94956e609ee8,4785775168,node,amenity,police,Nabi Bux & Garden Police Station,,,,,OSM,,,24.869583,67.0173085,Karachi,Sindh,Pakistan,,,,,
c06f1959-37fb-5283-8a12-4d0648780b29,5119821455,node,amenity,bank,Habib Metro Bank,,,,,OSM,,,24.8725705,67.0180403,Karachi,Sindh,Pakistan,,,,,
5ac6d622-0cde-5c86-b11f-7eb0bb548737,5119821461,node,amenity,bank,سندھ بینک,سندھ بینک,,,,OSM,,,24.8718414,67.0172823,Karachi,Sindh,Pakistan,,,سندھ بینک,,
b6e633d2-0fb6-5a1b-8430-8f1aefa91ca3,5126962162,node,amenity,marketplace,Makki Furniture Market,,,,,OSM,,,24.8677771,67.0232631,Karachi,Sindh,Pakistan,,,,,
40c50ba2-56b3-5d78-9384-7301da16fbda,5160414135,node,amenity,bank,یونائیٹڈ بینک لمیٹڈ,یونائیٹڈ بینک لمیٹڈ,,,,OSM,,,24.8721126,67.0175239,Karachi,Sindh,Pakistan,,,یونائیٹڈ بینک لمیٹڈ,,
2b0a755c-6f9d-51f7-841a-84c702695296,12139676881,node,healthcare,clinic,Central Surgery Medical Centre,,,,,OSM,,,24.8732057,67.0172483,Karachi,Sindh,Pakistan,,,,,
a12a68f3-40f3-550b-a823-5df5b8e9eb47,12140375811,node,healthcare,clinic,Al farooqi dawakhana and pansar store international,,,,,OSM,,,24.8722823,67.0177683,Karachi,Sindh,Pakistan,,,,,
8562efb9-d7b8-5a51-8289-8c300bfa5cb6,12141498234,node,amenity,bank,MCB Bank Nishtar Road Branch,,,,,OSM,,,24.87401,67.0191751,Karachi,Sindh,Pakistan,,,,,
a8674b7d-f704-5d84-af41-c655f7a934a1,12188169041,node,tourism,museum,Sindh Police Museum,,,,,OSM,,,24.8689994,67.021621,Karachi,Sindh,Pakistan,,,,,
2301cb18-d615-5742-a2ff-1986a65ee128,12188176792,node,amenity,police,"Forensics Division, Sindh Police",,,,,OSM,,,24.8698479,67.0221653,Karachi,Sindh,Pakistan,,,,,
2a44443e-8646-51b9-9d44-e0a41d6d0f64,12194326598,node,amenity,police,"Forensics Division, Sindh Police",,,,,OSM,,,24.8702718,67.0222048,Karachi,Sindh,Pakistan,,,,,
ed42eff5-094d-5e31-951e-11f8a6900f0a,12194334398,node,amenity,marketplace,LifeStyle Shop,,,,,OSM,,,24.8693554,67.0229392,Karachi,Sindh,Pakistan,,,,,
cb1f275d-f54c-5f60-873a-0b2d6c8f99d8,12194360128,node,amenity,police,Garden Police Headquarters,,,,,OSM,,,24.8687844,67.0206191,Karachi,Sindh,Pakistan,,,,,
9194dd09-efc0-5ec7-bb20-9ae606c3d966,12194422553,node,amenity,police,DIGP Traffic Office karachi,,,,,OSM,,,24.8693155,67.0225592,Karachi,Sindh,Pakistan,,,,,
f346cfef-739a-52cc-901f-d6e3a8a714ec,12194440828,node,amenity,police,"PHQ South, Garden",,,,,OSM,,,24.868652,67.0211438,Karachi,Sindh,Pakistan,,,,,
4d0fb29c-9107-5f88-93ce-6f17138a3c9a,6865847437,node,place,neighbourhood,Parsi Colony,,,,,OSM,,,24.8720444,67.0301676,Karachi,Sindh,Pakistan,,,,,
91dd7b2b-4dab-5dc9-8878-e4cb6f58e060,8356719507,node,place,neighbourhood,Suparivala Compound,,,,,OSM,,,24.8740108,67.0253279,Karachi,Sindh,Pakistan,,,,,
658758e0-0106-5734-8d8c-436b28ff8d87,8356719508,node,place,neighbourhood,Teen Mari,,,,,OSM,,,24.8733595,67.027754,Karachi,Sindh,Pakistan,,,,,
7de1e1f1-4565-52e0-a981-a5581a9da1fb,8447481649,node,place,neighbourhood,Dholi Khata,,,,,OSM,,,24.871871,67.0259919,Karachi,Sindh,Pakistan,,,,,
19625873-f3f9-5b40-9de3-2e966060efa4,12164816613,node,healthcare,hospital,Doli Khata Dispensary,,,,,OSM,,,24.8715562,67.0251812,Karachi,Sindh,Pakistan,,,,,
5d55c38f-dabd-595b-b0a2-bb7052186e68,12164836099,node,healthcare,pharmacy,Khanum Medicos,,,,,OSM,,,24.8713762,67.025892,Karachi,Sindh,Pakistan,,,,,
fcc4f2a9-0ae0-5e16-bd32-a509aa4fce56,12164843873,node,amenity,marketplace,Iqbal Market - Karachi Cantonment,,,,,OSM,,,24.871948,67.026601,Karachi,Sindh,Pakistan,,,,,
ca96e859-dde2-5eee-a335-c77c4f6cbf89,12164850803,node,healthcare,hospital,Holy Family Hospital,,,,,OSM,,,24.8721292,67.0279825,Karachi,Sindh,Pakistan,,,,,
66492436-b9a0-5202-be9c-1c8fc63f2ddc,12164877679,node,healthcare,clinic,FAiTh Fight Against Thalassemia,,,,,OSM,,,24.8687781,67.0282295,Karachi,Sindh,Pakistan,,,,,
0b8022f3-dd81-5f4e-ad6f-300a33f1d956,12219392283,node,healthcare,hospital,Pakistan Association For Mental Health,,,,,OSM,,,24.8685349,67.0253111,Karachi,Sindh,Pakistan,,,,,
579749eb-4830-538c-9d25-303da2dd035a,12219397723,node,healthcare,hospital,Richmond crafwood venteraty hospital,,,,,OSM,,,24.8683889,67.024749,Karachi,Sindh,Pakistan,,,,,
b052b4a0-27eb-5343-b241-b65e17e17c7b,12238634645,node,healthcare,pharmacy,Dvago,,,,,OSM,,,24.8740071,67.0294562,Karachi,Sindh,Pakistan,,,,,
741f500f-1d8b-5ec5-9403-a3608e1672d1,4785775160,node,amenity,police,Garden Traffic Police Station,,,,,OSM,,,24.8774157,67.0217762,Karachi,Sindh,Pakistan,,,,,
773b4866-23c3-5daf-bbcc-98386d931859,5119617648,node,amenity,bank,NIb Bank,,,,,OSM,,,24.8775946,67.0216529,Karachi,Sindh,Pakistan,,,,,
5d3c6133-be8c-571c-8514-758d87ed29b6,5119617649,node,amenity,bank,NIb Bank - ATM,,,,,OSM,,,24.8776066,67.021686,Karachi,Sindh,Pakistan,,,,,
1d70d038-92af-529f-b552-c6616e1edb89,5119617650,node,amenity,bank,Meezan Bank Ltd,,,,,OSM,,,24.8774413,67.0214648,Karachi,Sindh,Pakistan,,,,,
ed1c845a-e241-5c42-a202-a123eb87eaea,5119617651,node,amenity,bank,Meezan Bank Ltd - ATM,,,,,OSM,,,24.8774268,67.0214365,Karachi,Sindh,Pakistan,,,,,
23f2b1af-1119-56cd-84ea-e6f544f68cda,5119617653,node,amenity,bank,بینک الفلاح,بینک الفلاح,,,,OSM,,,24.876671,67.0209225,Karachi,Sindh,Pakistan,,,بینک الفلاح,,
b7ccffaf-c973-5ff0-9544-ec6e67fd877e,5119617654,node,amenity,bank,Bank Alfalah - ATM,,,,,OSM,,,24.8766735,67.0209505,Karachi,Sindh,Pakistan,,,,,
5caedb2f-ecd4-5469-bc00-9be65f6a4a24,5119617659,node,amenity,bank,یونائیٹڈ بینک لمیٹڈ,یونائیٹڈ بینک لمیٹڈ,,,,OSM,,,24.8761807,67.0209072,Karachi,Sindh,Pakistan,,,یونائیٹڈ بینک لمیٹڈ,,
9a7238db-0a62-5d79-9b99-af3e8007b7aa,5119617660,node,amenity,bank,Ubl Bank - ATM,,,,,OSM,,,24.876168,67.0209026,Karachi,Sindh,Pakistan,,,,,
2fa0c70e-d0b1-5f89-ad70-2e25914d1c67,5119617663,node,amenity,bank,ایچ بی ایل پاکستان,ایچ بی ایل پاکستان,,,,OSM,,,24.8758474,67.0208089,Karachi,Sindh,Pakistan,,,ایچ بی ایل پاکستان,,
33845269-c565-5a8a-8ec8-40d725a28a0c,5119617667,node,amenity,bank,Bank AL Habib Sub Branch Of M A Jinnah ROAD Branch,,,,,OSM,,,24.8755697,67.0206712,Karachi,Sindh,Pakistan,,,,,
42025b02-97c5-5b8c-841a-1a74003d65b1,5119821441,node,amenity,bank,الائیڈ بینک لمیٹڈ,الائیڈ بینک لمیٹڈ,,,,OSM,,,24.8749066,67.0201098,Karachi,Sindh,Pakistan,,,الائیڈ بینک لمیٹڈ,,
49f77ca9-23c4-54e1-af53-8cd8915e1ce8,5119821443,node,amenity,bank,MCB BANK,,,,,OSM,,,24.8747345,67.0199578,Karachi,Sindh,Pakistan,,,,,
205fa0c4-bc82-5d47-9a9d-01a1f854ef59,5119821446,node,amenity,bank,Bankislami Garden West Branch,,,,,OSM,,,24.8744699,67.0197567,Karachi,Sindh,Pakistan,,,,,
78922247-64fd-53cf-8e5a-e0a9fbff2500,12141465051,node,healthcare,clinic,Bawany Clinic,,,,,OSM,,,24.8742873,67.0177745,Karachi,Sindh,Pakistan,,,,,
29dad3ae-bb21-52c6-a52a-5a180c458bc4,12143745369,node,healthcare,hospital,Noor Medical Centre & Pharmacy,,,,,OSM,,,24.8766121,67.018528,Karachi,Sindh,Pakistan,,,,,
75dfb322-29cc-564b-8095-2931d291c518,12153633329,node,healthcare,hospital,"Sehatmand Zindagi Center, Garden",,,,,OSM,,,24.8742722,67.0194064,Karachi,Sindh,Pakistan,,,,,
041348fa-4bfb-5701-a187-9607426b9c5f,4785775165,node,amenity,police,Soldier Bazar Police Station,,,,,OSM,,,24.8750561,67.0288571,Karachi,Sindh,Pakistan,,,,,
d444ecdc-4705-51d1-be57-47d2e9844318,12147583789,node,tourism,museum,Karachi Zoo Museum,,,,,OSM,,,24.8753015,67.0248193,Karachi,Sindh,Pakistan,,,,,
b0e75e68-afe2-5b87-82e9-de4d312691cb,12147596854,node,tourism,museum,National History Museum,,,,,OSM,,,24.874837,67.0252209,Karachi,Sindh,Pakistan,,,,,
9d9636f4-6153-58e4-b361-fba5701c13c6,12164748172,node,healthcare,hospital,SIUT Hajiani Chatul Bai Dialysis Centre,,,,,OSM,,,24.8796096,67.0250576,Karachi,Sindh,Pakistan,,,,,
95a28418-1b2f-5241-a7e1-aace8c0d583a,12164761007,node,healthcare,hospital,SIUT dialysis center garden,,,,,OSM,,,24.879897,67.0248682,Karachi,Sindh,Pakistan,,,,,
8d14d813-a6e0-50aa-937c-b2827b187191,12166155904,node,amenity,bank,Habib Metro Bank,,,,,OSM,,,24.8803902,67.024438,Karachi,Sindh,Pakistan,,,,,
35b3331a-5539-5e65-9453-cd530995ad23,12166157802,node,amenity,bank,Meezan Bank - Belle View Towers Branch,,,,,OSM,,,24.8804535,67.0245292,Karachi,Sindh,Pakistan,,,,,
efb243ff-acce-599d-a6b1-62e493f3bf4d,12167722658,node,healthcare,pharmacy,Safeway Medical Store,,,,,OSM,,,24.8800352,67.0260654,Karachi,Sindh,Pakistan,,,,,
8a636754-98c0-53b5-813d-581acf8d9046,12168885878,node,healthcare,hospital,Diamond Era Nursing Care Home,,,,,OSM,,,24.8784222,67.0282295,Karachi,Sindh,Pakistan,,,,,
66332e5b-ca6c-52d5-bd02-57825dff0b74,4776898504,node,place,neighbourhood,Khamosh Colony,,,,,OSM,,,24.8811721,67.0083441,Karachi,Sindh,Pakistan,,,,,
da2d9d78-ccad-5b39-8c9f-b34a82e977ed,12151220227,node,landuse,cemetery,Dullah Qadri Darbar,,,,,OSM,,,24.8843083,67.0041245,Karachi,Sindh,Pakistan,,,,,
c1ad0d8c-f80d-5289-84e5-31eb4d54a482,12151228512,node,landuse,cemetery,Siddiqui Bradri Qabristan Grave Yard,,,,,OSM,,,24.8838682,67.0042343,Karachi,Sindh,Pakistan,,,,,
664f463a-17c0-5bd7-a415-e429e9e20cc7,12151423153,node,landuse,cemetery,Kokan Qabristan Graveyard,,,,,OSM,,,24.8870364,67.0098151,Karachi,Sindh,Pakistan,,,,,
91f2fd9a-74df-5415-a04e-44e4e1e8592c,12151442473,node,landuse,cemetery,Deccan Muslim Association Graveyard,,,,,OSM,,,24.8867285,67.0099858,Karachi,Sindh,Pakistan,,,,,
e61f88b7-0b7c-5b60-9c8c-da0df709d124,12151442474,node,landuse,cemetery,Qureshi Graveyard قریشی قبرستان,,,,,OSM,,,24.8867267,67.010246,Karachi,Sindh,Pakistan,,,,,
e319a652-8cef-541d-ae7b-59d59772f551,12151442623,node,landuse,cemetery,Dada Qabristan and Graveyard,,,,,OSM,,,24.8871287,67.009988,Karachi,Sindh,Pakistan,,,,,
267a1bc7-b576-5028-83c9-3290c6d1c1f4,12151451127,node,landuse,cemetery,DEHANI BALOCH FAMILY GRAVEYARD,,,,,OSM,,,24.8855965,67.0040623,Karachi,Sindh,Pakistan,,,,,
a7ed5505-9fee-55a2-abd1-2e79d1820174,12151453723,node,landuse,cemetery,Gohilwad Halai Memon Jamat Qabrastaan,,,,,OSM,,,24.8861038,67.0062245,Karachi,Sindh,Pakistan,,,,,
43937c61-8b81-5fc6-8200-1f9f7e76c400,12151454768,node,landuse,cemetery,Charotar muslim anjuman graveyard,,,,,OSM,,,24.8833051,67.007318,Karachi,Sindh,Pakistan,,,,,
e28e14e7-004d-5078-88d3-223bea40ad8d,12151455076,node,landuse,cemetery,PMJ graveyard,,,,,OSM,,,24.88596,67.0067814,Karachi,Sindh,Pakistan,,,,,
51e822a3-67e8-5cdb-98e0-043e3dcee961,12151458518,node,landuse,cemetery,Mazar Syed Sakhi Manak Shah Baba,,,,,OSM,,,24.8864274,67.0043453,Karachi,Sindh,Pakistan,,,,,
06a28968-b55f-59af-8087-fbbf2b0b1ca8,12151475920,node,landuse,cemetery,Grave of Qamaruddin Sakhirani,,,,,OSM,,,24.8841475,67.007171,Karachi,Sindh,Pakistan,,,,,
51bbee79-f85d-5eaa-8ee3-f409bc26a4b7,12151475921,node,landuse,cemetery,Vohra cma community graveyard,,,,,OSM,,,24.8836069,67.0075183,Karachi,Sindh,Pakistan,,,,,
6c2a5a9b-b1fc-539a-8621-3bba618ccbea,12151481514,node,landuse,cemetery,"Seth Muhammad Ismail graveyard, Bedadi Qabristan, Mewa Shah",,,,,OSM,,,24.8855162,67.0046175,Karachi,Sindh,Pakistan,,,,,
4a96d5e3-0969-52db-acf9-61353f9e13fb,12151487901,node,landuse,cemetery,Dehani Qabristan,,,,,OSM,,,24.8841012,67.0063878,Karachi,Sindh,Pakistan,,,,,
e909c144-0045-50ef-a3c6-cb6e3163dccc,8192411943,node,place,neighbourhood,Hassan Auliya,,,,,OSM,,,24.8810422,67.0158955,Karachi,Sindh,Pakistan,,,,,
d47cffa5-2d9d-516b-b95f-8a0a4c0518dd,8320142990,node,place,neighbourhood,Haji Panjoo,,,,,OSM,,,24.8851413,67.0162396,Karachi,Sindh,Pakistan,,,,,
69c7eed5-01cf-502a-b38a-61022026729e,12151314238,node,landuse,cemetery,Noor Bagh Graveyard Mewashah,,,,,OSM,,,24.8815578,67.0126928,Karachi,Sindh,Pakistan,,,,,
fe2dbfda-1efe-51b8-b59d-eaf626cc6d4c,12151314897,node,landuse,cemetery,Family graves,,,,,OSM,,,24.8823146,67.0161396,Karachi,Sindh,Pakistan,,,,,
6e126aa5-2a97-561c-9b5d-8180a0b7af47,12151315073,node,landuse,cemetery,Silawat Qabristan,,,,,OSM,,,24.8810536,67.0122772,Karachi,Sindh,Pakistan,,,,,
f2dbbca0-2af2-5d0a-b11c-8d61e1b6baf5,12151315245,node,landuse,cemetery,Turk Graveyard,,,,,OSM,,,24.8813332,67.0134213,Karachi,Sindh,Pakistan,,,,,
6bb13501-1c1e-5272-b356-3769803d881b,12151317262,node,landuse,cemetery,Amiwala graveyard,,,,,OSM,,,24.8820238,67.0146215,Karachi,Sindh,Pakistan,,,,,
7433e8e3-0597-5eaa-9c75-00e5cf33f382,12151325377,node,landuse,cemetery,Aisha Bawany Graveyard,,,,,OSM,,,24.8816722,67.0143367,Karachi,Sindh,Pakistan,,,,,
90164caf-4adf-5c28-8b58-9d9919d5075d,12151327554,node,landuse,cemetery,Khatri Graveyard,,,,,OSM,,,24.8826927,67.0131795,Karachi,Sindh,Pakistan,,,,,
24dd0f3b-de54-5249-b2ca-9a666332c32e,12151328000,node,landuse,cemetery,Mangrol Memon Qabrastan,,,,,OSM,,,24.8811197,67.0144615,Karachi,Sindh,Pakistan,,,,,
de7b8523-a396-5ab0-b82c-3b134c1ae4d2,12151348661,node,landuse,cemetery,Bahai Cemetery گلستان جاوید بہآئیان,,,,,OSM,,,24.8816477,67.015419,Karachi,Sindh,Pakistan,,,,,
f532e085-8456-5557-8955-a0000e2b529f,12151351291,node,landuse,cemetery,dada grave,,,,,OSM,,,24.8821812,67.0163171,Karachi,Sindh,Pakistan,,,,,
063b8809-783c-59f6-8cb9-b9ea027cff1c,12151360024,node,landuse,cemetery,Dada & Dadi,,,,,OSM,,,24.8825579,67.0144978,Karachi,Sindh,Pakistan,,,,,
b49f95d6-370c-5515-83fc-e9574bcc1529,12151373540,node,landuse,cemetery,Babwani Graveyeard,,,,,OSM,,,24.882712,67.0142076,Karachi,Sindh,Pakistan,,,,,
6f1e1beb-e57a-553d-9cad-c757106cf6e9,12151382852,node,landuse,cemetery,Noor bagh Bohra Qabrastan Masjid,,,,,OSM,,,24.8834504,67.0151933,Karachi,Sindh,Pakistan,,,,,
adf443b5-5b32-5215-9def-596a06d4e014,12151392808,node,landuse,cemetery,Jamat e Islah e Qoum (Graveyard),,,,,OSM,,,24.8835821,67.0132149,Karachi,Sindh,Pakistan,,,,,
8e20f847-983b-5f26-9921-d450493e1a35,12151392851,node,landuse,cemetery,Dada Dadi and Salma Phuppi’s Qabar,,,,,OSM,,,24.884115,67.0150163,Karachi,Sindh,Pakistan,,,,,
4fde303b-3899-57f9-ad99-48f3623e3c3b,12151393207,node,landuse,cemetery,Shrine Of Ghaar Wale Babaحضرت اقدس بابائے غار مزار,,,,,OSM,,,24.8841568,67.0117603,Karachi,Sindh,Pakistan,,,,,
516ac7fc-b70f-500a-9638-c2d1eb811c32,12151394820,node,landuse,cemetery,Ghazi Abdul Qayum Shaheed,,,,,OSM,,,24.8851386,67.0147678,Karachi,Sindh,Pakistan,,,,,
79b9d572-7121-59ab-b927-0c919592f1be,12151398045,node,landuse,cemetery,Bani Israel Graveyard,,,,,OSM,,,24.8842531,67.0137776,Karachi,Sindh,Pakistan,,,,,
d836e8bf-8702-51d8-827f-a0902a8b8d87,12151403046,node,landuse,cemetery,Kanojia Hindu Jamat Graveyard,,,,,OSM,,,24.8845068,67.0127477,Karachi,Sindh,Pakistan,,,,,
3f32b839-fd42-5e2b-b80f-e29f147a4302,12151404104,node,landuse,cemetery,Okhai Memon Graveyard Mewa Shah,,,,,OSM,,,24.8848696,67.0133282,Karachi,Sindh,Pakistan,,,,,
ef343b8a-84fa-5cf9-b38c-5d20b33229a8,12151404851,node,landuse,cemetery,Bohra Qabrastan Noor Bagh,,,,,OSM,,,24.8836527,67.0157843,Karachi,Sindh,Pakistan,,,,,
909d434d-2828-55bf-aae6-196a87bffafa,12151404868,node,landuse,cemetery,Ameena Ganny Foundation (Jamnagar Wehvaria Memon Jamat) Qabristan,,,,,OSM,,,24.8858178,67.0142286,Karachi,Sindh,Pakistan,,,,,
fba13e7e-56a6-551a-94b6-c141859bb29f,12151411523,node,landuse,cemetery,Sindhi Muslim Society Graveyard,,,,,OSM,,,24.8854869,67.0111688,Karachi,Sindh,Pakistan,,,,,
b540f829-4017-571a-847b-d4b36f50859b,12151412851,node,landuse,cemetery,Daddy die,,,,,OSM,,,24.8845806,67.0148854,Karachi,Sindh,Pakistan,,,,,
44803ea3-9665-5a77-a4b3-761b1dc666df,12151439939,node,landuse,cemetery,Gondal Memon Qabrastaan,,,,,OSM,,,24.8852029,67.0112177,Karachi,Sindh,Pakistan,,,,,
b5bc5c8a-858f-570e-9469-48c62bb7c43f,12151428625,node,landuse,cemetery,Yousuf Pura Qabristan یوسف پورہ قبرستان,,,,,OSM,,,24.8876433,67.0083979,Karachi,Sindh,Pakistan,,,,,
468d425d-83ac-51f7-8556-8398a597429d,12151455371,node,landuse,cemetery,Hyderi Bagh Graveyard 1949,,,,,OSM,,,24.8878266,67.0079916,Karachi,Sindh,Pakistan,,,,,
240e9e94-2f8e-5e07-820f-3dcc86af779b,12151455627,node,landuse,cemetery,Sindhi Momin Jamat Graveyard,,,,,OSM,,,24.8875722,67.0052386,Karachi,Sindh,Pakistan,,,,,
3ad58e4e-66ed-5079-8b10-b5595e20d761,12151464206,node,healthcare,pharmacy,Dai Maa Mewa Shah,,,,,OSM,,,24.8878196,67.0046799,Karachi,Sindh,Pakistan,,,,,
800c9859-e5ee-50a7-9cb6-e7b6fd6aeb3e,7416076111,node,place,neighbourhood,Rexber Colony,,,,,OSM,,,24.8861066,67.0216076,Karachi,Sindh,Pakistan,,,,,
407c2bef-f6b3-5a67-855b-c91685b7889e,7416076112,node,place,neighbourhood,Hassan Auliya,,,,,OSM,,,24.8843985,67.0200949,Karachi,Sindh,Pakistan,,,,,
e40a1bdf-e6db-57e1-b4ff-7c46145a3e36,8356719506,node,place,neighbourhood,Madina Colony,,,,,OSM,,,24.8820226,67.0219999,Karachi,Sindh,Pakistan,,,,,
e0da4337-c728-5a28-8350-2865cc26238b,3467530444,node,place,neighbourhood,Tharo Lane,,,,,OSM,,,24.8860233,67.025808,Karachi,Sindh,Pakistan,,,,,
1d6b6276-eee4-561b-9f43-0517d7da20fe,5128445371,node,amenity,marketplace,Garden Super Market,,,,,OSM,,,24.88477,67.0298971,Karachi,Sindh,Pakistan,,,,,
b83c09fe-36b5-52cf-82b4-6bd0ee820e56,5144678693,node,amenity,bank,Bank Al Habib Limited,الحبیب بینک لمیٹڈ,,,,OSM,,,24.8843484,67.0288118,Karachi,Sindh,Pakistan,,,Bank Al Habib Limited,,
a04ab9da-7f99-5ae0-b8e9-9cca91563bca,5144678695,node,amenity,bank,"Soneri Bank, Nishtar Road",,,,,OSM,,,24.8834767,67.0277697,Karachi,Sindh,Pakistan,,,,,
1b1eaab2-234e-5a28-ab6f-0072886ac868,8356719505,node,place,neighbourhood,Pakistan Quarters,,,,,OSM,,,24.8822836,67.0241399,Karachi,Sindh,Pakistan,,,,,
362b21bf-2584-5da6-93a5-89c692c6c562,12167840468,node,healthcare,clinic,Clininc hospital,,,,,OSM,,,24.8821655,67.0278,Karachi,Sindh,Pakistan,,,,,
1ae911e2-9bee-5429-9100-97d365a12eb2,12167867060,node,healthcare,pharmacy,F.I.N MEDICOS,,,,,OSM,,,24.8823919,67.0267586,Karachi,Sindh,Pakistan,,,,,
8335c565-cf6d-51cd-92ba-7fe89a924529,12173707286,node,healthcare,hospital,Habib Bhai Patti Walay,,,,,OSM,,,24.8845426,67.0297531,Karachi,Sindh,Pakistan,,,,,
862ac91d-b5b4-54a8-9089-b0e01f9ca831,4785775155,node,place,neighbourhood,Old Golimar,,,,,OSM,,,24.8887634,67.0195127,Karachi,Sindh,Pakistan,,,,,
b3d314ac-af5c-567d-97bf-5a5eb5864029,12151536286,node,leisure,park,Translyari Park,,,,,OSM,,,24.8923457,67.019468,Karachi,Sindh,Pakistan,,,,,
38f911e0-1b3b-5dcb-9a0f-064556ad1b72,12151555305,node,leisure,park,Childern Park بے نظیر چلڈرن پارک,,,,,OSM,,,24.8931547,67.0198325,Karachi,Sindh,Pakistan,,,,,
6e544eb7-0da1-5b9f-a030-16f7152cd69e,12172050381,node,amenity,police,Rizvia Police Station رضویہ پولیس اسٹیشن,,,,,OSM,,,24.8937824,67.0231543,Karachi,Sindh,Pakistan,,,,,
34b80c3f-83c5-5e5d-915b-a1d39050d3a3,12172563186,node,healthcare,pharmacy,Dastagir Medical Store,,,,,OSM,,,24.8926143,67.0205135,Karachi,Sindh,Pakistan,,,,,
16ec14d8-e4e9-5348-8a08-38f5b643718a,12172563970,node,healthcare,clinic,AL HAYAT MEDICAL CENTER,,,,,OSM,,,24.8910698,67.0205293,Karachi,Sindh,Pakistan,,,,,
27f74720-5e9c-5a6b-94cc-755289bc1509,12172106507,node,landuse,cemetery,Khajji Cemetery,,,,,OSM,,,24.8930057,67.024047,Karachi,Sindh,Pakistan,,,,,
455813b9-e22c-5279-9223-74538dcfdb54,4769325039,node,amenity,bank,ایچ بی ایل پاکستان,ایچ بی ایل پاکستان,,,,OSM,,,24.870389,67.0336633,Karachi,Sindh,Pakistan,,,ایچ بی ایل پاکستان,,
136419d0-2f6e-5c18-a7c2-964dbcfa8420,4792035079,node,amenity,bank,الائیڈ بینک لمیٹڈ,الائیڈ بینک لمیٹڈ,,,,OSM,,,24.8683877,67.0307938,Karachi,Sindh,Pakistan,,,الائیڈ بینک لمیٹڈ,,
56c23dfb-b5f1-56c3-9735-01e06a6eea21,4792040683,node,amenity,bank,یونائیٹڈ بینک لمیٹڈ,یونائیٹڈ بینک لمیٹڈ,,,,OSM,,,24.871577,67.0346349,Karachi,Sindh,Pakistan,,,یونائیٹڈ بینک لمیٹڈ,,
dae92f9f-e88f-5eaf-99a2-5df9e89c40fe,4793639797,node,leisure,park,KPSIAJ Khoja Family Park,,,,,OSM,,,24.8739558,67.0345922,Karachi,Sindh,Pakistan,,,,,
3b89efdc-a36f-5c84-beb9-4cb353f17060,5105590641,node,amenity,atm,,,,,,OSM,,,24.8704872,67.0338063,Karachi,Sindh,Pakistan,,,,HBL,
8710bba4-246a-5e3f-a538-bc9ea8395b0a,5105590642,node,amenity,atm,,,,,,OSM,,,24.8715629,67.0345841,Karachi,Sindh,Pakistan,,,,UBL,
cfae04fb-b393-5de5-8c84-a82692880dd7,5105590643,node,amenity,atm,,,,,,OSM,,,24.8685106,67.0309151,Karachi,Sindh,Pakistan,,,,Allied Bank,
ecc35eea-17d7-57d0-8698-33c297be6acf,6187762186,node,amenity,atm,,,,,,OSM,,,24.8678095,67.0305177,Karachi,Sindh,Pakistan,,,,Bank Al Habib,
dab7824d-909a-5f5c-9310-84f7b6dafee3,12216901154,node,healthcare,hospital,Al Noor Medical Centre,,,,,OSM,,,24.8734055,67.0351051,Karachi,Sindh,Pakistan,,,,,
f3225e6b-f69d-550b-890d-969388f396aa,12218697459,node,leisure,park,Parsi Colony Park,,,,,OSM,,,24.8716684,67.0305449,Karachi,Sindh,Pakistan,,,,,
b452b9eb-f416-5e80-a6ba-3f1e0fa3fac0,12218730130,node,healthcare,hospital,Hijama Centre,,,,,OSM,,,24.8706752,67.031838,Karachi,Sindh,Pakistan,,,,,
a2dffe98-dcc4-50e2-a78e-cd8e3eb25491,12218742073,node,healthcare,hospital,H.U.S.R,,,,,OSM,,,24.8706185,67.0318374,Karachi,Sindh,Pakistan,,,,,
b789bf91-910c-513a-82ec-8963d6689d68,12219437603,node,tourism,museum,Parsi House For Shoot,,,,,OSM,,,24.8698516,67.031759,Karachi,Sindh,Pakistan,,,,,
3d1a7314-78c6-504b-b286-961866f6c88c,12222001044,node,healthcare,hospital,Specialist Medical Centre SMC,,,,,OSM,,,24.8715043,67.0337656,Karachi,Sindh,Pakistan,,,,,
d795858b-7f75-5ed0-894e-308d47826004,12233234722,node,healthcare,hospital,Zainab Medical & General Store,,,,,OSM,,,24.8739056,67.0302293,Karachi,Sindh,Pakistan,,,,,
1b862e60-daeb-5b53-9165-86f3f04450cf,12241372558,node,healthcare,hospital,Anklesaria Eye Hospital,,,,,OSM,,,24.8726791,67.0311716,Karachi,Sindh,Pakistan,,,,,
2ed2e2ba-cd67-5907-b2a8-65b9dcd10af7,12243712246,node,healthcare,hospital,City Health Care Centre,,,,,OSM,,,24.872555,67.0344344,Karachi,Sindh,Pakistan,,,,,
e166e41f-9eb2-5026-87c3-aaa8bef0979d,12255446809,node,healthcare,hospital,Virji Clinic,,,,,OSM,,,24.8735797,67.0356034,Karachi,Sindh,Pakistan,,,,,
5190cd4c-b29a-514c-8bb3-7d6c3fe465ff,12273273647,node,healthcare,pharmacy,Zohair Medical Store,,,,,OSM,,,24.8690428,67.0336918,Karachi,Sindh,Pakistan,,,,,
8eefabf1-889a-5f65-8459-77692f5d3f16,12151919804,node,healthcare,hospital,Hashmanis Dental Care & Aesthetics (popularly known as Hashmani Eye Hospital),,,,,OSM,,,24.8704056,67.0391482,Karachi,Sindh,Pakistan,,,,,
8da66858-9314-57ae-b055-f6b6f1ae5249,12273247859,node,healthcare,clinic,Rana Clinic,,,,,OSM,,,24.8689863,67.0371035,Karachi,Sindh,Pakistan,,,,,
071a37ee-87c2-5c6d-b19a-96def55e435a,4769325031,node,amenity,bank,ایچ بی ایل پاکستان,ایچ بی ایل پاکستان,,,,OSM,,,24.8754549,67.0314841,Karachi,Sindh,Pakistan,,,ایچ بی ایل پاکستان,,
ae1af196-f11b-59cd-95c7-b38da3b396ba,4769325037,node,amenity,bank,میزان بینک,میزان بینک,,,,OSM,,,24.8764517,67.0330786,Karachi,Sindh,Pakistan,,,میزان بینک,,
ae1de463-9a27-5ef2-9119-1d3eda609160,7081651746,node,place,neighbourhood,کیتھولک کالونی,کیتھولک کالونی,,,,OSM,,,24.8763903,67.0365696,Karachi,Sindh,Pakistan,,,,,
e8fc5373-fc96-5246-ab49-a7ffc35b474d,12168962431,node,amenity,marketplace,Soldier Bazar,,,,,OSM,,,24.8766471,67.0311682,Karachi,Sindh,Pakistan,,,,,
0ad5e14e-0b97-5b90-9270-85b0eb96638f,12169646370,node,amenity,marketplace,KMC Market Soldier Bazar,,,,,OSM,,,24.8773342,67.0335483,Karachi,Sindh,Pakistan,,,,,
b4313480-e540-54c1-8943-3cff2ca565c1,12169687029,node,amenity,marketplace,KMC Market,,,,,OSM,,,24.8771801,67.0336368,Karachi,Sindh,Pakistan,,,,,
93e06efb-cd4c-5a76-8fca-0802911d6efa,12172265516,node,amenity,bank,Habib Bank Limited,,,,,OSM,,,24.8756352,67.0313023,Karachi,Sindh,Pakistan,,,,,
a9c02c93-6334-58f8-84aa-59df9ece878a,12172295134,node,healthcare,hospital,Khair-un Nisa Eye Hospital,,,,,OSM,,,24.8763576,67.0323715,Karachi,Sindh,Pakistan,,,,,
43aa2b5b-c7e0-5698-9a2d-ae37ecac29c0,12172301762,node,amenity,bank,Meezan Bank - Soldier Bazaar Branch,,,,,OSM,,,24.8765686,67.0331712,Karachi,Sindh,Pakistan,,,,,
8da77c3f-6c5e-5bbb-aaec-a6d3e3037884,12172375470,node,healthcare,pharmacy,DVAGO Pharmacy & Wellness Experts,,,,,OSM,,,24.8763643,67.0313204,Karachi,Sindh,Pakistan,,,,,
2796bee0-950d-5b50-8a6f-5691ac421c0a,12180000628,node,healthcare,pharmacy,"Ehad Pharmacy & Medical Centre, Soldier Bazaar",,,,,OSM,,,24.87818,67.0343553,Karachi,Sindh,Pakistan,,,,,
95e43cc8-531d-563d-9469-b48120bf1fa5,12180015873,node,healthcare,pharmacy,Friends Medicos,,,,,OSM,,,24.8776918,67.0344237,Karachi,Sindh,Pakistan,,,,,
f4d0d678-f373-561a-bb7c-961ddd113ee0,12183882888,node,healthcare,pharmacy,Time Medical & super store,,,,,OSM,,,24.8774499,67.0346669,Karachi,Sindh,Pakistan,,,,,
3d2999e6-bd5d-5b96-a25a-e752d0ac042e,12183891371,node,amenity,bank,Bank AL Habib,,,,,OSM,,,24.8774852,67.0348656,Karachi,Sindh,Pakistan,,,,,
1a9ac98f-fe5a-5d0e-9afb-29a65e993a88,12184202350,node,healthcare,hospital,Fatmiyah Dialysis Center . Dr.Mehdi,,,,,OSM,,,24.878051,67.0339693,Karachi,Sindh,Pakistan,,,,,
08679488-8afe-5fc0-af01-1c8eb1caca7d,12184243745,node,healthcare,hospital,Medicare Centre,,,,,OSM,,,24.8797487,67.0320107,Karachi,Sindh,Pakistan,,,,,
a465c782-5c2c-5702-bc23-41b9bdc167a2,12186034942,node,leisure,park,"Jinnah Park, Pedro D’Souza Road",,,,,OSM,,,24.880178,67.0317293,Karachi,Sindh,Pakistan,,,,,
4bc1949d-cc70-5321-929e-d2cf99bff485,12216863419,node,leisure,park,Nishtar Park,,,,,OSM,,,24.8744721,67.0331152,Karachi,Sindh,Pakistan,,,,,
00399f86-9565-5d21-b6eb-16e11ba42d93,12224049788,node,healthcare,hospital,Family Health Hospital (Karachi),,,,,OSM,,,24.8754693,67.0345806,Karachi,Sindh,Pakistan,,,,,
c31dbfb5-2624-5412-a2fd-b6719360f220,12224089949,node,healthcare,hospital,Soldier Bazar Maternity Home,,,,,OSM,,,24.8767137,67.0340718,Karachi,Sindh,Pakistan,,,,,
fab0187c-5fdc-5bf1-8ef6-4d5ed8112c83,12224098728,node,healthcare,hospital,Oriental Optics & Eye Clinic,,,,,OSM,,,24.8769556,67.0348069,Karachi,Sindh,Pakistan,,,,,
d00bc3f8-13d2-52c1-bd72-77637b52d0f9,12224100123,node,healthcare,hospital,Fatima Zehra Free Dialysis Center JDC foundation ( Soldier Bazar),,,,,OSM,,,24.8766584,67.0344581,Karachi,Sindh,Pakistan,,,,,
e5b039ea-c894-58bb-8f0c-e8a49f7b3450,12224123670,node,amenity,bank,JS Bank & ATM,,,,,OSM,,,24.8762839,67.0332827,Karachi,Sindh,Pakistan,,,,,
a536a1bd-9aa2-587a-b1fe-109893759df8,12230268122,node,healthcare,pharmacy,Akbar Medicos,,,,,OSM,,,24.8759368,67.0326219,Karachi,Sindh,Pakistan,,,,,
e9d9fe5e-0620-58ae-ac9a-718c0d4ca518,12230283286,node,healthcare,pharmacy,Mumtaz Chemist & General Store,,,,,OSM,,,24.8759442,67.0326452,Karachi,Sindh,Pakistan,,,,,
c8530fd9-0ece-51e5-a1fd-6c1cbf144a6c,12231342941,node,amenity,bank,Habib Metropolitan Limited,,,,,OSM,,,24.8752239,67.0315187,Karachi,Sindh,Pakistan,,,,,
baccfdc2-0b87-5bce-9765-689e86fd1910,12232818043,node,healthcare,hospital,Medical Centre,,,,,OSM,,,24.875021,67.0310476,Karachi,Sindh,Pakistan,,,,,
e0ef6250-9529-584d-8ea7-0da0dd2f8f2f,12233229014,node,healthcare,pharmacy,Amir Medicos,,,,,OSM,,,24.8743984,67.0310235,Karachi,Sindh,Pakistan,,,,,
f7b4f2b1-163d-5fec-be5b-11b703d310c9,12233244389,node,leisure,park,RAI MEDICAL & DIABETIC CENTER KHI,,,,,OSM,,,24.87441,67.030937,Karachi,Sindh,Pakistan,,,,,
7ca56981-e98d-5ab2-a6d0-5b9870c85f9e,12250515750,node,historic,fort,Family Comfort Building,,,,,OSM,,,24.8757153,67.0366405,Karachi,Sindh,Pakistan,,,,,
d47d7509-38d7-51fb-a213-760af5531a37,12250524051,node,healthcare,hospital,Karachi X-Rays /CT scan & Ultrasound Center,,,,,OSM,,,24.8750247,67.0366329,Karachi,Sindh,Pakistan,,,,,
b2ab9a4e-a037-5b48-8613-b77873916485,12252898703,node,healthcare,hospital,Ali Raza Clinic,,,,,OSM,,,24.8757942,67.0357467,Karachi,Sindh,Pakistan,,,,,
1c6a5bdd-d16d-5725-abca-877a79cc05a6,12256184756,node,healthcare,hospital,OGDCL Medical Center,,,,,OSM,,,24.8748231,67.0366328,Karachi,Sindh,Pakistan,,,,,
34831028-e2c0-5681-9713-b6f2f33f95c8,12256198888,node,healthcare,hospital,Wazir OTC Hospital,,,,,OSM,,,24.8742687,67.0363793,Karachi,Sindh,Pakistan,,,,,
22e70cb6-67d3-51b5-9bb5-987e5c495599,7082064732,node,place,neighbourhood,Gurmandir,,,,,OSM,,,24.8803715,67.0395249,Karachi,Sindh,Pakistan,,,,,
6ae5e6d1-036c-538f-b939-589e6d101eb3,10688735636,node,healthcare,hospital,MALC Maskan-e-Rahat Leprosy Centre,,,"Dermatology, Blindness, Leprosy, MCHC, Tubercolosis",,OSM,,,24.8753903,67.0369412,Karachi,Sindh,Pakistan,,,,MALC,
f4861111-7732-5bb8-afee-075064c12ac8,12151891482,node,leisure,park,Mausoleum of Quaid-e-Azam,,,,,OSM,,,24.8744956,67.0393705,Karachi,Sindh,Pakistan,,,,,
ad3284d2-c1ff-5c38-b57b-a7cf2cede083,12183379109,node,amenity,bank,United Bank - UBL,,,,,OSM,,,24.879843,67.0387469,Karachi,Sindh,Pakistan,,,,,
eef41e98-3e7f-57db-a50d-b2c0181b6bc7,12183455886,node,healthcare,pharmacy,Raza Brothers Medical & General Store,,,,,OSM,,,24.8785765,67.0368669,Karachi,Sindh,Pakistan,,,,,
82941107-7186-5554-a188-e06b327311df,12245816360,node,amenity,bank,Meezan Bank - New Town Branch,,,,,OSM,,,24.8801146,67.0405127,Karachi,Sindh,Pakistan,,,,,
3da6004a-6e83-542b-8fab-fb97b9927de0,12245871754,node,healthcare,hospital,Modern Clinics,,,,,OSM,,,24.880439,67.0425043,Karachi,Sindh,Pakistan,,,,,
e8d2b7a5-e60b-5479-b1f4-a3bc425bf055,12245886813,node,amenity,bank,MCB Bank,,,,,OSM,,,24.8806942,67.0417249,Karachi,Sindh,Pakistan,,,,,
4895c30f-9481-580c-94ff-867ba4d19685,12250372219,node,historic,fort,Gur Mandar,,,,,OSM,,,24.8786406,67.0384614,Karachi,Sindh,Pakistan,,,,,
19153647-e7a4-5e1f-8b37-29298b190639,12250406708,node,healthcare,hospital,HOPE Children Hospital,,,,,OSM,,,24.878368,67.0380112,Karachi,Sindh,Pakistan,,,,,
87192b85-be98-5fd7-8b55-f3157e61d6aa,12258440920,node,leisure,park,Hasa Singh Park,,,,,OSM,,,24.8795051,67.0398097,Karachi,Sindh,Pakistan,,,,,
5fa19f7c-a271-520c-9551-62bcd7bf5de3,4774850541,node,amenity,bank,نیشنل بینک آف پاکستان,نیشنل بینک آف پاکستان,,,,OSM,,,24.8712277,67.0483098,Karachi,Sindh,Pakistan,,,نیشنل بینک آف پاکستان,نیشنل بینک آف پاکستان,
e0244fd3-18db-515e-9309-63f01fad6f08,5143300423,node,leisure,park,Mansoor Ahmed Chacha Saheed Park,,,,,OSM,,,24.8705879,67.0447051,Karachi,Sindh,Pakistan,,,,,
cdef01aa-f954-5478-b5f9-8c57e4dd76d2,5149868877,node,amenity,bank,National Bank of Pakistan - ATM,,,,,OSM,,,24.8712146,67.0483328,Karachi,Sindh,Pakistan,,,,,
95d0f3d0-b8e2-5a42-bc7d-b6999cd89fe6,6773438638,node,place,neighbourhood,Khudadad,,,,,OSM,,,24.8723397,67.0463178,Karachi,Sindh,Pakistan,,,,,
209f983d-5da7-5685-a06b-5adb819f263f,12151893831,node,leisure,park,Jinnah Park,,,,,OSM,,,24.8734234,67.0436804,Karachi,Sindh,Pakistan,,,,,
feb7255b-8f69-5544-9e47-60edaaa35be4,12180769466,node,healthcare,clinic,Dr Rajput Clinic,,,,,OSM,,,24.8735721,67.0451625,Karachi,Sindh,Pakistan,,,,,
81efcbbd-98d3-5a30-8ef8-7637fddc4148,12189697154,node,healthcare,pharmacy,Al Rayyan Medical & General store,,,,,OSM,,,24.872623,67.0445855,Karachi,Sindh,Pakistan,,,,,
b264ecc8-26f5-51bd-8e84-6da148aa958f,4809862086,node,amenity,bank,عسکری بینک,عسکری بینک,,,,OSM,,,24.8764893,67.0477428,Karachi,Sindh,Pakistan,,,عسکری بینک,,
07350fbd-941c-550a-b4d7-ff408fbde17b,5129847123,node,amenity,police,Special Branch Police Station Karachi,,,,,OSM,,,24.8779869,67.0465258,Karachi,Sindh,Pakistan,,,,,
5153f85a-d6b7-535c-b971-04dcfa8a1cf0,7081696707,node,place,neighbourhood,شکارپور کالونی,شکارپور کالونی,,,,OSM,,,24.8770434,67.0458925,Karachi,Sindh,Pakistan,,,,,
ba80c10d-1fc3-5518-a3b6-ba81c36799d7,12189792366,node,healthcare,hospital,"EPI Center, Pirzada Abdus Saith Dispensary, Muslimabad society, Dhakana Road, Jamshed Quarters, Jamshed Town, District East.",,,,,OSM,,,24.8762077,67.0482096,Karachi,Sindh,Pakistan,,,,,
18caad91-b4f3-5f3c-86d5-29eff9e71ca9,12190070497,node,healthcare,hospital,Sindh Goverment Pirzada Abdul Sattar Hospital,,,,,OSM,,,24.8763274,67.0477236,Karachi,Sindh,Pakistan,,,,,
28ee56e8-cec1-5122-a83f-0fcf68038a5e,12190118590,node,amenity,bank,Habib Bank,,,,,OSM,,,24.8780133,67.0443851,Karachi,Sindh,Pakistan,,,,,
21892813-94ce-5c06-9335-8759bf149476,12190155959,node,healthcare,hospital,Red Crescent Medical Center,,,,,OSM,,,24.8786625,67.0449749,Karachi,Sindh,Pakistan,,,,,
874bae9f-08cb-5307-96fe-7891bed7982f,12190159293,node,leisure,park,Qasim Family Park,,,,,OSM,,,24.87853,67.0433727,Karachi,Sindh,Pakistan,,,,,
b7c7e706-23e7-525c-a337-31462ec8b48c,12262805010,node,healthcare,hospital,Sindh Goverment Pirzada Abdul Sattar Hospital,,,,,OSM,,,24.8757888,67.0479543,Karachi,Sindh,Pakistan,,,,,
4e493cef-18aa-54a3-ba94-4e99dc3203a6,12265621742,node,leisure,park,Pak-China Friendship Park,,,,,OSM,,,24.8783021,67.0523052,Karachi,Sindh,Pakistan,,,,,
2956a546-ffd5-5016-9e6b-d81818bc161f,12288485833,node,healthcare,pharmacy,FZ Pharma (Headoffice),,,,,OSM,,,24.8774266,67.0541981,Karachi,Sindh,Pakistan,,,,,
4b5b0615-2ba3-5181-95b5-074d421ba478,12288533364,node,amenity,bank,Faysal Bank,,,,,OSM,,,24.8749682,67.0543621,Karachi,Sindh,Pakistan,,,,,
505179e5-5c38-5f6c-9982-7f45b040fb67,4775195932,node,amenity,bank,جے ایس بینک,جے ایس بینک,,,,OSM,,,24.8858292,67.0308051,Karachi,Sindh,Pakistan,,,جے ایس بینک,جے ایس بینک,
5529bd2a-2907-5ea4-b1c9-5261dde5b022,4775195933,node,amenity,bank,Advans Pakistan Microfinance Bank Ltd,,,,,OSM,,,24.8859472,67.0309352,Karachi,Sindh,Pakistan,,,,,
7fe7da80-a572-5751-ae23-c50e3f2606c3,5128445375,node,amenity,bank,سونیری بینک,سونیری بینک,,,,OSM,,,24.8843855,67.0309083,Karachi,Sindh,Pakistan,,,سونیری بینک,سونیری بینک,
022013cf-9d4c-5e75-97a1-0aa0c5b42ef4,5128445376,node,amenity,atm,,,,,,OSM,,,24.8844658,67.0309029,Karachi,Sindh,Pakistan,,,,Soneri Bank,
2fde0224-ffcb-5f8b-9706-357476fc3dba,5143300478,node,amenity,bank,میزان بینک,میزان بینک,,,,OSM,,,24.8867227,67.0324668,Karachi,Sindh,Pakistan,,,میزان بینک,,
8d392387-57b0-5041-8a44-7ad67a6b980c,5143300479,node,amenity,bank,Meezan Bank - ATM,,,,,OSM,,,24.8867311,67.0325161,Karachi,Sindh,Pakistan,,,,,
412b88b5-88d7-5de8-9fdb-9fdac50692bd,5143300481,node,amenity,marketplace,Naseem Cloth Market,,,,,OSM,,,24.887142,67.0319954,Karachi,Sindh,Pakistan,,,,,
f15758b3-80d5-5976-92dc-50762605f28d,5281786565,node,healthcare,hospital,Fatimid Foundation Karachi,,,,,OSM,,,24.8815691,67.0336417,Karachi,Sindh,Pakistan,,,,,
17dad703-93a3-5c2a-8eac-95278d0bb46c,5347133317,node,amenity,bank,ایم سی بی بینک,ایم سی بی بینک,,,,OSM,,,24.8835154,67.0312317,Karachi,Sindh,Pakistan,,,ایم سی بی بینک,,
0400dc1e-2337-5bc4-905a-7e458e8277fb,5347133318,node,amenity,bank,ایچ بی ایل پاکستان,ایچ بی ایل پاکستان,,,,OSM,,,24.8837414,67.0310737,Karachi,Sindh,Pakistan,,,ایچ بی ایل پاکستان,,
28cea1a7-4e23-5169-b2ac-e0524487a5c9,5347133320,node,amenity,bank,سمٹ بینک,سمٹ بینک,,,,OSM,,,24.8835164,67.0307971,Karachi,Sindh,Pakistan,,,سمٹ بینک,سمٹ بینک,
7332b64f-5f62-5ced-a5f5-d545cd8e91db,5347141026,node,amenity,bank,NPB,,,,,OSM,,,24.885212,67.0304536,Karachi,Sindh,Pakistan,,,,,
d1be0b57-9e81-57da-9b96-24ac2a6449ba,6109350185,node,healthcare,hospital,"AGA Khan Hospital for Women and Children, Garden East Karachi,",,,,,OSM,,,24.8833794,67.0351671,Karachi,Sindh,Pakistan,,,,,
44f20b3d-178f-5049-afad-ad57b6b1b1f1,12173672243,node,amenity,bank,THE ISMAILIA GARDEN CO-OPERATIVE CREDIT SOCIETY LIMITED,,,,,OSM,,,24.881336,67.0304732,Karachi,Sindh,Pakistan,,,,,
2621eb48-b18c-5f37-a238-fe2a86f9df69,12174480472,node,amenity,atm,,,,,,OSM,,,24.8836378,67.0311486,Karachi,Sindh,Pakistan,,,,,
eeeaac7e-6fb6-5cfb-a9a8-1e31fe9346c0,12174633093,node,leisure,park,Aga Khan Women Park Union,,,,,OSM,,,24.8837168,67.0325821,Karachi,Sindh,Pakistan,,,,,
1b5c8814-e2d9-5ec3-89c0-6b6118c03cf7,12174681138,node,amenity,marketplace,ریڑھی مارکیٹ,,,,,OSM,,,24.8841587,67.031769,Karachi,Sindh,Pakistan,,,,,
ee735587-f862-59d9-b6d3-7b7277e5b85b,12174683034,node,amenity,bank,Bank Alfalah,,,,,OSM,,,24.8840758,67.0311852,Karachi,Sindh,Pakistan,,,,,
65e4c51b-3529-56cc-94c2-3d50f6487b24,12174683840,node,leisure,park,Aga Khan Park,,,,,OSM,,,24.8835997,67.0318925,Karachi,Sindh,Pakistan,,,,,
644f4e7b-a6b8-5f31-a17d-13cf190b9e51,12174703944,node,amenity,marketplace,Machi Markit,,,,,OSM,,,24.8845901,67.0328997,Karachi,Sindh,Pakistan,,,,,
b453ee5d-00c9-5cf1-b9b6-eea0a8c7816d,12176662788,node,healthcare,pharmacy,Mohammed garden,,,,,OSM,,,24.8855529,67.0324807,Karachi,Sindh,Pakistan,,,,,
2823dbbe-0594-5368-8a0d-d37d0c362630,12176900716,node,amenity,marketplace,Fish Market,,,,,OSM,,,24.8848636,67.0334481,Karachi,Sindh,Pakistan,,,,,
47d924af-79c3-5485-8bd5-eee0d79cd88f,12176907259,node,amenity,marketplace,مچھلی بازار پٹیل پاڑہ,,,,,OSM,,,24.8842627,67.033579,Karachi,Sindh,Pakistan,,,,,
b869388c-d535-5204-9289-5ca1a20d2562,12178162357,node,healthcare,hospital,"Aga Khan Hospital and Diagnostic Centre, Garden",,,,,OSM,,,24.8830748,67.0353304,Karachi,Sindh,Pakistan,,,,,
68f63a33-64c5-5713-a11a-641ce099b976,12178176531,node,healthcare,hospital,Physiotherapy facilities available,,,,,OSM,,,24.8817166,67.0338264,Karachi,Sindh,Pakistan,,,,,
0ce0465b-90be-55bc-87cc-3dcd90cbc585,12178207516,node,amenity,bank,UBL,,,,,OSM,,,24.8847983,67.0346659,Karachi,Sindh,Pakistan,,,,,
97f19d33-43ce-5b71-a273-2f90145ec3d5,12186045129,node,amenity,bank,JS bank Garden East Branch,,,,,OSM,,,24.8834068,67.0313127,Karachi,Sindh,Pakistan,,,,,
0077e0d2-b680-5df4-8043-c359c72fad56,8320871188,node,place,neighbourhood,نیو ٹاؤن کوارٹرز,نیو ٹاؤن کوارٹرز,,,,OSM,,,24.8840554,67.0411894,Karachi,Sindh,Pakistan,,,,,
26ae1209-0dab-5df5-82c4-059f9439894e,12243628587,node,healthcare,pharmacy,The Pharmacy,,,,,OSM,,,24.8814989,67.0428442,Karachi,Sindh,Pakistan,,,,,
2c42d4d8-6738-5d85-b50f-e2a084e7128e,12243629134,node,healthcare,clinic,اسعد فاروقی دواخانہ,,,,,OSM,,,24.8818613,67.0430738,Karachi,Sindh,Pakistan,,,,,
b287d7d5-451e-5e2b-9518-be48040b2234,12243641102,node,healthcare,clinic,Azma medical centre,,,,,OSM,,,24.8816044,67.0427162,Karachi,Sindh,Pakistan,,,,,
6189af4f-246a-5255-92c3-a14a0e7f8537,12243649186,node,healthcare,pharmacy,Al farha chemist,,,,,OSM,,,24.8812376,67.0424438,Karachi,Sindh,Pakistan,,,,,
62c96cce-07e4-5262-b4e1-2c1090cde110,12243682992,node,amenity,police,S.I.U. and P.S. Jamshed,,,,,OSM,,,24.8822497,67.041918,Karachi,Sindh,Pakistan,,,,,
a2cf4db8-55b0-520c-9413-fd4222fa547e,12243690442,node,amenity,police,Crime Branch 2,,,,,OSM,,,24.8822443,67.0417034,Karachi,Sindh,Pakistan,,,,,
afa1d571-d482-5d64-b9b0-16b93d67f4fd,12243742709,node,amenity,police,Police station Jamshed Quarter,,,,,OSM,,,24.88242,67.0418316,Karachi,Sindh,Pakistan,,,,,
6ce7b6be-9abd-58d4-817c-9d5c985354bd,4734023580,node,amenity,bank,بينک الحبيب,بينک الحبيب,,,,OSM,,,24.892013,67.031055,Karachi,Sindh,Pakistan,,,بينک الحبيب,,
5075e797-76c3-5590-9486-c1a151d11577,4776898505,node,place,neighbourhood,Sultanabad Colony,,,,,OSM,Sultanabad Colony,,24.8926416,67.0331514,Karachi,Sindh,Pakistan,,,,,Q7636781
6d130689-218c-56fc-af7d-5f11eeeec5ab,4785857338,node,amenity,police,Gulbahar Police Station,,,,,OSM,,,24.8937218,67.0318737,Karachi,Sindh,Pakistan,,,,,
b448b559-b35f-5212-b1ff-a7c3693b041a,5143300483,node,amenity,bank,ایچ بی ایل پاکستان,ایچ بی ایل پاکستان,,,,OSM,,,24.8878826,67.0333449,Karachi,Sindh,Pakistan,,,ایچ بی ایل پاکستان,,
cc9f5750-da9c-5823-b666-179f27b4ecda,5143300484,node,amenity,bank,ایچ بی ایل پاکستان,ایچ بی ایل پاکستان,,,,OSM,,,24.8878519,67.0333079,Karachi,Sindh,Pakistan,,,ایچ بی ایل پاکستان,,
182fafa2-b72e-5b1f-8503-a4929043ecc9,5143300485,node,amenity,marketplace,Lasbella Market,,,,,OSM,,,24.8879553,67.0330091,Karachi,Sindh,Pakistan,,,,,
dcb96dc2-5583-5bdf-bb5c-1a728d0e4b49,5143329815,node,amenity,bank,Soneri Bank Gulbahar Branch,,,,,OSM,,,24.8936322,67.0308986,Karachi,Sindh,Pakistan,,,,,
e66afa87-452e-590f-8b85-6249a457a061,5143329816,node,amenity,bank,Soneri Bank - ATM,,,,,OSM,,,24.8935962,67.0309033,Karachi,Sindh,Pakistan,,,,,
a9df3a77-bb1a-5692-99e1-51fb32e712ef,12175647843,node,healthcare,pharmacy,ANIS MEDICAL STORE,,,,,OSM,,,24.8876633,67.0330619,Karachi,Sindh,Pakistan,,,,,
f8eeb7de-3f88-5c46-93e1-b141b64e5f16,8320871194,node,place,neighbourhood,Jahangir Road Quarters,,,,,OSM,,,24.8881768,67.0386064,Karachi,Sindh,Pakistan,,,,,
28a26770-841f-5cf8-9f84-5a4d6c6d248b,8320871200,node,place,neighbourhood,Bihar Colony,,,,,OSM,,,24.8854042,67.0484297,Karachi,Sindh,Pakistan,,,,,
f0ea3f34-602d-50ea-8ed8-722216b8dcce,12238574932,node,leisure,park,Asad Autos Auto Electrition,,,,,OSM,,,24.8869317,67.0498731,Karachi,Sindh,Pakistan,,,,,
d8ef101d-9aef-5565-b4c5-3c3837d0d2fc,12241594385,node,healthcare,pharmacy,MashaAllah medical,,,,,OSM,,,24.8863253,67.0476017,Karachi,Sindh,Pakistan,,,,,
68ccc33c-06d3-5f7f-985f-efc04d718ff2,12243520549,node,amenity,bank,National Bank of Pakistan (NBP) | Binnori Town Branch,,,,,OSM,,,24.8827051,67.0453371,Karachi,Sindh,Pakistan,,,,,
aabc4313-6da2-531e-866d-700e827407c4,12243538312,node,healthcare,clinic,Abuzar Dental Care,,,,,OSM,,,24.8824625,67.044341,Karachi,Sindh,Pakistan,,,,,
512eef89-2d59-5b67-984c-6ee37aa5db7e,12250134197,node,healthcare,hospital,Khair un nisa hospital dr tharani road,,,,,OSM,,,24.8809462,67.0488037,Karachi,Sindh,Pakistan,,,,,
d222f065-9ba2-510e-925b-eb106898b3c5,12250161456,node,healthcare,hospital,Rabiya mooun hospital,,,,,OSM,,,24.8808218,67.049525,Karachi,Sindh,Pakistan,,,,,
70770f03-b212-5e20-b93b-52c4c3bc94ed,12250174538,node,leisure,park,Coco gate,,,,,OSM,,,24.8818484,67.0489369,Karachi,Sindh,Pakistan,,,,,
cc112ec2-dbed-551e-8bbe-5ea2b4643150,12250215129,node,amenity,bank,mobi cash point,,,,,OSM,,,24.8817785,67.0455086,Karachi,Sindh,Pakistan,,,,,
c719fe1d-4efa-58be-9448-7add7c900045,12250430862,node,amenity,bank,Dubai islamic Bank Binnori Town Branch,,,,,OSM,,,24.8817665,67.0440803,Karachi,Sindh,Pakistan,,,,,
06d14fef-dbc7-5934-a4ad-352f5287c196,12250447104,node,amenity,bank,First Women Bank Ltd. (FWBL) - Gurumandir Branch,,,,,OSM,,,24.8814637,67.0433839,Karachi,Sindh,Pakistan,,,,,
f85395db-2a7e-5098-b9f0-9a15dfe8fac9,4775014410,node,amenity,bank,ایم سی بی بینک,ایم سی بی بینک,,,,OSM,,,24.8821525,67.0516996,Karachi,Sindh,Pakistan,,,ایم سی بی بینک,,
f5c97b5a-ede9-5fd5-8158-b7c63d58c046,4775014411,node,amenity,bank,یونائیٹڈ بینک لمیٹڈ,یونائیٹڈ بینک لمیٹڈ,,,,OSM,,,24.882285,67.0518882,Karachi,Sindh,Pakistan,,,یونائیٹڈ بینک لمیٹڈ,,
e5c21077-50ca-5e49-a2be-e192d82aa135,4775014412,node,amenity,bank,میزان بینک,میزان بینک,,,,OSM,,,24.8823536,67.0520184,Karachi,Sindh,Pakistan,,,میزان بینک,,
f107a1fb-ddee-5842-bf62-70313e4ff9dd,4775014413,node,amenity,bank,NIB,,,,,OSM,,,24.8825393,67.0523281,Karachi,Sindh,Pakistan,,,,MCB,
972db229-0fa8-570f-9418-b2f5ab1a751e,4775014414,node,amenity,bank,بینک الفلاح,بینک الفلاح,,,,OSM,,,24.8826546,67.052508,Karachi,Sindh,Pakistan,,,بینک الفلاح,,
ce1a4ff9-f3b9-5048-b403-39ee23f70f5e,4775014415,node,amenity,bank,جے ایس بینک,جے ایس بینک,,,,OSM,,,24.8826168,67.0524378,Karachi,Sindh,Pakistan,,,جے ایس بینک,جے ایس بینک,
d455a314-f436-5990-a38b-78a892967b0f,4775014416,node,amenity,bank,سمٹ بینک,سمٹ بینک,,,,OSM,,,24.8828216,67.0527728,Karachi,Sindh,Pakistan,,,سمٹ بینک,سمٹ بینک,
6c864d86-d784-57b0-a084-da418a9c436f,4775014420,node,amenity,bank,عسکری بینک,عسکری بینک,,,,OSM,,,24.8837585,67.0543319,Karachi,Sindh,Pakistan,,,عسکری بینک,,
e8642734-06bc-516f-b0a4-3a9e502b779d,4775014521,node,amenity,bank,Bank Al Habib Limited Fatima Jinah,,,,,OSM,,,24.8840063,67.0547165,Karachi,Sindh,Pakistan,,,,,
e550fc8e-b39b-529f-adaf-5f1a71c9b28a,4775014523,node,amenity,bank,Tameer Bank,,,,,OSM,,,24.8864867,67.051539,Karachi,Sindh,Pakistan,,,,,
f4da5e75-fa02-5d18-bba2-5711e329d56b,4793640228,node,amenity,bank,سندھ بینک,سندھ بینک,,,,OSM,,,24.8810824,67.0499802,Karachi,Sindh,Pakistan,,,سندھ بینک,,
f5fa2028-1710-5c06-9405-b7464a53ea0c,4793640235,node,amenity,bank,Soneri Bank New MA Jinnah,,,,,OSM,,,24.8815759,67.0507531,Karachi,Sindh,Pakistan,,,,,
ad34910c-0ece-5e2c-8354-ea1dc1bb6820,6773438664,node,place,neighbourhood,Hyderabad Colony,,,,,OSM,,,24.8853926,67.0539685,Karachi,Sindh,Pakistan,,,,,
6e2d1843-5f02-5883-92a0-babee6a64cc5,12238490030,node,healthcare,pharmacy,Life Discount Medical Store,,,,,OSM,,,24.8872893,67.0524422,Karachi,Sindh,Pakistan,,,,,
9488f6df-6166-5c9e-9a31-9df1d1da3dcb,12254768596,node,healthcare,pharmacy,Dada/Nana Home,,,,,OSM,,,24.8842042,67.0536801,Karachi,Sindh,Pakistan,,,,,
06c51227-99de-500c-b54a-8f0e5115b455,12254830551,node,healthcare,clinic,Ayesha Clinic Doctor Yasmeen Ashraf Gynecologist and Family Physician,,,,,OSM,,,24.884149,67.0509522,Karachi,Sindh,Pakistan,,,,,
96246206-63a8-5aeb-ba06-88e75bcfce27,12254841019,node,healthcare,pharmacy,خضر میڈیکو Khizar Medico,,,,,OSM,,,24.8844748,67.0515051,Karachi,Sindh,Pakistan,,,,,
b74b35f7-b769-5beb-a506-5a7c6c06cb90,12254851148,node,healthcare,pharmacy,Mehar Medicos,,,,,OSM,,,24.8839463,67.0503874,Karachi,Sindh,Pakistan,,,,,
0549c35b-adae-5ad5-a770-ff217cfb610c,12254870612,node,leisure,park,QASIM PARK,,,,,OSM,,,24.883145,67.0501546,Karachi,Sindh,Pakistan,,,,,
3257fdd7-0e6c-5623-b7d7-93c1587e6b3c,12258095762,node,healthcare,pharmacy,Bilal pharmacy,,,,,OSM,,,24.8852872,67.0500965,Karachi,Sindh,Pakistan,,,,,
fa2fa920-8ae4-5c77-a2e1-64be9353198e,12258122482,node,healthcare,pharmacy,DVAGO Pharmacy & Wellness Experts,,,,,OSM,,,24.8858672,67.0509978,Karachi,Sindh,Pakistan,,,,,
0048e5f2-57db-5933-bffd-54b4a4568f61,12258123138,node,healthcare,pharmacy,Siddiq Medical Store,,,,,OSM,,,24.8848261,67.0514959,Karachi,Sindh,Pakistan,,,,,
fcbb1fc9-dd02-52d2-ab04-73e82c54134f,12258145488,node,healthcare,pharmacy,MMIH clinic & collection point,,,,,OSM,,,24.8859511,67.051041,Karachi,Sindh,Pakistan,,,,,
52359a27-d14c-591b-aa23-8b4764d0d237,12258151718,node,healthcare,pharmacy,MMIH clinic & collection point,,,,,OSM,,,24.8859511,67.051041,Karachi,Sindh,Pakistan,,,,,
e996aba9-a944-5fa3-9579-af9895425325,12263988673,node,amenity,fire_station,Madina CNG 2,,,,,OSM,,,24.8838895,67.0550506,Karachi,Sindh,Pakistan,,,,,
9727e6db-278a-5818-b760-7c5cf02d97b8,4775014534,node,amenity,bank,National Savings Bank,,,,,OSM,,,24.8912524,67.0483388,Karachi,Sindh,Pakistan,,,,,
bd202fd1-4a00-549d-9443-bce122713bc2,4785775161,node,amenity,police,PIB Police Station,,,,,OSM,,,24.891823,67.0498427,Karachi,Sindh,Pakistan,,,,,
a9427dd0-809d-5698-87c7-35d8ab376cc0,12215864437,node,amenity,marketplace,GulFarosh By SB,,,,,OSM,,,24.8924395,67.0439777,Karachi,Sindh,Pakistan,,,,,
6ddb0f1f-84de-5451-97c2-671b574f9d98,12215937534,node,healthcare,pharmacy,Rizwan Medical Store,,,,,OSM,,,24.8929547,67.0459192,Karachi,Sindh,Pakistan,,,,,
cb9f26d6-addd-59ba-9883-bb666624f833,12215978012,node,amenity,marketplace,Minha confectioners,,,,,OSM,,,24.8926289,67.046197,Karachi,Sindh,Pakistan,,,,,
b1e1cf1f-82df-55da-9efe-4b9d7c8c5f31,12216047127,node,healthcare,hospital,CAPTAIN JEHANGIR (PEDAIS-GA),,,,,OSM,,,24.8920461,67.0497743,Karachi,Sindh,Pakistan,,,,,
bb31c763-c103-5adb-9e40-9c80b73514de,12216056638,node,healthcare,hospital,"EPI Center, PIB Maternity Home, Gulshan Iqbal, District East.",,,,,OSM,,,24.8924083,67.0497743,Karachi,Sindh,Pakistan,,,,,
5f5e6904-8d8c-5664-adc2-b5c0c4416504,12235936946,node,healthcare,clinic,Sadaf Homeo Clinic,,,,,OSM,,,24.8908929,67.0492604,Karachi,Sindh,Pakistan,,,,,
8b0ee32d-7f57-5137-be3f-41d191912440,12235953327,node,leisure,park,Kamboh Bughdadi Park,,,,,OSM,,,24.8900375,67.0455101,Karachi,Sindh,Pakistan,,,,,
2689fe2c-4c6a-5a52-ba03-f1ed4876ff84,12238416444,node,leisure,park,Kamal bhablo bhai ground,,,,,OSM,,,24.8896268,67.0436115,Karachi,Sindh,Pakistan,,,,,
018260d8-fde9-55f6-af33-984fdd9822c2,12238431190,node,healthcare,hospital,Imam Homeopathic Clinic,,,,,OSM,,,24.8893656,67.0455284,Karachi,Sindh,Pakistan,,,,,
5cf4d80e-0dfd-5c5f-a80e-571cace5a199,12238434017,node,healthcare,clinic,Lady Health Clinic,,,,,OSM,,,24.8881204,67.0441198,Karachi,Sindh,Pakistan,,,,,
18c8b925-0dc2-50ce-b7ee-48513e4f7131,4741335298,node,amenity,bank,Nib Bank,,,,,OSM,,,24.8923851,67.0539386,Karachi,Sindh,Pakistan,,,,,
6dcc6683-097a-580b-8606-d3bb7b9e09e8,4741335300,node,amenity,bank,ایچ بی ایل پاکستان,ایچ بی ایل پاکستان,,,,OSM,,,24.8924211,67.0541207,Karachi,Sindh,Pakistan,,,ایچ بی ایل پاکستان,,
dc994d30-af09-5504-a8df-657e45377042,4741335301,node,amenity,bank,UBL Pib Branch,,,,,OSM,,,24.8925926,67.054123,Karachi,Sindh,Pakistan,,,,,
dcd3cd4e-d5df-54f7-b762-ab08cb838a25,4741335304,node,amenity,bank,میزان بینک,میزان بینک,,,,OSM,,,24.8927493,67.0543868,Karachi,Sindh,Pakistan,,,میزان بینک,,
58e60e23-5cb0-5e80-a495-0bf2eeefc77f,4741335305,node,amenity,bank,بينک الحبيب,بينک الحبيب,,,,OSM,,,24.8931093,67.0545129,Karachi,Sindh,Pakistan,,,بينک الحبيب,,
30819485-54fa-55ad-9b61-b99e0848619a,5346835905,node,healthcare,hospital,Sultan Hospital,,,,,OSM,,,24.8930674,67.0544963,Karachi,Sindh,Pakistan,,,,,
828fc2fd-27e2-5a06-96fe-5fe44e0b4849,5346835906,node,healthcare,clinic,Aga Khan Laboratory PIB Collection Point,,,,,OSM,,,24.8927493,67.0542426,Karachi,Sindh,Pakistan,,,,,
aef63017-d893-55ac-8693-eb2551e92054,5346835909,node,amenity,bank,نیشنل بینک آف پاکستان,نیشنل بینک آف پاکستان,,,,OSM,,,24.8925094,67.0528928,Karachi,Sindh,Pakistan,,,نیشنل بینک آف پاکستان,نیشنل بینک آف پاکستان,
04e39deb-f2d0-541a-aacf-87d1ac802c2e,5346894294,node,healthcare,hospital,Indus Hospital Dialysis Centre,,,,,OSM,,,24.8904935,67.0518321,Karachi,Sindh,Pakistan,,,,,
cc847fab-7a9f-5bfe-9d28-326618476eb2,5346919274,node,healthcare,pharmacy,نور میڈیکل اسٹور,نور میڈیکل اسٹور,,,,OSM,,,24.8918208,67.0562452,Karachi,Sindh,Pakistan,,,,,
8dc6e891-6f12-51bd-82cf-876af4253ffa,6773438637,node,place,neighbourhood,عثمانیہ کالونی,عثمانیہ کالونی,,,,OSM,,,24.8873287,67.0511351,Karachi,Sindh,Pakistan,,,,,
2142444d-5691-526a-ab17-d7143ada4057,12216031130,node,healthcare,pharmacy,Pharmacy,,,,,OSM,,,24.8909564,67.0499054,Karachi,Sindh,Pakistan,,,,,
52a425be-5756-51d6-a4b8-7a7ea4285bd5,12216091497,node,amenity,marketplace,Sadz Mart,,,,,OSM,,,24.8911457,67.0528754,Karachi,Sindh,Pakistan,,,,,
2691891d-dba1-5a4b-b75b-38369c40c0b0,12216097628,node,healthcare,hospital,"Indus Hospital, Dialysis Center",,,,,OSM,,,24.8906214,67.0516339,Karachi,Sindh,Pakistan,,,,,
b5ffacd6-a40c-5026-913f-631b3c6c63d8,12216097629,node,healthcare,hospital,Alkhidmat PIB Medical center,,,,,OSM,,,24.8908322,67.0523033,Karachi,Sindh,Pakistan,,,,,
47d840b4-bc1d-5978-ac72-96bca3586121,12218862586,node,healthcare,hospital,Dr .A.Sattar Khatri,,,,,OSM,,,24.8938268,67.0542028,Karachi,Sindh,Pakistan,,,,,
4c472c0f-d462-5ae4-8c3e-583bb1b23857,12218909948,node,amenity,bank,PIB Jama Masjid,,,,,OSM,,,24.8936165,67.0549029,Karachi,Sindh,Pakistan,,,,,
ba2d0829-ad9a-54e2-8782-a93931afa292,12231575143,node,healthcare,clinic,Asad CLINIC,,,,,OSM,,,24.8930152,67.0546253,Karachi,Sindh,Pakistan,,,,,
bf46cc00-1c35-50e8-9d1b-be9cbb16aa42,12231626694,node,healthcare,hospital,Tania Clinic,,,,,OSM,,,24.8935985,67.0558587,Karachi,Sindh,Pakistan,,,,,
dbbcb3d1-29d6-5e6d-adf7-619470845944,12231658518,node,healthcare,hospital,Qayyum baig Memorial Dental Clinic,,,,,OSM,,,24.8931868,67.0548563,Karachi,Sindh,Pakistan,,,,,
c33ab75c-63d2-5038-a21a-17e795d81d9a,12231682832,node,healthcare,pharmacy,Isani pharmacy,,,,,OSM,,,24.8928547,67.0544933,Karachi,Sindh,Pakistan,,,,,
d15305df-a298-5402-9b8e-f6529bdc32f6,12231690877,node,healthcare,pharmacy,DVAGO Pharmacy & Wellness Experts,,,,,OSM,,,24.8923715,67.0540805,Karachi,Sindh,Pakistan,,,,,
f8fbd0ad-e68a-5f56-a140-d4e5a0283eca,12235931516,node,healthcare,pharmacy,Alkhidmat pharmacy PIB,,,,,OSM,,,24.8900273,67.0519921,Karachi,Sindh,Pakistan,,,,,
8e90e440-0823-5c95-8f7b-0c3fb3ce6e8c,7416105001,node,place,neighbourhood,یاسین کالونی,یاسین کالونی,,,,OSM,,,24.8943854,67.0164183,Karachi,Sindh,Pakistan,,,,,
442f4b4b-f4de-57f4-89cc-c493086b8832,5333760824,node,place,neighbourhood,آصف کالونی,آصف کالونی,,,,OSM,,,24.8979946,67.0176076,Karachi,Sindh,Pakistan,,,,,
ede0fbba-29ae-583b-bcaf-f98db2912bcb,7416105002,node,place,neighbourhood,چٹاگانگ کالونی,چٹاگانگ کالونی,,,,OSM,,,24.8940253,67.0200125,Karachi,Sindh,Pakistan,,,,,
c4c6378b-be3e-56cd-93c7-222c3bc21c25,7416105003,node,place,neighbourhood,Popat Goth,,,,,OSM,,,24.8977915,67.0202163,Karachi,Sindh,Pakistan,,,,,
777acada-fc8f-5557-9ff1-75f39d7ae4e5,12172064254,node,healthcare,hospital,Hawwa eye hospital,,,,,OSM,,,24.8960578,67.0235328,Karachi,Sindh,Pakistan,,,,,
90a1180a-b8c8-5059-a662-f97fafb02782,12172069145,node,leisure,park,Karachi Sport Football Ground Khajji Ground,,,,,OSM,,,24.8952505,67.0228415,Karachi,Sindh,Pakistan,,,,,
8eb79751-0540-563b-ab6f-a35647e21041,5331331046,node,healthcare,clinic,Feroza Clinic,,,,,OSM,,,24.8989408,67.0241637,Karachi,Sindh,Pakistan,,,,,
f5fe648e-fd72-5058-8157-5039883f0a1f,5331331049,node,place,neighbourhood,Rizvia Society,,,,,OSM,,,24.89968,67.0282664,Karachi,Sindh,Pakistan,,,,,
6f1b4aed-f0dc-5079-9c69-8d7b11d7f5b3,5331331050,node,place,neighbourhood,Ghausia Colony,,,,,OSM,,,24.8971219,67.029655,Karachi,Sindh,Pakistan,,,,,
a264100e-911f-5db3-998d-89a069d6f0d2,5333234965,node,place,neighbourhood,Wahidabad,,,,,OSM,,,24.8978909,67.0254671,Karachi,Sindh,Pakistan,,,,,
32d538e0-7b86-5631-96c5-b7420624c446,12170216636,node,amenity,marketplace,Gulbahar Sanitary Market,,,,,OSM,,,24.8948319,67.0296288,Karachi,Sindh,Pakistan,,,,,
cf677df5-24b0-5257-8fb7-0197a88582da,12172026964,node,healthcare,clinic,Muzammil Homeopathic Store And Clinic,,,,,OSM,,,24.8972587,67.025769,Karachi,Sindh,Pakistan,,,,,
449c42f2-bf38-56c8-8d9b-6dee14eec55a,12172074734,node,leisure,park,Khajji Ground۔ کھجی گراؤنڈ,,,,,OSM,,,24.8947608,67.0238366,Karachi,Sindh,Pakistan,,,,,
ed0456d3-fac5-59be-9412-b70d58330dcd,4734023575,node,amenity,bank,یونائیٹڈ بینک لمیٹڈ,یونائیٹڈ بینک لمیٹڈ,,,,OSM,,,24.8999054,67.0305725,Karachi,Sindh,Pakistan,,,یونائیٹڈ بینک لمیٹڈ,,
6d31f601-55e1-5ad6-9492-b55ca27e1b8c,4734023578,node,amenity,bank,فیصل بینک,فیصل بینک,,,,OSM,,,24.8956532,67.0304606,Karachi,Sindh,Pakistan,,,فیصل بینک,,
12acd37a-9d64-5c06-b347-3b31c9413d1e,5137701227,node,amenity,bank,سمٹ بینک,سمٹ بینک,,,,OSM,,,24.8982265,67.0303567,Karachi,Sindh,Pakistan,,,سمٹ بینک,سمٹ بینک,
cb381858-4939-55ba-8e4b-e69b4dcf31a5,5137701237,node,amenity,bank,ایچ بی ایل پاکستان,ایچ بی ایل پاکستان,,,,OSM,,,24.8945124,67.0308992,Karachi,Sindh,Pakistan,,,ایچ بی ایل پاکستان,,
707cf0eb-6e9e-5cec-8619-4e3b8c5685f6,5137701238,node,amenity,bank,الائیڈ بینک لمیٹڈ,الائیڈ بینک لمیٹڈ,,,,OSM,,,24.8943708,67.0309052,Karachi,Sindh,Pakistan,,,الائیڈ بینک لمیٹڈ,,
b5b8051b-6bab-561d-b823-fc621cc214e5,5331331052,node,place,neighbourhood,Firdaus Cooperative Housing,,,,,OSM,,,24.8983573,67.0322151,Karachi,Sindh,Pakistan,,,,,
de4243d2-d013-52d8-ae8d-3b3c3f5a8a13,5331331058,node,amenity,bank,BankIslami,,,,,OSM,,,24.8989635,67.0306917,Karachi,Sindh,Pakistan,,,,,
c818c908-7dcb-52bd-a4e5-748e053973d1,5331331059,node,amenity,bank,سمٹ بینک,سمٹ بینک,,,,OSM,,,24.898103,67.0303727,Karachi,Sindh,Pakistan,,,سمٹ بینک,سمٹ بینک,
60318c55-64a5-567e-921d-9d046d5f61f8,5331331060,node,amenity,bank,فیصل بینک,فیصل بینک,,,,OSM,,,24.8974636,67.0304015,Karachi,Sindh,Pakistan,,,فیصل بینک,,
c19dbad6-19ee-5b1c-b1d8-46b1fbd4f950,5331331061,node,place,neighbourhood,Sultanabad Colony,,,,,OSM,,,24.8963713,67.0311827,Karachi,Sindh,Pakistan,,,,,
edc36fe4-57b3-56de-a5cd-419f55a2840c,12162839008,node,landuse,cemetery,Dargah Nisar Abbasi Qalandar,,,,,OSM,,,24.8997481,67.0353115,Karachi,Sindh,Pakistan,,,,,
5e38da20-6e80-5ff9-b2e1-4ac9dbc6d357,12162847591,node,healthcare,pharmacy,Hamza Medical & General Store,,,,,OSM,,,24.8989742,67.0352126,Karachi,Sindh,Pakistan,,,,,
59994863-dadd-5085-830d-7938e996d016,12162921132,node,healthcare,hospital,Usman medical,,,,,OSM,,,24.8974043,67.0355741,Karachi,Sindh,Pakistan,,,,,
796eefc4-6106-53a1-8d4c-e395bd8fb676,12168263292,node,amenity,marketplace,Swiss Tower,,,,,OSM,,,24.8992377,67.0306624,Karachi,Sindh,Pakistan,,,,,
ff0bd48e-e8be-5732-8bef-cfe914e8a6e1,12168293539,node,amenity,bank,Bank Al Islami,,,,,OSM,,,24.8994473,67.0307254,Karachi,Sindh,Pakistan,,,,,
76cd3345-bd7d-59db-9066-4ac3db63039d,12168318114,node,amenity,bank,,,,,,OSM,,,24.8987075,67.0306541,Karachi,Sindh,Pakistan,,,,,
0a17d15c-1b43-5792-b5b9-cfe54498382d,12168379579,node,amenity,marketplace,Arshi Market,,,,,OSM,,,24.8986617,67.0312582,Karachi,Sindh,Pakistan,,,,,
23d67010-75a5-56e5-baa9-1db13527008e,12170161647,node,healthcare,hospital,Peerabad dispensary,,,,,OSM,,,24.8953525,67.0303013,Karachi,Sindh,Pakistan,,,,,
a60f69f0-9b6f-59f6-ba7b-0524c97eb764,12171060150,node,amenity,bank,Dubai Islamic Bank,,,,,OSM,,,24.8997541,67.0302551,Karachi,Sindh,Pakistan,,,,,
c7732d64-f033-5a92-b7f0-1b8df069960c,12294100017,node,healthcare,hospital,Haleema Medicare,,,,,OSM,,,24.8980201,67.0320208,Karachi,Sindh,Pakistan,,,,,
a1170e1c-cb6c-50fc-bc64-27be084376b9,12151453414,node,healthcare,hospital,Dr. Caption,,,,,OSM,,,24.8995501,67.0430994,Karachi,Sindh,Pakistan,,,,,
15260d93-b1c6-54eb-ae66-bb59d55713fb,12153391829,node,healthcare,hospital,AKAR Hospital (Jamiyat Hospital),,,,,OSM,,,24.8986432,67.0418735,Karachi,Sindh,Pakistan,,,,,
f8fd4224-e201-5a39-afc3-39cabe18a7bb,12153496004,node,healthcare,pharmacy,M Hayyan Medical& General Store,,,,,OSM,,,24.8981726,67.0416451,Karachi,Sindh,Pakistan,,,,,
910f1910-6d60-5d8b-aafa-31569970c557,12153533818,node,healthcare,pharmacy,S.S medical store,,,,,OSM,,,24.8981911,67.0410574,Karachi,Sindh,Pakistan,,,,,
0d49c397-e11b-5356-8cd9-d17938b6c8b9,12289931197,node,healthcare,hospital,Raza Maternity Home,,,,,OSM,,,24.898414,67.0378136,Karachi,Sindh,Pakistan,,,,,
464bfb2b-1389-5d8c-8bb2-84b449c195fe,12151152579,node,healthcare,pharmacy,Ansari medical store,,,,,OSM,,,24.8977406,67.0439126,Karachi,Sindh,Pakistan,,,,,
072c0279-a2a7-59df-aaec-04b619e0a824,12151201567,node,healthcare,pharmacy,Jawed Mansoor Medical & General Store,,,,,OSM,,,24.8967747,67.0438268,Karachi,Sindh,Pakistan,,,,,
325ee325-a915-5672-96a6-6c729e6a8225,12151265186,node,healthcare,hospital,Al Noor Tibbe Nabwi Welfare Foundation,,,,,OSM,,,24.8978444,67.0437059,Karachi,Sindh,Pakistan,,,,,
04ecf6d7-e87c-5ab6-a666-26b2bede5727,12151413639,node,healthcare,clinic,Niazi Dental Clinic,,,,,OSM,,,24.8991558,67.0437059,Karachi,Sindh,Pakistan,,,,,
ccc1ad03-2a10-56a6-bbfd-716e4085804b,4741335310,node,amenity,marketplace,Meena Bazaar,,,,,OSM,,,24.895261,67.0564086,Karachi,Sindh,Pakistan,,,,,
3a35269f-2488-5087-878a-7aa1744036ed,5128010257,node,amenity,marketplace,Ibrahim Market,,,,,OSM,,,24.894551,67.0558117,Karachi,Sindh,Pakistan,,,,,
4524e022-2365-54d6-bdcb-fa980b8b4f6e,5333234948,node,place,neighbourhood,B 1 Area Liaquatabad,,,,,OSM,,,24.8984609,67.0501815,Karachi,Sindh,Pakistan,,,,,
2c754926-768e-5109-bf2c-62f3b2cf1cbc,5333234960,node,place,neighbourhood,A Area Liaquatabad,,,,,OSM,,,24.8992015,67.0545146,Karachi,Sindh,Pakistan,,,,,
b29fd953-2fb3-5034-8fad-b711fcab7b12,5346919270,node,healthcare,hospital,Jam-e-Kauser Public Welfare Hospital,,,,,OSM,,,24.8960513,67.0531216,Karachi,Sindh,Pakistan,,,,,
97d504a2-197d-54a3-a494-3e129d9c3049,5346919272,node,healthcare,pharmacy,Muslim Khatri Medical Store,,,,,OSM,,,24.8945089,67.0540908,Karachi,Sindh,Pakistan,,,,,
b80adc5f-f1ea-5e50-aa8e-90162e631a0e,12147487891,node,amenity,bank,Bank Al-Habib Qasimabad Branch,,,,,OSM,,,24.8994489,67.054537,Karachi,Sindh,Pakistan,,,,,
0bda1b3f-f08b-534e-b92d-dc6f6334cc3c,12147522798,node,healthcare,pharmacy,Green Medico,,,,,OSM,,,24.8994226,67.0531849,Karachi,Sindh,Pakistan,,,,,
ca7c9ded-7173-5026-8c8a-a8d66d0b83cd,12147544964,node,amenity,bank,Habib Bank Limited (HBL),,,,,OSM,,,24.8996602,67.054023,Karachi,Sindh,Pakistan,,,,,
bb445f15-4886-5ddd-b306-7d46c48a7e33,12147566935,node,leisure,park,Rizwan park,,,,,OSM,,,24.8994191,67.0525475,Karachi,Sindh,Pakistan,,,,,
1e467b18-65a2-52d6-b45c-52c22b6f444e,12218886379,node,healthcare,pharmacy,Mashallah Medical & General Store,,,,,OSM,,,24.8942424,67.055414,Karachi,Sindh,Pakistan,,,,,
36250da5-bed6-55fb-8f60-4116dc1ce1ba,12218945776,node,amenity,marketplace,Asif Sahib (sbzi mandi),,,,,OSM,,,24.8962347,67.0520881,Karachi,Sindh,Pakistan,,,,,
12051c0a-4f19-5e99-a2e1-fb11ba6f0c48,12218950888,node,amenity,marketplace,Ronak bazar۔ رونق بازار,,,,,OSM,,,24.8956508,67.0528928,Karachi,Sindh,Pakistan,,,,,
608fc114-2504-505a-ab8b-2fa198b44baa,12218989444,node,leisure,park,Suhaira Park,,,,,OSM,,,24.8956427,67.0509526,Karachi,Sindh,Pakistan,,,,,
da872d92-4e40-50ba-bff7-dfaf5159ceae,12224222664,node,amenity,marketplace,Ibrahim Market,,,,,OSM,,,24.8947842,67.0560462,Karachi,Sindh,Pakistan,,,,,
a23e365d-b48c-58c4-9a72-a08ee34a7993,12231617617,node,healthcare,pharmacy,Qamar Medical Store,,,,,OSM,,,24.8947007,67.055937,Karachi,Sindh,Pakistan,,,,,
eb6a0284-e290-598a-9c51-381113728b47,12126034254,node,amenity,marketplace,A. Marketing,,,,,OSM,,,24.8735946,67.06122,Karachi,Sindh,Pakistan,,,,,
c6e21575-2c3e-54c0-a3a3-99b5cfb1945b,12126060037,node,amenity,marketplace,Mateen Plaza,,,,,OSM,,,24.874175,67.0616253,Karachi,Sindh,Pakistan,,,,,
7fb9588d-19bf-5634-8317-2ef81f898d01,12126093765,node,amenity,marketplace,Uzma Center,,,,,OSM,,,24.8736383,67.061019,Karachi,Sindh,Pakistan,,,,,
af4c8598-ee50-5673-9a75-593d4cf7f543,12126231654,node,leisure,park,Round Park,,,,,OSM,,,24.8711206,67.0582834,Karachi,Sindh,Pakistan,,,,,
6b07fc55-1298-5395-a20e-01b60d75d56a,12127460467,node,amenity,bank,Meezan Bank - Tariq Road Branch,,,,,OSM,,,24.8695131,67.0583074,Karachi,Sindh,Pakistan,,,,,
3d26f535-512f-5091-a918-202244c3ca98,12127600326,node,amenity,bank,United Bank - UBL,,,,,OSM,,,24.8718483,67.0601568,Karachi,Sindh,Pakistan,,,,,
bc8c8e53-192d-5bd3-a7cd-5f71aa73fe97,12127604109,node,amenity,bank,Summit Bank,,,,,OSM,,,24.8716543,67.0596646,Karachi,Sindh,Pakistan,,,,,
45557805-d27a-5982-bd97-2d517abef14e,12127686093,node,healthcare,clinic,MATIN CLINIC,,,,,OSM,,,24.8723618,67.0599651,Karachi,Sindh,Pakistan,,,,,
2c4f1bd2-f612-5094-a8d7-d9039e33e410,12127775910,node,amenity,bank,Faysal Bank,,,,,OSM,,,24.8731213,67.0605652,Karachi,Sindh,Pakistan,,,,,
d489647c-c944-5439-b991-dd9aba344d24,12127775925,node,amenity,bank,HBL Habib Bank Limited,,,,,OSM,,,24.8741148,67.0611374,Karachi,Sindh,Pakistan,,,,,
0228f3ba-8058-5c77-bdc9-74734adf0375,12161799863,node,leisure,park,Dada Park,,,,,OSM,,,24.8736859,67.0598363,Karachi,Sindh,Pakistan,,,,,
ce4d8216-4a3e-5111-a4e7-94b3e25a98fb,12161904971,node,leisure,park,Community Park,,,,,OSM,,,24.8736086,67.0598585,Karachi,Sindh,Pakistan,,,,,
fe0c3bee-0ed7-5a95-9fad-23c50fa7f0fc,12289770336,node,amenity,bank,The Bank Of Punjab (BOP) - Khalid-Bin-Waleed Br. 238,,,,,OSM,,,24.8736918,67.0568462,Karachi,Sindh,Pakistan,,,,,
41977db4-1cce-5c00-b09a-035711baa924,12289787961,node,amenity,bank,Silk Bank,,,,,OSM,,,24.8737649,67.0567822,Karachi,Sindh,Pakistan,,,,,
9cccabe9-9062-5eee-882f-3bd3c11a8ba9,5333234982,node,place,neighbourhood,Moallamabad,,,,,OSM,,,24.8802733,67.061099,Karachi,Sindh,Pakistan,,,,,
9ca1b1cb-2ecc-56b7-b5f3-3c99537f6f3f,8321053657,node,place,neighbourhood,Ahmadabad,,,,,OSM,,,24.8807428,67.0604442,Karachi,Sindh,Pakistan,,,,,
0b1d06b9-e3b9-5da0-a5fa-63a7f9bcecc6,8321053658,node,place,neighbourhood,Maniya,,,,,OSM,,,24.8794393,67.0617395,Karachi,Sindh,Pakistan,,,,,
8d0b00fc-3f07-5a2d-9f0d-ad239cef35b3,12126046945,node,amenity,marketplace,Mehran Center,,,,,OSM,,,24.8752092,67.0623004,Karachi,Sindh,Pakistan,,,,,
5f6c2f47-170a-5c8c-9bce-6627ff836b1a,12126132116,node,amenity,marketplace,Bequeen,,,,,OSM,,,24.8743916,67.061419,Karachi,Sindh,Pakistan,,,,,
98a63062-ffcd-5aa9-b918-f524ae0bab78,12126146151,node,amenity,bank,National Bank of Pakistan (NBP),,,,,OSM,,,24.8750936,67.0618312,Karachi,Sindh,Pakistan,,,,,
7bff3c23-c5a5-5063-90cd-a07b572d9ab2,12126170900,node,amenity,marketplace,Glamour One,,,,,OSM,,,24.8760881,67.0624416,Karachi,Sindh,Pakistan,,,,,
7022236a-a5a6-52df-bcf3-e6806aea4b69,12162196062,node,amenity,bank,Bank Alfalah,,,,,OSM,,,24.8760856,67.0602122,Karachi,Sindh,Pakistan,,,,,
6d846b08-6de5-5b12-a63d-4f4fcc064231,12162222018,node,amenity,bank,alBaraka Bank,,,,,OSM,,,24.8761653,67.059972,Karachi,Sindh,Pakistan,,,,,
de94caf3-c305-5622-94f4-7d2848e70046,12265732820,node,amenity,bank,Dubai Islamic Bank (Khalid Bin Waleed),,,,,OSM,,,24.8790831,67.0598787,Karachi,Sindh,Pakistan,,,,,
826f4b55-f38a-5ff0-a844-17808cb8d4c6,12272988294,node,amenity,bank,Meezan Bank - Khalid Bin Waleed Road Branch,,,,,OSM,,,24.8801128,67.0614497,Karachi,Sindh,Pakistan,,,,,
e8d75596-8e97-5591-85aa-6855f398835a,12281886109,node,amenity,bank,Habib Metropolitan Bank,,,,,OSM,,,24.8775055,67.0591762,Karachi,Sindh,Pakistan,,,,,
e220adfb-d965-5564-be75-420f89ff505e,12285023515,node,amenity,bank,"Habib Bank Limited, Khalid Bin Waleed Road Branch",,,,,OSM,,,24.8777102,67.0588711,Karachi,Sindh,Pakistan,,,,,
f683c9dd-a087-5bcd-8867-0d62f7c45815,12285026371,node,amenity,bank,MCB Islamic Bank,,,,,OSM,,,24.8781036,67.0591777,Karachi,Sindh,Pakistan,,,,,
2ab334ff-3065-5347-9690-91009a6acece,12285052319,node,healthcare,hospital,Afsar Memorial Hospital,,,,,OSM,,,24.8787474,67.0596398,Karachi,Sindh,Pakistan,,,,,
42497383-2e11-549c-ba46-bc4aa1b37afe,12289882042,node,healthcare,hospital,Family Care Hospital,,,,,OSM,,,24.8758363,67.0581406,Karachi,Sindh,Pakistan,,,,,
9b847dee-95b0-5e6f-b51b-233b2a65759e,973497666,node,amenity,bank,دبئی اسلامی بینک,دبئی اسلامی بینک,,,,OSM,,,24.8796563,67.0654992,Karachi,Sindh,Pakistan,,,دبئی اسلامی بینک,,
ab0e65f5-c7fc-51a3-9e7f-e4f229609718,973497673,node,amenity,bank,Meezan Bank Ltd,,,,,OSM,,,24.8798826,67.0652313,Karachi,Sindh,Pakistan,,,,Meezan Bank Ltd,
4c908308-7c08-5117-97da-d674d05785e7,4774671166,node,amenity,bank,ایچ بی ایل پاکستان,ایچ بی ایل پاکستان,,,,OSM,,,24.8782742,67.0665095,Karachi,Sindh,Pakistan,,,ایچ بی ایل پاکستان,,
c0729496-aaf8-5aa5-af9c-43df3cc19576,4774671174,node,amenity,bank,عسکری بینک,عسکری بینک,,,,OSM,,,24.8787577,67.0657269,Karachi,Sindh,Pakistan,,,عسکری بینک,,
240a45ff-1b46-5e4f-aead-454050160a15,4774671190,node,amenity,bank,ایم سی بی بینک,ایم سی بی بینک,,,,OSM,,,24.8806362,67.0661412,Karachi,Sindh,Pakistan,,,ایم سی بی بینک,,
14b13c72-28dd-5c20-87c7-0e222cfc9a89,4774671203,node,amenity,bank,BankIslami,,,,,OSM,,,24.880191,67.0650672,Karachi,Sindh,Pakistan,,,,,
e1bf6a60-989b-5ac2-a070-7d26d4da4202,4777144300,node,amenity,bank,سمٹ بینک,سمٹ بینک,,,,OSM,,,24.8801882,67.0654665,Karachi,Sindh,Pakistan,,,سمٹ بینک,سمٹ بینک,
dcd5b457-c0e7-52b1-9c58-e6e5ebd364df,4777144301,node,amenity,bank,الائیڈ بینک لمیٹڈ,الائیڈ بینک لمیٹڈ,,,,OSM,,,24.8802591,67.0655071,Karachi,Sindh,Pakistan,,,الائیڈ بینک لمیٹڈ,,
07fda8f1-758a-5954-ac39-8029929ddb8b,5144633514,node,amenity,atm,Askari Bank - ATM,,,,,OSM,,,24.8787934,67.0656808,Karachi,Sindh,Pakistan,,,,Askari Bank,
59c5ec96-8865-56b9-9a6d-76890b769731,5144633516,node,amenity,atm,ایچ بی ایل پاکستان,ایچ بی ایل پاکستان,,,,OSM,,,24.8782581,67.0665391,Karachi,Sindh,Pakistan,,,ایچ بی ایل پاکستان,,
1fb9136d-c651-5c20-8f9b-0fab554bde9c,5333234979,node,place,neighbourhood,Dehli Saudagar,,,,,OSM,,,24.8770279,67.0654206,Karachi,Sindh,Pakistan,,,,,
db294f19-9ea9-5aac-90d0-d83b8aa83d24,8321053659,node,place,neighbourhood,Lalazar,,,,,OSM,,,24.8782034,67.0630298,Karachi,Sindh,Pakistan,,,,,
ba8520e0-28f2-551d-b591-5f2852936abe,12278788268,node,historic,fort,Wall of Edhi,,,,,OSM,,,24.8785682,67.0635236,Karachi,Sindh,Pakistan,,,,,
1c9c27c5-57f4-5d89-9759-52db95e574ac,4773268351,node,amenity,bank,سندھ بینک,سندھ بینک,,,,OSM,,,24.8810275,67.0621315,Karachi,Sindh,Pakistan,,,سندھ بینک,,
7629f15c-7db4-56ad-aa85-c7622cab9b13,4774672040,node,amenity,bank,ایچ بی ایل پاکستان,ایچ بی ایل پاکستان,,,,OSM,,,24.8839982,67.0574778,Karachi,Sindh,Pakistan,,,ایچ بی ایل پاکستان,,
412ac828-6aac-51e8-9a1a-b382eca715bf,5147773542,node,leisure,park,National College Park,,,,,OSM,,,24.8859463,67.0614145,Karachi,Sindh,Pakistan,,,,,
e2feed0b-c6c3-5f7a-a506-d5dec1dce043,5147773544,node,amenity,bank,میزان بینک,میزان بینک,,,,OSM,,,24.8856681,67.062034,Karachi,Sindh,Pakistan,,,میزان بینک,,
5aeb5b6c-76a5-536c-99f8-55dc8fed483a,5147773545,node,amenity,bank,Meezan Bank - ATM,,,,,OSM,,,24.8856491,67.0620637,Karachi,Sindh,Pakistan,,,,,
93abbcce-44f8-5590-b0f7-89f5da9dc1d0,5147773554,node,amenity,bank,بینک الفلاح,بینک الفلاح,,,,OSM,,,24.8856025,67.0621444,Karachi,Sindh,Pakistan,,,بینک الفلاح,,
3dc6a1b6-4d00-5d7f-a521-db6ac7a69107,5147773555,node,amenity,bank,بینک الفلاح,بینک الفلاح,,,,OSM,,,24.885596,67.0621698,Karachi,Sindh,Pakistan,,,بینک الفلاح,,
da304900-7cd1-58bd-b176-77237b384d4a,5147773557,node,amenity,bank,ایم سی بی بینک,ایم سی بی بینک,,,,OSM,,,24.8855619,67.0617948,Karachi,Sindh,Pakistan,,,ایم سی بی بینک,,
7421f5b2-4dea-58fd-92fc-55ae6ec022e4,5147773558,node,amenity,bank,MCB Bank - ATM,,,,,OSM,,,24.8855518,67.0618232,Karachi,Sindh,Pakistan,,,,,
f2154a44-6239-5072-9e86-ee09f6789809,5149631234,node,amenity,bank,ایچ بی ایل پاکستان,ایچ بی ایل پاکستان,,,,OSM,,,24.8839808,67.0575295,Karachi,Sindh,Pakistan,,,ایچ بی ایل پاکستان,,
af8a1870-dcf1-57c8-b54d-15895e24850d,5333234983,node,place,neighbourhood,Jinnah Cooperative Housing Society,,,,,OSM,,,24.8816792,67.0598692,Karachi,Sindh,Pakistan,,,,,
d5285376-b810-5cf2-8933-b806b93f64eb,8321016125,node,place,neighbourhood,Hussainabad,,,,,OSM,,,24.8852314,67.0590877,Karachi,Sindh,Pakistan,,,,,
271eec44-2722-5468-b54f-e9e5a374ddf4,12265584886,node,healthcare,pharmacy,Dvago Warehouse,,,,,OSM,,,24.8837614,67.0578128,Karachi,Sindh,Pakistan,,,,,
3ca6f67d-5675-5495-974f-463d6a3b1221,12265602777,node,healthcare,pharmacy,Swiss Pharmacy,,,,,OSM,,,24.8841602,67.0567444,Karachi,Sindh,Pakistan,,,,,
a7075eb5-9868-575b-9952-03e1e2a9b9f6,12265609789,node,healthcare,pharmacy,Head Office - DVAGO Pharmacy & Wellness Experts - Head Office,,,,,OSM,,,24.8837087,67.0578799,Karachi,Sindh,Pakistan,,,,,
f56051e6-92c7-5ae8-a6dd-c6057a58d823,12265620263,node,leisure,park,Chotu Motu,,,,,OSM,,,24.8839939,67.0566386,Karachi,Sindh,Pakistan,,,,,
b7faba46-09c3-5c64-b811-d1510a1c5e0e,12273063282,node,amenity,bank,Meezan Bank - Jinnah Cooperative Housing Society Branch,,,,,OSM,,,24.8821783,67.0603423,Karachi,Sindh,Pakistan,,,,,
f1cfef1a-d16a-5ae0-aba3-d178158a14b4,12273086182,node,healthcare,pharmacy,Orah Life,,,,,OSM,,,24.8819053,67.0606731,Karachi,Sindh,Pakistan,,,,,
3115bda1-bc6a-5817-a1a2-54a32557272c,4767548830,node,amenity,bank,Habib Metropolitan Bank,,,,,OSM,,,24.8828964,67.0664291,Karachi,Sindh,Pakistan,,,,,
3adcac18-cfc6-59e5-b292-6a541ebbd783,4773326148,node,amenity,bank,Samba Bank,,,,,OSM,,,24.8837989,67.0642028,Karachi,Sindh,Pakistan,,,,,
36635deb-274c-58f4-8e22-df107f680533,4773326149,node,amenity,bank,ایچ بی ایل پاکستان,ایچ بی ایل پاکستان,,,,OSM,,,24.8839288,67.0642646,Karachi,Sindh,Pakistan,,,ایچ بی ایل پاکستان,,
4cd16f94-d82a-586d-b502-ea6eaa2642bb,4773326167,node,amenity,bank,فیصل بینک,فیصل بینک,,,,OSM,,,24.8836861,67.0643677,Karachi,Sindh,Pakistan,,,فیصل بینک,,
367cb1fb-4be7-51a2-a2f6-2ba9936f4e24,4773326175,node,amenity,bank,بينک الحبيب,بينک الحبيب,,,,OSM,,,24.883562,67.0653687,Karachi,Sindh,Pakistan,,,بينک الحبيب,,
06a90bdd-608c-5eac-aed3-a3507e1784a1,4773326179,node,amenity,bank,First Women Bank Ltd. (FWBL) - Sharfabad Branch,,,,,OSM,,,24.8844362,67.0649617,Karachi,Sindh,Pakistan,,,,,
0886066c-f6b4-5598-98dc-880b98e9d325,4773326192,node,amenity,bank,بینک اسلامی,بینک اسلامی,,,,OSM,,,24.8858838,67.0657544,Karachi,Sindh,Pakistan,,,بینک اسلامی,بینک اسلامی,
41aac2a1-349d-55e0-9f41-7aaedb9465a3,4777144269,node,amenity,atm,HabibMetro Bank,,,,,OSM,,,24.881708,67.0666381,Karachi,Sindh,Pakistan,,,,,
1416d7a8-e576-513a-a1c1-7b048c6cbd2c,4777144274,node,amenity,bank,یونائیٹڈ بینک لمیٹڈ,یونائیٹڈ بینک لمیٹڈ,,,,OSM,,,24.8815109,67.066277,Karachi,Sindh,Pakistan,,,یونائیٹڈ بینک لمیٹڈ,,
026ec144-9e5c-5db7-9b9a-b40938fe9bd4,4777144311,node,amenity,bank,اسٹینڈرڈ چارٹرڈ,اسٹینڈرڈ چارٹرڈ,,,,OSM,,,24.8809163,67.0660784,Karachi,Sindh,Pakistan,,,اسٹینڈرڈ چارٹرڈ,اسٹینڈرڈ چارٹرڈ,
c4a66323-9c05-59c0-a768-010e03b1b303,4777144318,node,amenity,atm,Bank Al-Habib Limited,,,,,OSM,,,24.8814795,67.0661637,Karachi,Sindh,Pakistan,,,,,
cfe8aaa5-2099-5811-b753-85f06ce6b40a,4777144320,node,amenity,bank,بينک الحبيب,بينک الحبيب,,,,OSM,,,24.881299,67.0663485,Karachi,Sindh,Pakistan,,,بينک الحبيب,,
8bd9e3b1-0412-56d5-9dcd-f8baca36ad82,4777144421,node,amenity,bank,ایچ بی ایل پاکستان,ایچ بی ایل پاکستان,,,,OSM,,,24.8811829,67.0662561,Karachi,Sindh,Pakistan,,,ایچ بی ایل پاکستان,,
a033702b-d6ef-576c-863f-6d7c11ede9c2,5137950749,node,amenity,bank,First Women Bank - Bahadurabad,,,,,OSM,,,24.8845069,67.0650107,Karachi,Sindh,Pakistan,,,,,
b94f3c42-6a4f-5410-a23a-2a820e10be3f,5146895234,node,amenity,bank,Habib Metropolitan Bank - ATM,,,,,OSM,,,24.8828814,67.0664511,Karachi,Sindh,Pakistan,,,,,
c074b5a8-e2fc-5265-80cd-5d7c3557bb84,5146924373,node,amenity,bank,Bank Al Habib - ATM,,,,,OSM,,,24.8812784,67.0663357,Karachi,Sindh,Pakistan,,,,,
9c54339f-9eee-5f27-b931-0add7d5b952f,5146924374,node,amenity,bank,ایچ بی ایل پاکستان,ایچ بی ایل پاکستان,,,,OSM,,,24.8812134,67.0662817,Karachi,Sindh,Pakistan,,,ایچ بی ایل پاکستان,,
d69651d9-19ce-557b-87a3-8d9af2d34658,5146968980,node,amenity,bank,HabibMetro Bank,,,,,OSM,,,24.8817383,67.0666206,Karachi,Sindh,Pakistan,,,,,
011c00d1-cf11-546f-b12e-656f12584f9a,5146968981,node,amenity,bank,UBL Bank - ATM,,,,,OSM,,,24.8815296,67.0662534,Karachi,Sindh,Pakistan,,,,,
17bbc929-fe81-566d-a6f7-8e869867de22,5147231550,node,amenity,bank,یونائیٹڈ بینک لمیٹڈ,یونائیٹڈ بینک لمیٹڈ,,,,OSM,,,24.8833221,67.0656165,Karachi,Sindh,Pakistan,,,یونائیٹڈ بینک لمیٹڈ,,
8637667c-3ad5-563d-afb5-89d7d23e509d,5147231551,node,amenity,bank,UBL - ATM,,,,,OSM,,,24.8833433,67.0655839,Karachi,Sindh,Pakistan,,,,,
69bc08bb-e1fb-5e57-94ee-0986908bf658,5147231559,node,amenity,bank,Bank Al Habib - ATM,,,,,OSM,,,24.883548,67.0653854,Karachi,Sindh,Pakistan,,,,,
32c12bec-7c5e-5175-8f0c-142ccc960217,5147427835,node,amenity,bank,Faysal Bank - ATM,,,,,OSM,,,24.8836679,67.064347,Karachi,Sindh,Pakistan,,,,,
2de3f599-dab6-515b-8c52-347b3d5879c8,5147427836,node,amenity,bank,Samba Bank - ATM,,,,,OSM,,,24.8838139,67.06422,Karachi,Sindh,Pakistan,,,,,
823f15c5-ead7-56ba-abcb-76b4e1fbca3e,5147427840,node,amenity,bank,ایچ بی ایل پاکستان,ایچ بی ایل پاکستان,,,,OSM,,,24.8839546,67.0642649,Karachi,Sindh,Pakistan,,,ایچ بی ایل پاکستان,,
2d332e1f-d4a1-5455-86b6-fefc2c5a4a49,5147519467,node,amenity,bank,Askari Bank Ltd-Islamic Banking Services Sharfabad Branch,,,,,OSM,,,24.8824886,67.06323,Karachi,Sindh,Pakistan,,,,,
b9ab0dae-70f3-504d-93c0-8607e8ded11b,5147519468,node,amenity,bank,Askari Bank  - ATM,,,,,OSM,,,24.882461,67.0631995,Karachi,Sindh,Pakistan,,,,,
66d037d3-118d-524b-b9cf-31ff1b680a9a,5147639134,node,healthcare,clinic,Hamdard Matab Clinic,,,,,OSM,,,24.885013,67.0650756,Karachi,Sindh,Pakistan,,,,,
13995fc8-5ee6-5167-a156-56ac2c5c4e38,5147639137,node,amenity,bank,Bank Islami - ATM,,,,,OSM,,,24.8859207,67.0657736,Karachi,Sindh,Pakistan,,,,,
9d567204-d085-5e23-8a77-339f1283fb86,8321014313,node,place,neighbourhood,Sharafabad,,,,,OSM,,,24.88437,67.0665949,Karachi,Sindh,Pakistan,,,,,
8d52d538-d846-5656-971b-f517f72f1ca8,8321016127,node,place,neighbourhood,Maqboolabad,,,,,OSM,,,24.8867284,67.0638228,Karachi,Sindh,Pakistan,,,,,
6d2c2907-ab50-5479-9a4a-afff66b70901,4734266941,node,amenity,police,New Town Police Station,,,,,OSM,,,24.8888121,67.0604742,Karachi,Sindh,Pakistan,,,,,
7fc3d07b-072f-5e3b-8ce1-28002a700d52,4793640261,node,amenity,bank,Soneri Bank Chandni Chowk,,,,,OSM,,,24.8903179,67.0617043,Karachi,Sindh,Pakistan,,,,,
d75c1e6f-bb0d-517d-8c99-f9d34b28756b,4793640265,node,amenity,bank,Habib Metro Bank,,,,,OSM,,,24.8916857,67.0628591,Karachi,Sindh,Pakistan,,,,,
33488a07-d62d-5db8-b208-620124ac135d,5137950726,node,amenity,bank,بینک اسلامی,بینک اسلامی,,,,OSM,,,24.8914898,67.0626585,Karachi,Sindh,Pakistan,,,بینک اسلامی,بینک اسلامی,
3e0339d7-881a-53dc-a948-f2c84bb55761,5137950729,node,amenity,bank,UBL - Chandni Chowk,,,,,OSM,,,24.8904049,67.0617408,Karachi,Sindh,Pakistan,,,,,
108cf2fa-7f42-55cf-8303-4cd288301b87,5147602251,node,amenity,bank,الائیڈ بینک لمیٹڈ,الائیڈ بینک لمیٹڈ,,,,OSM,,,24.8898295,67.0590517,Karachi,Sindh,Pakistan,,,الائیڈ بینک لمیٹڈ,,
81be63cb-5e64-5398-9831-b6969be33b53,5147602252,node,amenity,bank,الائیڈ بینک لمیٹڈ,الائیڈ بینک لمیٹڈ,,,,OSM,,,24.8898387,67.059007,Karachi,Sindh,Pakistan,,,الائیڈ بینک لمیٹڈ,,
d4a796b0-e34a-5712-a285-b9a7293ecad8,5333236729,node,place,neighbourhood,Overseas Cooperative Housing Society,,,,,OSM,,,24.8877072,67.0605274,Karachi,Sindh,Pakistan,,,,,
07bccdf6-0a89-5920-9ca0-ac5020f7e729,12224100122,node,amenity,marketplace,Jail Chowrangi Street Market For Traveling Bags,,,,,OSM,,,24.8907919,67.0610793,Karachi,Sindh,Pakistan,,,,,
97c19464-6d1d-59cd-9420-e852f52e2279,12224147965,node,healthcare,hospital,Sindh Government Hospital PIB Colony,,,,,OSM,,,24.8927482,67.0589372,Karachi,Sindh,Pakistan,,,,,
6f01df98-1037-5c66-bfea-97e9d657fd73,12235868447,node,healthcare,hospital,Urban Health Center Ghousia Colony,,,,,OSM,,,24.8886663,67.0586695,Karachi,Sindh,Pakistan,,,,,
87de1960-a572-57ee-b00f-06592263d940,4764692582,node,amenity,bank,"Bank AL Habib, Askari Park Branch",,,,,OSM,,,24.893418,67.0642535,Karachi,Sindh,Pakistan,,,,,
c09c780f-7b73-5845-ab3d-6098f8f89002,4764692586,node,amenity,bank,میزان بینک,میزان بینک,,,,OSM,,,24.89213,67.063136,Karachi,Sindh,Pakistan,,,میزان بینک,,
4cc253c0-c6f2-5e0f-9512-e81abb868410,4776942993,node,place,neighbourhood,Dawood Society,,,,,OSM,,,24.8886557,67.0662194,Karachi,Sindh,Pakistan,,,,,
0470bc36-6499-5e59-b8c7-679fc3240d3a,4793640266,node,amenity,bank,National Savings Centre,,,,,OSM,,,24.8920483,67.0631225,Karachi,Sindh,Pakistan,,,,,
75e68442-f257-5dba-8d18-e8e8ea0bc554,5137950732,node,amenity,bank,NIB - Chandni Chowk,,,,,OSM,,,24.8893025,67.0644833,Karachi,Sindh,Pakistan,,,,,
5ac1ba96-cd35-5d0b-ae4d-c078ba2072d0,12147462822,node,leisure,park,Parda Park,,,,,OSM,,,24.8997816,67.0570624,Karachi,Sindh,Pakistan,,,,,
4b34b9e9-cd25-52d3-a17a-80204e10208d,12222294860,node,healthcare,pharmacy,Zam Zam Medical Store,,,,,OSM,,,24.8957324,67.0565929,Karachi,Sindh,Pakistan,,,,,
5d7cf318-362c-5eab-9eb0-56a30d0a0c07,12222434411,node,healthcare,hospital,Family Medical Center,,,,,OSM,,,24.8943259,67.0578584,Karachi,Sindh,Pakistan,,,,,
7754898f-3ef2-55e8-b8bc-7c6813c86322,12222508521,node,healthcare,pharmacy,Haroon Medical store,,,,,OSM,,,24.8976498,67.0608298,Karachi,Sindh,Pakistan,,,,,
cb71687d-e8d4-5e11-a61c-5dacc98eb4fa,12224065628,node,amenity,bank,MCB Islamic Bank Ltd,,,,,OSM,,,24.8945918,67.0607494,Karachi,Sindh,Pakistan,,,,,
4a2de1f9-a515-5b00-9906-9ac1eb4d4250,12224071216,node,amenity,bank,United Bank Limited,,,,,OSM,,,24.894397,67.0610715,Karachi,Sindh,Pakistan,,,,,
03b5148f-cf12-5c81-9c9d-1d859b1e1845,12224046783,node,leisure,park,Electric Bumper Cars,,,,,OSM,,,24.8957195,67.0632857,Karachi,Sindh,Pakistan,,,,,
3b24eb1d-bb1e-534b-ab65-675701667a34,526997071,way,leisure,park,Khoury Garden,,,,,OSM,,,24.8541458,67.0033977,Karachi,Sindh,Pakistan,,,,,
835063e8-0720-57f3-915d-0dc785a48544,719060771,way,place,neighbourhood,Nanakwara,,,,,OSM,,,24.8576621,67.0069015,Karachi,Sindh,Pakistan,,,,,
6a6b8b4f-0af3-5a8f-b6d8-5b2b40d32dc5,681267638,way,amenity,police,Kharadar Police Station,,,,,OSM,,,24.8514197,67.0011144,Karachi,Sindh,Pakistan,,,,,
0fde8349-b75d-5ead-b760-e27485da8b28,58733276,way,leisure,park,,,,,,OSM,,,24.8659629,67.0034314,Karachi,Sindh,Pakistan,,,,,
2a829709-263a-5b74-abb7-6550eaa6f101,309092086,way,landuse,cemetery,Khoja Cemetery,,,,,OSM,,,24.866522,67.0024758,Karachi,Sindh,Pakistan,,,,,
e11f0cf6-c511-5ef9-817a-c4e1694e0c70,719075566,way,place,neighbourhood,Jinnahabad,,,,,OSM,,,24.8648665,67.0045118,Karachi,Sindh,Pakistan,,,,,
7de7aae4-ef9a-5846-9b58-768c6df92e61,719075567,way,place,neighbourhood,Bhimpura,,,,,OSM,,,24.8610255,67.0043527,Karachi,Sindh,Pakistan,,,,,
cd269e35-9e8c-5529-8043-81b8e4453f3d,720120527,way,amenity,police,Napier Police Station,,,,,OSM,,,24.8615019,67.00076,Karachi,Sindh,Pakistan,,,,,
458d4eec-85a5-5072-b1eb-f5053fa8d04a,722067031,way,place,neighbourhood,Jinnahabad,,,,,OSM,,,24.8656172,67.006511,Karachi,Sindh,Pakistan,,,,,
09914289-ea75-59d1-817b-0efd73dfc6f2,681771652,way,healthcare,hospital,Spencer Eye Hospital,,,,,OSM,,,24.8632011,67.0027872,Karachi,Sindh,Pakistan,,,,,
a07fce7e-71fa-586b-a608-e2398fe18a0b,522893026,way,place,neighbourhood,PECHS Block 6,,,,,OSM,,,24.8627903,67.0661582,Karachi,Sindh,Pakistan,,,,,
dcd057b2-5870-5efe-891d-02e6ec1ce50e,933757833,way,leisure,park,Burns Garden,,,,,OSM,Burns Garden,,24.8523139,67.017561,Karachi,Sindh,Pakistan,,,,,Q115802043
bbe43cef-5cd1-5f5d-8dab-8fbe44d38ea7,734617514,way,healthcare,hospital,Rafique Shaheed Hospital,,,,,OSM,,,24.8514601,67.0085715,Karachi,Sindh,Pakistan,,,,,
5e838c92-f169-5f29-b16a-56746190bac0,486560403,way,leisure,park,پاکستان چوک,پاکستان چوک,,,,OSM,,,24.8541574,67.0123591,Karachi,Sindh,Pakistan,,,,,
4f42ebac-a74f-58ff-959e-f5f036452d05,691546189,way,leisure,park,,,,,,OSM,,,24.8542216,67.0118877,Karachi,Sindh,Pakistan,,,,,
b75a6ec9-6b54-5543-bb78-6e6e06bdabca,737428080,way,amenity,bank,,,,,,OSM,,,24.8510728,67.0179452,Karachi,Sindh,Pakistan,,,,,
c8d89f6b-770d-562b-a0aa-e6623774833a,933757832,way,leisure,park,Pardah Bagh,,,,,OSM,,,24.852788,67.0189279,Karachi,Sindh,Pakistan,,,,,
1861f8cd-44f7-55d3-a394-d5ef3d6ae15e,681765790,way,healthcare,hospital,,,,,,OSM,,,24.858695,67.0083605,Karachi,Sindh,Pakistan,,,,,
55133f1c-63da-5a8b-b3e5-0ae2bb29af50,693883337,way,leisure,park,Nanakwara Garden Family Park,,,,,OSM,,,24.8586391,67.0061051,Karachi,Sindh,Pakistan,,,,,
f9d31a67-fe0b-5cc7-8c16-ef4e3f3c39c5,379042583,way,leisure,park,میونسپل پارک,میونسپل پارک,,,,OSM,,,24.8597457,67.0161487,Karachi,Sindh,Pakistan,,,,,
57d7b934-aa1d-5007-a422-fa4aac637abb,527596137,way,leisure,park,آرام باغ,آرام باغ,,,,OSM,آرام باغ، کراچی,,24.8562113,67.0134214,Karachi,Sindh,Pakistan,,,,,Q4783917
ebc0e6fb-7ae6-5116-a87a-0de2113b94e3,693893280,way,amenity,marketplace,اللہ والا بازار,اللہ والا بازار,,,,OSM,,,24.8578119,67.0132311,Karachi,Sindh,Pakistan,,,,,
a20aab12-9909-51b1-8ef7-413d70021719,721305323,way,healthcare,hospital,Sindh Services Hospital,,,,,OSM,,,24.8581658,67.0126447,Karachi,Sindh,Pakistan,,,,,
e6d0ad4c-5f1b-5db8-8987-7bb6c4654338,721520710,way,healthcare,hospital,Eid Gah Maternity Home,,,,,OSM,,,24.8605843,67.0152169,Karachi,Sindh,Pakistan,,,,,
2279e4c2-e353-5d12-b2ab-36967db5e51f,734710898,way,leisure,park,Tikon Park,,,,,OSM,,,24.8556542,67.0133013,Karachi,Sindh,Pakistan,,,,,
fa39fec1-d116-5e1e-a0c9-dacbce638ef1,797257211,way,healthcare,hospital,Sobraj Maternity Hospital,,,,,OSM,,,24.8580111,67.016407,Karachi,Sindh,Pakistan,,,,,
0e5cdba6-6803-5b65-9685-3aa01a7e8915,313217121,way,place,neighbourhood,Gari Khata,,,,,OSM,,,24.8557307,67.0104492,Karachi,Sindh,Pakistan,,,,,
4147b92a-bbcb-50d0-b560-84494b907c32,681548018,way,healthcare,hospital,Civil Hospital,,,,,OSM,,,24.8593154,67.0104014,Karachi,Sindh,Pakistan,,,,,
faa0421a-7abe-585e-889d-e18f8d44ad73,681548720,way,leisure,park,میر محمد بلوچ پارک,میر محمد بلوچ پارک,,,,OSM,,,24.8616524,67.016154,Karachi,Sindh,Pakistan,,,,,
3ecd164b-b447-5034-9f1f-cd3367c10dc4,681766132,way,healthcare,hospital,Dr Ruth Pfau Civil Hospital Karachi,,,,,OSM,,,24.8602749,67.0115382,Karachi,Sindh,Pakistan,,,,,
ccb29eab-c2e5-504f-8ed5-36da4b493388,681766195,way,healthcare,hospital,Sindh Institute of Medical Sciences (SIUT),,Sindh Institute of Urology and Transplantation,,,OSM,,,24.8608269,67.0122255,Karachi,Sindh,Pakistan,,,,,
a1b0e60b-f976-5ee1-ab86-00e4ffeddd8d,690122808,way,place,neighbourhood,Ramswamy,,,,,OSM,,,24.8673464,67.0161575,Karachi,Sindh,Pakistan,,,,,
42d56d0d-b410-57a3-a954-5bb3e1aa2429,719060769,way,place,neighbourhood,رنچھور لائنز,,,,,OSM,,,24.86189,67.013529,Karachi,Sindh,Pakistan,,,,,
7dcae908-b3ca-5088-a127-dc9a8432ba25,719060770,way,place,neighbourhood,رامسوامی,رامسوامی,رام سوامی,,,OSM,,,24.8673779,67.01567,Karachi,Sindh,Pakistan,,,,,
3d8bc584-af47-59bb-ad72-46ca3b6578ec,734710902,way,place,neighbourhood,Gari Khata,,,,,OSM,,,24.8557307,67.0104829,Karachi,Sindh,Pakistan,,,,,
a91779c7-aee9-5be2-af5c-d1fdc7331fd1,262716043,way,leisure,park,Sabri Ground,,,,,OSM,,,24.8653419,67.0131916,Karachi,Sindh,Pakistan,,,,,
03628a84-cf02-51b0-9a11-17ff49379db5,722165642,way,place,neighbourhood,Kalanagar,,,,,OSM,,,24.8663217,67.0131711,Karachi,Sindh,Pakistan,,,,,
1919a509-ec0b-5916-b59b-aca8121acf22,731827115,way,leisure,park,Rafiq Chohan Park,,,,,OSM,,,24.8641655,67.0160791,Karachi,Sindh,Pakistan,,,,,
c92ea0f2-01ca-53b7-9e31-f4a81d9f5e93,721520722,way,healthcare,hospital,ISM Hospital,,,,,OSM,,,24.8666003,67.0238733,Karachi,Sindh,Pakistan,,,,,
af34e04c-d3d9-50a2-97c5-c55de7a18653,723048691,way,amenity,marketplace,Tawakkal Plaza,,,,,OSM,,,24.8633288,67.0233224,Karachi,Sindh,Pakistan,,,,,
33291672-513b-55c6-9d4a-72eac1dd2832,734623782,way,healthcare,hospital,Skin Hospital,,,,,OSM,,,24.8611869,67.0247193,Karachi,Sindh,Pakistan,,,,,
721721c9-9441-5696-bed8-b8d42f50d695,740039366,way,healthcare,hospital,Karachi Police Hospital,,,,,OSM,,,24.86691,67.018911,Karachi,Sindh,Pakistan,,,,,
007ca6de-b169-5c3d-884f-5c8538158844,740128375,way,healthcare,hospital,OMI Hospital,,,,,OSM,,,24.8677032,67.026313,Karachi,Sindh,Pakistan,,,,,
21139984-4cf1-5c24-8f69-80aedf3d4886,734652763,way,place,neighbourhood,Plaza Quarters,,,,,OSM,,,24.8639387,67.0217201,Karachi,Sindh,Pakistan,,,,,
a4dad323-2f51-50d1-ae01-497a0c153511,313212947,way,leisure,park,Jehangir Park (Mackenzie Pavilion Ground),,,,,OSM,,,24.8622043,67.0277927,Karachi,Sindh,Pakistan,,,,,
3ae63af1-b7e2-5785-bea0-8e4dbccd4d18,723275258,way,amenity,marketplace,Al Falah Market,,,,,OSM,,,24.8617664,67.0258132,Karachi,Sindh,Pakistan,,,,,
6c3a752a-0dc1-51f3-824d-0c7a4f5ceeec,723897308,way,healthcare,hospital,7th Day Adventist Hospital,,,,,OSM,,,24.8661919,67.0276242,Karachi,Sindh,Pakistan,,,,,
129f8743-2c0e-5ce0-90f2-503c9ad24244,723899548,way,healthcare,clinic,P.I.D.C. Medical Centre,,,,,OSM,,,24.8640271,67.0268439,Karachi,Sindh,Pakistan,,,,,
4a58e5dd-4750-54a3-aa6e-01834538863a,724176534,way,healthcare,hospital,Parsi General Hospital,,,,,OSM,,,24.8635785,67.0285399,Karachi,Sindh,Pakistan,,,,,
5df2ac54-ac28-5641-bd87-64eb278a1a2a,724176537,way,amenity,fire_station,Saddar Fire Station,,,,,OSM,,,24.8636724,67.0296823,Karachi,Sindh,Pakistan,,,,,
31d5691e-bdd1-5d9f-b71c-0b358ca51a06,535257326,way,tourism,museum,Quaid-e-Azam House,,,Formerly Flagstaff House,,OSM,,,24.8511678,67.0328504,Karachi,Sindh,Pakistan,,,,,
97810676-01b4-5474-912b-cf3934eb536e,734613339,way,healthcare,hospital,Kamal Hospital,,,,,OSM,,,24.8528259,67.0332212,Karachi,Sindh,Pakistan,,,,,
2ad1b383-f2cc-5fe8-b989-ac6b579c2cbf,723892937,way,healthcare,hospital,National Institute of Cardiovascular Diseases,,,,,OSM,,,24.8528347,67.0400044,Karachi,Sindh,Pakistan,,,,,
d1d45542-28a9-5323-a31b-40b63bc9387d,39989268,way,landuse,cemetery,Gora Qabristan (European Cemetery),,,,,OSM,,,24.8555675,67.049874,Karachi,Sindh,Pakistan,,,,,
0e28e160-e095-5f34-95a6-42b3fb02fa1d,520275781,way,place,neighbourhood,SMCHS Block B,,,,,OSM,,,24.8570388,67.0560145,Karachi,Sindh,Pakistan,,,,,
06788906-b099-5297-a56c-1072a069e7c5,709543799,way,leisure,park,,,,,,OSM,,,24.8523866,67.0473569,Karachi,Sindh,Pakistan,,,,,
cc88afa2-a438-5963-beed-4a8495f88cb7,783830171,way,leisure,park,,,,,,OSM,,,24.854194,67.0484352,Karachi,Sindh,Pakistan,,,,,
ad5e3f7a-1839-5c7d-aa19-a4d63ad58de4,537406643,way,natural,water,,,,,,OSM,,,24.8585939,67.0424596,Karachi,Sindh,Pakistan,,,,,
f819d1e5-1ba1-560b-ad2a-2148468979c5,723893980,way,healthcare,hospital,Cantonment General Hospital,,,,,OSM,,,24.8610403,67.0410163,Karachi,Sindh,Pakistan,,,,,
aa41b866-4923-5ee4-bec9-e1d2596249e0,724176573,way,leisure,park,,,,,,OSM,,,24.8612275,67.032612,Karachi,Sindh,Pakistan,,,,,
38e56c40-7886-55a7-9f94-12cf8aa17ffc,537967626,way,leisure,park,Afza Altaf Park,,,,,OSM,,,24.8671479,67.035015,Karachi,Sindh,Pakistan,,,,,
23983d20-e330-5386-9ae4-ea91fd027f69,787288336,way,amenity,police,Brigade Police Station,,,,,OSM,,,24.8665419,67.0410435,Karachi,Sindh,Pakistan,,,,,
308dfa1c-4624-50d2-9cec-1485b0333629,479744299,way,leisure,park,Visual Park,,,,,OSM,,,24.8591879,67.0505327,Karachi,Sindh,Pakistan,,,,,
e7f3bd24-32fa-59b6-a23f-fa9dc56e5ba2,782525116,way,natural,water,,,,,,OSM,,,24.8591016,67.0505456,Karachi,Sindh,Pakistan,,,,,
db2cd405-4984-55b4-8f34-a588fc1f65d2,782540028,way,amenity,bank,Network Microfinance Bank,,,,,OSM,,,24.8602283,67.0543708,Karachi,Sindh,Pakistan,,,,,
19e00a0c-deeb-5b9b-878d-231249cc5f02,26633640,way,landuse,cemetery,Tariq Road Cemetery,,,,,OSM,,,24.8667503,67.055023,Karachi,Sindh,Pakistan,,,,,
23c5f9a8-cc0b-5416-83a7-cf83cc9e7371,520269519,way,place,neighbourhood,SMCHS Block A,,,,,OSM,,,24.8623329,67.0549903,Karachi,Sindh,Pakistan,,,,,
487ca361-2e2d-50cb-be3b-9cafc5a51c95,522877446,way,place,neighbourhood,پی ای سی ایچ ایس بلاک 2,پی ای سی ایچ ایس بلاک 2,,,,OSM,,,24.8698746,67.0555203,Karachi,Sindh,Pakistan,,,,,
e5babad1-c29f-5e31-a5df-3820c5f1071d,479247093,way,natural,water,,,,,,OSM,,,24.8643422,67.0455262,Karachi,Sindh,Pakistan,,,,,
9bc467cc-aeb8-5f83-8dcc-4da22c4a1544,479247095,way,natural,water,,,,,,OSM,,,24.8647564,67.0467189,Karachi,Sindh,Pakistan,,,,,
8fec70e0-9e8b-5df4-bcc2-e6d61db156b9,782532882,way,amenity,marketplace,Mangal Bazaar (Tuesday Market),,,,,OSM,,,24.8647357,67.0456875,Karachi,Sindh,Pakistan,,,,,
cfb740ff-1340-52a2-8c66-17ebdd8c0ded,801390370,way,natural,water,,,,,,OSM,,,24.8640988,67.0453387,Karachi,Sindh,Pakistan,,,,,
904b8847-8a0f-5410-9a56-e0c5bb70917d,801390371,way,natural,water,,,,,,OSM,,,24.8638045,67.0457293,Karachi,Sindh,Pakistan,,,,,
0293b3e2-b360-5e9b-91e5-80fdf09d5738,893983842,way,natural,water,,,,,,OSM,,,24.8634205,67.0471128,Karachi,Sindh,Pakistan,,,,,
f6fe5dc2-198c-5848-b9ea-bc51a8fe3ae1,516612819,way,leisure,park,Sarfraz Haider Park,,,,,OSM,,,24.8662019,67.0500927,Karachi,Sindh,Pakistan,,,,,
92fd413b-b899-51dd-ba4e-4479eaf6eb2d,862501353,way,place,neighbourhood,PECHS bLOCK 2,,,A,,OSM,,,24.8701072,67.0587769,Karachi,Sindh,Pakistan,,,,,
2b38068b-a106-5bce-965e-80c069c3253c,709539222,way,landuse,cemetery,Masoom Shah Bukhari Cemetery,,,,,OSM,,,24.8511042,67.0583927,Karachi,Sindh,Pakistan,,,,,
05947767-f6c3-597a-8608-982a28cffa64,885333780,way,healthcare,hospital,KMC Hospital,,,,,OSM,,,24.8512516,67.0619427,Karachi,Sindh,Pakistan,,,,,
4071a80d-19ab-5bdd-bec3-45b305e29a6a,895204208,way,leisure,park,,,,,,OSM,,,24.8571806,67.0603627,Karachi,Sindh,Pakistan,,,,,
8f01605a-dff1-5097-af60-18dc4f6bc840,449602457,way,leisure,park,,,,,,OSM,,,24.8676774,67.0619852,Karachi,Sindh,Pakistan,,,,,
00029268-9725-5711-bc91-5965f3bbbcd7,449602458,way,leisure,park,,,,,,OSM,,,24.8674489,67.0625859,Karachi,Sindh,Pakistan,,,,,
ba8bc862-1179-5a3b-8aa3-1f28d5b9b5af,309092090,way,leisure,park,Mujahid Park,,,,,OSM,,,24.8682176,67.0029901,Karachi,Sindh,Pakistan,,,,,
1601d8d4-753b-55c0-a524-d68c582bcb49,687467568,way,healthcare,hospital,KMC Maternity Hospital,,,,,OSM,,,24.8724599,67.0027247,Karachi,Sindh,Pakistan,,,,,
e9b1c160-4829-5074-bb0f-ceb5645ef806,722065588,way,place,neighbourhood,Bakra Piri,,,,,OSM,,,24.8787016,67.0058989,Karachi,Sindh,Pakistan,,,,,
3880171a-6e5c-5b63-9c8e-c07ac9fa8508,722067030,way,place,neighbourhood,کالاکوٹ,کالاکوٹ,,,,OSM,,,24.8711743,67.0050186,Karachi,Sindh,Pakistan,,,,,
ed37331c-6247-554b-ade5-bde39ccac21d,720118734,way,amenity,police,Kalakot Police Station,,,,,OSM,,,24.8780272,67.0029841,Karachi,Sindh,Pakistan,,,,,
954a1698-ff4a-5c5e-8cbd-3710c0c985a9,681768163,way,landuse,cemetery,Ali Bagh Cemetery,,,,,OSM,,,24.868655,67.0050486,Karachi,Sindh,Pakistan,,,,,
eee98982-d88e-553b-ad71-38ef21dc9ac6,681768165,way,landuse,cemetery,Kutchi Memon Cemetery,,,,,OSM,,,24.8703684,67.0080397,Karachi,Sindh,Pakistan,,,,,
3a9c6cca-945e-538b-9275-a84d2c373821,719076233,way,place,neighbourhood,عثمان آباد,عثمان آباد,,,,OSM,Usmanabad,,24.8756742,67.0103558,Karachi,Sindh,Pakistan,,,,,Q7902069
928b9f38-0cca-570d-a891-535830cfe7ea,721814760,way,place,neighbourhood,Hasan Lashkari,,,,,OSM,,,24.8771138,67.0149799,Karachi,Sindh,Pakistan,,,,,
41fe120a-d031-5b87-97cb-9aaf3ae4df4e,677783108,way,leisure,park,Nabeel Gabol Park,,,,,OSM,,,24.8778512,67.0046849,Karachi,Sindh,Pakistan,,,,,
2347f846-e43b-558c-adfe-3d080c335815,722067196,way,place,neighbourhood,Jockey Para,,,,,OSM,,,24.8759278,67.0067876,Karachi,Sindh,Pakistan,,,,,
328fb5e4-27c8-52bb-a58a-8308f538833e,687246886,way,healthcare,hospital,Holy Family Hospital,,,,,OSM,"Holy Family Hospital, Karachi",,24.8721567,67.0280358,Karachi,Sindh,Pakistan,,,,,Q6847595
e7bb3d48-259b-56ad-9913-22e42ef686f8,687246885,way,leisure,park,Sohrab Katrak Park,,,,,OSM,,,24.8716638,67.0303718,Karachi,Sindh,Pakistan,,,,,
1c8539ba-f501-500c-9cef-9a7118186099,693673291,way,natural,water,,,,,,OSM,,,24.87516,67.0235229,Karachi,Sindh,Pakistan,,,,,
582e9d12-6450-5261-91cf-692fda2b747c,693673292,way,natural,water,,,,,,OSM,,,24.8754799,67.0238352,Karachi,Sindh,Pakistan,,,,,
fe433eea-8ba0-5a0d-9798-4a08de9b4722,895098591,way,landuse,cemetery,Punjabi Graveyard,,,,,OSM,,,24.8853752,67.0149594,Karachi,Sindh,Pakistan,,,,,
4907bc12-ec4d-58b3-9d7c-9778ddf32971,281338166,way,landuse,cemetery,Noor Bagh Cemetery,,,,,OSM,,,24.8838743,67.0165237,Karachi,Sindh,Pakistan,,,,,
c1cbdc3b-127f-5b9e-b9b6-27e9b466af8b,720375561,way,landuse,cemetery,,,,,,OSM,,,24.8855171,67.0195025,Karachi,Sindh,Pakistan,,,,,
8c2514a9-41bd-508f-9d03-8abd506ef70e,217837933,way,leisure,park,,,,,,OSM,,,24.882671,67.0247838,Karachi,Sindh,Pakistan,,,,,
5d8bce18-0ced-5ddb-971d-1e9a1f9eeda2,71282133,way,leisure,park,,,,,,OSM,,,24.8868968,67.0267099,Karachi,Sindh,Pakistan,,,,,
383fdfe7-df86-5447-b2dc-a5de612e5453,899397551,way,landuse,cemetery,Ismaili Cemetery,,,,,OSM,,,24.8873368,67.0234275,Karachi,Sindh,Pakistan,,,,,
5ed54ebd-b00b-51c0-b522-c2dd9e6d8594,723903893,way,leisure,park,KPSIAJ Family Park,,,,,OSM,,,24.8739639,67.034551,Karachi,Sindh,Pakistan,,,,,
f691d77f-263d-56b8-97c6-b911da834a82,732849330,way,healthcare,hospital,Anklesaria Eye Hospital,,,,,OSM,,,24.8727351,67.0311031,Karachi,Sindh,Pakistan,,,,,
c1f33626-b985-5e4f-823b-d226d114df20,529363926,way,leisure,park,Jinnah Ground,,,,,OSM,,,24.8714055,67.0397843,Karachi,Sindh,Pakistan,,,,,
e52797a3-827d-5ad3-8643-86a1be0ac3d2,217837115,way,leisure,park,Nishtar Park,,,,,OSM,,,24.8747702,67.0331068,Karachi,Sindh,Pakistan,,,,,
44c5ae52-f8db-561e-8ed4-14b38c096666,529363927,way,leisure,park,Jinnah Park,,,,,OSM,,,24.8743257,67.0438647,Karachi,Sindh,Pakistan,,,,,
762dd28a-b6d4-5d4f-bec8-4a15594dbc4f,687678645,way,leisure,park,باغ قائد اعظم,باغ قائد اعظم,باغ قائداعظم,,,OSM,"Polo Ground, Karachi",,24.874701,67.0398497,Karachi,Sindh,Pakistan,,,,,Q4841612
dcf257af-770e-53fc-a984-8d416117801a,758285440,way,leisure,park,,,,,,OSM,,,24.8771603,67.0437339,Karachi,Sindh,Pakistan,,,,,
7f7d92a9-13c5-5c93-b888-5992720f6f8c,758335388,way,healthcare,hospital,Hope Hospital,,,,,OSM,,,24.8805724,67.0397272,Karachi,Sindh,Pakistan,,,,,
874031a1-274b-56fc-a5be-bef5faf8cb9a,537967658,way,leisure,park,Hassa Singh Park,,,,,OSM,,,24.8794779,67.0396419,Karachi,Sindh,Pakistan,,,,,
c57e796b-b522-5eec-9f77-862dfe3970e6,514829480,way,leisure,park,Ayesha Park,,,,,OSM,,,24.8719306,67.0485998,Karachi,Sindh,Pakistan,,,,,
ccdad7f9-4932-591b-853c-ccb97e0f35b7,782546935,way,leisure,park,Gharib Nawaz Park,,,,,OSM,,,24.8720465,67.0480983,Karachi,Sindh,Pakistan,,,,,
466ad7a6-ef9c-5b9e-a794-4fea29bc9714,219912757,way,leisure,park,Mahmood Ghaznavi Park,,,,,OSM,,,24.8687036,67.056291,Karachi,Sindh,Pakistan,,,,,
90c869af-929c-5ede-90ec-10a40ba82429,522882893,way,place,neighbourhood,PECHS Block 3,,,,,OSM,,,24.8799192,67.0583152,Karachi,Sindh,Pakistan,,,,,
d2176acc-3143-59d8-93ff-303ec83a4e36,722088814,way,place,neighbourhood,خداداد,خداداد,,,,OSM,,,24.872769,67.0460148,Karachi,Sindh,Pakistan,,,,,
7661386c-fdd9-5e73-9a8d-9c162aa10173,835694252,way,healthcare,hospital,Aga Khan Maternity Center,,,,,OSM,,,24.8834097,67.0351859,Karachi,Sindh,Pakistan,,,,,
dab12165-aa32-5cc2-aeb1-d03526c90f84,895058591,way,leisure,park,Aga Khan Park,,,,,OSM,,,24.88365,67.031868,Karachi,Sindh,Pakistan,,,,,
5a343655-50b6-55e7-ae7f-acb44752574e,529614036,way,leisure,park,اسامہ پارک,اسامہ پارک,,,,OSM,,,24.8843824,67.041927,Karachi,Sindh,Pakistan,,,,,
23e8eb16-3c69-54a8-a982-69e1453363c2,553001186,way,place,neighbourhood,فردوس کالونی,فردوس کالونی,,,,OSM,,,24.896272,67.0348365,Karachi,Sindh,Pakistan,,,,,
b30cfb94-1d8a-5622-9ef8-1f725ad0a585,880830967,way,leisure,park,,,,,,OSM,,,24.889324,67.0402562,Karachi,Sindh,Pakistan,,,,,
7bb94daa-8081-5d05-ae9e-e8123662be16,524054380,way,leisure,park,Kernal Park,,,,,OSM,,,24.8852102,67.0529047,Karachi,Sindh,Pakistan,,,,,
06c8c057-216f-5d9e-ab30-4baa0be19443,536845819,way,natural,water,,,,,,OSM,,,24.882666,67.0548649,Karachi,Sindh,Pakistan,,,,,
6b371b47-fc65-5cb4-b0f0-7afd2699dd57,550218846,way,leisure,park,Mir Usman Park,,,,,OSM,,,24.8836703,67.0534396,Karachi,Sindh,Pakistan,,,,,
4631af2c-448d-516d-a310-5944c5cee29d,553001189,way,place,neighbourhood,پی آئی بی کالونی,پی آئی بی کالونی,,,,OSM,,,24.8940945,67.0550913,Karachi,Sindh,Pakistan,,,,,
de26575d-c697-5876-a8f5-36093e4826cf,722088823,way,place,neighbourhood,Hyderabad Colony,,,,,OSM,,,24.8855217,67.0540004,Karachi,Sindh,Pakistan,,,,,
fd009c28-fcd2-56b6-96d8-f23a349e7dd0,793092524,way,leisure,park,,,,,,OSM,,,24.8996154,67.0121395,Karachi,Sindh,Pakistan,,,,,
d33ec7b5-4a85-52ae-81a4-81a0f2a497d0,1332798481,way,leisure,park,Thornbush Park,,,,,OSM,,,24.8999191,67.0078664,Karachi,Sindh,Pakistan,,,,,
5277af4c-fbce-5d0d-9eaa-5a2a714a2494,220714745,way,landuse,cemetery,Sindhi Graveyard,,,,,OSM,,,24.8997235,67.0223594,Karachi,Sindh,Pakistan,,,,,
ea91fed5-1875-516d-86ee-3bf2fdaee0c9,220715094,way,leisure,park,,,,,,OSM,,,24.8958649,67.0231354,Karachi,Sindh,Pakistan,,,,,
d1558748-1cda-5d71-81b8-7f2500dd3572,282261960,way,leisure,park,,,,,,OSM,,,24.8998117,67.0198384,Karachi,Sindh,Pakistan,,,,,
e33522c9-039f-5091-8fd0-91693f26509c,880818361,way,healthcare,hospital,Imam Zain-ul-Abedeen Hospital,,,,,OSM,,,24.8997417,67.0290966,Karachi,Sindh,Pakistan,,,,,
da1a8f13-a4e2-5da8-8bea-99dc441a0027,894926551,way,leisure,park,Lady Nusrat Haroon Park,,,,,OSM,,,24.8989261,67.0296927,Karachi,Sindh,Pakistan,,,,,
14df522c-af62-5627-8989-dc884a37ae50,894926554,way,leisure,park,Siraj-ud-Daula Park,,,,,OSM,,,24.8996879,67.027537,Karachi,Sindh,Pakistan,,,,,
503cd72d-10e9-5dce-a1fb-f59518df4730,238566469,way,landuse,cemetery,Liaquatabad Qabristan,,,,,OSM,,,24.8955301,67.040256,Karachi,Sindh,Pakistan,,,,,
bf31e69b-61a0-5f56-bcd4-f4ef5b37296c,514137854,way,leisure,park,,,,,,OSM,,,24.8711539,67.0583292,Karachi,Sindh,Pakistan,,,,,
d23db552-8d0d-587c-98a6-f30e1ac47da5,218909835,way,leisure,park,,,,,,OSM,,,24.8723344,67.0661298,Karachi,Sindh,Pakistan,,,,,
8ac4d2f7-18f5-5c4d-bb43-274685699b8b,26633938,way,leisure,park,Jheel Park,,,,,OSM,Jheel Park,,24.870914,67.06326,Karachi,Sindh,Pakistan,,,,,Q15229558
ab751812-51c0-51d5-be29-6e7c45ece3e3,513939043,way,leisure,park,Ladies Park,,,,,OSM,,,24.8741738,67.059559,Karachi,Sindh,Pakistan,,,,,
d9139bda-8c28-51a3-b64c-254e73139efc,520264006,way,place,neighbourhood,Jinnah Co-Operative Housing Society,,,,,OSM,,,24.8808975,67.0604337,Karachi,Sindh,Pakistan,,,,,
5927caf7-1dc4-5b2f-a9ac-e0d06a5177e1,524044050,way,leisure,park,Madni Masjid Park,,,,,OSM,,,24.8808736,67.0596342,Karachi,Sindh,Pakistan,,,,,
df7554ab-3ea9-540a-b80b-211ba575c5aa,522133791,way,leisure,park,Bilal Park,,,,,OSM,,,24.8792537,67.0602157,Karachi,Sindh,Pakistan,,,,,
562cba15-4d61-5da2-85b2-0d5649066eec,513968719,way,leisure,park,,,,,,OSM,,,24.8859748,67.0613551,Karachi,Sindh,Pakistan,,,,,
4a990c51-ae1b-5f37-81b0-ced0f9310034,237685983,way,leisure,park,Askari Park,عسكری پارک,,,,OSM,Kashmir Park,,24.894642,67.0631121,Karachi,Sindh,Pakistan,,,,,Q55604314
73585739-409d-533a-8001-58f75f54c894,320030016,way,leisure,park,Jamaluddin Afghani Park,,,,,OSM,,,24.8814762,67.0629797,Karachi,Sindh,Pakistan,,,,,
54d20221-85cb-5859-92ee-153e331d87e8,528778619,way,place,neighbourhood,چاندنی چوک,چاندنی چوک,,,,OSM,,,24.8905848,67.0632813,Karachi,Sindh,Pakistan,,,,,
ac13877f-c6d4-5805-843f-60f21f6fb243,221309376,way,leisure,park,چاندنی چوک پارک,چاندنی چوک پارک,,,,OSM,,,24.8906032,67.0643746,Karachi,Sindh,Pakistan,,,,,
74229013-5953-5897-af7f-9b132c7f6bac,528787954,way,leisure,park,Amina Park,,,,,OSM,,,24.8885338,67.0634104,Karachi,Sindh,Pakistan,,,,,
74cff849-202c-5b69-aabe-d0fc667e74b7,711881899,way,landuse,cemetery,,,,,,OSM,,,24.9005775,67.0669023,Karachi,Sindh,Pakistan,,,,,
29c95bf8-41e2-5d14-bcea-4bd3f30da7b1,7605753,relation,tourism,museum,National Museum,,,,,OSM,,,24.8527182,67.0178418,Karachi,Sindh,Pakistan,,,,,
76b3e2d0-2313-5516-a834-a41bfe20ca59,10156177,relation,amenity,police,آرٹلری میدان اسٹیشن,آرٹلری میدان اسٹیشن,,,,OSM,,,24.8519969,67.0233786,Karachi,Sindh,Pakistan,,,,,
427d8df3-2061-51c6-a866-c62e952bc804,17336275,relation,healthcare,hospital,Liaquat National Hospital,,,,,OSM,Liaquat National Hospital,,24.8922795,67.0682447,Karachi,Sindh,Pakistan,,,,,Q6540194
cb815bbf-4827-55d1-8817-c97c283b5c7d,8294621168,node,railway,station,Manghopir,,,,,OSM,,,24.9052186,67.0018707,Karachi,Sindh,Pakistan,,,,PR,
23bc0b9c-56cc-58c4-84e7-07ed28b84f6d,12208965789,node,amenity,bank,Bank Alfalah۔ بینک الفلاح,,,,,OSM,,,24.9026956,67.002612,Karachi,Sindh,Pakistan,,,,,
c619a101-24bf-5664-b103-73c77852c7fe,12210320491,node,amenity,bank,Bank AL Habib,,,,,OSM,,,24.9040858,67.0033088,Karachi,Sindh,Pakistan,,,,,
c9af4fb4-6e7f-5f32-97af-c3d36a7492ec,5190148620,node,place,neighbourhood,Sherkhan Abad,,,,,OSM,,,24.9301138,67.0033968,Karachi,Sindh,Pakistan,,,,,
2ffda181-9fa4-5ba5-9939-b089a447662c,5089149959,node,healthcare,hospital,Hilal e Ahmer Pakistan,,,,,OSM,,,24.9397464,67.0020979,Karachi,Sindh,Pakistan,,,,,
3e55ac70-6e6b-5f37-a6f5-04d366569571,12151575787,node,leisure,park,Thornbush Park,,,,,OSM,,,24.9001679,67.0071476,Karachi,Sindh,Pakistan,,,,,
5627e79f-0b8f-56dd-91ad-a7dfd1bcab5d,12151568747,node,amenity,marketplace,Jumerat bazaar,,,,,OSM,,,24.9001785,67.0122381,Karachi,Sindh,Pakistan,,,,,
c1b5c9e4-cd2e-5f34-8c49-315a7047646c,5333760823,node,place,neighbourhood,Willayatabad,,,,,OSM,,,24.9012263,67.0156027,Karachi,Sindh,Pakistan,,,,,
1f0fec47-eab4-51c6-af25-0569459912bf,7416104999,node,place,neighbourhood,Hazrat Mohani Colony,,,,,OSM,,,24.902415,67.0153827,Karachi,Sindh,Pakistan,,,,,
668fb6da-cb8a-5326-b37e-a18a59bb3a1d,7416105000,node,place,neighbourhood,الفتح کالونی,الفتح کالونی,,,,OSM,,,24.9005066,67.0116118,Karachi,Sindh,Pakistan,,,,,
c3886b5e-9911-557d-90d8-142a68901d48,4734370176,node,amenity,bank,بينک الحبيب,بينک الحبيب,,,,OSM,,,24.903108,67.0177761,Karachi,Sindh,Pakistan,,,بينک الحبيب,,
4077ae71-0114-5869-97bd-69868a78315c,5127871888,node,amenity,marketplace,Jahangirabad Junk Market,,,,,OSM,,,24.9027798,67.023604,Karachi,Sindh,Pakistan,,,,,
7f69573d-4917-5e26-ac66-fabd1ccf407e,5127925069,node,amenity,bank,Bank Al Habib - ATM,,,,,OSM,,,24.9030712,67.0177167,Karachi,Sindh,Pakistan,,,,,
133e4ae5-e5d5-5482-8ceb-ace832155608,7416104998,node,place,neighbourhood,جدید کالونی,جدید کالونی,,,,OSM,,,24.9022388,67.0199159,Karachi,Sindh,Pakistan,,,,,
1484145c-ff4c-5081-901b-2df4788629f4,7416105004,node,place,neighbourhood,Pak Colony,,,,,OSM,,,24.9006915,67.0178882,Karachi,Sindh,Pakistan,,,,,
b969afa9-9a4f-5eac-a9e0-25244bf5ec6b,8192412009,node,place,neighbourhood,Jahangeerabad,,,,,OSM,,,24.9014217,67.0223361,Karachi,Sindh,Pakistan,,,,,
80d72263-dbd0-5cfc-9ae6-5e8b369aa2a5,4734023581,node,amenity,bank,National Bank,,,,,OSM,,,24.9021496,67.0298852,Karachi,Sindh,Pakistan,,,,,
5d4fecc8-b0d3-5310-95cc-2feba32614dd,4734370168,node,amenity,bank,بينک الحبيب,بينک الحبيب,,,,OSM,,,24.9014661,67.0294056,Karachi,Sindh,Pakistan,,,بينک الحبيب,,
5209ab20-1663-5c04-948c-c0a16b307467,4785884157,node,amenity,police,Rizvia Police Station,,,,,OSM,,,24.906036,67.0278909,Karachi,Sindh,Pakistan,,,,,
bf9c41b3-41d1-59b2-bf7e-709f3b01cea3,5078966597,node,amenity,bank,بينک الحبيب,بينک الحبيب,,,,OSM,,,24.90558,67.0266225,Karachi,Sindh,Pakistan,,,بينک الحبيب,Bank Al Habib,
9ac7dcc3-aa48-51cf-a87b-73d6bcada44e,5078977962,node,amenity,marketplace,Chawala Market,,,,,OSM,,,24.9064451,67.0264694,Karachi,Sindh,Pakistan,,,,,
5cefc412-4337-5758-94a7-a92e736fe4d1,5078977965,node,amenity,marketplace,KMC Meat Market Block 1,,,,,OSM,,,24.9061945,67.0278749,Karachi,Sindh,Pakistan,,,,,
679cd828-dbd2-5d54-9ca0-196fe222eb9e,5078977974,node,amenity,marketplace,Yaqoob Market Block 1,,,,,OSM,,,24.9058661,67.0280465,Karachi,Sindh,Pakistan,,,,,
7a82f172-da52-5d24-8759-140ee94ac109,5127925061,node,amenity,bank,Bank Al Habib - ATM,,,,,OSM,,,24.9014494,67.0294777,Karachi,Sindh,Pakistan,,,,,
27a2f3a7-912b-5dc4-858a-b555c38685dc,5128267604,node,amenity,bank,Habib Metro Bank,,,,,OSM,,,24.906571,67.0268405,Karachi,Sindh,Pakistan,,,,,
c379ea36-d642-58ce-8bc9-237e52d8accf,5128267605,node,amenity,bank,Habib Metro Bank - ATM,,,,,OSM,,,24.9065476,67.0268116,Karachi,Sindh,Pakistan,,,,,
ab2b4bec-c73e-5fd7-9632-72ac4e5f685f,5128267608,node,amenity,bank,Bank Al Habib - ATM,,,,,OSM,,,24.9055644,67.0266492,Karachi,Sindh,Pakistan,,,,,
dc9334dd-46f5-5770-aaf5-bfd63fad4785,5128267609,node,amenity,marketplace,KMC Meat Market,,,,,OSM,,,24.9059402,67.0278104,Karachi,Sindh,Pakistan,,,,,
06a9b6bd-d87f-5d24-962f-3ee0cba96ae6,5128267611,node,amenity,marketplace,Fish & Meat Market,,,,,OSM,,,24.9060317,67.0277626,Karachi,Sindh,Pakistan,,,,,
9bc853a4-9551-521f-a46e-671b15038c54,5331331043,node,place,neighbourhood,Usmania Colony,,,,,OSM,,,24.9011601,67.0246708,Karachi,Sindh,Pakistan,,,,,
70522d62-4d1e-5e50-86b6-a5250dfd8d53,12170333984,node,amenity,bank,Habib Bank Limited,,,,,OSM,,,24.9010391,67.0300427,Karachi,Sindh,Pakistan,,,,,
607df844-b64b-5800-8d0a-036817516ba4,12299687151,node,healthcare,clinic,Khidmat clinic pharm,,,,,OSM,,,24.9011293,67.0250808,Karachi,Sindh,Pakistan,,,,,
8785317d-4231-59e2-a61f-b13639429631,5142738900,node,amenity,bank,HabibMetro Bank,,,,,OSM,,,24.9094865,67.0101484,Karachi,Sindh,Pakistan,,,,,
1cb639be-1576-5542-bea6-46d5a86adcd4,12208919190,node,amenity,bank,Faysal Bank,,,,,OSM,,,24.907533,67.0084214,Karachi,Sindh,Pakistan,,,,,
3bdccd65-0123-57db-8edb-8b30e9bbf919,12208933776,node,amenity,bank,Askari Bank - SITE Area Branch,,,,,OSM,,,24.9073523,67.0082631,Karachi,Sindh,Pakistan,,,,,
f73f57a6-5f7b-5b57-9000-40958fd26a2c,12208954052,node,amenity,bank,Soneri Bank,,,,,OSM,,,24.9072181,67.0079103,Karachi,Sindh,Pakistan,,,,,
37dd301b-a6f0-58a2-b5fd-65c1e46fd932,3523446760,node,amenity,bank,Meezan Bank Limited SITE Branch,,,,,OSM,,,24.9102459,67.0109264,Karachi,Sindh,Pakistan,,,,Meezan Bank Limited,
0c7960e2-4d89-5b30-88b9-9a3b565121cf,3523446761,node,amenity,bank,The Bank of Khyber SITE Branch,,,,,OSM,,,24.911412,67.0126172,Karachi,Sindh,Pakistan,,,,The Bank of Khyber,
55a06274-c54d-5e92-b3ce-b8fcb429948d,5124544380,node,amenity,bank,ایم سی بی بینک,ایم سی بی بینک,,,,OSM,,,24.9122568,67.0139998,Karachi,Sindh,Pakistan,,,ایم سی بی بینک,,
653b7120-7df2-52b5-8336-e661218530b7,5124544381,node,amenity,bank,MCB Bank - ATM,,,,,OSM,,,24.9121699,67.014028,Karachi,Sindh,Pakistan,,,,,
575b647b-52ee-594b-935d-203a36f47ee7,5124544382,node,amenity,bank,The Bank of Khyber - ATM,,,,,OSM,,,24.9113821,67.0125429,Karachi,Sindh,Pakistan,,,,The Bank of Khyber,
185d8fb3-e6d4-557a-88b0-9fbdc4fd7dcf,12208734405,node,amenity,bank,United Bank Limited,,,,,OSM,,,24.9109122,67.0140577,Karachi,Sindh,Pakistan,,,,,
f6efa9fc-2c7e-58bb-9fe7-3919d8791e6a,12208787515,node,healthcare,hospital,Binoria Medical Centre,,,,,OSM,,,24.9077418,67.0152878,Karachi,Sindh,Pakistan,,,,,
36096175-7e7b-53ab-a49f-d3efae3b155f,4757902880,node,amenity,bank,FBL Offsite ATM,,,,,OSM,,,24.9198665,67.0169429,Karachi,Sindh,Pakistan,,,,,
7befc821-3d4b-59c3-b53e-61ed4df08e5b,12206291365,node,healthcare,hospital,Mallick Medical Center,,,,,OSM,,,24.9133135,67.0226112,Karachi,Sindh,Pakistan,,,,,
2fa323f4-6140-52d7-8d00-c5a2b54e052d,12208495572,node,healthcare,hospital,M sami health business,,,,,OSM,,,24.9112557,67.0186858,Karachi,Sindh,Pakistan,,,,,
b85ce9fe-c9a6-5aec-9da3-dc45cb7b8b47,5078966591,node,amenity,bank,ایچ بی ایل پاکستان,ایچ بی ایل پاکستان,,,,OSM,,,24.9078269,67.0263768,Karachi,Sindh,Pakistan,,,ایچ بی ایل پاکستان,,
9da13376-1469-584f-bec8-7f5ce3a3b52c,5083582932,node,leisure,park,Zeeshan Haider Shaheed Park,,,,,OSM,,,24.9101548,67.0289882,Karachi,Sindh,Pakistan,,,,,
7a03263f-818f-51e5-8e87-a6481ca542f7,5083582937,node,amenity,bank,ایم سی بی بینک,ایم سی بی بینک,,,,OSM,,,24.9105444,67.0261306,Karachi,Sindh,Pakistan,,,ایم سی بی بینک,,
babdac50-8da5-5390-9b55-9c9d78da3a10,5117307668,node,amenity,bank,بینک الفلاح,بینک الفلاح,,,,OSM,,,24.9132523,67.0270995,Karachi,Sindh,Pakistan,,,بینک الفلاح,,
04ff16bb-8df6-5c60-8d78-e979978a5dc3,5117307669,node,amenity,atm,,,,,,OSM,,,24.9132659,67.0270876,Karachi,Sindh,Pakistan,,,,Bank Alfalah ATM - Nazimabad 1,
cde5f6b1-f4dd-584a-afc3-e4fa8b41d488,5117307670,node,amenity,bank,سونیری بینک,سونیری بینک,,,,OSM,,,24.9134531,67.026919,Karachi,Sindh,Pakistan,,,سونیری بینک,سونیری بینک,
6ca358cc-f58c-5250-9603-f0ceb7b212ef,5117307671,node,amenity,atm,,,,,,OSM,,,24.9134701,67.0269089,Karachi,Sindh,Pakistan,,,,Soneri Bank ATM - Nazimabad 1,
2ce7c81a-9197-5ad3-b087-5c77b4f63786,5128267599,node,amenity,bank,ایچ بی ایل پاکستان,ایچ بی ایل پاکستان,,,,OSM,,,24.9077629,67.0263695,Karachi,Sindh,Pakistan,,,ایچ بی ایل پاکستان,,
b2e2c627-d44a-5cab-bffd-a2e94a4799aa,5157033882,node,place,neighbourhood,Siraj Colony,,,,,OSM,,,24.9079565,67.0237874,Karachi,Sindh,Pakistan,,,,,
3786410d-8a46-52d1-80dd-3f7af62d2ea0,5160270469,node,amenity,atm,MCB Bank - ATM,,,,,OSM,,,24.910543,67.0262012,Karachi,Sindh,Pakistan,,,,,
7ef62c00-620c-5657-87fa-5e38dc08f212,12206354752,node,leisure,park,Aqeel Park,,,,,OSM,,,24.9129774,67.0240359,Karachi,Sindh,Pakistan,,,,,
5e1896ba-4913-5a27-ad64-9fcff8285fac,8294610400,node,railway,station,اورنگی,اورنگی,,,,OSM,,,24.9159474,67.0203973,Karachi,Sindh,Pakistan,,,,پاکستان ریلویز,
f3076b59-f4fe-5290-9039-18a4748170fa,12205302723,node,leisure,park,Zaki Arshad Shaheed Park Bara Maidan,,,,,OSM,,,24.9167173,67.0213191,Karachi,Sindh,Pakistan,,,,,
9fc84a8a-4b9d-5e2a-8322-6ee8b7717233,12205325902,node,healthcare,pharmacy,Mashaallah Medical And General Store,,,,,OSM,,,24.9168101,67.0219424,Karachi,Sindh,Pakistan,,,,,
4fb92e5e-6867-5427-b6ed-0aedca11f8dd,12205418818,node,healthcare,clinic,Clinic,,,,,OSM,,,24.915861,67.0222626,Karachi,Sindh,Pakistan,,,,,
b51781c8-ce45-55ce-9ef1-2cf2998b33ea,12205420406,node,healthcare,pharmacy,Samad Medicos,,,,,OSM,,,24.9151007,67.0220196,Karachi,Sindh,Pakistan,,,,,
5fc459d3-1846-501d-b49c-538dac708fc9,12206303950,node,healthcare,hospital,(DENTAL DEPARTMENT)HAWWA MEDICAL CENTER,,,,,OSM,,,24.9138173,67.0221469,Karachi,Sindh,Pakistan,,,,,
085891ea-863e-5f83-aeaf-8712210a9132,12206317132,node,healthcare,hospital,Hawwa Medical Center حوا میڈیکل سینٹر,,,,,OSM,,,24.9137622,67.0221522,Karachi,Sindh,Pakistan,,,,,
783cf9f6-3d44-53c6-bd28-cd1a9cb2c81c,5066143328,node,amenity,marketplace,Nazimabad Gole Market,,,,,OSM,,,24.9146456,67.0242217,Karachi,Sindh,Pakistan,,,,,
ef9ef971-2247-528a-bbb9-34a947dd70d7,5066143329,node,amenity,bank,MCB BANK,,,,,OSM,,,24.915193,67.0244336,Karachi,Sindh,Pakistan,,,,,
f38fbd76-76e1-5642-9762-a5fbb06edd2f,5117307672,node,amenity,bank,الائیڈ بینک لمیٹڈ,الائیڈ بینک لمیٹڈ,,,,OSM,,,24.9136686,67.0268059,Karachi,Sindh,Pakistan,,,الائیڈ بینک لمیٹڈ,,
e3c1bd7e-8b64-56fb-89b5-7e72a0fbbd80,5117307673,node,amenity,atm,,,,,,OSM,,,24.9137148,67.0268488,Karachi,Sindh,Pakistan,,,,Allied Bank,
4527f812-fee9-51fa-bee4-e132227c2a56,5117329428,node,amenity,bank,ایچ بی ایل پاکستان,ایچ بی ایل پاکستان,,,,OSM,,,24.913961,67.0257545,Karachi,Sindh,Pakistan,,,ایچ بی ایل پاکستان,,
da32942f-7f53-50a1-be78-8f9dbf6236ab,5117329429,node,amenity,atm,,,,,,OSM,,,24.9139464,67.025792,Karachi,Sindh,Pakistan,,,,Habib Bank,
75605b13-1f61-5d0d-8cbe-895018efff7b,5128410075,node,amenity,bank,MCB BANK - ATM,,,,,OSM,,,24.9151606,67.0243775,Karachi,Sindh,Pakistan,,,,,
c9258e6c-aaa1-5e35-807b-9463700e846c,5128410078,node,amenity,marketplace,3 E 1 Tufail Market Gole Market,,,,,OSM,,,24.9139809,67.024646,Karachi,Sindh,Pakistan,,,,,
4ac0adbe-5682-5def-815e-a75832a0e384,5128410081,node,amenity,bank,سندھ بینک,سندھ بینک,,,,OSM,,,24.9136847,67.0250589,Karachi,Sindh,Pakistan,,,سندھ بینک,,
749b0262-b732-5ca0-9c5f-ab1bd2cff909,5128410082,node,amenity,bank,Sindh Bank - ATM,,,,,OSM,,,24.9136722,67.0250187,Karachi,Sindh,Pakistan,,,,,
2fce2bf9-f9d0-5c40-adb3-4a2cac9c2867,5128625151,node,amenity,bank,Meezan Bank Gole Market Branch,,,,,OSM,,,24.9150665,67.0262989,Karachi,Sindh,Pakistan,,,,,
6af7d5c4-fd8c-5336-8601-b2499b0c8baa,5128625152,node,amenity,bank,Meezan Bank - ATM,,,,,OSM,,,24.915048,67.0262664,Karachi,Sindh,Pakistan,,,,,
c32a30c6-6dd5-5f3d-9a3b-56535397b32c,12205234103,node,healthcare,clinic,Shani Clinic,,,,,OSM,,,24.9182895,67.0240505,Karachi,Sindh,Pakistan,,,,,
0595362e-a473-5556-b6e9-5334e2c1f200,12206375412,node,amenity,bank,Sindh Bank,,,,,OSM,,,24.9136229,67.0248698,Karachi,Sindh,Pakistan,,,,,
5ef96699-ba97-53f1-95af-b0f2f5703330,12255026092,node,amenity,bank,Advans Pakistan Microfinance Bank Ltd,,,,,OSM,,,24.9195968,67.0289855,Karachi,Sindh,Pakistan,,,,,
06d1d1f7-e58e-5132-9d11-297fefb4863f,12255058423,node,healthcare,pharmacy,Sunny chemist,,,,,OSM,,,24.9192739,67.0294572,Karachi,Sindh,Pakistan,,,,,
e11741d1-89ef-5a25-a195-f6b8003c8c1d,12255075538,node,healthcare,pharmacy,Kami Medicos,,,,,OSM,,,24.9193809,67.0292815,Karachi,Sindh,Pakistan,,,,,
75091195-d367-581f-9978-779d5b750be7,12162833417,node,landuse,cemetery,Dargah Hammad Raza Khan,,,,,OSM,,,24.9002167,67.0359269,Karachi,Sindh,Pakistan,,,,,
db998704-bcab-5452-8804-8626f6e8f0a5,12168213161,node,amenity,bank,UBL - Firdous Colony Branch,,,,,OSM,,,24.9002146,67.0305719,Karachi,Sindh,Pakistan,,,,,
9d9d3cec-12ac-59cb-996e-c21e847e8421,12168247562,node,amenity,bank,UBL ATM,,,,,OSM,,,24.9001814,67.0305751,Karachi,Sindh,Pakistan,,,,,
94932097-b26b-5c85-9bfa-39776365654c,5079404670,node,amenity,bank,بینک الفلاح,بینک الفلاح,,,,OSM,,,24.9053138,67.0305759,Karachi,Sindh,Pakistan,,,بینک الفلاح,,
19ac4e28-cceb-549b-854e-b67bf3561886,5127871882,node,amenity,bank,Bank Al Falah - ATM,,,,,OSM,,,24.9052627,67.0305849,Karachi,Sindh,Pakistan,,,,,
b830edb4-acde-584f-80f1-fd7c316c5e54,5137701223,node,amenity,bank,ایچ بی ایل پاکستان,ایچ بی ایل پاکستان,,,,OSM,,,24.9012388,67.0317701,Karachi,Sindh,Pakistan,,,ایچ بی ایل پاکستان,,
a2fed2a1-cbf2-520f-af00-55ed0504b46a,5331331037,node,place,neighbourhood,Nazimabad Block 2,,,,,OSM,,,24.9058208,67.0343439,Karachi,Sindh,Pakistan,,,,,
400a4a1c-d9a2-5fb0-993b-a8a7fefbbe44,12162718557,node,healthcare,hospital,Sindh government mother and child,,,,,OSM,,,24.9063715,67.0319768,Karachi,Sindh,Pakistan,,,,,
61a55f7f-b948-5bac-9928-288d1ea6040e,12162732953,node,leisure,park,Nazimabad Model Park,,,,,OSM,,,24.9048997,67.0312869,Karachi,Sindh,Pakistan,,,,,
456e2d6a-6b37-5bae-aa90-06c23940daf4,12162733831,node,healthcare,hospital,Dow University Hospital - Nazimabad,,,,,OSM,,,24.9066822,67.0317789,Karachi,Sindh,Pakistan,,,,,
ab3d2d14-6c0f-5979-97ab-c4a84660fa3c,12162733833,node,healthcare,hospital,,,,,,OSM,,,24.9058104,67.0316616,Karachi,Sindh,Pakistan,,,,,
e958a78e-2639-58c9-bc75-6f0b894f8680,12162739716,node,healthcare,hospital,Govt Maternity Hospital,,,,,OSM,,,24.9065099,67.0318447,Karachi,Sindh,Pakistan,,,,,
3129fd87-aab4-519d-90ef-4290fc4ab169,12162742927,node,healthcare,hospital,MCH Centre - Polio vaccination center,,,,,OSM,,,24.9062314,67.0318073,Karachi,Sindh,Pakistan,,,,,
7f63bdb1-1690-5287-946c-9a4852567cf8,12162751022,node,healthcare,hospital,Alkhidmat Virology & Genetic Lab,,,,,OSM,,,24.9048096,67.0318703,Karachi,Sindh,Pakistan,,,,,
d96ff2f5-e6ed-512e-9a24-4916b5974fbc,12162751023,node,leisure,park,Children Park,,,,,OSM,,,24.903735,67.0312368,Karachi,Sindh,Pakistan,,,,,
af5d5030-8160-53b0-909f-4458e1fca9aa,12162752178,node,leisure,park,Block 2 park,,,,,OSM,,,24.9055219,67.0313054,Karachi,Sindh,Pakistan,,,,,
8bc0234e-3e40-5752-9367-79cec8678214,12162762044,node,healthcare,hospital,Al-Khidmat Hospital,,,,,OSM,,,24.905573,67.031915,Karachi,Sindh,Pakistan,,,,,
26af28f9-e000-580b-9c96-0d9431b5ffce,12162769829,node,amenity,bank,Allied Bank Ltd. (ABL),,,,,OSM,,,24.901834,67.0324203,Karachi,Sindh,Pakistan,,,,,
8682260e-dddb-5149-bd2c-42c51a3f8480,12162795082,node,leisure,park,Sadequain Park,,,,,OSM,,,24.9025788,67.0339874,Karachi,Sindh,Pakistan,,,,,
5d03f62e-2780-59ef-b235-e314abdaa77c,12162803080,node,healthcare,clinic,Specialist,,,,,OSM,,,24.9022107,67.0349803,Karachi,Sindh,Pakistan,,,,,
8c318680-1531-5199-914a-cf885ab7f348,12167899277,node,amenity,bank,MCB,,,,,OSM,,,24.9007692,67.0327769,Karachi,Sindh,Pakistan,,,,,
1bf3f22c-7fb0-515c-be29-e453daf22cc9,12154048119,node,amenity,police,Super Market Police Station & SDPO Gulbahar office,,,,,OSM,,,24.9010863,67.0370929,Karachi,Sindh,Pakistan,,,,,
9b341204-5050-57f2-bff5-3ddcd5282045,12157499190,node,healthcare,clinic,Ansari Clinic,,,,,OSM,,,24.9067136,67.0417491,Karachi,Sindh,Pakistan,,,,,
708b7c7d-b5e7-5187-b3a5-b6dc16fa9fd1,12157543641,node,healthcare,pharmacy,Zubaida Medicine Shop,,,,,OSM,,,24.9068987,67.041158,Karachi,Sindh,Pakistan,,,,,
51051727-c820-521b-8fee-b032a92078c8,12157557607,node,healthcare,hospital,Zubaida hospital Dr Ambreen,,,,,OSM,,,24.906776,67.0411397,Karachi,Sindh,Pakistan,,,,,
16865f1e-03e2-5159-9d21-c1776682483e,5333234950,node,place,neighbourhood,Liaquatabad Block 5,,,,,OSM,,,24.9004494,67.0487776,Karachi,Sindh,Pakistan,,,,,
f72d0695-4e89-5645-bac3-e8bfdd423d95,5333234951,node,place,neighbourhood,Liaquatabad Block 6,,,,,OSM,,,24.9044477,67.0496197,Karachi,Sindh,Pakistan,,,,,
9f3c26f8-31c1-5111-89d7-e169ebe49444,8117596563,node,place,neighbourhood,Super Market,سپر مارکیٹ,,,,OSM,Super Market (Karachi),,24.9043845,67.0478953,Karachi,Sindh,Pakistan,,,,,Q7642585
1dec17a8-c3b1-5fd3-93f5-2a8e98b0c58b,10688735637,node,healthcare,hospital,MALC Liaquatabad Leprosy Centre,,,"Dermatology, Blindness, Leprosy, MCHC, Tubercolosis",,OSM,,,24.9010026,67.0435946,Karachi,Sindh,Pakistan,,,,MALC,
f9e4797e-8342-5861-bbcb-efbf46c0496c,12154155137,node,healthcare,clinic,Amir Clinic,,,,,OSM,,,24.9008949,67.0433872,Karachi,Sindh,Pakistan,,,,,
8da05ab4-5cab-55f8-9bca-78b87eeccc00,12155071898,node,amenity,bank,Habib Bank,,,,,OSM,,,24.9015291,67.045017,Karachi,Sindh,Pakistan,,,,,
d60f3d79-d9ff-56af-ae32-d8587cdf7f58,12155190752,node,healthcare,pharmacy,Firdous Medical,,,,,OSM,,,24.9048024,67.0450296,Karachi,Sindh,Pakistan,,,,,
a2889fc0-33bf-58c3-b0d9-fb923aba5b9b,12155306628,node,amenity,marketplace,"Abbas Market, Ali Kusar Building,",,,,,OSM,,,24.9031114,67.0459638,Karachi,Sindh,Pakistan,,,,,
c7a95f61-2b0b-5130-ba44-f6975939439e,12155368951,node,amenity,marketplace,Rehana Market Lalo khet,,,,,OSM,,,24.9054101,67.0473826,Karachi,Sindh,Pakistan,,,,,
5343ff6a-870b-5a1d-9900-bc74a3382f7b,12155371757,node,healthcare,hospital,Aslam Eye Hospital,,,,,OSM,,,24.9055023,67.0471851,Karachi,Sindh,Pakistan,,,,,
6b1b908d-4eb5-50c0-abcb-f0471909e33e,12155427751,node,amenity,bank,Allied Bank Ltd. (ABL) - Liaquatabad Br. 0152,,,,,OSM,,,24.9061909,67.0478554,Karachi,Sindh,Pakistan,,,,,
bc8d1dfc-bb86-5d82-aa35-0dd5a4f3fde8,12155453570,node,amenity,bank,Bank AL Habib۔ بینک الحبیب,,,,,OSM,,,24.9060795,67.0477869,Karachi,Sindh,Pakistan,,,,,
7cf91f4b-1e1f-5c20-a22a-516ac86778af,12155475975,node,amenity,bank,United Bank Limited,,,,,OSM,,,24.9064262,67.0479154,Karachi,Sindh,Pakistan,,,,,
5f246053-a316-5ea8-84e5-7c8731729d7b,12155482147,node,healthcare,hospital,HAMDARD Matab,,,,,OSM,,,24.9064694,67.0479028,Karachi,Sindh,Pakistan,,,,,
192d3e59-2a22-5dbc-ae60-a1604c8d93e1,12155483518,node,amenity,bank,HabibMetro Bank,,,,,OSM,,,24.9064822,67.0480469,Karachi,Sindh,Pakistan,,,,,
ddc37788-1c77-5e0b-bfea-9a2a570183fe,12155483555,node,amenity,bank,Sindh Bank,,,,,OSM,,,24.9067719,67.0482296,Karachi,Sindh,Pakistan,,,,,
765eb118-1091-53c2-a0cb-2191ab370f59,12155503049,node,amenity,bank,Askari Bank,,,,,OSM,,,24.9067452,67.0482219,Karachi,Sindh,Pakistan,,,,,
22601766-f890-56b0-9d03-1442d4937f68,12155610727,node,amenity,bank,Meezan Bank - Liaquatabad Branch,,,,,OSM,,,24.9065864,67.0481225,Karachi,Sindh,Pakistan,,,,,
002a574d-d123-5b9e-99f1-7f917926f792,12158304609,node,healthcare,clinic,Dr abdali clinic,,,,,OSM,,,24.906906,67.0443976,Karachi,Sindh,Pakistan,,,,,
4ec065a1-1ceb-5d89-9a35-326488186a77,4777293754,node,place,neighbourhood,لیاقت آباد,لیاقت آباد,,,,OSM,Liaquatabad,,24.9041361,67.0532709,Karachi,Sindh,Pakistan,,,,,Q6540201
7c967b56-efa3-5bf6-83bb-742b96001069,5333234952,node,place,neighbourhood,لیاقت آباد بلاک 7,لیاقت آباد بلاک 7,,,,OSM,,,24.902625,67.0550576,Karachi,Sindh,Pakistan,,,,,
ff55df57-daf3-5edd-81c6-19cd41b5e4ea,5333234954,node,place,neighbourhood,لیاقت آباد بلاک 9,لیاقت آباد بلاک 9,,,,OSM,,,24.9062662,67.0541476,Karachi,Sindh,Pakistan,,,,,
f9b8f6af-0d72-5d63-b3f8-dfe3f559ce71,5079404681,node,amenity,bank,الائیڈ بینک لمیٹڈ,الائیڈ بینک لمیٹڈ,,,,OSM,,,24.9073257,67.0330971,Karachi,Sindh,Pakistan,,,الائیڈ بینک لمیٹڈ,,
dfd4f74a-07f6-559e-b07d-a1b7df0529cf,5079404682,node,amenity,bank,سونیری بینک,سونیری بینک,,,,OSM,,,24.9075033,67.0348379,Karachi,Sindh,Pakistan,,,سونیری بینک,سونیری بینک,
750a745d-e21b-5654-bb91-61cf2e20e20b,5166852087,node,amenity,atm,Allied Bank Limited - ATM,,,,,OSM,,,24.9073647,67.0331749,Karachi,Sindh,Pakistan,,,,,
9e3f5505-5e76-59c0-ba4d-9f13a0792fd7,12159716466,node,amenity,bank,First Women Bank Ltd. (FWBL) - Nazimabad Branch,,,,,OSM,,,24.9105438,67.0365623,Karachi,Sindh,Pakistan,,,,,
2ff3e595-a4de-5d24-a58c-ef9e4a9033af,12160056341,node,amenity,police,S.S.P Asif Ahmed Bughio,,,,,OSM,,,24.9108215,67.0335582,Karachi,Sindh,Pakistan,,,,,
1afa75bf-3f8f-5a26-ae31-c0cc44faa177,12160084910,node,healthcare,hospital,Hammad Foundation Medical Complex,,,,,OSM,,,24.9107857,67.0338087,Karachi,Sindh,Pakistan,,,,,
101fceed-73df-51a5-9320-1711317e799b,12160084943,node,amenity,police,Police Station Nazimabad& SDPO Nazimabad.,,,,,OSM,,,24.911109,67.0334195,Karachi,Sindh,Pakistan,,,,,
16db0caa-a811-5274-a94d-bad44fedc3c6,12160329225,node,leisure,park,I OWN FAMILY PARK,,,,,OSM,,,24.9129245,67.031554,Karachi,Sindh,Pakistan,,,,,
c503d8d3-16fd-5302-b51c-f5fe31166d42,12160515386,node,leisure,park,Tikona Park,,,,,OSM,,,24.9133542,67.0338657,Karachi,Sindh,Pakistan,,,,,
6955e39a-84d5-5b37-af55-ee2ec33ce1ce,12161448352,node,amenity,bank,MCB ATM,,,,,OSM,,,24.907178,67.0323188,Karachi,Sindh,Pakistan,,,,MCB ATM,
ac548c02-b3c6-5257-a378-6b9596881f5e,12161452309,node,leisure,park,Nazimbad No 2 Local Park,,,,,OSM,,,24.9070894,67.0314042,Karachi,Sindh,Pakistan,,,,,
6083326f-aaf1-5e14-b537-345a47410038,12161468142,node,amenity,bank,MCB Bank Enquiry Office Branch,,,,,OSM,,,24.9071447,67.0323287,Karachi,Sindh,Pakistan,,,,,
db2c29e3-72a7-5a82-bca0-b3862f6f8a3e,12161475122,node,healthcare,pharmacy,Tayyebi Dawakhana,,,,,OSM,,,24.9076829,67.0330321,Karachi,Sindh,Pakistan,,,,,
a48eb031-0c94-5032-b8c3-4bb023452af5,12161598678,node,leisure,park,Nazim Shaheed Park,,,,,OSM,,,24.9087163,67.0347166,Karachi,Sindh,Pakistan,,,,,
9d023f6e-b18b-5639-ad6f-a6eda2258739,12161623139,node,healthcare,hospital,"Dr,. Ghazala maternity Hospital",,,,,OSM,,,24.9089846,67.034203,Karachi,Sindh,Pakistan,,,,,
c4e4add6-20fe-5ba3-96cb-498b85acfc00,12161785545,node,healthcare,hospital,Baqai Medical University · Rheumatology Unit,,,,,OSM,,,24.9077436,67.0348621,Karachi,Sindh,Pakistan,,,,,
ad43f99c-242c-5824-8ef7-bd3574b9e2b2,12161786967,node,healthcare,hospital,Baqai Foot Care Clinic,,,,,OSM,,,24.9077772,67.0357418,Karachi,Sindh,Pakistan,,,,,
1ed5ef84-2bbd-56c6-8457-2c8c10ffc938,12161789394,node,leisure,park,Ladies Park,,,,,OSM,,,24.9092738,67.035934,Karachi,Sindh,Pakistan,,,,,
882ce124-1164-5d4d-b417-b0e763bf2ef7,12161793660,node,healthcare,hospital,Baqai Institute of Cardiovascular Disease,,,,,OSM,,,24.9078447,67.0361546,Karachi,Sindh,Pakistan,,,,,
c9d03217-3b69-54bc-bb56-0e293dcef68c,12161917550,node,amenity,marketplace,Manzoor Market,,,,,OSM,,,24.9081986,67.0338182,Karachi,Sindh,Pakistan,,,,,
dfe2a611-7bb3-5a9c-aeb6-f42b289ee4d1,12162229346,node,leisure,park,Nazimbad No 2 Ground,,,,,OSM,,,24.9092803,67.0314947,Karachi,Sindh,Pakistan,,,,,
424de5c6-a419-5117-92d9-06d59ee2d8ac,12162711412,node,amenity,bank,Soneri Bank,,,,,OSM,,,24.9071228,67.0328189,Karachi,Sindh,Pakistan,,,,,
c560a1a3-9ef9-588b-86f3-cf5ab0f73d72,12162715741,node,amenity,bank,Soneri ATM,,,,,OSM,,,24.9071625,67.0329243,Karachi,Sindh,Pakistan,,,,,
d048412f-b59c-5fa6-8eed-d093e4db4212,12162735701,node,amenity,bank,Bank Al Habib Ltd۔ بینک الحبیب لمیٹڈ,,,,,OSM,,,24.9070396,67.033019,Karachi,Sindh,Pakistan,,,,,
d6ab74e8-1420-5983-ad1b-d73c7599789d,12194313232,node,leisure,park,family park,,,,,OSM,,,24.9110837,67.0366161,Karachi,Sindh,Pakistan,,,,,
22a12ac4-b91e-517b-b0e1-27bc27ce393a,12157479164,node,healthcare,pharmacy,Sultan Medical,,,,,OSM,,,24.9083744,67.041778,Karachi,Sindh,Pakistan,,,,,
9f429dac-ae75-551a-9f77-266a604e45c4,12157499155,node,healthcare,hospital,Fozia Aman Hospital,,,,,OSM,,,24.9079861,67.0418193,Karachi,Sindh,Pakistan,,,,,
ccda21bf-acd0-5dce-81f9-ae0063f081eb,12157527071,node,leisure,park,Usama Family Park,,,,,OSM,,,24.9079164,67.0424407,Karachi,Sindh,Pakistan,,,,,
9f3ce490-9a02-5c5c-b50d-66644292605d,12157595760,node,healthcare,hospital,Ziya Cilenic,,,,,OSM,,,24.9074743,67.040126,Karachi,Sindh,Pakistan,,,,,
7a533428-2704-559f-b5f6-650a11a6b1cb,12157755686,node,healthcare,pharmacy,Masha Allah Medical and General Store,,,,,OSM,,,24.9091297,67.0413026,Karachi,Sindh,Pakistan,,,,,
90863162-e2af-5891-8c61-9a78d117c9f5,12157909016,node,amenity,bank,Soneri Bank,,,,,OSM,,,24.9093146,67.0431496,Karachi,Sindh,Pakistan,,,,,
ca4ff45e-56dc-5ba8-b2e5-1133a8c7f673,12158285698,node,amenity,police,Superintendent of Police,,,,,OSM,,,24.9101067,67.0419105,Karachi,Sindh,Pakistan,,,,,
c61e1b79-c1a8-590e-b0c8-7adcc5ba09bc,12161667194,node,healthcare,pharmacy,Talha Medical Store,,,,,OSM,,,24.9087181,67.0378778,Karachi,Sindh,Pakistan,,,,,
0e41040b-47ab-5c25-a48e-f698ad59742e,12161682335,node,leisure,park,Furqan park,,,,,OSM,,,24.9092684,67.0378786,Karachi,Sindh,Pakistan,,,,,
edab886a-5b06-5494-a153-7ee86f30728b,12182061977,node,leisure,park,Dawn Ground,,,,,OSM,,,24.912148,67.0431472,Karachi,Sindh,Pakistan,,,,,
3c4910d5-8f89-5e76-87d8-3e4fcba472bb,12194334561,node,healthcare,pharmacy,Nigehban compounding pharmacy,,,,,OSM,,,24.911359,67.0376995,Karachi,Sindh,Pakistan,,,,,
d4144185-6df4-5140-a8f8-dd645f6022b4,5079542885,node,amenity,bank,اسٹینڈرڈ چارٹرڈ,اسٹینڈرڈ چارٹرڈ,,,,OSM,,,24.9181777,67.0309702,Karachi,Sindh,Pakistan,,,اسٹینڈرڈ چارٹرڈ,اسٹینڈرڈ چارٹرڈ,
0ba3b04c-140e-53f2-aa2d-4889cb771fec,5079542888,node,amenity,bank,بینک اسلامی,بینک اسلامی,,,,OSM,,,24.9156089,67.0309219,Karachi,Sindh,Pakistan,,,بینک اسلامی,بینک اسلامی,
27ea929c-964d-52b8-bfb2-38b2727da776,5079542890,node,amenity,bank,Habib Metro Bank - ATM,,,,,OSM,,,24.9148359,67.0308781,Karachi,Sindh,Pakistan,,,Habib Metro Bank,,
ea259578-0f85-516e-a80a-5b3f2fc62933,5079542891,node,amenity,bank,فیصل بینک,فیصل بینک,,,,OSM,,,24.9139718,67.0308495,Karachi,Sindh,Pakistan,,,فیصل بینک,,
aa393874-018d-579d-854f-0c22af49672f,5079542898,node,healthcare,hospital,AO Medical Centre,,,,,OSM,,,24.9141567,67.0308307,Karachi,Sindh,Pakistan,,,,,
d789c4cc-7fd6-5fe2-a693-6e7aafc9d772,5117205308,node,amenity,atm,,,,,,OSM,,,24.9181372,67.0309445,Karachi,Sindh,Pakistan,,,,Standard Chartered Bank,
d7f4a9d3-acd9-51e6-a9c9-152d4fca6c24,5117205314,node,amenity,atm,,,,,,OSM,,,24.9156146,67.0308748,Karachi,Sindh,Pakistan,,,,ATM,
716029d7-f2bc-575d-9f91-646fb3039eae,5117307656,node,amenity,atm,,,,,,OSM,,,24.9148811,67.030878,Karachi,Sindh,Pakistan,,,,Habib Metro Bank,
a9e47972-3bb4-5d24-a81f-5235c41699c8,5117307657,node,amenity,atm,,,,,,OSM,,,24.9139872,67.030797,Karachi,Sindh,Pakistan,,,,Faysal Bank,
1c6fa1f4-b9b7-5dcd-a5c5-94cbb63c15a7,5117307658,node,amenity,bank,میزان بینک,میزان بینک,,,,OSM,,,24.9137634,67.0308104,Karachi,Sindh,Pakistan,,,میزان بینک,,
508febf7-b6ec-5039-bde0-0b536f4e83d1,5117307659,node,amenity,atm,,,,,,OSM,,,24.9137196,67.0308158,Karachi,Sindh,Pakistan,,,,Meezan Bank,
6bc3278f-f25d-57aa-92cb-75bd758c4b38,5331127487,node,amenity,bank,ایچ بی ایل پاکستان,ایچ بی ایل پاکستان,,,,OSM,,,24.9157954,67.0335394,Karachi,Sindh,Pakistan,,,ایچ بی ایل پاکستان,Habib Bank Limited,
2ce34dcb-b432-51e2-9ab0-bdafdedf82ab,5331127488,node,amenity,bank,الائیڈ بینک لمیٹڈ,الائیڈ بینک لمیٹڈ,,,,OSM,,,24.9156316,67.0334665,Karachi,Sindh,Pakistan,,,الائیڈ بینک لمیٹڈ,,
65bdbb52-44df-5129-aa0f-d7126df9dfe9,12155450384,node,healthcare,clinic,AHSAS clinic,,,,,OSM,,,24.9161291,67.0347827,Karachi,Sindh,Pakistan,,,,,
154aaf80-8a04-5245-96be-78d4959f3e08,12155468873,node,amenity,bank,Meezan Bank - Hadi Market Branch,,,,,OSM,,,24.9160845,67.0350991,Karachi,Sindh,Pakistan,,,,,
c97d774f-7060-5e38-b88f-f266dc2855ba,12160353108,node,leisure,park,Victory Park,,,,,OSM,,,24.9144089,67.0315223,Karachi,Sindh,Pakistan,,,,,
2ae0fa2f-4748-5997-94c2-eb0f71a44d32,12160385666,node,leisure,park,Annu Bhai Ground,,,,,OSM,,,24.9160969,67.0320564,Karachi,Sindh,Pakistan,,,,,
40f11132-2b75-5960-9612-0b57f1b4f940,12160389623,node,leisure,park,Captain Karnal Sher Khan Shaheed (NH) Park,,,,,OSM,,,24.9144348,67.034086,Karachi,Sindh,Pakistan,,,,,
a67928e9-e96a-5fec-a0ca-02a12882a08a,12160405361,node,leisure,park,Sarim Fayyaz play time Park,,,,,OSM,,,24.9154357,67.0319998,Karachi,Sindh,Pakistan,,,,,
034fcc01-569f-5a12-94a4-98fb9dcbce4a,12160455294,node,amenity,marketplace,Hadi Market,,,,,OSM,,,24.9159657,67.0330047,Karachi,Sindh,Pakistan,,,,,
ae8fa10d-02e6-5870-85aa-58b7adc46c2e,12160480111,node,amenity,bank,Bank Al Habib,,,,,OSM,,,24.916228,67.0336755,Karachi,Sindh,Pakistan,,,,,
6204c637-4125-5c6d-ae3f-beb3f7870b25,12160493026,node,healthcare,hospital,Healthy Pakistan Medical Centre,,,,,OSM,,,24.916473,67.0331319,Karachi,Sindh,Pakistan,,,,,
f4787519-bad9-5ff7-a619-a3c53330069b,12160514917,node,leisure,park,Central Park Nazimabad 4,,,,,OSM,,,24.9154378,67.0352748,Karachi,Sindh,Pakistan,,,,,
f0b0dcae-a259-5527-a329-8b742af76025,12160523065,node,amenity,bank,ASA MFB Pakistan Ltd. Golimar Branch,,,,,OSM,,,24.9147859,67.0344836,Karachi,Sindh,Pakistan,,,,,
37582ccf-e701-54f5-979e-ea3e9d5b51f4,12184110847,node,healthcare,hospital,Zam Zam Hospital,,,,,OSM,,,24.9182864,67.0337931,Karachi,Sindh,Pakistan,,,,,
b3c826bb-e51a-5328-a7a9-49f5d162b1c1,12184130182,node,healthcare,hospital,Hemophilia Welfare Society Karachi,,,,,OSM,,,24.9183376,67.0327951,Karachi,Sindh,Pakistan,,,,,
883fac0d-bbbe-56eb-88a4-2df7a344c1c2,12184233855,node,healthcare,hospital,A.O. HOSPITAL,,,,,OSM,,,24.9179128,67.032076,Karachi,Sindh,Pakistan,,,,,
ddf11359-21b3-5003-856e-8687393865e8,12182464881,node,leisure,park,Mujahid colony Farooq e Azam park,,,,,OSM,,,24.9189454,67.0411093,Karachi,Sindh,Pakistan,,,,,
e31d82c6-7e0f-50ec-8bd7-dab3dd509176,12213925592,node,healthcare,hospital,Doctors Saleem ullah clinic,,,,,OSM,,,24.9171654,67.0416383,Karachi,Sindh,Pakistan,,,,,
623db611-21b2-5893-a228-c9e31aa25a9a,12213966638,node,amenity,bank,Shamshad Furniture Fackry,,,,,OSM,,,24.9164175,67.0413205,Karachi,Sindh,Pakistan,,,,,
410840e1-d3fa-59f5-930f-08e538c442da,12155978396,node,healthcare,hospital,Abdus Samad Memorial Hospital,,,,,OSM,,,24.9090098,67.0485471,Karachi,Sindh,Pakistan,,,,,
c410c1f0-a3ab-56b8-a2f9-516310d570cb,12157429943,node,healthcare,pharmacy,Naeem medical store,,,,,OSM,,,24.9090279,67.0434788,Karachi,Sindh,Pakistan,,,,,
5bccde31-90d2-5702-a02d-60cf90851a14,12158310051,node,healthcare,clinic,Sajjad khatna (child),,,,,OSM,,,24.907142,67.0437271,Karachi,Sindh,Pakistan,,,,,
7247ffae-dfd5-5ec0-8050-51e9b52fd4b0,12158340810,node,healthcare,hospital,Shah Medical Center,,,,,OSM,,,24.9072163,67.0441594,Karachi,Sindh,Pakistan,,,,,
b7e66334-4ded-5e8b-94d0-72448956131b,12180016279,node,amenity,marketplace,Iqbal Cattel,,,,,OSM,,,24.9095066,67.0485526,Karachi,Sindh,Pakistan,,,,,
0aba6b71-d615-56b3-b4c7-dedda4dcb488,12180041231,node,amenity,marketplace,Cattel Market,,,,,OSM,,,24.9095319,67.0483667,Karachi,Sindh,Pakistan,,,,,
882988e8-5af7-5d50-ac4f-47320da7d2f9,12180573816,node,amenity,bank,MCB Bank ATM,,,,,OSM,,,24.9098225,67.0451796,Karachi,Sindh,Pakistan,,,,,
3a89d07e-7772-5fba-bcf8-5028a6539610,12180587151,node,amenity,bank,MCB Bank۔ ایم سی بی بینک,,,,,OSM,,,24.909849,67.0452352,Karachi,Sindh,Pakistan,,,,,
12e3a1c5-0070-5299-9949-8bdca4ff659c,12182230155,node,leisure,park,Quaid E Azam Park F C Area,,,,,OSM,,,24.9131184,67.0462114,Karachi,Sindh,Pakistan,,,,,
c02ab977-25e1-5dfb-abb2-d4d09438dc65,12182264178,node,leisure,park,Aya Sofya Muhalla Park,,,,,OSM,,,24.9126571,67.0440332,Karachi,Sindh,Pakistan,,,,,
24fbc40f-32b3-54af-b24c-eccbfc914a1e,12174424598,node,healthcare,pharmacy,Madni Drug Mart,,,,,OSM,,,24.9099297,67.0502641,Karachi,Sindh,Pakistan,,,,,
65df9dcd-31e8-5553-8478-51e3f7416072,12174458387,node,amenity,bank,Habib Bank,,,,,OSM,,,24.9095191,67.0500177,Karachi,Sindh,Pakistan,,,,,
870d0475-8408-50a3-bb49-ca447d9145db,12179905863,node,healthcare,pharmacy,Al.HAmd Medical store,,,,,OSM,,,24.9112922,67.0505064,Karachi,Sindh,Pakistan,,,,,
1a20e85a-8891-5c3d-83e2-c5f82b3d41b1,12179905875,node,healthcare,hospital,Advance emergency center,,,,,OSM,,,24.9115344,67.0507649,Karachi,Sindh,Pakistan,,,,,
a151fe7a-f98c-50ad-91f8-8c1b817558cc,12179924113,node,healthcare,hospital,Sindh Government Hospital Liaquatabad,,,,,OSM,,,24.9116863,67.0509932,Karachi,Sindh,Pakistan,,,,,
86010e47-d6ae-54dc-8ecf-3801d2484955,5117719423,node,amenity,marketplace,Gole Market - FC Area,,,,,OSM,,,24.9157452,67.0477313,Karachi,Sindh,Pakistan,,,,,
28d1b137-73c3-5464-b24b-26b5fb4f886b,12182123662,node,healthcare,hospital,FWC No 1,,,,,OSM,,,24.9142239,67.0441494,Karachi,Sindh,Pakistan,,,,,
01d21050-da41-59be-a84f-7ed8c2084a56,12182400189,node,healthcare,hospital,Ayaan Maternity Home,,,,,OSM,,,24.9145435,67.0471346,Karachi,Sindh,Pakistan,,,,,
89f658dc-339f-56e3-84b7-3c6c567e4f75,12182426448,node,amenity,marketplace,Goal Market F.C Area۔ گول مارکیٹ ایف سی ایریا,,,,,OSM,,,24.9144387,67.0479167,Karachi,Sindh,Pakistan,,,,,
30877679-4e19-575a-b36a-61b613bb2a6e,12182456225,node,healthcare,pharmacy,Mubeen medical & General Store,,,,,OSM,,,24.9190433,67.0444213,Karachi,Sindh,Pakistan,,,,,
0d074e44-2eff-5fb7-bbb9-91ef8d49b670,12182459247,node,amenity,marketplace,Jumerat Bazar Thursday Market,,,,,OSM,,,24.9183376,67.0448793,Karachi,Sindh,Pakistan,,,,,
86c291ce-3081-555a-af5f-fbec26ee907d,12213583964,node,healthcare,hospital,Dr Mehdi S. Chunara Clinic,,,,,OSM,,,24.9193182,67.0486818,Karachi,Sindh,Pakistan,,,,,
2f785fe7-b475-52d3-993e-0d570ef1eefc,12213765666,node,healthcare,pharmacy,Qydsita clinic,,,,,OSM,,,24.9165937,67.0497452,Karachi,Sindh,Pakistan,,,,,
04444267-31d4-5d76-8d30-705afba20ecf,12213799553,node,healthcare,hospital,Ayaan Maternity Home,,,,,OSM,,,24.9159649,67.0469126,Karachi,Sindh,Pakistan,,,,,
cf5a36bd-24ad-5500-96e4-1b17eb372467,8321073498,node,place,neighbourhood,Karimabad,,,,,OSM,,,24.9195535,67.0556807,Karachi,Sindh,Pakistan,,,,,
5070f19b-4550-5883-a1cf-87bda3e2c809,12142094170,node,healthcare,pharmacy,Doctor Drugs,,,,,OSM,,,24.9163315,67.0556767,Karachi,Sindh,Pakistan,,,,,
dfdfb61e-266f-5bbf-bbf4-d5770882e1ee,12142291836,node,amenity,bank,MCB Bank Ltd,,,,,OSM,,,24.9170239,67.0550251,Karachi,Sindh,Pakistan,,,,,
282668f0-004f-5415-9daf-c71ceda69d03,12142346001,node,healthcare,hospital,OTC HOSPITAL,,,,,OSM,,,24.9176332,67.0557706,Karachi,Sindh,Pakistan,,,,,
3c57e940-6506-5d67-9110-dbab6a2a41d7,12142364404,node,healthcare,pharmacy,Discount Medical and General Store,,,,,OSM,,,24.9177699,67.0553394,Karachi,Sindh,Pakistan,,,,,
391c5601-b9cd-5c58-babf-842d65d8658c,12201989515,node,amenity,bank,Sindh Bank,,,,,OSM,,,24.9200638,67.0541056,Karachi,Sindh,Pakistan,,,,,
c6d421d6-f725-5c69-bd7a-5da4c0e91afd,12213752642,node,amenity,marketplace,"Lalukhet Sunday Market, Bakra Mandi",,,,,OSM,,,24.9159121,67.0510731,Karachi,Sindh,Pakistan,,,,,
759021e8-b936-50e5-9257-33e25b5ec1f0,5333234957,node,place,neighbourhood,Pili Kothi,,,,,OSM,,,24.9069549,67.0587394,Karachi,Sindh,Pakistan,,,,,
2c7ab982-d773-58a2-b717-94c2f2bcaf45,5333234959,node,place,neighbourhood,قاسم آباد,قاسم آباد,,,,OSM,,,24.9010049,67.0585391,Karachi,Sindh,Pakistan,,,,,
6dd15ab1-02f1-54f0-a1a9-f4dc792be26a,12147486170,node,healthcare,pharmacy,Saba medicos & clinic,,,,,OSM,,,24.9011003,67.0590984,Karachi,Sindh,Pakistan,,,,,
f534c46b-a548-5e23-8a47-16a913d29dac,12146237583,node,landuse,cemetery,Essa Nagri Cemetery,,,,,OSM,,,24.9043175,67.065208,Karachi,Sindh,Pakistan,,,,,
7250d6ed-339c-57ca-81e2-f310546ad94d,4764692571,node,amenity,bank,بينک الحبيب,بينک الحبيب,,,,OSM,,,24.9082379,67.058306,Karachi,Sindh,Pakistan,,,بينک الحبيب,,
086ba26e-89ec-5d89-859f-74f686276ec6,5124262218,node,amenity,bank,Bank Al Habib - ATM,,,,,OSM,,,24.9082219,67.0584039,Karachi,Sindh,Pakistan,,,,,
08f5fa46-8323-5864-a6eb-09b2ed034eb8,5149746115,node,amenity,bank,فیصل بینک,فیصل بینک,,,,OSM,,,24.9085431,67.0602123,Karachi,Sindh,Pakistan,,,فیصل بینک,,
e5d7400f-b040-54aa-a99a-1440c28b43d1,5330851433,node,place,neighbourhood,Ishaqabad,,,,,OSM,,,24.9090435,67.0596442,Karachi,Sindh,Pakistan,,,,,
87592f93-4a7e-54ae-a0fd-54966da3a113,5331331021,node,place,neighbourhood,FB Area Block 2,,,,,OSM,,,24.9115238,67.0616571,Karachi,Sindh,Pakistan,,,,,
3af49738-656f-5ee6-afde-7954fead6e8b,5331331027,node,healthcare,clinic,Aga Khan University Hospital Medical Centre Garibabad Karachi,,,,,OSM,,,24.9089366,67.060204,Karachi,Sindh,Pakistan,,,,,
70768f46-dff9-5c88-adc8-4e5c474bf9a3,12131102879,node,healthcare,clinic,Nofil Trader,,,,,OSM,,,24.9134067,67.0619985,Karachi,Sindh,Pakistan,,,,,
7fd42bb9-e089-5ab4-bcc0-d82eeeefcdb4,12146643475,node,amenity,bank,Meezan Bank - Gharibabad Branch,,,,,OSM,,,24.9080947,67.0592494,Karachi,Sindh,Pakistan,,,,,
b4afcd60-fada-5725-b20a-7e4470e80e51,12146672903,node,healthcare,pharmacy,AMIR MEDICAL STORE,,,,,OSM,,,24.9074636,67.0590051,Karachi,Sindh,Pakistan,,,,,
1c8a30e5-da21-5a5d-988e-3965dd73c4dd,5157033891,node,place,neighbourhood,Bhangoria Town,,,,,OSM,,,24.9110111,67.0649366,Karachi,Sindh,Pakistan,,,,,
f9d77cf8-f32c-5c55-882f-a4268ea8dbc9,12140096722,node,leisure,park,Al-Falah Ground,,,,,OSM,,,24.9129904,67.0659396,Karachi,Sindh,Pakistan,,,,,
a3f9b720-019b-5a52-a1a3-4efdac4d636f,12140205403,node,healthcare,hospital,AS CABLE NETWORK,,,,,OSM,,,24.911889,67.0657343,Karachi,Sindh,Pakistan,,,,,
410f29c2-1f9e-5110-aa51-d9ddc85af765,12147813492,node,healthcare,pharmacy,SK&S Pharmaceuticals,,,,,OSM,,,24.9118786,67.0642192,Karachi,Sindh,Pakistan,,,,,
839ef1de-1471-5869-aef9-aa88235e70dc,4762613112,node,amenity,bank,Burj Bank,,,,,OSM,,,24.9152067,67.0584332,Karachi,Sindh,Pakistan,,,,,
693b1423-6d04-58db-b7e9-89f32ba76aef,4762613115,node,amenity,bank,ایچ بی ایل پاکستان,ایچ بی ایل پاکستان,,,,OSM,,,24.9163039,67.0599997,Karachi,Sindh,Pakistan,,,ایچ بی ایل پاکستان,,
442856dd-abe9-5fb1-95a8-cace6c94109a,4762613118,node,amenity,bank,میزان بینک,میزان بینک,,,,OSM,,,24.9174217,67.0598615,Karachi,Sindh,Pakistan,,,میزان بینک,,
3acceeb3-f8a4-5a57-bb12-267bdc2daba7,4762613119,node,amenity,bank,Burj Bank Limited,,,,,OSM,,,24.9166606,67.0602126,Karachi,Sindh,Pakistan,,,,,
75b77993-19b9-5daa-9248-eb506557a2b6,4762614022,node,amenity,bank,بينک الحبيب,بينک الحبيب,,,,OSM,,,24.9178985,67.0620268,Karachi,Sindh,Pakistan,,,بينک الحبيب,,
ef2e3d7a-8803-53e8-a869-5f680ff65182,4775097543,node,place,neighbourhood,Federal B Area Block 2,,,,,OSM,,,24.914426,67.0608949,Karachi,Sindh,Pakistan,,,,,
c22ea159-ed00-534e-b2e1-2d2fb8ddc327,4785857329,node,amenity,police,Azizabad Police Station,,,,,OSM,,,24.9165319,67.0629332,Karachi,Sindh,Pakistan,,,,,
534bc964-04f7-5948-8402-b7816b716b66,5084385865,node,healthcare,hospital,Fatima Bai Tai Memorial Hospital,,,,,OSM,,,24.9186875,67.0614123,Karachi,Sindh,Pakistan,,,,,
56929803-77e0-5e30-865f-4ea756acf270,5133026884,node,amenity,bank,دبئی اسلامی بینک,دبئی اسلامی بینک,,,,OSM,,,24.9180605,67.062191,Karachi,Sindh,Pakistan,,,دبئی اسلامی بینک,,
eeee2ff7-2adf-5035-baca-de414340c912,5137513212,node,amenity,bank,میزان بینک,میزان بینک,,,,OSM,,,24.9166878,67.0602854,Karachi,Sindh,Pakistan,,,میزان بینک,,
613b4bfe-fc27-5c8e-9f97-eb3143a50c4f,5137761732,node,amenity,bank,الائیڈ بینک لمیٹڈ,الائیڈ بینک لمیٹڈ,,,,OSM,,,24.9176779,67.0614351,Karachi,Sindh,Pakistan,,,الائیڈ بینک لمیٹڈ,,
1a5798f2-8a6d-545d-95d4-7293d9f8b4a4,5137761733,node,amenity,bank,Faisal Pan Shop;Habib Metropolitan Bank,,,,,OSM,,,24.9175439,67.0613175,Karachi,Sindh,Pakistan,,,,,
187bb028-5473-565c-bfb9-c85808b43873,5286054986,node,healthcare,hospital,Kosar Medical Center,,,,,OSM,,,24.9161595,67.0606278,Karachi,Sindh,Pakistan,,,,,
b8ac8892-140a-514e-82d2-ac156f396bdd,5318288941,node,amenity,bank,Burj Bank Limited,,,,,OSM,,,24.9155721,67.0588427,Karachi,Sindh,Pakistan,,,,,
ac4e86df-bec7-5243-83b1-f22c71dffe2c,5318288946,node,healthcare,clinic,Suriya Medical Center,,,,,OSM,,,24.9158675,67.0579947,Karachi,Sindh,Pakistan,,,,,
0bacb552-7d0b-56a9-b316-430958e353c2,8319921437,node,place,neighbourhood,Jauharabad,,,,,OSM,,,24.9159921,67.0591937,Karachi,Sindh,Pakistan,,,,,
e2c33fce-e72d-56fa-b25b-dfbe3506efc1,8321073499,node,place,neighbourhood,Memon Colony,,,,,OSM,,,24.9186579,67.0569844,Karachi,Sindh,Pakistan,,,,,
90e2d8a9-85b4-5eb1-96db-1e129577d9a3,8321073500,node,place,neighbourhood,,,,,,OSM,,,24.9156673,67.0580699,Karachi,Sindh,Pakistan,,,,,
282a7e8a-5375-5931-a509-edeebe827fd3,12131037631,node,leisure,park,MQM Unit 154,,,,,OSM,,,24.9142107,67.0624541,Karachi,Sindh,Pakistan,,,,,
1cea02d6-abf8-595d-8269-577f614a7822,12131050471,node,leisure,park,Ghori Family Park Azizabad Block 2,,,,,OSM,,,24.9137271,67.0628743,Karachi,Sindh,Pakistan,,,,,
f6dbf95d-3902-58b9-b379-944f5184c1f5,12131592247,node,healthcare,pharmacy,Haji Siddiq Medicine house & General Store,,,,,OSM,,,24.9170622,67.0612276,Karachi,Sindh,Pakistan,,,,,
c77911d6-f21c-5c8b-a213-99bc7fa48bc9,12131950440,node,amenity,bank,HabibMetro Bank,,,,,OSM,,,24.9177263,67.0618633,Karachi,Sindh,Pakistan,,,,,
99dfde0d-f1b5-5ce9-ba3f-582f51a196eb,12132451401,node,leisure,park,Suffah Park,,,,,OSM,,,24.9158517,67.0625135,Karachi,Sindh,Pakistan,,,,,
7d31a033-f5d8-552f-bbcc-cd0b40a2ce5f,12141793469,node,healthcare,clinic,The Okhai Memon Poly Clinic,,,,,OSM,,,24.9156366,67.0574001,Karachi,Sindh,Pakistan,,,,,
32df4d62-fdc3-5f8c-a512-3e4b2792862f,12141852678,node,healthcare,pharmacy,"The Pharmacy Services, Patel Hospital",,,,,OSM,,,24.9160661,67.0572936,Karachi,Sindh,Pakistan,,,,,
fa793457-3da8-55e0-ad3c-5aef7b4ed4b0,12141864913,node,healthcare,hospital,Okhai Memon Hospital,,,,,OSM,,,24.9159434,67.0574097,Karachi,Sindh,Pakistan,,,,,
444e0896-47b6-56f2-be60-fe0c16714925,12141872217,node,healthcare,pharmacy,"The Pharmacy Services, Patel Hospital",,,,,OSM,,,24.9160661,67.0572936,Karachi,Sindh,Pakistan,,,,,
07b010c4-ef4c-5996-b3f9-b42a6abefd65,12141920784,node,healthcare,pharmacy,ILYAS MEDICAL STORE,,,,,OSM,,,24.9161317,67.0573453,Karachi,Sindh,Pakistan,,,,,
37a2da79-fcec-5779-a2a4-74370ae99800,12145775395,node,healthcare,hospital,"EPI Vaccination Centre, UC 34, Karimabad",,,,,OSM,,,24.9196729,67.0602975,Karachi,Sindh,Pakistan,,,,,
af131725-3bee-5fff-afd6-70bde299249e,12145877837,node,leisure,park,Husainabad Family Park,,,,,OSM,,,24.918195,67.0580528,Karachi,Sindh,Pakistan,,,,,
8c66bb0b-e023-50bf-abba-705360bfa15e,12145942387,node,healthcare,hospital,KUTYANA EYE HOSPITAL,,,,,OSM,,,24.9198191,67.0581371,Karachi,Sindh,Pakistan,,,,,
b94f9b81-4589-57e1-a89f-04943d7c9a41,12147570179,node,leisure,park,Khaatoon.e.Janat park۔ خاتون جنت پارک,,,,,OSM,,,24.917665,67.0589456,Karachi,Sindh,Pakistan,,,,,
93f9853f-5497-5e48-9f30-da0d73cfa1c3,12147618680,node,healthcare,pharmacy,Medicine House,,,,,OSM,,,24.918626,67.0613404,Karachi,Sindh,Pakistan,,,,,
ddccdfe3-0a82-5ab3-b419-d483fa7ff524,12147633319,node,healthcare,clinic,DR HAIDER MEDICAL CLINIC,,,,,OSM,,,24.9181785,67.0613628,Karachi,Sindh,Pakistan,,,,,
c4097ff4-9815-5bfe-8de5-a4e74cc3fdc2,12151288735,node,healthcare,pharmacy,DVAGO Pharmacy & Wellness Experts,,,,,OSM,,,24.9143154,67.0570605,Karachi,Sindh,Pakistan,,,,,
91884422-293f-5d2d-9e66-913eca2fbae6,5144678691,node,amenity,atm,HBL ATM,,,,,OSM,,,24.9185276,67.0635592,Karachi,Sindh,Pakistan,,,,HBL ATM,
5fbba1ec-270b-552c-b1a4-4fec1f984618,5318288720,node,amenity,bank,ایم سی بی بینک,ایم سی بی بینک,,,,OSM,,,24.9167477,67.0663323,Karachi,Sindh,Pakistan,,,ایم سی بی بینک,ایم سی بی بینک لمیٹڈ,
94a16756-6d5f-527b-9b10-d2d86175fcd3,5318288921,node,healthcare,clinic,Al Haq Clinic,,,,,OSM,,,24.9167562,67.0662036,Karachi,Sindh,Pakistan,,,,,
215abc3c-d73e-565c-a953-cf5859212094,5318288923,node,amenity,bank,ایچ بی ایل پاکستان,ایچ بی ایل پاکستان,,,,OSM,,,24.9165194,67.0660549,Karachi,Sindh,Pakistan,,,ایچ بی ایل پاکستان,,
39a17f63-9f68-59ba-84e4-1804a927adac,5318288924,node,healthcare,pharmacy,Fair Price Medical Store,,,,,OSM,,,24.9163382,67.0656737,Karachi,Sindh,Pakistan,,,,,
94274b39-8b49-57c9-bfae-73a6d5c5f90d,5318288926,node,amenity,bank,الائیڈ بینک لمیٹڈ,الائیڈ بینک لمیٹڈ,,,,OSM,,,24.9160873,67.0655676,Karachi,Sindh,Pakistan,,,الائیڈ بینک لمیٹڈ,,
e33d1561-a10d-58d6-a151-9e5686d6d8f6,5318288927,node,amenity,bank,United Bank,,,,,OSM,,,24.9158531,67.0650657,Karachi,Sindh,Pakistan,,,,,
2c998b6a-331c-529a-90d5-8d13a9d17e4e,5318288928,node,amenity,bank,National Savings Centre,,,,,OSM,,,24.9154104,67.0646164,Karachi,Sindh,Pakistan,,,,,
09cf0ff9-7fea-5a8b-b1ea-6c680211bd45,5340510797,node,amenity,marketplace,Saturday Market,,,,,OSM,,,24.9167227,67.0639362,Karachi,Sindh,Pakistan,,,,,
7a61c44b-485a-5a47-b3e8-10947e41fdf0,8319921436,node,place,neighbourhood,Azizabad,,,,,OSM,,,24.9161647,67.0653569,Karachi,Sindh,Pakistan,,,,,
7c59fd3d-4406-51a9-b676-6066265ee2c4,12123720021,node,healthcare,hospital,Tabba Heart Emergency Ward,,,,,OSM,,,24.9192769,67.0646045,Karachi,Sindh,Pakistan,,,,,
b46ed8e9-ebae-5c7d-8f05-420a9087b5c7,12127749871,node,healthcare,hospital,Tryl Max,,,,,OSM,,,24.9164546,67.0658088,Karachi,Sindh,Pakistan,,,,,
2079641e-dc31-58d8-98a0-82eed65c9ed9,12127763600,node,amenity,bank,Sind Bank Ltd,,,,,OSM,,,24.9165105,67.0658664,Karachi,Sindh,Pakistan,,,,,
7db3e12a-0445-5bec-b76a-02a2f94447a4,12127784506,node,amenity,bank,Bank Al Habib Islamic Banking Azizabad br,,,,,OSM,,,24.9164325,67.0657708,Karachi,Sindh,Pakistan,,,,,
c5a0d0fe-9943-57c4-87f4-60a9d6716b27,12127881734,node,healthcare,clinic,Sarwat Homoeo Clinic,,,,,OSM,,,24.9159064,67.0652667,Karachi,Sindh,Pakistan,,,,,
db9b3a83-82c7-5655-944d-6132cd265c51,12129104725,node,healthcare,pharmacy,Unique Homoeopathic Store And Clinic,,,,,OSM,,,24.9150274,67.0642017,Karachi,Sindh,Pakistan,,,,,
1000d4b8-cbc9-5167-a275-8034202ec52f,12129314575,node,healthcare,clinic,Dr Muhammad Younas Clinic,,,,,OSM,,,24.9146363,67.0636159,Karachi,Sindh,Pakistan,,,,,
0537ba07-f26c-58f6-93a4-a49a45c98cec,12129454408,node,healthcare,clinic,Aman clinic,,,,,OSM,,,24.9146041,67.0636454,Karachi,Sindh,Pakistan,,,,,
2af60973-d444-5a9b-989e-909d15096ab5,12131003669,node,healthcare,clinic,Family Health Clinic (Dr. Rubina Faisal),,,,,OSM,,,24.9140861,67.0630098,Karachi,Sindh,Pakistan,,,,,
817f22b3-701c-57b0-aa86-5ee98be0fa2e,12131490647,node,healthcare,clinic,HEALTH CARE HOMEOPATHIC CLINIC,,,,,OSM,,,24.9146057,67.0651435,Karachi,Sindh,Pakistan,,,,,
a4a8e124-0cd2-53f9-a120-6d5cb1992323,12131493117,node,healthcare,clinic,Saqlain Dawakhana,,,,,OSM,,,24.9147853,67.0649834,Karachi,Sindh,Pakistan,,,,,
d0b7c9fe-56d6-5370-89e1-95b1d784ce45,12132096118,node,healthcare,hospital,Tabba Heart Institute,,,,,OSM,,,24.9186802,67.0633874,Karachi,Sindh,Pakistan,,,,,
c46245e2-e4e9-565e-838d-9f93b0f51cf6,12132101774,node,healthcare,pharmacy,Tabba Pharmacy,,,,,OSM,,,24.918977,67.0637374,Karachi,Sindh,Pakistan,,,,,
000969c1-68b6-5dc5-9847-c69cc0f0d318,12132111451,node,leisure,park,Abu Bakar M.C park,,,,,OSM,,,24.9195049,67.0634509,Karachi,Sindh,Pakistan,,,,,
a2ebce36-bbda-5e9c-b3ab-4db825b1359c,12132368845,node,leisure,park,Major Ashraf shaheed football & Cricket Ground,,,,,OSM,,,24.9169857,67.0639567,Karachi,Sindh,Pakistan,,,,,
5cf3a13c-1750-5e5e-96b4-5a7758cdedbb,12132394058,node,leisure,park,Jamali park,,,,,OSM,,,24.9179879,67.0654775,Karachi,Sindh,Pakistan,,,,,
f6c58b03-e34c-5d79-98b9-9cd3ba55c8ee,12132410529,node,leisure,park,Azizabad Park,,,,,OSM,,,24.9181095,67.0653649,Karachi,Sindh,Pakistan,,,,,
52027ba0-527e-532b-8115-9ab30199b21c,7416082301,node,place,neighbourhood,Pathan Colony,,,,,OSM,,,24.9245955,67.0040729,Karachi,Sindh,Pakistan,,,,,
3056cab2-a962-5c69-83a4-7f7a2054c7ed,5333760864,node,place,neighbourhood,Frontier Colony,,,,,OSM,,,24.9291862,67.0055184,Karachi,Sindh,Pakistan,,,,,
0d0f7ed1-0d67-5c7d-9652-63851fa92f2c,5234606843,node,healthcare,pharmacy,Arif Pharmacy,,,,,OSM,,,24.9323357,67.015835,Karachi,Sindh,Pakistan,,,,,
96086c19-fd32-5d9c-81fb-1c1dbfa7a590,5333760865,node,place,neighbourhood,Pathan Colony,,,,,OSM,,,24.9297723,67.0110312,Karachi,Sindh,Pakistan,,,,,
e888b4fa-3657-5de2-8013-0e82c2741bbb,5066143337,node,amenity,marketplace,Paposh Sarrafa Bazaar,,,,,OSM,,,24.9219932,67.0226827,Karachi,Sindh,Pakistan,,,,,
aba91cf3-b937-56da-9c8c-80f7645537a5,5128867527,node,amenity,marketplace,Lalazaar Market,,,,,OSM,,,24.9221361,67.023327,Karachi,Sindh,Pakistan,,,,,
a3743e9a-73c9-5061-b1a5-5da9eac15147,5128867528,node,amenity,marketplace,Saadia Cloth Market,,,,,OSM,,,24.9223552,67.0229244,Karachi,Sindh,Pakistan,,,,,
85621208-fd01-5d29-8ced-abbb56c5b5ce,5128867530,node,amenity,marketplace,Roomie jewellers,,,,,OSM,,,24.9223257,67.022774,Karachi,Sindh,Pakistan,,,,,
a4be936c-caa4-5c2a-92a3-bdec36ea576b,5128867532,node,amenity,bank,National Bank of Pakistan NBP,,,,,OSM,,,24.9218604,67.0227687,Karachi,Sindh,Pakistan,,,,,
9fe4e22e-fac2-58ed-8996-37f99aa4a88e,5128867533,node,amenity,bank,National Bank - ATM,,,,,OSM,,,24.921854,67.0228077,Karachi,Sindh,Pakistan,,,,,
3540b216-705a-558d-b4f2-8f4fe0f3d9c6,5128867534,node,amenity,bank,میزان بینک,میزان بینک,,,,OSM,,,24.9217962,67.022836,Karachi,Sindh,Pakistan,,,میزان بینک,,
06ebd05b-cff3-5af5-8aee-6472ffd5b00b,5128867535,node,amenity,bank,Meezan Bank - ATM,,,,,OSM,,,24.9217625,67.0228466,Karachi,Sindh,Pakistan,,,,,
119eea9f-950c-53ff-9497-09386633a17f,5128867536,node,amenity,bank,بينک الحبيب,بينک الحبيب,,,,OSM,,,24.9217968,67.0225332,Karachi,Sindh,Pakistan,,,بينک الحبيب,,
819d2aad-6133-5f60-b636-f3f836933dc1,5128867537,node,amenity,bank,Bank Al Habib - ATM,,,,,OSM,,,24.9218172,67.0225877,Karachi,Sindh,Pakistan,,,,,
24f7f786-8703-5e74-91ad-0be45974364e,5130517074,node,amenity,marketplace,Yusuf nasim market,,,,,OSM,,,24.9230224,67.0231329,Karachi,Sindh,Pakistan,,,,,
9bda10f8-8154-5a5c-8e33-107832aa6fd8,5130517099,node,amenity,marketplace,Paposh Vegetable Fruit Market,,,,,OSM,,,24.9215025,67.020841,Karachi,Sindh,Pakistan,,,,,
94bc9a56-d466-5200-835e-d257d2fca1be,5130517104,node,amenity,bank,الائیڈ بینک لمیٹڈ,الائیڈ بینک لمیٹڈ,,,,OSM,,,24.9217247,67.0217153,Karachi,Sindh,Pakistan,,,الائیڈ بینک لمیٹڈ,,
bae6b9f5-826f-5063-b00a-f32ac6541e14,5130517105,node,amenity,bank,الائیڈ بینک لمیٹڈ,الائیڈ بینک لمیٹڈ,,,,OSM,,,24.9217116,67.021685,Karachi,Sindh,Pakistan,,,الائیڈ بینک لمیٹڈ,,
83f0d649-d37f-57ac-a8f1-08efa50bfce1,5157033874,node,place,neighbourhood,Ashraf Nagar,,,,,OSM,,,24.9248956,67.0192601,Karachi,Sindh,Pakistan,,,,,
3c3e9cb4-542d-5bb3-b654-af4e84698ddb,12202012315,node,leisure,park,Al Azhar Park,,,,,OSM,,,24.9212562,67.023494,Karachi,Sindh,Pakistan,,,,,
e90b1a39-ba09-5e2f-bfa0-88b4901530d2,12202095149,node,healthcare,pharmacy,Rozee Medical Store,,,,,OSM,,,24.9211316,67.0213442,Karachi,Sindh,Pakistan,,,,,
af1caf80-d9fb-55ad-ba8b-6b007d56edd4,12202143032,node,healthcare,clinic,Roohi Clinic,,,,,OSM,,,24.9206323,67.02138,Karachi,Sindh,Pakistan,,,,,
f0fc3cf0-c3d8-5650-9d99-58685b9c30be,12202144813,node,healthcare,clinic,Alkhidmat Clinic,,,,,OSM,,,24.9201115,67.0214101,Karachi,Sindh,Pakistan,,,,,
0a74d6a0-26b7-53a8-835e-3ffe4b13f0d5,5128867095,node,amenity,bank,ایم سی بی بینک,ایم سی بی بینک,,,,OSM,,,24.9209982,67.0267214,Karachi,Sindh,Pakistan,,,ایم سی بی بینک,,
c08d9aa8-ee68-5c12-b2a0-4b02e6cc5ba2,5128867096,node,amenity,atm,MCB Bank - ATM,,,,,OSM,,,24.9210387,67.0266985,Karachi,Sindh,Pakistan,,,,,
451d2e28-94b2-559f-9ca0-930323ec9245,5128867101,node,amenity,bank,جے ایس بینک,جے ایس بینک,,,,OSM,,,24.9219112,67.0253931,Karachi,Sindh,Pakistan,,,جے ایس بینک,جے ایس بینک,
10a7ed8e-9eee-5a6d-8cb3-89df4f1c1441,5128867102,node,amenity,bank,جے ایس بینک,جے ایس بینک,,,,OSM,,,24.9218762,67.0254247,Karachi,Sindh,Pakistan,,,جے ایس بینک,جے ایس بینک,
c7cf415c-b07b-51a1-80b8-a86cd5341b0a,5128867105,node,amenity,marketplace,M Y Taylors,,,,,OSM,,,24.9220049,67.0249663,Karachi,Sindh,Pakistan,,,,,
8db266f3-0961-56d5-8ccf-c5ce5aea06ff,5128867108,node,amenity,bank,Askari Bank Limited,,,,,OSM,,,24.9220837,67.0251582,Karachi,Sindh,Pakistan,,,,,
990fba04-d1d5-5bcd-8e39-45543320d4b5,5128867109,node,amenity,bank,Askari Bank - ATM,,,,,OSM,,,24.9220696,67.0250998,Karachi,Sindh,Pakistan,,,,,
f0e5f3e6-53da-5a4b-854c-6708838832fd,5128867117,node,amenity,marketplace,Anarkali Market,,,,,OSM,,,24.9218139,67.0247501,Karachi,Sindh,Pakistan,,,,,
8183822c-fb0b-5337-adfd-237d29eec40c,5128867538,node,amenity,bank,ایچ بی ایل پاکستان,ایچ بی ایل پاکستان,,,,OSM,,,24.9220125,67.0244799,Karachi,Sindh,Pakistan,,,ایچ بی ایل پاکستان,,
6cbdac25-cd60-5377-9e78-950cd045c274,5239180003,node,leisure,park,Nazimabad 5B Park,,,,,OSM,,,24.9247271,67.024313,Karachi,Sindh,Pakistan,,,,,
b177063d-f68f-59f2-a0bb-23e65dede32b,12184473372,node,leisure,park,Park Wonders Ground,,,,,OSM,,,24.9228652,67.0263494,Karachi,Sindh,Pakistan,,,,,
3ef88731-2b2c-5025-b769-6911e9929719,12196794897,node,leisure,park,Phool Bagh,,,,,OSM,,,24.9249165,67.0241744,Karachi,Sindh,Pakistan,,,,,
b1957cdf-162d-5ac9-b8f4-52413217b63a,12201286091,node,amenity,bank,UBL Paposh Nagar Branch,,,,,OSM,,,24.9214822,67.0263085,Karachi,Sindh,Pakistan,,,,,
879c7365-4582-59ba-aef9-768e92660fac,12201966156,node,amenity,bank,Habib Bank,,,,,OSM,,,24.9221273,67.0244915,Karachi,Sindh,Pakistan,,,,,
9f0786ae-cf1e-5498-9a04-f85aeb26f8ab,4775171578,node,place,neighbourhood,North Nazimabad Block U,,,,,OSM,,,24.9320564,67.0227543,Karachi,Sindh,Pakistan,,,,,
8c93cdd6-1d03-5b92-b3e2-1211f9a4f894,5330851430,node,place,neighbourhood,ہرن کالونی,ہرن کالونی,,,,OSM,,,24.9329474,67.0199851,Karachi,Sindh,Pakistan,,,,,
ac2d323a-03e7-5fff-86d9-e93281052b23,4757978646,node,amenity,bank,State Bank of Pakistan,,,,,OSM,,,24.9299722,67.0253428,Karachi,Sindh,Pakistan,,,,,
eec4ef52-25ec-56d7-91a6-5e6e9101a240,5226225676,node,amenity,bank,بینک اسلامی,بینک اسلامی,,,,OSM,,,24.9269843,67.0297994,Karachi,Sindh,Pakistan,,,بینک اسلامی,بینک اسلامی,
5a84a77e-507b-5640-a9b0-0ce05eebac19,5226225692,node,amenity,atm,State Bank of Pakistan - ATM,,,,,OSM,,,24.9298719,67.0257719,Karachi,Sindh,Pakistan,,,,,
07f8d7fd-63cd-5763-a7c2-d08508028a6f,5331329914,node,healthcare,clinic,Shahan Dawakhana,,,,,OSM,,,24.9273968,67.0271461,Karachi,Sindh,Pakistan,,,,,
1fc05311-06ec-5ca1-85da-a89d8b3af3ed,12196745579,node,healthcare,hospital,Anabiya General hospital,,,,,OSM,,,24.9279014,67.0241786,Karachi,Sindh,Pakistan,,,,,
cbfeb9f8-ac0c-527d-b10b-41a44347c9b5,12202071139,node,healthcare,clinic,Homeopathic Clinic Dr Khursheed,,,,,OSM,,,24.92793,67.0299944,Karachi,Sindh,Pakistan,,,,,
8b07f857-83b0-5c84-b1dc-22c170fec93a,12204798010,node,leisure,park,Gosha e Atfal گوشہ اطفال,,,,,OSM,,,24.9305393,67.0299163,Karachi,Sindh,Pakistan,,,,,
305bdcfa-2600-5027-8fdc-87f93dd075ad,4785884160,node,amenity,police,Orangi Town Police Station,,,,,OSM,,,24.9384086,67.0057284,Karachi,Sindh,Pakistan,,,,,
ee52b275-9c0c-54bf-b9c8-db95f0caf5dc,5087779613,node,amenity,fire_station,Orangi Fire Station CDGK,,,,,OSM,,,24.9369468,67.0074169,Karachi,Sindh,Pakistan,,,,,
2f9dc0b5-8ae5-5a38-a747-8afea666adf3,5089149962,node,healthcare,hospital,لائف کیئر میڈیکل سنٹر,لائف کیئر میڈیکل سنٹر,,,,OSM,,,24.9388822,67.0052449,Karachi,Sindh,Pakistan,,,,,
0ee3bc04-c339-5793-bf0c-b527be741cf8,5089149970,node,amenity,bank,یونائیٹڈ بینک لمیٹڈ,یونائیٹڈ بینک لمیٹڈ,,,,OSM,,,24.9356708,67.0097494,Karachi,Sindh,Pakistan,,,یونائیٹڈ بینک لمیٹڈ,,
bf9aafcf-29dd-5343-8691-f8809a3800c8,5179982974,node,place,neighbourhood,Orangi Sector 6,,,,,OSM,,,24.9386683,67.006294,Karachi,Sindh,Pakistan,,,,,
df8ff051-37db-5d1a-88f1-f069ec67aed1,5190148921,node,place,neighbourhood,مجاہد آباد,مجاہد آباد,,,,OSM,,,24.937626,67.0070118,Karachi,Sindh,Pakistan,,,,,
cf024ff5-8e3a-5da6-8b81-f2060e9f15d8,5157387576,node,healthcare,hospital,fatmah hospital,,,,,OSM,,,24.9391256,67.0144195,Karachi,Sindh,Pakistan,,,,,
4ae413ab-db0b-5fcd-88b3-fbf9d81a4aff,5158776337,node,amenity,marketplace,Fruit and Vegetable Market,,,,,OSM,,,24.9369077,67.0110738,Karachi,Sindh,Pakistan,,,,,
c2799c56-65c5-56a7-a5af-466c839cf13b,5158776341,node,amenity,bank,ایچ بی ایل پاکستان,ایچ بی ایل پاکستان,,,,OSM,,,24.9352293,67.0129781,Karachi,Sindh,Pakistan,,,ایچ بی ایل پاکستان,,
07565cef-cc61-5e4e-a42a-4ee2263c50b9,5158776342,node,amenity,bank,ایچ بی ایل پاکستان,ایچ بی ایل پاکستان,,,,OSM,,,24.9352089,67.0129765,Karachi,Sindh,Pakistan,,,ایچ بی ایل پاکستان,,
80216a5c-0987-58f9-bf86-4b6786382639,8327061775,node,place,neighbourhood,علی گڑھ کالونی,علی گڑھ کالونی,,,,OSM,,,24.9358868,67.0121162,Karachi,Sindh,Pakistan,,,,,
94829b9e-3eab-5d49-9f94-8a44c706ac90,4777338444,node,place,neighbourhood,Banaras Town,,,,,OSM,,,24.9425872,67.0089316,Karachi,Sindh,Pakistan,,,,,
490c39a7-bab8-5437-8b81-ace44ad0afe9,5088685988,node,amenity,bank,میزان بینک,میزان بینک,,,,OSM,,,24.9413018,67.0105283,Karachi,Sindh,Pakistan,,,میزان بینک,,
b964b85d-048e-5b38-b5a6-08e2f34df072,5127942422,node,amenity,marketplace,Banarsi Cloth Market,,,,,OSM,,,24.9429101,67.0075021,Karachi,Sindh,Pakistan,,,,,
071ef06d-acfa-5b82-9361-1e23d4d4ecc4,5158915945,node,healthcare,pharmacy,Akhtar Enterprises,,,,,OSM,,,24.9446042,67.0097895,Karachi,Sindh,Pakistan,,,,,
c31c54b6-bda7-5aed-862b-b23018857b00,5158915950,node,healthcare,hospital,Imtiaz Memorial Hospital,,,,,OSM,,,24.9438575,67.0090573,Karachi,Sindh,Pakistan,,,,,
10c22dbd-5ef8-53a6-85f5-1e7f64ca86a7,5158915957,node,leisure,park,Bandar Park,,,,,OSM,,,24.9449836,67.0045887,Karachi,Sindh,Pakistan,,,,,
3f6aeff8-58a9-5b61-861a-254c1c4b301d,5088577372,node,healthcare,clinic,Faraz Homeopathic Store,,,,,OSM,,,24.9400078,67.0163098,Karachi,Sindh,Pakistan,,,,,
9855a274-c2c1-5709-bf07-cbb4e64be8b8,5088577378,node,amenity,bank,Tameer Microfinance Bank,,,,,OSM,,,24.940318,67.0127693,Karachi,Sindh,Pakistan,,,,,
d0c7ac7d-d1de-5ecd-979b-1a054360fbb5,5088577384,node,healthcare,pharmacy,,,,,,OSM,,,24.9400192,67.012281,Karachi,Sindh,Pakistan,,,,,
6516d3a9-8139-529a-ac22-63fdaaca7561,5130272621,node,healthcare,clinic,Ali Clinic,,,,,OSM,,,24.9426332,67.01595,Karachi,Sindh,Pakistan,,,,,
75f59492-9577-553c-acd9-92cb5b48c5ce,5147643033,node,healthcare,clinic,Dr. Zahid Pharmacy,,,,,OSM,,,24.9419734,67.0149042,Karachi,Sindh,Pakistan,,,,,
740b5d51-9429-5a46-aa3a-1b9e2dc6c512,5147643034,node,healthcare,pharmacy,Combine Medical,,,,,OSM,,,24.9416899,67.0152941,Karachi,Sindh,Pakistan,,,,,
4922a338-1767-5a3e-ba18-357728b904cf,5158776372,node,leisure,park,Noorani Park,,,,,OSM,,,24.9437574,67.0165468,Karachi,Sindh,Pakistan,,,,,
73df487c-ef6e-5019-b0b4-63ffbbd4ad40,4741273132,node,leisure,park,Batool Park,,,,,OSM,,,24.9363638,67.0271425,Karachi,Sindh,Pakistan,,,,,
52be8181-17ca-5ec2-b1f7-468e52f0381c,4741273133,node,leisure,park,Saeed Park,,,,,OSM,,,24.9360598,67.0267321,Karachi,Sindh,Pakistan,,,,,
e9d45264-c409-5daf-8b14-a41072a08bc5,4741273136,node,amenity,bank,ایچ بی ایل پاکستان,ایچ بی ایل پاکستان,,,,OSM,,,24.9332064,67.0267456,Karachi,Sindh,Pakistan,,,ایچ بی ایل پاکستان,,
cf67b1a2-fba5-54c9-9bea-db0738fff8f7,5140969341,node,amenity,marketplace,Abbas Market,,,,,OSM,,,24.9334386,67.0291706,Karachi,Sindh,Pakistan,,,,,
2ea2c8cd-94e1-5993-a0d7-9afd3b6d06d2,5330973782,node,place,neighbourhood,North Nazimabad Block P,,,,,OSM,,,24.9357654,67.0269051,Karachi,Sindh,Pakistan,,,,,
3dd1cf88-535b-5803-a5af-241aa8f1f922,12204764968,node,healthcare,clinic,Ghyas Clinic,,,,,OSM,,,24.9333685,67.0297304,Karachi,Sindh,Pakistan,,,,,
87e34088-2d8a-55ab-bfa2-6289523023e4,12204764969,node,healthcare,pharmacy,Nida Medical store,,,,,OSM,,,24.9335646,67.0294267,Karachi,Sindh,Pakistan,,,,,
cd078a6b-487d-5245-baf6-3ce52d9f1416,12204764971,node,healthcare,clinic,Rajput Clinic,,,,,OSM,,,24.933839,67.0300248,Karachi,Sindh,Pakistan,,,,,
dc896b1b-400a-5655-8cdb-6e09b446b2a2,5088577346,node,healthcare,clinic,ناشاد میڈیکل سنٹر,ناشاد میڈیکل سنٹر,,,,OSM,,,24.9452847,67.0296358,Karachi,Sindh,Pakistan,,,,,
9e91c694-07f4-5627-a70a-dcee58f789d4,5088577350,node,amenity,marketplace,Qasba Market,,,,,OSM,,,24.9455419,67.0274668,Karachi,Sindh,Pakistan,,,,,
4d378757-0b41-5c50-9f24-309685d86a89,5330851426,node,place,neighbourhood,Umer Farooq Colony,,,,,OSM,,,24.9404214,67.0300515,Karachi,Sindh,Pakistan,,,,,
444e39ee-7362-5056-baa7-bc8904d39b2e,5330851428,node,place,neighbourhood,Pahar Ganj Colony,,,,,OSM,,,24.941144,67.0272792,Karachi,Sindh,Pakistan,,,,,
c3af04c9-2961-50b7-bd30-38050ca47932,4738038633,node,amenity,bank,ایم سی بی بینک,ایم سی بی بینک,,,,OSM,,,24.9261746,67.0308466,Karachi,Sindh,Pakistan,,,ایم سی بی بینک,,
6047b4eb-6559-5a3a-a3c2-dc6e3f278e80,5066072374,node,amenity,bank,یونائیٹڈ بینک لمیٹڈ,یونائیٹڈ بینک لمیٹڈ,,,,OSM,,,24.9249546,67.0328424,Karachi,Sindh,Pakistan,,,یونائیٹڈ بینک لمیٹڈ,,
51a5e969-4620-5ef1-88c4-ac442190e997,5128939721,node,amenity,bank,NBP - ATM Nazimabad;NBP - Nazimabad,,,,,OSM,,,24.9245146,67.0309949,Karachi,Sindh,Pakistan,,,,,
bb4db744-8fb4-5910-9a70-706e0800d3b8,5130611430,node,healthcare,clinic,Aziz Medical Centre,,,,,OSM,,,24.9257373,67.0307231,Karachi,Sindh,Pakistan,,,,,
2577611c-b686-5027-9cbf-18279e09da68,5225940408,node,amenity,atm,Bank Al Habib - ATM,,,,,OSM,,,24.9258016,67.0331233,Karachi,Sindh,Pakistan,,,,,
0feab648-75d9-59b6-a05e-bd9aab7d5bf2,5225940409,node,amenity,bank,بينک الحبيب,بينک الحبيب,,,,OSM,,,24.9257888,67.0331092,Karachi,Sindh,Pakistan,,,بينک الحبيب,,
38df14cd-b200-5c32-b4af-4dd6fe8e1026,5225940413,node,amenity,atm,United Bank Limited - ATM,,,,,OSM,,,24.9249095,67.0328262,Karachi,Sindh,Pakistan,,,,,
6615bdcb-65d4-5db4-b17d-19ba6af4c4b9,5226225678,node,amenity,bank,NIB,,,,,OSM,,,24.9266195,67.0302634,Karachi,Sindh,Pakistan,,,,MCB,
3fbac451-6660-5d3e-bee6-30a00a960298,5226225683,node,amenity,atm,MCB Bank - ATM,,,,,OSM,,,24.9261987,67.0307904,Karachi,Sindh,Pakistan,,,,,
acd0d0cb-f6cc-5c77-b4d4-6f98f687f800,8294565795,node,railway,station,North Nazimabad,,,,,OSM,,,24.9215162,67.0358669,Karachi,Sindh,Pakistan,,,,PR,
5a4bf4fe-5df1-5589-85cf-e3791e3cb6c5,12184399097,node,amenity,fire_station,NAZIMABAD FIRE STATION,,,,,OSM,,,24.9208232,67.0323857,Karachi,Sindh,Pakistan,,,,,
60738080-2a79-5f13-8dad-22bbc9e2b938,12196270623,node,healthcare,hospital,PTCL Nazimabad Health Center,,,,,OSM,,,24.9231541,67.0325993,Karachi,Sindh,Pakistan,,,,,
becb1e47-5047-59f0-8aed-1e830ff2e8e8,12196274137,node,healthcare,hospital,Jazeera medical center,,,,,OSM,,,24.9254281,67.0335775,Karachi,Sindh,Pakistan,,,,,
27d4829e-96e4-55a6-9c9b-0a58c0f8f485,12196274138,node,amenity,bank,Bank Al Habib,بينک الحبيب,,,,OSM,,,24.9254445,67.0329402,Karachi,Sindh,Pakistan,,,Bank Al Habib,,
a252b794-e967-5b1e-9fc7-ba618e1072c7,12196377535,node,amenity,bank,Bank Al Habib,بينک الحبيب,,,,OSM,,,24.9258597,67.0336127,Karachi,Sindh,Pakistan,,,Bank Al Habib,Bank Al Habib,
05090f9f-e76e-516e-a4e1-ec5a70d876e3,12196377538,node,healthcare,clinic,jazeera medicare,,,,,OSM,,,24.9257284,67.0336402,Karachi,Sindh,Pakistan,,,,,
d4db3811-d6e6-59fb-a000-6dce149a79dc,6854108556,node,place,neighbourhood,کھنڈو گوٹھ,کھنڈو گوٹھ,,,,OSM,Khandu Goth,,24.925028,67.038884,Karachi,Sindh,Pakistan,,,,,Q6400257
755e600d-1a71-535b-bd93-a95caa83161b,12195300737,node,healthcare,hospital,Hussain Lakhani Hospital - Official,,,,,OSM,,,24.9217425,67.0425484,Karachi,Sindh,Pakistan,,,,,
33a1e454-1d68-5dd8-9fd6-494a47f30a74,4738085537,node,amenity,bank,Habib Metro Bank,,,,,OSM,,,24.9271862,67.0331748,Karachi,Sindh,Pakistan,,,,,
da903c5c-78a1-5c6a-a5cf-249ec7b35f8c,4738085538,node,amenity,bank,میزان بینک,میزان بینک,,,,OSM,,,24.9272513,67.0332224,Karachi,Sindh,Pakistan,,,میزان بینک,,
a58ed51d-60fe-57b3-b44d-9ee0bb1b93fd,4738085539,node,amenity,bank,بینک الفلاح,بینک الفلاح,,,,OSM,,,24.9273359,67.0332773,Karachi,Sindh,Pakistan,,,بینک الفلاح,,
b37795d3-bc57-518d-b68b-3407d86264f5,4738135539,node,amenity,bank,Faisal Bank,,,,,OSM,,,24.9281483,67.0351724,Karachi,Sindh,Pakistan,,,,,
5649ff44-f989-570e-a480-731a9992181d,4738135542,node,healthcare,hospital,لائف لائن ہسپتال,لائف لائن ہسپتال,,,,OSM,,,24.9291492,67.0361313,Karachi,Sindh,Pakistan,,,,,
d237d589-88b1-5d9e-8657-e6c9fdbff38f,5226225688,node,amenity,atm,Habib Metro Bank - ATM,,,,,OSM,,,24.9271631,67.0331548,Karachi,Sindh,Pakistan,,,,,
eea6ce9d-7e46-5622-8eb0-22f0c8686bc5,5226225689,node,amenity,atm,Meezan Bank - ATM,,,,,OSM,,,24.9272209,67.0332011,Karachi,Sindh,Pakistan,,,,,
001f3beb-991a-536f-89c6-3cc4b7f76b39,5226225690,node,amenity,atm,بینک الفلاح,بینک الفلاح,,,,OSM,,,24.927362,67.0332916,Karachi,Sindh,Pakistan,,,بینک الفلاح,,
53926c09-2dfa-5226-927f-9e4a255c4e8c,12196652738,node,amenity,bank,Dubai Islamic Bank,دبئی اسلامی بینک,,,,OSM,,,24.9283174,67.0353508,Karachi,Sindh,Pakistan,,,Dubai Islamic Bank,,
b88ca574-a166-54c7-8d69-f54f6f0e08d9,12202095186,node,amenity,bank,Meezan Bank,میزان بینک,,,,OSM,,,24.9291375,67.0348006,Karachi,Sindh,Pakistan,,,Meezan Bank,,
0d97482d-eca7-594e-a0ce-e0cf15925f3b,5147625251,node,amenity,atm,Dubai Islamic Bank - ATM,,,,,OSM,,,24.927852,67.0426558,Karachi,Sindh,Pakistan,,,,,
e9a91210-46e3-5871-ab38-b2172735585a,5147625253,node,amenity,bank,ایچ بی ایل پاکستان,ایچ بی ایل پاکستان,,,,OSM,,,24.9279733,67.0424936,Karachi,Sindh,Pakistan,,,ایچ بی ایل پاکستان,,
03af6e17-96d3-553b-8974-cd1d44e053ff,5170680610,node,amenity,bank,دبئی اسلامی بینک,دبئی اسلامی بینک,,,,OSM,,,24.9278666,67.0426304,Karachi,Sindh,Pakistan,,,دبئی اسلامی بینک,,
109e54d3-1ef5-5614-9ec0-f575a26473cb,5170680611,node,amenity,atm,HBL Bank - ATM,,,,,OSM,,,24.9279414,67.0425345,Karachi,Sindh,Pakistan,,,,,
90188481-3c99-5e2a-9cda-7bd1ee7bac8a,5172511727,node,amenity,atm,Meezan Bank - ATM,,,,,OSM,,,24.9282121,67.0421389,Karachi,Sindh,Pakistan,,,,,
624836a8-0666-5364-9149-7166a12a01be,5172511728,node,amenity,bank,میزان بینک,میزان بینک,,,,OSM,,,24.9281969,67.0421677,Karachi,Sindh,Pakistan,,,میزان بینک,,
320b20f2-a5cc-5c31-aa28-8a9e27cc554d,5172511729,node,amenity,atm,Bank Al Habib - ATM,,,,,OSM,,,24.9281762,67.0421872,Karachi,Sindh,Pakistan,,,,,
59a2e49c-f1e9-5286-8ece-05cc975d6598,5172511730,node,amenity,bank,بينک الحبيب,بينک الحبيب,,,,OSM,,,24.9281616,67.042212,Karachi,Sindh,Pakistan,,,بينک الحبيب,,
7b70b2cf-0088-5dd8-8924-1b8c772e3745,5172511732,node,amenity,atm,Bank Alfalah - ATM,,,,,OSM,,,24.9278797,67.0426036,Karachi,Sindh,Pakistan,,,,,
292b4c5b-1966-5cf3-8888-4af364441217,5172511733,node,amenity,bank,بینک الفلاح,بینک الفلاح,,,,OSM,,,24.927894,67.0425821,Karachi,Sindh,Pakistan,,,بینک الفلاح,,
dba1aafe-69c6-56e8-8bcd-4155dd6298e6,12195272357,node,healthcare,pharmacy,Health Partner Pharmacy,,,,,OSM,,,24.9291196,67.0399242,Karachi,Sindh,Pakistan,,,,,
4ec00bbf-dc9f-55d4-8161-77fd2a2a39bc,2671395587,node,place,neighbourhood,Moosa Colony,,,,,OSM,,,24.92013,67.0489994,Karachi,Sindh,Pakistan,,,,,
2d737144-b41f-535b-9e34-57cdd1b0e3cd,5147625238,node,amenity,marketplace,Moosa Colony Fish Market Jaffar Fish Market,,,,,OSM,,,24.9205818,67.0476825,Karachi,Sindh,Pakistan,,,,,
fc836d72-5b02-5210-b445-917a01959c16,5239179992,node,amenity,marketplace,Moosa Colony Market,,,,,OSM,,,24.9201198,67.0476847,Karachi,Sindh,Pakistan,,,,,
04d3fb90-0b2a-5874-abc8-88c8df7ad84c,5239179995,node,healthcare,pharmacy,Kinza Madecal Store,,,,,OSM,,,24.920381,67.0453132,Karachi,Sindh,Pakistan,,,,,
b7139a2e-a394-50ee-9959-0eed4b04a764,12195272367,node,amenity,marketplace,Bachat bazaar,,,,,OSM,,,24.9257221,67.0447845,Karachi,Sindh,Pakistan,,,,,
ae799363-4362-5e75-a902-de033993816e,12211858710,node,healthcare,hospital,"Office Biomedical Engineering, Dr. Ziauddin Hospital",,,,,OSM,,,24.9244255,67.0456674,Karachi,Sindh,Pakistan,,,,,
a9b3475e-4e32-5851-89b2-58d970dc263d,12211976800,node,healthcare,hospital,Alternative Health Care Clinic,,,,,OSM,,,24.9208238,67.0467997,Karachi,Sindh,Pakistan,,,,,
b7e50966-3b5f-5b3f-82f3-2f163449a246,12211994174,node,railway,station,Pakistan Railways online Reservation Ticketing Private,,,,,OSM,,,24.9220522,67.047769,Karachi,Sindh,Pakistan,,,,,
81068d9b-5613-5017-8181-ca9ab34313e0,5149752238,node,amenity,bank,بينک الحبيب,بينک الحبيب,,,,OSM,,,24.9203723,67.0558916,Karachi,Sindh,Pakistan,,,بينک الحبيب,,
25a4c076-7645-5d5c-802f-b1bcc9f7d345,5318467700,node,healthcare,pharmacy,Medical Store,,,,,OSM,,,24.9248017,67.0504738,Karachi,Sindh,Pakistan,,,,,
e563039d-11e8-5efe-a15d-7bff997caf93,12183732651,node,healthcare,pharmacy,A.G.Moosa & Co,,,,,OSM,,,24.9243353,67.0563811,Karachi,Sindh,Pakistan,,,,,
647b0364-5ea8-5421-89a5-bcd38fe87e64,12201392227,node,amenity,bank,Faysal Bank,,,,,OSM,,,24.921574,67.0562364,Karachi,Sindh,Pakistan,,,,,
53daf4c1-36a2-5a7a-8613-b3876c5166b7,4785718476,node,amenity,police,North Nazimabad Police Station,,,,,OSM,,,24.9320296,67.047838,Karachi,Sindh,Pakistan,,,,,
ccabe651-5546-55c9-8292-d20043f74ffe,4820427174,node,amenity,bank,یونائیٹڈ بینک لمیٹڈ,یونائیٹڈ بینک لمیٹڈ,,,,OSM,,,24.9286377,67.0489951,Karachi,Sindh,Pakistan,,,یونائیٹڈ بینک لمیٹڈ,,
75abb581-c291-50b3-9b9a-a447c42f3c38,5172441839,node,amenity,atm,UBL - ATM,,,,,OSM,,,24.9286772,67.0490322,Karachi,Sindh,Pakistan,,,,,
956bdadb-ea24-516e-afa8-afb5cdd8ddbf,12194647584,node,healthcare,hospital,Indus Club,,,,,OSM,,,24.9296306,67.0456518,Karachi,Sindh,Pakistan,,,,,
4e59aaf2-706a-5c47-b906-e93c457c5d77,4764692537,node,amenity,bank,Meezan bank,,,,,OSM,,,24.9297395,67.0563646,Karachi,Sindh,Pakistan,,,,,
df7cf433-6ebf-5aa2-b291-ea9fffb04eb8,5333417442,node,leisure,park,Family Park,,,,,OSM,,,24.9282654,67.0548526,Karachi,Sindh,Pakistan,,,,,
747f1910-323a-57b9-9195-60275cf39c7d,5340598773,node,amenity,bank,Bank AL Habib,,,,,OSM,,,24.9297125,67.0562197,Karachi,Sindh,Pakistan,,,,,
7815f84f-19ca-5feb-92dc-b84c0ebc2655,5372202829,node,leisure,park,,,,,,OSM,,,24.928414,67.0555929,Karachi,Sindh,Pakistan,,,,,
789f15e7-358c-57ef-8482-27c5a66a2d19,12189913050,node,amenity,bank,یونائیٹڈ بینک لمیٹڈ,یونائیٹڈ بینک لمیٹڈ,,,,OSM,,,24.9297411,67.0499594,Karachi,Sindh,Pakistan,,,یونائیٹڈ بینک لمیٹڈ,,
f0223cc6-3b6a-56c7-b05a-ccbdffa38f8f,12201079832,node,healthcare,hospital,KIKD Karachi institute of kidney disease,,,,,OSM,,,24.9279907,67.0550875,Karachi,Sindh,Pakistan,,,,,
f0325240-fef1-591c-a1c9-897550484224,12206636115,node,healthcare,hospital,Taha Medical Center KHI,,,,,OSM,,,24.9321097,67.0531501,Karachi,Sindh,Pakistan,,,,,
77ef0fe6-10c5-5df4-921b-8b2db7990725,4739911373,node,leisure,park,Tota Park,,,,,OSM,,,24.9377269,67.0334295,Karachi,Sindh,Pakistan,,,,,
9c0a01c2-34a8-562f-b8f7-a4cc4b36b1e0,5140969333,node,amenity,marketplace,Tasdique Market,,,,,OSM,,,24.934151,67.0318723,Karachi,Sindh,Pakistan,,,,,
40ab8c64-42ed-54a4-be5a-3fb5e0cd1b4e,5140969335,node,amenity,bank,یونائیٹڈ بینک لمیٹڈ,یونائیٹڈ بینک لمیٹڈ,,,,OSM,,,24.9341246,67.0310407,Karachi,Sindh,Pakistan,,,یونائیٹڈ بینک لمیٹڈ,,
65f83ab8-9527-50ae-b79c-f9217b5d5ee4,5140969337,node,amenity,marketplace,Qadri Market,,,,,OSM,,,24.9336497,67.0311433,Karachi,Sindh,Pakistan,,,,,
a1a06e34-23af-5bbd-afb1-82696e3bf3e2,5226070186,node,amenity,atm,UBL - ATM,,,,,OSM,,,24.9340793,67.0310506,Karachi,Sindh,Pakistan,,,,,
a4506125-ea8e-5d3f-b58c-3e4f33278cc2,12207149213,node,healthcare,pharmacy,MashAllah Medical & General Store,,,,,OSM,,,24.9370199,67.03446,Karachi,Sindh,Pakistan,,,,,
dd95a70a-cf90-5a2c-89ca-b3941309537f,4738187732,node,amenity,bank,سمٹ بینک,سمٹ بینک,,,,OSM,,,24.9339877,67.0403496,Karachi,Sindh,Pakistan,,,سمٹ بینک,سمٹ بینک,
f943ae98-5fe8-5a63-b2b7-17e125fcf4c7,4738187736,node,amenity,police,Hydri Police Station,,,,,OSM,,,24.9375669,67.0408456,Karachi,Sindh,Pakistan,,,,,
07f4b18b-32e9-521e-a6d8-af77a38cb182,4738214980,node,amenity,marketplace,Hydri Commerical Market,,,,,OSM,,,24.937714,67.0417693,Karachi,Sindh,Pakistan,,,,,
58002672-736b-5ec3-b418-d3e744e561a5,5167381005,node,amenity,atm,Summit Bank - ATM,,,,,OSM,,,24.9340234,67.0403847,Karachi,Sindh,Pakistan,,,,,
e99f5eb1-292d-54c4-86c5-2b443ea35921,5208416511,node,amenity,marketplace,Memorial Market,,,,,OSM,,,24.9377093,67.0413423,Karachi,Sindh,Pakistan,,,,,
96832b1c-c733-53e7-8278-f3774a62382b,5208416512,node,amenity,marketplace,Burhani Shopping Circle,,,,,OSM,,,24.9375695,67.0415139,Karachi,Sindh,Pakistan,,,,,
53c49907-cb59-5775-8fa3-ff2e12188914,7312274687,node,amenity,bank,United Bank UBL,,,,,OSM,,,24.9371913,67.0410733,Karachi,Sindh,Pakistan,,,,,
2f3d6253-3d8b-5d38-b245-ac24f355e18b,12168256605,node,amenity,bank,MCB,ایم سی بی بینک,,,,OSM,,,24.9356302,67.0428443,Karachi,Sindh,Pakistan,,,MCB,,
7237abdd-1b98-56c3-ae90-eb0f4c3abdb3,12170461967,node,amenity,bank,Askari Bank,عسکری بینک,,,,OSM,,,24.9385317,67.0431249,Karachi,Sindh,Pakistan,,,Askari Bank,,
35dfb961-7a26-563d-9fa2-3947c645aba7,12179560550,node,amenity,bank,Soneri Bank Haidery,,,,,OSM,,,24.9391185,67.0419187,Karachi,Sindh,Pakistan,,,,,
5d735505-ac1c-5eb6-af7b-6ceb8c730a5c,12179563909,node,amenity,marketplace,Ahmed Market,,,,,OSM,,,24.9391707,67.04295,Karachi,Sindh,Pakistan,,,,,
6e902fa6-62da-5082-a8b9-06ca3d7ff391,12179563913,node,amenity,bank,Allied Bank,الائیڈ بینک,,,,OSM,,,24.9393282,67.0418806,Karachi,Sindh,Pakistan,,,Allied Bank Limited,,
d40615a9-2be7-5003-96c9-1c23a07307c4,12179610161,node,amenity,bank,یونائیٹڈ بینک لمیٹڈ,یونائیٹڈ بینک لمیٹڈ,,,,OSM,,,24.9395248,67.0428667,Karachi,Sindh,Pakistan,,,یونائیٹڈ بینک لمیٹڈ,,
dad274ae-bf98-5df8-a9b7-7a8f35450bdf,12180011818,node,healthcare,hospital,"Aga Khan Health Care, Zohrabad",,,,,OSM,,,24.9385314,67.0396738,Karachi,Sindh,Pakistan,,,,,
00fe61d6-671d-5d7c-94a4-a653aa9b9993,12183737744,node,amenity,bank,Bank Alfalah - Hyderi Branch,بینک الفلاح,,,,OSM,,,24.937413,67.0417268,Karachi,Sindh,Pakistan,,,Bank Alfalah,,
c2a8bcb5-af56-5981-b7f7-e194d497550f,12183783225,node,amenity,bank,Meezan Bank,میزان بینک,,,,OSM,,,24.9370672,67.0411395,Karachi,Sindh,Pakistan,,,Meezan Bank,,
902af87f-5657-5745-858d-ae2606f068f7,12183961768,node,amenity,bank,HBL Bank,ایچ بی ایل پاکستان,,,,OSM,,,24.9376615,67.0422332,Karachi,Sindh,Pakistan,,,HBL Bank,,
f08a82b9-d7fa-596a-84ea-f6afedadbde8,12183961771,node,healthcare,clinic,Hirani ENT Clinic,,,,,OSM,,,24.9375989,67.0423425,Karachi,Sindh,Pakistan,,,,,
f8789ca6-b912-5398-8ad2-d192a8c7cc14,12194561827,node,amenity,bank,Dubai Islamic Bank,دبئی اسلامی بینک,,,,OSM,,,24.9339725,67.0403805,Karachi,Sindh,Pakistan,,,Dubai Islamic Bank,,
ce893e38-c352-53c9-909d-58bd14c8d2c9,12194561828,node,amenity,bank,Standard Chartered,,,,,OSM,,,24.9337342,67.040131,Karachi,Sindh,Pakistan,,,Standard Chartered,,
2cac497d-1ec5-5068-852e-f04f3497a657,12207137890,node,healthcare,hospital,AKUH Child Centre,,,,,OSM,,,24.9387959,67.0390192,Karachi,Sindh,Pakistan,,,,,
81212a7e-aeeb-55bf-b6a5-23c76c4120b5,4336539539,node,amenity,police,Police Station Shahrah e Noor Jahan,,,,,OSM,,,24.9424363,67.0351801,Karachi,Sindh,Pakistan,,,,,
41b3396e-9e8b-504a-bfb6-a836d99bad3d,5088577345,node,amenity,police,Noor Jahan Police Station,,,,,OSM,,,24.9438158,67.0323949,Karachi,Sindh,Pakistan,,,,,
427ee2c1-687c-57bc-9120-1d226f2c7eee,5333760860,node,place,neighbourhood,Phar Ghanj,,,,,OSM,,,24.9460385,67.030945,Karachi,Sindh,Pakistan,,,,,
b128358f-6322-5476-9898-c9212bf27e6a,12188179397,node,amenity,bank,Bank Al Habib,بينک الحبيب,,,,OSM,,,24.9419811,67.0352827,Karachi,Sindh,Pakistan,,,Bank Al Habib,,
f4433bc4-c556-579b-beda-efd65a4312a3,12188301402,node,healthcare,hospital,Essa General Hospital,,,,,OSM,,,24.9402129,67.0338511,Karachi,Sindh,Pakistan,,,,,
ca226ec5-be25-5af3-bc4a-1f4cd632b48d,12227785195,node,amenity,police,S.D.P.O. Shadman Office,,,,,OSM,,,24.942466,67.0349631,Karachi,Sindh,Pakistan,,,,,
e6fb6903-4655-518d-b03f-eb80fed4b06e,5137658236,node,amenity,marketplace,Aslam Market,,,,,OSM,,,24.945034,67.0407019,Karachi,Sindh,Pakistan,,,,,
7878d8e6-d355-57de-aaf5-ec1eb9009bdf,12179610165,node,healthcare,pharmacy,Qadri Homoeo Store & clinic,,,,,OSM,,,24.9399565,67.0429784,Karachi,Sindh,Pakistan,,,,,
e727cca4-8aad-5da9-aa7e-42c94c8576f4,12188254919,node,healthcare,hospital,Dr Shazia Medical Centre & Maternity Home,,,,,OSM,,,24.9442419,67.0373851,Karachi,Sindh,Pakistan,,,,,
a691a8d7-73c5-5a20-aaad-b12a1eb07228,12188254921,node,healthcare,hospital,Kulsoom Medical Center,,,,,OSM,,,24.9437305,67.0369409,Karachi,Sindh,Pakistan,,,,,
d4cb835d-fd57-5bde-887a-63bed40b60f5,12188437753,node,leisure,park,Huzaifa Park,,,,,OSM,,,24.9449491,67.0393893,Karachi,Sindh,Pakistan,,,,,
7b8282b2-6f99-55f6-8cbd-a0d1c2941911,12188437756,node,healthcare,clinic,Al Shifa Homoeo Clinic,,,,,OSM,,,24.9449102,67.0400866,Karachi,Sindh,Pakistan,,,,,
2502eb2a-9265-5149-848e-f0c39bd872ab,12189736338,node,leisure,park,Dakkan Ground,,,,,OSM,,,24.9422223,67.039196,Karachi,Sindh,Pakistan,,,,,
41e4e803-c8b3-592a-b363-f742929aaf0f,4741413273,node,amenity,marketplace,Iqbal Market,,,,,OSM,,,24.9350091,67.0436442,Karachi,Sindh,Pakistan,,,,,
b385479f-e460-5fd5-92d3-4d81dc8fd39c,5128445377,node,amenity,marketplace,Hyderi Market,,,,,OSM,,,24.9358312,67.0442897,Karachi,Sindh,Pakistan,,,,,
2f535aeb-7926-5ac5-9350-8f777c319f66,5142741168,node,amenity,bank,Bank Al Habib Islamic Banking Division,,,,,OSM,,,24.9395424,67.0453127,Karachi,Sindh,Pakistan,,,,,
ff7979e8-5f1e-5dcf-9b7d-f91c4314bd6b,5172872191,node,amenity,atm,Bank Al Habib - ATM,,,,,OSM,,,24.9395748,67.0453481,Karachi,Sindh,Pakistan,,,,,
1e50b475-7f1c-50f3-a3e0-824c5ec71646,6336183485,node,amenity,bank,Bank islami,,,,,OSM,,,24.9358397,67.0456683,Karachi,Sindh,Pakistan,,,,,
ed5205eb-53c7-5c19-a416-d4019819303c,6336183786,node,amenity,bank,الائیڈ بینک لمیٹڈ,الائیڈ بینک لمیٹڈ,,,,OSM,,,24.9355289,67.0460029,Karachi,Sindh,Pakistan,,,الائیڈ بینک لمیٹڈ,,
d2ce3b27-437c-5ae3-8fe8-e3e386e31a93,6336183787,node,amenity,bank,Allied islamic bank,,,,,OSM,,,24.9353634,67.0465743,Karachi,Sindh,Pakistan,,,,,
a8186c50-3cf8-5a15-8d73-83a87cc4d70c,7313100615,node,amenity,marketplace,Hydri Bara Market,حیدری باڑہ مارکیٹ,,,,OSM,,,24.9372225,67.0444174,Karachi,Sindh,Pakistan,,,,,
75268624-2daa-518f-81d5-c2a177c61bad,12165279160,node,healthcare,clinic,Homoeo-Cure Clinic,,,,,OSM,,,24.9344143,67.0472166,Karachi,Sindh,Pakistan,,,,,
79f79bca-436a-5f29-8f99-e4fc6b5d324f,12165401391,node,healthcare,pharmacy,Medi serve Pharmacy & Clinic,,,,,OSM,,,24.9355968,67.0456499,Karachi,Sindh,Pakistan,,,,,
93ddaa78-5089-54a9-bd8e-b57df57f6f49,12168059261,node,amenity,bank,Sindh Bank - Hyderi Branch,,,,,OSM,,,24.9360553,67.0454135,Karachi,Sindh,Pakistan,,,,,
978d1eab-e4f6-5151-8585-9ae8a6911beb,12168142980,node,healthcare,clinic,Zam Zam General And Medicos,,,,,OSM,,,24.9351016,67.0450077,Karachi,Sindh,Pakistan,,,,,
514eb14b-060e-5b0d-85b9-b30102c29c1a,12168142989,node,healthcare,pharmacy,Yousuf Medical & General Store,,,,,OSM,,,24.9354703,67.0444816,Karachi,Sindh,Pakistan,,,,,
fa3c9db4-1d3e-5a57-abbd-e8c628cffc5b,12168223607,node,amenity,bank,"Soneri Bank, Barkat-e-Haidery",,,,,OSM,,,24.9352079,67.0434917,Karachi,Sindh,Pakistan,,,,,
dcd5c693-eec7-5a15-ac9e-55495df9822b,12185354789,node,amenity,bank,Bank Al Habib,بينک الحبيب,,,,OSM,,,24.9393552,67.0438955,Karachi,Sindh,Pakistan,,,Bank Al Habib,,
a3a985ec-9eda-5fc8-873b-e0bfa8947158,4166731920,node,amenity,police,Taimuria Police Station,,,,,OSM,,,24.9378311,67.0563836,Karachi,Sindh,Pakistan,,,,,
62a87137-b7fa-5967-9cb4-23dd06102417,4166731921,node,amenity,police,Hyderi Market Police Station,,,,,OSM,,,24.9376468,67.0562252,Karachi,Sindh,Pakistan,,,,,
8b12afca-2dd3-58f5-b1be-20990051174c,4739658360,node,amenity,bank,بینک الفلاح,بینک الفلاح,,,,OSM,,,24.9394378,67.0516558,Karachi,Sindh,Pakistan,,,بینک الفلاح,,
f7fd672f-d98e-5ab1-ad08-4dccfe3e58e1,4739659856,node,amenity,bank,بينک الحبيب,بينک الحبيب,,,,OSM,,,24.9397284,67.0518509,Karachi,Sindh,Pakistan,,,بينک الحبيب,,
c085914b-eb03-5a07-a161-9fe3b9bc9b8b,4739673682,node,amenity,bank,الائیڈ بینک لمیٹڈ,الائیڈ بینک لمیٹڈ,,,,OSM,,,24.9388613,67.0530379,Karachi,Sindh,Pakistan,,,الائیڈ بینک لمیٹڈ,,
405cf94f-a845-521c-8f60-87732aac0150,4739674824,node,amenity,bank,ایچ بی ایل پاکستان,ایچ بی ایل پاکستان,,,,OSM,,,24.9391598,67.0526328,Karachi,Sindh,Pakistan,,,ایچ بی ایل پاکستان,,
a0dbb168-9d4d-5057-8d15-d6e0d5c1ad1e,4741525428,node,amenity,bank,ایم سی بی بینک,ایم سی بی بینک,,,,OSM,,,24.9393938,67.0517088,Karachi,Sindh,Pakistan,,,ایم سی بی بینک,,
c85b0806-07be-592f-a095-ef7dcc047b7c,5142741151,node,amenity,bank,Al Ameen Funds (Islamic subsidiary Of UBL Fund Managers,,,,,OSM,,,24.9387024,67.0532362,Karachi,Sindh,Pakistan,,,,,
786f62b6-d020-50bf-9431-a1f9985980da,5174094389,node,amenity,atm,NIB Bank - ATM,,,,,OSM,,,24.9354815,67.0508373,Karachi,Sindh,Pakistan,,,,,
7737693b-94a6-523f-a059-181fc04967b3,5174094390,node,amenity,bank,NIB,,,,,OSM,,,24.9355544,67.0509097,Karachi,Sindh,Pakistan,,,,MCB,
9b9bb4c4-3356-52bf-b9e0-561f7f33934e,5174157183,node,amenity,atm,Bank Alfalah - ATM,,,,,OSM,,,24.939418,67.0516813,Karachi,Sindh,Pakistan,,,,,
8a9bf29f-9be5-55bf-ab7e-c4cc45dce42e,5174157184,node,amenity,atm,MCB Bank - ATM,,,,,OSM,,,24.9393746,67.0517313,Karachi,Sindh,Pakistan,,,,,
45f9fbf0-5c6b-545e-931b-a6eb27b43841,5175990574,node,amenity,atm,HBL - ATM,,,,,OSM,,,24.9391707,67.0526109,Karachi,Sindh,Pakistan,,,,,
c45b0f3e-9617-50a8-8633-06ef8ce36184,5175990575,node,amenity,atm,Askari Bank - ATM,,,,,OSM,,,24.9395261,67.052106,Karachi,Sindh,Pakistan,,,,,
0347830e-a2ba-5899-8267-0ad98a88729d,5175990576,node,amenity,bank,عسکری بینک,عسکری بینک,,,,OSM,,,24.9395723,67.0520376,Karachi,Sindh,Pakistan,,,عسکری بینک,,
65bbb768-9cdf-572f-b4cb-d4c1e9fa24d0,5175990577,node,amenity,atm,بينک الحبيب,بينک الحبيب,,,,OSM,,,24.9396988,67.0518847,Karachi,Sindh,Pakistan,,,بينک الحبيب,,
f847003c-c360-5c34-b171-71a8b44458a2,5176209437,node,amenity,atm,Allied Bank - ATM,,,,,OSM,,,24.9388305,67.0530729,Karachi,Sindh,Pakistan,,,,,
517ace97-30ec-51dd-afca-7014b7f996a2,12154605224,node,healthcare,clinic,Alsafa hajama center,,,,,OSM,,,24.9383328,67.0548265,Karachi,Sindh,Pakistan,,,,,
7be699ac-f576-5fe0-8367-3f36f236f92a,12154617698,node,amenity,atm,Meezan Bank - Block L North Nazimabad Branch,میزان بینک,,,,OSM,,,24.9382912,67.0538704,Karachi,Sindh,Pakistan,,,Meezan Bank,Meezan Bank,
aa97d143-f623-5122-84c9-467b1b95ef91,12157586122,node,healthcare,clinic,Ahsan clinic,,,,,OSM,,,24.9390613,67.051206,Karachi,Sindh,Pakistan,,,,,
9a334897-abe2-53fe-bd93-d82eade41f1d,12159828470,node,amenity,bank,National Savings Centre,,,,,OSM,,,24.939132,67.0511064,Karachi,Sindh,Pakistan,,,,,
3694b16b-9062-580b-9a97-366c454203d2,12164752016,node,healthcare,hospital,Mariam General Hospital,,,,,OSM,,,24.9344684,67.0530074,Karachi,Sindh,Pakistan,,,,,
624b36b2-0103-504f-8342-ad4499e775f1,12206490533,node,healthcare,pharmacy,Mashallah medical & gernal store,,,,,OSM,,,24.9352013,67.0557281,Karachi,Sindh,Pakistan,,,,,
7efa8b4d-89e3-5d0d-a634-9624a31debee,12206492297,node,healthcare,hospital,DR ZIAUDDIN HOSPITAL NORTH NAZIMABAD,,,,,OSM,,,24.9343315,67.0536746,Karachi,Sindh,Pakistan,,,,,
523047d1-3e28-5016-9cd5-666091982ce2,12206600442,node,amenity,police,Ghulam-e-MUSTAFA Sindh government.,,,,,OSM,,,24.9348399,67.0550475,Karachi,Sindh,Pakistan,,,,,
4e682b58-b513-54db-b19e-f77f91db4f25,4739509342,node,amenity,bank,عسکری بینک,عسکری بینک,,,,OSM,,,24.9443297,67.0484596,Karachi,Sindh,Pakistan,,,عسکری بینک,,
2c0a2232-365a-53ff-885e-8514cfeaa35c,4739587134,node,amenity,bank,Silkbank,,,,,OSM,,,24.941842,67.0489521,Karachi,Sindh,Pakistan,,,Silkbank Limited,,
ecdb8ccc-88c2-5111-896a-d9dcb1f8c663,4741344822,node,healthcare,clinic,Florence Medical Centre,,,,,OSM,,,24.9419766,67.0481255,Karachi,Sindh,Pakistan,,,,,
4263c84f-bbe5-5413-bdc6-1dac74cd9f13,5137608499,node,amenity,bank,یونائیٹڈ بینک لمیٹڈ,یونائیٹڈ بینک لمیٹڈ,,,,OSM,,,24.9420789,67.0486215,Karachi,Sindh,Pakistan,,,یونائیٹڈ بینک لمیٹڈ,,
49dc2d7f-7a03-5ff3-b6cf-7352d000e3ef,5142741167,node,amenity,bank,Meezan Bank Ltd.,,,,,OSM,,,24.9398327,67.0459693,Karachi,Sindh,Pakistan,,,,,
164591b2-fe07-5aa4-9b0d-5245cfd7622d,5172827940,node,amenity,atm,Meezan Bank - ATM,,,,,OSM,,,24.9398204,67.0459858,Karachi,Sindh,Pakistan,,,,,
ee610c09-dc19-539b-bca9-663f258f238b,5175902677,node,amenity,atm,Silk Bank - ATM,,,,,OSM,,,24.9418646,67.0489141,Karachi,Sindh,Pakistan,,,,,
f5d77633-566f-580b-a125-01e16587884a,5175926334,node,amenity,atm,Bank Islami - ATM,,,,,OSM,,,24.9442042,67.0494694,Karachi,Sindh,Pakistan,,,,,
0d2cf75e-231e-5d92-a2ac-b2b4d3a3a6cc,5175926335,node,amenity,bank,بینک اسلامی,بینک اسلامی,,,,OSM,,,24.944175,67.0494305,Karachi,Sindh,Pakistan,,,بینک اسلامی,بینک اسلامی,
21d98309-3a98-507e-907d-2be9fff962a8,5175926343,node,amenity,bank,UBL Bank - ATM,,,,,OSM,,,24.9420573,67.0486566,Karachi,Sindh,Pakistan,,,,,
586c60cf-75d3-5d63-bcba-f1db470eb0d3,5201957136,node,amenity,atm,Askari Bank - ATM,,,,,OSM,,,24.944372,67.0484984,Karachi,Sindh,Pakistan,,,,,
6e840c27-e015-5926-b58e-48e6b095e364,5207976156,node,amenity,atm,Faysal Bank - ATM,,,,,OSM,,,24.9400904,67.044628,Karachi,Sindh,Pakistan,,,,,
7768aa1a-286a-56e9-a9a9-1d4e1672d24b,5207976157,node,amenity,bank,فیصل بینک,فیصل بینک,,,,OSM,,,24.940066,67.0446038,Karachi,Sindh,Pakistan,,,فیصل بینک,,
2127a454-b607-5880-b817-cf5ba841e203,5306002516,node,amenity,bank,اسٹینڈرڈ چارٹرڈ,اسٹینڈرڈ چارٹرڈ,,,,OSM,,,24.9414012,67.0469524,Karachi,Sindh,Pakistan,,,اسٹینڈرڈ چارٹرڈ,اسٹینڈرڈ چارٹرڈ,
ab46f650-0846-56cc-80d0-4fee3c37fae1,12129127255,node,healthcare,clinic,Nizami Dawakhana Karachi,,,,,OSM,,,24.9451055,67.0484582,Karachi,Sindh,Pakistan,,,,,
1342de34-699b-5c85-b381-556ff82a9689,12129138211,node,healthcare,clinic,,,,,,OSM,,,24.9437592,67.0474419,Karachi,Sindh,Pakistan,,,,,
2e11d50a-73d2-57f4-8b04-e00e342835b0,12129138212,node,healthcare,pharmacy,Al-Mansoor Medical Stores,,,,,OSM,,,24.9437956,67.0474419,Karachi,Sindh,Pakistan,,,,,
b274aab3-5acf-5ab4-be2d-5d0a22dc31b7,12156970397,node,healthcare,pharmacy,yala pharmacy and mart,,,,,OSM,,,24.9421861,67.0492938,Karachi,Sindh,Pakistan,,,,,
2c11ad05-6bce-5046-80f7-396dc3f68f06,12160107618,node,amenity,atm,,,,,,OSM,,,24.9412501,67.0468748,Karachi,Sindh,Pakistan,,,,,
8125c3b1-803e-53ce-b510-18bfdbcd322b,12160107621,node,amenity,bank,MCB Bank,,,,,OSM,,,24.9409978,67.046663,Karachi,Sindh,Pakistan,,,,,
72ef2d46-39bf-5794-a735-596cb5092ca2,12160107625,node,amenity,bank,HBL Bank,ایچ بی ایل پاکستان,,,,OSM,,,24.9409184,67.0465851,Karachi,Sindh,Pakistan,,,HBL Bank,,
2f3b198a-7f91-5add-97c1-cf4985ddad08,12185359204,node,amenity,bank,FINCA Microfinance Bank North Karachi,,,,,OSM,,,24.9410745,67.0454354,Karachi,Sindh,Pakistan,,,,,
594f136d-47e2-5b54-9afd-9b9dc56a5aa1,12185925757,node,healthcare,hospital,Al Hamza General Hospital pharmacy,,,,,OSM,,,24.9448479,67.0442383,Karachi,Sindh,Pakistan,,,,,
a7db1ecf-48e4-57cc-b553-38f9bf80141c,5175883621,node,amenity,atm,UBL Bank - ATM,,,,,OSM,,,24.9459771,67.0538601,Karachi,Sindh,Pakistan,,,,,
760e8583-65bd-5fb6-99eb-0d226431318c,5175883622,node,amenity,bank,یونائیٹڈ بینک لمیٹڈ,یونائیٹڈ بینک لمیٹڈ,,,,OSM,,,24.9460148,67.0538025,Karachi,Sindh,Pakistan,,,یونائیٹڈ بینک لمیٹڈ,,
809eb9b0-f2e2-51ad-8fac-cae1ab14b37d,5175990582,node,amenity,atm,سندھ بینک,سندھ بینک,,,,OSM,,,24.9402144,67.0511726,Karachi,Sindh,Pakistan,,,سندھ بینک,,
c87de013-ea10-55b4-a163-2a304390a82f,5175990583,node,amenity,bank,سندھ بینک,سندھ بینک,,,,OSM,,,24.9402424,67.0511323,Karachi,Sindh,Pakistan,,,سندھ بینک,,
4f3d1b72-4d40-5a40-9785-f2a14f4791f4,12153898499,node,healthcare,clinic,Konsultus,,,,,OSM,,,24.9442771,67.055584,Karachi,Sindh,Pakistan,,,,,
c1061726-7716-5efa-814d-d205a83af283,12159940791,node,healthcare,pharmacy,DVAGO Pharmacy & Wellness Experts,,,,,OSM,,,24.9404501,67.0502541,Karachi,Sindh,Pakistan,,,,,
03d6ad5f-d9f5-56bf-9f59-e9d53e8bed71,12258163817,node,healthcare,pharmacy,ZAFAR MEDICAL STORE ظفر بھائی,,,,,OSM,,,24.9494686,67.0072184,Karachi,Sindh,Pakistan,,,,,
f3923868-f564-51ab-a19c-409b6ea295ea,12258169125,node,amenity,marketplace,Monument Towels (pvt),,,,,OSM,,,24.9499623,67.0088273,Karachi,Sindh,Pakistan,,,,,
30456ac4-7ad5-5e5b-9235-714d7ad973f2,5183476687,node,place,neighbourhood,Orangi Sector 12 L,,,,,OSM,,,24.9469517,67.0117382,Karachi,Sindh,Pakistan,,,,,
a66f4879-ad0d-5eb6-b644-f4005224842c,12189841452,node,healthcare,hospital,Hasnain Medical center,,,,,OSM,,,24.9483686,67.0230841,Karachi,Sindh,Pakistan,,,,,
90fab3b7-aa26-5dc4-a44c-28c3932549e4,12190096473,node,healthcare,hospital,BHU Govt. Dispensary,,,,,OSM,,,24.9497023,67.0216894,Karachi,Sindh,Pakistan,,,,,
d13a6aa0-4293-571f-9242-37b41c6d8364,12190100306,node,healthcare,hospital,Shan-e-Shifa Clinic,,,,,OSM,,,24.9490477,67.0222856,Karachi,Sindh,Pakistan,,,,,
de6c9316-8a63-5649-a3fd-f7e5ab7e3529,5088577356,node,amenity,bank,یونائیٹڈ بینک لمیٹڈ,یونائیٹڈ بینک لمیٹڈ,,,,OSM,,,24.9488144,67.0236893,Karachi,Sindh,Pakistan,,,یونائیٹڈ بینک لمیٹڈ,,
7a3e074f-8e47-5509-a03d-7a9369ddcdce,5088577357,node,amenity,bank,Askari Bank LTD Mango Pir Branch,,,,,OSM,,,24.9490987,67.0239198,Karachi,Sindh,Pakistan,,,,,
5f5d0a3c-838e-59f1-8527-fb1558da3850,7034761164,node,place,neighbourhood,Khyber Mohallah,,,,,OSM,,,24.9486842,67.0331744,Karachi,Sindh,Pakistan,,,,,
689310ee-ca12-5da8-9166-829d5b9d921c,5140919481,node,amenity,bank,ایچ بی ایل پاکستان,ایچ بی ایل پاکستان,,,,OSM,,,24.9487973,67.0432105,Karachi,Sindh,Pakistan,,,ایچ بی ایل پاکستان,,
db182eed-dee9-59d3-9dc0-081e3813658c,5201844766,node,amenity,atm,HBL Bank - ATM,,,,,OSM,,,24.9487495,67.0432158,Karachi,Sindh,Pakistan,,,,,
286ef4d4-9747-5ffe-8f61-fe0d86e1bd81,5330851425,node,place,neighbourhood,Zhob Colony,,,,,OSM,,,24.9499259,67.0386892,Karachi,Sindh,Pakistan,,,,,
96b422cf-95e5-59e2-9ea6-214cbbf3403a,12143899804,node,amenity,bank,Meezan Bank - Khatija Market Block,,,,,OSM,,,24.9485339,67.0432892,Karachi,Sindh,Pakistan,,,,,
5b91e39d-e97c-50aa-b78d-32efbf5082b9,12188214501,node,leisure,park,KMC Park,,,,,OSM,,,24.9471193,67.040822,Karachi,Sindh,Pakistan,,,,,
5097f661-6006-5fd0-af00-4c97cd9e4b45,12212053707,node,healthcare,clinic,Maqbool Clinic Dr. Shehnaz Zaheer,,,,,OSM,,,24.9480338,67.0430956,Karachi,Sindh,Pakistan,,,,,
4cb8de4d-ba3a-5ca7-b114-0a0d35ecee92,12143878375,node,healthcare,clinic,Central Homeo Clinic,,,,,OSM,,,24.948773,67.0436182,Karachi,Sindh,Pakistan,,,,,
bfe906a3-2bf1-58b4-9186-7ea73e850042,12143879527,node,healthcare,clinic,Owaisi Homeo Clinic,,,,,OSM,,,24.9496628,67.0464191,Karachi,Sindh,Pakistan,,,,,
475c80a9-be50-56e1-ab59-c16721493043,12143899803,node,amenity,marketplace,Khadija Market,,,,,OSM,,,24.948585,67.0434421,Karachi,Sindh,Pakistan,,,,,
7a2e7240-bee8-5ea9-88ab-558cb1fc126c,12222323891,node,healthcare,pharmacy,Bismillah medicos,,,,,OSM,,,24.9484573,67.0494692,Karachi,Sindh,Pakistan,,,,,
a20650da-d742-5cf7-b1f8-3da1fd4b43b1,4739600303,node,amenity,bank,بينک الحبيب,بينک الحبيب,,,,OSM,,,24.9470097,67.0508629,Karachi,Sindh,Pakistan,,,بينک الحبيب,,
ce1ced6f-1513-5f09-b91b-c064013c088d,4741344843,node,amenity,marketplace,New Hyderi Market,,,,,OSM,,,24.94792,67.0531326,Karachi,Sindh,Pakistan,,,,,
bdd01ddd-979d-509d-9682-099aaaf5d4a9,5084414031,node,amenity,bank,بينک الحبيب,بينک الحبيب,,,,OSM,,,24.948017,67.0548761,Karachi,Sindh,Pakistan,,,بينک الحبيب,,
a71c2854-5a0f-5c2b-a984-6f61d19e3520,5084414033,node,amenity,bank,ایچ بی ایل پاکستان,ایچ بی ایل پاکستان,,,,OSM,,,24.9476645,67.0553758,Karachi,Sindh,Pakistan,,,ایچ بی ایل پاکستان,,
bc879104-3fd1-5cad-8007-2f768856c604,5183277345,node,amenity,atm,Habib Bank Limited - ATM,,,,,OSM,,,24.94765,67.055393,Karachi,Sindh,Pakistan,,,,,
ec5ea816-3332-5332-b315-2711a0591885,5183401827,node,amenity,atm,Bank Al Habib - ATM,,,,,OSM,,,24.948005,67.0548931,Karachi,Sindh,Pakistan,,,,,
28e42d27-2ac2-58e4-ac2c-90605e93d703,5183568671,node,amenity,marketplace,Sunday Bazar,,,,,OSM,,,24.9491617,67.0538762,Karachi,Sindh,Pakistan,,,,,
c6927bea-b000-50f1-b790-2f8fc609993e,5185754404,node,amenity,atm,Habib Metropolitan Bank - ATM,,,,,OSM,,,24.9480601,67.0532472,Karachi,Sindh,Pakistan,,,,,
f364d9a0-37a0-50c3-9bbc-4cb0b0436483,5185754405,node,amenity,bank,Habib Metropolitan Bank,,,,,OSM,,,24.9480272,67.0532177,Karachi,Sindh,Pakistan,,,,,
b9d6b982-5b6d-5861-981e-1304819a28bc,5185754416,node,amenity,atm,Meezan Bank - ATM,,,,,OSM,,,24.9468818,67.052916,Karachi,Sindh,Pakistan,,,,,
199eea64-ecd1-5a73-96e7-b30999f450b2,5185754419,node,amenity,bank,میزان بینک,میزان بینک,,,,OSM,,,24.9468635,67.0529535,Karachi,Sindh,Pakistan,,,میزان بینک,,
4dfbd8b4-d4e4-5872-9c7d-38a22719c29d,5185956549,node,amenity,marketplace,Sakhi Hassan Mobile Market,,,,,OSM,,,24.946403,67.0552468,Karachi,Sindh,Pakistan,,,,,
49b49e57-ffcf-5dbe-86e5-2ef9f62d1ca0,5195839511,node,amenity,atm,Allied Bank Limited - ATM,,,,,OSM,,,24.9474448,67.0503991,Karachi,Sindh,Pakistan,,,,,
35d3ba5b-3a6b-5f30-901a-ccdcbd70553f,5195839512,node,amenity,bank,الائیڈ بینک لمیٹڈ,الائیڈ بینک لمیٹڈ,,,,OSM,,,24.9474302,67.0504175,Karachi,Sindh,Pakistan,,,الائیڈ بینک لمیٹڈ,,
8c8ebbb5-e72f-59d4-a780-44b0455cfd3a,5195839622,node,amenity,atm,Bank Alfalah - ATM,,,,,OSM,,,24.9471487,67.0509888,Karachi,Sindh,Pakistan,,,,,
3ebdd15a-216c-5184-81eb-294992039a3e,5195839623,node,amenity,bank,بینک الفلاح,بینک الفلاح,,,,OSM,,,24.9471347,67.0509707,Karachi,Sindh,Pakistan,,,بینک الفلاح,,
94c57ff4-96e2-5879-b5a4-0b1b8eff7b22,5195839625,node,amenity,atm,Bank Al Habib - ATM,,,,,OSM,,,24.9470356,67.0508889,Karachi,Sindh,Pakistan,,,,,
1ba03199-2678-5b1d-bcd1-ee74cfd75c14,5195869326,node,amenity,atm,بینک اسلامی,بینک اسلامی,,,,OSM,,,24.9486279,67.0502177,Karachi,Sindh,Pakistan,,,بینک اسلامی,بینک اسلامی,
a7fd71b8-de58-53a2-9001-56277922cc56,5195869327,node,amenity,bank,بینک اسلامی,بینک اسلامی,,,,OSM,,,24.9486255,67.0501734,Karachi,Sindh,Pakistan,,,بینک اسلامی,بینک اسلامی,
fe536a91-d1b8-5232-a376-077c98e45f91,5196022433,node,amenity,marketplace,Asma Market,,,,,OSM,,,24.949704,67.0525981,Karachi,Sindh,Pakistan,,,,,
df6ab16b-4901-57d6-aa2e-8f9bee69f164,5196022435,node,amenity,bank,جے ایس بینک,جے ایس بینک,,,,OSM,,,24.9495405,67.0530548,Karachi,Sindh,Pakistan,,,جے ایس بینک,جے ایس بینک,
36c9138a-ad2a-5395-9ba5-90a88e10f974,5196022436,node,amenity,bank,جے ایس بینک,جے ایس بینک,,,,OSM,,,24.9495235,67.0530333,Karachi,Sindh,Pakistan,,,جے ایس بینک,جے ایس بینک,
45eed0c8-ce28-537d-8e30-ada25c8dcb0d,12129112657,node,healthcare,hospital,Mumtaz Hospital,,,,,OSM,,,24.9495589,67.0529327,Karachi,Sindh,Pakistan,,,,,
851a6905-1249-51e6-95ac-ad2df9d6c158,12150864865,node,amenity,marketplace,Sabzi market,,,,,OSM,,,24.9463072,67.0550989,Karachi,Sindh,Pakistan,,,,,
71850b44-6677-5ac4-8740-563dbdf743ce,12150946067,node,amenity,marketplace,Bhayani Cloth Market,,,,,OSM,,,24.9474589,67.0527919,Karachi,Sindh,Pakistan,,,,,
4580ff41-ac77-5dff-8b57-b885dc7a8466,12150953560,node,healthcare,clinic,Fazal Clinic Dr. Syed Haroon Rashid,,,,,OSM,,,24.9472601,67.0533053,Karachi,Sindh,Pakistan,,,,,
1348bdf7-f0a0-56e4-ac7f-0a22c1ea3096,12150957073,node,healthcare,clinic,DR NOEM FAROOqi CLINIC,,,,,OSM,,,24.9475261,67.0532559,Karachi,Sindh,Pakistan,,,,,
3aa83756-56b6-5588-80ad-ab1574e41e1f,4764692539,node,amenity,bank,Silk bank,,,,,OSM,,,24.9229782,67.0581006,Karachi,Sindh,Pakistan,,,,,
425d5672-da1e-5b20-92e4-5bd3d80c7b07,5149784909,node,amenity,bank,اسٹینڈرڈ چارٹرڈ,اسٹینڈرڈ چارٹرڈ,,,,OSM,,,24.9255972,67.0613473,Karachi,Sindh,Pakistan,,,اسٹینڈرڈ چارٹرڈ,اسٹینڈرڈ چارٹرڈ,
8294f599-3924-54c0-bdc3-b7279d663d71,5297463996,node,amenity,bank,میزان بینک,میزان بینک,,,,OSM,,,24.9229496,67.058037,Karachi,Sindh,Pakistan,,,میزان بینک,,
46d77d7a-e8c7-530e-8edc-04d3855f939b,5340598770,node,leisure,park,Block 6 Park,,,,,OSM,,,24.9264571,67.059902,Karachi,Sindh,Pakistan,,,,,
dfa7c50d-aefa-5cfa-bcc1-86d92e8a6716,12145734315,node,amenity,bank,Habib Bank Limited (HBL),,,,,OSM,,,24.9203895,67.0574755,Karachi,Sindh,Pakistan,,,,,
05bb1606-5b45-50cb-a3b2-55cf3551e911,12145910582,node,leisure,park,Haji Rehmatullah Family Park (Azad Ground),,,,,OSM,,,24.9205432,67.0609323,Karachi,Sindh,Pakistan,,,,,
5a8a71e1-f1bc-5828-9c05-a2640df09998,12146006205,node,amenity,marketplace,ATTARI CONFECTIONERY,,,,,OSM,,,24.920476,67.0593573,Karachi,Sindh,Pakistan,,,,,
f08102d0-89cc-50f2-91cd-74ff5c702d72,12146009431,node,healthcare,clinic,,,,,,OSM,,,24.9213714,67.0589143,Karachi,Sindh,Pakistan,,,,,
b27b3774-9736-5c38-905f-bd21bfb6e37d,12183804976,node,leisure,park,Muhammadi Family Park,,,,,OSM,,,24.9260537,67.0595453,Karachi,Sindh,Pakistan,,,,,
4526b36e-bc1d-577a-a6e6-20eb9e388219,12201071746,node,healthcare,pharmacy,EHAD Pharmacy,,,,,OSM,,,24.9222674,67.0570834,Karachi,Sindh,Pakistan,,,,,
137c87c6-a5e0-573a-b50a-de362307d25d,12201071884,node,healthcare,pharmacy,Meri Sehat-Clinic | Pharmacy | Lab | Federal B Area Branch,,,,,OSM,,,24.9221859,67.0570883,Karachi,Sindh,Pakistan,,,,,
0acc15d3-25d8-5539-bab9-fc5017707171,12201098189,node,healthcare,hospital,Zainab Medical Centre,,,,,OSM,,,24.9223006,67.0570587,Karachi,Sindh,Pakistan,,,,,
b9ca9539-76cd-5d01-bc42-25d3fb5a8eca,12201245962,node,amenity,bank,Bank Islami,,,,,OSM,,,24.9219773,67.0568015,Karachi,Sindh,Pakistan,,,,,
17ef84b4-1952-596f-af56-159ae14ae7e3,4762614035,node,amenity,bank,Bank Alhabib Aisha Manzil Branch,,,,,OSM,,,24.9265667,67.065173,Karachi,Sindh,Pakistan,,,,,
5d5e1d4b-c6ab-51b2-abde-ea1fce49fb24,5128010259,node,amenity,marketplace,Furniture Market,,,,,OSM,,,24.9263594,67.063251,Karachi,Sindh,Pakistan,,,,,
a84d18ac-994f-5df8-97f0-f0eceabb869c,5142642723,node,amenity,bank,سونیری بینک,سونیری بینک,,,,OSM,,,24.9206946,67.0638713,Karachi,Sindh,Pakistan,,,سونیری بینک,سونیری بینک,
e96e44ea-041b-5474-be50-bfe37c792dcf,5145241859,node,amenity,bank,Tameer Bank,,,,,OSM,,,24.923625,67.0660804,Karachi,Sindh,Pakistan,,,,,
ef12e920-fad4-5ca9-8f93-bf338b72a15a,5334959085,node,amenity,bank,Habib Metro Bank,,,,,OSM,,,24.9260906,67.0656189,Karachi,Sindh,Pakistan,,,,,
452085c8-aff9-540a-96bf-2151ce5a6002,5340632632,node,amenity,marketplace,Aga Khan Market,,,,,OSM,,,24.9258304,67.0645335,Karachi,Sindh,Pakistan,,,,,
d0598b51-b1ec-5717-ba6a-9fb9f3d12811,8950847477,node,healthcare,clinic,Tabba Heart Institute,,,Clinic,,OSM,,,24.922945,67.065205,Karachi,Sindh,Pakistan,,,,,
a69f9f9f-f1ce-5b1c-a98a-c0567528edb9,12132145234,node,healthcare,pharmacy,Rabia Medical & General store,,,,,OSM,,,24.9202347,67.0638545,Karachi,Sindh,Pakistan,,,,,
cfdccedc-9d6a-5a2a-a98e-5859a89032c6,12147673642,node,leisure,park,Indus River Park,,,,,OSM,,,24.9218174,67.0636796,Karachi,Sindh,Pakistan,,,,,
a1d9237a-7a68-5da0-8699-1809b5c3d7a8,12149673968,node,healthcare,clinic,Noorani Clinic,,,,,OSM,,,24.9253525,67.0638328,Karachi,Sindh,Pakistan,,,,,
3a0c07e5-896e-5e54-986a-2cc952502c1f,12151407391,node,healthcare,pharmacy,Mumtaz Medicos,,,,,OSM,,,24.925812,67.0666333,Karachi,Sindh,Pakistan,,,,,
88df9bc9-0832-5cd3-867a-dfc1e6b22d04,12151423122,node,healthcare,pharmacy,Sadaf Enterprises & Medicos,,,,,OSM,,,24.9258242,67.0666497,Karachi,Sindh,Pakistan,,,,,
6c47fbe2-ec67-58c0-8aa5-ac115e788afe,4764692536,node,amenity,bank,Meezan bank,,,,,OSM,,,24.9300058,67.0567285,Karachi,Sindh,Pakistan,,,,,
4c0ef8cd-e962-530f-89ae-7089c8fcda99,12169667947,node,healthcare,hospital,Tib Medical and Dental Centre- TMDC,,,,,OSM,,,24.9319261,67.0607974,Karachi,Sindh,Pakistan,,,,,
5cb72cb7-dd97-5821-9894-256c3ede8538,2671310324,node,place,neighbourhood,Ayesha Manzil,,,,,OSM,,,24.9267993,67.0642152,Karachi,Sindh,Pakistan,,,,,
c37abe55-6310-5678-8c5c-d5c26a7da553,4762614031,node,amenity,bank,ایچ بی ایل پاکستان,ایچ بی ایل پاکستان,,,,OSM,,,24.927146,67.0646173,Karachi,Sindh,Pakistan,,,ایچ بی ایل پاکستان,,
43b8efaa-2e02-573c-8ac4-4b849f96f69e,4762614032,node,amenity,bank,ایچ بی ایل پاکستان,ایچ بی ایل پاکستان,,,,OSM,,,24.927016,67.064727,Karachi,Sindh,Pakistan,,,ایچ بی ایل پاکستان,,
55e0ea2b-ff91-5613-adce-80ebb43b590e,5146847950,node,amenity,bank,دبئی اسلامی بینک,دبئی اسلامی بینک,,,,OSM,,,24.9289681,67.0655878,Karachi,Sindh,Pakistan,,,دبئی اسلامی بینک,,
3b380d59-84c5-5ebe-a3d4-319e29cbd6af,5297464000,node,amenity,bank,بینک الفلاح,بینک الفلاح,,,,OSM,,,24.9282134,67.0645875,Karachi,Sindh,Pakistan,,,بینک الفلاح,,
1a5729f7-3844-54d1-86c9-7ca9819fa243,5297464001,node,healthcare,hospital,Mother Care Hospital,,,,,OSM,,,24.9291591,67.0657974,Karachi,Sindh,Pakistan,,,,,
1f8332df-0dad-5e3e-8262-8bc8277606ff,5334959081,node,healthcare,pharmacy,Mumtaz Medicos,,,,,OSM,,,24.9267061,67.0656406,Karachi,Sindh,Pakistan,,,,,
701d5e12-6205-5b96-9800-1415a65d9610,12151177464,node,leisure,park,Al Madani family Park,,,,,OSM,,,24.9270382,67.0654811,Karachi,Sindh,Pakistan,,,,,
0a8d8b2b-994d-5893-9f7c-025b93649dba,12165562836,node,healthcare,hospital,Dua Foundation,,,,,OSM,,,24.9287841,67.0635542,Karachi,Sindh,Pakistan,,,,,
f1e88d71-e9b7-52e3-87d5-40f9d84982fa,12165596172,node,healthcare,clinic,Ibn-e-Sina Dawakhana happy chowrangi,,,,,OSM,,,24.9278638,67.0641651,Karachi,Sindh,Pakistan,,,,,
56537dee-98ae-5920-ac8a-43aaf1fbe3f2,12165599034,node,healthcare,hospital,National Thalassemia Institute,,,,,OSM,,,24.9281341,67.0636108,Karachi,Sindh,Pakistan,,,,,
7b0d3ab1-23c9-5122-bf0c-529adec26c68,12169486849,node,leisure,park,Um e Hani Family Park,,,,,OSM,,,24.9313434,67.0649811,Karachi,Sindh,Pakistan,,,,,
a04fce6e-c961-5a3e-8ad7-00e203b026f4,12169551198,node,leisure,park,Wonderland School Park,,,,,OSM,,,24.9322833,67.0658763,Karachi,Sindh,Pakistan,,,,,
aadcfe14-1ee8-5cb2-8db0-78d20c9c3c08,5318467846,node,amenity,bank,بينک الحبيب,بينک الحبيب,,,,OSM,,,24.9340061,67.0619164,Karachi,Sindh,Pakistan,,,بينک الحبيب,,
0293e8f5-9fe4-51f4-8eca-efed5f5f0438,5318467847,node,amenity,bank,ایچ بی ایل پاکستان,ایچ بی ایل پاکستان,,,,OSM,,,24.9337056,67.0615566,Karachi,Sindh,Pakistan,,,ایچ بی ایل پاکستان,,
26cf7621-cfa4-5d7b-b8fe-6484ce4ef029,12174208460,node,healthcare,hospital,SAYYADA MEDICAL CENTER,,,,,OSM,,,24.9391029,67.0578785,Karachi,Sindh,Pakistan,,,,,
faa65fb6-66ae-5804-9322-0fd9f0364bd1,12174235226,node,healthcare,pharmacy,Dr Sohail clinic,,,,,OSM,,,24.9390754,67.058586,Karachi,Sindh,Pakistan,,,,,
60753375-463d-59f1-b2bb-0dae6ec2fa1a,12180508015,node,leisure,park,Jumbo jump Park,,,,,OSM,,,24.936217,67.0597639,Karachi,Sindh,Pakistan,,,,,
5eb62da2-769c-5d0d-bdb7-a4a63bcf1fe0,4741525043,node,healthcare,hospital,Rafah e Aam Medical Centre,,,,,OSM,,,24.9381866,67.0662705,Karachi,Sindh,Pakistan,,,,,
a45c3bdf-05b6-5ef2-bd35-e5e25f02b8ab,5153640501,node,leisure,park,Khushi Lawn,,,,,OSM,,,24.9348899,67.0650697,Karachi,Sindh,Pakistan,,,,,
5caf8f80-c938-596c-86fc-128c1c91ea02,5153640502,node,leisure,park,Markaz-e-Khail-o-Saqafat,,,,,OSM,,,24.9357139,67.0640695,Karachi,Sindh,Pakistan,,,,,
02ce1847-ecad-5724-b568-5532e5b806e7,5318467832,node,amenity,bank,فیصل بینک,فیصل بینک,,,,OSM,,,24.9372182,67.0658555,Karachi,Sindh,Pakistan,,,فیصل بینک,,
3c997132-da14-5889-b3cf-8def7fe4d2db,5318467836,node,amenity,bank,Habib Bank,,,,,OSM,,,24.9365406,67.0656617,Karachi,Sindh,Pakistan,,,,,
e206dd8d-a693-5bd5-880f-3fbb222db2d1,5318467838,node,amenity,bank,بینک الفلاح,بینک الفلاح,,,,OSM,,,24.9362802,67.0656034,Karachi,Sindh,Pakistan,,,بینک الفلاح,,
96a9168c-9e7a-58b5-9a72-3a33c04f64c2,5344316144,node,leisure,park,Atruli Nursery,,,,,OSM,,,24.9379854,67.0651275,Karachi,Sindh,Pakistan,,,,,
8aeeb2a3-6ced-5ae2-95ac-20d9fd450a08,12169606623,node,healthcare,pharmacy,Family Cure Nutracutical Pvt Ltd,,,,,OSM,,,24.9335705,67.0652923,Karachi,Sindh,Pakistan,,,,,
50837664-9e9f-57f3-8596-f4dbaf2be11c,12171598456,node,amenity,bank,MCB,,,,,OSM,,,24.9361944,67.0665208,Karachi,Sindh,Pakistan,,,,,
20c6c4dd-84e2-51fa-b961-edb176d04a88,12171616013,node,amenity,bank,National Savings Centre,,,,,OSM,,,24.9382193,67.0666499,Karachi,Sindh,Pakistan,,,,,
417386de-6e96-57fb-b19c-cac2a87d222f,12171619502,node,healthcare,hospital,EECP Treatment Center RMC,,,,,OSM,,,24.9381297,67.0664304,Karachi,Sindh,Pakistan,,,,,
04ab7dd2-0ad3-5ea3-ad27-c42184e1966f,12180520671,node,leisure,park,Family Park - Block 12 Federal B Area,,,,,OSM,,,24.9371485,67.0645604,Karachi,Sindh,Pakistan,,,,,
b0dc5857-c97f-57ab-9e06-a884f596f749,12180536377,node,leisure,park,Nazeer Hussain Family Park,,,,,OSM,,,24.9363516,67.064596,Karachi,Sindh,Pakistan,,,,,
20ce2431-185f-5700-be88-ee1e321aa557,5183808354,node,amenity,atm,Allied Bank - ATM,,,,,OSM,,,24.9434582,67.0623386,Karachi,Sindh,Pakistan,,,,,
7d313135-b9e1-57bd-9bc3-1144563a50da,5183808355,node,amenity,bank,الائیڈ بینک لمیٹڈ,الائیڈ بینک لمیٹڈ,,,,OSM,,,24.9434867,67.0623593,Karachi,Sindh,Pakistan,,,الائیڈ بینک لمیٹڈ,,
3f7cdc6e-30d1-5b48-9dfa-972563b65f2f,5185956540,node,amenity,atm,Meezan Bank - ATM,,,,,OSM,,,24.9448243,67.0571968,Karachi,Sindh,Pakistan,,,,,
54e7ec90-8719-5bbc-8b2f-c6118466bbf3,5185956541,node,amenity,bank,میزان بینک,میزان بینک,,,,OSM,,,24.9447903,67.0571794,Karachi,Sindh,Pakistan,,,میزان بینک,,
d0564878-943e-56b3-b948-75ca11709934,5335088906,node,healthcare,clinic,Huda Homeo Clinic 3.0·2 reviews,,,,,OSM,,,24.940113,67.0594047,Karachi,Sindh,Pakistan,,,,,
807b9481-eee5-50c5-ba89-4ee694dbb341,12144153605,node,amenity,bank,Sindh bank,,,,,OSM,,,24.9433843,67.0618607,Karachi,Sindh,Pakistan,,,,,
8f78be29-977e-54ee-a558-aa7970efc92c,12144162773,node,amenity,bank,Bank Islami,,,,,OSM,,,24.9435253,67.0623106,Karachi,Sindh,Pakistan,,,,,
358f83e9-c07a-5785-b35b-2c8b48f27738,12144327744,node,healthcare,clinic,Hasan Homeo Clinic (Dr Shoaib),,,,,OSM,,,24.9456667,67.0576902,Karachi,Sindh,Pakistan,,,,,
92dc00d3-444e-5d02-b03d-a4780d030778,12151033912,node,healthcare,hospital,Smart drug and poison information center,,,,,OSM,,,24.9425751,67.0600842,Karachi,Sindh,Pakistan,,,,,
98665778-144b-5176-a0f9-68b6e0db87b3,12179787517,node,healthcare,hospital,AL HUDA HIJAMA North Nazimabad Branch (Main),,,,,OSM,,,24.9403416,67.059812,Karachi,Sindh,Pakistan,,,,,
412af5d2-6f59-5a43-80b5-3f8ec29f9dcb,12179821589,node,healthcare,pharmacy,Anus Medical and General Store,,,,,OSM,,,24.9407983,67.0610486,Karachi,Sindh,Pakistan,,,,,
9772b859-c9cb-5faf-bb1d-bd0d0af9e7fa,5137608482,node,healthcare,hospital,Tooba Medical Centre,,,,,OSM,,,24.9443639,67.063704,Karachi,Sindh,Pakistan,,,,,
6babfd41-f17d-5534-8e9d-8764724ef413,12144317661,node,healthcare,hospital,SoulMind Hospital,,,,,OSM,,,24.9454446,67.0638038,Karachi,Sindh,Pakistan,,,,,
a7a42d5e-7ea8-51ac-ba75-861ee955d40f,12144317662,node,healthcare,hospital,Areeba Medical Center,,,,,OSM,,,24.9455524,67.0639095,Karachi,Sindh,Pakistan,,,,,
3164b525-c7a0-5464-81b4-e0f116422a05,12180015891,node,healthcare,hospital,Hi-Life Hospital,,,,,OSM,,,24.9439977,67.063428,Karachi,Sindh,Pakistan,,,,,
96c5b523-aad1-5570-8c2e-256a935c05db,12180029329,node,healthcare,hospital,SAM Hospital,,,,,OSM,,,24.9441057,67.0635293,Karachi,Sindh,Pakistan,,,,,
fbb1dc38-af46-5fc4-ada5-ad1c224010a8,12180340840,node,amenity,bank,e-Sahulat,,,,,OSM,,,24.9449389,67.066642,Karachi,Sindh,Pakistan,,,,,
384a8277-f9e7-56af-8c31-893b59275f88,12180419334,node,healthcare,hospital,Areeba Clinic,,,,,OSM,,,24.9435256,67.0640645,Karachi,Sindh,Pakistan,,,,,
3ab1d2a3-a446-5d3f-b7c4-314cd121db23,12183460631,node,healthcare,hospital,Alkhidmat Medicare Gulberg,,,,,OSM,,,24.942127,67.0658368,Karachi,Sindh,Pakistan,,,,,
08412d16-1040-5926-8939-0cae90411dc4,5066646780,node,amenity,bank,Bank Dubai Islamic,,,,,OSM,,,24.9492674,67.0642145,Karachi,Sindh,Pakistan,,,,,
d6416c80-537f-5cb2-a5b3-9482262fe96b,5066646781,node,amenity,bank,Bank Al-Falah & ATM,,,,,OSM,,,24.9492144,67.0642941,Karachi,Sindh,Pakistan,,,,,
a1080473-1d27-5883-bdff-2f0d5f5e89f3,5128413265,node,amenity,marketplace,Cycle Market,,,,,OSM,,,24.94871,67.0649941,Karachi,Sindh,Pakistan,,,,,
7dd84a71-f125-51c2-a98d-78705db0b8b5,12131936368,node,healthcare,clinic,Bilal Clinic,,,,,OSM,,,24.9498981,67.0648118,Karachi,Sindh,Pakistan,,,,,
77aa15fa-68fd-5ef9-8f71-172c53fa6d09,689015385,way,landuse,cemetery,Shaheed Qabristan,,,,,OSM,,,24.9249809,67.0054006,Karachi,Sindh,Pakistan,,,,,
7933e42a-55dd-5936-8cb6-e12f77136dcf,311487409,way,leisure,park,Khattak Park,,,,,OSM,,,24.9291926,67.0002865,Karachi,Sindh,Pakistan,,,,,
4f8173a0-0bdc-5a04-9642-6ff3bbec59fa,792435384,way,healthcare,hospital,Rashid Minhas Dispensery,,,,,OSM,,,24.9326835,67.0034994,Karachi,Sindh,Pakistan,,,,,
687633f3-4168-5110-857f-d3fd5594d072,792435382,way,landuse,cemetery,,,,,,OSM,,,24.9341786,67.0045046,Karachi,Sindh,Pakistan,,,,,
94819349-e595-5dda-8b3a-b7781a0732ab,531446064,way,leisure,park,باغ,باغ,,,,OSM,,,24.9487116,67.003458,Karachi,Sindh,Pakistan,,,,,
a4a33e6f-b0db-5b02-ba3e-7a8f44623a99,521246895,way,place,neighbourhood,ناظم آباد 1,ناظم آباد 1,,,,OSM,,,24.906297,67.0266572,Karachi,Sindh,Pakistan,,,,,
eb20474f-e32a-5309-9056-27c36214188d,894926553,way,leisure,park,Begun Farrukh Jarrar Kizilbash Park,,,,,OSM,,,24.9003004,67.0282451,Karachi,Sindh,Pakistan,,,,,
6172d016-ac32-5626-ae74-b7aa16a9fa61,521246884,way,leisure,park,,,,,,OSM,,,24.9032034,67.0239521,Karachi,Sindh,Pakistan,,,,,
486c1fff-168a-590f-b358-80868e84abd8,521246899,way,leisure,park,,,,,,OSM,,,24.9058807,67.0256741,Karachi,Sindh,Pakistan,,,,,
ca3fbf0f-cfe6-5eaa-94a6-5654ef8c661e,532482354,way,leisure,park,,,,,,OSM,,,24.9035236,67.0244685,Karachi,Sindh,Pakistan,,,,,
086f19c0-4f78-5365-a572-15026dcad2e3,301258688,way,amenity,bank,ایچ بی ایل پاکستان,ایچ بی ایل پاکستان,,,,OSM,,,24.9115163,67.0136739,Karachi,Sindh,Pakistan,,,ایچ بی ایل پاکستان,,
cb206917-ad9b-5ae0-baf2-4db5d1c84347,220728135,way,leisure,park,Zeeshan Haider,,,,,OSM,,,24.9099792,67.0290933,Karachi,Sindh,Pakistan,,,,,
39dad5e4-ab15-585b-94be-d7e01737e19b,521246886,way,leisure,park,Zeeshan Afzal Park,,,,,OSM,,,24.9086686,67.0277569,Karachi,Sindh,Pakistan,,,,,
07510d38-d31e-595d-acf4-d9c94c608e95,521321066,way,leisure,park,Aqeel Park,,,,,OSM,,,24.9129767,67.0240359,Karachi,Sindh,Pakistan,,,,,
d297e2df-55b4-531d-a26d-14a41a69c961,531616642,way,leisure,park,Akhuwat Park Nazimabad,,,,,OSM,,,24.9100686,67.0243685,Karachi,Sindh,Pakistan,,,,,
ce514790-7288-528d-9786-31a7892c9c08,539236926,way,leisure,park,Bilal Park,,,,,OSM,,,24.9122718,67.0262092,Karachi,Sindh,Pakistan,,,,,
36bf76b4-ca7b-5584-a49c-f298a1122566,895818327,way,healthcare,hospital,Naimat Begum Hamdard University Hospital,,,,,OSM,,,24.9126728,67.0287726,Karachi,Sindh,Pakistan,,,,,
134f74c1-aa0c-54b5-ae8e-783d8f0353a0,521321099,way,place,neighbourhood,ناظم آباد 3,ناظم آباد 3,,,,OSM,,,24.9167108,67.0267119,Karachi,Sindh,Pakistan,,,,,
717397ab-e3e3-52a4-b825-0e8c6f32e70c,539212216,way,leisure,park,Ghosia Park,,,,,OSM,,,24.9203446,67.0229185,Karachi,Sindh,Pakistan,,,,,
998d713d-f512-52df-8fef-086640b92d19,539212217,way,leisure,park,Triangle Park,,,,,OSM,,,24.9199568,67.0257831,Karachi,Sindh,Pakistan,,,,,
e49ee0af-de23-5717-b85f-3a6227a113ff,539236941,way,leisure,park,Links Park,,,,,OSM,,,24.9175341,67.0301098,Karachi,Sindh,Pakistan,,,,,
4c19dd5a-cdbf-5763-a279-807ddbd73176,895818330,way,healthcare,hospital,Abbasi Shaheed Hospital,,,,,OSM,,,24.9204599,67.0298288,Karachi,Sindh,Pakistan,,,,,
3b75452e-1fc9-557d-9bdf-86d690d9bbe6,521321071,way,leisure,park,Gol Market Park,,,,,OSM,,,24.9149963,67.0228404,Karachi,Sindh,Pakistan,,,,,
07569d23-abe6-5643-9ab7-118de5f792fc,895072688,way,leisure,park,,,,,,OSM,,,24.9167286,67.0214108,Karachi,Sindh,Pakistan,,,,,
bc79cb36-d0ff-5754-9829-7d5ae3fefc69,519589803,way,leisure,park,Farooq Shaheed Park,,,,,OSM,,,24.9159778,67.0251981,Karachi,Sindh,Pakistan,,,,,
1d7b31d0-e86e-5303-8cbc-b0bf942b389f,521321089,way,leisure,park,Shalimar Park,,,,,OSM,,,24.9143648,67.0282651,Karachi,Sindh,Pakistan,,,,,
0c74c4fe-fbbd-5d53-8511-5ba6e5c07f7c,521321091,way,leisure,park,Family Park - Nazimabad 3,,,,,OSM,,,24.9151406,67.028241,Karachi,Sindh,Pakistan,,,,,
c2dfec4e-351c-55f9-96f3-2e3d8f89d637,552206082,way,leisure,park,,,,,,OSM,,,24.9176429,67.0259075,Karachi,Sindh,Pakistan,,,,,
39f5ee1a-b210-5ee3-9096-11bf36d73d75,552206083,way,leisure,park,Tikon Park,,,,,OSM,,,24.9183557,67.0272843,Karachi,Sindh,Pakistan,,,,,
0ae592ab-992d-5c90-a034-f42dfe67ea83,895072689,way,leisure,park,,,,,,OSM,,,24.9168953,67.0269559,Karachi,Sindh,Pakistan,,,,,
14bd8ee6-451b-578d-9eb4-e2ec4b661db0,895072690,way,leisure,park,,,,,,OSM,,,24.9173799,67.0278561,Karachi,Sindh,Pakistan,,,,,
a61cd5f6-6c45-5850-a78e-49629333a712,895072692,way,leisure,park,Noor e Islam Park,,,,,OSM,,,24.9178273,67.0284779,Karachi,Sindh,Pakistan,,,,,
db57f4ec-7d0a-5fb1-a798-0ff7b3e5904d,895072693,way,leisure,park,,,,,,OSM,,,24.918883,67.0291492,Karachi,Sindh,Pakistan,,,,,
db1c1f91-859b-5fce-9bca-70d44d333110,521272808,way,place,neighbourhood,ناظم آباد 2,ناظم آباد 2,,,,OSM,,,24.9059436,67.0343721,Karachi,Sindh,Pakistan,,,,,
63563d37-bd2e-5556-af43-d57236433845,521246887,way,leisure,park,Mujahid Model Park,,,,,OSM,,,24.9049878,67.0312786,Karachi,Sindh,Pakistan,,,,,
4294cdfb-dea0-58d9-b50f-5837c87171df,521272798,way,leisure,park,Sunny Park,,,,,OSM,,,24.9034247,67.0350753,Karachi,Sindh,Pakistan,,,,,
d75b3c20-dece-58d4-b021-885fe9b19adc,539199770,way,leisure,park,Nursary Park - Liaquatabad,,,,,OSM,,,24.9023032,67.0510103,Karachi,Sindh,Pakistan,,,,,
fb34a4cd-bd54-593c-bdb0-dfb19dab2fb3,234422384,way,leisure,park,,,,,,OSM,,,24.9092856,67.0359557,Karachi,Sindh,Pakistan,,,,,
22f0edc5-5341-5503-8260-645eb8b10d64,521272800,way,leisure,park,Nazim Shaheed Park,,,,,OSM,,,24.9086686,67.0347024,Karachi,Sindh,Pakistan,,,,,
553c5041-b864-5bbe-a1fb-0bdc779410ef,526229083,way,place,neighbourhood,FC Area,,,,,OSM,,,24.9147801,67.0455628,Karachi,Sindh,Pakistan,,,,,
6056d857-4f3b-5c71-b86a-1ff7065114ab,319564944,way,leisure,park,Annu Bhai Park,,,,,OSM,,,24.9161702,67.0322282,Karachi,Sindh,Pakistan,,,,,
ff2bc849-8c48-5cee-be56-65ade02a0240,519678214,way,leisure,park,Sher Khan Park,,,,,OSM,,,24.9142906,67.034072,Karachi,Sindh,Pakistan,,,,,
a5a1f9fa-7079-500e-8505-3aaece9da2a0,528695524,way,leisure,park,Niazi Park,,,,,OSM,,,24.9122258,67.0545662,Karachi,Sindh,Pakistan,,,,,
21ea8c70-02d7-54db-b660-7ca43938fd90,529948039,way,amenity,police,Sharifabad Police Station,,,,,OSM,,,24.9130744,67.0540003,Karachi,Sindh,Pakistan,,,,,
8ff4d833-be90-5a60-a43c-f91959d938c9,528695523,way,leisure,park,Abu Baker RA Park - FB Area,,,,,OSM,,,24.9138234,67.0557538,Karachi,Sindh,Pakistan,,,,,
a04df26b-6ac4-5359-a489-67d91c17504e,552755505,way,place,neighbourhood,FB Area Block 3,,,,,OSM,,,24.9193038,67.0587498,Karachi,Sindh,Pakistan,,,,,
6ddc1ddb-982d-52ed-8c05-3df6fc62381e,553178961,way,place,neighbourhood,FB Area Block 4,,,,,OSM,,,24.9228772,67.0532704,Karachi,Sindh,Pakistan,,,,,
32dc2ec7-d36e-5d32-a8fd-8a880c710d1d,514129560,way,railway,station,Sharifabad Railway Station,,,,,OSM,,,24.9140289,67.0536367,Karachi,Sindh,Pakistan,,,,,
5714d341-5f48-50ca-bea7-d2a254a85bca,514257865,way,amenity,bank,UBL Bank Karimabad,,,,,OSM,,,24.9170143,67.054558,Karachi,Sindh,Pakistan,,,,,
45b03f6a-9d60-5bf1-8861-6092e7838bcf,26552113,way,leisure,park,Jinnah Ground,,,,,OSM,,,24.9205726,67.0656751,Karachi,Sindh,Pakistan,,,,,
913c2799-91c3-5bc4-ab6d-df3da782c073,534867469,way,leisure,park,Laal Qila Ground,,,,,OSM,,,24.9195578,67.0671905,Karachi,Sindh,Pakistan,,,,,
5e9a21ec-6e43-54fb-a5a0-5c40eef8a9b0,534867470,way,leisure,park,Jilani park,,,,,OSM,,,24.9199048,67.06635,Karachi,Sindh,Pakistan,,,,"W398+XH6 infront of jinnah Park, Federal B Area Azizabad Block 8 Gulberg Town, Karachi, Karachi City, Sindh, Pakistan",
35cd3687-9f1a-5ef3-8eab-70fa922d3ea9,552761371,way,place,neighbourhood,FB Area Block 2,,,,,OSM,,,24.9137839,67.0625774,Karachi,Sindh,Pakistan,,,,,
bfae44ea-14f1-5cad-9fd4-e0eeb8365794,552761376,way,place,neighbourhood,FB Area Block 8,,,,,OSM,,,24.9191332,67.0681734,Karachi,Sindh,Pakistan,,,,,
1ba055e3-9d5a-5b99-aedc-bab853e9d2d1,895072680,way,leisure,park,,,,,,OSM,,,24.9140885,67.0624233,Karachi,Sindh,Pakistan,,,,,
2b9b4a84-caa2-5874-86e6-3e372c4133fc,514457864,way,leisure,park,Karimabad Park,,,,,OSM,,,24.9193009,67.0592504,Karachi,Sindh,Pakistan,,,,,
4e7aaffb-5720-55d2-9f9e-1ee5dac55c3b,514472111,way,leisure,park,,,,,,OSM,,,24.9193806,67.0596491,Karachi,Sindh,Pakistan,,,,,
22679eb6-91fd-547e-9db9-c48e27d25862,528695519,way,leisure,park,WMFCCT Park,,,,,OSM,,,24.914043,67.0591089,Karachi,Sindh,Pakistan,,,,,
8c5dda30-c389-58f9-b3be-7dd7aaf5b882,552755502,way,leisure,park,Sir Adamjee Park,,,,,OSM,,,24.9168204,67.0597503,Karachi,Sindh,Pakistan,,,,,
26a561b5-c51e-5723-a87e-d23396ef37f8,552755504,way,leisure,park,Baghe Nasim,,,,,OSM,,,24.9158947,67.0606609,Karachi,Sindh,Pakistan,,,,,
bb6a88bf-2af9-5cda-9c2d-32195a9d0a9e,26552091,way,leisure,park,Azizabad Park,,,,,OSM,,,24.9181085,67.0653756,Karachi,Sindh,Pakistan,,,,,
68d9df40-b966-5502-b236-2df1e40214b2,434728517,way,healthcare,hospital,Tabba Heart Institute,,,,,OSM,,,24.9187467,67.0636557,Karachi,Sindh,Pakistan,,,,,
94fe4b37-c870-544d-971e-270d6898e7a6,895072682,way,leisure,park,,,,,,OSM,,,24.9193728,67.0639348,Karachi,Sindh,Pakistan,,,,,
ac9b4ce7-73ad-539e-bbfa-9e465c7fa909,895072683,way,leisure,park,,,,,,OSM,,,24.9194917,67.0634625,Karachi,Sindh,Pakistan,,,,,
1fe0d828-e884-5f9b-826c-5bd95bb998b9,539212213,way,leisure,park,Tanveer Shaheed Park,,,,,OSM,,,24.9231957,67.0227874,Karachi,Sindh,Pakistan,,,,,
6c49aef9-1355-5117-96e9-c20bebb08ac8,220922882,way,leisure,park,Park Wonders Ground,,,,,OSM,,,24.922938,67.0262011,Karachi,Sindh,Pakistan,,,,,
d9101296-1684-5fff-82f2-c937c0c52036,539212218,way,leisure,park,Nazimabad Block 5B Park,,,,,OSM,,,24.9247374,67.0243252,Karachi,Sindh,Pakistan,,,,,
702f94f3-6aa2-5d05-a46d-c045f201f921,220926700,way,landuse,cemetery,Paposh Nagar Qabristan,,,,,OSM,,,24.9275339,67.0225413,Karachi,Sindh,Pakistan,,,,,
57306c04-35ac-5e79-ba96-3e28093abe9c,521712415,way,place,neighbourhood,North Nazimabad Block A,,,,,OSM,,,24.9308005,67.0311755,Karachi,Sindh,Pakistan,,,,,
2a852066-7bff-552a-8603-6f5573f7e135,539212215,way,leisure,park,Al-Azhar Park,,,,,OSM,,,24.9213031,67.0234667,Karachi,Sindh,Pakistan,,,,,
805535cb-cb66-5908-a2e9-c3022e7a070c,539212219,way,leisure,park,Ibn-e-Insha Park,,,,,OSM,,,24.9266002,67.0255319,Karachi,Sindh,Pakistan,,,,,
2ea0453c-fabf-5b2b-be15-1b3f55ba0807,539785612,way,leisure,park,Florence Family Park - Block A,,,,,OSM,,,24.9313358,67.0287262,Karachi,Sindh,Pakistan,,,,,
b3324bad-9d62-52d0-b4d1-7c4b91257c85,363952681,way,leisure,park,Pone Panch Chowrangi Park,,,,,OSM,,,24.9366999,67.0062657,Karachi,Sindh,Pakistan,,,,,
4ef15aeb-e95c-58e3-afaa-c0debe39d352,792435388,way,healthcare,hospital,Al-Khidmat Hospital Orangi 5,,,,,OSM,,,24.9379415,67.0049371,Karachi,Sindh,Pakistan,,,,,
2513fdd6-f3c4-5b5f-8194-a69095a1fc22,236771665,way,leisure,park,,,,,,OSM,,,24.9380956,67.0141617,Karachi,Sindh,Pakistan,,,,,
b3dabc35-d242-5f5b-a0bc-4a81d5f5f72d,531433069,way,leisure,park,,,,,,OSM,,,24.9398997,67.0148702,Karachi,Sindh,Pakistan,,,,,
c541d9e5-0b07-5069-b40b-2f83bd751aa9,531433070,way,leisure,park,Public Park,,,,,OSM,,,24.9459181,67.0117538,Karachi,Sindh,Pakistan,,,,,
a022e687-6bbd-5869-a535-815d4d0ee44a,522480080,way,leisure,park,,,,,,OSM,,,24.9418237,67.0102667,Karachi,Sindh,Pakistan,,,,,
fb445d0c-f7de-50da-bdd6-bf86c1ca740e,522486412,way,leisure,park,,,,,,OSM,,,24.9449929,67.0046146,Karachi,Sindh,Pakistan,,,,,
171cab0f-fb7a-5752-b584-dfd29b036ae4,687691743,way,landuse,cemetery,Noor Ali Shah Bukhari Cemetery,,,,,OSM,,,24.9445966,67.0063198,Karachi,Sindh,Pakistan,,,,,
c8077587-acfe-5d7c-b4a5-9e9731f88c35,689008498,way,healthcare,hospital,Qatar Hospital,,,,,OSM,,,24.9454656,67.0094688,Karachi,Sindh,Pakistan,,,,,
e72c5597-2427-5463-a080-537e1eab02e6,689008536,way,healthcare,hospital,Qatar Hospital - Cardiology,,,,,OSM,,,24.9439704,67.0126845,Karachi,Sindh,Pakistan,,,,,
ced3bda6-7182-54cb-b46c-d896d21d43ff,752932339,way,leisure,park,Mustafa Park,,,,,OSM,,,24.9433469,67.0147877,Karachi,Sindh,Pakistan,,,,,
2356b311-b235-5dff-9640-88ebb8f87071,521712416,way,leisure,park,Khusboo Park,,,,,OSM,,,24.9354565,67.0293892,Karachi,Sindh,Pakistan,,,,,
00c9a532-5c36-5723-b1cb-89e224f971a2,236767770,way,leisure,park,,,,,,OSM,,,24.9458324,67.0238271,Karachi,Sindh,Pakistan,,,,,
4c191c99-95db-51d5-ba83-f5c105489888,1229965710,way,leisure,park,Qasba football stadium,,,,,OSM,,,24.9432843,67.0236202,Karachi,Sindh,Pakistan,,,,,
035faf03-9b11-5ee7-8a52-5c26398de1cf,435757369,way,leisure,park,Para Bhai Park,,,,,OSM,,,24.9401596,67.0222119,Karachi,Sindh,Pakistan,,,,,
56ae8e59-3d73-5c32-8b20-3643fe9c7b69,435758244,way,leisure,park,,,,,,OSM,,,24.9455704,67.022339,Karachi,Sindh,Pakistan,,,,,
bfdaf141-c5e2-5e28-a975-cfe15b950336,435757290,way,leisure,park,,,,,,OSM,,,24.9420412,67.0256301,Karachi,Sindh,Pakistan,,,,,
d24ed26c-e676-560e-8e27-51fcf2a8eb88,435757849,way,leisure,park,,,,,,OSM,,,24.9439238,67.0240097,Karachi,Sindh,Pakistan,,,,,
e7e3b0f0-0d68-5380-9c54-b328f17b85d9,519579464,way,leisure,park,Family Park,,,,,OSM,,,24.9246793,67.0336502,Karachi,Sindh,Pakistan,,,,,
5816bb19-c36f-5999-bc85-2adf26803c64,521712409,way,place,neighbourhood,North Nazimabad Block B,,,,,OSM,,,24.9258577,67.038629,Karachi,Sindh,Pakistan,,,,,
209e2e80-eb52-57c3-ba9b-eac356c88273,521712414,way,place,neighbourhood,North Nazimabad Block C,,,,,OSM,,,24.9368993,67.035544,Karachi,Sindh,Pakistan,,,,,
f3861933-b10a-5a3d-8a11-b6b61fbb1643,521714141,way,place,neighbourhood,North Nazimabad Block G,,,,,OSM,,,24.9336986,67.0469983,Karachi,Sindh,Pakistan,,,,,
06798891-db81-53f7-9ac1-fb10e5b544c5,521714142,way,place,neighbourhood,North Nazimabad Block F,,,,,OSM,,,24.9305957,67.043897,Karachi,Sindh,Pakistan,,,,,
0e0ae949-15f3-5e3d-beaf-6cf36ed240dc,731967553,way,place,neighbourhood,کھنڈو گوٹھ,کھنڈو گوٹھ,,,,OSM,Khandu Goth,,24.9251273,67.0386219,Karachi,Sindh,Pakistan,,,,,Q6400257
ede2c8fe-c0ed-5025-8d44-b40addd9c8f9,1169163538,way,leisure,park,Block F Park,,,,,OSM,,,24.9305073,67.0443327,Karachi,Sindh,Pakistan,,,,,
212de6c3-2a42-51a8-b3a8-28818398fb65,26483892,way,leisure,park,Fateh family park فتح باغ,فتح باغ,,,,OSM,,,24.9265597,67.0458723,Karachi,Sindh,Pakistan,,,,,
efb436fb-f04c-5cfa-ac1f-934240a1ed33,223789108,way,place,neighbourhood,FB Area Block 11,,,,,OSM,,,24.9357098,67.060352,Karachi,Sindh,Pakistan,,,,,
9673f6c4-b423-509f-ae3c-58191b9879d5,363886461,way,leisure,park,Mini Zoo,,,,,OSM,,,24.9330482,67.0478678,Karachi,Sindh,Pakistan,,,,,
17f46939-f2ae-5602-bc66-62ab6752e9cd,521714783,way,place,neighbourhood,North Nazimabad Block H,,,,,OSM,,,24.9365661,67.0492125,Karachi,Sindh,Pakistan,,,,,
4ef20bbe-de07-56af-835b-bfe3be25485d,553186677,way,place,neighbourhood,FB Area Block 5,,,,,OSM,,,24.9295393,67.0534115,Karachi,Sindh,Pakistan,,,,,
0470fb29-82da-578d-9849-2e078225d09b,553191602,way,place,neighbourhood,FB Area Block 6,,,,,OSM,,,24.9273727,67.0592931,Karachi,Sindh,Pakistan,,,,,
913af6b8-f8b7-552b-85ad-0cf1fd19b178,722364469,way,leisure,park,Family Park,,,,,OSM,,,24.9274386,67.0556116,Karachi,Sindh,Pakistan,,,,,
b298f6b4-aa8c-5fac-b94b-8a6acf9a710e,1169163540,way,natural,water,,,,,,OSM,,,24.9332949,67.047439,Karachi,Sindh,Pakistan,,,,,
b894b2bc-04f4-5a98-87c6-2cb478862a49,432346367,way,amenity,marketplace,Farooq Market,,,,,OSM,,,24.9390297,67.0414719,Karachi,Sindh,Pakistan,,,,,
85ca1c0e-d7af-5c2e-bd8f-aba10c9dc418,481202741,way,leisure,park,Burhani Market Park,,,,,OSM,,,24.9373306,67.0421224,Karachi,Sindh,Pakistan,,,,,
1d3e07af-356b-5e71-8382-446e80e2867b,483858526,way,amenity,marketplace,Hyderi Meat & Vegetable Market,,,,,OSM,,,24.9384368,67.0406296,Karachi,Sindh,Pakistan,,,,,
7a32d154-19dc-51fa-82ae-0c2fcdccf892,435798313,way,leisure,park,Nizari Society Ground,,,,,OSM,,,24.9394901,67.033346,Karachi,Sindh,Pakistan,,,,,
8abaa76b-c692-5553-928e-be311bad3a0d,481205459,way,leisure,park,Mufti Ramzan Family Park,,,,,OSM,,,24.9406206,67.0435008,Karachi,Sindh,Pakistan,,,,,
f560aa80-72e3-57b4-a37a-0bf852c59f99,521555897,way,place,neighbourhood,Block I,,,,,OSM,,,24.9481487,67.0457799,Karachi,Sindh,Pakistan,,,,,
690909c3-039b-5612-bf11-ad356c504cd9,521712410,way,place,neighbourhood,North Nazimabad Block E,,,,,OSM,,,24.9378729,67.041361,Karachi,Sindh,Pakistan,,,,,
fdc925d4-0971-580c-bbbd-4ce249731ed5,521712411,way,place,neighbourhood,North Nazimabad Block D,,,,,OSM,,,24.9432775,67.0414114,Karachi,Sindh,Pakistan,,,,,
44135bc3-8a0d-5365-a436-ea5aad0025ca,539794570,way,natural,water,,,,,,OSM,,,24.9403054,67.0433307,Karachi,Sindh,Pakistan,,,,,
b0de81ab-a2f0-57dd-aa10-07b87680fdc0,432348388,way,leisure,park,Courtyard Park,,,,,OSM,,,24.9453423,67.0418004,Karachi,Sindh,Pakistan,,,,,
88115a1d-96b2-5f59-ab00-d2a47625fe17,435798747,way,leisure,park,,,,,,OSM,,,24.9448742,67.0394126,Karachi,Sindh,Pakistan,,,,,
3cdcc00f-3e9e-52a0-a04f-c3b421702f73,363886950,way,leisure,park,Khursheed Begum Park,,,,,OSM,,,24.9390284,67.0487158,Karachi,Sindh,Pakistan,,,,,
4c9a34e2-ab10-5872-aba7-823c656107da,380065635,way,amenity,marketplace,Iqbal Market,,,,,OSM,,,24.9351933,67.0438133,Karachi,Sindh,Pakistan,,,,,
ca1486d9-3f7a-5293-9913-de39159e09ec,533303516,way,leisure,park,Rani Bagh Ladies Park,,,,,OSM,,,24.9365735,67.048968,Karachi,Sindh,Pakistan,,,,,
43f72b3f-795c-57ee-935a-f31a7ee316cf,542642458,way,leisure,park,Mini Zoo,,,,,OSM,,,24.9371064,67.0482701,Karachi,Sindh,Pakistan,,,,,
b2aff43c-7dc3-5ae2-b339-90231d7f709b,415470417,way,place,neighbourhood,Arafat Town,,,,,OSM,,,24.9386262,67.0587915,Karachi,Sindh,Pakistan,,,,,
0206f161-d133-5006-aefb-951b1fc94039,521308350,way,place,neighbourhood,North Nazimabad Block N,,,,,OSM,,,24.9482806,67.0595973,Karachi,Sindh,Pakistan,,,,,
1ce63d8a-ea27-50b4-bd2d-404d8c3fea64,521476810,way,place,neighbourhood,North Nazimabad Block L,,,,,OSM,,,24.9423093,67.0541968,Karachi,Sindh,Pakistan,,,,,
a0d6838c-645f-5897-abc7-db522130c9e8,521555889,way,place,neighbourhood,North Nazimabad Block M,,,,,OSM,,,24.9451291,67.0568923,Karachi,Sindh,Pakistan,,,,,
78c3a5f5-ab9b-5a38-8474-996a34afbd42,540183411,way,leisure,park,,,,,,OSM,,,24.9376379,67.0498807,Karachi,Sindh,Pakistan,,,,,
5293c187-1a61-5c0b-80e8-696cab9cd685,435279113,way,leisure,park,Family Park,,,,,OSM,,,24.9439511,67.0531549,Karachi,Sindh,Pakistan,,,,,
cd986b9b-1eaa-5a59-a7ac-455679cf41d1,562398355,way,leisure,park,Queens Garden,,,,,OSM,,,24.9414566,67.0547123,Karachi,Sindh,Pakistan,,,,,
e5faa505-7f7d-542d-a1fa-a370d4c5b0e7,1167717156,way,leisure,park,Hockey Park,,,,,OSM,,,24.9420876,67.053823,Karachi,Sindh,Pakistan,,,,,
f0f6057e-73c3-51f1-80a9-c55b008d2d65,689008467,way,leisure,park,,,,,,OSM,,,24.9487045,67.0070413,Karachi,Sindh,Pakistan,,,,,
5bd04b05-3d46-5b38-9ed1-e22afc22bc59,689008476,way,leisure,park,,,,,,OSM,,,24.9468382,67.0084843,Karachi,Sindh,Pakistan,,,,,
b1eb589e-ed62-5eb5-8b16-fb6157ef1d43,236594195,way,landuse,cemetery,,,,,,OSM,,,24.9491714,67.0313778,Karachi,Sindh,Pakistan,,,,,
8b1e97d2-0753-543d-b4fb-2e36927ebdcd,432348481,way,leisure,park,,,,,,OSM,,,24.9471064,67.0408819,Karachi,Sindh,Pakistan,,,,,
234891d4-102d-5155-afc0-13491e4bba26,798759423,way,leisure,park,Farhan Shaheed Family Park,,,,,OSM,,,24.9478954,67.0415517,Karachi,Sindh,Pakistan,,,,,
3fe8d151-314e-5e67-85e3-6f0f2a672e88,381724622,way,place,neighbourhood,North Nazimabad Block S,,,,,OSM,,,24.9522001,67.0429764,Karachi,Sindh,Pakistan,,,,,
b220892b-6f56-5e1a-9dd8-cd0e096e6031,537125819,way,leisure,park,Ayesha Park,,,,,OSM,,,24.9473189,67.0435169,Karachi,Sindh,Pakistan,,,,,
dea4888b-a96c-5825-8e37-12eac58b42f5,435277385,way,leisure,park,,,,,,OSM,,,24.9469767,67.05187,Karachi,Sindh,Pakistan,,,,,
f0a241d9-8e79-5e2f-9516-48fc613acae1,540200268,way,leisure,park,Family Park - North Nazimabad Block M,,,,,OSM,,,24.9480748,67.0528935,Karachi,Sindh,Pakistan,,,,,
688dd459-30ef-50c8-b9f1-9b219b3fa11a,521555883,way,place,neighbourhood,North Nazimabad Block K,,,,,OSM,,,24.94918,67.0514127,Karachi,Sindh,Pakistan,,,,,
3d7abcf7-4c97-55c1-88f0-14076b3979ec,229374161,way,leisure,park,,,,,,OSM,,,24.9227364,67.0669064,Karachi,Sindh,Pakistan,,,,,
2bbe6ad5-7389-5e53-959c-2cb1eeb95e4f,223200180,way,leisure,park,Bagh-e-Mustafa,,,,,OSM,,,24.9269583,67.0664256,Karachi,Sindh,Pakistan,,,,,
6f9e2489-018a-51e9-af1f-01dbc165c21b,223789123,way,place,neighbourhood,FB Area Block 10,,,,,OSM,,,24.9318393,67.0649552,Karachi,Sindh,Pakistan,,,,,
9712d470-3ff0-5bad-9607-e52d1a915fd2,223789154,way,place,neighbourhood,FB Area Block 13,,,,,OSM,,,24.9372525,67.0708641,Karachi,Sindh,Pakistan,,,,,
efa3cb8f-4387-5684-a463-0b7113fef71a,534866591,way,leisure,park,,,,,,OSM,,,24.9240079,67.0598363,Karachi,Sindh,Pakistan,,,,,
f3618f2f-fe80-53f7-b6f3-1dacc3aa523f,553086319,way,place,neighbourhood,FB Area Block 14,,,,,OSM,,,24.9311926,67.0721194,Karachi,Sindh,Pakistan,,,,,
bcd7ab10-e4d0-5b48-8453-7563c7bdb44d,364342861,way,leisure,park,Happy Palace Park,,,,,OSM,,,24.9317189,67.0663225,Karachi,Sindh,Pakistan,,,,,
52342377-3eff-591e-9a65-6008751cdd86,364342862,way,leisure,park,,,,,,OSM,,,24.9323111,67.0657156,Karachi,Sindh,Pakistan,,,,,
2e919bd5-9570-5e94-af68-64ec0f2e4e93,364342868,way,leisure,park,,,,,,OSM,,,24.9311146,67.064979,Karachi,Sindh,Pakistan,,,,,
efd596a2-c1ef-5d63-96ca-8d5e3dcf856a,415682138,way,leisure,park,Hazrat Umar Park,,,,,OSM,,,24.9384518,67.0577682,Karachi,Sindh,Pakistan,,,,,
d9129fd3-1311-51c5-bd7d-2aeda76b8f38,26538607,way,leisure,park,Sir Syed Park,,,,,OSM,,,24.9369847,67.0678463,Karachi,Sindh,Pakistan,,,,,
2f1f3f2a-6f05-55f5-a4c1-5897e3c47e97,364342863,way,amenity,police,Gulberg Police Station,,,,,OSM,,,24.9355132,67.0661774,Karachi,Sindh,Pakistan,,,,,
f08f5dbf-cb96-5b19-b111-9dec719cef08,223789242,way,place,neighbourhood,FB Area Block 12,,,,,OSM,,,24.9407738,67.0664675,Karachi,Sindh,Pakistan,,,,,
39a70a0c-d3fc-5a17-8fad-39654b9d3c54,542015793,way,healthcare,clinic,Vision Medical Centre,,,,,OSM,,,24.9412912,67.0585487,Karachi,Sindh,Pakistan,,,,,
2ac73b17-5e52-520f-97ff-1160ab703177,26538620,way,leisure,park,African Safari,,,,,OSM,,,24.9413112,67.0669409,Karachi,Sindh,Pakistan,,,,,
cb10c100-4126-5b55-88f6-5a3936240ea0,519625975,way,leisure,park,Asif Katari Shaheed Park,,,,,OSM,,,24.9487617,67.057339,Karachi,Sindh,Pakistan,,,,,
d8bcfc67-0f9c-53c2-ac1f-6cb553ec0e62,613819964,way,natural,water,,,,,,OSM,,,24.9474474,67.060006,Karachi,Sindh,Pakistan,,,,,
9f223d5f-dd8f-5f51-9d10-80657f62433c,614394690,way,natural,water,,,,,,OSM,,,24.9483426,67.0595385,Karachi,Sindh,Pakistan,,,,,
0a96b1af-8fb8-5db8-a60c-06cd25cec6f7,614395504,way,natural,water,,,,,,OSM,,,24.9481551,67.0606389,Karachi,Sindh,Pakistan,,,,,
96ff9e9c-f7d5-5931-8653-a429a7bb3ff3,964221073,way,leisure,park,Mehdi Hassan Park,,,,,OSM,,,24.9481689,67.0606629,Karachi,Sindh,Pakistan,,,,,
1e8b34e2-924a-5a8e-a77b-bc0eda36510b,964221074,way,leisure,park,Mehdi Hassan Park,,,,,OSM,,,24.9474582,67.0599963,Karachi,Sindh,Pakistan,,,,,
73a206cc-4452-5c76-a952-81850a587d29,964221077,way,natural,water,,,,,,OSM,,,24.9478146,67.0601218,Karachi,Sindh,Pakistan,,,,,
b7765951-791d-597d-87f4-536e4df9efb3,964221078,way,natural,water,,,,,,OSM,,,24.9471316,67.0600465,Karachi,Sindh,Pakistan,,,,,
c4e6e743-9dd2-530b-9a9a-40811685b465,964221079,way,natural,water,,,,,,OSM,,,24.9472599,67.0596444,Karachi,Sindh,Pakistan,,,,,
536ebfaa-0ca9-54d7-8afd-229d3ab5f843,519625965,way,leisure,park,,,,,,OSM,,,24.9478005,67.0658846,Karachi,Sindh,Pakistan,,,,,
551b96e1-58d6-5970-a9d8-4785ed5e13bc,798783399,way,place,neighbourhood,Sector 15-A/5,,,,,OSM,,,24.9525186,67.0663381,Karachi,Sindh,Pakistan,,,,,
0b16f137-ca5f-5db8-9577-889bcbb8ca0d,5158915979,node,healthcare,pharmacy,Haziq Medicos,,,,,OSM,,,24.9524448,67.0006428,Karachi,Sindh,Pakistan,,,,,
26129c05-1f98-5022-95c7-e0c3c5b24052,5158915980,node,healthcare,clinic,Khawaja Garib Nawz Dispensary,,,,,OSM,,,24.9524522,67.0012228,Karachi,Sindh,Pakistan,,,,,
d31b9f46-9f73-5594-b1a4-91380a04fd91,12260948739,node,healthcare,hospital,Princess Hospital,,,,,OSM,,,24.9509777,67.0027834,Karachi,Sindh,Pakistan,,,,,
4fbb2482-0bee-5dc0-a34a-50f1a944ba39,12260975954,node,healthcare,clinic,Nazish Poly Clinic & Maternity Home,,,,,OSM,,,24.9507516,67.0036444,Karachi,Sindh,Pakistan,,,,,
6408a7a8-ecf6-53f0-8fea-210b78665fed,5183476688,node,place,neighbourhood,داتا نگر,داتا نگر,,,,OSM,,,24.9521217,67.0044714,Karachi,Sindh,Pakistan,,,,,
c3fa13b5-3e9e-5115-9990-930f16e90fd3,12258227182,node,leisure,park,Gabool ladies Park,,,,,OSM,,,24.9512853,67.0067459,Karachi,Sindh,Pakistan,,,,,
22415e7e-185f-5c4e-a8f9-96f3e1443be1,12258637317,node,leisure,park,"Park, UC-16, Gabool Colony, Mangophir Town",,,,,OSM,,,24.9518854,67.0062003,Karachi,Sindh,Pakistan,,,,,
78a98eca-b944-58ac-99f9-8c1872c747d5,4336501165,node,place,neighbourhood,North Nazimabad Block S,,,,,OSM,,,24.9524823,67.042762,Karachi,Sindh,Pakistan,,,,,
825c245f-0577-568a-8779-223c357302b8,5330851424,node,place,neighbourhood,Khalidabad,,,,,OSM,,,24.9519144,67.0400814,Karachi,Sindh,Pakistan,,,,,
d78c7d71-0af8-550c-84a3-25e0eed8a597,5333760861,node,place,neighbourhood,کواری کالونی,کواری کالونی,,,,OSM,,,24.9586999,67.0346965,Karachi,Sindh,Pakistan,,,,,
01e46b52-cfa9-5aca-bb91-f686f4e781bf,12214288251,node,amenity,bank,Meezan Bank,میزان بینک,,,,OSM,,,24.9542145,67.0462317,Karachi,Sindh,Pakistan,,,Meezan Bank,,
e2724f0d-caec-5c9c-aebc-e32b90a57f99,12215770531,node,healthcare,clinic,DARUS SHIFA HOMEO CLINIC,,,,,OSM,,,24.954404,67.0473855,Karachi,Sindh,Pakistan,,,,,
cbf31306-f14c-5537-814f-96a02cc92c5f,5133028128,node,healthcare,hospital,شاہ رخ ہسپتال,شاہ رخ ہسپتال,,,,OSM,,,24.9550557,67.0509813,Karachi,Sindh,Pakistan,,,,,
f3a068ff-5359-52ff-acf6-8e80a0dd8a03,12214244213,node,healthcare,clinic,Doctor's & Physio Clinic,,,,,OSM,,,24.9568661,67.050647,Karachi,Sindh,Pakistan,,,,,
314206e9-d2cb-555e-9d07-3be55e211f55,12215759966,node,healthcare,clinic,ammi cilinic,,,,,OSM,,,24.9531511,67.0517944,Karachi,Sindh,Pakistan,,,,,
2cd1b64a-aff0-59cb-8ebc-361a3bf7e886,7034761161,node,place,neighbourhood,اقبال کالونی,اقبال کالونی,,,,OSM,,,24.961515,67.0379671,Karachi,Sindh,Pakistan,,,,,
791b0e1f-dbb9-5e94-99f4-51471a21278f,5333760857,node,place,neighbourhood,Iqbal Goth,,,,,OSM,,,24.9674598,67.0401007,Karachi,Sindh,Pakistan,,,,,
364f012c-e1e5-5e8f-a619-cbe99d28f10c,5335088918,node,place,neighbourhood,Ameenabad Marble,,,,,OSM,,,24.9715537,67.0419877,Karachi,Sindh,Pakistan,,,,,
9cc3026d-a1ee-5f5a-b8cc-0fe1cd9d22f0,4340681783,node,place,neighbourhood,Nusrat Bhutto Colony,,,,,OSM,,,24.9624416,67.047952,Karachi,Sindh,Pakistan,,,,,
b35f450b-d6dd-569e-869f-0817ec8fa938,5330850884,node,place,neighbourhood,Nusrat Bhutto Colony,,,,,OSM,,,24.9627879,67.0460277,Karachi,Sindh,Pakistan,,,,,
38d38953-e53b-55b6-ba49-7f1be424ba40,4740020156,node,amenity,bank,Bank lslami,,,,,OSM,,,24.9649575,67.054021,Karachi,Sindh,Pakistan,,,,,
26e712c3-04c3-5a70-9424-4a4e08aa8bc7,5137634763,node,leisure,park,Abdal Park,,,,,OSM,,,24.9625617,67.0518687,Karachi,Sindh,Pakistan,,,,,
e2d54042-71be-5ecd-b22d-fa101a425ba0,5158643463,node,place,neighbourhood,North Karachi Sector 7 D 2,,,,,OSM,,,24.9653852,67.0527849,Karachi,Sindh,Pakistan,,,,,
d236170b-0b0d-5306-bbb8-626bf1f0c50a,5158643484,node,place,neighbourhood,North Karachi Sector 14 A,,,,,OSM,,,24.9612638,67.051591,Karachi,Sindh,Pakistan,,,,,
36ed57a4-bcf3-5cf4-a618-8392fa23c310,5330850883,node,place,neighbourhood,Shadman Town Sector 14 A,,,,,OSM,,,24.961012,67.0501852,Karachi,Sindh,Pakistan,,,,,
f5e34d99-6c0b-5c63-b6b6-996845e41ac1,2683407993,node,place,neighbourhood,North Karachi Sector 7D-3,,,,,OSM,,,24.968263,67.0481404,Karachi,Sindh,Pakistan,,,,,
efe9be2d-660c-5104-a6d6-31173cace8d9,5158643456,node,place,neighbourhood,North Karachi Sector 7 C,,,,,OSM,,,24.9672431,67.0450986,Karachi,Sindh,Pakistan,,,,,
203d5191-6098-57d7-893d-efba5b81d9d3,5158643461,node,place,neighbourhood,North Karachi Sector 7 D 3,,,,,OSM,,,24.966519,67.0477486,Karachi,Sindh,Pakistan,,,,,
6120d8fa-8a86-5863-a6e2-5054e728ce4e,4788748522,node,leisure,park,Kalyana Town Sector 10 Park,,,,,OSM,,,24.969913,67.0548164,Karachi,Sindh,Pakistan,,,,,
c6cf2ed5-b162-52a8-af02-09e3b9008dab,5163208940,node,leisure,park,Shaheen Ground,,,,,OSM,,,24.9670955,67.0499184,Karachi,Sindh,Pakistan,,,,,
8d2a8cc1-2b6e-5098-bf38-98834a398e51,5330850880,node,place,neighbourhood,North Karachi Sector 7 D-2,,,,,OSM,,,24.9664533,67.0500098,Karachi,Sindh,Pakistan,,,,,
7378547e-e3ec-5e65-bbdd-f43cffca7433,5330850882,node,place,neighbourhood,North Karachi Sector 7 D-1,,,,,OSM,,,24.9694666,67.0515077,Karachi,Sindh,Pakistan,,,,,
233a7947-790c-5cc7-8b4c-148edc9673f3,12278421029,node,leisure,park,Tikon Park sector 7D/1,,,,,OSM,,,24.9690171,67.052234,Karachi,Sindh,Pakistan,,,,,
d55a8001-f8b7-5531-b13e-831deeb0ab14,4766053503,node,amenity,bank,UBL Bank Sakhi Hassan Branch,,,,,OSM,,,24.9502267,67.0623893,Karachi,Sindh,Pakistan,,,,,
260db78b-892b-52da-b5c6-c1fdefc0c6f1,4766053511,node,amenity,marketplace,Hussain Market,,,,,OSM,,,24.9507607,67.0614673,Karachi,Sindh,Pakistan,,,,,
3caff000-aa5b-570a-9cfc-c3891bc1a596,5183631667,node,amenity,atm,UBL Bank - ATM,,,,,OSM,,,24.9502068,67.062417,Karachi,Sindh,Pakistan,,,,,
99fa6fba-32b4-558e-ba7f-6560844b64da,5183808365,node,amenity,atm,Habib Metro Bank - ATM,,,,,OSM,,,24.9504974,67.0619731,Karachi,Sindh,Pakistan,,,,,
bde124b0-d6c7-58e6-8e88-f178b5574b1a,5183808366,node,amenity,bank,Habib Metro Bank,,,,,OSM,,,24.9504847,67.0619986,Karachi,Sindh,Pakistan,,,,,
e49bdc4e-a54b-5300-a3b6-1b884d3be66d,12133647534,node,healthcare,hospital,Meritime General Hospital And Meternity Home,,,,,OSM,,,24.9523952,67.0635853,Karachi,Sindh,Pakistan,,,,,
31b97c8e-795e-5c68-9730-4b9835e40d3c,3849260761,node,amenity,marketplace,Sarena Mobile Market,,,,,OSM,,,24.9538253,67.058289,Karachi,Sindh,Pakistan,,,,,
5e9deeaa-f1ac-5293-87dc-07d8bf4432fc,5084285058,node,amenity,bank,الائیڈ بینک لمیٹڈ,الائیڈ بینک لمیٹڈ,,,,OSM,,,24.9590915,67.0613885,Karachi,Sindh,Pakistan,,,الائیڈ بینک لمیٹڈ,,
e528aac0-521a-5a00-8deb-b288cffd21f7,5084285059,node,amenity,bank,بینک اسلامی,بینک اسلامی,,,,OSM,,,24.9578085,67.0603701,Karachi,Sindh,Pakistan,,,بینک اسلامی,بینک اسلامی,
7f2214d6-6713-5331-abdc-34b788759cac,5084285060,node,amenity,bank,Bank Al Habib,بينک الحبيب,,,,OSM,,,24.9571741,67.0609736,Karachi,Sindh,Pakistan,,,Bank Al Habib,,
be349db3-a8cd-57de-80fc-67baae2ff381,5140896531,node,healthcare,hospital,الخدمت میڈیکل سنٹر,الخدمت میڈیکل سنٹر,,,,OSM,,,24.9541163,67.0564418,Karachi,Sindh,Pakistan,,,,,
d72788cc-0dfc-5ee5-bfdb-a039f4d16364,12129104132,node,healthcare,clinic,Al-Khidmat Medical Center,,,,,OSM,,,24.9540151,67.0569936,Karachi,Sindh,Pakistan,,,,,
e2c9d207-6869-54b5-a261-62be825ba704,12139584085,node,healthcare,pharmacy,Shahzoob here,,,,,OSM,,,24.9567587,67.0622443,Karachi,Sindh,Pakistan,,,,,
d42bdb48-dda5-50a3-a0e9-a497c3422633,12139629028,node,amenity,bank,Askari Bank Buffer Zone Branch,,,,,OSM,,,24.9570355,67.0618071,Karachi,Sindh,Pakistan,,,,,
aba15ee3-6170-5dfb-8628-3b4ae3557acc,12137285889,node,healthcare,clinic,Al Rehman Clinic,,,,,OSM,,,24.9535418,67.0648695,Karachi,Sindh,Pakistan,,,,,
e037d21e-0852-522f-b98d-1156608d16ef,12141857137,node,healthcare,pharmacy,OWN KARACHI MEDICAL STORE AND SUPER STORE,,,,,OSM,,,24.9584954,67.0660587,Karachi,Sindh,Pakistan,,,,,
08991473-a933-5e13-97ec-e1aca5dc2cee,12183986348,node,healthcare,hospital,Buffer Zone Medical Center,,,,,OSM,,,24.958596,67.0664082,Karachi,Sindh,Pakistan,,,,,
2195dc22-4aa1-5672-a98c-1c22832cd7f4,4741397129,node,leisure,park,Shadman Park,,,,,OSM,,,24.9612097,67.0574939,Karachi,Sindh,Pakistan,,,,,
9a61c971-1edf-5347-b2f5-1aeb310e5156,4741397132,node,leisure,park,Tikon Park,,,,,OSM,,,24.963507,67.0587385,Karachi,Sindh,Pakistan,,,,,
b7f70534-a7e9-5e4b-a94f-028156106752,5084285055,node,amenity,bank,بينک الحبيب,بينک الحبيب,,,,OSM,,,24.9597223,67.0620054,Karachi,Sindh,Pakistan,,,بينک الحبيب,,
e4b07a0b-fefa-5c54-9e11-fd495c3febf6,12278505755,node,healthcare,clinic,Al-Nisa Clinic,,,,,OSM,,,24.9641954,67.0566727,Karachi,Sindh,Pakistan,,,,,
2fbbf55f-b538-5d97-8550-21772786ca0e,5084285052,node,amenity,bank,Advance Pakistan Microfinance Bank Ltd,,,,,OSM,,,24.9615899,67.0636192,Karachi,Sindh,Pakistan,,,,,
0a8f22a4-cc30-5c1f-9fdc-c25a57ccfd75,5119395447,node,amenity,bank,Advance Pakistan Microfinance Bank Ltd - ATM,,,,,OSM,,,24.961722,67.0637435,Karachi,Sindh,Pakistan,,,,,
4e47c6e0-0cfb-5937-9583-0592d98e8f92,12140566283,node,healthcare,clinic,Matab Naeemi & Hijama Centre,,,,,OSM,,,24.9597224,67.0644079,Karachi,Sindh,Pakistan,,,,,
caee604a-62e3-5617-8372-1bddec43941e,4785866890,node,amenity,police,Sir Syed Town Police Station,,,,,OSM,,,24.9680928,67.0622878,Karachi,Sindh,Pakistan,,,,,
d052442a-ee08-5b29-975d-2600b78690a3,6854148927,node,place,neighbourhood,Sector 11-C,,,,,OSM,,,24.9671325,67.0609703,Karachi,Sindh,Pakistan,,,,,
38a37139-c2a9-51ad-adf9-56b9e0e3adbb,10687936597,node,healthcare,hospital,MALC New Karachi Leprosy Centre,,,"Dermatology, Blindness, Leprosy, MCHC, Tubercolosis",,OSM,,,24.9669463,67.0581082,Karachi,Sindh,Pakistan,,,,MALC,
c114037e-4670-5af8-9156-2c12b5322fcf,4740020128,node,amenity,bank,بینک اسلامی,بینک اسلامی,,,,OSM,,,24.9696316,67.0663293,Karachi,Sindh,Pakistan,,,بینک اسلامی,بینک اسلامی,
48e4ee2b-9623-5268-b902-439bb2fa90eb,4740020130,node,amenity,bank,میزان بینک,میزان بینک,,,,OSM,,,24.9695059,67.0663532,Karachi,Sindh,Pakistan,,,میزان بینک,,
e7ad03e2-dc29-5e2b-8082-23956e8022cd,4740020131,node,amenity,bank,Bank Al Habib limited,,,,,OSM,,,24.968832,67.0664702,Karachi,Sindh,Pakistan,,,,,
4b0b5ae1-fa92-591d-8ccb-ea135e63afd8,4740020133,node,amenity,bank,بينک الحبيب,بينک الحبيب,,,,OSM,,,24.9724149,67.0653061,Karachi,Sindh,Pakistan,,,بينک الحبيب,,
fd6b7db8-8239-5d0a-b5da-d62c2bd716d4,7034657943,node,place,neighbourhood,Ramzan Goth,,,,,OSM,,,24.9768987,67.0003089,Karachi,Sindh,Pakistan,,,,,
57a4f3ed-0aea-59d9-8db9-132ddca73fe1,7034669624,node,place,neighbourhood,Sector 1,,,,,OSM,,,24.9809829,67.030113,Karachi,Sindh,Pakistan,,,,,
c57ba44b-5e74-54f1-8b87-7d00a2f78fdf,7034767912,node,place,neighbourhood,آفریدی گوٹھ,آفریدی گوٹھ,,,,OSM,,,24.9773623,67.0343394,Karachi,Sindh,Pakistan,,,,,
db972cbe-05f4-52f6-a5c7-11a015cfe6bc,5333760851,node,place,neighbourhood,شیدے گوٹھ,شیدے گوٹھ,,,,OSM,,,24.9823532,67.0360599,Karachi,Sindh,Pakistan,,,,,
d854efb4-f97e-5470-82d5-9df78f256d29,7034669625,node,place,neighbourhood,Sector 2,,,,,OSM,,,24.9839998,67.0314878,Karachi,Sindh,Pakistan,,,,,
d568390f-e372-5518-85f7-18e5bcc281e5,4785857327,node,amenity,police,Manghopir Police Station,,,,,OSM,,,24.9847442,67.0386799,Karachi,Sindh,Pakistan,,,,,
b174fbac-5af0-5107-8101-f8778f2bcdbc,4764697124,node,leisure,park,Pk park,,,,,OSM,,,24.9821149,67.0540493,Karachi,Sindh,Pakistan,,,,,
32367c41-60f6-5d98-8ea1-f6f9cd0c5788,4785718491,node,amenity,police,Ajmer Nagri Police Station,,,,,OSM,,,24.9856,67.0530054,Karachi,Sindh,Pakistan,,,,,
480cd1c9-f2c5-5051-b131-078effb8e29a,7034669626,node,place,neighbourhood,Sector 3,,,,,OSM,,,24.9866701,67.0362013,Karachi,Sindh,Pakistan,,,,,
815bd87c-617b-5024-a18a-ce74310cf83d,7034689350,node,place,neighbourhood,Sabeel Goth,,,,,OSM,,,24.9886731,67.0413197,Karachi,Sindh,Pakistan,,,,,
92c5d0fd-8122-5800-929b-46e6a9565ce5,7034689351,node,place,neighbourhood,Sector 4,,,,,OSM,,,24.9957399,67.0357786,Karachi,Sindh,Pakistan,,,,,
aaa99110-db14-5ea5-8211-4a66ac5a4bca,5333760837,node,place,neighbourhood,Muree Goth,,,,,OSM,,,24.9975891,67.0457109,Karachi,Sindh,Pakistan,,,,,
f1906eae-97c1-5f42-880e-c96430b9bc14,5333760842,node,place,neighbourhood,ہزارہ ٹاؤن,ہزارہ ٹاؤن,,,,OSM,,,24.9932629,67.0444643,Karachi,Sindh,Pakistan,,,,,
030a699f-ba95-574b-9de2-3b0f88ce10d7,5333760838,node,place,neighbourhood,Arsalan Homes,,,,,OSM,,,24.9993546,67.0454075,Karachi,Sindh,Pakistan,,,,,
ac944133-9233-56b2-a230-66f1e9860c71,293144735,node,place,neighbourhood,New Karachi Town,,,,,OSM,,,24.9739837,67.0627467,Karachi,Sindh,Pakistan,,,,,
c8f9e852-65b2-5dd0-89ff-7fb7cd8a43ac,4777267207,node,place,neighbourhood,North Karachi TWP,,,,,OSM,,,24.9765092,67.0611456,Karachi,Sindh,Pakistan,,,,,
44a0f95b-0231-58b5-a85b-05af8e3b2ea3,6854148926,node,place,neighbourhood,Sector 11-B,,,,,OSM,,,24.9743885,67.0607682,Karachi,Sindh,Pakistan,,,,,
00229429-b540-51a6-a7f6-3748cad2095b,5084201534,node,amenity,bank,Bank-Al-Falah,,,,,OSM,,,24.9765512,67.0658882,Karachi,Sindh,Pakistan,,,,,
a6773aef-05b0-5b84-b368-fa5bb838820b,5084201544,node,amenity,bank,Habib Metro Bank,,,,,OSM,,,24.978609,67.0657589,Karachi,Sindh,Pakistan,,,,,
103980b6-b2b4-58fa-a356-a2a298eafe29,6854148925,node,place,neighbourhood,Sector 11-A,,,,,OSM,,,24.9825417,67.0605863,Karachi,Sindh,Pakistan,,,,,
823c4ed2-da21-5f45-be01-5884813c2992,4764692615,node,amenity,bank,Sada Bahar Bakery,,,,,OSM,,,24.9817962,67.0639598,Karachi,Sindh,Pakistan,,,,,
dcf0ccfa-492e-538f-bf57-f18bdc250404,5130682841,node,leisure,park,Muhammadi Park,,,,,OSM,,,24.9802962,67.0649912,Karachi,Sindh,Pakistan,,,,,
e9b2d6f7-ffbc-5c97-9d1c-6a7c74efb46f,12250719495,node,healthcare,clinic,Asfar Clinic,,,,,OSM,,,24.9896995,67.0599131,Karachi,Sindh,Pakistan,,,,,
fb695b70-3d69-52f9-a41b-12d85cb1d620,12250737545,node,healthcare,clinic,Afser Poly Clinic,,,,,OSM,,,24.9899152,67.0599017,Karachi,Sindh,Pakistan,,,,,
62bc18cf-6a09-53f4-b024-5810b1587c15,12252603910,node,healthcare,hospital,Hassan Raza,,,,,OSM,,,24.9885429,67.05733,Karachi,Sindh,Pakistan,,,,,
66ff8ef7-7756-5281-9588-d4024812190e,12252659914,node,healthcare,pharmacy,Alshifa pansar,,,,,OSM,,,24.989327,67.0581956,Karachi,Sindh,Pakistan,,,,,
89c12078-abf5-57a7-8270-caa507c16137,4764692605,node,amenity,bank,ایچ بی ایل پاکستان,ایچ بی ایل پاکستان,,,,OSM,,,24.9901495,67.0651257,Karachi,Sindh,Pakistan,,,ایچ بی ایل پاکستان,,
91c088ba-fdc7-5fa1-96a1-531925fcf7a3,4764692606,node,amenity,bank,UBL Bank north karachi,,,,,OSM,,,24.9906553,67.0659046,Karachi,Sindh,Pakistan,,,,,
68312098-0749-57de-becb-95b80a2e2f23,5065686736,node,amenity,bank,فیصل بینک,فیصل بینک,,,,OSM,,,24.9869965,67.065222,Karachi,Sindh,Pakistan,,,فیصل بینک,,
0a7e374c-0596-555c-82d3-cfbeb8ede1e3,5065693679,node,amenity,bank,میزان بینک,میزان بینک,,,,OSM,,,24.989114,67.0651442,Karachi,Sindh,Pakistan,,,میزان بینک,,
6f6463d2-8c47-57a7-8603-0f2dfc5a05a4,5065693680,node,amenity,bank,الائیڈ بینک لمیٹڈ,الائیڈ بینک لمیٹڈ,,,,OSM,,,24.9886423,67.0651442,Karachi,Sindh,Pakistan,,,الائیڈ بینک لمیٹڈ,,
5e1d3114-3efa-54b5-9496-f81e07d3b8a4,5126962165,node,amenity,marketplace,Karachi Mobile Bara Market.,,,,,OSM,,,24.9899592,67.0650161,Karachi,Sindh,Pakistan,,,,,
8d5b494e-bcb9-546e-ac15-ed2b405cb47a,5135284354,node,amenity,atm,Meezan Bank - ATM,,,,,OSM,,,24.9891966,67.0651388,Karachi,Sindh,Pakistan,,,,,
23a16a11-5e6e-5740-b864-5383b241c599,5135284355,node,amenity,atm,Allied Bank - ATM,,,,,OSM,,,24.988725,67.0651469,Karachi,Sindh,Pakistan,,,,,
4bc3d9a8-2e92-5dca-b558-0275ceeca389,5135284356,node,amenity,atm,Faysal Bank - ATM,,,,,OSM,,,24.987067,67.065222,Karachi,Sindh,Pakistan,,,,,
3d1e02a9-b3e9-5d9b-8048-7d27ce9f3c37,12250556776,node,healthcare,hospital,"Dr Ausaf General Hospital , Consultant Clinic and Maternity Hospital (since 1980 )",,,,,OSM,,,24.9916775,67.0647098,Karachi,Sindh,Pakistan,,,,,
ba58f5c9-762c-59ea-9de2-82078d2d396a,12250578817,node,healthcare,pharmacy,DVAGO Pharmacy & Wellness Experts,,,,,OSM,,,24.9915159,67.0647742,Karachi,Sindh,Pakistan,,,,,
1e9aa5f0-ebee-5b34-a207-7bd6a9b73ebe,12250579690,node,healthcare,pharmacy,AL-KHAIR PHARMACY 24/7,,,,,OSM,,,24.9916459,67.0648332,Karachi,Sindh,Pakistan,,,,,
4ddb7e57-f9f8-572f-9c13-419aa6ca87e2,12250584648,node,healthcare,hospital,Fayyazi General Hospital,,,,,OSM,,,24.9917516,67.0648565,Karachi,Sindh,Pakistan,,,,,
77ba2596-c67e-5dce-9486-aaffa33dfbd5,12250590113,node,healthcare,pharmacy,The National Laboratory,,,,,OSM,,,24.9913943,67.0648949,Karachi,Sindh,Pakistan,,,,,
a0e1923d-0330-52ed-8f3e-3b94f7ce92ef,12250621854,node,healthcare,hospital,Kashif Hospital & Maternity Home,,,,,OSM,,,24.9903686,67.065004,Karachi,Sindh,Pakistan,,,,,
774618eb-76c3-5b10-9dfc-2e47df65cd7d,12250625105,node,healthcare,pharmacy,Iqbal Homeopathic Store,,,,,OSM,,,24.9904975,67.0649945,Karachi,Sindh,Pakistan,,,,,
7843d22a-0361-5b23-95b4-252be057d2a7,12250640168,node,healthcare,pharmacy,Madina Tul Shifa Homeo Store and Clinic,,,,,OSM,,,24.9898107,67.0644621,Karachi,Sindh,Pakistan,,,,,
09578854-716f-5d77-86f1-5a0c4b870ef9,12250655219,node,healthcare,pharmacy,Al Khaliq Medical Store,,,,,OSM,,,24.9897669,67.0639498,Karachi,Sindh,Pakistan,,,,,
8b2a2204-1bbb-5d25-b78f-6134c46d7f23,12252748716,node,amenity,bank,U Bank,,,,,OSM,,,24.987625,67.0651764,Karachi,Sindh,Pakistan,,,,,
9f944c66-8d72-5324-8c83-a2db5ffb9c66,12252757281,node,healthcare,pharmacy,Mattab Nayab Dawakhana,,,,,OSM,,,24.9868999,67.0652823,Karachi,Sindh,Pakistan,,,,,
f42ed36f-5790-5435-9861-e09adae23b29,4764692593,node,amenity,bank,سونیری بینک,سونیری بینک,,,,OSM,,,24.9992173,67.0645387,Karachi,Sindh,Pakistan,,,سونیری بینک,سونیری بینک,
3d438e01-176e-5d13-940d-34dfc3766c72,12232000557,node,healthcare,clinic,shifai poly clinic,,,,,OSM,,,24.9995992,67.063545,Karachi,Sindh,Pakistan,,,,,
14dc5fc9-ef55-58be-97e8-65fadd14e995,690862864,way,leisure,park,Shamim Shaheed Park,,,,,OSM,,,24.9521282,67.0042965,Karachi,Sindh,Pakistan,,,,,
a1579d64-4da2-5b3e-b132-c6c6030db0a9,236844243,way,leisure,park,Tabinda Kanwal Park,,,,,OSM,,,24.9533319,67.0017772,Karachi,Sindh,Pakistan,,,,,
f6fa5968-05ca-5487-8b39-6807e0a55169,691828610,way,landuse,cemetery,,,,,,OSM,,,24.9513331,67.018426,Karachi,Sindh,Pakistan,,,,,
a0517530-1dc7-50f6-b605-511fdcbab007,723597594,way,landuse,cemetery,,,,,,OSM,,,24.9621509,67.011842,Karachi,Sindh,Pakistan,,,,,
3c78704f-4116-5e75-8c51-f421d23e9873,931618863,way,landuse,cemetery,,,,,,OSM,,,24.9548847,67.0385383,Karachi,Sindh,Pakistan,,,,,
265906d9-3e03-59a8-b383-044db2600de1,26066180,way,leisure,park,Talib Chaman Park,,,,,OSM,,,24.9585736,67.0502667,Karachi,Sindh,Pakistan,,,,,
7ae9f283-7eca-54f8-9b3a-011bf1b5a29c,262676105,way,leisure,park,Taj Mahal Park,,,,,OSM,,,24.9531725,67.0459853,Karachi,Sindh,Pakistan,,,,,
5ba32a69-9567-5b31-a7f0-e8810f3dc1b4,381457701,way,place,neighbourhood,North Nazimabad Block T,,,,,OSM,,,24.9572738,67.0468471,Karachi,Sindh,Pakistan,,,,,
aeee7770-254a-5a1c-aeec-85918f81cc4a,382181941,way,place,neighbourhood,North Nazimabad Block J,,,,,OSM,,,24.9547644,67.0514372,Karachi,Sindh,Pakistan,,,,,
852a538a-573f-58dc-84e6-df5a50b35d43,432341819,way,leisure,park,,,,,,OSM,,,24.9561741,67.0493812,Karachi,Sindh,Pakistan,,,,,
d54820ae-6c26-56c6-80b3-cf9698bd08da,964578203,way,natural,water,,,,,,OSM,,,24.9587516,67.0498683,Karachi,Sindh,Pakistan,,,,,
c4e4e8fe-5a67-5be3-9669-a66aec6fa978,381724536,way,leisure,park,Pardah Bagh,,,,,OSM,,,24.9541939,67.0445977,Karachi,Sindh,Pakistan,,,,,
a099dbb1-f168-5c97-bb97-4addb719f454,964578242,way,natural,water,,,,,,OSM,,,24.9583092,67.0498472,Karachi,Sindh,Pakistan,,,,,
893b7591-e7ce-521e-94a0-94ad8a35c2e6,964578244,way,natural,water,,,,,,OSM,,,24.9582041,67.0497777,Karachi,Sindh,Pakistan,,,,,
e819a977-fb87-5328-8a24-41b6c631737e,523764247,way,leisure,park,,,,,,OSM,,,24.9566724,67.0518786,Karachi,Sindh,Pakistan,,,,,
e80214bc-0776-53ed-b259-ebcaa9c2b117,964578176,way,natural,water,,,,,,OSM,,,24.9584238,67.0501875,Karachi,Sindh,Pakistan,,,,,
33870086-75cd-5bb2-93f8-e4c7e5f96f4e,964578179,way,natural,water,,,,,,OSM,,,24.9582645,67.0502174,Karachi,Sindh,Pakistan,,,,,
16ba5a4a-170f-5243-96bc-9835663dffb6,964578181,way,natural,water,,,,,,OSM,,,24.9585832,67.0501559,Karachi,Sindh,Pakistan,,,,,
91734940-bf8f-5c04-af40-8909c4ce9bee,964578183,way,natural,water,,,,,,OSM,,,24.9587064,67.050133,Karachi,Sindh,Pakistan,,,,,
5750f984-ad58-5798-bebc-e118d065a10e,964578185,way,natural,water,,,,,,OSM,,,24.958828,67.0501095,Karachi,Sindh,Pakistan,,,,,
58c0c646-63d7-512a-a820-c0f1b066643c,964578187,way,natural,water,,,,,,OSM,,,24.9589489,67.0500851,Karachi,Sindh,Pakistan,,,,,
02196c17-b336-5012-82a1-bc8c7bdcff48,964578189,way,natural,water,,,,,,OSM,,,24.9580211,67.050268,Karachi,Sindh,Pakistan,,,,,
6e0e1d33-c51c-5411-9216-bedce4198fa1,964578191,way,natural,water,,,,,,OSM,,,24.9581432,67.0502409,Karachi,Sindh,Pakistan,,,,,
bd3055a7-b29e-5683-b643-4a3e37b35c76,964578193,way,natural,water,,,,,,OSM,,,24.9583955,67.0500125,Karachi,Sindh,Pakistan,,,,,
217d4061-fd21-589d-9466-9d0542591872,964578195,way,natural,water,,,,,,OSM,,,24.9584498,67.0503616,Karachi,Sindh,Pakistan,,,,,
d33d3cea-7cbe-544c-9f8a-9c6398787025,964578200,way,natural,water,,,,,,OSM,,,24.9580878,67.0499959,Karachi,Sindh,Pakistan,,,,,
a01b227e-9eba-58d9-9d20-cc393319157d,964578201,way,natural,water,,,,,,OSM,,,24.9581738,67.0504905,Karachi,Sindh,Pakistan,,,,,
8214f2c6-5d01-581f-8ae4-90604d1c7e2b,964578202,way,natural,water,,,,,,OSM,,,24.9588376,67.0503628,Karachi,Sindh,Pakistan,,,,,
b0ea73c8-a5aa-51d4-9de4-3e50e93fee39,964578238,way,natural,water,,,,,,OSM,,,24.9585409,67.0505143,Karachi,Sindh,Pakistan,,,,,
9045d0df-69eb-585e-8c6b-4e0aca18a2ba,964578240,way,natural,water,,,,,,OSM,,,24.9586329,67.0506162,Karachi,Sindh,Pakistan,,,,,
05180277-a7bd-5bb4-aa1c-78d40dcc127b,964654693,way,leisure,park,,,,,,OSM,,,24.9583522,67.0509469,Karachi,Sindh,Pakistan,,,,,
41a8e6a1-fa1b-5c20-995f-8a5eeca435e7,1186316450,way,leisure,park,,,,,,OSM,,,24.9700482,67.037002,Karachi,Sindh,Pakistan,,,,,
2ce430ef-8632-5c60-847a-7a894e619c9a,1186316451,way,leisure,park,Oracle Garden,,,,,OSM,,,24.9727595,67.0372852,Karachi,Sindh,Pakistan,,,,,
8eadca5c-465f-5212-ac72-12169236b55d,1186316452,way,leisure,park,Block A Park,,,,,OSM,,,24.9736419,67.0361123,Karachi,Sindh,Pakistan,,,,,
65bf0814-0a9a-52fc-a1a4-b43d7afe5998,1186318504,way,leisure,park,Naya Nazimabad Cricket Stadium,,,,,OSM,,,24.971424,67.0371804,Karachi,Sindh,Pakistan,,,,,
a0d2882a-fdd3-5fc1-bab0-758e17fd106f,1186487876,way,leisure,park,,,,,,OSM,,,24.972912,67.0365065,Karachi,Sindh,Pakistan,,,,,
fde28545-9cec-5373-8f0d-d8f62b324273,1186316443,way,leisure,park,,,,,,OSM,,,24.9701522,67.0357239,Karachi,Sindh,Pakistan,,,,,
558ce0e8-2337-5fc4-8d6c-6aa0265e9b52,1186316444,way,leisure,park,,,,,,OSM,,,24.9711588,67.0359987,Karachi,Sindh,Pakistan,,,,,
7efd8a27-c86f-5bde-85b3-527dc8ac3aa9,1186316445,way,leisure,park,Abbas Sid Park,,,,,OSM,,,24.9699815,67.0364187,Karachi,Sindh,Pakistan,,,,,
6569b02a-eac4-5fe9-9cbe-6206f264f12b,1186316446,way,leisure,park,,,,,,OSM,,,24.9704127,67.0355696,Karachi,Sindh,Pakistan,,,,,
f1b52b36-998c-50dc-9650-66aa2f055eb8,1186316447,way,leisure,park,Park and Garden West,,,,,OSM,,,24.9698637,67.0358285,Karachi,Sindh,Pakistan,,,,,
cc48de7b-f010-5fb8-915e-d8127097d2d8,1186316448,way,leisure,park,,,,,,OSM,,,24.9697235,67.0363013,Karachi,Sindh,Pakistan,,,,,
315061fa-b0f4-5b18-a65a-b200b4645dbb,1186316449,way,leisure,park,,,,,,OSM,,,24.9712732,67.0353233,Karachi,Sindh,Pakistan,,,,,
de365ec6-dd0c-56ac-9dda-819073778d4f,1186316453,way,leisure,park,,,,,,OSM,,,24.9717468,67.0365019,Karachi,Sindh,Pakistan,,,,,
04b1db46-3f38-5001-bad2-b0db390b0a79,1186316454,way,leisure,park,,,,,,OSM,,,24.9709211,67.0361836,Karachi,Sindh,Pakistan,,,,,
5101b716-95b2-51af-b99e-3cafc23d9be7,1186318500,way,leisure,park,,,,,,OSM,,,24.9717693,67.0362606,Karachi,Sindh,Pakistan,,,,,
8c4df633-0cf5-544e-a5f4-b85c864687e4,1186318503,way,leisure,park,,,,,,OSM,,,24.9720687,67.035771,Karachi,Sindh,Pakistan,,,,,
9c2a3d2e-adec-5ea5-9778-49191b49a0bc,1186318505,way,leisure,park,,,,,,OSM,,,24.9704371,67.0352999,Karachi,Sindh,Pakistan,,,,,
cb58b938-e9e9-5ad3-bf52-60bcc68c292a,1186318506,way,leisure,park,,,,,,OSM,,,24.9701212,67.0366784,Karachi,Sindh,Pakistan,,,,,
8e74111c-3057-5866-8b8d-41ad67b9ef38,1186501835,way,leisure,park,,,,,,OSM,,,24.9716499,67.0346944,Karachi,Sindh,Pakistan,,,,,
d5b404ff-a479-5a98-8b62-ff47912d78b9,1186501836,way,leisure,park,,,,,,OSM,,,24.9709279,67.0347544,Karachi,Sindh,Pakistan,,,,,
15cddeda-d7b1-591d-a3af-ef0c3f44715d,1186501837,way,leisure,park,,,,,,OSM,,,24.9706421,67.0339853,Karachi,Sindh,Pakistan,,,,,
97731b0e-2c97-575a-981a-7cb175143087,1225534408,way,natural,water,,,,,,OSM,,,24.9697822,67.0357878,Karachi,Sindh,Pakistan,,,,,
8dd418d9-e4e8-5bdf-b792-7a39002ff656,1186318501,way,leisure,park,,,,,,OSM,,,24.9715111,67.0378194,Karachi,Sindh,Pakistan,,,,,
9b8ae185-0253-51a6-a9b1-93080068739a,236594107,way,leisure,park,,,,,,OSM,,,24.9627176,67.0518376,Karachi,Sindh,Pakistan,,,,,
19071827-6f38-5cd4-bca0-970c014e1e46,687692836,way,landuse,cemetery,Shah Muhammad Cemetery,,,,,OSM,,,24.9745939,67.050097,Karachi,Sindh,Pakistan,,,,,
3a5bb4b8-54d2-5030-bc8c-9b87271c54e1,931618862,way,landuse,cemetery,,,,,,OSM,,,24.9725483,67.0461062,Karachi,Sindh,Pakistan,,,,,
944109bd-86c9-583a-9baa-b4f879bbbc05,262674081,way,leisure,park,Park Hira,,,,,OSM,,,24.9685632,67.0477451,Karachi,Sindh,Pakistan,,,,,
55245f92-bd9f-57d6-bcfe-9dfab96e70b1,222682381,way,leisure,park,,,,,,OSM,,,24.9699385,67.05476,Karachi,Sindh,Pakistan,,,,,
e2d15851-2dd4-5f1e-9934-3a9301b97f9f,262674446,way,leisure,park,,,,,,OSM,,,24.9687979,67.0521713,Karachi,Sindh,Pakistan,,,,,
872b91e4-065d-5e0a-bf14-b234dbc5c691,733524717,way,place,neighbourhood,Sector 15-A/4,,,,,OSM,,,24.9587592,67.0701849,Karachi,Sindh,Pakistan,,,,,
f4cc7d2e-44dd-535c-8d16-31bb4fa20243,733529222,way,place,neighbourhood,Sector 15-A/5,,,,,OSM,,,24.9612526,67.0666368,Karachi,Sindh,Pakistan,,,,,
f372228d-4715-5fe9-953f-c24feff08e6e,435276274,way,leisure,park,باغ,باغ,,,,OSM,,,24.9557546,67.057849,Karachi,Sindh,Pakistan,,,,,
844e8f55-c79f-59db-957c-2dd84144a36b,522140188,way,leisure,park,Eid gah Ground,,,,,OSM,,,24.955035,67.0622373,Karachi,Sindh,Pakistan,,,,,
c0a6772d-ed4b-5635-810c-ad0072f53d49,974235507,way,amenity,bank,Meezan Bank,میزان بینک,,,,OSM,,,24.9571696,67.0615628,Karachi,Sindh,Pakistan,,,Meezan Bank,,
07fbe6a2-f769-5491-939f-e173e1f18482,798772390,way,healthcare,pharmacy,Imran Medical Store,,,,,OSM,,,24.9555149,67.0662041,Karachi,Sindh,Pakistan,,,,,
42925350-8579-5a4b-ae74-a49e395107cb,798779974,way,amenity,bank,Faysal Bank,فیصل بینک,,,,OSM,,,24.9548125,67.0655866,Karachi,Sindh,Pakistan,,,Faysal Bank,,
a73875d9-8d61-552e-8c60-2ca9c48331d2,222552729,way,leisure,park,,,,,,OSM,,,24.9610739,67.0574517,Karachi,Sindh,Pakistan,,,,,
606e573d-938e-592a-a1b4-8e6b01872f6f,222552732,way,leisure,park,,,,,,OSM,,,24.9633366,67.0585609,Karachi,Sindh,Pakistan,,,,,
33f3d6b8-b763-5df0-8a81-1b2f9cfd3265,964657536,way,natural,water,,,,,,OSM,,,24.9610962,67.0574333,Karachi,Sindh,Pakistan,,,,,
0e502d1f-d987-531a-ae78-5e3176817fb8,964657538,way,natural,water,,,,,,OSM,,,24.9608753,67.0572413,Karachi,Sindh,Pakistan,,,,,
538cff63-4fe8-50c2-8a71-8a1868e421a6,964657540,way,natural,water,,,,,,OSM,,,24.961312,67.0576262,Karachi,Sindh,Pakistan,,,,,
041b9bd1-ecc9-5160-908a-d809b3215bda,964657557,way,natural,water,,,,,,OSM,,,24.9634569,67.0587157,Karachi,Sindh,Pakistan,,,,,
709adac2-b4aa-58d3-8258-334b849f45fe,222682111,way,leisure,park,Javaid Shaheed Park,,,,,OSM,,,24.9616967,67.0669983,Karachi,Sindh,Pakistan,,,,,
e6fc43bc-ec00-56bd-8352-a8cd2a35f890,222681643,way,leisure,park,Bi Amma Park,,,,,OSM,,,24.9689878,67.0650086,Karachi,Sindh,Pakistan,,,,XYZ,
afa504f6-df17-5f98-b9ea-06f5873abcfb,1278044227,way,leisure,park,,,,,,OSM,,,24.9824399,67.0199128,Karachi,Sindh,Pakistan,,,,,
fbd4cbc1-ca6d-5fed-9e47-dd1c7c5c7245,237368471,way,landuse,cemetery,,,,,,OSM,,,24.9751317,67.0328621,Karachi,Sindh,Pakistan,,,,,
48f9ef23-967b-5c0c-a1a4-c32b8d4f91b4,1186487877,way,leisure,park,,,,,,OSM,,,24.9733807,67.0338179,Karachi,Sindh,Pakistan,,,,,
e814b5ce-2373-5912-b10d-0e25e915c99b,1186318502,way,leisure,park,,,,,,OSM,,,24.9735469,67.0369529,Karachi,Sindh,Pakistan,,,,,
cbf9902a-6c0e-53f2-a944-b28e7a5f7be8,1186318507,way,leisure,park,,,,,,OSM,,,24.9741651,67.0370252,Karachi,Sindh,Pakistan,,,,,
e4dec2ae-dda4-5263-b225-c5c31c0c5979,752866655,way,natural,water,,,,,,OSM,,,24.980018,67.034722,Karachi,Sindh,Pakistan,,,,,
e738ba5c-0b59-5402-9fc4-967a94d88085,363954525,way,leisure,park,Bab-ul-Islam Park,,,,,OSM,,,24.9755176,67.0544586,Karachi,Sindh,Pakistan,,,,,
2aab2899-45ef-56b0-ab8a-c2cae77089ea,712203613,way,leisure,park,PK Park,,,,,OSM,,,24.9822067,67.0539954,Karachi,Sindh,Pakistan,,,,,
fa5cbe29-ee23-5e17-a432-6a02282b2e2e,222364144,way,leisure,park,Afza Park,,,,,OSM,,,24.9910816,67.053286,Karachi,Sindh,Pakistan,,,,,
a8a9c610-bb2b-53d5-aa3c-e447de58d053,712203602,way,leisure,park,Lal Qila Park,,,,,OSM,,,24.9872441,67.0538217,Karachi,Sindh,Pakistan,,,,,
f0112a11-37be-5e38-b66d-acef051db1a7,520346357,way,place,neighbourhood,New Karachi Sector 5C3,,,,,OSM,,,24.9877531,67.0573081,Karachi,Sindh,Pakistan,,,,,
b9375d20-760f-5a11-884d-88cadc05eeab,520346359,way,place,neighbourhood,New Karachi Sector 5C1,,,,,OSM,,,24.9909713,67.0574208,Karachi,Sindh,Pakistan,,,,,
77654c30-d78c-521e-b429-5f0b7f34806d,520346360,way,place,neighbourhood,New Karachi Sector 5B,,,,,OSM,,,24.9961725,67.0596577,Karachi,Sindh,Pakistan,,,,,
1781d80f-7995-54dd-a952-16d8f2e1d447,712203603,way,leisure,park,Family Park,,,,,OSM,,,24.9877537,67.0568702,Karachi,Sindh,Pakistan,,,,,
6e7245bd-cdaf-5377-aa1c-9e728052d528,712203608,way,leisure,park,5C-1 Park,,,,,OSM,,,24.9908741,67.0569998,Karachi,Sindh,Pakistan,,,,,
b52249c6-7520-5d91-9571-34453ac5e570,1087648804,way,place,neighbourhood,North Karchi Sector 4,,,,,OSM,,,24.9892768,67.0535471,Karachi,Sindh,Pakistan,,,,,
571407b4-fed2-51cf-84d9-04eeef6d3eed,1087650645,way,place,neighbourhood,North Karachi Sector 3,,,,,OSM,,,24.9957735,67.0531652,Karachi,Sindh,Pakistan,,,,,
6532e498-22d5-53bb-aeee-c43905c54f44,241580376,way,landuse,cemetery,,,,,,OSM,,,24.9955405,67.0506842,Karachi,Sindh,Pakistan,,,,,
3248f13c-78dc-5036-892e-cd1f3bc48b98,712203555,way,leisure,park,Ghousul-Azam Mosque Park,,,,,OSM,,,24.99326,67.0535082,Karachi,Sindh,Pakistan,,,,,
94d4a3e4-3f6a-5316-98e3-24517a62fffa,520345235,way,place,neighbourhood,New Karachi Sector 5A3,,,,,OSM,,,25.0010897,67.0565189,Karachi,Sindh,Pakistan,,,,,
96469c08-7acd-521c-a668-9b7c1d991348,712203621,way,leisure,park,Akhuwat Park,,,,,OSM,,,24.9778716,67.0641722,Karachi,Sindh,Pakistan,,,,,
f38c902b-52cc-5bba-8ec4-72ccd1d56a56,222541556,way,leisure,park,,,,,,OSM,,,24.9819978,67.0584777,Karachi,Sindh,Pakistan,,,,,
2b77a3bc-38cf-55fc-bcc0-45441cbd97cb,525193470,way,leisure,park,Elahi Park,,,,,OSM,,,24.9807865,67.0632221,Karachi,Sindh,Pakistan,,,,,
97884a2c-bce1-5d99-b19b-d622b8f5af8f,222364145,way,leisure,park,Family Park,,,,,OSM,,,24.987124,67.0601782,Karachi,Sindh,Pakistan,,,,,
7e0b039c-34a5-582b-90ef-738718fe626e,712203606,way,leisure,park,Parda Park,,,,,OSM,,,24.9911836,67.0625153,Karachi,Sindh,Pakistan,,,,,
a17064aa-6ab8-5043-9c32-a2260767d212,520346358,way,place,neighbourhood,New Karachi Sector 5C2,,,,,OSM,,,24.9912254,67.0624948,Karachi,Sindh,Pakistan,,,,,
b4afa81f-84d3-560d-8515-7314c718a573,520346654,way,place,neighbourhood,New Karachi Sector 5C4,,,,,OSM,,,24.9880783,67.0629776,Karachi,Sindh,Pakistan,,,,,
3fa50588-94e1-5836-b61f-4c4bcc617d66,520350380,way,place,neighbourhood,New Karachi Sector 5L,,,,,OSM,,,24.989543,67.0680369,Karachi,Sindh,Pakistan,,,,,
4c046bf1-902f-58e6-851f-3678c328e6c6,520350385,way,place,neighbourhood,New Karachi Sector 5M,,,,,OSM,,,24.996587,67.0676145,Karachi,Sindh,Pakistan,,,,,
6951cf4e-ec65-5d44-8c26-1c4dcff045b8,712203607,way,leisure,park,Parwaz Shaheed Park,,,,,OSM,,,24.991224,67.0632097,Karachi,Sindh,Pakistan,,,,,
c0d5c6da-eb00-5da0-9408-405ee0af77cf,241580370,way,leisure,park,Mishaim Kazmi Park,,,,,OSM,,,24.9975778,67.0587457,Karachi,Sindh,Pakistan,,,,,
75df78b6-a206-5d79-9d7b-1f812370a68f,712203553,way,leisure,park,Hasan Masana Park,,,,,OSM,,,24.9999071,67.0585836,Karachi,Sindh,Pakistan,,,,,
0c0233be-5884-50b3-9aa7-f8ac599ed97e,520345234,way,place,neighbourhood,New Karachi Sector 5A4,,,,,OSM,,,25.0014124,67.0621243,Karachi,Sindh,Pakistan,,,,,
f8ebf15d-df9c-5bc7-9802-550b3756e0b2,12977547,relation,natural,water,,,,,,OSM,,,24.9583571,67.0509562,Karachi,Sindh,Pakistan,,,,,
793cac78-6a05-50cb-aaad-65cc0be6f2a2,11029866,relation,leisure,park,Umm-e-Huzaifa Park,,,,,OSM,,,24.9552976,67.0614934,Karachi,Sindh,Pakistan,,,,,
74db2f3b-ceae-5506-9970-1b836be74cf0,4785947210,node,amenity,atm,یونائیٹڈ بینک لمیٹڈ,یونائیٹڈ بینک لمیٹڈ,,,,OSM,,,24.7774373,67.0901264,Karachi,Sindh,Pakistan,,,یونائیٹڈ بینک لمیٹڈ,یونائیٹڈ بینک لمیٹڈ,
e97795b9-9663-5896-b903-997dfda09ac1,4797196149,node,amenity,atm,HBL ATM - Nueplex,,,,,OSM,,,24.7793595,67.0895217,Karachi,Sindh,Pakistan,,,,Habib Bank Limited,
04334da8-f4e9-5e33-8a7d-ed432af55ac5,4338113292,node,amenity,bank,Bank al Habib,,,,,OSM,,,24.7927141,67.0680187,Karachi,Sindh,Pakistan,,,,,
ced752a0-3d6e-531f-9e64-acc85351329e,5107855673,node,amenity,atm,Bank AL Habib ATM,,,,,OSM,,,24.7927479,67.0680464,Karachi,Sindh,Pakistan,,,,,
487a126d-72df-5130-b83c-b3a6d406c055,4786004052,node,amenity,bank,Faysal bank phase 8 branch,,,,,OSM,,,24.791375,67.0746559,Karachi,Sindh,Pakistan,,,,,
d5debedc-c671-5c3a-8851-71754dc544d8,4786004051,node,amenity,bank,JS Bank - DHA Phase 8,,,,,OSM,,,24.7935063,67.0770781,Karachi,Sindh,Pakistan,,,,,
67c58bbe-4ce8-5dfd-90ab-6001e0bf2bb6,4786004094,node,amenity,bank,ایچ بی ایل پاکستان,ایچ بی ایل پاکستان,,,,OSM,,,24.7999628,67.0748917,Karachi,Sindh,Pakistan,,,ایچ بی ایل پاکستان,,
19b41bdf-d5a1-5a15-b011-1bc6a48492ab,533182114,way,place,neighbourhood,DHA Phase 7 Extension,,,,,OSM,,,24.8151834,67.0795514,Karachi,Sindh,Pakistan,,,,,
bfcb2cf4-2c41-56fd-b3da-fc7ea6f7ace4,545236956,way,natural,water,,,,,,OSM,,,24.7738745,67.0962185,Karachi,Sindh,Pakistan,,,,,
cd382e10-d053-5c6e-a21d-55338ac04d97,1268581366,way,leisure,park,,,,,,OSM,,,24.7750611,67.0919359,Karachi,Sindh,Pakistan,,,,,
a98706c0-85b1-5d78-b295-79e6e0043fb1,545236951,way,natural,water,,,,,,OSM,,,24.770371,67.0993216,Karachi,Sindh,Pakistan,,,,,
93275c26-35d9-5a58-8267-9783ce5ac746,545236952,way,natural,water,,,,,,OSM,,,24.7695996,67.1004966,Karachi,Sindh,Pakistan,,,,,
a77e4ca3-5ead-5380-a693-8cfa5ac61bee,545236954,way,natural,water,,,,,,OSM,,,24.7718556,67.0998163,Karachi,Sindh,Pakistan,,,,,
51b604c3-dc8c-5f64-8a63-54e6615b1f15,545236955,way,natural,water,,,,,,OSM,,,24.7726472,67.0969124,Karachi,Sindh,Pakistan,,,,,
eeafb9cb-ee2e-5bea-8c82-f28f30b3d37b,479701884,way,leisure,park,Creek Park,,,,,OSM,,,24.7818946,67.0937119,Karachi,Sindh,Pakistan,,,,,
05e8d1dd-10ae-598f-ab69-57977c468dc6,1138116638,way,leisure,park,,,,,,OSM,,,24.7961166,67.0762716,Karachi,Sindh,Pakistan,,,,,
4a23d3b6-c0a0-5683-a109-6f0e9cd22a07,486695147,way,leisure,park,,,,,,OSM,,,24.7981445,67.0797526,Karachi,Sindh,Pakistan,,,,,
b035b3f2-fe93-5af4-8277-344afcf34ef2,546786390,way,natural,water,,,,,,OSM,,,24.7828587,67.1152494,Karachi,Sindh,Pakistan,,,,,
b3193c87-bc60-506f-86de-0bb9668ddd33,546786391,way,natural,water,,,,,,OSM,,,24.7812888,67.1162512,Karachi,Sindh,Pakistan,,,,,
33b7801a-dd95-5b3f-be1f-5a2241a427bc,1276696743,way,natural,water,,,,,,OSM,,,24.7943663,67.1194596,Karachi,Sindh,Pakistan,,,,,
e5679765-0e67-5a66-81eb-69344dadc4d4,1278944781,way,amenity,bank,Bank Al Habib,بينک الحبيب,,,,OSM,,,24.7891591,67.1307232,Karachi,Sindh,Pakistan,,,Bank Al Habib,,
8e9bc08b-0545-537b-904f-a72c74fd1430,995216934,way,leisure,park,Defender Park,,,,,OSM,,,24.7902526,67.1284526,Karachi,Sindh,Pakistan,,,,,
3f701879-1a65-5713-ad1c-1ebf2b161389,530833689,way,leisure,park,Parcham Park,,,,,OSM,,,24.7984805,67.1335184,Karachi,Sindh,Pakistan,,,,,
06d3da2f-4a9a-5b27-897c-c33a3f7b0d64,12035727,relation,natural,water,,,,,,OSM,,,24.7783527,67.128006,Karachi,Sindh,Pakistan,,,,,
1c97b202-0f30-5f07-b118-2fddfd3e2255,5327511643,node,leisure,park,Nishat Park,,,,,OSM,,,24.8000044,67.0669872,Karachi,Sindh,Pakistan,,,,,
a32defa1-6e84-5798-9db2-24b78e59a60e,4786004095,node,amenity,bank,یونائیٹڈ بینک لمیٹڈ,یونائیٹڈ بینک لمیٹڈ,,,,OSM,,,24.8003329,67.0752533,Karachi,Sindh,Pakistan,,,یونائیٹڈ بینک لمیٹڈ,,
350cdc3c-5489-589e-a96a-39d0ee44ab38,4786004097,node,amenity,bank,National Bank Ittehad Branch,,,,,OSM,,,24.800703,67.0756443,Karachi,Sindh,Pakistan,,,,,
4d15c13f-88e9-5dcc-8838-353770cb7a14,4786285974,node,amenity,bank,Al Baraka Bank,,,,,OSM,,,24.8000664,67.0701509,Karachi,Sindh,Pakistan,,,Al Baraka Bank Limited,,
78eaf040-8c7b-5af1-b065-cea8a0fbdda4,4786285975,node,amenity,bank,JS Bank Khayaban e Bukhari Branch.,,,,,OSM,,,24.8002596,67.0703364,Karachi,Sindh,Pakistan,,,,,
f1e18b57-8136-5f64-9a64-c8d260224f3d,5119808565,node,amenity,atm,National Bank - ATM Ittehad Branch,,,,,OSM,,,24.8007162,67.0756625,Karachi,Sindh,Pakistan,,,,,
c55cdfbd-6086-5a0e-84df-5ad37618ec0e,5119817921,node,amenity,atm,HBL - ATM,,,,,OSM,,,24.800049,67.0749544,Karachi,Sindh,Pakistan,,,,,
26f8b6f1-7089-5167-adfb-9c26b0619366,5119817922,node,amenity,atm,UBL Bank - ATM,,,,,OSM,,,24.8003887,67.075299,Karachi,Sindh,Pakistan,,,,,
c68d408f-cb37-5b35-bce6-84fa272f2c2d,5119898150,node,amenity,atm,Al Baraka Bank - ATM,,,,,OSM,,,24.8000015,67.0700902,Karachi,Sindh,Pakistan,,,,,
75e5313f-afc7-5291-86dd-27840fe05ba4,5119898151,node,amenity,atm,JS Bank - ATM Khayaban e Bukhari Branch.,,,,,OSM,,,24.8003217,67.070404,Karachi,Sindh,Pakistan,,,,,
613910b4-1b2c-53c4-8b40-c7fe3660fbf7,4792679739,node,amenity,atm,ایچ بی ایل پاکستان,ایچ بی ایل پاکستان,,,,OSM,,,24.8014099,67.0770442,Karachi,Sindh,Pakistan,,,HBL Bank,HBL Bank,
eae2f560-a580-5a26-8c48-b06929682ffc,4770282097,node,amenity,bank,میزان بینک,میزان بینک,,,,OSM,,,24.8143607,67.0693933,Karachi,Sindh,Pakistan,,,میزان بینک,,
920d606e-32a2-510b-8686-08ffe2685a45,4786285998,node,amenity,bank,ایم سی بی بینک,ایم سی بی بینک,,,,OSM,,,24.8092622,67.0690234,Karachi,Sindh,Pakistan,,,ایم سی بی بینک,,
cc5d5cbc-84eb-576f-bea7-0dd3504f3b4c,4786286000,node,amenity,bank,Habib Metro Bank,,,,,OSM,,,24.8091995,67.06909,Karachi,Sindh,Pakistan,,,,,
311865c7-b484-57c3-be13-87d64e0ae9fc,4786286001,node,amenity,bank,میزان بینک,میزان بینک,,,,OSM,,,24.8089836,67.0687616,Karachi,Sindh,Pakistan,,,میزان بینک,,
1ff1c3a2-158b-5d99-bf59-b5665d577096,5115081176,node,amenity,atm,Meezan Bank - ATM,,,,,OSM,,,24.814345,67.0694106,Karachi,Sindh,Pakistan,,,,,
561e1996-0a84-5f9c-b484-30457eaf810c,5119554039,node,amenity,atm,MCB Bank - ATM,,,,,OSM,,,24.809312,67.0690817,Karachi,Sindh,Pakistan,,,,,
095e003b-6bdc-55f8-ae75-9469235edfbc,5119554040,node,amenity,atm,Habib Metro Bank - ATM,,,,,OSM,,,24.8091501,67.0690495,Karachi,Sindh,Pakistan,,,,,
6251e8c2-839b-51f6-b3e0-c1ddaa18d4fb,5119554041,node,amenity,atm,Meezan Bank - ATM,,,,,OSM,,,24.8089572,67.0687383,Karachi,Sindh,Pakistan,,,,,
3dea58e0-0afd-5ec0-be1e-31e69cb7015d,4770282099,node,amenity,bank,عسکری بینک,عسکری بینک,,,,OSM,,,24.8141075,67.0697045,Karachi,Sindh,Pakistan,,,عسکری بینک,,
56d03c94-af46-52ba-a8a2-a6161e8ea318,4770282104,node,amenity,bank,ایچ بی ایل پاکستان,ایچ بی ایل پاکستان,,,,OSM,,,24.8138872,67.0699847,Karachi,Sindh,Pakistan,,,ایچ بی ایل پاکستان,,
ec5b8b70-fe2f-57ed-9aaa-fcef5985c540,4770282108,node,amenity,bank,الائیڈ بینک لمیٹڈ,الائیڈ بینک لمیٹڈ,,,,OSM,,,24.8137046,67.0701966,Karachi,Sindh,Pakistan,,,الائیڈ بینک لمیٹڈ,,
d7d0014e-6bbe-5aab-b8bb-6bfd07b32fa4,4770282111,node,amenity,bank,نیشنل بینک آف پاکستان,نیشنل بینک آف پاکستان,,,,OSM,,,24.8134441,67.0705333,Karachi,Sindh,Pakistan,,,نیشنل بینک آف پاکستان,نیشنل بینک آف پاکستان,
3ede9dbb-2e2f-56a6-8131-576a5026d1cd,4786286010,node,amenity,bank,Bank Al-Habib,,,,,OSM,,,24.8098746,67.0696127,Karachi,Sindh,Pakistan,,,,,
ae527d45-60dd-5d9a-94c9-91099c8d50ea,4786286011,node,amenity,bank,بینک الفلاح,بینک الفلاح,,,,OSM,,,24.8100095,67.0697384,Karachi,Sindh,Pakistan,,,بینک الفلاح,,
558b3f75-ffbd-5148-a8cb-ca75417783f8,5115081177,node,amenity,atm,Askari Bank - ATM,,,,,OSM,,,24.8140894,67.0697281,Karachi,Sindh,Pakistan,,,,,
351412ac-d346-5abf-a1d5-d040a5967d46,5115081178,node,amenity,atm,HBL - ATM,,,,,OSM,,,24.8138703,67.0700084,Karachi,Sindh,Pakistan,,,,,
8bbc26e8-2212-5e47-ac89-8043764d94fb,5115081179,node,amenity,atm,Allied Bank - ATM,,,,,OSM,,,24.8136901,67.0702236,Karachi,Sindh,Pakistan,,,,,
af8a15c9-a458-54ac-b615-f061a7d1ecef,5115081180,node,amenity,atm,NBP - ATM,,,,,OSM,,,24.8134247,67.0705602,Karachi,Sindh,Pakistan,,,,,
59e9c835-1221-5be9-82bf-2c63ce61c6d3,5119554025,node,amenity,atm,Bank Al-Habib - ATM,,,,,OSM,,,24.8099073,67.0696449,Karachi,Sindh,Pakistan,,,,,
210da108-1a5d-57a9-bae3-10ac9434a3be,5119554026,node,amenity,atm,Bank Alfalah - ATM,,,,,OSM,,,24.8100461,67.069775,Karachi,Sindh,Pakistan,,,,,
8708406f-6046-57e4-aea4-5e4f3ff64ffc,12154118532,node,leisure,park,DSU Park,,,,,OSM,,,24.815016,67.0792431,Karachi,Sindh,Pakistan,,,,,
a8ff6861-211d-5d04-bf2f-023f751bebdd,12154129429,node,amenity,marketplace,Everything Digital,,,,,OSM,,,24.8141201,67.0797259,Karachi,Sindh,Pakistan,,,,,
8ece9e2e-67ef-545e-a40b-0458aebfd229,12154154021,node,amenity,marketplace,Noah Digital Solutions Creative Dept.,,,,,OSM,,,24.8114615,67.0804796,Karachi,Sindh,Pakistan,,,,,
2c8c2992-af87-5572-a034-0ef32caa87bb,4786500648,node,amenity,bank,Habib Metro Bank,,,,,OSM,,,24.8157957,67.0707611,Karachi,Sindh,Pakistan,,,,,
6db7239f-7130-53a8-bf9b-55949e190023,5115081181,node,amenity,atm,Habib Metro Bank - ATM,,,,,OSM,,,24.8158185,67.0707983,Karachi,Sindh,Pakistan,,,,,
186a448d-5c39-59b6-b1ee-1806bcd1e533,12154105186,node,amenity,bank,MCB Phase VII EXT Branch,,,,,OSM,,,24.8156003,67.0787522,Karachi,Sindh,Pakistan,,,,,
00754efa-8802-518b-a81e-296396b0b561,12154981044,node,amenity,bank,Meezan Bank - DHA Phase VII (Ext) Branch,,,,,OSM,,,24.8216306,67.0780351,Karachi,Sindh,Pakistan,,,,,
0c93aad8-ec27-57c4-befc-42220958e102,4430621589,node,healthcare,hospital,Shaukat Khanum Memorial Cancer Hospital-Phase 7,,,,,OSM,,,24.8253838,67.0771614,Karachi,Sindh,Pakistan,,,,,
5d26dbf3-cdd2-5880-8811-261003069454,12153757472,node,healthcare,pharmacy,نعمان فارمیسی,,,,,OSM,,,24.8231541,67.0826421,Karachi,Sindh,Pakistan,,,,,
05bf2eb0-ce08-508d-a522-ff06f18e8a2e,12153781323,node,healthcare,hospital,Shahana/Rais Memorial Clinic,,,,,OSM,,,24.8227878,67.0823377,Karachi,Sindh,Pakistan,,,,,
74071ea1-7e55-55db-9ec4-5edfd11c38be,12153794269,node,healthcare,hospital,Adeeba Maternity & Medical Center,,,,,OSM,,,24.8221414,67.0814633,Karachi,Sindh,Pakistan,,,,,
64c4888b-3786-5fed-aea8-5bf1a1f5c01f,12155002355,node,healthcare,pharmacy,Murshid Medical Store,,,,,OSM,,,24.8231789,67.0810821,Karachi,Sindh,Pakistan,,,,,
850cd448-4ffa-5725-a6a3-9284b20d62fe,12155023028,node,healthcare,hospital,حمزہ جراح کلینک,,,,,OSM,,,24.8238338,67.0816897,Karachi,Sindh,Pakistan,,,,,
2b1809dd-61b9-5d2f-b436-bac91aba0fa7,12155242151,node,healthcare,pharmacy,,,,,,OSM,,,24.8239896,67.0820142,Karachi,Sindh,Pakistan,,,,,
fb47f7a2-1d2c-538b-b19d-9f64253129b4,12155253773,node,amenity,bank,Bank alhabib ltd,,,,,OSM,,,24.8241478,67.0821899,Karachi,Sindh,Pakistan,,,,,
b76880b7-a533-535a-af74-965eaebcddfa,12155278462,node,healthcare,clinic,فرزانہ کلینک,,,,,OSM,,,24.8244716,67.0824849,Karachi,Sindh,Pakistan,,,,,
757db94a-35e9-5827-9f2b-c83725baab08,4791723421,node,amenity,bank,HabibMetro Ltd.,,,,,OSM,,,24.8324026,67.0683444,Karachi,Sindh,Pakistan,,,,,
c5272f39-f227-5610-826d-74f8353c68f9,4791723429,node,healthcare,pharmacy,Prime Pharmacy,,,,,OSM,,,24.832713,67.0671455,Karachi,Sindh,Pakistan,,,,,
d1f233cd-c99f-5fe1-98ce-2a0c99de5829,4791723431,node,healthcare,pharmacy,Long Life Pharmacy,,,,,OSM,,,24.8325668,67.0677176,Karachi,Sindh,Pakistan,,,,,
c54accd2-d08f-58ba-b1b7-da3c9e34d151,4791846672,node,amenity,bank,بینک الفلاح,بینک الفلاح,,,,OSM,,,24.8310978,67.0690832,Karachi,Sindh,Pakistan,,,Bank Alfalah,,
ff918feb-5f2f-5698-b277-da31a0c5c14a,4791846699,node,healthcare,clinic,Sunset Poly Clinic,,,,,OSM,,,24.8309419,67.0678782,Karachi,Sindh,Pakistan,,,,,
07efd278-813f-5ae8-89c8-0da61c732c25,4791846702,node,amenity,bank,Allied Bank,الائیڈ بینک,,,,OSM,,,24.8314815,67.0673509,Karachi,Sindh,Pakistan,,,Allied Bank Limited,,
e2b1937b-008c-51d5-b820-14945d824028,5133028143,node,healthcare,clinic,The Dental Art & Surgery,,,,,OSM,,,24.8315896,67.067128,Karachi,Sindh,Pakistan,,,,,
331fe2cf-90fe-507e-bf64-59ccde3e80ac,5135119701,node,amenity,atm,Bank Alfalah - ATM,بینک الفلاح,,,,OSM,,,24.8311065,67.0691621,Karachi,Sindh,Pakistan,,,Bank Alfalah,Bank Alfalah,
189997c5-4989-5244-889d-7d3634dc1323,5135119702,node,amenity,atm,Allied Bank - ATM,الائیڈ بینک,,,,OSM,,,24.8314594,67.0672524,Karachi,Sindh,Pakistan,,,Allied Bank Limited,Allied Bank Limited,
428c4afb-7d36-53cf-94a0-b1ad32b74d06,5135119703,node,amenity,atm,HabibMetro Ltd - ATM,,,,,OSM,,,24.8323771,67.0684299,Karachi,Sindh,Pakistan,,,,,
2e2ad1f8-bef5-521f-abc9-702f26a6b070,5135119704,node,amenity,atm,جے ایس بینک,جے ایس بینک,,,,OSM,,,24.8327593,67.067762,Karachi,Sindh,Pakistan,,,جے ایس بینک,جے ایس بینک,
af811771-c46b-555a-a8f2-ab547728a331,5135119705,node,amenity,bank,جے ایس بینک,جے ایس بینک,,,,OSM,,,24.8327155,67.0678505,Karachi,Sindh,Pakistan,,,جے ایس بینک,جے ایس بینک,
b1259e27-871c-5657-b5ee-dab6accc8caf,4774619847,node,amenity,bank,Meezan Bank,میزان بینک,,,,OSM,,,24.8368759,67.068944,Karachi,Sindh,Pakistan,,,Meezan Bank,,
acc5f5cb-ee9e-5826-a5e7-369aa94fa84e,4774619848,node,amenity,bank,بینک الفلاح,بینک الفلاح,,,,OSM,,,24.8368199,67.0690309,Karachi,Sindh,Pakistan,,,Bank Alfalah,,
60c9829b-d77a-5593-84b8-7cff1c1b3136,4774619849,node,amenity,bank,MCB,ایم سی بی بینک,,,,OSM,,,24.8369852,67.0691891,Karachi,Sindh,Pakistan,,,MCB,MCB,
10e212c5-5edf-5f66-a9a8-6bfa98f0bdcf,4774777368,node,amenity,bank,MCB,ایم سی بی بینک,,,,OSM,,,24.8351798,67.0686902,Karachi,Sindh,Pakistan,,,MCB,,
65e3e348-d4a1-5100-8bdd-f57905d7003c,4791722989,node,amenity,bank,Bank Al Habib,بينک الحبيب,,,,OSM,,,24.8373594,67.0680168,Karachi,Sindh,Pakistan,,,Bank Al Habib,,
87fbacd8-3766-5c59-8acc-f73f81a4d245,4791722993,node,amenity,bank,Bank Al Habib,بينک الحبيب,,,,OSM,,,24.8350949,67.0688904,Karachi,Sindh,Pakistan,,,Bank Al Habib,,
1b5a9023-518c-57f1-940c-3efb9421deb9,5128635958,node,healthcare,clinic,AORC - Advance Orthopedic & Reconstructive Clinic,,,,,OSM,,,24.8349804,67.0684294,Karachi,Sindh,Pakistan,,,,,
590ffb79-44fe-5664-b0e6-eae047913566,5130374118,node,healthcare,hospital,AL NOOR EYE HOSPITAL,,,,,OSM,,,24.8375709,67.0675494,Karachi,Sindh,Pakistan,,,,,
bf31b5bd-f5d6-553c-b090-69c4e707c686,5130393879,node,place,neighbourhood,DHA Phase 1,,,,,OSM,,,24.84122,67.0674901,Karachi,Sindh,Pakistan,,,,,
190e39fc-a5f3-53be-b8a0-834e1400c261,5134804321,node,amenity,atm,Bank Al Habib - ATM,بينک الحبيب,,,,OSM,,,24.8373702,67.0679409,Karachi,Sindh,Pakistan,,,Bank Al Habib,Bank Al Habib,
14c4a585-a9d8-5b17-9c72-653e98966c27,5134804322,node,amenity,bank,Faysal Bank,فیصل بینک,,,,OSM,,,24.8375492,67.0676776,Karachi,Sindh,Pakistan,,,Faysal Bank,,
c6fe98e3-764c-59a1-96df-468a0ccfe825,5134946178,node,amenity,bank,MCB,ایم سی بی بینک,,,,OSM,,,24.8369278,67.0691413,Karachi,Sindh,Pakistan,,,MCB,,
f4f2b08d-95dc-504f-81f0-85882d86446d,5134946183,node,amenity,atm,MCB Bank - ATM,ایم سی بی بینک,,,,OSM,,,24.8371384,67.0684876,Karachi,Sindh,Pakistan,,,MCB,MCB,
dd9be8ae-ea00-5ed8-9314-b33f67b27da2,5134946184,node,amenity,bank,MCB,ایم سی بی بینک,,,,OSM,,,24.837114,67.0684473,Karachi,Sindh,Pakistan,,,MCB,,
d7ab2046-16ea-584c-90ea-4dc7c0fe8259,5135030048,node,amenity,atm,MCB - ATM,ایم سی بی بینک,,,,OSM,,,24.8351673,67.0686679,Karachi,Sindh,Pakistan,,,MCB,MCB,
38b3529b-866e-52fa-937a-2d04676b3b1e,5135030049,node,amenity,atm,Bank Al Habib Limited - ATM,بينک الحبيب,,,,OSM,,,24.8351119,67.068847,Karachi,Sindh,Pakistan,,,Bank Al Habib,Bank Al Habib,
76913120-dde1-5242-a123-f5650f83692e,4760100094,node,healthcare,pharmacy,Pharmacy Point 2,,,,,OSM,,,24.8300247,67.0695546,Karachi,Sindh,Pakistan,,,,,
9c2d0709-5eb0-5a77-a614-bc08a2f2a5bd,4760100108,node,amenity,bank,Summit Bank,سمٹ بینک,,,,OSM,,,24.8296295,67.0717493,Karachi,Sindh,Pakistan,,,Summit Bank,سمٹ بینک,
e229205a-d2cf-5b42-a701-7b71f6b05c0f,4760100113,node,amenity,bank,Bank Al Habib,بينک الحبيب,,,,OSM,,,24.8306044,67.0720061,Karachi,Sindh,Pakistan,,,Bank Al Habib,,
e6a6514b-98fa-5380-a81b-0b80e70e8f86,4760144670,node,amenity,bank,Habib Metro Bank,,,,,OSM,,,24.8296803,67.0724491,Karachi,Sindh,Pakistan,,,,,
363d3edd-2057-5e89-b442-e19beaa6169f,4760160621,node,amenity,bank,Silkbank - Khayaban e Ittehad,,,,,OSM,,,24.831969,67.0737063,Karachi,Sindh,Pakistan,,,,,
362400e4-f4cb-5544-a086-adbddefb417e,4760160624,node,amenity,bank,بینک الفلاح,بینک الفلاح,,,,OSM,,,24.8314745,67.0740785,Karachi,Sindh,Pakistan,,,Bank Alfalah,,
eab2037d-9276-5970-a608-ab05c0b39fc2,4760160625,node,amenity,bank,یونائیٹڈ بینک لمیٹڈ,یونائیٹڈ بینک لمیٹڈ,,,,OSM,,,24.8317263,67.074075,Karachi,Sindh,Pakistan,,,یونائیٹڈ بینک لمیٹڈ,UBL,
ed622e79-871b-5634-b4a1-1409380bcfd5,4774619867,node,amenity,bank,Habib Metro Bank,,,,,OSM,,,24.8330096,67.0736243,Karachi,Sindh,Pakistan,,,,,
aecc435b-b447-5316-94e6-580b796ebd4c,4774619869,node,amenity,bank,جے ایس بینک,جے ایس بینک,,,,OSM,,,24.8328834,67.0727363,Karachi,Sindh,Pakistan,,,جے ایس بینک,جے ایس بینک,
d303f524-1d46-5fed-8c22-da2c15467967,4774619875,node,amenity,bank,HBL Bank,ایچ بی ایل پاکستان,,,,OSM,,,24.8337865,67.0730247,Karachi,Sindh,Pakistan,,,HBL Bank,,
c8b34033-5b28-5aed-b9f6-adf60433225f,4774619876,node,amenity,bank,National Saving Center DHA,,,,,OSM,,,24.8339411,67.0717935,Karachi,Sindh,Pakistan,,,,,
25bfff19-cd5b-5534-8041-1ed99f86a555,4785718483,node,amenity,police,Defence Police Station,,,,,OSM,,,24.8328573,67.0749899,Karachi,Sindh,Pakistan,,,,,
5f928dce-f6d6-59f7-aea5-dd1f0931d8e1,4786563412,node,amenity,bank,MDC Allied Bank Limited,,,,,OSM,,,24.829997,67.0740386,Karachi,Sindh,Pakistan,,,,,
b17921df-e886-5a6f-8d4f-026af9b681c1,4791617722,node,amenity,bank,The bank of Khyber,,,,,OSM,,,24.832959,67.0732415,Karachi,Sindh,Pakistan,,,,,
0a1806fb-e9f9-5581-b2cb-c70c463ab9c1,4791723005,node,amenity,bank,Meezan Bank,میزان بینک,,,,OSM,,,24.8332049,67.0727429,Karachi,Sindh,Pakistan,,,Meezan Bank,,
6d999d1c-3bd3-599a-a9fd-7f3ac1b20fd5,4791723008,node,amenity,bank,Faysal Bank,فیصل بینک,,,,OSM,,,24.8328254,67.0716037,Karachi,Sindh,Pakistan,,,Faysal Bank,,
6ae65d4e-61bd-568e-a087-aafcfda402c1,4791723009,node,amenity,bank,سونیری بینک,سونیری بینک,,,,OSM,,,24.8326632,67.0717553,Karachi,Sindh,Pakistan,,,سونیری بینک,سونیری بینک,
cda91e5a-8050-5332-bc08-f24ce5b8f541,4791846658,node,amenity,bank,سندھ بینک,سندھ بینک,,,,OSM,,,24.8323308,67.0740056,Karachi,Sindh,Pakistan,,,سندھ بینک,,
084f3c21-6c08-51e6-9c41-3dcc6277da1b,4791846660,node,healthcare,hospital,Al Zaeem Medical Center,,,,,OSM,,,24.831801,67.0729549,Karachi,Sindh,Pakistan,,,,,
e7c761ad-f911-5431-b533-24f4edf6bbf5,4791846661,node,healthcare,pharmacy,Pharmacy And Mart,,,,,OSM,,,24.8316318,67.0726748,Karachi,Sindh,Pakistan,,,,,
6859a1d3-cefb-5145-9d53-a39defb191c7,4791846664,node,amenity,bank,Faysal Bank,فیصل بینک,,,,OSM,,,24.8321512,67.0697525,Karachi,Sindh,Pakistan,,,Faysal Bank,,
4d0077c5-260e-5459-ace4-f2b603c3f6f6,4791846675,node,amenity,bank,Askari Bank,عسکری بینک,,,,OSM,,,24.8310311,67.0741653,Karachi,Sindh,Pakistan,,,Askari Bank,,
7a6c4560-ce58-532d-ab99-1a27a2049355,4791846676,node,amenity,bank,Bank Al Habib,بينک الحبيب,,,,OSM,,,24.8308661,67.0744641,Karachi,Sindh,Pakistan,,,Bank Al Habib,,
ae630b44-2904-5476-8dd1-2a2db20ce0ec,4791846679,node,amenity,bank,اسٹینڈرڈ چارٹرڈ,اسٹینڈرڈ چارٹرڈ,,,,OSM,,,24.8304355,67.074233,Karachi,Sindh,Pakistan,,,اسٹینڈرڈ چارٹرڈ,اسٹینڈرڈ چارٹرڈ,
5174415b-ee53-50c5-95ac-8d199bd8aeff,5103372068,node,amenity,bank,Samba Bank - Khayaban e Ittehad,,,,,OSM,,,24.8315552,67.0737365,Karachi,Sindh,Pakistan,,,,,
c6d9bc36-d7cb-55e1-bca5-db5f1c1e2baf,5130353810,node,healthcare,clinic,Alkhairy's Hospital,,,,,OSM,,,24.8319026,67.0743865,Karachi,Sindh,Pakistan,,,,,
52513969-b8ee-5e0b-aed5-978849fa87bd,5153106194,node,healthcare,hospital,Sahil Medical Centre,,,,,OSM,,,24.8315473,67.0729071,Karachi,Sindh,Pakistan,,,,,
dbd6ae3e-f023-5e02-beb4-8a46738c90c2,5308420702,node,healthcare,hospital,Naseem Medical Centre,,,,,OSM,,,24.8341529,67.0740574,Karachi,Sindh,Pakistan,,,,,
c39616d1-a9b6-5af2-a95a-01c6eedc9a12,5768797553,node,amenity,bank,UBL Al Ameen - Khayab E Ittehad,,,,,OSM,,,24.8316232,67.0740022,Karachi,Sindh,Pakistan,,,,,
f681826e-9c4b-5a17-bbf8-092050de3bbf,12160257383,node,amenity,bank,U Bank Microfinance,,,,,OSM,,,24.8328675,67.0739362,Karachi,Sindh,Pakistan,,,,,
52fcb86b-8d73-5225-a26a-b7990f51ebdd,12160260450,node,amenity,police,CMC (Pvt) Ltd.,,,,,OSM,,,24.8327539,67.0742378,Karachi,Sindh,Pakistan,,,,,
973e743f-54d1-56b3-9122-7b5c45a2f7df,12165571405,node,amenity,bank,Bank AL Habib,,,,,OSM,,,24.8306487,67.0723527,Karachi,Sindh,Pakistan,,,,,
e6534117-10d6-554e-80b1-a2c29b2b8d33,12165656475,node,amenity,bank,Summit Bank,,,,,OSM,,,24.8296338,67.0714655,Karachi,Sindh,Pakistan,,,,,
a2e2eb5d-896e-5748-afd2-c482178f9ab1,12165663057,node,amenity,fire_station,Haseen Habib Trading (Pvt) Ltd,,,,,OSM,,,24.8304433,67.0714454,Karachi,Sindh,Pakistan,,,,,
bd872845-1e83-5ed4-9b9e-a066a893ed44,12165887424,node,healthcare,pharmacy,Dar-ul-Kutub,,,,,OSM,,,24.8298883,67.0702867,Karachi,Sindh,Pakistan,,,,,
91e19b8a-3e79-5c66-ace7-942f6194bc03,12165892304,node,leisure,park,Jami Park,,,,,OSM,,,24.8298067,67.0704985,Karachi,Sindh,Pakistan,,,,,
0e0d54df-d96d-5c80-b82e-1175474dc9a7,4791846921,node,amenity,bank,Silkbank Head Office,,,,,OSM,,,24.8322756,67.0805343,Karachi,Sindh,Pakistan,,,,,
cd3b60f1-5d54-5b37-914d-c2b67c4be57c,4774619852,node,healthcare,hospital,Boulevard Hospital,,,,,OSM,,,24.8370967,67.0698798,Karachi,Sindh,Pakistan,,,,,
2d62427d-c724-505e-a797-ad5bb0357a6b,4774619853,node,amenity,bank,MCB,ایم سی بی بینک,,,,OSM,,,24.83596,67.0706201,Karachi,Sindh,Pakistan,,,MCB,,
bf8fcadc-228c-59b9-8e8c-7672e82f72aa,4774619854,node,amenity,bank,Faysal Bank,فیصل بینک,,,,OSM,,,24.8361827,67.0703116,Karachi,Sindh,Pakistan,,,Faysal Bank,,
9f8af1b9-bfe6-51c9-8783-b974a4787a9c,4791722991,node,healthcare,clinic,Life Care Consultant Clinics,,,,,OSM,,,24.8361308,67.0709832,Karachi,Sindh,Pakistan,,,,,
e80714e9-c32b-53b0-bd50-b9da544997f1,5134946179,node,amenity,atm,MCB Bank Limited - ATM,ایم سی بی بینک,,,,OSM,,,24.8363278,67.0697536,Karachi,Sindh,Pakistan,,,MCB,MCB,
12cea17d-a953-5151-9711-9f690a5297b0,5134958277,node,amenity,atm,MCB - ATM,ایم سی بی بینک,,,,OSM,,,24.8359773,67.0705716,Karachi,Sindh,Pakistan,,,MCB,MCB,
d89f0f2c-e122-5bfb-a51e-036cf776e905,10132969017,node,amenity,bank,,,,,,OSM,,,24.8380455,67.0754298,Karachi,Sindh,Pakistan,,,,,
584941a3-7d80-589f-8591-ef8487304386,10132969018,node,amenity,bank,,,,,,OSM,,,24.8380484,67.0754393,Karachi,Sindh,Pakistan,,,,,
3ea9e184-ced6-5b8d-9798-c9b2475c7b1e,10132974217,node,amenity,atm,,,,,,OSM,,,24.8380808,67.0754421,Karachi,Sindh,Pakistan,,,,,
65947ff3-35ae-57e8-a908-5563ae05d3f2,12159862897,node,healthcare,clinic,Sana Clinic,,,,,OSM,,,24.8381773,67.073608,Karachi,Sindh,Pakistan,,,,,
cc7e2c22-e781-506c-aa06-07a0b4e6eced,12159908623,node,healthcare,pharmacy,Ayaan medicos,,,,,OSM,,,24.8381026,67.0736337,Karachi,Sindh,Pakistan,,,,,
8ac222cf-90cd-5005-8756-93123f66070e,12160052808,node,healthcare,pharmacy,Makka Medical & General Store,,,,,OSM,,,24.837594,67.0744932,Karachi,Sindh,Pakistan,,,,,
8a2796fb-94b4-554c-977a-01f76c9fdbf9,5144995460,node,amenity,police,Sindh Reserve Police,,,,,OSM,,,24.8353869,67.0780797,Karachi,Sindh,Pakistan,,,,,
be0dc7ab-f90c-5970-8fdb-156932e5651a,5306266439,node,healthcare,pharmacy,Siddique Medical Store,,,,,OSM,,,24.8388938,67.0804199,Karachi,Sindh,Pakistan,,,,,
bf35ce99-3c29-5a33-8f0f-bde0311ccc10,12157560312,node,amenity,police,Baloch Colony Police Station & SDPO Mehmoodabad,,,,,OSM,,,24.8367551,67.0782212,Karachi,Sindh,Pakistan,,,,,
184ca895-6a09-5775-b11a-1f3eba611267,12157715699,node,healthcare,pharmacy,Bilal Medical & general Store,,,,,OSM,,,24.8391929,67.0766322,Karachi,Sindh,Pakistan,,,,,
98f22187-bdb7-58e0-8869-71b2e9a41c9b,12157783331,node,healthcare,hospital,Shumaila Medical Center,,,,,OSM,,,24.8398526,67.0766577,Karachi,Sindh,Pakistan,,,,,
ff285c01-ea8d-5443-a21a-f3256be1d38e,12157805933,node,healthcare,clinic,Noor Medical Center,,,,,OSM,,,24.8395386,67.0766389,Karachi,Sindh,Pakistan,,,,,
da5efc47-b683-57de-b898-ba9b189bdf5d,5329128326,node,place,neighbourhood,D Area,,,,,OSM,,,24.8220822,67.0842866,Karachi,Sindh,Pakistan,,,,,
43160c0e-19d0-5995-8e71-fa08099659ed,12155322042,node,amenity,marketplace,Bismillah Furniture Market,,,,,OSM,,,24.8280488,67.0839628,Karachi,Sindh,Pakistan,,,,,
8dbe9d62-8970-5353-8acd-2f16d016b2be,5156527015,node,place,neighbourhood,Altaf Town,,,,,OSM,,,24.8182686,67.1013887,Karachi,Sindh,Pakistan,,,,,
4626529a-4ebb-5ba7-8b7a-e1bf69d0425a,5144939673,node,amenity,bank,UBL ATM,,,,,OSM,,,24.8174989,67.1068766,Karachi,Sindh,Pakistan,,,,,
65349dcf-6b4c-5c9c-9379-7ed6ab90c35f,5144939674,node,amenity,bank,ویسٹرن یونین,ویسٹرن یونین,,,,OSM,,,24.8175632,67.1067626,Karachi,Sindh,Pakistan,,,ویسٹرن یونین,,
b8c8beca-c50f-5156-9b18-db06f61a4070,5144939675,node,amenity,bank,ایچ بی ایل پاکستان,ایچ بی ایل پاکستان,,,,OSM,,,24.8177226,67.1065854,Karachi,Sindh,Pakistan,,,ایچ بی ایل پاکستان,,
860317a7-3812-5635-a7f1-c853c9d30d41,5144939676,node,amenity,bank,میزان بینک,میزان بینک,,,,OSM,,,24.8182036,67.1058229,Karachi,Sindh,Pakistan,,,میزان بینک,,
1177d7c9-5ed9-5853-b060-e9c6622a59e5,5144939677,node,amenity,bank,ایم سی بی بینک,ایم سی بی بینک,,,,OSM,,,24.8186328,67.1051834,Karachi,Sindh,Pakistan,,,ایم سی بی بینک,,
f9bba9b4-db7c-530f-a93b-9b5ea0cb056c,5153777053,node,amenity,atm,,,,,,OSM,,,24.8186123,67.1052045,Karachi,Sindh,Pakistan,,,,MCB,
581f277c-d4f6-5271-aecf-18348c9dfd2b,5153777054,node,amenity,atm,,,,,,OSM,,,24.8182182,67.1057156,Karachi,Sindh,Pakistan,,,,Meezan Bank,
fff39c4b-94da-5546-a316-20f850064a34,5153777055,node,amenity,atm,,,,,,OSM,,,24.8177364,67.1064652,Karachi,Sindh,Pakistan,,,,HBL,
2db764e3-01bf-55fd-bd33-e0c072bda87f,5153777057,node,amenity,marketplace,Bachat Bazaar,,,,,OSM,,,24.8167864,67.1065242,Karachi,Sindh,Pakistan,,,,,
709f000e-44c9-5c0f-9e9c-cfaa2dd84e53,5153777070,node,amenity,bank,Kiosk e Sahulat,,,,,OSM,,,24.8155789,67.1082113,Karachi,Sindh,Pakistan,,,,,
fa62f23a-2c82-5ecf-8f4d-9352541f5877,5333760802,node,place,neighbourhood,Allah Wala Town,,,,,OSM,,,24.8204525,67.1061302,Karachi,Sindh,Pakistan,,,,,
10889d59-d674-56a2-8fda-a847c719db50,5333760803,node,place,neighbourhood,MBCH Society,,,,,OSM,,,24.826863,67.1034211,Karachi,Sindh,Pakistan,,,,,
4a279292-3673-5176-b0fc-a8d83051abe3,12140423128,node,healthcare,hospital,Fazale Illahi Hospital,,,,,OSM,,,24.823121,67.1073982,Karachi,Sindh,Pakistan,,,,,
e7a19567-1418-5a13-acf2-333aa9c0223d,12140462550,node,healthcare,pharmacy,Dawa Healthcare | Dow Lab Korangi,,,,,OSM,,,24.8241339,67.1072354,Karachi,Sindh,Pakistan,,,,,
140bd099-2c9d-5dff-a89e-d17941098ebd,4769517504,node,amenity,bank,Base Ten International,,,,,OSM,,,24.8385081,67.093496,Karachi,Sindh,Pakistan,,,,,
611c5ddd-6cc2-53e1-957e-a072ba24cb59,4769518768,node,amenity,atm,"Soneri Bank ATM, EBM",,,,,OSM,,,24.8336939,67.1020622,Karachi,Sindh,Pakistan,,,,,
22cd0e86-cda2-5b4c-8dae-78b487f895c0,4769518772,node,amenity,bank,MCB Islamic Banking Korangi Industrial Area.-1932,,,,,OSM,,,24.8341222,67.1006389,Karachi,Sindh,Pakistan,,,,,
00658582-90ae-5e43-baaa-01f45673f61f,4769518774,node,amenity,bank,الائیڈ بینک لمیٹڈ,الائیڈ بینک لمیٹڈ,,,,OSM,,,24.8340236,67.100044,Karachi,Sindh,Pakistan,,,الائیڈ بینک لمیٹڈ,,
1cf52aaa-9d06-5ae3-9223-d6f3a6d7d5bb,4769518775,node,amenity,bank,Bank AlFalah Industrial Area Branch,,,,,OSM,,,24.8339415,67.1000084,Karachi,Sindh,Pakistan,,,,,
6b025415-1770-59dd-95e1-969931ae00fd,4769518776,node,amenity,bank,Al Baraka Bank (Pakistan) Ltd,,,,,OSM,,,24.8338622,67.099985,Karachi,Sindh,Pakistan,,,,,
bf2d89ed-eb28-5811-b7b2-6877dd7fbf18,4769518779,node,amenity,bank,دبئی اسلامی بینک,دبئی اسلامی بینک,,,,OSM,,,24.8340994,67.1000833,Karachi,Sindh,Pakistan,,,دبئی اسلامی بینک,,
e719f540-7b07-59df-970b-3557c8cf321b,5107250467,node,amenity,bank,دبئی اسلامی بینک,دبئی اسلامی بینک,,,,OSM,,,24.8340992,67.1001014,Karachi,Sindh,Pakistan,,,دبئی اسلامی بینک,,
e7657a07-5208-560a-aa3e-7821465ce293,5107250468,node,amenity,bank,الائیڈ بینک لمیٹڈ,الائیڈ بینک لمیٹڈ,,,,OSM,,,24.8340217,67.1000628,Karachi,Sindh,Pakistan,,,الائیڈ بینک لمیٹڈ,,
d0e24283-4ddc-5e6a-b600-35ec66b49480,5107250469,node,amenity,bank,Bank AlFalah Industrial Area Branch - ATM,,,,,OSM,,,24.8339387,67.1000283,Karachi,Sindh,Pakistan,,,,,
3ad692c5-1be4-59f8-8427-4e5bbfa7ad5c,5107250470,node,amenity,bank,Al Baraka Bank (Pakistan) Ltd - ATM,,,,,OSM,,,24.8338612,67.10001,Karachi,Sindh,Pakistan,,,,,
eb7aa846-7c49-582c-a56f-6033bc89ae4d,5107250471,node,amenity,bank,MCB Islamic Banking - ATM,,,,,OSM,,,24.834123,67.1006997,Karachi,Sindh,Pakistan,,,,,
3660e590-2a89-5256-ab0b-2f6d63e043db,5128010258,node,amenity,marketplace,Korangi Mobile Market,,,,,OSM,,,24.834274,67.1002395,Karachi,Sindh,Pakistan,,,,,
22450311-3057-50ed-aa0f-2d4f7cf2184f,12147787563,node,healthcare,pharmacy,Marie Stopes Ware House,,,,,OSM,,,24.8298503,67.1015532,Karachi,Sindh,Pakistan,,,,,
fd6d514a-6d1f-5a20-8e28-69ed15d4316f,4769518814,node,amenity,bank,NIB,,,,,OSM,,,24.8352337,67.0996808,Karachi,Sindh,Pakistan,,,,MCB,
59c5b2eb-6079-5624-b715-934319f371b3,4769518816,node,amenity,bank,اسٹینڈرڈ چارٹرڈ,اسٹینڈرڈ چارٹرڈ,,,,OSM,,,24.8351242,67.0999873,Karachi,Sindh,Pakistan,,,اسٹینڈرڈ چارٹرڈ,اسٹینڈرڈ چارٹرڈ,
4946b055-a50c-5fe6-8cb6-c36cbf1c8c20,4769518817,node,amenity,bank,Habib Metro Bank,,,,,OSM,,,24.8351232,67.1003336,Karachi,Sindh,Pakistan,,,,,
7a544e4a-d12e-50dc-8dc6-0373fdd6fa18,4769518820,node,amenity,bank,MEEZAN BANK KIA BRANCH,,,,,OSM,,,24.8352868,67.1014586,Karachi,Sindh,Pakistan,,,,,
156193e8-be43-5828-bc2f-5e7931cf1fdf,4769519021,node,amenity,bank,سونیری بینک,سونیری بینک,,,,OSM,,,24.8353246,67.1016296,Karachi,Sindh,Pakistan,,,سونیری بینک,سونیری بینک,
b7a6ab6c-639b-58ac-8611-76617eae42e1,5107250460,node,amenity,bank,NIB Bank - ATM,,,,,OSM,,,24.8352072,67.0996716,Karachi,Sindh,Pakistan,,,,,
38706558-b756-5f08-99dc-36df6c58d556,5107250461,node,amenity,bank,اسٹینڈرڈ چارٹرڈ,اسٹینڈرڈ چارٹرڈ,,,,OSM,,,24.8350806,67.100014,Karachi,Sindh,Pakistan,,,اسٹینڈرڈ چارٹرڈ,اسٹینڈرڈ چارٹرڈ,
679be021-392e-5322-b8f7-d1dd90a45329,5107250462,node,amenity,bank,Habib Metro Bank - ATM,,,,,OSM,,,24.8351286,67.100382,Karachi,Sindh,Pakistan,,,,,
1dba4a6a-6fcb-5ed1-83e1-4589241b5de1,5107250463,node,amenity,bank,MEEZAN BANK KIA BRANCH - ATM,,,,,OSM,,,24.8352854,67.1014898,Karachi,Sindh,Pakistan,,,,,
1fa2a7ad-cb23-5398-9e9e-c7ab494c388e,5107250464,node,amenity,bank,Soneri Bank - ATM,,,,,OSM,,,24.8353204,67.1016585,Karachi,Sindh,Pakistan,,,,,
8421e6ba-f939-5d6d-a961-617735fa7bc2,4769519023,node,amenity,bank,سمٹ بینک,سمٹ بینک,,,,OSM,,,24.8355273,67.1024969,Karachi,Sindh,Pakistan,,,سمٹ بینک,سمٹ بینک,
e6989fae-fc94-5e51-8fca-fb79f6f4165b,4769519024,node,amenity,bank,Meezan Bank Ltd.,,,,,OSM,,,24.8355584,67.1026325,Karachi,Sindh,Pakistan,,,,,
d114daac-5f53-54a3-a313-47657c089f06,5107250465,node,amenity,bank,Summit Bank - ATM,,,,,OSM,,,24.8355215,67.1025224,Karachi,Sindh,Pakistan,,,,,
febffbfb-4514-5852-849a-50c050769966,5107250466,node,amenity,bank,Meezan Bank Ltd. - ATM,,,,,OSM,,,24.8355566,67.1026525,Karachi,Sindh,Pakistan,,,,,
236cfd75-e2b4-5782-8a46-55eb21ca48e3,5881288351,node,healthcare,hospital,Tariq Hospital,,,,,OSM,,,24.8478462,67.0667768,Karachi,Sindh,Pakistan,,,,,
db81bf6d-5678-5927-9f59-d2ee23950a01,5931438566,node,healthcare,hospital,Karachi Laboratory & Ultrasound centre,,,,,OSM,,,24.847727,67.0673951,Karachi,Sindh,Pakistan,,,,,
9f6d1e47-c8cc-531d-9bd5-9c00c4da4649,5936246867,node,healthcare,hospital,Jinnah Medical Centre,,,,,OSM,,,24.8470981,67.0685101,Karachi,Sindh,Pakistan,,,,,
094bb0a7-295a-5c37-a3b8-7b500e574892,5957901130,node,healthcare,hospital,Mevi Clinic & Vacination Centre,,,,,OSM,,,24.8475552,67.0689554,Karachi,Sindh,Pakistan,,,,Sindh Government,
c48203be-e671-5cc8-8b65-7a5a41d4b83f,5961565766,node,healthcare,hospital,Al Shifa Clinic,,,,,OSM,,,24.8449161,67.0682508,Karachi,Sindh,Pakistan,,,,,
c9eae5c9-5274-5fb9-a771-0d65e27f10b4,6012650834,node,healthcare,hospital,Noor Homeo Clinic,,,,,OSM,,,24.8464702,67.0679629,Karachi,Sindh,Pakistan,,,,,
01636ebb-d8ac-5145-b29a-bd0a91ed9b1b,6024665671,node,healthcare,pharmacy,Bs Medical Store & General Store,,,,,OSM,,,24.8450687,67.0684228,Karachi,Sindh,Pakistan,,,,,
a2bb4dab-c244-58be-98e9-f4e9c0c1a571,7222487398,node,healthcare,hospital,Sidho Homeo Pathic,,,,,OSM,,,24.8476789,67.0679077,Karachi,Sindh,Pakistan,,,,,
062c870e-c171-5916-bc89-542a036f027e,7227130279,node,healthcare,hospital,Kouser Clinic,,,,,OSM,,,24.8459568,67.0672041,Karachi,Sindh,Pakistan,,,,,
a05bd5e4-1176-54e5-8d32-61bf1f56936e,7241935191,node,healthcare,hospital,Dr. Noording Clinic,,,,,OSM,,,24.84743,67.0678701,Karachi,Sindh,Pakistan,,,,,
83b8574a-08d1-5a68-a622-0167aaaa3a3b,4785718479,node,amenity,police,Mehmodabad Police Station,,,,,OSM,,,24.8482445,67.066686,Karachi,Sindh,Pakistan,,,,,
59418e33-4375-5db0-848d-91156885cbaf,5130921747,node,healthcare,hospital,Family Health Centre,,,,,OSM,,,24.8431529,67.0749182,Karachi,Sindh,Pakistan,,,,,
30962111-2ea9-5a33-8398-84690337e29b,6014685064,node,healthcare,hospital,Hasaan Homeo Clinic and Store Dr M.Amin Homeo Physician/Dr M.Afzal Khan Family Physician  Also Diagnos Laboratory Collection Point,,,,,OSM,,,24.847459,67.0700608,Karachi,Sindh,Pakistan,,,,,
21c1e719-0809-5a2d-a183-64f78be3edb9,6043702245,node,healthcare,hospital,Majid Clinic,,,,,OSM,,,24.8432926,67.0709241,Karachi,Sindh,Pakistan,,,,,
df02d3a8-47d6-5112-b501-3992271b9740,6059395133,node,healthcare,hospital,Fatima Jinnah Dental Hospital,,,,,OSM,,,24.8432395,67.0708218,Karachi,Sindh,Pakistan,,,,,
173c6d10-0860-5655-b3e9-b8f0932598d9,6076475407,node,healthcare,hospital,Alhajama Clinic,,,,,OSM,,,24.8452281,67.0720907,Karachi,Sindh,Pakistan,,,,,
08405bd0-4e99-5e12-b0c7-0c38c4e17efe,6094592072,node,healthcare,hospital,sabz sitara,,,,,OSM,,,24.846654,67.0716927,Karachi,Sindh,Pakistan,,,,,
37547bec-3b3d-5a47-a707-461ced029629,6094684396,node,healthcare,hospital,Al-Shafa Clinic,,,,,OSM,,,24.8468556,67.0720733,Karachi,Sindh,Pakistan,,,,,
0c5ae9fa-9c75-5a92-9ffc-54bac53f5464,6094726699,node,healthcare,hospital,Noor Clinic,,,,,OSM,,,24.8468279,67.0722532,Karachi,Sindh,Pakistan,,,,,
213f7f7c-774a-5662-9ce5-9e2c3b635f84,6102461346,node,amenity,marketplace,Fazl-e-Rabbi Market,,,,,OSM,,,24.8460219,67.0719163,Karachi,Sindh,Pakistan,,,,,
4389cc7c-9ea4-55c9-86cb-e1ae1fc550e6,7229396477,node,healthcare,hospital,Marwat Clinig,,,,,OSM,,,24.8449178,67.0726681,Karachi,Sindh,Pakistan,,,,,
84def28a-3de6-5b9d-a66d-c8b8486c741a,7229396482,node,healthcare,hospital,Al- Mustafa Care Hospital,,,,,OSM,,,24.8448563,67.0728175,Karachi,Sindh,Pakistan,,,,,
f556c896-aaf7-5884-a509-f1dd878eeb08,7229485427,node,healthcare,hospital,Bakht Bhari Hospital,,,,,OSM,,,24.8437439,67.0731544,Karachi,Sindh,Pakistan,,,,,
6bf655e8-60dc-5f54-87c3-908aad168ef2,7229485430,node,healthcare,hospital,Muzzamil CLinic,,,,,OSM,,,24.8479025,67.0745195,Karachi,Sindh,Pakistan,,,,,
fcc5f4fb-66f1-5a1a-bdf0-ccaa1cff4b76,7229485431,node,healthcare,hospital,Asad Clinic,,,,,OSM,,,24.847609,67.0742977,Karachi,Sindh,Pakistan,,,,,
1129aa29-5060-5ee8-b6bc-24f548148a32,7229485432,node,healthcare,hospital,Dr. Ahmad Dental Clinic,,,,,OSM,,,24.843991,67.0716124,Karachi,Sindh,Pakistan,,,,,
67d372dd-922c-5620-a2e7-cde72a639553,7229485433,node,healthcare,hospital,Azam Town General Hospital,,,,,OSM,,,24.843135,67.0710135,Karachi,Sindh,Pakistan,,,,,
d1029a0d-ce52-527b-8a0a-e4e7dca66b37,7229485438,node,healthcare,hospital,Tabani Hospital,,,,,OSM,,,24.8448354,67.0729399,Karachi,Sindh,Pakistan,,,,,
b6051e23-f7a1-52ea-bc15-94ac3bd501c3,7241463267,node,healthcare,hospital,Yahoshi Waheed Dental Clinic,,,,,OSM,,,24.8459393,67.0709344,Karachi,Sindh,Pakistan,,,,,
bf686d56-13e7-5cea-898c-16f67d3bd58a,7241483963,node,healthcare,hospital,Rehmania Dawakhana,,,,,OSM,,,24.8441449,67.0747091,Karachi,Sindh,Pakistan,,,,,
755b45e8-c538-50c5-9b26-3b45b0f0b4d9,7241491368,node,healthcare,hospital,Muzamil Clinic,,,,,OSM,,,24.8440639,67.0716783,Karachi,Sindh,Pakistan,,,,,
fcf772fc-a5b7-5d35-9c56-31e4d39c7e8e,7241491371,node,healthcare,hospital,Madina Homeo Pethic,,,,,OSM,,,24.8468407,67.0757205,Karachi,Sindh,Pakistan,,,,,
213ad1fa-e57a-5ee5-9f9c-1bbfdb76aa57,7241491372,node,healthcare,hospital,Khadija Homeo Pethic,,,,,OSM,,,24.8459632,67.0723443,Karachi,Sindh,Pakistan,,,,,
9cbd73ab-e696-5cfb-9639-40f68c78fe14,7241491373,node,healthcare,hospital,Al-Khair Clinic,,,,,OSM,,,24.8438943,67.0743007,Karachi,Sindh,Pakistan,,,,,
6a14ef0e-798e-565c-b2bf-78c513006cc7,7241491374,node,healthcare,hospital,B.P.W Clinic,,,,,OSM,,,24.8428038,67.0726004,Karachi,Sindh,Pakistan,,,,,
ed02db90-b757-5580-924d-f834519ea83d,7241498809,node,healthcare,hospital,Muskan Welfar Trust,,,,,OSM,,,24.8437907,67.0727021,Karachi,Sindh,Pakistan,,,,,
4a7bb450-f52b-513b-a81d-32e4bb4ea23d,7241550214,node,healthcare,hospital,,,,,,OSM,,,24.8469535,67.070351,Karachi,Sindh,Pakistan,,,,,
5fc70ef1-7e88-5b14-bb90-9a124d675b0a,8918920785,node,healthcare,hospital,UHP field site,,,,,OSM,,,24.8456822,67.0697975,Karachi,Sindh,Pakistan,,,,,
1dd0a83d-f2bb-54d9-b130-80d65de9e42b,5639817752,node,leisure,park,,,,,,OSM,,,24.844328,67.077195,Karachi,Sindh,Pakistan,,,,,
33f24cb9-50d0-5477-bc05-c32b934c5248,7241491370,node,healthcare,hospital,Sonny-j Kumar Clinic,,,,,OSM,,,24.8479402,67.0774754,Karachi,Sindh,Pakistan,,,,,
021c3e6e-e761-50c8-bf7e-ccf2cef3dd1d,6085408295,node,healthcare,hospital,Rehman Clinig,,,,,OSM,,,24.8481839,67.0746906,Karachi,Sindh,Pakistan,,,,,
9e126260-200d-56c3-b8ca-8e1ddd472a9b,7227130280,node,healthcare,hospital,Al-Shifa Welfate Medical Centre,,,,,OSM,,,24.848891,67.0750806,Karachi,Sindh,Pakistan,,,,,
c5cf027e-40a5-56c9-9c4f-4c6ca04000cd,7229485429,node,healthcare,hospital,Top City Child Clinic,,,,,OSM,,,24.8494259,67.0760863,Karachi,Sindh,Pakistan,,,,,
dca004c7-3951-5c3d-b74a-627b099defba,7241491367,node,healthcare,hospital,Al-Rehman Clinic,,,,,OSM,,,24.8493488,67.0759878,Karachi,Sindh,Pakistan,,,,,
7b6d6afa-8f70-59fc-9081-2edcabadb3f3,7229485428,node,healthcare,hospital,Pakistan Medical Centre,,,,,OSM,,,24.8496526,67.076363,Karachi,Sindh,Pakistan,,,,,
4491053b-713b-512b-b58f-ce4c64fada5b,7241491369,node,healthcare,hospital,Bismillah Bhukhari Hospital,,,,,OSM,,,24.8485,67.0777758,Karachi,Sindh,Pakistan,,,,,
47f53c2d-cf52-5222-b11a-8decd0005c93,4785718480,node,amenity,police,Baloch Colony Police Station,,,,,OSM,,,24.8433449,67.0839612,Karachi,Sindh,Pakistan,,,,,
31bdc74e-c2c9-5940-9249-f50b55b2b970,8232831137,node,place,neighbourhood,Defence View Phase 3,,,,,OSM,,,24.8426583,67.0829722,Karachi,Sindh,Pakistan,,,,,
04939131-c637-5b8e-a6eb-3e2de801f9f7,12188129311,node,healthcare,hospital,Ashiq Memorial Hospital,,,,,OSM,,,24.8477274,67.0869931,Karachi,Sindh,Pakistan,,,,,
b79abb19-5268-501e-8668-41ce7b891851,4769517512,node,amenity,bank,ایچ بی ایل پاکستان,ایچ بی ایل پاکستان,,,,OSM,,,24.8432621,67.0971719,Karachi,Sindh,Pakistan,,,ایچ بی ایل پاکستان,,
d5b49081-d0e6-5fa9-b75e-9832582629e4,5130815905,node,amenity,bank,ایچ بی ایل پاکستان,ایچ بی ایل پاکستان,,,,OSM,,,24.8432135,67.097189,Karachi,Sindh,Pakistan,,,ایچ بی ایل پاکستان,,
007415e8-8d56-519d-9efb-720f9ade784d,5153777077,node,amenity,bank,Habib Qatar International Exchange,,,,,OSM,,,24.814639,67.1117396,Karachi,Sindh,Pakistan,,,,,
858e7dc9-59b4-57b9-9fd0-f12ebb0737fb,4769800475,node,healthcare,hospital,Sheikh Muhammad Saeed Memorial Hospital,,,,,OSM,,,24.8146775,67.1201602,Karachi,Sindh,Pakistan,,,,,
ad5de3e2-34f1-5eaa-8977-80444e605972,5153777082,node,amenity,police,HQ Rapid Response Force,,,,,OSM,,,24.8037219,67.130676,Karachi,Sindh,Pakistan,,,,,
20c4cb65-8248-527b-a43d-1d8a41288b40,4769800457,node,amenity,bank,دبئی اسلامی بینک,دبئی اسلامی بینک,,,,OSM,,,24.8198391,67.1130666,Karachi,Sindh,Pakistan,,,دبئی اسلامی بینک,,
24ebb492-3146-5b41-a474-6a8d18fced61,5107361615,node,amenity,bank,Burj Bank Limited - ATM,,,,,OSM,,,24.8198482,67.1128831,Karachi,Sindh,Pakistan,,,,,
badb25cb-2d03-5744-8a75-9fc624975d23,5132890210,node,amenity,atm,,,,,,OSM,,,24.8166861,67.1119587,Karachi,Sindh,Pakistan,,,,Meezan Bank ATM,
08e4dc98-b41d-5819-838c-5038167e6e37,5132890212,node,healthcare,hospital,اسلامک مشن ہسپتال,اسلامک مشن ہسپتال,,,,OSM,,,24.817555,67.1137286,Karachi,Sindh,Pakistan,,,,,
4baab048-5033-5b1a-a65f-7724675dbeeb,5132890213,node,leisure,park,دارالسلام پارک,دارالسلام پارک,,,,OSM,,,24.818862,67.1143603,Karachi,Sindh,Pakistan,,,,,
163ec7ce-35af-5fcb-9d65-215f004a9883,5153777075,node,amenity,bank,Zarai Taraqyati Bank,,,,,OSM,,,24.81542,67.1103959,Karachi,Sindh,Pakistan,,,,,
dd4460fe-1fe5-533f-90c1-37031866e79b,4769800460,node,healthcare,hospital,New Urgent Care Hospital,,,,,OSM,,,24.8189304,67.1162105,Karachi,Sindh,Pakistan,,,,,
abf1b1a3-21e7-5d55-8272-2aea28bc5c02,5132890214,node,healthcare,hospital,Fomg Hospital,,,,,OSM,,,24.818923,67.1157194,Karachi,Sindh,Pakistan,,,,,
cdf5b2fd-c58f-540f-8ec0-1eaf2b8694af,12141780832,node,healthcare,pharmacy,BSM Medical and General store,,,,,OSM,,,24.8261786,67.1197421,Karachi,Sindh,Pakistan,,,,,
326a27e2-6a57-58a8-bc6d-a541e9d98c8d,12144659994,node,healthcare,pharmacy,Hafiz Pharmacy,,,,,OSM,,,24.8210372,67.1262088,Karachi,Sindh,Pakistan,,,,,
df3b93e2-26df-5daf-9209-eac130fc8dda,12144371952,node,healthcare,hospital,Aziz Hospital,,,,,OSM,,,24.8214257,67.1297067,Karachi,Sindh,Pakistan,,,,,
7a30a5c5-3926-5615-b070-9e6ca784ed5c,12151303262,node,amenity,bank,esahulat 61398,,,,,OSM,,,24.8211697,67.1304579,Karachi,Sindh,Pakistan,,,,,
9dc57dae-be81-5077-9f4a-70da318691e4,12151593415,node,healthcare,hospital,Bhittai Medical Center,,,,,OSM,,,24.8191368,67.1311053,Karachi,Sindh,Pakistan,,,,,
375356e9-d29e-58e0-add0-f145a36398bb,4769937742,node,amenity,police,Nasir Colony Police Choki,,,,,OSM,,,24.8280161,67.1272374,Karachi,Sindh,Pakistan,,,,,
f5226c29-5523-52b8-806f-23af593f5f6a,12124422760,node,healthcare,pharmacy,MUHAMMAD ALI MEDICAL STORE,,,,,OSM,,,24.8230201,67.1275411,Karachi,Sindh,Pakistan,,,,,
d8baa94e-ce25-5dd9-912d-ac81803b604e,12126180765,node,healthcare,pharmacy,Madina Medical Store,,,,,OSM,,,24.822918,67.1275561,Karachi,Sindh,Pakistan,,,,,
97165b3a-f3ea-5532-9218-38fb68e181c7,12142139942,node,leisure,park,Dua Park,,,,,OSM,,,24.823591,67.122011,Karachi,Sindh,Pakistan,,,,,
d49e213a-9792-5f9c-8367-f89886336490,12142422089,node,amenity,marketplace,korangi,,,,,OSM,,,24.8231395,67.1247493,Karachi,Sindh,Pakistan,,,,,
2c96a844-2e2a-5bfa-b54f-d776d3ba3dda,12142450922,node,healthcare,pharmacy,al rehman medical,,,,,OSM,,,24.8243885,67.1273181,Karachi,Sindh,Pakistan,,,,,
f270587f-561d-5db2-80b4-2c35579f3303,4769937762,node,leisure,park,Chota Ground - Godhra Korangi,,,,,OSM,,,24.8242597,67.1300935,Karachi,Sindh,Pakistan,,,,,
2a553f0f-c579-53f2-90d3-abaae61736ad,5156527010,node,leisure,park,Khwateen Park,,,,,OSM,,,24.8278726,67.1333229,Karachi,Sindh,Pakistan,,,,,
1f0e9264-8aee-5e90-b0a7-34fc5ddbd38b,12144315074,node,healthcare,hospital,Child Care Hospital,,,,,OSM,,,24.822029,67.1321899,Karachi,Sindh,Pakistan,,,,,
6f7918e6-e8ba-5b5d-949b-43eb57faceb3,4769659222,node,amenity,bank,بینک اسلامی,بینک اسلامی,,,,OSM,,,24.8369749,67.1093239,Karachi,Sindh,Pakistan,,,بینک اسلامی,بینک اسلامی,
fbb85ddc-faad-5db3-a080-1fe0849e8a65,4769659223,node,amenity,bank,فیصل بینک,فیصل بینک,,,,OSM,,,24.8372061,67.109599,Karachi,Sindh,Pakistan,,,فیصل بینک,,
e5114016-f64b-563a-bbcb-78984cc00100,4769659224,node,amenity,bank,فیصل بینک,فیصل بینک,,,,OSM,,,24.8376053,67.1129316,Karachi,Sindh,Pakistan,,,فیصل بینک,,
a6420519-5aeb-52b2-b049-57a078702418,4769659235,node,amenity,bank,Burj Bank Limited,,,,,OSM,,,24.8354505,67.1096955,Karachi,Sindh,Pakistan,,,,,
8561b034-7ed8-58f7-9c69-23d5acf2fa6f,5107250472,node,amenity,bank,Bank Islami - ATM,,,,,OSM,,,24.8369739,67.1091341,Karachi,Sindh,Pakistan,,,,,
f6b3584d-bf50-596f-81e7-972e2e102626,5107250473,node,amenity,bank,Faysal Bank - ATM,,,,,OSM,,,24.8372081,67.1097784,Karachi,Sindh,Pakistan,,,,,
e664e796-fdc4-557e-8c23-f05bf06f2b55,5107250474,node,amenity,bank,Faysal Bank - ATM,,,,,OSM,,,24.8375968,67.1131217,Karachi,Sindh,Pakistan,,,,,
e0b66133-061c-5d40-83aa-b9733e17a38a,4769518743,node,amenity,bank,Silkbank,,,,,OSM,,,24.8374096,67.1159745,Karachi,Sindh,Pakistan,,,Silkbank Limited,,
db8538bc-c870-5b6d-a881-c6fe0f52ce25,4769518753,node,amenity,bank,بينک الحبيب,بينک الحبيب,,,,OSM,,,24.8381666,67.1198485,Karachi,Sindh,Pakistan,,,بينک الحبيب,,
966454e7-7d03-58cc-aa22-7f2b6b956c23,4769518754,node,amenity,bank,National Bank,,,,,OSM,,,24.8381471,67.1203662,Karachi,Sindh,Pakistan,,,,,
8935154d-1cc8-59e6-b3c0-8ff346b592f6,4769800513,node,amenity,bank,MCB Bank Korangi Industrial area Branch,,,,,OSM,,,24.8380899,67.1213841,Karachi,Sindh,Pakistan,,,,,
5374d646-731f-5b41-a2f7-4e4962c380b5,4769800516,node,amenity,bank,Al Baraka Bank,,,,,OSM,,,24.8385752,67.1218698,Karachi,Sindh,Pakistan,,,Al Baraka Bank Limited,,
cbd7ab33-f3d1-5c70-b190-7f8b9a0d3306,5107250475,node,amenity,bank,Silkbank - ATM,,,,,OSM,,,24.8373873,67.1158603,Karachi,Sindh,Pakistan,,,,,
9fad2b84-b7a4-5b34-80e4-6513fdb9ccde,5107250476,node,amenity,bank,Bank Al Habib - ATM,,,,,OSM,,,24.8381588,67.1198033,Karachi,Sindh,Pakistan,,,,,
7deb20b3-890c-5e02-9682-83dcfc4f926f,5107250477,node,amenity,bank,National Bank -ATM,,,,,OSM,,,24.838146,67.1204151,Karachi,Sindh,Pakistan,,,,,
3495b517-8962-5588-a35f-48e792a921e8,5107250478,node,amenity,bank,MCB Bank - ATM,,,,,OSM,,,24.8380952,67.1214378,Karachi,Sindh,Pakistan,,,,,
06c69e68-a697-5a64-b209-4f773d445d23,5107250479,node,amenity,bank,Al Baraka Bank - ATM,,,,,OSM,,,24.8385826,67.1219188,Karachi,Sindh,Pakistan,,,,,
b3ce042e-a35b-5231-bcb0-0ddac3f99648,5128888525,node,amenity,marketplace,Rashid Khan Market,,,,,OSM,,,24.8337495,67.1223699,Karachi,Sindh,Pakistan,,,,,
7402637e-0236-57fd-b1fa-9ffce401e08d,12141720326,node,healthcare,pharmacy,Abdullah Medical & General Store,,,,,OSM,,,24.8291458,67.1223791,Karachi,Sindh,Pakistan,,,,,
02e6a403-b5cf-57c6-92b6-c94f95bdfbe8,12146242774,node,amenity,marketplace,Basket maker's,,,,,OSM,,,24.8284244,67.1282602,Karachi,Sindh,Pakistan,,,,,
3931201d-878b-573a-a9ad-9b23041f2a6e,12146244093,node,healthcare,hospital,Khokhar hospital,,,,,OSM,,,24.8296268,67.1275916,Karachi,Sindh,Pakistan,,,,,
4a20b894-6a45-5bbd-9534-fabba3f8ba27,12146477380,node,amenity,marketplace,32-A Market,,,,,OSM,,,24.8335325,67.1284265,Karachi,Sindh,Pakistan,,,,,
917687cb-ffe7-5176-9104-e442fda62cef,12146493677,node,healthcare,pharmacy,Almas Medical store,,,,,OSM,,,24.8347368,67.1270737,Karachi,Sindh,Pakistan,,,,,
574a1d1b-3637-5b7d-b3a3-846082c95ad3,12166081229,node,healthcare,pharmacy,Kamal Medical Store,,,,,OSM,,,24.8287489,67.126173,Karachi,Sindh,Pakistan,,,,,
07f46cad-1f4a-535a-ad12-8d12a9d9ca91,12168099676,node,healthcare,clinic,ABBASI HOMOEO CLINIC,,,,,OSM,,,24.8319292,67.1261588,Karachi,Sindh,Pakistan,,,,,
af5c0fe6-bc0e-515d-b2ac-05745faeb07f,5107276254,node,amenity,bank,Bank AL FALAH - ATM;Bank AL FALAH,,,,,OSM,,,24.8403668,67.1270489,Karachi,Sindh,Pakistan,,,,,
85269046-a936-5b69-8ba3-d0efe76bdcc3,5107276255,node,amenity,bank,HabibMetro Bank - ATM;HabibMetro Bank,,,,,OSM,,,24.8403928,67.1271371,Karachi,Sindh,Pakistan,,,,,
64721eec-180b-5359-8f01-d3c01b966218,5107276256,node,amenity,bank,UBL Bank - ATM;UBL Bank,,,,,OSM,,,24.8404177,67.1272232,Karachi,Sindh,Pakistan,,,,,
82653cea-bc42-5414-a8d9-e8794a86b9a8,5107276257,node,amenity,bank,National Bank Of Pakistan - ATM;National Bank Of Pakistan,,,,,OSM,,,24.8404346,67.1272957,Karachi,Sindh,Pakistan,,,,,
7ac6e579-33b0-5ad9-8abb-6f60a6f16f13,5107276258,node,amenity,bank,Sindh Bank - ATM;Sindh Bank,,,,,OSM,,,24.8404545,67.1273742,Karachi,Sindh,Pakistan,,,,,
3855ac19-c501-502f-ad11-ac07d114a5fc,5107276259,node,amenity,bank,Bank Of Punjab - ATM;Bank Of Punjab,,,,,OSM,,,24.8404705,67.1274518,Karachi,Sindh,Pakistan,,,,,
8cfee37c-849c-53ae-aae1-25560b239f37,5107276260,node,amenity,bank,Askari bank Ltd - ATM;Askari bank Ltd,,,,,OSM,,,24.8404925,67.1275375,Karachi,Sindh,Pakistan,,,,,
f635bb26-6676-5ddd-8ab6-e5c88aba0cab,5107276261,node,amenity,bank,دبئی اسلامی بینک,دبئی اسلامی بینک,,,,OSM,,,24.8405126,67.1276159,Karachi,Sindh,Pakistan,,,دبئی اسلامی بینک,,
339fb68a-f739-50b3-b80b-2c6094c3e65a,5107276262,node,amenity,bank,MCB Bank - ATM;MCB Bank,,,,,OSM,,,24.8405219,67.1276768,Karachi,Sindh,Pakistan,,,,,
8ba2bb25-8574-56b6-8b69-ab55f4e2095b,5107276263,node,amenity,bank,JS Bank - ATM;JS Bank,,,,,OSM,,,24.8405305,67.127739,Karachi,Sindh,Pakistan,,,,,
3e9eb50a-b7c1-57fa-8316-9a116fc932d5,5107276264,node,amenity,bank,Meeza Bank - ATM;Meeza Bank,,,,,OSM,,,24.8405743,67.1279873,Karachi,Sindh,Pakistan,,,,,
b129114b-1401-570c-933c-9915c3065a3e,5156526988,node,amenity,police,CPLC,,,,,OSM,,,24.8380448,67.1260964,Karachi,Sindh,Pakistan,,,,,
99a32a89-2945-56cd-8369-7d82bfe3c109,12146594190,node,healthcare,pharmacy,Ophth Pharma (Pvt.) Ltd.,,,,,OSM,,,24.8365157,67.1266729,Karachi,Sindh,Pakistan,,,,,
e2202499-06e5-54d8-8b18-1db556dcaad3,5130815910,node,amenity,bank,ایچ بی ایل پاکستان,ایچ بی ایل پاکستان,,,,OSM,,,24.845321,67.1210044,Karachi,Sindh,Pakistan,,,ایچ بی ایل پاکستان,,
017492f7-90bc-5fab-9314-2ae8678fb05b,5259800626,node,healthcare,hospital,Chiniot General Hospital,,,,,OSM,,,24.842633,67.1331502,Karachi,Sindh,Pakistan,,,,,
f279b48b-1c2a-5998-aa16-34412b313abc,543493256,way,place,neighbourhood,کورنگی صنعتی علاقہ,کورنگی صنعتی علاقہ,,,,OSM,,,24.8456071,67.1473217,Karachi,Sindh,Pakistan,,,,,
b5cd2a09-fa13-5c1f-93c9-806b4c52d672,220490852,way,leisure,park,Bukhari Park,,,,,OSM,,,24.8059888,67.0766634,Karachi,Sindh,Pakistan,,,,,
cd79673f-f8d4-5664-9343-c5fe837c5635,345701525,way,leisure,park,Rahat Park,,,,,OSM,,,24.8154311,67.0754554,Karachi,Sindh,Pakistan,,,,,
217f037e-6cec-5b09-89ab-df6693c85ee1,1144632906,way,leisure,park,,,,,,OSM,,,24.815143,67.1081664,Karachi,Sindh,Pakistan,,,,,
562a45fd-8d6c-5699-a644-e17eebfa1436,1275170122,way,leisure,park,,,,,,OSM,,,24.8152225,67.1030187,Karachi,Sindh,Pakistan,,,,,
01f9c3ba-681c-53b9-814c-5ae7920407cb,449417045,way,leisure,park,,,,,,OSM,,,24.8130943,67.1068037,Karachi,Sindh,Pakistan,,,,,
89f9d4c1-bdf5-5382-b067-7488d90e4faa,931928471,way,natural,water,,,,,,OSM,,,24.8514973,67.1026938,Karachi,Sindh,Pakistan,,,,,
2fc9a842-f990-5c1c-8018-dcfb97175bf2,1138030205,way,leisure,park,,,,,,OSM,,,24.8205808,67.0778581,Karachi,Sindh,Pakistan,,,,,
c1730094-c09f-5bd8-9c5d-99c4451f5eda,61188869,way,place,neighbourhood,قیوم آباد,قیوم آباد,,,,OSM,قيوم آباد,,24.824744,67.0815276,Karachi,Sindh,Pakistan,,,,,Q7267237
90d1f36a-adb9-507d-a988-dad163d6ade2,537394001,way,landuse,cemetery,Qayyumabad Cemetery,,,,,OSM,,,24.8274029,67.0830502,Karachi,Sindh,Pakistan,,,,,
704c0efb-9b47-5205-9281-4076e155e1b4,359660659,way,leisure,park,,,,,,OSM,,,24.8269149,67.0700489,Karachi,Sindh,Pakistan,,,,,
6854114a-8787-5a2a-b25c-22f28f1f2122,1138255754,way,leisure,park,,,,,,OSM,,,24.8321902,67.0683849,Karachi,Sindh,Pakistan,,,,,
d439938a-8395-561d-abd1-0d83a092e7c1,1138284255,way,healthcare,clinic,,,,,,OSM,,,24.8315676,67.0729138,Karachi,Sindh,Pakistan,,,,,
173a04b6-a96b-50c7-9f02-7a5c44aad675,1138321305,way,amenity,police,,,,,,OSM,,,24.8329168,67.0750322,Karachi,Sindh,Pakistan,,,,,
7f9701ad-4a3a-5230-816d-f51c0c05fa43,176217300,way,leisure,park,,,,,,OSM,,,24.8302063,67.0800235,Karachi,Sindh,Pakistan,,,,,
8052a0dc-47a0-584b-b57a-f3476d3a79dc,524309809,way,leisure,park,Defence View Park,,,,,OSM,,,24.8344992,67.0803952,Karachi,Sindh,Pakistan,,,,,
e3344f65-8592-5143-b3a0-e8ed279b6ceb,481460641,way,place,neighbourhood,Defence View Phase 1,,,,,OSM,,,24.8354839,67.0798473,Karachi,Sindh,Pakistan,,,,,
2d7ac163-396d-5e0c-83a1-065c782538a2,481460642,way,place,neighbourhood,Defence View Phase 2,,,,,OSM,,,24.8400099,67.0809018,Karachi,Sindh,Pakistan,,,,,
89fd2ddd-e29d-5f83-b9ad-d061e1d8e29a,995214134,way,healthcare,hospital,Defence Health Care Clinic DHC,,,,,OSM,,,24.8386795,67.0810088,Karachi,Sindh,Pakistan,,,,,
4b1543cb-9cd2-5c65-835c-abaab8c072ff,1275170119,way,amenity,police,,,,,,OSM,,,24.8170564,67.1038292,Karachi,Sindh,Pakistan,,,,,
b8cf95a9-5834-5e6d-82a6-6e4a8827b18c,543440104,way,place,neighbourhood,Allahwala Town Sector A,,,,,OSM,,,24.8274231,67.1057747,Karachi,Sindh,Pakistan,,,,,
412fd933-6924-5e2e-ae3d-94958b7d6db8,543440105,way,place,neighbourhood,دارالسلام سوسائٹی,دارالسلام سوسائٹی,,,,OSM,,,24.821308,67.1130892,Karachi,Sindh,Pakistan,,,,,
a94c82c8-94cc-5da9-ae35-9e6a814e7847,1144168726,way,leisure,park,,,,,,OSM,,,24.820783,67.1088063,Karachi,Sindh,Pakistan,,,,,
6d63edef-3677-5191-b66c-aace330614e4,1144160044,way,healthcare,hospital,,,,,,OSM,,,24.8229861,67.1073357,Karachi,Sindh,Pakistan,,,,,
528d1a89-41fd-54b9-9b41-0aa2a6e5b3e6,646865457,way,amenity,bank,بينک الحبيب,بينک الحبيب,,,,OSM,,,24.8454576,67.0718888,Karachi,Sindh,Pakistan,,,بينک الحبيب,,
19aebd35-bb60-5255-8779-90a45e5f1cfb,649465239,way,amenity,bank,MCB Bank Prvt Limited,,,AE04000002093,,OSM,,,24.8451574,67.0717354,Karachi,Sindh,Pakistan,,,,,
1e16781b-e0fa-5a91-89c7-25a7718ed1c6,687763114,way,healthcare,hospital,Azam Town General Hospital,,,,,OSM,,,24.843108,67.0710303,Karachi,Sindh,Pakistan,,,,,
3d400881-5435-547d-b649-2e9295f2e380,687763115,way,healthcare,pharmacy,Prince Medical & General Store,,,,,OSM,,,24.8437219,67.0714506,Karachi,Sindh,Pakistan,,,,,
1a8bbaeb-d837-5903-a64f-f7f92eca0469,687763116,way,healthcare,clinic,Dr. Ahmad Dental Clinic,,,,,OSM,,,24.8439698,67.0716388,Karachi,Sindh,Pakistan,,,,,
e27e35e3-5337-5783-85b5-b041a02380cd,687763117,way,healthcare,pharmacy,Uzma Medical & General Store,,,,,OSM,,,24.8455473,67.0727419,Karachi,Sindh,Pakistan,,,,,
13197d45-6f1a-56ac-ab50-0be53a53a790,687763118,way,healthcare,pharmacy,Lubna Medical & General Store,,,,,OSM,,,24.8460822,67.0731376,Karachi,Sindh,Pakistan,,,,,
10e16393-0422-5bc9-9b2d-773b76e39615,687763119,way,healthcare,pharmacy,Asad Clinic,,,,,OSM,,,24.8475945,67.0743116,Karachi,Sindh,Pakistan,,,,Dr. Asad,
773cce06-e86d-519b-bb77-3fcadc21670d,687763120,way,healthcare,clinic,Muzzamil CLinic & Medical Store,,,,,OSM,,,24.8478883,67.0745354,Karachi,Sindh,Pakistan,,,,,
e733b2db-3ad2-5afb-a274-0a15712054b4,774899027,way,healthcare,hospital,Bakht Bhari Hospital,,,,,OSM,,,24.8437247,67.0731898,Karachi,Sindh,Pakistan,,,,,
2ebc7477-45a6-5c88-9fa1-095c59547268,219042480,way,leisure,park,Shaheen Park,,,,,OSM,,,24.8461715,67.0808682,Karachi,Sindh,Pakistan,,,,,
266b5401-8d56-5751-90fa-3c8cd7909225,590800890,way,leisure,park,,,,,,OSM,,,24.8442186,67.0775503,Karachi,Sindh,Pakistan,,,,,
d0dc8f96-f124-51e0-adf6-753d92b3e4c5,687764265,way,healthcare,hospital,Top City Child Clinic,,,,,OSM,,,24.8494009,67.0760941,Karachi,Sindh,Pakistan,,,,,
c30832f1-ab12-59bd-ad8f-200bdc527bef,674402847,way,healthcare,clinic,Al-Shifa Welfate Medical Centre,,,AB07000004005,,OSM,,,24.8489228,67.0750585,Karachi,Sindh,Pakistan,,,,,
fd7c890d-98a0-5123-9779-4d4ad699c6f5,687763122,way,healthcare,pharmacy,Usman Medical & General Store,,,,,OSM,,,24.8482787,67.07484,Karachi,Sindh,Pakistan,,,,,
cac10765-c957-50bc-8a33-b67e990bf97a,687763125,way,healthcare,pharmacy,Rehmania Dawakhana & Hadi Jorh,,,,,OSM,,,24.8486268,67.0750661,Karachi,Sindh,Pakistan,,,,,
4cb5ffe9-927d-5db0-bdc0-58a2cd7fe6e3,687763126,way,healthcare,pharmacy,Al Javed Pharmacy,,,,,OSM,,,24.8487298,67.0751973,Karachi,Sindh,Pakistan,,,,,
db8b52e9-e658-53cc-8e9f-808c1c418b3f,590757648,way,healthcare,hospital,,,,,,OSM,,,24.8497517,67.0774952,Karachi,Sindh,Pakistan,,,,,
72defca8-0516-5a58-a8e5-f962f41c4617,591268523,way,healthcare,hospital,,,,,,OSM,,,24.8488733,67.0786957,Karachi,Sindh,Pakistan,,,,,
92a2e17a-6fdc-5f73-bfa2-3ed7067778c5,687764266,way,healthcare,pharmacy,Pakistan Medical Centre,,,,,OSM,,,24.8496286,67.0763895,Karachi,Sindh,Pakistan,,,,,
5ec4bd95-2c76-56df-9f88-078cb8a25ba3,932239279,way,natural,water,,,,,,OSM,,,24.848535,67.0912541,Karachi,Sindh,Pakistan,,,,,
e3c5d577-7508-53eb-baac-a4e7180e3436,265459703,way,natural,water,,,,,,OSM,,,24.8134635,67.1190689,Karachi,Sindh,Pakistan,,,,,
05c58b62-f2f6-54c1-a04e-780db458f1f9,265459705,way,natural,water,,,,,,OSM,,,24.8168384,67.1189995,Karachi,Sindh,Pakistan,,,,,
b6885cf6-de02-5432-b4cb-9b2cd0c82ed4,265461101,way,natural,water,,,,,,OSM,,,24.8153134,67.1264805,Karachi,Sindh,Pakistan,,,,,
88e27669-c1ba-561f-82ab-17e1dd003856,709858709,way,landuse,cemetery,,,,,,OSM,,,24.8129619,67.1348142,Karachi,Sindh,Pakistan,,,,,
36329458-982a-5d33-b163-30e6fa313e88,449417047,way,leisure,park,دارالسلام پارک,دارالسلام پارک,,,,OSM,,,24.818874,67.114376,Karachi,Sindh,Pakistan,,,,,
f60407a4-2bb7-5e8f-a420-a43eea02c62f,1144168728,way,leisure,park,,,,,,OSM,,,24.8206856,67.1130386,Karachi,Sindh,Pakistan,,,,,
d0aefdc4-d61c-5fb5-ad62-b01ba86218aa,1144173764,way,healthcare,hospital,Indus Hospital,,,,,OSM,,,24.8165872,67.1114598,Karachi,Sindh,Pakistan,,,,,
d9aa9196-1a62-5da0-bf4b-ed3f3b8327d2,265459704,way,natural,water,,,,,,OSM,,,24.8264672,67.1167292,Karachi,Sindh,Pakistan,,,,,
c5e7344e-e219-5d7b-a6f7-8bc5ac5ed88d,449417048,way,leisure,park,Model Park Lucknow Housing Society,,,,,OSM,,,24.8218711,67.1218857,Karachi,Sindh,Pakistan,,,,,
649cce04-b60f-5196-9287-4e9ef0422d94,543440100,way,place,neighbourhood,پی اینڈ ٹی سوسائٹی,پی اینڈ ٹی سوسائٹی,,,,OSM,,,24.82999,67.1192961,Karachi,Sindh,Pakistan,,,,,
fd416370-e8da-504d-bdaf-7a3832f25ee3,1144168727,way,leisure,park,,,,,,OSM,,,24.8218285,67.1125133,Karachi,Sindh,Pakistan,,,,,
fdf1c0cb-2bb7-5e87-8e47-142e703ae352,449417046,way,leisure,park,,,,,,OSM,,,24.8231635,67.1115668,Karachi,Sindh,Pakistan,,,,,
3da33d8a-b245-5368-be31-9cb3bef8f078,265459702,way,leisure,park,,,,,,OSM,,,24.8268902,67.1186783,Karachi,Sindh,Pakistan,,,,,
657fb766-4c11-51f8-b1c4-e10735a5876f,449417049,way,leisure,park,Dua Chowk,,,,,OSM,,,24.8234854,67.1211183,Karachi,Sindh,Pakistan,,,,,
b97a32cf-c390-5a7c-8011-5b4b1c5a6150,546966033,way,leisure,park,Lucknow Chota Park,,,,,OSM,,,24.8246397,67.1212453,Karachi,Sindh,Pakistan,,,,,
201bc5bb-df42-5c2c-a774-e543e95a819e,265461099,way,natural,water,,,,,,OSM,,,24.8187288,67.1278019,Karachi,Sindh,Pakistan,,,,,
90675e00-0520-5c70-97e9-b076029e8eb2,543438513,way,place,neighbourhood,Korangi Sector 32/C,,,,,OSM,,,24.8288263,67.1323397,Karachi,Sindh,Pakistan,,,,,
6bcb8fe8-890f-5e22-8d9a-1dd3852fb92b,265460311,way,natural,water,,,,,,OSM,,,24.8341839,67.1184521,Karachi,Sindh,Pakistan,,,,,
87cbef62-15e3-597c-b8d2-575a750b402f,12923832,relation,natural,water,,,,,,OSM,,,24.8277286,67.091842,Karachi,Sindh,Pakistan,,,,,
8b05be00-bf59-5594-81b5-69acad09e13e,12144084027,node,healthcare,clinic,سعد دواخانہ,,,,,OSM,,,24.8511413,67.0669196,Karachi,Sindh,Pakistan,,,,,
f31eaccc-f914-5baf-b60b-d483632baf36,12144153627,node,amenity,bank,The First MicroFinance Bank Ltd. Mahmoodabad PB,,,,,OSM,,,24.8516629,67.0677389,Karachi,Sindh,Pakistan,,,,,
9d412f6d-b33e-57d8-a199-f3041ca37622,12144230039,node,amenity,marketplace,Kauser Market,,,,,OSM,,,24.8513781,67.0672802,Karachi,Sindh,Pakistan,,,,,
47f0a62b-1486-506c-858e-b7a28053e0b9,12144246530,node,healthcare,pharmacy,AZ Pharmacy,,,,,OSM,,,24.8514633,67.0672896,Karachi,Sindh,Pakistan,,,,,
f74a61da-247d-5015-9cda-6bacab6ace57,12144301200,node,amenity,bank,Allied Bank,,,,,OSM,,,24.8519975,67.0691166,Karachi,Sindh,Pakistan,,,,,
3acda9f7-d91a-5f44-a7bb-7d3a2cef6065,12144366861,node,healthcare,clinic,Asif Dental Clinic,,,,,OSM,,,24.8523548,67.070604,Karachi,Sindh,Pakistan,,,,,
6d99b06c-4015-58b2-92c8-e2a4e3a0f18a,12144390578,node,amenity,bank,National Savings Centre,,,,,OSM,,,24.8528002,67.0707828,Karachi,Sindh,Pakistan,,,,,
6fd3e748-e24f-55ff-bc7c-54167afde39b,12144440792,node,amenity,bank,HBL Bank & ATM,,,,,OSM,,,24.8529767,67.0712435,Karachi,Sindh,Pakistan,,,,,
04dbf148-2239-5076-af50-e598de9fa59a,12144444538,node,healthcare,clinic,Ajmeri Herbal Cancer Dawakhana,,,,,OSM,,,24.85331,67.0718532,Karachi,Sindh,Pakistan,,,,,
919c5987-4658-547f-a134-901ba55253e3,12144760823,node,amenity,bank,Advans Pakistan Microfinance Bank Mehmoodabad Branch,,,,,OSM,,,24.8540578,67.0739147,Karachi,Sindh,Pakistan,,,,,
09ffa854-b915-578f-951e-5101ab4a15b5,12144779857,node,healthcare,hospital,Hospital,,,,,OSM,,,24.8540883,67.0745336,Karachi,Sindh,Pakistan,,,,,
ecf487a4-5f7c-50a0-a353-4da6f6b30b58,7229396472,node,healthcare,hospital,Urban KMC Dispensary,,,,,OSM,,,24.850288,67.0781804,Karachi,Sindh,Pakistan,,,,,
f4a6bf5a-c800-5e15-8752-2114ef9213af,976498243,node,amenity,bank,Meezan Bank Limited (Shahrah-e-Faisal 0111),,,,,OSM,,,24.8640287,67.0758432,Karachi,Sindh,Pakistan,,,,Meezan Bank Limited,
01a5add6-1828-5515-a7ed-b446e04cf98a,5144965305,node,amenity,bank,بینک الفلاح,بینک الفلاح,,,,OSM,,,24.8670958,67.075308,Karachi,Sindh,Pakistan,,,بینک الفلاح,,
19f44891-d069-5603-a003-52a98995bbb0,5144965306,node,amenity,bank,Bank Alfalah - ATM,,,,,OSM,,,24.8670648,67.075288,Karachi,Sindh,Pakistan,,,,,
eaa28ede-b4c8-5bbf-a50b-f736eef32bdb,8292758368,node,amenity,bank,سونیری بینک,سونیری بینک,,,,OSM,,,24.8633215,67.0744902,Karachi,Sindh,Pakistan,,,سونیری بینک,سونیری بینک,
dbdb10a0-383b-5b04-8ddc-a215a98d83fa,8428197380,node,amenity,bank,Dubai Islamic Bank,,,,,OSM,,,24.8642924,67.0748596,Karachi,Sindh,Pakistan,,,Dubai Islamic Bank,,
4701ea90-5a93-5c10-9967-fed7d7795e5c,8428197382,node,amenity,bank,HBL Bank,,,,,OSM,,,24.8639471,67.0756317,Karachi,Sindh,Pakistan,,,HBL Bank,,
6e1255cf-09ae-5a1b-a8d7-b21133a0cdd0,12137886674,node,amenity,bank,Meezan Bank - Al Tijarah Centre Branch,,,,,OSM,,,24.8643174,67.0749648,Karachi,Sindh,Pakistan,,,,,
fcf8438b-7c03-5240-8008-a80daa0440bf,12137954996,node,amenity,bank,Askari Bank P.E.C.H.S Branch,,,,,OSM,,,24.8636919,67.0734735,Karachi,Sindh,Pakistan,,,,,
7aa338c3-68b3-5567-a423-c2e2ba9f52f1,12137961979,node,amenity,bank,United Bank - UBL,,,,,OSM,,,24.8636287,67.0732857,Karachi,Sindh,Pakistan,,,,,
b0a2cc07-82de-5490-b436-647260be0c23,12137968854,node,amenity,bank,HabibMetro Bank,,,,,OSM,,,24.8637187,67.07368,Karachi,Sindh,Pakistan,,,,,
5339cc86-aa2a-58a9-b5f2-ac123aeabb8b,12138088119,node,amenity,bank,Bank Of Punjab Taqwa Islamic Banking (BOP) - Shahrah-e-Faisal Br. 812,,,,,OSM,,,24.862991,67.0710627,Karachi,Sindh,Pakistan,,,,,
d16d961a-7d4b-55cf-9bc1-2601ef492e4f,4737154092,node,amenity,bank,BankIslami,,,,,OSM,,,24.8642374,67.0762716,Karachi,Sindh,Pakistan,,,,,
126347d8-3fd9-5b7b-a323-789b9e4c42c6,4737159343,node,amenity,bank,سمٹ بینک,سمٹ بینک,,,,OSM,,,24.8654931,67.0773793,Karachi,Sindh,Pakistan,,,سمٹ بینک,سمٹ بینک,
81ee8bea-438b-5687-8362-2d0eb28d992d,4737164779,node,amenity,bank,Bank of Khyber,,,,,OSM,,,24.8659287,67.0787016,Karachi,Sindh,Pakistan,,,,,
99756adb-1e90-5a3d-9573-d9e7cf6e254d,4737170004,node,amenity,bank,Habib Metro,,,,,OSM,,,24.8661648,67.0794321,Karachi,Sindh,Pakistan,,,,,
02342dcc-2899-53a9-8b5f-16d682793e53,4737171751,node,amenity,bank,Silkbank,,,,,OSM,,,24.8658622,67.0805515,Karachi,Sindh,Pakistan,,,Silkbank Limited,,
0c60ff83-110c-5b7d-9c42-a5e9b5f48666,4737183921,node,amenity,bank,National Saving Centre,,,,,OSM,,,24.8670318,67.0813852,Karachi,Sindh,Pakistan,,,,,
0696e237-22d1-56d9-a0c3-b0b52168b8c6,4737186044,node,amenity,bank,یونائیٹڈ بینک لمیٹڈ,یونائیٹڈ بینک لمیٹڈ,,,,OSM,,,24.8671097,67.0819109,Karachi,Sindh,Pakistan,,,یونائیٹڈ بینک لمیٹڈ,,
cdf79c32-b85a-5c3b-927e-f28019785037,4737186045,node,amenity,bank,Tameer Microfinance Bank - Head Office,,,,,OSM,,,24.8674176,67.0813729,Karachi,Sindh,Pakistan,,,,,
5a360f27-592c-550c-83ba-e336f5e34bfa,4737188996,node,amenity,bank,نیشنل بینک آف پاکستان,نیشنل بینک آف پاکستان,,,,OSM,,,24.8672108,67.0823225,Karachi,Sindh,Pakistan,,,نیشنل بینک آف پاکستان,نیشنل بینک آف پاکستان,
bc42c86e-478d-55db-a4ee-189045302aa4,4762117196,node,amenity,bank,ایچ بی ایل پاکستان,ایچ بی ایل پاکستان,,,,OSM,,,24.8630921,67.0799779,Karachi,Sindh,Pakistan,,,ایچ بی ایل پاکستان,,
f5bf063b-91ac-52fb-a1a6-3dcba809e67b,5113758980,node,amenity,atm,Bank Islami ATM - Shahrah e Faisal,,,,,OSM,,,24.8642377,67.0762418,Karachi,Sindh,Pakistan,,,,Bank Islami,
aa51a619-20e3-5f84-bc35-69e0079257dd,5145035125,node,amenity,bank,Summit Bank - ATM,,,,,OSM,,,24.865467,67.0773215,Karachi,Sindh,Pakistan,,,,,
1d731b1e-00b5-55f4-9999-4dce9bdcdf65,5145035126,node,amenity,bank,Bank of Khyber - ATM,,,,,OSM,,,24.8659148,67.0786278,Karachi,Sindh,Pakistan,,,,,
691ed243-1d88-5ac4-9b12-54420e679f23,5145035127,node,amenity,bank,Habib Metro - ATM,,,,,OSM,,,24.8661893,67.079509,Karachi,Sindh,Pakistan,,,,,
3b207fc4-9819-513d-a55f-d595dc6d08f6,5145128595,node,amenity,bank,UBL - ATM,,,,,OSM,,,24.8671317,67.0819652,Karachi,Sindh,Pakistan,,,,,
8ad30a8f-2e27-5179-9ac9-83ca64d3dbd5,5145128596,node,amenity,bank,NBP - ATM,,,,,OSM,,,24.8672321,67.0823566,Karachi,Sindh,Pakistan,,,,,
75db27fd-4510-5d75-9114-21001e37dcc7,12137778650,node,leisure,park,Jinnah Society Park,,,,,OSM,,,24.8669529,67.0764802,Karachi,Sindh,Pakistan,,,,,
64484001-47f0-55fe-9456-8a729af81d91,12137827371,node,leisure,park,Jinnah Lawn,,,,,OSM,,,24.8672036,67.076609,Karachi,Sindh,Pakistan,,,,,
b4c902ca-6ee5-56d6-9f43-65303483225c,4758366423,node,amenity,bank,Al-Habib Bank Ltd,,,,,OSM,,,24.8544092,67.0853539,Karachi,Sindh,Pakistan,,,,,
906dd7f4-ccf1-5a11-9d7f-124e6692060d,5144995468,node,amenity,bank,ایچ بی ایل پاکستان,ایچ بی ایل پاکستان,,,,OSM,,,24.8513669,67.0891861,Karachi,Sindh,Pakistan,,,ایچ بی ایل پاکستان,,
1ab8fdb5-9aee-52cd-b01c-b6afc91578e0,12151613578,node,healthcare,hospital,Madina Medical Store,,,,,OSM,,,24.8519153,67.0855437,Karachi,Sindh,Pakistan,,,,,
49d4521f-3a94-5b40-8412-e800df777450,12151704303,node,healthcare,pharmacy,Usman Medical Store,,,,,OSM,,,24.852085,67.0853565,Karachi,Sindh,Pakistan,,,,,
49c6f13d-3225-5b2e-9c57-0ae7f81b7bc5,12151984441,node,healthcare,clinic,Al Yasir Clinic,,,,,OSM,,,24.8525681,67.0846049,Karachi,Sindh,Pakistan,,,,,
fdf86453-5e61-5a93-996c-57cc46774bb7,12187856124,node,healthcare,clinic,Lateef Skin Clinic,,,,,OSM,,,24.8515828,67.0874287,Karachi,Sindh,Pakistan,,,,,
4a493b83-5f89-54af-8416-f5f0700f95ad,5144995473,node,amenity,fire_station,Manzoor Colony Fire Station,,,,,OSM,,,24.8589765,67.0891886,Karachi,Sindh,Pakistan,,,,,
a45b476f-1fa8-553d-aac1-c217cfa6eff8,4946319621,node,amenity,bank,Al Baraka Bank,,,,,OSM,,,24.8674405,67.084334,Karachi,Sindh,Pakistan,,,Al Baraka Bank Limited,,
b30deb36-36f6-533f-90f1-d2f56622af42,8428197385,node,amenity,bank,The Global Islamic Bank,,,,,OSM,,,24.8675221,67.0844689,Karachi,Sindh,Pakistan,,,,,
7c310129-4139-57d4-96e5-aac35d9675fe,4774671161,node,amenity,bank,Burj Bank,,,,,OSM,,,24.8778573,67.0684058,Karachi,Sindh,Pakistan,,,,,
6b09f2a4-c85a-5449-bf59-24a06e26e7c4,4774671162,node,amenity,atm,سونیری بینک,سونیری بینک,,,,OSM,,,24.8779315,67.0683042,Karachi,Sindh,Pakistan,,,سونیری بینک,سونیری بینک,
51a361ef-1245-5d3a-8532-8b286222ae54,4774671168,node,amenity,bank,فیصل بینک,فیصل بینک,,,,OSM,,,24.8776984,67.0673906,Karachi,Sindh,Pakistan,,,فیصل بینک,,
0381984d-e298-57c6-9be5-0c64ae5443f2,5144633517,node,amenity,bank,Faysal Bank - ATM,,,,,OSM,,,24.8776704,67.0674256,Karachi,Sindh,Pakistan,,,,Faysal Bank - ATM,
d5766823-f2d3-5a25-a7c0-ddc24a8f26c5,5146742558,node,amenity,bank,Burj Bank - ATM,,,,,OSM,,,24.8778762,67.0683684,Karachi,Sindh,Pakistan,,,,,
5cff4a1f-22a1-5636-8b37-a53ae71a442a,5333235017,node,place,neighbourhood,Darul Aman,,,,,OSM,,,24.875265,67.0680581,Karachi,Sindh,Pakistan,,,,,
895651ef-917e-5176-b454-617f64b6f170,5350757689,node,healthcare,clinic,Karachi Laboratory,,,,,OSM,,,24.8762451,67.066932,Karachi,Sindh,Pakistan,,,,,
ff47e369-1b0b-55ee-9852-63028bbd418d,4769977961,node,amenity,bank,Faysal Bank Ltd. Shaheed e Millat,,,,,OSM,,,24.8740968,67.0757054,Karachi,Sindh,Pakistan,,,,,
5d6d946b-7b79-5b42-9d33-bd0c8cfb3fe0,4773397458,node,amenity,bank,اسٹینڈرڈ چارٹرڈ,اسٹینڈرڈ چارٹرڈ,,,,OSM,,,24.8739406,67.0743418,Karachi,Sindh,Pakistan,,,اسٹینڈرڈ چارٹرڈ,اسٹینڈرڈ چارٹرڈ,
c0510f4d-6cc4-595e-b4a1-7bd556844847,4773397459,node,amenity,bank,Bank Al Habib Hill Park Branch,,,,,OSM,,,24.8740208,67.0742038,Karachi,Sindh,Pakistan,,,,,
353f9d9e-f174-5696-93db-3e77a985d93f,5144574519,node,amenity,atm,Faysal Bank Ltd - ATM,,,,,OSM,,,24.8740814,67.0757537,Karachi,Sindh,Pakistan,,,,Faysal Bank Ltd,
5490dd84-d2fd-567a-920d-a7ebb2954a73,5333236721,node,place,neighbourhood,Jinnah Cooperative Housing Society,,,,,OSM,,,24.8678398,67.0795979,Karachi,Sindh,Pakistan,,,,,
d9d14064-51ce-5fff-9c86-85390b88461d,5333236722,node,place,neighbourhood,Modern Cooperative Housing Society Jamshed Town,,,,,OSM,,,24.8682938,67.0780637,Karachi,Sindh,Pakistan,,,,,
b85390d4-7946-54fa-bf56-0a321ebc9f98,12266002592,node,leisure,park,Honda Generators,,,,,OSM,,,24.8705894,67.0792927,Karachi,Sindh,Pakistan,,,,,
c0d91d3b-bc88-51bb-ae77-4ceb6a5051aa,12266024405,node,healthcare,pharmacy,Springs Pharmacy Tipu Sultan Road.,,,,,OSM,,,24.8695311,67.0785961,Karachi,Sindh,Pakistan,,,,,
b3e98c63-c8af-5966-9263-d8f9a7113179,4773397452,node,amenity,bank,Emirates Global Islamic Bank,,,,,OSM,,,24.8744554,67.0731604,Karachi,Sindh,Pakistan,,,,,
44ab6627-d1da-5fa6-9e3f-fa45711fd989,4773397461,node,amenity,bank,Al Baraka Bank,,,,,OSM,,,24.8745153,67.0729509,Karachi,Sindh,Pakistan,,,Al Baraka Bank Limited,,
50f378fc-37f0-5233-949c-3ae7e3961274,4774671149,node,amenity,bank,Bank Al Habib Limited,,,,,OSM,,,24.8764851,67.0706252,Karachi,Sindh,Pakistan,,,,,
2c256006-2b2b-53b9-ab51-f43c06dd8a12,4774671151,node,amenity,bank,بینک الفلاح,بینک الفلاح,,,,OSM,,,24.8769171,67.0699384,Karachi,Sindh,Pakistan,,,بینک الفلاح,,
e3ea2b54-5b5f-5a31-90e2-8768d9c18df8,4774671152,node,amenity,bank,NIB Bank - Shaheed-e-Millat Road Branch,,,,,OSM,,,24.8770611,67.0696675,Karachi,Sindh,Pakistan,,,,,
45a1765d-7812-597f-b0d8-ea7f0f4216ed,4774671155,node,amenity,bank,ایم سی بی بینک,ایم سی بی بینک,,,,OSM,,,24.8767095,67.0702933,Karachi,Sindh,Pakistan,,,ایم سی بی بینک,,
d419302c-0c10-589e-8d56-8ecffcad9931,5333234992,node,place,neighbourhood,Dehli Merchantile Society,,,,,OSM,,,24.8786245,67.070644,Karachi,Sindh,Pakistan,,,,,
b86af97d-9db1-5736-80e5-ee9acd9a61bd,5333235008,node,place,neighbourhood,Traders Cooperative Housing Society,,,,,OSM,,,24.8761812,67.0731195,Karachi,Sindh,Pakistan,,,,,
c33e83eb-f185-5cdb-acae-cdc6841a39c6,12137312894,node,healthcare,clinic,Dr Aimen Dental Clinic in Karachi - Best Dental Doctor,,,,,OSM,,,24.8748005,67.0719105,Karachi,Sindh,Pakistan,,,,,
b1c456e7-88b9-5c0a-8b8e-6a2989f48c28,12137315662,node,amenity,bank,Habib Metro Bank,,,,,OSM,,,24.8752531,67.0708886,Karachi,Sindh,Pakistan,,,,,
39ebd409-2de3-5d19-9bc7-5acce391f50f,8950847475,node,healthcare,clinic,Al Hamra Medical Centre,,,Clinic,,OSM,,,24.875208,67.07975,Karachi,Sindh,Pakistan,,,,,
d8044ebb-b723-5b0b-bd97-3e620fd13d6a,3679754665,node,amenity,bank,Askari Commercial Bank,,,,,OSM,,,24.8849116,67.0694349,Karachi,Sindh,Pakistan,,,,,
ff398e00-5b0c-5140-8378-8e0eb6d1c16d,4769977946,node,amenity,bank,Silkbank,,,,,OSM,,,24.8811302,67.0688258,Karachi,Sindh,Pakistan,,,Silkbank Limited,,
6b638550-0f39-567f-93eb-7e0fb65e95cb,4777144222,node,amenity,bank,Bank Alfalah Islamic,,,,,OSM,,,24.8823869,67.0676598,Karachi,Sindh,Pakistan,,,,,
752f9ff3-3729-5579-821b-1431218dc737,4777144227,node,amenity,bank,جے ایس بینک,جے ایس بینک,,,,OSM,,,24.8820779,67.0677323,Karachi,Sindh,Pakistan,,,جے ایس بینک,جے ایس بینک,
b01c72ab-ec29-5c12-87d2-a1205a59a31d,4777144248,node,amenity,bank,سمٹ بینک,سمٹ بینک,,,,OSM,,,24.8820375,67.0668788,Karachi,Sindh,Pakistan,,,سمٹ بینک,سمٹ بینک,
da708fd3-3748-5d13-967c-683dcb29bbc2,5128445383,node,amenity,marketplace,Qurtaba Market,,,,,OSM,,,24.8808212,67.0676435,Karachi,Sindh,Pakistan,,,,,
0d411ae8-cfbc-50c1-928e-12fa2ac1cf28,5146742559,node,amenity,bank,Silk Bank - ATM,,,,,OSM,,,24.881095,67.0688724,Karachi,Sindh,Pakistan,,,,,
9e9683ca-971f-57f2-b82d-ef17d157ea29,5146742560,node,amenity,bank,جے ایس بینک,جے ایس بینک,,,,OSM,,,24.882065,67.0677687,Karachi,Sindh,Pakistan,,,جے ایس بینک,جے ایس بینک,
b998b32a-ae51-564f-b354-96b96f5a3146,5146742561,node,amenity,bank,Bank Alfalah Islamic - ATM,,,,,OSM,,,24.8823656,67.0676701,Karachi,Sindh,Pakistan,,,,,
9e6621ec-828f-5dc0-b84b-c56d3eefd6bb,5146742562,node,amenity,bank,Summit Bank - ATM,,,,,OSM,,,24.8820111,67.0668555,Karachi,Sindh,Pakistan,,,,,
94c508ef-34fd-59eb-84f4-762e3b76d23d,5146742563,node,amenity,bank,Askari Commercial Bank - ATM,,,,,OSM,,,24.884952,67.0694604,Karachi,Sindh,Pakistan,,,,,
73440314-ac12-523d-8744-63c134029ea2,5146768088,node,amenity,bank,عسکری بینک,عسکری بینک,,,,OSM,,,24.8814287,67.0687724,Karachi,Sindh,Pakistan,,,عسکری بینک,,
4a90a5ea-0566-5238-8bf9-0dee4d041057,5146768089,node,amenity,bank,Askari Bank - ATM,,,,,OSM,,,24.8814014,67.068829,Karachi,Sindh,Pakistan,,,,,
02bb0f63-821a-5786-bc32-f04cc53aed0d,5146768090,node,amenity,bank,سندھ بینک,سندھ بینک,,,,OSM,,,24.881387,67.0688591,Karachi,Sindh,Pakistan,,,سندھ بینک,,
7cde7b39-137c-58fd-a9b6-6a75fbae898b,5146768091,node,amenity,bank,Sindh Bank - ATM,,,,,OSM,,,24.8813663,67.06889,Karachi,Sindh,Pakistan,,,,,
d5424f4b-f993-5cdf-b72a-54efdbe1f59b,5146768093,node,amenity,bank,الائیڈ بینک لمیٹڈ,الائیڈ بینک لمیٹڈ,,,,OSM,,,24.8810767,67.0689262,Karachi,Sindh,Pakistan,,,الائیڈ بینک لمیٹڈ,,
9a582cba-1ea2-5d95-bc99-c134e910173e,5146768094,node,amenity,bank,الائیڈ بینک لمیٹڈ,الائیڈ بینک لمیٹڈ,,,,OSM,,,24.8810609,67.0689611,Karachi,Sindh,Pakistan,,,الائیڈ بینک لمیٹڈ,,
c1249fb6-51a8-54b0-9934-1a6c245ca535,5146768100,node,amenity,marketplace,Fruit Market,,,,,OSM,,,24.8812818,67.0685133,Karachi,Sindh,Pakistan,,,,,
44e9f4f0-324c-56f0-b9d0-69b1d384ee5e,5146816250,node,amenity,marketplace,Biya's Baby Store;Qurtaba Market,,,,,OSM,,,24.8818666,67.0673852,Karachi,Sindh,Pakistan,,,,,
76884f3c-ecf8-5990-b5c0-5632830891e9,5146924369,node,amenity,bank,The Bank of Khyber - ATM,,,,,OSM,,,24.8826715,67.0671711,Karachi,Sindh,Pakistan,,,,,
7b254fc4-4b3b-54e5-a399-758cb23a0716,8321014314,node,place,neighbourhood,بہادر آباد,بہادر آباد,,,,OSM,بہادر آباد,,24.8819819,67.0682793,Karachi,Sindh,Pakistan,,,,,Q4842268
5295b2ea-47a5-55b0-a2d7-6cfc6e578688,4762117190,node,healthcare,hospital,Liaquat National Hospital & Medical College,,,,,OSM,,,24.8904754,67.0676323,Karachi,Sindh,Pakistan,,,,,
757cc1de-89b2-5372-920f-58e4ebf3e6d0,4773326206,node,amenity,bank,یونائیٹڈ بینک لمیٹڈ,یونائیٹڈ بینک لمیٹڈ,,,,OSM,,,24.8886755,67.067564,Karachi,Sindh,Pakistan,,,یونائیٹڈ بینک لمیٹڈ,,
9556a0d0-6782-55ec-92c7-9475d29b5f2d,5101017473,node,amenity,bank,الائیڈ بینک لمیٹڈ,الائیڈ بینک لمیٹڈ,,,,OSM,,,24.8900567,67.0674755,Karachi,Sindh,Pakistan,,,الائیڈ بینک لمیٹڈ,,
d6838b54-bc76-5283-984f-3a1a8d452e09,5147639141,node,amenity,bank,UBL Bank - ATM,,,,,OSM,,,24.8886626,67.0675447,Karachi,Sindh,Pakistan,,,,,
eca21806-d588-5282-8ae6-ad94c0a53d17,4773373078,node,leisure,park,Dawood Park,,,,,OSM,,,24.8868993,67.0730005,Karachi,Sindh,Pakistan,,,,,
86a07526-1f0b-555b-be37-1d70d9112c94,5333234998,node,place,neighbourhood,Kutchi Memon Cooperative Housing Society,,,,,OSM,,,24.8855617,67.0716993,Karachi,Sindh,Pakistan,,,,,
fbdd2cee-7c33-566c-a773-9d09e587c333,4790030989,node,amenity,bank,الائیڈ بینک لمیٹڈ,الائیڈ بینک لمیٹڈ,,,,OSM,,,24.8827184,67.082333,Karachi,Sindh,Pakistan,,,الائیڈ بینک لمیٹڈ,,
91d8a4ff-7b34-5aee-b8f2-68ebb0832fa5,4790030990,node,amenity,bank,MCB Bank Dhoragi Colony Branch,,,,,OSM,,,24.882879,67.0825383,Karachi,Sindh,Pakistan,,,,,
92e6639d-4a51-5031-ba55-1d0a78d4a215,4790031011,node,amenity,bank,MCB Islamic,,,,,OSM,,,24.8842563,67.0811898,Karachi,Sindh,Pakistan,,,,,
f90ef8df-f0a2-528e-88de-45f964048fb2,4790072779,node,amenity,bank,سندھ بینک,سندھ بینک,,,,OSM,,,24.8846708,67.0808151,Karachi,Sindh,Pakistan,,,سندھ بینک,,
7adfe317-a620-5950-96b2-4615b0ba8fac,4790072780,node,amenity,bank,عسکری بینک,عسکری بینک,,,,OSM,,,24.8847462,67.0807078,Karachi,Sindh,Pakistan,,,عسکری بینک,,
bb610905-2799-55b1-a32f-49f35e5f96cc,4790072783,node,amenity,bank,سمٹ بینک,سمٹ بینک,,,,OSM,,,24.8846562,67.080512,Karachi,Sindh,Pakistan,,,سمٹ بینک,سمٹ بینک,
31cf4ea0-76af-550e-b22f-4cdf992f786b,4790072785,node,amenity,bank,Bank Alfalah Islamic,,,,,OSM,,,24.8846964,67.0804477,Karachi,Sindh,Pakistan,,,,,
f570387b-2d7b-5d04-aab8-a7a47b7838cc,4790072786,node,amenity,bank,Albaraka Bank,,,,,OSM,,,24.8847195,67.0804155,Karachi,Sindh,Pakistan,,,,,
35cdba1b-3d48-5aef-ab6d-ca3ccb768fbd,4790072793,node,amenity,bank,یونائیٹڈ بینک لمیٹڈ,یونائیٹڈ بینک لمیٹڈ,,,,OSM,,,24.8853363,67.0795988,Karachi,Sindh,Pakistan,,,یونائیٹڈ بینک لمیٹڈ,,
ff1c9cd4-cae1-5371-a960-84163e605014,4790072794,node,amenity,bank,جے ایس بینک,جے ایس بینک,,,,OSM,,,24.8854858,67.0798149,Karachi,Sindh,Pakistan,,,جے ایس بینک,جے ایس بینک,
a3195e32-42d0-54aa-9d5b-c62c35388ea3,4790072795,node,amenity,bank,Bank Al-Habib,,,,,OSM,,,24.8854362,67.0798686,Karachi,Sindh,Pakistan,,,,,
9b9eec28-a7c1-5293-ab45-968c1c116458,4790072796,node,amenity,bank,BankIslami,,,,,OSM,,,24.8858217,67.0794888,Karachi,Sindh,Pakistan,,,,,
46b741ce-d59e-5e86-aacb-960f63243173,4790072797,node,amenity,bank,میزان بینک,میزان بینک,,,,OSM,,,24.8857305,67.079297,Karachi,Sindh,Pakistan,,,میزان بینک,,
98a7c135-b384-5f1e-9f10-15e3ad4b99ca,4790072798,node,amenity,bank,Habib Metropolitan Bank,,,,,OSM,,,24.8858423,67.0792278,Karachi,Sindh,Pakistan,,,,,
79bd8ca1-007a-5770-af97-c3e21cb9a916,4790072799,node,amenity,bank,دبئی اسلامی بینک,دبئی اسلامی بینک,,,,OSM,,,24.8858572,67.0792156,Karachi,Sindh,Pakistan,,,دبئی اسلامی بینک,,
06b549a9-b0a9-5303-8d19-e578da8d4bfd,4790072800,node,amenity,bank,NIB,,,,,OSM,,,24.8859875,67.0791123,Karachi,Sindh,Pakistan,,,,MCB,
d29ee3b0-31f8-52a3-96b0-480d3b1691b6,4790072806,node,amenity,bank,فیصل بینک,فیصل بینک,,,,OSM,,,24.8863386,67.0788206,Karachi,Sindh,Pakistan,,,فیصل بینک,,
07611735-ce80-5751-a162-7184b7eca822,4790072807,node,amenity,bank,الائیڈ بینک لمیٹڈ,الائیڈ بینک لمیٹڈ,,,,OSM,,,24.8864908,67.0786575,Karachi,Sindh,Pakistan,,,الائیڈ بینک لمیٹڈ,,
8c13aedd-5d00-519b-8c9e-3427ddf3a64d,4790094024,node,healthcare,hospital,Jamal Noor Hospital,,,,,OSM,,,24.8862836,67.0763147,Karachi,Sindh,Pakistan,,,,,
10d9877e-9752-5a86-a668-c516ed34eec9,5144573921,node,amenity,bank,ایم سی بی بینک,ایم سی بی بینک,,,,OSM,,,24.8833672,67.0821823,Karachi,Sindh,Pakistan,,,ایم سی بی بینک,,
407cbfda-83dc-5ddb-839e-bcb2f8a75010,5333235015,node,place,neighbourhood,C P & Berar Cooperative Housing Society,,,,,OSM,,,24.8843578,67.0781142,Karachi,Sindh,Pakistan,,,,,
a39616bf-eb07-5e12-a006-3dd37eaf5818,12128168590,node,leisure,park,Ahmed Ali Park - Kidney Hill,,,,,OSM,,,24.8835093,67.0770026,Karachi,Sindh,Pakistan,,,,,
094bdc09-f417-57a8-bddb-033b4e31633d,4779033045,node,amenity,atm,HBL ATM,,,,,OSM,,,24.8913854,67.0770405,Karachi,Sindh,Pakistan,,,,,
e175283f-80b3-59de-8484-4fbb5517825e,4790072811,node,amenity,bank,ایچ بی ایل پاکستان,ایچ بی ایل پاکستان,,,,OSM,,,24.8876098,67.0780613,Karachi,Sindh,Pakistan,,,ایچ بی ایل پاکستان,,
2cbdb117-ab7a-5e8d-996d-4b193ce06b02,4737196323,node,amenity,bank,ایچ بی ایل پاکستان,ایچ بی ایل پاکستان,,,,OSM,,,24.8676851,67.0833138,Karachi,Sindh,Pakistan,,,ایچ بی ایل پاکستان,,
fddf2e61-4ae0-528d-80fb-f7f4056a65fe,4773397433,node,amenity,bank,بينک الحبيب,بينک الحبيب,,,,OSM,,,24.8693565,67.0833177,Karachi,Sindh,Pakistan,,,بينک الحبيب,,
56de14fc-9f8c-5a06-ba51-04c9df42071c,4790153222,node,amenity,bank,HabibMetro Bank,,,,,OSM,,,24.8717357,67.0890827,Karachi,Sindh,Pakistan,,,,,
d595e840-80c5-5306-ac5b-19933b3ee8da,5144575625,node,amenity,bank,Bank Al Habib - ATM,,,,,OSM,,,24.869356,67.0834236,Karachi,Sindh,Pakistan,,,,,
5aa72572-a932-5fa0-8585-3786b053d7d8,8428197384,node,amenity,bank,MCB,,,,,OSM,,,24.867984,67.0839619,Karachi,Sindh,Pakistan,,,MCB,,
3c5011ff-c3fe-5f52-ac04-dba9dc34c08f,4737232476,node,amenity,bank,نیشنل بینک آف پاکستان,نیشنل بینک آف پاکستان,,,,OSM,,,24.8707234,67.090038,Karachi,Sindh,Pakistan,,,نیشنل بینک آف پاکستان,نیشنل بینک آف پاکستان,
97752591-b16f-5b14-b8a0-ecf3bebdfae1,4737233847,node,amenity,bank,NIB,,,,,OSM,,,24.8707022,67.0902906,Karachi,Sindh,Pakistan,,,,MCB,
84745a77-f05c-5e34-925d-d18489e40b26,4788607080,node,amenity,atm,اسٹینڈرڈ چارٹرڈ,اسٹینڈرڈ چارٹرڈ,,,,OSM,,,24.8747129,67.0880464,Karachi,Sindh,Pakistan,,,اسٹینڈرڈ چارٹرڈ,اسٹینڈرڈ چارٹرڈ,
814d6743-5e70-5836-9da8-f543d3a4d3c9,4788607081,node,amenity,atm,میزان بینک,میزان بینک,,,,OSM,,,24.874763,67.088059,Karachi,Sindh,Pakistan,,,میزان بینک,,
c9a41599-e895-58e3-b136-f4bd9437f542,4788607082,node,amenity,bank,فیصل بینک,فیصل بینک,,,,OSM,,,24.8748106,67.0880706,Karachi,Sindh,Pakistan,,,فیصل بینک,,
b0303211-5809-5e75-a57b-56563e513589,4788607084,node,amenity,bank,سمٹ بینک,سمٹ بینک,,,,OSM,,,24.8750192,67.0880261,Karachi,Sindh,Pakistan,,,سمٹ بینک,سمٹ بینک,
cb86ed9a-4ca1-5cae-86a5-6373dc7771b5,4790030938,node,amenity,bank,نیشنل بینک آف پاکستان,نیشنل بینک آف پاکستان,,,,OSM,,,24.8750743,67.0879862,Karachi,Sindh,Pakistan,,,نیشنل بینک آف پاکستان,نیشنل بینک آف پاکستان,
5d5e3ade-6ee4-507d-88c6-c1fd951128c4,4790030955,node,amenity,bank,دبئی اسلامی بینک,دبئی اسلامی بینک,,,,OSM,,,24.8757142,67.0875529,Karachi,Sindh,Pakistan,,,دبئی اسلامی بینک,,
5a9dd4e0-efcb-57f9-af5a-fd61e162e745,4790030957,node,amenity,bank,یونائیٹڈ بینک لمیٹڈ,یونائیٹڈ بینک لمیٹڈ,,,,OSM,,,24.8749406,67.0886122,Karachi,Sindh,Pakistan,,,یونائیٹڈ بینک لمیٹڈ,,
c97549fc-229d-5b4c-b970-29f2acbc15f5,4790030958,node,amenity,bank,الائیڈ بینک لمیٹڈ,الائیڈ بینک لمیٹڈ,,,,OSM,,,24.8749713,67.0885382,Karachi,Sindh,Pakistan,,,الائیڈ بینک لمیٹڈ,,
043dc90f-aef9-547d-b3cf-9f3a3b7b7c1f,4790030959,node,amenity,bank,سندھ بینک,سندھ بینک,,,,OSM,,,24.8749881,67.0884643,Karachi,Sindh,Pakistan,,,سندھ بینک,,
f591b1cf-4846-5ea2-9135-f7947fea5ca5,4790030966,node,amenity,bank,نیشنل بینک آف پاکستان,نیشنل بینک آف پاکستان,,,,OSM,,,24.8751561,67.0881738,Karachi,Sindh,Pakistan,,,نیشنل بینک آف پاکستان,نیشنل بینک آف پاکستان,
6e3a6b03-64a0-5e28-93a2-f490c9efc03e,4790030977,node,amenity,bank,Habib Metro,,,,,OSM,,,24.8796233,67.0873027,Karachi,Sindh,Pakistan,,,,,
78e6b324-031d-5736-92ad-a5ff37560b9b,4790118543,node,amenity,bank,ایچ بی ایل پاکستان,ایچ بی ایل پاکستان,,,,OSM,,,24.8755548,67.0851468,Karachi,Sindh,Pakistan,,,ایچ بی ایل پاکستان,,
f7507c9e-e9b5-5369-bac1-df91633a31e0,4790118552,node,amenity,bank,National Savings Centre,,,,,OSM,,,24.8748837,67.0842274,Karachi,Sindh,Pakistan,,,,,
a39c4b0d-184d-5402-9914-f5536562ffda,4790118553,node,amenity,bank,ایم سی بی بینک,ایم سی بی بینک,,,,OSM,,,24.8751093,67.0844551,Karachi,Sindh,Pakistan,,,ایم سی بی بینک,,
1eab8f53-64d7-5843-b479-bc5ec548b00e,4790118554,node,amenity,bank,فیصل بینک,فیصل بینک,,,,OSM,,,24.8750108,67.084357,Karachi,Sindh,Pakistan,,,فیصل بینک,,
47a9571d-d44c-59b7-80a0-4b66706508fa,4790118555,node,amenity,bank,دبئی اسلامی بینک,دبئی اسلامی بینک,,,,OSM,,,24.8755965,67.0848731,Karachi,Sindh,Pakistan,,,دبئی اسلامی بینک,,
7f34b153-fd86-5fb5-8644-63f6038d4493,4790118557,node,amenity,bank,بینک الفلاح,بینک الفلاح,,,,OSM,,,24.8754303,67.0847262,Karachi,Sindh,Pakistan,,,بینک الفلاح,,
3204cbca-24c9-5bcf-b8c7-ac8ec466c0e8,4790118558,node,amenity,bank,Burj Bank,,,,,OSM,,,24.8753738,67.0846759,Karachi,Sindh,Pakistan,,,,,
c12055b4-e12f-5a31-8e65-cea1809c9a26,4790118559,node,amenity,bank,سمٹ بینک,سمٹ بینک,,,,OSM,,,24.8753208,67.0846276,Karachi,Sindh,Pakistan,,,سمٹ بینک,سمٹ بینک,
b2ab0940-74fc-5d34-be29-73a9217a3201,3523446746,node,amenity,bank,یونائیٹڈ بینک لمیٹڈ,یونائیٹڈ بینک لمیٹڈ,,,,OSM,,,24.8764826,67.1008233,Karachi,Sindh,Pakistan,,,یونائیٹڈ بینک لمیٹڈ,,
4ba22ce6-3e84-516b-9b1d-f6fb83cdd62a,4737242572,node,amenity,marketplace,Block 2 old Market,,,,,OSM,,,24.8770549,67.1009318,Karachi,Sindh,Pakistan,,,,,
60103d79-2544-53a6-86ca-a619eeac0f67,5107678716,node,amenity,bank,UBL - ATM,,,,,OSM,,,24.8764865,67.1006413,Karachi,Sindh,Pakistan,,,,United Bank Limited,
7c0edc49-9c85-557f-a282-3d3e8886f77d,5383541713,node,healthcare,hospital,CWC,,,,,OSM,,,24.8782728,67.0976774,Karachi,Sindh,Pakistan,,,,,
859dea08-411d-5c7b-9ce5-87a14618b472,5383541718,node,place,neighbourhood,Hanif SRE,,,,,OSM,,,24.8763346,67.1001817,Karachi,Sindh,Pakistan,,,,,
533a82e3-4f2a-5dd7-b865-f20bd0947013,5383541719,node,amenity,bank,ایچ بی ایل پاکستان,ایچ بی ایل پاکستان,,,,OSM,,,24.8765019,67.1009621,Karachi,Sindh,Pakistan,,,ایچ بی ایل پاکستان,,
d4df26c1-1962-5b4d-a977-fa662c4dbc78,4785857326,node,amenity,police,BAHADURABAD Police Station,,,,,OSM,,,24.8833344,67.0836704,Karachi,Sindh,Pakistan,,,,,
80fe5939-7025-5522-9715-ceefbe9e0117,5333235016,node,place,neighbourhood,Adamji Nagar,,,,,OSM,,,24.8847587,67.0830708,Karachi,Sindh,Pakistan,,,,,
1479606a-09ab-5818-a052-115325b04000,4520352190,node,tourism,museum,,,,,,OSM,,,24.8838692,67.0937202,Karachi,Sindh,Pakistan,,,,,
fd6ae331-e340-5bcf-b408-2101cfbfeee5,4790153230,node,amenity,bank,ایچ بی ایل پاکستان,ایچ بی ایل پاکستان,,,,OSM,,,24.88298,67.0904073,Karachi,Sindh,Pakistan,,,ایچ بی ایل پاکستان,,
77c4e7ec-7167-5a53-8f49-fb6c251a733a,4790153235,node,amenity,bank,Burj Bank Limited,,,,,OSM,,,24.8822996,67.0902426,Karachi,Sindh,Pakistan,,,,,
f0b1b8f4-c5a7-52f4-8a66-1691938e740d,4790153237,node,amenity,bank,MCB Karsaz Branch,,,,,OSM,,,24.8824524,67.089749,Karachi,Sindh,Pakistan,,,,,
098a30b8-a7e6-5b12-a386-89d0fc8fd749,4790153239,node,amenity,bank,BankIslami,,,,,OSM,,,24.8828263,67.0897308,Karachi,Sindh,Pakistan,,,,,
ea21c278-e728-50d6-8e5c-b8649157562b,4790153243,node,amenity,bank,یونائیٹڈ بینک لمیٹڈ,یونائیٹڈ بینک لمیٹڈ,,,,OSM,,,24.884092,67.0895993,Karachi,Sindh,Pakistan,,,یونائیٹڈ بینک لمیٹڈ,,
045cd5cf-36e8-506a-98db-e21f509a1778,5333235000,node,place,neighbourhood,KDA Scheme 1 Extension,,,,,OSM,,,24.8896835,67.0836475,Karachi,Sindh,Pakistan,,,,,
178fc383-f452-5feb-8d1a-b7958cd1c12a,5161117131,node,amenity,atm,UBL - ATM Arena,,,,,OSM,,,24.8873931,67.089477,Karachi,Sindh,Pakistan,,,,UBL,
7a545b9b-77ba-5c64-9ba8-b284afa6623e,5383541716,node,amenity,bank,بينک الحبيب,بينک الحبيب,,,,OSM,,,24.8815809,67.0976468,Karachi,Sindh,Pakistan,,,بينک الحبيب,,
ae4bc03c-f5d0-593b-b497-58cb75d5aedf,4793640277,node,amenity,bank,الائیڈ بینک لمیٹڈ,الائیڈ بینک لمیٹڈ,,,,OSM,,,24.8998237,67.0737062,Karachi,Sindh,Pakistan,,,الائیڈ بینک لمیٹڈ,,
6a4ff4f4-28b9-58c9-9edb-e5d6f911634e,4793640278,node,amenity,bank,National Bank of Pakistan (Civic Center Branch),,,,,OSM,,,24.8997534,67.0737668,Karachi,Sindh,Pakistan,,,,,
66cbb8d7-f8e5-521d-a39d-ca710f9efce6,5300544460,node,leisure,park,Pearl's Residency Family Park,,,,,OSM,,,24.8958622,67.0752187,Karachi,Sindh,Pakistan,,,,,
d06551fe-fa81-5fee-ba23-d8fd69c810f9,4785718486,node,amenity,police,Aziz Bhatti Police Station,,,,,OSM,,,24.8987437,67.0766199,Karachi,Sindh,Pakistan,,,,,
07c33910-f4b7-5072-b016-07af939e56cf,5101083941,node,amenity,bank,بينک الحبيب,بينک الحبيب,,,,OSM,,,24.897242,67.0787931,Karachi,Sindh,Pakistan,,,بينک الحبيب,,
02cee307-5fd4-5e57-8d5e-6d22160208a1,5101083950,node,amenity,bank,National Bank,,,,,OSM,,,24.8984635,67.0762048,Karachi,Sindh,Pakistan,,,,,
0a6fea7e-9696-5557-90c1-30f62fd03699,5334673058,node,place,neighbourhood,DOHS,,,,,OSM,,,24.8950955,67.0871275,Karachi,Sindh,Pakistan,,,,,
2b9d262d-98c1-572c-9bf6-465465ca1267,5334673059,node,place,neighbourhood,KDA Officers Society,,,,,OSM,,,24.8989328,67.0946579,Karachi,Sindh,Pakistan,,,,,
45aa35c7-d715-5637-bb12-b0cbd92583da,6567060673,node,leisure,park,,,,,,OSM,,,24.8992541,67.095533,Karachi,Sindh,Pakistan,,,,,
1d5d251c-7619-5255-bf6c-e5dde77fe69b,6567060647,node,amenity,marketplace,,,,,,OSM,,,24.8982811,67.0966036,Karachi,Sindh,Pakistan,,,,,
e4196d0d-753d-5270-b9ff-7aaaaf9c374a,6567060656,node,leisure,park,,,,,,OSM,,,24.8991643,67.096237,Karachi,Sindh,Pakistan,,,,,
6f1cb048-4561-5398-ac1f-67c6535e58f6,6567078791,node,leisure,park,,,,,,OSM,,,24.8976169,67.0966794,Karachi,Sindh,Pakistan,,,,,
b98f8f9e-f85c-5bbc-836b-27334d020b94,6567086088,node,leisure,park,,,,,,OSM,,,24.8977644,67.0958494,Karachi,Sindh,Pakistan,,,,,
07567eea-a330-5de9-9b8a-112ccc7e336b,5383541720,node,place,neighbourhood,Majeed SRE,,,,,OSM,,,24.8978071,67.1067371,Karachi,Sindh,Pakistan,,,,,
2918cee6-1c7f-5546-8b6b-138a29ac5507,4769659266,node,amenity,bank,Askari Bank Limited,,,,,OSM,,,24.8542272,67.1230777,Karachi,Sindh,Pakistan,,,,,
9f7eff63-daa5-5def-af3e-916001757bc1,5130874229,node,amenity,bank,Askari Bank - ATM,,,,,OSM,,,24.8542358,67.1229044,Karachi,Sindh,Pakistan,,,,,
8291b46c-38ad-54d9-bd3f-210e5e71b299,5333236735,node,amenity,bank,نیشنل بینک آف پاکستان,نیشنل بینک آف پاکستان,,,,OSM,,,24.8803288,67.1201587,Karachi,Sindh,Pakistan,,,نیشنل بینک آف پاکستان,نیشنل بینک آف پاکستان,
9137ff0b-a932-57d6-ae13-f6b950c4777c,5273251539,node,leisure,park,Afza Altaf Park,,,,,OSM,,,24.8723436,67.1282028,Karachi,Sindh,Pakistan,,,,,
83864e7b-f79b-5e04-88b1-9e972e6fd316,4775344230,node,place,neighbourhood,پی اے ایف بیس فیصل,پی اے ایف بیس فیصل,,,,OSM,,,24.8764258,67.1259141,Karachi,Sindh,Pakistan,,,,,
53ba71b5-6a6e-5245-bf28-ef80a0f6a74b,7211234697,node,leisure,park,,,,,,OSM,,,24.8784567,67.1330491,Karachi,Sindh,Pakistan,,,,,
b4d36f46-b6d3-52d0-bb43-69e4fae85c1e,4737256429,node,amenity,atm,HBL ATM,,,,,OSM,,,24.8808676,67.1108707,Karachi,Sindh,Pakistan,,,,,
7930186a-2de1-5a0f-ba24-00e1857ad7b0,4737259923,node,amenity,bank,ایچ بی ایل پاکستان,ایچ بی ایل پاکستان,,,,OSM,,,24.8822689,67.1133115,Karachi,Sindh,Pakistan,,,ایچ بی ایل پاکستان,,
22537a8a-9014-5ac0-9263-70051413e711,4737259926,node,amenity,atm,Summit Bank ATM,,,,,OSM,,,24.8826388,67.1143174,Karachi,Sindh,Pakistan,,,,,
c9065a7b-547e-5886-99ee-75c0836b8550,4775344229,node,place,neighbourhood,اے ڈبلیو سی رہائشی علاقہ,اے ڈبلیو سی رہائشی علاقہ,,,,OSM,,,24.8860917,67.1152746,Karachi,Sindh,Pakistan,,,,,
e7d4befd-2aa3-5d38-956b-abb893510308,3523382867,node,railway,station,ڈرگ روڈ,ڈرگ روڈ,,,,OSM,ڈرگ روڈ ریلوے اسٹیشن,,24.8866864,67.1258404,Karachi,Sindh,Pakistan,,,,پاکستان ریلویز,Q5307524
c988db65-3c4d-5847-948a-6a1412950cf5,5188687719,node,healthcare,hospital,Abdullah Haroon Hospital,,,,,OSM,,,24.8847168,67.1260804,Karachi,Sindh,Pakistan,,,,,
2566f92f-b583-5a72-b711-022fbf16af9c,4785857325,node,amenity,police,Shahrah e Faisal Police Station,,,,,OSM,,,24.8874409,67.1269481,Karachi,Sindh,Pakistan,,,,Sindh Police,
2f767b02-6718-5461-9ad5-c64e4fb5dc7d,4785857332,node,amenity,police,S S P East Office,,,,,OSM,,,24.8875752,67.1268591,Karachi,Sindh,Pakistan,,,,Sindh Police,
abc79129-d3b7-5d27-ad0b-3bb025f0aa18,10885773464,node,amenity,police,,,,,,OSM,,,24.8874249,67.1263132,Karachi,Sindh,Pakistan,,,,police,
27913f0f-664a-5772-bfaa-fa75accecb2a,4775344226,node,place,neighbourhood,Naval Housing Scheme,,,"Phase II, Naval Housing Scheme",,OSM,,,24.8982652,67.1102502,Karachi,Sindh,Pakistan,,,,,
8ef21f44-aa82-5226-a670-51bc8a2fed66,5328676531,node,place,neighbourhood,Block E Gulshan e Jamal,,,,,OSM,,,24.8995748,67.1124074,Karachi,Sindh,Pakistan,,,,,
c84f9f3b-c589-5d61-a220-3e746796a7d3,12064997023,node,healthcare,clinic,Family Care Clinic & Ultrasound Center,,,,,OSM,,,24.8986679,67.1139766,Karachi,Sindh,Pakistan,,,,,
69d37e0e-742b-57fa-aacd-c86bf7fd5f2f,4773340295,node,amenity,bank,MCB,ایم سی بی بینک,,,,OSM,,,24.8971161,67.1179403,Karachi,Sindh,Pakistan,,,MCB,MCB,
3a1fb551-59a5-5430-ae72-dfa7b374902e,4773340296,node,amenity,bank,Bank Al Habib,بينک الحبيب,,,,OSM,,,24.896623,67.1183095,Karachi,Sindh,Pakistan,,,Bank Al Habib,,
beb86de2-70a7-5b92-877a-55bcbd11ec9b,5107678718,node,amenity,bank,NIB Bank - ATM,,,,,OSM,,,24.8970792,67.1180021,Karachi,Sindh,Pakistan,,,,,
b18c8331-acaa-5f3e-b758-91bb1b69fe1b,5107678719,node,amenity,atm,BANK ALHABIB - ATM,بينک الحبيب,,,,OSM,,,24.8967122,67.1182399,Karachi,Sindh,Pakistan,,,Bank Al Habib,Bank Al Habib,
958b69ab-c6e0-5ea2-bacc-57f48dbef9bb,5328676526,node,place,neighbourhood,Block B Gulshan e Jamal,,,,,OSM,,,24.8962899,67.1168655,Karachi,Sindh,Pakistan,,,,,
67e8eb55-6982-57db-b41e-0aea47dcaae6,5328676529,node,place,neighbourhood,Block D Gulshan e Jamal,,,,,OSM,,,24.8987755,67.1159969,Karachi,Sindh,Pakistan,,,,,
cda200b0-dba7-5cb4-949a-a54de734f578,5328676530,node,place,neighbourhood,Block F Gulshan e Jamal,,,,,OSM,,,24.8938804,67.1170448,Karachi,Sindh,Pakistan,,,,,
cf47884f-bad7-5e97-8028-92eaf9c9da5b,219260518,way,landuse,cemetery,محمود آباد قبرستان,محمود آباد قبرستان,,,,OSM,,,24.8530745,67.078936,Karachi,Sindh,Pakistan,,,,,
661d10fd-e38d-5569-a490-fd5d336c6f93,590740566,way,healthcare,hospital,Urban KMC Dispensary,,,,,OSM,,,24.8502189,67.0782048,Karachi,Sindh,Pakistan,,,,,
4164487a-3cbe-5d6c-8324-bb2d20b71391,26633897,way,leisure,park,Hill Park,,,,,OSM,"Hill Park, Karachi",,24.8703397,67.0706262,Karachi,Sindh,Pakistan,,,,,Q5762233
f94b9c61-d0b9-5407-9a29-177622a2ac68,523693664,way,leisure,park,Haramain Park,,,,,OSM,,,24.8581107,67.0710481,Karachi,Sindh,Pakistan,,,,,
b45ffdf3-6445-523b-b512-1379db3feb70,529394055,way,leisure,park,Zia Park,,,,,OSM,,,24.8599912,67.0779321,Karachi,Sindh,Pakistan,,,,,
d1c53024-b0e7-5a3f-aa2b-7add2ce91d9d,1291911258,way,healthcare,hospital,Umm-ul-Shifa Hospital,,,,,OSM,,,24.8575253,67.0822927,Karachi,Sindh,Pakistan,,,,,
e5271f82-230e-5a87-8a59-3d405cf6cfa9,79824225,way,leisure,park,Mehmodabad Park,,,,,OSM,,,24.8570642,67.0758868,Karachi,Sindh,Pakistan,,,,,
3bda6561-2bc6-5ad9-84ec-a08b72b704d5,373360290,way,leisure,park,Yousuf Molai Park,,,,,OSM,,,24.8682777,67.0744787,Karachi,Sindh,Pakistan,,,,,
ccb7f58f-fae6-5fc4-9ba5-878f4726fe3a,529651525,way,place,neighbourhood,بلاک 1,بلاک 1,,,,OSM,,,24.8633888,67.0797381,Karachi,Sindh,Pakistan,,,,,
3557663a-bcb9-5f3b-abd6-d41080f0c49b,529651526,way,place,neighbourhood,بلاک 3,بلاک 3,,,,OSM,,,24.8634898,67.0821307,Karachi,Sindh,Pakistan,,,,,
ab5c0287-2b1e-5f38-bf43-adf318930bd0,529651528,way,place,neighbourhood,بلاک 2,بلاک 2,,,,OSM,,,24.8612764,67.0780939,Karachi,Sindh,Pakistan,,,,,
7442de7b-089b-5461-8ec8-7ee61a9cf8f8,839601538,way,leisure,park,Usama Park,,,,,OSM,,,24.8603094,67.0838557,Karachi,Sindh,Pakistan,,,,,
00334152-cfff-5fd1-96b1-6d023325a0ac,932239276,way,natural,water,,,,,,OSM,,,24.8596105,67.0928367,Karachi,Sindh,Pakistan,,,,,
c2e2832d-d82e-547d-b157-cc1cd311d961,484255790,way,place,neighbourhood,فالکن کمپلیکس,فالکن کمپلیکس,,,,OSM,,,24.8663463,67.0910948,Karachi,Sindh,Pakistan,,,,,
9a5cf784-deaf-5fa3-ba9a-99be0bcb4283,484255795,way,place,neighbourhood,Dadabhoy Town,,,,,OSM,,,24.861771,67.0907183,Karachi,Sindh,Pakistan,,,,,
0020fd3c-ed58-5000-9020-c5aafccb3365,1185761942,way,leisure,park,,,,,,OSM,,,24.8658942,67.0896079,Karachi,Sindh,Pakistan,,,,,
4daa16f4-5794-55ad-80e3-bedb857a73a9,484352822,way,leisure,park,Darul Aman Family Park,,,,,OSM,,,24.873835,67.0685558,Karachi,Sindh,Pakistan,,,,,
a97ce7ec-6646-56a8-8d8c-893c01ec59d5,484286974,way,leisure,park,,,,,,OSM,,,24.8722176,67.0696871,Karachi,Sindh,Pakistan,,,,,
235240e9-83bc-53af-9aee-b9c72a716567,320031340,way,leisure,park,Usmania Family Park,عثمانیہ فیملی پارک,,,,OSM,,,24.8785124,67.0679303,Karachi,Sindh,Pakistan,,,,,
75077ecf-d255-5ca7-b7f3-d95543d54de7,26686592,way,natural,water,,,,,,OSM,,,24.868863,67.0712405,Karachi,Sindh,Pakistan,,,,,
ebeb3af4-77d5-5ad5-b6ee-4eec4096314a,721770814,way,leisure,park,DMCHS Park,,,,,OSM,,,24.8717806,67.0745658,Karachi,Sindh,Pakistan,,,,,
ad7c53ac-e8b8-5396-b801-29fb84638cbe,522806209,way,place,neighbourhood,KDA Scheme 1 Extension,,,,,OSM,,,24.8859102,67.0847084,Karachi,Sindh,Pakistan,,,,,
a3cef37c-5c73-558e-924c-b952f64b2252,687247796,way,leisure,park,Kidney Hill Park,,,,,OSM,,,24.8801194,67.078389,Karachi,Sindh,Pakistan,,,,,
0f3b3e6a-9422-5c5a-b880-fcfe3e67411c,270197771,way,leisure,park,Kokan Family Park,,,,,OSM,,,24.8782578,67.0734664,Karachi,Sindh,Pakistan,,,,,
e65105f1-86a7-5492-b4ef-60ae644533cb,721770813,way,leisure,park,Kamal Park,,,,,OSM,,,24.8772007,67.077998,Karachi,Sindh,Pakistan,,,,,
a47731ec-b7be-5c41-8ed3-cef413b162a9,484583910,way,leisure,park,,,,,,OSM,,,24.8822582,67.067214,Karachi,Sindh,Pakistan,,,,,
2268e1d9-803b-514a-bd15-6f9ef84f743f,544560859,way,leisure,park,Shaheen Park - Bahadurabad,,,,,OSM,,,24.8836097,67.0670707,Karachi,Sindh,Pakistan,,,,,
22ef3479-54f5-525f-ae79-86626cd9cd73,895192694,way,leisure,park,,,,,,OSM,,,24.8825948,67.0685878,Karachi,Sindh,Pakistan,,,,,
d735cfc3-1fc7-5121-aca0-349e724074d7,721770811,way,leisure,park,Kutchi Memon Park,,,,,OSM,,,24.8846637,67.0738535,Karachi,Sindh,Pakistan,,,,,
b34f6081-7c75-564c-bc4c-bb2c25052e16,26631330,way,natural,water,AKU Jheel,,,,,OSM,,,24.8935862,67.0711905,Karachi,Sindh,Pakistan,,,,,
1cd3efa3-542c-5d66-a88a-fa32d424f6f7,26631300,way,natural,water,,,,,,OSM,,,24.8935392,67.0720252,Karachi,Sindh,Pakistan,,,,,
f93c9353-fbfd-5034-8417-de6c8512a876,26631343,way,natural,water,AKU Jheel,,,,,OSM,,,24.8931699,67.0723905,Karachi,Sindh,Pakistan,,,,,
1c672b7c-eff6-5ce6-aace-22f45f8802f0,693497905,way,leisure,park,Green Area,,,,,OSM,,,24.8917457,67.0716286,Karachi,Sindh,Pakistan,,,,,
be0fa444-5ce7-5fd5-ac20-429ef55678e3,1260404824,way,leisure,park,,,,,,OSM,,,24.8915201,67.0699263,Karachi,Sindh,Pakistan,,,,Liaquat Hospitol,
b4befb5a-6543-5163-8ecc-f3b3f8cb7a8f,484584502,way,leisure,park,,,,,,OSM,,,24.8891596,67.0819197,Karachi,Sindh,Pakistan,,,,,
69efe033-51c8-52fd-a488-4319791c3ce1,484584503,way,leisure,park,,,,,,OSM,,,24.8884343,67.0806803,Karachi,Sindh,Pakistan,,,,,
e713b516-a7e6-5652-93c7-1735d2196290,701237081,way,amenity,marketplace,,,,,,OSM,,,24.8914864,67.0814198,Karachi,Sindh,Pakistan,,,,,
b19601c2-3d0f-570f-b288-fbe4960f2937,1210135610,way,amenity,fire_station,AKU Fire Station,,,,,OSM,,,24.8935175,67.0768501,Karachi,Sindh,Pakistan,,,,Aga Khan University,
265dd33c-e33b-5d69-a7a9-02cc273af49d,1263975786,way,leisure,park,,,,,,OSM,,,24.8923932,67.079468,Karachi,Sindh,Pakistan,,,,,
3fad8046-d717-5930-b252-6fb46ca61791,354298946,way,leisure,park,,,,,,OSM,,,24.8685512,67.0834555,Karachi,Sindh,Pakistan,,,,,
9ccb97ba-0ad4-5abb-bd14-ccb9178c9088,446428313,way,tourism,museum,Pakistan Air Force Museum,,,,,OSM,,,24.8697887,67.0947315,Karachi,Sindh,Pakistan,,,,,
f81a4ead-3dcf-5cfd-8ba0-ac53d00db300,471842829,way,leisure,park,Karsaz Park,,,,,OSM,,,24.8807943,67.0947048,Karachi,Sindh,Pakistan,,,,,
dcc56679-c3a8-5042-989f-654cbdd2cdd0,484255789,way,leisure,park,Pakistan Air Force Museum Park,,PAF Museum,,,OSM,"PAF Museum, Karachi",,24.870388,67.0961058,Karachi,Sindh,Pakistan,,,,,Q7118096
d7e09ece-1b9e-5a23-b6c9-5ef6487a4d4e,1265715853,way,leisure,park,,,,,,OSM,,,24.877004,67.0956398,Karachi,Sindh,Pakistan,,,,,
266a4b01-e2c3-5988-8d98-c0a321500018,83620530,way,leisure,park,Johar Park,,,,,OSM,,,24.876035,67.0845443,Karachi,Sindh,Pakistan,,,,,
6650a1ee-d060-5148-8c85-22faf6033248,221047510,way,leisure,park,,,,,,OSM,,,24.8787194,67.0905738,Karachi,Sindh,Pakistan,,,,,
320b8052-40c8-5ed7-a7cf-a7b21184fa9a,1265715872,way,leisure,park,,,,,,OSM,,,24.8777329,67.095079,Karachi,Sindh,Pakistan,,,,,
929528fb-dabc-5e8e-b899-e1f2174638e2,1265715882,way,leisure,park,,,,,,OSM,,,24.8781163,67.0956201,Karachi,Sindh,Pakistan,,,,,
7fa43104-1d31-54d7-b3ca-a52023f05fd2,1265685805,way,leisure,park,,,,,,OSM,,,24.8808927,67.1089269,Karachi,Sindh,Pakistan,,,,,
3d7c8200-2696-5459-afcf-9337e56d803a,478571637,way,leisure,park,Ladies park,,,,,OSM,,,24.8781385,67.0985587,Karachi,Sindh,Pakistan,,,,,
db7d1a35-f309-5158-b49e-9ccb61c72dbd,1263322837,way,leisure,park,Community Park,,,,,OSM,,,24.8805364,67.1014693,Karachi,Sindh,Pakistan,,,,,
e5bbd132-d9ee-5041-8ccc-c1388e01606c,1263322843,way,amenity,marketplace,,,,,,OSM,,,24.8803863,67.1005986,Karachi,Sindh,Pakistan,,,,,
bc2ae901-f855-54f0-98fc-818725ff54cb,1263615330,way,leisure,park,,,,,,OSM,,,24.8801408,67.099057,Karachi,Sindh,Pakistan,,,,,
8e4a1282-915c-5b18-8886-af2a6febc27d,1263619949,way,natural,water,,,,,,OSM,,,24.8805673,67.0978524,Karachi,Sindh,Pakistan,,,,,
dffa32c7-d0a6-5954-b1fe-e75f4fb3bcf8,1263620007,way,amenity,bank,HBL Bank,ایچ بی ایل پاکستان,,,,OSM,,,24.8765926,67.1008868,Karachi,Sindh,Pakistan,,,HBL Bank,,
2794a835-383d-5776-9089-3677d283d509,1265715838,way,place,neighbourhood,,,,,,OSM,,,24.876351,67.0975232,Karachi,Sindh,Pakistan,,,,,
0c380963-3a70-5879-969a-716109bf7bf3,1267313735,way,amenity,marketplace,,,,,,OSM,,,24.8769817,67.1009039,Karachi,Sindh,Pakistan,,,,,
dfbba1bc-1f1a-5dd9-b64e-31f539f14430,1267313760,way,amenity,marketplace,,,,,,OSM,,,24.8803872,67.0992188,Karachi,Sindh,Pakistan,,,,,
d8419181-85fb-551e-b5b8-38f848309755,221042085,way,leisure,park,Mudassir Park,,,,,OSM,,,24.8825605,67.0886687,Karachi,Sindh,Pakistan,,,,,
b6bbf438-43e7-5e6a-a18b-d6adf56aa2ae,26688021,way,natural,water,,,,,,OSM,,,24.8859525,67.0901665,Karachi,Sindh,Pakistan,,,,,
542aec56-1358-5cfd-a3b3-c78da0ecdc6c,551416859,way,healthcare,hospital,PNS Rahat Hospital,,,,,OSM,,,24.8817066,67.0928444,Karachi,Sindh,Pakistan,,,,,
c75f8a72-b527-5d8f-8105-e0edc4c69f6e,26687854,way,leisure,park,Pakistan Maritime Museum,,,,,OSM,,,24.8858081,67.0898693,Karachi,Sindh,Pakistan,,,,,
2de70974-0d4d-5150-9dcf-7c09e7c8544b,236522343,way,tourism,museum,museum 1997,,,,,OSM,,,24.8870039,67.0890629,Karachi,Sindh,Pakistan,,,,,
e01982f3-23e2-5222-b391-3e8fe8a36909,544760622,way,place,neighbourhood,Army Officers Housing Society,,AOHS,,,OSM,,,24.8955229,67.0894205,Karachi,Sindh,Pakistan,,,,,
1a7d59a8-cbb6-503c-aff9-b76a746823e2,700621916,way,landuse,cemetery,Naval Graveyard Karachi,,,,,OSM,,,24.8942618,67.0907856,Karachi,Sindh,Pakistan,,,,,
5d00533d-d125-550a-93a2-d2f70e32ec9b,1175223031,way,amenity,fire_station,Karsaz Fire Station,,,,,OSM,,,24.8857437,67.0962212,Karachi,Sindh,Pakistan,,,,,
735dd50e-c826-5138-8106-35b6dd3a8017,525944615,way,leisure,park,AOHS Park,,,,,OSM,,,24.8934987,67.0850075,Karachi,Sindh,Pakistan,,,,,
472d7054-9311-5942-b67e-132fac42a002,1178253866,way,leisure,park,,,,,,OSM,,,24.89126,67.0860297,Karachi,Sindh,Pakistan,,,,,
a0b9a06e-a186-5cf7-b5f5-20c1687c21fe,1178253867,way,leisure,park,,,,,,OSM,,,24.8915518,67.0856451,Karachi,Sindh,Pakistan,,,,,
344ebfcd-2951-547e-a761-c71e28f78cd6,1258509007,way,leisure,park,,,,,,OSM,,,24.8935794,67.0882129,Karachi,Sindh,Pakistan,,,,Bahria University,
fa388b67-88e6-5fc6-96f0-ca4e5597ed52,1258509008,way,leisure,park,,,,,,OSM,,,24.893445,67.0878785,Karachi,Sindh,Pakistan,,,,Bahria University,
8356f93c-2e83-5ec3-b5cd-d6ba0527f6a1,1175223019,way,leisure,park,,,,,,OSM,,,24.8888289,67.0947659,Karachi,Sindh,Pakistan,,,,,
8da23bec-3cac-59cb-b7fd-5d0b2683c60b,1175223064,way,natural,water,,,,,,OSM,,,24.8859455,67.1004295,Karachi,Sindh,Pakistan,,,,,
712b495b-601d-536a-9f91-410fd316efdd,1177751107,way,natural,water,,,,,,OSM,,,24.8843528,67.1016289,Karachi,Sindh,Pakistan,,,,,
c0fd9087-9e3f-5ad6-9fd0-c42d58f52056,1263322795,way,leisure,park,"Ladies Park, Hanif SRE",,,,,OSM,,,24.883144,67.0995491,Karachi,Sindh,Pakistan,,,,,
4b77a9c4-6699-527c-ab0d-05342110a9c8,1263322797,way,leisure,park,Bangladish park,,,,,OSM,,,24.8821975,67.1002687,Karachi,Sindh,Pakistan,,,,,
5afb019f-b071-5b06-9304-8df11548b376,1263615294,way,amenity,bank,Bank Al Habib,بينک الحبيب,,,,OSM,,,24.88146,67.0977349,Karachi,Sindh,Pakistan,,,Bank Al Habib,,
4b90ef7f-b2be-5c29-a388-a5e06d8c4f83,1263615303,way,amenity,marketplace,Hanif SRE L Market,,,,,OSM,,,24.8812039,67.099593,Karachi,Sindh,Pakistan,,,,,
921ce9f6-4e0b-523c-b432-9c824b172d5f,544294780,way,natural,water,,,,,,OSM,,,24.8867639,67.1078428,Karachi,Sindh,Pakistan,,,,,
fb9dd41f-81a7-599d-949a-8e9d37665c63,544294781,way,natural,water,,,,,,OSM,,,24.8862929,67.1077893,Karachi,Sindh,Pakistan,,,,,
7b590384-565f-5189-b8ef-17de86683f2b,1175517292,way,natural,water,,,,,,OSM,,,24.8851658,67.1067116,Karachi,Sindh,Pakistan,,,,,
1a1fb970-3609-5908-b0fd-b263038d0e7e,1175517293,way,natural,water,,,,,,OSM,,,24.8858272,67.1067223,Karachi,Sindh,Pakistan,,,,,
105a8e3c-6c54-5081-882c-957e1198301c,1175517299,way,natural,water,,,,,,OSM,,,24.8832803,67.1039971,Karachi,Sindh,Pakistan,,,,,
78119124-1f39-55d6-9ace-15e1efa2f1a4,221316576,way,leisure,park,,,,,,OSM,,,24.882906,67.1093833,Karachi,Sindh,Pakistan,,,,,
2ff7c4d9-ce44-56a0-a7f4-9af79a57bf17,1174209757,way,leisure,park,,,,,,OSM,,,24.8940992,67.1070836,Karachi,Sindh,Pakistan,,,,,
28b9ebeb-6a87-5b8d-8776-7b0377780048,1174209760,way,leisure,park,,,,,,OSM,,,24.8939835,67.1060202,Karachi,Sindh,Pakistan,,,,,
e1d5f749-6c45-5d99-b73a-adb610d1bfcb,1175517294,way,natural,water,,,,,,OSM,,,24.8858122,67.1088108,Karachi,Sindh,Pakistan,,,,,
c6d51d3f-e6e9-5420-a326-55ed492c2599,1041039343,way,leisure,park,,,,,,OSM,,,24.8928033,67.1029185,Karachi,Sindh,Pakistan,,,,,
8425f853-5680-51da-9b56-c86579eb897e,1174209761,way,leisure,park,,,,,,OSM,,,24.8936568,67.1055822,Karachi,Sindh,Pakistan,,,,,
d12f417b-bbf9-57c0-9954-0f4af64342b3,1174209762,way,leisure,park,,,,,,OSM,,,24.8933077,67.105161,Karachi,Sindh,Pakistan,,,,,
24baa5e6-c23d-50af-803a-0eeed85aa6b6,1174209763,way,leisure,park,,,,,,OSM,,,24.8929714,67.1047355,Karachi,Sindh,Pakistan,,,,,
09cebeb5-c21d-5a68-8561-00ba6529a11f,1174209764,way,leisure,park,,,,,,OSM,,,24.8926407,67.1042983,Karachi,Sindh,Pakistan,,,,,
892bb0e1-5209-5acb-a889-c6fbfaa4b3af,1174209765,way,leisure,park,,,,,,OSM,,,24.8922988,67.1038604,Karachi,Sindh,Pakistan,,,,,
5265442d-8371-597c-ad39-a8588ccfc9f4,270206278,way,leisure,park,,,,,,OSM,,,24.8958365,67.069248,Karachi,Sindh,Pakistan,,,,,
da91257a-5553-5aad-b19f-3c74f336a860,484568591,way,leisure,park,,,,,,OSM,,,24.9000771,67.0732089,Karachi,Sindh,Pakistan,,,,,
53cfc0d9-e0a3-56bc-9b28-9e4609c2f931,1308076137,way,natural,water,,,,,,OSM,,,24.8989423,67.0714393,Karachi,Sindh,Pakistan,,,,,
19576029-469f-5ab1-9535-576ece3a72b5,1260404808,way,amenity,police,Aziz Bhatti Police Station,,,,,OSM,,,24.898528,67.0772221,Karachi,Sindh,Pakistan,,,,police,
1a5a3b5b-9048-53e5-bc8c-845d54120bbd,220360822,way,natural,water,KDA Lake,,,,,OSM,,,24.8982907,67.0865473,Karachi,Sindh,Pakistan,,,,,
631d7a09-c0d9-5e7f-99f9-907b96f2a3b4,1038200495,way,leisure,park,,,,,,OSM,,,24.8982592,67.0860072,Karachi,Sindh,Pakistan,,,,,
0cb12651-d20d-5504-8d71-833e3975d7ed,1038200498,way,leisure,park,,,,,,OSM,,,24.8978859,67.0871459,Karachi,Sindh,Pakistan,,,,,
8f5b5fd4-c4dc-50bb-b739-d980304e4e55,525939186,way,leisure,park,,,,,,OSM,,,24.8996357,67.094538,Karachi,Sindh,Pakistan,,,,,
803ef706-84d4-5ebb-92f5-fea4ac504f7a,531718160,way,landuse,cemetery,War Cemetery,,,,,OSM,Karachi War Cemetery,,24.8945611,67.0911238,Karachi,Sindh,Pakistan,,,,,Q6367786
05902233-66a1-56e7-a607-f91ec74eef9b,699339366,way,leisure,park,,,,,,OSM,,,24.8987272,67.0943981,Karachi,Sindh,Pakistan,,,,,
f22c413f-33fd-5dfd-9e90-ebae98b2813c,700621908,way,amenity,marketplace,,,,,,OSM,,,24.8947367,67.0919574,Karachi,Sindh,Pakistan,,,,,
3fb72dbe-e1c4-553e-9fc5-25e1dc6d332a,700623653,way,leisure,park,,,,,,OSM,,,24.8980331,67.0939886,Karachi,Sindh,Pakistan,,,,,
86a646db-a0ce-5887-a503-c7ee8a6f6ce2,710597401,way,leisure,park,,,,,,OSM,,,24.897976,67.0908625,Karachi,Sindh,Pakistan,,,,,
50fefbc3-47d2-5aaa-80e5-5745bebc933f,772821367,way,leisure,park,,,,,,OSM,,,24.8994076,67.0928402,Karachi,Sindh,Pakistan,,,,,
52e67abb-73e5-5835-9d32-798018496fcf,1263624879,way,leisure,park,,,,,,OSM,,,24.8943606,67.0943566,Karachi,Sindh,Pakistan,,,,,
b882237d-0e05-5304-a4ae-a2e9c9c757a9,699328798,way,leisure,park,,,,,,OSM,,,24.8996317,67.0955376,Karachi,Sindh,Pakistan,,,,,
a1f361f0-a937-5bd6-b4d0-f7a4083ae52b,699328800,way,leisure,park,,,,,,OSM,,,24.8992508,67.0955301,Karachi,Sindh,Pakistan,,,,,
20eb3ff8-c49c-54b1-b780-db228251beeb,699329190,way,leisure,park,,,,,,OSM,,,24.8977612,67.0958519,Karachi,Sindh,Pakistan,,,,,
526a146a-0093-5cdf-b9e7-a8d9860ce572,699339365,way,leisure,park,,,,,,OSM,,,24.8985601,67.0955977,Karachi,Sindh,Pakistan,,,,,
a0363f9d-19be-591c-8b7c-cabfbb186a78,1175218088,way,leisure,park,,,,,,OSM,,,24.8962494,67.0889925,Karachi,Sindh,Pakistan,,,,,
4a11fa87-305c-5461-a10d-510b792d43dd,1175218092,way,leisure,park,,,,,,OSM,,,24.8963825,67.0894848,Karachi,Sindh,Pakistan,,,,,
fa596ea1-c8bb-56e3-b238-70e70898b66c,699328795,way,amenity,marketplace,,,,,,OSM,,,24.8982832,67.0966607,Karachi,Sindh,Pakistan,,,,,
444fb43d-4480-5a73-9d9d-74fbc400eb35,699328797,way,leisure,park,,,,,,OSM,,,24.8992707,67.0963,Karachi,Sindh,Pakistan,,,,,
11ca41dd-8d89-5368-acae-57c1691619b4,699328805,way,leisure,park,,,,,,OSM,,,24.89761,67.0966838,Karachi,Sindh,Pakistan,,,,,
ec71a2da-ca0a-51b9-9e18-8f6fdbb0e95f,699339371,way,leisure,park,,,,,,OSM,,,24.8975977,67.0970841,Karachi,Sindh,Pakistan,,,,,
d6f8400b-4f65-581e-965e-0a1228b703c9,700621897,way,leisure,park,,,,,,OSM,,,24.8970968,67.0970434,Karachi,Sindh,Pakistan,,,,,
6b8fe967-962f-580d-956b-0162b93c3538,1039515425,way,leisure,park,,,,,,OSM,,,24.8980296,67.0966493,Karachi,Sindh,Pakistan,,,,,
41236e49-14a6-5d6b-9fed-b2600830d66a,1039535954,way,leisure,park,,,,,,OSM,,,24.896212,67.0960053,Karachi,Sindh,Pakistan,,,,,
f1c03f88-f09d-57de-8403-ae22a9735aa2,1168207626,way,amenity,marketplace,,,,,,OSM,,,24.8949974,67.1070686,Karachi,Sindh,Pakistan,,,,,
e8c10f43-0e9b-5849-a118-be4e3a611358,1174209758,way,leisure,park,,,,,,OSM,,,24.8946055,67.1067546,Karachi,Sindh,Pakistan,,,,,
18f0895f-e983-5275-91a6-dd209b2e44e3,1174209759,way,leisure,park,,,,,,OSM,,,24.8943125,67.1064334,Karachi,Sindh,Pakistan,,,,,
93b06fb7-3e94-50e3-acef-4eb29deaa3d2,1175218169,way,amenity,bank,Meezan Bank,میزان بینک,,,,OSM,,,24.897884,67.1041379,Karachi,Sindh,Pakistan,,,Meezan Bank,,
cc82ca2a-6f01-5c7d-946c-a8402235d01b,1175222993,way,amenity,police,,,,,,OSM,,,24.8981064,67.1062916,Karachi,Sindh,Pakistan,,,,Pakistan Navy,
a497ff27-6867-54d4-8575-9a16be881c59,1175223005,way,leisure,park,,,,,,OSM,,,24.8944228,67.1051027,Karachi,Sindh,Pakistan,,,,,
2cd1362e-4634-55e1-9226-41aec3406e82,1177180948,way,amenity,police,,,,,,OSM,,,24.8999439,67.1082675,Karachi,Sindh,Pakistan,,,,,
a819385d-0681-5d4b-844b-29542ea64733,1177180955,way,leisure,park,Gul Mohar Park Gulshan e Jamal,,,,,OSM,,,24.8994354,67.1096043,Karachi,Sindh,Pakistan,,,,,
bbd1b1e0-7926-5ec3-90cb-8b2f104496f8,784076089,way,leisure,park,Sher Ali Shahded Park,,,,,OSM,,,24.8529364,67.1328037,Karachi,Sindh,Pakistan,,,,,
0b0ce9d6-2b82-5ce0-8525-41bc1fc947a5,220173759,way,natural,water,,,,,,OSM,,,24.8720011,67.1218609,Karachi,Sindh,Pakistan,,,,,
43130271-ccc6-53bf-8bb9-9cecce653d28,932241172,way,natural,water,,,,,,OSM,,,24.8654437,67.12356,Karachi,Sindh,Pakistan,,,,,
eec40dde-22f5-589a-985f-2342c1c3baed,220395687,way,leisure,park,,,,,,OSM,,,24.8582389,67.1314822,Karachi,Sindh,Pakistan,,,,,
e2f117fd-9d33-52c5-88bc-8654b959d2ca,932241173,way,natural,water,,,,,,OSM,,,24.8647315,67.1270194,Karachi,Sindh,Pakistan,,,,,
aed53306-6173-5576-b06c-0b471539ba13,449418033,way,leisure,park,Afza Altaf Park,,,,,OSM,,,24.8723047,67.1281723,Karachi,Sindh,Pakistan,,,,,
d9e65ac4-309d-5827-9ac3-311b3de289a3,219917845,way,natural,water,,,,,,OSM,,,24.8815223,67.1334831,Karachi,Sindh,Pakistan,,,,,
81774e0c-4937-5164-9c21-f1befdfc3678,543251244,way,place,neighbourhood,Shah Faisal Block 5,,,,,OSM,,,24.8739094,67.13284,Karachi,Sindh,Pakistan,,,,,
15530229-3cdd-5d26-bbe7-9c069517e671,450841176,way,leisure,park,,,,,,OSM,,,24.8836864,67.1132784,Karachi,Sindh,Pakistan,,,,,
7a24ad08-afba-51f2-b287-dee905480917,1265685813,way,amenity,bank,HBL Bank,ایچ بی ایل پاکستان,,,,OSM,,,24.8823719,67.1132925,Karachi,Sindh,Pakistan,,,HBL Bank,,
af1cef24-23f8-5bed-8c74-50c73933d7a0,449414788,way,leisure,park,,,,,,OSM,,,24.8811642,67.1189169,Karachi,Sindh,Pakistan,,,,,
22a1ea2b-6205-5081-b2ad-b7f3ff7a6c90,1174207684,way,leisure,park,,,,,,OSM,,,24.8932291,67.1111896,Karachi,Sindh,Pakistan,,,,,
b764b32f-2de4-5ee5-bbe0-3e7028177b7a,1174207685,way,leisure,park,,,,,,OSM,,,24.8928526,67.1109546,Karachi,Sindh,Pakistan,,,,,
3025f288-7ffd-5caa-a834-7af11fbdeca4,1174207704,way,leisure,park,,,,,,OSM,,,24.8912865,67.1107104,Karachi,Sindh,Pakistan,,,,,
06b92283-fdfc-58b1-ad1f-e162c2751a1f,1174207705,way,leisure,park,,,,,,OSM,,,24.891053,67.1106326,Karachi,Sindh,Pakistan,,,,,
bdfd06b7-6441-5f49-a777-63767ee87e46,1174207714,way,leisure,park,,,,,,OSM,,,24.8908273,67.1104904,Karachi,Sindh,Pakistan,,,,,
dca84945-d0f2-5dc5-bb0f-d72ec8acf069,1174209756,way,leisure,park,,,,,,OSM,,,24.8916151,67.1106747,Karachi,Sindh,Pakistan,,,,,
702f27e4-7980-57ce-92d2-1f6462067cf0,1176148019,way,leisure,park,,,,,,OSM,,,24.8898091,67.109504,Karachi,Sindh,Pakistan,,,,,
64171df3-b32c-5e40-bf5c-4b19e502ced4,1263322782,way,amenity,marketplace,Majeed SRE Market,,,,,OSM,,,24.893361,67.1092623,Karachi,Sindh,Pakistan,,,,,
fe424f99-5132-5db0-9e8a-09f616b00c88,1287961868,way,leisure,park,Cantonment Park,,,,,OSM,,,24.893452,67.1163106,Karachi,Sindh,Pakistan,,,,,
0eb1f230-e7f9-54ed-8a8f-dbc589a227d5,221598301,way,leisure,park,,,,,,OSM,,,24.8818414,67.1258452,Karachi,Sindh,Pakistan,,,,,
d52e0de2-5f7c-5dbe-ac9a-5bc633d07bd3,687681647,way,healthcare,hospital,SIUT Drig Road Dialysis Unit,,,,,OSM,,,24.884126,67.1258478,Karachi,Sindh,Pakistan,,,,,
689cde29-365b-5c7f-a2a5-b516a8fb63c1,221598309,way,leisure,park,,,,,,OSM,,,24.8830414,67.1293027,Karachi,Sindh,Pakistan,,,,,
3302efe2-d2a4-5423-803f-8e3711ff2ba4,1171487372,way,amenity,police,trrafic police,,,,,OSM,,,24.8874177,67.1249512,Karachi,Sindh,Pakistan,,,,,
0ad4aa1c-93fe-5502-8b04-b1ab191116e1,221334373,way,leisure,park,,,,,,OSM,,,24.8951151,67.1092556,Karachi,Sindh,Pakistan,,,,,
5523bc11-dd01-5633-b78b-4396ef1131c0,1266659802,way,leisure,park,,,,,,OSM,,,24.8961885,67.1101522,Karachi,Sindh,Pakistan,,,,,
d417d80c-0d4b-56d9-bebc-14444b83f716,1266659803,way,amenity,marketplace,,,,,,OSM,,,24.8957934,67.1106122,Karachi,Sindh,Pakistan,,,,,
c42865e6-7fa6-55e0-a545-cb477ceaa1a8,1266659806,way,amenity,marketplace,,,,,,OSM,,,24.8948615,67.1098638,Karachi,Sindh,Pakistan,,,,,
67f83aab-efbd-5cc6-b163-582bd1063939,1266659824,way,leisure,park,,,,,,OSM,,,24.8951432,67.1119221,Karachi,Sindh,Pakistan,,,,,
4aa2bb36-aa59-55d3-b7e7-b4601d711424,1266659829,way,amenity,marketplace,,,,,,OSM,,,24.8960223,67.1125343,Karachi,Sindh,Pakistan,,,,,
744e2b5b-a90c-5b9b-a65c-939b5b454c82,521728352,way,place,neighbourhood,Askari 4,,,,,OSM,,,24.901448,67.1209521,Karachi,Sindh,Pakistan,,,,,
4af24c45-1c2a-57d9-a3cf-980bd3abec5b,17336276,relation,healthcare,hospital,Aga Khan University Hospital,,,Hospital,,OSM,,,24.892804,67.0750982,Karachi,Sindh,Pakistan,,,,,
07a8a069-3485-5afa-badc-c1a62e86f65a,17129975,relation,natural,water,,,,,,OSM,,,24.8855474,67.1080254,Karachi,Sindh,Pakistan,,,,,
c970ea2f-0812-5e19-aea0-74045be98bcb,5147829631,node,amenity,bank,Habib Metro - ATM,,,,,OSM,,,24.9035439,67.0695315,Karachi,Sindh,Pakistan,,,,,
440c0165-6e3b-5b70-9b13-8ce559fc4048,5147829632,node,amenity,marketplace,Own Mobile Mall UZN,,,,,OSM,,,24.9046482,67.0681512,Karachi,Sindh,Pakistan,,,,,
56a979ee-fac2-515e-8685-88b71004069e,5147829634,node,amenity,bank,Bank Al Habib ATM,,,,,OSM,,,24.9042919,67.0685688,Karachi,Sindh,Pakistan,,,,,
b058eacb-0413-5a7f-acc1-25e61ab86760,5147829635,node,amenity,bank,Bank Al-Habib,,,,,OSM,,,24.904277,67.0686137,Karachi,Sindh,Pakistan,,,,,
707cc023-0712-5b74-b53d-12bb4211aadb,5149746105,node,amenity,marketplace,Saturday Market,,,,,OSM,,,24.9051853,67.0681616,Karachi,Sindh,Pakistan,,,,,
e0afa238-04b5-5d90-ab0d-c59c0abb13e6,5327534276,node,place,neighbourhood,Gulshan-e-Iqbal Block 13 E,,,,,OSM,,,24.9066841,67.0677822,Karachi,Sindh,Pakistan,,,,,
bf62c8a7-11aa-5129-b0cd-2d41a030b038,12145865533,node,healthcare,hospital,Naheed Medical Centre,,,,,OSM,,,24.9037974,67.0691445,Karachi,Sindh,Pakistan,,,,,
34adfcba-a1ce-53ab-9b1d-cc773788604c,12146419555,node,leisure,park,Milk Plant Ground۔ ملک پلانٹ گراؤنڈ,,,,,OSM,,,24.9021465,67.0693867,Karachi,Sindh,Pakistan,,,,,
7d35d7dc-0380-5f07-8a07-976bcf4389a7,12146445184,node,healthcare,hospital,Mothercare Hospital Karachi,,,,,OSM,,,24.9032487,67.0688288,Karachi,Sindh,Pakistan,,,,,
cd21ce61-23df-5ffe-ab05-ab6bd3971a3a,12146512466,node,healthcare,clinic,Dr.Ayub Khan Clinic,,,,,OSM,,,24.9010441,67.0677529,Karachi,Sindh,Pakistan,,,,,
c75a7edc-2e74-5e7e-bb91-5c5ab68f40b0,12146542454,node,landuse,cemetery,Jhandy shah qabaristan (جھنڈے شاہ قبرستان),,,,,OSM,,,24.9004908,67.0669999,Karachi,Sindh,Pakistan,,,,,
c0adc221-627c-54eb-85ab-973ba2509a9c,4775097116,node,place,neighbourhood,Gulshan-e-Iqbal Block 17,,,,,OSM,,,24.9000512,67.0824237,Karachi,Sindh,Pakistan,,,,,
f201ea7f-15c4-548a-92ca-6ea71f5f11b0,4764258130,node,amenity,bank,یونائیٹڈ بینک لمیٹڈ,یونائیٹڈ بینک لمیٹڈ,,,,OSM,,,24.9016641,67.0733021,Karachi,Sindh,Pakistan,,,یونائیٹڈ بینک لمیٹڈ,,
5085784d-8434-573e-a300-41d3c81dc636,4764258131,node,amenity,bank,ایچ بی ایل پاکستان,ایچ بی ایل پاکستان,,,,OSM,,,24.9016641,67.0731287,Karachi,Sindh,Pakistan,,,ایچ بی ایل پاکستان,,
443973d3-976d-5920-a47f-79fd6578e769,4810084760,node,amenity,bank,Habib Metro Bank,,,,,OSM,,,24.9035273,67.0695822,Karachi,Sindh,Pakistan,,,,,
bbe7892f-0f4a-587a-894f-22d4bb56b9f0,5327534277,node,place,neighbourhood,Gulshan-e-Iqbal Block 13 A,,,,,OSM,,,24.9036994,67.0729209,Karachi,Sindh,Pakistan,,,,,
a030be5d-a600-5c23-abcd-4667a2aa05e0,12139499939,node,healthcare,hospital,Karachi Emergency & Medical Centre,,,,,OSM,,,24.9059632,67.0695488,Karachi,Sindh,Pakistan,,,,,
e575ec52-ddb2-59f1-a8b4-411aefb22722,12140546789,node,healthcare,pharmacy,New Time Medico's,,,,,OSM,,,24.9061771,67.0723297,Karachi,Sindh,Pakistan,,,,,
55f05e75-583d-5a6e-8428-6c25df4f2a3b,12141362473,node,healthcare,pharmacy,Humanlife Pharma,,,,,OSM,,,24.904435,67.0741465,Karachi,Sindh,Pakistan,,,,,
ee89c164-0131-5fb3-a4b6-ab94fee8491f,12141510721,node,healthcare,hospital,Uzma Medical Centre (Previously known as Uzma Maternity Home UMH),,,,,OSM,,,24.9039692,67.0750355,Karachi,Sindh,Pakistan,,,,,
5423f400-8eed-5b90-b4a0-dc6fec890b40,12141569468,node,healthcare,hospital,Zahra Dental Clinic,,,,,OSM,,,24.9036488,67.0751401,Karachi,Sindh,Pakistan,,,,,
8fc7a294-d8f1-5c69-b06c-c66b629f2a12,12141579574,node,healthcare,hospital,Al Noor Medical & General Store,,,,,OSM,,,24.9034009,67.074888,Karachi,Sindh,Pakistan,,,,,
822f2fb6-cc26-5504-a880-e4a807b1ee7b,12141769282,node,healthcare,pharmacy,wish health sciences,,,,,OSM,,,24.9027287,67.0740696,Karachi,Sindh,Pakistan,,,,,
98df8c3c-cb6f-5995-99ae-27cd089a4c0e,12141894062,node,amenity,marketplace,Mangal Bazar,,,,,OSM,,,24.9043635,67.0758582,Karachi,Sindh,Pakistan,,,,,
b495aaf7-a254-556c-aba5-b1efcde9b39d,12146265864,node,healthcare,pharmacy,Mediget healthcare,,,,,OSM,,,24.9021189,67.0708155,Karachi,Sindh,Pakistan,,,,,
7e2d0d14-4b91-5ba8-aba3-37b01004de1d,12146384828,node,healthcare,hospital,Dr. Sheeba Medical Centre And Materniry Home,,,,,OSM,,,24.902066,67.0708037,Karachi,Sindh,Pakistan,,,,,
002a397a-3236-5b63-bd11-ad7f40e9ddbe,4762593147,node,amenity,bank,بینک الفلاح,بینک الفلاح,,,,OSM,,,24.9063363,67.0802492,Karachi,Sindh,Pakistan,,,بینک الفلاح,,
a17bd485-3b07-5f4d-a05d-36fc97aa6c0f,4762593154,node,amenity,bank,بینک اسلامی,بینک اسلامی,,,,OSM,,,24.9062559,67.0814916,Karachi,Sindh,Pakistan,,,بینک اسلامی,بینک اسلامی,
9b7d8ea1-be83-54b5-953c-9164b31a4911,4762593162,node,amenity,bank,Summit Bank Gulshan,,,,,OSM,,,24.9057172,67.0807714,Karachi,Sindh,Pakistan,,,,,
7d7cd2ff-e473-5d70-a995-1b43ecaba8d1,4762593163,node,amenity,bank,بينک الحبيب,بينک الحبيب,,,,OSM,,,24.9056283,67.0806071,Karachi,Sindh,Pakistan,,,بينک الحبيب,,
1885ed54-c3b2-51a8-bc48-4a1e9d382492,4762618733,node,amenity,bank,Silkbank,,,,,OSM,,,24.9050676,67.079536,Karachi,Sindh,Pakistan,,,Silkbank Limited,,
6bdc1a23-e337-5323-bbb1-fb42b6b2a575,4764159236,node,amenity,bank,Burj Bank Limited,,,,,OSM,,,24.9053044,67.0790292,Karachi,Sindh,Pakistan,,,,,
b2f75b6f-a599-5a45-9686-75f628731ed8,4764159240,node,amenity,bank,Regional Audit Office South Askari Bank Limited,,,,,OSM,,,24.9055713,67.0794139,Karachi,Sindh,Pakistan,,,,,
82949f5e-24fd-573b-8679-1fdb4b6ee0ae,4764159241,node,amenity,bank,Askari bank,,,,,OSM,,,24.9056045,67.0794646,Karachi,Sindh,Pakistan,,,,,
218939e5-438d-54bc-98ac-e95034f9f91a,4764159242,node,amenity,bank,اسٹینڈرڈ چارٹرڈ,اسٹینڈرڈ چارٹرڈ,,,,OSM,,,24.9056655,67.0795424,Karachi,Sindh,Pakistan,,,اسٹینڈرڈ چارٹرڈ,اسٹینڈرڈ چارٹرڈ,
594a66a2-3ffd-57df-8157-540af0d65b96,4764159244,node,amenity,bank,ایچ بی ایل پاکستان,ایچ بی ایل پاکستان,,,,OSM,,,24.9060191,67.0800423,Karachi,Sindh,Pakistan,,,ایچ بی ایل پاکستان,,
f969848e-b656-51c2-816e-375ee7972727,4764159246,node,amenity,bank,NIB,,,,,OSM,,,24.9054442,67.0792134,Karachi,Sindh,Pakistan,,,,MCB,
976d255e-587e-571c-a4f8-0363098392af,4764159256,node,amenity,bank,Bank AL Habib (Islamic Banking),,,,,OSM,,,24.9047045,67.0781388,Karachi,Sindh,Pakistan,,,,,
42c38817-3641-5b2c-9451-d4ba7650eed0,4764159261,node,amenity,bank,AL BAQEI CITY BOOKING OFFICE,,,,,OSM,,,24.904298,67.0775489,Karachi,Sindh,Pakistan,,,,,
dbffd56d-a43d-5a21-9451-28053bac8787,4764159262,node,amenity,bank,فیصل بینک,فیصل بینک,,,,OSM,,,24.9041703,67.0773504,Karachi,Sindh,Pakistan,,,فیصل بینک,,
fd2dbdef-9a78-5d44-987c-d78e64c55efe,4764256804,node,amenity,bank,Bank Al-Habib,,,,,OSM,,,24.9038323,67.0768349,Karachi,Sindh,Pakistan,,,,,
12d5142f-c146-55d8-9846-59746b30275c,4764256805,node,amenity,bank,میزان بینک,میزان بینک,,,,OSM,,,24.9037764,67.0767544,Karachi,Sindh,Pakistan,,,میزان بینک,,
0216a993-f6a1-55e5-84bc-e18c95ac935e,4764256806,node,amenity,bank,عسکری بینک,عسکری بینک,,,,OSM,,,24.9036098,67.0765277,Karachi,Sindh,Pakistan,,,عسکری بینک,,
c5fc64f8-3e9a-5e3e-a2a7-2eb5b7e4e744,4764256808,node,amenity,bank,سمٹ بینک,سمٹ بینک,,,,OSM,,,24.9035173,67.0764044,Karachi,Sindh,Pakistan,,,سمٹ بینک,سمٹ بینک,
41770aa7-3e35-517f-94a0-a20a0eabe9c9,4775097118,node,place,neighbourhood,Gulshan-e-Iqbal Block 16,,,,,OSM,,,24.9040632,67.0822363,Karachi,Sindh,Pakistan,,,,,
e89c434b-9599-5b50-93d2-2fc10aaba863,5128213132,node,amenity,marketplace,Needz Supermarket,,,,,OSM,,,24.9014293,67.0816964,Karachi,Sindh,Pakistan,,,,,
0d37951d-26e3-51b5-9b11-9b5fee38f959,5327534278,node,place,neighbourhood,Gulshan-e-Iqbal Block 13 B,,,,,OSM,,,24.9067691,67.078055,Karachi,Sindh,Pakistan,,,,,
27b5cb96-5def-5432-ab6c-630c2e0d1697,7035430774,node,place,neighbourhood,Bhangoria Goth,,,,,OSM,,,24.9137365,67.0691308,Karachi,Sindh,Pakistan,,,,,
c4f162fa-0cbc-5847-8f61-73fcd13e7cfb,12123829367,node,leisure,park,Aziz Municipal Park,,,,,OSM,,,24.916441,67.0684024,Karachi,Sindh,Pakistan,,,,,
c20828f6-f0e7-5100-ae8a-537013b0896a,12126318627,node,healthcare,pharmacy,Mehboob Medical And General Stor,,,,,OSM,,,24.9193643,67.068904,Karachi,Sindh,Pakistan,,,,,
b5948f2c-ccdd-5ed4-8574-a7fd2b10ec0a,12127491838,node,healthcare,pharmacy,Rajput Medical & General Store,,,,,OSM,,,24.9173367,67.0670361,Karachi,Sindh,Pakistan,,,,,
f9621891-7f6d-5af6-b0c2-608830b7cc9a,12147977988,node,healthcare,pharmacy,Al Haq Pharmacy,,,,,OSM,,,24.9144437,67.0678692,Karachi,Sindh,Pakistan,,,,,
f5ba10f6-c600-501a-994e-f1c577bc9725,5300544464,node,healthcare,hospital,Rida Medical Center,,,,,OSM,,,24.9095577,67.0722682,Karachi,Sindh,Pakistan,,,,,
94bcfb00-45e2-550b-b6bf-9349040432c7,5327511689,node,place,neighbourhood,Gulshan-e-Iqbal Block 13 D 2,,,,,OSM,,,24.9093549,67.0758688,Karachi,Sindh,Pakistan,,,,,
ef78825b-5b82-532f-acd4-568018ad0b45,5327511690,node,place,neighbourhood,Gulshan-e-Iqbal Block 13 D 3,,,,,OSM,,,24.9071633,67.0707323,Karachi,Sindh,Pakistan,,,,,
9f2f1fed-532e-5618-b3f9-9c6275c5918b,12137265002,node,amenity,bank,Elite Estate Bank,,,,,OSM,,,24.9104092,67.0750445,Karachi,Sindh,Pakistan,,,,,
8b1ee0e7-d018-560d-bbe8-03ce1b0fd574,12137573946,node,healthcare,hospital,Rida Medical Centre,,,,,OSM,,,24.9096586,67.0721798,Karachi,Sindh,Pakistan,,,,,
b9505b7b-6579-54a1-9a20-46f426d3c706,12138391938,node,healthcare,pharmacy,Ahmed medicos and mart,,,,,OSM,,,24.9108353,67.0756343,Karachi,Sindh,Pakistan,,,,,
e1fa3299-4e59-50de-bdad-3a7754c44183,12138418373,node,amenity,bank,Bank Al Habib,,,,,OSM,,,24.9103019,67.0734856,Karachi,Sindh,Pakistan,,,,,
01c7c87f-99e8-5bf0-82cd-b9f892a9beee,12138439514,node,healthcare,pharmacy,Shifa medical store and homeopathic,,,,,OSM,,,24.9104217,67.0740372,Karachi,Sindh,Pakistan,,,,,
aa1fefcf-e8f3-57b4-b1b5-6bf0e3a52ea1,12138446731,node,healthcare,pharmacy,DO CLINIC PHARMACY,,,,,OSM,,,24.9103301,67.073646,Karachi,Sindh,Pakistan,,,,,
266c440f-7ef8-5923-8413-868fe5f0d879,12138492782,node,healthcare,hospital,Shakaib Dental & Orthodontic Clinic,,,,,OSM,,,24.9101057,67.0726111,Karachi,Sindh,Pakistan,,,,,
b5c3f828-a82f-50a5-9bc0-3f2df3138fdb,12139134131,node,healthcare,hospital,Memon Diabatic and Digonastic Center Gulshan-E-Iqbal,,,,,OSM,,,24.9100176,67.0720789,Karachi,Sindh,Pakistan,,,,,
919c9958-0ef9-575a-a2df-1cad7d453e2c,12139194004,node,healthcare,pharmacy,FAISAL MEDICO,,,,,OSM,,,24.9099809,67.0718056,Karachi,Sindh,Pakistan,,,,,
ef1f95b3-d871-539b-8d85-0f95089bdc22,12143530332,node,leisure,park,Abdullah Darwash Park,,,,,OSM,,,24.9078932,67.0748498,Karachi,Sindh,Pakistan,,,,,
aaa10fe0-dad2-5807-b097-a0844f9033c9,12143887759,node,leisure,park,Wasim Bagh,,,,,OSM,,,24.9074204,67.0736701,Karachi,Sindh,Pakistan,,,,,
f0b4c0f2-b78c-5860-8fd7-36dc237a958b,4762522262,node,amenity,bank,جے ایس بینک,جے ایس بینک,,,,OSM,,,24.9071903,67.0817251,Karachi,Sindh,Pakistan,,,جے ایس بینک,جے ایس بینک,
f6ceca01-c63e-5dd3-82d3-9e76183d71c1,4762522265,node,amenity,bank,یونائیٹڈ بینک لمیٹڈ,یونائیٹڈ بینک لمیٹڈ,,,,OSM,,,24.9077477,67.0825016,Karachi,Sindh,Pakistan,,,یونائیٹڈ بینک لمیٹڈ,,
e28a7e30-8f93-51c4-b5fe-4bb761214662,4762593149,node,amenity,marketplace,Tuesday Baazar,,,,,OSM,,,24.9074582,67.0806479,Karachi,Sindh,Pakistan,,,,,
5cd857d8-8ba3-598c-a40a-0397193c68cc,4775097528,node,place,neighbourhood,Gulshan-e-Iqbal Block 13,,,,,OSM,,,24.9095397,67.0803836,Karachi,Sindh,Pakistan,,,,,
248423c9-c2aa-5679-8f3a-d3504d6d0861,4810084741,node,amenity,bank,الائیڈ بینک لمیٹڈ,الائیڈ بینک لمیٹڈ,,,,OSM,,,24.9125891,67.080308,Karachi,Sindh,Pakistan,,,الائیڈ بینک لمیٹڈ,,
35377ca0-f6fc-5f22-a452-a1853f2189ad,4834469921,node,place,neighbourhood,Rufi Heaven,,,,,OSM,,,24.9108947,67.0766112,Karachi,Sindh,Pakistan,,,,,
b3b3f4eb-94e8-5806-921a-aefb0a157737,5153406055,node,amenity,bank,Bank Islami Pakistan Limited,,,,,OSM,,,24.9071705,67.0816544,Karachi,Sindh,Pakistan,,,,,
2cba62b1-e20b-5bf9-a4b0-dd299c8a2c09,8423212826,node,railway,station,گیلانی,گیلانی,,,,OSM,,,24.9088053,67.0784111,Karachi,Sindh,Pakistan,,,,پاکستانی ریلوے,
038072d8-4b84-557f-970c-44d03e27cc92,12132286689,node,leisure,park,Park,,,,,OSM,,,24.9125485,67.0811774,Karachi,Sindh,Pakistan,,,,,
65151662-d142-575a-ac97-97fed2d56ec4,12137840304,node,amenity,bank,Meezan Bank - Gulshan-e-Iqbal 13D2 Branch,,,,,OSM,,,24.9113577,67.0779056,Karachi,Sindh,Pakistan,,,,,
8faa7b42-8148-560d-9921-51737bc67ca2,12142714632,node,healthcare,pharmacy,PHARMIGO (Pvt) Ltd,,,,,OSM,,,24.9075524,67.0766519,Karachi,Sindh,Pakistan,,,,,
a0c0a6df-a182-54c4-b727-ea3563739b2f,12142719854,node,healthcare,hospital,WAPDA KPI DISPENSARY KARACHI,,,,,OSM,,,24.9071963,67.0774734,Karachi,Sindh,Pakistan,,,,,
26cfdb83-1b73-5155-bbe0-1e9dc8196dbc,12261099893,node,amenity,marketplace,Badar Market,,,,,OSM,,,24.9121274,67.0823348,Karachi,Sindh,Pakistan,,,,,
e2ff596e-6eb0-53e4-943e-25fdf0d0a77c,12261116193,node,healthcare,clinic,Family care homeoclinic,,,,,OSM,,,24.912136,67.0826486,Karachi,Sindh,Pakistan,,,,,
4a787121-8002-53b9-8c1d-0dee3ed230be,5330851435,node,place,neighbourhood,Bhangoria Colony,,,,,OSM,,,24.9139736,67.0723825,Karachi,Sindh,Pakistan,,,,,
614b0e09-b210-5e50-81fe-3e2b0d8fd3b1,12123874652,node,healthcare,pharmacy,Al-Khidmat Water Filtration Plant,,,,,OSM,,,24.9165181,67.0703408,Karachi,Sindh,Pakistan,,,,,
170fb5e7-18be-5ee2-9db5-6270c2a36860,12123878579,node,healthcare,clinic,Mukhzan Homoeo Clinic Dr. Afshan,,,,,OSM,,,24.9169354,67.0707725,Karachi,Sindh,Pakistan,,,,,
79288208-9cbe-511f-bcae-9a66d76f87a4,12138010816,node,amenity,bank,Meezan Bank - Yaseenabad Branch,,,,,OSM,,,24.9177785,67.0753847,Karachi,Sindh,Pakistan,,,,,
a45c70e2-d520-565a-b0b5-e3f96294ffa2,12138238356,node,amenity,bank,Bank AL Habib yaseenabad br,,,,,OSM,,,24.918117,67.0742268,Karachi,Sindh,Pakistan,,,,,
b8a1b53a-112b-5b92-b8af-ac427d77804b,12138271632,node,landuse,cemetery,Hassan cement and steel marketing,,,,,OSM,,,24.9176093,67.0757727,Karachi,Sindh,Pakistan,,,,,
8e65056d-469f-5c75-bf15-c1e1753070c4,12139317149,node,healthcare,pharmacy,De Medico,,,,,OSM,,,24.918944,67.0757897,Karachi,Sindh,Pakistan,,,,,
ab65c9e6-bcea-555f-a4eb-f91933ed995e,12139345686,node,healthcare,clinic,NK consultant clinic,,,,,OSM,,,24.9189349,67.075949,Karachi,Sindh,Pakistan,,,,,
544d9697-b80b-5dac-8155-4a06b977d44d,12139517437,node,landuse,cemetery,مرحوم امتیاز احمد خان,,,,,OSM,,,24.9144211,67.0752307,Karachi,Sindh,Pakistan,,,,,
52a39949-2a95-5806-8b46-ee889fd578bb,12139816840,node,healthcare,clinic,One Health Laboratory-Gulshan e Shamim,,,,,OSM,,,24.9172685,67.0759543,Karachi,Sindh,Pakistan,,,,,
a1eb777a-5ea8-527d-9728-d80338bb6e6e,12139854670,node,healthcare,clinic,Medi Clinic,,,,,OSM,,,24.9170563,67.0760287,Karachi,Sindh,Pakistan,,,,,
649dc455-2a84-5c76-9ac5-fa52adca0a6d,4810084737,node,amenity,bank,سونیری بینک,سونیری بینک,,,,OSM,,,24.9136397,67.0812685,Karachi,Sindh,Pakistan,,,سونیری بینک,سونیری بینک,
e19496d6-2645-58a4-9881-f6af7fa15875,5334673045,node,place,neighbourhood,Zia Colony,,,,,OSM,,,24.9176941,67.079836,Karachi,Sindh,Pakistan,,,,,
274f2345-0047-51a1-8203-ca0d6ed4eae6,5334673046,node,place,neighbourhood,Jamali Colony,,,,,OSM,,,24.9141008,67.0799482,Karachi,Sindh,Pakistan,,,,,
7cf9e80e-7bf5-5645-bb4b-9e1f313d3630,12127575619,node,amenity,bank,Habib Metro Bank,,,,,OSM,,,24.9138034,67.0814418,Karachi,Sindh,Pakistan,,,,,
17a163ec-8bfc-509e-91e1-ce2eb87b4d26,12127584546,node,amenity,atm,,,,,,OSM,,,24.9138311,67.0814522,Karachi,Sindh,Pakistan,,,,Habib Metro ATM,
cfdf2a9a-2803-5cb6-8e75-a55a5c0161d8,12132110626,node,healthcare,hospital,Sehatmand Zindagi center Gulshan Main,,,,,OSM,,,24.9149804,67.0815376,Karachi,Sindh,Pakistan,,,,,
47af572d-5fb8-5149-b89c-862fd30b9f5c,12132212660,node,leisure,park,Bagh-e-Mustufa Park,,,,,OSM,,,24.9136701,67.0825946,Karachi,Sindh,Pakistan,,,,,
0b5cfe01-aa7b-5ccb-adc9-4f773cc1b693,12134015903,node,healthcare,clinic,Fatima Clinic,,,,,OSM,,,24.9177659,67.0805879,Karachi,Sindh,Pakistan,,,,,
afa968e2-f2d8-51e2-947d-1855f61cb207,12134242638,node,amenity,bank,Bank Alfalah Islamic,,,,,OSM,,,24.9169724,67.0768691,Karachi,Sindh,Pakistan,,,,,
1e18e90d-9a1c-5fcb-a801-069229b364ec,12139278463,node,healthcare,hospital,A-1 Shamim Compund,,,,,OSM,,,24.9175831,67.0772025,Karachi,Sindh,Pakistan,,,,,
ad407813-81c9-5890-bd1c-d09c02b93b63,12139442731,node,healthcare,clinic,Hijama/Cupping,,,,,OSM,,,24.9196601,67.076317,Karachi,Sindh,Pakistan,,,,,
2863f76f-1ec4-5f80-a51a-ee8ca0616df4,12139541818,node,landuse,cemetery,Dr Junaid (Dentist) Grave,,,,,OSM,,,24.9142713,67.0765402,Karachi,Sindh,Pakistan,,,,,
b25b0c0e-ca78-5247-acb0-17e06c8d98a5,12139835793,node,healthcare,clinic,The public health and medical care clinic,,,,,OSM,,,24.9168235,67.0762597,Karachi,Sindh,Pakistan,,,,,
d5e0019e-d0c0-5c69-aa20-9560cd94c08f,4775097119,node,place,neighbourhood,Gulshan e Iqbal Block 18,,,,,OSM,,,24.9033497,67.0887311,Karachi,Sindh,Pakistan,,,,,
20088ac7-3239-587a-8326-4ebf73fa5236,4775097526,node,place,neighbourhood,KDA Officer Society,,,,,OSM,,,24.9005521,67.0956423,Karachi,Sindh,Pakistan,,,,,
280cd366-7a9c-5335-a12c-0e7af3a0761c,4758017031,node,amenity,police,Dalmia Police Chowki,,,,,OSM,,,24.9042129,67.1023358,Karachi,Sindh,Pakistan,,,,,
719c0ae0-c854-5831-ae97-d2043a3b1cb0,4758017032,node,healthcare,hospital,Kashif Iqbal Thalassemia Care Center,,,,,OSM,,,24.9006702,67.1059825,Karachi,Sindh,Pakistan,,,,Mr. Muhammad Iqbal,
46be6eb9-29b2-5c31-a025-0dbdc6324d1e,4758017033,node,amenity,marketplace,Peer Bazar,,,,,OSM,,,24.9017489,67.1059366,Karachi,Sindh,Pakistan,,,,,
55ab89f9-bdf5-5474-8e19-3752c6f6f39d,4762522282,node,amenity,bank,سونیری بینک,سونیری بینک,,,,OSM,,,24.9085413,67.0836802,Karachi,Sindh,Pakistan,,,سونیری بینک,سونیری بینک,
6651cab1-57db-572f-b868-a23adee806d2,4762522294,node,amenity,bank,ایم سی بی بینک,ایم سی بی بینک,,,,OSM,,,24.9095595,67.0851761,Karachi,Sindh,Pakistan,,,ایم سی بی بینک,,
9ee554cb-9c5e-5116-bd4a-c6c62a688a14,4762522295,node,amenity,bank,سندھ بینک,سندھ بینک,,,,OSM,,,24.9096814,67.0853406,Karachi,Sindh,Pakistan,,,سندھ بینک,,
8c862606-2ed1-5f10-9e7c-24ed150e196d,4762522297,node,amenity,bank,بینک اسلامی,بینک اسلامی,,,,OSM,,,24.9101183,67.0859721,Karachi,Sindh,Pakistan,,,بینک اسلامی,بینک اسلامی,
603cc5ce-9c99-587b-9bbe-1b28ddba740c,4762522300,node,amenity,bank,ایچ بی ایل پاکستان,ایچ بی ایل پاکستان,,,,OSM,,,24.9105533,67.0866289,Karachi,Sindh,Pakistan,,,ایچ بی ایل پاکستان,,
bc3d94ee-9f99-5564-8d6b-5917b84ada1f,4762522303,node,amenity,bank,NRSP Bank,,,,,OSM,,,24.91206,67.0887952,Karachi,Sindh,Pakistan,,,,,
82df315b-d9cf-5f4b-a238-dd44e4d78cca,4762593143,node,amenity,bank,بينک الحبيب,بينک الحبيب,,,,OSM,,,24.9118119,67.088414,Karachi,Sindh,Pakistan,,,بينک الحبيب,,
2efdad8d-2e01-5e90-9def-de28db3246b5,5128335472,node,healthcare,hospital,Ashfaq Memorial Hospital,,,Dr Tariq Zahid Khan Ear Nose Throat Surgeon,,OSM,,,24.9088159,67.0840837,Karachi,Sindh,Pakistan,,,,,
8c47da1b-e028-5ea3-a416-8d5d1b16141e,5327534279,node,place,neighbourhood,Gulshan-e-Iqbal Block 13 C,,,,,OSM,,,24.9109059,67.0851001,Karachi,Sindh,Pakistan,,,,,
2b327bb6-5ab2-543f-8e0c-0d6c83e4292f,12261068271,node,leisure,park,Zuberi Family Park۔ زبیری فیملی پارک,,,,,OSM,,,24.9132584,67.0854028,Karachi,Sindh,Pakistan,,,,,
f853138c-ce38-516e-9255-ea835c9f6a59,4762522249,node,amenity,bank,NBP Urdu College Branch,,,,,OSM,,,24.9130813,67.0912676,Karachi,Sindh,Pakistan,,,,,
f77e9677-08d7-59f6-906d-527fddae9f8d,4775097522,node,place,neighbourhood,Gulshan-e-Iqbal Block 9,,,,,OSM,,,24.9099081,67.0908479,Karachi,Sindh,Pakistan,,,,,
189c22bb-869b-595b-afec-4a31f9f3a64d,11703809045,node,leisure,park,Hibas Home,,,,,OSM,,,24.9101733,67.0912165,Karachi,Sindh,Pakistan,,,,,
94c6627a-3966-5258-9995-dad619b19daa,4739734284,node,amenity,bank,Bank lslami gulshan,,,,,OSM,,,24.9189996,67.0842069,Karachi,Sindh,Pakistan,,,,,
d38b8046-5cce-5aa3-93db-899a2a18315c,5327511676,node,place,neighbourhood,Gulshan-e-Iqbal Block 1,,,,,OSM,,,24.919989,67.0831972,Karachi,Sindh,Pakistan,,,,,
693fb0d0-f239-5daa-ab24-7d0dd027c65b,5327511687,node,place,neighbourhood,Gulshan-e-Iqbal Block 13 D 1,,,,,OSM,,,24.9141857,67.0828242,Karachi,Sindh,Pakistan,,,,,
dd7dbae5-4061-5126-97e8-e6006e87b42c,12126310481,node,amenity,bank,The Bank Of Punjab,,,,,OSM,,,24.9191263,67.0845715,Karachi,Sindh,Pakistan,,,,,
627be5c6-cebb-5574-bd86-e8478871488c,12132309573,node,leisure,park,Khulafa E Rashidin Park,,,,,OSM,,,24.9145,67.084761,Karachi,Sindh,Pakistan,,,,,
69769c99-5f34-5ba6-9e6e-dbc56bb93641,12237144838,node,amenity,bank,Bank Alfalah,بینک الفلاح,,,,OSM,,,24.9190406,67.0840384,Karachi,Sindh,Pakistan,,,Bank Alfalah,,
5501cdcd-a487-5870-acb7-9386b69a7bb8,12260992667,node,healthcare,clinic,Dr. Zaidi Eye Clinic,,,,,OSM,,,24.9178324,67.0881971,Karachi,Sindh,Pakistan,,,,,
f7e68808-e896-5571-852e-b5263725c22b,4762522308,node,amenity,bank,First Women Bank Ltd. - Gulshan-e-Iqbal Branch,,,,,OSM,,,24.9135712,67.0909072,Karachi,Sindh,Pakistan,,,,,
4ab8166c-39d5-5281-b418-ccd71354ab63,4762522309,node,amenity,bank,Saleem Centre,,,,,OSM,,,24.9138154,67.0912738,Karachi,Sindh,Pakistan,,,,,
3adb6fa7-e97d-508e-a789-de9886b8c871,4762522310,node,amenity,fire_station,Gulshan-e-Iqbal Fire Station,,,,,OSM,,,24.9137344,67.0911351,Karachi,Sindh,Pakistan,,,,,
54c62eec-6ae5-5270-aeeb-f5904c2d6286,12289972903,node,amenity,atm,"ATM, MCB Bank",ایم سی بی بینک,,,,OSM,,,24.9159713,67.0931477,Karachi,Sindh,Pakistan,,,MCB,MCB,
4cf3cecb-7b11-5324-ac6c-42575ff91d55,12289972904,node,amenity,bank,MCB,ایم سی بی بینک,,,,OSM,,,24.9154265,67.0932711,Karachi,Sindh,Pakistan,,,MCB,,
fba0ca00-87e2-54d1-932e-09dca2cf1cb2,12289972909,node,amenity,fire_station,Gulshan-e-Iqbal Fire Station,,,,,OSM,,,24.9141518,67.0915733,Karachi,Sindh,Pakistan,,,,,
f25cc698-5f7a-5b9f-80ac-f99f4ebf172c,12294153144,node,healthcare,clinic,Karachi Institute Of Plastic Surgery,,,,,OSM,,,24.9193746,67.0905074,Karachi,Sindh,Pakistan,,,,,
91c90e27-05d1-5e72-8496-ec81c6addf85,12297159049,node,healthcare,clinic,Rehman Healthcare Centre,,,,,OSM,,,24.9199803,67.0902584,Karachi,Sindh,Pakistan,,,,,
6bbaa2c9-c90a-516a-b60f-779839b40448,12298656161,node,healthcare,hospital,CODE-M,,,,,OSM,,,24.9182744,67.0917134,Karachi,Sindh,Pakistan,,,,,
47ebe50f-436e-5a51-a624-4122fac24ed5,5333760878,node,place,neighbourhood,Rehan Memorial Society,,,,,OSM,,,24.9106841,67.0979208,Karachi,Sindh,Pakistan,,,,,
7657ae7b-ea3d-555e-89bc-580ed60a9aee,4758115389,node,amenity,bank,میزان بینک,میزان بینک,,,,OSM,,,24.9084351,67.1086824,Karachi,Sindh,Pakistan,,,میزان بینک,,
2506cbad-efb2-56ca-9265-eea32fbe83de,4758115390,node,amenity,bank,یونائیٹڈ بینک لمیٹڈ,یونائیٹڈ بینک لمیٹڈ,,,,OSM,,,24.9083948,67.1087258,Karachi,Sindh,Pakistan,,,یونائیٹڈ بینک لمیٹڈ,,
35964b7f-2f8c-5ddb-b3cb-53430f1ff433,4758115391,node,amenity,bank,Faisal Bank (Islamic Branch),,,,,OSM,,,24.9082827,67.1088619,Karachi,Sindh,Pakistan,,,,,
0a036cef-73c2-5b25-ac7b-c6528640812e,5115183091,node,amenity,bank,بينک الحبيب,بينک الحبيب,,,,OSM,,,24.9083485,67.1087763,Karachi,Sindh,Pakistan,,,بينک الحبيب,,
f401dca4-ff1f-52c5-b557-938d4a699579,5115183100,node,amenity,marketplace,Sunday Bazar - Rashid Minhas,,,,,OSM,,,24.9104344,67.1070347,Karachi,Sindh,Pakistan,,,,,
bd559b09-88e9-51c4-920e-45d3f7ca9f34,5115427049,node,amenity,bank,الائیڈ بینک لمیٹڈ,الائیڈ بینک لمیٹڈ,,,,OSM,,,24.9110648,67.105406,Karachi,Sindh,Pakistan,,,الائیڈ بینک لمیٹڈ,,
3f08bffd-1bcf-52c2-a1a2-d57fd0d7852d,5115427050,node,amenity,atm,Allied Bank - ATM,,,,,OSM,,,24.9110197,67.1054826,Karachi,Sindh,Pakistan,,,,Allied Bank - ATM,
5bf2e5a0-13b1-55f8-a0d1-d0079f75f694,5334673062,node,place,neighbourhood,National Cement Employees Cooperative Housing Society,,,,,OSM,,,24.9092952,67.1052711,Karachi,Sindh,Pakistan,,,,,
f49ff01a-1146-58ea-a4a4-fce0044a7386,4775171571,node,place,neighbourhood,Gulshan-e-Iqbal Block 11,,,,,OSM,,,24.9177524,67.0996697,Karachi,Sindh,Pakistan,,,,,
d03dedb8-7d2f-5a11-8bce-3e6af2e0f652,5115540201,node,amenity,bank,MCB Bank Sessi Branch,,,,,OSM,,,24.9193877,67.0966485,Karachi,Sindh,Pakistan,,,,,
8f275188-5869-58d7-b01a-329e85d7cb65,5115540202,node,amenity,atm,MCB Bank - ATM Sessi Branch,,,,,OSM,,,24.9193582,67.0966018,Karachi,Sindh,Pakistan,,,,MCB Bank - ATM Sessi Branch,
f0afc629-41f7-5047-95de-bc9651c5c740,5340871145,node,leisure,park,Block 10 Park,,,,,OSM,,,24.9135567,67.1001281,Karachi,Sindh,Pakistan,,,,,
9a582013-b254-5a00-afbb-018b95a3b284,4781144385,node,place,neighbourhood,Block 11 Gulistan-e-Johar,,,,,OSM,,,24.9138715,67.1086935,Karachi,Sindh,Pakistan,,,,,
ffef8f37-2fad-5326-a519-b18adab5c8e9,5333760879,node,place,neighbourhood,Erum Bungalows,,,,,OSM,,,24.9152592,67.10369,Karachi,Sindh,Pakistan,,,,,
c670897f-21c7-5513-90d4-88d982098a59,5334673063,node,place,neighbourhood,Hazara Goth,,,,,OSM,,,24.9186757,67.1060712,Karachi,Sindh,Pakistan,,,,,
df03d4f0-cf9f-5353-9c32-5e7f40da46b3,4762614042,node,amenity,bank,Meezan Bank Ayeaha Manzil,,,,,OSM,,,24.924695,67.0669314,Karachi,Sindh,Pakistan,,,,,
cadb6db0-9f8c-5010-8261-b5dfa9c901b6,5334959110,node,healthcare,pharmacy,Arshi Medical & General Store,,,,,OSM,,,24.9225577,67.0671393,Karachi,Sindh,Pakistan,,,,,
17ab85e1-6cc0-51cd-ab12-608514f4eb57,12123722424,node,healthcare,pharmacy,EHAD Pharmacy,,,,,OSM,,,24.9207239,67.0666804,Karachi,Sindh,Pakistan,,,,,
6cfe21dc-176e-5b5e-a7f1-a6446a0a6f43,12124195967,node,amenity,bank,Faysal Bank,,,,,OSM,,,24.9231287,67.0679677,Karachi,Sindh,Pakistan,,,,,
0356e7dd-e77b-5660-b979-16fa069730cf,12125902508,node,leisure,park,bagh e hafsa,,,,,OSM,,,24.9228582,67.0670808,Karachi,Sindh,Pakistan,,,,,
af4372c4-ff9f-5892-906d-1251e30319f9,12125954710,node,healthcare,clinic,Al-Moin Homeo Clinic,,,,,OSM,,,24.922617,67.0689258,Karachi,Sindh,Pakistan,,,,,
107dffc7-4c99-58e0-84f4-fd68d90cebf0,12151499963,node,leisure,park,Bagh-e-Mustafa,,,,,OSM,,,24.9257997,67.0669571,Karachi,Sindh,Pakistan,,,,,
87488ba1-ad5f-563f-bc77-603fd4ae1d7a,12151570321,node,healthcare,clinic,Faisal Clinic,,,,,OSM,,,24.9262446,67.067172,Karachi,Sindh,Pakistan,,,,,
34aaa9ab-8a1e-5477-822e-840f86ffb1d8,12153141215,node,healthcare,pharmacy,Kashif Medical Store,,,,,OSM,,,24.9263531,67.0673347,Karachi,Sindh,Pakistan,,,,,
5c5211ea-4479-588f-b7a9-790a3e1eed8e,4762614051,node,amenity,bank,ایچ بی ایل پاکستان,ایچ بی ایل پاکستان,,,,OSM,,,24.9275734,67.0695177,Karachi,Sindh,Pakistan,,,ایچ بی ایل پاکستان,,
52a0cab0-3729-55a7-a70b-7b7634a8552f,4762614052,node,amenity,bank,جے ایس بینک,جے ایس بینک,,,,OSM,,,24.9283241,67.0666755,Karachi,Sindh,Pakistan,,,جے ایس بینک,جے ایس بینک,
3ce5aad8-0cd8-5ef1-a5e3-0f7b80b5adc9,5146847957,node,amenity,bank,Burj Bank,,,,,OSM,,,24.9308415,67.0678983,Karachi,Sindh,Pakistan,,,,,
3390b8cf-77e8-5213-a4a6-8a33ec3d1b9b,5146847961,node,amenity,bank,میزان بینک,میزان بینک,,,,OSM,,,24.9312156,67.0683509,Karachi,Sindh,Pakistan,,,میزان بینک,,
329c98bf-03cd-5968-a833-8f78728e520d,5147084750,node,amenity,bank,جے ایس بینک,جے ایس بینک,,,,OSM,,,24.9303355,67.0683219,Karachi,Sindh,Pakistan,,,جے ایس بینک,جے ایس بینک,
79bea106-0c01-56d1-ae62-d277ab7dd7af,5297464002,node,amenity,bank,United Bank,,,,,OSM,,,24.9320002,67.0693869,Karachi,Sindh,Pakistan,,,,,
a411df52-ff6b-5a43-87aa-41ea94073d04,5334959076,node,healthcare,pharmacy,Kashif Medical Store,,,,,OSM,,,24.9277343,67.0669158,Karachi,Sindh,Pakistan,,,,,
f7797342-989e-5c2e-b619-c38ed62b0014,12161477705,node,tourism,museum,Kolachi Art Gallery,,,,,OSM,,,24.9298206,67.0684804,Karachi,Sindh,Pakistan,,,,,
be3d53e6-218b-5d07-a9aa-b3bc490190f8,12161641246,node,healthcare,clinic,lakhani clinic,,,,,OSM,,,24.9271713,67.0680503,Karachi,Sindh,Pakistan,,,,,
2af727bc-affc-5d82-bdf1-7286ea8fd39e,12167831872,node,amenity,marketplace,ZayJeem,,,,,OSM,,,24.9313718,67.0682723,Karachi,Sindh,Pakistan,,,,,
20f59664-9049-5ef3-9c3b-68e87040557c,8319921435,node,place,neighbourhood,Yasinabad,,,,,OSM,,,24.9202282,67.0759779,Karachi,Sindh,Pakistan,,,,,
9f956677-5245-5e13-ba93-46a2c20d18d9,12133446533,node,healthcare,clinic,Muhammad's Dental Clinic,,,,,OSM,,,24.921849,67.0726608,Karachi,Sindh,Pakistan,,,,,
a1cf9fc9-77d1-5cf3-bfa3-b2cbfaf3e408,12133451743,node,healthcare,pharmacy,Prince medical store,,,,,OSM,,,24.9221107,67.0728557,Karachi,Sindh,Pakistan,,,,,
365f6bba-3d0d-5074-9eab-9296039edbc3,12133554488,node,leisure,park,Al Hamra Park ۔ ( الحمراء پارک ),,,,,OSM,,,24.9227012,67.0737487,Karachi,Sindh,Pakistan,,,,,
48313e3d-421c-565e-8ea6-4fdafb81db47,12133575781,node,healthcare,hospital,Hijama Care Farzana Dawakhana,,,,,OSM,,,24.9219891,67.0751773,Karachi,Sindh,Pakistan,,,,,
32d579fe-4012-5f06-80bc-6d60f6d3f9c7,12137522051,node,healthcare,clinic,Roshan Homeo Clinic,,,,,OSM,,,24.9222416,67.0758081,Karachi,Sindh,Pakistan,,,,,
6d5d0813-cceb-5606-bbf0-bf21fa7ee882,12153376233,node,leisure,park,Siddique E Akbar Park,,,,,OSM,,,24.9262763,67.0695833,Karachi,Sindh,Pakistan,,,,,
b9e3b369-2c09-5a77-b710-fe2fb2147b28,12153634649,node,healthcare,pharmacy,Ciba Pharma,,,,,OSM,,,24.9243464,67.0700441,Karachi,Sindh,Pakistan,,,,,
0c3ef180-e77c-5b00-9593-85680396aa9d,12153993585,node,leisure,park,QASIM PARAK,,,,,OSM,,,24.9245398,67.0720293,Karachi,Sindh,Pakistan,,,,,
456aa1d4-553e-5d17-9dfa-f7207fb5e2d2,12154002032,node,healthcare,hospital,Arif Shah Hospital,,,,,OSM,,,24.9244502,67.0717512,Karachi,Sindh,Pakistan,,,,,
01713018-22d4-5409-aace-784be8506a36,12157246959,node,healthcare,clinic,Meena homeopatic clinic,,,,,OSM,,,24.9237156,67.0742666,Karachi,Sindh,Pakistan,,,,,
356ab0b9-2ef2-55fb-a042-3c540153eadd,12160474860,node,leisure,park,Hathi Park ( Elephant 🐘 Park),,,,,OSM,,,24.9264905,67.0730358,Karachi,Sindh,Pakistan,,,,,
265fb8f8-730d-5ffc-b672-e24c1e3c7ca3,12161375904,node,healthcare,clinic,Mohamadi clinic,,,,,OSM,,,24.9263023,67.0729477,Karachi,Sindh,Pakistan,,,,,
15694564-60ec-5de2-9ee1-d31d18243ebf,12133704362,node,healthcare,pharmacy,Iqra Medical Store,,,,,OSM,,,24.9250007,67.0764459,Karachi,Sindh,Pakistan,,,,,
75cd7bba-ad88-54ea-b067-d3b5a6d91d31,12133719109,node,healthcare,clinic,Dr. Faraz Asim Medical Center,,,,,OSM,,,24.9251541,67.0767982,Karachi,Sindh,Pakistan,,,,,
d1461896-74b0-5212-a3a0-f98a6476c915,12133761901,node,healthcare,pharmacy,Allah Shafi Medical Store,,,,,OSM,,,24.9261496,67.0778236,Karachi,Sindh,Pakistan,,,,,
21de21ad-726e-5e5a-a281-f98fdea4fcd6,12133771516,node,leisure,park,Al Akhwan Park,,,,,OSM,,,24.9254477,67.0775097,Karachi,Sindh,Pakistan,,,,,
e3efd3dd-e509-594c-bad6-eaa1e52a2323,12133780029,node,healthcare,clinic,Mustafa medical complex formerly Abbasi Medical Centre. Karachi pakistan.,,,,,OSM,,,24.9264313,67.0784258,Karachi,Sindh,Pakistan,,,,,
2b79f974-5b63-5690-bca0-db3f43b68987,12133808512,node,healthcare,clinic,اقراء میڈیکل,,,,,OSM,,,24.9264523,67.0784499,Karachi,Sindh,Pakistan,,,,,
0af14955-07a9-518c-af82-8520a3c99c7b,12133910396,node,healthcare,hospital,District Health Office Central Karachi,,,,,OSM,,,24.9259007,67.0792144,Karachi,Sindh,Pakistan,,,,,
da7e5339-79b7-5917-88f9-77190b9c762f,12134157338,node,healthcare,pharmacy,"Ghousia Medical Store ,Zia Ul Haq Colony,Gulshan E Iqbal Block 1",,,,,OSM,,,24.9209167,67.0810916,Karachi,Sindh,Pakistan,,,,,
d79b60d9-8849-5504-8f2d-1e0c3b63bf2e,12137429651,node,leisure,park,مدنی عید گاہ پارک ( گوھرآباد ),,,,,OSM,,,24.9238435,67.0782312,Karachi,Sindh,Pakistan,,,,,
146d08b7-555e-58f6-b785-0270903a0e1e,12137467160,node,leisure,park,Al Madni Park,,,,,OSM,,,24.9237673,67.0773053,Karachi,Sindh,Pakistan,,,,,
f4ad2bfe-d834-58db-b9a3-e9386a33ae50,12235862166,node,healthcare,hospital,Razia Sultana Medical Centre,,,,,OSM,,,24.9222932,67.0823752,Karachi,Sindh,Pakistan,,,,,
d72b73ee-b58f-5d6b-9cff-a9cc6a3a3b75,12237198307,node,leisure,park,Quba Masjid Park,,,,,OSM,,,24.9204142,67.0825182,Karachi,Sindh,Pakistan,,,,,
d87286a5-11dd-5fe9-bd59-1f6762189c18,12237198326,node,healthcare,hospital,Ability Enhancer Academy (AEA),,,,,OSM,,,24.9201153,67.0813255,Karachi,Sindh,Pakistan,,,,,
00eed010-c72d-587d-b336-c3a37355f61f,4762614056,node,amenity,bank,بينک الحبيب,بينک الحبيب,,,,OSM,,,24.9280853,67.0747306,Karachi,Sindh,Pakistan,,,بينک الحبيب,,
0a22018c-6070-5e8a-882d-e30d2fc26d7c,4762679208,node,amenity,bank,Bank AL-ISLAMI,,,,,OSM,,,24.928631,67.0754312,Karachi,Sindh,Pakistan,,,,,
5c49de6f-336f-5e88-a1b9-35df8b42798a,4763918626,node,amenity,bank,الائیڈ بینک لمیٹڈ,الائیڈ بینک لمیٹڈ,,,,OSM,,,24.9323709,67.0708107,Karachi,Sindh,Pakistan,,,الائیڈ بینک لمیٹڈ,,
4de74eda-ba11-5966-8177-c1cb3dce48dd,4763918630,node,amenity,bank,یونائیٹڈ بینک لمیٹڈ,یونائیٹڈ بینک لمیٹڈ,,,,OSM,,,24.9324714,67.0709499,Karachi,Sindh,Pakistan,,,یونائیٹڈ بینک لمیٹڈ,,
f451201d-7554-55a8-a5e4-3613d78a45cb,4785866893,node,amenity,police,Joharabad Police Station,,,,,OSM,,,24.9301019,67.0733309,Karachi,Sindh,Pakistan,,,,,
d74cb6f8-3f8d-59b9-b79a-4c5a07d59b69,5146847962,node,amenity,bank,بینک اسلامی,بینک اسلامی,,,,OSM,,,24.9325825,67.0700756,Karachi,Sindh,Pakistan,,,بینک اسلامی,بینک اسلامی,
1bc35373-b7b6-595a-aae2-2eb7287f6bfa,5146847963,node,amenity,bank,عسکری بینک,عسکری بینک,,,,OSM,,,24.9326919,67.0702593,Karachi,Sindh,Pakistan,,,عسکری بینک,,
5908d0a3-56a8-54c5-ba17-0ed7bbcc7192,5146930686,node,leisure,park,Fatima Family Park,,,,,OSM,,,24.9320311,67.0756523,Karachi,Sindh,Pakistan,,,,,
28b5faa2-faab-57a1-a6c3-00508b80df6c,8319921419,node,place,neighbourhood,Naseerabad,,,,,OSM,,,24.9326064,67.0741284,Karachi,Sindh,Pakistan,,,,,
eca26287-3ed5-5ac9-a9fe-06760a7b026f,12153591734,node,leisure,park,Nofel Park,,,,,OSM,,,24.9267084,67.0702653,Karachi,Sindh,Pakistan,,,,,
2fca23ab-1a8d-5dc7-bf1f-9d146f17f277,12154981129,node,healthcare,hospital,Emergency NIBD,,,,,OSM,,,24.9270183,67.0749127,Karachi,Sindh,Pakistan,,,,,
6ff44efa-9869-5ffa-bb65-e08ff76fe923,12157131632,node,healthcare,clinic,Doctor mazhar dental surgery clinic,,,,,OSM,,,24.9286171,67.0755992,Karachi,Sindh,Pakistan,,,,,
315a0a25-b93a-59ea-bc33-0e7d6bea2c6d,12157133091,node,healthcare,pharmacy,Imam Homeo Clinic,,,,,OSM,,,24.9289931,67.0759444,Karachi,Sindh,Pakistan,,,,,
b067c701-e531-5a1c-ba83-c6e00fa2b5db,12159933657,node,amenity,bank,Habib Metro Bank,,,,,OSM,,,24.9282399,67.0748252,Karachi,Sindh,Pakistan,,,,,
7c80689f-4c71-59e7-9170-c75fd2035b38,12159973927,node,healthcare,hospital,Zubaida Diagnostics Dr Tahir,,,,,OSM,,,24.9276554,67.0740713,Karachi,Sindh,Pakistan,,,,,
514404c5-4331-5ae4-ac75-9f6e43fe9be9,12160419224,node,amenity,marketplace,MFS TRADERS,,,,,OSM,,,24.9277354,67.0741311,Karachi,Sindh,Pakistan,,,,,
3bc270e7-2785-5d17-9b7b-86096dc88bd7,12160496903,node,healthcare,pharmacy,KKF HOSPITAL PHARMACY,,,,,OSM,,,24.9278584,67.0713764,Karachi,Sindh,Pakistan,,,,,
416fb954-e807-5a38-8938-771a97855d49,12160511405,node,healthcare,clinic,Qayyum Qureshi Homeopathic Clinc,,,,,OSM,,,24.9267521,67.0723009,Karachi,Sindh,Pakistan,,,,,
f20c4188-e4d6-54b0-a3bf-21ac6d5fa00c,12160515081,node,healthcare,clinic,Maghrabi,,,,,OSM,,,24.926778,67.0722153,Karachi,Sindh,Pakistan,,,,,
2090ccff-1453-5e87-ac48-21918e2ba696,12161397019,node,healthcare,clinic,Al Zehra Medical Centre,,,,,OSM,,,24.9289154,67.0702362,Karachi,Sindh,Pakistan,,,,,
d02a0a22-e970-5a3b-b2e8-9e9c1e084475,12161961724,node,healthcare,clinic,Faizan Clinic,,,,,OSM,,,24.9310057,67.0720909,Karachi,Sindh,Pakistan,,,,,
e14f371e-0fc1-56d7-aaa3-5ced4cde5110,12161970742,node,healthcare,clinic,Hammad Homoeo Clinic,,,,,OSM,,,24.9308679,67.0719001,Karachi,Sindh,Pakistan,,,,,
fd0beaa2-b70a-54e3-b9e8-bad6f04c0801,12162006796,node,healthcare,hospital,Agha Khan Family Health Center And Dispensary,,,,,OSM,,,24.9312674,67.0708877,Karachi,Sindh,Pakistan,,,,,
ecd719f0-2344-5a2c-9c65-4533bb6f4896,12163059850,node,healthcare,pharmacy,Z A Mart & Pharmacy,,,,,OSM,,,24.9324073,67.0709763,Karachi,Sindh,Pakistan,,,,,
10283b29-ee7f-53cf-ba22-8d63ba65d889,12167867112,node,healthcare,hospital,"LNH Medical Services, Naseerabad, F.B. Area",,,,,OSM,,,24.9323107,67.0697991,Karachi,Sindh,Pakistan,,,,,
b75a448c-beae-5c31-98bd-555edc78e522,12167918116,node,healthcare,pharmacy,Mursaleen Matab Natural Food Pansar,,,,,OSM,,,24.9329735,67.0699389,Karachi,Sindh,Pakistan,,,,,
6bbaf4c3-f1a3-5591-8425-87d715146198,12167920340,node,healthcare,pharmacy,Mursaleen Matab Natural Food Pansar,,,,,OSM,,,24.9329735,67.0699389,Karachi,Sindh,Pakistan,,,,,
5bf2e241-9e96-5a0e-b4cd-2c7f531feb96,12167936613,node,healthcare,clinic,Health Cure,,,,,OSM,,,24.933093,67.0703712,Karachi,Sindh,Pakistan,,,,,
4d2e8bae-c3e8-5b34-9361-39f5fd9894bc,5142668095,node,leisure,park,Tariq Mohiuddin Shaheed Park,,,,,OSM,,,24.9272483,67.0764253,Karachi,Sindh,Pakistan,,,,,
c7be935a-b6c3-548a-9399-aeae0706bc5f,5340510807,node,leisure,park,Baradari Park Jamal Manzil,,,,,OSM,,,24.9296791,67.080196,Karachi,Sindh,Pakistan,,,,,
7363bf3a-40ec-5b5c-bb85-8ed29a87fec3,8319921427,node,place,neighbourhood,Dastagir,,,,,OSM,,,24.9283092,67.0782597,Karachi,Sindh,Pakistan,,,,,
6ea607ac-1bda-5ac1-9742-a1f0ad3c78ea,12134034526,node,leisure,park,T-court,,,,,OSM,,,24.9277955,67.0787835,Karachi,Sindh,Pakistan,,,,,
4bb14c74-ca7d-5c2f-a521-403fe99533e4,12134149855,node,leisure,park,Jheel Park جھیل پارک,,,,,OSM,,,24.9285707,67.0819979,Karachi,Sindh,Pakistan,,,,,
c5c921c2-92ab-5086-9cab-24dea777013a,12134193190,node,healthcare,hospital,Mehmood Memorial Hospital,,,,,OSM,,,24.9295344,67.0824447,Karachi,Sindh,Pakistan,,,,,
495faa3e-0b97-52ab-96d3-eff0142f10f8,12137419956,node,healthcare,clinic,Taseer Clinic,,,,,OSM,,,24.9280141,67.0810712,Karachi,Sindh,Pakistan,,,,,
b0614e03-789b-5ea6-92f3-a2fed8a96c8e,12157301338,node,healthcare,clinic,Noman Homoeo Clinic,,,,,OSM,,,24.92874,67.0802095,Karachi,Sindh,Pakistan,,,,,
6d46f063-6d9f-5b14-ad59-809950fc9df9,12157363438,node,amenity,bank,Meezan Bank - Dastagir Society Branch,,,,,OSM,,,24.930019,67.0772102,Karachi,Sindh,Pakistan,,,,,
ba5760ec-3a1c-580d-bdde-76c5e9faa9c8,12157400921,node,healthcare,pharmacy,AKHTAR MEDICOS,,,,,OSM,,,24.9307743,67.0782834,Karachi,Sindh,Pakistan,,,,,
597fecc2-f379-58ba-a8fa-be5d99d57976,12157407614,node,healthcare,clinic,Fazal Clinic,,,,,OSM,,,24.9307137,67.0780462,Karachi,Sindh,Pakistan,,,,,
f353da45-ad5a-5fde-b4a9-d790c923d7fb,12157721357,node,leisure,park,Mustafa Park۔ مصطفیٰ پارکv,,,,,OSM,,,24.9331669,67.0768674,Karachi,Sindh,Pakistan,,,,,
84d6e495-2260-52d5-8b17-69e555067607,12158202830,node,healthcare,clinic,R691/15f.b area osaka electronics center,,,,,OSM,,,24.9317187,67.0790521,Karachi,Sindh,Pakistan,,,,,
4ebd63c3-1d8f-578c-87ce-dfa33e7ac0a7,12159374258,node,healthcare,clinic,Al-Noor Eye clinic,,,,,OSM,,,24.9313608,67.0786847,Karachi,Sindh,Pakistan,,,,,
f1cebe54-3cd6-5d03-a582-1a41a6c8c549,12170101811,node,healthcare,clinic,Moina Clinic,,,,,OSM,,,24.9381691,67.0690026,Karachi,Sindh,Pakistan,,,,,
ffed8545-9eca-5606-a4fd-8cacd4def74b,12171403918,node,healthcare,hospital,Al-Muhammadi Medical Centre & Maternity Home - AMC,,,,,OSM,,,24.9396307,67.067681,Karachi,Sindh,Pakistan,,,,,
5ae28f45-1839-5d14-952a-342d909050e1,12171652060,node,leisure,park,Ship park gulberg,,,,,OSM,,,24.9368654,67.0668513,Karachi,Sindh,Pakistan,,,,,
3cb7c023-dfa9-59d6-8ad9-301785f1a15d,8319921418,node,place,neighbourhood,Samanabad,,,,,OSM,,,24.9410107,67.0672428,Karachi,Sindh,Pakistan,,,,,
6401510d-e739-5efe-8049-eddc7257ec03,10674374005,node,amenity,atm,,,,,,OSM,,,24.94332,67.0676373,Karachi,Sindh,Pakistan,,,,,
4c679ab6-86f4-5cea-8c9f-b12513529c11,12171334687,node,healthcare,clinic,Imam Manzil,,,,,OSM,,,24.9403512,67.0690151,Karachi,Sindh,Pakistan,,,,,
ac54fd95-970a-531f-bd25-1d75aeadb393,12171359361,node,leisure,park,WANIYA WASAMATS PARK,,,,,OSM,,,24.9399023,67.0674932,Karachi,Sindh,Pakistan,,,,,
22ce8302-d1e8-5b3f-8553-0d7aa4cd4737,12183468140,node,healthcare,clinic,Kamran Clinic,,,,,OSM,,,24.9435016,67.0673786,Karachi,Sindh,Pakistan,,,,,
34a3af66-34a7-5eeb-8a0e-69cdcc51163c,12215879926,node,healthcare,pharmacy,RAJPUTANA. WHOLE SALE Vet Medical Store.,,,,,OSM,,,24.9452899,67.0683605,Karachi,Sindh,Pakistan,,,,,
d209ec21-58c4-5e6c-9bfb-515d5dfeaa19,4763918631,node,amenity,bank,Silkbank,,,,,OSM,,,24.9333564,67.0711101,Karachi,Sindh,Pakistan,,,Silkbank Limited,,
079b4ae0-41d1-5f87-af12-d836ca71f24a,4763918632,node,amenity,bank,NIB,,,,,OSM,,,24.9344385,67.0724505,Karachi,Sindh,Pakistan,,,,MCB,
16af415b-e29a-5096-9a66-3da77f2f4d80,4763918635,node,amenity,bank,Bank Al Habib Water Pump,,,,,OSM,,,24.935728,67.0740664,Karachi,Sindh,Pakistan,,,,,
9e8131af-77bb-588e-b1cf-867f452e8118,4763918636,node,amenity,bank,عسکری بینک,عسکری بینک,,,,OSM,,,24.9359347,67.0752465,Karachi,Sindh,Pakistan,,,عسکری بینک,,
abe793b0-4916-5fab-83ec-3e664e742bb9,5127899072,node,healthcare,hospital,Ahmed Medical Centre,,,,,OSM,,,24.9347373,67.0728196,Karachi,Sindh,Pakistan,,,,,
1fe1398a-1ae4-5d67-bafd-eef74f50a114,5146847975,node,amenity,bank,"Soneri Bank, Mustaqeem Islamic Banking, Water Pump Branch",,,,,OSM,,,24.9338945,67.0727341,Karachi,Sindh,Pakistan,,,,,
1027021c-2572-5ede-9328-2a36dcd6b67c,5146930682,node,amenity,marketplace,Autos Market Waterpump,,,,,OSM,,,24.9353542,67.0758329,Karachi,Sindh,Pakistan,,,,,
885bfe5a-54b9-52ab-a40e-e86b5a04a4bc,5344339153,node,amenity,bank,بینک الفلاح,بینک الفلاح,,,,OSM,,,24.9361126,67.0745126,Karachi,Sindh,Pakistan,,,بینک الفلاح,,
b3faff94-4f91-5618-bdbc-22a21e918fee,12126218766,node,healthcare,hospital,Karachi Central Hospital,,,,,OSM,,,24.9373667,67.0758239,Karachi,Sindh,Pakistan,,,,02136328989,
42b111b5-452d-5b70-bbf2-a589d1f1143c,12163042286,node,healthcare,pharmacy,Federal Store,,,,,OSM,,,24.9337619,67.0744535,Karachi,Sindh,Pakistan,,,,,
fc810321-80d4-55f8-8940-4ed8585727f4,12165021983,node,healthcare,pharmacy,M. Ibrahim Medical Store,,,,,OSM,,,24.9340375,67.075319,Karachi,Sindh,Pakistan,,,,,
6a137f31-ee85-5b58-aecb-ccf50cf7c6bd,12165257859,node,amenity,marketplace,Bike Market Water pump,,,,,OSM,,,24.935369,67.0759795,Karachi,Sindh,Pakistan,,,,,
81009196-00fd-5a43-b4cd-76de9e255984,12168066092,node,healthcare,hospital,Dr Ghafoor Medical Centre,,,,,OSM,,,24.9352485,67.0734625,Karachi,Sindh,Pakistan,,,,,
3984698b-10e2-5a70-bccc-ff36993db2f4,12168139815,node,leisure,park,Ladies public park,,,,,OSM,,,24.9358969,67.0722167,Karachi,Sindh,Pakistan,,,,,
a37dd583-261f-58b8-985d-3fa7f1d7132c,12169421106,node,healthcare,clinic,Esthetique cosmetic clinic,,,,,OSM,,,24.9357673,67.0718801,Karachi,Sindh,Pakistan,,,,,
bff65112-da40-5912-abc2-9d93572ce515,4763918639,node,amenity,bank,یونائیٹڈ بینک لمیٹڈ,یونائیٹڈ بینک لمیٹڈ,,,,OSM,,,24.9358021,67.0771704,Karachi,Sindh,Pakistan,,,یونائیٹڈ بینک لمیٹڈ,,
5d9a352e-7283-577f-8f56-d8c08fb52240,4763918640,node,amenity,bank,,,,,,OSM,,,24.9347907,67.0781995,Karachi,Sindh,Pakistan,,,,,
dd15fdad-04e1-5cce-b646-4a3e426439df,4763918641,node,amenity,bank,بينک الحبيب,بينک الحبيب,,,,OSM,,,24.9348969,67.0780455,Karachi,Sindh,Pakistan,,,بينک الحبيب,,
c3802f66-2062-53e3-a014-fbb7ceff83c1,4763918642,node,amenity,bank,ایچ بی ایل پاکستان,ایچ بی ایل پاکستان,,,,OSM,,,24.9336536,67.0792132,Karachi,Sindh,Pakistan,,,ایچ بی ایل پاکستان,,
7c4e41d1-e9b4-5780-9888-9e592a23c5bb,4763918643,node,amenity,bank,الائیڈ بینک لمیٹڈ,الائیڈ بینک لمیٹڈ,,,,OSM,,,24.9337626,67.0791084,Karachi,Sindh,Pakistan,,,الائیڈ بینک لمیٹڈ,,
f34a2403-cd30-5b10-8a38-00c5cdd00f72,5109530471,node,amenity,bank,فیصل بینک,فیصل بینک,,,,OSM,,,24.9380246,67.0769395,Karachi,Sindh,Pakistan,,,فیصل بینک,,
32e88328-d785-5b17-9c90-6388e8d5e789,5147084773,node,amenity,marketplace,Anarkali Bazaar,,,,,OSM,,,24.937198,67.0768622,Karachi,Sindh,Pakistan,,,,,
2d28a9f6-3f54-5ed3-bd27-4d8f5741a036,5147084774,node,amenity,bank,ایم سی بی بینک,ایم سی بی بینک,,,,OSM,,,24.9368466,67.0766073,Karachi,Sindh,Pakistan,,,ایم سی بی بینک,,
62add6b8-f495-556e-96af-a6cf108655e9,5147084775,node,amenity,bank,Habib Metropolitan Bank,,,,,OSM,,,24.937007,67.0767153,Karachi,Sindh,Pakistan,,,,,
b4926645-e103-501d-942e-c64a01b34cc6,5147084776,node,amenity,marketplace,Latif Market,,,,,OSM,,,24.9374066,67.0772108,Karachi,Sindh,Pakistan,,,,,
96cc8c55-3a61-53a8-84ef-976b192e2d83,5147084777,node,amenity,bank,سمٹ بینک,سمٹ بینک,,,,OSM,,,24.9366332,67.0778337,Karachi,Sindh,Pakistan,,,سمٹ بینک,سمٹ بینک,
3b4f8703-9391-56de-a3aa-c12e86fc16fb,5340839213,node,amenity,bank,سندھ بینک,سندھ بینک,,,,OSM,,,24.9354244,67.0776009,Karachi,Sindh,Pakistan,,,سندھ بینک,,
7e29008e-3791-5393-9fd3-5498ffac7486,12126272881,node,amenity,bank,Faysal Bank,,,,,OSM,,,24.937498,67.0762182,Karachi,Sindh,Pakistan,,,,021111060606,
3d4ef936-dc16-553a-8e67-4bd59f83b306,12157611845,node,healthcare,pharmacy,Khan Medicos,,,,,OSM,,,24.9345071,67.0780063,Karachi,Sindh,Pakistan,,,,,
f51c5316-3107-5b32-8e4a-3860e45fb6bc,12157669288,node,healthcare,pharmacy,Talha Traders,,,,,OSM,,,24.9341148,67.0784398,Karachi,Sindh,Pakistan,,,,,
03dabb5f-1194-5f24-b273-3a816bb1392b,12165179788,node,healthcare,pharmacy,Babar Medical Wholesaler,,,,,OSM,,,24.9346737,67.0778967,Karachi,Sindh,Pakistan,,,,,
77703dc9-1bba-502e-89f3-e2d74c6fcfac,12165258162,node,amenity,bank,Meezan Bank - Water Pump Branch,,,,,OSM,,,24.9350781,67.0775052,Karachi,Sindh,Pakistan,,,,,
19f82c1f-874f-50b8-a43e-2e8bd199ee52,12184567197,node,amenity,bank,Faysal Bank,,,,,OSM,,,24.9379702,67.0767734,Karachi,Sindh,Pakistan,,,,,
51a4acf9-6f22-5760-9e87-65657f3b9de4,4395561689,node,amenity,atm,Bank AL Habib,,,,,OSM,,,24.9425924,67.0715406,Karachi,Sindh,Pakistan,,,,Bank AL Habib,
9c3120c6-434a-5e09-8d52-a704b696bfdc,5318467715,node,healthcare,hospital,سرکاری ویکسینیشن مرکز,سرکاری ویکسینیشن مرکز,,,,OSM,,,24.9452552,67.0750523,Karachi,Sindh,Pakistan,,,,,
644819db-f8a1-515f-834f-90b6b41bab37,5318467822,node,amenity,bank,الائیڈ بینک لمیٹڈ,الائیڈ بینک لمیٹڈ,,,,OSM,,,24.9425811,67.0717019,Karachi,Sindh,Pakistan,,,الائیڈ بینک لمیٹڈ,,
811d9f63-cf96-5af1-86c9-39a7772ce647,5318467823,node,amenity,bank,ایچ بی ایل پاکستان,ایچ بی ایل پاکستان,,,,OSM,,,24.9424401,67.0715182,Karachi,Sindh,Pakistan,,,ایچ بی ایل پاکستان,,
42d4d780-ff25-56fa-a085-7d18f8d94508,5318467824,node,amenity,bank,میزان بینک,میزان بینک,,,,OSM,,,24.9425118,67.0713934,Karachi,Sindh,Pakistan,,,میزان بینک,,
43081190-619b-5e50-ac60-920a72e4ea10,5318467825,node,amenity,bank,نیشنل بینک آف پاکستان,نیشنل بینک آف پاکستان,,,,OSM,,,24.9418118,67.0709451,Karachi,Sindh,Pakistan,,,نیشنل بینک آف پاکستان,نیشنل بینک آف پاکستان,
39b34a57-30e7-57dd-9acb-cbc3dff8db76,12124654332,node,amenity,marketplace,Sareena mobile market,,,,,OSM,,,24.9413933,67.0712816,Karachi,Sindh,Pakistan,,,,,
73918ff3-e961-59d6-adc7-bf2421ca6514,12171305620,node,healthcare,hospital,Hira Medical Center,,,,,OSM,,,24.9409525,67.0697675,Karachi,Sindh,Pakistan,,,,,
f9406e50-6e63-59b5-bf16-60023e1844e7,12216118919,node,amenity,bank,Askari Bank,عسکری بینک,,,,OSM,,,24.9428433,67.0717665,Karachi,Sindh,Pakistan,,,Askari Bank,,
63358ca7-a874-5f32-9425-9f00a7f2476d,12216204842,node,amenity,bank,یونائیٹڈ بینک لمیٹڈ,یونائیٹڈ بینک لمیٹڈ,,,,OSM,,,24.9435587,67.0726928,Karachi,Sindh,Pakistan,,,یونائیٹڈ بینک لمیٹڈ,,
29922147-fb5e-5d63-bd60-b777994f39d0,12216204862,node,leisure,park,Umar Park And Nursery,,,,,OSM,,,24.9450609,67.0744206,Karachi,Sindh,Pakistan,,,,,
965dd3c6-ae05-53a4-ace2-cbb08872f5f7,12216231786,node,healthcare,hospital,Town Health Office,,,,,OSM,,,24.9457679,67.0749659,Karachi,Sindh,Pakistan,,,,,
352925ed-f4c8-5c82-a09f-e5dbfc8172c2,12227999873,node,healthcare,pharmacy,Dawa Healthcare FB Area,,,,,OSM,,,24.9420861,67.0712055,Karachi,Sindh,Pakistan,,,,,
40db2c43-08a2-5ac8-a88a-fc49aabd08f9,12227999888,node,healthcare,pharmacy,Sky Pharmacy Samnabad,,,,,OSM,,,24.9431259,67.0723764,Karachi,Sindh,Pakistan,,,,,
cb883f08-e981-5f9c-8b84-95d2379bffd4,12227999896,node,healthcare,clinic,Arshi Dawakhana,,,,,OSM,,,24.94374,67.0731704,Karachi,Sindh,Pakistan,,,,,
3461960a-001c-5845-9e52-b00578168ef0,12228054118,node,healthcare,pharmacy,DVAGO Pharmacy & Wellness Experts,,,,,OSM,,,24.9441583,67.0736827,Karachi,Sindh,Pakistan,,,,,
4970d5ca-2f7c-50e6-9c5e-312b6d3e9cee,12228054135,node,healthcare,pharmacy,Fareed dawakhana and pansari store,,,,,OSM,,,24.9454315,67.0759424,Karachi,Sindh,Pakistan,,,,,
719e6c98-e41f-5ef2-b627-a1ca0ad9d3e5,2661741077,node,amenity,bank,ایچ بی ایل پاکستان,ایچ بی ایل پاکستان,,,,OSM,,,24.9455671,67.0771094,Karachi,Sindh,Pakistan,,,ایچ بی ایل پاکستان,,
458a1fb3-1fa7-5050-9dca-8935d3a7c912,5109580864,node,amenity,bank,یونائیٹڈ بینک لمیٹڈ,یونائیٹڈ بینک لمیٹڈ,,,,OSM,,,24.9404824,67.0799509,Karachi,Sindh,Pakistan,,,یونائیٹڈ بینک لمیٹڈ,,
bdfba102-13d2-56c1-bdf2-fe34e06f64cf,5109580865,node,amenity,atm,,,,,,OSM,,,24.9404589,67.0799263,Karachi,Sindh,Pakistan,,,,UBL,
86069b12-260a-5f24-90e7-6d4074f445a3,5109580869,node,amenity,bank,بينک الحبيب,بينک الحبيب,,,,OSM,,,24.9410346,67.0803488,Karachi,Sindh,Pakistan,,,بينک الحبيب,,
ed5cb25a-7bc0-535d-9f2b-ace5c178d416,5208337208,node,healthcare,clinic,KAMAL DENTAL SURGERY,,,,,OSM,,,24.9416737,67.0798124,Karachi,Sindh,Pakistan,,,,,
9a1d845c-9350-5f11-9e96-cf2317f4b8d8,5318467706,node,healthcare,pharmacy,Zain Medicos Ancholi,,,,,OSM,,,24.9421712,67.0793134,Karachi,Sindh,Pakistan,,,,,
31d2a771-5b84-5e7c-af33-eee7c6d520ee,12126373002,node,amenity,bank,Allied Bank Ltd. (ABL),,,,,OSM,,,24.9402735,67.0796918,Karachi,Sindh,Pakistan,,,,02136367114,
37c4a91f-bd42-5922-bb96-3d2833da5389,12183799408,node,amenity,marketplace,AW TECHNOLOGIES,,,,,OSM,,,24.9443455,67.0826307,Karachi,Sindh,Pakistan,,,,,
eeb21aeb-7146-5001-9885-fefa328c4a3b,12183876800,node,amenity,marketplace,Dealcart (Bachaat Bazaar),,,,,OSM,,,24.9460945,67.0806409,Karachi,Sindh,Pakistan,,,,,
19adf330-5102-5ff5-abf1-c0b1dd819ef1,12184031463,node,healthcare,clinic,AlHuda welfare Clinic,,,,,OSM,,,24.9427845,67.0802728,Karachi,Sindh,Pakistan,,,,,
ab065f70-5e98-51cb-a78a-4f6df57c9484,12228054137,node,healthcare,clinic,ASGHAR HOMOEOPATHIC CLINIC,,,,,OSM,,,24.9454144,67.0761972,Karachi,Sindh,Pakistan,,,,,
4ae7ce7d-cee5-5b13-99f9-1a2741f757fd,1410491682,node,healthcare,hospital,Samdani Hospital,صمدانی ہسپتال,,,,OSM,,,24.9215799,67.0882897,Karachi,Sindh,Pakistan,,,,,
34e06911-dbe3-5a8a-8345-0f8cba7aed9c,4496958483,node,amenity,bank,یونائیٹڈ بینک لمیٹڈ,یونائیٹڈ بینک لمیٹڈ,,,,OSM,,,24.922433,67.0887393,Karachi,Sindh,Pakistan,,,یونائیٹڈ بینک لمیٹڈ,,
a91ef767-8b07-5155-9b7c-52fd622e80ae,4496958484,node,amenity,bank,Meezan Bank Gulshan Block-2 Branch,,,,,OSM,,,24.9226624,67.0890468,Karachi,Sindh,Pakistan,,,,,
8805466b-845c-5f23-b78c-7c913b2a12a8,4739734275,node,amenity,bank,Faysal bank,,,,,OSM,,,24.9207525,67.0866485,Karachi,Sindh,Pakistan,,,,,
af2ef129-8994-5777-abe4-68ea41fdb75a,4775097530,node,place,neighbourhood,Gulshan-e-Iqbal Block 2,,,,,OSM,,,24.9251505,67.0880425,Karachi,Sindh,Pakistan,,,,,
a0accc07-965d-58a8-9e16-e775e721a487,4810006269,node,amenity,bank,سونیری بینک,سونیری بینک,,,,OSM,,,24.921373,67.0874614,Karachi,Sindh,Pakistan,,,سونیری بینک,سونیری بینک,
a2e48669-ecd2-5eba-aaa0-be25c208dd8d,9334729814,node,place,neighbourhood,Abid Town,,,,,OSM,,,24.9243945,67.0838218,Karachi,Sindh,Pakistan,,,,,
fdcae1ba-1b9e-55bd-b6fb-98192b5fc2e1,12133470431,node,healthcare,hospital,Samdani Hospital,,,,,OSM,,,24.9215244,67.0882142,Karachi,Sindh,Pakistan,,,,,
f8653c6b-c96a-5bc2-b8dc-4aaaaa8fe6fd,12133496910,node,amenity,bank,Askari Bank,,,,,OSM,,,24.9212479,67.0877698,Karachi,Sindh,Pakistan,,,,,
e5e9bd35-872f-59fa-b466-36e749c194a4,12133706079,node,leisure,park,Nasir Hussain Shaheed Family Park,,,,,OSM,,,24.9247821,67.0870569,Karachi,Sindh,Pakistan,,,,,
8c7c86e2-881b-5919-9f0e-0a487e27d777,12234958690,node,healthcare,clinic,Family Welfare Health care Center,,,,,OSM,,,24.922081,67.0853882,Karachi,Sindh,Pakistan,,,,,
24c94757-6b72-5552-90f2-0c0cc649b0ca,12234958691,node,amenity,bank,Bank Al Habib,بينک الحبيب,,,,OSM,,,24.9223716,67.0851078,Karachi,Sindh,Pakistan,,,Bank Al Habib,,
e0d3e4fd-055a-57d4-bf54-f82518565285,12234958693,node,healthcare,pharmacy,M.I Distributor,,,,,OSM,,,24.9226608,67.0848474,Karachi,Sindh,Pakistan,,,,,
6e773dca-6009-56c9-91e8-337810a19f10,12234971803,node,healthcare,clinic,Ma-Ayesha Clinic,,,,,OSM,,,24.921715,67.0853712,Karachi,Sindh,Pakistan,,,,,
c1ee276f-bb1e-5d11-981f-12e809cb7193,12235826501,node,amenity,marketplace,Kamran Marketکامران مارکیٹ,,,,,OSM,,,24.9220671,67.0840097,Karachi,Sindh,Pakistan,,,,,
60457237-b40f-54d5-b8cb-9544b8fe1e3e,12237223379,node,healthcare,pharmacy,Al-Imran Pharmacy,,,,,OSM,,,24.9221098,67.0882008,Karachi,Sindh,Pakistan,,,,,
6b9c9d97-7e5a-5bad-b54f-7ba4972203cc,12240518979,node,healthcare,clinic,Al Shifa Hijama Centre,,,,,OSM,,,24.926189,67.0870579,Karachi,Sindh,Pakistan,,,,,
287391ca-8938-52a6-9472-2193379bcac2,12240647217,node,healthcare,pharmacy,Al-Salam Pharmacy,,,,,OSM,,,24.9257252,67.0868137,Karachi,Sindh,Pakistan,,,,,
ac1e6ec1-4eb1-5b6e-99be-120bc441683f,12240647218,node,healthcare,clinic,Sabir Clinic,,,,,OSM,,,24.9257846,67.0866032,Karachi,Sindh,Pakistan,,,,,
645c09d4-73af-50e9-b994-1ba42c48cfa6,12240647233,node,healthcare,clinic,ALIM HOMEO CLINIC,,,,,OSM,,,24.925386,67.0855557,Karachi,Sindh,Pakistan,,,,,
613805ba-35cc-5a10-9ab1-65c0dc624ef3,12244057776,node,amenity,marketplace,Basera Market,,,,,OSM,,,24.9256655,67.0871464,Karachi,Sindh,Pakistan,,,,,
2cab0637-500d-57e1-b834-a84ca21a63b5,12244057777,node,healthcare,pharmacy,Pharmacy Medical Store,,,,,OSM,,,24.9256274,67.0871056,Karachi,Sindh,Pakistan,,,,,
21a9652e-66b9-555f-9b15-89f31c526ae9,12244057780,node,healthcare,pharmacy,DVAGO,,,,,OSM,,,24.9254845,67.0872807,Karachi,Sindh,Pakistan,,,,,
5f1cca7c-2bfc-59db-b23f-2b3fab1d45c0,12244057781,node,healthcare,clinic,Tazeen Medical Center,,,,,OSM,,,24.9254284,67.0872445,Karachi,Sindh,Pakistan,,,,,
d597c0d1-16e9-5c88-93b4-20d562813b2f,12279158162,node,healthcare,pharmacy,Hospital Medicos,,,,,OSM,,,24.9218651,67.0883948,Karachi,Sindh,Pakistan,,,,,
6e12a92e-668d-5261-a602-4e6ce13a04bb,4496798411,node,amenity,bank,بينک الحبيب,بينک الحبيب,,,,OSM,,,24.9239767,67.092332,Karachi,Sindh,Pakistan,,,بينک الحبيب,,
08e8fcb2-ff0f-54c5-8b68-e441b81bde07,4496798412,node,amenity,bank,میزان بینک,میزان بینک,,,,OSM,,,24.9238206,67.0924634,Karachi,Sindh,Pakistan,,,میزان بینک,,
72d37f66-1fd6-52d7-987c-1beec91d411f,4496798414,node,amenity,bank,National Bank,,,,,OSM,,,24.9236606,67.0926071,Karachi,Sindh,Pakistan,,,,,
d7c0e295-f89f-5825-8e75-d37ff7df7b5f,4496798415,node,amenity,bank,Bank Dubai Islami,,,,,OSM,,,24.9232366,67.0928832,Karachi,Sindh,Pakistan,,,,,
cb55480a-a997-55f6-bd80-13fcbf8f1f72,4496816490,node,amenity,bank,سندھ بینک,سندھ بینک,,,,OSM,,,24.9234372,67.0919997,Karachi,Sindh,Pakistan,,,سندھ بینک,,
64c21a30-3eb5-51be-a582-405918b073cb,4496816491,node,amenity,bank,Habib Metro Bank,,,,,OSM,,,24.9213858,67.0936929,Karachi,Sindh,Pakistan,,,,,
30ef4fc1-42df-5f2b-b2de-8972a1414c03,4496958485,node,amenity,bank,MCB Gulshan Chowrangi Branch,,,,,OSM,,,24.9228216,67.0892741,Karachi,Sindh,Pakistan,,,,,
89e9e1c8-bb0f-5fc3-9d0d-e74aacda0f3a,4737980657,node,amenity,bank,یونائیٹڈ بینک لمیٹڈ,یونائیٹڈ بینک لمیٹڈ,,,,OSM,,,24.9207083,67.0950383,Karachi,Sindh,Pakistan,,,یونائیٹڈ بینک لمیٹڈ,,
f48b5ab5-5747-5942-b0e4-be97a1ecd63e,4737980659,node,amenity,bank,الائیڈ بینک لمیٹڈ,الائیڈ بینک لمیٹڈ,,,,OSM,,,24.9206453,67.094319,Karachi,Sindh,Pakistan,,,الائیڈ بینک لمیٹڈ,,
88fb5827-271b-5f5c-ab38-5c3310ed10e2,4737980660,node,amenity,bank,Mezaan Bank,,,,,OSM,,,24.9211368,67.0939053,Karachi,Sindh,Pakistan,,,,,
05581fd9-746a-5363-b3b7-fda01622cb18,4738119308,node,amenity,bank,ایچ بی ایل پاکستان,ایچ بی ایل پاکستان,,,,OSM,,,24.9257076,67.0929342,Karachi,Sindh,Pakistan,,,ایچ بی ایل پاکستان,,
df7b8798-f619-51bf-99cc-ab8f5b35136a,4738119310,node,amenity,bank,ایم سی بی بینک,ایم سی بی بینک,,,,OSM,,,24.9261058,67.0933612,Karachi,Sindh,Pakistan,,,ایم سی بی بینک,,
1077e194-4954-52a6-9fc4-51a5b724109e,4738226177,node,amenity,bank,ایچ بی ایل پاکستان,ایچ بی ایل پاکستان,,,,OSM,,,24.9212938,67.0898259,Karachi,Sindh,Pakistan,,,ایچ بی ایل پاکستان,,
9d3955b4-46c0-514a-b3bc-628430113451,4775097529,node,place,neighbourhood,Gulshan-e-Iqbal Block 5,,,,,OSM,,,24.9207017,67.0921803,Karachi,Sindh,Pakistan,,,,,
209bc812-1f0d-563f-8bb4-700a8f2b8a61,4809964496,node,amenity,bank,عسکری بینک,عسکری بینک,,,,OSM,,,24.9252847,67.0930062,Karachi,Sindh,Pakistan,,,عسکری بینک,,
e806edff-4d4b-507d-9e94-ac77f9535ef5,4809964497,node,amenity,bank,Faisal Bank,,,,,OSM,,,24.92579,67.0936316,Karachi,Sindh,Pakistan,,,,,
a5931b23-bf7d-589b-8ebe-cf8b9aa335ce,4809964498,node,amenity,police,Gulshan Police Station,,,,,OSM,,,24.9255537,67.0945661,Karachi,Sindh,Pakistan,,,,,
0d1794e9-d05a-5d62-b541-f573548289dc,5115540213,node,amenity,bank,الائیڈ بینک لمیٹڈ,الائیڈ بینک لمیٹڈ,,,,OSM,,,24.9207088,67.0942524,Karachi,Sindh,Pakistan,,,الائیڈ بینک لمیٹڈ,,
b35af248-9058-500a-9ab5-8201404b6711,5115540216,node,amenity,bank,UBL - ATM,,,,,OSM,,,24.9206856,67.0950773,Karachi,Sindh,Pakistan,,,,,
841d6b64-41fb-51cb-809c-b0a4457cb897,5115591414,node,amenity,bank,Habib Metro Bank - ATM,,,,,OSM,,,24.9214711,67.0936112,Karachi,Sindh,Pakistan,,,,,
21ce4880-9b27-57b9-a5bd-35c7fb93858e,5117290583,node,amenity,bank,Sindh Bank - ATM,,,,,OSM,,,24.9233998,67.0920239,Karachi,Sindh,Pakistan,,,,,
a2689c33-56b6-5596-803c-357d2cb4a030,5117290590,node,amenity,bank,Bank Dubai Islami - ATM,,,,,OSM,,,24.9232726,67.0928581,Karachi,Sindh,Pakistan,,,,,
8e3c0dfc-8c86-5dde-a579-df5c795cbbf9,5117290592,node,amenity,bank,National Bank - ATM,,,,,OSM,,,24.9236216,67.0926448,Karachi,Sindh,Pakistan,,,,,
25afb3d4-60ac-540a-bf69-78d54bd3c83b,5117290594,node,amenity,bank,Meezan Bank - ATM,,,,,OSM,,,24.9237812,67.0925018,Karachi,Sindh,Pakistan,,,,,
cb6b08e8-7b0a-51f9-ab00-ee28a0a9cc92,5117290595,node,amenity,bank,Bank Al Habib,بينک الحبيب,,,,OSM,,,24.9239318,67.0923715,Karachi,Sindh,Pakistan,,,Bank Al Habib,,
6b9df77a-cc21-5196-8288-58a9f582c4dd,5117290598,node,amenity,marketplace,Kings Mobile Mall,,,,,OSM,,,24.9261211,67.0898048,Karachi,Sindh,Pakistan,,,,,
bae340b6-af14-5966-8005-b52b7c0924af,12133918368,node,healthcare,hospital,Hajira memorial hospital,,,,,OSM,,,24.9233234,67.0892898,Karachi,Sindh,Pakistan,,,,,
3c6e4dd1-cbe5-52b5-a79b-6ef46c111b13,12133918402,node,leisure,park,Mohsin Shaikh Park,,,,,OSM,,,24.9249261,67.0916866,Karachi,Sindh,Pakistan,,,,,
d450e12f-a8f7-5fba-8cd1-017d464ad257,12134295824,node,amenity,bank,silk bank,,,,,OSM,,,24.9257055,67.0935164,Karachi,Sindh,Pakistan,,,,,
5a7cb0b1-3ca1-5f14-9f92-3b0e280ef066,12134306647,node,amenity,bank,MCB Bank Block 6 Branch,,,,,OSM,,,24.9258096,67.0936685,Karachi,Sindh,Pakistan,,,,,
25693b4a-fcc7-5d1c-b0e6-235bb0202753,12134309802,node,healthcare,hospital,Al Wasay Medical Center,,,,,OSM,,,24.9249895,67.0928406,Karachi,Sindh,Pakistan,,,,,
38446603-85dc-5deb-8a8e-88f1ae2e1113,12237296816,node,healthcare,pharmacy,Ubqari Gulshan e Iqbal,,,,,OSM,,,24.9263996,67.0894587,Karachi,Sindh,Pakistan,,,,,
cbeffb56-2e4c-5030-8bf8-1169d202fbbf,12244057762,node,healthcare,clinic,AXPulse,,,,,OSM,,,24.9258127,67.0892338,Karachi,Sindh,Pakistan,,,,,
b1c90fdf-2921-570b-9606-3b07cb9f1932,12250853136,node,healthcare,clinic,Liver & Gastro Clinic ( LGC ),,,,,OSM,,,24.9257037,67.0920092,Karachi,Sindh,Pakistan,,,,,
5c950bb3-bce4-58d7-95b4-42083803bf3f,12251371872,node,healthcare,clinic,Tabish Homeopathic Clinic,,,,,OSM,,,24.9256653,67.0921953,Karachi,Sindh,Pakistan,,,,,
5f0d9e13-4a2a-5706-a6d0-870832e71ef5,12251386696,node,amenity,atm,MCB ATM,ایم سی بی بینک,,,,OSM,,,24.9263101,67.09359,Karachi,Sindh,Pakistan,,,MCB,MCB,
65a9a84d-01c8-5fe9-803d-2b43ac0b0820,12279193279,node,amenity,marketplace,QB Enterprises,,,,,OSM,,,24.9227099,67.0897203,Karachi,Sindh,Pakistan,,,,,
35905c30-9fab-57f1-a9e1-c16f38d2fde0,12279193280,node,healthcare,hospital,,,,,,OSM,,,24.9225441,67.0898698,Karachi,Sindh,Pakistan,,,,,
3c789081-da66-5557-a063-a839f79eb18d,12279193284,node,healthcare,hospital,Zaki Medical Centre,,,,,OSM,,,24.9225788,67.0900609,Karachi,Sindh,Pakistan,,,,,
a522c0e3-a938-59a4-8a4f-83656bc48616,12285638248,node,healthcare,hospital,Messiah dental care and aesthetics,,,,,OSM,,,24.9223121,67.0926312,Karachi,Sindh,Pakistan,,,,,
405bf3fb-a194-51dd-93c4-24030fccc031,12285638253,node,healthcare,pharmacy,Makkah Medical,,,,,OSM,,,24.9221149,67.092615,Karachi,Sindh,Pakistan,,,,,
6b692b19-45cb-5b8e-8189-a93994e61dd1,12285666916,node,healthcare,pharmacy,Sunshine medical and surgical store,,,,,OSM,,,24.923102,67.0922227,Karachi,Sindh,Pakistan,,,,,
fc78d41d-6634-5329-ab77-6fb1bb5f5f89,12297004480,node,leisure,park,Mona Family Park,,,,,OSM,,,24.9217284,67.0895556,Karachi,Sindh,Pakistan,,,,,
4ea3119c-ecb1-5f25-910b-edced354682c,12297159048,node,healthcare,clinic,Clinical Advisors,,,,,OSM,,,24.9200915,67.0902783,Karachi,Sindh,Pakistan,,,,,
30e4b8ae-16f6-5124-9438-a09f2c70c6c2,12298762103,node,leisure,park,FL-3 Shan Park,,,,,OSM,,,24.9208096,67.0933357,Karachi,Sindh,Pakistan,,,,,
5632e175-434f-54c8-bfe3-dd4a108cd045,12298765005,node,leisure,park,Amir Zaki Shaheed Family Park,,,,,OSM,,,24.9227743,67.091766,Karachi,Sindh,Pakistan,,,,,
2264ab89-dc75-50ce-b70e-7cdc35b05f23,5117510179,node,amenity,bank,بینک اسلامی,بینک اسلامی,,,,OSM,,,24.9305753,67.087115,Karachi,Sindh,Pakistan,,,بینک اسلامی,بینک اسلامی,
e10996a8-2d54-5990-ac40-5eeaa0055e29,5117510180,node,amenity,bank,Bank Islami - ATM,,,,,OSM,,,24.9306155,67.0870771,Karachi,Sindh,Pakistan,,,,,
09a16b66-5646-5fcc-baae-bf0522da1f09,5117510181,node,amenity,bank,ایچ بی ایل پاکستان,ایچ بی ایل پاکستان,,,,OSM,,,24.930639,67.0870487,Karachi,Sindh,Pakistan,,,ایچ بی ایل پاکستان,,
40107ad2-cada-5598-a4f3-9649e8850cf9,5117510182,node,amenity,bank,ایچ بی ایل پاکستان,ایچ بی ایل پاکستان,,,,OSM,,,24.930661,67.087022,Karachi,Sindh,Pakistan,,,ایچ بی ایل پاکستان,,
bb68d810-3ee7-5ced-9c21-d2b9bbce9e96,5117510183,node,amenity,bank,Bank Dubai Islamic,,,,,OSM,,,24.9307142,67.0869736,Karachi,Sindh,Pakistan,,,,,
ae455d38-069d-51c0-bf96-884245ef8819,5117510184,node,amenity,bank,Bank Dubai Islamic - ATM,,,,,OSM,,,24.9307624,67.0869274,Karachi,Sindh,Pakistan,,,,,
b7b65c26-3dce-5e7e-940c-3436702d0182,5117510185,node,amenity,bank,بينک الحبيب,بينک الحبيب,,,,OSM,,,24.9309188,67.0867611,Karachi,Sindh,Pakistan,,,بينک الحبيب,,
e3ab673b-79cf-586b-8d28-1d30bef57175,5117510186,node,amenity,bank,Bank Al Habib - ATM,,,,,OSM,,,24.930868,67.086811,Karachi,Sindh,Pakistan,,,,,
1540bf1a-8bd0-5a11-a1f3-a67d26815e8b,5117510190,node,amenity,bank,الائیڈ بینک لمیٹڈ,الائیڈ بینک لمیٹڈ,,,,OSM,,,24.9317672,67.0864022,Karachi,Sindh,Pakistan,,,الائیڈ بینک لمیٹڈ,,
8e627b70-d78c-58a2-bb2b-4781f2671a20,5117510191,node,amenity,bank,الائیڈ بینک لمیٹڈ,الائیڈ بینک لمیٹڈ,,,,OSM,,,24.9317182,67.0864194,Karachi,Sindh,Pakistan,,,الائیڈ بینک لمیٹڈ,,
27b0c6cc-b489-5b6f-99c3-4e5570f68e77,5117510198,node,amenity,bank,ایچ بی ایل پاکستان,ایچ بی ایل پاکستان,,,,OSM,,,24.9324864,67.0861862,Karachi,Sindh,Pakistan,,,ایچ بی ایل پاکستان,,
0fce980f-2541-542d-a8dd-a3b4de06ce4d,5117510199,node,amenity,bank,ایچ بی ایل پاکستان,ایچ بی ایل پاکستان,,,,OSM,,,24.9325552,67.0861602,Karachi,Sindh,Pakistan,,,ایچ بی ایل پاکستان,,
a284b579-2df6-51a1-bb40-50c5a73e8b92,5340510811,node,healthcare,pharmacy,Asim Medical Store,,,,,OSM,,,24.9296043,67.0852314,Karachi,Sindh,Pakistan,,,,,
6851befe-7445-509f-ba23-1a7b4e8cefbc,12137243232,node,healthcare,clinic,Homoe Health Clinic,,,,,OSM,,,24.929679,67.0834556,Karachi,Sindh,Pakistan,,,,,
2c841ffc-577d-592e-8554-02de266fc155,12244231767,node,healthcare,clinic,Tibbe Nabvi Clinic and Store,,,,,OSM,,,24.9279816,67.0891833,Karachi,Sindh,Pakistan,,,,,
b59af611-a8f3-5115-baa7-15ded0c9c76b,4775097532,node,place,neighbourhood,Gulshan-e-Iqbal Block 3,,,,,OSM,,,24.9280696,67.0918232,Karachi,Sindh,Pakistan,,,,,
168c4c3e-36f4-59e6-9e01-ef3355759ebf,5300544443,node,healthcare,clinic,Dhoraji Kidmai Dispensary,,,,,OSM,,,24.9321247,67.0937999,Karachi,Sindh,Pakistan,,,,,
52c78458-55c4-532a-9142-3bcacc087b72,12244231760,node,healthcare,clinic,Rizwan Clinic,,,,,OSM,,,24.9286128,67.0892262,Karachi,Sindh,Pakistan,,,,,
9473a73a-05bb-5976-bd90-e6a7b42d83d2,12250667217,node,leisure,park,Children Park KDA کے ڈی اے چلڈرن پارک,,,,,OSM,,,24.9278195,67.0934506,Karachi,Sindh,Pakistan,,,,,
b7efdfef-b725-5533-b454-4b72f056cb68,12250853139,node,healthcare,pharmacy,Kifaz Pharmaceutical Pvt Ltd Headoffice,,,,,OSM,,,24.9271045,67.0910527,Karachi,Sindh,Pakistan,,,,,
3eba23d5-6c77-5ac5-af96-5ad7b91f1445,12250952999,node,amenity,bank,Meezan Bank,میزان بینک,,,,OSM,,,24.927483,67.0895066,Karachi,Sindh,Pakistan,,,Meezan Bank,,
81836beb-7405-5368-8599-f77a86528887,12252206029,node,healthcare,pharmacy,Discovery Pharmacy,,,,,OSM,,,24.9271401,67.0947625,Karachi,Sindh,Pakistan,,,,,
750e5711-4cbc-5bc5-abaa-e958b64f3b2a,12252233113,node,healthcare,pharmacy,DVAGO Pharmacy & Wellness Experts,,,,,OSM,,,24.9275204,67.0951897,Karachi,Sindh,Pakistan,,,,,
7fd15b4e-fd64-5248-b3df-f1c74ca9ffe6,12252233122,node,amenity,bank,Bank Al Habib,بينک الحبيب,,,,OSM,,,24.9276747,67.0954052,Karachi,Sindh,Pakistan,,,Bank Al Habib,,
47e8da29-5c79-5ade-903b-7d2007b90243,12252233130,node,amenity,bank,Askari Bank,عسکری بینک,,,,OSM,,,24.928015,67.0957169,Karachi,Sindh,Pakistan,,,Askari Bank,,
56deb6b3-5939-5176-97da-53f794205b1b,12254860359,node,amenity,marketplace,Gabol Market (New Dhoraji),,,,,OSM,,,24.9325758,67.0940158,Karachi,Sindh,Pakistan,,,,,
5528d274-29ac-51e3-9363-e88a9fd1838d,4773096197,node,amenity,bank,Askari Bank SBTE Branch,,,,,OSM,,,24.9213958,67.101291,Karachi,Sindh,Pakistan,,,,,
a5590920-ed4d-5f9f-ba02-21bbce990d09,4773096198,node,healthcare,pharmacy,Ibn-e-Sina Pharmacy,,,,,OSM,,,24.9221327,67.1021333,Karachi,Sindh,Pakistan,,,,,
7ff960dd-06c4-5c4a-8ff6-84f8a3b509d0,4775097533,node,place,neighbourhood,Gulshan-e-Iqbal Block 6,,,,,OSM,,,24.924457,67.097219,Karachi,Sindh,Pakistan,,,,,
74b5a50b-8c2d-5000-8c1b-cedafb1378e3,12197403955,node,healthcare,pharmacy,maseeha Pharmacy,,,,,OSM,,,24.9241864,67.1019931,Karachi,Sindh,Pakistan,,,,,
e08d4ffb-8b20-57b8-ad7b-f70da89e377c,12197426954,node,amenity,bank,Meezan Bank - Time Square Branch,,,,,OSM,,,24.9222737,67.1021972,Karachi,Sindh,Pakistan,,,,,
dcc39bf0-855b-5db4-9b6a-22b7993234dc,12304716216,node,healthcare,clinic,Lifestyle Aesthetic Clinic Gulshan,,,,,OSM,,,24.9214307,67.1002486,Karachi,Sindh,Pakistan,,,,,
1eedf30c-6407-53bc-bf45-aaefa6a5adf8,4773096210,node,healthcare,hospital,The Modern Hospital,,,,,OSM,,,24.926015,67.1073176,Karachi,Sindh,Pakistan,,,,,
98b8781a-62e7-56b4-8411-de2f15ccf11c,4793731862,node,amenity,bank,HBL Bank,ایچ بی ایل پاکستان,,,,OSM,,,24.9222477,67.1033506,Karachi,Sindh,Pakistan,,,HBL Bank,,
63dabd7e-ffe1-5f5a-a5d1-d9d40d5a4ce5,5334673064,node,place,neighbourhood,Madhu Goth,,,,,OSM,,,24.9228119,67.1066645,Karachi,Sindh,Pakistan,,,,,
5c6b2d54-0d2a-5231-9134-b558403c657f,12194846491,node,amenity,atm,,,,,,OSM,,,24.9208544,67.1056775,Karachi,Sindh,Pakistan,,,,,
5448f3e4-829f-5db7-a2cd-9147c41a8a6e,12194867593,node,healthcare,hospital,Psychologist Dr. Daniyal,,,,,OSM,,,24.9259233,67.1072283,Karachi,Sindh,Pakistan,,,,,
f5c10ca5-0447-57fd-83fb-945f4005447b,12194871502,node,amenity,atm,,,,,,OSM,,,24.921482,67.1054441,Karachi,Sindh,Pakistan,,,,,
1f34cd1c-f305-5070-b77e-83aadcd8c4bd,12194875235,node,amenity,atm,,,,,,OSM,,,24.9215647,67.1056694,Karachi,Sindh,Pakistan,,,,,
60393d95-0c85-5c61-b7fa-e4d2ceb0b15f,12194889076,node,healthcare,hospital,"EPI Center, The Modern Hospital, Gulshan Iqbal Block-7, District East Karachi",,,,,OSM,,,24.9261453,67.1072773,Karachi,Sindh,Pakistan,,,,,
17b64926-b6d4-52af-a787-7bba72ad71bf,4738119318,node,amenity,bank,یونائیٹڈ بینک لمیٹڈ,یونائیٹڈ بینک لمیٹڈ,,,,OSM,,,24.9280694,67.0959938,Karachi,Sindh,Pakistan,,,یونائیٹڈ بینک لمیٹڈ,,
1fe44617-d2bb-5811-a198-ef6ece8bc3c0,4738119321,node,amenity,bank,Habib Metro Bank,,,,,OSM,,,24.9285279,67.0965437,Karachi,Sindh,Pakistan,,,,,
ff4c690f-8c69-5f21-a3ed-e0777b564586,4738119330,node,amenity,bank,بینک الفلاح,بینک الفلاح,,,,OSM,,,24.9297983,67.0981118,Karachi,Sindh,Pakistan,,,بینک الفلاح,,
4ce1c085-9a22-5209-b774-2176130adfa3,4738119336,node,amenity,bank,جے ایس بینک,جے ایس بینک,,,,OSM,,,24.9315898,67.1003462,Karachi,Sindh,Pakistan,,,جے ایس بینک,جے ایس بینک,
6dbd539a-6ed2-5882-a842-94d2c155d251,4809964511,node,amenity,atm,BankIslami,,,,,OSM,,,24.9282267,67.0968139,Karachi,Sindh,Pakistan,,,,,
26d7ad63-98ab-57be-ba09-e2c0a96a898c,4809964519,node,amenity,bank,میزان بینک,میزان بینک,,,,OSM,,,24.9289879,67.0971893,Karachi,Sindh,Pakistan,,,میزان بینک,,
c8724765-b87a-57d9-bc9f-3b3930faa544,4809964833,node,healthcare,hospital,Haji Rang Elahi Eye & General Hospital,,,,,OSM,,,24.9319681,67.0997879,Karachi,Sindh,Pakistan,,,,,
78888167-09af-5b5b-9dd9-9295b85d7297,4809964835,node,amenity,bank,Al Baraka Islamic Bank,,,,,OSM,,,24.9310039,67.1004937,Karachi,Sindh,Pakistan,,,,,
498538d6-f1d6-5ab2-839f-e352550b97c0,4809964836,node,amenity,bank,سونیری بینک,سونیری بینک,,,,OSM,,,24.9312683,67.1008558,Karachi,Sindh,Pakistan,,,سونیری بینک,سونیری بینک,
bf075e0c-aa6d-56c5-b2a8-b320afb092f8,4809964837,node,amenity,atm,فیصل بینک,فیصل بینک,,,,OSM,,,24.9313535,67.1009854,Karachi,Sindh,Pakistan,,,فیصل بینک,,
227b4187-4c85-5cad-80ec-4e476155ecf5,4810006250,node,amenity,bank,الائیڈ بینک لمیٹڈ,الائیڈ بینک لمیٹڈ,,,,OSM,,,24.9322123,67.1021506,Karachi,Sindh,Pakistan,,,الائیڈ بینک لمیٹڈ,,
c93fdc1c-ca40-562d-a370-bb081aee3d4d,12252249704,node,healthcare,pharmacy,Haaim Medical Store,,,,,OSM,,,24.9284825,67.0964297,Karachi,Sindh,Pakistan,,,,,
5fc86ac1-bd89-5c31-9315-09fd14fe5da5,12252249708,node,healthcare,clinic,Dr.Azra Clinic,,,,,OSM,,,24.9291674,67.0967494,Karachi,Sindh,Pakistan,,,,,
90815e24-46fd-586b-a8d0-ce0eff3dfc6e,12254860347,node,healthcare,clinic,Al Hameed Homeo Clinic & Store,,,,,OSM,,,24.9307801,67.0958417,Karachi,Sindh,Pakistan,,,,,
b7c603ea-5e25-56f8-9b8b-eff368190c88,12255010379,node,healthcare,pharmacy,Sky Pharmacy,,,,,OSM,,,24.9314677,67.1000828,Karachi,Sindh,Pakistan,,,,,
c5c9b101-6f64-5e1b-94b9-61473c438680,12260391446,node,healthcare,hospital,Al Fatima Hospital,,,,,OSM,,,24.9308184,67.0981724,Karachi,Sindh,Pakistan,,,,,
77fdd0b7-305a-5502-a535-50e6483e5d6c,4775097534,node,place,neighbourhood,Gulshan-e-Iqbal Block 7,,,,,OSM,,,24.9290468,67.1041035,Karachi,Sindh,Pakistan,,,,,
02543be1-f630-5d88-8456-ead3e3462c1f,4809964839,node,healthcare,hospital,Ayesha Medical Centre,,,,,OSM,,,24.9322405,67.1023442,Karachi,Sindh,Pakistan,,,,,
66029c0e-70f3-5736-b802-1d3989d0608c,4810006253,node,amenity,bank,Sindh Bank Limited,,,,,OSM,,,24.9328135,67.1029669,Karachi,Sindh,Pakistan,,,,,
2536b41f-f327-5044-b4f8-83c884da225a,5130682855,node,healthcare,hospital,Western Dental Hospital,,,,,OSM,,,24.9331703,67.1024779,Karachi,Sindh,Pakistan,,,,Western Dental Hospital,
e4d23cb2-600f-580b-8af4-aaa502e6ddd8,5334673042,node,place,neighbourhood,Sui Gas Company Karachi Society,,,,,OSM,,,24.9305669,67.1087244,Karachi,Sindh,Pakistan,,,,,
3af39af7-5dba-5138-9975-60ce6cdbc764,4763918645,node,amenity,bank,الائیڈ بینک لمیٹڈ,الائیڈ بینک لمیٹڈ,,,,OSM,,,24.9367402,67.0849532,Karachi,Sindh,Pakistan,,,الائیڈ بینک لمیٹڈ,,
ab787a60-b70c-5024-ac59-1ef51ddfb7b4,4775097537,node,place,neighbourhood,Federal B Area Block 21,,,,,OSM,,,24.937149,67.0876128,Karachi,Sindh,Pakistan,,,,,
e170b29c-1ca4-546d-8969-e8cc0f8c607c,5117510211,node,amenity,bank,الائیڈ بینک لمیٹڈ,الائیڈ بینک لمیٹڈ,,,,OSM,,,24.9365894,67.0849747,Karachi,Sindh,Pakistan,,,الائیڈ بینک لمیٹڈ,,
3bc9a576-7149-554e-b798-3c68624f14c4,5334673043,node,place,neighbourhood,Haji Lemo Goth,,,,,OSM,,,24.9346333,67.0920625,Karachi,Sindh,Pakistan,,,,,
d6907c32-cdaf-5488-a3c1-5a971a8dc3d2,12260394676,node,landuse,cemetery,Baluch Cemetery,,,,,OSM,,,24.9343388,67.0942573,Karachi,Sindh,Pakistan,,,,,
93800cba-1672-5f80-9715-2c44b0572ed6,12260971434,node,healthcare,pharmacy,HURA Pharmacy,,,,,OSM,,,24.9335429,67.0951993,Karachi,Sindh,Pakistan,,,,,
22d3da00-1267-55e1-b95b-3f5d3cd138f3,12272573708,node,healthcare,pharmacy,Kashif Medical Store,,,,,OSM,,,24.9372884,67.0921206,Karachi,Sindh,Pakistan,,,,,
3666f928-10b6-5358-8cd3-d4599decd74c,12272573729,node,leisure,park,Omar Bin Khattab Park,,,,,OSM,,,24.9362606,67.0956633,Karachi,Sindh,Pakistan,,,,,
5f22c898-880f-5898-9cc8-bdde2ecde1de,12272816825,node,amenity,marketplace,Ladder Mart,,,,,OSM,,,24.939256,67.095394,Karachi,Sindh,Pakistan,,,,,
dbd628ff-bece-5775-9584-41256c1446c6,12272816827,node,healthcare,hospital,Tawakkal Medical Centre,,,,,OSM,,,24.9392846,67.0945689,Karachi,Sindh,Pakistan,,,,,
205a4deb-d26b-5fe3-9cfe-8d5b8560f6a9,5083878790,node,amenity,marketplace,Allah wala Shopping Center,,,,,OSM,,,24.9429079,67.084998,Karachi,Sindh,Pakistan,,,,,
45f2a720-2ebd-5913-91c4-0663f61090b4,12183980455,node,amenity,fire_station,Sohrab Goth Fire Station,,,,,OSM,,,24.9445943,67.0831027,Karachi,Sindh,Pakistan,,,,,
c4a61b7c-bb3f-5edd-bdea-2dd73affbcc7,5137562866,node,amenity,bank,HBL Bank,ایچ بی ایل پاکستان,,,,OSM,,,24.9437436,67.095613,Karachi,Sindh,Pakistan,,,HBL Bank,,
b624514a-f886-53d1-9525-3e0517a2dee3,5137562867,node,amenity,bank,ایچ بی ایل پاکستان,ایچ بی ایل پاکستان,,,,OSM,,,24.9437768,67.0955842,Karachi,Sindh,Pakistan,,,ایچ بی ایل پاکستان,,
595c9f67-44ec-5f99-b775-1a341bfee7f1,5137562872,node,amenity,bank,یونائیٹڈ بینک لمیٹڈ,یونائیٹڈ بینک لمیٹڈ,,,,OSM,,,24.944269,67.0955511,Karachi,Sindh,Pakistan,,,یونائیٹڈ بینک لمیٹڈ,,
ad396b3f-7e56-5c30-bc69-7fe02127e789,5137562873,node,amenity,bank,UBL - ATM,,,,,OSM,,,24.9442921,67.0955296,Karachi,Sindh,Pakistan,,,,,
952874d0-7795-56b4-ab9c-7dfc13bda165,4785718489,node,amenity,police,Mobina Town Police Station,,,,,OSM,,,24.9390283,67.1007538,Karachi,Sindh,Pakistan,,,,,
a323e1f0-4385-5e5f-8c64-b37ccbb76501,12261050575,node,amenity,atm,Bank AL Habib ATM,بينک الحبيب,,,,OSM,,,24.9347654,67.0973156,Karachi,Sindh,Pakistan,,,Bank Al Habib,Bank Al Habib,
ff08a493-b944-519f-b859-b8ce57d6f180,12261159402,node,leisure,park,Ahmed Saeed Qureshi Park,,,,,OSM,,,24.9365872,67.097986,Karachi,Sindh,Pakistan,,,,,
22eaca1b-26f7-5e97-8aab-886704530231,12261164741,node,healthcare,clinic,Dr abdul razak nabi clinic,,,,,OSM,,,24.938235,67.1010165,Karachi,Sindh,Pakistan,,,,,
6c4bb183-8136-515e-8fa0-8c24aa1dca1d,4669077924,node,leisure,park,Scouts Training Park,,,,,OSM,,,24.9393899,67.1046287,Karachi,Sindh,Pakistan,,,,,
eb948a05-19fc-58d5-a1d6-49b70268c8ba,4739734285,node,amenity,bank,Meezan bank ltd,,,,,OSM,,,24.9347543,67.1051493,Karachi,Sindh,Pakistan,,,,,
51b34db3-5c71-5cda-a15d-6d09da5a67ae,4739734288,node,amenity,bank,Bank Al Habib Limited,,,,,OSM,,,24.9347309,67.1051053,Karachi,Sindh,Pakistan,,,,,
57f26d9c-3b60-5c7d-8877-bac674c6fb6f,5137256187,node,amenity,bank,Habib Metrpolitan,,,,,OSM,,,24.9375824,67.10283,Karachi,Sindh,Pakistan,,,,,
ecd132ed-96f6-5c1d-b3ba-beb434e11780,5137256188,node,amenity,bank,Habib Metrpolitan - ATM,,,,,OSM,,,24.9376206,67.1027869,Karachi,Sindh,Pakistan,,,,,
e98875c2-d7d8-5b1e-bdc9-dfa612238210,5137256191,node,amenity,bank,بینک الفلاح,بینک الفلاح,,,,OSM,,,24.9377632,67.1026234,Karachi,Sindh,Pakistan,,,بینک الفلاح,,
2a5f51b1-f9f9-55ab-b732-7aded89a3fc1,5137256192,node,amenity,bank,Bank Alfalah - ATM,,,,,OSM,,,24.937741,67.102658,Karachi,Sindh,Pakistan,,,,,
6af852a3-e2d6-58e5-b7e1-c6a13627bab1,5137562832,node,amenity,bank,Meezan Bank,میزان بینک,,,,OSM,,,24.9401608,67.0993737,Karachi,Sindh,Pakistan,,,Meezan Bank,,
f29e6b15-40fb-5a33-a8fa-b461938e6cb8,5137562833,node,amenity,bank,Meezan Bank - ATM,,,,,OSM,,,24.9401367,67.0993967,Karachi,Sindh,Pakistan,,,,,
afbe503f-3ca1-5751-9b47-20db15cb2f54,5137562841,node,amenity,bank,ایم سی بی بینک,ایم سی بی بینک,,,,OSM,,,24.9410077,67.0986239,Karachi,Sindh,Pakistan,,,ایم سی بی بینک,,
27019387-c6a1-5b72-9cf1-51e7db9fb1d2,5137562842,node,amenity,bank,MCB Bank - ATM,,,,,OSM,,,24.9409708,67.0986558,Karachi,Sindh,Pakistan,,,,,
ab0d0714-a227-5545-85ad-a5066799e78e,5137562855,node,amenity,bank,Bank al Habib ATM,,,,,OSM,,,24.943052,67.0968375,Karachi,Sindh,Pakistan,,,,,
34ed6efe-4dbe-51fa-8a17-b77b00fba882,5137562856,node,amenity,bank,Bank al Habib,,,,,OSM,,,24.9430761,67.0968102,Karachi,Sindh,Pakistan,,,,,
ff90d42a-0198-506c-ad4c-e9a88ad1a97a,5137562862,node,amenity,bank,الائیڈ بینک لمیٹڈ,الائیڈ بینک لمیٹڈ,,,,OSM,,,24.9436299,67.096193,Karachi,Sindh,Pakistan,,,الائیڈ بینک لمیٹڈ,,
11bb7e0a-e6fe-5d60-9916-6cd928e14c4e,5137562863,node,amenity,bank,الائیڈ بینک لمیٹڈ,الائیڈ بینک لمیٹڈ,,,,OSM,,,24.9436693,67.0961636,Karachi,Sindh,Pakistan,,,الائیڈ بینک لمیٹڈ,,
50245266-b917-5081-b959-55393887f30f,5336256074,node,leisure,park,A1 Park,,,,,OSM,,,24.9462325,67.0992971,Karachi,Sindh,Pakistan,,,,,
5cd93e2b-8ad4-5854-88ad-9abf8dcc314a,12197418740,node,healthcare,pharmacy,R. M. A. Medicos,,,,,OSM,,,24.9434271,67.0957737,Karachi,Sindh,Pakistan,,,,,
0a45074c-b715-5793-9fcb-b2cb28b517fa,12279129217,node,healthcare,clinic,العمار دارالشفاء Al Ammar Darul Shifa,,,,,OSM,,,24.9423818,67.0969278,Karachi,Sindh,Pakistan,,,,,
440b614f-ee41-5330-9a0d-f43c119da860,4775097535,node,place,neighbourhood,Metroville 3,,,,,OSM,,,24.9441206,67.1034363,Karachi,Sindh,Pakistan,,,,,
23f23c6d-884e-5974-981f-2364d1762f84,10556419584,node,place,neighbourhood,,,,,,OSM,,,24.9437757,67.1058765,Karachi,Sindh,Pakistan,,,,,
dc97cb24-676e-50e7-b581-b41f0f4e7db7,4763918650,node,amenity,bank,SME Bank,,,,,OSM,,,24.9477725,67.0820813,Karachi,Sindh,Pakistan,,,,,
0b66473b-24ec-5510-95ca-f36df4c67208,4763918652,node,amenity,bank,Faysal bank,,,,,OSM,,,24.9492015,67.0809648,Karachi,Sindh,Pakistan,,,,,
1ef8414b-b340-5de2-97ad-7f1b8e0bda62,4763918653,node,amenity,bank,بينک الحبيب,بينک الحبيب,,,,OSM,,,24.9491021,67.0812889,Karachi,Sindh,Pakistan,,,بينک الحبيب,,
b9acb53e-f583-5fd8-9ea1-80ee1ccdae15,5117511623,node,amenity,bank,Bank Al Habib - ATM,,,,,OSM,,,24.9489828,67.0813777,Karachi,Sindh,Pakistan,,,,,
67ad4e41-a69a-5d47-ab62-b102b40355c3,5117511624,node,amenity,bank,Faysal bank - ATM,,,,,OSM,,,24.9492079,67.0810784,Karachi,Sindh,Pakistan,,,,,
c997cb8f-a0ae-517e-aeea-49e284f543d8,5157033896,node,place,neighbourhood,Al Noor Society,,,,,OSM,,,24.9497672,67.0764644,Karachi,Sindh,Pakistan,,,,,
5190fc00-79f8-55f4-9733-64e0c356e811,5336256072,node,amenity,bank,فیصل بینک,فیصل بینک,,,,OSM,,,24.9466439,67.101353,Karachi,Sindh,Pakistan,,,فیصل بینک,,
59124a52-d33f-5ab2-acd1-2523ef93124b,4785718490,node,amenity,police,Gulzar-e-Hijri Police Station,,,,,OSM,,,24.9497827,67.1056483,Karachi,Sindh,Pakistan,,,,,
c468268a-5d89-5f68-8f48-b4e4a0d748cb,5336256063,node,leisure,park,Javed Park,,,,,OSM,,,24.9481839,67.1051338,Karachi,Sindh,Pakistan,,,,,
2d56fedf-bb31-5559-9fb2-23c60934ec36,5336256065,node,amenity,bank,BankIslami,,,,,OSM,,,24.9484419,67.1040273,Karachi,Sindh,Pakistan,,,,,
07cbc985-2272-51e9-98bd-497a3664fb33,5336256066,node,healthcare,hospital,Biochemic & Homeopathic Clinic,,,,,OSM,,,24.9481174,67.1043892,Karachi,Sindh,Pakistan,,,,,
109b5928-a5ba-50a1-b059-0b5dce5a3792,5336256067,node,leisure,park,Metro Park,,,,,OSM,,,24.9475184,67.1038163,Karachi,Sindh,Pakistan,,,,,
d77a7a3f-e7f3-5ad0-bd1c-015a2cb03060,5328676527,node,place,neighbourhood,Block A Gulshan e Jamal,,,,,OSM,,,24.9001918,67.1104269,Karachi,Sindh,Pakistan,,,,,
0c1954ae-58c7-50f2-8c9c-8f89f6890198,5328676528,node,place,neighbourhood,Block C Gulshan e Jamal,,,,,OSM,,,24.9000367,67.114057,Karachi,Sindh,Pakistan,,,,,
704ceee0-4c59-56a3-b444-56335c73da5a,4758222509,node,amenity,bank,Silkbank,,,,,OSM,,,24.9044971,67.113066,Karachi,Sindh,Pakistan,,,Silkbank Limited,,
58b68413-1b7c-53f8-97b1-2350eba328d0,4772739814,node,amenity,bank,Samba Bank,,,,,OSM,,,24.9065554,67.1120044,Karachi,Sindh,Pakistan,,,,,
f38e6e0b-8468-5fbc-a9b4-4d4d02e44e82,4775171572,node,place,neighbourhood,Gulshan e Iqbal Block 10A,,,,,OSM,,,24.9053879,67.1110943,Karachi,Sindh,Pakistan,,,,,
36f1542b-5f27-5fe9-b88a-483034e92483,5115183075,node,amenity,atm,Silkbank ATM - Rashid Minhas Road,,,,,OSM,,,24.9044484,67.1131149,Karachi,Sindh,Pakistan,,,,Slikbank,
0a0bbbe7-492c-5210-bb8c-2aa9dfdb7d1d,5115183087,node,amenity,atm,Samba Bank,,,,,OSM,,,24.9065972,67.1119535,Karachi,Sindh,Pakistan,,,,Samba Bank ATM,
09acd97b-0402-51d8-99be-18022cf1fd1a,4772708995,node,amenity,bank,اسٹینڈرڈ چارٹرڈ,اسٹینڈرڈ چارٹرڈ,,,,OSM,,,24.9059306,67.1167187,Karachi,Sindh,Pakistan,,,اسٹینڈرڈ چارٹرڈ,اسٹینڈرڈ چارٹرڈ,
6bb71c2f-9678-5c76-9fd6-43860e2e2cdb,4772708996,node,amenity,atm,الائیڈ بینک لمیٹڈ,الائیڈ بینک لمیٹڈ,,,,OSM,,,24.9059814,67.1168191,Karachi,Sindh,Pakistan,,,الائیڈ بینک لمیٹڈ,,
6fdd3f68-1af7-5b87-90cf-a5ec28409f5f,4772708998,node,amenity,atm,Tameer Bank,,,,,OSM,,,24.9054837,67.1159692,Karachi,Sindh,Pakistan,,,,,
b6289a58-1a7d-5b7e-82a5-afa4cb9daabb,4772709015,node,amenity,bank,Askari Bank Limited,,,,,OSM,,,24.9022728,67.1156522,Karachi,Sindh,Pakistan,,,,,
f22fead0-b5f5-55b8-adb7-40dfd789b1fa,4772709016,node,amenity,atm,الائیڈ بینک لمیٹڈ,الائیڈ بینک لمیٹڈ,,,,OSM,,,24.9005645,67.116792,Karachi,Sindh,Pakistan,,,Allied Bank Limited,Allied Bank Limited,
d2263843-5322-5936-a9b0-b110d432ba9d,4772709017,node,amenity,atm,Standard Chartered Bank ATM,,,,,OSM,,,24.9005183,67.1167652,Karachi,Sindh,Pakistan,,,Standard Chartered,Standard Chartered,
63f66601-9ce5-5e0d-a1cd-09a95db9c852,4773087672,node,amenity,bank,الائیڈ بینک لمیٹڈ,الائیڈ بینک لمیٹڈ,,,,OSM,,,24.9059945,67.1169005,Karachi,Sindh,Pakistan,,,الائیڈ بینک لمیٹڈ,,
7b79255e-1c46-52c9-9c23-e62e7b642abe,5339035670,node,place,neighbourhood,Hina Bungalows,,,,,OSM,,,24.9042952,67.1206861,Karachi,Sindh,Pakistan,,,,,
e25f58ad-47b3-53df-b026-ab8c0fee3632,5339035671,node,place,neighbourhood,Munir Foundation,,,,,OSM,,,24.9047364,67.1181426,Karachi,Sindh,Pakistan,,,,,
6ce05838-f7a2-5da3-8b46-3108865014fa,12025420889,node,amenity,atm,HBL,ایچ بی ایل پاکستان,,,,OSM,,,24.900609,67.116821,Karachi,Sindh,Pakistan,,,HBL Bank,HBL Bank,
faf6a155-edf8-5c82-ad57-d364e6bd22de,4775344228,node,place,neighbourhood,Askari 4,,,,,OSM,,,24.9005005,67.1223775,Karachi,Sindh,Pakistan,,,,,
cfbc533d-1fd2-5630-9284-a7611d933d66,5281424461,node,place,neighbourhood,Joher Block 19,,,,,OSM,,,24.9052888,67.1248297,Karachi,Sindh,Pakistan,,,,,
6b06659b-cb8d-5cf6-b1ae-a1e34cd2a7c0,5339035666,node,place,neighbourhood,Central Govt Employees Cooperative Housing Society,,,,,OSM,,,24.9069028,67.1274082,Karachi,Sindh,Pakistan,,,,,
ed322556-7ea7-51fa-a1ff-69f4002a68e1,5339035667,node,place,neighbourhood,Crystal Homes,,,,,OSM,,,24.9067004,67.1249053,Karachi,Sindh,Pakistan,,,,,
86c8062f-52c1-5962-8bf4-e038112bb7ce,5339035668,node,place,neighbourhood,Aramish Bungalows,,,,,OSM,,,24.9066261,67.1244378,Karachi,Sindh,Pakistan,,,,,
d9402922-8cc8-575e-bb42-ba544179746d,5339035669,node,place,neighbourhood,Owais Homes,,,,,OSM,,,24.906389,67.1232117,Karachi,Sindh,Pakistan,,,,,
a399d811-79ea-53e2-9c63-154c845d335e,4758115392,node,amenity,bank,Khushali Bank Limited,,,,,OSM,,,24.9081218,67.1090595,Karachi,Sindh,Pakistan,,,,,
f3d5e19e-7d83-556b-a6ad-50595e69e161,4758115393,node,amenity,bank,MCB Rashid Minhas Branch,,,,,OSM,,,24.9078499,67.1094215,Karachi,Sindh,Pakistan,,,,,
ffd3ff72-66be-54ca-a0b5-0714a3545929,4758159983,node,amenity,bank,بینک الفلاح,بینک الفلاح,,,,OSM,,,24.9074777,67.1098965,Karachi,Sindh,Pakistan,,,بینک الفلاح,,
c4a0eca4-9ffd-5682-a159-c748de332624,4772739798,node,amenity,atm,Habib Bank ATM,,,,,OSM,,,24.9085753,67.1094745,Karachi,Sindh,Pakistan,,,,,
f3ea8ed9-6089-54a4-a73e-4e520857fc6e,4772739802,node,amenity,atm,Habib Metropolitan ATM,,,,,OSM,,,24.9079527,67.1101379,Karachi,Sindh,Pakistan,,,,,
195eeaaf-56ff-5300-9601-0d5e93c878e7,5115183089,node,amenity,atm,,,,,,OSM,,,24.907485,67.1099109,Karachi,Sindh,Pakistan,,,,Bank Al Falah ATM,
a367b441-efa2-5741-86de-40213987c754,5333760882,node,place,neighbourhood,Evaque Society,,,,,OSM,,,24.9103783,67.1111699,Karachi,Sindh,Pakistan,,,,,
2ab8e6d7-ad05-50d9-8fe8-b5c9ec39a372,4772708942,node,amenity,bank,بينک الحبيب,بينک الحبيب,,,,OSM,,,24.9085728,67.1199897,Karachi,Sindh,Pakistan,,,بينک الحبيب,,
dd6b83f4-31b9-5c90-8ad4-5ec00f6be06e,4772708948,node,amenity,bank,NBP COD Branch,,,,,OSM,,,24.9090751,67.1204979,Karachi,Sindh,Pakistan,,,,,
777fd5e4-0ad8-51ea-9b89-a81db08431bb,4772708950,node,healthcare,hospital,Rida Medical Centre,,,,,OSM,,,24.9095495,67.1205288,Karachi,Sindh,Pakistan,,,,,
42500e5d-c2e6-591c-afb1-f8d1cd25f2eb,4772708978,node,amenity,bank,SUMMIT BANK,,,,,OSM,,,24.9087498,67.1211438,Karachi,Sindh,Pakistan,,,,,
0d2e9bb2-7907-5ca8-ab74-a47cbd3691a2,4772708980,node,amenity,bank,NAFA Islamic Saving Centre,,,,,OSM,,,24.9083991,67.1206431,Karachi,Sindh,Pakistan,,,,,
77aefcd8-1d14-583f-860b-017a314ba7dd,4772708981,node,amenity,bank,فیصل بینک,فیصل بینک,,,,OSM,,,24.9083725,67.1205923,Karachi,Sindh,Pakistan,,,فیصل بینک,,
5af79437-bff0-582e-8a9e-a60751e3a595,4772708984,node,amenity,bank,جے ایس بینک,جے ایس بینک,,,,OSM,,,24.9082062,67.1203427,Karachi,Sindh,Pakistan,,,جے ایس بینک,جے ایس بینک,
624e1a09-441b-5de0-8355-dc2e1bd26bc1,4772708985,node,amenity,bank,ایچ بی ایل پاکستان,ایچ بی ایل پاکستان,,,,OSM,,,24.9081615,67.1202688,Karachi,Sindh,Pakistan,,,ایچ بی ایل پاکستان,,
a36b00a2-06f4-5eea-99e7-9da57860e14d,4772708987,node,amenity,bank,Burj Bank Limited,,,,,OSM,,,24.9080861,67.120164,Karachi,Sindh,Pakistan,,,,,
38411b45-b26e-5348-b4ef-8e2df646d6f6,4772708989,node,amenity,bank,Hbl Bank Gulistan-e-johar,,,,,OSM,,,24.9079408,67.1199514,Karachi,Sindh,Pakistan,,,,,
9a637228-1441-53ae-afc9-c333a8019088,4772708991,node,amenity,bank,دبئی اسلامی بینک,دبئی اسلامی بینک,,,,OSM,,,24.9076348,67.1195016,Karachi,Sindh,Pakistan,,,دبئی اسلامی بینک,,
557f2d53-6b80-5dd1-81d1-80aca0518796,5297001607,node,leisure,park,Overseas Park 1,,,,,OSM,,,24.9113977,67.1170913,Karachi,Sindh,Pakistan,,,,,
1048cd9c-88d7-5c2b-aae3-1c21b8da7a0b,5297001617,node,healthcare,clinic,Al-Madina Medical Center,,,,,OSM,,,24.9084927,67.1191542,Karachi,Sindh,Pakistan,,,,,
fdcf2fe9-2139-58c6-8b5a-e25804e2a72a,5329124576,node,place,neighbourhood,Gulistan-e-Johar Block 16 A,,,,,OSM,,,24.9134974,67.1155619,Karachi,Sindh,Pakistan,,,,,
be9c3929-39de-58ed-9af9-2388ece15fbd,5333760884,node,place,neighbourhood,KDA Overseas Bungalows,,,,,OSM,,,24.9129298,67.1155553,Karachi,Sindh,Pakistan,,,,,
65977d3d-fdc3-502f-9bd5-d244ceaa6f49,5333760885,node,place,neighbourhood,Naveed Bungalows,,,,,OSM,,,24.9118534,67.1198413,Karachi,Sindh,Pakistan,,,,,
b7f9992b-0865-5cd8-8f3d-c9c43afa00b4,5339035664,node,place,neighbourhood,Long Life Bangalows,,,,,OSM,,,24.9100638,67.1189391,Karachi,Sindh,Pakistan,,,,,
c862cd9d-1ec2-563b-8711-45053a8a0b93,12192585668,node,amenity,marketplace,The AN Marketing,,,,,OSM,,,24.9125139,67.1186446,Karachi,Sindh,Pakistan,,,,,
80e11c50-a62e-5f28-801c-273e9b68844e,12192612035,node,amenity,bank,Bank al habib ATM,,,,,OSM,,,24.9117146,67.1171416,Karachi,Sindh,Pakistan,,,,,
4d8bb263-4f69-5f1c-98d8-8bd1e3fff107,12192612916,node,leisure,park,Overseas Family Park,,,,,OSM,,,24.9123106,67.116184,Karachi,Sindh,Pakistan,,,,,
eaf09e78-afa1-5033-abab-b06ff3a3dcc2,12192617770,node,healthcare,clinic,Bashir Ahmed Medical and Dental Clinic,,,,,OSM,,,24.9130411,67.1199777,Karachi,Sindh,Pakistan,,,,,
0558493f-0a53-5e34-8464-724987d0fae2,12192628637,node,amenity,marketplace,Mark Media Marketing,,,,,OSM,,,24.9124385,67.1184439,Karachi,Sindh,Pakistan,,,,,
6728f0b9-ec6f-51a6-9af7-cb63a04d0a55,5286054976,node,place,neighbourhood,Jumma Khan Goth,,,,,OSM,,,24.918244,67.1094305,Karachi,Sindh,Pakistan,,,,,
f3ff6dda-0035-56fa-8f68-a2d19763847f,6305478232,node,healthcare,hospital,Fatma Hospital,,,,,OSM,,,24.9179858,67.1108071,Karachi,Sindh,Pakistan,,,,,
d01a5dce-5ea2-556f-bfe3-a30ee2d7a9e9,12192619861,node,leisure,park,H-Park,,,,,OSM,,,24.9137409,67.1148724,Karachi,Sindh,Pakistan,,,,,
d3da9a7e-6c0c-5b09-9b02-d164b8b94545,4781144383,node,place,neighbourhood,Block 16 Gulistan-e-Johar,,,,,OSM,,,24.9153722,67.1172532,Karachi,Sindh,Pakistan,,,,,
a6c18b3d-619d-50f8-9a36-2168c415100b,5085898840,node,amenity,bank,بينک الحبيب,بينک الحبيب,,,,OSM,,,24.9188329,67.1189274,Karachi,Sindh,Pakistan,,,بينک الحبيب,,
3aa7a20c-0221-526f-aee3-5485148168c9,5085898846,node,leisure,park,Family park,,,,,OSM,,,24.9185719,67.119002,Karachi,Sindh,Pakistan,,,,,
b086f2ac-78cf-542c-aba6-298739dc6b78,5085898847,node,healthcare,pharmacy,SHALIMAR MEDICAL STORE,,,,,OSM,,,24.9183566,67.1194053,Karachi,Sindh,Pakistan,,,,,
d8d65f88-83d3-5263-805a-f778ea0e9e11,5085898853,node,healthcare,clinic,Dr. Khalid Bhatti Eye and Consulting Clinic,,,,,OSM,,,24.9174892,67.1203822,Karachi,Sindh,Pakistan,,,,,
aabe3193-da5b-5cb6-b18b-3fe420569b2a,5297001605,node,healthcare,hospital,PIA Hospital Complex,,,,,OSM,,,24.9140389,67.1208348,Karachi,Sindh,Pakistan,,,,,
d9b754d0-3e14-5f65-89e0-90aef23cc6fe,12192575589,node,leisure,park,K Park,,,,,OSM,,,24.9145875,67.1167097,Karachi,Sindh,Pakistan,,,,,
5cad700e-4a3f-5750-b272-0aa5a3c473b5,12192712403,node,healthcare,pharmacy,New Time Medical Store,,,,,OSM,,,24.9137478,67.1210056,Karachi,Sindh,Pakistan,,,,,
016d7338-0e02-598c-b1ba-f36b957db5b2,3856485888,node,amenity,bank,ایم سی بی بینک,ایم سی بی بینک,,,,OSM,,,24.9117043,67.1246341,Karachi,Sindh,Pakistan,,,ایم سی بی بینک,,
e8c0cba9-c71d-5a33-9653-82399de821a9,4772708964,node,amenity,bank,"Soneri Bank, Gulistan-e-Jauhar Branch",,,,,OSM,,,24.9108138,67.1242196,Karachi,Sindh,Pakistan,,,,,
82861079-fdbe-5b0f-9132-2fe9c326576d,4772708966,node,amenity,bank,بينک الحبيب,بينک الحبيب,,,,OSM,,,24.9100184,67.1230494,Karachi,Sindh,Pakistan,,,بينک الحبيب,,
5a57586f-fd5a-5dc4-a6f0-cbf7a738ed8f,4772708972,node,amenity,bank,Meezan Bank Ltd.,,,,,OSM,,,24.9093841,67.1221097,Karachi,Sindh,Pakistan,,,,,
eb0c4906-c94a-5444-b355-254be3ebb39f,4772802698,node,amenity,bank,ایم سی بی بینک,ایم سی بی بینک,,,,OSM,,,24.9127659,67.1258782,Karachi,Sindh,Pakistan,,,ایم سی بی بینک,,
17d6bc75-0a23-5ab2-b7fd-645a974c48d0,4772802699,node,amenity,bank,Habib Metropolitan,,,,,OSM,,,24.9128397,67.125949,Karachi,Sindh,Pakistan,,,,,
19fe2511-98a8-5b9d-b587-2a856ca34e50,4772802701,node,amenity,bank,الائیڈ بینک لمیٹڈ,الائیڈ بینک لمیٹڈ,,,,OSM,,,24.9131029,67.1262799,Karachi,Sindh,Pakistan,,,الائیڈ بینک لمیٹڈ,,
f53676f9-7c99-5e02-8c09-e326cbf7823d,4772802702,node,amenity,bank,بینک اسلامی,بینک اسلامی,,,,OSM,,,24.9131671,67.1263578,Karachi,Sindh,Pakistan,,,بینک اسلامی,بینک اسلامی,
c9b01c9f-151d-55c0-aa32-f6536d0802ca,4772803746,node,amenity,bank,عسکری بینک,عسکری بینک,,,,OSM,,,24.9120357,67.125836,Karachi,Sindh,Pakistan,,,عسکری بینک,,
bdf538fc-8d09-5874-97d7-6cbc2a06fd7f,4773087666,node,amenity,bank,ایم سی بی بینک,ایم سی بی بینک,,,,OSM,,,24.9127355,67.1258403,Karachi,Sindh,Pakistan,,,ایم سی بی بینک,,
e0af8d6e-f155-5dd7-8a7d-e9ac3c5ec8fa,4773087667,node,amenity,bank,Habib Metropolitan,,,,,OSM,,,24.9128155,67.125917,Karachi,Sindh,Pakistan,,,,,
f4199d8e-96ed-5ee7-91e9-840139f903a6,5086027332,node,amenity,bank,NBP Cod Branch;Basera Towers,,,,,OSM,,,24.9119928,67.1250218,Karachi,Sindh,Pakistan,,,,,
2d4473aa-a737-57f7-8a81-e6de96df5dd0,5086027334,node,amenity,bank,Bank Alflah Johar Chawrangi Branch,,,,,OSM,,,24.9100226,67.1283948,Karachi,Sindh,Pakistan,,,,,
6736cc19-c677-5120-9f04-3b324a88b36f,5339035665,node,place,neighbourhood,Munir Garden,,,,,OSM,,,24.9074113,67.1228464,Karachi,Sindh,Pakistan,,,,,
316d1bb0-f18b-52b8-ae42-d95d5c8bb01c,4781144379,node,place,neighbourhood,Block 13 Gulistan-e-Johar,,,,,OSM,,,24.9119346,67.1315705,Karachi,Sindh,Pakistan,,,,,
302d5ada-22de-582d-94fc-79545916a345,5086088924,node,amenity,bank,"Bank Al Habib Limited, Johar Block 13",,,,,OSM,,,24.9090031,67.1321616,Karachi,Sindh,Pakistan,,,,,
dda5ac69-c20e-5b24-a9f8-5b351c30f183,5339035673,node,place,neighbourhood,Rufi Foundation,,,,,OSM,,,24.9073058,67.129914,Karachi,Sindh,Pakistan,,,,,
f446485f-a601-50df-9d20-54d1321a1046,3858236056,node,amenity,bank,میزان بینک,میزان بینک,,,,OSM,,,24.9141559,67.1273435,Karachi,Sindh,Pakistan,,,میزان بینک,,
a31e399a-6175-58de-b572-1d800be170ac,4772802705,node,amenity,bank,یونائیٹڈ بینک لمیٹڈ,یونائیٹڈ بینک لمیٹڈ,,,,OSM,,,24.9137481,67.1269594,Karachi,Sindh,Pakistan,,,یونائیٹڈ بینک لمیٹڈ,,
c1509672-7103-5d61-aeb8-cd3b97fab480,4772802710,node,amenity,atm,Standard Chartered Bank Pakistan Ltd.,,,,,OSM,,,24.9147271,67.1279221,Karachi,Sindh,Pakistan,,,,,
a41b5635-644b-5153-9737-8c778f408225,5128368408,node,healthcare,hospital,دارالصحت ہسپتال,دارالصحت ہسپتال,,,,OSM,,,24.9142362,67.1274877,Karachi,Sindh,Pakistan,,,,,
e9f9498f-61da-53f6-9e7c-c0c1320f0f0b,5130682861,node,healthcare,hospital,Cheezal Dental & Medical Hospital,,,,,OSM,,,24.9193812,67.122457,Karachi,Sindh,Pakistan,,,,,
ee6663a8-0513-5d50-8b3b-8a3b54a37e5c,5297001603,node,healthcare,hospital,Alsehat Rehabilitation Services,,,,,OSM,,,24.9146819,67.125659,Karachi,Sindh,Pakistan,,,,,
5f9e0ee5-7fe2-5058-ad82-cd15c4df1e00,5297001604,node,healthcare,clinic,Sana Medical Centre,,,,,OSM,,,24.9139643,67.1222571,Karachi,Sindh,Pakistan,,,,,
b1a5bbd6-9917-5107-89bc-79cc47e30e69,8950847478,node,healthcare,clinic,Dar us Sehat Clinic,,,Clinic,,OSM,,,24.914913,67.126649,Karachi,Sindh,Pakistan,,,,,
db8f597a-3808-5291-8c43-e75d6f3a6215,4772802713,node,amenity,bank,بينک الحبيب,بينک الحبيب,,,,OSM,,,24.917823,67.1311888,Karachi,Sindh,Pakistan,,,بينک الحبيب,,
2a11c64f-b92b-5d8d-9f6a-a7a4065e06a5,4772802718,node,amenity,bank,Al Baraka Bank,,,,,OSM,,,24.9192655,67.1327848,Karachi,Sindh,Pakistan,,,Al Baraka Bank Limited,,
d4edf6bf-a4be-5ab2-ade0-444cb5f26075,5297001602,node,amenity,police,FIA NR3C Circle Sindh Zone,,,,,OSM,,,24.9152308,67.1285273,Karachi,Sindh,Pakistan,,,,,
16d1138d-c490-5a7d-896e-75fa2df62b8c,5085728505,node,amenity,marketplace,Furniture Market,,,,,OSM,,,24.9247259,67.1140362,Karachi,Sindh,Pakistan,,,,,
b2dd508e-fd82-5223-90f6-b2d26ac23c3a,5085728509,node,amenity,bank,ایچ بی ایل پاکستان,ایچ بی ایل پاکستان,,,,OSM,,,24.9244205,67.1150241,Karachi,Sindh,Pakistan,,,ایچ بی ایل پاکستان,,
2d85c132-fc25-5386-bff6-6f478bb9b076,5085836876,node,amenity,bank,میزان بینک,میزان بینک,,,,OSM,,,24.9241931,67.1154941,Karachi,Sindh,Pakistan,,,میزان بینک,,
75e7a3bd-f58e-57e3-8d99-f0d0bb5dbffc,5085836880,node,amenity,bank,سمٹ بینک,سمٹ بینک,,,,OSM,,,24.9234232,67.1159293,Karachi,Sindh,Pakistan,,,سمٹ بینک,سمٹ بینک,
c25f1de2-3d86-5364-ad3e-64d45a018f1b,5085836884,node,amenity,bank,یونائیٹڈ بینک لمیٹڈ,یونائیٹڈ بینک لمیٹڈ,,,,OSM,,,24.9227002,67.1157082,Karachi,Sindh,Pakistan,,,یونائیٹڈ بینک لمیٹڈ,,
88b309ab-4535-5bf2-b186-815d6498c4ae,5142741148,node,leisure,park,Family Park,,,,,OSM,,,24.9219854,67.1186652,Karachi,Sindh,Pakistan,,,,,
aeeabd39-d1ed-5ca5-8465-6de7881428ef,5286054982,node,leisure,park,APHA Family Park,,,,,OSM,,,24.9208939,67.1173725,Karachi,Sindh,Pakistan,,,,,
24c84a9e-75e2-507a-beb1-3e228897f785,4773096218,node,amenity,bank,National Bank of Pakistan (NED Branch),,,,,OSM,,,24.9301253,67.1151897,Karachi,Sindh,Pakistan,,,,,
20991725-0196-521f-977a-de1ea027a1f9,4773096330,node,amenity,bank,Bank Al Habib,بينک الحبيب,,,,OSM,,,24.9279864,67.1127229,Karachi,Sindh,Pakistan,,,Bank Al Habib,,
a69a694e-1bca-50c7-8351-a94fe9c2aa6d,4793731872,node,amenity,bank,Allied Bank,الائیڈ بینک,,,,OSM,,,24.9280982,67.1129554,Karachi,Sindh,Pakistan,,,Allied Bank Limited,,
e74f4fab-e865-59f8-900d-5bbf67c1614b,4773096219,node,amenity,bank,Habib Metro Bank,,,,,OSM,,,24.9301308,67.1158241,Karachi,Sindh,Pakistan,,,,,
bac99e12-f4a2-5b44-8a3c-499d90e45667,4773096220,node,amenity,bank,یونائیٹڈ بینک لمیٹڈ,یونائیٹڈ بینک لمیٹڈ,,,,OSM,,,24.9308635,67.1176611,Karachi,Sindh,Pakistan,,,یونائیٹڈ بینک لمیٹڈ,,
ee12c0d5-f4ca-5cfb-a4a8-5a3e9a409707,4773096323,node,leisure,park,Fatima Surayya Bajia Family Park,,,,,OSM,,,24.9293224,67.1173497,Karachi,Sindh,Pakistan,,,,,
fb6255b3-68c5-5d9a-a223-24eccb9b9097,4773096324,node,amenity,bank,MCB,ایم سی بی بینک,,,,OSM,,,24.9299259,67.1168629,Karachi,Sindh,Pakistan,,,MCB,,
2c92dd7d-8789-5275-9d90-aa2823b3b3be,5596526852,node,leisure,park,Under Development,,,,,OSM,,,24.9219398,67.1242319,Karachi,Sindh,Pakistan,,,,,
a9268302-f109-566b-92fb-5a45ee2d773b,5281786538,node,leisure,park,Tulip Park,,,,,OSM,,,24.9218525,67.1311344,Karachi,Sindh,Pakistan,,,,,
93ffccfe-93c7-5e65-9fbc-1c39aaa46391,5316354787,node,leisure,park,Afza Altaf Family Park,,,,,OSM,,,24.9317481,67.1323632,Karachi,Sindh,Pakistan,,,,,
9dfe5c91-c25f-5baf-8c32-29ff83123bbc,5316415689,node,leisure,park,Johar Park,,,,,OSM,,,24.9293132,67.1295849,Karachi,Sindh,Pakistan,,,,,
0f1ba057-5145-51aa-99fd-744c590d38ac,5328676536,node,place,neighbourhood,,,,,,OSM,,,24.9307102,67.1317912,Karachi,Sindh,Pakistan,,,,,
6ddf2b29-2e34-5d6e-9e85-19ec859f7401,5330851451,node,amenity,bank,نیشنل بینک آف پاکستان,نیشنل بینک آف پاکستان,,,,OSM,,,24.9398086,67.1197262,Karachi,Sindh,Pakistan,,,نیشنل بینک آف پاکستان,نیشنل بینک آف پاکستان,
947f1bf6-f59e-55de-a1ce-bfc61e4dbb9a,5330851457,node,amenity,bank,ایچ بی ایل پاکستان,ایچ بی ایل پاکستان,,,,OSM,,,24.9407278,67.1169506,Karachi,Sindh,Pakistan,,,ایچ بی ایل پاکستان,,
e4b16b8a-f247-5035-a7be-6e9666190db6,5336782551,node,amenity,bank,سندھ بینک,سندھ بینک,,,,OSM,,,24.9368625,67.1274896,Karachi,Sindh,Pakistan,,,سندھ بینک,,
44eecc20-dbeb-5fc9-830a-5acfa00363dc,3947096897,node,amenity,atm,ایچ بی ایل پاکستان,ایچ بی ایل پاکستان,,,,OSM,,,24.9341557,67.1289546,Karachi,Sindh,Pakistan,,,ایچ بی ایل پاکستان,Habib Bank Ltd,
4b36ff0c-5066-52e0-b00f-675db745697e,5333529833,node,place,neighbourhood,Poineer Cottages,,,,,OSM,,,24.9476289,67.109721,Karachi,Sindh,Pakistan,,,,,
002311fe-8b66-5881-9740-fcb4b88c1f29,5333529837,node,place,neighbourhood,Ayub Goth,,,,,OSM,,,24.9478873,67.131024,Karachi,Sindh,Pakistan,,,,,
7e438f4c-547e-59e5-8e1c-f4199065e077,82077783,way,leisure,park,Mehmood Ghaznavi Park,,,,,OSM,,,24.9040333,67.0820564,Karachi,Sindh,Pakistan,,,,,
ff30b8a5-a240-5d26-98d2-c8ab74815426,519876199,way,place,neighbourhood,گلشن اقبال بلاک 13 بی,گلشن اقبال بلاک 13 بی,,,,OSM,,,24.9076261,67.0798379,Karachi,Sindh,Pakistan,,,,,
686af804-92e4-52e8-9877-2179c05ae979,1122257735,way,leisure,park,Wasim Bagh,,,,,OSM,,,24.907416,67.0736565,Karachi,Sindh,Pakistan,,,,KMC,
74b57cd3-0967-53ed-aa4d-ff93e3a22cf3,519876210,way,leisure,park,Amir Siddiqui Family Park & Ayeza Play Land,,,,,OSM,,,24.9035209,67.0742449,Karachi,Sindh,Pakistan,,,,,
e9fa72f6-1b38-55ee-8599-faf8c4fdac9f,26632637,way,tourism,museum,PIA Planetarium,,,,,OSM,,,24.903084,67.0775227,Karachi,Sindh,Pakistan,,,,,
d24e0e7a-fe99-5c69-8141-17392f22893c,584516612,way,leisure,park,Johar Park,جوھر پارک,,,,OSM,,,24.9053715,67.0769858,Karachi,Sindh,Pakistan,,,,,
1bf6304c-378d-5d84-a24c-c440748543a9,552761381,way,place,neighbourhood,Zofi (most beautiful girl) lives here,,,,,OSM,,,24.9229326,67.0725129,Karachi,Sindh,Pakistan,,,,,
8191ea82-1dc5-558c-aeb4-010d3e6fc84c,895072681,way,leisure,park,Morr Park,,,,,OSM,,,24.9181668,67.068044,Karachi,Sindh,Pakistan,,,,,
042f5c11-a6b1-5eed-a496-6719e6c0f6fa,519886111,way,leisure,park,,,,,,OSM,,,24.9079302,67.0748363,Karachi,Sindh,Pakistan,,,,,
2f000604-6b52-5227-9440-343ce20030eb,237798299,way,leisure,park,,,,,,OSM,,,24.9136765,67.0825959,Karachi,Sindh,Pakistan,,,,,
24f64995-fcda-5f51-99ee-d2e1c6b25d0a,349167629,way,landuse,cemetery,,,,,,OSM,,,24.9144998,67.0759987,Karachi,Sindh,Pakistan,,,,,
ed7d63ff-fe48-58fb-84eb-ef387e2b7bab,435273447,way,leisure,park,Block 1 Park,,,,,OSM,,,24.9201851,67.0825107,Karachi,Sindh,Pakistan,,,,,
2c94fd80-fdf0-5393-9e7c-cc0972749e1c,519834202,way,place,neighbourhood,Gulshan e Iqbal Block 13D 2,,,,,OSM,,,24.9099634,67.0770217,Karachi,Sindh,Pakistan,,,,,
6462258c-371f-5772-9273-f704bdcdeecc,519857918,way,place,neighbourhood,Gulshan e Iqbal Block 13C,,,,,OSM,,,24.9112339,67.0867253,Karachi,Sindh,Pakistan,,,,,
e4df1ead-4c73-524b-a37e-ac6a76a3dccd,895072678,way,leisure,park,,,,,,OSM,,,24.9204846,67.0722571,Karachi,Sindh,Pakistan,,,,,
f57f08a6-2d2f-5ffc-a596-5d0a0890ed5f,466283082,way,leisure,park,Bilal mosque park,,,,,OSM,,,24.9005926,67.0873135,Karachi,Sindh,Pakistan,,,,,
3237e69b-a34c-5299-a91b-293b104c56bf,519895256,way,place,neighbourhood,Gulshan e Iqbal Block 9,,,,,OSM,,,24.9098125,67.0913512,Karachi,Sindh,Pakistan,,,,,
e2ea8822-1c10-5dc0-9326-f03c0baee496,520332238,way,place,neighbourhood,Gulshan e Iqbal Block 19,,,,,OSM,,,24.9067643,67.0940718,Karachi,Sindh,Pakistan,,,,,
a48b2360-03b0-5762-ad06-0c4619b99b6c,699339368,way,leisure,park,,,,,,OSM,,,24.9005798,67.0957673,Karachi,Sindh,Pakistan,,,,,
9f03cdf1-4e03-545c-a043-96ce3abc528b,82077792,way,leisure,park,,,,,,OSM,,,24.9028683,67.0881288,Karachi,Sindh,Pakistan,,,,,
363a3d4b-7990-54b5-ae59-424f2c513988,448567560,way,leisure,park,,,,,,OSM,,,24.9035498,67.0908855,Karachi,Sindh,Pakistan,,,,,
eb2e43fb-3c4c-5ffe-bd03-20b6c714472a,519859141,way,leisure,park,,,,,,OSM,,,24.9065521,67.0950006,Karachi,Sindh,Pakistan,,,,,
230c6411-0b6d-5adc-93a9-30457dac2ff9,544760612,way,natural,water,,,,,,OSM,,,24.9022817,67.0922819,Karachi,Sindh,Pakistan,,,,,
735652bc-c2a3-5559-8c93-238cd8bc4678,544760613,way,natural,water,,,,,,OSM,,,24.9017584,67.0919416,Karachi,Sindh,Pakistan,,,,,
699845ce-98f0-5818-bc66-6952d9d436d6,544760614,way,natural,water,,,,,,OSM,,,24.9011967,67.0916146,Karachi,Sindh,Pakistan,,,,,
0c3beea0-10ea-510c-8296-69c89b4dd1bd,544760617,way,natural,water,,,,,,OSM,,,24.9028286,67.0934903,Karachi,Sindh,Pakistan,,,,,
ad5b131e-faa7-5e71-bc9d-87ec26158f73,544760618,way,natural,water,,,,,,OSM,,,24.9032484,67.0946554,Karachi,Sindh,Pakistan,,,,,
c25a0038-bc6b-5831-8a41-5717631a2ba6,544760619,way,natural,water,,,,,,OSM,,,24.9029613,67.0944931,Karachi,Sindh,Pakistan,,,,,
fdbc83fb-13da-5c85-8049-5692867c6129,544760620,way,natural,water,,,,,,OSM,,,24.9026649,67.0943162,Karachi,Sindh,Pakistan,,,,,
119e8c7b-64c6-5fad-beeb-eb4e1f304ace,544760621,way,natural,water,,,,,,OSM,,,24.9024284,67.0941276,Karachi,Sindh,Pakistan,,,,,
9b8511ed-4f2f-5091-9169-2e162e285149,707954921,way,leisure,park,,,,,,OSM,,,24.9015,67.0955606,Karachi,Sindh,Pakistan,,,,,
c3c45d36-723d-5655-ac0d-d2d6e560edbd,707954937,way,leisure,park,,,,,,OSM,,,24.901789,67.0940831,Karachi,Sindh,Pakistan,,,,,
5fab7d8f-2323-53fa-a6ab-57d6ea5cb052,707954955,way,leisure,park,,,,,,OSM,,,24.9019205,67.0949197,Karachi,Sindh,Pakistan,,,,,
c1c8d997-9028-5e94-928d-2c32629e3b5b,520986471,way,place,neighbourhood,National Cement Employee Housing Society,,,,,OSM,,,24.9085157,67.1054497,Karachi,Sindh,Pakistan,,,,,
5c7e3649-77b1-51d7-b7e5-c3e3b5c80a17,520991005,way,place,neighbourhood,Central Gov. Employee Co-Op Housing Society,,,,,OSM,,,24.9024511,67.1082842,Karachi,Sindh,Pakistan,,,,,
8cad42ac-f8eb-5865-841d-4b52dcffa10e,524053734,way,amenity,bank,Bank Of Punjab,,,,,OSM,,,24.9112012,67.0873038,Karachi,Sindh,Pakistan,,,,BOP,
2f6caf55-c631-5484-a457-a7386421a30a,524053786,way,healthcare,hospital,dr tariq zahid khan,,,,,OSM,,,24.9094099,67.0846969,Karachi,Sindh,Pakistan,,,,,
748e498b-afbe-570b-bc76-c94fbdd4f22e,615496574,way,natural,water,,,,,,OSM,,,24.9130191,67.0936403,Karachi,Sindh,Pakistan,,,,,
34fe451c-8a1d-5a6a-89ca-abf92d675403,616048253,way,natural,water,,,,,,OSM,,,24.9132552,67.093445,Karachi,Sindh,Pakistan,,,,,
62400356-4a13-5eb1-af2a-ba6e86bdec70,616048255,way,natural,water,,,,,,OSM,,,24.912645,67.093945,Karachi,Sindh,Pakistan,,,,,
a47ea514-051d-5b28-8e8c-c544a39ad57c,616048256,way,natural,water,,,,,,OSM,,,24.9132264,67.0939406,Karachi,Sindh,Pakistan,,,,,
3be330ec-8f2c-54ba-95b8-3410c30ab8e5,452821691,way,place,neighbourhood,Gulshan e Iqbal Block 5,,,,,OSM,,,24.9188732,67.0904364,Karachi,Sindh,Pakistan,,,,,
fa1a98a2-6658-58c8-8395-f5ae0e97be8e,687676864,way,leisure,park,Aziz Bhatti Park,,,,,OSM,,,24.9136331,67.0948544,Karachi,Sindh,Pakistan,,,,,
54731153-badd-5938-a96a-d06329af76d8,237798290,way,leisure,park,,,,,,OSM,,,24.9144854,67.0847739,Karachi,Sindh,Pakistan,,,,,
3693e6fd-8d82-543b-a6b7-22258b246d19,452823196,way,leisure,park,Narial Park,ناریل پارک,,,,OSM,,,24.9191948,67.0917027,Karachi,Sindh,Pakistan,,,,,
41e6e4f4-72d3-5d8a-acfa-959a505cc598,520969041,way,leisure,park,,,,,,OSM,,,24.9077494,67.1080968,Karachi,Sindh,Pakistan,,,,,
21906850-8dae-5267-a927-4ee7e3a079ee,26581277,way,leisure,park,Bagh e Karachi,باغ کراچی,,,,OSM,Bagh-e-Karachi,,24.9139922,67.106832,Karachi,Sindh,Pakistan,,,,,Q123630958
9dc2acbc-48ef-5f01-8cf8-decb428e6363,26635428,way,leisure,park,سفاری باغ,,,,,OSM,Karachi Safari Park,,24.9203464,67.1128426,Karachi,Sindh,Pakistan,,,,,Q778531
f5ef4814-95f9-5eda-84b0-397177f6c152,1178715320,way,leisure,park,Sindbad Amusement Park,,,,,OSM,,,24.9150132,67.0981949,Karachi,Sindh,Pakistan,,,,,
c5cbc6ab-54b7-52c4-9b37-b50a1a2c9aa1,1216238566,way,natural,water,Log Slide,,,,,OSM,,,24.9151625,67.0974274,Karachi,Sindh,Pakistan,,,,,
a499beb9-69cc-5851-a410-d0d4125d0d6a,1216238576,way,natural,water,,,,,,OSM,,,24.9149755,67.0979038,Karachi,Sindh,Pakistan,,,,,
ec15897a-09ba-56b7-a8ad-57c9921d6da8,26581271,way,natural,water,Lake Aladin,,,,,OSM,,,24.9148937,67.10642,Karachi,Sindh,Pakistan,,,,,
3e33d5e5-2ee9-57b9-ad1a-caa40ff05f4c,165067106,way,natural,water,,,,,,OSM,,,24.9157765,67.1053747,Karachi,Sindh,Pakistan,,,,,
be280969-71b5-56a8-bb41-01a3ec42825c,970455091,way,natural,water,,,,,,OSM,,,24.9157747,67.1054424,Karachi,Sindh,Pakistan,,,,,
9dae2b25-4af3-5658-9f2a-60a6431687c1,970455092,way,natural,water,,,,,,OSM,,,24.9156299,67.1054115,Karachi,Sindh,Pakistan,,,,,
3ddfe3f7-12f7-5d4f-945a-a737d3e1100c,970455093,way,natural,water,,,,,,OSM,,,24.9155341,67.1054439,Karachi,Sindh,Pakistan,,,,,
96641291-8625-59b2-aeae-64a0ed7b1b80,970455094,way,natural,water,,,,,,OSM,,,24.9154773,67.1054397,Karachi,Sindh,Pakistan,,,,,
4d58bc13-1876-53bb-ab54-db73445c74aa,970455095,way,natural,water,,,,,,OSM,,,24.9154822,67.1053606,Karachi,Sindh,Pakistan,,,,,
ec99ef80-508a-5113-845d-4143ac61529e,970455096,way,natural,water,,,,,,OSM,,,24.9156314,67.1053352,Karachi,Sindh,Pakistan,,,,,
edd8f786-39e4-5322-95d2-5d5fe10e36a9,970455097,way,natural,water,,,,,,OSM,,,24.9155801,67.1054125,Karachi,Sindh,Pakistan,,,,,
61c83cc5-ed35-52bc-99da-996b303124ac,970455098,way,natural,water,,,,,,OSM,,,24.9156995,67.1054162,Karachi,Sindh,Pakistan,,,,,
a4891b5e-b827-5cb1-94da-ff48d1ef7518,895072673,way,leisure,park,Bagh-e-Ali,,,,,OSM,,,24.9277372,67.0696752,Karachi,Sindh,Pakistan,,,,,
1cba8b41-37a4-58a5-b75d-ba535683ebb0,26551864,way,leisure,park,,,,,,OSM,,,24.9224657,67.0709083,Karachi,Sindh,Pakistan,,,,,
f06691e6-d844-53c1-86c5-44921b8d480c,349164228,way,leisure,park,,,,,,OSM,,,24.922144,67.0742851,Karachi,Sindh,Pakistan,,,,,
793049fc-a46b-5773-adac-8ea89c12cd9c,349164230,way,leisure,park,Aisha Park,,,,,OSM,,,24.9250977,67.0741517,Karachi,Sindh,Pakistan,,,,,
c797bf75-0436-56f8-b8c0-664d16729e4b,895072675,way,leisure,park,,,,,,OSM,,,24.9244579,67.0720752,Karachi,Sindh,Pakistan,,,,,
317319c7-7871-5321-804c-d4c8259a289a,895072676,way,leisure,park,,,,,,OSM,,,24.9231911,67.0732872,Karachi,Sindh,Pakistan,,,,,
ddf05cb4-02c9-59ea-9532-cca5fd77bc13,895072679,way,healthcare,hospital,Trimax Hospital & Maternity Home,,,,,OSM,,,24.9208978,67.0718602,Karachi,Sindh,Pakistan,,,,,
9b13a4ed-dbd2-5b9d-bf26-332e221fa597,26551858,way,leisure,park,,,,,,OSM,,,24.9253053,67.0776656,Karachi,Sindh,Pakistan,,,,,
37b656cf-c10e-55ad-a435-6b2d17edc891,26551871,way,leisure,park,,,,,,OSM,,,24.9236745,67.0771592,Karachi,Sindh,Pakistan,,,,,
e2c94df4-dbf0-5863-973b-7b68405d5bb3,26551644,way,leisure,park,Tariq Mohiuddin Shaheed Park,,,,,OSM,,,24.9269767,67.0765255,Karachi,Sindh,Pakistan,,,,,
1a401fce-c3a7-517c-a21a-fb6f69195e7d,383738230,way,leisure,park,Rizwan Park,,,,,OSM,,,24.9326473,67.0791749,Karachi,Sindh,Pakistan,,,,,
d21a9358-dc5f-5061-bf0c-ac80d58ae29d,544575934,way,leisure,park,,,,,,OSM,,,24.9266918,67.0702834,Karachi,Sindh,Pakistan,,,,,
c2d75b74-dccf-54a5-8655-97c1e63ba93e,553089096,way,place,neighbourhood,Block 16,,,,,OSM,,,24.9377355,67.0807277,Karachi,Sindh,Pakistan,,,,,
e1994b2b-a72e-5a9e-bfd6-67148e74059c,553100129,way,place,neighbourhood,FB Area Block 15,,,,,OSM,,,24.9280181,67.0774417,Karachi,Sindh,Pakistan,,,,,
17f6d35e-9b66-5071-8069-a5d06600be4b,553731768,way,place,neighbourhood,Gulshan e Iqbal Block 2,,,,,OSM,,,24.9246835,67.086687,Karachi,Sindh,Pakistan,,,,,
3e7d0c03-3f1a-5c96-b174-41dd9974248f,895072668,way,leisure,park,Allama Iqbal Park,,,,,OSM,,,24.9316747,67.0750395,Karachi,Sindh,Pakistan,,,,,
691a8f8b-8318-5006-997f-017b92fa031a,895072669,way,leisure,park,,,,,,OSM,,,24.9330671,67.0768183,Karachi,Sindh,Pakistan,,,,,
d6a7fae7-f846-5c0f-9e03-372c5f791d0a,895072670,way,leisure,park,,,,,,OSM,,,24.9302729,67.0763801,Karachi,Sindh,Pakistan,,,,,
bd3545ec-7ba8-5b49-9267-50b8d3689003,895072671,way,healthcare,hospital,Razia Omar Hospital,,,,,OSM,,,24.9267568,67.0736804,Karachi,Sindh,Pakistan,,,,,
7f311e62-362d-5997-bb59-57e705f039c1,895072674,way,leisure,park,,,,,,OSM,,,24.9265515,67.0729985,Karachi,Sindh,Pakistan,,,,,
09ecfd55-7c73-5d32-9e23-c88443c7daac,26484275,way,leisure,park,Talem-E-Bagh,,,,,OSM,,,24.9287026,67.0717489,Karachi,Sindh,Pakistan,,,,,
cc72ebff-e941-599a-aadc-49e798b3baed,895072672,way,healthcare,hospital,Nazeer Hussain Medical Complex,,,,,OSM,,,24.9281466,67.0709103,Karachi,Sindh,Pakistan,,,,,
89fa6bfd-d956-5542-a39d-6166cdc1b104,26484361,way,leisure,park,,,,,,OSM,,,24.9285879,67.081935,Karachi,Sindh,Pakistan,,,,,
0ae3d922-2986-559b-ad0b-fe1153d3ede5,26551691,way,leisure,park,,,,,,OSM,,,24.9295363,67.0770691,Karachi,Sindh,Pakistan,,,,,
6dd6da31-9ab4-5281-b463-e5f67167369f,26551723,way,leisure,park,Bara Dari,,,,,OSM,,,24.9297029,67.0799487,Karachi,Sindh,Pakistan,,,,,
ef0a59c1-16d7-5ae0-b978-8ca44a7f9b83,247467429,way,leisure,park,T-Ground,,,,,OSM,,,24.9283396,67.0783784,Karachi,Sindh,Pakistan,,,,,
c4801d43-b3b8-5841-9b78-0ca9434fd4bf,553086321,way,place,neighbourhood,FB Area Block 18,,,,,OSM,,,24.9461831,67.0725322,Karachi,Sindh,Pakistan,,,,,
bf48b34d-2faf-5143-a60f-6da9bfcbe675,537965358,way,healthcare,hospital,Mamji Hospital,,,,,OSM,,,24.9389825,67.0778715,Karachi,Sindh,Pakistan,,,,,
647eea42-e4e3-5a7a-b4df-64736d21dbd5,26517130,way,leisure,park,Ladies Park,,,,,OSM,,,24.9413612,67.0765639,Karachi,Sindh,Pakistan,,,,,
16c7656b-fcec-59da-8b0e-58c3ef37fdbc,246667473,way,leisure,park,Baag-E-Saman Family Park,,,,,OSM,,,24.9463998,67.0754069,Karachi,Sindh,Pakistan,,,,,
413b19f7-7cb3-5f41-bab5-0c5bbd01e796,435282923,way,leisure,park,,,,,,OSM,,,24.9463773,67.0726532,Karachi,Sindh,Pakistan,,,,,
6e97c6b1-aef1-544f-b223-03ac7d90c29d,553086322,way,place,neighbourhood,FB Area Block 17,,,,,OSM,,,24.9409533,67.0757997,Karachi,Sindh,Pakistan,,,,,
ab0a28e3-3d77-5e08-85f3-f90a9b63e9c7,553235954,way,place,neighbourhood,Block 20,,,,,OSM,,,24.9450856,67.0804033,Karachi,Sindh,Pakistan,,,,,
2decbc3a-9c47-5973-872a-4b4480b581e7,26517136,way,leisure,park,,,,,,OSM,,,24.9420678,67.0741611,Karachi,Sindh,Pakistan,,,,,
837d5cf5-d7d7-5f57-82ec-ac6cff3bf0e4,435281549,way,leisure,park,Block 18 Park,,,,,OSM,,,24.9444857,67.0706954,Karachi,Sindh,Pakistan,,,,,
cb1f1379-80bf-5179-82a2-5a8935650d09,435282924,way,leisure,park,,,,,,OSM,,,24.9460215,67.073,Karachi,Sindh,Pakistan,,,,,
c654ea48-f5e0-5aef-a7c5-a8bb776fdd6f,961715554,way,leisure,park,,,,,,OSM,,,24.9449001,67.0713853,Karachi,Sindh,Pakistan,,,,,
eb7d2bc9-1218-5261-912a-2ec2c21186bc,964231150,way,natural,water,,,,,,OSM,,,24.9460246,67.0729973,Karachi,Sindh,Pakistan,,,,,
7f879305-21ad-5384-84f8-dc85c6dd5988,553086326,way,leisure,park,Allama Rasheed Turabi Park,,,,,OSM,,,24.9433344,67.0813514,Karachi,Sindh,Pakistan,,,,,
d18e7d97-ce38-50b0-99e1-f80ae9f27a3d,553292975,way,leisure,park,Nishan-e Haider Park,,,,,OSM,,,24.9450055,67.0779718,Karachi,Sindh,Pakistan,,,,,
efbfaaad-9a8f-58d8-b5ce-191cb3ea28b6,434705807,way,leisure,park,Nasir Hussain Shaheed Park,,,,,OSM,,,24.9247226,67.0870627,Karachi,Sindh,Pakistan,,,,,
9bc06e73-701b-50fe-a4c4-c64a55273a7c,452821847,way,leisure,park,,,,,,OSM,,,24.9228038,67.0917452,Karachi,Sindh,Pakistan,,,,,
68770d20-2b65-5070-a0bb-2330f10be5b2,452822980,way,leisure,park,,,,,,OSM,,,24.9208348,67.0933213,Karachi,Sindh,Pakistan,,,,,
fd295452-5d20-53ea-9c9b-dd732e38dcfc,452881418,way,leisure,park,,,,,,OSM,,,24.9239004,67.0931343,Karachi,Sindh,Pakistan,,,,,
a59558f5-1d1e-514d-8d56-7320c4138e7d,480846185,way,leisure,park,Afza Altaf Park,,,,,OSM,,,24.9211096,67.0954526,Karachi,Sindh,Pakistan,,,,,
79fd6927-d86b-5d23-8d83-c3880ddf8f24,272741687,way,leisure,park,,,,,,OSM,,,24.9241654,67.0965503,Karachi,Sindh,Pakistan,,,,,
c528820f-30cd-50df-8bfe-8635956fdb2d,1179661111,way,amenity,bank,Askari Bank,عسکری بینک,,,,OSM,,,24.9213726,67.1011525,Karachi,Sindh,Pakistan,,,Askari Bank,,
67d5afe9-ccda-5cb1-9834-3110f5830157,472661194,way,leisure,park,,,,,,OSM,,,24.9270885,67.104554,Karachi,Sindh,Pakistan,,,,,
0242cd3c-d58e-5049-b2fd-f06ed58699a0,520333948,way,place,neighbourhood,Block 7,,,,,OSM,,,24.9285755,67.1034796,Karachi,Sindh,Pakistan,,,,,
b5740d63-909e-53fd-a26e-e4fd7e72afb3,272741688,way,leisure,park,,,,,,OSM,,,24.9275902,67.1004817,Karachi,Sindh,Pakistan,,,,,
0b2c010a-37c9-540d-9059-ab402f234a20,272741682,way,leisure,park,,,,,,OSM,,,24.9314951,67.1050467,Karachi,Sindh,Pakistan,,,,,
40eed2c6-0223-54b6-ba99-620e113d80ce,26152490,way,leisure,park,,,,,,OSM,,,24.9365217,67.0980953,Karachi,Sindh,Pakistan,,,,,
ceaad3db-d255-58ae-8e10-fef4afe95820,432071733,way,leisure,park,Social Welfare Society Park,,,,,OSM,,,24.9336345,67.0984979,Karachi,Sindh,Pakistan,,,,,
47a7dad7-c18b-560e-9d67-3bb5aab3fef3,222935185,way,leisure,park,,,,,,OSM,,,24.9462327,67.0993113,Karachi,Sindh,Pakistan,,,,,
783fb3a1-77ec-51cb-8500-9ec003de945d,222941861,way,leisure,park,Sardar Ali Sabri Park,,,,,OSM,,,24.9394725,67.0976298,Karachi,Sindh,Pakistan,,,,,
1acacde3-37dd-5bdf-a0d2-6fd8d57b43a7,472647967,way,leisure,park,scout park,,,,,OSM,,,24.9391809,67.1047098,Karachi,Sindh,Pakistan,,,,,
1b87b3b4-4c6d-5b07-9e37-3b7c6b21e210,222941864,way,leisure,park,Mehmood Wajid Park,محمود واجد پارک,,,,OSM,,,24.9410704,67.0982471,Karachi,Sindh,Pakistan,,,,,
3f41d61c-8f88-5579-86da-62ec444ef685,449562351,way,leisure,park,,,,,,OSM,,,24.9447127,67.0975818,Karachi,Sindh,Pakistan,,,,,
0ac206cf-c2c2-5e22-affa-9e03eed638b6,980117960,way,leisure,park,Naeem Ul Hasan Park,نعیم الحسن پارک,,,,OSM,,,24.9442278,67.0997764,Karachi,Sindh,Pakistan,,,,,
cda49065-9317-53dd-a607-76fb03560843,472648121,way,leisure,park,,,,,,OSM,,,24.9425206,67.1032984,Karachi,Sindh,Pakistan,,,,,
713b71a1-660c-5465-87de-b294c9eeb43f,964231151,way,natural,water,,,,,,OSM,,,24.9463852,67.0726398,Karachi,Sindh,Pakistan,,,,,
1675514b-7f26-5e27-9cee-38d88739da90,964340661,way,natural,water,,,,,,OSM,,,24.9463975,67.0754065,Karachi,Sindh,Pakistan,,,,,
32fd9ce9-382e-5405-9d19-eb6dee4d5e5a,26517097,way,leisure,park,Globe Park,,,,,OSM,,,24.9495266,67.0771108,Karachi,Sindh,Pakistan,,,,,
1036c42e-f566-5538-939a-feed054b4baa,553235952,way,place,neighbourhood,Block 19,,,,,OSM,,,24.9519433,67.0773585,Karachi,Sindh,Pakistan,,,,,
dcb3b2aa-80fb-5e29-82ef-816147c49a3d,393928461,way,place,neighbourhood,Gulistan e Johar Block 18,,,,,OSM,,,24.908802,67.1282149,Karachi,Sindh,Pakistan,,,,,
108a4c82-78b6-513a-a1fb-cee4021eb6b2,393928462,way,place,neighbourhood,Gulistan e Johar Block 19,,,,,OSM,,,24.9050808,67.1234779,Karachi,Sindh,Pakistan,,,,,
6fbc11c8-a384-5c9f-b419-3f7721e5afdf,393928541,way,place,neighbourhood,Gulistan e Johar Block 20,,,,,OSM,,,24.9077748,67.1153489,Karachi,Sindh,Pakistan,,,,,
ebc91959-cc33-5e64-88fd-a197b216c24f,449280889,way,leisure,park,Askari IV Park,,,,,OSM,,,24.9007577,67.1196396,Karachi,Sindh,Pakistan,,,,,
76ff29c3-7c4e-5223-82c2-a19a1a7dcb6a,484572448,way,leisure,park,,,,,,OSM,,,24.903158,67.1203316,Karachi,Sindh,Pakistan,,,,,
8d19ee3f-26ec-5d74-a154-11ab9ae10b58,456309073,way,landuse,cemetery,Cantonement Graveyard,,,,,OSM,,,24.9047872,67.123395,Karachi,Sindh,Pakistan,,,,,
f7224846-61b2-5001-93db-3ca3fc93f17b,390041514,way,leisure,park,Bibi Amna Park,,,,,OSM,,,24.9104241,67.1116255,Karachi,Sindh,Pakistan,,,,,
508e60a8-6a2e-57b8-b5b2-32c03cfd374b,223403014,way,leisure,park,,,,,,OSM,,,24.9122664,67.1161607,Karachi,Sindh,Pakistan,,,,,
8d941e08-daf0-5eba-8078-56793e33fc9e,392739050,way,place,neighbourhood,Gulistan e Johar Block 15,,,,,OSM,,,24.9190604,67.1221974,Karachi,Sindh,Pakistan,,,,,
539052a7-15b7-5584-b5c7-f13cd462efb5,393928540,way,place,neighbourhood,Gulistan e Johar Block 17,,,,,OSM,,,24.9100735,67.1210216,Karachi,Sindh,Pakistan,,,,,
7963b5a5-1cff-5126-93b4-f0b364199cd0,393928728,way,place,neighbourhood,Gulistan e Johar Block 16,,,,,OSM,,,24.9173999,67.1175625,Karachi,Sindh,Pakistan,,,,,
faa29c07-c2ea-5935-8637-c296d7f81acb,435136028,way,leisure,park,Al Burhan Marriage Garden,,,,,OSM,,,24.9203888,67.1187379,Karachi,Sindh,Pakistan,,,,,
74dbe099-8feb-5989-ba3e-146160e20315,435136436,way,leisure,park,New Family Park,,,,,OSM,,,24.9190229,67.1214021,Karachi,Sindh,Pakistan,,,,,
35aca3bc-ae3b-5dc5-be3b-276cb8f0a6d8,522104951,way,leisure,park,,,,,,OSM,,,24.9185619,67.1191146,Karachi,Sindh,Pakistan,,,,,
0f708958-b9cf-5175-a230-9b6beed34b55,382443375,way,leisure,park,Phoenix Park,,,,,OSM,,,24.9127796,67.1278837,Karachi,Sindh,Pakistan,,,,,
d2e71468-8c3d-5da0-8f82-53d664e1e54e,223391215,way,leisure,park,CDGK Park,,,,,OSM,,,24.9087527,67.1331759,Karachi,Sindh,Pakistan,,,,,
72b03e2e-2222-5b91-8a72-0a4a3b135827,223640827,way,leisure,park,,,,,,OSM,,,24.9111938,67.1307096,Karachi,Sindh,Pakistan,,,,,
a8e9b381-30a9-5ee0-a908-c010cfdc888b,1350318899,way,leisure,park,,,,,,OSM,,,24.909917,67.1306082,Karachi,Sindh,Pakistan,,,,,
12078d52-9d46-52b6-809e-e1a8dbadc897,382441620,way,leisure,park,,,,,,OSM,,,24.913602,67.1247144,Karachi,Sindh,Pakistan,,,,,
18cad46a-132a-569e-bd98-2f1cb1b6c7e5,382446343,way,leisure,park,,,,,,OSM,,,24.9107277,67.1283113,Karachi,Sindh,Pakistan,,,,,
9531caf7-50bc-5dd4-a4fa-5ca82ba88fca,392739049,way,place,neighbourhood,Gulistan e Johar Block 14,,,,,OSM,,,24.919953,67.1292536,Karachi,Sindh,Pakistan,,,,,
49faad67-2d8f-50e1-8845-699257745e52,518508506,way,leisure,park,Public Park,,,,,OSM,,,24.9144985,67.1287917,Karachi,Sindh,Pakistan,,,,,
cb493a26-2bbf-5307-b160-971332a0ae55,520994505,way,place,neighbourhood,Gulistan e Jauhar Block 12,,,,,OSM,,,24.9140122,67.1363861,Karachi,Sindh,Pakistan,,,,,
19b7a727-5cf2-5468-826b-9142e13ecf41,382443373,way,leisure,park,Euphoria Family Park,,,,,OSM,,,24.9150043,67.1234821,Karachi,Sindh,Pakistan,,,,,
6abf8115-12cf-51f0-b35e-3cd835c2cce6,1350318900,way,leisure,park,,,,,,OSM,,,24.9193807,67.1258057,Karachi,Sindh,Pakistan,,,,,
14b916c9-94df-5992-9963-306d8c037e0e,223641168,way,leisure,park,,,,,,OSM,,,24.9148305,67.1300524,Karachi,Sindh,Pakistan,,,,,
59f3b573-dd22-57ca-a5a3-271e6ec7b8a9,26635438,way,natural,water,,,,,,OSM,,,24.9246885,67.1098794,Karachi,Sindh,Pakistan,,,,,
109c231e-efd6-5c98-9ded-ba38ab17bfcb,472664891,way,leisure,park,,,,,,OSM,,,24.9240746,67.1128108,Karachi,Sindh,Pakistan,,,,,
b594db31-adfb-58cb-ad2c-15271fcc8acc,472664892,way,leisure,park,,,,,,OSM,,,24.9246228,67.1125727,Karachi,Sindh,Pakistan,,,,,
4e453b42-4895-5d69-9e8a-a252ac11d573,522096779,way,leisure,park,APHA Family Park,,,,,OSM,,,24.9208188,67.1171408,Karachi,Sindh,Pakistan,,,,,
997801fd-de6b-5b70-ab19-9a778482ce44,782854822,way,leisure,park,,,,,,OSM,,,24.9238934,67.1209349,Karachi,Sindh,Pakistan,,,,,
0ffb69ba-0494-54b5-b210-405459f8a8e8,392720930,way,place,neighbourhood,Gulistan e Johar Block 1,,,,,OSM,,,24.9279428,67.1199501,Karachi,Sindh,Pakistan,,,,,
988d22e3-8dca-503a-8104-411806a4e973,539815430,way,leisure,park,Fatima Surayya Bajia Family Park,,,,,OSM,,,24.9292915,67.1173422,Karachi,Sindh,Pakistan,,,,,
97fcf96a-3284-5a17-932c-3b65113a967f,935535683,way,leisure,park,Tulip Park,,,,,OSM,,,24.9215378,67.1309549,Karachi,Sindh,Pakistan,,,,,
15dbbd4e-0355-58dd-af4d-fed480af6c90,392720928,way,place,neighbourhood,Gulistan e Johar Block 2,,,,,OSM,,,24.9304199,67.1307496,Karachi,Sindh,Pakistan,,,,,
04f7c083-d3d6-5904-a7fd-e34694f2bae2,392720929,way,place,neighbourhood,Gulistan e Johar Block 1A,,,,,OSM,,,24.9329159,67.1307781,Karachi,Sindh,Pakistan,,,,,
6fb7afb7-5878-5af5-b372-914056608d2c,518559820,way,leisure,park,Hill Lock Park,,,,,OSM,,,24.9240084,67.1287876,Karachi,Sindh,Pakistan,,,,,
78929f1d-5a6e-5675-a05c-dae6faab8d63,911146323,way,place,neighbourhood,Gulistan e Johar Block 3,,,,,OSM,,,24.9273295,67.1295954,Karachi,Sindh,Pakistan,,,,,
dbcd16c8-7934-589b-b862-1171fdfa6053,722367484,way,leisure,park,Triangle Park,,,,,OSM,,,24.9270089,67.1261721,Karachi,Sindh,Pakistan,,,,,
1041bb43-03db-533b-ad0a-067cf3e0790e,12125521132,node,healthcare,clinic,Naheed Medical Center,,,,,OSM,,,24.9507267,67.0675853,Karachi,Sindh,Pakistan,,,,,
59c199f5-a487-5e15-a43e-cc1967f818fb,12131549207,node,healthcare,clinic,Shan Homeo Clinic,,,,,OSM,,,24.9502534,67.0669461,Karachi,Sindh,Pakistan,,,,,
e20deba7-8b1f-5f68-8e58-ef909896f2a1,12125814809,node,healthcare,clinic,Naqshbandi Keem Remedies,,,,,OSM,,,24.9539251,67.0687459,Karachi,Sindh,Pakistan,,,,,
ebb5c8e2-2b43-5b09-8099-9d1f07a9995d,12125822046,node,healthcare,clinic,Al Majeed Heart Clinic,,,,,OSM,,,24.9537679,67.06859,Karachi,Sindh,Pakistan,,,,,
1df7af2c-738a-5e91-823b-e6db68a0fb41,12134281347,node,healthcare,hospital,Ali's Medical Center,,,,,OSM,,,24.9565203,67.067085,Karachi,Sindh,Pakistan,,,,,
c5d669f0-0c2b-54f5-b361-c9eca3752a88,12134338524,node,healthcare,clinic,Care And cure Clinic,,,,,OSM,,,24.9559887,67.0670138,Karachi,Sindh,Pakistan,,,,,
ff9f0559-fd25-54ca-b11f-a64253d201e9,5157033894,node,place,neighbourhood,Bufferzone Sector 16 A,,,,,OSM,,,24.9576415,67.0733113,Karachi,Sindh,Pakistan,,,,,
71f68dfb-aab9-5f13-ae03-c1f72b92ac2d,12128213394,node,healthcare,clinic,Meds Health,,,,,OSM,,,24.958155,67.0733329,Karachi,Sindh,Pakistan,,,,,
626b9dc0-fc47-51e5-8085-04fc07c54fda,5117634999,node,amenity,bank,سونیری بینک,سونیری بینک,,,,OSM,,,24.9567974,67.0767487,Karachi,Sindh,Pakistan,,,سونیری بینک,سونیری بینک,
e19b2b62-5a55-5dbb-a491-e4cf47ec5e4b,5117635000,node,amenity,bank,Soneri Bank - ATM,,,,,OSM,,,24.9567116,67.0769382,Karachi,Sindh,Pakistan,,,,,
eeb6a2c7-20c5-5bb8-b505-a1f073e67d20,5084136017,node,amenity,bank,Muslim Commercial Bank,,,,,OSM,,,24.9696321,67.0671244,Karachi,Sindh,Pakistan,,,,,
4510ddb9-78d3-54d6-b94f-604e7c0be3d4,5084136019,node,amenity,bank,Soneri Bank Limited,,,,,OSM,,,24.970336,67.067072,Karachi,Sindh,Pakistan,,,,,
4426f6a0-de9c-5ce1-902a-aa73740145ba,5132720029,node,amenity,marketplace,UP Urdu Bazar,,,,,OSM,,,24.9720987,67.0674065,Karachi,Sindh,Pakistan,,,,,
a1833069-bbae-5516-a13f-77e35cd12475,5329128337,node,healthcare,hospital,Saleem Hospital & Maternity Home,,,,,OSM,,,24.9678457,67.067263,Karachi,Sindh,Pakistan,,,,,
1b63b6f5-c4ae-5ee8-83a2-6ea665758399,5329128338,node,amenity,bank,بینک الفلاح,بینک الفلاح,,,,OSM,,,24.968214,67.0671882,Karachi,Sindh,Pakistan,,,بینک الفلاح,,
1e774027-25d4-519e-92c8-f0ff6b09c1ac,5329128340,node,amenity,bank,ایچ بی ایل پاکستان,ایچ بی ایل پاکستان,,,,OSM,,,24.9694075,67.0671693,Karachi,Sindh,Pakistan,,,ایچ بی ایل پاکستان,,
1ef2ee43-4cbd-50a0-8273-3c801f746e34,5329128343,node,amenity,bank,الائیڈ بینک لمیٹڈ,الائیڈ بینک لمیٹڈ,,,,OSM,,,24.9706681,67.0670624,Karachi,Sindh,Pakistan,,,الائیڈ بینک لمیٹڈ,,
56a8d5f5-4851-534c-86a6-a46da7de4cec,6854148924,node,place,neighbourhood,Sector 11-H,,,,,OSM,,,24.96869,67.0674181,Karachi,Sindh,Pakistan,,,,,
0633a5e6-d177-519f-9cb7-c14a123eadd2,5117635006,node,amenity,marketplace,Birds Market,,,,,OSM,,,24.9595686,67.0746585,Karachi,Sindh,Pakistan,,,,,
62105820-67d5-5a6a-a2b9-fd4d699644ef,5117635009,node,amenity,bank,National Savings Center Buffer Zone Branch,,,,,OSM,,,24.9596772,67.0735656,Karachi,Sindh,Pakistan,,,,,
d40adb1d-ecdd-5f86-a318-e2e9c257af82,5128888523,node,amenity,marketplace,City Tower & Shopping Mall,,,,,OSM,,,24.9595713,67.0737055,Karachi,Sindh,Pakistan,,,,,
935d0456-922b-5a25-9e40-c7df6048ad52,12185307927,node,healthcare,hospital,Fatima Burn Centre,,,,,OSM,,,24.9613416,67.0713323,Karachi,Sindh,Pakistan,,,,,
e8c09191-0260-5f77-820e-d9c2637435ae,12185307929,node,amenity,bank,Meezan Bank,میزان بینک,,,,OSM,,,24.9612319,67.0715082,Karachi,Sindh,Pakistan,,,Meezan Bank,,
887086bb-b78a-5773-8358-9633952ece7b,12231615802,node,healthcare,clinic,Afaque Clinic,,,,,OSM,,,24.9602591,67.0753532,Karachi,Sindh,Pakistan,,,,,
60780553-a0b1-5b4c-aaea-f061f8faf2bd,12231615820,node,healthcare,pharmacy,DVAGO Pharmacy & Wellness Experts,,,,,OSM,,,24.9606595,67.0731601,Karachi,Sindh,Pakistan,,,,,
8418d285-9b43-5430-82ff-215b6259dc31,12231638780,node,healthcare,clinic,The Chohan Diabetes and Foot Care,,,,,OSM,,,24.9616572,67.0718082,Karachi,Sindh,Pakistan,,,,,
c3b61999-3056-5acc-a301-34fde0b20106,762286554,node,place,neighbourhood,Sector 11-E,,,,,OSM,,,24.9684135,67.0725175,Karachi,Sindh,Pakistan,,,,,
ddfffe84-9535-5456-a226-ca93a7ea11b5,5128888529,node,amenity,marketplace,Godhra Timber Market,,,,,OSM,,,24.9671317,67.0797151,Karachi,Sindh,Pakistan,,,,,
f1775d97-0ccc-5722-828b-1b84401b301f,4785718492,node,place,neighbourhood,Sohrab Goth,,,,,OSM,Sohrab Goth Town,,24.9505443,67.0897399,Karachi,Sindh,Pakistan,,,,,Q7554808
36b78313-e0a6-5a97-b356-ac5ce4793550,5109660611,node,amenity,bank,بینک اسلامی,بینک اسلامی,,,,OSM,,,24.9501606,67.0914289,Karachi,Sindh,Pakistan,,,بینک اسلامی,بینک اسلامی,
23f8d6e5-70ee-56ee-bcea-0fd941522153,5109660612,node,amenity,atm,,,,,,OSM,,,24.9501363,67.0913431,Karachi,Sindh,Pakistan,,,,Bank Islami,
f0f5ca5c-2717-55f1-96c6-6beff11adccd,5109660613,node,amenity,marketplace,Bara Market,,,,,OSM,,,24.9515128,67.09299,Karachi,Sindh,Pakistan,,,,,
affba11d-f70c-5905-a3c4-f844e6a898d4,5109660615,node,amenity,marketplace,Rufi Bara Market,,,,,OSM,,,24.9500488,67.0943955,Karachi,Sindh,Pakistan,,,,,
c935f817-882e-56aa-a7b3-63943d134f53,5188688625,node,amenity,marketplace,Monday & Friday Bazaar,,,,,OSM,,,24.9514775,67.1071107,Karachi,Sindh,Pakistan,,,,,
37a70b13-26b4-508a-a367-65495dcd5381,5333528320,node,place,neighbourhood,New Lyari Society,,,,,OSM,,,24.9556206,67.1084819,Karachi,Sindh,Pakistan,,,,,
155d0455-b81b-5447-961d-967ead210395,12297043040,node,amenity,marketplace,Ahmed Market,,,,,OSM,,,24.9577414,67.1044495,Karachi,Sindh,Pakistan,,,,,
34de6983-e7d2-501c-b7ac-4f91650efffd,4785866891,node,amenity,police,Gabol Town Police Station,,,,,OSM,,,24.9662573,67.0874563,Karachi,Sindh,Pakistan,,,,,
a86e378d-a662-50a5-8915-48636bec52e2,5158643483,node,place,neighbourhood,Abbasi Nagar,,,,,OSM,,,24.96613,67.0833201,Karachi,Sindh,Pakistan,,,,,
63a74a87-935a-5c64-8864-68017d340a7a,9492513303,node,leisure,park,Al Ashraf CHS SECTOR 2A SCHEME 33,,,,,OSM,,,24.9649537,67.1041107,Karachi,Sindh,Pakistan,,,,,
67b262b2-c468-5de7-8336-91975d9d4438,9492513307,node,healthcare,hospital,Insaaf Medical Centre and nursing school,,,,,OSM,,,24.9708437,67.0996441,Karachi,Sindh,Pakistan,,,,Dr. Yar Muhammad khan,
ac5953c0-da51-5377-94d9-af1a3c785842,10694591472,node,healthcare,clinic,Maira medical clinic,,,,,OSM,,,24.9684996,67.1010967,Karachi,Sindh,Pakistan,,,,,
8f50a104-9ba9-5510-96ed-307650a64ec0,12301242919,node,leisure,park,Al Qayyum Society Park,,,,,OSM,,,24.9696243,67.1016571,Karachi,Sindh,Pakistan,,,,,
27ebac84-e9ef-5e3b-889b-7e4a378094ef,9492543154,node,leisure,park,Al Ghani Society Park,,,,,OSM,,,24.9683447,67.1029382,Karachi,Sindh,Pakistan,,,,q.town,
53c9086b-25a1-5ec8-a947-24f53656b729,5144678698,node,amenity,bank,جے ایس بینک,جے ایس بینک,,,,OSM,,,24.9735573,67.0669194,Karachi,Sindh,Pakistan,,,جے ایس بینک,جے ایس بینک,
2743cc59-4331-5eec-b63e-5f0194805189,5144678705,node,amenity,bank,National Bank,,,,,OSM,,,24.9774113,67.0666884,Karachi,Sindh,Pakistan,,,,,
0c7106c8-ae92-5bf2-a0d6-84c1e6d0461c,6854148921,node,place,neighbourhood,Sector 11-I,,,,,OSM,,,24.9753382,67.0687691,Karachi,Sindh,Pakistan,,,,,
977f5535-5a29-5309-8f63-89101b2f66e7,5144678717,node,leisure,park,Afza Altaf Park,,,,,OSM,,,24.98251,67.0688957,Karachi,Sindh,Pakistan,,,,,
0ef11c55-89b5-55f3-bdd1-4f81bccf6e0f,6854148919,node,place,neighbourhood,Sector 11-L,,,,,OSM,,,24.9827528,67.0687119,Karachi,Sindh,Pakistan,,,,,
ad7eef04-3b8c-5a49-8340-f1f825b0da82,6854148920,node,place,neighbourhood,Sector 11-H,,,,,OSM,,,24.9822833,67.0668351,Karachi,Sindh,Pakistan,,,,,
2a838ab2-5e61-5886-adb9-28bdeb6a4ef2,6854148923,node,place,neighbourhood,Sector 11-J,,,,,OSM,,,24.9744088,67.0752622,Karachi,Sindh,Pakistan,,,,,
dcc443fd-9a08-5759-a74d-6137dc237aef,4785718475,node,amenity,police,New Karachi Police Station,,,,,OSM,,,24.9790897,67.070215,Karachi,Sindh,Pakistan,,,,,
773981e8-2a96-577c-abaf-9988d53ac91e,5158643472,node,amenity,marketplace,Sunday Car Bazaar,,,,,OSM,,,24.981005,67.0725417,Karachi,Sindh,Pakistan,,,,,
ca7fc13a-6e25-5718-beb0-7a25de28420b,5329381972,node,place,neighbourhood,North Karachi Sector 11 D,,,,,OSM,,,24.9815859,67.0748376,Karachi,Sindh,Pakistan,,,,,
536a663f-c758-5b13-9129-bca7b1754bd3,6854148918,node,place,neighbourhood,Sector 11-D,,,,,OSM,,,24.9809239,67.0741921,Karachi,Sindh,Pakistan,,,,,
eb479139-423d-513c-9659-0ac71e7c4758,5158643474,node,place,neighbourhood,North Karachi Sector 11 F,,,,,OSM,,,24.9802938,67.0805061,Karachi,Sindh,Pakistan,,,,,
4820df22-017d-5069-b724-a79221758584,6854148917,node,place,neighbourhood,Sector 11-F,,,,,OSM,,,24.982318,67.0825447,Karachi,Sindh,Pakistan,,,,,
973d2c27-80bd-5321-85a2-0ffbd8484c59,5329381988,node,place,neighbourhood,North Karachi Sector 5 L,,,,,OSM,,,24.989652,67.0675613,Karachi,Sindh,Pakistan,,,,,
5dd22b5e-fae7-50b3-89a8-0ce77720f225,4785866892,node,amenity,police,Bilal Colony Police Station,,,,,OSM,,,24.9920005,67.0723872,Karachi,Sindh,Pakistan,,,,,
b333c460-39eb-5660-ac17-4f4382a5f85b,5158643495,node,place,neighbourhood,New Karachi Sector 5 L,,,,,OSM,,,24.9862088,67.0698609,Karachi,Sindh,Pakistan,,,,,
03253859-a309-5c44-b4ec-171190276d52,5158643497,node,place,neighbourhood,New Karachi Sector 5 E,,,,,OSM,,,24.9919091,67.0709951,Karachi,Sindh,Pakistan,,,,,
afee21d2-a713-560a-9e3f-a0b1a11b490f,5329381978,node,healthcare,pharmacy,Shakeel Medical Store,,,,,OSM,,,24.9908946,67.0819224,Karachi,Sindh,Pakistan,,,,,
7011075c-7915-576b-a939-f3d2f25489f7,12246405356,node,healthcare,pharmacy,Fazal Elahi Dawakhana,,,,,OSM,,,24.9946911,67.0781336,Karachi,Sindh,Pakistan,,,,,
31fad0ff-1d08-58dc-b3b4-12033327320b,5128445382,node,amenity,marketplace,Noorani Market,,,,,OSM,,,24.975141,67.0859667,Karachi,Sindh,Pakistan,,,,,
63b8fd06-a09e-5220-bc10-b7152758e1eb,6854148922,node,place,neighbourhood,Sector 11-G,,,,,OSM,,,24.9730916,67.0828653,Karachi,Sindh,Pakistan,,,,,
62c3012a-9050-5305-a1d5-70c39be5e072,7307700919,node,place,neighbourhood,Rajput Mohalla ENCROAHMENT,,,,,OSM,,,24.9755563,67.0917488,Karachi,Sindh,Pakistan,,,,,
6e46018c-8ea1-53e7-bf9f-c35ec045b903,7409035782,node,place,neighbourhood,Ayub Goth,,,,,OSM,,,24.9853441,67.0932333,Karachi,Sindh,Pakistan,,,,,
9f932fdc-bb47-5027-a3ae-b6abbca30335,7409035784,node,place,neighbourhood,ENCROACHMENT LAASI GOTH,,,,,OSM,,,24.9733467,67.0960889,Karachi,Sindh,Pakistan,,,,,
2d75cce1-50d9-5e38-b21e-ea500d1c471d,5331572194,node,place,neighbourhood,All Pakistan Newspaper Cooperative Housing Society scheme 33,,,,,OSM,,,24.9766089,67.1030147,Karachi,Sindh,Pakistan,,,,,
8b7ed77f-e21a-5c93-84a1-b184ee6140f3,5331572195,node,place,neighbourhood,Central Goverment Employees Cooperative Housing Society,,,,,OSM,,,24.9773854,67.106706,Karachi,Sindh,Pakistan,,,,,
a98c3e3e-3974-580c-b4d7-f2f78e1cea18,5331572193,node,place,neighbourhood,Aligarh Cooperative Housing Society SCHEME 33,,,,,OSM,,,24.9824673,67.1065087,Karachi,Sindh,Pakistan,,,,,
2a4778b2-8a66-562b-a765-0d0d90a3bc0e,12301267086,node,healthcare,clinic,Al-Hayah Clinic & Ultrasound center,,,,,OSM,,,24.9847671,67.1036304,Karachi,Sindh,Pakistan,,,,,
a346291b-b30e-5653-abd7-68f045e53633,12301325331,node,leisure,park,Jam Ikram Ullah Dahrejo Park,,,,,OSM,,,24.9854045,67.1058799,Karachi,Sindh,Pakistan,,,,,
8b8223e9-d1c0-5f2b-84f2-30fa8c372a3f,12648477451,node,place,neighbourhood,SCHEME 33 SOCIETY,,,,,OSM,,,24.9794759,67.1037519,Karachi,Sindh,Pakistan,,,,,
95644033-3a7d-57f8-8aa5-6d946222afef,5158643504,node,place,neighbourhood,Sukhio Goth,,,,,OSM,,,24.9895872,67.0930049,Karachi,Sindh,Pakistan,,,,,
ee416431-ef30-58f7-93e6-79cf0e59b20a,7409035783,node,place,neighbourhood,Khuda Bux Goth,,,,,OSM,,,24.9862617,67.1041118,Karachi,Sindh,Pakistan,,,,,
7a9429d2-4de1-5030-97f0-d9df620e978c,5331546706,node,place,neighbourhood,Zaheenabad,,,,,OSM,,,24.9986937,67.0990971,Karachi,Sindh,Pakistan,,,,,
f46b7054-9e86-5b68-9b0e-1be644206488,5331546705,node,place,neighbourhood,Sindh Bagh,,,,,OSM,,,24.994081,67.104422,Karachi,Sindh,Pakistan,,,,,
63abb05b-ecf5-51bc-869c-d6415130d5b5,5331546707,node,place,neighbourhood,Karachi Court Society,,,,,OSM,,,24.997128,67.1061223,Karachi,Sindh,Pakistan,,,,,
09dd4fea-2f65-516b-916d-466ab6f24af8,5158643498,node,place,neighbourhood,New Karachi Sector 5 J,,,,,OSM,,,24.9991974,67.0756644,Karachi,Sindh,Pakistan,,,,,
b9d778e7-71af-5490-9aee-e6547c2a83af,5158643503,node,place,neighbourhood,New Karachi Sector 5 M,,,,,OSM,,,24.9988793,67.0702615,Karachi,Sindh,Pakistan,,,,,
1bff77a8-ef78-58c3-b025-e40e5c149da0,5331546702,node,place,neighbourhood,BIM Society,,,,,OSM,,,24.9991699,67.1033527,Karachi,Sindh,Pakistan,,,,,
c1b0d291-288b-533e-84f6-fe4b13383058,5188688623,node,place,neighbourhood,Malik Cooperative Housing Society,,,,,OSM,,,24.951663,67.1096887,Karachi,Sindh,Pakistan,,,,,
07b3053e-9e16-58a6-bc7c-824407f84b0c,5333529824,node,place,neighbourhood,Al Sadaf Cooperative Housing Society,,,,,OSM,,,24.9586016,67.1100194,Karachi,Sindh,Pakistan,,,,,
35cccec1-c48c-59b0-9fc2-b7357d00f4ed,5333529828,node,place,neighbourhood,روفی سوسائٹی,روفی سوسائٹی,,,,OSM,,,24.9536129,67.1141568,Karachi,Sindh,Pakistan,,,,,
2b6aa694-2cb4-524d-a116-f71f13bd6724,5331619599,node,place,neighbourhood,White House Society,,,,,OSM,,,24.9589031,67.1324154,Karachi,Sindh,Pakistan,,,,,
b98d5f10-aa40-5399-a618-d951cc78719d,5333528300,node,place,neighbourhood,Corniche Cooperative Housing Society,,,,,OSM,,,24.9646994,67.1180089,Karachi,Sindh,Pakistan,,,,,
2d5fdb09-ac9e-5ade-a0de-bf3a44933644,5333528301,node,place,neighbourhood,Gwalior Society,,,,,OSM,,,24.9653307,67.1207281,Karachi,Sindh,Pakistan,,,,,
a1fae0fc-2101-5222-80b0-716b6548a386,5333528304,node,place,neighbourhood,Pakistan Audit Cooperative Housing Society,,,,,OSM,,,24.9629851,67.1164128,Karachi,Sindh,Pakistan,,,,,
9c8c8d38-371e-5773-879e-bb634007f25b,5333528305,node,place,neighbourhood,Pakistan Scientist Cooperative Housing Society,,,,,OSM,,,24.9618257,67.1195529,Karachi,Sindh,Pakistan,,,,,
b505efa7-62d4-5421-8159-1576607ef3a2,5333528298,node,place,neighbourhood,Karachi University Housing Society,,,,,OSM,,,24.9655603,67.1249891,Karachi,Sindh,Pakistan,,,,,
891dc972-7829-5d7f-aca9-3ddb4ffe8b4e,5333529835,node,place,neighbourhood,Muhammad Khan Goth,,,,,OSM,,,24.9598711,67.1253296,Karachi,Sindh,Pakistan,,,,,
fcab4b16-a0d2-566a-b0cc-eafaf76afce9,5331619596,node,place,neighbourhood,Pak Punjab Housing Society,,,,,OSM,,,24.9637238,67.1331238,Karachi,Sindh,Pakistan,,,,,
e235ee67-1ca5-530d-a751-208fc02fb100,5331619597,node,place,neighbourhood,New Ancholi,,,,,OSM,,,24.9649341,67.1313363,Karachi,Sindh,Pakistan,,,,,
3a698407-ad83-5c6f-8060-1aed9ea9523a,5331619598,node,place,neighbourhood,PCSIR Society,,,,,OSM,,,24.962854,67.1293985,Karachi,Sindh,Pakistan,,,,,
3579486d-755b-519f-8456-fce14be7042d,5333528292,node,place,neighbourhood,Khathiawar Society Cooperative Housing Society,,,,,OSM,,,24.9720982,67.1323577,Karachi,Sindh,Pakistan,,,,,
a0d2c257-bef9-505c-857a-04a8d5a8fed3,12301383769,node,amenity,marketplace,Bhutto Arcade,,,,,OSM,,,24.9789619,67.1190112,Karachi,Sindh,Pakistan,,,,,
e8044459-8426-55b1-ae45-1629c06629c1,12301412345,node,healthcare,pharmacy,Umar Super Store,,,,,OSM,,,24.9786871,67.1193223,Karachi,Sindh,Pakistan,,,,,
d6902f6c-7f5d-5f7c-9207-6799d5729490,5331572192,node,place,neighbourhood,Dehli Merchantile Cooperative Housing Society SCHEME 33,,,,,OSM,,,24.98087,67.1103077,Karachi,Sindh,Pakistan,,,,,
79f752f7-930b-5095-ba91-686340add474,5331572186,node,place,neighbourhood,Muslim Kutchi Khatri Cooperative Housing Society,,,,,OSM,,,24.9811908,67.1203708,Karachi,Sindh,Pakistan,,,,,
84ce2b70-2f74-5e33-aa07-0e8cb0500f47,5331572189,node,place,neighbourhood,Rock Cooperative Housing Society,,,,,OSM,,,24.9832644,67.1217442,Karachi,Sindh,Pakistan,,,,,
893d0236-8f3b-5e22-83df-415fff866f2a,5333528296,node,place,neighbourhood,Gulistan Society Cooperative Housing Society,,,,,OSM,,,24.9760005,67.1277235,Karachi,Sindh,Pakistan,,,,,
260d39c0-c994-5997-9d94-aa970d8918ac,5333528294,node,place,neighbourhood,Pakistan Air Crew Cooperative Housing Society,,,,,OSM,,,24.9762015,67.1332019,Karachi,Sindh,Pakistan,,,,,
d8a2df74-6d8b-58eb-a87e-c3484e1274b5,5333528295,node,place,neighbourhood,Teachers Cooperative Housing Society,,,,,OSM,,,24.978374,67.1299527,Karachi,Sindh,Pakistan,,,,,
9a0167d4-c8c5-56c1-85fd-4efb565f5305,5331572187,node,place,neighbourhood,Azeemabad,,,,,OSM,,,24.9855158,67.1235988,Karachi,Sindh,Pakistan,,,,,
7c3cf90e-4556-5c44-9279-f90d672bd4db,5333528290,node,place,neighbourhood,Halari Memon Cooperative Housing Society,,,,,OSM,,,24.9811001,67.1326141,Karachi,Sindh,Pakistan,,,,,
065a8c4c-0507-5992-8815-bedc1c70ed6a,5331572191,node,place,neighbourhood,Sindh Secretariat Cooperative Housing Society,,,,,OSM,,,24.9870181,67.1144998,Karachi,Sindh,Pakistan,,,,,
8eb59613-82cf-542b-95e0-2a105ce94d3a,5331572185,node,place,neighbourhood,Areesha Cooperative Housing Society,,,,,OSM,,,24.9886637,67.1206335,Karachi,Sindh,Pakistan,,,,,
da6faa69-e5d3-5c24-95e9-29998ed4f8bd,5331572188,node,place,neighbourhood,Saddar Market Cooperative Housing Society,,,,,OSM,,,24.9865354,67.118833,Karachi,Sindh,Pakistan,,,,,
bf6fbb8c-2d85-5643-b392-55685e7c58bf,5331572190,node,place,neighbourhood,Vanthali Memon Cooperative Housing Society,,,,,OSM,,,24.9907581,67.1168166,Karachi,Sindh,Pakistan,,,,,
08fb6aaf-2cdf-52e0-82d2-8e9c100e81d3,5331546703,node,place,neighbourhood,Al-Noor Society,,,,,OSM,,,24.9948579,67.1089952,Karachi,Sindh,Pakistan,,,,,
f5579e47-039a-59bb-9061-c076476ff20d,5331572179,node,place,neighbourhood,علی گڑھ کوآپریٹو ہاؤسنگ سوسائٹی,علی گڑھ کوآپریٹو ہاؤسنگ سوسائٹی,,,,OSM,,,24.9968846,67.1210356,Karachi,Sindh,Pakistan,,,,,
7f083dbc-fcba-5b01-a42b-0dca416220e4,5331572184,node,place,neighbourhood,Darakshan Cooperative Housing Society,,,,,OSM,,,24.9897425,67.1254788,Karachi,Sindh,Pakistan,,,,,
e04971b1-ccf3-5d25-8b32-1850ac64ef25,5331572182,node,place,neighbourhood,SBP Cooperative Housing Society,,,,,OSM,,,24.9887236,67.1288612,Karachi,Sindh,Pakistan,,,,,
0bdf6752-f6e2-51ce-b2b7-d277fb35cc83,5331572180,node,place,neighbourhood,Meerut Cooperative Housing Society,,,,,OSM,,,24.9945864,67.1233937,Karachi,Sindh,Pakistan,,,,,
739a964a-4bcb-51ba-a816-9dbfdae94395,5331572181,node,place,neighbourhood,Meerut Cooperative Housing Society,,,,,OSM,,,24.994044,67.1280302,Karachi,Sindh,Pakistan,,,,,
d323dd30-57cc-58b1-b6ba-d999c8f955f7,5331572183,node,place,neighbourhood,Al Habib Cooperative Housing Society,,,,,OSM,,,24.9923408,67.1308835,Karachi,Sindh,Pakistan,,,,,
25a25aa2-93ea-50dc-ae92-3ac5958e60e1,1149629113,way,place,neighbourhood,قبضہ شدہ کچی آبادی,,,,,OSM,,,24.965795,67.0949064,Karachi,Sindh,Pakistan,,,,,
8277270e-5af4-563f-a9da-f36b193aafc4,432529031,way,leisure,park,Hatim Tai Park,,,,,OSM,,,24.9600209,67.0698014,Karachi,Sindh,Pakistan,,,,,
0156e7ea-f116-512b-9c42-7f3fc213e563,878957457,way,leisure,park,Musab Park,,,,,OSM,,,24.952961,67.0696104,Karachi,Sindh,Pakistan,,,,,
64312cd1-cd37-5c44-b7eb-4ec4d7380cba,432528845,way,leisure,park,Buffer Zone Family Park,,,,,OSM,,,24.9581633,67.0679659,Karachi,Sindh,Pakistan,,,,,
b308d84e-283a-5a10-84cb-fa5033e3fd42,798771825,way,amenity,bank,MCB,ایم سی بی بینک,,,,OSM,,,24.9563555,67.0669343,Karachi,Sindh,Pakistan,,,MCB,,
4682ff72-ed37-5814-a80c-c0aa46c21d99,435302290,way,leisure,park,Bagh-e-Yousf,,,,,OSM,,,24.9510508,67.0756962,Karachi,Sindh,Pakistan,,,,,
647ba43c-15a2-569b-a644-0e43f576d146,435283442,way,leisure,park,,,,,,OSM,,,24.9509123,67.0785583,Karachi,Sindh,Pakistan,,,,,
8a13a85f-e077-554c-853a-f4a5507c8562,435283443,way,leisure,park,,,,,,OSM,,,24.9505531,67.0799536,Karachi,Sindh,Pakistan,,,,,
1a65358f-faff-5404-a088-a65a9d2678ce,432529032,way,leisure,park,Usmania Park,,,,,OSM,,,24.959412,67.0706536,Karachi,Sindh,Pakistan,,,,,
c06687e7-5cd5-50af-9a19-965663c3649b,265465404,way,leisure,park,Shohda-e-Haq Park,,,,,OSM,,,24.955068,67.0714813,Karachi,Sindh,Pakistan,,,,,
72da37ed-6ac6-514f-ad5d-30aeb403a324,964231166,way,natural,water,,,,,,OSM,,,24.9549896,67.0714077,Karachi,Sindh,Pakistan,,,,,
6d4a2240-702d-5325-af7d-46c4c7ea5f15,795888018,way,leisure,park,,,,,,OSM,,,24.9639617,67.068858,Karachi,Sindh,Pakistan,,,,,
d6bc66ce-89a3-5109-8936-e93c3908a83d,432529118,way,leisure,park,,,,,,OSM,,,24.9638337,67.0695269,Karachi,Sindh,Pakistan,,,,,
577c140d-5ec8-5f10-a28c-1b9914fd9f48,791477760,way,leisure,park,Tipu Sultan Shaheed Park,,,Area Local Famous Park and Cricket Ground Hosting Local Cricket Matches,,OSM,,,24.9625614,67.073446,Karachi,Sindh,Pakistan,,,,,
14923f4c-91e4-5f25-955f-5e08b8631d4c,795892047,way,healthcare,pharmacy,Al Hammed Medical Store,,,,,OSM,,,24.9602285,67.0726155,Karachi,Sindh,Pakistan,,,,,
34ee33a5-1170-53b5-8e04-2dd0f59d4d7d,712203644,way,healthcare,hospital,Sindh Government Hospital New Karachi,,,,,OSM,,,24.973095,67.0704576,Karachi,Sindh,Pakistan,,,,,
5a211acc-a652-57a8-82ce-657f162b4454,714118528,way,leisure,park,,,,,,OSM,,,24.9644277,67.076061,Karachi,Sindh,Pakistan,,,,,
372cadc5-f664-530f-b4b0-11f9495e1ea0,795888010,way,leisure,park,,,,,,OSM,,,24.9637921,67.0760874,Karachi,Sindh,Pakistan,,,,,
ca071a43-c08c-50ac-b151-24f0f8c3cf94,841271930,way,natural,water,GN 02,,,,,OSM,,,24.9723171,67.0781424,Karachi,Sindh,Pakistan,,,,,
0d6c001f-f418-5ca6-b974-386f6cfe3463,60903947,way,leisure,park,,,,,,OSM,,,24.9679974,67.0721034,Karachi,Sindh,Pakistan,,,,,
6ef29147-05f1-5ec9-b6b8-7cdffeedcb2b,985032509,way,leisure,park,Zeeshan Park,,,A local park with a play area.,,OSM,,,24.9670796,67.0734241,Karachi,Sindh,Pakistan,,,,,
3bf05578-370d-59ad-a98e-4a4cda73bee7,711148275,way,landuse,cemetery,,,,,,OSM,,,24.9591121,67.0901239,Karachi,Sindh,Pakistan,,,,,
8c9cdcc2-6e79-50e3-b63a-0557cf9c8fc6,1149626937,way,place,neighbourhood,: افغانی کباڑیئے: قبضہ شدہ سوسائٹی کی زمین,,,,,OSM,,,24.9666291,67.0967361,Karachi,Sindh,Pakistan,,,,,
f6d3d34b-435e-5f97-adc2-639cb08ef8bf,1246014242,way,leisure,park,Al Qayyum Society Park,,,,,OSM,,,24.9697089,67.1015766,Karachi,Sindh,Pakistan,,,,,
b4827ecf-1370-5e1c-afaf-70b7c42b1d22,1246014455,way,leisure,park,Al Raqeeb Society Park,,,,,OSM,,,24.9722538,67.1077095,Karachi,Sindh,Pakistan,,,,,
99386e6e-3282-5f0e-bb71-5bfd564180cf,1246014576,way,leisure,park,Al Naafi Society Park,,,,,OSM,,,24.9711151,67.108779,Karachi,Sindh,Pakistan,,,,,
69cc10f0-dad5-52c7-9c66-ea9d19de42d6,1041631301,way,leisure,park,Sector 3A q.town public park & Society office,,,,,OSM,,,24.9705935,67.1054737,Karachi,Sindh,Pakistan,,,,q.town sector 3a scheme 33,
2eb40da6-61aa-5c60-9fb1-bf03a8d7d290,1041631987,way,leisure,park,Al Ghani Society park,,,,,OSM,,,24.9682978,67.1029571,Karachi,Sindh,Pakistan,,,,Q.town,
0199b624-d03e-5ce5-919f-d5f5c0a28627,1246014118,way,leisure,park,Al Baseer Society Park,,,,,OSM,,,24.96792,67.1062455,Karachi,Sindh,Pakistan,,,,,
b85084f1-c796-5d76-8080-5426cf774b17,693642565,way,leisure,park,,,,,,OSM,,,24.9825049,67.0688692,Karachi,Sindh,Pakistan,,,,,
ca97f304-00c7-5c49-a96f-7b49fdf80216,712203653,way,leisure,park,Haq Parast Family Park,,,,,OSM,,,24.9803773,67.0690593,Karachi,Sindh,Pakistan,,,,,
1c6644f6-3c6d-56f1-bca5-37ffef7c4a51,841271929,way,natural,water,Gujjar Nala 01,,,,,OSM,,,24.9750114,67.0781814,Karachi,Sindh,Pakistan,,,,,
da5b0288-ab51-5c80-bbf4-cf621afdf16c,712212145,way,leisure,park,,,,,,OSM,,,24.9966193,67.0681645,Karachi,Sindh,Pakistan,,,,,
4cdf9161-0d1b-55e5-a5c5-9e4c2bda78d0,520350383,way,place,neighbourhood,New Karachi Sector 5J,,,,,OSM,,,24.998437,67.0736615,Karachi,Sindh,Pakistan,,,,,
b9250992-7043-523a-b93a-00367622c628,222687697,way,landuse,cemetery,,,,,,OSM,,,24.9767171,67.0946189,Karachi,Sindh,Pakistan,,,,,
6db7e77a-b89d-50b2-97f6-d5395ef7fefd,521261124,way,place,neighbourhood,Ahsanabad Sector 4,,,,,OSM,,,25.0009322,67.1094945,Karachi,Sindh,Pakistan,,,,,
78ba98cd-b626-5aff-9b86-ce85224d645c,712212132,way,leisure,park,,,,,,OSM,,,24.9989221,67.0679034,Karachi,Sindh,Pakistan,,,,,
2b22ea14-b8ae-56b5-95a4-7f49964b823d,687470232,way,leisure,park,,,,,,OSM,,,24.9646785,67.1179693,Karachi,Sindh,Pakistan,,,,,
ce9f7ecb-0bc5-534c-ad27-42a88b3c88f4,519694672,way,leisure,park,,,,,,OSM,,,24.9672678,67.1109382,Karachi,Sindh,Pakistan,,,,,
8bdce4da-7e33-5ab1-b154-30480112e67c,519694673,way,leisure,park,,,,,,OSM,,,24.9673845,67.1110613,Karachi,Sindh,Pakistan,,,,,
cc1a4291-3b31-564f-a15e-572f43976f07,519694674,way,leisure,park,,,,,,OSM,,,24.9674279,67.1107452,Karachi,Sindh,Pakistan,,,,,
7418182f-b129-5bfd-b619-b3123ca1c9da,519694675,way,leisure,park,,,,,,OSM,,,24.9675501,67.1108675,Karachi,Sindh,Pakistan,,,,,
a87988db-e503-5241-ac27-abd607ad1cf7,521261121,way,place,neighbourhood,Ahsanabad Sector 1,,,,,OSM,,,25.0016712,67.1187817,Karachi,Sindh,Pakistan,,,,,
f59afe7c-819e-5f06-a3e3-65eeecdb2510,521261122,way,place,neighbourhood,احسن آباد سیکٹر 5,احسن آباد سیکٹر 5,,,,OSM,,,24.9974207,67.1144096,Karachi,Sindh,Pakistan,,,,,
83d5eb87-4992-5308-9363-6efbc752670c,519682778,way,leisure,park,,,,,,OSM,,,24.9961245,67.1320854,Karachi,Sindh,Pakistan,,,,,
c8aeb13c-b25e-51c3-a209-2bcf9f955d3c,519682779,way,leisure,park,,,,,,OSM,,,24.9963719,67.1323355,Karachi,Sindh,Pakistan,,,,,
d23f6a64-4d2a-567c-bb51-9b564d20c8cc,519682780,way,leisure,park,,,,,,OSM,,,24.9963664,67.1320552,Karachi,Sindh,Pakistan,,,,,
9b02c99f-1680-5530-bc6e-2a96216791b2,5153777112,node,amenity,atm,,,,,,OSM,,,24.7933567,67.134584,Karachi,Sindh,Pakistan,,,,Habib Bank ATM,
8a556539-9746-5a9a-aabf-8a7c9c093fba,5153777114,node,amenity,bank,ایچ بی ایل پاکستان,ایچ بی ایل پاکستان,,,,OSM,,,24.7930396,67.1372394,Karachi,Sindh,Pakistan,,,ایچ بی ایل پاکستان,,
b236b74b-ba64-5919-9522-a7eb726d6247,5153777115,node,amenity,atm,,,,,,OSM,,,24.7930372,67.1372716,Karachi,Sindh,Pakistan,,,,Habib Bank,
a1279a73-4c12-5829-8e7c-96227458b21d,1278938681,way,amenity,bank,HBL Bank,ایچ بی ایل پاکستان,,,,OSM,,,24.7931409,67.1359255,Karachi,Sindh,Pakistan,,,HBL Bank,,
96154ffc-332e-5317-ad48-f0d3a9bba83c,1278409812,way,leisure,park,,,,,,OSM,,,24.7942133,67.1483461,Karachi,Sindh,Pakistan,,,,,
51f65165-7c9e-57a5-85dd-78c00d075456,5153777084,node,amenity,atm,,,,,,OSM,,,24.8038193,67.136137,Karachi,Sindh,Pakistan,,,,ABL ATM,
579efe21-55c3-5779-a432-3205bf75d36c,5153777085,node,amenity,bank,الائیڈ بینک لمیٹڈ,الائیڈ بینک لمیٹڈ,,,,OSM,,,24.8032837,67.1367593,Karachi,Sindh,Pakistan,,,الائیڈ بینک لمیٹڈ,,
f5bef514-7b80-5af5-88a9-d25589a7ea23,5098600021,node,amenity,atm,,,,,,OSM,,,24.8055357,67.1540964,Karachi,Sindh,Pakistan,,,,UBL,
cd8d1f86-4af9-52d1-a8fd-2372cd0d5b64,5098600022,node,amenity,atm,,,,,,OSM,,,24.8071029,67.1539648,Karachi,Sindh,Pakistan,,,,ubl,
7006a9c3-fe70-5192-85d3-6fb2a7c437c6,12144239976,node,healthcare,hospital,Shahid Medical Center Korangi 1 Karachi,,,,,OSM,,,24.8227012,67.1342293,Karachi,Sindh,Pakistan,,,,,
4787b85f-9672-5fdd-b2bf-77c02938bbd4,12144259375,node,healthcare,hospital,Marium Zahoor Eye Care Clinic,,,,,OSM,,,24.8225877,67.1343624,Karachi,Sindh,Pakistan,,,,,
06f9c049-593b-5b78-9aef-fb0004846fce,12144285424,node,healthcare,hospital,Shahid Medical Center Korangi 1 Dr M.A.Gohar Ortho,,,,,OSM,,,24.8227741,67.1342882,Karachi,Sindh,Pakistan,,,,,
30d21675-6874-56a9-b427-196e36828481,12146118110,node,leisure,park,Sabir Park,,,,,OSM,,,24.8253548,67.1336243,Karachi,Sindh,Pakistan,,,,,
87c19463-3893-5675-828c-e1b77afbb440,5156529422,node,leisure,park,Gilgit Colony Park,,,,,OSM,,,24.8155609,67.1383696,Karachi,Sindh,Pakistan,,,,,
558e3310-7bd1-5dc1-b2e2-5e692eb7118e,4769937778,node,amenity,bank,عسکری بینک,عسکری بینک,,,,OSM,,,24.8231919,67.1381357,Karachi,Sindh,Pakistan,,,عسکری بینک,,
68638bb0-974e-5d01-a44c-0e3ac10b67a2,4769937779,node,amenity,bank,ایچ بی ایل پاکستان,ایچ بی ایل پاکستان,,,,OSM,,,24.8232533,67.1379489,Karachi,Sindh,Pakistan,,,ایچ بی ایل پاکستان,,
b5c2f004-8955-5216-b80f-f2615cca3ced,5107361616,node,amenity,bank,Askari Bank - ATM,,,,,OSM,,,24.82336,67.1381439,Karachi,Sindh,Pakistan,,,,,
7f47a459-7851-58fe-9f2d-c35a167ef9ec,5107361617,node,amenity,bank,ایچ بی ایل پاکستان,ایچ بی ایل پاکستان,,,,OSM,,,24.8234215,67.1379713,Karachi,Sindh,Pakistan,,,ایچ بی ایل پاکستان,,
b0769e30-21fc-5a59-a911-3e9fb9c8ef3a,5137282939,node,leisure,park,Farooq Park,,,,,OSM,,,24.8223188,67.1354531,Karachi,Sindh,Pakistan,,,,,
7d0ff7c6-2bec-53f8-817c-b281d6553546,5137398212,node,amenity,bank,Faysal Bank Korangi Branch,,,,,OSM,,,24.8236035,67.1398022,Karachi,Sindh,Pakistan,,,,,
d7177eb9-8ece-5b31-90a3-63c7bc85dbdd,5137398215,node,amenity,bank,Bank Al Habib Korangi Branch,,,,,OSM,,,24.8235568,67.139923,Karachi,Sindh,Pakistan,,,,,
8901638a-31a9-5cd6-86e6-253a24174249,5137399521,node,amenity,bank,Meezan Bank Ltd,,,,,OSM,,,24.8238258,67.1412464,Karachi,Sindh,Pakistan,,,,,
f8bdefe8-d486-5a8d-b77c-a90c8a3561e7,12143910112,node,healthcare,pharmacy,Hassan Pharmacy & Mart,,,,,OSM,,,24.8229896,67.1367618,Karachi,Sindh,Pakistan,,,,,
bff860c0-2c74-52b2-ae15-290d4a0ca8b7,12146151546,node,healthcare,clinic,Dastagir Welfare Medical Centre,,,,,OSM,,,24.8267578,67.1353793,Karachi,Sindh,Pakistan,,,,,
730a3f49-962c-5287-b692-b7364df2df19,12146159167,node,leisure,park,Molana Muhammad Ali Johar Park,,,,,OSM,,,24.8269615,67.1365174,Karachi,Sindh,Pakistan,,,,,
f742a711-85cc-5601-9a5d-49a13f57b384,5137399525,node,amenity,bank,The First Micro Bank Korangi Branch,,,,,OSM,,,24.8242205,67.1432282,Karachi,Sindh,Pakistan,,,,,
c2e9bf20-caf6-5f85-b2c9-f2c32f0b0074,5137626761,node,amenity,bank,HabibMetroBank,,,,,OSM,,,24.8261036,67.1527879,Karachi,Sindh,Pakistan,,,,,
a95f7d7b-e754-50e6-b570-b556c24538c0,4785855519,node,amenity,police,Awami Colony Police Station Korangi No 4,,,,,OSM,,,24.826817,67.1594034,Karachi,Sindh,Pakistan,,,,,
ddfdca76-58f3-5991-9848-72a470814993,5128042352,node,amenity,marketplace,Korangi 4 Market,,,,,OSM,,,24.8280003,67.1581042,Karachi,Sindh,Pakistan,,,,,
d6c4d743-243e-57e0-ba57-8e5ba543c577,5137693325,node,amenity,bank,بينک الحبيب,بينک الحبيب,,,,OSM,,,24.8282032,67.1604617,Karachi,Sindh,Pakistan,,,بينک الحبيب,,
cb16af04-6d45-5109-9f77-d67b5edc3f30,5137693326,node,amenity,marketplace,Friends Mobile Market,,,,,OSM,,,24.8283157,67.1606893,Karachi,Sindh,Pakistan,,,,,
a14f46ae-2505-5f14-bcdd-42258598a303,5137716885,node,amenity,marketplace,Faisal Bro Electronics,,,,,OSM,,,24.8276921,67.1593538,Karachi,Sindh,Pakistan,,,,,
971b4070-dd1b-5763-8dc9-8abdbc127a5e,12146175093,node,amenity,police,R choki,,,,,OSM,,,24.8284024,67.1364723,Karachi,Sindh,Pakistan,,,,,
e81eaaa9-fd4b-5f90-845a-50ba00a6a7b5,12146177207,node,amenity,police,Police station,,,,,OSM,,,24.8284967,67.1364489,Karachi,Sindh,Pakistan,,,,,
064adfb6-b6e2-5973-9887-1c879dd23714,12152072898,node,healthcare,pharmacy,Irha medical store,,,,,OSM,,,24.8341731,67.1351769,Karachi,Sindh,Pakistan,,,,,
fbda5903-2ff8-5046-a868-174f856e8215,12151735476,node,amenity,marketplace,SK Multimedia Marketing Enterprise,,,,,OSM,,,24.8363417,67.1408434,Karachi,Sindh,Pakistan,,,,,
d016fb06-a7a4-5f01-a4f0-56520f2d5df3,4785855520,node,amenity,police,Anti Narcotics Police Station,,,,,OSM,,,24.8341356,67.15212,Karachi,Sindh,Pakistan,,,,,
fd132a17-3900-5b15-88d9-4d899ef7d653,5333621987,node,place,neighbourhood,Bilal Colony,,,,,OSM,,,24.8478476,67.1342808,Karachi,Sindh,Pakistan,,,,,
99d93c28-42fb-52b2-a081-d3616af59268,5333621995,node,place,neighbourhood,Bengali Para,,,,,OSM,,,24.8449707,67.134868,Karachi,Sindh,Pakistan,,,,,
a837c88b-7c7b-5485-81d1-4256ceb44d9e,4769985096,node,amenity,bank,Habib Metropoliten Bank,,,,,OSM,,,24.8431358,67.1408382,Karachi,Sindh,Pakistan,,,,,
3d4eb4b1-cbc7-5387-bac0-9c50a775e700,5107276265,node,amenity,bank,Habib Metropoliten Bank - ATM,,,,,OSM,,,24.8431211,67.1406983,Karachi,Sindh,Pakistan,,,,,
3cc51bc1-cd68-567c-a315-ec26d858c760,5333621996,node,place,neighbourhood,Allahabad Colony,,,,,OSM,,,24.8457076,67.1386121,Karachi,Sindh,Pakistan,,,,,
5558b947-c0fe-5c8d-b7cb-44ef8a133d48,4769999869,node,amenity,bank,بینک اسلامی,بینک اسلامی,,,,OSM,,,24.8432519,67.1453328,Karachi,Sindh,Pakistan,,,بینک اسلامی,بینک اسلامی,
a9e56013-96f6-5484-a04c-da80ae7d0f9b,4769999870,node,amenity,bank,بينک الحبيب,بينک الحبيب,,,,OSM,,,24.8432858,67.1455243,Karachi,Sindh,Pakistan,,,بينک الحبيب,,
dcb3cd2d-9be4-53ce-a1b5-473d0b878e7a,4772934125,node,amenity,bank,ABL Bilal Chowrangi Branch,,,,,OSM,,,24.8441751,67.1460649,Karachi,Sindh,Pakistan,,,,,
ccedb251-a70e-5bba-ad16-86cbaa157215,5107276266,node,amenity,bank,Bank Islami - ATM,,,,,OSM,,,24.8432382,67.145219,Karachi,Sindh,Pakistan,,,,,
109b06cd-0ceb-54e3-bcb4-33c13d709fac,5107276267,node,amenity,bank,Bank Al Habib - ATM,,,,,OSM,,,24.8433025,67.1456508,Karachi,Sindh,Pakistan,,,,,
c48da06c-2de0-52bd-92cb-bd6688dac733,5107276268,node,amenity,bank,ABL Bilal Chowrangi Branch - ATM,,,,,OSM,,,24.8442017,67.1461958,Karachi,Sindh,Pakistan,,,,,
1e380ec4-2877-5582-9465-ddc1e502a2a7,5131073343,node,amenity,bank,,,,,,OSM,,,24.8433783,67.1454141,Karachi,Sindh,Pakistan,,,,,
0c44dd1a-eb18-58ef-b199-ef68726efd6f,5156529424,node,place,neighbourhood,Awami Colony 1,,,,,OSM,,,24.8472219,67.1456764,Karachi,Sindh,Pakistan,,,,,
5732b4a1-4cb1-5a53-8fe7-b2eec8289e7b,5333621997,node,place,neighbourhood,Awami Colony,,,,,OSM,,,24.8479849,67.1487227,Karachi,Sindh,Pakistan,,,,,
394fc0b8-7925-5bb1-8ba4-16e5b72b944e,5135309353,node,amenity,marketplace,Mustafa Bazar,,,,,OSM,,,24.8251934,67.1711778,Karachi,Sindh,Pakistan,,,,,
1502a82e-1810-55bc-ba43-11a848071246,5135309354,node,amenity,marketplace,Gulistan Market,,,,,OSM,,,24.8249814,67.1713972,Karachi,Sindh,Pakistan,,,,,
b584c303-a784-53e0-ac97-f7a3c5dd3214,5133527601,node,amenity,bank,Bank Alfalah landhi branch,,,,,OSM,,,24.8314795,67.1733973,Karachi,Sindh,Pakistan,,,,,
18dacd7c-a7b7-5be2-8791-55009bd96cae,5133527602,node,amenity,bank,Bank Alfalah - ATM,,,,,OSM,,,24.8314665,67.1733771,Karachi,Sindh,Pakistan,,,,,
5a3bc3ff-00b7-598f-a7e3-885b7070e0ef,5133527603,node,amenity,bank,allied bank landhi 6 brach,,,,,OSM,,,24.8313504,67.1732908,Karachi,Sindh,Pakistan,,,,,
160653e2-8d45-5043-8212-acaa5bfa1fcb,5133527604,node,amenity,bank,allied bank - ATM,,,,,OSM,,,24.8313455,67.1732803,Karachi,Sindh,Pakistan,,,,,
26669115-04ab-5a1f-8d00-f614892ed970,5133527605,node,amenity,bank,بينک الحبيب,بينک الحبيب,,,,OSM,,,24.8315007,67.1727288,Karachi,Sindh,Pakistan,,,بينک الحبيب,,
624abeca-63b1-5048-be1e-6390f8a274ad,5133527606,node,amenity,bank,Bank Al Habib - ATM,,,,,OSM,,,24.8314802,67.172689,Karachi,Sindh,Pakistan,,,,,
41bb1b7d-32dd-58fc-a82b-e9bdbe8c6cee,5133527607,node,amenity,bank,ایچ بی ایل پاکستان,ایچ بی ایل پاکستان,,,,OSM,,,24.8311472,67.1726506,Karachi,Sindh,Pakistan,,,ایچ بی ایل پاکستان,,
d6ba2a8a-f875-5ac2-a895-1d6b118d1720,5133527608,node,amenity,bank,ایچ بی ایل پاکستان,ایچ بی ایل پاکستان,,,,OSM,,,24.831136,67.1726258,Karachi,Sindh,Pakistan,,,ایچ بی ایل پاکستان,,
0085ad4e-47ba-5e7b-868a-d27a885dea7e,5133527611,node,amenity,bank,Askari Bank Limited,,,,,OSM,,,24.8302974,67.171725,Karachi,Sindh,Pakistan,,,,,
25c65961-a09c-5fed-829f-92567b91b4ed,5133527612,node,amenity,bank,Askari Bank - ATM,,,,,OSM,,,24.8302885,67.1716884,Karachi,Sindh,Pakistan,,,,,
51864814-66ae-5f7d-aa58-bf74d3f71cf7,5133527613,node,amenity,marketplace,Bismillah Market,,,,,OSM,,,24.8306483,67.1711579,Karachi,Sindh,Pakistan,,,,,
89f69785-ff7a-5f7e-8aeb-02b339466e71,5135061555,node,amenity,bank,سندھ بینک,سندھ بینک,,,,OSM,,,24.8324031,67.1743111,Karachi,Sindh,Pakistan,,,سندھ بینک,,
1a93b875-4fe5-5fde-af57-14a5224bb77e,5135061556,node,amenity,bank,Sindh Bank - ATM,,,,,OSM,,,24.8323827,67.1742928,Karachi,Sindh,Pakistan,,,,,
d9f9d348-c0bd-5532-a3e4-473efe8035a5,5135061560,node,amenity,bank,فیصل بینک,فیصل بینک,,,,OSM,,,24.8313887,67.172971,Karachi,Sindh,Pakistan,,,فیصل بینک,,
76c9f7cf-ecd6-57d7-8576-fa6e4c4637ca,5135061561,node,amenity,bank,Faysal Bank - ATM,,,,,OSM,,,24.8313803,67.172951,Karachi,Sindh,Pakistan,,,,,
c3ae82a8-f3e9-5201-af79-93cc4fe61d8f,5135061562,node,amenity,bank,J s Bank,,,,,OSM,,,24.8312237,67.1726952,Karachi,Sindh,Pakistan,,,,,
8fc30ef7-8999-5cee-930d-f2b46b37aaa2,5135061563,node,amenity,bank,J s Bank - ATM,,,,,OSM,,,24.8312265,67.1727168,Karachi,Sindh,Pakistan,,,,,
3d1e2c7f-15b9-5ce1-94cf-44a84aedb33d,5135061568,node,amenity,bank,MCB Bank Limited,,,,,OSM,,,24.8309506,67.1718889,Karachi,Sindh,Pakistan,,,,,
69e4b972-81be-58a4-8aa6-8b4d79fea6ca,5135061569,node,amenity,bank,MCB Bank - ATM,,,,,OSM,,,24.830938,67.1718643,Karachi,Sindh,Pakistan,,,,,
a65224fc-a3fe-533e-8fde-b31dedea4c21,5135061571,node,amenity,bank,ایچ بی ایل پاکستان,ایچ بی ایل پاکستان,,,,OSM,,,24.8308122,67.1720799,Karachi,Sindh,Pakistan,,,ایچ بی ایل پاکستان,,
97758997-57ef-5dda-9785-0d999348b046,5135061572,node,amenity,bank,ایچ بی ایل پاکستان,ایچ بی ایل پاکستان,,,,OSM,,,24.8307982,67.1720645,Karachi,Sindh,Pakistan,,,ایچ بی ایل پاکستان,,
26c3d1e9-9fd9-5e09-beba-0d3a57f42c8b,5135061576,node,amenity,bank,ایچ بی ایل پاکستان,ایچ بی ایل پاکستان,,,,OSM,,,24.8299274,67.1708717,Karachi,Sindh,Pakistan,,,ایچ بی ایل پاکستان,,
2c63834d-81fd-5f1b-b061-915ee47303da,5135309341,node,amenity,bank,ایچ بی ایل پاکستان,ایچ بی ایل پاکستان,,,,OSM,,,24.8299125,67.1708535,Karachi,Sindh,Pakistan,,,ایچ بی ایل پاکستان,,
462c5a22-8a5e-50d8-8fac-7a3046a22443,5135309347,node,amenity,bank,ایم سی بی بینک,ایم سی بی بینک,,,,OSM,,,24.8287621,67.1704886,Karachi,Sindh,Pakistan,,,ایم سی بی بینک,,
b71be8df-e227-5cd4-a63e-640a7f74fc86,5135309348,node,amenity,bank,MCB Bank - ATM,,,,,OSM,,,24.8287605,67.1705099,Karachi,Sindh,Pakistan,,,,,
1b438a6e-4a5c-5f45-955a-18ab8b338e13,5142915730,node,leisure,park,Children Park,,,,,OSM,,,24.831358,67.1696485,Karachi,Sindh,Pakistan,,,,,
2d2fcd32-415a-5c64-a83d-16df56ad00f2,12141962766,node,amenity,bank,Meezan Bank - Landhi No. 6 Branch,,,,,OSM,,,24.8326654,67.1742861,Karachi,Sindh,Pakistan,,,,,
b9aa338d-0fb1-5306-9be7-167d8bdc6104,12141982271,node,amenity,marketplace,Chowrangi Market,,,,,OSM,,,24.8320459,67.172961,Karachi,Sindh,Pakistan,,,,,
b97cd8d2-9ca8-550a-8d23-469d53a966d1,12142088257,node,healthcare,pharmacy,Khurram optical,,,,,OSM,,,24.8306158,67.1702974,Karachi,Sindh,Pakistan,,,,,
b21afbb7-37a4-5194-8dcd-a7d9d8046d27,12142129726,node,healthcare,hospital,JIQ hospital,,,,,OSM,,,24.8310868,67.1689965,Karachi,Sindh,Pakistan,,,,,
0f95b081-b7a3-5337-aaa0-79e7665b94ae,12139910301,node,leisure,park,Govt. Park & Recreational Space,,,,,OSM,,,24.8395809,67.1674616,Karachi,Sindh,Pakistan,,,,,
a2826d48-5612-5527-93ad-25f043085c59,12140027091,node,amenity,bank,Nation Bank Of Pakistan NBP,,,,,OSM,,,24.8396467,67.1655814,Karachi,Sindh,Pakistan,,,,,
d4571812-ad64-5656-8767-ccc41b35d850,12140157270,node,healthcare,hospital,Finger steel ring cutting master,,,,,OSM,,,24.8408649,67.1651424,Karachi,Sindh,Pakistan,,,,,
6cf5ff68-7f17-5565-ba64-0b46be4acdd6,12140166484,node,amenity,atm,,,,,,OSM,,,24.8410304,67.1648527,Karachi,Sindh,Pakistan,,,,,
bfa895fc-1b86-5546-97bb-5a663ea9fb37,12140195889,node,amenity,bank,Allied Bank Ltd. (ABL),,,,,OSM,,,24.8410803,67.1648286,Karachi,Sindh,Pakistan,,,,,
9e2e7d63-4384-50a1-b08f-761408a8144b,12140227584,node,amenity,atm,,,,,,OSM,,,24.8414114,67.1657996,Karachi,Sindh,Pakistan,,,,,
62639157-1872-54a4-ad3e-5d825cded689,12140228314,node,amenity,bank,Habib Bank limited K area,,,,,OSM,,,24.8414065,67.1658371,Karachi,Sindh,Pakistan,,,,,
92b31340-39a2-5598-9c66-73551911282d,12140547723,node,landuse,cemetery,Usmania Cement DPO & Block,,,,,OSM,,,24.8365669,67.1707369,Karachi,Sindh,Pakistan,,,,,
cb43bad2-32f0-5ddf-bfee-a8561bb1e736,12141849039,node,leisure,park,Ismail Foundation Park,,,,,OSM,,,24.8410579,67.1740361,Karachi,Sindh,Pakistan,,,,,
5f235476-6f9c-5935-8a22-eece5bb86f27,12141863253,node,leisure,park,36-B Double Road Park,,,,,OSM,,,24.8411979,67.1740375,Karachi,Sindh,Pakistan,,,,,
3d358b75-9ae4-561f-ae4a-6ee3ed0d99c4,5133527585,node,amenity,marketplace,Gosht Market Landhi,,,,,OSM,,,24.8340367,67.1770317,Karachi,Sindh,Pakistan,,,,,
6e613224-c8a8-5263-9cd9-11306fbf757e,5133527591,node,amenity,marketplace,khawateen markaz,,,,,OSM,,,24.8339334,67.1767701,Karachi,Sindh,Pakistan,,,,,
f812d6a2-5ee9-5e03-a74c-395d0a3f09a9,5135061551,node,amenity,marketplace,Liberty Centre,,,,,OSM,,,24.8329814,67.1746993,Karachi,Sindh,Pakistan,,,,,
d1a898b7-ebbb-5b6b-9778-d37024224b9e,5133425777,node,healthcare,hospital,MALC Landhi Leprosy Centre,,,"Dermatology, Blindness, Leprosy, MCHC, Tubercolosis",,OSM,,,24.8374047,67.1802169,Karachi,Sindh,Pakistan,,,,MALC,
f1849e62-fb08-535f-bafd-89f6706ce86e,12141823780,node,healthcare,clinic,AISHA ABEDIN CLINIC & MATERNITY HOME,,,,,OSM,,,24.835713,67.175257,Karachi,Sindh,Pakistan,,,,,
0a9501eb-5d7c-5fb1-b052-28f7caedf02e,12141836078,node,healthcare,hospital,Meternity Homes Hospital,,,,,OSM,,,24.8391983,67.1746692,Karachi,Sindh,Pakistan,,,,,
41603571-91bc-5215-8fb9-6ebe87a35811,12141885117,node,leisure,park,Muhammad Abdul Latif Park,,,,,OSM,,,24.8396949,67.1758614,Karachi,Sindh,Pakistan,,,,,
b1d74fd0-6ebc-5a88-a726-de22b2731835,12141901355,node,leisure,park,Laal Park,,,,,OSM,,,24.8365296,67.1755127,Karachi,Sindh,Pakistan,,,,,
e3231655-f83e-5342-bf8f-b7537520bf36,12141919384,node,healthcare,hospital,Govt Dispensary,,,,,OSM,,,24.8352529,67.1748252,Karachi,Sindh,Pakistan,,,,,
88b2e973-8e92-5c18-9a0b-3052b61d0409,5130354322,node,leisure,park,Midway Park,,,,,OSM,,,24.8399681,67.1855315,Karachi,Sindh,Pakistan,,,,,
e130e047-ef00-5104-ba63-581b72603e07,5133370635,node,amenity,police,Landhi Police Station,,,,,OSM,,,24.838013,67.1825665,Karachi,Sindh,Pakistan,,,,,
5c6e6331-058a-59e9-8eac-7195d2938f2f,5133425774,node,amenity,police,Landhi Police Lines,,,,,OSM,,,24.8376834,67.1828221,Karachi,Sindh,Pakistan,,,,,
9701ebe5-7fe8-56ec-a1a8-4f7a68e5e087,5133425775,node,amenity,bank,National Bank of Pakistan NBP,,,,,OSM,,,24.8381978,67.1809978,Karachi,Sindh,Pakistan,,,,,
14309d1a-648f-5fcc-a9dc-55d04b32d7ee,5133425776,node,amenity,bank,National Bank -ATM,,,,,OSM,,,24.838183,67.1809838,Karachi,Sindh,Pakistan,,,,,
6bdb47f5-758f-57bd-bc95-57ab31c83865,5142915736,node,amenity,bank,National Saving Centre,,,,,OSM,,,24.8392779,67.1836964,Karachi,Sindh,Pakistan,,,,,
b112d05b-7d99-543f-9ddb-f4a37b91e7a0,4776898513,node,place,neighbourhood,Ilyas Goth,,,,,OSM,,,24.8184477,67.1881637,Karachi,Sindh,Pakistan,,,,,
11a58198-b5da-5046-aa31-c309b9b0efcc,5142915745,node,amenity,bank,Bank Al Habib Limited,,,,,OSM,,,24.8407076,67.1902174,Karachi,Sindh,Pakistan,,,,,
c56db987-4e51-5c14-b2b2-9506dedb3173,5142915747,node,amenity,bank,AliedBank,,,,,OSM,,,24.8413686,67.1911844,Karachi,Sindh,Pakistan,,,,,
0f23d1b2-739e-5156-8f89-329ed1804bff,4772934149,node,amenity,atm,Dubai Islamic Bank ATM,,,,,OSM,,,24.8443308,67.1669122,Karachi,Sindh,Pakistan,,,,,
b71dbd19-c4f5-53b1-b7b6-19ee10e574b3,12139620326,node,healthcare,hospital,Alhameed Welvear Medical Store,,,,,OSM,,,24.8431322,67.166446,Karachi,Sindh,Pakistan,,,,,
d5f28ee5-84a2-56d7-a397-6a57ce031321,12140272648,node,leisure,park,Sikandar Sanam Park,,,,,OSM,,,24.8425237,67.1654746,Karachi,Sindh,Pakistan,,,,,
2a962faf-6c79-5430-89e4-a3031001786c,12140277570,node,leisure,park,Choota park K area,,,,,OSM,,,24.8429346,67.1677221,Karachi,Sindh,Pakistan,,,,,
40370dc1-8013-598f-972e-a3456cbd02c7,5128767830,node,amenity,marketplace,Barber Market,,,,,OSM,,,24.8427205,67.1916066,Karachi,Sindh,Pakistan,,,,,
545463ff-ae4b-58e9-b961-76c082dad6c6,5128767832,node,amenity,bank,یونائیٹڈ بینک لمیٹڈ,یونائیٹڈ بینک لمیٹڈ,,,,OSM,,,24.8429405,67.1907789,Karachi,Sindh,Pakistan,,,یونائیٹڈ بینک لمیٹڈ,,
2b71db9c-6b4e-5c50-91bd-56d5e7bd35db,5128767833,node,amenity,atm,,,,,,OSM,,,24.8429332,67.1907518,Karachi,Sindh,Pakistan,,,,UBL,
8fcc4e8c-5d70-5dd9-a7c5-fdfa0f2659a4,5133191798,node,amenity,bank,Meezan Bank Limited,,,,,OSM,,,24.8435245,67.1919183,Karachi,Sindh,Pakistan,,,,,
02880bac-db79-5621-b94f-13216102e3f0,5133191799,node,amenity,bank,Meezan Bank - ATM,,,,,OSM,,,24.8435085,67.1919015,Karachi,Sindh,Pakistan,,,,,
5f57e01b-d62c-5c8c-b4ee-80a25ea330a3,5133191800,node,amenity,bank,بينک الحبيب,بينک الحبيب,,,,OSM,,,24.8433739,67.1915885,Karachi,Sindh,Pakistan,,,بينک الحبيب,,
580eac09-0b86-57ef-b575-7fc672f6f8e0,5133191801,node,amenity,bank,Bank Al Habib - ATM,,,,,OSM,,,24.843361,67.1915722,Karachi,Sindh,Pakistan,,,,,
337c416a-e1f9-513b-9cde-2e6812eda189,5133191805,node,amenity,marketplace,AR Purse Center,,,,,OSM,,,24.842098,67.1910911,Karachi,Sindh,Pakistan,,,,,
76a87d4e-9849-597d-8bcc-ab641bc8e6ed,5133191784,node,amenity,fire_station,Landhi Fire Station,,,,,OSM,,,24.8421647,67.1989184,Karachi,Sindh,Pakistan,,,,,
fe178c17-74cf-571d-bff0-6fc539bc2c68,5230089983,node,amenity,marketplace,Thursday Market,,,,,OSM,,,24.8479768,67.1973457,Karachi,Sindh,Pakistan,,,,,
919af3da-4932-5941-a3b0-09880faadf11,709858680,way,leisure,park,Gilgit Park,,,,,OSM,,,24.8156148,67.1383582,Karachi,Sindh,Pakistan,,,,,
bcc670ac-c41a-58e6-91a8-00cbb4c2233f,709858798,way,leisure,park,,,,,,OSM,,,24.8109442,67.1478026,Karachi,Sindh,Pakistan,,,,,
ef34dad7-4d5b-5646-8e26-70f713a00e0f,1278965037,way,natural,water,,,,,,OSM,,,24.804753,67.1708255,Karachi,Sindh,Pakistan,,,,,
9fa0983b-efb1-5ccf-87f3-0992894b246b,1278965049,way,natural,water,,,,,,OSM,,,24.807937,67.1983543,Karachi,Sindh,Pakistan,,,,,
e227f62d-71c7-5835-90ed-fefb3bd5b7af,709858818,way,leisure,park,,,,,,OSM,,,24.8254142,67.1336271,Karachi,Sindh,Pakistan,,,,,
289274bf-ce56-5fab-994d-ed33052b4dcf,223270244,way,leisure,park,,,,,,OSM,,,24.8220838,67.1442118,Karachi,Sindh,Pakistan,,,,,
0297d79f-b347-5524-9112-9ed0f951c9be,223270514,way,leisure,park,,,,,,OSM,,,24.8222545,67.1354325,Karachi,Sindh,Pakistan,,,,,
38b637dd-a8cd-5711-ac0a-0a3f44979819,784100130,way,leisure,park,,,,,,OSM,,,24.8174393,67.1720489,Karachi,Sindh,Pakistan,,,,,
9af489a3-94ce-5dea-b5a7-481cadefcba0,527486340,way,leisure,park,Korangi Model Family Park,,,,,OSM,,,24.8274174,67.1629456,Karachi,Sindh,Pakistan,,,,,
865d6bee-76ae-5172-b344-fb5c376e3734,709860625,way,leisure,park,,,,,,OSM,,,24.8218829,67.1723866,Karachi,Sindh,Pakistan,,,,,
e70f3e47-20cd-5f41-bdfb-e857fe56ded7,709860630,way,leisure,park,,,,,,OSM,,,24.8216069,67.1744171,Karachi,Sindh,Pakistan,,,,,
7ff31dec-ffbb-53e3-ae2f-8ef8b77a0a87,712241634,way,landuse,cemetery,,,,,,OSM,,,24.8282005,67.1687838,Karachi,Sindh,Pakistan,,,,,
801715eb-6e41-5446-abf9-d2f56d709cb7,709860613,way,leisure,park,,,,,,OSM,,,24.8268173,67.1686138,Karachi,Sindh,Pakistan,,,,,
12a748fe-5cc5-54f8-a9f0-3d66fb05afb9,712241499,way,leisure,park,,,,,,OSM,,,24.8321339,67.1715126,Karachi,Sindh,Pakistan,,,,,
5024d041-baa2-5486-a89d-be09fc7e5574,527486343,way,leisure,park,K Area Park,,,,,OSM,,,24.8397708,67.1666652,Karachi,Sindh,Pakistan,,,,,
47e3143b-4a94-5702-a117-b1628b0c554d,712241561,way,leisure,park,,,,,,OSM,,,24.8354075,67.1796774,Karachi,Sindh,Pakistan,,,,,
045b35d1-059e-502b-9cac-f6b16df91afa,712241659,way,leisure,park,Imran Shaheed Park,,,,,OSM,,,24.8383467,67.1836823,Karachi,Sindh,Pakistan,,,,,
f2bc84be-cd99-53ff-bb28-b2a4781c72e3,536884285,way,leisure,park,Iqbal Park - Landhi,,,,,OSM,,,24.8409717,67.1958128,Karachi,Sindh,Pakistan,,,,,
ec9e7f75-f2bc-5dc3-9a77-735033435334,536884289,way,natural,water,,,,,,OSM,,,24.8406168,67.1978699,Karachi,Sindh,Pakistan,,,,,
cef0ab0f-36a7-5ceb-be83-8f2a62f3d176,782851960,way,leisure,park,,,,,,OSM,,,24.8470894,67.200029,Karachi,Sindh,Pakistan,,,,,
3ce301db-d621-5f08-ab2c-136fa3741fbe,5333621988,node,place,neighbourhood,Gulzar Colony,,,,,OSM,,,24.8556768,67.1339467,Karachi,Sindh,Pakistan,,,,,
b7e224dc-98a3-5d9c-a6df-794b7bbbf090,5333622006,node,place,neighbourhood,Shaheed Sardar Abdur Rehman Garden,,,,,OSM,,,24.8582644,67.144514,Karachi,Sindh,Pakistan,,,,,
92c7b185-11f2-5701-b4b4-728e4566471c,5333622007,node,place,neighbourhood,Saima Luxury Homes,,,,,OSM,,,24.8614791,67.1412065,Karachi,Sindh,Pakistan,,,,,
a766fd5c-3926-5acc-b5ce-e58dc2972886,5333621990,node,place,neighbourhood,Allah Buksh Goth,,,,,OSM,,,24.8552651,67.1552447,Karachi,Sindh,Pakistan,,,,,
6a9286ba-9a17-5d69-895f-913f5463e525,5156598720,node,place,neighbourhood,Landhi Sector 21,,,,,OSM,,,24.8520926,67.1864717,Karachi,Sindh,Pakistan,,,,,
06307cac-2c83-5b0e-af32-cecb73c19fa2,6949994641,node,place,neighbourhood,Mansehra Colony,,,,,OSM,,,24.8574063,67.1871262,Karachi,Sindh,Pakistan,,,,,
cfb911b7-9d39-5bc1-bd43-712a71732e18,5335089346,node,place,neighbourhood,Korangi Sector 29,,,,,OSM,,,24.8510978,67.1926479,Karachi,Sindh,Pakistan,,,,,
0dfb7bdd-6e8e-5b1a-8296-f220a9dbeadb,4777352228,node,place,neighbourhood,فیوچر کالونی,فیوچر کالونی,,,,OSM,,,24.8568591,67.1962377,Karachi,Sindh,Pakistan,,,,,
97bd794a-e82c-5e56-a72d-cee92a4311e2,5339035956,node,place,neighbourhood,Gulshan e Dad Rahim,,,,,OSM,,,24.8661277,67.1907344,Karachi,Sindh,Pakistan,,,,,
342f6ef3-d3d9-53eb-b626-aea46e1a06bf,4775196324,node,place,neighbourhood,Pak Sadat Colony,,,,,OSM,,,24.8797611,67.1333359,Karachi,Sindh,Pakistan,,,,,
fc8a3de1-f397-5b7f-a228-6bd59dccfeb9,4767920582,node,amenity,bank,National Bank Shah Faisal,,,,,OSM,,,24.8788975,67.139794,Karachi,Sindh,Pakistan,,,,,
8f8407b2-d92a-5c56-81ec-be665a6f6c78,5273251544,node,leisure,park,خاندانی پارک,خاندانی پارک,,,,OSM,,,24.8767979,67.1360149,Karachi,Sindh,Pakistan,,,,,
2ab6c69e-0de9-5c29-9e3b-973b6462d5e3,12126095808,node,healthcare,clinic,Aasma consultant welfare clinic,,,,,OSM,,,24.8781427,67.1389648,Karachi,Sindh,Pakistan,,,,,
2e89fd2c-d1f4-5795-bec4-83d35ae19d6a,4767920574,node,amenity,police,Shah Faisal Police Station,,,,,OSM,,,24.8796864,67.1456443,Karachi,Sindh,Pakistan,,,,,
0bfa7df2-0699-54e4-ae87-7b6e13ab3322,5269655690,node,leisure,park,Nisar Hussain Shaheed Park,,,,,OSM,,,24.8789645,67.1464138,Karachi,Sindh,Pakistan,,,,,
d90aa01b-c7b7-5d93-b309-dba15647db71,5285985449,node,place,neighbourhood,Reta Plot Block 2,,,,,OSM,,,24.8779768,67.1472807,Karachi,Sindh,Pakistan,,,,,
b1a437bd-4867-532b-b84e-d30d62ea6957,12137886525,node,healthcare,clinic,ABDUL REHMAN ZUBAIDI HOUSE,,,,,OSM,,,24.8804938,67.1425943,Karachi,Sindh,Pakistan,,,,,
c39dd974-0838-54d7-9ea2-db50db6d5e5b,5285985446,node,amenity,bank,بينک الحبيب,بينک الحبيب,,,,OSM,,,24.880343,67.1520848,Karachi,Sindh,Pakistan,,,بينک الحبيب,,
04baf948-10dc-50ce-859a-ae6f230f7048,5156794558,node,place,neighbourhood,Shah Faisal Block 3,,,,,OSM,,,24.8803091,67.1553082,Karachi,Sindh,Pakistan,,,,,
901ebaa3-543d-52c7-8a74-da1e61c262fa,5269655679,node,leisure,park,Quaid Park,,,,,OSM,,,24.8778696,67.1578272,Karachi,Sindh,Pakistan,,,,,
4f9efef1-9d59-5c7f-b579-065b58b67dcc,5285985450,node,place,neighbourhood,Reta Plot Block 3,,,,,OSM,,,24.8764094,67.1559127,Karachi,Sindh,Pakistan,,,,,
30fdb9b5-41dc-51e2-a775-bc3a13b47aaf,12238694219,node,healthcare,hospital,Danish Medical Center,,,,,OSM,,,24.8781047,67.155697,Karachi,Sindh,Pakistan,,,,,
114106b4-3645-58a0-9da2-e9cc402fca2b,12238708650,node,leisure,park,Hanfia Park,,,,,OSM,,,24.877747,67.1549782,Karachi,Sindh,Pakistan,,,,,
875e60d7-25b0-5f57-a1d5-53eb5aa35c95,12238715112,node,healthcare,hospital,"Dr. Tariq Zia, ENT General Hospital",,,,,OSM,,,24.8783091,67.1550292,Karachi,Sindh,Pakistan,,,,,
c0af5fc4-eda0-570f-9141-2eacef7efe35,4737609343,node,amenity,bank,National Saving Center,,,,,OSM,,,24.8839131,67.1402919,Karachi,Sindh,Pakistan,,,,,
a7853805-f41b-5a8b-b8ab-d644ce06b64d,4737609344,node,amenity,bank,ایچ بی ایل پاکستان,ایچ بی ایل پاکستان,,,,OSM,,,24.8833559,67.1401148,Karachi,Sindh,Pakistan,,,ایچ بی ایل پاکستان,,
f21dda23-f9f9-54df-9035-b1f1790d55e4,4737609345,node,amenity,bank,بينک الحبيب,بينک الحبيب,,,,OSM,,,24.8830269,67.1398692,Karachi,Sindh,Pakistan,,,بينک الحبيب,,
3934ce4d-dfda-50d3-baac-1da4b029156a,4737609348,node,amenity,bank,دبئی اسلامی بینک,دبئی اسلامی بینک,,,,OSM,,,24.8854345,67.1399941,Karachi,Sindh,Pakistan,,,دبئی اسلامی بینک,,
2bf0fa24-54f8-5154-ba00-bd4e5870daed,4737609349,node,amenity,bank,یونائیٹڈ بینک لمیٹڈ,یونائیٹڈ بینک لمیٹڈ,,,,OSM,,,24.8854905,67.1398332,Karachi,Sindh,Pakistan,,,یونائیٹڈ بینک لمیٹڈ,,
561f46dc-4cb5-583c-a8eb-760b6ac55daa,4767920527,node,amenity,bank,Askari Bank Limited,,,,,OSM,,,24.8832273,67.1398829,Karachi,Sindh,Pakistan,,,,,
5881b1d3-fd78-5712-88d3-5d60923f15e8,4767920528,node,amenity,bank,الائیڈ بینک لمیٹڈ,الائیڈ بینک لمیٹڈ,,,,OSM,,,24.8830727,67.140037,Karachi,Sindh,Pakistan,,,الائیڈ بینک لمیٹڈ,,
d89445ce-33ac-534a-b0be-97b6cfcc13a8,4775196323,node,place,neighbourhood,Natha Khan Goth,,,,,OSM,,,24.8848113,67.1361423,Karachi,Sindh,Pakistan,,,,,
cc7ed3ac-b37c-5b18-a455-ca4ba6b37665,5122919892,node,amenity,bank,Faysal Bank - Shah Faisal,,,,,OSM,,,24.8845354,67.1400988,Karachi,Sindh,Pakistan,,,,,
421b063a-487b-52af-b7eb-8da50eb3599b,5273384583,node,amenity,bank,ایم سی بی بینک,ایم سی بی بینک,,,,OSM,,,24.8824313,67.1399886,Karachi,Sindh,Pakistan,,,ایم سی بی بینک,,
0ee4f32a-43f0-54b3-be64-8efac96a834f,12184168067,node,healthcare,hospital,Anmol hospital bahawalpur,,,,,OSM,,,24.8815337,67.1389385,Karachi,Sindh,Pakistan,,,,,
75dd261c-7a75-5332-9c45-d90b8795c2c2,12184382317,node,amenity,marketplace,Malak Vegetable Shop,,,,,OSM,,,24.8840481,67.1365624,Karachi,Sindh,Pakistan,,,,,
0ba54532-a5eb-537e-9bb2-c8d3a1c8c9a4,4104333346,node,railway,station,Airport,,,,,OSM,,,24.8865027,67.1440768,Karachi,Sindh,Pakistan,,,,,Q124962761
8b746765-7b44-5eca-b721-cf1a1c26c4c8,4737611609,node,amenity,bank,سندھ بینک,سندھ بینک,,,,OSM,,,24.8853202,67.1417215,Karachi,Sindh,Pakistan,,,سندھ بینک,,
049baa71-6cd6-53e8-9326-1ce700a612b2,4737611610,node,amenity,bank,میزان بینک,میزان بینک,,,,OSM,,,24.8852383,67.1429941,Karachi,Sindh,Pakistan,,,میزان بینک,,
724e70e7-bd5b-5f12-be80-72e799022694,4737615081,node,amenity,atm,اسٹینڈرڈ چارٹرڈ,اسٹینڈرڈ چارٹرڈ,,,,OSM,,,24.8871711,67.146233,Karachi,Sindh,Pakistan,,,اسٹینڈرڈ چارٹرڈ,اسٹینڈرڈ چارٹرڈ,
246baf69-ba53-522c-b2f9-dec37eec57bc,4767920532,node,amenity,bank,جے ایس بینک,جے ایس بینک,,,,OSM,,,24.8852333,67.143114,Karachi,Sindh,Pakistan,,,جے ایس بینک,جے ایس بینک,
3e00dfa6-8077-502f-91e3-afd844e0808a,4767920535,node,amenity,fire_station,Shah Faisal Town Fire station,,,,,OSM,,,24.8848041,67.1426702,Karachi,Sindh,Pakistan,,,,,
1440c6c9-6271-5293-9886-313c8ec019fb,5107508790,node,amenity,bank,Habib Metro Bank - ATM,,,,,OSM,,,24.8871804,67.1461409,Karachi,Sindh,Pakistan,,,,,
20f471c2-3f6d-5ee9-be0c-39f7c4715225,5285985459,node,amenity,bank,Habib Metropolitan Bank,,,,,OSM,,,24.8818675,67.1457041,Karachi,Sindh,Pakistan,,,,,
ccaac8f6-4ded-5569-9edf-3fc3efaea97a,12134029643,node,amenity,bank,Bank al habib Islamic banking branch,,,,,OSM,,,24.8845735,67.1455796,Karachi,Sindh,Pakistan,,,,,
5cd11ba0-55cc-55a8-94da-bfbb93045e1d,12134200056,node,healthcare,pharmacy,DVAGO Pharmacy & Wellness Experts,,,,,OSM,,,24.8829164,67.1455172,Karachi,Sindh,Pakistan,,,,,
d6f9b3f1-fafa-5ad4-ad07-80e4ec8c3d22,12134286235,node,healthcare,clinic,Al-Shifa Clinic,,,,,OSM,,,24.8820386,67.1450914,Karachi,Sindh,Pakistan,,,,,
c84d3a6b-5448-55ca-b12f-4b77bec80854,12137334414,node,healthcare,hospital,THO OFFICE SHAH FAYSAL TOWN,,,,,OSM,,,24.8814018,67.1447915,Karachi,Sindh,Pakistan,,,,,
158ee890-9510-5e91-80af-f53fbede4fce,12137338889,node,healthcare,hospital,Sindh Government Hospital Shah Faisal Town,,,,,OSM,,,24.8811943,67.1448,Karachi,Sindh,Pakistan,,,,,
caa9b53b-4b06-588c-a9dc-4ee079736a7c,12137346924,node,healthcare,hospital,SGD THO OFFICE ahah Faysal town,,,,,OSM,,,24.8813289,67.1447227,Karachi,Sindh,Pakistan,,,,,
5f2bd0a0-1d2c-515d-a39c-5513f3c27091,12137467147,node,healthcare,clinic,Alvi Homeopathic Clinic,,,,,OSM,,,24.8814576,67.1436064,Karachi,Sindh,Pakistan,,,,,
6eaef580-e83e-5d13-8232-577e1f4db6bf,12137511367,node,healthcare,hospital,WAQAT JAHAN MEDICAL WELFARE TRUST,,,,,OSM,,,24.8818725,67.1418495,Karachi,Sindh,Pakistan,,,,,
878df6af-e2fe-50aa-be12-6193e19c0c1e,5226556626,node,leisure,park,PIA Township Children's Park,,,,,OSM,,,24.8889668,67.1382745,Karachi,Sindh,Pakistan,,,,,
7298334f-b417-5849-909e-ab3a242bf56e,5334673084,node,leisure,park,PIA Town Ship Ladies Park,,,,,OSM,,,24.8924409,67.1403818,Karachi,Sindh,Pakistan,,,,,
bf354693-fa6e-5a39-a978-83e4e6ee0300,5226556628,node,healthcare,hospital,CAA Medical Board,,,,,OSM,,,24.8885814,67.1441628,Karachi,Sindh,Pakistan,,,,,
8e7f6901-35f6-590e-b7a7-56fa955b0200,6113625722,node,place,neighbourhood,PIA Township,,,,,OSM,,,24.8921083,67.1432136,Karachi,Sindh,Pakistan,,,,,
071967b3-e635-5894-bd4e-cad05aea062d,4737620846,node,amenity,police,Airport Police Station,,,,,OSM,,,24.8871814,67.1483399,Karachi,Sindh,Pakistan,,,,,
663b35a8-8b50-5a5e-91a1-ef5a593873da,4737625696,node,amenity,bank,الائیڈ بینک لمیٹڈ,الائیڈ بینک لمیٹڈ,,,,OSM,,,24.8867297,67.1544083,Karachi,Sindh,Pakistan,,,الائیڈ بینک لمیٹڈ,,
35549eab-933a-5660-91d9-4929236beff4,5172982167,node,leisure,park,Fuji Foundation Hospital Park,,,,,OSM,,,24.8844236,67.1511251,Karachi,Sindh,Pakistan,,,,,
af855f8d-8efd-529a-9f4c-4d6be93521b0,5172982168,node,healthcare,hospital,Shoukat Omer Memorial Hospital,,,,,OSM,,,24.884143,67.1515355,Karachi,Sindh,Pakistan,,,,,
0e57c4ce-7d82-59f2-abf8-e13567ac47d7,5172982169,node,amenity,bank,ایم سی بی بینک,ایم سی بی بینک,,,,OSM,,,24.8844998,67.1525476,Karachi,Sindh,Pakistan,,,ایم سی بی بینک,,
476cc5e0-4c0e-5e5f-8e72-0f2181f42a53,5285985426,node,healthcare,pharmacy,Nishat Medical,,,,,OSM,,,24.882335,67.1509429,Karachi,Sindh,Pakistan,,,,,
236040db-5ea2-593b-87e8-856eed2d1316,5285985442,node,healthcare,pharmacy,Shifa e madina medicine mart,,,,,OSM,,,24.8818385,67.1524997,Karachi,Sindh,Pakistan,,,,,
8982d333-779f-5a9d-8d00-a92d38bba052,5285985445,node,healthcare,pharmacy,Nishat Medical Store,,,,,OSM,,,24.8819233,67.1529287,Karachi,Sindh,Pakistan,,,,,
fce92ac0-f41e-59e6-a4a0-168e3a152ecd,12128165411,node,healthcare,clinic,Specialist Clinic,,,,,OSM,,,24.8820534,67.1514074,Karachi,Sindh,Pakistan,,,,,
0bb99c6f-c9ec-5631-ae02-d0a903cee2dd,12130792952,node,amenity,bank,Bank Islami - Shah Faisal Colony,,,,,OSM,,,24.8829705,67.1523004,Karachi,Sindh,Pakistan,,,,,
044f99bb-764e-5fcc-9208-aec22e2f7879,12131046322,node,healthcare,clinic,Arham Clinic,,,,,OSM,,,24.8831926,67.1525615,Karachi,Sindh,Pakistan,,,,,
230c92e7-b4c7-5549-b4e3-38cfe9b2555c,12131200588,node,healthcare,pharmacy,Meri Pharmacy,,,,,OSM,,,24.883549,67.152324,Karachi,Sindh,Pakistan,,,,,
6bf37c6d-a560-5304-bc6c-d10d44a32367,12131288054,node,leisure,park,Tekoon park,,,,,OSM,,,24.8838677,67.1526662,Karachi,Sindh,Pakistan,,,,,
7d3b076a-b1af-5ca2-88cf-ebf6625079af,12131300688,node,leisure,park,Fauji hospital park,,,,,OSM,,,24.8845453,67.151949,Karachi,Sindh,Pakistan,,,,,
a87f00ac-02b3-5644-bd0a-c32510e95ad6,12131305902,node,healthcare,pharmacy,The Care Chemist,,,,,OSM,,,24.8839049,67.1513678,Karachi,Sindh,Pakistan,,,,,
a616c572-1646-56f8-956f-641a34f8a116,12131496573,node,healthcare,clinic,Mustafa Family Clinic,,,,,OSM,,,24.8846686,67.1546464,Karachi,Sindh,Pakistan,,,,,
3748d297-dde8-5620-9491-8491e7de7747,12131501414,node,healthcare,clinic,Anamta homeopathic clicinc,,,,,OSM,,,24.8846813,67.1544611,Karachi,Sindh,Pakistan,,,,,
397d5fc5-413b-5eed-b48d-8f1b97b320ce,12153730317,node,healthcare,hospital,Sindh Social Dispencery Shah Faisal,,,,,OSM,,,24.8845431,67.1524273,Karachi,Sindh,Pakistan,,,,,
0a84ebde-ad5f-59e6-be5d-32fba511293f,4775195419,node,place,neighbourhood,Shah Faisal Colony 3 Number,,,,,OSM,,,24.8813414,67.1550422,Karachi,Sindh,Pakistan,,,,,
c7df88aa-6c18-5b91-aa29-25157a6d31c2,12131514823,node,healthcare,clinic,Bismilla Homeo Clinic,,,,,OSM,,,24.8846989,67.1550629,Karachi,Sindh,Pakistan,,,,,
a1e8a68a-d068-5fca-88c2-09dd373d5b7a,12132455862,node,healthcare,hospital,AL-Falah Urgent Care Clinic,,,,,OSM,,,24.8831215,67.1576285,Karachi,Sindh,Pakistan,,,,,
e435cc23-d581-597f-9a0a-be6df0675b4e,12133520629,node,healthcare,hospital,Shaheed Manoor Alam Arain,,,,,OSM,,,24.88096,67.1601493,Karachi,Sindh,Pakistan,,,,,
38f808f4-9eed-5f27-89b1-1fb3f6e61f28,4737624806,node,amenity,bank,Habib Metro Bank,,,,,OSM,,,24.8874475,67.1522143,Karachi,Sindh,Pakistan,,,,,
9a721abc-9aa7-51b3-8800-12f539c4c3be,5107508788,node,amenity,atm,Habib Bank ATM,,,,,OSM,,,24.8873311,67.154675,Karachi,Sindh,Pakistan,,,,HBL,
22c29d6c-9280-501b-997d-78e87fdf3b79,5107508789,node,amenity,bank,Habib Metro Bank - ATM,,,,,OSM,,,24.8874625,67.1521,Karachi,Sindh,Pakistan,,,,,
53f845d7-1db2-5f3e-b275-af4efb7e5ef8,4737631159,node,amenity,atm,ایچ بی ایل پاکستان,ایچ بی ایل پاکستان,,,,OSM,,,24.8873623,67.1547731,Karachi,Sindh,Pakistan,,,ایچ بی ایل پاکستان,,
215df69a-ef48-56f9-804b-c67d2ea3fa50,5132765233,node,amenity,bank,HBL Bank,ایچ بی ایل پاکستان,,,,OSM,,,24.8951848,67.1538475,Karachi,Sindh,Pakistan,,,HBL Bank,,
7995dc39-3371-5f5c-84c6-8ca1c19268ce,5132765234,node,amenity,atm,,ایچ بی ایل پاکستان,,,,OSM,,,24.8951921,67.1538193,Karachi,Sindh,Pakistan,,,HBL Bank,HBL Bank,
77179781-8f80-5636-b052-b557e3405c1e,5156794559,node,place,neighbourhood,عظیم پورہ,عظیم پورہ,,,,OSM,,,24.8738223,67.1634057,Karachi,Sindh,Pakistan,,,,,
b83562a0-0250-5f64-bfca-5e14e6ddef65,5287521869,node,place,neighbourhood,Baba Town,,,,,OSM,,,24.8728969,67.1676744,Karachi,Sindh,Pakistan,,,,,
01c288b8-aa2b-5ccd-b42f-a5fa3cbad53a,5339107799,node,place,neighbourhood,Gulfishan Housing Society,,,,,OSM,,,24.873195,67.1665956,Karachi,Sindh,Pakistan,,,,,
ed6c1872-e6bf-5c0f-9d9e-7be784ffa119,5339107797,node,place,neighbourhood,Gulshan e Ghazali,,,,,OSM,,,24.8713123,67.1738697,Karachi,Sindh,Pakistan,,,,,
1d546632-0bba-54ed-a158-7b7ef844692b,5339107798,node,place,neighbourhood,Millat Town,,,,,OSM,,,24.87216,67.1705412,Karachi,Sindh,Pakistan,,,,,
dfb11906-19db-56bd-b01f-6c3e1b531f8d,5269335980,node,amenity,bank,بينک الحبيب,بينک الحبيب,,,,OSM,,,24.8751973,67.1662514,Karachi,Sindh,Pakistan,,,بينک الحبيب,,
87c57ceb-d880-50f7-aa7c-629d863351ae,5269335981,node,amenity,bank,الائیڈ بینک لمیٹڈ,الائیڈ بینک لمیٹڈ,,,,OSM,,,24.8752443,67.1659692,Karachi,Sindh,Pakistan,,,الائیڈ بینک لمیٹڈ,,
9ff231b0-4213-5d93-b94a-557320d5dd99,5339107813,node,place,neighbourhood,"Kehkashan Society, Shah Faisal",,,,,OSM,,,24.8771421,67.1677316,Karachi,Sindh,Pakistan,,,,,
6026c798-84f9-586c-b8cd-39799eb014cb,5133028130,node,healthcare,hospital,Shamsi Hospital,,,,,OSM,,,24.879551,67.171449,Karachi,Sindh,Pakistan,,,,,
4ed53817-5866-5694-842a-6a00e8a68916,5156794569,node,place,neighbourhood,Shamsi Society,,,,,OSM,,,24.8795621,67.1715432,Karachi,Sindh,Pakistan,,,,,
971d90e0-a751-56cb-834a-8f155b14f6a6,5156794577,node,place,neighbourhood,Bilal Town Shah Faisal,,,,,OSM,,,24.8753398,67.1701059,Karachi,Sindh,Pakistan,,,,,
76d3ecb6-7029-54ba-aa71-840ce16e6387,5339107812,node,place,neighbourhood,"Al Falah Society, Shah Faisal",,,,,OSM,,,24.8784612,67.1719319,Karachi,Sindh,Pakistan,,,,,
41d35263-55be-578d-a46b-cc69f1d0b508,5339107814,node,place,neighbourhood,"Al Badar Society, Shah Faisal",,,,,OSM,,,24.8782602,67.1702243,Karachi,Sindh,Pakistan,,,,,
b16c57c4-880e-5415-9f49-cf51f9fac0e2,5587269321,node,amenity,atm,,,,,,OSM,,,24.8789141,67.1697241,Karachi,Sindh,Pakistan,,,,ikram,
c2e20995-30f8-5789-9b27-36bcf79489a6,12549416541,node,place,neighbourhood,Bait-ul-Noor,,,,,OSM,,,24.8797429,67.1679379,Karachi,Sindh,Pakistan,,,,,
1fa85712-4869-5ede-86b1-50709d63d1df,5156794565,node,place,neighbourhood,Gulshan e Rafi,,,,,OSM,,,24.8738582,67.180912,Karachi,Sindh,Pakistan,,,,,
3da282a8-5c6a-52cf-b5aa-570117ae5553,5339043557,node,place,neighbourhood,Gulshan e Qadri,,,,,OSM,,,24.8740375,67.1783501,Karachi,Sindh,Pakistan,,,,,
e696e280-f394-5f61-a00a-2e82dc68ff87,5339043560,node,place,neighbourhood,Dehli Saudagaran Society,,,,,OSM,,,24.8728801,67.1755341,Karachi,Sindh,Pakistan,,,,,
3181032e-04a1-51d0-9dbd-3dae6b129db7,5339043561,node,place,neighbourhood,Shamshad Housing Society,,,,,OSM,,,24.8680145,67.1805426,Karachi,Sindh,Pakistan,,,,,
daf9aeb1-4e08-554f-9aa8-8a2ff709786e,5339043562,node,place,neighbourhood,Gul Town,,,,,OSM,,,24.8696096,67.1775709,Karachi,Sindh,Pakistan,,,,,
c0672590-67e9-5e49-8f33-217b2ee05d13,5339107796,node,place,neighbourhood,Bagh e Rafi,,,,,OSM,,,24.87094,67.1750987,Karachi,Sindh,Pakistan,,,,,
c0e4bea2-1eb0-52e9-b570-2edab5aeea03,5339035953,node,place,neighbourhood,Maaz Town,,,,,OSM,,,24.8704657,67.1837395,Karachi,Sindh,Pakistan,,,,,
5480e35d-0862-5f9f-a818-cdb52aefcb6f,5339043552,node,place,neighbourhood,Anwar e Ibrahim,,,,,OSM,,,24.8734251,67.1866566,Karachi,Sindh,Pakistan,,,,,
9d1f1f77-faa4-5b42-b6bf-97976f865e76,5339107801,node,place,neighbourhood,Gulistan e Malir,,,,,OSM,,,24.8691911,67.1816033,Karachi,Sindh,Pakistan,,,,,
8120cc82-7887-5a27-95ae-e422f3202711,4764379341,node,amenity,bank,بینک الفلاح,بینک الفلاح,,,,OSM,,,24.8761372,67.1802379,Karachi,Sindh,Pakistan,,,بینک الفلاح,,
9b98df2c-67eb-5576-b851-6ee5364b4072,4764379345,node,amenity,bank,Meezan Bank Jamia Millia Road Branch,,,,,OSM,,,24.8759114,67.179059,Karachi,Sindh,Pakistan,,,,,
d1988d99-ad30-508c-aafc-4ebfc7da5fac,5156794574,node,place,neighbourhood,Rafah e Aam Society,,,,,OSM,,,24.8796143,67.1747783,Karachi,Sindh,Pakistan,,,,,
c8678e29-5c20-562f-b0df-3b9dee06c2f7,5156794575,node,place,neighbourhood,Al Falah Housing Society,,,,,OSM,,,24.8778223,67.1775594,Karachi,Sindh,Pakistan,,,,,
31662344-f6ee-5b1b-9080-8bc6ba840917,5269335969,node,healthcare,pharmacy,AL Tameez Medicos,,,,,OSM,,,24.8786828,67.1768023,Karachi,Sindh,Pakistan,,,,,
b966dcae-ee57-53cf-b049-3dde8a44687e,5287119639,node,healthcare,hospital,Al-Shifa Hospital & Maternity Home,,,,,OSM,,,24.8763229,67.1807897,Karachi,Sindh,Pakistan,,,,,
33fa594e-9985-5cdb-8528-a1af082fb550,5287119643,node,healthcare,clinic,Zia Clinic,,,,,OSM,,,24.8764853,67.1772486,Karachi,Sindh,Pakistan,,,,,
4be7614e-156e-5d49-a64e-eeca5ab8f1f5,5287119646,node,healthcare,pharmacy,Usman Medical & General Store,,,,,OSM,,,24.8773884,67.1767149,Karachi,Sindh,Pakistan,,,,,
81c3c128-65c4-50d1-993a-419e939e6fd3,5306543765,node,leisure,park,Ladies Park,,,,,OSM,,,24.8795176,67.1751615,Karachi,Sindh,Pakistan,,,,,
28259157-ae7f-56ab-8a35-cf2e47400f9b,5339043559,node,place,neighbourhood,Sadabagh,,,,,OSM,,,24.8743408,67.1754754,Karachi,Sindh,Pakistan,,,,,
be9cba00-e9d1-5ff5-b013-79ef8a8b7586,5339107809,node,place,neighbourhood,Hansabad Housing Society,,,,,OSM,,,24.8802621,67.1796837,Karachi,Sindh,Pakistan,,,,,
a5e0258e-e23a-5161-bfcc-b22c9038f530,13290429961,node,leisure,park,Ibrahim Villas Phase-1 (Family Park & Play Area),,,,,OSM,,,24.8775914,67.1803395,Karachi,Sindh,Pakistan,,,,,
47bdee76-3bf2-5827-840e-48fa42bd98f6,4737734521,node,amenity,bank,ایچ بی ایل پاکستان,ایچ بی ایل پاکستان,,,,OSM,,,24.8800858,67.1867566,Karachi,Sindh,Pakistan,,,ایچ بی ایل پاکستان,,
97ef3295-6f2a-5ea0-ad06-2e4f0a556a68,4737734525,node,amenity,bank,NBP Bank,,,,,OSM,,,24.8796795,67.1873351,Karachi,Sindh,Pakistan,,,,,
cc211911-fd75-5c1c-b8a8-dce71abb768f,5107361930,node,amenity,bank,NBP Bank - ATM,,,,,OSM,,,24.8797459,67.1872701,Karachi,Sindh,Pakistan,,,,,
1ea81fa3-4b24-5816-9f27-c12939ac4bf9,5109211308,node,amenity,bank,ایچ بی ایل پاکستان,ایچ بی ایل پاکستان,,,,OSM,,,24.8801017,67.1866795,Karachi,Sindh,Pakistan,,,ایچ بی ایل پاکستان,,
37e696f6-939a-5a41-8893-ac76f32fab98,5339107808,node,place,neighbourhood,Bagh e Malir,,,,,OSM,,,24.8797815,67.1839186,Karachi,Sindh,Pakistan,,,,,
bfa82e23-7720-566d-a860-3f234db63baa,5172982153,node,place,neighbourhood,Golden Town Shah Faisal,,,,,OSM,,,24.8843486,67.164756,Karachi,Sindh,Pakistan,,,,,
6c5a837b-82e4-5f47-b991-5e4d0a87100c,5226556642,node,amenity,bank,عسکری بینک,عسکری بینک,,,,OSM,,,24.884302,67.1678107,Karachi,Sindh,Pakistan,,,عسکری بینک,,
621f4c66-14a2-55ed-912e-d22f417cdba1,5156794573,node,place,neighbourhood,Rafah e Aam Block J,,,,,OSM,,,24.8817143,67.1731508,Karachi,Sindh,Pakistan,,,,,
2e0bf4da-fb33-5260-87d8-07f9e8facdd8,5226556640,node,amenity,bank,میزان بینک,میزان بینک,,,,OSM,,,24.8846452,67.1680584,Karachi,Sindh,Pakistan,,,میزان بینک,,
e508cc25-9d05-5939-9d5c-a7b939e2057a,5226556641,node,amenity,bank,بینک اسلامی,بینک اسلامی,,,,OSM,,,24.8844864,67.167888,Karachi,Sindh,Pakistan,,,بینک اسلامی,بینک اسلامی,
a67543f0-9b8f-5864-bb9e-bb23323a428c,5226556643,node,healthcare,hospital,Star General Hospital,,,,,OSM,,,24.8846413,67.1679225,Karachi,Sindh,Pakistan,,,,,
52674337-778a-5db9-a5f6-206c234b7cf3,5226556644,node,amenity,bank,نیشنل بینک آف پاکستان,نیشنل بینک آف پاکستان,,,,OSM,,,24.8840973,67.1685405,Karachi,Sindh,Pakistan,,,نیشنل بینک آف پاکستان,نیشنل بینک آف پاکستان,
78873a56-1e35-5eca-b4b0-2d8a7e366abd,5339107815,node,place,neighbourhood,"Punjab Town, Shah Faisal",,,,,OSM,,,24.8811874,67.1679291,Karachi,Sindh,Pakistan,,,,,
52d5ff44-bc1b-517d-85ef-51f5867ad907,4737643119,node,amenity,atm,ایچ بی ایل پاکستان,ایچ بی ایل پاکستان,,,,OSM,,,24.8874085,67.1633911,Karachi,Sindh,Pakistan,,,HBL Bank,HBL Bank,
64b8ca74-0046-54ce-bcda-ff80866df672,4665149996,node,amenity,bank,Bank Al Habib Mailr Halt Branch,,,,,OSM,,,24.8848039,67.17517,Karachi,Sindh,Pakistan,,,,,
9fba73f6-324e-53a2-933a-46fad9b7c53d,4737655921,node,amenity,bank,ایم سی بی بینک,ایم سی بی بینک,,,,OSM,,,24.8832423,67.1747368,Karachi,Sindh,Pakistan,,,ایم سی بی بینک,,
5f825bec-26c2-546e-911e-8a69e5be6c4f,4737664784,node,amenity,bank,ایچ بی ایل پاکستان,ایچ بی ایل پاکستان,,,,OSM,,,24.8848734,67.1748334,Karachi,Sindh,Pakistan,,,ایچ بی ایل پاکستان,,
b7a5bcf2-de2f-5a85-b24d-7decaec8703a,4737664785,node,amenity,bank,Bank Al Habib Malir Halt,,,,,OSM,,,24.8848467,67.1749272,Karachi,Sindh,Pakistan,,,,,
5cd24669-e4ef-5d3e-9cf5-44470bee3086,4737664786,node,amenity,bank,Faisal Bank Malir Halt,,,,,OSM,,,24.8848832,67.175166,Karachi,Sindh,Pakistan,,,,,
73ab52ee-8faa-5f1e-a084-4790702dcf2c,4737680864,node,amenity,bank,NIB Bank - ATM,,,,,OSM,,,24.8840024,67.1785026,Karachi,Sindh,Pakistan,,,,,
b14345ca-5cb3-52ab-b9b7-5a386517fc6a,5107361937,node,amenity,bank,MCB Bank - ATM,,,,,OSM,,,24.8832785,67.1747955,Karachi,Sindh,Pakistan,,,,,
0643575b-dc92-5cd5-8696-dffaff50b288,5107508785,node,amenity,bank,Bank Al-Habib - ATM,,,,,OSM,,,24.8848015,67.1751149,Karachi,Sindh,Pakistan,,,,,
5f41976d-22d1-513b-83f4-13d2e41fe4c0,5107508786,node,amenity,bank,Faisal Bank Malir Halt - ATM,,,,,OSM,,,24.8849003,67.1751077,Karachi,Sindh,Pakistan,,,,,
60efcc0d-d23c-55ac-a147-2ab3581b42c4,5107788522,node,amenity,bank,NIB,,,,,OSM,,,24.8840024,67.1785626,Karachi,Sindh,Pakistan,,,,MCB,
b2f0d978-ee5f-52d0-ae52-9b440f8d3f06,5226556649,node,railway,station,Malir Halt Railway Station,,,,,OSM,ملیر ریلوے اسٹیشن,,24.884529,67.1745126,Karachi,Sindh,Pakistan,,,,,Q18516336
281ea3aa-fdf3-5d05-8009-6e6f2f70fbf9,5306543764,node,leisure,park,Hasrat Mohani Park,,,,,OSM,,,24.8816589,67.1755263,Karachi,Sindh,Pakistan,,,,,
217b1f5e-294a-5d09-9ebf-03fc688d97f0,5339035933,node,place,neighbourhood,Darakhshan Housing Society,,,,,OSM,,,24.8836728,67.1809098,Karachi,Sindh,Pakistan,,,,,
f3e23d5b-768c-510f-a120-f6602180540c,8416460894,node,amenity,bank,یونائیٹڈ بینک لمیٹڈ,یونائیٹڈ بینک لمیٹڈ,,,,OSM,,,24.8866798,67.1758651,Karachi,Sindh,Pakistan,,,یونائیٹڈ بینک لمیٹڈ,,
d006dc84-5913-58e5-990f-feeeb31ae13f,4737689206,node,amenity,bank,سونیری بینک,سونیری بینک,,,,OSM,,,24.8827641,67.1815759,Karachi,Sindh,Pakistan,,,سونیری بینک,سونیری بینک,
074d2b35-7668-51d2-8b28-9c7806c48035,4737689210,node,amenity,bank,الائیڈ بینک لمیٹڈ,الائیڈ بینک لمیٹڈ,,,,OSM,,,24.8824923,67.1823757,Karachi,Sindh,Pakistan,,,الائیڈ بینک لمیٹڈ,,
7393dc8a-5b33-5257-8086-7845804df0a7,4737716788,node,amenity,bank,Askari Commercial Bank,,,,,OSM,,,24.8820884,67.1831509,Karachi,Sindh,Pakistan,,,,,
eec1c5d1-c053-5d0b-9691-edc6a8cb4453,4764643870,node,amenity,police,Saudabad Police Station,,,,,OSM,,,24.8848061,67.1841853,Karachi,Sindh,Pakistan,,,,,
b702ae17-a624-5836-85e7-ae9be1834cb7,4764713071,node,amenity,atm,بینک الفلاح,بینک الفلاح,,,,OSM,,,24.8835527,67.1835768,Karachi,Sindh,Pakistan,,,بینک الفلاح,,
7ddfdbe7-eed5-5dcc-83be-49a552e23f15,4767596800,node,amenity,bank,National Saving Center Malir,,,,,OSM,,,24.882964,67.1830839,Karachi,Sindh,Pakistan,,,,,
86d8bbf5-b8c0-5255-b7f4-d6ab26dee665,5107361931,node,amenity,bank,Askari Commercial Bank - ATM,,,,,OSM,,,24.8820985,67.1830723,Karachi,Sindh,Pakistan,,,,,
fb12a705-b0d2-5996-bd0a-a776f921d09e,5107361932,node,amenity,bank,National Saving Center Malir - ATM,,,,,OSM,,,24.8829505,67.1831434,Karachi,Sindh,Pakistan,,,,,
49e07389-8ba0-5259-817a-3dabbafe6f50,5107361934,node,amenity,bank,الائیڈ بینک لمیٹڈ,الائیڈ بینک لمیٹڈ,,,,OSM,,,24.8824858,67.1823051,Karachi,Sindh,Pakistan,,,الائیڈ بینک لمیٹڈ,,
58f87522-ad23-5318-a653-ea5da322166b,5107361935,node,amenity,bank,Soneri Bank - ATM,,,,,OSM,,,24.8827974,67.181499,Karachi,Sindh,Pakistan,,,,,
2e6cb7c3-6d5b-5b93-b37c-e60ac1952979,5339035929,node,place,neighbourhood,A  Area Malir Colony,,,,,OSM,,,24.8822376,67.1865405,Karachi,Sindh,Pakistan,,,,,
ffa52391-bffb-5cf9-bc51-a4d463aa74a2,4776910205,node,place,neighbourhood,Tariq Bin Ziyad Colony,,,,,OSM,,,24.8933479,67.1755438,Karachi,Sindh,Pakistan,,,,,
82ab0670-917e-5568-8455-946ef6f4a823,6773336917,node,place,neighbourhood,Huma Town,,,,,OSM,,,24.8937889,67.1793146,Karachi,Sindh,Pakistan,,,,,
bcf500f4-8fe1-5a29-8f34-63cbf3f50390,5339035950,node,place,neighbourhood,Al Ameen City,,,,,OSM,,,24.8731873,67.1922008,Karachi,Sindh,Pakistan,,,,,
b0e70306-41dc-5e50-a6b6-df3b2a90d678,5339035961,node,place,neighbourhood,Mustafabad,,,,,OSM,,,24.8731702,67.1900709,Karachi,Sindh,Pakistan,,,,,
2010af7b-ae03-590c-94f2-75b3155c4129,4737769024,node,amenity,marketplace,Raza Mobile Market,,,,,OSM,,,24.8719387,67.1969522,Karachi,Sindh,Pakistan,,,,,
333cf999-fe65-594d-8bbf-1546c7f0e7bb,4737787383,node,amenity,bank,First Women Bank,,,,,OSM,,,24.8722721,67.197435,Karachi,Sindh,Pakistan,,,,,
71426aeb-3ce1-5746-a0bf-558e129d4555,5109251341,node,amenity,bank,ایچ بی ایل پاکستان,ایچ بی ایل پاکستان,,,,OSM,,,24.8726895,67.1969453,Karachi,Sindh,Pakistan,,,ایچ بی ایل پاکستان,,
29a86dcb-4d4c-5e20-a262-96fcf7016144,5109251342,node,amenity,bank,ایچ بی ایل پاکستان,ایچ بی ایل پاکستان,,,,OSM,,,24.8726847,67.1969989,Karachi,Sindh,Pakistan,,,ایچ بی ایل پاکستان,,
ad9b1071-73fd-525a-842b-0a5eeeb6f580,5109251344,node,amenity,bank,First Women Bank - ATM,,,,,OSM,,,24.8722734,67.1973852,Karachi,Sindh,Pakistan,,,,,
7812fc00-b919-508d-85d5-94286744f1d8,5156794580,node,place,neighbourhood,Gulshan e Qadri Malir,,,,,OSM,,,24.8729509,67.1989771,Karachi,Sindh,Pakistan,,,,,
67ed79ef-4fa6-5765-9c73-261c3a29ec8b,12211567829,node,healthcare,clinic,Faizan Homeopathic clinic & store,,,,,OSM,,,24.8713389,67.1985036,Karachi,Sindh,Pakistan,,,,,
a858cfae-cec4-54ff-a2b4-17e63bd01e01,12211631854,node,amenity,bank,Meezan Bank - Malir City Branch,,,,,OSM,,,24.8716301,67.1983458,Karachi,Sindh,Pakistan,,,,,
9c40e053-713c-5692-960c-0e80c77249df,12211659156,node,healthcare,clinic,Zoha Poly And Dental Clinic,,,,,OSM,,,24.8721037,67.1976093,Karachi,Sindh,Pakistan,,,,,
fda42e24-629f-5ca7-9c65-40ae9456d83c,4737737322,node,amenity,bank,UBL Malir Branch,,,,,OSM,,,24.8773904,67.1911975,Karachi,Sindh,Pakistan,,,,,
2eac80db-ea50-5f8a-a9a7-b40d2a580ec9,4737748610,node,amenity,police,Malir Police Station,,,,,OSM,,,24.8749432,67.1930335,Karachi,Sindh,Pakistan,,,,,
9fbe9991-5403-541c-a7b6-163daeaf71b9,5107361921,node,amenity,bank,بينک الحبيب,بينک الحبيب,,,,OSM,,,24.8775903,67.1908225,Karachi,Sindh,Pakistan,,,بينک الحبيب,,
598cd1b9-06b1-5dbb-b293-4bb394237162,5107361922,node,amenity,bank,بینک اسلامی,بینک اسلامی,,,,OSM,,,24.8783892,67.1894104,Karachi,Sindh,Pakistan,,,بینک اسلامی,بینک اسلامی,
dfaa3b14-2ff3-594e-832f-02ac1dc29c84,5107361924,node,amenity,bank,Bank Al Habib - ATM,,,,,OSM,,,24.8775748,67.1907815,Karachi,Sindh,Pakistan,,,,,
1f736a08-fd47-5937-9c01-6d7ffd5e1439,5107361926,node,amenity,bank,UBL Malir Branch - ATM,,,,,OSM,,,24.8773926,67.1911433,Karachi,Sindh,Pakistan,,,,,
dd029989-bff3-54bf-bd9e-4bd6656078fa,5107361928,node,amenity,bank,MCB Bank - ATM,,,,,OSM,,,24.8784244,67.1892809,Karachi,Sindh,Pakistan,,,,,
fd4f4fca-0e73-5ec5-b373-0f69531c6b24,5109211309,node,amenity,bank,ایم سی بی بینک,ایم سی بی بینک,,,,OSM,,,24.8784214,67.1893161,Karachi,Sindh,Pakistan,,,ایم سی بی بینک,,
a1e326c9-0dff-5e6c-a4c2-a1b82049e48e,5109211311,node,amenity,bank,MCB Bank Malir City Branch,,,,,OSM,,,24.8783844,67.1894529,Karachi,Sindh,Pakistan,,,,,
c286b053-e573-5e9f-b6b6-bd8fe4aae6c2,5109211313,node,amenity,marketplace,Imam Bakhsh Baloch Market,,,,,OSM,,,24.878317,67.1900687,Karachi,Sindh,Pakistan,,,,,
fd587862-b3b5-53ee-b9e3-70b4fbc6e91d,5109211314,node,amenity,marketplace,Ghanchi Market Maleir City,,,,,OSM,,,24.8778755,67.1907606,Karachi,Sindh,Pakistan,,,,,
629723e0-0662-56a3-880e-e9bdaa17596f,5156794586,node,place,neighbourhood,Bagh e Ibrahim,,,,,OSM,,,24.8744814,67.1889002,Karachi,Sindh,Pakistan,,,,,
aa4117b4-de3e-563c-88d0-93693f6f8d4b,5339035941,node,place,neighbourhood,Muslimabad,,,,,OSM,,,24.8773441,67.1931004,Karachi,Sindh,Pakistan,,,,,
f9f02538-4d86-5dca-a09b-41c36cbd230c,5339035960,node,place,neighbourhood,Bagh e Malir Block B,,,,,OSM,,,24.875276,67.1885347,Karachi,Sindh,Pakistan,,,,,
ec12bba2-9db6-5780-a79b-c75ee48fca2d,5339035962,node,place,neighbourhood,Gulshan e Rafi Society,,,,,OSM,,,24.8766392,67.188421,Karachi,Sindh,Pakistan,,,,,
dea4dabf-a5dd-5c86-b436-c9f49d44ba04,12278525945,node,healthcare,hospital,Ibn-e-Hassan Hospital,,,,,OSM,,,24.8795455,67.1875708,Karachi,Sindh,Pakistan,,,,,
700fea8c-1860-5f04-968d-00b1a8199b0e,12281558256,node,healthcare,clinic,Dr. Anjum Clinic (Skincare),,,,,OSM,,,24.8781329,67.1903142,Karachi,Sindh,Pakistan,,,,,
62441fe7-945b-53c7-8593-d06f954afdd2,12281564007,node,healthcare,hospital,Medilife 2 clinics malir branch,,,,,OSM,,,24.8782682,67.1897971,Karachi,Sindh,Pakistan,,,,,
bfcdc808-fe62-5eb9-ace1-ef915aa2b726,13306443777,node,railway,station,ملیر,ملیر,,,,OSM,Malir railway station,,24.8773046,67.1902424,Karachi,Sindh,Pakistan,,,,,Q18516336
ae07f6c0-078e-5dd6-bb29-3c6ec9d38d60,5156794579,node,place,neighbourhood,Bagh e Yousuf,,,,,OSM,,,24.8759589,67.1981855,Karachi,Sindh,Pakistan,,,,,
3085bbf9-6160-5387-925d-7975e4e895b4,5339035717,node,place,neighbourhood,Molaram Compound,,,,,OSM,,,24.8800309,67.1963038,Karachi,Sindh,Pakistan,,,,,
606d446d-8bee-5618-b810-2c69ceab66e0,5339035942,node,place,neighbourhood,"Railway Colony, Malir",,,,,OSM,,,24.8748041,67.1964124,Karachi,Sindh,Pakistan,,,,,
65643d82-d9f9-5ea5-9745-5cdd59939bab,5339035944,node,place,neighbourhood,"Asu Goth, Malir",,,,,OSM,,,24.877822,67.198832,Karachi,Sindh,Pakistan,,,,,
52a92745-f4ee-54b9-9457-188be0e4dbd2,5339035927,node,place,neighbourhood,"Millat Garden, Malir",,,,,OSM,,,24.8845056,67.1894633,Karachi,Sindh,Pakistan,,,,,
3de63dfe-4006-594a-ae74-11dcfeb909c0,10688723587,node,healthcare,hospital,MALC Malir Leprosy Centre,,,"Dermatology, Blindness, Leprosy, MCHC, Tubercolosis",,OSM,,,24.8867138,67.1882126,Karachi,Sindh,Pakistan,,,,MALC,
c515472d-ec50-500b-b2c7-9287d2d939d1,12278483829,node,healthcare,hospital,TB Chest Hospital,,,,,OSM,,,24.8864546,67.1884034,Karachi,Sindh,Pakistan,,,,,
16765c6f-fcc0-5021-9a68-455fa7523d04,12278516404,node,healthcare,hospital,Veterinary Hospital Malir Karachi,,,,,OSM,,,24.8823504,67.1912627,Karachi,Sindh,Pakistan,,,,,
666ffa31-76b0-54e1-ae9d-8791b999c705,5156794588,node,place,neighbourhood,Jaffer e Tayar Society,,,,,OSM,,,24.8839991,67.1963288,Karachi,Sindh,Pakistan,,,,,
7e734321-4a6b-5672-8c67-8634537a8022,5184321776,node,place,neighbourhood,Jafar-e-Tayyar Society,,,,,OSM,,,24.8871514,67.1955292,Karachi,Sindh,Pakistan,,,,,
b6bdbe32-3a72-57e7-b324-4b6ccec3ab64,5269335958,node,leisure,park,Quaid Park,,,,,OSM,,,24.8916209,67.1886873,Karachi,Sindh,Pakistan,,,,,
3eee8177-94ef-521b-be27-b399140349fe,5339035718,node,place,neighbourhood,"Malir Small Industrial Area, Malir",,,,,OSM,,,24.8875612,67.193538,Karachi,Sindh,Pakistan,,,,,
643816c1-74de-5dcb-b1a0-f7b9e5ac2181,12278416943,node,healthcare,pharmacy,Qalandri Medical. قلندری میڈیکل اینڑ جنرل اسٹور,,,,,OSM,,,24.8922729,67.1884348,Karachi,Sindh,Pakistan,,,,,
b77e69d4-7a0c-5d5c-91dc-a2efdea44553,4764777147,node,amenity,bank,Habib Metropolitan Bank Malir city branch,,,,,OSM,,,24.8926088,67.1954324,Karachi,Sindh,Pakistan,,,,,
fb73dc85-06ac-5506-93b4-a3dd996693c5,5339035711,node,place,neighbourhood,"F South Saudabad, Malir",,,,,OSM,,,24.8903332,67.1998707,Karachi,Sindh,Pakistan,,,,,
9b271994-5c9a-5568-ab56-1ea8efb7d708,5339035713,node,place,neighbourhood,"Nafees Banglows, Malir",,,,,OSM,,,24.8888781,67.1993187,Karachi,Sindh,Pakistan,,,,,
3be5dc2d-c063-52e3-bae6-cffdd80dc78e,6773336913,node,place,neighbourhood,Railway Society,,,,,OSM,,,24.8950372,67.1807771,Karachi,Sindh,Pakistan,,,,,
d6af796e-8811-541c-b4e9-70a425e8be74,6773336919,node,place,neighbourhood,Alamgir Society,,,,,OSM,,,24.8963768,67.1819209,Karachi,Sindh,Pakistan,,,,,
4042dc37-cfca-5905-b145-87dc331d6609,4764777153,node,amenity,bank,یونائیٹڈ بینک لمیٹڈ,یونائیٹڈ بینک لمیٹڈ,,,,OSM,,,24.8978981,67.1938231,Karachi,Sindh,Pakistan,,,یونائیٹڈ بینک لمیٹڈ,,
4de4537e-28be-53cd-b9f7-140bd2e20f01,4767455632,node,amenity,marketplace,Tawaqqal Mobile Market,,,,,OSM,,,24.8960896,67.1920579,Karachi,Sindh,Pakistan,,,,,
e737fa00-b197-54a7-8973-6125545e01da,5269335956,node,healthcare,clinic,Ajmeri Herbal Cancer Dawakhana & Research Centre,,,,,OSM,,,24.8995439,67.1895171,Karachi,Sindh,Pakistan,,,,,
c60e4da5-1345-5f08-9d53-01185e34f943,4764777142,node,amenity,bank,میزان بینک,میزان بینک,,,,OSM,,,24.8941796,67.1954302,Karachi,Sindh,Pakistan,,,میزان بینک,,
58d14527-312f-596d-ab96-7c3ef6c0c6a4,4764777150,node,amenity,bank,ایچ بی ایل پاکستان,ایچ بی ایل پاکستان,,,,OSM,,,24.895599,67.1962772,Karachi,Sindh,Pakistan,,,ایچ بی ایل پاکستان,,
3959d612-4790-5298-b2af-8d8721875c12,4764777156,node,amenity,atm,سونیری بینک,سونیری بینک,,,,OSM,,,24.8994289,67.1951017,Karachi,Sindh,Pakistan,,,سونیری بینک,سونیری بینک,
f98a3a44-8856-5883-b92c-da002736071f,4764777161,node,amenity,bank,BankIslami,,,,,OSM,,,24.8993414,67.1947654,Karachi,Sindh,Pakistan,,,,,
04b5d59b-e13e-517a-83d3-d8114cc875f9,784076103,way,landuse,cemetery,,,,,,OSM,,,24.8511813,67.1359238,Karachi,Sindh,Pakistan,,,,,
ccc5a09d-42f4-502f-b21b-fb5808bf8edd,961492132,way,natural,water,,,,,,OSM,,,24.8632648,67.1866624,Karachi,Sindh,Pakistan,,,,,
f857098b-5126-58f2-8cd1-5e8b64202ddc,932241169,way,natural,water,,,,,,OSM,,,24.8690911,67.1592131,Karachi,Sindh,Pakistan,,,,,
df7c661f-00bc-51a3-b967-7330606f01f8,932241171,way,natural,water,,,,,,OSM,,,24.869441,67.1378937,Karachi,Sindh,Pakistan,,,,,
8d65ea68-efd3-5ec1-a7c5-9a4c98c8a9b5,1419649755,way,landuse,cemetery,,,,,,OSM,,,24.8808715,67.1344588,Karachi,Sindh,Pakistan,,,,,
b4def167-b239-5238-83b6-6bf90ab0fc17,543310266,way,leisure,park,Shah Faisal Block 5 Park,,,,,OSM,,,24.8756487,67.1344659,Karachi,Sindh,Pakistan,,,,,
47c26362-a6e0-5096-bc0b-63e9069b442c,932241170,way,natural,water,,,,,,OSM,,,24.869632,67.1452336,Karachi,Sindh,Pakistan,,,,,
a986bf22-3660-5b9d-83c5-6a0fa267c55d,545633251,way,place,neighbourhood,Shah Faisal Block 4,,,,,OSM,,,24.8798388,67.1377837,Karachi,Sindh,Pakistan,,,,,
5dd8f98b-9a6d-5cf4-84e4-da545d2d1b27,545653110,way,place,neighbourhood,Shah Faisal Block 1,,,,,OSM,,,24.8800504,67.1417596,Karachi,Sindh,Pakistan,,,,,
c740666d-eede-5f83-a3bd-ef1b067b98b5,450841704,way,leisure,park,خاندانی پارک,خاندانی پارک,,,,OSM,,,24.8769081,67.136247,Karachi,Sindh,Pakistan,,,,,
a64b3b1f-3eb5-572f-93ba-97995ea399c0,449450489,way,leisure,park,Nisar Hussain Shaheed Park,,,,,OSM,,,24.8790627,67.1464301,Karachi,Sindh,Pakistan,,,,,
cc03d515-6628-576f-bf3a-a5948c411ca2,449450491,way,leisure,park,Model Park,,,,,OSM,,,24.8782475,67.1424684,Karachi,Sindh,Pakistan,,,,,
e7c90bb5-5f03-57e5-abda-d546071f273f,449452008,way,leisure,park,,,,,,OSM,,,24.8790585,67.1432114,Karachi,Sindh,Pakistan,,,,,
77f6a77d-666b-525d-b335-494b4b1deefb,545669429,way,leisure,park,Family Park - Shah Faisal Block 1,,,,,OSM,,,24.8776404,67.1443311,Karachi,Sindh,Pakistan,,,,,
fe345fce-de12-59e0-b5eb-d54335ddccac,219918271,way,landuse,cemetery,Azeempura Graveyard,,,,,OSM,,,24.874958,67.1612989,Karachi,Sindh,Pakistan,,,,,
7c451887-acfa-5e06-8196-8613d2186b33,547055358,way,leisure,park,Bakry park,,,,,OSM,,,24.8780522,67.1511586,Karachi,Sindh,Pakistan,,,,,
013ac12c-2498-5c45-b806-b00dee6c94d8,484044630,way,leisure,park,,,,,,OSM,,,24.878557,67.1560791,Karachi,Sindh,Pakistan,,,,,
ad24bdbd-1c74-5900-8de9-0defb33f4e46,484044631,way,leisure,park,Quaid Park,,,,,OSM,,,24.8779686,67.1578688,Karachi,Sindh,Pakistan,,,,,
6d18bded-ae84-571c-b990-c88090f25723,450602222,way,leisure,park,CAA Lawn,,,,,OSM,,,24.8873786,67.1569175,Karachi,Sindh,Pakistan,,,,,
af5add92-c630-505f-9373-d91278ed0b79,1295094425,way,amenity,bank,یونائیٹڈ بینک لمیٹڈ,یونائیٹڈ بینک لمیٹڈ,,,,OSM,,,24.8970934,67.1527441,Karachi,Sindh,Pakistan,,,یونائیٹڈ بینک لمیٹڈ,,
9b5e9d36-581a-5e6f-a999-982985ae53ea,525640760,way,leisure,park,Aswan Town Park,,,,,OSM,,,24.871254,67.1875374,Karachi,Sindh,Pakistan,,,,,
a5bc55cc-0111-5cda-964c-8c9e604537b5,506103047,way,leisure,park,,,,,,OSM,,,24.879433,67.1752684,Karachi,Sindh,Pakistan,,,,,
ff0037d9-dc6f-5d11-940e-307646e92ac5,544735274,way,leisure,park,Eid Gah Park Bostan e Rafi,,,,,OSM,,,24.8745998,67.1803062,Karachi,Sindh,Pakistan,,,,,
d201ed9b-6e20-5bb2-9696-4c8cb44ada60,1448573042,way,leisure,park,Ibrahim Villas Phase-1 Family Park & Play Area,,,,,OSM,,,24.8775926,67.1803416,Karachi,Sindh,Pakistan,,,,,
77d01b07-3ac1-5f84-a088-9f9cc78a2ea1,525640765,way,leisure,park,Triangle Park,,,,,OSM,,,24.8788132,67.1860132,Karachi,Sindh,Pakistan,,,,,
62ae1580-ce04-5740-b47b-083c9e9d1ea6,506103044,way,leisure,park,,,,Also Known as Rafah-e-Aam Park,,OSM,,,24.8816726,67.1754902,Karachi,Sindh,Pakistan,,,,,
480a0641-988a-5a48-8253-00257cd2b286,1305508116,way,natural,water,,,,,,OSM,,,24.885006,67.1767457,Karachi,Sindh,Pakistan,,,,,
b7e6b3ea-5a93-5a60-8867-c64319c154a2,221121269,way,leisure,park,,,,,,OSM,,,24.8826895,67.1870975,Karachi,Sindh,Pakistan,,,,,
ae98aa53-9836-5797-b004-71e55a935a12,722083252,way,place,neighbourhood,Railway Society,,,,,OSM,,,24.8949777,67.1805762,Karachi,Sindh,Pakistan,,,,,
ae6f2948-e40d-5467-91c7-95a802836f98,722083253,way,place,neighbourhood,Huma Town,,,,,OSM,,,24.8940512,67.1792236,Karachi,Sindh,Pakistan,,,,,
d3fce5bb-8693-593d-af0a-6a725540de99,525640761,way,leisure,park,Mustafabad Park,,,,,OSM,,,24.8741053,67.1905616,Karachi,Sindh,Pakistan,,,,,
e467b035-a405-5847-806e-7cffcea472e4,525640764,way,leisure,park,Bagh e Mailr,,,,,OSM,,,24.8750701,67.1887756,Karachi,Sindh,Pakistan,,,,,
a00eb3ab-189e-56ff-88ca-6e0554826002,522048267,way,leisure,park,Quaid Park,,,,,OSM,,,24.8915728,67.1888584,Karachi,Sindh,Pakistan,,,,,
81af1589-6f91-508f-bd1d-2d3c57032c47,722083254,way,place,neighbourhood,11,,,,,OSM,,,24.8961607,67.1819078,Karachi,Sindh,Pakistan,,,,,
4acc7256-2797-5ba7-93c2-4684ae6b4388,210664545,way,leisure,park,,,,,,OSM,,,24.8945277,67.1880869,Karachi,Sindh,Pakistan,,,,,
d33fa533-6ca1-5839-b102-6258ceba1a90,544755106,way,leisure,park,Saudia Park,,,,,OSM,,,24.8976491,67.1949309,Karachi,Sindh,Pakistan,,,,,
535f8aab-0ac2-5ecf-adf4-bfdd4b390a37,5297150739,node,amenity,bank,میزان بینک,میزان بینک,,,,OSM,,,24.9128145,67.1395005,Karachi,Sindh,Pakistan,,,میزان بینک,,
4723f8c5-8e13-5967-9035-605385bec30e,5297150742,node,healthcare,hospital,M J Memorial AL Medical Center,,,,,OSM,,,24.9138326,67.1414002,Karachi,Sindh,Pakistan,,,,,
7ec8d5e0-7579-5498-92a1-0a926850575f,12188392007,node,healthcare,hospital,Hospital Road,,,,,OSM,,,24.9198426,67.1351641,Karachi,Sindh,Pakistan,,,,,
7134dde4-46d5-5f23-9f12-507fd9b8fbdd,8066480107,node,amenity,bank,الائیڈ بینک لمیٹڈ,الائیڈ بینک لمیٹڈ,,,,OSM,,,24.9184112,67.1436161,Karachi,Sindh,Pakistan,,,الائیڈ بینک لمیٹڈ,,
1d20f94f-6596-5f24-85bf-8a110a670001,12219008802,node,amenity,marketplace,Hafta Bazar,,,,,OSM,,,24.9195929,67.1435785,Karachi,Sindh,Pakistan,,,,,
27f8f0e5-6878-5264-a903-790ce08dc120,5328676541,node,place,neighbourhood,Gulistan-e-Johar Block 9,,,,,OSM,,,24.9184575,67.1495354,Karachi,Sindh,Pakistan,,,,,
63ac4f63-4e49-50f0-8230-f6b2bbf62cc1,5333236745,node,healthcare,hospital,Isolation Hospital Airport Karachi,,,,,OSM,,,24.9142692,67.1509477,Karachi,Sindh,Pakistan,,,,,
8daa0f60-e573-5f6f-8e6e-c19dbfb952c9,11592048273,node,amenity,atm,Allied Bank,الائیڈ بینک,,,,OSM,,,24.9000638,67.167803,Karachi,Sindh,Pakistan,,,Allied Bank Limited,Allied Bank Limited,
688aebb9-66c8-5a04-9bc2-becf50dda14d,11592048274,node,amenity,atm,Habib Bank Limited,ایچ بی ایل پاکستان,,,,OSM,,,24.9000796,67.1679641,Karachi,Sindh,Pakistan,,,HBL Bank,HBL Bank,
e5285023-cb65-5ffb-bce2-5a98c001e0f1,11592048275,node,amenity,atm,National Bank,,,,,OSM,,,24.9006758,67.1684101,Karachi,Sindh,Pakistan,,,,,
427ab0bc-2259-514f-8ced-3e014f1f7596,11592048276,node,amenity,atm,MCB Bank,ایم سی بی بینک,,,,OSM,,,24.9005154,67.1689523,Karachi,Sindh,Pakistan,,,MCB,MCB,
5a7ad94c-9d65-510a-8795-5c12ff8e45b1,4764575637,node,amenity,marketplace,Zamzama Cloth Market,,,,,OSM,,,24.9027436,67.1870223,Karachi,Sindh,Pakistan,,,,,
142cd80a-5f73-51c0-bc31-8afddd57b4d0,4764643851,node,leisure,park,Umar Park,,,,,OSM,,,24.9067516,67.1857494,Karachi,Sindh,Pakistan,,,,,
09521e7c-e5c5-5a66-9b8e-0d85d8c0705d,5269335947,node,amenity,bank,میزان بینک,میزان بینک,,,,OSM,,,24.9031385,67.1843803,Karachi,Sindh,Pakistan,,,میزان بینک,,
317251f7-eaa1-587b-931a-6e8438f4b530,5269335953,node,amenity,marketplace,Abbasi Market,,,,,OSM,,,24.9012688,67.1845044,Karachi,Sindh,Pakistan,,,,,
a80cb135-dd25-5aea-ac25-3cdf9f29fee2,4764643850,node,healthcare,pharmacy,Usman Medicose & General Store,,,,,OSM,,,24.9082554,67.1860889,Karachi,Sindh,Pakistan,,,,,
cb8698a6-daaf-5f58-8f33-37bb2a58ea07,4764575647,node,amenity,bank,یونائیٹڈ بینک لمیٹڈ,یونائیٹڈ بینک لمیٹڈ,,,,OSM,,,24.9021243,67.1899207,Karachi,Sindh,Pakistan,,,یونائیٹڈ بینک لمیٹڈ,,
15f8a2e4-3643-57f0-b71b-a17d54cce75c,4764575656,node,amenity,bank,Bank AL Habib Limited,,,,,OSM,,,24.9023745,67.1884271,Karachi,Sindh,Pakistan,,,,,
079e1ea0-2249-5e1f-8ed2-a7fd361c1a12,4764575657,node,amenity,bank,Sindh Bank Islamic Banking Model Colony Branch,,,,,OSM,,,24.9022537,67.1892514,Karachi,Sindh,Pakistan,,,,,
bee543f4-da3d-54d2-8d29-498af768a8be,4776910202,node,place,neighbourhood,Model Colony,,,,,OSM,"Model Colony, Karachi",,24.9068326,67.1894182,Karachi,Sindh,Pakistan,,,,,Q6888229
2f0f63cf-ac6f-52f7-b355-babf8e71fb2f,5269189188,node,healthcare,hospital,Qurat Ul Ann Hospital,,,,,OSM,,,24.9020507,67.1890059,Karachi,Sindh,Pakistan,,,,,
d2922d53-af79-5e25-9d7a-ffa365f8b97f,9062205384,node,healthcare,hospital,Zia clinic,,,,,OSM,,,24.9020511,67.1907393,Karachi,Sindh,Pakistan,,,,,
eda45b66-188e-5fe6-baa3-fb89f2ac7914,12138183467,node,healthcare,pharmacy,Meri Sehat-Clinic | Pharmacy | Lab | Model Colony Branch,,,,,OSM,,,24.9024774,67.1891603,Karachi,Sindh,Pakistan,,,,,
df513891-3f22-526b-bf82-4f6987817761,12139596411,node,healthcare,pharmacy,Khan Medical & General Store,,,,,OSM,,,24.9018652,67.1918072,Karachi,Sindh,Pakistan,,,,,
7063cf84-f8d7-5ff4-b33a-00435033f559,12139963090,node,healthcare,hospital,Lady Rafat Medical Centre - LRMC,,,,,OSM,,,24.9015889,67.1899834,Karachi,Sindh,Pakistan,,,,,
2ebf8470-a449-5346-9ad6-f5288b63005a,4785857323,node,amenity,police,AL FALAH POLICE STATION,,,,,OSM,,,24.9028202,67.1975374,Karachi,Sindh,Pakistan,,,,,
261a8aba-b640-5f56-9506-2d6dca9fb019,4772803722,node,amenity,bank,بینک الفلاح,بینک الفلاح,,,,OSM,,,24.9213993,67.1350331,Karachi,Sindh,Pakistan,,,بینک الفلاح,,
629ee8c5-e38d-5aa2-ad93-0947682ee1da,4772803725,node,leisure,park,Family Park,,,,,OSM,,,24.9214141,67.1345513,Karachi,Sindh,Pakistan,,,,,
80e03d91-84ec-5f2c-b39e-69711fdb5f0d,5316297855,node,healthcare,pharmacy,Madina Medical & General Store,,,,,OSM,,,24.9286714,67.1342684,Karachi,Sindh,Pakistan,,,,,
53d13082-b850-515a-9e39-81f53e0c8d35,5317775547,node,healthcare,hospital,"The Smart School, Iqbal Campus",,,,,OSM,,,24.9287326,67.133548,Karachi,Sindh,Pakistan,,,,,
040e3ed4-f79f-5255-917e-83bca27797fc,3954646464,node,amenity,atm,Habib Metropolitan Bank,,,,,OSM,,,24.934919,67.1349459,Karachi,Sindh,Pakistan,,,,,
eb1cb26e-cc52-5fd8-9c73-c23e0c21b29f,1810842422,node,place,neighbourhood,Sohni Chalet Bungalows,,,,,OSM,,,24.9447164,67.1340807,Karachi,Sindh,Pakistan,,,,,
578d2238-de55-5788-a62f-7d81fa0cb8c5,4772803727,node,amenity,bank,دبئی اسلامی بینک,دبئی اسلامی بینک,,,,OSM,,,24.9228852,67.1366592,Karachi,Sindh,Pakistan,,,دبئی اسلامی بینک,,
c803ef61-8a54-5a6a-879d-c5566639060c,4772803729,node,amenity,bank,بینک اسلامی,بینک اسلامی,,,,OSM,,,24.9224851,67.1361998,Karachi,Sindh,Pakistan,,,بینک اسلامی,بینک اسلامی,
c3ef38d4-342c-558b-b8dc-d6c97d2a8fb6,4772803730,node,amenity,bank,"Meezan bank LTD., Gulistan Johar",,,,,OSM,,,24.922428,67.1361145,Karachi,Sindh,Pakistan,,,,,
691b4635-0f09-5b8d-adce-8735cbab12f6,6170255566,node,leisure,park,ST-2 Park,,,,,OSM,,,24.9255733,67.1391343,Karachi,Sindh,Pakistan,,,,,
a3d8789d-1835-55db-b357-bd689de80342,3958987605,node,amenity,police,Police Station (Gulistan e Jauhar),,,,,OSM,,,24.923289,67.1474984,Karachi,Sindh,Pakistan,,,,,
c16218e3-0b96-564a-9bb4-49966c497961,4777267212,node,place,neighbourhood,Bhittai Abad,,,,,OSM,,,24.9209945,67.1518243,Karachi,Sindh,Pakistan,,,,,
53507523-d5cb-51f9-a159-6cfd9018face,5333236743,node,place,neighbourhood,Dani Buksh Goth,,,,,OSM,,,24.9233063,67.1541935,Karachi,Sindh,Pakistan,,,,,
cc2e849f-6d06-5081-94c2-1ea6226d09ad,12186021426,node,healthcare,pharmacy,Poineer Medical Center And Pharmacy,,,,,OSM,,,24.9255705,67.1544752,Karachi,Sindh,Pakistan,,,,,
5fe8d167-ecc5-5ff4-af8f-630876864df3,12186123081,node,healthcare,clinic,Mustafa Child Clinic,,,,,OSM,,,24.9224186,67.1522506,Karachi,Sindh,Pakistan,,,,,
36e723f7-cc19-569c-b9ec-27df5469ed7d,12213971743,node,healthcare,clinic,Al noor Medical & Dental clinic,,,,,OSM,,,24.9259605,67.1505494,Karachi,Sindh,Pakistan,,,,,
6343e8a7-a56a-57c9-90db-01f9c3292e69,12218912165,node,healthcare,pharmacy,Husnain Medical Store,,,,,OSM,,,24.9225028,67.1522079,Karachi,Sindh,Pakistan,,,,,
5651d8f4-c1c1-51a8-8fa2-9db38c071fb3,5333236744,node,place,neighbourhood,Pioneer Park City,,,,,OSM,,,24.9252842,67.1563091,Karachi,Sindh,Pakistan,,,,,
31e197dd-b046-5a7a-aa78-96cb3669dfb4,5334673035,node,place,neighbourhood,Patel Residency,,,,,OSM,,,24.9249556,67.1593639,Karachi,Sindh,Pakistan,,,,,
ae8fe708-4617-5143-a120-c16eb68f645b,12185998689,node,healthcare,clinic,shafiq clanic johar block 8,,,,,OSM,,,24.9254586,67.1548641,Karachi,Sindh,Pakistan,,,,,
723513c8-4a7a-5d08-bf3c-8ce71c34d372,5334673067,node,place,neighbourhood,Architects Engineers Employees Cooperative Society,,,,,OSM,,,24.9269483,67.1538804,Karachi,Sindh,Pakistan,,,,,
4c800da9-ea91-5d8c-8906-66fb66fe70e3,12185963918,node,landuse,cemetery,Haji building material supplier,,,,,OSM,,,24.9278368,67.1541996,Karachi,Sindh,Pakistan,,,,,
5eef3afc-a95c-5d3f-87c0-52f0e43c89c6,5334673026,node,place,neighbourhood,Pink Residency,,,,,OSM,,,24.92689,67.1590671,Karachi,Sindh,Pakistan,,,,,
6c193746-f365-50c8-a955-7d41ca731da6,5334673028,node,place,neighbourhood,Ablaag-e-Aama Coopreative Housing Society,,,,,OSM,,,24.9293049,67.1584826,Karachi,Sindh,Pakistan,,,,,
e5798e77-a5b6-568f-9c73-9e42a1d6e982,12214394639,node,healthcare,pharmacy,MACCA PHARMACY,,,,,OSM,,,24.926962,67.1551888,Karachi,Sindh,Pakistan,,,,,
290b0f3c-c63c-5192-859a-4a329f256631,3954649150,node,amenity,atm,Soneri Bank Ltd,,,,,OSM,,,24.9361849,67.1385442,Karachi,Sindh,Pakistan,,,,,
3c31e41f-f7db-5762-88e6-db313565776f,4773122772,node,healthcare,hospital,Batool General Hospital,,,,,OSM,,,24.9336331,67.1396225,Karachi,Sindh,Pakistan,,,,,
dc15628d-93e3-597b-9d73-2667d4304104,5331619605,node,place,neighbourhood,Zoramin Residency,,,,,OSM,,,24.9380276,67.136919,Karachi,Sindh,Pakistan,,,,,
ff643903-8c5b-5c31-91de-43a1a6ed1db6,5331619606,node,place,neighbourhood,Rehman Villas,,,,,OSM,,,24.9382199,67.1377103,Karachi,Sindh,Pakistan,,,,,
a1800123-9457-5bb9-92ae-61a85e22a87b,5331619607,node,place,neighbourhood,پاینیر کاٹیج,پاینیر کاٹیج,,,,OSM,,,24.9368287,67.1379182,Karachi,Sindh,Pakistan,,,,,
ef85b261-3be6-53a8-9231-ff2eff3f0bff,3947043732,node,amenity,atm,جے ایس بینک,جے ایس بینک,,,,OSM,,,24.9373337,67.1469936,Karachi,Sindh,Pakistan,,,جے ایس بینک,جے ایس بینک,
9a638f8f-6cd7-5255-8eb3-79663459377b,5130923027,node,place,neighbourhood,Johar Complex,,,,,OSM,,,24.9389889,67.1470314,Karachi,Sindh,Pakistan,,,,,
a2c63bbd-4333-56bd-b402-3deef1bafbe7,5331619614,node,place,neighbourhood,Old Ravians Housing Society,,,,,OSM,,,24.9389199,67.1451889,Karachi,Sindh,Pakistan,,,,,
dfc09478-304b-5884-9e05-19324b5f135e,5334673039,node,place,neighbourhood,King Cottages,,,,,OSM,,,24.9364749,67.1479636,Karachi,Sindh,Pakistan,,,,,
4a09432f-a434-5300-984e-6901b9ff0f74,5333529838,node,place,neighbourhood,Crystal Cottages,,,,,OSM,,,24.9440824,67.1353559,Karachi,Sindh,Pakistan,,,,,
21722e57-b664-54b0-a852-1072ed2de2cf,5940921986,node,place,neighbourhood,Gulshan-e-Noor,,,,,OSM,,,24.942094,67.1369861,Karachi,Sindh,Pakistan,,,,,
032ac878-026e-5664-a013-d13f1d7362b5,5331619611,node,place,neighbourhood,City Villas,,,,,OSM,,,24.9414681,67.1478591,Karachi,Sindh,Pakistan,,,,,
05d5444c-5780-542c-8e52-a6dbdb8b3ae0,5331619613,node,place,neighbourhood,Old Ravians Housing Society,,,,,OSM,,,24.9410238,67.1461065,Karachi,Sindh,Pakistan,,,,,
7122eed1-58cf-538a-9038-7fa0e9e07e0a,5331619617,node,place,neighbourhood,Gulshan-e-Areesha,,,,,OSM,,,24.9401161,67.1463119,Karachi,Sindh,Pakistan,,,,,
9f1c59ed-a62e-5a83-b53b-f93c5d8ae4e4,12301337784,node,healthcare,hospital,Memon Medical Institute Hospital,,,,,OSM,,,24.9456805,67.1464197,Karachi,Sindh,Pakistan,,,,,
a1888326-ada4-5414-913f-11189ebc41b3,12301384270,node,leisure,park,MMI Children Park,,,,,OSM,,,24.9461936,67.1468757,Karachi,Sindh,Pakistan,,,,,
9738c386-ffb3-5eba-a527-3b357b480539,12301393369,node,healthcare,hospital,Memon Medical Institute Hospital EMERGENCY,,,,,OSM,,,24.9460842,67.1462776,Karachi,Sindh,Pakistan,,,,,
8e84c5bd-3ba7-5c3f-a472-9d81c44f23b3,12301467934,node,healthcare,clinic,Abida Homeo Clinic,,,,,OSM,,,24.9424656,67.1457908,Karachi,Sindh,Pakistan,,,,,
eb9987a6-85d0-52b8-9d7b-01ae04e4ce4d,3945263045,node,amenity,atm,الائیڈ بینک لمیٹڈ,الائیڈ بینک لمیٹڈ,,,,OSM,,,24.9381507,67.1527969,Karachi,Sindh,Pakistan,,,الائیڈ بینک لمیٹڈ,,
b1e327cc-f02a-54ea-83f1-b04236ae6261,3945263675,node,amenity,atm,ایم سی بی بینک,ایم سی بی بینک,,,,OSM,,,24.9382143,67.1529277,Karachi,Sindh,Pakistan,,,ایم سی بی بینک,,
3b806a00-a0ea-5cfe-bc93-570ad102aad4,3945263722,node,amenity,atm,Askari Bank Ltd,,,,,OSM,,,24.9381931,67.1521571,Karachi,Sindh,Pakistan,,,,Askari Bank Ltd,
68389a72-0451-5368-baa4-4a45407ee55b,3945265380,node,amenity,atm,یونائیٹڈ بینک لمیٹڈ,یونائیٹڈ بینک لمیٹڈ,,,,OSM,,,24.9381804,67.1523299,Karachi,Sindh,Pakistan,,,یونائیٹڈ بینک لمیٹڈ,,
7cb30744-bf93-5018-a342-fef256f79249,3945266923,node,amenity,atm,Meezan Bank Ltd,,,,,OSM,,,24.9381719,67.1518723,Karachi,Sindh,Pakistan,,,,Meezan Bank ltd,
59a7b74b-f535-57a8-a71a-d4eb7fefe52c,3947038944,node,amenity,atm,Faisal Bank,,,,,OSM,,,24.9378992,67.1504966,Karachi,Sindh,Pakistan,,,,,
8e65b0b2-81b4-5e10-a652-8860cd3b99a4,3947043730,node,amenity,atm,بینک الفلاح,بینک الفلاح,,,,OSM,,,24.9377289,67.1499709,Karachi,Sindh,Pakistan,,,بینک الفلاح,,
c2f62170-3a8c-54fa-8dda-1841da29053a,3947043731,node,amenity,atm,Bank Dubai Islamic,,,,,OSM,,,24.9376442,67.1494054,Karachi,Sindh,Pakistan,,,,,
81cbba3c-149a-570b-b6a6-08d0b7a4c929,4781144378,node,place,neighbourhood,Gulistan-e-Johar Block 7,,,,,OSM,,,24.9355164,67.1531119,Karachi,Sindh,Pakistan,,,,,
0afa83a8-e183-5029-bfac-089e95728c28,5223039133,node,amenity,bank,بينک الحبيب,بينک الحبيب,,,,OSM,,,24.9376183,67.148606,Karachi,Sindh,Pakistan,,,بينک الحبيب,,
39daadd2-e834-5209-921a-2c2334755944,5331619616,node,place,neighbourhood,Billys Homes,,,,,OSM,,,24.938941,67.1484473,Karachi,Sindh,Pakistan,,,,,
ebbb1e96-32f6-5083-9667-a0a0d7902f24,3945263661,node,amenity,atm,ایچ بی ایل پاکستان,ایچ بی ایل پاکستان,,,,OSM,,,24.93854,67.1547528,Karachi,Sindh,Pakistan,,,ایچ بی ایل پاکستان,Habib Bank Ltd,
18b21fbe-e08c-53f5-af37-c6578d9d5c03,5333760877,node,place,neighbourhood,Prem Villas,,,,,OSM,,,24.9394126,67.1598381,Karachi,Sindh,Pakistan,,,,,
6a9d9685-1cc2-5d67-a094-cd97935dc9d4,5334673030,node,place,neighbourhood,Decent Houses,,,,,OSM,,,24.9355343,67.1550989,Karachi,Sindh,Pakistan,,,,,
2ee23d2c-8cba-5f23-bc07-0ff9d5778342,5334673031,node,place,neighbourhood,Gul Houses,,,,,OSM,,,24.9373575,67.1556609,Karachi,Sindh,Pakistan,,,,,
58e9b159-6532-5e93-b61c-65a0a2a8d529,12215826171,node,amenity,marketplace,Mynds Tech - No.1 Digital Marketing Agency,,,,,OSM,,,24.9344735,67.1561967,Karachi,Sindh,Pakistan,,,,,
1d9feda9-56f7-530c-bb06-9bb8e0365069,12215860992,node,healthcare,clinic,Wak Eye Hospital,,,,,OSM,,,24.9356416,67.1577181,Karachi,Sindh,Pakistan,,,,,
eaf6e312-e763-5dd9-b983-c568b2ee46e8,12216070517,node,healthcare,pharmacy,Usmani medicos and general store,,,,,OSM,,,24.9388006,67.155895,Karachi,Sindh,Pakistan,,,,,
e7b56195-097c-54d9-89fb-6e445a227551,1810834731,node,place,neighbourhood,Zohra Nagar,,,,,OSM,,,24.9434315,67.1485679,Karachi,Sindh,Pakistan,,,,,
5ab18e08-8215-5a0a-8118-738668c74e21,1810836859,node,place,neighbourhood,Rufi Homes,,,,,OSM,,,24.9415956,67.1508863,Karachi,Sindh,Pakistan,,,,,
6ec4a965-4792-559e-9515-37066323770d,1810837225,node,place,neighbourhood,Al-Muslim Society,,,,,OSM,,,24.9410666,67.1493391,Karachi,Sindh,Pakistan,,,,,
4fe5d15e-4409-5c7a-8475-404a8f3c341d,5331619615,node,place,neighbourhood,Rizwan Cooperative Housing Society,,,,,OSM,,,24.9398677,67.1520538,Karachi,Sindh,Pakistan,,,,,
378826bf-765c-52da-9906-3d5190485ea4,5331620624,node,place,neighbourhood,illegal Encroachments,,,,,OSM,,,24.9447741,67.1530747,Karachi,Sindh,Pakistan,,,,,
a1a3ae01-1e4b-563e-b2eb-183895d86727,12301384272,node,amenity,bank,baNK,,,,,OSM,,,24.9448123,67.1483938,Karachi,Sindh,Pakistan,,,,,
5e5fc3e1-02a9-51a1-bf88-48577d1d98de,12301411937,node,amenity,bank,Meezan Bank - Alaska Residency Branch,,,,,OSM,,,24.9446347,67.1487694,Karachi,Sindh,Pakistan,,,,,
662198d5-8bc5-5180-9c87-fda47d18195f,12301413077,node,healthcare,pharmacy,Bilal pharmacy,,,,,OSM,,,24.9442699,67.1491663,Karachi,Sindh,Pakistan,,,,,
e2b7806e-19a6-5efc-b313-918df7981bb0,3953103757,node,amenity,police,Sachal Police Station,,,,,OSM,,,24.9403649,67.1565315,Karachi,Sindh,Pakistan,,,,,
313ece1b-918f-5489-aeee-0c32321b5953,4421000346,node,place,neighbourhood,KESC Housing Society,,,,,OSM,,,24.9437258,67.1603544,Karachi,Sindh,Pakistan,,,,,
6e501a24-1dca-59ec-8f1c-5cfd5b85cf7e,5331619620,node,place,neighbourhood,Suniaya Bangalows,,,,,OSM,,,24.9411391,67.1548923,Karachi,Sindh,Pakistan,,,,,
a2e33e8b-4dcc-51f1-810e-1715f9035004,5331620621,node,place,neighbourhood,Fatima Sunrise City,,,,,OSM,,,24.9441586,67.1580952,Karachi,Sindh,Pakistan,,,,,
d472440a-49dc-576c-b47e-46411a89bfc0,5331620622,node,place,neighbourhood,K Electric Society,,,,,OSM,,,24.9435442,67.1598551,Karachi,Sindh,Pakistan,,,,,
3b5c742b-cfb4-5b4a-89cf-b408834436b1,5331647485,node,place,neighbourhood,Usmani Town,,,,,OSM,,,24.9433888,67.1566477,Karachi,Sindh,Pakistan,,,,,
76e94fc0-06bf-528b-94cb-f608d8d44cc2,5333529840,node,place,neighbourhood,Marro Goth,,,,,OSM,,,24.9498887,67.1402528,Karachi,Sindh,Pakistan,,,,,
bae325eb-d46a-589c-a6e2-878f8b9c289b,12301503654,node,healthcare,hospital,Kiran Hospital,,,,,OSM,,,24.9470857,67.1449134,Karachi,Sindh,Pakistan,,,,,
8d0dfd15-0d9b-5b8c-aa4d-bb6e64fee2d5,5331620626,node,place,neighbourhood,Saima Elite Villas,,,,,OSM,,,24.9486801,67.1514587,Karachi,Sindh,Pakistan,,,,,
b4d04205-36fb-5e4d-a8ba-8c95141d3874,5331620623,node,place,neighbourhood,Sumera Bangalows,,,,,OSM,,,24.9467815,67.1567483,Karachi,Sindh,Pakistan,,,,,
ac34ea78-f446-563d-8e10-8ea544d23823,5331647487,node,place,neighbourhood,Sunlay Cottages,,,,,OSM,,,24.9484757,67.1587313,Karachi,Sindh,Pakistan,,,,,
9932c1e7-d386-5c29-96dc-9967afb97c4a,5334673032,node,place,neighbourhood,Pak Ideal Coopreative Housing Society,,,,,OSM,,,24.9265592,67.1654247,Karachi,Sindh,Pakistan,,,,,
e4a58f47-62a1-5589-9710-abfa2b19ab7c,5334673034,node,place,neighbourhood,Rashidi Goth,,,,,OSM,,,24.9246356,67.164148,Karachi,Sindh,Pakistan,,,,,
c75fa302-2dd8-5e44-8f77-2fe641d2de6a,5334673033,node,place,neighbourhood,Rafi Merry Land,,,,,OSM,,,24.9259726,67.1680558,Karachi,Sindh,Pakistan,,,,,
31e8ba27-93c7-5053-85ce-f1824f9a2c1e,5334673027,node,place,neighbourhood,Rufi Dream Land Bungalows,,,,,OSM,,,24.9285023,67.1616295,Karachi,Sindh,Pakistan,,,,,
76e80897-b783-53f5-af6b-56663321e42d,5334673073,node,place,neighbourhood,Fatima Town,,,,,OSM,,,24.926599,67.1781671,Karachi,Sindh,Pakistan,,,,,
0040a0ce-cf0a-5f8e-aad9-2a0e34050b58,5334673037,node,place,neighbourhood,New Tipu Sultan Society,,,,,OSM,,,24.9298391,67.1772447,Karachi,Sindh,Pakistan,,,,,
5d7edc5b-c524-51a2-82a8-4fbd10d19453,5333760876,node,place,neighbourhood,Gulshan-e-Umer,,,,,OSM,,,24.9398834,67.1671183,Karachi,Sindh,Pakistan,,,,,
ff98ab45-8dc2-52ed-9695-52d70062535b,4777267211,node,place,neighbourhood,Dhoraji Cooperative Housing Society,,,,,OSM,,,24.9375016,67.1752589,Karachi,Sindh,Pakistan,,,,,
8889be0c-d998-5d11-a182-98b92a95052d,9854500019,node,amenity,atm,نیشنل بینک آف پاکستان,نیشنل بینک آف پاکستان,,,,OSM,,,24.9332854,67.1808951,Karachi,Sindh,Pakistan,,,نیشنل بینک آف پاکستان,نیشنل بینک آف پاکستان,
6a099e45-8d74-54fd-a542-bc39da1731d9,5333760875,node,place,neighbourhood,Defence Officers Housing Society,,,,,OSM,,,24.9360444,67.1822549,Karachi,Sindh,Pakistan,,,,,
1d247c8d-4341-5f9c-8a06-a72f87622471,5333760873,node,place,neighbourhood,Karachi Memon Cooperative Housing Society,,,,,OSM,,,24.9412805,67.1755257,Karachi,Sindh,Pakistan,,,,,
0820c466-73ed-596b-9f59-6ef34e3a9f2d,4761803421,node,amenity,atm,,,,,,OSM,,,24.9440602,67.1816634,Karachi,Sindh,Pakistan,,,,UBL,
540da630-be53-5786-bea8-122bc75baf9b,5333760874,node,place,neighbourhood,Askari 5,,,,,OSM,,,24.9429306,67.1831528,Karachi,Sindh,Pakistan,,,,,
e41bf0da-667f-5631-a47d-54898b8f03ae,12124194366,node,leisure,park,Ladies Park,,,,,OSM,,,24.939782,67.1835259,Karachi,Sindh,Pakistan,,,,,
94e235fd-fe95-5474-8964-cbba5c895578,5331647488,node,place,neighbourhood,Al Hira Bungalows,,,,,OSM,,,24.9471029,67.1613891,Karachi,Sindh,Pakistan,,,,,
2a9e0a34-923f-540e-85cb-f7dba690cc3e,518508520,way,leisure,park,Ramsha Park,,,,,OSM,,,24.9081906,67.1346094,Karachi,Sindh,Pakistan,,,,,
1c493993-1b89-5818-95fe-ac8dba96024f,223645988,way,landuse,cemetery,,,,,,OSM,,,24.9089412,67.1386677,Karachi,Sindh,Pakistan,,,,,
437db7b8-bd95-5b45-8d0f-bee51b2a1ddb,224371706,way,leisure,park,,,,,,OSM,,,24.9080801,67.1472172,Karachi,Sindh,Pakistan,,,,,
ac70f1a7-2048-5b86-960f-46cf780f8c9b,519231674,way,leisure,park,Park Ashraful Madaras,,,,,OSM,,,24.9148705,67.1370113,Karachi,Sindh,Pakistan,,,,,
da04a6fd-ab68-5f71-aecd-d79ea568f25a,865421028,way,leisure,park,PIA Society Park,,,,,OSM,,,24.9159557,67.1445071,Karachi,Sindh,Pakistan,,,,,
f8e8c68c-da31-5823-870f-e61e8dc109dc,865421029,way,landuse,cemetery,PIA Society Cemetery,,,,,OSM,,,24.9154856,67.1443344,Karachi,Sindh,Pakistan,,,,,
eb89cd21-8f51-51be-bbc6-fca98337427a,865421030,way,leisure,park,,,,,,OSM,,,24.9188142,67.147349,Karachi,Sindh,Pakistan,,,,,
808906c2-4d57-5be0-80cc-b349d34f7614,865421031,way,leisure,park,,,,,,OSM,,,24.9193329,67.1477086,Karachi,Sindh,Pakistan,,,,,
37047742-083a-5da9-bb41-8d33021c224e,1179894849,way,healthcare,hospital,Isolation Hospital Airport Karachi,,,,,OSM,,,24.9140881,67.1520012,Karachi,Sindh,Pakistan,,,,,
41b7b161-2e84-5e9e-ba18-d5a806776356,1185602804,way,amenity,fire_station,CAA Fire Station,,,,,OSM,,,24.901756,67.1632449,Karachi,Sindh,Pakistan,,,,CAA,
54c842b6-5694-5db7-8b8d-d477653947d0,210660630,way,leisure,park,,,,,,OSM,,,24.9047205,67.1875988,Karachi,Sindh,Pakistan,,,,,
8407f6ca-e49f-505c-8598-13d9e524c769,210661069,way,leisure,park,No 25 Park,,,,,OSM,,,24.9052079,67.1849309,Karachi,Sindh,Pakistan,,,,,
f2b24866-5bc7-5def-9371-af7f037d2867,807841514,way,leisure,park,Usma-e-Ghani Park,,,,,OSM,,,24.9103139,67.1871389,Karachi,Sindh,Pakistan,,,,,
ac217d0e-9943-5b5b-8293-0291890ca7c6,722069600,way,leisure,park,,,,,,OSM,,,24.900936,67.1985507,Karachi,Sindh,Pakistan,,,,,
d552b718-ca8d-5020-9677-c26d13f671d4,544751611,way,leisure,park,Nashtar Park - Model Town,,,,,OSM,,,24.9063995,67.1967303,Karachi,Sindh,Pakistan,,,,,
0a6229d9-e36d-57a0-b820-4ffca6933d1e,392708378,way,place,neighbourhood,Gulistan e Johar Block 4,,,,,OSM,,,24.9298159,67.1369317,Karachi,Sindh,Pakistan,,,,,
72d86312-2224-5163-b8d4-83cd9aae2954,877789574,way,place,neighbourhood,Sasi homes,,,,,OSM,,,24.9282108,67.135146,Karachi,Sindh,Pakistan,,,,,
22ed312e-7c04-51b5-aa5c-f72117a38d4a,951733258,way,healthcare,clinic,Consultant's Clinic,,,,,OSM,,,24.929419,67.1348468,Karachi,Sindh,Pakistan,,,,,
d447f890-3a7c-5503-8feb-ebaf6491382c,553221200,way,place,neighbourhood,Gulistan e Johar Block 7,,,,,OSM,,,24.9344301,67.1525449,Karachi,Sindh,Pakistan,,,,,
a586b745-7f10-5aa1-b554-065e31604d0a,449413224,way,leisure,park,,,,,,OSM,,,24.9261028,67.1582435,Karachi,Sindh,Pakistan,,,,,
9eb7d43f-847e-50c6-a44e-8ec95ee8c5c2,449413225,way,leisure,park,,,,,,OSM,,,24.9260661,67.1566091,Karachi,Sindh,Pakistan,,,,,
3aad509d-4b6b-5ffc-87b2-247626425af0,392707941,way,place,neighbourhood,Gulistan e Johar Block 8,,,,,OSM,,,24.9328737,67.1580585,Karachi,Sindh,Pakistan,,,,,
bd7971ff-a1db-5150-a4fc-94b572016dc2,874930240,way,healthcare,hospital,Karachi Institute of Radiotherapy and Nuclear Medicine,,,,,OSM,,,24.9477474,67.1438494,Karachi,Sindh,Pakistan,,,,,
14520982-e50c-5bfc-8403-dee4d519a05a,874930241,way,healthcare,hospital,Memon Medical Institute,,,,,OSM,,,24.9456709,67.146444,Karachi,Sindh,Pakistan,,,,,
78614d95-7f50-5907-8ec4-fda6896c89a0,223947678,way,leisure,park,,,,,,OSM,,,24.9369663,67.1515274,Karachi,Sindh,Pakistan,,,,,
9270693e-9f73-5564-be03-0c615027adee,751529141,way,leisure,park,Rufi Homes Park,,,,,OSM,,,24.9419379,67.151304,Karachi,Sindh,Pakistan,,,,,
a8c043b6-c2be-5ead-bda7-036f36e5b91b,1117403904,way,leisure,park,park 1,,,,,OSM,,,24.9489336,67.1524586,Karachi,Sindh,Pakistan,,,,,
f51b1471-105d-5ef0-a814-7aa1f3d10bcf,1117403905,way,leisure,park,,,,,,OSM,,,24.9477703,67.1513676,Karachi,Sindh,Pakistan,,,,,
fe9ec36c-a299-5067-95ff-3a52f3ab7c24,1117403906,way,leisure,park,,,,,,OSM,,,24.9484802,67.1530315,Karachi,Sindh,Pakistan,,,,,
c3b2b5d5-62c1-53a6-82a0-155aa9ab68f2,1117403907,way,leisure,park,,,,,,OSM,,,24.9473323,67.1519521,Karachi,Sindh,Pakistan,,,,,
f10aa8c6-215d-5e27-8b87-36b42a826189,717795157,way,leisure,park,,,,,,OSM,,,24.926166,67.1679709,Karachi,Sindh,Pakistan,,,,,
073ab9fc-68f8-5555-825a-375118fdad64,274821032,way,leisure,park,Malir Cantt Park,,,,,OSM,,,24.9337455,67.1832119,Karachi,Sindh,Pakistan,,,,,
2d621eb1-0565-572d-9211-5fd1c458e344,539815434,way,leisure,park,Ixora Park - Malir Cantt,,,,,OSM,,,24.9332531,67.185415,Karachi,Sindh,Pakistan,,,,,
eb78a694-1ee0-535a-a263-610d97bfc1f2,795949127,way,leisure,park,Gulshan-e-Umair Park,,,,,OSM,,,24.9391391,67.1668304,Karachi,Sindh,Pakistan,,,,,
2ff543a5-af7b-5111-9c74-73efe5f90297,796251894,way,leisure,park,,,,,,OSM,,,24.9378012,67.1664334,Karachi,Sindh,Pakistan,,,,,
54a4f413-4013-5d9d-ab98-42bce0994091,594366615,way,place,neighbourhood,Karachi Memon Cooperative Housing Society,,,,,OSM,,,24.9409431,67.1740908,Karachi,Sindh,Pakistan,,,,,
022c7dc7-fb41-516f-8e78-a9dc772e76e7,796251893,way,leisure,park,,,,,,OSM,,,24.9407917,67.1680798,Karachi,Sindh,Pakistan,,,,,
ea32a0ec-a1ac-5432-8454-3a84163c399a,274821033,way,leisure,park,,,,,,OSM,,,24.9346699,67.1785369,Karachi,Sindh,Pakistan,,,,,
1126d9c7-2329-5e5b-af69-f81b952300e4,449285793,way,leisure,park,Ladies Park,,,,,OSM,,,24.9369291,67.1792868,Karachi,Sindh,Pakistan,,,,,
2bc13026-2fcb-55eb-a45a-dd9e30a5bf78,275667191,way,leisure,park,Children's Park,,,,,OSM,,,24.9377613,67.1847457,Karachi,Sindh,Pakistan,,,,,
e1d77384-6025-565a-86b4-212c6ec9856b,539815435,way,leisure,park,,,,,,OSM,,,24.9337497,67.1830346,Karachi,Sindh,Pakistan,,,,,
3af79a0a-3fbc-5679-9e13-2d39f09af84b,273250821,way,leisure,park,Askari-V Park,,,,,OSM,,,24.943267,67.1835764,Karachi,Sindh,Pakistan,,,,,
b5f0c91c-29a5-5ab0-8992-f5591098803b,273250822,way,leisure,park,Askari-V Park,,,,,OSM,,,24.9435061,67.1825568,Karachi,Sindh,Pakistan,,,,,
43b228ca-ec08-5813-aebb-668ec5ae2975,274821023,way,leisure,park,,,,,,OSM,,,24.9420751,67.1828431,Karachi,Sindh,Pakistan,,,,,
81ce2d54-d622-5500-860e-a54795933ca3,5331619600,node,place,neighbourhood,Karachi Bar Cooperative Housing Society,,,,,OSM,,,24.9576643,67.1350767,Karachi,Sindh,Pakistan,,,,,
81782895-2393-5c2a-ad7b-dadfa2f834c3,5333529841,node,place,neighbourhood,Bilawal Shah Nurani Goth,,,,,OSM,,,24.9506904,67.135327,Karachi,Sindh,Pakistan,,,,,
b25f8e3b-f153-594f-9270-4328a593c329,1810841925,node,place,neighbourhood,Chappal Sun City,,,,,OSM,,,24.9531564,67.1415131,Karachi,Sindh,Pakistan,,,,,
46e72564-c838-52c8-9a92-3876f32d99be,5331619593,node,place,neighbourhood,Ammar Garden,,,,,OSM,,,24.9551322,67.1382171,Karachi,Sindh,Pakistan,,,,,
2164f9c2-6118-547d-a770-03558247c443,5331619594,node,place,neighbourhood,Gulshan-e-Areesha,,,,,OSM,,,24.9572678,67.1406672,Karachi,Sindh,Pakistan,,,,,
4273f9fd-406b-5991-b382-044137f84ac0,5331619601,node,place,neighbourhood,Shaheed Makhdoom Bilawal Village,,,,,OSM,,,24.9555306,67.1412437,Karachi,Sindh,Pakistan,,,,,
f7b5eae5-fc49-5f15-90ac-581c0c7b5f47,5331619603,node,place,neighbourhood,Shah Nawaz Bhutto Village,,,,,OSM,,,24.9585615,67.1374232,Karachi,Sindh,Pakistan,,,,,
de62012c-b3a4-54a3-be04-6d07c9d79668,5331647490,node,place,neighbourhood,Capital Society,,,,,OSM,,,24.9550609,67.1547513,Karachi,Sindh,Pakistan,,,,,
05db5d30-1a75-57ce-b5b3-15b79da1b6ff,4777267210,node,place,neighbourhood,Lawyer's Colony,,,,,OSM,,,24.9604141,67.136718,Karachi,Sindh,Pakistan,,,,,
bb59be60-5969-5626-ae29-7ca9f2b81ecc,5331594654,node,place,neighbourhood,Inara Garden,,,,,OSM,,,24.9656279,67.141638,Karachi,Sindh,Pakistan,,,,,
1ab0cc03-7d3d-5c8e-92c5-28c7ed7b2a4a,5331619592,node,place,neighbourhood,Post Office Cooperative Housing Society,,,,,OSM,,,24.9649857,67.1431899,Karachi,Sindh,Pakistan,,,,,
2d4f9851-317d-5c37-a254-4ef7f44d997a,5331594655,node,place,neighbourhood,Karachi Bar Cooperative Housing Society,,,,,OSM,,,24.9707913,67.1394659,Karachi,Sindh,Pakistan,,,,,
2c63ef2d-d6ec-5eae-8019-9cc383cbf147,5331594656,node,place,neighbourhood,Punjabi Saudagar Cooperative Housing Society,,,,,OSM,,,24.9691397,67.1359255,Karachi,Sindh,Pakistan,,,,,
8d347088-8f32-5ee3-af85-3a4c656d2586,5331594652,node,place,neighbourhood,Qureshi Cooperative Housing Society,,,,,OSM,,,24.9675271,67.147651,Karachi,Sindh,Pakistan,,,,,
37ce15eb-2954-508e-b5d3-e55bbc0d3c37,5331647492,node,place,neighbourhood,Soomra Society,,,,,OSM,,,24.9616029,67.1610409,Karachi,Sindh,Pakistan,,,,,
593b83df-ece8-5c34-b62a-afaa5b5f562b,5331594645,node,place,neighbourhood,Ghosia Colony,,,,,OSM,,,24.9723825,67.1525154,Karachi,Sindh,Pakistan,,,,,
70b461fc-1da4-5f02-bc09-b6190ded4359,5331594651,node,place,neighbourhood,Income Tax Cooperative Housing Society,,,,,OSM,,,24.969996,67.1503321,Karachi,Sindh,Pakistan,,,,,
45766302-175b-5c46-9fcc-11a32b3a5a27,5069528378,node,place,neighbourhood,Gulshan-e-Azeem,,,,,OSM,,,24.9502561,67.1630984,Karachi,Sindh,Pakistan,,,,,
cd8fda0a-43ce-50ae-b979-471f5dca6278,5069528339,node,place,neighbourhood,Mehran Bungalows,,,,,OSM,,,24.9537288,67.1615535,Karachi,Sindh,Pakistan,,,,,
3e5ca45a-6332-548f-a64d-5ed288514aa7,5331647493,node,place,neighbourhood,Hansa Society,,,,,OSM,,,24.9562187,67.1631832,Karachi,Sindh,Pakistan,,,,,
00e594b6-8839-5c9c-967d-af80ffdc5eca,5333760872,node,place,neighbourhood,Falcon Complex 2,,,,,OSM,,,24.9517517,67.1808867,Karachi,Sindh,Pakistan,,,,,
4c5d5d3b-0a9b-54d7-88fe-cfb1acc62f00,5331647491,node,place,neighbourhood,سعادت امروہہ,سعادت امروہہ,,,,OSM,,,24.9633479,67.1661819,Karachi,Sindh,Pakistan,,,,,
96195bf4-aa33-5e61-8143-41ca488473e7,5127942424,node,amenity,marketplace,Saadi Town Block 4 Market,,,,,OSM,,,24.9650676,67.1719583,Karachi,Sindh,Pakistan,,,,,
84b65e5f-a959-58a5-aa93-e4e342707aea,5331647495,node,place,neighbourhood,Saadi Town Block 4,,,,,OSM,,,24.9655972,67.1743957,Karachi,Sindh,Pakistan,,,,,
b97dbe78-5089-5037-9d25-65e19249d7a7,5331647494,node,place,neighbourhood,Saadi Town Block 1,,,,,OSM,,,24.9696077,67.1670866,Karachi,Sindh,Pakistan,,,,,
f13fa7f8-1eea-54c3-8d5b-fca18a68603d,5331647496,node,place,neighbourhood,Saadi Town Block 3,,,,,OSM,,,24.9662119,67.1701683,Karachi,Sindh,Pakistan,,,,,
bbafbf4a-d294-5d1c-9785-02618d691048,5331647505,node,place,neighbourhood,Saadi Town Block 2,,,,,OSM,,,24.9697378,67.1705433,Karachi,Sindh,Pakistan,,,,,
277f5581-a24f-5341-b166-7638f8a639bc,5331647497,node,place,neighbourhood,Saadi Town Block 5,,,,,OSM,,,24.9696766,67.1754137,Karachi,Sindh,Pakistan,,,,,
bf9cc568-6738-5a8f-8ea1-876a1b98eaa8,5331647498,node,place,neighbourhood,Saadi Town Block 6,,,,,OSM,,,24.9669836,67.1782928,Karachi,Sindh,Pakistan,,,,,
f8228b06-505f-55b7-bf62-aac769378ae6,4767764655,node,amenity,atm,Habib Metropolitan Bank ATM,,,,,OSM,,,24.9567538,67.1877193,Karachi,Sindh,Pakistan,,,,,
6970b6eb-cb13-5022-b9e4-9c4f2c102e42,5333760870,node,place,neighbourhood,Defence Officers Housing Society,,,,,OSM,,,24.9594098,67.1888088,Karachi,Sindh,Pakistan,,,,,
979f067b-5fcf-5b22-95cc-aa6d7e1e4578,5333760869,node,place,neighbourhood,Askari 5 Sector G,,,,,OSM,,,24.9598261,67.1940631,Karachi,Sindh,Pakistan,,,,,
6d93590c-d1ed-5024-b586-19d64e3b18e7,5331647504,node,place,neighbourhood,Hakeem Villas,,,,,OSM,,,24.9720651,67.1876294,Karachi,Sindh,Pakistan,,,,,
f6c52828-8ba4-5dd8-8101-26c0839414dd,5333528286,node,place,neighbourhood,Kokan Muslim Cooperative Housing Society,,,,,OSM,,,24.978953,67.13465,Karachi,Sindh,Pakistan,,,,,
554bf0ce-c70b-5632-b56c-81d75dd1c9c0,5333528293,node,place,neighbourhood,Zeenatabad,,,,,OSM,,,24.9734302,67.1345935,Karachi,Sindh,Pakistan,,,,,
2a287e71-60ae-5635-aafa-96bb495849dc,5333528289,node,place,neighbourhood,Musalman-e-Punjab Society,,,,,OSM,,,24.9836716,67.1346274,Karachi,Sindh,Pakistan,,,,,
48d53666-df32-5554-8bd9-b611859f2ad2,5331572177,node,place,neighbourhood,Gulshan e Ghazian Cooperative Housing Society,,,,,OSM,,,24.995926,67.1350636,Karachi,Sindh,Pakistan,,,,,
ebcb6ccd-4fa8-551c-990d-e01af28840fc,5333528287,node,place,neighbourhood,Kaghan Cooperative Housing Society,,,,,OSM,,,24.9786076,67.1395582,Karachi,Sindh,Pakistan,,,,,
bf89a611-8f76-50b9-b178-e889be93ca26,5333528288,node,place,neighbourhood,Dentist Colony,,,,,OSM,,,24.9767014,67.1365021,Karachi,Sindh,Pakistan,,,,,
09decfa9-d287-5c9f-b975-66b90c8c7f14,5331594648,node,place,neighbourhood,Gohar Khan Gabol Goth,,,,,OSM,,,24.9756495,67.145934,Karachi,Sindh,Pakistan,,,,,
ec9b1d55-0ad4-579e-869e-f4df12e8f375,5331594649,node,place,neighbourhood,Telephone Employees Cooperative Housing Society,,,,,OSM,,,24.9757055,67.1438331,Karachi,Sindh,Pakistan,,,,,
516ac72e-40f0-5a3d-b046-9c2fd484f2a7,5331594650,node,place,neighbourhood,PIDC Cooperative Housing Society,,,,,OSM,,,24.9734281,67.1418502,Karachi,Sindh,Pakistan,,,,,
2eab0349-0c74-55ca-a508-1319c6a13c60,5333528281,node,place,neighbourhood,Gandhara Cooperative Housing Society,,,,,OSM,,,24.9814339,67.141289,Karachi,Sindh,Pakistan,,,,,
567bde0b-3ab1-5588-af48-db70c22143dc,5333528291,node,place,neighbourhood,Fareed Niazi Cooperative Housing Society,,,,,OSM,,,24.9807132,67.1371638,Karachi,Sindh,Pakistan,,,,,
57e2698d-06cb-5da4-931b-7864b6b872e6,5331594644,node,place,neighbourhood,PIA Cooperative Housing Society,,,,,OSM,,,24.9805766,67.1478586,Karachi,Sindh,Pakistan,,,,,
05636a21-9474-5173-94e6-4d0b6f1081fa,5331594643,node,place,neighbourhood,Dua City,,,,,OSM,,,24.9754984,67.1486192,Karachi,Sindh,Pakistan,,,,,
1e5c3fb0-f4a8-50cb-86fd-f481ed7734d4,5331594646,node,place,neighbourhood,PAEC Cooperative Housing Society,,,,,OSM,,,24.9747488,67.1541521,Karachi,Sindh,Pakistan,,,,,
cd873db2-f33e-523b-9afc-48aed2af8a3d,5333528279,node,place,neighbourhood,Punjabi Saudagar 2 Cooperative Housing Society,,,,,OSM,,,24.991097,67.1399784,Karachi,Sindh,Pakistan,,,,,
58d7a678-6523-5904-9afa-9c67ee04dedd,5333528282,node,place,neighbourhood,Teachers Cooperative Housnig Society,,,,,OSM,,,24.9860294,67.1365997,Karachi,Sindh,Pakistan,,,,,
d954ca28-efee-5ef6-8ff6-eba5826ed68d,5331647520,node,place,neighbourhood,Rufi Pearl,,,,,OSM,,,24.9868187,67.1444659,Karachi,Sindh,Pakistan,,,,,
bc65d3d8-8536-53ea-b276-a8e6f1720aa2,5331648124,node,place,neighbourhood,ہاشم آباد,ہاشم آباد,,,,OSM,,,24.9887754,67.1479287,Karachi,Sindh,Pakistan,,,,,
d99020ec-1e1e-52fb-b83d-9260453590c5,5331648125,node,place,neighbourhood,Radio Pakistan Cooperative Housing Society,,,,,OSM,,,24.9891963,67.1421304,Karachi,Sindh,Pakistan,,,,,
2b70e382-c151-58eb-9088-310bb5e7b670,5333528280,node,place,neighbourhood,Surti Muslim Cooperative Housing Society,,,,,OSM,,,24.985626,67.146919,Karachi,Sindh,Pakistan,,,,,
28886509-acf9-5081-a289-d0f0189feb8b,5331647518,node,place,neighbourhood,Phase 1,,,,,OSM,,,24.9915795,67.151642,Karachi,Sindh,Pakistan,,,,,
de007955-ae0e-5b21-badc-69dcc9680a4d,7035234042,node,place,neighbourhood,Phase 2,,,,,OSM,,,24.9881626,67.1569685,Karachi,Sindh,Pakistan,,,,,
a123a981-f166-5221-9054-302730023970,5151753874,node,amenity,marketplace,Super Highway Vegitable Market,,,,,OSM,,,24.9944142,67.1531874,Karachi,Sindh,Pakistan,,,,,
1b2cfadc-edc1-5655-ac7b-3431a778afab,4767610111,node,amenity,bank,دبئی اسلامی بینک,دبئی اسلامی بینک,,,,OSM,,,24.9941354,67.1555347,Karachi,Sindh,Pakistan,,,دبئی اسلامی بینک,,
be52f625-455d-564c-be6e-8455aec7e8b7,4767610112,node,amenity,bank,Meezan Bank - Subzi Mandi,,,,,OSM,,,24.998698,67.1584939,Karachi,Sindh,Pakistan,,,,,
b8c1c70d-c8aa-590c-9648-00018c6c5195,5331572170,node,place,neighbourhood,Delhi Raiyan Cooperative Housing Society,,,,,OSM,,,24.9993841,67.1373659,Karachi,Sindh,Pakistan,,,,,
91fc2ddf-4226-554d-b0b5-20211ea14d7a,5331647502,node,place,neighbourhood,Pir Ahmed Zaman Block 4,,,,,OSM,,,24.9742946,67.1776863,Karachi,Sindh,Pakistan,,,,,
d5c694bd-9472-5dc8-9236-dc936b3beab8,5331647508,node,place,neighbourhood,Sachal Sarmast Society,,,,,OSM,,,24.977789,67.1852878,Karachi,Sindh,Pakistan,,,,,
18395b36-5620-5e98-aa04-929bc130d720,5331647515,node,place,neighbourhood,Pir Ahmed Zaman Block 2,,,,,OSM,,,24.9735716,67.1823723,Karachi,Sindh,Pakistan,,,,,
a6c9c4c7-7d0c-522d-a390-64b974d49739,5331647516,node,place,neighbourhood,Pir Ahmed Zaman Block 3,,,,,OSM,,,24.9783326,67.1809981,Karachi,Sindh,Pakistan,,,,,
4ac2d9a2-5682-5c20-931a-4bf0e25905a8,5331647513,node,place,neighbourhood,Gulshan-e-Osman,,,,,OSM,,,24.9848744,67.1854807,Karachi,Sindh,Pakistan,,,,,
5c9fca99-f8ae-552a-aa55-b554f6e29353,5331647509,node,place,neighbourhood,Gulshan-e-Rahim,,,,,OSM,,,24.9769302,67.189568,Karachi,Sindh,Pakistan,,,,,
1f3f2192-28ed-55c0-8306-110e7efba4c4,5331647510,node,place,neighbourhood,Rufi Global City,,,,,OSM,,,24.9823738,67.1892412,Karachi,Sindh,Pakistan,,,,,
13b8ddca-dd25-558a-a9a6-04c0ca8ead59,5331647512,node,place,neighbourhood,Fruit Mandi Society,,,,,OSM,,,24.9868443,67.1900654,Karachi,Sindh,Pakistan,,,,,
28e7267a-cfa2-54e3-8bda-fb627f6256ae,753155096,way,leisure,park,,,,,,OSM,,,24.9626234,67.160095,Karachi,Sindh,Pakistan,,,,,
3d7381a2-b762-55a8-b39d-9f496b32597d,500677304,way,place,neighbourhood,Amroha Society,,,,,OSM,,,24.9644401,67.1657277,Karachi,Sindh,Pakistan,,,,,
a51c981e-c32b-510d-9967-84c436bb3b64,500677305,way,place,neighbourhood,,,,,,OSM,,,24.9572215,67.1663323,Karachi,Sindh,Pakistan,,,,,
dfa6348f-bf57-513a-a261-42c73dacfce6,500677306,way,place,neighbourhood,,,,,,OSM,,,24.9603956,67.1726982,Karachi,Sindh,Pakistan,,,,,
0d851830-0fb6-58bf-9e73-d49ea9bd3db7,224376885,way,leisure,park,,,,,,OSM,,,24.9537659,67.1862166,Karachi,Sindh,Pakistan,,,,,
8b8401ea-74ac-59c8-82cf-5fbd5e7ef96c,368570458,way,leisure,park,,,,,,OSM,,,24.9625693,67.1721463,Karachi,Sindh,Pakistan,,,,,
e8ef519a-536e-52c3-af7c-bc25e27cc134,368578732,way,leisure,park,,,,,,OSM,,,24.96459,67.1700025,Karachi,Sindh,Pakistan,,,,,
8313bcb3-6fb2-5d50-b30e-8ec35ad36e3c,368581078,way,place,neighbourhood,سعدی ٹاؤن,سعدی ٹاؤن,,,,OSM,,,24.9676231,67.1711318,Karachi,Sindh,Pakistan,,,,,
6c026847-cb6f-5ede-9fb5-6025b87beec2,368578704,way,leisure,park,,,,,,OSM,,,24.9681256,67.1676235,Karachi,Sindh,Pakistan,,,,,
d626d87a-a52e-5008-9c1f-591643aed6b9,368578647,way,leisure,park,,,,,,OSM,,,24.9697692,67.1684562,Karachi,Sindh,Pakistan,,,,,
e76fe66c-7090-5ff4-b60e-429f11e8c028,368578651,way,leisure,park,,,,,,OSM,,,24.9716157,67.1715477,Karachi,Sindh,Pakistan,,,,,
d94a3a1d-1f67-5b04-bb5a-80d77a1b24dd,368578736,way,leisure,park,,,,,,OSM,,,24.9639602,67.1748547,Karachi,Sindh,Pakistan,,,,,
026014ac-971f-5e50-8fae-e6db810039b3,368578690,way,leisure,park,,,,,,OSM,,,24.9704159,67.1776972,Karachi,Sindh,Pakistan,,,,,
b559bb5c-e57c-5047-b2b2-4eadce2af6ed,1423797253,way,leisure,park,,,,,,OSM,,,24.9582553,67.1939139,Karachi,Sindh,Pakistan,,,,,
5bcd0636-75d8-510b-afe0-7372250223fc,1423797256,way,leisure,park,,,,,,OSM,,,24.9607122,67.1944843,Karachi,Sindh,Pakistan,,,,,
6930dbfa-58ad-5c34-afa7-9caf9bcca900,1423797257,way,leisure,park,,,,,,OSM,,,24.9627491,67.1958382,Karachi,Sindh,Pakistan,,,,,
e92e39de-9232-5cce-8703-176806bb6ee0,1423797261,way,leisure,park,,,,,,OSM,,,24.9618866,67.1992164,Karachi,Sindh,Pakistan,,,,,
c1a24c69-8b77-5305-be23-9d9d6f75131f,1379037879,way,amenity,police,"DIG Office NHMP, South Zone",,,,,OSM,,,24.9892177,67.1794814,Karachi,Sindh,Pakistan,,,,,
88b138ff-34a0-5fce-ae22-cbe9becf31c8,1379037882,way,amenity,police,Motorway Police Station,,,,,OSM,,,24.9886846,67.1796082,Karachi,Sindh,Pakistan,,,,,
58866ced-a656-5e52-94f4-4d9c96790711,1423807200,way,leisure,park,,,,,,OSM,,,24.9799003,67.1991917,Karachi,Sindh,Pakistan,,,,,
f365314a-58db-5c58-ba16-59237e82a929,593925258,way,place,neighbourhood,Sector 12,,,,,OSM,,,25.0103263,67.1892053,Karachi,Sindh,Pakistan,,,,,
