id,osm_id,osm_geom_type,osm_tag_key,osm_tag_value,name,name_ur,alt_name,description_raw,description_final,description_source,wikipedia_title,wikipedia_url,lat,lon,city,province,country,language,dedup_group_id,brand,operator,wikidata
16da37f8-54e5-5369-9e3c-645cc7f96857,11592093178,node,amenity,atm,Allied Bank,الائیڈ بینک,,,,OSM,,,33.5561863,72.8346272,Islamabad,Islamabad Capital Territory,Pakistan,,,Allied Bank Limited,Allied Bank Limited,
b809433e-389d-5166-b9da-4fc218d15f64,11592093179,node,amenity,atm,HBL Bank,ایچ بی ایل پاکستان,,,,OSM,,,33.5565815,72.8341642,Islamabad,Islamabad Capital Territory,Pakistan,,,HBL Bank,HBL Bank,
84960930-0faf-5f2b-806f-1e76551c87f6,11592093180,node,amenity,atm,Allied Bank,الائیڈ بینک,,,,OSM,,,33.5568216,72.8337064,Islamabad,Islamabad Capital Territory,Pakistan,,,Allied Bank Limited,Allied Bank Limited,
211f7819-3a21-5553-ab11-fc72024139af,5282197196,node,healthcare,clinic,Civil Aviation Medical Center,,,,,OSM,,,33.5593285,72.8431763,Islamabad,Islamabad Capital Territory,Pakistan,,,,,
a6375d39-d99c-5420-9cc3-d01967d890b9,11592093181,node,amenity,atm,UBL Bank,یونائیٹڈ بینک لمیٹڈ,,,,OSM,,,33.5608081,72.8410517,Islamabad,Islamabad Capital Territory,Pakistan,,,یونائیٹڈ بینک لمیٹڈ,یونائیٹڈ بینک لمیٹڈ,
caf729ef-ef74-5119-a862-9f969395cfc8,11592093182,node,amenity,atm,National Bank of Pakistan,نیشنل بینک آف پاکستان,,,,OSM,,,33.5607986,72.8412619,Islamabad,Islamabad Capital Territory,Pakistan,,,نیشنل بینک آف پاکستان,نیشنل بینک آف پاکستان,
0819b398-c1cb-5ddf-ae0e-225392aa0813,11592093183,node,amenity,atm,HBL,ایچ بی ایل پاکستان,,,,OSM,,,33.5607625,72.8414326,Islamabad,Islamabad Capital Territory,Pakistan,,,HBL Bank,HBL Bank,
5591f7ad-9855-5cc2-8a4d-cd436f1b6228,11592093184,node,amenity,atm,Muslim Commercial Bank,,,,,OSM,,,33.5607415,72.8416131,Islamabad,Islamabad Capital Territory,Pakistan,,,,,
1be8f226-4af2-586d-b919-945345c3ae4f,795828099,way,natural,water,,,,,,OSM,,,33.5660729,72.8118906,Islamabad,Islamabad Capital Territory,Pakistan,,,,,
25579ba9-db40-52fc-b21c-6d9d80d4e35b,454315845,way,natural,water,,,,,,OSM,,,33.5492943,72.8035742,Islamabad,Islamabad Capital Territory,Pakistan,,,,,
133c17f2-e7f6-5861-8faa-aa00e29bd91c,454315844,way,natural,water,,,,,,OSM,,,33.5557917,72.8080588,Islamabad,Islamabad Capital Territory,Pakistan,,,,,
d10c8f1e-1406-5c08-8733-e4435b81cabe,851810774,way,natural,water,,,,,,OSM,,,33.5421966,72.8309628,Islamabad,Islamabad Capital Territory,Pakistan,,,,,
46e765c4-8454-500f-89b3-e382285aa415,851810301,way,natural,water,,,,,,OSM,,,33.5408705,72.8409716,Islamabad,Islamabad Capital Territory,Pakistan,,,,,
9eb6fc6f-7c8b-5fc4-9ed7-bcceef7ff450,851271961,way,natural,water,,,,,,OSM,,,33.5589954,72.8556438,Islamabad,Islamabad Capital Territory,Pakistan,,,,,
3fbc3679-f2f3-5731-b571-a4b8a225d1e5,454315846,way,natural,water,,,,,,OSM,,,33.6044966,72.8021179,Islamabad,Islamabad Capital Territory,Pakistan,,,,,
55e2b764-5ee1-5267-a042-2ba0a8a8db72,454315852,way,natural,water,,,,,,OSM,,,33.6132599,72.8024961,Islamabad,Islamabad Capital Territory,Pakistan,,,,,
8f37f730-af5f-5362-97e3-ac5c011cd2ba,454315833,way,natural,water,,,,,,OSM,,,33.6172421,72.8197224,Islamabad,Islamabad Capital Territory,Pakistan,,,,,
1f6c1ea7-7246-5bc4-9593-a14d5cf7edf9,1126643347,way,leisure,park,,,,,,OSM,,,33.6034809,72.866946,Islamabad,Islamabad Capital Territory,Pakistan,,,,,
9f0ed971-94f9-5350-9547-97cf474ed9f1,1298724613,way,natural,water,,,,,,OSM,,,33.6038215,72.8661716,Islamabad,Islamabad Capital Territory,Pakistan,,,,,
7888cdd9-9683-5d66-a606-0f38c7469b3d,1298940721,way,leisure,park,,,,,,OSM,,,33.6098952,72.8723974,Islamabad,Islamabad Capital Territory,Pakistan,,,,,
d346834c-c6d5-5270-a952-6973705679db,1298941362,way,leisure,park,,,,,,OSM,,,33.6089147,72.8646328,Islamabad,Islamabad Capital Territory,Pakistan,,,,,
b90f899c-10de-5583-a650-e6486cde3bca,1134247228,way,leisure,park,,,,,,OSM,,,33.6093154,72.875276,Islamabad,Islamabad Capital Territory,Pakistan,,,,,
e8c212f3-b66a-59d5-961d-0a0297760504,1299930919,way,leisure,park,,,,,,OSM,,,33.6072483,72.8714568,Islamabad,Islamabad Capital Territory,Pakistan,,,,,
716c71ac-ec7a-5c27-a7e9-0d3196faa7a0,686020810,way,leisure,park,Central Park,,,,,OSM,,,33.6121778,72.8708549,Islamabad,Islamabad Capital Territory,Pakistan,,,,,
55f6d841-3d03-5782-9002-7db3158ef08b,1298554746,way,leisure,park,,,,,,OSM,,,33.6132332,72.8746589,Islamabad,Islamabad Capital Territory,Pakistan,,,,,
eea83a56-635a-56fc-841c-579a288ed68c,1298551019,way,leisure,park,,,,,,OSM,,,33.6115384,72.8767688,Islamabad,Islamabad Capital Territory,Pakistan,,,,,
78be595e-f547-582c-b95a-1caa99ffd857,263220678,way,leisure,park,,,,,,OSM,,,33.6320751,72.8497646,Islamabad,Islamabad Capital Territory,Pakistan,,,,,
0edf5bf0-45d7-5e0c-bd4f-9b2e6361da10,1300667590,way,leisure,park,,,,,,OSM,,,33.6273343,72.872415,Islamabad,Islamabad Capital Territory,Pakistan,,,,,
c62cd6d3-a594-59d3-9eba-058f78b66b64,1134250572,way,natural,water,,,,,,OSM,,,33.592127,72.8934309,Islamabad,Islamabad Capital Territory,Pakistan,,,,,
066dcb57-17ad-54f7-b382-caf8000fd014,1299798819,way,leisure,park,,,,,,OSM,,,33.6103064,72.8777087,Islamabad,Islamabad Capital Territory,Pakistan,,,,,
3f3b4949-4bb7-53c2-91e5-9e3e9cc797b8,1298720873,way,leisure,park,,,,,,OSM,,,33.6082951,72.8798422,Islamabad,Islamabad Capital Territory,Pakistan,,,,,
b68e421c-5d7e-5e49-acf4-2b5dd63565b2,1298720880,way,leisure,park,,,,,,OSM,,,33.6074435,72.8807187,Islamabad,Islamabad Capital Territory,Pakistan,,,,,
eff02813-550a-5f4d-92ad-c04a353290c9,1298721303,way,leisure,park,,,,,,OSM,,,33.6070675,72.8816279,Islamabad,Islamabad Capital Territory,Pakistan,,,,,
3e3b4fca-0fb8-5de7-85a3-736864ac1f9f,1299798821,way,leisure,park,,,,,,OSM,,,33.6091607,72.8788656,Islamabad,Islamabad Capital Territory,Pakistan,,,,,
dde3eadd-7a5d-5373-bb3c-270e2f0949c1,1299798822,way,leisure,park,,,,,,OSM,,,33.6094479,72.8785459,Islamabad,Islamabad Capital Territory,Pakistan,,,,,
1b191533-caba-5a68-9d9c-f5d7eaaabaed,1299961051,way,landuse,cemetery,,,,,,OSM,,,33.6059157,72.8770421,Islamabad,Islamabad Capital Territory,Pakistan,,,,,
2c90e81d-d652-5c46-aac5-63ffd0cfa41e,1298548673,way,leisure,park,Block C Park,,,,,OSM,,,33.6122621,72.8791435,Islamabad,Islamabad Capital Territory,Pakistan,,,,,
93e651be-854c-5361-bb5c-c5d99023ae09,2691309639,node,place,neighbourhood,E 18,,,,,OSM,,,33.6394636,72.8539318,Islamabad,Islamabad Capital Territory,Pakistan,,,,,
41bd8a08-16ac-59b0-a04f-892bb5d1bb94,2691309637,node,place,neighbourhood,D 18,,,,,OSM,,,33.6503602,72.8456063,Islamabad,Islamabad Capital Territory,Pakistan,,,,,
82eb143f-2a7c-5fde-a995-375202a08cb9,2691309636,node,place,neighbourhood,D 17,,,,,OSM,,,33.6571475,72.8546185,Islamabad,Islamabad Capital Territory,Pakistan,,,,,
b6edebf0-2cf2-5d16-8ef6-d8a076525701,10763758031,node,healthcare,pharmacy,B&S Pharmacy,,,,,OSM,,,33.6584431,72.8560532,Islamabad,Islamabad Capital Territory,Pakistan,,,,,
35a46406-ff48-551d-9123-a3b0b60a4d34,10763758164,node,healthcare,pharmacy,Islamabad Pharma,,,,,OSM,,,33.6585124,72.8559934,Islamabad,Islamabad Capital Territory,Pakistan,,,,,
7a156cca-0842-50b9-a703-4cbc7fbcbdc2,10763758270,node,amenity,bank,HBL Bank,ایچ بی ایل پاکستان,,,,OSM,,,33.6591748,72.8585061,Islamabad,Islamabad Capital Territory,Pakistan,,,HBL Bank,,
5f887755-c500-5035-8e67-6ee43bc9057f,12384977701,node,amenity,bank,Meezan bank,,,,,OSM,,,33.6603096,72.8566947,Islamabad,Islamabad Capital Territory,Pakistan,,,,,
03ad78bb-a2ae-5e1d-b318-78aab4187997,2691309635,node,place,neighbourhood,E 16,,,,,OSM,,,33.6523786,72.8830284,Islamabad,Islamabad Capital Territory,Pakistan,,,,,
62bbb84d-b07c-5f7e-b9ba-fd10770f9d9a,2688558594,node,place,neighbourhood,B 17,,,,,OSM,,,33.6903984,72.8286389,Islamabad,Islamabad Capital Territory,Pakistan,,,,,
2b5fad5a-40f3-52c3-bf3f-9b2720c7c7d9,2433164392,node,railway,station,سنگجانی,سنگجانی,,,,OSM,Sangjani railway station,,33.6963031,72.8503729,Islamabad,Islamabad Capital Territory,Pakistan,,,,,Q18516037
5e2d9662-a5a4-552a-be28-9839fabbd4d2,1064460976,way,natural,water,,,,,,OSM,,,33.6412231,72.8034584,Islamabad,Islamabad Capital Territory,Pakistan,,,,,
447d9eaa-e41a-526b-a156-d0ece1ec59af,980826224,way,leisure,park,,,,,,OSM,,,33.6491251,72.8696494,Islamabad,Islamabad Capital Territory,Pakistan,,,,,
7f2992bc-5049-5c1e-a2de-2b5787370663,980603257,way,leisure,park,E-17/3 Markaz Park,,,,,OSM,,,33.6478888,72.8722849,Islamabad,Islamabad Capital Territory,Pakistan,,,,CDECHS,
90b99da0-7374-5ec9-a9d3-e384080e200e,262847564,way,natural,water,Sandaymar Dam سنڈھے مار ڈیم,,,,,OSM,,,33.6572114,72.863185,Islamabad,Islamabad Capital Territory,Pakistan,,,,,
2ae02858-0142-5b53-937d-ccc8157d5825,1033618877,way,natural,water,,,,,,OSM,,,33.6596426,72.8608979,Islamabad,Islamabad Capital Territory,Pakistan,,,,,
15c00949-07ed-5422-9e72-ed18825b88a8,980826230,way,leisure,park,,,,,,OSM,,,33.65083,72.8729339,Islamabad,Islamabad Capital Territory,Pakistan,,,,,
941552d7-f655-56da-96c3-bfa4c11630fa,263671844,way,leisure,park,,,,,,OSM,,,33.6870498,72.8400286,Islamabad,Islamabad Capital Territory,Pakistan,,,,,
4728073a-5fa7-5b50-a0cc-c819186f14cd,263231607,way,leisure,park,,,,,,OSM,,,33.6929576,72.830805,Islamabad,Islamabad Capital Territory,Pakistan,,,,,
9f20ab81-3b1a-55bb-a3fe-50432079f87b,233476057,way,natural,water,B-17 Lake,,,,,OSM,,,33.6948461,72.8323673,Islamabad,Islamabad Capital Territory,Pakistan,,,,,
7f464aeb-e826-5880-b7f3-41cf44f14624,235097880,way,natural,water,Min Hydral Plant Reservoir,,,,,OSM,,,33.6938294,72.8400144,Islamabad,Islamabad Capital Territory,Pakistan,,,,,
0caf18f4-f6f5-5cc6-92cc-cf75ca2c0183,2432186144,node,railway,station,ٹیکسلا,ٹیکسلا,,,,OSM,Taxila Cantonment Junction railway station,,33.7422793,72.8145203,Islamabad,Islamabad Capital Territory,Pakistan,,,,,Q18536703
e330cf85-adf9-5dc6-b8dc-e7476cc6250a,2446416669,node,tourism,museum,ٹیکسلا میوزیم,ٹیکسلا میوزیم,,,,OSM,,,33.7463117,72.8189433,Islamabad,Islamabad Capital Territory,Pakistan,,,,,
5c09756c-ced6-5646-9a9b-bd2f1ddc1cbc,2446525132,node,healthcare,hospital,HIT Hospital,,,,,OSM,,,33.7352271,72.82622,Islamabad,Islamabad Capital Territory,Pakistan,,,,,
807ffd15-83cf-5410-87c0-641d08b9b1ef,268117266,way,leisure,park,,,,,,OSM,,,33.7471168,72.8194631,Islamabad,Islamabad Capital Territory,Pakistan,,,,,
fecae7aa-ff6b-5b58-8456-ba38c1013eb7,4835074024,node,amenity,bank,HBL UET Taxila,,,,,OSM,,,33.7673385,72.8221244,Islamabad,Islamabad Capital Territory,Pakistan,,,,,
d22f2846-613e-5a59-9163-1e8a4cd8ff67,4832804523,node,amenity,atm,,,,,,OSM,,,33.771319,72.8146377,Islamabad,Islamabad Capital Territory,Pakistan,,,,National Bank,
699d5c0b-9e40-5fad-9a99-0d48e3555b14,9210118541,node,leisure,park,UET Play ground,,,,,OSM,,,33.7711052,72.82182,Islamabad,Islamabad Capital Territory,Pakistan,,,,yaqub,
19ac547d-8372-51d1-990f-537192ed075e,230686477,way,natural,water,Misriot Lake,,,,,OSM,,,33.5185646,72.9901322,Islamabad,Islamabad Capital Territory,Pakistan,,,,,
3fc21e7f-2b55-5dbd-bf7b-61aa4e3eda76,2689598773,node,place,neighbourhood,جی-16,جی-16,,,,OSM,,,33.6263457,72.9146691,Islamabad,Islamabad Capital Territory,Pakistan,,,,,
2e3a72e8-0a95-5aa1-84f0-bae13dc03c91,4728048790,node,amenity,bank,Askari Bank,عسکری بینک,,,,OSM,,,33.624552,72.9707736,Islamabad,Islamabad Capital Territory,Pakistan,,,Askari Bank,Askari bank,
20900b6e-0778-5259-8000-6f5d0558c3c8,5251807394,node,healthcare,pharmacy,Boots Pharmacy Grocery Cosmetics,,,,,OSM,,,33.6246231,72.9724163,Islamabad,Islamabad Capital Territory,Pakistan,,,,,
23a09407-2991-5d36-bd73-e93a7179ffcd,5251807396,node,healthcare,hospital,KKT Orthopedic Spine Center,,,,,OSM,,,33.6245387,72.9726232,Islamabad,Islamabad Capital Territory,Pakistan,,,,,
04acedcf-446f-52a9-8507-81941c62aa0e,2393628601,node,amenity,bank,Bank Al-Habib,,,,,OSM,,,33.6234762,72.97481,Islamabad,Islamabad Capital Territory,Pakistan,,,,,
34836ab7-48e0-58e5-a015-4c8b338fb98c,2433164394,node,railway,station,‎مدنیتہ الحجاج ریلوے اسٹیشن,‎مدنیتہ الحجاج ریلوے اسٹیشن,,,,OSM,Madina-Tul-Hijjaj railway station,,33.6326341,72.968585,Islamabad,Islamabad Capital Territory,Pakistan,,,,,Q18517130
75197374-6c09-534f-b672-22331c950881,4396298392,node,amenity,bank,MCB,ایم سی بی بینک,,,,OSM,,,33.6315984,72.9684151,Islamabad,Islamabad Capital Territory,Pakistan,,,MCB,,
59293663-e184-530f-8403-b0bb0bcad3c6,11215003141,node,place,neighbourhood,Friends Colony Street No. 2,,,,,OSM,,,33.602877,72.9974908,Islamabad,Islamabad Capital Territory,Pakistan,,,,,
1b7c3f08-aa47-5a94-b14c-f3bb285f8b34,2456380817,node,amenity,bank,ایم سی بی بینک,ایم سی بی بینک,,,,OSM,,,33.6196687,72.9809619,Islamabad,Islamabad Capital Territory,Pakistan,,,ایم سی بی بینک,,
fdb09e69-e0cb-5ace-bbc1-1be5be863389,2441089315,node,place,neighbourhood,Meharabad,,,,,OSM,,,33.6153863,72.9984327,Islamabad,Islamabad Capital Territory,Pakistan,,,,,
f9c29bde-edb1-542e-b796-8e2eb948fab2,498938236,way,place,neighbourhood,جی-16,جی-16,,,,OSM,,,33.6250744,72.9167795,Islamabad,Islamabad Capital Territory,Pakistan,,,,,
7fb98e4b-1741-5d8f-a5d1-b30701f58ba7,1083453456,way,leisure,park,Park I-16/4,,,,,OSM,,,33.5899021,72.939077,Islamabad,Islamabad Capital Territory,Pakistan,,,,CDA,
758af041-03e9-53eb-86d7-5de2ff2458f4,980561562,way,amenity,police,Police Station Noon,تھانہ نون,,,,OSM,,,33.591389,72.9289097,Islamabad,Islamabad Capital Territory,Pakistan,,,,Government,
d7c38bb8-52c2-54e7-b134-6486dbab2b7b,1083437648,way,leisure,park,Park I-15/1,,,,,OSM,,,33.5968497,72.944624,Islamabad,Islamabad Capital Territory,Pakistan,,,,CDA,
40aa1847-1935-5a65-b099-2130c5671f4c,1083437717,way,leisure,park,Park I-15/1,,,,,OSM,,,33.5964242,72.9471692,Islamabad,Islamabad Capital Territory,Pakistan,,,,CDA,
596a38db-fc95-5831-b65c-ff9e09861cfc,1083436065,way,leisure,park,Park I-15/4,,,,,OSM,,,33.5974296,72.9558251,Islamabad,Islamabad Capital Territory,Pakistan,,,,CDA,
db4e072a-62c4-5379-b89d-a1f25a8c8cff,1173259797,way,leisure,park,Play Ground,,,,,OSM,,,33.6040329,72.9406139,Islamabad,Islamabad Capital Territory,Pakistan,,,,,
ebb66a89-d321-5be3-be9a-c2957753fef1,1083436961,way,leisure,park,Park I-15/1,,,,,OSM,,,33.598795,72.945994,Islamabad,Islamabad Capital Territory,Pakistan,,,,CDA,
a6edd84f-2288-5d09-8f8b-2b18fc200a51,1173259802,way,leisure,park,,,,,,OSM,,,33.6013856,72.9427516,Islamabad,Islamabad Capital Territory,Pakistan,,,,,
55065175-6077-531a-a7da-3322c327f90e,1173259804,way,leisure,park,,,,,,OSM,,,33.6006758,72.9459881,Islamabad,Islamabad Capital Territory,Pakistan,,,,,
c3f54abf-0a4c-5e72-aefd-4d38ee10cdf1,1173259807,way,leisure,park,Play Ground,,,,,OSM,,,33.6008077,72.9476055,Islamabad,Islamabad Capital Territory,Pakistan,,,,,
817f8e4e-ebac-5cab-815d-4e0e5aec76c8,1083436186,way,leisure,park,Park I-15/1,,,,,OSM,,,33.5983587,72.9534501,Islamabad,Islamabad Capital Territory,Pakistan,,,,CDA,
ffa7f9cb-43d6-56d8-979d-9bdf46e1199c,1083436305,way,leisure,park,Park I-15/1,,,,,OSM,,,33.5977838,72.9526307,Islamabad,Islamabad Capital Territory,Pakistan,,,,CDA,
30391a6c-4aa9-569c-9553-d14e527a1d3b,1083436540,way,leisure,park,Park I-15/1,,,,,OSM,,,33.5985451,72.9512667,Islamabad,Islamabad Capital Territory,Pakistan,,,,CDA,
07ec2448-390b-514d-9f54-a1f52b4fc59c,1083436801,way,leisure,park,Park I-15/1,,,,,OSM,,,33.598475,72.9499994,Islamabad,Islamabad Capital Territory,Pakistan,,,,CDA,
f2f0c45a-15cd-594e-ab5f-b5d2965789a0,1083436885,way,leisure,park,Park I-15/1,,,,,OSM,,,33.5984254,72.9486725,Islamabad,Islamabad Capital Territory,Pakistan,,,,CDA,
1bbde0e1-08e8-5b25-b0d0-36bd4f02b8ab,1083438271,way,leisure,park,Park I-15/2,,,,,OSM,,,33.6021789,72.9497513,Islamabad,Islamabad Capital Territory,Pakistan,,,,CDA,
f266b433-30cc-529b-9eb5-9d6a3a27bd99,1083433250,way,leisure,park,Green Area I-15/3,,,,,OSM,,,33.6105153,72.9550974,Islamabad,Islamabad Capital Territory,Pakistan,,,,Capital Development Authority,
17eb0144-504a-5c3a-a97d-eef465faca63,1083433364,way,leisure,park,Park I-15/3,,,,,OSM,,,33.6092759,72.954362,Islamabad,Islamabad Capital Territory,Pakistan,,,,CDA,
9bfa8265-9b89-5d4d-8aa4-a8405294e7e3,1083433453,way,leisure,park,Green Area,,,,,OSM,,,33.6090106,72.95473,Islamabad,Islamabad Capital Territory,Pakistan,,,,Capital Development Authority,
bfb68555-a7e4-58cb-990b-d21ef83ab6c7,1083437900,way,leisure,park,Park I-15/2,,,,,OSM,,,33.6030787,72.950772,Islamabad,Islamabad Capital Territory,Pakistan,,,,CDA,
21c16f8b-42fe-586c-874e-fba42ae6507a,1173259793,way,leisure,park,,,,,,OSM,,,33.6036051,72.9480464,Islamabad,Islamabad Capital Territory,Pakistan,,,,,
91313d48-9287-5988-ac01-04bb2d8703b4,1173259785,way,leisure,park,,,,,,OSM,,,33.6080434,72.9466136,Islamabad,Islamabad Capital Territory,Pakistan,,,,,
7750153a-6e20-5dc5-8e0d-c8013cf07f48,1173259788,way,leisure,park,,,,,,OSM,,,33.6060248,72.9465766,Islamabad,Islamabad Capital Territory,Pakistan,,,,,
078113ec-3b8d-53c0-bfcc-8429676deec9,1173259794,way,leisure,park,Play Ground,,,,,OSM,,,33.604109,72.9461656,Islamabad,Islamabad Capital Territory,Pakistan,,,,,
061d2e64-07d3-533b-96e4-3e100439d5ff,1173259795,way,leisure,park,,,,,,OSM,,,33.6053264,72.9441111,Islamabad,Islamabad Capital Territory,Pakistan,,,,,
b0a5ab79-11ff-5678-a986-59e4d703f1aa,1173259796,way,leisure,park,,,,,,OSM,,,33.6072099,72.9434271,Islamabad,Islamabad Capital Territory,Pakistan,,,,,
8d1feef1-97ae-502f-8044-4c15ff53f97a,1083433541,way,leisure,park,Park I-15/3,,,,,OSM,,,33.6063839,72.952241,Islamabad,Islamabad Capital Territory,Pakistan,,,,CDA,
839c228e-69d5-5705-8128-5d3aa9a03858,1083434269,way,leisure,park,Park I-15/3,,,,,OSM,,,33.604298,72.9517477,Islamabad,Islamabad Capital Territory,Pakistan,,,,CDA,
2fbd3ee4-dfd2-5d89-bf0d-93c04263ad37,1083434317,way,leisure,park,Park I-15/3,,,,,OSM,,,33.60823,72.9525828,Islamabad,Islamabad Capital Territory,Pakistan,,,,CDA,
e4029c33-b153-503b-bbfc-5f277d432523,1083434477,way,leisure,park,Play Ground,,,,,OSM,,,33.6079085,72.9515896,Islamabad,Islamabad Capital Territory,Pakistan,,,,Capital Development Authority,
8850e7cd-0606-5af9-92e8-0c3d7d9ee951,1173259790,way,leisure,park,,,,,,OSM,,,33.605729,72.9492509,Islamabad,Islamabad Capital Territory,Pakistan,,,,,
4c79d90a-e6b2-5ef9-a17c-d03dc023261b,1173259791,way,leisure,park,,,,,,OSM,,,33.6044128,72.9499019,Islamabad,Islamabad Capital Territory,Pakistan,,,,,
c310faca-39e4-56be-90cd-87fee72a5ba5,1173259792,way,leisure,park,,,,,,OSM,,,33.6041111,72.9501226,Islamabad,Islamabad Capital Territory,Pakistan,,,,,
ed56005d-5967-5814-be8d-d6616c367ead,1083433108,way,leisure,park,Park I-15/3,,,,,OSM,,,33.6110052,72.9523252,Islamabad,Islamabad Capital Territory,Pakistan,,,,CDA,
d4b3cf7a-0653-5c07-af68-ce586cece1f7,1083434740,way,leisure,park,Green Area,,,,,OSM,,,33.6110174,72.9499008,Islamabad,Islamabad Capital Territory,Pakistan,,,,Capital Development Authority,
157d7c92-606d-5270-92ad-ae3f5773af68,1083435644,way,leisure,park,Park I-15/4,,,,,OSM,,,33.5994643,72.960114,Islamabad,Islamabad Capital Territory,Pakistan,,,,CDA,
f54162cc-3a37-5d8f-bec9-0fac0fdc2f08,1083435368,way,leisure,park,,,,,,OSM,,,33.6013123,72.9614686,Islamabad,Islamabad Capital Territory,Pakistan,,,,Capital Development Authority,
69224f39-d2b1-586a-a8a9-20a05ecdec5d,981702866,way,leisure,park,باغ,باغ,,,,OSM,,,33.6080334,72.9612813,Islamabad,Islamabad Capital Territory,Pakistan,,,,,
8b4ae113-05db-5e81-8376-671a54fbca69,1080455965,way,leisure,park,Family Park,,,,,OSM,,,33.6039524,72.9641869,Islamabad,Islamabad Capital Territory,Pakistan,,,,Capital Development Authority,
f6067de3-7678-5499-ae40-8ceb3fe1bcf9,1083435222,way,leisure,park,Park I-15/4,,,,,OSM,,,33.6031076,72.9588639,Islamabad,Islamabad Capital Territory,Pakistan,,,,CDA,
a0d06de1-936f-5f1f-97b4-31a7143e21a8,1204471362,way,amenity,fire_station,,,,,,OSM,,,33.6101798,72.965184,Islamabad,Islamabad Capital Territory,Pakistan,,,,,
69bbb62f-3ed8-5040-9368-7c7748b8ac30,1083434895,way,leisure,park,Park I-15/4,,,,,OSM,,,33.6044451,72.9571442,Islamabad,Islamabad Capital Territory,Pakistan,,,,,
4da9a4fe-ef7f-5be7-a47f-6073e15be196,1124457184,way,leisure,park,Park I-15/3,,,,,OSM,,,33.6068011,72.955281,Islamabad,Islamabad Capital Territory,Pakistan,,,,CDA,
2f2d3000-81c5-54a6-bc40-2aa39fc08137,1080455962,way,leisure,park,Family Park,,,,,OSM,,,33.608439,72.9636118,Islamabad,Islamabad Capital Territory,Pakistan,,,,Capital Development Authority,
e7827b63-2a9e-5dd1-a131-745448486429,1080455963,way,leisure,park,Family Park,,,,,OSM,,,33.6051695,72.9669741,Islamabad,Islamabad Capital Territory,Pakistan,,,,Capital Development Authority,
f6e99231-e296-5e94-8db1-07fe37593265,1080455966,way,leisure,park,Family Park,,,,,OSM,,,33.6047475,72.9718601,Islamabad,Islamabad Capital Territory,Pakistan,,,,Capital Development Authority,
4a51b7ce-6497-5761-b0cc-4c58928fe171,978731853,way,amenity,marketplace,I-14 Markaz,,,,,OSM,,,33.6118235,72.9675745,Islamabad,Islamabad Capital Territory,Pakistan,,,,CDA,
3ec3c075-1731-5a5a-a94d-96893279a2ba,978731854,way,amenity,marketplace,I-14 Markaz,,,,,OSM,,,33.6107824,72.9678626,Islamabad,Islamabad Capital Territory,Pakistan,,,,CDA,
12e6d473-8712-5019-a328-c6af5cfe9db0,283410278,way,leisure,park,,,,,,OSM,,,33.622148,72.9573655,Islamabad,Islamabad Capital Territory,Pakistan,,,,,
1b498eb8-72dc-597a-bfb4-db5c6a28006d,1080455964,way,leisure,park,Family Park,,,,,OSM,,,33.6150282,72.9683018,Islamabad,Islamabad Capital Territory,Pakistan,,,,Capital Development Authority,
1a26ce53-648c-5512-addb-3a10c7f1e36b,990857006,way,amenity,marketplace,جی-15 مرکز,جی-15 مرکز,,,,OSM,,,33.6326187,72.9230726,Islamabad,Islamabad Capital Territory,Pakistan,,,,,
1fa9128f-8831-5e2f-9d55-426a9fca141c,286045184,way,amenity,police,Motorway Police North Zone,,,,,OSM,,,33.630736,72.9387649,Islamabad,Islamabad Capital Territory,Pakistan,,,,Pakistan Motorway Police,
2c7bdd25-57f0-5b34-8cb7-0b847fc9e394,283411095,way,amenity,bank,نیشنل بینک آف پاکستان,نیشنل بینک آف پاکستان,,,,OSM,,,33.6241023,72.9589233,Islamabad,Islamabad Capital Territory,Pakistan,,,نیشنل بینک آف پاکستان,نیشنل بینک آف پاکستان,
73382fa1-8829-5cda-a1aa-f3eb8bbc4645,283411348,way,leisure,park,,,,,,OSM,,,33.6239866,72.9617716,Islamabad,Islamabad Capital Territory,Pakistan,,,,,
5dc59510-c585-5bb3-bfde-d392623c09e1,283411349,way,leisure,park,,,,,,OSM,,,33.6236482,72.9618495,Islamabad,Islamabad Capital Territory,Pakistan,,,,,
6e3ee58d-b92d-5e94-ad12-64756d9310cb,283411229,way,leisure,park,,,,,,OSM,,,33.6237261,72.9612879,Islamabad,Islamabad Capital Territory,Pakistan,,,,,
79b874de-2b44-5c96-8219-45719055e542,235084098,way,healthcare,hospital,Quaid-e-Azam International Hospital,,,,,OSM,,,33.6250779,72.9730323,Islamabad,Islamabad Capital Territory,Pakistan,,,,,
54220dfc-1aa6-5aec-a1de-3cadf7ede297,260629651,way,leisure,park,,,,,,OSM,,,33.6258032,72.9696302,Islamabad,Islamabad Capital Territory,Pakistan,,,,,
4ff6cefd-1fa7-52e4-93ff-68528f5dbefe,464325354,way,amenity,marketplace,,,,,,OSM,,,33.6198619,72.9953773,Islamabad,Islamabad Capital Territory,Pakistan,,,,,
eff58acc-b023-5c4b-bb34-1dc09cb7bae9,464325355,way,leisure,park,,,,,,OSM,,,33.6215703,72.9955135,Islamabad,Islamabad Capital Territory,Pakistan,,,,,
abfb273e-d059-5e72-a0e1-ab4f73b664c5,5042022811,node,place,neighbourhood,Khayaban-e-Kashmir F-15/1,,,,,OSM,,,33.6370851,72.9176974,Islamabad,Islamabad Capital Territory,Pakistan,,,,,
53babc0b-87b8-533f-b189-a6a889fa023d,11623655773,node,railway,station,ترنول ریلوے اسٹیشن,ترنول ریلوے اسٹیشن,,,,OSM,,,33.6499553,72.9098017,Islamabad,Islamabad Capital Territory,Pakistan,,,,,
6496dfa1-9435-5a86-9f33-ad37ff8fe3e9,6191969885,node,amenity,bank,الائیڈ بینک,الائیڈ بینک,,,,OSM,,,33.6425863,72.951884,Islamabad,Islamabad Capital Territory,Pakistan,,,الائیڈ بینک,الائیڈ بینک لمیٹڈ,
53a0fe94-ce24-5142-9b90-6088f8b6fffd,6432357581,node,amenity,bank,بینک الفلاح,بینک الفلاح,,,,OSM,,,33.6442429,72.959236,Islamabad,Islamabad Capital Territory,Pakistan,,,بینک الفلاح,,
c8772e73-b413-50a7-b149-a86556368d1a,6432380589,node,healthcare,pharmacy,Iqbal Pharmacy,,,,,OSM,,,33.6439991,72.9587939,Islamabad,Islamabad Capital Territory,Pakistan,,,,,
6f44bb1d-7d9f-5bc8-b299-173ddfc9b6f1,6432387395,node,amenity,atm,,,,,,OSM,,,33.6442359,72.9592066,Islamabad,Islamabad Capital Territory,Pakistan,,,,,
0b87aac2-ae0b-508e-8bcc-ce5549213bd4,6178544585,node,healthcare,pharmacy,Anwar Capital Hospital Pharmacy,,,,,OSM,,,33.6453905,72.9643448,Islamabad,Islamabad Capital Territory,Pakistan,,,,,
a8a6c01b-1857-58c6-95f7-56899766d8a5,6186235887,node,amenity,bank,یونائیٹڈ بینک لمیٹڈ,یونائیٹڈ بینک لمیٹڈ,,,,OSM,,,33.6458882,72.9640661,Islamabad,Islamabad Capital Territory,Pakistan,,,یونائیٹڈ بینک لمیٹڈ,,
8c0d2138-b2a3-5902-bbc6-e79aaef5934d,6432256681,node,healthcare,hospital,Clinic and Dignostic Centre,,,,,OSM,,,33.6456706,72.9638728,Islamabad,Islamabad Capital Territory,Pakistan,,,,-,
92795a60-a9f5-5b89-adef-09950e1833d7,6432414579,node,healthcare,hospital,Anwer Capital Hospital,,,,,OSM,,,33.6452961,72.9641192,Islamabad,Islamabad Capital Territory,Pakistan,,,,,
02174e70-8b27-5bf6-bbeb-520f64a199ec,6432452491,node,amenity,bank,الائیڈ بینک لمیٹڈ,الائیڈ بینک لمیٹڈ,,,,OSM,,,33.6454769,72.9634646,Islamabad,Islamabad Capital Territory,Pakistan,,,الائیڈ بینک لمیٹڈ,,
c133991e-2360-5ad2-bb18-b351a3c9f499,6432452500,node,healthcare,pharmacy,Nasir Pharmacy,,,,,OSM,,,33.6452554,72.9634726,Islamabad,Islamabad Capital Territory,Pakistan,,,,,
ddb04d82-fd28-51fc-9f36-acdb47969368,6432452508,node,amenity,bank,HBL Bank,ایچ بی ایل پاکستان,,,,OSM,,,33.6457549,72.9640526,Islamabad,Islamabad Capital Territory,Pakistan,,,HBL Bank,,
5a59baf6-f59e-5737-a37d-dd111314b6f2,9941338275,node,amenity,bank,Askari Bank,عسکری بینک,,,,OSM,,,33.6452928,72.963437,Islamabad,Islamabad Capital Territory,Pakistan,,,Askari Bank,,
be85a4f7-0083-5507-8beb-da2693f9db83,3093742233,node,amenity,bank,Allied Bank Ltd - ATM Only,,,,,OSM,,,33.645393,72.9756494,Islamabad,Islamabad Capital Territory,Pakistan,,,,,
38872fa9-3a87-57ac-bada-4a7951cc2a62,6422526503,node,railway,station,گولڑہ شریف جنکشن ریلوے اسٹیشن,گولڑہ شریف جنکشن ریلوے اسٹیشن,,,,OSM,,,33.6704978,72.9478446,Islamabad,Islamabad Capital Territory,Pakistan,,,,,Q18516899
eab5b16f-329b-51ec-bfff-655e296f9434,5574946523,node,amenity,bank,میزان بینک,میزان بینک,,,,OSM,,,33.6532551,72.9674712,Islamabad,Islamabad Capital Territory,Pakistan,,,میزان بینک,,
495d7074-b818-5ea3-a524-eabca3a50d8e,5585175223,node,amenity,bank,Bank Al-Habib,,,,,OSM,,,33.65306,72.9676201,Islamabad,Islamabad Capital Territory,Pakistan,,,,,
c36684e1-da94-5a2a-bcdf-f298666a4e6d,5688012621,node,healthcare,pharmacy,,,,,,OSM,,,33.6554634,72.9632819,Islamabad,Islamabad Capital Territory,Pakistan,,,,,
3e36b979-f933-5d06-b7d0-44f20500c4bb,9941191129,node,amenity,bank,Soneri Bank,,,,,OSM,,,33.6531676,72.9675428,Islamabad,Islamabad Capital Territory,Pakistan,,,,Soneri Bank,
a219f7da-6232-5eb6-b65c-be2b7da00abc,6186141086,node,amenity,bank,ایچ بی ایل پاکستان,ایچ بی ایل پاکستان,,,,OSM,,,33.6506326,72.9713617,Islamabad,Islamabad Capital Territory,Pakistan,,,ایچ بی ایل پاکستان,,
eb4c75db-c6b9-5732-9dce-03c78c3941e3,9925726786,node,healthcare,pharmacy,Najeeb Pharmacy,,,,,OSM,,,33.650484,72.9718291,Islamabad,Islamabad Capital Territory,Pakistan,,,,,
0daf4cf5-7d55-515b-8c6e-888c00754362,9941191127,node,amenity,atm,,,,,,OSM,,,33.6508434,72.9714654,Islamabad,Islamabad Capital Territory,Pakistan,,,,,
e4c65bc8-0214-5efe-958a-a85659fbaf53,11033441452,node,amenity,marketplace,Malik Ayub Market,,,,,OSM,,,33.6715629,72.9736751,Islamabad,Islamabad Capital Territory,Pakistan,,,,,
a9a7e71f-c4c9-5145-afa8-c28cd4f6ed87,9501618144,node,healthcare,hospital,شفاء ہیلتھ کئیر ہسپتال,شفاء ہیلتھ کئیر ہسپتال,,,,OSM,,,33.6917797,72.944307,Islamabad,Islamabad Capital Territory,Pakistan,,,,,
16171634-50c6-57de-bd90-8cd1b9ca0d5c,11140880805,node,leisure,park,Beautiful park,,,,,OSM,,,33.6991274,72.9507089,Islamabad,Islamabad Capital Territory,Pakistan,,,,,
87b7c155-d3c3-53b0-b984-14fed8dd330f,4662904039,node,place,neighbourhood,E-11/1,,,,,OSM,,,33.6952316,72.970979,Islamabad,Islamabad Capital Territory,Pakistan,,,,,
965b6c10-5b94-5670-a4cd-f6b92cab5347,11107203206,node,amenity,bank,,,,,,OSM,,,33.6950548,72.9695226,Islamabad,Islamabad Capital Territory,Pakistan,,,,,
65a0e2d1-f8b3-554b-b26f-b7907fc364f3,11117041710,node,amenity,bank,,,,,,OSM,,,33.6984132,72.9717999,Islamabad,Islamabad Capital Territory,Pakistan,,,,,
c441295f-5bf7-5383-9449-9df8585bd1c8,12762958975,node,amenity,atm,,,,,,OSM,,,33.6984036,72.9717513,Islamabad,Islamabad Capital Territory,Pakistan,,,,,
400e398a-b06a-5ca2-958e-595e90c19264,12762958976,node,amenity,atm,,,,,,OSM,,,33.6979084,72.9708945,Islamabad,Islamabad Capital Territory,Pakistan,,,,,
2f8b3471-b7a0-5039-a1c7-bb331ccbeea9,12762958977,node,amenity,atm,,,,,,OSM,,,33.6979611,72.970991,Islamabad,Islamabad Capital Territory,Pakistan,,,,,
6a10c7bd-13cb-5528-96e1-ca25c8cf7d11,12762958978,node,amenity,atm,,,,,,OSM,,,33.6978112,72.9709066,Islamabad,Islamabad Capital Territory,Pakistan,,,,,
3eb735f3-8eee-50da-8fff-bb4a8c40fa16,12762958979,node,amenity,atm,,,,,,OSM,,,33.6984934,72.9719594,Islamabad,Islamabad Capital Territory,Pakistan,,,,,
b95cdf77-eb01-5cd1-be50-cca5e74b9e38,12763100323,node,amenity,atm,,,,,,OSM,,,33.6991594,72.973705,Islamabad,Islamabad Capital Territory,Pakistan,,,,Faisal Bank,
09e371bd-e5ea-5674-91e4-49c489c1ab2b,2200188336,node,amenity,atm,,,,,,OSM,,,33.6464569,72.9904738,Islamabad,Islamabad Capital Territory,Pakistan,,,,HBL,
77eafe58-1e45-5361-ad21-1e65a2ee9485,9295530985,node,amenity,bank,daulat bank,,,,,OSM,,,33.642972,72.9919262,Islamabad,Islamabad Capital Territory,Pakistan,,,,,
9f947888-3b0b-57c7-a09c-4402a334b717,4880197910,node,amenity,bank,Bank of Punjab,,,,,OSM,,,33.6676734,72.9978535,Islamabad,Islamabad Capital Territory,Pakistan,,,,,
fa6b64b8-69c4-570e-b9ea-b14bda30818f,4880224229,node,amenity,bank,سمٹ بینک,سمٹ بینک,,,,OSM,,,33.6678913,72.9979631,Islamabad,Islamabad Capital Territory,Pakistan,,,سمٹ بینک,سمٹ بینک,
6d2c910b-16ab-55a7-9bf1-f0a85da7e216,6195731792,node,amenity,bank,Faysal Bank Limited,,,,,OSM,,,33.6681045,72.9970816,Islamabad,Islamabad Capital Territory,Pakistan,,,,,
0576692a-df63-511d-b9ca-a68b9e3f5280,4880224247,node,amenity,atm,Meezan Bank ATM,,,,,OSM,,,33.669153,72.9979759,Islamabad,Islamabad Capital Territory,Pakistan,,,,,
8f0f92d0-a859-5d27-b37d-5bd1b69ad603,4880224248,node,amenity,bank,عسکری بینک,عسکری بینک,,,,OSM,,,33.6691704,72.9981148,Islamabad,Islamabad Capital Territory,Pakistan,,,عسکری بینک,,
22cc5c88-f4ec-5d18-8e6c-aab6857367d3,4880224250,node,amenity,bank,بینک الفلاح,بینک الفلاح,,,,OSM,,,33.6693638,72.9983518,Islamabad,Islamabad Capital Territory,Pakistan,,,بینک الفلاح,,
b18058a8-2e4e-560d-bc5f-af35edc9cb58,4880224251,node,amenity,bank,Muslim Commercial Bank,,,,,OSM,,,33.6694885,72.9985828,Islamabad,Islamabad Capital Territory,Pakistan,,,,,
1f22856d-e9cb-56b5-a4f8-e9e31223bdf5,4880224252,node,amenity,bank,United Bank,,,,,OSM,,,33.6694309,72.9984741,Islamabad,Islamabad Capital Territory,Pakistan,,,,,
961bec60-4ba3-5462-b8a3-be66aa094971,4880224253,node,amenity,bank,اسٹینڈرڈ چارٹرڈ,اسٹینڈرڈ چارٹرڈ,,,,OSM,,,33.669607,72.998799,Islamabad,Islamabad Capital Territory,Pakistan,,,اسٹینڈرڈ چارٹرڈ,اسٹینڈرڈ چارٹرڈ,
a1bb25b5-e4be-5304-ba0f-70124f260663,4880251631,node,amenity,bank,جے ایس بینک,جے ایس بینک,,,,OSM,,,33.6701951,72.9994025,Islamabad,Islamabad Capital Territory,Pakistan,,,جے ایس بینک,جے ایس بینک,
3d1438b5-0db3-5c52-a6e5-660f9a5de10c,6195722589,node,amenity,bank,الائیڈ بینک لمیٹڈ,الائیڈ بینک لمیٹڈ,,,,OSM,,,33.6694443,72.9990499,Islamabad,Islamabad Capital Territory,Pakistan,,,الائیڈ بینک لمیٹڈ,,
78c3e027-2810-51bc-a459-42895fdfa6ed,212538228,node,amenity,bank,اسٹینڈرڈ چارٹرڈ,اسٹینڈرڈ چارٹرڈ,,,,OSM,,,33.683766,72.986826,Islamabad,Islamabad Capital Territory,Pakistan,,,اسٹینڈرڈ چارٹرڈ,اسٹینڈرڈ چارٹرڈ,
1991c0f1-889c-5614-940b-a3ec15cb90ce,237492791,node,amenity,bank,Saudi Pak Commercial Bank,,,,,OSM,,,33.6838147,72.9868747,Islamabad,Islamabad Capital Territory,Pakistan,,,,,
83b30d85-fba7-5aa9-840f-eeb67b2fa04f,237495339,node,amenity,bank,عسکری بینک,عسکری بینک,,,,OSM,,,33.6843984,72.9860121,Islamabad,Islamabad Capital Territory,Pakistan,,,عسکری بینک,,
921d0cb5-a497-59ad-ac1d-5769576bf783,4958092890,node,amenity,bank,Meezan Bank Ltd,,,,,OSM,,,33.683442,72.9872224,Islamabad,Islamabad Capital Territory,Pakistan,,,,,
73c15a85-a1e9-5d52-9b40-97e37a95fff9,4958092904,node,amenity,bank,Silkbank,,,,,OSM,,,33.6839771,72.9868437,Islamabad,Islamabad Capital Territory,Pakistan,,,,,
708cc0c2-975e-5fef-9642-cf8571c06017,4958092912,node,amenity,bank,Bank Alfalah Limited,,,,,OSM,,,33.6844591,72.9859666,Islamabad,Islamabad Capital Territory,Pakistan,,,,,
c1c5f505-8e49-5511-b1e5-00f551127726,4958092913,node,amenity,bank,"Habib Bank Ltd., F11 Markaz",,,,,OSM,,,33.6845702,72.9858917,Islamabad,Islamabad Capital Territory,Pakistan,,,,,
43be42a6-e896-541b-abb0-6cd116942a9a,237459304,node,amenity,bank,City Bank,,,,,OSM,,,33.684909,72.9887772,Islamabad,Islamabad Capital Territory,Pakistan,,,,,
2c893367-6b76-5443-8d91-9e690423b314,4958092888,node,amenity,bank,NIB Bank F-11 Markaz,,,,,OSM,,,33.6831523,72.9881701,Islamabad,Islamabad Capital Territory,Pakistan,,,,,
140d98b9-8ccf-5749-80e3-1dfc5392f0d3,4958092905,node,amenity,bank,Samba Bank Limited,,,,,OSM,,,33.6832673,72.9892792,Islamabad,Islamabad Capital Territory,Pakistan,,,,,
4d7144c3-2a6e-5e6d-9a02-4588ae7b0f3c,4958092906,node,healthcare,pharmacy,Shaheen Chemist,,,,,OSM,,,33.683332,72.9888393,Islamabad,Islamabad Capital Territory,Pakistan,,,,,
2677045c-422d-528d-b5d2-bd5840f3891a,4958131355,node,amenity,bank,فیصل بینک,فیصل بینک,,,,OSM,,,33.6846281,72.9890542,Islamabad,Islamabad Capital Territory,Pakistan,,,فیصل بینک,,
9e49812a-7082-5bfa-bccf-01bd0aca28b3,4958131356,node,amenity,bank,United Bank,,,,,OSM,,,33.6847218,72.9890729,Islamabad,Islamabad Capital Territory,Pakistan,,,,,
002bb7a6-24db-53d2-8d5a-150ed8f9e4bb,4662904036,node,place,neighbourhood,E-11/4,,,,,OSM,,,33.6981983,72.9845288,Islamabad,Islamabad Capital Territory,Pakistan,,,,,
a8c76033-20fc-503f-8a9a-399f801ec748,4672190664,node,amenity,marketplace,One Dollar Store,,,,,OSM,,,33.6993847,72.9861595,Islamabad,Islamabad Capital Territory,Pakistan,,,,,
a506bf2b-e09a-5dac-b964-e916d9600753,4961414259,node,amenity,marketplace,Idrees Market,,,,,OSM,,,33.6947995,72.9996184,Islamabad,Islamabad Capital Territory,Pakistan,,,,,
1866cb7c-6364-5811-8695-68277937e854,498938268,way,place,neighbourhood,F15/1,,,,,OSM,,,33.6402099,72.9165809,Islamabad,Islamabad Capital Territory,Pakistan,,,,,
7c2d5e04-5b9f-511d-8729-ba2524f17404,1085050733,way,leisure,park,,,,,,OSM,,,33.6495017,72.9537777,Islamabad,Islamabad Capital Territory,Pakistan,,,,,
e19c8e89-76ab-5455-84fd-b5027532998d,1279575386,way,place,neighbourhood,"F Block, Paris City",,,,,OSM,,,33.6352278,72.9813563,Islamabad,Islamabad Capital Territory,Pakistan,,,,,
dc22660f-ccc6-5f18-9be4-2216d7fd94c1,686273341,way,leisure,park,Children Park,,,,,OSM,,,33.6426281,72.9599588,Islamabad,Islamabad Capital Territory,Pakistan,,,,,
404ea1ae-f1ff-5a31-a029-0a98d55801ca,1084929181,way,amenity,marketplace,,,,,,OSM,,,33.6478865,72.967196,Islamabad,Islamabad Capital Territory,Pakistan,,,,,
17365b00-2efc-5fd6-b09d-47ad4a873804,686273346,way,leisure,park,Hill view Park,,,,,OSM,,,33.6453099,72.9586089,Islamabad,Islamabad Capital Territory,Pakistan,,,,,
2a0bc186-bcaa-58b2-88b1-966cf9d0e8b2,1053545371,way,leisure,park,Rehman Park,,,,,OSM,,,33.6461449,72.9651697,Islamabad,Islamabad Capital Territory,Pakistan,,,,,
fa904284-9331-5bc8-aa56-1966c7a9e025,1084929175,way,leisure,park,Zaffar Mitha Park,,,,,OSM,,,33.6440334,72.9626052,Islamabad,Islamabad Capital Territory,Pakistan,,,,,
05b6a23a-84a7-5f6d-a6fe-013da83e7f6c,1084929183,way,leisure,park,,,,,,OSM,,,33.6484858,72.9668455,Islamabad,Islamabad Capital Territory,Pakistan,,,,,
fc158309-d91e-5a64-b48a-3a8eb69f8dfd,472326220,way,leisure,park,Rock Lizzard Park,,,,,OSM,,,33.6481773,72.9747639,Islamabad,Islamabad Capital Territory,Pakistan,,,,FGEHA,
6070d4a1-13ad-5c17-b620-8e83eb522baf,967540278,way,leisure,park,,,,,,OSM,,,33.6496858,72.9717967,Islamabad,Islamabad Capital Territory,Pakistan,,,,FGEHA,
6c177cfc-963d-5321-a411-5d83369b1340,685359676,way,tourism,museum,Golra Sharif Railway Museum,,,,,OSM,Golra Sharif Railway Museum,,33.6695263,72.9485887,Islamabad,Islamabad Capital Territory,Pakistan,,,,,Q5580951
4204d675-e649-58fe-bd69-1159c8d626d5,934027320,way,leisure,park,ECHS Park,,,,,OSM,,,33.651508,72.9595672,Islamabad,Islamabad Capital Territory,Pakistan,,,,,
6d7690a5-15d2-596c-ac45-b2acf5b5ddb7,967540280,way,leisure,park,ARA Play Ground,,,,,OSM,,,33.654975,72.9587652,Islamabad,Islamabad Capital Territory,Pakistan,,,,FGEHA,
2c1e2b42-c1d6-556a-b121-3b41948bac4c,967540281,way,leisure,park,ARA Park,,,,,OSM,,,33.6542095,72.9563153,Islamabad,Islamabad Capital Territory,Pakistan,,,,FGEHA,
afbd8dd2-3995-50e3-a0be-552d94f5106c,1084952741,way,leisure,park,,,,,,OSM,,,33.6571894,72.9632177,Islamabad,Islamabad Capital Territory,Pakistan,,,,,
ed7bbd42-f24a-59ec-9f6a-18afcb2eb6e0,1084937959,way,amenity,marketplace,Auto Repair Market,,,,,OSM,,,33.655205,72.9719309,Islamabad,Islamabad Capital Territory,Pakistan,,,,,
414445a6-37c9-56c2-b35e-bd49fd4be265,1084951455,way,leisure,park,,,,,,OSM,,,33.6510338,72.9694183,Islamabad,Islamabad Capital Territory,Pakistan,,,,,
5c547f7b-ab58-57d8-a853-6fa9c22dca4b,1084951456,way,leisure,park,,,,,,OSM,,,33.6518372,72.9718352,Islamabad,Islamabad Capital Territory,Pakistan,,,,,
4b8c4652-5fb7-52b8-a3a9-972e11aa86dd,233419003,way,natural,water,,,,,,OSM,,,33.6612382,72.9732729,Islamabad,Islamabad Capital Territory,Pakistan,,,,,
02eac510-d6ba-50c7-b788-77263c383b46,233418999,way,leisure,park,,,,,,OSM,,,33.6598383,72.9751962,Islamabad,Islamabad Capital Territory,Pakistan,,,,,
9ad0a5bc-dc17-5fc8-b6ae-021c5b1e33f7,1259487768,way,leisure,park,,,,,,OSM,,,33.6805074,72.9799718,Islamabad,Islamabad Capital Territory,Pakistan,,,,,
6538be54-cba0-5099-a940-0408b688b064,469494473,way,leisure,park,Multipurpose Ground F-11/2,,,,,OSM,,,33.6818483,72.9812653,Islamabad,Islamabad Capital Territory,Pakistan,,,,,
0c74dd03-a79a-51bb-8af0-c650c8a72afe,543968944,way,leisure,park,,,,,,OSM,,,33.6836564,72.9801372,Islamabad,Islamabad Capital Territory,Pakistan,,,,,
b56f48e7-b008-57ff-a37b-6b73db7b535c,496328224,way,leisure,park,باغ,باغ,,,,OSM,,,33.6835301,72.9785284,Islamabad,Islamabad Capital Territory,Pakistan,,,,,
bc3c1934-bbff-5c35-9cfc-381a0291149b,551206366,way,natural,water,,,,,,OSM,,,33.6932216,72.9681255,Islamabad,Islamabad Capital Territory,Pakistan,,,,,
1e1a54ab-245d-5a0b-8e13-d6d20b872727,974003659,way,natural,water,,,,,,OSM,,,33.6960343,72.9663981,Islamabad,Islamabad Capital Territory,Pakistan,,,,,
445d42d4-f7a8-5be7-bc4b-f8d46f6f39f8,545526491,way,leisure,park,,,,,,OSM,,,33.6939313,72.9696575,Islamabad,Islamabad Capital Territory,Pakistan,,,,,
eb6b6bd3-0f8c-51d9-8550-98c46f49bb5f,555154842,way,natural,water,,,,,,OSM,,,33.6893474,72.9791392,Islamabad,Islamabad Capital Territory,Pakistan,,,,,
d0f8185b-2940-5ac2-b797-c475eb167308,555154850,way,leisure,park,Soccer field,,,,,OSM,,,33.689355,72.9781687,Islamabad,Islamabad Capital Territory,Pakistan,,,,,
c9224652-444d-5595-a0d1-a9da2d1221ec,555166022,way,leisure,park,,,,,,OSM,,,33.6895438,72.9791407,Islamabad,Islamabad Capital Territory,Pakistan,,,,,
fbcedf9a-2fbb-5aec-861b-dd50f1304663,560495163,way,healthcare,hospital,Golra Hospital,گولڑہ ہسپتال,,,,OSM,,,33.6896972,72.975568,Islamabad,Islamabad Capital Territory,Pakistan,,,,,
9e335300-2c6b-5243-840b-219bccfbb9b2,1120720866,way,natural,water,,,,,,OSM,,,33.691385,72.9766441,Islamabad,Islamabad Capital Territory,Pakistan,,,,,
ad4715ec-ee1b-5420-830a-eb53560ef27d,556797114,way,natural,water,,,,,,OSM,,,33.695997,72.9724702,Islamabad,Islamabad Capital Territory,Pakistan,,,,,
4eb547ad-46d7-50a3-bf42-e04766e522b2,1120720129,way,natural,water,,,,,,OSM,,,33.6937881,72.9751395,Islamabad,Islamabad Capital Territory,Pakistan,,,,,
ef21782d-a74c-5294-a8bc-438ac83a3221,556797112,way,natural,water,,,,,,OSM,,,33.6990548,72.9716214,Islamabad,Islamabad Capital Territory,Pakistan,,,,,
8cc3827e-eebc-5c7a-9372-9d899ef84560,556797113,way,natural,water,,,,,,OSM,,,33.6972859,72.969475,Islamabad,Islamabad Capital Territory,Pakistan,,,,,
4231166b-c01b-5429-8f50-2c495aab4f2e,1435865701,way,amenity,marketplace,,,,,,OSM,,,33.6352302,72.982375,Islamabad,Islamabad Capital Territory,Pakistan,,,,,
640305e2-9af6-5974-9fde-d84c832e1518,1435865702,way,amenity,marketplace,,,,,,OSM,,,33.6352046,72.9825096,Islamabad,Islamabad Capital Territory,Pakistan,,,,,
25bdb4ac-1018-5118-a670-874f6e3d779a,209832968,way,leisure,park,NBS Lawn,,,,,OSM,,,33.6448645,72.9919133,Islamabad,Islamabad Capital Territory,Pakistan,,,,,
eb7b6cf3-cf7e-592f-9a2e-365d42824e94,209847470,way,leisure,park,,,,,,OSM,,,33.6447604,72.988317,Islamabad,Islamabad Capital Territory,Pakistan,,,,,
b6fb803e-add9-55c8-9665-b03284b8e05f,209849377,way,leisure,park,IGIS lawn ll,,,,,OSM,,,33.6446722,72.9884939,Islamabad,Islamabad Capital Territory,Pakistan,,,,,
d70222c2-78b0-5431-a315-9f29454926d6,209849378,way,leisure,park,,,,,,OSM,,,33.644843,72.9886375,Islamabad,Islamabad Capital Territory,Pakistan,,,,,
e97b6d19-fa26-528d-a181-dbf56a6e2dc2,1148401429,way,leisure,park,Sports Complex,,,gym with swimming pool,,OSM,,,33.6412597,72.9955975,Islamabad,Islamabad Capital Territory,Pakistan,,,,,
26f95f22-2654-5dcd-83f5-23a9622f76d8,23557496,way,leisure,park,,,,,,OSM,,,33.6665969,72.9929398,Islamabad,Islamabad Capital Territory,Pakistan,,,,,
0fcf5b1a-18e7-5783-8078-5929ae89603f,260125368,way,leisure,park,,,,,,OSM,,,33.6677649,72.9903192,Islamabad,Islamabad Capital Territory,Pakistan,,,,,
32a33a4d-fe73-514f-b8cc-d92223694cf8,23570523,way,leisure,park,CDA G-11/2 Park,,,,,OSM,,,33.6709137,72.9877916,Islamabad,Islamabad Capital Territory,Pakistan,,,,,
87516711-8b27-59b6-9c97-ecbf5a49fd19,260131886,way,leisure,park,,,,,,OSM,,,33.6703996,72.9935613,Islamabad,Islamabad Capital Territory,Pakistan,,,,,
a009d606-3cf5-5422-a397-4cac19285f9e,23052950,way,leisure,park,,,,,,OSM,,,33.6735248,72.9927842,Islamabad,Islamabad Capital Territory,Pakistan,,,,,
4c6e3e86-4abd-5169-9383-a2501cd34ba4,260127275,way,leisure,park,,,,,,OSM,,,33.6726437,72.9925206,Islamabad,Islamabad Capital Territory,Pakistan,,,,,
9f7bde1a-eedd-5832-9137-ce1b5ecbdea0,260128942,way,leisure,park,Children Park,,,,,OSM,,,33.6727295,72.9908918,Islamabad,Islamabad Capital Territory,Pakistan,,,,,
d647f027-7014-5c9b-8390-bca7cb2b7251,1085905913,way,amenity,marketplace,Adnan Market,,,,,OSM,,,33.6720741,72.9914188,Islamabad,Islamabad Capital Territory,Pakistan,,,,,
eedc9193-f5c7-57bf-89b9-0894c2b1e275,391947342,way,healthcare,hospital,ویل میڈ ہسپتال,ویل میڈ ہسپتال,,,,OSM,,,33.6640472,72.9959488,Islamabad,Islamabad Capital Territory,Pakistan,,,,ڈاکٹر شعیب حمید,
c00a21b6-fc66-5ae9-aa6b-1c5f0c5ecc66,496314215,way,amenity,police,Police Station Ramna,,,,,OSM,,,33.6668532,72.9965669,Islamabad,Islamabad Capital Territory,Pakistan,,,,,
def90cb7-72ea-5b5b-b6d9-422d560449cf,496314216,way,leisure,park,G-11 Markaz Park,,,,,OSM,,,33.6682389,72.9962629,Islamabad,Islamabad Capital Territory,Pakistan,,,,,
4c6c421f-30c0-5d5d-a123-69f3b7b31172,558043733,way,natural,water,,,,,,OSM,,,33.6682363,72.9962771,Islamabad,Islamabad Capital Territory,Pakistan,,,,,
5780da9e-9e38-5437-9f0b-15962e488a7b,23554364,way,leisure,park,,,,,,OSM,,,33.6758302,72.9970056,Islamabad,Islamabad Capital Territory,Pakistan,,,,,
a5aa6596-e8bf-5cf2-85cf-4cc953304e41,23052857,way,leisure,park,,,,,,OSM,,,33.6696259,72.9944674,Islamabad,Islamabad Capital Territory,Pakistan,,,,,
2c8d0bf6-a2d0-5f09-8479-244d31591608,496324601,way,leisure,park,Park & Walking Track,,,,,OSM,,,33.6747265,72.9950822,Islamabad,Islamabad Capital Territory,Pakistan,,,,,
2850c261-646b-5e7e-add6-45461fcba0e6,506011402,way,leisure,park,Ammar Park,,,,,OSM,,,33.6775704,72.9840085,Islamabad,Islamabad Capital Territory,Pakistan,,,,,
9529dbea-fcd6-58ce-ba12-8e3168dcf14c,720888641,way,leisure,park,,,,,,OSM,,,33.6788157,72.984747,Islamabad,Islamabad Capital Territory,Pakistan,,,,,
caf295e8-da68-5b42-bd9b-8472acc45699,469552007,way,leisure,park,Executive Suits Park,,,,,OSM,,,33.6812502,72.9906535,Islamabad,Islamabad Capital Territory,Pakistan,,,,,
7ded1efe-19d6-58f2-b8a9-a6e37243a9e5,469552009,way,natural,water,,,,,,OSM,,,33.6812412,72.9906649,Islamabad,Islamabad Capital Territory,Pakistan,,,,,
b2834993-809a-58ec-bbf5-586e855776c0,469549693,way,leisure,park,,,,,,OSM,,,33.6858159,72.9870548,Islamabad,Islamabad Capital Territory,Pakistan,,,,,
948c9c15-8f58-5880-afdd-9cc285cbba78,469681070,way,leisure,park,F-11 Markaz Park,,,,,OSM,,,33.6825265,72.9848784,Islamabad,Islamabad Capital Territory,Pakistan,,,,,
f84f99ce-aaa2-5c04-97f8-3830d07288c7,472334022,way,leisure,park,,,,,,OSM,,,33.6892984,72.9906747,Islamabad,Islamabad Capital Territory,Pakistan,,,,,
3a6456c7-8538-5078-89ce-7fb3c0a9a10a,556475911,way,leisure,park,Hamster Wheel Park,,,,,OSM,,,33.6888682,72.9880947,Islamabad,Islamabad Capital Territory,Pakistan,,,,,
1035c71b-4e44-57e3-867e-4838e05849fb,556475935,way,leisure,park,,,,,,OSM,,,33.6883075,72.9874064,Islamabad,Islamabad Capital Territory,Pakistan,,,,,
451c41b7-1834-5a15-afea-5f2bd4290a37,1273176578,way,leisure,park,,,,,,OSM,,,33.6884863,72.9958127,Islamabad,Islamabad Capital Territory,Pakistan,,,,,
aa7fb862-5e19-57ac-a0ed-7d97b2cd1573,469473553,way,leisure,park,F-11/2 Park,,,,,OSM,,,33.6849301,72.9827088,Islamabad,Islamabad Capital Territory,Pakistan,,,,,
c5c8f612-2e68-508e-a683-368c06adb6eb,558024269,way,amenity,marketplace,Tuck Shop,,,,,OSM,,,33.6854775,72.9858451,Islamabad,Islamabad Capital Territory,Pakistan,,,,,
cae58fbb-6d68-582f-aed2-5b12bd039061,469557616,way,leisure,park,F-10/2 Park,,,,,OSM,,,33.6884541,72.9977412,Islamabad,Islamabad Capital Territory,Pakistan,,,,,
5d65fb57-d7c1-5874-b2c1-966f89809a7f,804141327,way,leisure,park,,,,,,OSM,,,33.683862,72.9989438,Islamabad,Islamabad Capital Territory,Pakistan,,,,,
4300f0db-d09a-5cfa-90e6-57dc772b1c60,545531008,way,leisure,park,,,,,,OSM,,,33.6938666,72.98359,Islamabad,Islamabad Capital Territory,Pakistan,,,,,
873015d2-855a-5f58-b4f3-1a3f7f6920fa,556475941,way,natural,water,,,,,,OSM,,,33.6894442,72.9868089,Islamabad,Islamabad Capital Territory,Pakistan,,,,,
65b0ccd6-4209-5aae-837a-0f08825fd0d0,804132443,way,leisure,park,,,,,,OSM,,,33.6913588,72.9930789,Islamabad,Islamabad Capital Territory,Pakistan,,,,,
ac09cf04-a7fd-5961-bbcf-63f725f2d749,1273176577,way,leisure,park,,,,,,OSM,,,33.6917263,72.9937992,Islamabad,Islamabad Capital Territory,Pakistan,,,,,
fe1ad64e-a1fa-53be-a627-475543c49e5c,469492066,way,leisure,park,,,,,,OSM,,,33.6997755,72.9840008,Islamabad,Islamabad Capital Territory,Pakistan,,,,,
0771d26c-0381-5f41-aa37-457f32001196,472891269,way,leisure,park,Possibly* New Markaz Constr.,,,,,OSM,,,33.7007137,72.9830616,Islamabad,Islamabad Capital Territory,Pakistan,,,,,
a2fd8f5b-ebd1-5486-ab11-28f00de02f94,556797117,way,natural,water,,,,,,OSM,,,33.6988843,72.9844499,Islamabad,Islamabad Capital Territory,Pakistan,,,,,
0a3ffa18-1ee3-5f78-8223-e8e39d15abd8,556797118,way,natural,water,,,,,,OSM,,,33.6968951,72.9842312,Islamabad,Islamabad Capital Territory,Pakistan,,,,,
b7f43126-c362-5cf0-b9ef-22b144ab962c,474414537,way,leisure,park,,,,,,OSM,,,33.6901625,72.9982808,Islamabad,Islamabad Capital Territory,Pakistan,,,,,
b23ed2ca-8882-5db5-94a0-521da5e1ae9f,474863862,way,leisure,park,,,,,,OSM,,,33.6900045,72.9974933,Islamabad,Islamabad Capital Territory,Pakistan,,,,,
1b1a3ee8-ccd1-5929-b3f3-20cf10fb0cb6,21746986,way,amenity,police,Shalimar Police Station,,,,,OSM,,,33.6939141,72.9999298,Islamabad,Islamabad Capital Territory,Pakistan,,,,,
1e0363ed-6295-5a7b-b4af-a0e7f289b4cb,473055142,way,leisure,park,,,,,,OSM,,,33.695211,72.9988951,Islamabad,Islamabad Capital Territory,Pakistan,,,,,
d9e0794d-adab-5481-8ccf-39b33fbae7e6,545016341,way,leisure,park,,,,,,OSM,,,33.6955835,72.999336,Islamabad,Islamabad Capital Territory,Pakistan,,,,,
9f9dd21e-c6c7-5a37-a04f-9b8c74066e0c,3489900,relation,amenity,bank,ایچ بی ایل پاکستان,ایچ بی ایل پاکستان,,,,OSM,,,33.6432949,72.9848699,Islamabad,Islamabad Capital Territory,Pakistan,,,ایچ بی ایل پاکستان,,
8574fe5c-5baa-583a-ad62-0d92ca6beb63,7944482,relation,natural,water,,,,,,OSM,,,33.6887204,72.9877807,Islamabad,Islamabad Capital Territory,Pakistan,,,,,
1b86fc51-6d77-5dac-9fc2-bc3e78c8d265,2688395893,node,place,neighbourhood,ڈی-12,ڈی-12,,,,OSM,,,33.7018078,72.9486249,Islamabad,Islamabad Capital Territory,Pakistan,,,,,
0670f9b4-a177-52ab-a9f8-78b173f3d371,4662904038,node,place,neighbourhood,E-11/2,,,,,OSM,,,33.700958,72.9728034,Islamabad,Islamabad Capital Territory,Pakistan,,,,,
119f2571-d67f-5d54-ad95-70be4ebc3746,4662904037,node,place,neighbourhood,E-11/3,,,,,OSM,,,33.7025879,72.9776753,Islamabad,Islamabad Capital Territory,Pakistan,,,,,
24f7f2e9-6064-5b8e-b009-0ab0e77cfa9c,545013372,way,leisure,park,,,,,,OSM,,,33.7021797,72.9812223,Islamabad,Islamabad Capital Territory,Pakistan,,,,,
fa177c9d-c784-57ee-8967-def4cc45a5c4,845899764,way,natural,water,,,,,,OSM,,,33.7093651,72.9406934,Islamabad,Islamabad Capital Territory,Pakistan,,,,,
bd31e01b-c45d-50f7-964c-e2071fc6076e,560024797,way,leisure,park,,,,,,OSM,,,33.7030483,72.9471312,Islamabad,Islamabad Capital Territory,Pakistan,,,,,
1114cbd7-e72d-5da2-b922-1a6873e8ffaf,1341761334,way,amenity,police,Police Station D-12,,,,,OSM,,,33.7022859,72.9489599,Islamabad,Islamabad Capital Territory,Pakistan,,,,,
df1724b8-e7e3-525a-99bf-ecd76d134528,560025426,way,leisure,park,منی چلڈرن پارک,منی چلڈرن پارک,,,,OSM,,,33.7059213,72.954696,Islamabad,Islamabad Capital Territory,Pakistan,,,,,
f6800d72-9198-5dcd-8c8f-70e7db6e6060,545313702,way,natural,water,,,,,,OSM,,,33.7040633,72.9734028,Islamabad,Islamabad Capital Territory,Pakistan,,,,,
a5d311c4-246c-581a-95e6-3025b78e12b6,545313703,way,leisure,park,,,,,,OSM,,,33.7039821,72.9733158,Islamabad,Islamabad Capital Territory,Pakistan,,,,,
29df8002-5ccd-512a-980f-275653c4d757,469438454,way,leisure,park,E-11/3 MPCHS Park,,,,,OSM,,,33.7051546,72.9809754,Islamabad,Islamabad Capital Territory,Pakistan,,,,,
7e9ba498-7cdc-5b4e-9f74-6e2ddef8294d,556797116,way,natural,water,,,,,,OSM,,,33.701054,72.9840607,Islamabad,Islamabad Capital Territory,Pakistan,,,,,
c2026a6e-0afd-5d43-befb-f709fe4594a1,556797115,way,natural,water,,,,,,OSM,,,33.7031549,72.9830957,Islamabad,Islamabad Capital Territory,Pakistan,,,,,
2da92b79-04f3-57e1-8cb5-9ce718f9e0ec,17062066,relation,natural,water,Khanpur Dam,,,,,OSM,,,33.809997,72.9478735,Islamabad,Islamabad Capital Territory,Pakistan,,,,,Q96244621
bbc75d3d-4997-548d-bfa0-b3ea466f8133,12014280627,node,healthcare,clinic,Ghazi Clinic,,,,,OSM,,,33.5076059,73.0447003,Islamabad,Islamabad Capital Territory,Pakistan,,,,,
208e6758-ce0f-5524-a0cf-12162361124e,7160161552,node,amenity,bank,جے ایس بینک,جے ایس بینک,,,,OSM,,,33.5181884,73.0856909,Islamabad,Islamabad Capital Territory,Pakistan,,,جے ایس بینک,جے ایس بینک,
9c9af4d9-c5a2-575f-bc01-7af319dc4cda,6741820146,node,amenity,police,Security Office,,,,,OSM,,,33.5443418,73.065759,Islamabad,Islamabad Capital Territory,Pakistan,,,,,
6a904d25-7e84-55d8-ab6b-3e4bca1c2e31,6741820150,node,amenity,atm,عسکری بینک,عسکری بینک,,,,OSM,,,33.5443007,73.0658805,Islamabad,Islamabad Capital Territory,Pakistan,,,عسکری بینک,,
b2096875-7a3d-5bfe-a531-23bd7c7fded9,6741820124,node,amenity,atm,,,,,,OSM,,,33.5463344,73.0698649,Islamabad,Islamabad Capital Territory,Pakistan,,,,,
ac1be34c-32a5-5001-80ac-5aa92b7975d6,2386392728,node,amenity,marketplace,,,,,,OSM,,,33.5596757,73.0623946,Islamabad,Islamabad Capital Territory,Pakistan,,,,,
7bfb59c5-d7b7-55f8-ad85-071c20867ee5,4899090638,node,amenity,bank,New Lalazar,,,,,OSM,,,33.5621272,73.0718705,Islamabad,Islamabad Capital Territory,Pakistan,,,,,
f1ca8c5d-794f-540d-a929-6391838726b0,2382402088,node,amenity,bank,ایم سی بی بینک,ایم سی بی بینک,,,,OSM,,,33.563686,73.0814749,Islamabad,Islamabad Capital Territory,Pakistan,,,ایم سی بی بینک,,
c8f1db0f-2581-552d-b00e-5450c31e2305,13336794430,node,leisure,park,Open Air Gym,,,,,OSM,,,33.5000812,73.0970894,Islamabad,Islamabad Capital Territory,Pakistan,,,,,
d1fbe9db-3066-51eb-bb52-d58daa5e5d8b,11655758860,node,healthcare,hospital,AT Skin & Aesthetic Clinic,,,,,OSM,,,33.5214526,73.0916469,Islamabad,Islamabad Capital Territory,Pakistan,,,,,
bdef438f-1179-5cd4-b3a3-b16fb3c8c9d1,2209538065,node,amenity,bank,,,,,,OSM,,,33.5416446,73.0970612,Islamabad,Islamabad Capital Territory,Pakistan,,,,,
01d8be42-b047-508c-98cf-79991c1fd096,4442475189,node,leisure,park,باغ,باغ,,,,OSM,,,33.5394355,73.0954199,Islamabad,Islamabad Capital Territory,Pakistan,,,,,
1adc8a0c-fa70-5be1-8e54-9c6000d63ab3,2209538059,node,amenity,bank,,,,,,OSM,,,33.5396415,73.0990675,Islamabad,Islamabad Capital Territory,Pakistan,,,,,
ca3b8128-d526-576c-a2ca-4259e8e25f56,4442475289,node,amenity,bank,Askari bank,,,,,OSM,,,33.5400473,73.0992671,Islamabad,Islamabad Capital Territory,Pakistan,,,,,
7f94b30c-5cf2-5745-8bbc-6c19722372d4,3240487332,node,place,neighbourhood,DHA Phase I,,,,,OSM,,,33.5447615,73.0936736,Islamabad,Islamabad Capital Territory,Pakistan,,,,,
ab533b27-1aff-56d7-8e55-f992ab0de455,4710765694,node,place,neighbourhood,Sector B1,,,,,OSM,,,33.5519447,73.092659,Islamabad,Islamabad Capital Territory,Pakistan,,,,,
ab5f5981-7543-53f7-ac10-76e9ad54a806,2382402087,node,amenity,atm,Bank Al-Habib,,,,,OSM,,,33.5603398,73.0864684,Islamabad,Islamabad Capital Territory,Pakistan,,,,,
6824524a-35db-5366-b721-aa6a0518a03b,317309572,way,natural,water,دریائے سواں,دریائے سواں,,,,OSM,دریائے سواں,,33.5377818,73.0829904,Islamabad,Islamabad Capital Territory,Pakistan,,,,,Q2665231
35ca1221-1064-52aa-a5c2-3352ce0805e2,340457061,way,natural,water,,,,,,OSM,,,33.4814888,73.0374443,Islamabad,Islamabad Capital Territory,Pakistan,,,,,
835957a4-0072-50fe-bd18-1d0e965d5582,814536373,way,leisure,park,,,,,,OSM,,,33.5099041,73.0751581,Islamabad,Islamabad Capital Territory,Pakistan,,,,,
1cbafb55-290a-5ec3-bd00-19309075ee17,1135061820,way,natural,water,,,,,,OSM,,,33.5226533,73.0269028,Islamabad,Islamabad Capital Territory,Pakistan,,,,,
6d5116dd-7e1f-5225-9c44-1e155ceeb18f,229671447,way,leisure,park,,,,,,OSM,,,33.5447279,73.0678112,Islamabad,Islamabad Capital Territory,Pakistan,,,,,
673d1b79-97e9-5ebc-a555-9c4536f462d2,230105680,way,leisure,park,,,,,,OSM,,,33.538035,73.0700138,Islamabad,Islamabad Capital Territory,Pakistan,,,,,
4b45460b-eaa7-5259-81e9-231401300a55,230105679,way,leisure,park,,,,,,OSM,,,33.5405209,73.0672048,Islamabad,Islamabad Capital Territory,Pakistan,,,,,
a54b977b-57fe-5624-bc4c-5e81a3045f00,717844934,way,amenity,bank,Bank Al Habib,بينک الحبيب,,,,OSM,,,33.5390204,73.0679153,Islamabad,Islamabad Capital Territory,Pakistan,,,Bank Al Habib,,
c00346e6-050a-5538-a6f6-d81b2942db65,1198320788,way,landuse,cemetery,Dhok Nawaz Qabristan,,,,,OSM,,,33.5405407,73.0699584,Islamabad,Islamabad Capital Territory,Pakistan,,,,,
b7dcb929-ae27-5a54-a797-220316b0b893,231218036,way,leisure,park,ARL Park,,,,,OSM,,,33.546465,73.0767854,Islamabad,Islamabad Capital Territory,Pakistan,,,,,
834a3856-fd6c-5a6c-a6db-4cb8cb3d4ec8,1198320786,way,landuse,cemetery,Ali Town Qabristan,,,,,OSM,,,33.5465013,73.0522173,Islamabad,Islamabad Capital Territory,Pakistan,,,,,
be5379bf-4301-53a1-8198-9bddc91c5b42,1198320787,way,landuse,cemetery,Ali Town Qabristan,,,,,OSM,,,33.5460819,73.052566,Islamabad,Islamabad Capital Territory,Pakistan,,,,,
d7147efd-be6b-55b0-877d-c8a81424c25a,687947027,way,amenity,marketplace,Sunday Bazar,,,,,OSM,,,33.5544863,73.0554005,Islamabad,Islamabad Capital Territory,Pakistan,,,,,
235a9f52-4fbe-5299-a726-f77b85fac2bc,687969409,way,landuse,cemetery,Ali Town Graveyard,,,,,OSM,,,33.5516361,73.0540978,Islamabad,Islamabad Capital Territory,Pakistan,,,,,
6edb2bd0-361e-5870-9080-88fc4c389429,687983764,way,healthcare,pharmacy,Shaheen Chemist,,,,,OSM,,,33.5541145,73.0585545,Islamabad,Islamabad Capital Territory,Pakistan,,,Chemist Warehouse,,
bf34fc66-879a-5ea5-b324-22b347907caf,687983842,way,healthcare,pharmacy,Aziz Medical Store,,,,,OSM,,,33.5544366,73.0583879,Islamabad,Islamabad Capital Territory,Pakistan,,,Chemist Warehouse,,
6392e23b-6fc0-551f-871c-32b838b17e4a,688004677,way,amenity,bank,میزان بینک,میزان بینک,,,,OSM,,,33.5534852,73.0575049,Islamabad,Islamabad Capital Territory,Pakistan,,,میزان بینک,,
f85d1b60-56ef-5231-ac46-55db43caf01e,231209104,way,leisure,park,,,,,,OSM,,,33.5667745,73.0571402,Islamabad,Islamabad Capital Territory,Pakistan,,,,,
5e614ff3-3e03-54bf-b7ee-117f05870a6c,237318351,way,leisure,park,,,,,,OSM,,,33.5478518,73.0699317,Islamabad,Islamabad Capital Territory,Pakistan,,,,,
be6f0ace-ab12-5c7b-b22d-56a007023310,231218035,way,natural,water,,,,,,OSM,,,33.5471673,73.0770129,Islamabad,Islamabad Capital Territory,Pakistan,,,,,
fcf068af-64b2-5329-8770-4211863bdc95,231045741,way,amenity,bank,ایچ بی ایل پاکستان,ایچ بی ایل پاکستان,,,,OSM,,,33.5551306,73.07839,Islamabad,Islamabad Capital Territory,Pakistan,,,ایچ بی ایل پاکستان,,
7e1f0084-b64e-5248-8673-6cf973aadd90,231052072,way,amenity,marketplace,,,,,,OSM,,,33.5544322,73.0781011,Islamabad,Islamabad Capital Territory,Pakistan,,,,,
1888f15d-62be-5cb8-b87f-fceaf8333116,236955892,way,leisure,park,,,,,,OSM,,,33.5562373,73.0795986,Islamabad,Islamabad Capital Territory,Pakistan,,,,,
e5103495-b890-5a81-96ac-91b642b674fc,237060347,way,leisure,park,,,,,,OSM,,,33.5540931,73.0810558,Islamabad,Islamabad Capital Territory,Pakistan,,,,,
c31345c4-2f7d-5287-8f9c-6e22cd500b70,237060348,way,leisure,park,,,,,,OSM,,,33.5545131,73.0814529,Islamabad,Islamabad Capital Territory,Pakistan,,,,,
f9ceba5c-0d72-50c5-9b8e-0cf9cc03130c,236961674,way,leisure,park,,,,,,OSM,,,33.5610315,73.0646674,Islamabad,Islamabad Capital Territory,Pakistan,,,,,
b4c549a2-f3cb-559b-b697-84f8cad26956,237268167,way,leisure,park,Askari 7 Park,,,,,OSM,,,33.5612837,73.062929,Islamabad,Islamabad Capital Territory,Pakistan,,,,,
f454aed0-9769-5abd-8cde-68a4955699b2,238268629,way,leisure,park,,,,,,OSM,,,33.5594222,73.0622681,Islamabad,Islamabad Capital Territory,Pakistan,,,,,
49ce36b1-50cb-5a7f-9b16-e8d69846be71,238268630,way,leisure,park,,,,,,OSM,,,33.5600974,73.0608237,Islamabad,Islamabad Capital Territory,Pakistan,,,,,
ea6b04d3-8e45-582c-b5ff-59b9a0cae47c,229662371,way,leisure,park,,,,,,OSM,,,33.5653577,73.0626236,Islamabad,Islamabad Capital Territory,Pakistan,,,,,
2b218e04-f5cd-57ce-a2d0-d062764427cb,230359280,way,natural,water,,,,,,OSM,,,33.5668903,73.0648058,Islamabad,Islamabad Capital Territory,Pakistan,,,,,
69f1a95b-7690-5e15-a763-a768f6c667d7,230359281,way,natural,water,,,,,,OSM,,,33.5659104,73.0640346,Islamabad,Islamabad Capital Territory,Pakistan,,,,,
5d291f92-cc65-59a1-a032-7804ef9c508a,236955890,way,leisure,park,,,,,,OSM,,,33.5594922,73.0800307,Islamabad,Islamabad Capital Territory,Pakistan,,,,,
3ac8f3e7-e268-5fc8-8962-5810c9931f24,236955891,way,leisure,park,,,,,,OSM,,,33.5599172,73.0802243,Islamabad,Islamabad Capital Territory,Pakistan,,,,,
d9f4b387-4a4e-5c81-9bfa-848c3287f41e,23013384,way,natural,water,,,,,,OSM,,,33.5673387,73.082932,Islamabad,Islamabad Capital Territory,Pakistan,,,,,
2f1a3ab1-a9f5-59dd-b34a-3e9b9ed2253e,232400750,way,natural,water,,,,,,OSM,,,33.5650393,73.0842421,Islamabad,Islamabad Capital Territory,Pakistan,,,,,
97c71ee4-06e7-5661-ab4c-992b3141d88e,441422126,way,leisure,park,,,,,,OSM,,,33.5022593,73.0984348,Islamabad,Islamabad Capital Territory,Pakistan,,,,,
76db2a8d-d2b2-526d-b836-a64fe38a2d5b,1429026265,way,leisure,park,,,,,,OSM,,,33.4999575,73.100307,Islamabad,Islamabad Capital Territory,Pakistan,,,,,
bbf45dc8-d38b-5a89-bc25-4d2b7e0467e7,1429203322,way,leisure,park,,,,,,OSM,,,33.5135999,73.0908538,Islamabad,Islamabad Capital Territory,Pakistan,,,,,
9a8b845e-3a77-5119-80f1-f8a8ca1aba20,564270340,way,natural,water,,,,,,OSM,,,33.5236738,73.0968704,Islamabad,Islamabad Capital Territory,Pakistan,,,,,
1ec7d5f0-4511-5152-a105-5acba3dae6a7,1429206147,way,leisure,park,,,,,,OSM,,,33.5267174,73.0916791,Islamabad,Islamabad Capital Territory,Pakistan,,,,,
8b75c95f-6df5-54f6-8469-3d3b6eeea126,563547970,way,leisure,park,,,,,,OSM,,,33.5282332,73.0951378,Islamabad,Islamabad Capital Territory,Pakistan,,,,,
89b3eb65-5bf0-5f8a-820c-848055084bf3,563547939,way,natural,water,,,,,,OSM,,,33.5334579,73.0979607,Islamabad,Islamabad Capital Territory,Pakistan,,,,,
7f266d47-c56f-5d11-8cd4-5704b4ea476d,161935754,way,leisure,park,ڈیفنس پارک,ڈیفنس پارک,,,,OSM,,,33.5385286,73.0994491,Islamabad,Islamabad Capital Territory,Pakistan,,,,,
1c6eae55-0e66-575b-9656-9a7b53899090,563547936,way,leisure,park,Eye View Park,,,,,OSM,,,33.5334561,73.0979313,Islamabad,Islamabad Capital Territory,Pakistan,,,,,
8f1244d6-0b1b-591e-bd28-6f80d9b708fa,469342677,way,leisure,park,Family Park,,,,,OSM,,,33.5395388,73.095452,Islamabad,Islamabad Capital Territory,Pakistan,,,,,
617d34fc-e8fb-5eab-9709-1fc56dc76f0b,469345889,way,leisure,park,باغ,باغ,,,,OSM,,,33.5422065,73.0957413,Islamabad,Islamabad Capital Territory,Pakistan,,,,,
454d2e40-c383-5d81-9802-47f32c4b8119,469346320,way,leisure,park,باغ,باغ,,,,OSM,,,33.5420243,73.0960443,Islamabad,Islamabad Capital Territory,Pakistan,,,,,
dde2af2c-311a-5e7c-bcbf-7aa2e145b49a,161935863,way,natural,water,,,,,,OSM,,,33.5381364,73.0994096,Islamabad,Islamabad Capital Territory,Pakistan,,,,,
64a214ab-cfd1-56ec-af28-dd70740b48fd,235080126,way,leisure,park,,,,,,OSM,,,33.5508649,73.0950649,Islamabad,Islamabad Capital Territory,Pakistan,,,,,
e757e923-b65c-5a8f-8a50-53de92d457e9,235080127,way,leisure,park,,,,,,OSM,,,33.5505487,73.0950555,Islamabad,Islamabad Capital Territory,Pakistan,,,,,
dfcc3ad4-ced9-5e98-aa53-cc7bbf950939,998136388,way,healthcare,hospital,Fauji Foundation Hospital,,,,,OSM,,,33.5523248,73.0954809,Islamabad,Islamabad Capital Territory,Pakistan,,,,,
6ad77f17-7eba-575e-b17e-8656f524a5c6,235080125,way,leisure,park,,,,,,OSM,,,33.5514707,73.0950166,Islamabad,Islamabad Capital Territory,Pakistan,,,,,
23a6347b-6d27-52e5-a211-769d1376dab8,235080128,way,leisure,park,,,,,,OSM,,,33.5523403,73.0949523,Islamabad,Islamabad Capital Territory,Pakistan,,,,,
e3af3218-f1c2-5543-9732-03192df6a495,235080132,way,leisure,park,,,,,,OSM,,,33.5526677,73.094723,Islamabad,Islamabad Capital Territory,Pakistan,,,,,
506ad168-6f12-58f3-9c70-832c7de20eee,235080134,way,leisure,park,,,,,,OSM,,,33.5541743,73.0951668,Islamabad,Islamabad Capital Territory,Pakistan,,,,,
0816740a-b211-5fff-8185-313a97698ea7,235080135,way,leisure,park,,,,,,OSM,,,33.5554998,73.0947175,Islamabad,Islamabad Capital Territory,Pakistan,,,,,
6b76ce33-fce5-5440-876a-167246db5bb0,235080136,way,leisure,park,,,,,,OSM,,,33.5560542,73.093996,Islamabad,Islamabad Capital Territory,Pakistan,,,,,
7bc60316-8250-5b41-b7d9-aedc4ec9ff2b,995895934,way,healthcare,hospital,Al-Shifa Eye Hospital,,,,,OSM,,,33.5600107,73.0919349,Islamabad,Islamabad Capital Territory,Pakistan,,,,,
65107760-fd24-57c4-8070-e84c5beba209,3120409,relation,leisure,park,ایوب پارک,ایوب پارک,,,,OSM,,,33.5682708,73.0826644,Islamabad,Islamabad Capital Territory,Pakistan,,,,,
377d9cc9-fda4-5dad-a74b-f72343fa9fe8,3089008,relation,leisure,park,502 Park,,,,,OSM,,,33.5669377,73.0650243,Islamabad,Islamabad Capital Territory,Pakistan,,,,,
5326f145-4762-5878-bc7e-f2cce918d5a6,2385542375,node,amenity,atm,بینک الفلاح,بینک الفلاح,,,,OSM,,,33.5674402,73.0538958,Islamabad,Islamabad Capital Territory,Pakistan,,,بینک الفلاح,,
22c4003f-81b6-5b94-9f90-b73aa9fab43f,2419432277,node,railway,station,,,,,,OSM,,,33.5673313,73.0659651,Islamabad,Islamabad Capital Territory,Pakistan,,,,,
40e5a3e6-cc80-5013-8177-862db83bf9eb,2399403052,node,amenity,bank,نیشنل بینک آف پاکستان,نیشنل بینک آف پاکستان,,,,OSM,,,33.5695006,73.0667911,Islamabad,Islamabad Capital Territory,Pakistan,,,نیشنل بینک آف پاکستان,نیشنل بینک آف پاکستان,
c306f90d-c55d-5fd9-86ec-b65c15be1f43,12670704232,node,tourism,museum,,,,,,OSM,,,33.5686093,73.0805734,Islamabad,Islamabad Capital Territory,Pakistan,,,,,Q132527004
d86fbcba-6669-570a-bdb5-cdca28ef0570,7805631181,node,place,neighbourhood,Dhoke Jalaluddin,,,,,OSM,,,33.5767894,73.0160632,Islamabad,Islamabad Capital Territory,Pakistan,,,,,
b4db65ee-fcd2-50de-b021-6a2a200c44eb,7805631180,node,place,neighbourhood,Dhoke Paharian,,,,,OSM,,,33.5771103,73.0225493,Islamabad,Islamabad Capital Territory,Pakistan,,,,,
a7ebf184-93d1-5939-adc9-db5fdadf19ca,5872811885,node,amenity,bank,الائیڈ بینک لمیٹڈ,الائیڈ بینک لمیٹڈ,,,,OSM,,,33.5782953,73.0260049,Islamabad,Islamabad Capital Territory,Pakistan,,,الائیڈ بینک لمیٹڈ,,
fd124066-cf75-5513-ae18-9ff962da6abd,7805631179,node,place,neighbourhood,Dhoke Kasbian,,,,,OSM,,,33.5788816,73.0252751,Islamabad,Islamabad Capital Territory,Pakistan,,,,,
a5e81b71-6060-5723-844d-da88cce29bd7,6407768069,node,amenity,bank,The Bank of Punjab,,,,,OSM,Bank of Punjab,,33.582297,73.0305091,Islamabad,Islamabad Capital Territory,Pakistan,,,,The Bank of Punjab,Q4856175
5da80f44-62b4-55d7-bda3-4efbe8a7286f,6412815307,node,amenity,bank,عسکری بینک,عسکری بینک,,,,OSM,,,33.5823216,73.0306046,Islamabad,Islamabad Capital Territory,Pakistan,,,عسکری بینک,,
6d7c6303-a67b-53ab-8f8e-92b2a735ab89,6415182701,node,amenity,bank,بينک الحبيب,بينک الحبيب,,,,OSM,,,33.5825011,73.0305227,Islamabad,Islamabad Capital Territory,Pakistan,,,بينک الحبيب,Bank Al Habib Limited,
9ce8e99c-7338-53a8-9247-3b3be9082b20,7805631178,node,place,neighbourhood,Dhoke Mistrian,,,,,OSM,,,33.5819382,73.0289845,Islamabad,Islamabad Capital Territory,Pakistan,,,,,
5a4ab525-bb69-533f-83a3-30dfa616faed,13321427223,node,education,school,Shining Star Public School,,,,,OSM,,,33.588002,73.013995,Islamabad,Islamabad Capital Territory,Pakistan,,,,Private,
d115b750-ee82-5aba-a051-38ac07ad5ca9,7805631184,node,place,neighbourhood,اسلام آباد,اسلام آباد,,,,OSM,,,33.5867772,73.0330927,Islamabad,Islamabad Capital Territory,Pakistan,,,,,
c1b1b2c6-2426-56e8-9110-ca8e1d2b8536,7805632390,node,place,neighbourhood,Broadfoot Lines,,,,,OSM,,,33.5934798,73.0328638,Islamabad,Islamabad Capital Territory,Pakistan,,,,,
1532826d-d54d-53ee-bd91-9e27c83fe91b,7805632400,node,place,neighbourhood,Dhoke Chaudhry Ashraf,,,,,OSM,,,33.5936788,73.0288118,Islamabad,Islamabad Capital Territory,Pakistan,,,,,
b02ccc41-8ee5-5a3d-b292-aee3249de747,2441070151,node,amenity,bank,Allied,,,,,OSM,,,33.6106999,73.0064981,Islamabad,Islamabad Capital Territory,Pakistan,,,,,
1c50eb20-18b6-5ed1-967b-40c4986dd1da,2441089312,node,place,neighbourhood,Allah Abad,,,,,OSM,,,33.6159726,73.0026081,Islamabad,Islamabad Capital Territory,Pakistan,,,,,
5d22a361-10dd-5ac5-a53c-5b5607a90295,4718284289,node,amenity,bank,habib bank chour harpal branch,,,,,OSM,,,33.6108401,73.0058828,Islamabad,Islamabad Capital Territory,Pakistan,,,,,
7818be8d-d065-5cae-9241-d654fa4b0455,5101187121,node,amenity,bank,ایچ بی ایل پاکستان,ایچ بی ایل پاکستان,,,,OSM,,,33.5997567,73.0139136,Islamabad,Islamabad Capital Territory,Pakistan,,,ایچ بی ایل پاکستان,,
24223b5c-6573-5eac-bec4-e851832cd41a,5390532135,node,amenity,marketplace,قباء مارکیٹ,قباء مارکیٹ,,,,OSM,,,33.6013182,73.0180355,Islamabad,Islamabad Capital Territory,Pakistan,,,,,
dd097592-fd38-5921-b2c4-d8580065c35b,2440952333,node,amenity,bank,Al-Falah,,,,,OSM,,,33.6080246,73.011879,Islamabad,Islamabad Capital Territory,Pakistan,,,,,
a666eba1-c5f5-5b93-8587-da85c2426f43,2441070150,node,amenity,bank,National Savings,,,,,OSM,,,33.609902,73.008705,Islamabad,Islamabad Capital Territory,Pakistan,,,,,
5fc4e9b4-1956-51ee-aec9-28e08186dd21,2447975989,node,amenity,bank,Bank Al-Habib,,,,,OSM,,,33.6089061,73.0093827,Islamabad,Islamabad Capital Territory,Pakistan,,,,,
396d547c-e9eb-5d78-b791-34f05ea950e1,2447975990,node,amenity,bank,یونائیٹڈ بینک لمیٹڈ,یونائیٹڈ بینک لمیٹڈ,,,,OSM,,,33.6090091,73.0090585,Islamabad,Islamabad Capital Territory,Pakistan,,,یونائیٹڈ بینک لمیٹڈ,,
ab920c27-65c5-560a-9036-b5c8a73f49f9,2440952334,node,amenity,bank,ایم سی بی بینک,ایم سی بی بینک,,,,OSM,,,33.6065188,73.0169491,Islamabad,Islamabad Capital Territory,Pakistan,,,ایم سی بی بینک,,
a2486d70-b2a3-5bd2-8598-2f2f216a53c1,2441070129,node,amenity,bank,,,,,,OSM,,,33.6061806,73.0179972,Islamabad,Islamabad Capital Territory,Pakistan,,,,,
2a4fcd2f-04bf-5188-bab2-03ced039b944,2443925420,node,amenity,bank,Faysal,,,,,OSM,,,33.6066406,73.0165034,Islamabad,Islamabad Capital Territory,Pakistan,,,,,
f1e9bd8f-d335-5a2e-91f4-ecfca3d85a53,2462402314,node,amenity,bank,ایچ بی ایل پاکستان,ایچ بی ایل پاکستان,,,,OSM,,,33.6072097,73.0145753,Islamabad,Islamabad Capital Territory,Pakistan,,,ایچ بی ایل پاکستان,,
6bcc7f4c-2ec7-58c3-8923-03be396e7518,4673926991,node,amenity,bank,Bank islami,,,,,OSM,,,33.6073689,73.0142197,Islamabad,Islamabad Capital Territory,Pakistan,,,,,
f473a14c-7b81-5ec4-94e1-f3e9cb913862,2392428904,node,amenity,marketplace,Askari Market,,,,,OSM,,,33.5979702,73.0246729,Islamabad,Islamabad Capital Territory,Pakistan,,,,,
f777af88-8f31-599c-9b69-8e4faa8c2274,7126033085,node,amenity,bank,ABL,,,,,OSM,,,33.5983955,73.0204053,Islamabad,Islamabad Capital Territory,Pakistan,,,,,
1ebce93f-f7e9-5972-b8fd-909d66791f1b,7126033185,node,amenity,bank,Al Fallah,,,,,OSM,,,33.5980583,73.0204158,Islamabad,Islamabad Capital Territory,Pakistan,,,,,
66ce7659-44ca-55cd-aaf4-7112bb27a039,2396099153,node,amenity,police,Rawalpindi Traffic Police,,,,,OSM,,,33.602208,73.0328937,Islamabad,Islamabad Capital Territory,Pakistan,,,,,
e671942b-f3d1-5f5c-b827-13d99c4d4992,3439324156,node,amenity,bank,Allied Bank Westridge III,,,,,OSM,,,33.6144692,73.0106076,Islamabad,Islamabad Capital Territory,Pakistan,,,,,
8cbde66b-5e11-54c1-90b3-376a19914d6f,5133583021,node,amenity,atm,,,,,,OSM,,,33.6197255,73.0180892,Islamabad,Islamabad Capital Territory,Pakistan,,,,westridge range,
3fcadbea-321a-511c-b739-dbb16c284385,7806080357,node,place,neighbourhood,یوسف کالونی,یوسف کالونی,,,,OSM,,,33.6221577,73.0194524,Islamabad,Islamabad Capital Territory,Pakistan,,,,,
cccf6026-5440-51b2-9408-618ca017558a,4720409791,node,healthcare,hospital,سینٹ جوزف ہاسپیس,سینٹ جوزف ہاسپیس,,,,OSM,,,33.6152537,73.0265796,Islamabad,Islamabad Capital Territory,Pakistan,,,,,
004a4c1f-7897-519e-aa1b-cc388f2a18b6,6394913808,node,amenity,bank,یونائیٹڈ بینک لمیٹڈ,یونائیٹڈ بینک لمیٹڈ,,,,OSM,,,33.5722285,73.0387716,Islamabad,Islamabad Capital Territory,Pakistan,,,یونائیٹڈ بینک لمیٹڈ,,
e234e423-49d4-5928-9552-e7083cddc40f,6394913809,node,amenity,bank,میزان بینک,میزان بینک,,,,OSM,,,33.5722799,73.0391417,Islamabad,Islamabad Capital Territory,Pakistan,,,میزان بینک,,
f570081a-9eff-53d5-b57f-b5314d3b0a85,6394917534,node,amenity,bank,الائیڈ بینک لمیٹڈ,الائیڈ بینک لمیٹڈ,,,,OSM,,,33.5721614,73.039249,Islamabad,Islamabad Capital Territory,Pakistan,,,الائیڈ بینک لمیٹڈ,,
acd56067-d048-5cf7-a51d-47ccf6729d79,6394917535,node,amenity,bank,عسکری بینک,عسکری بینک,,,,OSM,,,33.5720854,73.0393214,Islamabad,Islamabad Capital Territory,Pakistan,,,عسکری بینک,,
c6d0f401-a627-5e93-ad9a-45b1795df7fa,6394926477,node,amenity,bank,بینک الفلاح,بینک الفلاح,,,,OSM,,,33.5734442,73.0393482,Islamabad,Islamabad Capital Territory,Pakistan,,,بینک الفلاح,,
50be2e4d-4f2f-5157-b4a7-ad88a611f80b,6394926478,node,amenity,bank,فیصل بینک,فیصل بینک,,,,OSM,,,33.5728833,73.0382754,Islamabad,Islamabad Capital Territory,Pakistan,,,فیصل بینک,,
510a7c7f-2eec-5be9-bd37-ea5dabbb8b3d,6397285029,node,amenity,fire_station,Rescue 1122,,,,,OSM,,,33.5725579,73.0393054,Islamabad,Islamabad Capital Territory,Pakistan,,,,Punjab Government,
de3e112d-d7ca-571e-b66c-76d6baa9d23f,6401443532,node,amenity,bank,بینک الفلاح,بینک الفلاح,,,,OSM,,,33.5824156,73.0337911,Islamabad,Islamabad Capital Territory,Pakistan,,,بینک الفلاح,,
ba286c76-ced2-5eeb-80ab-30eabf99a984,6422011563,node,amenity,bank,نیشنل بینک آف پاکستان,نیشنل بینک آف پاکستان,,,,OSM,,,33.5838753,73.0337978,Islamabad,Islamabad Capital Territory,Pakistan,,,نیشنل بینک آف پاکستان,نیشنل بینک آف پاکستان,
0dbd418f-5130-5db9-96b3-81cd5355f593,7805631175,node,place,neighbourhood,Tanch Bhatta,,,,,OSM,,,33.5808894,73.0392088,Islamabad,Islamabad Capital Territory,Pakistan,,,,,
4943655e-e983-5c25-bba8-04e25e71791c,7805631176,node,place,neighbourhood,Adra,,,,,OSM,,,33.5838509,73.0398461,Islamabad,Islamabad Capital Territory,Pakistan,,,,,
0f4bb0aa-c7af-5bb4-941d-765736c0f153,7805631177,node,place,neighbourhood,Dhoke Nur Khan,,,,,OSM,,,33.5817399,73.033342,Islamabad,Islamabad Capital Territory,Pakistan,,,,,
b914f30d-b4ac-505d-8347-5afca8921138,6399589259,node,amenity,bank,ایم سی بی بینک,ایم سی بی بینک,,,,OSM,,,33.5814816,73.0406725,Islamabad,Islamabad Capital Territory,Pakistan,,,ایم سی بی بینک,,
dd47f6ab-e2d5-503c-a05f-5f1dbd2110d1,7805801622,node,place,neighbourhood,Dheri Hasanabad,,,,,OSM,,,33.5736814,73.0542396,Islamabad,Islamabad Capital Territory,Pakistan,,,,,
2cdc8b07-77f0-527c-af74-8247824ce733,255764767,node,healthcare,hospital,CMH,,,,,OSM,,,33.5816409,73.0492626,Islamabad,Islamabad Capital Territory,Pakistan,,,,,
69b6c23a-f00e-5df0-a6ad-08993e2f3691,2398264841,node,amenity,bank,ایم سی بی بینک,ایم سی بی بینک,,,,OSM,,,33.582688,73.0574127,Islamabad,Islamabad Capital Territory,Pakistan,,,ایم سی بی بینک,,
01e8eda3-fcc6-5cd6-a61f-ec0a490049c6,2456743412,node,amenity,police,Lal Kurti,,,,,OSM,,,33.5818818,73.0585559,Islamabad,Islamabad Capital Territory,Pakistan,,,,,
5f08b447-6b46-5ff6-bd12-9d9832a59887,2456743421,node,amenity,bank,یونائیٹڈ بینک لمیٹڈ,یونائیٹڈ بینک لمیٹڈ,,,,OSM,,,33.5823922,73.0591782,Islamabad,Islamabad Capital Territory,Pakistan,,,یونائیٹڈ بینک لمیٹڈ,,
3d875590-1d30-53d8-8545-a847089104a3,6338026790,node,amenity,police,ANF HQ,,,,,OSM,,,33.5904566,73.037817,Islamabad,Islamabad Capital Territory,Pakistan,,,,,
5d8dfd39-771c-544c-bf49-80ebdb6d1994,2387018725,node,amenity,police,R A Bazaar,,,,,OSM,,,33.5889997,73.0450876,Islamabad,Islamabad Capital Territory,Pakistan,,,,,
59ba4363-e6c7-50c9-8dc0-4c66c3940851,1420080318,node,amenity,bank,National Bank,,,,,OSM,,,33.5882696,73.0578497,Islamabad,Islamabad Capital Territory,Pakistan,,,,,
2082f9a7-1a5a-506b-84f6-74e6a9fd03f2,4594571078,node,amenity,bank,United Bank,,,,,OSM,,,33.5885509,73.0568557,Islamabad,Islamabad Capital Territory,Pakistan,,,,,
685a0647-eb81-5dcc-86b5-0b0b68b0d1fd,312951207,node,amenity,bank,ایچ بی ایل پاکستان,ایچ بی ایل پاکستان,,,,OSM,,,33.5938823,73.0511065,Islamabad,Islamabad Capital Territory,Pakistan,,,ایچ بی ایل پاکستان,,
f6008ef7-7c6b-508d-b3e9-fb5d0c90194d,1414238196,node,amenity,atm,,,,,,OSM,,,33.5945887,73.0525982,Islamabad,Islamabad Capital Territory,Pakistan,,,,Askari Bank,
5eceb898-0745-5386-babd-91e18a356c08,1414264849,node,amenity,marketplace,Pasban,,,,,OSM,,,33.5964118,73.0526298,Islamabad,Islamabad Capital Territory,Pakistan,,,,,
bf9c7c41-80ac-50bb-ab8f-10746f56afea,1414264862,node,amenity,marketplace,Shoe Stores,,,,,OSM,,,33.5958309,73.052147,Islamabad,Islamabad Capital Territory,Pakistan,,,,,
b4102481-d664-5757-bd3b-0f82d294314f,1414264903,node,amenity,bank,,,,,,OSM,,,33.59483,73.0522227,Islamabad,Islamabad Capital Territory,Pakistan,,,,,
a4a6e227-c002-536e-b280-f3a098bd14bd,1414264908,node,amenity,bank,نیشنل بینک آف پاکستان,نیشنل بینک آف پاکستان,,,,OSM,,,33.5967603,73.0503451,Islamabad,Islamabad Capital Territory,Pakistan,,,نیشنل بینک آف پاکستان,نیشنل بینک آف پاکستان,
990eb404-819e-53c8-8d8e-547ef880f2f4,1414264911,node,amenity,marketplace,Service Shoes,,,,,OSM,,,33.5968412,73.0525762,Islamabad,Islamabad Capital Territory,Pakistan,,,,,
ebfc98bb-86dd-5cb3-b6d5-d5df77d7a4a4,2450430340,node,amenity,bank,فیصل بینک,فیصل بینک,,,,OSM,,,33.5966872,73.0490731,Islamabad,Islamabad Capital Territory,Pakistan,,,فیصل بینک,,
69070ed3-d01c-540e-ab01-7bb521740713,2450430341,node,amenity,bank,ایم سی بی بینک,ایم سی بی بینک,,,,OSM,,,33.5963791,73.048671,Islamabad,Islamabad Capital Territory,Pakistan,,,ایم سی بی بینک,,
6c779ec1-e053-5741-a56a-e1e13ecf75c5,4101542790,node,amenity,bank,NIB Bank,,,,,OSM,,,33.5954911,73.0488297,Islamabad,Islamabad Capital Territory,Pakistan,,,,,
8e36e50f-9770-5b53-a6c4-28982b5a9402,4594473589,node,amenity,bank,HBL islamic banking,,,,,OSM,,,33.595695,73.0509785,Islamabad,Islamabad Capital Territory,Pakistan,,,,,
02565c25-f66c-5188-8206-e3c36b3dc8cc,4594516603,node,amenity,bank,united bank,,,,,OSM,,,33.5953723,73.0514185,Islamabad,Islamabad Capital Territory,Pakistan,,,,,
a91ad542-776a-51e4-ba8d-34f59fecaafb,4594571080,node,healthcare,clinic,Premium Diagnostic Centre,,,,,OSM,,,33.5935408,73.051399,Islamabad,Islamabad Capital Territory,Pakistan,,,,,
42dfb48a-a6e4-555d-a244-676a19b78bdf,6444088940,node,amenity,bank,عسکری بینک,عسکری بینک,,,,OSM,,,33.5966082,73.0474269,Islamabad,Islamabad Capital Territory,Pakistan,,,عسکری بینک,,
ab2137a2-8e41-5174-84ae-4049ba924d97,6444088941,node,amenity,bank,یونائیٹڈ بینک لمیٹڈ,یونائیٹڈ بینک لمیٹڈ,,,,OSM,,,33.5959279,73.0481612,Islamabad,Islamabad Capital Territory,Pakistan,,,یونائیٹڈ بینک لمیٹڈ,,
d6be37c1-5e36-5695-98e6-119ee2c3921d,6444088942,node,amenity,bank,بینک الفلاح,بینک الفلاح,,,,OSM,,,33.5953068,73.0493058,Islamabad,Islamabad Capital Territory,Pakistan,,,بینک الفلاح,,
299e5043-002d-58f7-b9e7-8c402597006b,1414238127,node,amenity,marketplace,Mobile Phone Plaza,,,,,OSM,,,33.5941508,73.0549473,Islamabad,Islamabad Capital Territory,Pakistan,,,,,
75db4657-8295-504d-a7c4-480eb5d5c6a0,1414238170,node,amenity,marketplace,Shoe Market,,,,,OSM,,,33.5947759,73.0535107,Islamabad,Islamabad Capital Territory,Pakistan,,,,,
80ff84a4-f81a-5a24-9ac8-ea386a2d33aa,1414264864,node,amenity,marketplace,Computer Market,,,,,OSM,,,33.5947143,73.0530375,Islamabad,Islamabad Capital Territory,Pakistan,,,,,
62f769ed-c7f1-526a-be1b-ef0e5426d416,1414264897,node,amenity,marketplace,Computer Market,,,,,OSM,,,33.5954466,73.0540246,Islamabad,Islamabad Capital Territory,Pakistan,,,,,
fd2dc839-766d-57b9-a6be-85b1f280f8f6,4623316299,node,amenity,bank,askari bank,,,,,OSM,,,33.594265,73.0543849,Islamabad,Islamabad Capital Territory,Pakistan,,,,,
f5cafba9-5422-518a-b262-57e72cdc7034,4629256590,node,amenity,bank,national bank,,,,,OSM,,,33.5952614,73.0533497,Islamabad,Islamabad Capital Territory,Pakistan,,,,,
cbd33899-c174-5264-87a0-0178119c6d42,6611009718,node,amenity,bank,اسٹینڈرڈ چارٹرڈ,اسٹینڈرڈ چارٹرڈ,,,,OSM,,,33.5943295,73.0530649,Islamabad,Islamabad Capital Territory,Pakistan,,,اسٹینڈرڈ چارٹرڈ,اسٹینڈرڈ چارٹرڈ,
2e82c244-1ffe-5275-8201-63c0699b9767,1946686751,node,amenity,bank,Askari Bank Ltd,,,,,OSM,,,33.5789695,73.0608789,Islamabad,Islamabad Capital Territory,Pakistan,,,,,
d680d600-a9e3-575e-8f58-431608cff02d,2640887814,node,amenity,bank,Habib Bank Ltd.,,,,,OSM,,,33.5899482,73.0773393,Islamabad,Islamabad Capital Territory,Pakistan,,,,,
fb5d929b-93ee-543c-8a56-71846a34d123,3093734005,node,amenity,bank,Askari Bank Ltd - ATM Only,,,,,OSM,,,33.5882841,73.0758579,Islamabad,Islamabad Capital Territory,Pakistan,,,,,
195f5e4a-4020-55a0-9c53-004df1ec100c,6424242683,node,amenity,bank,الائیڈ بینک لمیٹڈ,الائیڈ بینک لمیٹڈ,,,,OSM,,,33.5977357,73.0459037,Islamabad,Islamabad Capital Territory,Pakistan,,,الائیڈ بینک لمیٹڈ,,
5c5334c1-f8c2-59db-9249-23a0df21a5ae,6424242684,node,amenity,bank,ایم سی بی بینک,ایم سی بی بینک,,,,OSM,,,33.5979904,73.0454504,Islamabad,Islamabad Capital Territory,Pakistan,,,ایم سی بی بینک,,
ea9baadb-e5f3-5a82-a087-3050792ab059,7284590738,node,healthcare,hospital,Rahmat Noor Clinic,,,,,OSM,,,33.5983726,73.0462166,Islamabad,Islamabad Capital Territory,Pakistan,,,,Dr. Javaid Mehmood Malik,
02737932-38d0-580b-ad55-5921a17dcc82,6424242986,node,amenity,bank,ایم سی بی بینک,ایم سی بی بینک,,,,OSM,,,33.5980865,73.0471992,Islamabad,Islamabad Capital Territory,Pakistan,,,ایم سی بی بینک,,
5bebe2fa-d87e-5f0d-abd1-5d35c310f714,6429355912,node,amenity,bank,الائیڈ بینک لمیٹڈ,الائیڈ بینک لمیٹڈ,,,,OSM,,,33.5984638,73.0486717,Islamabad,Islamabad Capital Territory,Pakistan,,,الائیڈ بینک لمیٹڈ,,
1820bbfa-2471-513f-8e02-52b9f8032f9b,6441485585,node,amenity,bank,Bank Al-Habib,,,,,OSM,,,33.5982439,73.049293,Islamabad,Islamabad Capital Territory,Pakistan,,,,,
8614857b-4d6c-5ae5-b273-2b8f187da6bf,12056081581,node,healthcare,hospital,Mega Medical Complex,,,,,OSM,,,33.5972995,73.0468936,Islamabad,Islamabad Capital Territory,Pakistan,,,,,
e7c2d0e0-79a7-586e-a635-49a371abacdd,1336412278,node,amenity,atm,,,,,,OSM,,,33.6003531,73.0544083,Islamabad,Islamabad Capital Territory,Pakistan,,,,HBL,
9177979c-4d5e-5a5e-b66b-24adfb8bab60,1336412279,node,amenity,bank,Habib Bank (HBL),,,,,OSM,,,33.6003439,73.0543999,Islamabad,Islamabad Capital Territory,Pakistan,,,,,
33f821b1-f028-56b9-82d5-77072f42664a,2640808579,node,amenity,police,Gawalmandi Police Chowki,,,,,OSM,,,33.6035612,73.0575808,Islamabad,Islamabad Capital Territory,Pakistan,,,,,
9f295100-0eca-5278-b870-cc0adaed83b1,7284589116,node,amenity,bank,یونائیٹڈ بینک لمیٹڈ,یونائیٹڈ بینک لمیٹڈ,,,,OSM,,,33.5992612,73.0555117,Islamabad,Islamabad Capital Territory,Pakistan,,,یونائیٹڈ بینک لمیٹڈ,,
0d2cf834-27af-5aa6-b4cc-6ef990462dd3,2669085023,node,railway,station,راولپنڈی ریلوے اسٹیشن,راولپنڈی ریلوے اسٹیشن,,,,OSM,راولپنڈی ریلوے اسٹیشن,,33.6037053,73.0483132,Islamabad,Islamabad Capital Territory,Pakistan,,,,,Q7296934
aca70027-a288-5585-834d-b60cabed4480,7805778829,node,place,neighbourhood,Noshahi,,,,,OSM,,,33.6064584,73.0525606,Islamabad,Islamabad Capital Territory,Pakistan,,,,,
867b37fd-b368-5d29-8d96-31160b771ae6,2640848987,node,amenity,fire_station,Cantonment Board Fire Station,,,,,OSM,,,33.6038676,73.0579271,Islamabad,Islamabad Capital Territory,Pakistan,,,,,
e7c8b57a-ee30-5034-8d34-2fa975a028ae,914229793,node,amenity,police,locoshed police chowki,,,,,OSM,,,33.6158263,73.0340189,Islamabad,Islamabad Capital Territory,Pakistan,,,,,
530ce95a-c046-54f1-85d2-ba11bdfcc5db,5259747058,node,healthcare,hospital,Railway Hospital,,,,,OSM,,,33.6191432,73.0340847,Islamabad,Islamabad Capital Territory,Pakistan,,,,,
bbaf8e27-d45a-50c2-a1aa-0c63f1e2e373,7805778830,node,place,neighbourhood,Nanakpura,,,,,OSM,,,33.6113668,73.052613,Islamabad,Islamabad Capital Territory,Pakistan,,,,,
2020ec63-bb11-5e49-8e2a-5340d07e3368,1361318336,node,amenity,police,,,,,,OSM,,,33.6121465,73.0545853,Islamabad,Islamabad Capital Territory,Pakistan,,,,,
bcf7a2b5-75f8-5c03-8d87-acd70df917a7,2944484963,node,place,neighbourhood,Raja Bazaar,,,,,OSM,,,33.6123094,73.0563396,Islamabad,Islamabad Capital Territory,Pakistan,,,,,
cd2bb222-b780-5eb5-ba40-73dd0128d8ea,5163167625,node,amenity,bank,united bank,,,,,OSM,,,33.6131148,73.05555,Islamabad,Islamabad Capital Territory,Pakistan,,,,,
d21555d2-0056-5f05-a4b4-aaf718baf678,7787996120,node,place,neighbourhood,Naya Mohallah,,,,,OSM,,,33.6121997,73.059143,Islamabad,Islamabad Capital Territory,Pakistan,,,,,
bd474bec-5508-53cb-a7d9-58cdbd666052,7805778855,node,place,neighbourhood,Chan Chiragh,,,,,OSM,,,33.6176641,73.0590457,Islamabad,Islamabad Capital Territory,Pakistan,,,,,
e6e4e1fd-2727-5f83-a2c4-0224c5391b2e,7805778856,node,place,neighbourhood,Imambara,,,,,OSM,,,33.6221053,73.0580211,Islamabad,Islamabad Capital Territory,Pakistan,,,,,
ae518570-3959-505d-acae-b2a7d8c59775,7805778857,node,place,neighbourhood,Karimpura,,,,,OSM,,,33.6231204,73.0548537,Islamabad,Islamabad Capital Territory,Pakistan,,,,,
19667c46-1efb-5bc1-bfba-43a38ac3e5e6,2640862164,node,amenity,police,Police Chowki,,,,,OSM,,,33.5997889,73.0635355,Islamabad,Islamabad Capital Territory,Pakistan,,,,,
ff5e032d-e815-57ad-a330-b3e0982ab95a,4509852891,node,amenity,atm,,,,,,OSM,,,33.6005966,73.0638633,Islamabad,Islamabad Capital Territory,Pakistan,,,,Bank Al Habib,
133721c4-1858-5051-b03c-f6803476f6d5,4901633343,node,amenity,bank,Waseela Microfinance Bank,,,,,OSM,,,33.5995102,73.0619457,Islamabad,Islamabad Capital Territory,Pakistan,,,,,
81e459dd-0f3f-52d5-98e4-d7445e1eb3e6,4901472656,node,amenity,bank,الائیڈ بینک,الائیڈ بینک,,,,OSM,,,33.6058695,73.0660611,Islamabad,Islamabad Capital Territory,Pakistan,,,الائیڈ بینک,الائیڈ بینک لمیٹڈ,
02dc9b01-524a-5273-81b6-e4a44bcb72fb,7805754774,node,place,neighbourhood,Dhoke Kashmirian,,,,,OSM,,,33.6010692,73.0817984,Islamabad,Islamabad Capital Territory,Pakistan,,,,,
d9a06aec-3d95-57c9-846f-7a5a371c78d8,1365161273,node,amenity,bank,عسکری بینک,عسکری بینک,,,,OSM,,,33.6089632,73.0819505,Islamabad,Islamabad Capital Territory,Pakistan,,,عسکری بینک,,
a55b97b8-e7f6-5a03-a7fb-8e8bece738fd,1365161274,node,amenity,atm,,,,,,OSM,,,33.6096959,73.0823367,Islamabad,Islamabad Capital Territory,Pakistan,,,,HBL PAF CHAKLALA,
012488a2-abe1-5f05-bd42-c5e15eed7318,1365161279,node,amenity,bank,Habib Bank Limited ,,,,,OSM,,,33.6086237,73.0814569,Islamabad,Islamabad Capital Territory,Pakistan,,,,,
0f321a07-1e36-5463-ac0b-1a162eb85bf1,5115328724,node,amenity,atm,,,,,,OSM,,,33.6040586,73.0813468,Islamabad,Islamabad Capital Territory,Pakistan,,,,mohsin house,
6056a97f-d867-55a0-90a3-c447a688644d,5157052121,node,amenity,atm,,,,,,OSM,,,33.6037999,73.0816299,Islamabad,Islamabad Capital Territory,Pakistan,,,,mohsin house,
c174a0c9-358f-584a-a34d-a9efd4695bd9,7805754760,node,place,neighbourhood,Muslimabad (Dhoke Prabha Singh),,,,,OSM,,,33.6097603,73.0792601,Islamabad,Islamabad Capital Territory,Pakistan,,,,,
a8605f8f-94c1-5b0c-9f20-512e440a882d,4901469609,node,amenity,bank,Telenor Microfinance Bank (Formerly Tameer Bank),,,,,OSM,,,33.616173,73.0654567,Islamabad,Islamabad Capital Territory,Pakistan,,,,,
56ed4744-6e33-525a-9695-68e29eea059a,4901469618,node,amenity,bank,HBL Bank,ایچ بی ایل پاکستان,,,,OSM,,,33.6140123,73.0647497,Islamabad,Islamabad Capital Territory,Pakistan,,,HBL Bank,,
cea11da8-8e2a-55bd-9636-99fcb5c20a6b,7805754776,node,place,neighbourhood,Chhachhi,,,,,OSM,,,33.612642,73.0644986,Islamabad,Islamabad Capital Territory,Pakistan,,,,,
e070ad56-9f2d-583b-a38f-64159488a6c4,7805778839,node,place,neighbourhood,Bhabra,,,,,OSM,,,33.6159808,73.0615665,Islamabad,Islamabad Capital Territory,Pakistan,,,,,
62b159a4-d38a-5bfd-a4ff-904971ad3eaa,7805778840,node,place,neighbourhood,Mian Qutbuddin,,,,,OSM,,,33.614509,73.0628542,Islamabad,Islamabad Capital Territory,Pakistan,,,,,
ccfd6671-160d-5ee8-a210-0c1f3886c760,7805778841,node,place,neighbourhood,Teli,,,,,OSM,,,33.6163617,73.0640701,Islamabad,Islamabad Capital Territory,Pakistan,,,,,
eed96fd0-2dba-58a8-ada6-4f27efdd3b55,4202698692,node,amenity,bank,National Saving Bank ,,,,,OSM,,,33.6139129,73.0663277,Islamabad,Islamabad Capital Territory,Pakistan,,,,,
a24da144-5900-50ba-ba09-a1099344b960,4401153292,node,amenity,bank,الائیڈ بینک لمیٹڈ,الائیڈ بینک لمیٹڈ,,,,OSM,,,33.613059,73.0707959,Islamabad,Islamabad Capital Territory,Pakistan,,,الائیڈ بینک لمیٹڈ,,
2f3a196b-9869-533f-a62c-8792c6de0ed0,5728361821,node,amenity,bank,Bank of Punjab,,,,,OSM,,,33.6134044,73.0675615,Islamabad,Islamabad Capital Territory,Pakistan,,,,,
05d09ca1-0db0-53d8-a0b1-7fed15ff30dd,7787996123,node,place,neighbourhood,Dhok Elahi Bakhsh,,,,,OSM,,,33.6104516,73.0687646,Islamabad,Islamabad Capital Territory,Pakistan,,,,,
21dffb29-35f4-563d-9e85-e0d0b4e09f9f,7805754770,node,place,neighbourhood,Roshan Din,,,,,OSM,,,33.6159032,73.0712448,Islamabad,Islamabad Capital Territory,Pakistan,,,,,
0431f19e-a9cb-5897-a94e-867ce5ad8bad,7805778842,node,place,neighbourhood,Jhangi,,,,,OSM,,,33.6182215,73.0619298,Islamabad,Islamabad Capital Territory,Pakistan,,,,,
f1c02954-1987-57c9-a2f9-35f29710b215,7805778843,node,place,neighbourhood,Jhangi Jadid,,,,,OSM,,,33.6212174,73.0647819,Islamabad,Islamabad Capital Territory,Pakistan,,,,,
e92eb27f-704a-57d3-bc97-c469121adeda,7805778854,node,place,neighbourhood,سید پور,سید پور,,,,OSM,,,33.620433,73.0616872,Islamabad,Islamabad Capital Territory,Pakistan,,,,,
04558b4a-1594-55b6-bcda-49664d402859,7805754768,node,place,neighbourhood,Chaudhry Waris Khan,,,,,OSM,,,33.6196525,73.0672052,Islamabad,Islamabad Capital Territory,Pakistan,,,,,
1261ee75-1827-51d0-a1e4-a7aef5379a4d,7805754769,node,place,neighbourhood,Dhoke Mirza,,,,,OSM,,,33.6176529,73.0701532,Islamabad,Islamabad Capital Territory,Pakistan,,,,,
af0efcbb-2ddb-52d2-be63-0de12681b173,7805754771,node,place,neighbourhood,Choudhry Feroz,,,,,OSM,,,33.6161653,73.0734079,Islamabad,Islamabad Capital Territory,Pakistan,,,,,
95d65fe6-8a47-5255-b99a-6541a96797da,7805754773,node,place,neighbourhood,Dhoke Farman Ali,,,,,OSM,,,33.6104972,73.0762772,Islamabad,Islamabad Capital Territory,Pakistan,,,,,
f76a4653-1ec9-598c-af49-a4f81e186db4,4252536489,node,amenity,bank,National Bank,,,,,OSM,,,33.6103024,73.0833227,Islamabad,Islamabad Capital Territory,Pakistan,,,,,
feb13f2f-c39b-53e8-a3a5-4bcefe70a290,7805754761,node,place,neighbourhood,Dhoke Hukamdad,,,,,OSM,,,33.6185459,73.0770804,Islamabad,Islamabad Capital Territory,Pakistan,,,,,
2cbc2330-3bad-5773-8f7a-d5815559160f,7805754772,node,place,neighbourhood,Islamabad,,,,,OSM,,,33.6171036,73.0736533,Islamabad,Islamabad Capital Territory,Pakistan,,,,,
c80100fe-1349-523d-aa97-153132b886ac,2160198093,node,railway,station,نور ریلوے اسٹیشن,نور ریلوے اسٹیشن,,,,OSM,نور ریلوے اسٹیشن,,33.6288427,73.0134299,Islamabad,Islamabad Capital Territory,Pakistan,,,,,Q18516192
5ce5047d-5052-5590-bd53-015e21b14a74,2308457813,node,place,neighbourhood,Dhoke Hasu Chowk,,,,,OSM,,,33.625203,73.028124,Islamabad,Islamabad Capital Territory,Pakistan,,,,,
e87005c6-96e3-5802-8729-ed45bdaae655,4603322695,node,amenity,bank,mcb,,,,,OSM,,,33.6251298,73.0282454,Islamabad,Islamabad Capital Territory,Pakistan,,,,,
5274f1b8-5023-5e7f-a137-e6deb66ef8df,7805778859,node,place,neighbourhood,Sharifpura,,,,,OSM,,,33.6249523,73.0523267,Islamabad,Islamabad Capital Territory,Pakistan,,,,,
9b2091d0-2578-5d3d-9a31-56aadc2c6669,7805778860,node,place,neighbourhood,Dhoka Dalalan,,,,,OSM,,,33.6252167,73.0507205,Islamabad,Islamabad Capital Territory,Pakistan,,,,,
604005df-bd95-5c24-a8db-a1e18375224c,5615898208,node,place,neighbourhood,عید گاہ,عید گاہ,,,,OSM,,,33.6265999,73.0553613,Islamabad,Islamabad Capital Territory,Pakistan,,,,,
40af85c5-332a-5cd6-ae8c-d3c965bff332,7788125617,node,place,neighbourhood,اقبال کالونی,اقبال کالونی,,,,OSM,,,33.6250439,73.0583279,Islamabad,Islamabad Capital Territory,Pakistan,,,,,
5cc72de2-5aaa-584e-b1cb-bb621b7200e6,7805778858,node,place,neighbourhood,Krishanpura,,,,,OSM,,,33.6244689,73.0565383,Islamabad,Islamabad Capital Territory,Pakistan,,,,,
26aef681-979e-58a1-9c33-6b167bdf9589,4942253032,node,amenity,police,Banni Police station,,,,,OSM,,,33.6240034,73.061981,Islamabad,Islamabad Capital Territory,Pakistan,,,,,
bc94c50e-b230-56db-942c-6858a8e12d3f,7783435011,node,amenity,police,Banni Police Station,,,,,OSM,,,33.6243672,73.0619463,Islamabad,Islamabad Capital Territory,Pakistan,,,,,
23644da1-1352-5b30-9286-89751e36ab31,7805778844,node,place,neighbourhood,فیروز پور,فیروز پور,,,,OSM,,,33.6236209,73.0659271,Islamabad,Islamabad Capital Territory,Pakistan,,,,,
010bd99c-5b3d-5edf-8c86-28096b8c6457,7805778851,node,place,neighbourhood,Tajuddin,,,,,OSM,,,33.6274604,73.0633324,Islamabad,Islamabad Capital Territory,Pakistan,,,,,
c42e5649-e502-53ac-a954-400a8be3248c,7805778852,node,place,neighbourhood,Sardar Buta Singh,,,,,OSM,,,33.6272686,73.0607578,Islamabad,Islamabad Capital Territory,Pakistan,,,,,
2f029044-f1a5-591f-8a73-8ef886f0d72f,7805778853,node,place,neighbourhood,Banni,,,,,OSM,,,33.6240719,73.06018,Islamabad,Islamabad Capital Territory,Pakistan,,,,,
2e741610-c315-55b7-94c3-b588772815d6,4901403889,node,amenity,bank,الائیڈ بینک,الائیڈ بینک,,,,OSM,,,33.6253702,73.0689325,Islamabad,Islamabad Capital Territory,Pakistan,,,الائیڈ بینک,الائیڈ بینک لمیٹڈ,
3ae6cbd9-dff2-54e6-96bd-7dcaabeb974c,4901403896,node,amenity,marketplace,Gul Noor Market,,,,,OSM,,,33.6249552,73.0686655,Islamabad,Islamabad Capital Territory,Pakistan,,,,,
78a0e70f-1f0e-5995-be84-4e0f4bf2732c,4901403900,node,amenity,bank,ایم سی بی بینک,ایم سی بی بینک,,,,OSM,,,33.6234522,73.0673649,Islamabad,Islamabad Capital Territory,Pakistan,,,ایم سی بی بینک,ایم سی بی بینک لمیٹڈ,
45e881ad-b3b1-5d3d-b3dc-944fae5c74a7,7805754766,node,place,neighbourhood,Ahmadpura,,,,,OSM,,,33.627059,73.0691113,Islamabad,Islamabad Capital Territory,Pakistan,,,,,
52cd385d-b9f9-56fe-82b3-9d691bf8c9d2,7805754767,node,place,neighbourhood,Mitarpura,,,,,OSM,,,33.6246704,73.0702836,Islamabad,Islamabad Capital Territory,Pakistan,,,,,
b47e94a7-d630-57b3-a067-59fbfc6be1d3,4942271326,node,amenity,bank,Bank of Punjab,,,,,OSM,,,33.6308542,73.0618653,Islamabad,Islamabad Capital Territory,Pakistan,,,,,
29150755-af40-5683-b948-2a50aeaf169b,1672924410,node,healthcare,pharmacy,ڈی واٹسن کیمسٹ,ڈی واٹسن کیمسٹ,,,,OSM,,,33.6321494,73.0716944,Islamabad,Islamabad Capital Territory,Pakistan,,,,,
e2987560-e874-5263-883e-9607a95b3319,4901403876,node,amenity,bank,First Women Bank Ltd. (FWBL) - Murree Road Branch,,,,,OSM,First Women Bank,,33.6313364,73.0721779,Islamabad,Islamabad Capital Territory,Pakistan,,,,First Women Bank Ltd.,Q5454088
4b9b65a6-015c-5494-8d5a-1877d9a2a50e,4901403877,node,amenity,bank,Burj Bank Chandni Chowk,,,,,OSM,,,33.6312539,73.072108,Islamabad,Islamabad Capital Territory,Pakistan,,,,,
020f5837-62b9-5de5-b1e8-7f2d6c44698f,4901403879,node,amenity,bank,ایم سی بی بینک,ایم سی بی بینک,,,,OSM,,,33.6298186,73.0711995,Islamabad,Islamabad Capital Territory,Pakistan,,,ایم سی بی بینک,,
3ba40b4d-704c-50e4-9dd7-d8e4d15df287,4942271324,node,amenity,bank,بینک آف پنجاب,بینک آف پنجاب,,,,OSM,,,33.6322271,73.0708172,Islamabad,Islamabad Capital Territory,Pakistan,,,بینک آف پنجاب,بینک آف پنجاب,
7f613f55-04a8-5ffb-9360-fc8e28c132c1,4901301442,node,amenity,bank,Meezan Bank Ltd,,,,,OSM,,,33.6324787,73.0734468,Islamabad,Islamabad Capital Territory,Pakistan,,,,,
3503d28c-1499-507a-b5aa-5fb03950f8e5,4901403859,node,amenity,bank,یونائیٹڈ بینک لمیٹڈ,یونائیٹڈ بینک لمیٹڈ,,,,OSM,,,33.6320429,73.0726757,Islamabad,Islamabad Capital Territory,Pakistan,,,یونائیٹڈ بینک لمیٹڈ,,
1e041dfa-7737-5a08-baab-4fb7959f8cb0,4901403873,node,amenity,bank,اسٹینڈرڈ چارٹرڈ,اسٹینڈرڈ چارٹرڈ,,,,OSM,,,33.6311109,73.0733427,Islamabad,Islamabad Capital Territory,Pakistan,,,اسٹینڈرڈ چارٹرڈ,اسٹینڈرڈ چارٹرڈ,
251368f7-c74e-5f42-90c8-2371f087fd61,4975593623,node,amenity,fire_station,"Central Rescue Station, Rawalpindi",,,,,OSM,,,33.6301012,73.0729283,Islamabad,Islamabad Capital Territory,Pakistan,,,,,
4d897baa-de77-5ca4-a9e9-964af1052714,7805754763,node,place,neighbourhood,Rasul Nagar,,,,,OSM,,,33.6298542,73.0805442,Islamabad,Islamabad Capital Territory,Pakistan,,,,,
e4d5e173-3935-5e9c-b805-d9ea0ecaa83f,2640796926,node,healthcare,pharmacy,,,,,,OSM,,,33.5816327,73.097988,Islamabad,Islamabad Capital Territory,Pakistan,,,,,
011991f0-e26b-5d90-b0fa-52d1726b8255,1412407858,node,amenity,bank,National Saving Center,,,,,OSM,,,33.5861387,73.0888232,Islamabad,Islamabad Capital Territory,Pakistan,,,,,
481b173b-f61e-53b7-9a5d-f4ff0be5bf7e,1412407881,node,amenity,atm,,,,,,OSM,,,33.5864091,73.0883643,Islamabad,Islamabad Capital Territory,Pakistan,,,,,
e1c52f17-a191-541c-9607-a1f7e08dbcd3,1412407896,node,amenity,atm,,,,,,OSM,,,33.5860849,73.0889252,Islamabad,Islamabad Capital Territory,Pakistan,,,,,
0f58699c-9eff-5897-aaef-28873b33ad45,1414865410,node,amenity,bank,Askari Bank,عسکری بینک,,,,OSM,,,33.5855263,73.0898058,Islamabad,Islamabad Capital Territory,Pakistan,,,Askari Bank,,
997b44e0-552a-5e31-be08-a81ae680fdb7,1414865420,node,healthcare,pharmacy,Shaheen Pharmacy,,,,,OSM,,,33.5861966,73.0886793,Islamabad,Islamabad Capital Territory,Pakistan,,,,,
16eda33e-4f5b-5a09-a9d5-9c32551988b5,1423649620,node,amenity,bank,بینک الفلاح,بینک الفلاح,,,,OSM,,,33.5854669,73.0900194,Islamabad,Islamabad Capital Territory,Pakistan,,,بینک الفلاح,,
50a99ab6-a59b-5561-9dbe-dbc6f81f69bd,2640796927,node,amenity,bank,الائیڈ بینک لمیٹڈ,الائیڈ بینک لمیٹڈ,,,,OSM,,,33.585375,73.0899508,Islamabad,Islamabad Capital Territory,Pakistan,,,الائیڈ بینک لمیٹڈ,,
56e1cdb7-5447-5a4b-83c7-0432e09a4122,1412374742,node,healthcare,pharmacy,,,,,,OSM,,,33.584062,73.095949,Islamabad,Islamabad Capital Territory,Pakistan,,,,,
e6b025fd-1f16-57b7-bd67-6b7a986fa710,11308044265,node,leisure,park,almaan park,,,,,OSM,,,33.5910951,73.0898181,Islamabad,Islamabad Capital Territory,Pakistan,,,,almaan,
cdc54582-dad8-5624-88e7-e981c4243f55,248036851,node,railway,station,چک لالہ ریلوے اسٹیشن,چک لالہ ریلوے اسٹیشن,,,,OSM,چک لالہ ریلوے اسٹیشن,,33.6009169,73.0964464,Islamabad,Islamabad Capital Territory,Pakistan,,,,,Q18391450
ea9e868f-3db7-5e72-9714-89023a852b8f,4569797789,node,amenity,police,"No 103 ALC,  PAF",,,,,OSM,,,33.6020017,73.093008,Islamabad,Islamabad Capital Territory,Pakistan,,,,,
e33c5e8f-a4b7-5b09-a7bc-f93774e33448,7805632405,node,place,neighbourhood,میک گریگور لائنز,میک گریگور لائنز,,,,OSM,,,33.6057407,73.0899861,Islamabad,Islamabad Capital Territory,Pakistan,,,,,
3a69df97-d4ac-5cc5-9f3b-5b377b919043,1365149504,node,amenity,atm,,,,,,OSM,,,33.6111412,73.0907454,Islamabad,Islamabad Capital Territory,Pakistan,,,,Askari Bank,
9c336154-687c-529f-8065-d9ae7a4a3f36,1674221962,node,amenity,bank,Bank Alflah,,,,,OSM,,,33.6321463,73.0861175,Islamabad,Islamabad Capital Territory,Pakistan,,,,,
a45dae77-7d0d-5b93-841c-f35d0b4d2266,6886153962,node,amenity,bank,Bank of Punjab,,,,,OSM,,,33.6320213,73.086416,Islamabad,Islamabad Capital Territory,Pakistan,,,,,
b842c712-e094-5ecf-a84d-bef44b600450,6886198869,node,amenity,bank,Bank of Punjab,,,,,OSM,,,33.6320627,73.0864227,Islamabad,Islamabad Capital Territory,Pakistan,,,,,
469b7b5e-488b-5a2f-ba93-2ef979ea17bb,7805754762,node,place,neighbourhood,Dhoke Tahlian,,,,,OSM,,,33.6321909,73.0874202,Islamabad,Islamabad Capital Territory,Pakistan,,,,,
7f4c771d-8853-5da5-98f0-c0bfabfe8db1,781525923,way,landuse,cemetery,,,,,,OSM,,,33.5691251,73.0170256,Islamabad,Islamabad Capital Territory,Pakistan,,,,,
821a858d-d216-565c-9afa-1f1210916823,788653028,way,landuse,cemetery,,,,,,OSM,,,33.5688445,73.0243937,Islamabad,Islamabad Capital Territory,Pakistan,,,,,
20443718-717b-5927-a0c9-411a70cb0915,788653024,way,landuse,cemetery,,,,,,OSM,,,33.569702,73.0336237,Islamabad,Islamabad Capital Territory,Pakistan,,,,,
81e6084b-41f8-5c6f-a070-c811744113e7,788653026,way,landuse,cemetery,Bakra Mandi Qabristan,,,,,OSM,,,33.5701601,73.035939,Islamabad,Islamabad Capital Territory,Pakistan,,,,,
989bcb2a-489f-516f-8f23-a3a24a79f914,1198320785,way,landuse,cemetery,,,,,,OSM,,,33.5713467,73.0561703,Islamabad,Islamabad Capital Territory,Pakistan,,,,,
4ecd6418-5523-52be-b807-3350d1ebe07c,231209105,way,leisure,park,,,,,,OSM,,,33.5669107,73.056724,Islamabad,Islamabad Capital Territory,Pakistan,,,,,
d94b95e1-67bb-5916-adf6-435f4eaa6d98,1198320784,way,landuse,cemetery,New Abadi Qabristan,,,,,OSM,,,33.5701265,73.0569694,Islamabad,Islamabad Capital Territory,Pakistan,,,,,
4605c901-d1dc-50c6-9a3a-fb247c95e218,788663778,way,leisure,park,,,,,,OSM,,,33.5716738,73.0681563,Islamabad,Islamabad Capital Territory,Pakistan,,,,,
a5aa0253-0d01-5185-8eab-80159d851f20,231596628,way,leisure,park,,,,,,OSM,,,33.5690312,73.0668939,Islamabad,Islamabad Capital Territory,Pakistan,,,,,
fd9c2d95-ccb5-594a-a1a2-4f9dd1e8d07a,231596629,way,leisure,park,,,,,,OSM,,,33.5686889,73.0666697,Islamabad,Islamabad Capital Territory,Pakistan,,,,,
5832ee16-e79f-509f-8ba9-03bdeb1f9737,23637455,way,natural,water,,,,,,OSM,,,33.5683521,73.0787625,Islamabad,Islamabad Capital Territory,Pakistan,,,,,
87b80313-3681-54fd-bf2d-d578067f9e9c,781525925,way,landuse,cemetery,,,,,,OSM,,,33.5807781,73.0195888,Islamabad,Islamabad Capital Territory,Pakistan,,,,,
0f5bb070-cfca-57be-9424-af14cc904e30,781525926,way,landuse,cemetery,,,,,,OSM,,,33.5826266,73.0141847,Islamabad,Islamabad Capital Territory,Pakistan,,,,,
d6d45dc0-4f15-5fca-855b-b43aba3e6c7b,781525927,way,landuse,cemetery,,,,,,OSM,,,33.5817801,73.0150467,Islamabad,Islamabad Capital Territory,Pakistan,,,,,
17ad5ee6-21bf-5d87-b0bf-5df5283673b1,788653023,way,landuse,cemetery,Kamalabad Qabristan,,,,,OSM,,,33.5743472,73.0298802,Islamabad,Islamabad Capital Territory,Pakistan,,,,,
aebfd2d1-499e-53f2-9600-44d614f33f83,781525924,way,landuse,cemetery,,,,,,OSM,,,33.5810314,73.029625,Islamabad,Islamabad Capital Territory,Pakistan,,,,,
392b3b64-9385-50d2-b7c9-a68012d0af9b,236358888,way,leisure,park,,,,,,OSM,,,33.5890629,73.0328614,Islamabad,Islamabad Capital Territory,Pakistan,,,,,
f7397e26-175b-5c81-a974-bdb24312f85d,432916133,way,healthcare,hospital,Social Security Hospital,,,,,OSM,,,33.6208147,73.0017,Islamabad,Islamabad Capital Territory,Pakistan,,,,,
52f29f22-bfb8-5a59-8b17-57dba6456a7a,236032063,way,leisure,park,,,,,,OSM,,,33.6089519,73.020259,Islamabad,Islamabad Capital Territory,Pakistan,,,,,
d89bc517-64b3-5e06-bb9c-bcdc85f7dcac,236942109,way,leisure,park,,,,,,OSM,,,33.6059751,73.0204247,Islamabad,Islamabad Capital Territory,Pakistan,,,,,
9db8b283-11ca-5f95-803a-a2bee7f81019,236942110,way,leisure,park,,,,,,OSM,,,33.6063308,73.0201105,Islamabad,Islamabad Capital Territory,Pakistan,,,,,
cba59020-6d0c-5f71-a8f8-69fd30c66ea5,236583685,way,leisure,park,,,,,,OSM,,,33.6057628,73.01966,Islamabad,Islamabad Capital Territory,Pakistan,,,,,
ae44d99d-bcec-5c5d-b144-f7764ef65f5b,230792257,way,amenity,bank,Askari bank,,,,,OSM,,,33.602489,73.028884,Islamabad,Islamabad Capital Territory,Pakistan,,,,,
14a723b4-92ef-5be2-a154-d5c0bb0da7bf,237509573,way,leisure,park,,,,,,OSM,,,33.5989995,73.0279365,Islamabad,Islamabad Capital Territory,Pakistan,,,,,
baa3faef-860b-5ffe-b6b0-02508ee8faab,13049975,way,leisure,park,Rawalpindi Race Course,,,,,OSM,,,33.6048345,73.0345457,Islamabad,Islamabad Capital Territory,Pakistan,,,,,
fdfb4957-ba5d-5169-b64d-7b858589736f,187716457,way,landuse,cemetery,,,,,,OSM,,,33.6089956,73.0331769,Islamabad,Islamabad Capital Territory,Pakistan,,,,,
648590d5-c99a-503f-8138-2c3d8d09d48a,780155233,way,amenity,marketplace,Pasban Market,,,,,OSM,,,33.6121102,73.0220783,Islamabad,Islamabad Capital Territory,Pakistan,,,,,
37642bca-7f77-5c3f-b584-c27385b0b552,234457762,way,healthcare,hospital,,,,,,OSM,,,33.6152794,73.0267702,Islamabad,Islamabad Capital Territory,Pakistan,,,,,
57692efb-e142-57af-aa12-6a34a2575205,234457764,way,leisure,park,,,,,,OSM,,,33.6150585,73.0265975,Islamabad,Islamabad Capital Territory,Pakistan,,,,,
3bf698a7-daf2-56f8-981b-9a3372364624,218813162,way,landuse,cemetery,,,,,,OSM,,,33.622096,73.0324206,Islamabad,Islamabad Capital Territory,Pakistan,,,,,
31c2dc25-ab09-58ed-8a21-b33e568a56f4,218813164,way,landuse,cemetery,,,,,,OSM,,,33.6211355,73.0315734,Islamabad,Islamabad Capital Territory,Pakistan,,,,,
18a340c7-02f4-511f-a6ff-679010874b70,781525928,way,landuse,cemetery,,,,,,OSM,,,33.622479,73.0303698,Islamabad,Islamabad Capital Territory,Pakistan,,,,,
ea9eef94-1dbd-50f2-89f3-b45e7ddc789f,781525917,way,landuse,cemetery,,,,,,OSM,,,33.5740453,73.0383802,Islamabad,Islamabad Capital Territory,Pakistan,,,,,
062c7b5a-4cd6-58bd-8500-92fe9eeaf085,781525919,way,landuse,cemetery,,,,,,OSM,,,33.5741843,73.0406845,Islamabad,Islamabad Capital Territory,Pakistan,,,,,
75ca272a-aa34-5068-bbbf-314c202221e4,781525920,way,landuse,cemetery,,,,,,OSM,,,33.5744995,73.0426742,Islamabad,Islamabad Capital Territory,Pakistan,,,,,
d7884237-720f-50ec-85cd-e3c2085baf10,781525921,way,landuse,cemetery,,,,,,OSM,,,33.5752326,73.0430668,Islamabad,Islamabad Capital Territory,Pakistan,,,,,
fb77b6f5-574b-58bd-930f-a38dee2cd875,781525922,way,landuse,cemetery,,,,,,OSM,,,33.5747123,73.0448408,Islamabad,Islamabad Capital Territory,Pakistan,,,,,
333515f8-4771-5e27-9089-78fcb008b45d,26270386,way,healthcare,hospital,Combined Military Hospital,,,,,OSM,,,33.5802205,73.0499032,Islamabad,Islamabad Capital Territory,Pakistan,,,,,
624a7007-b47e-5e6f-a738-ce3532d065fc,230098290,way,healthcare,hospital,AFPGMI,,,,,OSM,,,33.581268,73.0460561,Islamabad,Islamabad Capital Territory,Pakistan,,,,,
dc896546-78a5-567e-b841-7c0ea62450c3,231774041,way,leisure,park,,,,,,OSM,,,33.5797946,73.0464207,Islamabad,Islamabad Capital Territory,Pakistan,,,,,
67216237-d109-5dbc-843d-29879f744618,781525918,way,landuse,cemetery,,,,,,OSM,,,33.5736587,73.0404504,Islamabad,Islamabad Capital Territory,Pakistan,,,,,
566f04b7-8724-58ba-9884-9ba0b377ea14,781525915,way,landuse,cemetery,,,,,,OSM,,,33.5824754,73.0382926,Islamabad,Islamabad Capital Territory,Pakistan,,,,,
3af7bbd4-7e16-55e2-9a74-6a0575210675,781525916,way,landuse,cemetery,,,,,,OSM,,,33.58266,73.0390714,Islamabad,Islamabad Capital Territory,Pakistan,,,,,
396b0e5f-4599-5b1c-86fc-6e6989143245,231429556,way,amenity,marketplace,Fruit and Vegetable,,,,,OSM,,,33.581907,73.0451511,Islamabad,Islamabad Capital Territory,Pakistan,,,,,
f8554d0b-ef87-50be-a073-868c6fb5e636,231774048,way,leisure,park,,,,,,OSM,,,33.580959,73.0458324,Islamabad,Islamabad Capital Territory,Pakistan,,,,,
1a4b4579-17cc-5f0e-b216-cf6437aa54d0,23615476,way,landuse,cemetery,Harley Street Cemetery (Gora Kabrastan),,,,,OSM,,,33.5771636,73.0497033,Islamabad,Islamabad Capital Territory,Pakistan,,,,,
af58d152-ab2e-5323-8ee4-8123ae081c8e,231774040,way,leisure,park,,,,,,OSM,,,33.5801424,73.0466567,Islamabad,Islamabad Capital Territory,Pakistan,,,,,
1deec9e9-2f28-5b60-a399-51a4b8e11e82,231774042,way,leisure,park,,,,,,OSM,,,33.5797922,73.0471649,Islamabad,Islamabad Capital Territory,Pakistan,,,,,
0b77cdff-e86f-554b-a6c0-9b9ba7e90d8f,231774045,way,leisure,park,,,,,,OSM,,,33.5798383,73.047863,Islamabad,Islamabad Capital Territory,Pakistan,,,,,
3650fa5d-4d7a-53f6-9b0e-369510e8d497,895034361,way,landuse,cemetery,,,,,,OSM,,,33.5784204,73.0520748,Islamabad,Islamabad Capital Territory,Pakistan,,,,,
e1768ca6-2abd-5a81-ae1d-b1b8cfb2b4cf,424242222,way,leisure,park,,,,,,OSM,,,33.5850309,73.0357903,Islamabad,Islamabad Capital Territory,Pakistan,,,,,
ecff295b-1261-5571-ba9a-4a2d82da6c6b,23615388,way,healthcare,hospital,AFIC (Armed Forces Institute of Cardiology),,,,,OSM,,,33.5971466,73.0448193,Islamabad,Islamabad Capital Territory,Pakistan,,,,,
c78f0f04-415d-5291-bad4-9c40a5725e69,230172317,way,leisure,park,,,,,,OSM,,,33.5905361,73.0389654,Islamabad,Islamabad Capital Territory,Pakistan,,,,,
8bfe6cc4-8148-58bf-81d6-0670a422660a,230805719,way,leisure,park,,,,,,OSM,,,33.5964213,73.0463032,Islamabad,Islamabad Capital Territory,Pakistan,,,,,
5fc2d477-5285-5bcb-a44b-10071ae3b152,236358887,way,leisure,park,,,,,,OSM,,,33.5903308,73.0350891,Islamabad,Islamabad Capital Territory,Pakistan,,,,,
2c4f8db3-409e-520c-8e0b-235845ef8bbb,424242221,way,leisure,park,,,,,,OSM,,,33.5868613,73.0397598,Islamabad,Islamabad Capital Territory,Pakistan,,,,,
58c6d5f7-324a-5c6b-a28f-08c9fbdb470d,236358889,way,leisure,park,,,,,,OSM,,,33.5915554,73.0374256,Islamabad,Islamabad Capital Territory,Pakistan,,,,,
4b67bf90-0b35-51b2-85a1-34904b1e69a6,236358890,way,leisure,park,,,,,,OSM,,,33.591265,73.0369643,Islamabad,Islamabad Capital Territory,Pakistan,,,,,
5a2d7e5a-260c-572b-ada0-a84f56a38378,230172318,way,leisure,park,,,,,,OSM,,,33.5929901,73.0422799,Islamabad,Islamabad Capital Territory,Pakistan,,,,,
f08331da-a1ba-5720-89ba-bc52825de03e,230172319,way,leisure,park,,,,,,OSM,,,33.5927783,73.0417075,Islamabad,Islamabad Capital Territory,Pakistan,,,,,
3283eccf-9902-5ec7-8657-db598da5154a,238397405,way,amenity,bank,نیشنل بینک آف پاکستان,نیشنل بینک آف پاکستان,,,,OSM,,,33.5966279,73.0462606,Islamabad,Islamabad Capital Territory,Pakistan,,,نیشنل بینک آف پاکستان,نیشنل بینک آف پاکستان,
a1e2be40-4065-5b08-899f-528955d0dd0f,23013514,way,leisure,park,Sarwar Park,,,,,OSM,,,33.5895816,73.0587804,Islamabad,Islamabad Capital Territory,Pakistan,,,,,Q49557973
5b13a5a6-bb31-5634-8229-669f116697e2,231052043,way,amenity,marketplace,,,,,,OSM,,,33.5880415,73.0579622,Islamabad,Islamabad Capital Territory,Pakistan,,,,,
278f4a91-173b-5b3c-b6fa-9fc184b172f9,739621410,way,tourism,museum,Army Museum,,,,,OSM,,,33.5865659,73.0542997,Islamabad,Islamabad Capital Territory,Pakistan,,,,,
2003f2cc-d6ac-5919-9d09-2f0287b8da3a,23628336,way,healthcare,hospital,"Mega Medical Complex,",,,,,OSM,,,33.5970392,73.046901,Islamabad,Islamabad Capital Territory,Pakistan,,,,,
7c818977-c13f-51ff-bbb2-a4c0169dfd29,230580812,way,amenity,bank,State Bank of Pakistan,,,,,OSM,,,33.5878506,73.0594091,Islamabad,Islamabad Capital Territory,Pakistan,,,,,
e140798d-2c6f-5773-ba8f-63ca2b014f73,260442258,way,leisure,park,,,,,,OSM,,,33.5888151,73.0594361,Islamabad,Islamabad Capital Territory,Pakistan,,,,,
0395a11c-c926-5186-9b28-b81eed0801b6,739621402,way,amenity,bank,اسٹینڈرڈ چارٹرڈ,اسٹینڈرڈ چارٹرڈ,,,,OSM,,,33.5943331,73.0530645,Islamabad,Islamabad Capital Territory,Pakistan,,,اسٹینڈرڈ چارٹرڈ,اسٹینڈرڈ چارٹرڈ,
7b8bc801-7c2d-53af-b2ad-bb63f354e2bd,23013608,way,leisure,park,Shah Balut Park,,,,,OSM,,,33.5959561,73.0471886,Islamabad,Islamabad Capital Territory,Pakistan,,,,,
7c294a79-c191-5d23-803d-28aa1fce26e6,230172010,way,leisure,park,,,,,,OSM,,,33.5921623,73.0470951,Islamabad,Islamabad Capital Territory,Pakistan,,,,,
fd48171b-a9b4-5009-9cc2-59f1f49cfca5,230172011,way,leisure,park,,,,,,OSM,,,33.5916824,73.0472336,Islamabad,Islamabad Capital Territory,Pakistan,,,,,
02a5792d-0026-5571-a29f-bcb01249a354,237509575,way,leisure,park,,,,,,OSM,,,33.596041,73.0544924,Islamabad,Islamabad Capital Territory,Pakistan,,,,,
c73ec4ed-478c-5d5f-afaf-c11922722b77,312666606,way,leisure,park,Cricket Ground,,,,,OSM,,,33.5732291,73.0640336,Islamabad,Islamabad Capital Territory,Pakistan,,,,,
e7ea2e48-9044-50c1-943c-710eb53f3810,234065521,way,leisure,park,,,,,,OSM,,,33.5770127,73.0676742,Islamabad,Islamabad Capital Territory,Pakistan,,,,,
5c254036-b873-5faf-b536-857d9788ae99,23013485,way,leisure,park,Jinnah Park,جناح پارک,,,,OSM,Jinnah Park,,33.584908,73.0738736,Islamabad,Islamabad Capital Territory,Pakistan,,,,,Q6202662
788ee1c2-fede-5559-ab1d-249dc17ca310,23013367,way,natural,water,,,,,,OSM,,,33.57389,73.0855322,Islamabad,Islamabad Capital Territory,Pakistan,,,,,
16004622-ff29-5a17-897a-806fdb236be3,231307792,way,leisure,park,,,,,,OSM,,,33.5851147,73.0785293,Islamabad,Islamabad Capital Territory,Pakistan,,,,,
379a4ea8-f39b-5399-8f1b-c75f7697b911,1133182741,way,leisure,park,,,,,,OSM,,,33.5827221,73.079222,Islamabad,Islamabad Capital Territory,Pakistan,,,,,
215d7372-7ae2-5e48-a139-27d9cd3ee127,1232650080,way,leisure,park,Football club,,,,,OSM,,,33.5837185,73.076158,Islamabad,Islamabad Capital Territory,Pakistan,,,,,
fb460e63-ecb2-5cfb-8870-986b8a0d54c6,23068602,way,leisure,park,,,,,,OSM,,,33.5851041,73.0638734,Islamabad,Islamabad Capital Territory,Pakistan,,,,,
aafd5dde-30ed-5718-bbb2-d61cdf5103fe,238272340,way,leisure,park,,,,,,OSM,,,33.5849914,73.0723964,Islamabad,Islamabad Capital Territory,Pakistan,,,,,
9e8db86f-106b-532b-9917-1ee992f69a2a,238281867,way,leisure,park,,,,,,OSM,,,33.5850286,73.0715947,Islamabad,Islamabad Capital Territory,Pakistan,,,,,
e2f27e89-b6e4-5605-bd6a-64ca99451ba4,238281869,way,leisure,park,,,,,,OSM,,,33.5842166,73.071536,Islamabad,Islamabad Capital Territory,Pakistan,,,,,
8abcb72a-29f9-575f-ade5-4844072b1251,238281871,way,leisure,park,,,,,,OSM,,,33.5841811,73.0723382,Islamabad,Islamabad Capital Territory,Pakistan,,,,,
36f86be1-0a82-5763-ab09-f10dd2a62aac,627832454,way,healthcare,clinic,Bangash Clinic,,,,,OSM,,,33.5905573,73.0635304,Islamabad,Islamabad Capital Territory,Pakistan,,,,,
a724abe9-ef8d-5c74-b9bf-34dcfaefb458,788653005,way,landuse,cemetery,,,,,,OSM,,,33.5901759,73.0708519,Islamabad,Islamabad Capital Territory,Pakistan,,,,,
878b0816-4f96-590e-8062-8babf1aea77b,788653014,way,landuse,cemetery,,,,,,OSM,,,33.591267,73.071792,Islamabad,Islamabad Capital Territory,Pakistan,,,,,
8f93b31f-7d8f-53ee-8d12-887b08bc5e3c,238272328,way,leisure,park,,,,,,OSM,,,33.5849564,73.0731986,Islamabad,Islamabad Capital Territory,Pakistan,,,,,
2b3901a3-eb86-50be-a4a0-61a47b246869,238281851,way,leisure,park,,,,,,OSM,,,33.5849251,73.0739935,Islamabad,Islamabad Capital Territory,Pakistan,,,,,
78f87b1d-5cd3-573f-91f8-93c2b003a73c,239870393,way,amenity,police,Women police station,,,,,OSM,,,33.5870821,73.0750395,Islamabad,Islamabad Capital Territory,Pakistan,,,,Punjab Police,
b48ec90e-4dc2-5801-af0c-c75dc5b672c7,670470331,way,natural,water,Askari 4 Water Filter,,,,,OSM,,,33.5850637,73.0787107,Islamabad,Islamabad Capital Territory,Pakistan,,,,,
17bbf6f5-e1f4-5853-b3ab-2d89dec33693,788653006,way,amenity,police,Police Station Saddar Beroni,,,,,OSM,,,33.5878759,73.0747286,Islamabad,Islamabad Capital Territory,Pakistan,,,,,
3c52575b-7b12-5b63-90c8-9968fa65e80c,22733223,way,leisure,park,,,,,,OSM,,,33.5899632,73.0835055,Islamabad,Islamabad Capital Territory,Pakistan,,,,,
2b48ae9a-a569-5f0b-9300-bf78ee9dbb55,23004820,way,leisure,park,Rose Garden Park,,,,,OSM,,,33.5874944,73.0857523,Islamabad,Islamabad Capital Territory,Pakistan,,,,,
9dc4b21a-bd26-5336-b57f-7f41fa891cf7,233821089,way,leisure,park,,,,,,OSM,,,33.5945625,73.0797342,Islamabad,Islamabad Capital Territory,Pakistan,,,,,
7368a651-c2ab-5b4b-a8cd-b67fa3d564d7,238291822,way,leisure,park,,,,,,OSM,,,33.5966707,73.079802,Islamabad,Islamabad Capital Territory,Pakistan,,,,,
2bfefa0f-2b3b-5ccf-8b94-2165e573a7e6,127608808,way,leisure,park,,,,,,OSM,,,33.5930208,73.0803284,Islamabad,Islamabad Capital Territory,Pakistan,,,,,
5b8447f5-9e1c-59c3-947d-2ffdd0f62e6a,230792242,way,amenity,marketplace,Qasim Market,,,,,OSM,,,33.6002652,73.0335362,Islamabad,Islamabad Capital Territory,Pakistan,,,,,
ed5528cf-6256-532a-958b-b918da4cf4ca,233815918,way,leisure,park,,,,,,OSM,,,33.6000327,73.0369241,Islamabad,Islamabad Capital Territory,Pakistan,,,,,
1bd9f163-0772-57b6-a2aa-520101245231,834291469,way,leisure,park,Parade Lane Park,,,,,OSM,,,33.5979099,73.0373602,Islamabad,Islamabad Capital Territory,Pakistan,,,,,
e430664b-a73b-54e3-9a7b-95a269eb05d1,23126703,way,leisure,park,Roomi Park,,,,,OSM,,,33.5992745,73.0430129,Islamabad,Islamabad Capital Territory,Pakistan,,,,,
3c90db14-6007-5c77-b868-8f33296a0e29,233733997,way,leisure,park,,,,,,OSM,,,33.5977397,73.0434331,Islamabad,Islamabad Capital Territory,Pakistan,,,,,
1a62d6bd-0fa0-5cc3-93d2-ffdd14f9411a,218805465,way,landuse,cemetery,,,,,,OSM,,,33.6091801,73.0411773,Islamabad,Islamabad Capital Territory,Pakistan,,,,,
9c6ae27a-d13d-52c8-85f8-2d9e6c0294d6,23253918,way,natural,water,,,,,,OSM,,,33.6077041,73.0350532,Islamabad,Islamabad Capital Territory,Pakistan,,,,,
a5c15a92-84b7-5a98-a2ec-0a3ebb4ada6e,778655375,way,landuse,cemetery,,,,,,OSM,,,33.6071699,73.0443634,Islamabad,Islamabad Capital Territory,Pakistan,,,,,
7fe3f4d1-f354-5345-89da-cf387aa14e3e,837801753,way,landuse,cemetery,,,,,,OSM,,,33.6084509,73.045504,Islamabad,Islamabad Capital Territory,Pakistan,,,,,
efd88120-b8f2-562d-882a-0d867751f66e,238397406,way,amenity,police,,,,,,OSM,,,33.5993383,73.0498094,Islamabad,Islamabad Capital Territory,Pakistan,,,,,
a81911d3-5cc7-5f76-b08f-1a94e285d0c5,256127214,way,natural,water,,,,,,OSM,,,33.6068725,73.0602661,Islamabad,Islamabad Capital Territory,Pakistan,,,,,
828624db-4068-5ef8-9398-e69f470916c5,256127616,way,natural,water,نالہ لئ,نالہ لئ,,,,OSM,,,33.6068013,73.0509156,Islamabad,Islamabad Capital Territory,Pakistan,,,,,
a473e80c-ebdb-5bc4-980a-341c4e2fb96a,837579450,way,natural,water,نالہ لئ,نالہ لئ,,,,OSM,,,33.6102035,73.0480295,Islamabad,Islamabad Capital Territory,Pakistan,,,,,
93061e2e-639f-5823-8891-1e1c7ca3ad9a,837579451,way,natural,water,نالہ لئ,نالہ لئ,,,,OSM,,,33.6153495,73.0488115,Islamabad,Islamabad Capital Territory,Pakistan,,,,,
e41d4fde-2beb-5c0e-9466-61ef8f3f16aa,256126930,way,natural,water,,,,,,OSM,,,33.6068043,73.0566103,Islamabad,Islamabad Capital Territory,Pakistan,,,,,
032e595d-db23-58bf-9007-ca1bc018f101,256127262,way,leisure,park,,,,,,OSM,,,33.6072556,73.0571068,Islamabad,Islamabad Capital Territory,Pakistan,,,,,
f8517bde-2cd0-5e3c-97bd-d859ea67d39b,814262837,way,leisure,park,Ladies Park,,,,,OSM,,,33.607064,73.0564428,Islamabad,Islamabad Capital Territory,Pakistan,,,,,
1daa79ac-e25e-5ca6-a9be-a2734eb5a78d,25515135,way,landuse,cemetery,Pir Wadhai Cemetery,,,,,OSM,,,33.624951,73.0466594,Islamabad,Islamabad Capital Territory,Pakistan,,,,,
e978a6b1-c12e-56ca-b3b2-db82feeffdfa,778655376,way,landuse,cemetery,Dhoke Mangtal Cemetery,,,,,OSM,,,33.6237315,73.0390241,Islamabad,Islamabad Capital Territory,Pakistan,,,,,
8a2bd475-3249-5fcc-8c09-9567de151392,722409639,way,amenity,marketplace,Ganj Mandi,,,,,OSM,,,33.6145287,73.0510754,Islamabad,Islamabad Capital Territory,Pakistan,,,,,
6e19fd46-b51b-5a60-b175-261365a54a97,722409632,way,amenity,marketplace,Mochi Bazar,,,,,OSM,,,33.6157167,73.05658,Islamabad,Islamabad Capital Territory,Pakistan,,,,,
bcc5feb9-033d-568f-aa83-edf5cbfa793a,722409637,way,amenity,marketplace,Raja Bazar,,,,,OSM,,,33.6147703,73.0554854,Islamabad,Islamabad Capital Territory,Pakistan,,,,,
70f4529b-b900-566a-aeec-85298927ed9c,722409640,way,amenity,marketplace,Bara Bazar,,,,,OSM,,,33.6123786,73.0571375,Islamabad,Islamabad Capital Territory,Pakistan,,,,,
3061cc3c-634a-52bd-b182-b8172a95e02b,23615365,way,healthcare,hospital,DHQ Hospital,,,,,OSM,,,33.6126522,73.0529771,Islamabad,Islamabad Capital Territory,Pakistan,,,,,
f1f757e8-638f-5da6-a716-b8c342424069,258756685,way,amenity,marketplace,Akbar Market,,,,,OSM,,,33.6010695,73.0634012,Islamabad,Islamabad Capital Territory,Pakistan,,,,,
7226dfa9-1691-5719-9ebd-a2341d61f9c8,23013897,way,education,college,Viqaar Un Nisa Women College,,,,,OSM,,,33.6018637,73.0735694,Islamabad,Islamabad Capital Territory,Pakistan,,,,,
5a7b1a13-8dfa-5cf3-a3d1-a17fc2e0b9aa,23130902,way,landuse,cemetery,Jadeed Qabristan,,,,,OSM,,,33.6091244,73.0724017,Islamabad,Islamabad Capital Territory,Pakistan,,,,,
7eabf150-cb4a-5c36-b7ba-27b72084d4fd,23130938,way,landuse,cemetery,Shah De Tahlian,,,,,OSM,,,33.6107429,73.0659925,Islamabad,Islamabad Capital Territory,Pakistan,,,,,
f6f96f0b-945b-525e-99d0-14e87b13150f,26398174,way,landuse,cemetery,Qadeemi Kabaristan,,,,,OSM,,,33.6112068,73.0703675,Islamabad,Islamabad Capital Territory,Pakistan,,,,,
e0c4cc05-41d1-5f8b-b02e-67725b78de9a,256127216,way,natural,water,,,,,,OSM,,,33.6034758,73.0634468,Islamabad,Islamabad Capital Territory,Pakistan,,,,,
bf642549-246f-5028-abfb-c7d807085435,18813551,way,leisure,park,Liaquat Bagh,,,,,OSM,Liaqat National Bagh,,33.606237,73.0640595,Islamabad,Islamabad Capital Territory,Pakistan,,,,,Q629158
23d89b89-1311-508d-ab06-f00e9f9ef71c,781522960,way,landuse,cemetery,,,,,,OSM,,,33.6093409,73.0667031,Islamabad,Islamabad Capital Territory,Pakistan,,,,,
3b8f3387-acad-5c50-85c5-68222480d73e,238291819,way,leisure,park,,,,,,OSM,,,33.598114,73.0806695,Islamabad,Islamabad Capital Territory,Pakistan,,,,,
da8db9bf-dbab-5f1f-8ea1-9cb7e89f2a4e,238291820,way,leisure,park,,,,,,OSM,,,33.5984615,73.0818527,Islamabad,Islamabad Capital Territory,Pakistan,,,,,
e9ee307b-39ae-526a-8e1b-9301dc0cfa88,238291821,way,leisure,park,,,,,,OSM,,,33.598727,73.0829781,Islamabad,Islamabad Capital Territory,Pakistan,,,,,
747c825e-599e-5a95-b867-96250048c91b,364602693,way,leisure,park,,,,,,OSM,,,33.5997593,73.0808971,Islamabad,Islamabad Capital Territory,Pakistan,,,,,
6c858919-af73-57e0-9759-a6b66c11814b,1446571917,way,landuse,cemetery,PAF Graveyard,,,,,OSM,,,33.6063417,73.0860268,Islamabad,Islamabad Capital Territory,Pakistan,,,,,
16e87493-a595-55ec-aed7-6b6cf6136cfa,23130881,way,leisure,park,,,,,,OSM,,,33.6043384,73.0802251,Islamabad,Islamabad Capital Territory,Pakistan,,,,,
0fab8d86-7bb9-5c89-b845-24485ed6c02f,233819056,way,leisure,park,,,,,,OSM,,,33.6057962,73.0844349,Islamabad,Islamabad Capital Territory,Pakistan,,,,,
9f8a9063-280e-5453-9460-86c966e661c1,498809433,way,leisure,park,,,,,,OSM,,,33.6120197,73.0644797,Islamabad,Islamabad Capital Territory,Pakistan,,,,,
638bbbad-f892-550a-afd3-59ff72a57f27,23130916,way,leisure,park,Lt. Atta Shaheed Park,,,,,OSM,,,33.6146645,73.0695846,Islamabad,Islamabad Capital Territory,Pakistan,,,,,
3a843a18-d11e-58d2-9855-0e2bdf61b37e,722409635,way,amenity,marketplace,Lunda Bazar,,,,,OSM,,,33.6152282,73.0620568,Islamabad,Islamabad Capital Territory,Pakistan,,,,,
da362f25-89b0-56d8-93dc-ffb2e75e9a2d,781522954,way,landuse,cemetery,,,,,,OSM,,,33.616915,73.0704883,Islamabad,Islamabad Capital Territory,Pakistan,,,,,
9911260f-6a80-567b-80ed-61ad33fe775f,781522955,way,landuse,cemetery,,,,,,OSM,,,33.6165217,73.0699964,Islamabad,Islamabad Capital Territory,Pakistan,,,,,
7f679b2a-2a05-57ed-9efb-7ca09592783a,833358961,way,healthcare,hospital,Leprosy Hospital Rawalpindi,,,,,OSM,,,33.6185713,73.0726405,Islamabad,Islamabad Capital Territory,Pakistan,,,,,
13d858c0-e0d0-50e2-a88d-402067aa6638,377882378,way,amenity,marketplace,Bunni Market,,,,,OSM,,,33.6223583,73.0614279,Islamabad,Islamabad Capital Territory,Pakistan,,,,,
4bc45436-4834-5186-a0b9-4f47d0b5d408,498809421,way,amenity,police,Waris Khan Police Station,,,,,OSM,,,33.6182581,73.0650435,Islamabad,Islamabad Capital Territory,Pakistan,,,,,
4ce5cf58-5677-50fd-989a-cdb76e1a9b9b,781522957,way,landuse,cemetery,,,,,,OSM,,,33.62181,73.0687799,Islamabad,Islamabad Capital Territory,Pakistan,,,,,
13a7b077-da09-5dc0-9706-a2d311e5ca8e,229815093,way,healthcare,hospital,Rawalpindi Institute of Cardiology,,,,,OSM,Rawalpindi Institute of Cardiology,,33.6155931,73.0806386,Islamabad,Islamabad Capital Territory,Pakistan,,,,,Q14956839
1fa80700-cc65-573e-814b-aecffd5eff9d,835989175,way,leisure,park,RMC Doctors Colony Family Park,,,,,OSM,,,33.6135116,73.080989,Islamabad,Islamabad Capital Territory,Pakistan,,,,,
47931525-967c-5982-afc8-82511e70245e,26398321,way,landuse,cemetery,Dhoke Khabba Graveyard,,,,,OSM,,,33.6124899,73.0777231,Islamabad,Islamabad Capital Territory,Pakistan,,,,,
bbbb930b-50d4-5004-b6e1-5c6ed0620cef,722409643,way,landuse,cemetery,,,,,,OSM,,,33.6165412,73.0767346,Islamabad,Islamabad Capital Territory,Pakistan,,,,,
ece52904-a160-515a-9a76-1e70038398f1,781522956,way,landuse,cemetery,,,,,,OSM,,,33.6194447,73.0765128,Islamabad,Islamabad Capital Territory,Pakistan,,,,,
d38cd53c-081c-513f-a09a-cdf0044f65cb,778655377,way,landuse,cemetery,,,,,,OSM,,,33.624166,73.0326602,Islamabad,Islamabad Capital Territory,Pakistan,,,,,
2930b762-62a1-5f68-9482-2ec0e26bcc11,778655380,way,leisure,park,,,,,,OSM,,,33.6291867,73.0476483,Islamabad,Islamabad Capital Territory,Pakistan,,,,,
8fb25d6a-2a1c-50ec-a732-cdd1c62b6ed4,792694656,way,leisure,park,Dosehra Ground,,,,,OSM,,,33.6249508,73.0549788,Islamabad,Islamabad Capital Territory,Pakistan,,,,,
aae8ba82-309b-5f2d-aa10-a5d1bd5dd6c5,792694657,way,leisure,park,,,,,,OSM,,,33.6268027,73.055219,Islamabad,Islamabad Capital Territory,Pakistan,,,,,
a9047b7b-7cc5-54ff-8799-82efabb1b9a0,833791776,way,landuse,cemetery,Pir Choa Cemetery,,,,,OSM,,,33.624105,73.0580201,Islamabad,Islamabad Capital Territory,Pakistan,,,,,
786cd962-b4fd-5b03-91c4-b6883933aab6,633829832,way,landuse,cemetery,عیدگاہ شریف قبرستان,عیدگاہ شریف قبرستان,,,,OSM,,,33.6295334,73.0539478,Islamabad,Islamabad Capital Territory,Pakistan,,,,,
3ec9d434-28ec-5ee1-8217-83c4745f2872,834052492,way,leisure,park,Public Park Khayaban-e-Sir Syed,,,,,OSM,,,33.6302366,73.0514413,Islamabad,Islamabad Capital Territory,Pakistan,,,,,
33ca923c-fb93-5ccc-817a-f0bab2d72417,834052493,way,leisure,park,Park for Special Children,,,,,OSM,,,33.63074,73.0511334,Islamabad,Islamabad Capital Territory,Pakistan,,,,,
a41505c3-98a4-50de-bd91-69cc18c61dcd,834052497,way,leisure,park,Ayesha Park,,,,,OSM,,,33.6324451,73.0513868,Islamabad,Islamabad Capital Territory,Pakistan,,,,,
5c4b7373-20ab-59f4-843e-4cc9c100cb4c,125860113,way,leisure,park,Hilal Masjid Park,,,,,OSM,,,33.628109,73.068056,Islamabad,Islamabad Capital Territory,Pakistan,,,,,
ad433dde-0b76-528e-ad1e-10c6cd161f2a,836309858,way,landuse,cemetery,پارسی قبرستان,پارسی قبرستان,,,,OSM,,,33.625676,73.0674944,Islamabad,Islamabad Capital Territory,Pakistan,,,,,
c1797a57-0f67-55e9-9a4d-3c0a92b81789,23985646,way,leisure,park,Qirat Academy Park,,,,,OSM,,,33.6303986,73.0706639,Islamabad,Islamabad Capital Territory,Pakistan,,,,,
1c733108-3bcb-5301-92b8-323b8ed92ff6,125860114,way,leisure,park,Usman Ghani Park,,,,,OSM,,,33.630203,73.0687637,Islamabad,Islamabad Capital Territory,Pakistan,,,,,
df0d6c3e-fc57-58a7-9394-710b3eec651e,263744258,way,amenity,fire_station,Rescue 1122,,,,,OSM,Rescue 1122,,33.6300281,73.073075,Islamabad,Islamabad Capital Territory,Pakistan,,,,Government of Punjab,Q7314973
77e96af0-a645-55aa-b116-46a6f16c0598,781522958,way,landuse,cemetery,,,,,,OSM,,,33.6243717,73.0728901,Islamabad,Islamabad Capital Territory,Pakistan,,,,,
5cebedfb-b366-5cdf-b099-5220e7379a78,23985719,way,leisure,park,Sarjia Park,,,,,OSM,,,33.6306719,73.0607408,Islamabad,Islamabad Capital Territory,Pakistan,,,,,
c9e43df3-da62-5925-ad02-713c524be31d,125860086,way,leisure,park,,,,,,OSM,,,33.6321864,73.0643896,Islamabad,Islamabad Capital Territory,Pakistan,,,,,
8eef2e7d-0b34-5fb3-b0e9-1f7b3e6c78f5,125860104,way,leisure,park,,,,,,OSM,,,33.6309671,73.064132,Islamabad,Islamabad Capital Territory,Pakistan,,,,,
3cef61f7-f06c-5824-b12b-d585387c27a2,792694660,way,leisure,park,,,,,,OSM,,,33.6324848,73.0611764,Islamabad,Islamabad Capital Territory,Pakistan,,,,,
42293cc9-2e2f-50c5-a48b-16f2eb2e2040,23985427,way,leisure,park,باغ,باغ,,,,OSM,,,33.6329397,73.0721103,Islamabad,Islamabad Capital Territory,Pakistan,,,,,
b88263f8-17a2-5629-b3a9-611be667ea9a,125860081,way,leisure,park,,,,,,OSM,,,33.6313543,73.0685914,Islamabad,Islamabad Capital Territory,Pakistan,,,,,
d15f6577-4d77-5e67-aae2-b92da7be54d3,781522959,way,landuse,cemetery,,,,,,OSM,,,33.6245801,73.0730741,Islamabad,Islamabad Capital Territory,Pakistan,,,,,
35dc228d-222f-50bc-80c7-95afcd24a6e9,781522961,way,landuse,cemetery,,,,,,OSM,,,33.6252051,73.0770932,Islamabad,Islamabad Capital Territory,Pakistan,,,,,
66d50d2c-db9e-5116-aef9-f59e7d18d5b3,1133182743,way,landuse,cemetery,,,,,,OSM,,,33.576816,73.0879361,Islamabad,Islamabad Capital Territory,Pakistan,,,,,
c9554465-dcf4-5b3a-a22a-1966e71da9fc,1133182744,way,landuse,cemetery,,,,,,OSM,,,33.5763972,73.0888561,Islamabad,Islamabad Capital Territory,Pakistan,,,,,
57bf5f12-f806-5833-baa4-31ec5157c0e4,18813690,way,leisure,park,,,,,,OSM,,,33.5818711,73.0945712,Islamabad,Islamabad Capital Territory,Pakistan,,,,,
bd62f4ec-7f72-522b-814f-4b5c8eb14ea6,788653019,way,landuse,cemetery,,,,,,OSM,,,33.5786762,73.0935343,Islamabad,Islamabad Capital Territory,Pakistan,,,,,
0afec158-a672-589e-95f3-730a45ade312,23004881,way,leisure,park,,,,,,OSM,,,33.5865827,73.0905116,Islamabad,Islamabad Capital Territory,Pakistan,,,,,
d7f78893-85ef-5124-896c-6e2909e17174,23005241,way,leisure,park,,,,,,OSM,,,33.5886527,73.0885761,Islamabad,Islamabad Capital Territory,Pakistan,,,,,
6bd42107-32d7-58a4-947d-6fd0f314bb03,836296683,way,leisure,park,JS Park,,,,,OSM,,,33.5898557,73.0888798,Islamabad,Islamabad Capital Territory,Pakistan,,,,,
7824bcb7-3678-57ac-968d-44d210a69daa,1198320778,way,landuse,cemetery,Eid Gah Qabristan,,,,,OSM,,,33.5939974,73.0985664,Islamabad,Islamabad Capital Territory,Pakistan,,,,,
a6160f82-3b5d-5f45-b24f-47132866d36a,1198320777,way,landuse,cemetery,Gharibabad Qabristan,,,,,OSM,,,33.5970401,73.0996457,Islamabad,Islamabad Capital Territory,Pakistan,,,,,
38719b7e-579e-5e7e-afe2-97eb3131c80b,127864570,way,leisure,park,,,,,,OSM,,,33.6012956,73.0949423,Islamabad,Islamabad Capital Territory,Pakistan,,,,,
524ce2b4-c974-5def-9264-d9d6eee26dbe,320401466,way,leisure,park,,,,,,OSM,,,33.6302977,73.0971633,Islamabad,Islamabad Capital Territory,Pakistan,,,,,
c8500bcb-a72b-5ea4-9fa7-dc363aaf0ef6,3180554,relation,leisure,park,Bagh-e-Rizwan,,,,,OSM,,,33.6013515,73.028536,Islamabad,Islamabad Capital Territory,Pakistan,,,,,
4383cd80-4138-5d13-9aa9-542cc90fc0da,12634147,relation,natural,water,,,,,,OSM,,,33.6061311,73.0364979,Islamabad,Islamabad Capital Territory,Pakistan,,,,,
113b8909-fd9d-5726-ad6c-84a3f98f8e53,8103745306,node,amenity,bank,Cash One (PHA Flats I-11),,,,,OSM,,,33.6352179,73.0174517,Islamabad,Islamabad Capital Territory,Pakistan,,,,,
1065b39a-30ce-56bf-acf1-36e626ef8c89,2656259979,node,healthcare,hospital,NESCOM Hospital,,,,,OSM,,,33.6490366,73.0174122,Islamabad,Islamabad Capital Territory,Pakistan,,,,,
81ff16ad-ae1c-5cd3-ab55-018681d43c93,4157178391,node,amenity,police,police station,,,,,OSM,,,33.6376913,73.02543,Islamabad,Islamabad Capital Territory,Pakistan,,,,,
4c4ecf5d-ea12-504c-b014-228e50dff19a,3517198145,node,amenity,bank,الائیڈ بینک لمیٹڈ,الائیڈ بینک لمیٹڈ,,,,OSM,,,33.636682,73.029624,Islamabad,Islamabad Capital Territory,Pakistan,,,الائیڈ بینک لمیٹڈ,,
3e99add5-bef4-586b-a5b5-a8f5605d52b2,4607797790,node,amenity,police,police station mandi,,,,,OSM,,,33.6383785,73.0326859,Islamabad,Islamabad Capital Territory,Pakistan,,,,,
c70e5c3c-cb48-581b-8fa0-0a68d847d53f,5434425322,node,amenity,police,,,,,,OSM,,,33.6383899,73.0327082,Islamabad,Islamabad Capital Territory,Pakistan,,,,,
9f9df225-6109-5025-a8d1-53d256b1f421,6338029385,node,amenity,police,NPA,,,,,OSM,,,33.6497646,73.0015639,Islamabad,Islamabad Capital Territory,Pakistan,,,,,
a89485f5-5c17-5b25-add4-be47f77fee7b,4880251636,node,amenity,bank,Habib MetroBank,,,,,OSM,,,33.6690322,73.0004059,Islamabad,Islamabad Capital Territory,Pakistan,,,,,
519e3f9a-82e6-5b20-9a29-5d55ad752e60,12844548570,node,healthcare,hospital,noor generar hospital,,,,,OSM,,,33.6689967,73.0004123,Islamabad,Islamabad Capital Territory,Pakistan,,,,,
8590f3e9-2752-5095-9444-f2f9d48bda11,4880251637,node,amenity,atm,بینک اسلامی,بینک اسلامی,,,,OSM,,,33.6685802,73.0006335,Islamabad,Islamabad Capital Territory,Pakistan,,,بینک اسلامی,بینک اسلامی,
b72b8a59-25a8-5190-9c30-c0b6893a21ee,12844548566,node,amenity,atm,MCB bank,,,,,OSM,,,33.6687595,73.0006279,Islamabad,Islamabad Capital Territory,Pakistan,,,MCB,MCB,
e6ee8fed-72ed-5daa-a089-659843096d9c,4715980289,node,healthcare,hospital,PAEC General Hospital,,,,,OSM,,,33.6522249,73.0158687,Islamabad,Islamabad Capital Territory,Pakistan,,,,,
de4bc836-3d21-5836-9f84-ad9d220973c3,12229985646,node,amenity,bank,AL HABIB BANK LTD.,,,,,OSM,,,33.6581858,73.0200029,Islamabad,Islamabad Capital Territory,Pakistan,,,,,
c5cb8e83-8380-541c-ae95-63c7c31be525,9603693547,node,amenity,marketplace,Hussain Market,,,,,OSM,,,33.6499704,73.0283769,Islamabad,Islamabad Capital Territory,Pakistan,,,,,
4416e39d-49f4-54c5-87c1-61ac99f6c109,12229859093,node,amenity,bank,,,,,,OSM,,,33.6563833,73.0241939,Islamabad,Islamabad Capital Territory,Pakistan,,,,,
517343a2-af9a-54b7-9168-48525c745a14,12229859094,node,leisure,park,LAWN 1,,,,,OSM,,,33.6564604,73.0244033,Islamabad,Islamabad Capital Territory,Pakistan,,,,,
d3f4645d-65ce-572d-97f5-2d2bc6daea66,12229985602,node,leisure,park,CENTRE LAWN 3,,,,,OSM,,,33.6573443,73.0254078,Islamabad,Islamabad Capital Territory,Pakistan,,,,,
9f2fca32-e11e-593f-8779-0bde5a564d2a,12229985624,node,healthcare,hospital,IIUI MEDICAL CENTRE,,,,,OSM,,,33.6621889,73.021572,Islamabad,Islamabad Capital Territory,Pakistan,,,,,
4de0c600-7afd-5cf1-a975-db23e6face19,4887841042,node,amenity,fire_station,Fire Brigade,,,,,OSM,,,33.6729379,73.0168171,Islamabad,Islamabad Capital Territory,Pakistan,,,,,
1f024b62-2f23-5c93-8dd3-bc14a959e806,4887841044,node,amenity,bank,National Bank Of Pakistan,,,,,OSM,,,33.6703746,73.0158995,Islamabad,Islamabad Capital Territory,Pakistan,,,,,
ebc8b4bd-dea0-5ae5-8f5f-4b32cba7a98f,4958569726,node,amenity,bank,Bankislami,,,,,OSM,,,33.6742856,73.0160965,Islamabad,Islamabad Capital Territory,Pakistan,,,,,
bce4b4a5-21b8-5815-a153-044be98ebcc5,6452831179,node,amenity,atm,,,,,,OSM,,,33.6730752,73.0200747,Islamabad,Islamabad Capital Territory,Pakistan,,,,bhl,
d7bf70ed-c888-58f4-b621-a6832323b04a,6452831180,node,leisure,park,FG,,,,,OSM,,,33.672375,73.0184542,Islamabad,Islamabad Capital Territory,Pakistan,,,,DSF,
3820ecd3-8d2d-59f1-a01d-4bee161f1c7a,7806080554,node,place,neighbourhood,Badar Colony,,,,,OSM,,,33.6363494,73.0385378,Islamabad,Islamabad Capital Territory,Pakistan,,,,,
6d692078-71bb-5fb1-a1e5-75d4eead3354,3776245141,node,amenity,marketplace,Al-Sheikh Market,,,,,OSM,,,33.6414371,73.0390318,Islamabad,Islamabad Capital Territory,Pakistan,,,,,
d99fe4fe-70cb-596f-85d1-d615e51b0d73,5160456325,node,amenity,bank,askari bank,,,,,OSM,,,33.6468629,73.0372933,Islamabad,Islamabad Capital Territory,Pakistan,,,,,
18e60749-aef4-515d-9cde-d727f71cc5c4,3776229424,node,leisure,park,Shaheen Cricket Ground,,,,,OSM,,,33.6429648,73.0404048,Islamabad,Islamabad Capital Territory,Pakistan,,,,,
bdccdb7e-c7be-5c3c-8863-02276d681d49,3776248045,node,amenity,marketplace,Shaheen Market,,,,,OSM,,,33.6432729,73.0412326,Islamabad,Islamabad Capital Territory,Pakistan,,,,,
dfad71e6-4911-5899-a285-a2e1530daefb,4222280107,node,amenity,atm,,,,,,OSM,,,33.6483921,73.0399996,Islamabad,Islamabad Capital Territory,Pakistan,,,,,
8b2e400e-713d-56c8-baac-d4cd6fc7d520,4535244289,node,amenity,bank,allied bank,,,,,OSM,,,33.6484922,73.03999,Islamabad,Islamabad Capital Territory,Pakistan,,,,,
7936ffd8-6b91-532c-936b-081e5518a8e9,9570369056,node,amenity,atm,HBL Bank,ایچ بی ایل پاکستان,,,,OSM,,,33.6480325,73.0399644,Islamabad,Islamabad Capital Territory,Pakistan,,,HBL Bank,HBL Bank,
2e0bf100-264b-55dd-9769-b2554f38c3f6,7805778862,node,place,neighbourhood,Dhoke Jattan,,,,,OSM,,,33.6386291,73.0517698,Islamabad,Islamabad Capital Territory,Pakistan,,,,,
c86bf684-9c51-5ba6-b534-936b8f451430,7805778863,node,place,neighbourhood,Dhoke Nur,,,,,OSM,,,33.6384461,73.047619,Islamabad,Islamabad Capital Territory,Pakistan,,,,,
8f48aa78-0058-58d4-ba2c-875f968674e6,7805778864,node,place,neighbourhood,Dhoke Bajalian,,,,,OSM,,,33.6415259,73.0512503,Islamabad,Islamabad Capital Territory,Pakistan,,,,,
09b4b18e-7f42-54e7-be00-e3d2c68d1ff2,7805778865,node,place,neighbourhood,Dhoke Najju,,,,,OSM,,,33.6408232,73.0493689,Islamabad,Islamabad Capital Territory,Pakistan,,,,,
12e7663e-65eb-5529-8628-b7c9d24228f2,5615889573,node,place,neighbourhood,Satellite Town F Block,,,,,OSM,,,33.6455173,73.0591648,Islamabad,Islamabad Capital Territory,Pakistan,,,,,
ece772fc-cd58-5c64-a8ab-d5bb95764306,4940060721,node,amenity,bank,الائیڈ بینک لمیٹڈ,الائیڈ بینک لمیٹڈ,,,,OSM,,,33.6354734,73.0628128,Islamabad,Islamabad Capital Territory,Pakistan,,,الائیڈ بینک لمیٹڈ,,
722baf9c-df74-51ef-83d3-3efd6f3878c3,7805778861,node,place,neighbourhood,Dhoke Sultan Muhammad,,,,,OSM,,,33.6333724,73.0599738,Islamabad,Islamabad Capital Territory,Pakistan,,,,,
39a25510-144c-5a4e-b30d-96ceb4647a65,4942253038,node,amenity,bank,Pakistan Saving,,,,,OSM,,,33.6379883,73.0632556,Islamabad,Islamabad Capital Territory,Pakistan,,,,,
c122865a-bb62-5fc8-a7a4-f86a7ca0c052,4942272725,node,amenity,bank,عسکری بینک,عسکری بینک,,,,OSM,,,33.6393543,73.0634392,Islamabad,Islamabad Capital Territory,Pakistan,,,عسکری بینک,,
8a4e88bd-88b6-5c8a-a7dc-89a597f814a9,1395775047,node,amenity,marketplace,کمرشل مارکیٹ,کمرشل مارکیٹ,,,,OSM,,,33.6375246,73.0707775,Islamabad,Islamabad Capital Territory,Pakistan,,,,,
b67ff48c-47e5-5d28-b294-4a4d0505e7f8,4774726804,node,amenity,bank,نیشنل بینک آف پاکستان,نیشنل بینک آف پاکستان,,,,OSM,,,33.6364845,73.0697925,Islamabad,Islamabad Capital Territory,Pakistan,,,نیشنل بینک آف پاکستان,نیشنل بینک آف پاکستان,
e1c74eaf-0c41-5a35-bcca-4d884bda8d4b,4774755947,node,amenity,bank,ایم سی بی بینک,ایم سی بی بینک,,,,OSM,,,33.6368791,73.0685606,Islamabad,Islamabad Capital Territory,Pakistan,,,ایم سی بی بینک,,
7066bb90-a99d-5a89-98ed-6c8653a8799a,4774757532,node,amenity,bank,Habib bank limited,,,,,OSM,,,33.638067,73.0675946,Islamabad,Islamabad Capital Territory,Pakistan,,,,,
90601cb0-cece-5552-b74f-a78905c30272,4774774724,node,amenity,bank,UBL bank,,,,,OSM,,,33.637913,73.0672435,Islamabad,Islamabad Capital Territory,Pakistan,,,,,
60df8587-46f6-5fcc-9c3d-3aa51d018f3f,4774776640,node,amenity,atm,,,,,,OSM,,,33.6380621,73.0676262,Islamabad,Islamabad Capital Territory,Pakistan,,,,Hbl,
6aed06c8-c5cc-5fad-b589-0c30bcbb1390,4774776641,node,amenity,police,New town police station,,,,,OSM,,,33.6380479,73.0679627,Islamabad,Islamabad Capital Territory,Pakistan,,,,,
f28ba59d-24fd-5521-a11d-e2b37b71fd92,7805754765,node,place,neighbourhood,Dhoke Kashmirian,,,,,OSM,,,33.6449494,73.0632258,Islamabad,Islamabad Capital Territory,Pakistan,,,,,
c1ad71b5-1498-5be2-881f-585899fd8f03,8449778681,node,amenity,bank,Bank Al Habib,,,,,OSM,,,33.6450305,73.0642122,Islamabad,Islamabad Capital Territory,Pakistan,,,,,
56dea918-d647-53f5-b995-2feda3eb0925,2606410068,node,healthcare,hospital,Brain Surgery Hospital,,,,,OSM,,,33.6365733,73.077516,Islamabad,Islamabad Capital Territory,Pakistan,,,,,
5ad62f06-4dad-509f-a2cb-c1baee906bea,4409195793,node,amenity,bank,allied bank,,,,,OSM,,,33.6408841,73.0784938,Islamabad,Islamabad Capital Territory,Pakistan,,,,,
ce7ba15d-057a-5b0c-8b4f-ba2f2d2c2555,4899416686,node,amenity,bank,National Bank,,,,,OSM,,,33.6420876,73.0763865,Islamabad,Islamabad Capital Territory,Pakistan,,,,,
c7027c88-89d2-5ec6-a8eb-8f6f7cdc9a47,4899417023,node,amenity,bank,دبئی اسلامی بینک,دبئی اسلامی بینک,,,,OSM,,,33.6396961,73.0763751,Islamabad,Islamabad Capital Territory,Pakistan,,,دبئی اسلامی بینک,,
ae85e26c-ae5b-55b6-85e4-4d8875970fb4,4899417039,node,amenity,bank,PICIC Commercial Bank,,,,,OSM,,,33.6373088,73.0747777,Islamabad,Islamabad Capital Territory,Pakistan,,,,,
b24a31fc-b289-5f04-8001-11568435272b,4899417040,node,amenity,bank,بینک الفلاح,بینک الفلاح,,,,OSM,,,33.6372216,73.0747315,Islamabad,Islamabad Capital Territory,Pakistan,,,بینک الفلاح,,
1dace6cb-33f5-5fe8-a046-9f348dfe164f,4899417041,node,amenity,atm,NIB Bank,,,,,OSM,,,33.6371267,73.0746884,Islamabad,Islamabad Capital Territory,Pakistan,,,,,
ba8bc9d4-1221-53ce-8269-bd527a483f97,7230243994,node,healthcare,hospital,Twin City Diagnostics,,,,,OSM,,,33.640755,73.0788445,Islamabad,Islamabad Capital Territory,Pakistan,,,,,
639e17e6-1b1a-599e-8796-340569f508f1,1670653331,node,amenity,bank,ایچ بی ایل پاکستان,ایچ بی ایل پاکستان,,,,OSM,,,33.6414553,73.0795963,Islamabad,Islamabad Capital Territory,Pakistan,,,ایچ بی ایل پاکستان,,
582d3ad9-68cd-50c9-8faf-2c4a6a636874,7805754764,node,place,neighbourhood,Dhoke Khillu Khan,,,,,OSM,,,33.6432782,73.0764314,Islamabad,Islamabad Capital Territory,Pakistan,,,,,
26113066-7a52-50a3-97f1-c95d0f934256,4899252247,node,amenity,bank,Bank of Punjab (UAAR Branch),,,,,OSM,,,33.6486392,73.0799451,Islamabad,Islamabad Capital Territory,Pakistan,,,,,
2b1f0c9e-6c19-5874-9c35-953c3db20b03,4535242390,node,amenity,bank,بینک الفلاح,بینک الفلاح,,,,OSM,,,33.6506871,73.0441898,Islamabad,Islamabad Capital Territory,Pakistan,,,بینک الفلاح,,
81cd318e-efdc-515b-8e27-6dca3f78ba4b,4535244389,node,amenity,bank,NIB bank,,,,,OSM,,,33.6508153,73.0443917,Islamabad,Islamabad Capital Territory,Pakistan,,,,,
322e955a-0155-5406-8c2e-6793bfaf5f68,4535632992,node,amenity,bank,HabibMetro Bank,,,,,OSM,,,33.6510351,73.04426,Islamabad,Islamabad Capital Territory,Pakistan,,,,,
8d672747-f540-5c1c-b130-5b315e693341,4697172393,node,amenity,bank,bank al habib limited,,,,,OSM,,,33.6504,73.0436592,Islamabad,Islamabad Capital Territory,Pakistan,,,,,
1304fde9-68d4-521d-93b3-84d47979f657,4697193889,node,amenity,bank,the nation bank,,,,,OSM,,,33.6503283,73.0429982,Islamabad,Islamabad Capital Territory,Pakistan,,,,,
22e3a150-f16c-583d-8b44-4ea059f51b55,4570331889,node,amenity,bank,askari bank,,,,,OSM,,,33.653729,73.0507716,Islamabad,Islamabad Capital Territory,Pakistan,,,,,
ef048678-b671-5e21-b77e-ea3a9334ef1f,4581456615,node,amenity,bank,summit bank,,,,,OSM,,,33.6562659,73.0554504,Islamabad,Islamabad Capital Territory,Pakistan,,,,,
a05b54c9-81cc-55db-8726-d7f3d62f5398,4581586890,node,healthcare,hospital,Ali hospital,,,,,OSM,,,33.6575297,73.0580065,Islamabad,Islamabad Capital Territory,Pakistan,,,,,
8d253f8a-9235-5299-b6fa-de60badbf42f,4581606690,node,amenity,bank,js bank,,,,,OSM,,,33.6564078,73.0560014,Islamabad,Islamabad Capital Territory,Pakistan,,,,,
c469a15a-9864-506d-93a7-2c08d9431ade,9287056961,node,leisure,park,,,,,,OSM,,,33.6638036,73.0456919,Islamabad,Islamabad Capital Territory,Pakistan,,,,,
fd2c0135-a7e7-597f-ae12-4d8b57c332a5,104638370,node,railway,station,اسلام آباد ریلوے اسٹیشن,اسلام آباد ریلوے اسٹیشن,,,,OSM,اسلام آباد ریلوے اسٹیشن,,33.6635385,73.047219,Islamabad,Islamabad Capital Territory,Pakistan,,,,,Q15228858
c05f1c70-b1a3-5c41-b5e1-87b410925cd5,4917473021,node,amenity,atm,,,,,,OSM,,,33.6660917,73.0504228,Islamabad,Islamabad Capital Territory,Pakistan,,,,Askari Bank,
e6c69fd3-cf44-5fc7-9cc1-3d2ce40e0119,4917473121,node,amenity,atm,,,,,,OSM,,,33.6669846,73.0471572,Islamabad,Islamabad Capital Territory,Pakistan,,,,Askari Bank,
1097ffd7-6d3c-5c2b-babc-36bd131ac990,4775499633,node,amenity,bank,National Bank op Pakistan,,,,,OSM,,,33.6707784,73.0567896,Islamabad,Islamabad Capital Territory,Pakistan,,,,,
ce07c9ba-5324-53be-bcbe-fb941441bd90,4568574590,node,amenity,police,Police checkpoint,,,,,OSM,,,33.6509999,73.0610452,Islamabad,Islamabad Capital Territory,Pakistan,,,,,
e551379d-7b61-5a6e-9f5d-bbff04d04645,4581538298,node,amenity,bank,soneri bank,,,,,OSM,,,33.6588813,73.0606093,Islamabad,Islamabad Capital Territory,Pakistan,,,,,
6011a8ad-cef4-523f-b6ad-f8a95b0aa5b2,4585274790,node,amenity,police,I-9/4 Police Station,,,,,OSM,,,33.6608303,73.0638104,Islamabad,Islamabad Capital Territory,Pakistan,,,,,
54b07b6f-b2b2-5477-980e-fc82fcc1c11c,4693828692,node,amenity,bank,MCB bank,,,,,OSM,,,33.6583878,73.0595943,Islamabad,Islamabad Capital Territory,Pakistan,,,,,
5e09b2c6-8d55-5b21-b8c7-7e6fb8dabe0d,4693980289,node,amenity,bank,Bank islami,,,,,OSM,,,33.6584609,73.0597546,Islamabad,Islamabad Capital Territory,Pakistan,,,,,
e8dd1a8c-253e-5f5f-9c12-f94768e5dad7,1792909675,node,amenity,marketplace,Panorama Shopping Centre,,,,,OSM,,,33.6516015,73.0736881,Islamabad,Islamabad Capital Territory,Pakistan,,,,,
e4d0c2ee-89d4-51af-a393-e972f3fcc961,4899250510,node,amenity,bank,سمٹ بینک,سمٹ بینک,,,,OSM,,,33.6547292,73.0817278,Islamabad,Islamabad Capital Territory,Pakistan,,,سمٹ بینک,سمٹ بینک,
377c8f7c-6acd-5852-a5f3-6d8128cad5e2,4899250512,node,amenity,bank,میزان بینک,میزان بینک,,,,OSM,,,33.6540163,73.0814766,Islamabad,Islamabad Capital Territory,Pakistan,,,میزان بینک,,
6e15ea14-5364-5060-933b-d81e5ec83c66,4899250513,node,amenity,bank,Habib BANK LTD FAIZABAD Branch,,,,,OSM,,,33.6539986,73.0819154,Islamabad,Islamabad Capital Territory,Pakistan,,,,,
ea3c8406-162e-5580-b7bc-0a0a0b280da1,4899252225,node,amenity,bank,United Bank - UBL,,,,,OSM,,,33.651948,73.0811885,Islamabad,Islamabad Capital Territory,Pakistan,,,,,
a973b293-c41f-5214-b863-7ae4376fbb82,7806080557,node,place,neighbourhood,گلشن دادن خان,,,,,OSM,,,33.6536015,73.0795873,Islamabad,Islamabad Capital Territory,Pakistan,,,,,
d601820d-73f1-5aeb-a714-2972c418ea38,4899250491,node,amenity,bank,عسکری بینک,عسکری بینک,,,,OSM,,,33.6599439,73.0837185,Islamabad,Islamabad Capital Territory,Pakistan,,,عسکری بینک,,
93b2a6fc-f2dd-519e-9789-84978daa1cb3,7806080558,node,place,neighbourhood,Gulistan-e-Jinnah,,,,,OSM,,,33.6594034,73.0852559,Islamabad,Islamabad Capital Territory,Pakistan,,,,,
586a5d3b-d376-555c-b325-7c763745a446,2653585818,node,amenity,bank,عسکری بینک,عسکری بینک,,,,OSM,,,33.6650664,73.0609272,Islamabad,Islamabad Capital Territory,Pakistan,,,عسکری بینک,,
069a0df6-c0d4-5e74-b5e1-2fcdaacff844,4917473122,node,amenity,bank,ایچ بی ایل پاکستان,ایچ بی ایل پاکستان,,,,OSM,,,33.6670878,73.0595634,Islamabad,Islamabad Capital Territory,Pakistan,,,ایچ بی ایل پاکستان,,
2e35c99a-3f77-5095-919b-a9b5cbff8ba6,4561962817,node,amenity,bank,Silk Bank,,,,,OSM,,,33.6663006,73.0756761,Islamabad,Islamabad Capital Territory,Pakistan,,,,,
e94790a9-4cd6-50d3-af3c-db24bc5a31db,4561963301,node,amenity,bank,MCB,ایم سی بی بینک,,,,OSM,,,33.6662337,73.0760719,Islamabad,Islamabad Capital Territory,Pakistan,,,MCB,,
0a58af9a-a599-52b7-96be-b9094d1f94f8,4561964009,node,amenity,bank,عسکری بینک,عسکری بینک,,,,OSM,,,33.6663275,73.0756136,Islamabad,Islamabad Capital Territory,Pakistan,,,عسکری بینک,,
012b17a1-4e09-5efa-b697-9fdc19924a66,4561967533,node,amenity,bank,HBL Bank,ایچ بی ایل پاکستان,,,,OSM,,,33.6673976,73.0754458,Islamabad,Islamabad Capital Territory,Pakistan,,,HBL Bank,,
8e1dc052-2e13-5a5d-b629-f0318a8e2f3a,4585250591,node,amenity,bank,بينک الحبيب,بينک الحبيب,,,,OSM,,,33.6690856,73.0750733,Islamabad,Islamabad Capital Territory,Pakistan,,,بينک الحبيب,,
a3e66d50-6508-570d-a707-4155d0b706db,7899134666,node,amenity,bank,Standard Chartered,,,,,OSM,,,33.666679,73.0738439,Islamabad,Islamabad Capital Territory,Pakistan,,,Standard Chartered,اسٹینڈرڈ چارٹرڈ,
30757753-377b-5a9b-9ca2-03709b8e3a25,7899134672,node,amenity,bank,الائیڈ بینک,الائیڈ بینک,,,,OSM,,,33.6674652,73.0758526,Islamabad,Islamabad Capital Territory,Pakistan,,,الائیڈ بینک,الائیڈ بینک لمیٹڈ,
c14e78fd-362e-55f7-a013-da2ebbfba1cc,12772382516,node,amenity,bank,Meezan Bank,میزان بینک,,,,OSM,,,33.6664766,73.0744311,Islamabad,Islamabad Capital Territory,Pakistan,,,Meezan Bank,,
7636bda0-0c0e-54b3-a3ff-a63e1ae10620,12772382517,node,amenity,bank,Bank Islami,,,,,OSM,,,33.6662221,73.0743544,Islamabad,Islamabad Capital Territory,Pakistan,,,,,
2f77b0ff-311a-5778-9b64-090b3ed9e133,4561974424,node,amenity,bank,یونائیٹڈ بینک لمیٹڈ,یونائیٹڈ بینک لمیٹڈ,,,,OSM,,,33.6693123,73.0751265,Islamabad,Islamabad Capital Territory,Pakistan,,,یونائیٹڈ بینک لمیٹڈ,,
59a9c4fc-682a-5e0e-83ab-4afd134c635e,4561975577,node,amenity,bank,فیصل بینک,فیصل بینک,,,,OSM,,,33.6693649,73.0749312,Islamabad,Islamabad Capital Territory,Pakistan,,,فیصل بینک,,
75babc53-9337-59e6-8db8-6273e27e79c0,4561976088,node,amenity,bank,NIB Bank,,,,,OSM,,,33.669144,73.0744606,Islamabad,Islamabad Capital Territory,Pakistan,,,,,
28f97bc8-d445-5607-b772-c2e2cf3a20b1,4561976820,node,amenity,bank,بینک الفلاح,بینک الفلاح,,,,OSM,,,33.6692124,73.0741393,Islamabad,Islamabad Capital Territory,Pakistan,,,بینک الفلاح,,
3fe46551-4a4f-5200-a688-767699c34946,4562011451,node,healthcare,pharmacy,,,,,,OSM,,,33.6721651,73.0747389,Islamabad,Islamabad Capital Territory,Pakistan,,,,,
2a5d2973-0aff-5897-9ecc-064a3f860334,2027831387,node,amenity,police,Police Station Sadiqabad,,,,,OSM,,,33.6419854,73.0945421,Islamabad,Islamabad Capital Territory,Pakistan,,,,,
e971bbef-050b-5b63-8756-f17cb4656780,5436199902,node,healthcare,pharmacy,Health Services Pharmacy,,,,,OSM,,,33.6455474,73.0922834,Islamabad,Islamabad Capital Territory,Pakistan,,,,Tahir Khanzada,
5dad3d6f-20e1-561e-8b39-5e780545ce02,1922654180,node,amenity,marketplace,Awan Colony- Dhok Kala Khan,,,,,OSM,,,33.6529897,73.0903559,Islamabad,Islamabad Capital Territory,Pakistan,,,,,
a92c6b7f-aa8d-5919-9fe1-e0ae45717e20,11669193623,node,healthcare,hospital,Shifa College of Dentistry,,,,,OSM,,,33.6500194,73.0956311,Islamabad,Islamabad Capital Territory,Pakistan,,,,,
2889faa8-4696-58df-b1c6-76e708dc1105,3761388557,node,leisure,park,,,,,,OSM,,,33.689973,73.0010898,Islamabad,Islamabad Capital Territory,Pakistan,,,,,
031ea69a-a198-5f9e-8637-a842322b5750,6452832189,node,leisure,park,F;LKL;MKKM;,,,,,OSM,,,33.6760059,73.0133624,Islamabad,Islamabad Capital Territory,Pakistan,,,,,
c2ccd025-4608-56a3-9c63-66062c75d927,4958569734,node,amenity,bank,عسکری بینک,عسکری بینک,,,,OSM,,,33.6778909,73.0167347,Islamabad,Islamabad Capital Territory,Pakistan,,,عسکری بینک,,
2d5f8e9e-2132-55ba-8d16-b61c7dbb5a19,4958569735,node,amenity,atm,بینک الفلاح,بینک الفلاح,,,,OSM,,,33.6772347,73.0164982,Islamabad,Islamabad Capital Territory,Pakistan,,,بینک الفلاح,,
28991d27-0be9-5f74-a13c-a1796f16cd48,6208198887,node,healthcare,pharmacy,TM Pharmacy,,,,,OSM,,,33.6760172,73.0144411,Islamabad,Islamabad Capital Territory,Pakistan,,,,,
0888d20c-470b-5b78-b485-d8cb8b50af80,6208206588,node,healthcare,hospital,Latif Health Centre,,,,,OSM,,,33.6764623,73.0156937,Islamabad,Islamabad Capital Territory,Pakistan,,,,,
a017a8f5-02f7-552c-8f42-3a26725dc086,4889677814,node,amenity,atm,UBL - United Bank Limited,,,,,OSM,,,33.6768904,73.030303,Islamabad,Islamabad Capital Territory,Pakistan,,,,,
e6f9d8ff-f930-5c4d-a950-0d7a4f8a29c4,5084818923,node,amenity,bank,National bank,,,,,OSM,,,33.6759542,73.0286373,Islamabad,Islamabad Capital Territory,Pakistan,,,,,
88aabaa2-e3c5-5890-8557-fa91e006e757,1336795800,node,amenity,atm,,,,,,OSM,,,33.6882789,73.0318299,Islamabad,Islamabad Capital Territory,Pakistan,,,,NBP,
0c1ba0eb-5f83-51a5-833b-ec1a56af54e7,2447001872,node,amenity,bank,National Bank - NBP,,,,,OSM,,,33.6881755,73.0319097,Islamabad,Islamabad Capital Territory,Pakistan,,,,,
12e24d77-bd3d-58d2-bf8c-2274d0f953fe,2447001882,node,amenity,bank,Bank Al-Habib,,,,,OSM,,,33.6882075,73.0319696,Islamabad,Islamabad Capital Territory,Pakistan,,,,,
8cea0dfa-9bd2-5b93-aabd-af161f60e3bf,2447001887,node,amenity,bank,میزان بینک,میزان بینک,,,,OSM,,,33.6882402,73.0320307,Islamabad,Islamabad Capital Territory,Pakistan,,,میزان بینک,,
e043dffa-a0f1-5b4a-80b3-f9666233c4ff,2447001892,node,amenity,bank,Punjab Bank,,,,,OSM,,,33.6882714,73.0320891,Islamabad,Islamabad Capital Territory,Pakistan,,,,,
725197b2-2bf9-55fe-8df2-94091d0ffa69,4889767118,node,amenity,bank,الائیڈ بینک لمیٹڈ,الائیڈ بینک لمیٹڈ,,,,OSM,,,33.688283,73.0332023,Islamabad,Islamabad Capital Territory,Pakistan,,,الائیڈ بینک لمیٹڈ,,
3cd1ccc7-d3ab-5ac0-baff-43a55042df7e,5169208521,node,amenity,bank,Bank of Punjab,,,,,OSM,,,33.6877289,73.0324034,Islamabad,Islamabad Capital Territory,Pakistan,,,,,
4c032331-0a73-5305-96e8-c67ce0fd0168,5169208522,node,amenity,bank,بينک الحبيب,بينک الحبيب,,,,OSM,,,33.6876715,73.0323056,Islamabad,Islamabad Capital Territory,Pakistan,,,بينک الحبيب,,
5f10da6c-8165-5c7c-8bbd-f8f466b1008f,5169208721,node,amenity,bank,سونیری بینک,سونیری بینک,,,,OSM,,,33.6877057,73.0323606,Islamabad,Islamabad Capital Territory,Pakistan,,,سونیری بینک,سونیری بینک,
e2935103-43be-5878-89e0-32564c4d82fe,6198997588,node,amenity,bank,بینک الفلاح,بینک الفلاح,,,,OSM,,,33.6875067,73.0321963,Islamabad,Islamabad Capital Territory,Pakistan,,,بینک الفلاح,,
37cb7742-33bc-5f58-9d83-f0f873731ab0,4961746368,node,amenity,bank,جے ایس بینک,جے ایس بینک,,,,OSM,,,33.6953059,73.0121253,Islamabad,Islamabad Capital Territory,Pakistan,,,جے ایس بینک,جے ایس بینک,
6be92312-b1a4-58cd-a510-1457cb0e3ff4,6969816885,node,amenity,bank,OLD Book Heaven,,,,,OSM,,,33.6943676,73.0135733,Islamabad,Islamabad Capital Territory,Pakistan,,,,,
d41ceb1d-8126-5ea8-ad48-0e8c17d7b7cb,4961746377,node,amenity,bank,Habib Metropolitan Bank,,,,,OSM,,,33.6942885,73.0145975,Islamabad,Islamabad Capital Territory,Pakistan,,,,,
588167e3-0b64-5d3c-98b3-b4ff7aab5dc3,4961746382,node,amenity,bank,Bank Al-Habib,,,,,OSM,,,33.6927922,73.0139113,Islamabad,Islamabad Capital Territory,Pakistan,,,,,
b6fbce63-71f5-5029-9d01-dd5c635e0fe9,4961746383,node,amenity,bank,National Bank - NBP,,,,,OSM,,,33.6930409,73.013738,Islamabad,Islamabad Capital Territory,Pakistan,,,,,
a881a1e8-7994-5d2e-a6d4-e4dec9dc36b4,4961746385,node,amenity,bank,میزان بینک,میزان بینک,,,,OSM,,,33.6930958,73.0141339,Islamabad,Islamabad Capital Territory,Pakistan,,,میزان بینک,,
c8fb16b7-0fb4-5033-a3b8-ea29668034f7,4961746386,node,amenity,bank,The Bank of Punjab,,,,,OSM,,,33.6931297,73.0136756,Islamabad,Islamabad Capital Territory,Pakistan,,,,,
e560c79e-0648-539f-82a9-d5646fea823b,61146664,node,amenity,bank,عسکری بینک,عسکری بینک,,,,OSM,,,33.698086,73.0112954,Islamabad,Islamabad Capital Territory,Pakistan,,,عسکری بینک,,
663cf0e2-ab5a-591f-92de-f0918139a189,61146673,node,amenity,bank,الائیڈ بینک لمیٹڈ,الائیڈ بینک لمیٹڈ,,,,OSM,,,33.6976525,73.0105887,Islamabad,Islamabad Capital Territory,Pakistan,,,الائیڈ بینک لمیٹڈ,,
496182f6-9fd9-55ae-8167-e88f7a64e180,61146691,node,amenity,bank,United Bank Ltd,,,,,OSM,,,33.6960411,73.0118772,Islamabad,Islamabad Capital Territory,Pakistan,,,,,
075bfba8-93ab-5850-ba9d-e2f9c262c8af,234511823,node,amenity,bank,اسٹینڈرڈ چارٹرڈ,اسٹینڈرڈ چارٹرڈ,,,,OSM,,,33.6966838,73.0113365,Islamabad,Islamabad Capital Territory,Pakistan,,,اسٹینڈرڈ چارٹرڈ,اسٹینڈرڈ چارٹرڈ,
88574547-0179-563f-904a-fbb3c62cd81e,4961414268,node,amenity,bank,Bank of Khyber,,,,,OSM,,,33.6978424,73.0119978,Islamabad,Islamabad Capital Territory,Pakistan,,,,,
5a4c730c-c672-5472-b35c-1421854107e5,4961414269,node,amenity,bank,دبئی اسلامی بینک,دبئی اسلامی بینک,,,,OSM,,,33.6980249,73.0111572,Islamabad,Islamabad Capital Territory,Pakistan,,,دبئی اسلامی بینک,,
18bd2cb9-7304-5757-ab73-ae29f69f949a,4961414270,node,amenity,bank,ایچ بی ایل پاکستان,ایچ بی ایل پاکستان,,,,OSM,,,33.697997,73.0110563,Islamabad,Islamabad Capital Territory,Pakistan,,,ایچ بی ایل پاکستان,,
5f42be72-c1a2-59ea-9c2e-a10f2cac23bd,4961414272,node,amenity,bank,BankIslami,,,,,OSM,,,33.6977776,73.0109785,Islamabad,Islamabad Capital Territory,Pakistan,,,,,
a8b0dc62-93d7-57e9-9377-465ff068c955,4961414282,node,amenity,bank,ایم سی بی بینک,ایم سی بی بینک,,,,OSM,,,33.6962796,73.0130564,Islamabad,Islamabad Capital Territory,Pakistan,,,ایم سی بی بینک,ایم سی بی بینک لمیٹڈ,
62130430-51f0-5e2b-919a-74e0d5e1991d,5442622222,node,amenity,bank,بینک الفلاح,بینک الفلاح,,,,OSM,,,33.6957678,73.0132871,Islamabad,Islamabad Capital Territory,Pakistan,,,بینک الفلاح,,
18958392-1e6d-5f35-9727-4b40b67ebfa5,6969812086,node,amenity,bank,OLD Books N Books 2,,,,,OSM,,,33.6955543,73.0134589,Islamabad,Islamabad Capital Territory,Pakistan,,,,,
3722550c-29b4-5e20-8024-cd7410be3f23,2147103755,node,amenity,marketplace,Jahangir Market,,,,,OSM,,,33.6925416,73.0299215,Islamabad,Islamabad Capital Territory,Pakistan,,,,,
fbcbe2c2-456d-5e3b-96a0-ff412da3611d,4898951685,node,amenity,bank,بینک اسلامی,بینک اسلامی,,,,OSM,,,33.6903353,73.0305651,Islamabad,Islamabad Capital Territory,Pakistan,,,بینک اسلامی,بینک اسلامی,
97b71b35-473a-509e-a93a-f7f81478b27c,4898951686,node,amenity,bank,HBL G9 Markaz,,,,,OSM,,,33.6898719,73.030805,Islamabad,Islamabad Capital Territory,Pakistan,,,,,
26806ba6-d95c-5240-a12e-8fdc10e986a7,4889712223,node,amenity,police,Post Office,,,,,OSM,,,33.6850989,73.0384573,Islamabad,Islamabad Capital Territory,Pakistan,,,,,
40e14f59-5d4e-5ee6-aa3c-0a4b0611f6d8,4889767108,node,amenity,bank,ایم سی بی بینک,ایم سی بی بینک,,,,OSM,,,33.6865106,73.0336688,Islamabad,Islamabad Capital Territory,Pakistan,,,ایم سی بی بینک,ایم سی بی بینک لمیٹڈ,
d8395067-d210-5f45-a2ca-7aa529c97f01,4889767112,node,amenity,bank,First Women Bank Limited,,,,,OSM,,,33.6876767,73.0344347,Islamabad,Islamabad Capital Territory,Pakistan,,,,,
015c8221-c8b4-5267-a71e-e7b601bba2b3,4572665990,node,amenity,bank,UBL bank,,,,,OSM,,,33.6844616,73.0419405,Islamabad,Islamabad Capital Territory,Pakistan,,,,,
d3fb06bc-f4cb-5118-9703-46ac46dabda2,4889677926,node,amenity,atm,عسکری بینک,عسکری بینک,,,,OSM,,,33.6831664,73.040453,Islamabad,Islamabad Capital Territory,Pakistan,,,عسکری بینک,,
5c8a312f-4ec1-52b3-bc64-7f9a441f4429,4889677927,node,amenity,bank,ایچ بی ایل پاکستان,ایچ بی ایل پاکستان,,,,OSM,,,33.6832623,73.0402813,Islamabad,Islamabad Capital Territory,Pakistan,,,ایچ بی ایل پاکستان,,
c85ed4a3-af2b-54dd-ad44-d7f18776e6db,4889681828,node,healthcare,pharmacy,,,,,,OSM,,,33.6838516,73.041094,Islamabad,Islamabad Capital Territory,Pakistan,,,,,
2f8c66b0-968b-552a-8f51-b660df371575,11897183371,node,amenity,bank,United Bank Limited (UBL),,,,,OSM,,,33.684082,73.0406647,Islamabad,Islamabad Capital Territory,Pakistan,,,,,
84a8ce42-c44d-5c88-935b-40fb211fedca,4967695200,node,amenity,bank,بینک الفلاح,بینک الفلاح,,,,OSM,,,33.6880062,73.0500384,Islamabad,Islamabad Capital Territory,Pakistan,,,بینک الفلاح,,
37b938ff-ec70-5242-86d5-d50fd84d21ca,4427484890,node,amenity,bank,"Allied Bank Limitted G-8/1, Islamabad",,,,,OSM,,,33.6892285,73.0518067,Islamabad,Islamabad Capital Territory,Pakistan,,,,,
b7729c3b-9ed5-5d68-a69d-f764e0c07059,5403441616,node,amenity,marketplace,Raftar Goods Forwarding Agency,,,,,OSM,,,33.6891482,73.0512487,Islamabad,Islamabad Capital Territory,Pakistan,,,,,
7495a78f-7d99-56f6-93c0-fa1e0c424b7f,6216031002,node,amenity,bank,TestBank,,,,,OSM,,,33.6891866,73.0502338,Islamabad,Islamabad Capital Territory,Pakistan,,,,,
dd7180e0-d6f3-5896-bec7-2f6bc1acfda0,4967695207,node,amenity,bank,میزان بینک,میزان بینک,,,,OSM,,,33.6907753,73.054869,Islamabad,Islamabad Capital Territory,Pakistan,,,میزان بینک,,
5b22b183-e3a4-52bc-9c58-21ab189a028b,4967739857,node,amenity,bank,HBL G-8 Branch,,,,,OSM,,,33.6910889,73.0554333,Islamabad,Islamabad Capital Territory,Pakistan,,,,,
8c519a2b-f999-56d5-a6f3-5cad18b7beeb,4967739860,node,amenity,bank,ایم سی بی بینک,ایم سی بی بینک,,,,OSM,,,33.6914272,73.0561163,Islamabad,Islamabad Capital Territory,Pakistan,,,ایم سی بی بینک,ایم سی بی بینک لمیٹڈ,
fcab0b36-1f21-5285-9541-ff85b9f28cae,4967673478,node,amenity,bank,عسکری بینک,عسکری بینک,,,,OSM,,,33.6962418,73.0496378,Islamabad,Islamabad Capital Territory,Pakistan,,,عسکری بینک,,
a8c0180b-61cb-5a77-9df9-c4fc53a02537,4967673487,node,amenity,bank,United Bank - UBL,,,,,OSM,,,33.6973107,73.0498679,Islamabad,Islamabad Capital Territory,Pakistan,,,,,
f328374c-522f-5a07-baa9-b76fde8956c8,4967673492,node,amenity,bank,یونائیٹڈ بینک لمیٹڈ,یونائیٹڈ بینک لمیٹڈ,,,,OSM,,,33.6977376,73.0495529,Islamabad,Islamabad Capital Territory,Pakistan,,,یونائیٹڈ بینک لمیٹڈ,,
f6ec6eba-29c0-5588-9b4e-19e96e2b18f8,4971666121,node,amenity,bank,"Askari Bank, G-8 Markaz",,,,,OSM,,,33.6962882,73.0498049,Islamabad,Islamabad Capital Territory,Pakistan,,,,,
2b62b787-7c69-5d71-9421-ce3ac5bd36d6,6265094288,node,healthcare,hospital,نوری ہسپتال اسلام آباد,نوری ہسپتال اسلام آباد,,,,OSM,,,33.6990693,73.052962,Islamabad,Islamabad Capital Territory,Pakistan,,,,,
efa5136f-c4b3-50d7-a8f5-faee9d5ec2a5,9239045272,node,amenity,bank,Habibmetro Bank,,,,,OSM,,,33.6983265,73.0486642,Islamabad,Islamabad Capital Territory,Pakistan,,,,,
64189dee-ef51-571d-b63c-eb1ea69e6dcb,4515618489,node,amenity,police,moterway driving licenseing,,,,,OSM,,,33.6847342,73.0596221,Islamabad,Islamabad Capital Territory,Pakistan,,,,,
204e3868-1284-5576-8437-1824e5392687,4986056622,node,tourism,museum,لوک ورثہ;لوک ورثہ عجائب گھر,لوک ورثہ;لوک ورثہ عجائب گھر,,,,OSM,لوک ورثہ عجائب گھر,,33.6885594,73.0726344,Islamabad,Islamabad Capital Territory,Pakistan,,,,National Institute of Folk & Traditional Heritage,Q3694624
d3a4a8bc-267b-5c51-9ad9-e2dda8c414fd,277500673,node,tourism,museum,Pakistan Museum of Natural History,,,,,OSM,Pakistan Museum of Natural History,,33.6865282,73.0761117,Islamabad,Islamabad Capital Territory,Pakistan,,,,,Q2046672
3ce1086d-8bb7-57bb-bcbf-8f451dfbafcd,4986057222,node,amenity,atm,,,,,,OSM,,,33.6881763,73.0733627,Islamabad,Islamabad Capital Territory,Pakistan,,,,UBL,
cd7f3a03-54de-5db0-b391-fdd5f3b3f353,255913888,node,amenity,police,Rescue 15,,,,,OSM,,,33.6994994,73.0597372,Islamabad,Islamabad Capital Territory,Pakistan,,,,,
44384b5e-ad0b-566c-a232-6555e5913523,297647905,node,amenity,fire_station,Islamabad Fire Department,,,,,OSM,,,33.6995966,73.0731389,Islamabad,Islamabad Capital Territory,Pakistan,,,,,
4e9febb9-dafc-579b-8b4d-a121ea072e8d,454932768,way,leisure,park,,,,,,OSM,,,33.6455955,73.0297421,Islamabad,Islamabad Capital Territory,Pakistan,,,,,
1fc5178c-fe18-507e-b663-998200dca720,1058257156,way,leisure,park,Community Park,,,,,OSM,,,33.6450257,73.0326524,Islamabad,Islamabad Capital Territory,Pakistan,,,,CDA,
fa1fb319-cc8d-5d74-8c43-96a244eb7328,608321005,way,leisure,park,PHA Appartments Children's Playground,,,,,OSM,,,33.6650949,73.0028401,Islamabad,Islamabad Capital Territory,Pakistan,,,,,
3939e579-1241-546a-a6b3-b5ce9db401fb,608321008,way,leisure,park,PHA Appartments Children's Playground,,,,,OSM,,,33.6648202,73.0026255,Islamabad,Islamabad Capital Territory,Pakistan,,,,,
7f001cfe-b541-5ba1-925b-c9b86a0ea5da,19094984,way,leisure,park,Jogging Park,,,,,OSM,,,33.6736739,73.006956,Islamabad,Islamabad Capital Territory,Pakistan,,,,CDA,
5dabfe9d-e228-5365-b5eb-8f6140bd124f,558043717,way,leisure,park,,,,,,OSM,,,33.6692993,73.0007166,Islamabad,Islamabad Capital Territory,Pakistan,,,,,
7ee3c40d-4cff-595a-b8f4-39f058deb409,506012158,way,leisure,park,G-11/3 Park,,,,,OSM,,,33.6742287,73.0031552,Islamabad,Islamabad Capital Territory,Pakistan,,,,,
0637af96-6578-5524-9022-22a36ecb4469,558043677,way,leisure,park,,,,,,OSM,,,33.6695837,73.0014881,Islamabad,Islamabad Capital Territory,Pakistan,,,,,
703db415-eaf3-5f7d-b572-dcca150eb5c4,1213959863,way,leisure,park,EE Lawn,,,,,OSM,,,33.6557579,73.0157357,Islamabad,Islamabad Capital Territory,Pakistan,,,,,
74f706b0-ecc2-5c5d-a8cc-bcda92a9df5f,212033242,way,education,university,"FAST - National University of Computer and Emerging Sciences, Islamabad",,,,,OSM,,,33.6564596,73.016446,Islamabad,Islamabad Capital Territory,Pakistan,,,,,
e3bd1292-d0c7-5ed3-8489-dc1c1ce3cfc8,1213959862,way,leisure,park,CS Lawn,,,,,OSM,,,33.6563006,73.0160077,Islamabad,Islamabad Capital Territory,Pakistan,,,,,
5f67e3ee-d2cd-5e6d-8f50-8ac26fffffc8,1213959864,way,leisure,park,FSM Lawn,,,,,OSM,,,33.6561335,73.0154323,Islamabad,Islamabad Capital Territory,Pakistan,,,,,
b0180327-5a8a-57a9-8bc0-b5b942bfab23,1314059176,way,natural,water,,,,,,OSM,,,33.6611811,73.0161097,Islamabad,Islamabad Capital Territory,Pakistan,,,,,
c755e253-fc54-5919-84ea-20e2c2f2af99,486382009,way,amenity,bank,عسکری بینک,عسکری بینک,,,,OSM,,,33.6497002,73.0206624,Islamabad,Islamabad Capital Territory,Pakistan,,,عسکری بینک,,
38fb8f77-0f98-5bcf-b197-8fb187a96952,23273936,way,leisure,park,,,,,,OSM,,,33.6518226,73.0311459,Islamabad,Islamabad Capital Territory,Pakistan,,,,,
ef9b2e95-3f77-5cc5-bd68-574bcb3df0bd,23273937,way,leisure,park,,,,,,OSM,,,33.6515905,73.0293951,Islamabad,Islamabad Capital Territory,Pakistan,,,,,
f967b652-3be8-50aa-92af-b6dbe4555466,23046679,way,leisure,park,Children Park,,,,,OSM,,,33.6707635,73.0136193,Islamabad,Islamabad Capital Territory,Pakistan,,,,,
61622896-b4f1-596c-b41b-69b95bc0ad90,558241288,way,leisure,park,,,,,,OSM,,,33.6758315,73.0151786,Islamabad,Islamabad Capital Territory,Pakistan,,,,,
2defd7c0-1e8b-5d95-91c8-bb883de3d5ef,23046541,way,leisure,park,,,,,,OSM,,,33.6730633,73.0104447,Islamabad,Islamabad Capital Territory,Pakistan,,,,,
ddadd9e4-db5e-5ffe-be5f-e8afca3b0a23,23046690,way,leisure,park,,,,,,OSM,,,33.6722864,73.0121166,Islamabad,Islamabad Capital Territory,Pakistan,,,,,
632bee28-209c-509d-8d04-d52dbad552e1,23046714,way,leisure,park,,,,,,OSM,,,33.674535,73.0128168,Islamabad,Islamabad Capital Territory,Pakistan,,,,,
38b4d414-2e5f-59c9-93a7-4b3d66c71240,506068997,way,leisure,park,"Children Park, G-10/2",,,,,OSM,,,33.6751674,73.0086403,Islamabad,Islamabad Capital Territory,Pakistan,,,,,
e48af2a3-2174-5249-95ad-4fcccad77baa,780222435,way,amenity,police,SSP Office Islamabad,,,,,OSM,,,33.6740579,73.0158595,Islamabad,Islamabad Capital Territory,Pakistan,,,,,
42220181-7fd1-5c2d-93d9-32cb68996a0b,23056187,way,leisure,park,,,,,,OSM,,,33.6763218,73.0253967,Islamabad,Islamabad Capital Territory,Pakistan,,,,,
6e91e874-e48f-5968-93b8-1f313f7f9ae5,733898813,way,leisure,park,Khayaban e sirsyed Playground,,,,,OSM,,,33.6359012,73.0450367,Islamabad,Islamabad Capital Territory,Pakistan,,,,,
524f7310-5991-5b80-b50b-291ff3ef9cc3,833356756,way,leisure,park,Allama Iqbal Park,,,,,OSM,,,33.6362938,73.0418478,Islamabad,Islamabad Capital Territory,Pakistan,,,,,
251f3374-bd47-5f66-aaa5-b0f77ab1659e,22328902,way,leisure,park,Kachnar Park,,,,,OSM,,,33.6806525,73.072942,Islamabad,Islamabad Capital Territory,Pakistan,,,,,
54830665-5278-5617-9837-426a9d5a370e,733886199,way,leisure,park,Milad Park,,,,,OSM,,,33.6357476,73.0433587,Islamabad,Islamabad Capital Territory,Pakistan,,,,,
518a76ac-70b2-5579-b40a-064d9dca99fd,781522966,way,landuse,cemetery,,,,,,OSM,,,33.6359545,73.0477159,Islamabad,Islamabad Capital Territory,Pakistan,,,,,
204fcd18-b10d-55b5-9c24-e29695477a4d,781522967,way,landuse,cemetery,,,,,,OSM,,,33.6348267,73.0486226,Islamabad,Islamabad Capital Territory,Pakistan,,,,,
41e78b5c-8ff5-581d-b638-04534614f6be,781522968,way,landuse,cemetery,,,,,,OSM,,,33.6337395,73.0477739,Islamabad,Islamabad Capital Territory,Pakistan,,,,,
6c5d862e-491d-580a-9986-0fdf4927a154,1309949118,way,leisure,park,,,,,,OSM,,,33.6417298,73.0345472,Islamabad,Islamabad Capital Territory,Pakistan,,,,,
b1f12c85-63f4-545f-b9db-605f751f93c7,263935660,way,leisure,park,Quaid e Azam Park,,,,,OSM,,,33.6390186,73.0435539,Islamabad,Islamabad Capital Territory,Pakistan,,,,,
13347f3c-d6a0-5a6d-b69b-cb37a661fc10,374254985,way,place,neighbourhood,CDA Colony,,,,,OSM,,,33.6420508,73.0420246,Islamabad,Islamabad Capital Territory,Pakistan,,,,,
38576a2b-e109-5007-a1a8-4df6dd17562a,833356743,way,leisure,park,Hafeez Jalandhari Park,,,,,OSM,,,33.64017,73.0461821,Islamabad,Islamabad Capital Territory,Pakistan,,,,,
7790e380-d73c-52ca-9b47-d2dd4b09063d,23273248,way,leisure,park,Cheeni Park,,,,,OSM,,,33.6472058,73.0346033,Islamabad,Islamabad Capital Territory,Pakistan,,,,,
906b08bd-228b-5895-a860-9823bb7ed932,498929148,way,leisure,park,Khadda Ground Park,,,I-10/4 Islamabad,,OSM,,,33.6443447,73.0453582,Islamabad,Islamabad Capital Territory,Pakistan,,,,,
f0c4dee3-2b49-5522-99a0-662d027b5a93,833356745,way,leisure,park,PHA Park Khayaben-e-Sir Syed,,,,,OSM,,,33.6399124,73.04874,Islamabad,Islamabad Capital Territory,Pakistan,,,,,
5bebbd6f-335a-5073-bd1e-2670ae26f0ed,833356746,way,landuse,cemetery,Khayaban-e-Sir Syed Cemetery,,,,,OSM,,,33.6396966,73.0493252,Islamabad,Islamabad Capital Territory,Pakistan,,,,,
90e23a71-e45d-5e0b-80e1-1feea606a129,23131106,way,healthcare,hospital,Holy Family Hospital,,,,,OSM,"Holy Family Hospital, Rawalpindi",,33.6406495,73.0569393,Islamabad,Islamabad Capital Territory,Pakistan,,,,,Q30279984
be4cd237-bd19-5ce0-af5d-e9204338c5bc,498929149,way,landuse,cemetery,,,,,,OSM,,,33.6490018,73.0555309,Islamabad,Islamabad Capital Territory,Pakistan,,,,,
e97f0ae7-55d2-51ce-82ab-319a2ecfe450,781522964,way,leisure,park,,,,,,OSM,,,33.6375568,73.0595189,Islamabad,Islamabad Capital Territory,Pakistan,,,,,
11519af6-ddaa-5761-a8d7-6800026c9588,477728712,way,leisure,park,Gulzar E Fatima,,,,,OSM,,,33.6360666,73.0719108,Islamabad,Islamabad Capital Territory,Pakistan,,,,,
d193cf57-d21e-5670-9478-d914755bbcbc,781522963,way,leisure,park,,,,,,OSM,,,33.6357047,73.0656511,Islamabad,Islamabad Capital Territory,Pakistan,,,,,
118fb82f-2a7c-5a93-adb4-fb03f8183837,781522962,way,leisure,park,باغ,باغ,,,,OSM,,,33.6347929,73.0682106,Islamabad,Islamabad Capital Territory,Pakistan,,,,,
a656ba00-1c14-579a-b220-a80321f8cb63,192905077,way,amenity,marketplace,,,,,,OSM,,,33.6364677,73.0812057,Islamabad,Islamabad Capital Territory,Pakistan,,,,,
a5c8bb76-bee5-5e6a-bd9c-bb4e193d6fb3,154535083,way,healthcare,hospital,Bilal Hospital,,,,,OSM,,,33.6338507,73.0788869,Islamabad,Islamabad Capital Territory,Pakistan,,,,,
daebd275-3b11-5bb7-ae66-17cf7f11688f,23131057,way,leisure,park,,,,,,OSM,,,33.6400993,73.0675695,Islamabad,Islamabad Capital Territory,Pakistan,,,,,
e651ebec-adf1-50de-8675-9ffd9024da89,480698965,way,leisure,park,,,,,,OSM,,,33.6382919,73.0695562,Islamabad,Islamabad Capital Territory,Pakistan,,,,,
918fccc9-c90c-5886-bd74-70c304dbd931,498544201,way,leisure,park,Al-Furqan Park,,,,,OSM,,,33.6411152,73.072788,Islamabad,Islamabad Capital Territory,Pakistan,,,,,
c2af8271-c625-570b-b016-943961269b40,23872274,way,leisure,park,Quaid-e-Azam Park,,,,,OSM,,,33.6463682,73.0602689,Islamabad,Islamabad Capital Territory,Pakistan,,,,,
7a402783-ec6b-5359-ac6d-c630e73cf6b9,23872277,way,leisure,park,F-Block Park,,,,,OSM,,,33.6444386,73.0603855,Islamabad,Islamabad Capital Territory,Pakistan,,,,,
a6618db8-5fed-50ce-a21a-ba63345b4f0c,281266725,way,leisure,park,Chinar Park,,,,,OSM,,,33.6478313,73.0605021,Islamabad,Islamabad Capital Territory,Pakistan,,,,,
3ee70e38-0694-546a-b754-b76e7ac71b54,781522965,way,landuse,cemetery,,,,,,OSM,,,33.6461841,73.0642647,Islamabad,Islamabad Capital Territory,Pakistan,,,,,
26ad3534-7133-5ba4-a959-2399a2356250,192219111,way,amenity,marketplace,Paracha Market,,,,,OSM,,,33.6416914,73.0820015,Islamabad,Islamabad Capital Territory,Pakistan,,,,,
e11e7da4-e9ca-5e4a-935e-67fc97b8603b,192887151,way,amenity,marketplace,,,,,,OSM,,,33.6387642,73.0836711,Islamabad,Islamabad Capital Territory,Pakistan,,,,,
9846d462-c12b-5e6d-97b4-b85ae9dbf94d,23070556,way,leisure,park,Allama Iqbal Park,,,,,OSM,,,33.6485579,73.0768509,Islamabad,Islamabad Capital Territory,Pakistan,,,,,
a52bd01f-7a36-5d88-b32f-f530952465e0,480699275,way,leisure,park,,,,,,OSM,,,33.648516,73.0766851,Islamabad,Islamabad Capital Territory,Pakistan,,,,,
a469902d-f303-5772-8f84-eb4b45a84667,1030669937,way,leisure,park,I-9 Park,,,,,OSM,,,33.6550958,73.0530586,Islamabad,Islamabad Capital Territory,Pakistan,,,,CDA,
7b32bcb4-c26a-52ef-85aa-fe78a707b554,781083825,way,landuse,cemetery,H-9 Graveyard,,,,,OSM,,,33.6740258,73.0348719,Islamabad,Islamabad Capital Territory,Pakistan,,,,,
8080ad26-b6db-5334-81e0-7ba4e32f1584,1309952202,way,landuse,cemetery,Christian Graveyard,,,,,OSM,,,33.6723437,73.0444237,Islamabad,Islamabad Capital Territory,Pakistan,,,,,
2b8ccb27-af9e-5479-8341-216e1842bbd9,559200250,way,leisure,park,,,,,,OSM,,,33.6669982,73.0508932,Islamabad,Islamabad Capital Territory,Pakistan,,,,,
fe261cf9-eb2f-573d-b86d-7b19ac7594f3,559200257,way,leisure,park,,,,,,OSM,,,33.6668045,73.0505059,Islamabad,Islamabad Capital Territory,Pakistan,,,,,
51caf3c2-04d2-55aa-8a7c-65ac47f56217,559200258,way,leisure,park,,,,,,OSM,,,33.6668297,73.0497305,Islamabad,Islamabad Capital Territory,Pakistan,,,,,
d241174d-7130-5158-9611-c601ef54ec0a,472678904,way,leisure,park,,,,,,OSM,,,33.6714457,73.0625768,Islamabad,Islamabad Capital Territory,Pakistan,,,,,
f075b9df-6861-52d8-9587-2d549bbb731c,1314059181,way,landuse,cemetery,,,,,,OSM,,,33.6717122,73.0504585,Islamabad,Islamabad Capital Territory,Pakistan,,,,,
d4fcbd27-e574-5aea-a233-a8ee2a2492ca,834052112,way,landuse,cemetery,,,,,,OSM,,,33.6509799,73.0652666,Islamabad,Islamabad Capital Territory,Pakistan,,,,,
14d03d78-b3b5-5785-b3fc-f170a8a7964f,1309945949,way,leisure,park,,,,,,OSM,,,33.653518,73.0637088,Islamabad,Islamabad Capital Territory,Pakistan,,,,,
fc66d540-00a2-59ad-8a85-53b74d8607ea,23028907,way,leisure,park,,,,,,OSM,,,33.6631219,73.0665145,Islamabad,Islamabad Capital Territory,Pakistan,,,,,
916e5324-1b22-5af6-ac0b-ae979c35d8fd,23029040,way,leisure,park,,,,,,OSM,,,33.6625684,73.068905,Islamabad,Islamabad Capital Territory,Pakistan,,,,,
f12638a8-834e-5778-be3c-4670a2d48eaa,460564167,way,amenity,marketplace,Darbar Market,,,,,OSM,,,33.6627324,73.070088,Islamabad,Islamabad Capital Territory,Pakistan,,,,,
36eb30d7-f835-5409-8b42-47295a9de650,1085905902,way,amenity,marketplace,Pandora,,,,,OSM,,,33.6514933,73.0734979,Islamabad,Islamabad Capital Territory,Pakistan,,,,,
e845362e-1ac8-5f92-a088-defe7f5c19ac,1309945942,way,leisure,park,CDA Park,,,,,OSM,,,33.6564082,73.0664125,Islamabad,Islamabad Capital Territory,Pakistan,,,,,
d73f3ca4-16e0-5c27-8f19-47d81ef9df23,460578264,way,amenity,police,Police Station I-9,,,,,OSM,,,33.6607764,73.0637634,Islamabad,Islamabad Capital Territory,Pakistan,,,,,
ccb8b675-84e7-5c3f-a078-7ce097b51975,707559486,way,railway,station,Metro Bus Terminal Photohar,,,,,OSM,,,33.660777,73.0656043,Islamabad,Islamabad Capital Territory,Pakistan,,,,Punjab,
625375af-85f1-52a6-b013-596df9f51e67,1309945943,way,leisure,park,CDA Park,,,,,OSM,,,33.657482,73.0656293,Islamabad,Islamabad Capital Territory,Pakistan,,,,,
8d2591df-759a-525d-9eb2-909f2df6ae88,1309945944,way,leisure,park,CDA Park,,,,,OSM,,,33.6581396,73.0650875,Islamabad,Islamabad Capital Territory,Pakistan,,,,,
12851d81-ffed-5f7a-b1a6-112365db01c6,455310160,way,amenity,marketplace,Usmania Market,,,,,OSM,,,33.6587911,73.0707936,Islamabad,Islamabad Capital Territory,Pakistan,,,,,
3a21147a-e61a-5346-8fd0-5458cc4ac9d6,177802459,way,amenity,marketplace,Farooq Corporation - deals in sanitary fittings,,,,,OSM,,,33.6542117,73.0822767,Islamabad,Islamabad Capital Territory,Pakistan,,,,,
388bf41d-b156-5a7e-9037-c3fcb0938a9a,23028721,way,leisure,park,,,,,,OSM,,,33.6626505,73.0784064,Islamabad,Islamabad Capital Territory,Pakistan,,,,,
e8c2e3d1-e429-5429-b627-5e4ea9263ac2,23028700,way,leisure,park,,,,,,OSM,,,33.6615861,73.0763464,Islamabad,Islamabad Capital Territory,Pakistan,,,,,
ebfb881f-f1f7-5cbd-8d4e-ef2cd82ce031,498929131,way,landuse,cemetery,,,,,,OSM,,,33.659301,73.0765121,Islamabad,Islamabad Capital Territory,Pakistan,,,,,
ed6381c2-b830-5917-9794-ab708d67cb83,23366619,way,leisure,park,,,,,,OSM,,,33.6762009,73.0717858,Islamabad,Islamabad Capital Territory,Pakistan,,,,,
46d17f11-8852-58f0-ab88-674f2d118e97,460572406,way,amenity,marketplace,Abu Huraira Market,,,,,OSM,,,33.6683204,73.066015,Islamabad,Islamabad Capital Territory,Pakistan,,,,,
c65fcab6-00f4-5cb1-bb86-4fb45c4759ea,498929155,way,leisure,park,,,,,,OSM,,,33.6651197,73.0653952,Islamabad,Islamabad Capital Territory,Pakistan,,,,,
14b86bf9-d628-5568-a6c4-59a52f3edfe8,568978182,way,leisure,park,CDA Park maintained by Shifa,,,,,OSM,,,33.674073,73.0679961,Islamabad,Islamabad Capital Territory,Pakistan,,,,,
715f6ec0-d8b3-5db9-82cd-6ede2efb5a93,1367151875,way,leisure,park,,,,,,OSM,,,33.6748675,73.069138,Islamabad,Islamabad Capital Territory,Pakistan,,,,,
420bc674-188d-5c8f-90fc-96334187f7fb,23028638,way,leisure,park,,,,,,OSM,,,33.6649909,73.0766223,Islamabad,Islamabad Capital Territory,Pakistan,,,,,
cb2a5c3f-53c8-5c23-abd9-5a2e77868593,23028744,way,leisure,park,,,,,,OSM,,,33.6642256,73.0742135,Islamabad,Islamabad Capital Territory,Pakistan,,,,,
e1a55edb-c14e-5555-9b95-8ae71610a294,556437820,way,leisure,park,,,,,,OSM,,,33.6671212,73.0734005,Islamabad,Islamabad Capital Territory,Pakistan,,,,,
c07cc74e-8fb2-5d65-aa70-f5cedb3669c6,558462741,way,leisure,park,,,,,,OSM,,,33.667966,73.0729448,Islamabad,Islamabad Capital Territory,Pakistan,,,,,
51df60ea-074c-57e5-b8ff-fa7458012e07,23028484,way,leisure,park,,,,,,OSM,,,33.665783,73.081801,Islamabad,Islamabad Capital Territory,Pakistan,,,,,
aba1502c-3b3d-5801-853e-fb6b83b594b2,23010384,way,leisure,park,,,,,,OSM,,,33.6708814,73.0777346,Islamabad,Islamabad Capital Territory,Pakistan,,,,,
53f11e5e-ecf2-57b4-a34f-eec4c272b96e,23010386,way,leisure,park,,,,,,OSM,,,33.6703563,73.0747348,Islamabad,Islamabad Capital Territory,Pakistan,,,,,
c7a49bec-6d4c-5194-863d-6f276db514fd,192219222,way,amenity,marketplace,,,,,,OSM,,,33.6420542,73.0874105,Islamabad,Islamabad Capital Territory,Pakistan,,,,,
811b5549-44c1-558b-b8bb-22441c5302b3,192220853,way,amenity,police,,,,,,OSM,,,33.6419517,73.0946023,Islamabad,Islamabad Capital Territory,Pakistan,,,,,
3e9df3a3-d520-5512-a931-c218c6130685,906114720,way,landuse,cemetery,,,,,,OSM,,,33.6432727,73.0998737,Islamabad,Islamabad Capital Territory,Pakistan,,,,,
ecc1a76e-b107-5a47-8439-faf43a419529,498929169,way,landuse,cemetery,,,,,,OSM,,,33.6561115,73.0947007,Islamabad,Islamabad Capital Territory,Pakistan,,,,,
9e9bf43d-b850-59ff-b5e0-1bb8017ecc6b,781529043,way,landuse,cemetery,,,,,,OSM,,,33.6559084,73.0927716,Islamabad,Islamabad Capital Territory,Pakistan,,,,,
01822b9c-251c-526d-b5f7-cdba42482545,498929168,way,landuse,cemetery,,,,,,OSM,,,33.6602792,73.0958235,Islamabad,Islamabad Capital Territory,Pakistan,,,,,
b2dfdbf8-4d1d-517a-b824-0eebec368fe8,8058334,way,leisure,park,فاطمہ جناح پارک,فاطمہ جناح پارک,ایف-9 پارک,,,OSM,کیپیٹل پارک اسلام آباد,,33.7017137,73.0221392,Islamabad,Islamabad Capital Territory,Pakistan,,,,,Q3305506
aaa0be63-bcdd-5f2e-b868-0cd9676a2012,1064091664,way,leisure,park,F9 Park,,,,,OSM,,,33.7017308,73.0220344,Islamabad,Islamabad Capital Territory,Pakistan,,,,,
931b52ad-cbbe-5779-a1de-6d0d92c84149,497185028,way,leisure,park,Junaid Jamsheed Park,,,,,OSM,,,33.6783358,73.0052101,Islamabad,Islamabad Capital Territory,Pakistan,,,,,
5fb4e633-45b7-5048-b04f-9a9a853a325b,506068996,way,leisure,park,IIUI HOSTELS TRACK,,,,,OSM,,,33.6812398,73.0057946,Islamabad,Islamabad Capital Territory,Pakistan,,,,,
f8da35ee-23b4-5529-a1b0-2f5ad95841e2,22741769,way,leisure,park,,,,,,OSM,,,33.6876911,73.0062261,Islamabad,Islamabad Capital Territory,Pakistan,,,,,
bea0718f-a1ae-52fa-b430-2b4a7f74effa,469552010,way,leisure,park,,,,,,OSM,,,33.6851736,73.0038866,Islamabad,Islamabad Capital Territory,Pakistan,,,,,
aead01ef-8213-58e2-a68b-cc7784078e0b,470013765,way,leisure,park,,,,,,OSM,,,33.6906999,73.003484,Islamabad,Islamabad Capital Territory,Pakistan,,,,,
c8c8b9d3-ddc8-5e8e-a831-a2c4b1c1d481,780890427,way,leisure,park,Ladies Park G-10,,,,,OSM,,,33.6792984,73.0150897,Islamabad,Islamabad Capital Territory,Pakistan,,,,,
cc524004-f5c8-57d6-8cc6-eecb9d30688c,23006070,way,leisure,park,Bara Park,,,,,OSM,,,33.686248,73.0197034,Islamabad,Islamabad Capital Territory,Pakistan,,,,,
d15f474e-ea2e-5e3d-90f0-37821caf736a,23056159,way,leisure,park,Multipurpose Public Park,,,,,OSM,,,33.6802019,73.0209593,Islamabad,Islamabad Capital Territory,Pakistan,,,,,
dfc15723-138c-5c4f-9b38-228a8abbf7f3,23062523,way,leisure,park,باغ,باغ,,,,OSM,,,33.683191,73.0196561,Islamabad,Islamabad Capital Territory,Pakistan,,,,,
0252fcc6-c4df-5dbb-a585-2efc2ba026e0,23153120,way,leisure,park,,,,,,OSM,,,33.689019,73.0157917,Islamabad,Islamabad Capital Territory,Pakistan,,,,,
9ec8a8a5-a18e-5cd8-97fa-ef4e3677937c,720888639,way,leisure,park,,,,,,OSM,,,33.6821086,73.0133527,Islamabad,Islamabad Capital Territory,Pakistan,,,,,
0ffc2053-713b-51a2-8467-5754d9560c1b,22777269,way,leisure,park,Chota Park,,,,,OSM,,,33.6848601,73.0173482,Islamabad,Islamabad Capital Territory,Pakistan,,,,,
cb218841-0746-5384-ac67-f5e88ce5241c,22777277,way,leisure,park,,,,,,OSM,,,33.6844828,73.0176363,Islamabad,Islamabad Capital Territory,Pakistan,,,,,
7cb9afb8-073c-589a-a4fa-f2acd551c5df,23678679,way,leisure,park,,,,,,OSM,,,33.6826024,73.0172774,Islamabad,Islamabad Capital Territory,Pakistan,,,,,
035f9777-0b3b-53fd-a5b9-ec8402f50656,23056167,way,leisure,park,kids Park,,,,,OSM,,,33.6797055,73.0224699,Islamabad,Islamabad Capital Territory,Pakistan,,,,,
87684b2d-126c-5e08-b306-fcabed9a81ee,23056170,way,leisure,park,Square Park,,,,,OSM,,,33.6790448,73.0235471,Islamabad,Islamabad Capital Territory,Pakistan,,,,,
a2df31da-d7a4-5f1f-853b-db748eff82f3,472220098,way,leisure,park,,,,,,OSM,,,33.6941519,73.0138437,Islamabad,Islamabad Capital Territory,Pakistan,,,,,
88ccbbc8-8e05-525a-a908-fc18309d21a9,472220102,way,leisure,park,,,,,,OSM,,,33.695348,73.0129122,Islamabad,Islamabad Capital Territory,Pakistan,,,,,
e64d54d9-d215-507e-9e48-3b42e23b73a8,472387386,way,leisure,park,مکڈونلڈز پارک,مکڈونلڈز پارک,,,,OSM,,,33.6924921,73.0200547,Islamabad,Islamabad Capital Territory,Pakistan,,,مكدونالدز,,
54b2c963-ba4d-58eb-a374-d51c6d85a47f,549377999,way,natural,water,,,,,,OSM,,,33.6995743,73.0131952,Islamabad,Islamabad Capital Territory,Pakistan,,,,,
26ff5921-4b2c-586e-ae9a-07fcc15cc6b3,556236824,way,leisure,park,,,,,,OSM,,,33.6961611,73.0125008,Islamabad,Islamabad Capital Territory,Pakistan,,,,,
a501f15a-90c6-5438-a9e5-97edb0c308df,558731830,way,leisure,park,,,,,,OSM,,,33.698164,73.0098988,Islamabad,Islamabad Capital Territory,Pakistan,,,,,
9ce47483-a386-5099-be6b-9476aa9121a7,549374469,way,natural,water,,,,,,OSM,,,33.6977972,73.0176058,Islamabad,Islamabad Capital Territory,Pakistan,,,,,
63066fd1-405f-5c1c-9af7-98d4a6182faa,549375801,way,natural,water,,,,,,OSM,,,33.6976347,73.0162304,Islamabad,Islamabad Capital Territory,Pakistan,,,,,
fd59350e-f5d0-538c-a897-7a39135d077e,205505089,way,amenity,marketplace,Jahangir Market,,,,,OSM,,,33.6920473,73.0298068,Islamabad,Islamabad Capital Territory,Pakistan,,,,,
9a4727ab-4f89-5857-a219-f4f453bd53ed,205505090,way,leisure,park,,,,,,OSM,,,33.6899074,73.0273748,Islamabad,Islamabad Capital Territory,Pakistan,,,,,
17385fd8-31dc-57bb-89d0-fff634e0a06c,205505091,way,leisure,park,Childrens Park,,,,,OSM,,,33.6940449,73.0301698,Islamabad,Islamabad Capital Territory,Pakistan,,,,,
acfffe05-e1b8-5d25-ab3e-7b2a0408d890,23013668,way,leisure,park,باغ,باغ,,,,OSM,,,33.6888718,73.0373288,Islamabad,Islamabad Capital Territory,Pakistan,,,,,
4081da22-3d7a-5064-8d55-9c32ac8e36cb,154535328,way,amenity,marketplace,اتوار بازار,اتوار بازار,,,,OSM,,,33.6815698,73.045095,Islamabad,Islamabad Capital Territory,Pakistan,,,,,
602b5624-a034-5d51-a351-819e73cce4a0,19803219,way,leisure,park,CDA Public Park,,,,,OSM,,,33.6857169,73.0342797,Islamabad,Islamabad Capital Territory,Pakistan,,,,,
a3041439-cce8-54fe-8f07-7aaf8efd2155,118915171,way,amenity,marketplace,Faisal Market,,,,,OSM,,,33.6853728,73.0385601,Islamabad,Islamabad Capital Territory,Pakistan,,,,,
ce4b911f-81f9-5919-9643-5a0a06046de9,1348420760,way,leisure,park,,,,,,OSM,,,33.6872629,73.0381846,Islamabad,Islamabad Capital Territory,Pakistan,,,,,
a758309e-a414-5be4-bcd0-4e26b85cdc01,1308575036,way,leisure,park,G-9/4 Park and Playground,,,,,OSM,,,33.6868047,73.0409544,Islamabad,Islamabad Capital Territory,Pakistan,,,,,
ae13d572-6ce0-5a67-8a71-c5cba2de4aed,1159723535,way,leisure,park,,,,,,OSM,,,33.6780999,73.0539623,Islamabad,Islamabad Capital Territory,Pakistan,,,,,
cd05c7fb-4be1-586e-9216-f3c3b2bfaed5,1159723536,way,leisure,park,,,,,,OSM,,,33.677806,73.0548228,Islamabad,Islamabad Capital Territory,Pakistan,,,,,
7d5211d0-2bec-57ac-a7bb-4438c57b4c2b,498492159,way,leisure,park,Ladies and Family Park,,,,,OSM,,,33.691593,73.0345166,Islamabad,Islamabad Capital Territory,Pakistan,,,,,
37e61dab-9656-520a-a21b-a583454b06e6,498505426,way,leisure,park,M Munir Park,,,,,OSM,,,33.6927649,73.0454898,Islamabad,Islamabad Capital Territory,Pakistan,,,,,
470c3625-9aad-574f-a52d-fe8aaac00ee6,21057276,way,leisure,park,Community Park,,,,,OSM,,,33.696954,73.0361891,Islamabad,Islamabad Capital Territory,Pakistan,,,,,
ff15a881-3fa7-5829-bb75-658b026984cb,1341278993,way,place,neighbourhood,جے سالک کالونی,,,,,OSM,,,33.6941543,73.0482664,Islamabad,Islamabad Capital Territory,Pakistan,,,,,
38c5c0f2-e59b-5965-8304-29f4f46c27b1,1341278991,way,place,neighbourhood,مشرف کالونی,,,,,OSM,,,33.6942583,73.0542307,Islamabad,Islamabad Capital Territory,Pakistan,,,,,
08c43173-8d8c-5003-81ca-1b09d687119f,22328601,way,healthcare,hospital,Pakistan Institute for Medical Sciences (PIMS),,,,,OSM,,,33.7022057,73.0526383,Islamabad,Islamabad Capital Territory,Pakistan,,,,,
b02d3359-4411-5223-82e3-0bb9deebcee8,22999246,way,healthcare,hospital,نوری ہسپتال,نوری ہسپتال,,,,OSM,,,33.6994213,73.0535524,Islamabad,Islamabad Capital Territory,Pakistan,,,,,
09e754db-3883-538d-aa50-e31eb97839f0,740117911,way,leisure,park,Cricket Ground,,,,,OSM,,,33.6957213,73.0517758,Islamabad,Islamabad Capital Territory,Pakistan,,,,,
db95e126-89cc-5b0a-a050-6bda19f4ba80,1341278990,way,place,neighbourhood,مسکین کالونی,,,,,OSM,,,33.6956469,73.0556282,Islamabad,Islamabad Capital Territory,Pakistan,,,,,
c14dfd6c-4b2a-5cd8-9e2a-25881dbc6b09,1341278992,way,place,neighbourhood,ہنسا کالونی,,,,,OSM,,,33.6911827,73.0511455,Islamabad,Islamabad Capital Territory,Pakistan,,,,,
bc09ccd0-e5ad-5444-a164-b283d775a534,557398389,way,leisure,park,,,,,,OSM,,,33.6993533,73.0467612,Islamabad,Islamabad Capital Territory,Pakistan,,,,,
6419accf-5a72-561f-8700-049f1625cbbb,740117919,way,leisure,park,,,,,,OSM,,,33.7001716,73.051207,Islamabad,Islamabad Capital Territory,Pakistan,,,,,
abea6d89-07b6-530f-a9cc-45f28e023959,1375306903,way,leisure,park,,,,,,OSM,,,33.6990592,73.051135,Islamabad,Islamabad Capital Territory,Pakistan,,,,,
6e8ae2f8-16e8-5d00-94b3-2d52fca4221c,1309658634,way,leisure,park,,,,,,OSM,,,33.6792003,73.0684617,Islamabad,Islamabad Capital Territory,Pakistan,,,,,
710e8b4d-07f6-58be-861a-98a7a3f435a6,8602188,way,landuse,cemetery,اسلام آباد قبرستان,اسلام آباد قبرستان,,,,OSM,,,33.6867886,73.0653343,Islamabad,Islamabad Capital Territory,Pakistan,,,,,
78dd8b4f-ca53-52a6-a850-2e3965f35b5f,1314060115,way,landuse,cemetery,,,,,,OSM,,,33.6857405,73.0684566,Islamabad,Islamabad Capital Territory,Pakistan,,,,,
d22ea6c2-81b4-55d8-8055-772249c5dc90,474392120,way,leisure,park,,,,,,OSM,,,33.6887189,73.0739413,Islamabad,Islamabad Capital Territory,Pakistan,,,,,
a6b958bc-5388-57bf-870b-fdd291380647,472047473,way,tourism,museum,Pakistan Monument Museum,,,,,OSM,,,33.6926042,73.069507,Islamabad,Islamabad Capital Territory,Pakistan,,,,,Q86452047
8c6be20a-c569-50ed-a05c-9542282c5ad4,721263193,way,leisure,park,,,,,,OSM,,,33.6962728,73.0614693,Islamabad,Islamabad Capital Territory,Pakistan,,,,,
699d9e74-fdab-563d-989b-a545328b5ae2,547345440,way,natural,water,,,,,,OSM,,,33.6942733,73.0774637,Islamabad,Islamabad Capital Territory,Pakistan,,,,,
b78a7fff-ac3d-50ec-a92f-c03feb6cf694,557009252,way,natural,water,,,,,,OSM,,,33.6977626,73.085145,Islamabad,Islamabad Capital Territory,Pakistan,,,,,
4b9b1008-5bbf-5c55-8f45-2bdc95362c43,557009254,way,natural,water,,,,,,OSM,,,33.6980206,73.0849582,Islamabad,Islamabad Capital Territory,Pakistan,,,,,
a390e372-795d-5327-830f-36c097186ff8,557009256,way,natural,water,,,,,,OSM,,,33.6973269,73.0854579,Islamabad,Islamabad Capital Territory,Pakistan,,,,,
3f592c30-08b3-53fd-9035-dd4a04e933fe,12726106,relation,natural,water,,,,,,OSM,,,33.6974387,73.0154939,Islamabad,Islamabad Capital Territory,Pakistan,,,,,
9278d143-b88b-59a3-b542-edca1470968a,4965273765,node,amenity,atm,ABL ATM,,,,,OSM,,,33.7146264,73.0193222,Islamabad,Islamabad Capital Territory,Pakistan,,,,,
fab697cc-67f0-594a-b372-4aed716027ac,4965273766,node,amenity,bank,الائیڈ بینک,الائیڈ بینک,,,,OSM,,,33.7146967,73.019298,Islamabad,Islamabad Capital Territory,Pakistan,,,الائیڈ بینک,الائیڈ بینک لمیٹڈ,
b1ce00c1-5105-573b-a53b-4cb7fb083f07,4965273767,node,amenity,bank,ایم سی بی بینک,ایم سی بی بینک,,,,OSM,,,33.7147659,73.0192819,Islamabad,Islamabad Capital Territory,Pakistan,,,ایم سی بی بینک,,
dcfeea76-deb8-505c-9817-2b362f6d0fb7,7577900885,node,leisure,park,فاطمہ جناح پارک,فاطمہ جناح پارک,ایف-9 پارک;ایف-9,,,OSM,کیپیٹل پارک اسلام آباد,,33.7021194,73.0209926,Islamabad,Islamabad Capital Territory,Pakistan,,,,,Q3305506
a5da0afc-4646-5771-97d2-4a70255238dd,4963837814,node,amenity,police,Traffic Police Office,,,,,OSM,,,33.7063075,73.0321113,Islamabad,Islamabad Capital Territory,Pakistan,,,,,
1417a2fe-3426-55d5-8f39-3387eb211421,6521223343,node,healthcare,hospital,Surgical Centre Islamabad,,Surgical Centre,,,OSM,,,33.7149444,73.0333152,Islamabad,Islamabad Capital Territory,Pakistan,,,,,
af4f85c1-d90a-54a9-b8fd-b8dd5a048e9a,4965289174,node,amenity,bank,Habib bank,,,,,OSM,,,33.7155212,73.0190342,Islamabad,Islamabad Capital Territory,Pakistan,,,,,
b91d089a-8691-5edc-8de3-fa6f405ec16c,4964168706,node,amenity,bank,Allied Bank Bahria University Branch,,,,,OSM,,,33.7151149,73.028262,Islamabad,Islamabad Capital Territory,Pakistan,,,,,
c2b9efa0-493a-5637-9ec2-75868b3e94fe,4397163724,node,amenity,bank,اسٹینڈرڈ چارٹرڈ,اسٹینڈرڈ چارٹرڈ,,,,OSM,,,33.7127206,73.0369267,Islamabad,Islamabad Capital Territory,Pakistan,,,اسٹینڈرڈ چارٹرڈ,اسٹینڈرڈ چارٹرڈ,
1843daef-619e-55c9-9959-695c8ca98c93,4963936783,node,amenity,bank,الائیڈ بینک لمیٹڈ,الائیڈ بینک لمیٹڈ,,,,OSM,,,33.7126202,73.0370161,Islamabad,Islamabad Capital Territory,Pakistan,,,الائیڈ بینک لمیٹڈ,,
62e894ad-4004-5f07-9926-32dab1db381c,4963936786,node,amenity,bank,بینک الفلاح,بینک الفلاح,,,,OSM,,,33.712267,73.0372641,Islamabad,Islamabad Capital Territory,Pakistan,,,بینک الفلاح,,
964caca0-f6a6-52ea-9d41-48072b2e9f24,4963936795,node,amenity,bank,عسکری بینک,عسکری بینک,,,,OSM,,,33.7098472,73.0397006,Islamabad,Islamabad Capital Territory,Pakistan,,,عسکری بینک,,
99b43d55-ea9b-5ff5-b924-dd1bbdcdf0f7,4963936796,node,amenity,bank,Habib Metro Bank,,,,,OSM,,,33.7099355,73.0398691,Islamabad,Islamabad Capital Territory,Pakistan,,,,,
150dd753-7676-52a9-b507-32296bc6c364,4963936801,node,amenity,bank,نیشنل بینک آف پاکستان,نیشنل بینک آف پاکستان,,,,OSM,,,33.7100825,73.0395319,Islamabad,Islamabad Capital Territory,Pakistan,,,نیشنل بینک آف پاکستان,نیشنل بینک آف پاکستان,
e1a1e36d-fe84-598e-8d1c-6cecc8d72073,240218764,node,healthcare,hospital,Ali Medical Centre,,,,,OSM,,,33.7104738,73.0417644,Islamabad,Islamabad Capital Territory,Pakistan,,,,,
9c95a75f-77cb-5530-b2a2-32fdb1f86696,271790194,node,amenity,police,Margalla Police Station,,,,,OSM,,,33.7092748,73.0403645,Islamabad,Islamabad Capital Territory,Pakistan,,,,,
79b3eafb-e0d1-5f0c-a3c4-f284b7636fdb,4603345489,node,amenity,bank,میزان بینک,میزان بینک,,,,OSM,,,33.7116688,73.0409915,Islamabad,Islamabad Capital Territory,Pakistan,,,میزان بینک,,
d2e98120-b51f-557c-b58a-add906e5a094,4963936793,node,amenity,bank,Silkbank,,,,,OSM,,,33.709563,73.0409081,Islamabad,Islamabad Capital Territory,Pakistan,,,,,
e5e7035f-693f-5c01-84e1-88af4f52da2c,4963936794,node,amenity,bank,یونائیٹڈ بینک لمیٹڈ,یونائیٹڈ بینک لمیٹڈ,,,,OSM,,,33.7100501,73.0401237,Islamabad,Islamabad Capital Territory,Pakistan,,,یونائیٹڈ بینک لمیٹڈ,,
8837f173-6c71-5f39-89ec-801999369c47,4963936806,node,amenity,bank,Burj Bank Limited,,,,,OSM,,,33.7105166,73.0404564,Islamabad,Islamabad Capital Territory,Pakistan,,,,,
20c9594a-d634-5d77-b185-d02c0ac7675d,4963936812,node,amenity,bank,ایچ بی ایل پاکستان,ایچ بی ایل پاکستان,,,,OSM,,,33.7112647,73.0412263,Islamabad,Islamabad Capital Territory,Pakistan,,,ایچ بی ایل پاکستان,,
b13bd625-7767-5e3d-be01-7015be857f48,4774740074,node,amenity,bank,ایچ بی ایل پاکستان,ایچ بی ایل پاکستان,,,,OSM,,,33.7077463,73.0498034,Islamabad,Islamabad Capital Territory,Pakistan,,,ایچ بی ایل پاکستان,,
7618a212-80d4-5edc-bde1-5384c0e61df5,4956514624,node,leisure,park,Fun City,,,,,OSM,,,33.7081004,73.0505992,Islamabad,Islamabad Capital Territory,Pakistan,,,,,
af71fa17-ebb1-5edf-bfaa-9a346fa31f67,4966290317,node,amenity,bank,Zarai Taraqiati Bank,,,,,OSM,,,33.7076602,73.0566407,Islamabad,Islamabad Capital Territory,Pakistan,,,,,
c473a7b3-cf2c-59e5-8307-6345f28df1c2,11068308487,node,healthcare,hospital,Testing Hospital Ismail,,,,,OSM,,,33.7040908,73.056917,Islamabad,Islamabad Capital Territory,Pakistan,,,,,
95abeb8b-641f-59a5-8544-7ed47d596295,4652119396,node,amenity,bank,Muslim commercial bank,,,,,OSM,,,33.7114853,73.0578941,Islamabad,Islamabad Capital Territory,Pakistan,,,,,
ee3c6bcd-ecd5-55df-8b5c-bce478acaf94,4964226919,node,amenity,bank,جے ایس بینک,جے ایس بینک,,,,OSM,,,33.7116096,73.057879,Islamabad,Islamabad Capital Territory,Pakistan,,,جے ایس بینک,جے ایس بینک,
ec6f206a-e97d-56e5-8904-fc3d8791b5ef,4965273738,node,amenity,bank,Khushhali Bank Limited,,,,,OSM,,,33.712486,73.0569574,Islamabad,Islamabad Capital Territory,Pakistan,,,,,
e13f1828-587b-561e-b5e1-5b748f4945e0,4966256870,node,amenity,bank,ایچ بی ایل پاکستان,ایچ بی ایل پاکستان,,,,OSM,,,33.709045,73.0553881,Islamabad,Islamabad Capital Territory,Pakistan,,,ایچ بی ایل پاکستان,,
7fe05583-16d6-5fe3-abf8-f1b4fe7f4a0f,4966256879,node,amenity,bank,اسٹینڈرڈ چارٹرڈ,اسٹینڈرڈ چارٹرڈ,,,,OSM,,,33.7104311,73.0580815,Islamabad,Islamabad Capital Territory,Pakistan,,,اسٹینڈرڈ چارٹرڈ,اسٹینڈرڈ چارٹرڈ,
8d34431e-9b8f-58b3-8bbd-bdcf007e830d,4966256880,node,amenity,bank,BankIslami,,,,,OSM,,,33.7103355,73.0579026,Islamabad,Islamabad Capital Territory,Pakistan,,,,,
c223db84-5c77-5bc8-8610-069cf220f3b6,4966256883,node,amenity,bank,Bank Of Khyber,سمٹ بینک,,,,OSM,,,33.7108095,73.0588384,Islamabad,Islamabad Capital Territory,Pakistan,,,سمٹ بینک,سمٹ بینک,
d9f27f02-39a3-5d0c-8dc5-27555f1aae45,6089302585,node,amenity,bank,MCB Bank Limited,,,,,OSM,,,33.7097575,73.0572941,Islamabad,Islamabad Capital Territory,Pakistan,,,,,
d33a9d6b-50f2-5fea-8242-4af5f046084b,4964168701,node,amenity,atm,MCB ATM,,,,,OSM,,,33.71871,73.0362595,Islamabad,Islamabad Capital Territory,Pakistan,,,,,
51621fec-bcf6-5837-ab65-3f5d3966801f,4964054210,node,amenity,bank,National Bank,,,,,OSM,,,33.7223831,73.0365747,Islamabad,Islamabad Capital Territory,Pakistan,,,,,
97796bf5-5554-5f0c-bf89-0c511b092c3f,4964054213,node,amenity,bank,الائیڈ بینک,الائیڈ بینک,,,,OSM,,,33.7222006,73.0359143,Islamabad,Islamabad Capital Territory,Pakistan,,,الائیڈ بینک,الائیڈ بینک لمیٹڈ,
3ed2acf1-c832-55bb-955f-0d0d2c38d20f,4964054214,node,amenity,bank,میزان بینک,میزان بینک,,,,OSM,,,33.7218763,73.0361471,Islamabad,Islamabad Capital Territory,Pakistan,,,میزان بینک,,
f804f11c-443a-5455-a7a2-4b86e947988a,4964054215,node,amenity,bank,بينک الحبيب,بينک الحبيب,,,,OSM,,,33.7217271,73.0367276,Islamabad,Islamabad Capital Territory,Pakistan,,,بينک الحبيب,,
432ef603-3aa4-5c51-a573-fcd710981e15,4964054216,node,amenity,bank,عسکری بینک,عسکری بینک,,,,OSM,,,33.7215661,73.0363658,Islamabad,Islamabad Capital Territory,Pakistan,,,عسکری بینک,,
f7588814-e3fa-53d2-9023-998b30c5691d,4964054203,node,amenity,marketplace,CDA Market,,,,,OSM,,,33.7239258,73.0401171,Islamabad,Islamabad Capital Territory,Pakistan,,,,,
743fe161-1cc2-57d8-b112-1e85fb837e4d,4964243449,node,amenity,bank,یونائیٹڈ بینک لمیٹڈ,یونائیٹڈ بینک لمیٹڈ,,,,OSM,,,33.7195064,73.0527266,Islamabad,Islamabad Capital Territory,Pakistan,,,یونائیٹڈ بینک لمیٹڈ,,
6325c6d6-0f18-5af6-ab55-47eb126ba1ea,4964243451,node,amenity,bank,بینک الفلاح,بینک الفلاح,,,,OSM,,,33.7190536,73.0527486,Islamabad,Islamabad Capital Territory,Pakistan,,,بینک الفلاح,,
d7134ad1-0cb8-59ca-8504-58351c65c535,4397155842,node,amenity,bank,اسٹینڈرڈ چارٹرڈ,اسٹینڈرڈ چارٹرڈ,,,,OSM,,,33.7197146,73.0553152,Islamabad,Islamabad Capital Territory,Pakistan,,,اسٹینڈرڈ چارٹرڈ,اسٹینڈرڈ چارٹرڈ,
5d48cb7f-2824-5cbd-a7b4-26343ba0a44c,4397157195,node,amenity,bank,الائیڈ بینک,الائیڈ بینک,,,,OSM,,,33.7183088,73.0533342,Islamabad,Islamabad Capital Territory,Pakistan,,,الائیڈ بینک,الائیڈ بینک لمیٹڈ,
f40a5b60-764c-555b-85c2-12da490f0cbd,4397158009,node,amenity,bank,یونائیٹڈ بینک لمیٹڈ,یونائیٹڈ بینک لمیٹڈ,,,,OSM,,,33.7183758,73.0532751,Islamabad,Islamabad Capital Territory,Pakistan,,,یونائیٹڈ بینک لمیٹڈ,,
16937308-486f-531a-b751-0eaade92f825,4770511821,node,amenity,bank,NIB Bank,,,,,OSM,,,33.718736,73.0533747,Islamabad,Islamabad Capital Territory,Pakistan,,,,,
e6fb7623-ffe4-5cbd-a39d-363b59f01d16,4964243454,node,amenity,bank,MCB,ایم سی بی بینک,,,,OSM,,,33.7185582,73.0532515,Islamabad,Islamabad Capital Territory,Pakistan,,,MCB,,
9d7e1373-d814-5834-b7c5-33451d24e4d0,4964243457,node,amenity,bank,Silk Bank,,,,,OSM,,,33.7194408,73.0546742,Islamabad,Islamabad Capital Territory,Pakistan,,,,,
24f408c7-40ca-5f6f-90a6-d5654a0e78af,4964243459,node,amenity,bank,Muslim Commercial Bank,,,,,OSM,,,33.7199399,73.0546168,Islamabad,Islamabad Capital Territory,Pakistan,,,,,
5fdf11ef-81af-50b9-a2df-a0bcef951209,4964257363,node,amenity,bank,فیصل بینک,فیصل بینک,,,,OSM,,,33.7207985,73.0579625,Islamabad,Islamabad Capital Territory,Pakistan,,,فیصل بینک,,
e64770d1-f6f4-501a-b033-bfdfb5d287ab,5203710025,node,amenity,bank,Standard Chartered,,,,,OSM,,,33.7211261,73.058693,Islamabad,Islamabad Capital Territory,Pakistan,,,,,
c8f05012-6a19-5857-869a-e2e26b07f790,4964257369,node,amenity,bank,میزان بینک,میزان بینک,,,,OSM,,,33.7219272,73.0583983,Islamabad,Islamabad Capital Territory,Pakistan,,,میزان بینک,,
c2016033-4250-51d1-a8cd-978865db3b91,4964257380,node,amenity,bank,Habib Bank,,,,,OSM,,,33.7226433,73.0587728,Islamabad,Islamabad Capital Territory,Pakistan,,,,,
159168cf-d5f2-5f09-ad5e-a9529375510c,4966360762,node,amenity,bank,National Savings Bank,,,,,OSM,,,33.7054372,73.0694612,Islamabad,Islamabad Capital Territory,Pakistan,,,,,
4587c7c6-9c1f-5341-84ce-8e2367555d65,11395758971,node,amenity,bank,,,,,,OSM,,,33.7038728,73.0722447,Islamabad,Islamabad Capital Territory,Pakistan,,,,,
503724d8-5d65-50bf-b5b6-2de15c480512,11395765269,node,amenity,bank,Al Habib Islamic Bank,,,,,OSM,,,33.7036852,73.0720755,Islamabad,Islamabad Capital Territory,Pakistan,,,,,
5283227a-6652-57cc-8c5b-7fa6e0cd4d54,1728704712,node,amenity,bank,اسٹینڈرڈ چارٹرڈ,اسٹینڈرڈ چارٹرڈ,,,,OSM,,,33.7145413,73.0637504,Islamabad,Islamabad Capital Territory,Pakistan,,,اسٹینڈرڈ چارٹرڈ,اسٹینڈرڈ چارٹرڈ,
7101d0ff-b106-52ae-8c26-2bc1c9aa595d,2351617804,node,amenity,bank,AlBaraka bank Pakistan,,,,,OSM,,,33.7120483,73.0613958,Islamabad,Islamabad Capital Territory,Pakistan,,,,,
e400720a-72ff-55d3-a9e4-bb55ea9d71ae,4964228622,node,amenity,bank,First Women Bank Ltd. (FWBL),,,,,OSM,,,33.7149876,73.0645195,Islamabad,Islamabad Capital Territory,Pakistan,,,,,
2ebfc0c8-0a9d-5ab6-89a5-49ce976a634e,4966256890,node,amenity,bank,Soneri Bank Limited,,,,,OSM,,,33.7123687,73.0616155,Islamabad,Islamabad Capital Territory,Pakistan,,,,,
d4369e4e-ced1-5b81-8ccb-3328d60511d0,4966256895,node,amenity,bank,Bank Alfalah Islamic,,,,,OSM,,,33.7144254,73.065605,Islamabad,Islamabad Capital Territory,Pakistan,,,,,
ff157291-685a-53ae-9c1e-999e51a518a2,4966256898,node,amenity,bank,Habib Metro Bank,,,,,OSM,,,33.7146589,73.0660506,Islamabad,Islamabad Capital Territory,Pakistan,,,,,
52d785c3-4be2-5673-8bcd-f8ad770e7ce5,5439501054,node,amenity,bank,یونائیٹڈ بینک لمیٹڈ,یونائیٹڈ بینک لمیٹڈ,,,,OSM,,,33.7118352,73.0612173,Islamabad,Islamabad Capital Territory,Pakistan,,,یونائیٹڈ بینک لمیٹڈ,,
d6dda947-fa58-5d3a-8a95-bf636422642e,6936811187,node,amenity,atm,,,,,,OSM,,,33.7139018,73.0655882,Islamabad,Islamabad Capital Territory,Pakistan,,,,Super,
68721a6c-362d-5c8f-96bd-45f61c966202,11896452545,node,amenity,bank,United Bank Limited (UBL),یونائیٹڈ بینک لمیٹڈ,UBL,,,OSM,,,33.7116023,73.0613368,Islamabad,Islamabad Capital Territory,Pakistan,,,,,
8a99ec0a-7ad4-5a20-a408-9e95d494ae25,2351617865,node,amenity,bank,فیصل بینک,فیصل بینک,,,,OSM,,,33.7149203,73.0666107,Islamabad,Islamabad Capital Territory,Pakistan,,,فیصل بینک,,
ebef163a-0ec0-5ff1-80e9-34fe2eae4db8,4261349011,node,healthcare,clinic,Dr Salma Kafeel Clinic,,,,,OSM,,,33.7174231,73.0649213,Islamabad,Islamabad Capital Territory,Pakistan,,,,,
b6342d58-1ce6-579b-83ea-91533f8cb8f8,6131288585,node,place,neighbourhood,French Colony,,,,,OSM,,,33.7200819,73.0616415,Islamabad,Islamabad Capital Territory,Pakistan,,,,,
8ce47990-e688-57fb-93cf-bc6b330ef76f,2351617876,node,amenity,bank,الائیڈ بینک لمیٹڈ,الائیڈ بینک لمیٹڈ,,,,OSM,,,33.7158134,73.0683195,Islamabad,Islamabad Capital Territory,Pakistan,,,الائیڈ بینک لمیٹڈ,,
16fcd51e-53dc-52e9-a4c0-cfa737718d26,2351617879,node,amenity,bank,نیشنل بینک آف پاکستان,نیشنل بینک آف پاکستان,,,,OSM,,,33.7163335,73.0693028,Islamabad,Islamabad Capital Territory,Pakistan,,,نیشنل بینک آف پاکستان,نیشنل بینک آف پاکستان,
310b01ab-7809-556f-8da3-1d1620c32218,4966256903,node,amenity,bank,MCB,,,,,OSM,,,33.7164503,73.0695106,Islamabad,Islamabad Capital Territory,Pakistan,,,MCB,,
2fac459b-f809-5c63-8001-04a15bece240,4966256904,node,amenity,bank,عسکری بینک,عسکری بینک,,,,OSM,,,33.7164068,73.069409,Islamabad,Islamabad Capital Territory,Pakistan,,,عسکری بینک,,
8b2b7ecc-bdc9-5e80-beee-9512c836036e,4966256905,node,amenity,bank,بينک الحبيب,بينک الحبيب,,,,OSM,,,33.7168527,73.0702932,Islamabad,Islamabad Capital Territory,Pakistan,,,بينک الحبيب,,
7483b298-41bf-5026-98be-cb8536bb4c40,4966256906,node,amenity,bank,Silk Bank,,,,,OSM,,,33.7170859,73.0709711,Islamabad,Islamabad Capital Territory,Pakistan,,,,,
491d9609-c443-5822-86a2-7269f83379fe,254665431,node,amenity,police,تھانہ کوہسار,,,,,OSM,,,33.7220678,73.0603342,Islamabad,Islamabad Capital Territory,Pakistan,,,,,
1d6e2e53-47ce-5069-bbb8-9e9bacb3e14f,4964257378,node,amenity,bank,اسٹینڈرڈ چارٹرڈ,اسٹینڈرڈ چارٹرڈ,,,,OSM,,,33.7233617,73.0600404,Islamabad,Islamabad Capital Territory,Pakistan,,,اسٹینڈرڈ چارٹرڈ,اسٹینڈرڈ چارٹرڈ,
12c313fd-9066-5e91-9cea-d12d8f98735a,2351617918,node,amenity,bank,Al Baraka,,,,,OSM,,,33.7205139,73.07718,Islamabad,Islamabad Capital Territory,Pakistan,,,,,
69cd1677-ffaf-51b0-a4d3-7c4750f4ac66,2351617924,node,amenity,bank,,,,,,OSM,,,33.7211977,73.0788111,Islamabad,Islamabad Capital Territory,Pakistan,,,,,
7bfde970-cf2e-5759-bd33-526e01158676,4954642836,node,amenity,bank,فیصل بینک,فیصل بینک,,,,OSM,,,33.7212587,73.0785849,Islamabad,Islamabad Capital Territory,Pakistan,,,فیصل بینک,,
f1a6144f-35ae-5c5e-99d5-eb03a2070a21,4954690483,node,amenity,marketplace,Ayesha Plaza,,,,,OSM,,,33.7200044,73.0761819,Islamabad,Islamabad Capital Territory,Pakistan,,,,,
2a617e5f-169b-5124-8577-a1150b1d82a4,4954775544,node,amenity,bank,Bank of Punjab,,,,,OSM,,,33.7194363,73.0750204,Islamabad,Islamabad Capital Territory,Pakistan,,,,,
859223a4-508a-5d0f-ae98-60cd7fd627bc,4954775546,node,amenity,marketplace,Waheed Plaza,,,,,OSM,,,33.7190921,73.0748384,Islamabad,Islamabad Capital Territory,Pakistan,,,,,
774ca144-6218-57a6-8775-ad15a6869d7e,4954775548,node,amenity,atm,MCB Islamic Bank Ltd,,,,,OSM,,,33.7192813,73.0752349,Islamabad,Islamabad Capital Territory,Pakistan,,,,,
d07924c9-705a-536a-b1c5-248456fd8d27,4954775564,node,healthcare,hospital,Kulsum International Hospital,,,,,OSM,,,33.7180912,73.0727516,Islamabad,Islamabad Capital Territory,Pakistan,,,,,
6b62533c-898f-5c8e-9579-75e4de3ff2c4,4954775570,node,amenity,bank,National Bank Exchange Office,,,,,OSM,,,33.7185178,73.0739655,Islamabad,Islamabad Capital Territory,Pakistan,,,,,
febec063-f9dd-5534-bf44-c7c9bcc9f454,4954775571,node,amenity,bank,SME Bank Ltd,,,,,OSM,,,33.7201054,73.0730023,Islamabad,Islamabad Capital Territory,Pakistan,,,,,
0a61df7e-d9a3-51c0-80e8-85301cde57fc,253018400,node,healthcare,hospital,Poly Clinic Hospital,,,,,OSM,,,33.7211006,73.0828053,Islamabad,Islamabad Capital Territory,Pakistan,,,,,
4856f899-12d9-554e-9d05-990656926c04,255935080,node,amenity,bank,ایچ بی ایل پاکستان,ایچ بی ایل پاکستان,,,,OSM,,,33.7184222,73.0854265,Islamabad,Islamabad Capital Territory,Pakistan,,,ایچ بی ایل پاکستان,,
449ee354-c7d0-5100-82eb-d0a9d394aca3,255937348,node,amenity,bank,Muslim Commercial Bank,,,,,OSM,,,33.7162527,73.0855571,Islamabad,Islamabad Capital Territory,Pakistan,,,,,
355c262f-ffe9-5139-939e-610beed46421,4874973780,node,healthcare,pharmacy,Truworth Drug store,,,A big store for buying medicines and drugs.,,OSM,,,33.7166075,73.0842635,Islamabad,Islamabad Capital Territory,Pakistan,,,,,
2ae7a172-169e-50a0-ac5e-6fbd398a06b7,4954797285,node,amenity,marketplace,Irum Market,,,,,OSM,,,33.7152561,73.0816674,Islamabad,Islamabad Capital Territory,Pakistan,,,,,
4573ddd5-7f9e-56ae-9de4-7ea084023dd8,4954885502,node,amenity,bank,الائیڈ بینک لمیٹڈ,الائیڈ بینک لمیٹڈ,,,,OSM,,,33.7164959,73.0840317,Islamabad,Islamabad Capital Territory,Pakistan,,,الائیڈ بینک لمیٹڈ,,
5701da45-4bcb-5d6d-b62d-cd231d4af895,4954885503,node,amenity,atm,Bank Islami ATM,,,,,OSM,,,33.7167171,73.0838588,Islamabad,Islamabad Capital Territory,Pakistan,,,,,
e9522de9-c927-53ea-9134-c2d53c7a98d2,4954885507,node,amenity,bank,UBL civic center,,,,,OSM,,,33.7155509,73.0852634,Islamabad,Islamabad Capital Territory,Pakistan,,,,,
e468bad4-29ab-5a3e-9de2-ce8e7874f66e,4954642833,node,amenity,bank,First Women Bank,,,,,OSM,,,33.7225247,73.0781928,Islamabad,Islamabad Capital Territory,Pakistan,,,,,
9b16eb65-b593-56c6-a2cc-ed66d064fd1e,1140767607,node,healthcare,pharmacy,Goodwill Pharmacy,,,,,OSM,,,33.7225704,73.0822723,Islamabad,Islamabad Capital Territory,Pakistan,,,,,
890ab95e-b9fd-58a7-a6a9-fb54410ed790,2351617530,node,amenity,bank,الائیڈ بینک لمیٹڈ,الائیڈ بینک لمیٹڈ,,,,OSM,,,33.7226868,73.0816194,Islamabad,Islamabad Capital Territory,Pakistan,,,الائیڈ بینک لمیٹڈ,,
54de2530-980d-5dad-94cc-645eb92d6658,2351617533,node,amenity,bank,ایچ بی ایل پاکستان,ایچ بی ایل پاکستان,,,,OSM,,,33.7236625,73.0835047,Islamabad,Islamabad Capital Territory,Pakistan,,,ایچ بی ایل پاکستان,,
d1420ebb-7508-5caf-b8c6-4fb6b501a5ac,4954380797,node,amenity,bank,Askari Bank Limited,,,,,OSM,,,33.7239577,73.0836364,Islamabad,Islamabad Capital Territory,Pakistan,,,,,
59183b56-3055-5177-96cd-7a6caae36f1c,4954380811,node,amenity,bank,HBL Asset Management,,,,,OSM,,,33.7243055,73.0823003,Islamabad,Islamabad Capital Territory,Pakistan,,,,,
423348bc-8c64-5499-8866-d8df5a0d2cbb,4954642416,node,amenity,marketplace,Ghausia Plaza,,,,,OSM,,,33.7229262,73.0816995,Islamabad,Islamabad Capital Territory,Pakistan,,,,,
05adbd1c-b4ad-5fd9-b41e-98daabc2dccb,4954642822,node,amenity,bank,Burj Bank Limited,,,,,OSM,,,33.7227355,73.0813204,Islamabad,Islamabad Capital Territory,Pakistan,,,,,
e0f9bc4c-19f8-50f9-9676-d52a1eca67d2,4954642823,node,amenity,bank,Samba Bank,,,,,OSM,,,33.7226211,73.0811372,Islamabad,Islamabad Capital Territory,Pakistan,,,,,
064369ba-3ff9-5d07-926b-671dd3eb24b8,4954642828,node,amenity,bank,دبئی اسلامی بینک,دبئی اسلامی بینک,,,,OSM,,,33.7225353,73.0809789,Islamabad,Islamabad Capital Territory,Pakistan,,,دبئی اسلامی بینک,,
02101130-90c5-5daf-b635-9768c53024c7,4954642830,node,healthcare,pharmacy,Nayab Labs & Diagnostic Centre,,,,,OSM,,,33.7224539,73.0820408,Islamabad,Islamabad Capital Territory,Pakistan,,,,,
84461303-61ab-57c2-9447-fa2119e4da18,4954642831,node,healthcare,clinic,Hadi Jor Clinic,,,,,OSM,,,33.7224927,73.0821087,Islamabad,Islamabad Capital Territory,Pakistan,,,,,
b524c9d3-db3e-559a-82d1-c8aee57c1995,4954642834,node,amenity,bank,ABL Group Headquarter North 2,,,,,OSM,,,33.7216421,73.0792462,Islamabad,Islamabad Capital Territory,Pakistan,,,,,
84fd8de3-9d6f-5bd7-afcd-02382be733a6,5365964605,node,leisure,park,Airblue Crash Monument,,,,,OSM,,,33.7414923,73.0509441,Islamabad,Islamabad Capital Territory,Pakistan,,,,,
5b1879f8-866f-577a-a34e-3a5a9f84fe94,660956958,node,healthcare,pharmacy,Shaheen Pharmacy,,,,,OSM,,,33.7297173,73.0755121,Islamabad,Islamabad Capital Territory,Pakistan,,,,,
6f0b6a0c-cdb7-5e4f-be3a-38074de2837a,663128024,node,healthcare,pharmacy,Watsons,,,,,OSM,,,33.7296318,73.0753504,Islamabad,Islamabad Capital Territory,Pakistan,,,Watsons,,
4f1e347b-a454-53bd-9aba-021702267250,800040633,node,amenity,bank,HSBC,,,,,OSM,,,33.7288524,73.0759414,Islamabad,Islamabad Capital Territory,Pakistan,,,,HSBC,
7fd35689-c393-5261-8d6b-f9f43ea24ac9,800042361,node,healthcare,pharmacy,GNC,,,,,OSM,,,33.7316274,73.0790634,Islamabad,Islamabad Capital Territory,Pakistan,,,,GNC,
1316f981-3779-5e1b-b78d-01234ff5054a,1230663579,node,amenity,bank,ایم سی بی بینک,ایم سی بی بینک,,,,OSM,,,33.7295017,73.0750256,Islamabad,Islamabad Capital Territory,Pakistan,,,ایم سی بی بینک,,
d849a18f-7a66-5547-9e1d-265ab53908b4,1230663583,node,amenity,bank,یونائیٹڈ بینک لمیٹڈ,یونائیٹڈ بینک لمیٹڈ,,,,OSM,,,33.7294014,73.0748473,Islamabad,Islamabad Capital Territory,Pakistan,,,یونائیٹڈ بینک لمیٹڈ,,
4f2112c0-d003-503f-9269-988856a8b108,3517205378,node,amenity,bank,میزان بینک,میزان بینک,,,,OSM,,,33.730416,73.077175,Islamabad,Islamabad Capital Territory,Pakistan,,,میزان بینک,,
cfdef93d-ada1-5854-a6e2-40696d37ace6,4956981549,node,amenity,bank,Habib Bank Ltd,,,,,OSM,,,33.7312811,73.0780924,Islamabad,Islamabad Capital Territory,Pakistan,,,,,
6c63a4d7-03b2-5906-9e57-115103f3247c,4956981551,node,amenity,bank,National Bank - NBP,,,,,OSM,,,33.7302906,73.0788675,Islamabad,Islamabad Capital Territory,Pakistan,,,,,
9d6d22ff-440d-5ead-8fa5-978dfbcd05ce,4957032802,node,amenity,bank,اسٹینڈرڈ چارٹرڈ,اسٹینڈرڈ چارٹرڈ,,,,OSM,,,33.7303027,73.0762768,Islamabad,Islamabad Capital Territory,Pakistan,,,اسٹینڈرڈ چارٹرڈ,اسٹینڈرڈ چارٹرڈ,
92bd35c9-7c5e-57ea-8893-b93363b77ced,4957032809,node,amenity,bank,بینک الفلاح,بینک الفلاح,,,,OSM,,,33.7292331,73.0756487,Islamabad,Islamabad Capital Territory,Pakistan,,,بینک الفلاح,,
43838368-1bd2-56ef-9545-00b873a9de1f,4957032820,node,amenity,bank,Muslim Commercial Bank,,,,,OSM,,,33.7288678,73.0748309,Islamabad,Islamabad Capital Territory,Pakistan,,,,,
9f0ab374-1b2f-594b-affc-c4880ccfb519,4406908789,node,healthcare,clinic,Aziz Medical Center,,,,,OSM,,,33.7308751,73.0800905,Islamabad,Islamabad Capital Territory,Pakistan,,,,,
3101deb3-f165-5618-a033-fcd873d88cce,5150262527,node,amenity,atm,,,,,,OSM,,,33.7354261,73.0780655,Islamabad,Islamabad Capital Territory,Pakistan,,,,tuscanny resturant,
0bfdb6b0-8c77-5f1a-8214-3252c44b40d9,4956687769,node,amenity,bank,Faysal Bank Barkat,,,,,OSM,,,33.7079975,73.0895821,Islamabad,Islamabad Capital Territory,Pakistan,,,,,
ab6a6287-4b02-54b4-b2d4-6380e9125927,4956758369,node,amenity,bank,یونائیٹڈ بینک لمیٹڈ,یونائیٹڈ بینک لمیٹڈ,,,,OSM,,,33.7067958,73.0875198,Islamabad,Islamabad Capital Territory,Pakistan,,,یونائیٹڈ بینک لمیٹڈ,,
9e948436-6f41-5cf9-82a9-d138b956b547,4956758373,node,amenity,bank,National Bank - NBP,,,,,OSM,,,33.7065637,73.0870987,Islamabad,Islamabad Capital Territory,Pakistan,,,,,
1ff559d5-9ca1-5753-97f2-b42dc1c7d199,4956758378,node,amenity,atm,الائیڈ بینک لمیٹڈ,الائیڈ بینک لمیٹڈ,,,,OSM,,,33.7060683,73.0861143,Islamabad,Islamabad Capital Territory,Pakistan,,,الائیڈ بینک لمیٹڈ,,
d1709dc1-3686-562c-b6f2-2a5b2966d06e,4956758379,node,amenity,bank,ایچ بی ایل پاکستان,ایچ بی ایل پاکستان,,,,OSM,,,33.7059969,73.0859668,Islamabad,Islamabad Capital Territory,Pakistan,,,ایچ بی ایل پاکستان,,
43864d95-5fa9-50d6-923b-7d31bdd8013a,1714798901,node,amenity,marketplace,Sunday Bazaar,,,,,OSM,,,33.711244,73.0877349,Islamabad,Islamabad Capital Territory,Pakistan,,,,,
aaa780f9-2db4-5e5c-be3c-d84e033acccb,4955166932,node,amenity,bank,عسکری بینک,عسکری بینک,,,,OSM,,,33.7140766,73.0858139,Islamabad,Islamabad Capital Territory,Pakistan,,,عسکری بینک,,
6068c34e-624c-5c9e-b9d2-402a242c1936,4874973782,node,amenity,bank,National Savings Centre,,,,,OSM,,,33.7175095,73.0858929,Islamabad,Islamabad Capital Territory,Pakistan,,,,,
15c8f4c7-1764-59b0-8583-b926da2b8fd9,4956663343,node,healthcare,clinic,Haider Clinic,,,,,OSM,,,33.7188404,73.0941091,Islamabad,Islamabad Capital Territory,Pakistan,,,,,
b9f17d9b-8c95-5459-99b5-b54141b209f6,5023349921,node,tourism,museum,islamabad museum,,,,,OSM,,,33.7193507,73.0962959,Islamabad,Islamabad Capital Territory,Pakistan,,,,,
cf78c69e-2c6c-510e-b900-a526fd3a67e7,254985095,node,amenity,bank,Muslim Commercial Bank,,,,,OSM,,,33.7251136,73.0858755,Islamabad,Islamabad Capital Territory,Pakistan,,,,,
8ad0a29d-1efa-5006-a1d5-aae16432536f,2351617532,node,amenity,bank,عسکری بینک,عسکری بینک,,,,OSM,,,33.7264282,73.0883772,Islamabad,Islamabad Capital Territory,Pakistan,,,عسکری بینک,,
83b466f9-46a7-5fe7-bd34-5ef18ccf5ebb,2351617542,node,amenity,bank,The Bank of Khyber,,,,,OSM,,,33.7261599,73.0881962,Islamabad,Islamabad Capital Territory,Pakistan,,,,,
202999d8-2162-5963-b72d-7bfe67606471,4954380779,node,amenity,bank,اسٹینڈرڈ چارٹرڈ,اسٹینڈرڈ چارٹرڈ,,,,OSM,,,33.7266617,73.0867834,Islamabad,Islamabad Capital Territory,Pakistan,,,اسٹینڈرڈ چارٹرڈ,اسٹینڈرڈ چارٹرڈ,
3b409e68-6bf9-594f-a8d1-bd394c8ec9a3,4954380780,node,amenity,bank,بینک الفلاح,بینک الفلاح,,,,OSM,,,33.7270794,73.0865215,Islamabad,Islamabad Capital Territory,Pakistan,,,بینک الفلاح,,
e0134c4d-44cd-5238-8feb-0218415d44f8,4954380782,node,healthcare,hospital,Islamabad Private Hospital,,,,,OSM,,,33.7263874,73.0882827,Islamabad,Islamabad Capital Territory,Pakistan,,,,,
2db7f77a-e547-502b-9082-e425efd74765,4954380783,node,amenity,bank,میزان بینک,میزان بینک,,,,OSM,,,33.7263445,73.0881931,Islamabad,Islamabad Capital Territory,Pakistan,,,میزان بینک,,
8b252b02-344f-536c-8d0d-16c433c79662,4954380785,node,amenity,bank,Deutsche Bank,,,,,OSM,,,33.7260957,73.0887524,Islamabad,Islamabad Capital Territory,Pakistan,,,Deutsche Bank,,
1476044c-8fbf-58b4-b109-d1bdc72ff02f,4954380787,node,amenity,bank,Meezan Bank Limited,,,,,OSM,,,33.7260098,73.0876634,Islamabad,Islamabad Capital Territory,Pakistan,,,,,
6d535da9-7245-5ca2-aa60-f810173b31f3,4954380792,node,amenity,bank,Meezan Bank Regional Office North,,,,,OSM,,,33.7251624,73.0864664,Islamabad,Islamabad Capital Territory,Pakistan,,,,,
3a2800bc-0493-5750-8e27-8000e445af28,4954380795,node,amenity,bank,سندھ بینک,سندھ بینک,,,,OSM,,,33.7253605,73.0864103,Islamabad,Islamabad Capital Territory,Pakistan,,,سندھ بینک,,
e44a2832-1ecc-5ef4-a76e-51ba77d3d469,4945411884,node,amenity,atm,عسکری بینک,عسکری بینک,,,,OSM,,,33.7172806,73.0994963,Islamabad,Islamabad Capital Territory,Pakistan,,,عسکری بینک,,
882c5609-7bc2-5db8-b204-90bce6aeb3fe,4943934767,node,amenity,bank,"Habib Bank Ltd, Q-Block",,,,,OSM,,,33.7343643,73.0942237,Islamabad,Islamabad Capital Territory,Pakistan,,,,,
d647d503-5a38-5e5f-84a0-72bc5f3164c1,4943934752,node,amenity,bank,"National Bank of Pakistan, B-Block",,,,,OSM,,,33.7379144,73.0942782,Islamabad,Islamabad Capital Territory,Pakistan,,,,,
d2632846-fb02-5da1-8c00-4d79c06bb817,4943934761,node,amenity,bank,Habib Bank Ltd,,,,,OSM,,,33.7370798,73.0928512,Islamabad,Islamabad Capital Territory,Pakistan,,,,,
4b4b5f06-283f-55ad-b72f-6e21abd27b02,4943934762,node,amenity,bank,"National Bank of Pakistan, D-Block",,,,,OSM,,,33.7379885,73.0956065,Islamabad,Islamabad Capital Territory,Pakistan,,,,,
6f073092-03ba-54d0-a1ca-9a2f3a2fa4e8,158581154,way,leisure,park,PAF Golf Course,,,,,OSM,,,33.7189097,73.0107024,Islamabad,Islamabad Capital Territory,Pakistan,,,,,
decdfff6-1743-55ce-b526-400b929a0c54,469765602,way,natural,water,,,,,,OSM,,,33.7027804,73.0130918,Islamabad,Islamabad Capital Territory,Pakistan,,,,,
ec065426-39f9-5b67-9d2f-12837ec8b541,473069948,way,natural,water,,,,,,OSM,,,33.703517,73.0108686,Islamabad,Islamabad Capital Territory,Pakistan,,,,,
3b6c5111-ca31-5c72-ac35-d11e00e85ddd,549383880,way,natural,water,,,,,,OSM,,,33.7067585,73.0195916,Islamabad,Islamabad Capital Territory,Pakistan,,,,,
aaa0c97e-c2c2-5165-b659-a4d8a1317198,549411577,way,natural,water,,,,,,OSM,,,33.7059299,73.0168234,Islamabad,Islamabad Capital Territory,Pakistan,,,,,
fe2c3edb-b3c5-5814-a844-fc4d9d447c8d,549413822,way,natural,water,,,,,,OSM,,,33.7067738,73.0197052,Islamabad,Islamabad Capital Territory,Pakistan,,,,,
e6f598b4-989b-5614-bc04-ae381e119fe2,549414706,way,natural,water,,,,,,OSM,,,33.7071998,73.0171995,Islamabad,Islamabad Capital Territory,Pakistan,,,,,
d813bd54-b469-538a-a6d7-a5ddf3119c2e,320393000,way,natural,water,,,,,,OSM,,,33.705401,73.0239415,Islamabad,Islamabad Capital Territory,Pakistan,,,,,
0ba468ba-2ef0-5168-9225-d19499c1c75e,320393003,way,natural,water,,,,,,OSM,,,33.7052844,73.0234578,Islamabad,Islamabad Capital Territory,Pakistan,,,,,
5dbed551-f109-53d0-af89-e635b0f2c7ff,549422359,way,natural,water,,,,,,OSM,,,33.7067136,73.0222227,Islamabad,Islamabad Capital Territory,Pakistan,,,,,
ee6334a8-da46-5f46-8164-d1bb9eb3f03e,549696038,way,natural,water,,,,,,OSM,,,33.7061454,73.0248404,Islamabad,Islamabad Capital Territory,Pakistan,,,,,
5c73f640-e319-5667-bbb3-dae9d3927d20,549998106,way,natural,water,,,,,,OSM,,,33.7026405,73.0249673,Islamabad,Islamabad Capital Territory,Pakistan,,,,,
a58d10d0-1867-5504-bb7e-d43687f7d7be,549999646,way,natural,water,,,,,,OSM,,,33.7037165,73.0248951,Islamabad,Islamabad Capital Territory,Pakistan,,,,,
4e13eccb-248f-5483-9532-438c42b3935d,550000336,way,natural,water,,,,,,OSM,,,33.7029437,73.0257098,Islamabad,Islamabad Capital Territory,Pakistan,,,,,
3881c26c-6b35-5ace-9155-9bf7f3ea4776,550000748,way,natural,water,,,,,,OSM,,,33.7052237,73.0230469,Islamabad,Islamabad Capital Territory,Pakistan,,,,,
0f1609fb-9f8b-5203-93dc-cd3166abc231,550001008,way,natural,water,,,,,,OSM,,,33.7026781,73.0263132,Islamabad,Islamabad Capital Territory,Pakistan,,,,,
361e4558-1f76-57e1-806c-3f1bd10be42c,550211731,way,natural,water,,,,,,OSM,,,33.7081618,73.0237871,Islamabad,Islamabad Capital Territory,Pakistan,,,,,
408cfcb5-6123-5731-b47a-3cb26aca0107,550214203,way,natural,water,,,,,,OSM,,,33.704289,73.0244895,Islamabad,Islamabad Capital Territory,Pakistan,,,,,
b8575ba9-a5c6-576a-b191-c69920942eb2,1309960402,way,landuse,cemetery,F-9 Cemetary,,,,,OSM,,,33.7064024,73.0232343,Islamabad,Islamabad Capital Territory,Pakistan,,,,,
2ddaf544-79cd-53f9-93d8-1e0c6a6f895e,226312419,way,leisure,park,,,,,,OSM,,,33.7145802,73.0287278,Islamabad,Islamabad Capital Territory,Pakistan,,,,,
2cda3704-6c15-57d3-bfb9-4e59b2645a8a,226312431,way,leisure,park,مدینہ پارک,مدینہ پارک,,,,OSM,,,33.713725,73.0321382,Islamabad,Islamabad Capital Territory,Pakistan,,,,,
781d1ecd-9fcb-557e-b280-7f9404ca803c,226312415,way,leisure,park,,,,,,OSM,,,33.712062,73.0237975,Islamabad,Islamabad Capital Territory,Pakistan,,,,,
56a87d03-8146-59cb-a84a-e29fbabb55f0,549420205,way,natural,water,,,,,,OSM,,,33.7085955,73.0232543,Islamabad,Islamabad Capital Territory,Pakistan,,,,,
d2844bab-44f4-5b54-b973-fb472191bf87,549993275,way,natural,water,,,,,,OSM,,,33.7100495,73.0230974,Islamabad,Islamabad Capital Territory,Pakistan,,,,,
982643c1-f370-5bf3-b3fb-7ace030facfc,1173087162,way,leisure,park,Middlecoat Park,,,,,OSM,,,33.720343,73.0184756,Islamabad,Islamabad Capital Territory,Pakistan,,,,,
3a851bd0-db72-5c0f-9468-94a5e9f4251f,1173087161,way,leisure,park,,,,,,OSM,,,33.7222841,73.0179474,Islamabad,Islamabad Capital Territory,Pakistan,,,,,
35a7ac00-32ab-5f5f-88b8-e60827c37cac,226312428,way,leisure,park,,,,,,OSM,,,33.7171891,73.0333491,Islamabad,Islamabad Capital Territory,Pakistan,,,,,
9bc87700-7c62-5acf-9e13-785769184639,985066455,way,leisure,park,,,,,,OSM,,,33.7237017,73.0272149,Islamabad,Islamabad Capital Territory,Pakistan,,,,,
3b0e4651-e225-55d0-97fd-393d0bf2209f,472387384,way,natural,water,,,,,,OSM,,,33.7005189,73.0361851,Islamabad,Islamabad Capital Territory,Pakistan,,,,,
409136ac-95c3-59f2-9f4f-b565777b973b,23552892,way,leisure,park,,,,,,OSM,,,33.7009719,73.0442302,Islamabad,Islamabad Capital Territory,Pakistan,,,,,
d7ce5ffb-ed2c-5c29-9151-e0deeab47614,1375306904,way,leisure,park,Ladies Park,,,,,OSM,,,33.7009533,73.0506127,Islamabad,Islamabad Capital Territory,Pakistan,,,,,
995d2f32-93c4-5ecb-9cfc-8171e30f7474,22812025,way,leisure,park,,,,,,OSM,,,33.7164305,73.0488644,Islamabad,Islamabad Capital Territory,Pakistan,,,,,
eb4587dd-55f6-5b92-a296-023cfdc86597,22813843,way,leisure,park,Deer Enclosure,,,,,OSM,,,33.7158943,73.0479775,Islamabad,Islamabad Capital Territory,Pakistan,,,,,
c8a2d08b-1286-5356-9d99-0fa040db945a,474399267,way,leisure,park,,,,,,OSM,,,33.7038479,73.0392021,Islamabad,Islamabad Capital Territory,Pakistan,,,,,
17376df2-2b28-5f76-94fa-8995871c4190,545007955,way,leisure,park,,,,,,OSM,,,33.708058,73.0465452,Islamabad,Islamabad Capital Territory,Pakistan,,,,,
ff4805da-2224-5ee8-9999-e319fea25455,556279024,way,leisure,park,,,,,,OSM,,,33.7084968,73.0463618,Islamabad,Islamabad Capital Territory,Pakistan,,,,,
b9a99daf-3ac1-5dd2-8354-dace0c63ec4d,568769275,way,amenity,police,,,,,,OSM,,,33.7094478,73.0399397,Islamabad,Islamabad Capital Territory,Pakistan,,,,,
d67ca796-bf34-538d-bf0f-553dc9b6e981,568892436,way,leisure,park,,,,,,OSM,,,33.7086542,73.041776,Islamabad,Islamabad Capital Territory,Pakistan,,,,,
ef291cbe-953f-5c4e-8701-cfc8b5109d74,472384789,way,leisure,park,Centaurus Greens,,,,,OSM,,,33.7073615,73.0499287,Islamabad,Islamabad Capital Territory,Pakistan,,,,,
6a63e06f-bd43-52f5-a8ed-14aed5044475,472384790,way,leisure,park,,,,,,OSM,,,33.7071119,73.049424,Islamabad,Islamabad Capital Territory,Pakistan,,,,,
bf8c6d50-1333-5c50-ba76-cc9d0267d5ce,545005555,way,leisure,park,The Centaurus Park,,,,,OSM,,,33.7093097,73.0527609,Islamabad,Islamabad Capital Territory,Pakistan,,,,,
b117a19f-d356-5fb1-9f30-c799168a6782,506731156,way,leisure,park,Naval Park,,,,,OSM,,,33.7207359,73.0355666,Islamabad,Islamabad Capital Territory,Pakistan,,,,,
a43b7ff0-10e4-5b16-bc42-4b86f5b3f0d0,18812629,way,place,neighbourhood,F-7/2,,,,,OSM,,,33.7213409,73.0507372,Islamabad,Islamabad Capital Territory,Pakistan,,,,,
1c44b124-d055-5bcc-ba12-3b4f33aceede,22812891,way,leisure,park,,,,,,OSM,,,33.7238123,73.0462727,Islamabad,Islamabad Capital Territory,Pakistan,,,,,
1198baa8-bec5-5a68-8867-fb284a728a2d,226312411,way,leisure,park,,,,,,OSM,,,33.7246416,73.0414088,Islamabad,Islamabad Capital Territory,Pakistan,,,,,
8cb5fcf8-9290-5c2a-b09b-1cddaaecc18d,226312420,way,leisure,park,,,,,,OSM,,,33.7205189,73.0397701,Islamabad,Islamabad Capital Territory,Pakistan,,,,,
0fdc8696-6f07-5925-818f-f0f76f5885e3,22812010,way,leisure,park,,,,,,OSM,,,33.7250292,73.0423623,Islamabad,Islamabad Capital Territory,Pakistan,,,,,
799a43fb-ef5f-52ab-9d53-b2a7e45260c1,558244979,way,leisure,park,,,,,,OSM,,,33.7212533,73.0589621,Islamabad,Islamabad Capital Territory,Pakistan,,,,,
89959821-8350-5375-9e77-1e6d517bf25b,18812702,way,place,neighbourhood,F-7/3,,,,,OSM,,,33.7264808,73.0590056,Islamabad,Islamabad Capital Territory,Pakistan,,,,,
3174e4ba-783d-5caa-b960-d1024ac20ad6,18812763,way,place,neighbourhood,F-7/4,,,,,OSM,,,33.7205001,73.0639972,Islamabad,Islamabad Capital Territory,Pakistan,,,,,
9d465e4b-4ea4-547e-99d5-c91914033909,472395408,way,leisure,park,,,,,,OSM,,,33.7212192,73.0576641,Islamabad,Islamabad Capital Territory,Pakistan,,,,,
bac79ed4-21ca-5dea-9691-481236102fab,506731155,way,leisure,park,E-7 Park,,,,,OSM,,,33.7275647,73.0514869,Islamabad,Islamabad Capital Territory,Pakistan,,,,,
5aa871f3-b563-5826-b555-16efbca0499f,558244976,way,natural,water,,,,,,OSM,,,33.7215469,73.0587523,Islamabad,Islamabad Capital Territory,Pakistan,,,,,
5dbc703e-c061-5bf6-9cc8-aad3e59f8e5d,558775613,way,leisure,park,,,,,,OSM,,,33.7258666,73.0576437,Islamabad,Islamabad Capital Territory,Pakistan,,,,,
69b749c5-cf9e-5132-bd36-e4e58b916258,158533809,way,amenity,marketplace,Libra market,,,,,OSM,,,33.7043539,73.0715415,Islamabad,Islamabad Capital Territory,Pakistan,,,,,
0a803019-394d-5432-a325-71f7f1fceeb2,158533817,way,amenity,police,Police Station Special Branch,,,,,OSM,,,33.7038351,73.0694132,Islamabad,Islamabad Capital Territory,Pakistan,,,,,
5fd1a255-1d6d-5bde-a0de-1a9375c35344,158533819,way,amenity,marketplace,WholeSale Market,,,,,OSM,,,33.7039288,73.0715951,Islamabad,Islamabad Capital Territory,Pakistan,,,,,
45ef796d-7dab-5615-b9c6-16180e8668ad,158535063,way,amenity,marketplace,Sitara Market,,,,,OSM,,,33.7062695,73.0685974,Islamabad,Islamabad Capital Territory,Pakistan,,,,,
09522b57-8f3a-5073-90f8-6e168b3c0056,263788118,way,amenity,police,Women Police Station,,,,,OSM,,,33.7051572,73.0697622,Islamabad,Islamabad Capital Territory,Pakistan,,,,,
c5250c70-f80a-53b9-88bc-10ab1d579b95,1453917080,way,leisure,park,,,,,,OSM,,,33.7063109,73.0698905,Islamabad,Islamabad Capital Territory,Pakistan,,,,,
51b2d5fb-42a2-531a-876a-2f3d3fbb7ef2,1453917085,way,leisure,park,,,,,,OSM,,,33.7031657,73.0679966,Islamabad,Islamabad Capital Territory,Pakistan,,,,,
c1ea6205-6baa-5311-87fd-24c15f6404d3,23760247,way,leisure,park,,,,,,OSM,,,33.7089893,73.0657276,Islamabad,Islamabad Capital Territory,Pakistan,,,,,
b48b021a-fb9b-5458-8eaa-aa3b0a9d8d65,721263209,way,leisure,park,,,,,,OSM,,,33.7148829,73.0732005,Islamabad,Islamabad Capital Territory,Pakistan,,,,,
982ebbc3-e66e-5de1-a73c-c9702b11b75e,564617657,way,amenity,bank,UBL Limited,,,,,OSM,,,33.7114519,73.0608137,Islamabad,Islamabad Capital Territory,Pakistan,,,,,
602cb89f-4016-50e3-99cd-a1304ff7f672,158535596,way,amenity,marketplace,Gool Market,,,,,OSM,,,33.7071621,73.0730757,Islamabad,Islamabad Capital Territory,Pakistan,,,,,
cd73a5f5-be22-507f-b5dd-b3999a750705,721263202,way,leisure,park,,,,,,OSM,,,33.7062625,73.0808653,Islamabad,Islamabad Capital Territory,Pakistan,,,,,
185b2aaa-9435-5c51-b9a3-04bab9797ed4,244848174,way,amenity,marketplace,Melody Market,,,,,OSM,,,33.7159319,73.0855737,Islamabad,Islamabad Capital Territory,Pakistan,,,,,
412ab918-6ebd-5405-acfc-90811a96cf50,693578264,way,leisure,park,,,,,,OSM,,,33.7154001,73.0740224,Islamabad,Islamabad Capital Territory,Pakistan,,,,,
d5408792-9e2f-5d6e-9302-41d2876da123,721263204,way,leisure,park,,,,,,OSM,,,33.7058348,73.0801151,Islamabad,Islamabad Capital Territory,Pakistan,,,,,
f00cfa14-c5b9-5348-99fb-77890df0283a,721263205,way,leisure,park,,,,,,OSM,,,33.7095482,73.0783775,Islamabad,Islamabad Capital Territory,Pakistan,,,,,
f2dcf185-a02c-57a1-b1f8-120a389ce673,721263206,way,leisure,park,,,,,,OSM,,,33.7091112,73.0777317,Islamabad,Islamabad Capital Territory,Pakistan,,,,,
cfcbc910-56a5-55e9-9817-183b20dda220,721263207,way,leisure,park,,,,,,OSM,,,33.7117856,73.0755719,Islamabad,Islamabad Capital Territory,Pakistan,,,,,
1e696dc4-3a9d-5e08-8789-dfeffcc03886,721263208,way,leisure,park,,,,,,OSM,,,33.7118433,73.0763866,Islamabad,Islamabad Capital Territory,Pakistan,,,,,
000933b7-0149-551f-ab83-1dc4032e0cb0,693578259,way,leisure,park,,,,,,OSM,,,33.7177296,73.0723277,Islamabad,Islamabad Capital Territory,Pakistan,,,,,
a5723477-20dc-5944-8ee7-91ef276bf97d,721608922,way,leisure,park,,,,,,OSM,,,33.7172828,73.0714364,Islamabad,Islamabad Capital Territory,Pakistan,,,,,
8e6c2a47-6bc5-5ba6-9469-17989daf3c6f,506886701,way,leisure,park,Swiss Avenue F-7/4 Park,,,,,OSM,,,33.721264,73.0671601,Islamabad,Islamabad Capital Territory,Pakistan,,,,,
1a2d1dcb-da59-5ccc-89cb-a728a88d4bbf,472394058,way,leisure,park,F-7 Markaz Park,,,,,OSM,,,33.7229688,73.0612485,Islamabad,Islamabad Capital Territory,Pakistan,,,,,
0011f2dd-ee19-52ae-8b1b-0fe1db20778f,23131229,way,leisure,park,Argentina Park,,,,,OSM,,,33.7196297,73.0838947,Islamabad,Islamabad Capital Territory,Pakistan,,,,,
62292f10-c0f5-55e2-b1ea-3e1f0dbbbbb1,23626682,way,amenity,police,Aabpara Police Station,,,,,OSM,,,33.7176489,73.0843285,Islamabad,Islamabad Capital Territory,Pakistan,,,,,
699f1980-784a-5b71-ad73-3488ef92f9fd,23626686,way,amenity,bank,نیشنل بینک آف پاکستان,نیشنل بینک آف پاکستان,,,,OSM,,,33.7172184,73.085141,Islamabad,Islamabad Capital Territory,Pakistan,,,نیشنل بینک آف پاکستان,نیشنل بینک آف پاکستان,
46c54374-6cdc-5af7-b93b-623328ae59da,23635809,way,healthcare,hospital,CDA Hospital,,,,,OSM,,,33.7166307,73.0799988,Islamabad,Islamabad Capital Territory,Pakistan,,,,,
f0416d6f-c120-590a-8d3c-7b446bb79390,560030335,way,leisure,park,,,,,,OSM,,,33.7249747,73.0801121,Islamabad,Islamabad Capital Territory,Pakistan,,,,,
b7fd4b5d-21a2-596f-b657-217aa0c5cf8b,1137665510,way,natural,water,,,,,,OSM,,,33.7582169,73.0177485,Islamabad,Islamabad Capital Territory,Pakistan,,,,,
76ec9a63-325d-533f-b3db-1b2112bc1e95,838186303,way,natural,water,,,,,,OSM,,,33.7302943,73.0369554,Islamabad,Islamabad Capital Territory,Pakistan,,,,,
da116d60-feac-57fe-9822-21bfc3142f29,549368889,way,natural,water,,,,,,OSM,,,33.7323667,73.0607697,Islamabad,Islamabad Capital Territory,Pakistan,,,,,
286fffb1-2cd1-5a9c-856a-499582647557,549369064,way,natural,water,,,,,,OSM,,,33.7311081,73.0621376,Islamabad,Islamabad Capital Territory,Pakistan,,,,,
b0802881-e24b-5274-8f52-935b3ea64410,549369065,way,natural,water,,,,,,OSM,,,33.7307099,73.061401,Islamabad,Islamabad Capital Territory,Pakistan,,,,,
a690bc86-53a7-5191-afb0-60a63d869f1c,505860018,way,leisure,park,سی ڈی اے پارک,سی ڈی اے پارک,,,,OSM,,,33.7337947,73.0732791,Islamabad,Islamabad Capital Territory,Pakistan,,,,,
11b89a4a-9479-5017-b921-43b4b5e1cad9,1454508022,way,landuse,cemetery,,,,,,OSM,,,33.7394175,73.068753,Islamabad,Islamabad Capital Territory,Pakistan,,,,,
4717c798-19c0-5f72-a65b-61f7af4376ab,556425986,way,leisure,park,,,,,,OSM,,,33.7367237,73.0803894,Islamabad,Islamabad Capital Territory,Pakistan,,,,,
38d63201-cdca-51ad-8952-8c78643a5eed,22337754,way,leisure,park,Children's Park,,,,,OSM,,,33.735124,73.0776323,Islamabad,Islamabad Capital Territory,Pakistan,,,,,
a6a2f34b-0266-54d1-abcf-747220dfc0ca,543830658,way,natural,water,,,,,,OSM,,,33.7354802,73.078446,Islamabad,Islamabad Capital Territory,Pakistan,,,,,
2c876c01-2834-5163-a69e-4628af5c6a83,556801704,way,tourism,museum,,,,,,OSM,,,33.7447997,73.0681927,Islamabad,Islamabad Capital Territory,Pakistan,,,,,
11088569-f379-51ec-aca6-a885fd7fdea1,556801705,way,tourism,museum,,,,,,OSM,,,33.7449042,73.0681237,Islamabad,Islamabad Capital Territory,Pakistan,,,,,
4cdf4075-eaf1-5563-a934-cc771b2e0bc3,556805484,way,natural,water,,,,,,OSM,,,33.7440672,73.0682498,Islamabad,Islamabad Capital Territory,Pakistan,,,,,
49552484-25ab-5c1c-b343-88ee114c51da,376520849,way,leisure,park,,,,,,OSM,,,33.7421005,73.0818052,Islamabad,Islamabad Capital Territory,Pakistan,,,,,
7fe9d6f2-5d46-5c26-a345-229230ee30eb,505852940,way,leisure,park,Punjab House Park,,,,,OSM,,,33.743436,73.0868612,Islamabad,Islamabad Capital Territory,Pakistan,,,,,
6d7684d0-fb79-5b75-b18b-b0cc95a9b972,312244411,way,leisure,park,,,,,,OSM,,,33.7106689,73.0917687,Islamabad,Islamabad Capital Territory,Pakistan,,,,,
c305af9a-ed98-5277-8dde-6b3afce98d37,985066457,way,leisure,park,,,,,,OSM,,,33.7153088,73.0981876,Islamabad,Islamabad Capital Territory,Pakistan,,,,,
24fb0580-75eb-511f-986a-b70ef8ddc18d,159364882,way,amenity,marketplace,Weekly Market,,,,,OSM,,,33.7116233,73.0882767,Islamabad,Islamabad Capital Territory,Pakistan,,,,,
5154bad2-a36c-5c77-96a9-327c0c1b5288,1096475339,way,amenity,marketplace,,,,,,OSM,,,33.711553,73.0880389,Islamabad,Islamabad Capital Territory,Pakistan,,,,,
1ec0f9c9-1713-57ee-b455-a9deee5faab4,225853625,way,amenity,bank,The World Bank Pakistan,,,,,OSM,,,33.7206874,73.0967392,Islamabad,Islamabad Capital Territory,Pakistan,,,,,
f2379bd7-47d9-5e96-9e43-86457c476e17,225861218,way,amenity,bank,State Bank Of Pakistan,,,,,OSM,,,33.7221002,73.0948501,Islamabad,Islamabad Capital Territory,Pakistan,,,,,
d5ccd4e5-1635-55d4-aab7-e0512682749e,472340186,way,natural,water,,,,,,OSM,,,33.7365364,73.0869133,Islamabad,Islamabad Capital Territory,Pakistan,,,,,
fe4bed47-0c6d-550e-beac-2c9f976dea25,472340187,way,natural,water,,,,,,OSM,,,33.7351841,73.0866033,Islamabad,Islamabad Capital Territory,Pakistan,,,,,
6647ac55-ebcd-584b-b569-11c1cdf8d666,472340192,way,natural,water,,,,,,OSM,,,33.737181,73.086995,Islamabad,Islamabad Capital Territory,Pakistan,,,,,
1b28af41-48d3-5ccc-bb53-320705ac2f01,472340193,way,leisure,park,F-5 Park,,,,,OSM,,,33.7361658,73.0868551,Islamabad,Islamabad Capital Territory,Pakistan,,,,,
a1c29fa7-67b7-557a-bd52-d4b7bc95d597,12675146,relation,natural,water,,,,,,OSM,,,33.7049442,73.0137624,Islamabad,Islamabad Capital Territory,Pakistan,,,,,
60ccc2f3-2e15-58b6-b832-d9adbb696b5f,4389456988,node,amenity,bank,Askari Bank,عسکری بینک,,,,OSM,,,33.5015067,73.1084765,Islamabad,Islamabad Capital Territory,Pakistan,,,Askari Bank,,
a710b077-0a1f-56d6-83ba-941583a8c7d4,2095788934,node,place,neighbourhood,سفاری ولاز بحریہ ٹاؤن,سفاری ولاز بحریہ ٹاؤن,,,,OSM,,,33.538029,73.1083068,Islamabad,Islamabad Capital Territory,Pakistan,,,,,
80885c12-a3f2-5eae-9e8e-8b32ec66ec4e,2095788969,node,amenity,marketplace,,,,,,OSM,,,33.5382794,73.1084892,Islamabad,Islamabad Capital Territory,Pakistan,,,,,
0b7a0c96-c2d5-52fb-81f8-215a9f768536,4975593621,node,amenity,fire_station,Rescue 1122 Bahria Station,,,,,OSM,,,33.5408956,73.1150966,Islamabad,Islamabad Capital Territory,Pakistan,,,,,
676a90ec-282c-58d1-b548-6e65bd0f6ef0,3130733355,node,amenity,bank,عسکری بینک,عسکری بینک,,,,OSM,,,33.5363032,73.1320706,Islamabad,Islamabad Capital Territory,Pakistan,,,عسکری بینک,,
adeee965-349c-5157-ac9f-9dfcae7ed56a,1363366639,node,amenity,atm,,,,,,OSM,,,33.5631697,73.1062904,Islamabad,Islamabad Capital Territory,Pakistan,,,,ATM,
399c2575-051d-5472-a10d-4590ce9e689a,1423660071,node,amenity,bank,فیصل بینک,فیصل بینک,,,,OSM,,,33.561479,73.1065901,Islamabad,Islamabad Capital Territory,Pakistan,,,فیصل بینک,,
5275df6b-c913-5a3b-9c8a-a2aa4c6f12c9,3240487331,node,place,neighbourhood,Executive Lodges,,,,,OSM,,,33.5469728,73.1189173,Islamabad,Islamabad Capital Territory,Pakistan,,,,,
b91f60a0-2cb7-5032-b24b-8ffe75a25397,1698178039,node,amenity,bank,جے ایس بینک,جے ایس بینک,,,,OSM,,,33.5479535,73.1313038,Islamabad,Islamabad Capital Territory,Pakistan,,,جے ایس بینک,جے ایس بینک,
a3ea145f-2c8a-5d6f-8e35-45c323e9e2d6,1698182027,node,amenity,atm,,,,,,OSM,,,33.5479401,73.1313521,Islamabad,Islamabad Capital Territory,Pakistan,,,,JS Bank,
5b6bd5e5-a303-5cf9-8250-f10a5468f719,5165252847,node,healthcare,hospital,Reliance Hospital,,,,,OSM,,,33.5503077,73.1256281,Islamabad,Islamabad Capital Territory,Pakistan,,,,,
5c0d82f6-d879-5c72-ab29-6913dd129d2a,13233399419,node,healthcare,hospital,standard care hospital,,,,,OSM,,,33.5504519,73.1256581,Islamabad,Islamabad Capital Territory,Pakistan,,,,Standard Care Hospital,
b514c7e0-8582-5c7c-8736-e61560276982,2390850352,node,amenity,fire_station,,,,,,OSM,,,33.5619849,73.1141439,Islamabad,Islamabad Capital Territory,Pakistan,,,,,
2562c331-ab9d-5cbd-b432-1e154719da7d,3240487330,node,leisure,park,Media Town Family Park,,,,,OSM,,,33.5613415,73.1251094,Islamabad,Islamabad Capital Territory,Pakistan,,,,,
a80db615-38c9-5f7f-ae3d-152961a185f9,4554988912,node,leisure,park,,,,,,OSM,,,33.5649565,73.1341043,Islamabad,Islamabad Capital Territory,Pakistan,,,,,
cab33d36-a638-586f-a31d-d4ada1df6308,4681784590,node,amenity,bank,الائیڈ بینک,الائیڈ بینک,,,,OSM,,,33.5246554,73.1558067,Islamabad,Islamabad Capital Territory,Pakistan,,,الائیڈ بینک,الائیڈ بینک لمیٹڈ,
fb5c5434-5863-5922-9c07-694f226f5c81,12560939762,node,amenity,bank,Faysal Bank,فیصل بینک,,,,OSM,,,33.5217372,73.1545622,Islamabad,Islamabad Capital Territory,Pakistan,,,Faysal Bank,,
f1b7c9e2-1929-5d65-9cf4-feb213818860,12560939763,node,amenity,bank,Askari Bank,عسکری بینک,,,,OSM,,,33.521777,73.1542787,Islamabad,Islamabad Capital Territory,Pakistan,,,Askari Bank,,
2038fba6-3cc4-5a40-ad3b-a68d02c29439,11836577508,node,amenity,bank,Silk Bank Emaan,,,,,OSM,,,33.5311948,73.1574183,Islamabad,Islamabad Capital Territory,Pakistan,,,,,
9ea3e02a-57c3-56a9-a037-f226d61fe165,5117530798,node,healthcare,pharmacy,Al Latif Pharmacy,,,,,OSM,,,33.53075,73.1606153,Islamabad,Islamabad Capital Territory,Pakistan,,,,,
fbe87976-1839-5ad0-aa77-1eedf1980b4b,11835847176,node,healthcare,pharmacy,D Watson Medicine,,,,,OSM,,,33.5311546,73.1600509,Islamabad,Islamabad Capital Territory,Pakistan,,,D Watson,,
b13af0b8-6c18-5f38-9c9a-336671884bb1,11836573851,node,healthcare,pharmacy,Medicure Pharmacy,,,,,OSM,,,33.5311955,73.1579644,Islamabad,Islamabad Capital Territory,Pakistan,,,,,
cc6d74b4-8da6-5f4a-81e8-8c4775629d5e,11836573852,node,amenity,bank,,بینک الفلاح,,,,OSM,,,33.5309674,73.1580795,Islamabad,Islamabad Capital Territory,Pakistan,,,Bank Alfalah,,
f9c5cb53-f26d-5622-b2b4-376654d9cdcd,11836574229,node,amenity,bank,Faysal Bank,فیصل بینک,,,,OSM,,,33.530927,73.1586732,Islamabad,Islamabad Capital Territory,Pakistan,,,Faysal Bank,,
16eb5786-f280-5fc2-92e1-03eb25ea9f67,11836574231,node,amenity,bank,Bank Al Habib,بينک الحبيب,,,,OSM,,,33.5308993,73.1584313,Islamabad,Islamabad Capital Territory,Pakistan,,,Bank Al Habib,,
a7be2125-9b65-576a-a371-af5ac8fb2fb5,11836574232,node,amenity,bank,Habib Metro Bank,,,,,OSM,,,33.5308987,73.1583458,Islamabad,Islamabad Capital Territory,Pakistan,,,,,
5966cc00-1d0f-5221-9753-b730b03d56c7,11836574750,node,amenity,bank,HBL Bank,ایچ بی ایل پاکستان,,,,OSM,,,33.530773,73.1605061,Islamabad,Islamabad Capital Territory,Pakistan,,,HBL Bank,,
c6e101ad-d3dd-5231-b2b5-735d6db7926a,11848498104,node,amenity,bank,First Women Bank,,,,,OSM,,,33.5310929,73.1603846,Islamabad,Islamabad Capital Territory,Pakistan,,,,,
c69ff7bd-785f-5bfb-b1da-73a6f7ff9dee,5840893674,node,amenity,bank,الائیڈ بینک لمیٹڈ,الائیڈ بینک لمیٹڈ,,,,OSM,,,33.5404313,73.13822,Islamabad,Islamabad Capital Territory,Pakistan,,,الائیڈ بینک لمیٹڈ,,
8b9eb1f6-491f-5057-941c-4800d63617cc,6658522207,node,amenity,bank,Bank Islami Humak Branch,,,,,OSM,,,33.5409128,73.1431086,Islamabad,Islamabad Capital Territory,Pakistan,,,,,
50297b24-8cec-5b11-bf19-aaa1f9294aae,6658522208,node,amenity,bank,MCB Bank Humak Branch,,,,,OSM,,,33.5409165,73.1432145,Islamabad,Islamabad Capital Territory,Pakistan,,,,,
2a0d2234-3014-5bd4-96ed-fbe54768fb51,6658591446,node,healthcare,hospital,Aziz Hospital,,,,,OSM,,,33.5414502,73.1495837,Islamabad,Islamabad Capital Territory,Pakistan,,,,,
e50364cc-acdc-5b30-a7b2-c8d6745bb2a7,6338023588,node,amenity,police,ANF Regional Directorate North,,,,,OSM,,,33.5423824,73.153483,Islamabad,Islamabad Capital Territory,Pakistan,,,,,
b59527bc-bf7f-580d-a319-a7fc39ef2a29,6658591445,node,healthcare,hospital,Zayneb Hospital,,,,,OSM,,,33.5418933,73.1553234,Islamabad,Islamabad Capital Territory,Pakistan,,,,,
ef8e1e77-d973-5eca-bf8a-98a4c7347061,11217378305,node,place,neighbourhood,"Sector G, DHA Phase 2, Islamabad",,,,,OSM,,,33.53007,73.1736117,Islamabad,Islamabad Capital Territory,Pakistan,,,,,
8d06ad7f-9e58-501e-87a6-a0b88e930ae0,11989955996,node,amenity,atm,,یونائیٹڈ بینک لمیٹڈ,,,,OSM,,,33.5509524,73.1386537,Islamabad,Islamabad Capital Territory,Pakistan,,,یونائیٹڈ بینک لمیٹڈ,یونائیٹڈ بینک لمیٹڈ,
7dfd0bd6-d467-5dce-b1a8-5fb5e82a252c,1698030365,node,amenity,bank,,بینک الفلاح,,,,OSM,,,33.5521729,73.1390449,Islamabad,Islamabad Capital Territory,Pakistan,,,Bank Alfalah,,
783d50ec-a6d8-55d2-8ce9-ab8d9ab58078,8948988047,node,leisure,park,Blossom Park,,,,,OSM,,,33.554375,73.1570658,Islamabad,Islamabad Capital Territory,Pakistan,,,,,
bf78ff56-30fd-56fd-a65a-584a772ae9ba,4050211954,node,leisure,park,سی بی آر ٹاؤن,سی بی آر ٹاؤن,,,,OSM,,,33.5599073,73.1434803,Islamabad,Islamabad Capital Territory,Pakistan,,,,,
beb63e54-4141-57c3-96d1-936350e3a430,2381263255,node,amenity,bank,سونیری بینک,سونیری بینک,,,,OSM,,,33.5632646,73.1497377,Islamabad,Islamabad Capital Territory,Pakistan,,,سونیری بینک,سونیری بینک,
bdb64cee-a03e-5847-a1dc-8edda3a7dc43,2381263509,node,amenity,bank,الائیڈ بینک لمیٹڈ,الائیڈ بینک لمیٹڈ,,,,OSM,,,33.5634698,73.1500834,Islamabad,Islamabad Capital Territory,Pakistan,,,الائیڈ بینک لمیٹڈ,,
97c63e71-9a65-5398-b52d-8d2712ae4a09,2381268153,node,amenity,police,CBR Polie Station,,,,,OSM,,,33.5589401,73.1461749,Islamabad,Islamabad Capital Territory,Pakistan,,,,,
2ccc1167-09d3-5e52-9d7d-6fdabdd38f2f,4839268423,node,amenity,atm,,,,,,OSM,,,33.5630896,73.1494712,Islamabad,Islamabad Capital Territory,Pakistan,,,,Meezan Bank Limited,
a23b8659-535b-5c6d-a1db-f057e780e0fb,3240509974,node,place,neighbourhood,Soan Garden,,,,,OSM,,,33.562535,73.1534991,Islamabad,Islamabad Capital Territory,Pakistan,,,,,
28dc4a7b-8559-5f7b-840a-e205ab5fec50,483151237,way,leisure,park,,,,,,OSM,,,33.5053013,73.1021139,Islamabad,Islamabad Capital Territory,Pakistan,,,,,
cdbeda28-77f5-51e9-8a77-58b44a709147,1429026242,way,leisure,park,,,,,,OSM,,,33.4999703,73.1051863,Islamabad,Islamabad Capital Territory,Pakistan,,,,,
10d7e6a3-a6f4-5d0e-8ebd-7b8aea4b2f76,441421945,way,leisure,park,,,,,,OSM,,,33.5040243,73.1032493,Islamabad,Islamabad Capital Territory,Pakistan,,,,,
d66949fb-c00b-5f00-bc3b-7e4a6e7a31ba,441384381,way,leisure,park,,,,,,OSM,,,33.5027434,73.1101182,Islamabad,Islamabad Capital Territory,Pakistan,,,,,
6a344af0-54cc-5a82-b7a9-c8083cfc346a,892388372,way,natural,water,,,,,,OSM,,,33.5145091,73.1133523,Islamabad,Islamabad Capital Territory,Pakistan,,,,,
d0fb14aa-afd1-5904-b1db-81affbedda98,1429011057,way,leisure,park,,,,,,OSM,,,33.5012763,73.140348,Islamabad,Islamabad Capital Territory,Pakistan,,,,,
368bb54e-cc83-58ba-b2f4-1d4755a01f63,1429011066,way,leisure,park,,,,,,OSM,,,33.5172784,73.1500556,Islamabad,Islamabad Capital Territory,Pakistan,,,,,
1ebeb465-c900-5a62-b775-e5f258240696,903507284,way,natural,water,,,,,,OSM,,,33.5034604,73.1812308,Islamabad,Islamabad Capital Territory,Pakistan,,,,,
8e9ab27d-51ff-58db-b017-db0b4c1062bc,1146094723,way,natural,water,,,,,,OSM,,,33.5121249,73.1722127,Islamabad,Islamabad Capital Territory,Pakistan,,,,,
8fdc80f0-3eba-5330-b9fa-7e6f6c187e13,286024097,way,amenity,bank,Allied Bank Rawat,,,,,OSM,,,33.507675,73.1833509,Islamabad,Islamabad Capital Territory,Pakistan,,,,,
3c61c932-d2bf-5a1e-a606-cfd025fdf7bb,257605445,way,leisure,park,M1 Community Park,,,,,OSM,,,33.518835,73.1841254,Islamabad,Islamabad Capital Territory,Pakistan,,,,,
5c78cb71-d1d9-5b58-ac58-b3ebab12e11c,702033318,way,leisure,park,,,,,,OSM,,,33.5182889,73.1874806,Islamabad,Islamabad Capital Territory,Pakistan,,,,,
e9e60817-fc17-5bea-a7ad-b7adc98414db,895031989,way,natural,water,,,,,,OSM,,,33.5130176,73.1840639,Islamabad,Islamabad Capital Territory,Pakistan,,,,,
a9ec6f12-b486-51a8-82b7-c92c59f955a2,906579775,way,natural,water,,,,,,OSM,,,33.5197667,73.1916397,Islamabad,Islamabad Capital Territory,Pakistan,,,,,
e19e364d-5a04-529f-8ada-60ca4f1d34bc,697533435,way,natural,water,,,,,,OSM,,,33.5173714,73.1864396,Islamabad,Islamabad Capital Territory,Pakistan,,,,,
c6dcd615-c66d-5dba-9f07-6d2960eff4b8,317308768,way,natural,water,دریائے سواں,دریائے سواں,,,,OSM,دریائے سواں,,33.5492712,73.1422105,Islamabad,Islamabad Capital Territory,Pakistan,,,,,Q2665231
56b58b63-f7f8-5d34-81cb-8225b1e1eee3,775459803,way,leisure,park,Linear Park,,,,,OSM,,,33.5211763,73.1212444,Islamabad,Islamabad Capital Territory,Pakistan,,,,,
f300f6ed-45c9-586f-a253-48d0421efbd6,1146078814,way,natural,water,,,,,,OSM,,,33.5422113,73.1185826,Islamabad,Islamabad Capital Territory,Pakistan,,,,,
19558c93-f786-5bde-afc2-9edef57c5316,895029557,way,natural,water,,,,,,OSM,,,33.5416435,73.1206889,Islamabad,Islamabad Capital Territory,Pakistan,,,,,
3c3f2d59-778d-56b7-b952-f3187d58e23f,1087979317,way,leisure,park,,,,,,OSM,,,33.5473286,73.1155805,Islamabad,Islamabad Capital Territory,Pakistan,,,,,
6d4d5f70-edb7-56da-93d7-9142a962eb92,1429703937,way,leisure,park,C Park,,,,,OSM,,,33.5524072,73.1094894,Islamabad,Islamabad Capital Territory,Pakistan,,,,,
d036812c-2a23-5ecc-ab6a-8062298773e2,1429703916,way,leisure,park,,,,,,OSM,,,33.5491618,73.1169493,Islamabad,Islamabad Capital Territory,Pakistan,,,,,
e2c99918-5490-5175-ba16-2bdddbfd8c71,1429703936,way,leisure,park,,,,,,OSM,,,33.5504293,73.1137633,Islamabad,Islamabad Capital Territory,Pakistan,,,,,
08811b88-0a34-5363-bca5-c325504b5846,1261419901,way,leisure,park,,,,,,OSM,,,33.5483706,73.122209,Islamabad,Islamabad Capital Territory,Pakistan,,,,,
2543f1a6-8456-51eb-b8e5-152c94610ae7,1304701636,way,leisure,park,,,,,,OSM,,,33.5474941,73.1227749,Islamabad,Islamabad Capital Territory,Pakistan,,,,,
e8285cd1-3abb-5e9f-92d6-c595eb782e0e,441424300,way,leisure,park,Safari 3 Park,,,,,OSM,,,33.555424,73.1253171,Islamabad,Islamabad Capital Territory,Pakistan,,,,,
edc095f3-d5fe-532f-b76b-aa2aa22a2846,1087979315,way,leisure,park,,,,,,OSM,,,33.5469878,73.118972,Islamabad,Islamabad Capital Territory,Pakistan,,,,,
e369cbc2-cf30-5a82-aba7-20c84fcaced5,1429703965,way,leisure,park,,,,,,OSM,,,33.5551723,73.1187099,Islamabad,Islamabad Capital Territory,Pakistan,,,,,
0ce0a0b3-d037-5eb0-a5a4-86288ad79e57,1429703957,way,leisure,park,,,,,,OSM,,,33.5523494,73.11384,Islamabad,Islamabad Capital Territory,Pakistan,,,,,
5b958e70-79f6-5c8e-ae22-aa83d33dff9c,1429703959,way,leisure,park,,,,,,OSM,,,33.5520598,73.1173662,Islamabad,Islamabad Capital Territory,Pakistan,,,,,
1214d2d0-8a6d-5e2c-98fb-071b84adb453,623409351,way,leisure,park,Siddique Park,,,,,OSM,,,33.556855,73.1205812,Islamabad,Islamabad Capital Territory,Pakistan,,,,,
527d03e6-d944-53d8-8bd5-2bea9f66ff6b,623410737,way,leisure,park,Ladies Park,,,,,OSM,,,33.5565974,73.124158,Islamabad,Islamabad Capital Territory,Pakistan,,,,,
72f9d18b-77b7-55e4-a9a2-cc03ad684f00,1087980668,way,leisure,park,,,,,,OSM,,,33.5541434,73.1229501,Islamabad,Islamabad Capital Territory,Pakistan,,,,,
19c0906e-7afc-5f4f-b97f-c9083b3ca1ba,1087979320,way,leisure,park,,,,,,OSM,,,33.5480703,73.1263598,Islamabad,Islamabad Capital Territory,Pakistan,,,,,
93ea6c0e-621e-574a-840d-766039fb64f1,1087979321,way,leisure,park,,,,,,OSM,,,33.550743,73.1274236,Islamabad,Islamabad Capital Territory,Pakistan,,,,,
ca20afed-2c84-5bad-9601-eb8fc9063412,1428519500,way,leisure,park,Spirit Park,,,,,OSM,,,33.5475318,73.1284156,Islamabad,Islamabad Capital Territory,Pakistan,,,,Bahria Town,
c6dfcad9-2c50-5ef0-85b2-36f5003f4de5,1428519506,way,leisure,park,,,,,,OSM,,,33.5485711,73.1302515,Islamabad,Islamabad Capital Territory,Pakistan,,,,,
2fee016a-b352-53db-9f1c-fa0199fabf47,1428778477,way,leisure,park,,,,,,OSM,,,33.5579497,73.1373462,Islamabad,Islamabad Capital Territory,Pakistan,,,,,
d79fee2f-3303-58fd-aba8-742443ef289f,1429703969,way,leisure,park,,,,,,OSM,,,33.5627233,73.1148829,Islamabad,Islamabad Capital Territory,Pakistan,,,,,
493cdcdb-d9ee-5832-bb9d-329dd550b459,1097687044,way,leisure,park,,,,,,OSM,,,33.5588792,73.1360292,Islamabad,Islamabad Capital Territory,Pakistan,,,,,
40e4080d-ef45-5c3a-88c5-838cceb0592a,996254508,way,healthcare,hospital,شفیع انٹرنیشنل ہسپتال,شفیع انٹرنیشنل ہسپتال,,,,OSM,,,33.5661997,73.1298696,Islamabad,Islamabad Capital Territory,Pakistan,,,,,
a0b8edda-d9fa-50d9-a55b-7121045aac62,272554469,way,leisure,park,Family Bee Park,,,,,OSM,,,33.5323105,73.1495036,Islamabad,Islamabad Capital Territory,Pakistan,,,,,
b1826b5c-f855-5900-b4ff-f423738f852a,1146097941,way,leisure,park,,,,,,OSM,,,33.5309326,73.1619276,Islamabad,Islamabad Capital Territory,Pakistan,,,,,
64b44822-c8a6-58fe-a9c0-842c753c1264,307856160,way,healthcare,clinic,DHA Clinic,,,,,OSM,,,33.5319477,73.1417458,Islamabad,Islamabad Capital Territory,Pakistan,,,,DHA,
ae65f236-857f-518c-a799-cb66b3cdaf81,508429443,way,landuse,cemetery,Model Town Graveyard,,,,,OSM,,,33.5368488,73.1415399,Islamabad,Islamabad Capital Territory,Pakistan,,,,,
142c9369-bb07-51fc-abe1-342735f8629e,508430094,way,leisure,park,Tanki Ground Park,,,,,OSM,,,33.5401367,73.1443615,Islamabad,Islamabad Capital Territory,Pakistan,,,,,
3ac7f872-8af4-5cbf-a83c-448660f401ea,1146074470,way,landuse,cemetery,,,,,,OSM,,,33.5366505,73.144872,Islamabad,Islamabad Capital Territory,Pakistan,,,,,
61dac7f6-f8bc-5769-9339-34cc7f775737,1146074471,way,leisure,park,Children Park,,,,,OSM,,,33.5391293,73.1448227,Islamabad,Islamabad Capital Territory,Pakistan,,,,,
a9459741-b170-5620-b186-a4f6e532bc44,1146097944,way,leisure,park,,,,,,OSM,,,33.5399265,73.1415224,Islamabad,Islamabad Capital Territory,Pakistan,,,,,
05da38e8-00dd-5286-a450-33bf540a51e3,1146074469,way,leisure,park,Children Park,,,,,OSM,,,33.5381854,73.1547618,Islamabad,Islamabad Capital Territory,Pakistan,,,,,
fe432684-8ce3-572c-9742-09ea960935c1,768113729,way,leisure,park,,,,,,OSM,,,33.5300536,73.1654234,Islamabad,Islamabad Capital Territory,Pakistan,,,,,
455f507f-30fa-5740-9509-4cc023baffd0,1147070882,way,place,neighbourhood,Basti,,,,,OSM,,,33.5202843,73.1814508,Islamabad,Islamabad Capital Territory,Pakistan,,,,,
466ed47e-640e-558f-9360-10d0e6a79f2c,619698930,way,leisure,park,,,,,,OSM,,,33.5203382,73.1860268,Islamabad,Islamabad Capital Territory,Pakistan,,,,,
d69ac4e1-82e8-5c7e-9e27-65b9832181f2,891901972,way,natural,water,,,,,,OSM,,,33.5282101,73.1848213,Islamabad,Islamabad Capital Territory,Pakistan,,,,,
89d1e506-e52b-5a39-94c4-feaa23d62fa3,1095678150,way,leisure,park,,,,,,OSM,,,33.5206548,73.1837029,Islamabad,Islamabad Capital Territory,Pakistan,,,,,
d5539a69-3ba5-55ff-b3c5-e20beeaa3d1a,1146017971,way,landuse,cemetery,,,,,,OSM,,,33.5392259,73.1668588,Islamabad,Islamabad Capital Territory,Pakistan,,,,,
f7374f5c-0c90-5d44-8bdc-eb64626398a8,1428778475,way,leisure,park,,,,,,OSM,,,33.5558119,73.1384125,Islamabad,Islamabad Capital Territory,Pakistan,,,,,
ebd1764f-10af-5202-b5b0-ae5f7199a9b5,229544823,way,leisure,park,,,,,,OSM,,,33.5599167,73.1591431,Islamabad,Islamabad Capital Territory,Pakistan,,,,,
7cd4f3cf-8673-5b73-ba26-6bfa5f228718,1452462910,way,landuse,cemetery,,,,,,OSM,,,33.5621988,73.1609447,Islamabad,Islamabad Capital Territory,Pakistan,,,,,
d420a528-8418-5800-b9b0-6f53105683f7,1147076468,way,amenity,marketplace,Kisaan Mandi,,,,,OSM,,,33.5554356,73.1700999,Islamabad,Islamabad Capital Territory,Pakistan,,,,,
aae8a9a7-3619-5d70-bab9-9fca92ebbf02,1452462909,way,leisure,park,,,,,,OSM,,,33.5559605,73.1668415,Islamabad,Islamabad Capital Territory,Pakistan,,,,,
63086378-0e83-5893-a174-30d158e7bd52,1452460687,way,landuse,cemetery,,,,,,OSM,,,33.5603333,73.1727551,Islamabad,Islamabad Capital Territory,Pakistan,,,,,
7f2c4b03-ac42-54cc-96b4-5ddf9959deca,891901978,way,natural,water,,,,,,OSM,,,33.5178992,73.2024373,Islamabad,Islamabad Capital Territory,Pakistan,,,,,
1abc75aa-7326-5cd1-aa3e-3ba90e34c838,1147844859,way,landuse,cemetery,,,,,,OSM,,,33.5210015,73.1960822,Islamabad,Islamabad Capital Territory,Pakistan,,,,,
757bb18b-0301-5664-9904-bfbe1cd3b630,891901977,way,natural,water,,,,,,OSM,,,33.5237754,73.20046,Islamabad,Islamabad Capital Territory,Pakistan,,,,,
d58ba312-f999-5136-8a33-3eb5d4c6b1dc,906579817,way,natural,water,,,,,,OSM,,,33.5231862,73.1982542,Islamabad,Islamabad Capital Territory,Pakistan,,,,,
2a668e95-cab0-58b6-884b-d033a0a1b4cc,891901976,way,natural,water,,,,,,OSM,,,33.5252892,73.1967274,Islamabad,Islamabad Capital Territory,Pakistan,,,,,
9e7f0914-ccc5-54df-932d-e08e5afc650e,891901975,way,natural,water,,,,,,OSM,,,33.5259066,73.192445,Islamabad,Islamabad Capital Territory,Pakistan,,,,,
5f73deb8-5c47-5923-933d-9f91c15d4fbe,906579805,way,natural,water,,,,,,OSM,,,33.5288531,73.1944255,Islamabad,Islamabad Capital Territory,Pakistan,,,,,
a1431f43-3e22-5aab-8697-5b7e289b9948,906579806,way,natural,water,,,,,,OSM,,,33.5277132,73.1960129,Islamabad,Islamabad Capital Territory,Pakistan,,,,,
e03324f1-ceb2-5e82-8052-3c1db8b6c96e,818660761,way,leisure,park,,,,,,OSM,,,33.5364653,73.192231,Islamabad,Islamabad Capital Territory,Pakistan,,,,,
a33d4fbb-9a91-5d69-bb69-f9ee7d28ca6e,781785398,way,leisure,park,,,,,,OSM,,,33.5667372,73.1968316,Islamabad,Islamabad Capital Territory,Pakistan,,,,,
5763603e-f1d3-5749-a4cb-b7867e270a26,1362714205,node,amenity,bank,سونیری بینک,سونیری بینک,,,,OSM,,,33.5733183,73.1056581,Islamabad,Islamabad Capital Territory,Pakistan,,,سونیری بینک,سونیری بینک,
052b6f22-db74-575e-9ed4-920331396242,1363366609,node,amenity,atm,,,,,,OSM,,,33.5733313,73.1056397,Islamabad,Islamabad Capital Territory,Pakistan,,,,ATM,
523b759e-2b00-5b1b-8986-6b3aa3688f79,2642083734,node,place,neighbourhood,Airport Housing Society,,,,,OSM,,,33.5941022,73.1307386,Islamabad,Islamabad Capital Territory,Pakistan,,,,,
efb8a3bc-53aa-5db1-8cec-a7729aca0043,2642087225,node,place,neighbourhood,Nawaz Colony,,,,,OSM,,,33.5943576,73.1253783,Islamabad,Islamabad Capital Territory,Pakistan,,,,,
1d517ff9-64b5-58df-9bdb-6810c2ab067d,2680737080,node,education,school,The Smart School,,,,,OSM,,,33.5963716,73.1300476,Islamabad,Islamabad Capital Territory,Pakistan,,,,,
88a7ee0f-49b9-528e-accd-80a0c324acc3,2666913885,node,amenity,bank,بينک الحبيب,بينک الحبيب,,,,OSM,,,33.590773,73.132874,Islamabad,Islamabad Capital Territory,Pakistan,,,بينک الحبيب,,
a4e4f247-1371-5708-85a6-1b82d502427c,2642087229,node,place,neighbourhood,Fazal Town Phase 2,,,,,OSM,,,33.6056405,73.1095298,Islamabad,Islamabad Capital Territory,Pakistan,,,,,
8a039b84-056c-53a8-86c3-2c47335062e9,2642087230,node,place,neighbourhood,Dhoke Raja Mohammad Khan,,,,,OSM,,,33.6088792,73.106708,Islamabad,Islamabad Capital Territory,Pakistan,,,,,
d708f65e-76ce-5010-8cf6-497f627d2236,2680763553,node,amenity,bank,نیشنل بینک آف پاکستان,نیشنل بینک آف پاکستان,,,,OSM,,,33.6078518,73.1102118,Islamabad,Islamabad Capital Territory,Pakistan,,,نیشنل بینک آف پاکستان,نیشنل بینک آف پاکستان,
d0be9caa-ea68-586c-a326-82b8383922bf,5230963321,node,amenity,atm,,,,,,OSM,,,33.6046459,73.1090148,Islamabad,Islamabad Capital Territory,Pakistan,,,,Home,
61862746-9f96-57a8-894c-fbb9aa106158,2642087227,node,place,neighbourhood,Fazal Town Phase 1,,,,,OSM,,,33.6033554,73.118102,Islamabad,Islamabad Capital Territory,Pakistan,,,,,
c2fa0c0e-4e5b-58c0-95a1-75e6d44cba0c,2642087226,node,place,neighbourhood,Khyabaan-e-Faisel,,,,,OSM,,,33.6015698,73.1213851,Islamabad,Islamabad Capital Territory,Pakistan,,,,,
bf800d19-ed3b-5b73-a4a5-6ba10b41716f,458337738,node,place,neighbourhood,Gulzar-e-Quaid,,,,,OSM,,,33.5989124,73.1300409,Islamabad,Islamabad Capital Territory,Pakistan,,,,,
a26bd5c3-11ed-5923-b978-906635b43cd0,2666920196,node,amenity,bank,الائیڈ بینک لمیٹڈ,الائیڈ بینک لمیٹڈ,,,,OSM,,,33.6010128,73.1259069,Islamabad,Islamabad Capital Territory,Pakistan,,,الائیڈ بینک لمیٹڈ,,
561a18d9-dd17-5eae-9f76-c664903b04c4,3371724555,node,amenity,bank,Mezaan Bank,,,,,OSM,,,33.6010348,73.1260736,Islamabad,Islamabad Capital Territory,Pakistan,,,,,
14919194-c9ad-59b9-8087-b3b0a63c0ed1,8879473361,node,leisure,park,Judicial Colony Women's Park,,,,,OSM,,,33.5971305,73.1350326,Islamabad,Islamabad Capital Territory,Pakistan,,,,,
b34fb06a-2f14-5d06-a7e1-15a282f4ee12,1548376187,node,amenity,police,Koral Police Station,,,,,OSM,,,33.6055934,73.131516,Islamabad,Islamabad Capital Territory,Pakistan,,,,,
6de52164-7505-5428-9c4d-6c59229f2886,12460837207,node,landuse,cemetery,Dhoke Lalyal Graveyard,,,,,OSM,,,33.6150426,73.1164066,Islamabad,Islamabad Capital Territory,Pakistan,,,,,
263fcb5c-eaa2-5c21-a9cb-fc7d1725c422,12460851970,node,landuse,cemetery,Khokhar Graveyard,,,,,OSM,,,33.6162983,73.1177684,Islamabad,Islamabad Capital Territory,Pakistan,,,,,
7ba59556-d819-5c25-8b65-a735a85ceb82,12461232349,node,amenity,marketplace,Hanif Market,,,,,OSM,,,33.6156763,73.1169352,Islamabad,Islamabad Capital Territory,Pakistan,,,,,
d88084b4-18a7-5e7a-945b-63e4d72c2657,13071371402,node,landuse,cemetery,Baba Mast Graveyard,,,,,OSM,,,33.6148647,73.1133702,Islamabad,Islamabad Capital Territory,Pakistan,,,,,
bdd42d72-c918-59a8-a3c6-8307a43306b3,5572708922,node,amenity,bank,میزان بینک,میزان بینک,,,,OSM,,,33.6149097,73.1346056,Islamabad,Islamabad Capital Territory,Pakistan,,,میزان بینک,,
668ce130-8443-53f5-aade-ccfc703ca165,10572546796,node,amenity,bank,Bank Alfalah,,,,,OSM,,,33.6165046,73.1376314,Islamabad,Islamabad Capital Territory,Pakistan,,,,,
aa8a23e7-ffbb-5497-afa5-e522b92d1805,11207571037,node,amenity,bank,Bank Alfalah,,,,,OSM,,,33.6164215,73.1376285,Islamabad,Islamabad Capital Territory,Pakistan,,,,,
7fdc0314-fd7e-5c1d-9e63-c0a0f417d4df,4118651689,node,amenity,bank,Allied Bank PWD Branch,,,,,OSM,,,33.5713893,73.1451348,Islamabad,Islamabad Capital Territory,Pakistan,,,,,
65bef102-0f77-5f46-8389-eae31c891d48,4644860489,node,amenity,atm,,,,,,OSM,,,33.5773993,73.1497506,Islamabad,Islamabad Capital Territory,Pakistan,,,,,
22505c62-fa44-523f-8991-48573c9f69c8,2433164395,node,railway,station,لوہی بھیر ریلوے اسٹیشن,لوہی بھیر ریلوے اسٹیشن,,,,OSM,Lohi Bher railway station,,33.5740351,73.1575285,Islamabad,Islamabad Capital Territory,Pakistan,,,,Pakistan Railway,Q18516360
07df068a-c8f7-55a2-a843-e39f0e264f71,4550330907,node,amenity,bank,سندھ بینک,سندھ بینک,,,,OSM,,,33.5750043,73.1513648,Islamabad,Islamabad Capital Territory,Pakistan,,,سندھ بینک,,
a5269fb2-7355-5014-a7ff-214d40da4942,11510801054,node,amenity,bank,United Bank Limited,,,,,OSM,,,33.5996975,73.1545028,Islamabad,Islamabad Capital Territory,Pakistan,,,,,
0e042cff-91b0-578c-894c-9fa17fbffee5,1389216425,node,place,neighbourhood,AFOHS Falcon Complex,,,,,OSM,,,33.6233032,73.1001477,Islamabad,Islamabad Capital Territory,Pakistan,,,,,
69185eae-3019-59f5-9a60-3bf538c505be,1670675620,node,amenity,bank,Bank Alflah,,,,,OSM,,,33.6288703,73.1114085,Islamabad,Islamabad Capital Territory,Pakistan,,,,,
3d086046-e24a-54e8-af7c-dfacbb037143,12752335001,node,amenity,bank,Meezan Bank - Khana Pul Branch,,,,,OSM,,,33.6289405,73.1113616,Islamabad,Islamabad Capital Territory,Pakistan,,,,,
24d54d7a-23fc-5a30-b55f-5f7341ca7cdb,4687222889,node,amenity,bank,عسکری بینک,عسکری بینک,,,,OSM,,,33.6298738,73.1109338,Islamabad,Islamabad Capital Territory,Pakistan,,,عسکری بینک,,
8d90c58a-5462-5433-9695-9d891b061ea0,11160221405,node,amenity,bank,UBL,,,,,OSM,,,33.6279933,73.1121145,Islamabad,Islamabad Capital Territory,Pakistan,,,,,
7129c52c-447a-59b9-b038-6323ecdad7ed,11160221505,node,amenity,bank,Bank Islami,,,,,OSM,,,33.6275522,73.1123249,Islamabad,Islamabad Capital Territory,Pakistan,,,,,
8b179dde-2516-5ea3-b723-ab310d43a04d,12754363002,node,amenity,bank,MCB Bank Khanna Branch,,,,,OSM,,,33.6296222,73.1181935,Islamabad,Islamabad Capital Territory,Pakistan,,,,,
60552d32-8be3-598c-b162-78f949414fb8,12754367801,node,amenity,bank,Habib Bank Limited (HBL) - Khanna Pul Branch,,,,,OSM,,,33.6295126,73.1176989,Islamabad,Islamabad Capital Territory,Pakistan,,,,,
fe799025-cb64-5e2a-a769-382050952e50,12754372701,node,amenity,bank,Askari Bank Islamic Banking,,,,,OSM,,,33.6295314,73.117804,Islamabad,Islamabad Capital Territory,Pakistan,,,,,
53bc881d-f2fe-5d3f-8a23-47de1bd57341,12754373001,node,amenity,atm,,,,,,OSM,,,33.629526,73.1177788,Islamabad,Islamabad Capital Territory,Pakistan,,,,Askari Bank,
3aae7949-247b-53b3-8460-6257db0d5f0b,12754374701,node,amenity,atm,,,,,,OSM,,,33.629524,73.1177103,Islamabad,Islamabad Capital Territory,Pakistan,,,,HBL,
f137cb05-4c18-5836-8927-2a13d021f056,12143774524,node,healthcare,hospital,Alam Hospital,,,,,OSM,,,33.6300435,73.1189166,Islamabad,Islamabad Capital Territory,Pakistan,,,,,
1cb7c491-4874-5017-aaa5-838f7c3859ec,11052958159,node,healthcare,pharmacy,Health Care Pharmacy,,,,,OSM,,,33.6248116,73.1599745,Islamabad,Islamabad Capital Territory,Pakistan,,,,,
46bf21e4-9dcd-5b5e-9f3f-291295140440,619734264,way,leisure,park,PWD Central Park,,,,,OSM,,,33.5708033,73.1444968,Islamabad,Islamabad Capital Territory,Pakistan,,,,,
3c47e956-0b40-505c-91b7-9e4ab9056c41,1147076471,way,leisure,park,,,,,,OSM,,,33.5678951,73.1581816,Islamabad,Islamabad Capital Territory,Pakistan,,,,,
9e10380c-98f6-52b7-8ca8-56b8c7cc9618,229544407,way,leisure,park,,,,,,OSM,,,33.5672001,73.15412,Islamabad,Islamabad Capital Territory,Pakistan,,,,,
3b1c92c2-3dda-5cfe-91ec-7b2a65507f65,1147076478,way,natural,water,,,,,,OSM,,,33.5672254,73.1667538,Islamabad,Islamabad Capital Territory,Pakistan,,,,,
8c9dd5fc-a66d-51d4-acca-1ec0d499faea,895018175,way,natural,water,,,,,,OSM,,,33.5709109,73.1816879,Islamabad,Islamabad Capital Territory,Pakistan,,,,,
f4263f5b-a1b0-5224-9643-b0b417a34f57,781785390,way,leisure,park,Bahria University Park,,,,,OSM,,,33.5705307,73.1945601,Islamabad,Islamabad Capital Territory,Pakistan,,,,,
a1841c39-2374-5911-870b-728ef92d95dd,781785391,way,leisure,park,Naval Anchorage Park,,,,,OSM,,,33.5692309,73.1967132,Islamabad,Islamabad Capital Territory,Pakistan,,,,,
2fbfcf6b-72f2-5f7a-a655-af932f13745c,788653018,way,landuse,cemetery,Chaklala Scheme 3 Cemetary,,,,,OSM,,,33.5732494,73.1046634,Islamabad,Islamabad Capital Territory,Pakistan,,,,,
0b4cdc7d-db83-5fbb-baaf-d14f222642c2,236169249,way,natural,water,,,,,,OSM,,,33.5750517,73.1095043,Islamabad,Islamabad Capital Territory,Pakistan,,,,,
af573e48-bc4d-5e17-bd03-4bd8766f7c81,1198320782,way,landuse,cemetery,Madni Qabristan,,,,,OSM,,,33.5840485,73.1090255,Islamabad,Islamabad Capital Territory,Pakistan,,,,,
3cd3131b-7c0a-59ba-b34e-9ddea760e359,1198320781,way,landuse,cemetery,Qabristan New Mazharabad,,,,,OSM,,,33.5821144,73.1082896,Islamabad,Islamabad Capital Territory,Pakistan,,,,,
074962c3-e552-518c-bb4e-25d56b5f92bf,895029550,way,natural,water,,,,,,OSM,,,33.5880632,73.1085199,Islamabad,Islamabad Capital Territory,Pakistan,,,,,
caa6e48c-a511-58a1-ab95-56bfe4ebda0b,895029545,way,leisure,park,Dhok Munshi Public Park,,,,,OSM,,,33.5961727,73.1068513,Islamabad,Islamabad Capital Territory,Pakistan,,,,,
467fcc55-5a7e-50f4-94f2-8ace9e7e908d,895029546,way,natural,water,,,,,,OSM,,,33.5926677,73.1078752,Islamabad,Islamabad Capital Territory,Pakistan,,,,,
c916bc62-7021-5622-8914-3764dda6846a,1198320783,way,landuse,cemetery,New Mazharabad Qabristan,,,,,OSM,,,33.5832951,73.1140148,Islamabad,Islamabad Capital Territory,Pakistan,,,,,
89ac5da5-26a5-5dc6-9778-77387d068789,260459891,way,landuse,cemetery,,,,,,OSM,,,33.5730671,73.1334073,Islamabad,Islamabad Capital Territory,Pakistan,,,,,
f9594719-a1ca-5389-b33f-c9fd359d7e03,260980937,way,leisure,park,Shalimar Children Park,,,,,OSM,,,33.589237,73.1299192,Islamabad,Islamabad Capital Territory,Pakistan,,,,,
a6f0d823-d77a-502b-aaeb-60b2f26f177d,260976766,way,amenity,marketplace,AECHS Main Market (Civic Centre),,,,,OSM,,,33.5904021,73.1325132,Islamabad,Islamabad Capital Territory,Pakistan,,,,,
05888e38-2e07-57f0-b000-b3f7805b8bbd,260976764,way,leisure,park,باغ,باغ,,,,OSM,,,33.5966066,73.1309481,Islamabad,Islamabad Capital Territory,Pakistan,,,,,
3e19a4fd-7d8b-5291-9cd0-1acd32226177,1198320780,way,landuse,cemetery,Chaklala Qabristan,,,,,OSM,,,33.6003949,73.1040737,Islamabad,Islamabad Capital Territory,Pakistan,,,,,
c2624a14-423a-517d-bc16-e22ef250d307,788653015,way,landuse,cemetery,,,,,,OSM,,,33.601286,73.1060641,Islamabad,Islamabad Capital Territory,Pakistan,,,,,
c1a6c2b3-9e39-53b1-89ea-68ffbffc97f7,788653016,way,landuse,cemetery,,,,,,OSM,,,33.6022933,73.1057961,Islamabad,Islamabad Capital Territory,Pakistan,,,,,
9a451e25-f6cc-5167-9a34-c7f6062e3680,1443264102,way,landuse,cemetery,Sabira Bibi Graveyard,,,,,OSM,,,33.6154852,73.111998,Islamabad,Islamabad Capital Territory,Pakistan,,,,,
035b5577-7575-589e-bfc9-104979659c8f,1443269655,way,landuse,cemetery,Nai Abadi Graveyard,,,,,OSM,,,33.6199872,73.1120789,Islamabad,Islamabad Capital Territory,Pakistan,,,,,
b936f7b7-b98c-55d9-ad70-b1abb7f4de65,1422454349,way,landuse,cemetery,Qabristan,,,,,OSM,,,33.6184035,73.1114172,Islamabad,Islamabad Capital Territory,Pakistan,,,,,
5d51c5fe-a2c1-5e60-83ee-bbe528593f3e,1422591704,way,leisure,park,,,,,,OSM,,,33.6081217,73.1234065,Islamabad,Islamabad Capital Territory,Pakistan,,,,,
04ae967a-7b9e-5f51-924c-2b236708acce,260973310,way,leisure,park,Gulzaar e Quaid Park,,,,,OSM,,,33.5989591,73.129092,Islamabad,Islamabad Capital Territory,Pakistan,,,,,
5668e07d-2219-50a0-a9dc-23ebb68a72f7,260973312,way,amenity,marketplace,Gulzaar e Quaid Market,,,,,OSM,,,33.5983113,73.1294433,Islamabad,Islamabad Capital Territory,Pakistan,,,,,
f286823c-a7ed-5e9b-a3a2-94732701b9e8,1422346569,way,landuse,cemetery,Dhoke Lalyal Graveyard,,,,,OSM,,,33.6147734,73.1161154,Islamabad,Islamabad Capital Territory,Pakistan,,,,,
ada66cb1-b6cf-5294-96ed-30c2b1c83594,1422349834,way,landuse,cemetery,Baba Mast Graveyard,,,,,OSM,,,33.6147754,73.1134588,Islamabad,Islamabad Capital Territory,Pakistan,,,,,
4a9b52da-1078-5c7f-881a-0c05d14fcba1,1422453611,way,landuse,cemetery,Graveyard,,,,,OSM,,,33.6151267,73.1150798,Islamabad,Islamabad Capital Territory,Pakistan,,,,,
e7c8d6ba-6c90-577c-8a66-d0db0ec8cdfe,1422593908,way,amenity,marketplace,,,,,,OSM,,,33.6157035,73.117,Islamabad,Islamabad Capital Territory,Pakistan,,,,,
8f041283-f212-5df2-b180-8710a22de3d2,1433110876,way,leisure,park,,,,,,OSM,,,33.6111622,73.1178321,Islamabad,Islamabad Capital Territory,Pakistan,,,,,
b176a427-5d0d-593c-a696-663ba14b1a06,1443051852,way,amenity,police,Police Chowki Lalyal,,,,,OSM,,,33.6118902,73.1162752,Islamabad,Islamabad Capital Territory,Pakistan,,,,,
a6129a1c-666e-5b9d-9ebe-f2880bf12f94,1443211160,way,landuse,cemetery,Makawan Graveyard,,,,,OSM,,,33.61304,73.1174529,Islamabad,Islamabad Capital Territory,Pakistan,,,,,
36e49d31-26a3-5bdc-a7ae-101c8e857d73,1443211338,way,landuse,cemetery,,,,,,OSM,,,33.6131652,73.1177063,Islamabad,Islamabad Capital Territory,Pakistan,,,,,
709ffdaa-c1fd-5047-80ae-2a154a2dee5d,1422452576,way,landuse,cemetery,Graveyard,,,,,OSM,,,33.6130477,73.118695,Islamabad,Islamabad Capital Territory,Pakistan,,,,,
8e40ceb7-59f6-5e5b-9aa9-80ce9351a527,1422594284,way,amenity,marketplace,Madni Market,,,,,OSM,,,33.614105,73.1193215,Islamabad,Islamabad Capital Territory,Pakistan,,,,,
7582a239-6abd-5e91-ab5b-2c0f4a9cd09a,788653017,way,landuse,cemetery,,,,,,OSM,,,33.6163918,73.1174645,Islamabad,Islamabad Capital Territory,Pakistan,,,,,
a1679c7b-58e8-5480-a358-e79c1c8807bf,1443269308,way,leisure,park,,,,,,OSM,,,33.6195943,73.114222,Islamabad,Islamabad Capital Territory,Pakistan,,,,,
6c212ae2-e948-58d6-87e9-9848e1bd6c89,1452462913,way,leisure,park,,,,,,OSM,,,33.571529,73.1489902,Islamabad,Islamabad Capital Territory,Pakistan,,,,,
46dd46ce-aa02-527b-97d5-f624816d3ef0,1147076469,way,amenity,marketplace,PWD Jummah Bazaar,,,,,OSM,,,33.576606,73.1515174,Islamabad,Islamabad Capital Territory,Pakistan,,,,,
0d86ac0a-fa12-52be-b87e-2997e054874f,895018176,way,natural,water,,,,,,OSM,,,33.5766431,73.1878703,Islamabad,Islamabad Capital Territory,Pakistan,,,,,
ffde5d7d-ea8b-57db-a121-68face8ac445,1190677625,way,amenity,bank,Taqwa Islamic Banking,,,,,OSM,,,33.6299136,73.1176296,Islamabad,Islamabad Capital Territory,Pakistan,,,,,
ee396d18-a3b3-5c02-86d6-f264c6639efd,154873629,way,natural,water,Korang River Tributery,,,,,OSM,,,33.6410067,73.2086061,Islamabad,Islamabad Capital Territory,Pakistan,,,,,
2e8a6d02-937c-58d1-8b3c-2ea84386cb21,1455502633,way,leisure,park,,,,,,OSM,,,33.5736232,73.1968405,Islamabad,Islamabad Capital Territory,Pakistan,,,,,
fac88084-844c-5d4d-b002-f6fcf43a817a,895018177,way,natural,water,,,,,,OSM,,,33.5904996,73.1978297,Islamabad,Islamabad Capital Territory,Pakistan,,,,,
812aad3c-4944-53eb-883b-97937b8e9bd9,19153496,relation,natural,water,,,,,,OSM,,,33.6094037,73.1779897,Islamabad,Islamabad Capital Territory,Pakistan,,,,,
9ba4668c-f35b-5ff9-a7f4-ac39f4967cac,19153495,relation,natural,water,,,,,,OSM,,,33.6112955,73.1801824,Islamabad,Islamabad Capital Territory,Pakistan,,,,,
7ee1e31d-4d87-506d-9008-d27f17208370,12754397101,node,amenity,bank,JS Bank,,,,,OSM,,,33.6348107,73.1368553,Islamabad,Islamabad Capital Territory,Pakistan,,,,,
f8148e8b-0c34-56d9-9913-77a57b1a77fe,11229092735,node,amenity,bank,Allied Bank,الائیڈ بینک,,,,OSM,,,33.6407732,73.1567782,Islamabad,Islamabad Capital Territory,Pakistan,,,Allied Bank Limited,,
b9154144-a9df-59ae-a360-53981fb12cb4,11229115868,node,amenity,bank,Faysal Bank,فیصل بینک,,,,OSM,,,33.6411876,73.157182,Islamabad,Islamabad Capital Territory,Pakistan,,,Faysal Bank,,
9aa1996d-c453-517a-9709-32a530b9a252,11229121899,node,amenity,bank,"Soneri Bank Taramri,",,,,,OSM,,,33.6415328,73.1575204,Islamabad,Islamabad Capital Territory,Pakistan,,,,,
6c6f30fa-991e-536e-82c7-bacc7ccaf3ca,11229168323,node,amenity,marketplace,"Ch. Usman Plaza, Tarlai",,,,,OSM,,,33.6396898,73.1558719,Islamabad,Islamabad Capital Territory,Pakistan,,,,,
72257b59-8692-5eb2-a13f-730d89a6cfd0,11229520331,node,amenity,marketplace,Utility Store,,,,,OSM,,,33.6390598,73.1539533,Islamabad,Islamabad Capital Territory,Pakistan,,,,,
e26081d2-102c-5df4-8fef-e6302d704383,11229115385,node,amenity,bank,"Meezan Bank, Taramri branch",,,,,OSM,,,33.6428321,73.1605429,Islamabad,Islamabad Capital Territory,Pakistan,,,,,
a81e4c4c-03b6-5bd2-9389-8e4638aaa036,11229069012,node,amenity,bank,"UBL Bank, Taramri Branch",,,,,OSM,,,33.6431981,73.1614995,Islamabad,Islamabad Capital Territory,Pakistan,,,,,
50c1bf19-2d2c-512b-9a62-99be751d22ac,2694757012,node,amenity,bank,National Bank,,,,,OSM,,,33.6444149,73.1654251,Islamabad,Islamabad Capital Territory,Pakistan,,,,,
a67c7fb5-c391-5a96-8e3c-b1a024c06149,1668719004,node,healthcare,hospital,Begam Jan Hospital,,,,,OSM,,,33.6453694,73.1744526,Islamabad,Islamabad Capital Territory,Pakistan,,,,,
ca030c0a-edc3-5d6a-9b8a-6dc15b164c89,1668725700,node,amenity,bank,ایچ بی ایل پاکستان,ایچ بی ایل پاکستان,,,,OSM,,,33.6449017,73.1737083,Islamabad,Islamabad Capital Territory,Pakistan,,,ایچ بی ایل پاکستان,,
7e596649-1c61-526a-8992-922862e5078c,2694758065,node,amenity,bank,ایم سی بی بینک,ایم سی بی بینک,,,,OSM,,,33.6449284,73.1739116,Islamabad,Islamabad Capital Territory,Pakistan,,,ایم سی بی بینک,,
80be4db4-a67e-5000-ae68-e78681a197c0,7417878942,node,healthcare,hospital,HBS General Hospital,,,,,OSM,,,33.6448002,73.1726511,Islamabad,Islamabad Capital Territory,Pakistan,,,,,
d184a8c1-f713-56a4-85d2-99d4e34bfbce,4735701885,node,leisure,park,sfafd,,,,,OSM,,,33.681986,73.1523582,Islamabad,Islamabad Capital Territory,Pakistan,,,,,
7cdd31a1-724a-567b-8d9c-f6506e73b5be,12215025180,node,healthcare,hospital,new gujjar khan medical store,,,,,OSM,,,33.6520132,73.1954238,Islamabad,Islamabad Capital Territory,Pakistan,,,,,
fd760dc0-d9ba-52cc-825d-e77653d233e1,498929176,way,landuse,cemetery,,,,,,OSM,,,33.6417065,73.1026073,Islamabad,Islamabad Capital Territory,Pakistan,,,,,
64889403-0a52-540e-9f37-2530ae109ee3,906114721,way,landuse,cemetery,,,,,,OSM,,,33.6421607,73.1009161,Islamabad,Islamabad Capital Territory,Pakistan,,,,,
164dc515-c32e-59d4-a6ed-bcb5f4fd724d,1134745418,way,landuse,cemetery,,,,,,OSM,,,33.6382251,73.1057229,Islamabad,Islamabad Capital Territory,Pakistan,,,,,
dae00a39-5d56-5fef-a0aa-6631337927b9,498929175,way,landuse,cemetery,,,,,,OSM,,,33.6474184,73.1013232,Islamabad,Islamabad Capital Territory,Pakistan,,,,,
e9cc13f6-e5f0-5c2e-a430-7c66cb972c8b,452510140,way,natural,water,,,,,,OSM,,,33.666414,73.1018858,Islamabad,Islamabad Capital Territory,Pakistan,,,,,
93cce02e-8b3e-5ba5-9154-d43e9a386ccb,1097694476,way,healthcare,clinic,,,,,,OSM,,,33.6488185,73.1557714,Islamabad,Islamabad Capital Territory,Pakistan,,,,,
93598956-7073-55f4-9b01-5a60358f8034,154262441,way,amenity,police,Shehzad Town Police Station,,,,,OSM,,,33.6489806,73.1605032,Islamabad,Islamabad Capital Territory,Pakistan,,,,,
7503ba46-7b67-558b-aac3-7e0d1cc183bf,154971370,way,leisure,park,,,,,,OSM,,,33.652316,73.1564254,Islamabad,Islamabad Capital Territory,Pakistan,,,,,
64e1d2cf-651e-5459-9c70-de296337d7a4,407172484,way,leisure,park,,,,,,OSM,,,33.650175,73.1552524,Islamabad,Islamabad Capital Territory,Pakistan,,,,,
721d2a2c-447d-5302-8d5e-ed666ec68a6d,407172486,way,leisure,park,,,,,,OSM,,,33.6508789,73.1555885,Islamabad,Islamabad Capital Territory,Pakistan,,,,,
d8ded794-07e0-5446-96a5-01251fe3e037,1159238399,way,leisure,park,Lawn,,,,,OSM,,,33.6498982,73.155318,Islamabad,Islamabad Capital Territory,Pakistan,,,,,
d0b08825-3b67-5c2a-9a42-32983788b5bc,1159238400,way,leisure,park,Lawn,,,,,OSM,,,33.649709,73.155084,Islamabad,Islamabad Capital Territory,Pakistan,,,,,
445f6827-b4e4-5689-8a02-15f0a3aaa0eb,154971372,way,leisure,park,,,,,,OSM,,,33.6518916,73.1573662,Islamabad,Islamabad Capital Territory,Pakistan,,,,,
0618c90e-3e87-57a6-b449-f4ba2f3f0a44,7921314,way,natural,water,راول جھیل,راول جھیل,,,,OSM,راول جھیل,,33.7052244,73.1263505,Islamabad,Islamabad Capital Territory,Pakistan,,,,,Q5268374
335bccf9-ed17-5fa2-9d36-d596fa64ad1f,154459274,way,leisure,park,Ankara Park,,,,,OSM,,,33.6939986,73.113006,Islamabad,Islamabad Capital Territory,Pakistan,,,,,
321f91cf-086d-51f7-ab0c-2574ebab48fb,473859435,way,natural,water,,,,,,OSM,,,33.6917666,73.112551,Islamabad,Islamabad Capital Territory,Pakistan,,,,,
a4d335c3-cdfb-59a2-887b-4ea67a1fbd29,154459273,way,leisure,park,Lake View Park,,,,,OSM,,,33.6924768,73.1215213,Islamabad,Islamabad Capital Territory,Pakistan,,,,,
486380cb-17d7-5bac-b761-ebbc2334b877,16419154,relation,natural,water,,,,,,OSM,,,33.6636411,73.1092046,Islamabad,Islamabad Capital Territory,Pakistan,,,,,
624bbea4-8ae9-5e0b-b6e9-a011fd0dec85,15678018,relation,leisure,park,Lawn,,,,,OSM,,,33.6513685,73.1556889,Islamabad,Islamabad Capital Territory,Pakistan,,,,,
5a827def-1dcc-5b49-a3ed-368847097cec,15678019,relation,leisure,park,Lawn,,,,,OSM,,,33.6504138,73.1554079,Islamabad,Islamabad Capital Territory,Pakistan,,,,,
1fa761f7-6d77-5e29-a08e-9fea224592e0,15678303,relation,leisure,park,Lawn,,,,,OSM,,,33.6507352,73.1555731,Islamabad,Islamabad Capital Territory,Pakistan,,,,,
3c9fc480-a62d-5e2c-80d8-bc94aba00642,15678304,relation,leisure,park,Lawn,,,,,OSM,,,33.6507545,73.1549672,Islamabad,Islamabad Capital Territory,Pakistan,,,,,
3bf9d620-5d32-5a96-84f1-77db40145413,4945411880,node,amenity,bank,National Bank - NBP,,,,,OSM,,,33.7183262,73.1002789,Islamabad,Islamabad Capital Territory,Pakistan,,,,,
c65b6c26-f51b-5bd5-a676-e9162a05389e,4945411883,node,amenity,bank,"Asian Development Bank (ADB), Islamabad",,,,,OSM,,,33.7176138,73.1007287,Islamabad,Islamabad Capital Territory,Pakistan,,,,,
b660ae61-41c9-522b-bfb9-f2c0b74566b5,10803913156,node,amenity,bank,Allied Bank,الائیڈ بینک,,,,OSM,,,33.7215201,73.1065044,Islamabad,Islamabad Capital Territory,Pakistan,,,Allied Bank Limited,,
f219d530-3c43-57b6-9d37-42a24d4b2a71,4945722976,node,amenity,police,Secretariat Police Station,,,,,OSM,,,33.7272553,73.1067513,Islamabad,Islamabad Capital Territory,Pakistan,,,,,
137e837e-e13a-51c2-80b1-a706ff7b2403,10803913158,node,amenity,bank,,بینک الفلاح,,,,OSM,,,33.7217379,73.1072357,Islamabad,Islamabad Capital Territory,Pakistan,,,Bank Alfalah,,
ada0673e-09b9-5dc0-be5d-a9de99fc6807,12995869197,node,amenity,bank,HBL Bank,ایچ بی ایل پاکستان,,,,OSM,,,33.7465754,73.1384018,Islamabad,Islamabad Capital Territory,Pakistan,,,HBL Bank,,
865d3a93-c662-5a91-a9b8-15d466edc26b,12851075206,node,amenity,atm,,,,,,OSM,,,33.7378072,73.1752949,Islamabad,Islamabad Capital Territory,Pakistan,,,Meezan Bank,Meezan Bank,
9c783eaa-d88e-5797-9c4d-7dea66e0ef10,12851165421,node,amenity,atm,,,,,,OSM,,,33.7386431,73.1774004,Islamabad,Islamabad Capital Territory,Pakistan,,,نیشنل بینک آف پاکستان,نیشنل بینک آف پاکستان,
b41dcfcc-8eab-5b7f-9d1c-b1562db660a2,264603396,way,leisure,park,Lake View Park,,,,,OSM,Lake View Park,,33.7164236,73.129813,Islamabad,Islamabad Capital Territory,Pakistan,,,,,Q6478296
10cb11d2-2a3e-51d8-a584-6593b424d4d7,595938846,way,place,neighbourhood,ڈپلومیٹک انکلیو,ڈپلومیٹک انکلیو,,,,OSM,"Diplomatic Enclave, Islamabad",,33.7272337,73.1200885,Islamabad,Islamabad Capital Territory,Pakistan,,,,,Q21244942
ef3dfa9e-02f6-5876-a034-27e403e12254,474386787,way,leisure,park,,,,,,OSM,,,33.7049065,73.106747,Islamabad,Islamabad Capital Territory,Pakistan,,,,,
bf1f1b43-c926-5fb8-817e-d67f7f1d1f40,474386793,way,leisure,park,,,,,,OSM,,,33.7054219,73.1057361,Islamabad,Islamabad Capital Territory,Pakistan,,,,,
981cdcad-68bd-5b68-bd7a-0e22160b5de2,555710060,way,natural,water,,,,,,OSM,,,33.7128959,73.1058192,Islamabad,Islamabad Capital Territory,Pakistan,,,,,
4ebd1fbe-188a-5195-b6d8-1e3e774300e5,266653616,way,amenity,police,Diplomatic Enclave Entry,,,,,OSM,,,33.7193544,73.1035461,Islamabad,Islamabad Capital Territory,Pakistan,,,,Checkpoint,
a8ce46a6-6c0f-5c15-a1ed-8033a9927c85,266653617,way,amenity,police,Diplomatic Enclave Exit,,,,,OSM,,,33.7194491,73.1039439,Islamabad,Islamabad Capital Territory,Pakistan,,,,Checkpoint,
436243a2-a7cc-59d1-94af-2ca7a7dcd732,472341402,way,leisure,park,,,,,,OSM,,,33.7165078,73.1038327,Islamabad,Islamabad Capital Territory,Pakistan,,,,,
e96752fe-8ed4-5ef3-af49-5361f6de3fe5,555716997,way,natural,water,,,,,,OSM,,,33.7184579,73.1024,Islamabad,Islamabad Capital Territory,Pakistan,,,,,
027627c4-afd3-5dda-8623-2b2d7b2ba4bc,555717000,way,natural,water,,,,,,OSM,,,33.7193554,73.101724,Islamabad,Islamabad Capital Territory,Pakistan,,,,,
e008eadc-090d-5522-84d3-78fd28e7f778,555718700,way,natural,water,,,,,,OSM,,,33.716022,73.1044939,Islamabad,Islamabad Capital Territory,Pakistan,,,,,
7b472198-4989-559b-be66-5fc8e451f21c,225855317,way,amenity,bank,اسٹینڈرڈ چارٹرڈ,اسٹینڈرڈ چارٹرڈ,,,,OSM,,,33.721255,73.1062701,Islamabad,Islamabad Capital Territory,Pakistan,,,اسٹینڈرڈ چارٹرڈ,اسٹینڈرڈ چارٹرڈ,
7e156924-ccdc-511c-a752-47d373bf6623,1290613837,way,tourism,museum,,,,,,OSM,,,33.7173924,73.1146341,Islamabad,Islamabad Capital Territory,Pakistan,,,,,
d6a54d04-8f30-55ad-9a8e-e7bc99f815a0,555490855,way,leisure,park,,,,,,OSM,,,33.7103657,73.1295892,Islamabad,Islamabad Capital Territory,Pakistan,,,,,
f776a51d-47e4-5c14-a6c2-3aa445c4cf56,555511880,way,natural,water,,,,,,OSM,,,33.7158047,73.132518,Islamabad,Islamabad Capital Territory,Pakistan,,,,,
81d71cb8-75f5-53a0-9c85-a0e0f5dab0cf,450277812,way,natural,water,کورنگ ندی,کورنگ ندی,,,,OSM,کورنگ ندی,,33.7299764,73.1696802,Islamabad,Islamabad Capital Territory,Pakistan,,,,,Q6431403
6e90fb87-b3d5-585c-a9a1-28d447fa95fa,266653614,way,amenity,police,Diplomatic Enclave Entry,,,,,OSM,,,33.7302941,73.1116286,Islamabad,Islamabad Capital Territory,Pakistan,,,,Checkpoint,
d0ce8079-83b5-5c4f-b312-835432634543,961445279,way,amenity,bank,Askari Bank,عسکری بینک,,,,OSM,,,33.7457042,73.1378716,Islamabad,Islamabad Capital Territory,Pakistan,,,Askari Bank,,
5f3834e2-3852-557d-b95a-0f3892fc9afc,492309262,way,landuse,cemetery,,,,,,OSM,,,33.7459931,73.1855171,Islamabad,Islamabad Capital Territory,Pakistan,,,,,
db91dc12-a075-5141-b973-d16761d4ad18,15678907,relation,healthcare,clinic,کیو اے یو میڈیکل مرکز,کیو اے یو میڈیکل مرکز,,,,OSM,,,33.74718,73.1356371,Islamabad,Islamabad Capital Territory,Pakistan,,,,,
09a61249-1e64-517e-94e6-08710b519c84,11258115819,node,railway,station,سِہالہ ریلوے اسٹیشن,سِہالہ ریلوے اسٹیشن,,,,OSM,Sihala railway station,,33.5514835,73.2010316,Islamabad,Islamabad Capital Territory,Pakistan,,,,Pakistan Railways,Q18536776
dfdf6552-6643-53ca-b263-f3f02cca2300,891901979,way,natural,water,,,,,,OSM,,,33.5101139,73.2091023,Islamabad,Islamabad Capital Territory,Pakistan,,,,,
62f8e5db-5aec-58e4-ad65-9cc2516f26a2,894230021,way,natural,water,,,,,,OSM,,,33.5042044,73.278882,Islamabad,Islamabad Capital Territory,Pakistan,,,,,
3d6c1302-38e7-5aef-ac95-d53ec58427a1,1358869337,way,natural,water,,,,,,OSM,,,33.5099402,73.2762575,Islamabad,Islamabad Capital Territory,Pakistan,,,,,
d62aef9c-e638-5c5a-8cca-77cc2cb2b2a4,894230019,way,natural,water,,,,,,OSM,,,33.5195984,73.295282,Islamabad,Islamabad Capital Territory,Pakistan,,,,,
0f9313c5-fb27-5a91-a59a-e20b2273acce,1385365482,way,natural,water,,,,,,OSM,,,33.5169451,73.2934414,Islamabad,Islamabad Capital Territory,Pakistan,,,,,
a251243b-d1bb-5293-b5a2-8fb9a02c075f,891902206,way,natural,water,,,,,,OSM,,,33.5275534,73.2033556,Islamabad,Islamabad Capital Territory,Pakistan,,,,,
994c29f9-4be7-595b-a0c2-d9327b753252,1452616897,way,leisure,park,,,,,,OSM,,,33.536164,73.2130997,Islamabad,Islamabad Capital Territory,Pakistan,,,,,
b7545086-0ce2-53a9-ae50-c10ee2883e4e,891902143,way,natural,water,,,,,,OSM,,,33.5214002,73.2244728,Islamabad,Islamabad Capital Territory,Pakistan,,,,,
bef2906e-c888-57a3-9e61-98b7aeb7efe8,895018140,way,amenity,police,Sihala Police Academy,,,,,OSM,,,33.5511488,73.2154897,Islamabad,Islamabad Capital Territory,Pakistan,,,,,
501da10d-41a7-52e0-8b74-f02325a645e3,894230032,way,natural,water,,,,,,OSM,,,33.5472566,73.2977634,Islamabad,Islamabad Capital Territory,Pakistan,,,,,
9c51db42-4611-529d-9a07-c8b32cdb2713,894230033,way,natural,water,,,,,,OSM,,,33.5484878,73.296769,Islamabad,Islamabad Capital Territory,Pakistan,,,,,
b8eee60c-ca29-54ee-abf3-25b05e3a53e3,1148012533,way,natural,water,,,,,,OSM,,,33.5866795,73.2355754,Islamabad,Islamabad Capital Territory,Pakistan,,,,,
4df2d1c0-d191-552b-beff-4c51a5ee926a,781785389,way,leisure,park,,,,,,OSM,,,33.6018669,73.2090259,Islamabad,Islamabad Capital Territory,Pakistan,,,,,
052185ac-8900-55c9-a72f-ee01630d8954,781785387,way,leisure,park,Residencia Square Park,,,,,OSM,,,33.6003574,73.21156,Islamabad,Islamabad Capital Territory,Pakistan,,,,,
0480f38f-b38e-56aa-978d-0ee9dc52890d,1128406477,way,leisure,park,,,,,,OSM,,,33.6013344,73.2161972,Islamabad,Islamabad Capital Territory,Pakistan,,,,,
f93d820f-1f88-583e-abc3-bf1d6efa87aa,5419627608,node,amenity,atm,,,,,,OSM,,,33.6921296,73.2181342,Islamabad,Islamabad Capital Territory,Pakistan,,,,UBL ATM,
e5cd30da-e44a-5f45-84de-2e66e6936bf2,1175927715,way,leisure,park,Shaheen Town Family Park (Phase 2),,,,,OSM,,,33.6409663,73.2204085,Islamabad,Islamabad Capital Territory,Pakistan,,,,Shaheen Town,
54e7c42e-32b8-591b-86b8-d9869a260691,1302212504,way,leisure,park,,,,,,OSM,,,33.6823398,73.2013243,Islamabad,Islamabad Capital Territory,Pakistan,,,,,
767915a9-3f22-584f-a17e-4b4da52b1723,562135984,way,leisure,park,موسیقی پارک,موسیقی پارک,,,,OSM,,,33.6872342,73.217574,Islamabad,Islamabad Capital Territory,Pakistan,,,,,
588eb7c2-f9ed-5b3d-a09c-c8f69bd16e05,562190707,way,natural,water,,,,,,OSM,,,33.6876648,73.210182,Islamabad,Islamabad Capital Territory,Pakistan,,,,,
c20d0054-c297-5ad5-b43d-606545944a4a,562133746,way,leisure,park,,,,,,OSM,,,33.6869193,73.2090453,Islamabad,Islamabad Capital Territory,Pakistan,,,,,
4259ace5-efb9-5a78-a2c1-0047fd030ab5,562133747,way,leisure,park,,,,,,OSM,,,33.6867799,73.2093044,Islamabad,Islamabad Capital Territory,Pakistan,,,,,
918d6a9c-232a-5d2b-a9a2-5ac87b7eb0f7,562137834,way,healthcare,clinic,,,,,,OSM,,,33.6866335,73.2092313,Islamabad,Islamabad Capital Territory,Pakistan,,,,,
c420117b-2e40-5434-98aa-f7b1b5ef0b15,562135682,way,leisure,park,Children Park,,,,,OSM,,,33.6938306,73.2145445,Islamabad,Islamabad Capital Territory,Pakistan,,,,,
010faa8c-d8db-52ca-8dea-820c8cecfefc,562135768,way,leisure,park,,,,,,OSM,,,33.6905029,73.2147808,Islamabad,Islamabad Capital Territory,Pakistan,,,,,
2e44cc87-ce66-537a-a6da-4e8a6921fdbf,562137827,way,leisure,park,Trafalgar Square,,,,,OSM,,,33.6900318,73.2110274,Islamabad,Islamabad Capital Territory,Pakistan,,,,,
7c500a37-c44a-567e-9d3b-dd537d429c6f,562139729,way,leisure,park,,,,,,OSM,,,33.6897401,73.2130647,Islamabad,Islamabad Capital Territory,Pakistan,,,,,
d5fcdac1-c0cb-5070-a99a-f544153afc83,562047680,way,leisure,park,باغ,باغ,,,,OSM,,,33.6923227,73.218642,Islamabad,Islamabad Capital Territory,Pakistan,,,,,
a6bc8553-a565-5442-a4af-60722a4aec60,1302206645,way,natural,water,,,,,,OSM,,,33.7200851,73.2230057,Islamabad,Islamabad Capital Territory,Pakistan,,,,,
9bc60a89-a000-5861-b05c-8257881b8ecf,1302205174,way,leisure,park,,,,,,OSM,,,33.7214053,73.2192273,Islamabad,Islamabad Capital Territory,Pakistan,,,,,
8b30e0a7-5730-5d0e-a7f0-42d4753d5efa,1302206644,way,leisure,park,,,,,,OSM,,,33.7198537,73.2228006,Islamabad,Islamabad Capital Territory,Pakistan,,,,,
8ed28f01-7c39-527f-9138-aea2fa7102e6,3596984269,node,leisure,park,Valley Park,,,,,OSM,,,33.8218365,73.2766487,Islamabad,Islamabad Capital Territory,Pakistan,,,,,
20e13717-6409-57ce-b532-97186bb7ff7f,353905717,way,leisure,park,Chattar Park,,,,,OSM,,,33.7798376,73.2426682,Islamabad,Islamabad Capital Territory,Pakistan,,,,,
ac862cb9-ad4a-55cd-bd07-9973eee7e15b,1358869334,way,natural,water,,,,,,OSM,,,33.5227775,73.3031038,Islamabad,Islamabad Capital Territory,Pakistan,,,,,
f2ba34a0-d3d3-5d08-b5e2-c0e0f0f3c98e,1358869333,way,natural,water,,,,,,OSM,,,33.5247365,73.3084923,Islamabad,Islamabad Capital Territory,Pakistan,,,,,
4e72ef92-eb7b-55b6-8258-746ae3ec3702,1358869335,way,natural,water,,,,,,OSM,,,33.5206931,73.302247,Islamabad,Islamabad Capital Territory,Pakistan,,,,,
2cb7dcba-1381-5e10-a779-4ea1973ecf41,1136243738,way,natural,water,,,,,,OSM,,,33.5365117,73.3064811,Islamabad,Islamabad Capital Territory,Pakistan,,,,,
3241128b-ca31-5c85-8104-ef6441e05a37,1133265416,way,natural,water,,,,,,OSM,,,33.5305546,73.3338485,Islamabad,Islamabad Capital Territory,Pakistan,,,,,
cb9709d1-7641-5bd1-92d9-95299b98ae3c,1133265417,way,natural,water,,,,,,OSM,,,33.5318048,73.3373547,Islamabad,Islamabad Capital Territory,Pakistan,,,,,
db290ca5-59b1-57d2-b21c-2dd76838e688,1136243739,way,natural,water,,,,,,OSM,,,33.5629767,73.3185586,Islamabad,Islamabad Capital Territory,Pakistan,,,,,
be444580-3ea5-543b-a4c6-d83abf920b13,1136243740,way,natural,water,,,,,,OSM,,,33.5639914,73.3120262,Islamabad,Islamabad Capital Territory,Pakistan,,,,,
7e4c4f6b-f741-5b34-a034-ca1cd5db8e72,1136243741,way,natural,water,,,,,,OSM,,,33.568575,73.3169564,Islamabad,Islamabad Capital Territory,Pakistan,,,,,
b6f60b0a-aa6e-5981-a00d-b753644ea22d,1136243742,way,natural,water,,,,,,OSM,,,33.5653784,73.3184932,Islamabad,Islamabad Capital Territory,Pakistan,,,,,
02754083-9a17-5066-ba43-6f255f6855bf,10267813063,node,amenity,bank,National Bank (NBP),,,,,OSM,,,33.5937043,73.3821954,Islamabad,Islamabad Capital Territory,Pakistan,,,,,
4398a020-e44c-5655-bdc7-977e4cc08ffd,10267813064,node,amenity,bank,Muslim Commercial Bank (MCB),,,,,OSM,,,33.5937468,73.3825871,Islamabad,Islamabad Capital Territory,Pakistan,,,,,
8a39214a-e39c-5f18-8ec7-d36ff23c1603,10267813065,node,amenity,bank,Meezan Bank,میزان بینک,,,,OSM,,,33.5937382,73.3827877,Islamabad,Islamabad Capital Territory,Pakistan,,,Meezan Bank,,
b1c84c97-d257-5313-91d6-dfdd953e77b4,10267813066,node,amenity,bank,United Bank (UBL),,,,,OSM,,,33.5937263,73.3841996,Islamabad,Islamabad Capital Territory,Pakistan,,,,,
5b7f8dfb-2974-5128-9155-d0984459674b,10267813067,node,amenity,bank,Allied Bank,الائیڈ بینک,,,,OSM,,,33.5942066,73.3841298,Islamabad,Islamabad Capital Territory,Pakistan,,,Allied Bank Limited,,
de1357ca-74ad-5b83-a8a0-40d6804b726b,10267813068,node,amenity,bank,Punjab Bank,,,,,OSM,,,33.5941047,73.3841647,Islamabad,Islamabad Capital Territory,Pakistan,,,,,
6a1cb4c4-8200-5866-a61e-bc480e0310fb,1122676637,way,leisure,park,Kahuta Welfare Committie Park,,,,,OSM,,,33.591891,73.3718746,Islamabad,Islamabad Capital Territory,Pakistan,,,,KWC,
f1658fa9-56c3-53ae-a40f-098a79c27b54,1021406034,way,natural,water,,,,,,OSM,,,33.6085076,73.3912423,Islamabad,Islamabad Capital Territory,Pakistan,,,,,
1afc4a2d-6d09-59a2-ab99-2e4fe66d5999,1021406035,way,natural,water,,,,,,OSM,,,33.6098916,73.3997384,Islamabad,Islamabad Capital Territory,Pakistan,,,,,
fe6009ac-475d-5b04-a9b0-0c6100340aeb,3214201,relation,natural,water,Simly Dam Lake,,,,,OSM,,,33.7249805,73.3483648,Islamabad,Islamabad Capital Territory,Pakistan,,,,,Q49310582
c08d7e21-6bb5-52fa-aac5-5cb685913a31,8891008561,node,place,neighbourhood,Murree Hills,,,,,OSM,,,33.8970451,73.382782,Islamabad,Islamabad Capital Territory,Pakistan,,,,,
4d801873-7b5b-5323-8cbe-0e0afff541ea,288994075,way,healthcare,hospital,Combined Military Hospital,,,,,OSM,,,33.8978326,73.3853443,Islamabad,Islamabad Capital Territory,Pakistan,,,,,
