id,osm_id,osm_geom_type,osm_tag_key,osm_tag_value,name,name_ur,alt_name,description_raw,description_final,description_source,wikipedia_title,wikipedia_url,lat,lon,city,province,country,language,dedup_group_id,brand,operator,wikidata
122423f3-0b0c-532a-867d-f67ea70d3286,8597534130,node,healthcare,hospital,University of Lahore Teaching Hospital,,,,,OSM,,,31.4027301,74.2325973,Lahore,Punjab,Pakistan,,,,University of Lahore,
2ddbf992-c110-5a22-96b3-f9549ffe45ae,4472915042,node,place,neighbourhood,Judicial Colony Phase III,,,,,OSM,,,31.4294388,74.2041334,Lahore,Punjab,Pakistan,,,,,
61d2795b-1ce4-5a2f-853f-88e4fe3bf0b6,1269561672,node,amenity,marketplace,,,,,,OSM,,,31.4278039,74.2103913,Lahore,Punjab,Pakistan,,,,,
174e94ac-4018-5c85-a238-bd9c3a1716ff,1269561688,node,amenity,bank,,,,,,OSM,,,31.4281047,74.2103823,Lahore,Punjab,Pakistan,,,,,
c620ebdf-5a04-59f8-b696-32d650431809,1269536223,node,amenity,marketplace,E Block Market,,,,,OSM,,,31.437758,74.2128993,Lahore,Punjab,Pakistan,,,,,
14590114-3558-5397-8586-18093eb804a0,5965065421,node,amenity,marketplace,E Block Market,,,,,OSM,,,31.4380187,74.2123928,Lahore,Punjab,Pakistan,,,,,
88418c10-7a44-508f-bb2e-724f7e46bba7,5965050927,node,amenity,marketplace,C Block Market,,,,,OSM,,,31.4314048,74.2146352,Lahore,Punjab,Pakistan,,,,,
5d9ab0e0-12df-5ec0-9867-577f46ba0286,5965062506,node,healthcare,pharmacy,Dukes & Dukes Pharmacy,,,,,OSM,,,31.4357394,74.2156973,Lahore,Punjab,Pakistan,,,,,
4b77c70e-43dc-5abb-b396-e32ca7d7f62c,5965062507,node,healthcare,pharmacy,Rite Aid,,,,,OSM,,,31.4351581,74.2155364,Lahore,Punjab,Pakistan,,,,,
a294f348-d219-5196-a7d3-4b84d82049e0,1269536216,node,amenity,marketplace,H Block Market,,,,,OSM,,,31.4473182,74.2152533,Lahore,Punjab,Pakistan,,,,,
cd52b9fd-71d9-59d3-9c9e-def622fd32a3,1264431405,node,amenity,marketplace,,,,,,OSM,,,31.440939,74.2258312,Lahore,Punjab,Pakistan,,,,,
8f02cfe5-d681-5335-b3d5-a93cc7a6fa80,3205289282,node,amenity,marketplace,J Block Market,,,,,OSM,,,31.4478744,74.2102074,Lahore,Punjab,Pakistan,,,,,
61160c02-782e-513d-b2d8-e2ff223e2257,712473623,way,leisure,park,,,,,,OSM,,,31.4104964,74.221199,Lahore,Punjab,Pakistan,,,,,
37c061d6-b0a1-5889-b819-076d32f6199e,712473627,way,leisure,park,,,,,,OSM,,,31.4089719,74.2210339,Lahore,Punjab,Pakistan,,,,,
c2e0dbcc-e6a8-5291-aabf-ff67d9c9cab7,712474909,way,leisure,park,,,,,,OSM,,,31.4091128,74.2243119,Lahore,Punjab,Pakistan,,,,,
4a700235-ba5f-562e-9232-48a1c73607f6,1152482495,way,leisure,park,,,,,,OSM,,,31.411162,74.2281837,Lahore,Punjab,Pakistan,,,,,
6d94d51d-d9e7-5ddd-b1fe-3e4420322dd6,328268157,way,leisure,park,,,,,,OSM,,,31.4270791,74.2116843,Lahore,Punjab,Pakistan,,,,,
ab3c9ba0-889a-53e7-b69b-8e728d45a152,328268156,way,leisure,park,چمن پارک,,,,,OSM,,,31.4325193,74.2059927,Lahore,Punjab,Pakistan,,,,,
0e988f54-9abb-55c2-8d41-b67a7bf9b313,1009526076,way,leisure,park,بچوں کے پارک,,,,,OSM,,,31.4302636,74.2066492,Lahore,Punjab,Pakistan,,,,,
5f395cf2-40a3-5b85-93cc-fd68bd864d51,1012011465,way,leisure,park,"A block Park, EME",,,,,OSM,,,31.4346765,74.1998628,Lahore,Punjab,Pakistan,,,,,
9a9b9f24-f6e9-50eb-9d48-8a5232a784c4,328262969,way,leisure,park,,,,,,OSM,,,31.4395282,74.2087355,Lahore,Punjab,Pakistan,,,,,
6961c09a-e9c3-5389-8120-7b7388aa9019,328262970,way,leisure,park,,,,,,OSM,,,31.4360428,74.2098925,Lahore,Punjab,Pakistan,,,,,
aa7d05ab-a969-56ec-9f9b-3b55b3c0a83a,314480113,way,leisure,park,J Block Park,,,,,OSM,,,31.446577,74.2128467,Lahore,Punjab,Pakistan,,,,,
0caad2b1-6f87-51fa-8575-9762bcb6b86b,1012007371,way,leisure,park,DHA Marriage ground,,,,,OSM,,,31.4357167,74.2134679,Lahore,Punjab,Pakistan,,,,,
2ca7c70e-5bff-5498-b489-9ddcdfec6c84,328262968,way,leisure,park,,,,,,OSM,,,31.4416942,74.2097689,Lahore,Punjab,Pakistan,,,,,
0892a49f-51bd-5cda-92fc-6d3948032bba,328265325,way,leisure,park,,,,,,OSM,,,31.4290771,74.2145676,Lahore,Punjab,Pakistan,,,,,
35473b84-9426-5ac7-977c-e957b1fd93a8,1012008408,way,leisure,park,,,,,,OSM,,,31.4335834,74.2148092,Lahore,Punjab,Pakistan,,,,,
66c44696-103a-5438-bcca-62c43be073d0,1012008821,way,leisure,park,"EME, D block extension",,,,,OSM,,,31.4314788,74.216381,Lahore,Punjab,Pakistan,,,,,
a67ffa4b-6b13-58c7-904d-0fc05fed2360,328262415,way,leisure,park,,,,,,OSM,,,31.4473529,74.2178775,Lahore,Punjab,Pakistan,,,,,
cafd0ae7-2e8b-5a4d-8bd5-487a58405f07,328262966,way,leisure,park,,,,,,OSM,,,31.4410874,74.2139615,Lahore,Punjab,Pakistan,,,,,
a2d4f486-23fa-5b55-a3c8-8002206c039d,328262430,way,leisure,park,,,,,,OSM,,,31.4448998,74.2147394,Lahore,Punjab,Pakistan,,,,,
4cb5e2a3-e1aa-5a66-b4d7-c91877c6867f,314478468,way,leisure,park,Lala Zar Park,,,,,OSM,,,31.4482306,74.2095086,Lahore,Punjab,Pakistan,,,,,
a154f8e4-ea51-5473-ad5d-e0913357adb5,328262414,way,leisure,park,,,,,,OSM,,,31.4483551,74.2145945,Lahore,Punjab,Pakistan,,,,,
660169f8-58f9-53c3-b4af-8b93aef6e97d,3283269424,node,place,neighbourhood,Park View Villas,,,,,OSM,,,31.4526266,74.2023666,Lahore,Punjab,Pakistan,,,,,
f04ae6a3-c0ff-53e7-b555-4f043efd0560,3381938823,node,amenity,marketplace,,,,,,OSM,,,31.4553145,74.2171909,Lahore,Punjab,Pakistan,,,,,
0bebbe9d-015d-5f86-801e-932419d2eec4,4724967889,node,amenity,atm,,,,,,OSM,,,31.4553308,74.2170352,Lahore,Punjab,Pakistan,,,,HBL,
3b8e1acd-b483-51e4-b66f-189bc195c58d,4724967890,node,amenity,atm,,,,,,OSM,,,31.4553882,74.2169801,Lahore,Punjab,Pakistan,,,,Bank Alfalah,
c1f3afbc-6504-51a4-93ae-490a0b5b0139,4909093522,node,amenity,bank,Bank Alfalah.,,,,,OSM,,,31.4551382,74.2158011,Lahore,Punjab,Pakistan,,,,,
b1329eb5-6b77-56d1-80c3-7858d1212937,4909105621,node,amenity,bank,ایچ بی ایل پاکستان,ایچ بی ایل پاکستان,,,,OSM,,,31.4551643,74.2160233,Lahore,Punjab,Pakistan,,,ایچ بی ایل پاکستان,,
9db39095-53b2-5a53-b3ab-cff9a1ff1146,3237520616,node,place,neighbourhood,Eden Canal Villas,,,,,OSM,,,31.4589425,74.2307257,Lahore,Punjab,Pakistan,,,,,
c6318c1b-7561-5e38-a47a-21057161cecf,4945697025,node,amenity,atm,,,,,,OSM,,,31.4560425,74.2261853,Lahore,Punjab,Pakistan,,,,Habib Bank,
94c7b4be-6586-513e-9283-9005cd1ba36e,5260103787,node,healthcare,hospital,Al Shifa Hospital,,,,,OSM,,,31.4620272,74.2448532,Lahore,Punjab,Pakistan,,,,,
33e8a6ec-db95-5bbf-8f75-3ddd658e79a2,5844889650,node,railway,station,علی ٹاؤن,علی ٹاؤن,,,,OSM,,,31.464321,74.2438263,Lahore,Punjab,Pakistan,,,,Lahore Metro,
1df8df17-6715-5ef9-bc35-5ef91cf8c640,5844889651,node,railway,station,ٹھوکر نیاز بیگ,ٹھوکر نیاز بیگ,,,,OSM,,,31.4736422,74.2418249,Lahore,Punjab,Pakistan,,,,Lahore Metro,
1b88c505-7341-5db3-9391-fbdf217c95a4,4119568389,node,amenity,atm,,,,,,OSM,,,31.4755619,74.2423874,Lahore,Punjab,Pakistan,,,,,
bebcdb43-c7c6-5251-b29f-336feaf1240f,5259747065,node,healthcare,hospital,پرل انٹرنیشنل ہسپتال,,,,,OSM,,,31.4764633,74.2441672,Lahore,Punjab,Pakistan,,,,,
049560d1-bc27-5b92-b7cf-015bc4405b96,5265759530,node,amenity,marketplace,Chairman Market,,,,,OSM,,,31.4752449,74.2408103,Lahore,Punjab,Pakistan,,,,,
5b8b04a7-a642-55c5-a24e-59a86083d348,5844889652,node,railway,station,کینال ویو,کینال ویو,,,,OSM,,,31.4806954,74.249204,Lahore,Punjab,Pakistan,,,,Lahore Metro,
9d2df6f5-53a6-57d9-a749-8241c2c65b7d,328262413,way,leisure,park,,,,,,OSM,,,31.4505724,74.2115958,Lahore,Punjab,Pakistan,,,,,
efb3a9a3-93c5-534d-b9e8-4cb82c3e17ee,540177650,way,leisure,park,,,,,,OSM,,,31.4548032,74.2009513,Lahore,Punjab,Pakistan,,,,,
2bec726e-c39c-5cd2-9351-eda2851a1a99,323369061,way,leisure,park,,,,,,OSM,,,31.4541718,74.2151267,Lahore,Punjab,Pakistan,,,,,
2d560eaa-a2a4-59ad-92a1-134b5206089d,624763421,way,leisure,park,,,,,,OSM,,,31.4528278,74.225728,Lahore,Punjab,Pakistan,,,,,
c13e51ba-b456-59b3-a193-36f94aa0f965,624763419,way,leisure,park,,,,,,OSM,,,31.4556773,74.2264738,Lahore,Punjab,Pakistan,,,,,
454d740b-b5ed-5828-b635-e17e1a74c907,624763420,way,leisure,park,,,,,,OSM,,,31.4548354,74.2321606,Lahore,Punjab,Pakistan,,,,,
3babc18f-0af0-54bf-a2e9-a30ffa044b79,624765911,way,leisure,park,,,,,,OSM,,,31.4550659,74.2278364,Lahore,Punjab,Pakistan,,,,,
772c5581-df7f-5342-ae59-094a35059353,627249926,way,place,neighbourhood,Johar Town,,,,,OSM,,,31.4641935,74.2774696,Lahore,Punjab,Pakistan,,,,,
9b80a36f-8d26-5529-a41c-b02e2f851950,1313081994,way,leisure,park,,,,,,OSM,,,31.4532149,74.2486879,Lahore,Punjab,Pakistan,,,,,
f985cfda-2418-5dae-877c-8282ae310d75,726040760,way,leisure,park,"Central Park, PUEHS Town-1",,,,,OSM,,,31.4540166,74.2413399,Lahore,Punjab,Pakistan,,,,,
3deee030-680a-5c12-a34e-efbde0fb5bba,321397495,way,leisure,park,Lalazar Park,,,,,OSM,,,31.4710665,74.2449071,Lahore,Punjab,Pakistan,,,,,
51c38888-9bb1-55a8-98b4-2dd64a74c58d,1278559151,way,landuse,cemetery,,,,,,OSM,,,31.4798839,74.2373777,Lahore,Punjab,Pakistan,,,,,
19536e14-0da6-5fd3-8260-f0ef579e9274,761649507,way,landuse,cemetery,,,,,,OSM,,,31.4811025,74.2376379,Lahore,Punjab,Pakistan,,,,,
5bf8c29c-d2d7-5f33-846c-dd79b31eda15,761649508,way,landuse,cemetery,,,,,,OSM,,,31.4813195,74.2387366,Lahore,Punjab,Pakistan,,,,,
cc731c27-4f46-555c-b4af-7016590fa3da,1215349351,way,leisure,park,Canal Berg Housing Scheme Park,,,Map added by Muhammad Mohy Ud Deen,,OSM,,,31.4767878,74.2475262,Lahore,Punjab,Pakistan,,,,,
92512900-c6b5-521e-a428-6c3aa23fd78b,250377358,way,natural,water,,,,,,OSM,,,31.4891328,74.2446537,Lahore,Punjab,Pakistan,,,,,
3a012da5-a1b7-55ef-9bbc-409351b3e427,445034917,way,leisure,park,Khayaban-e Quaid Park,,,,,OSM,,,31.4927512,74.2475363,Lahore,Punjab,Pakistan,,,,,
689781c7-4d8b-57f7-bb2c-f5803a7b8899,8678801,relation,leisure,park,,,,,,OSM,,,31.4542047,74.2286552,Lahore,Punjab,Pakistan,,,,,
aa79a060-33a3-5ea4-9ac9-a4e20f19735b,7088406,relation,natural,water,Ravi,دریائے راوی,,,,OSM,,,31.5734785,74.2677331,Lahore,Punjab,Pakistan,,,,,
90acf4bf-c962-501d-8a89-a2635c8016e5,13046752,relation,natural,water,دریائے راوی,دریائے راوی,,,,OSM,دریائے راوی,,31.5148279,74.2103037,Lahore,Punjab,Pakistan,,,,,Q317899
e92af54d-7cff-5b58-bd98-a79b970b4596,2517085465,node,place,neighbourhood,Lahore Garden,,,,,OSM,,,31.5882762,74.2079304,Lahore,Punjab,Pakistan,,,,,
8adb89a7-c2e6-52bc-952e-b39963b6f5d0,377449028,way,natural,water,,,,,,OSM,,,31.5643691,74.248857,Lahore,Punjab,Pakistan,,,,,
dd218c1e-72c0-53db-a617-d3a73bf354ee,377449030,way,natural,water,,,,,,OSM,,,31.5663775,74.2511117,Lahore,Punjab,Pakistan,,,,,
7129fc93-fa2f-5ff3-be6f-90ad77d87c5f,6422711385,node,amenity,atm,,,,,,OSM,,,31.6000098,74.2302227,Lahore,Punjab,Pakistan,,,,MCB Pakistan,
a1d32003-0024-5fbd-8e5a-18b76b2cf7a5,759448293,way,natural,water,,,,,,OSM,,,31.6149962,74.2260823,Lahore,Punjab,Pakistan,,,,,
b8caf477-563e-58ad-98d6-f06dd1da1a4d,1446212712,way,leisure,park,,,,,,OSM,,,31.6443435,74.2096483,Lahore,Punjab,Pakistan,,,,,
db1bc118-9d98-514c-b975-8859d05f812f,1446212730,way,natural,water,,,,,,OSM,,,31.6440065,74.2083071,Lahore,Punjab,Pakistan,,,,,
5027167e-7535-59c5-ac59-f406d5c237f9,1446212732,way,leisure,park,Park,,,,,OSM,,,31.643914,74.2082081,Lahore,Punjab,Pakistan,,,,,
1af18986-3834-570e-9e36-fb7930de64ba,1446212723,way,natural,water,,,,,,OSM,,,31.6437288,74.2083028,Lahore,Punjab,Pakistan,,,,,
6614c5c6-0399-536c-8a69-c9fb77b61b9e,1446212739,way,leisure,park,,,,,,OSM,,,31.6434126,74.2096453,Lahore,Punjab,Pakistan,,,,,
cdf4cd7f-b6c8-50c2-b2c7-e5c082cc931c,1446212710,way,natural,water,,,,,,OSM,,,31.6442777,74.2083199,Lahore,Punjab,Pakistan,,,,,
a3783fee-6bdb-5552-b335-60a0153b2177,499860219,way,leisure,park,Firdos Minar Park,,,,,OSM,,,31.6187636,74.248159,Lahore,Punjab,Pakistan,,,,,
8c653059-e8d2-5143-ac51-59639c3e03ce,5259654961,node,healthcare,hospital,Hameeda Memorial Hospital,,,,,OSM,,,31.4082029,74.2602678,Lahore,Punjab,Pakistan,,,,,
64158bdf-ed10-537a-a53a-358595e807c8,8006697895,node,leisure,park,Rafique Park block K3,,,family Park 2 year to 15 year children and female are allowed bonly,,OSM,,,31.4210778,74.2597565,Lahore,Punjab,Pakistan,,,,whole K3,
ac9a8a61-2940-5ebd-9e44-b2e2ed9788bb,7144578705,node,leisure,park,B Block Park,,,,,OSM,,,31.4000041,74.271927,Lahore,Punjab,Pakistan,,,,,
4dc20abb-9f24-5a93-9005-615958dec916,5273384343,node,amenity,marketplace,Jaffarabad Market,,,,,OSM,,,31.4346127,74.2640774,Lahore,Punjab,Pakistan,,,,,
f3028e8c-4db5-5d8a-b04b-930f53583428,540766753,node,place,neighbourhood,PCSIR,,,,,OSM,,,31.4308381,74.2909498,Lahore,Punjab,Pakistan,,,,,
db6cd2d1-4ab2-52d3-bdb2-cf1d829d809e,5259837118,node,healthcare,hospital,Roshaan Hospital,,,,,OSM,,,31.4467396,74.2693053,Lahore,Punjab,Pakistan,,,,,
7e621a8f-1c35-5f09-82a5-d02c6cd93e5b,5255643554,node,healthcare,hospital,Liaqat Hospital,,,,,OSM,,,31.4441762,74.277819,Lahore,Punjab,Pakistan,,,,,
b6497908-4963-5f15-80fd-d0db1b7ed646,3646839481,node,amenity,bank,Suheniri Bank,,,,,OSM,,,31.4366844,74.2902294,Lahore,Punjab,Pakistan,,,,,
4d15fafa-9e15-5bfc-9203-0a3791ca43ab,3646839482,node,amenity,bank,فیصل بینک,فیصل بینک,,,,OSM,,,31.4371167,74.2903494,Lahore,Punjab,Pakistan,,,فیصل بینک,,
0723a3ef-c4f8-57cf-b79f-992811cf1591,3646839483,node,amenity,bank,ایم سی بی بینک,ایم سی بی بینک,,,,OSM,,,31.4365872,74.2903003,Lahore,Punjab,Pakistan,,,ایم سی بی بینک,,
ae55f982-b82a-55a9-8521-a6c6804270b3,4386930101,node,amenity,atm,,,,,,OSM,,,31.4401309,74.2904464,Lahore,Punjab,Pakistan,,,,,
a94f81cc-4606-5ff2-b462-3d98022ad424,5510293630,node,amenity,bank,میزان بینک,میزان بینک,,,,OSM,,,31.4446965,74.2785099,Lahore,Punjab,Pakistan,,,میزان بینک,,
47150e14-8158-524b-a3af-c87706292d1d,5510293925,node,amenity,bank,ایچ بی ایل پاکستان,ایچ بی ایل پاکستان,,,,OSM,,,31.4447316,74.2785531,Lahore,Punjab,Pakistan,,,ایچ بی ایل پاکستان,,
0ae21f0b-ab2c-51de-b0b1-faefae71401f,304962556,node,place,neighbourhood,PECHS,,,,,OSM,,,31.4484522,74.2661782,Lahore,Punjab,Pakistan,,,,,
1e7375e9-d978-5685-b694-e5dd3aefd6b0,4693779295,node,amenity,bank,Bank of Punjab,,,,,OSM,,,31.4493333,74.2692563,Lahore,Punjab,Pakistan,,,,,
e8ca7447-ffc8-5960-b60b-957fd5952382,4402724992,node,amenity,bank,Allied Bank LTD,,,,,OSM,,,31.4469961,74.2965089,Lahore,Punjab,Pakistan,,,,,
ca5b5271-f94e-5f02-8a19-6e10a29eebea,5259958802,node,healthcare,hospital,Wazir Hospital,,,,,OSM,,,31.4426592,74.2957946,Lahore,Punjab,Pakistan,,,,,
69603a45-05da-576b-9cd6-527a5d426ef3,11018101305,node,healthcare,clinic,Noor Clinic,نور کلینک,,,,OSM,,,31.4420757,74.2970778,Lahore,Punjab,Pakistan,,,,Dr. Khalid,
c044fa49-832c-52e9-a516-0e7a09b9f56c,31248084,way,leisure,park,,,,,,OSM,,,31.4085594,74.2576456,Lahore,Punjab,Pakistan,,,,,
70869c52-bc08-553e-95cd-bb34511da2af,31248086,way,leisure,park,,,,,,OSM,,,31.4038269,74.2584684,Lahore,Punjab,Pakistan,,,,,
e7846029-3f70-5b20-8439-37e1fd0cf9b1,31248085,way,leisure,park,,,,,,OSM,,,31.4065559,74.25558,Lahore,Punjab,Pakistan,,,,,
bd1e6f9a-dacc-5a83-b5fa-10a3029dafc8,31248087,way,leisure,park,,,,,,OSM,,,31.4088267,74.2528783,Lahore,Punjab,Pakistan,,,,,
9edcc02c-d8ab-599a-aef3-4c1fdfff7675,366926711,way,leisure,park,,,,,,OSM,,,31.4341388,74.261982,Lahore,Punjab,Pakistan,,,,,
144e16ed-c65f-5b51-a2b5-d63d53564d5e,366926712,way,leisure,park,,,,,,OSM,,,31.4363412,74.2637018,Lahore,Punjab,Pakistan,,,,,
6b41bb86-e32b-5076-b9cb-fe40aa2b3e19,620487257,way,landuse,cemetery,Christian Graveyard,,,,,OSM,,,31.4269743,74.2694295,Lahore,Punjab,Pakistan,,,,,
92b3b929-fc1c-55fa-b091-02532a034443,360087008,way,leisure,park,,,,,,OSM,,,31.4291899,74.2852808,Lahore,Punjab,Pakistan,,,,,
9fdb752b-8f32-5c1a-be86-b9be8fe65b51,620493891,way,landuse,cemetery,Khaki Shah Cemetery,,,,,OSM,,,31.4232761,74.2848278,Lahore,Punjab,Pakistan,,,,,
752a66a0-7e2f-57a3-b26d-d601126c1542,1180153102,way,leisure,park,"E Block Park, PCSIR Staff Society, Lahore",,,,,OSM,,,31.4276061,74.2818677,Lahore,Punjab,Pakistan,,,,,
84c08c10-3050-599a-9236-7a807304ad8a,360087005,way,leisure,park,,,,,,OSM,,,31.4298292,74.278855,Lahore,Punjab,Pakistan,,,,,
9f1a1a20-0004-5b50-9e5a-489f3e710b24,360087007,way,leisure,park,,,,,,OSM,,,31.4299635,74.2842164,Lahore,Punjab,Pakistan,,,,,
c0072145-a7cc-59f7-8870-be33e2a6e305,360087014,way,leisure,park,,,,,,OSM,,,31.430615,74.2821663,Lahore,Punjab,Pakistan,,,,,
4a920693-c2e8-5c50-a7a9-5ac16f144520,360087015,way,leisure,park,,,,,,OSM,,,31.4315614,74.2871982,Lahore,Punjab,Pakistan,,,,,
c3aba656-cf8a-5c6b-89eb-5583f031fc77,366926707,way,leisure,park,,,,,,OSM,,,31.4375335,74.2674803,Lahore,Punjab,Pakistan,,,,,
c739d29d-f254-536e-91b4-d2449e681a1d,1434464846,way,leisure,park,Courtyard Park,,,,,OSM,,,31.4471614,74.268723,Lahore,Punjab,Pakistan,,,,,
61550813-f3f3-5c40-844f-84749b928fa9,359469201,way,leisure,park,Nespak D1,,,,,OSM,,,31.4357494,74.2812912,Lahore,Punjab,Pakistan,,,,,
7675a633-eb9d-556b-9ddc-ed46df01a0fa,360087017,way,leisure,park,,,,,,OSM,,,31.4405317,74.28431,Lahore,Punjab,Pakistan,,,,,
eb82c24a-64c2-5cda-b142-d5104a6b9c36,360083248,way,leisure,park,,,,,,OSM,,,31.4393689,74.2908055,Lahore,Punjab,Pakistan,,,,,
032fd6d3-a599-5c59-9f7a-757e06fd46e9,360083350,way,leisure,park,Awaisia Housing Society,,,,,OSM,,,31.4388207,74.2894406,Lahore,Punjab,Pakistan,,,,,
83cf64a6-8a31-544c-bbf9-f73b4cfd9462,360084009,way,amenity,bank,عسکری بینک,عسکری بینک,,,,OSM,,,31.4373421,74.2909026,Lahore,Punjab,Pakistan,,,عسکری بینک,,
f5952054-3a46-54be-a8e8-4ab320d6263d,306190517,way,leisure,park,Punjab C2,,,,,OSM,,,31.4377613,74.2853686,Lahore,Punjab,Pakistan,,,,,
1b40dad5-772d-5110-8656-52a563969a7a,360083998,way,landuse,cemetery,Christian Graveyard,,,,,OSM,,,31.4357914,74.2914533,Lahore,Punjab,Pakistan,,,,,
a03d4524-c94f-555f-8ef2-03106641d9b7,366922716,way,landuse,cemetery,Punjab Society Grave Yard,,,,,OSM,,,31.4474969,74.2847701,Lahore,Punjab,Pakistan,,,,,
e954d1eb-5b0d-5ce2-a352-cc06ca489ac9,291705159,way,leisure,park,Punjab Government Employees Housing Society,,,,,OSM,,,31.4414723,74.2861452,Lahore,Punjab,Pakistan,,,,,
873d0810-23c1-50b7-a3ab-5c7c40ac4fa7,322982609,way,leisure,park,,,,,,OSM,,,31.4488727,74.2701389,Lahore,Punjab,Pakistan,,,,,
3c3bdbd4-b381-571f-8d46-3e8fdd9d6ec3,362733764,way,leisure,park,,,,,,OSM,,,31.4482897,74.2912122,Lahore,Punjab,Pakistan,,,,,
eeee7ef7-cd9e-5883-a4ae-e2c96ceb3ab9,359513995,way,leisure,park,,,,,,OSM,,,31.4341604,74.2994588,Lahore,Punjab,Pakistan,,,,,
a24302ab-3a13-5ca2-bda8-43cd0d955b37,359514002,way,leisure,park,,,,,,OSM,,,31.4323423,74.2983541,Lahore,Punjab,Pakistan,,,,,
5e885163-2b9d-5445-86e9-f77cc1c07ad8,359513999,way,leisure,park,,,,,,OSM,,,31.4340168,74.2936239,Lahore,Punjab,Pakistan,,,,,
4ec76200-4518-5fa6-b120-30e2e7a987f0,359513998,way,leisure,park,,,,,,OSM,,,31.4356537,74.2953242,Lahore,Punjab,Pakistan,,,,,
9a6ec9d8-4bd1-55ca-b839-939751e19ff0,363746771,way,leisure,park,,,,,,OSM,,,31.4400908,74.2963084,Lahore,Punjab,Pakistan,,,,,
77ced3f8-aea8-5ba9-988d-22c5899fee84,363746773,way,leisure,park,,,,,,OSM,,,31.4388181,74.2965879,Lahore,Punjab,Pakistan,,,,,
ef33a700-a456-54b7-b591-0eecf2922d41,359513996,way,leisure,park,,,,,,OSM,,,31.4354525,74.2998085,Lahore,Punjab,Pakistan,,,,,
10066ec9-95de-5725-a4b7-6831c23ee1e0,359514015,way,leisure,park,,,,,,OSM,,,31.4378926,74.2997927,Lahore,Punjab,Pakistan,,,,,
4a39bf25-3c94-553c-a4e9-8988957b4274,359513991,way,leisure,park,,,,,,OSM,,,31.4353269,74.2979458,Lahore,Punjab,Pakistan,,,,,
44ebe0f1-dab6-536e-a325-605dc7d1f245,360083996,way,leisure,park,,,,,,OSM,,,31.4409008,74.2949928,Lahore,Punjab,Pakistan,,,,,
26bf5fff-cffe-565f-8260-096fb105f1a6,360087219,way,leisure,park,,,,,,OSM,,,31.4453795,74.2982075,Lahore,Punjab,Pakistan,,,,,
7869312d-bcb5-5130-9940-0aa008856af1,363746772,way,leisure,park,,,,,,OSM,,,31.4392227,74.2978143,Lahore,Punjab,Pakistan,,,,,
82f444b4-b410-5307-adaf-537711ded519,1322660145,way,leisure,park,,,,,,OSM,,,31.4472473,74.2984661,Lahore,Punjab,Pakistan,,,,,
913838f4-08fd-55de-aad8-df6d685f7244,363746768,way,leisure,park,,,,,,OSM,,,31.4423781,74.3001838,Lahore,Punjab,Pakistan,,,,,
4f2380e4-6763-5443-9b5c-b312e001841b,362736005,way,leisure,park,,,,,,OSM,,,31.4480036,74.2988864,Lahore,Punjab,Pakistan,,,,,
7eb7a15a-c915-5d2c-a5fa-3d96562652f3,11835257769,node,amenity,atm,,,,,,OSM,,,31.4582849,74.2599368,Lahore,Punjab,Pakistan,,,,,
288c48e0-1eb8-56fd-8aa2-402ae0595ac8,6221318686,node,tourism,museum,Expo Center,,,,,OSM,,,31.4648663,74.2611479,Lahore,Punjab,Pakistan,,,,,
016554b3-7352-547a-9e3f-20392fab25d8,5273680544,node,healthcare,clinic,Hafeez Eye Centre,,,,,OSM,,,31.4728929,74.2534801,Lahore,Punjab,Pakistan,,,,,
47ed2573-fe8b-5e65-9c22-1c29fc4ea0a2,5267980956,node,amenity,bank,MCB Emporium Mall Branch,,,,,OSM,,,31.467633,74.2642487,Lahore,Punjab,Pakistan,,,,,
95401031-79e5-5a8f-baf0-2b95db91ce29,13091899518,node,healthcare,hospital,GeroX®,,,,,OSM,,,31.4546131,74.266597,Lahore,Punjab,Pakistan,,,,geroxclinic.com,
567cc6c3-e6f6-5f7d-a2bd-8bf3a7af65d6,4403686789,node,amenity,bank,UBL Ameen,,,,,OSM,,,31.4668904,74.2739234,Lahore,Punjab,Pakistan,,,,,
46e038f1-7011-53bd-9cfb-0773a62e0ee8,7165556234,node,healthcare,hospital,Dental Experts Johar Town Lahore,,,Best dentists in Lahore are working together under the umbrella of Dental Experts. It is a platform where specialized dentists collaborate to treat and cure all type of dental issues faced by patients.,,OSM,,,31.4715382,74.2694031,Lahore,Punjab,Pakistan,,,,Dr. Sajjad Saeed Siddiqui,
8e4a7926-ff2e-553f-8502-9e1b8088eeb0,2576254244,node,amenity,bank,عسکری بینک,عسکری بینک,,,,OSM,,,31.4707026,74.2728452,Lahore,Punjab,Pakistan,,,عسکری بینک,,
a79ba540-5928-5797-83fc-1aabd058e9c9,2576262033,node,amenity,bank,United Bank Limited (UBL),,,,,OSM,,,31.4705532,74.2728823,Lahore,Punjab,Pakistan,,,,,
73cc0f26-c573-5c5d-a8e1-ecb2901a1d58,3269311552,node,amenity,bank,Dubai Islami Bank,,,,,OSM,,,31.469958,74.272939,Lahore,Punjab,Pakistan,,,,,
e4e68827-ece4-5f78-b3ea-8fed68e78d7b,4978288794,node,place,neighbourhood,Johar Town L Block,,,,,OSM,,,31.4710405,74.2724564,Lahore,Punjab,Pakistan,,,,,
2d0cb54f-97e8-52ac-b199-a1131f906548,303950676,node,leisure,park,,,,,,OSM,,,31.4720547,74.280048,Lahore,Punjab,Pakistan,,,,,
5e939abe-8d81-5469-a2c5-725937a65d2d,5255578919,node,healthcare,hospital,جمیله فریدی روغتون,,,,,OSM,,,31.4666168,74.2942164,Lahore,Punjab,Pakistan,,,,,
e0bcf489-7b9f-5a4f-a777-487dc98fc201,8738526108,node,leisure,park,,,,,,OSM,,,31.4689783,74.2976025,Lahore,Punjab,Pakistan,,,,,
e0081403-ebc0-5e24-b2fe-89bac882b113,5255562362,node,healthcare,hospital,Niazi Hospital,,,,,OSM,,,31.4693274,74.2993999,Lahore,Punjab,Pakistan,,,,,
ae018c69-f68e-5849-be97-ba9400e0e48a,9383530553,node,healthcare,hospital,Zeerak Matab (Herbal & Hijama),,,,,OSM,,,31.4710831,74.2986453,Lahore,Punjab,Pakistan,,,,,
75460751-e9a3-5820-8086-6d281003bc45,5844889653,node,railway,station,ہنجروال,ہنجروال,ہنجر وال,,,OSM,,,31.4862956,74.2583504,Lahore,Punjab,Pakistan,,,,Lahore Metro,
80b6eefa-183f-54ea-addb-4d24e22cfb7a,4481666591,node,leisure,park,Mansoora Hospital Multan Road,,,,,OSM,,,31.4919023,74.2642967,Lahore,Punjab,Pakistan,,,,,
cecbcf5e-c021-5136-9ba1-d962ba1f1403,5255424742,node,healthcare,hospital,Cardiology Department,,,,,OSM,,,31.4974458,74.26345,Lahore,Punjab,Pakistan,,,,,
cee1ca32-8cd9-5034-9508-76561ecd2060,5844889654,node,railway,station,وحدت روڈ,وحدت روڈ,,,,OSM,,,31.4946893,74.2633664,Lahore,Punjab,Pakistan,,,,Lahore Metro,
ed0c1b33-2669-56d8-8547-f84eb3298679,2576274725,node,amenity,marketplace,G1 Market,,,,,OSM,,,31.475774,74.2802229,Lahore,Punjab,Pakistan,,,,,
57b0d83a-f9b8-51b6-be2c-4dba7a5aff0a,5271726910,node,amenity,police,Johar Town Police Station,,,,,OSM,,,31.4785763,74.2901017,Lahore,Punjab,Pakistan,,,,,
cbec12ed-03ad-564b-98d8-6efe153d86c0,5271726911,node,amenity,marketplace,Wafaqi Colony Market,,,,,OSM,,,31.4785455,74.289568,Lahore,Punjab,Pakistan,,,,,
2168994c-850f-5100-912c-e70fa065a353,13201111543,node,healthcare,clinic,pimraCare Clinic by Dr.AliArshed,,,,,OSM,,,31.4838954,74.2842268,Lahore,Punjab,Pakistan,,,,,
a2006ae0-bbc9-5e7f-8bac-90990fb08421,13201111544,node,healthcare,clinic,Tech Medical Centre,,,,,OSM,,,31.485589,74.2820986,Lahore,Punjab,Pakistan,,,,,
02678439-8e97-5853-9e05-065e90238105,13201111550,node,amenity,bank,Meezan Bank,,,,,OSM,,,31.4856343,74.2830296,Lahore,Punjab,Pakistan,,,,,
8e3201b9-2be6-5226-a9ac-66d123c993ff,304965887,node,place,neighbourhood,Wafaqi Colony,,,,,OSM,,,31.4817346,74.2907734,Lahore,Punjab,Pakistan,,,,,
28328649-d2b6-5bb2-b9f5-7291419e5845,5259958810,node,healthcare,hospital,ممتاز بختاور ہسپتال,ممتاز بختاور ہسپتال,,,,OSM,,,31.4943625,74.2792822,Lahore,Punjab,Pakistan,,,,,
e2200aca-041a-5d4c-8c2a-151e64aeb61b,8205628886,node,healthcare,hospital,Shazia Zahid Medical Centre,شازیہ زاھد میڈیکل سینٹر,,,,OSM,,,31.473733,74.2956775,Lahore,Punjab,Pakistan,,,,Dr. Zahid,
c5999657-7b80-5392-b883-565d0d31d66f,4916641151,node,amenity,bank,HBL Branch,,,,,OSM,,,31.4843396,74.2995106,Lahore,Punjab,Pakistan,,,,,
67b369f3-f261-5528-a100-77cec0893b33,4916641156,node,amenity,bank,بینک الفلاح,بینک الفلاح,,,,OSM,,,31.4812812,74.2989006,Lahore,Punjab,Pakistan,,,بینک الفلاح,,
8e291e36-2df2-5c9e-b948-cf405eaf170b,4916641157,node,amenity,bank,فیصل بینک,فیصل بینک,,,,OSM,,,31.4809291,74.299258,Lahore,Punjab,Pakistan,,,فیصل بینک,,
0a5826e5-c8de-58ee-90f9-c3d13b9cc856,10734314530,node,healthcare,hospital,The Dental Suite by Dr. Mujtaba Anwar,,,"We do our best at The Dental Suite to put you and your dental needs first. Our dentist know that dentistry can be stressful for our patients due to all the noisy instruments, water in your mouth, and of course, the fear of pain. The Dental Suite have perf",,OSM,,,31.4835473,74.2991692,Lahore,Punjab,Pakistan,,,,Dr. Mujtaba Anwar,
121d6907-b0c7-5eac-bb2b-1958c4cd06eb,1313081995,way,leisure,park,,,,,,OSM,,,31.4535398,74.2527136,Lahore,Punjab,Pakistan,,,,,
a1037955-f66e-51fd-9eae-76d5dec198c1,623002093,way,leisure,park,,,,,,OSM,,,31.4712702,74.2519739,Lahore,Punjab,Pakistan,,,,,
c0d2fa47-d6cc-579b-a0a4-5fd82e7c476e,316615255,way,leisure,park,,,,,,OSM,,,31.4713169,74.2624433,Lahore,Punjab,Pakistan,,,,,
b0848012-6ea9-5ac7-821d-7f6e442cf682,316615258,way,leisure,park,,,,,,OSM,,,31.4549139,74.2768033,Lahore,Punjab,Pakistan,,,,,
210a7b77-1614-59e3-9326-046b99228924,362298466,way,leisure,park,,,,,,OSM,,,31.4552405,74.2702007,Lahore,Punjab,Pakistan,,,,,
15e10f41-2bb0-5046-a3bb-c4e089789c72,362298450,way,leisure,park,,,,,,OSM,,,31.4600705,74.2795214,Lahore,Punjab,Pakistan,,,,,
e86acbb9-6963-5daa-a632-a39d8dd67ee5,316615259,way,leisure,park,,,,,,OSM,,,31.4566307,74.2813925,Lahore,Punjab,Pakistan,,,,,
5950da9a-feb3-513d-882d-f6002062757b,316615257,way,leisure,park,,,,,,OSM,,,31.4645621,74.2718162,Lahore,Punjab,Pakistan,,,,,
2eb7c522-c8a0-577e-ac78-5a019e8c48f3,316615256,way,leisure,park,,,,,,OSM,,,31.4712544,74.2705649,Lahore,Punjab,Pakistan,,,,,
49f6baa5-e2b2-5e69-8dad-6be5be1a5665,1101009130,way,leisure,park,H1 Park,,,,,OSM,,,31.4721207,74.2659848,Lahore,Punjab,Pakistan,,,,,
4298d26c-bce0-57fa-975b-de63b1bb0afc,362298438,way,leisure,park,,,,,,OSM,,,31.4688649,74.2753211,Lahore,Punjab,Pakistan,,,,,
83009cf3-fd9e-5fc7-ac52-89c5e2f46d59,362298456,way,landuse,cemetery,,,,,,OSM,,,31.4638317,74.2799586,Lahore,Punjab,Pakistan,,,,,
b5f70dba-21f9-5354-8415-d463590b45dc,363740311,way,leisure,park,,,,,,OSM,,,31.4634414,74.2847251,Lahore,Punjab,Pakistan,,,,,
96320385-0f9b-5ba9-b54f-e20ff8c219c7,291664942,way,leisure,park,,,,,,OSM,,,31.4631365,74.2898679,Lahore,Punjab,Pakistan,,,,,
f41ff734-2188-5955-b741-e4efab8417f9,363740313,way,leisure,park,,,,,,OSM,,,31.461754,74.2873242,Lahore,Punjab,Pakistan,,,,,
3aa54431-6ff6-5727-9b19-bc47479d8b7b,319848482,way,leisure,park,Sukhaa Baag,,,,,OSM,,,31.4734876,74.2858835,Lahore,Punjab,Pakistan,,,,,
0cb7ba1d-9588-51e4-ba57-1dd3b01b52c3,363740310,way,leisure,park,,,,,,OSM,,,31.4668307,74.2833706,Lahore,Punjab,Pakistan,,,,,
3314fb96-46aa-5f12-a7f2-28ff1335fecb,315834079,way,leisure,park,,,,,,OSM,,,31.4721618,74.2799088,Lahore,Punjab,Pakistan,,,,,
3563a421-1dce-5313-b6f3-b50315f10b2d,319845699,way,leisure,park,,,,,,OSM,,,31.4727808,74.2892638,Lahore,Punjab,Pakistan,,,,,
c0e6ff70-ecd3-5d9a-a4d4-5dc1dc52e030,319845700,way,leisure,park,Advocate Dhelo Park,,,,,OSM,,,31.47121,74.2889756,Lahore,Punjab,Pakistan,,,,,
b97a85b7-1321-575d-908a-7d5319e6a77f,351390755,way,leisure,park,UMT Park,,,,,OSM,,,31.4509929,74.2929421,Lahore,Punjab,Pakistan,,,,,
4aec3faa-7f7e-570d-a938-033c6a7e7f27,363743547,way,leisure,park,,,,,,OSM,,,31.4512195,74.2955399,Lahore,Punjab,Pakistan,,,,,
a814a47e-372c-5b8b-bd50-cddf3790c016,363743550,way,leisure,park,,,,,,OSM,,,31.4503729,74.2952221,Lahore,Punjab,Pakistan,,,,,
bea1935d-a6d8-5027-b115-b9e5ee27aa80,316614989,way,leisure,park,,,,,,OSM,,,31.4595952,74.2972487,Lahore,Punjab,Pakistan,,,,,
cd7e373d-8646-57eb-817a-bd8cb1ff9685,316615024,way,leisure,park,,,,,,OSM,,,31.4585569,74.2952476,Lahore,Punjab,Pakistan,,,,,
d5bc988e-9d48-5ce2-91ad-3ea9fb10e80e,316614987,way,leisure,park,,,,,,OSM,,,31.45835,74.3002624,Lahore,Punjab,Pakistan,,,,,
851e26ec-86b6-5857-8327-0a5b983e77a2,405954319,way,leisure,park,,,,,,OSM,,,31.4591241,74.3000991,Lahore,Punjab,Pakistan,,,,,
2ea10276-5d49-56cb-b837-58b4f3f60f33,412606851,way,leisure,park,,,,,,OSM,,,31.4567008,74.3000422,Lahore,Punjab,Pakistan,,,,,
6a4759b0-d9e9-549f-9ca6-6999ed9c3c73,316614988,way,leisure,park,,,,,,OSM,,,31.4629553,74.2996275,Lahore,Punjab,Pakistan,,,,,
74c2fb05-4a3d-5642-a097-391f4684d494,316615029,way,leisure,park,,,,,,OSM,,,31.4659774,74.2994439,Lahore,Punjab,Pakistan,,,,,
1230b958-40dd-53fb-bd3a-9dc0b889dd24,316615030,way,leisure,park,,,,,,OSM,,,31.4659087,74.3005289,Lahore,Punjab,Pakistan,,,,,
b7108d56-e97b-567c-88bf-67222e61c792,627248241,way,place,neighbourhood,Faisal Town,,,,,OSM,,,31.4762292,74.3063567,Lahore,Punjab,Pakistan,,,,,
24790a98-4c02-5929-8dc1-fd16f7de348f,316615027,way,leisure,park,,,,,,OSM,,,31.4684756,74.2994748,Lahore,Punjab,Pakistan,,,,,
6c879f2f-ca41-5a94-939f-6c31a0941396,1017334278,way,healthcare,hospital,Zeerak Matab (Herbal & Hijama,,,,,OSM,,,31.4710662,74.2985592,Lahore,Punjab,Pakistan,,,,,
fb566aa7-45b9-5a60-a617-659de858e500,359149267,way,landuse,cemetery,,,,,,OSM,,,31.485773,74.2514919,Lahore,Punjab,Pakistan,,,,,
71d36de3-8988-5fc4-b5fb-988f702042ab,249997748,way,amenity,marketplace,B Block Market,,,,,OSM,,,31.4758352,74.2543922,Lahore,Punjab,Pakistan,,,,,
cc4363a3-2c24-568e-8d0b-402f28abf8cd,359326976,way,leisure,park,,,,,,OSM,,,31.478054,74.2553674,Lahore,Punjab,Pakistan,,,,,
648aaad4-b02f-507d-a435-085b20548f81,359326978,way,leisure,park,,,,,,OSM,,,31.4798084,74.2561412,Lahore,Punjab,Pakistan,,,,,
d32d1bd4-e5bf-5957-8c36-a79e5e92ee93,359326983,way,leisure,park,,,,,,OSM,,,31.4822594,74.260375,Lahore,Punjab,Pakistan,,,,,
e11f17bd-6f8e-5279-8f4e-6e0f774859ee,359144196,way,leisure,park,,,,,,OSM,,,31.4929014,74.2555171,Lahore,Punjab,Pakistan,,,,,
a92005bb-01af-5d73-ad0a-bb2f659ceae5,359144226,way,landuse,cemetery,,,,,,OSM,,,31.4904587,74.257024,Lahore,Punjab,Pakistan,,,,,
9cf927d3-87f0-5ed2-b024-51f155488b69,359149249,way,leisure,park,,,,,,OSM,,,31.4928537,74.2544944,Lahore,Punjab,Pakistan,,,,,
8c016196-eebe-57a9-9697-b56ffd8e5866,359149279,way,landuse,cemetery,,,,,,OSM,,,31.4918501,74.2565332,Lahore,Punjab,Pakistan,,,,,
d6813e2a-18b6-50de-add2-23c8800dab74,1136946349,way,leisure,park,wall boundry,,,,,OSM,,,31.4931602,74.2636258,Lahore,Punjab,Pakistan,,,,wardaaniza,
7a22e512-6bb9-53e7-a219-e11ee4662d78,254090494,way,leisure,park,,,,,,OSM,,,31.4759015,74.2795173,Lahore,Punjab,Pakistan,,,,,
77696f6e-875e-5eca-a0d3-14c9aee13ed1,362731307,way,amenity,police,,,,,,OSM,,,31.4785527,74.2901957,Lahore,Punjab,Pakistan,,,,,
ddd4023a-302e-5aa4-bdd0-02a391e330e4,362292905,way,leisure,park,"Tech Society, Main Park, B-Block",,,,,OSM,,,31.4848935,74.2818119,Lahore,Punjab,Pakistan,,,,,
7ae05cf2-9aea-548a-8df4-10a5280900bf,394361823,way,amenity,marketplace,"Main Market, Tech Society",,,,,OSM,,,31.4853365,74.2829281,Lahore,Punjab,Pakistan,,,,,
1539b06f-c8c3-57d9-9622-ebd1482851f9,394362525,way,amenity,bank,بینک الفلاح,بینک الفلاح,,,,OSM,,,31.4856969,74.2828927,Lahore,Punjab,Pakistan,,,بینک الفلاح,,
1cb800ad-2849-5a4f-8569-488349edb3c7,394362527,way,amenity,bank,"National Bank of Pakistan, Tech Society Branch",,,,,OSM,,,31.4854123,74.2831755,Lahore,Punjab,Pakistan,,,,,
dbd0a34b-f6d3-5a12-b6ee-72fc4357b560,366919927,way,landuse,cemetery,,,,,,OSM,,,31.4824511,74.2876629,Lahore,Punjab,Pakistan,,,,,
ce8ac715-4e2d-56de-bc99-c1a03d01dc4f,359005438,way,leisure,park,شہباز بلاک پارک,,,,,OSM,,,31.4893578,74.2710131,Lahore,Punjab,Pakistan,,,,,
1d990eac-bb06-50ce-a409-ffe6b564475f,359005461,way,leisure,park,عباس پارک,,,,,OSM,,,31.4910249,74.2702351,Lahore,Punjab,Pakistan,,,,,
7852bed2-19d1-5878-a984-874a8f9a8be6,359019631,way,leisure,park,,,,,,OSM,,,31.4902226,74.2693192,Lahore,Punjab,Pakistan,,,,,
48c8b90a-ed7e-5a6b-9ded-8acc8e98cc36,359005429,way,leisure,park,,,,,,OSM,,,31.4918366,74.2768163,Lahore,Punjab,Pakistan,,,,,
75bbd697-0de1-5848-a526-383dd8546092,359005449,way,leisure,park,,,,,,OSM,,,31.4899148,74.2736366,Lahore,Punjab,Pakistan,,,,,
e1680dec-9703-5b74-a57b-9290c0c2cef4,359003012,way,leisure,park,,,,,,OSM,,,31.4993469,74.2782742,Lahore,Punjab,Pakistan,,,,,
89201134-46f1-5cc2-b4ce-3364b1aeb334,359005431,way,leisure,park,احمد یار بلاک پارک,,,,,OSM,,,31.4913559,74.2724828,Lahore,Punjab,Pakistan,,,,,
8374e5a6-ae9b-525b-9fdd-c8bb814262d5,359007675,way,leisure,park,,,,,,OSM,,,31.4934222,74.271463,Lahore,Punjab,Pakistan,,,,,
bc86e40f-0e09-5f09-ab2c-b363c66ccef0,619300180,way,place,neighbourhood,قیوم بلاک,قیوم بلاک,,,,OSM,,,31.4934992,74.2778559,Lahore,Punjab,Pakistan,,,,,
9f938b79-5dbe-5cce-9aee-ef51813c38cd,619300181,way,place,neighbourhood,احمد یار بلاک,احمد یار بلاک,,,,OSM,,,31.4906562,74.2736852,Lahore,Punjab,Pakistan,,,,,
cce01445-4ec6-595d-81ff-e981f6a7a5e8,619300182,way,place,neighbourhood,عباس بلاک,عباس بلاک,,,,OSM,,,31.4906138,74.2698254,Lahore,Punjab,Pakistan,,,,,
f6018f22-89b2-53e4-89ab-b21f819b3fe6,619300183,way,place,neighbourhood,شہباز بلاک,,,,,OSM,,,31.4887482,74.2710639,Lahore,Punjab,Pakistan,,,,,
083b330b-5a9c-5798-b2d2-6e84397a72e2,619300184,way,place,neighbourhood,Civic Centre - Mustafa Town,,,,,OSM,,,31.4935229,74.2728089,Lahore,Punjab,Pakistan,,,,,
ab9a20a1-3795-5dff-85fd-91ebfbfa1381,619300185,way,place,neighbourhood,ہدایت اللہ بلاک,ہدایت اللہ بلاک,,,,OSM,,,31.4966506,74.272699,Lahore,Punjab,Pakistan,,,,,
3261624f-719d-5159-8745-2879286f1d67,619300186,way,place,neighbourhood,ممدوٹ بلاک,ممدوٹ بلاک,,,,OSM,,,31.4983986,74.2768305,Lahore,Punjab,Pakistan,,,,,
ccd6ffb1-9d53-56f9-b8ed-ee7c034ec080,1009823626,way,leisure,park,قیوم بلاک پارک,,,,,OSM,,,31.4945583,74.2783364,Lahore,Punjab,Pakistan,,,,,
766061e1-0cdc-59b8-acb7-9f2474cf2b68,359025064,way,leisure,park,,,,,,OSM,,,31.4947185,74.2683606,Lahore,Punjab,Pakistan,,,,,
91ceeaf8-e647-5b66-a69c-078e287ab034,359003013,way,leisure,park,ممدوٹ بلاک پارک,,,,,OSM,,,31.4981038,74.2756223,Lahore,Punjab,Pakistan,,,,,
c49ca469-fa58-5378-a65b-480340c5b852,359003018,way,leisure,park,,,,,,OSM,,,31.4965665,74.2731012,Lahore,Punjab,Pakistan,,,,,
1023b160-8e10-56dc-bab0-cadba0bc4283,359359973,way,leisure,park,,,,,,OSM,,,31.4939176,74.2759859,Lahore,Punjab,Pakistan,,,,,
29158ecc-077d-58a6-84ab-f011cae669fd,362292916,way,leisure,park,"B-Block Park, Tech Society",,,,,OSM,,,31.4891899,74.2862158,Lahore,Punjab,Pakistan,,,,,
5cebfd28-d80a-50ca-a9f0-b469f62e491a,359360812,way,leisure,park,,,,,,OSM,,,31.4997727,74.2787736,Lahore,Punjab,Pakistan,,,,,
3df557f2-673e-5da9-9520-d2acfc86c9ba,500690000,way,leisure,park,Tauheed Park,,,,,OSM,,,31.4765406,74.3001644,Lahore,Punjab,Pakistan,,,,,
6b0a9ecc-37be-5f14-aaea-b77bbd02f51d,996202526,way,healthcare,hospital,Jinnah Hospital Lahore,,,,,OSM,,,31.4844525,74.2970181,Lahore,Punjab,Pakistan,,,,,
53d3b3bf-a8ce-5e1e-b341-c117e0a36ace,333728827,way,leisure,park,,,,,,OSM,,,31.4835722,74.2999673,Lahore,Punjab,Pakistan,,,,,
813cbf26-ef90-5ada-9d8a-0a5a9c6b057a,500980114,way,leisure,park,Eice Muhammad Garden,,,,,OSM,,,31.4882407,74.2976264,Lahore,Punjab,Pakistan,,,,,
061330fc-376e-555b-ad75-c734e2ad1437,5259747070,node,healthcare,hospital,Al Noor Hospital,,,,,OSM,,,31.5038003,74.2653791,Lahore,Punjab,Pakistan,,,,,
77c8936a-3d96-50f9-b1d2-43821cd63f74,5259747068,node,healthcare,hospital,Gondal Hospital,,,,,OSM,,,31.5028083,74.2682073,Lahore,Punjab,Pakistan,,,,,
d304d632-70b1-5e79-a143-8f029b63ced2,5259747069,node,healthcare,clinic,Hussain Clinic,,,,,OSM,,,31.5024515,74.2679873,Lahore,Punjab,Pakistan,,,,,
29b4c81f-d755-5a11-ba58-faa71768e02d,5844889655,node,railway,station,اعوان ٹاؤن,اعوان ٹاؤن,,,,OSM,,,31.5033102,74.2682841,Lahore,Punjab,Pakistan,,,,Lahore Metro,
ab440239-d202-5dc6-819f-179f2a7b41ab,5844889656,node,railway,station,سبزہ زار,سبزہ زار,,,,OSM,,,31.5101229,74.2728442,Lahore,Punjab,Pakistan,,,,Lahore Metro,
bdc7f426-d1f2-5e37-8bd4-8158eff70b7d,9355073160,node,place,neighbourhood,راوی بلاک,,,,,OSM,,,31.511969,74.2780625,Lahore,Punjab,Pakistan,,,,,
c05b895e-d253-5aaf-8d2c-f1bcdb7397ef,9355073159,node,place,neighbourhood,رضا بلاک,,,,,OSM,,,31.5055563,74.2855993,Lahore,Punjab,Pakistan,,,,,
7f6fd398-d942-55b5-8531-d5787e947e9c,9355073158,node,place,neighbourhood,عُمر بلاک,,,,,OSM,,,31.509337,74.2837512,Lahore,Punjab,Pakistan,,,,,
f17103b8-87bc-509a-b368-1acd77fcc582,5844889657,node,railway,station,شاہ نور,شاہ نور,,,,OSM,,,31.517424,74.2776467,Lahore,Punjab,Pakistan,,,,Lahore Metro,
2d0de26c-eb16-58d8-b531-647faa42f7cb,304963881,node,place,neighbourhood,Sabzazar,,,,,OSM,,,31.5217929,74.2701264,Lahore,Punjab,Pakistan,,,,,
3edd0fe6-7a1e-5b6b-a5b7-14c4058d92d9,5273441375,node,amenity,marketplace,Liaqat Chowk Market,,,,,OSM,,,31.5209556,74.2697414,Lahore,Punjab,Pakistan,,,,,
73ab80cf-faf2-5f60-9a1e-2f62c208c932,5255578920,node,healthcare,hospital,Khushnood Hospital,,,,,OSM,,,31.5228586,74.2759464,Lahore,Punjab,Pakistan,,,,,
0a636875-9a4b-52f4-9f95-9be240e5cdce,9355073162,node,place,neighbourhood,سعید پُور,,,,,OSM,,,31.5199045,74.2768691,Lahore,Punjab,Pakistan,,,,,
5261d03c-cfff-5cff-8fbc-3d580827135d,9355073150,node,place,neighbourhood,نرگس بلاک,,,,,OSM,,,31.5162255,74.2818926,Lahore,Punjab,Pakistan,,,,,
2aba7de1-6eb2-5eaa-868d-7a40a2d3172d,9355073151,node,place,neighbourhood,رچنا بلاک,,,,,OSM,,,31.5148078,74.2844994,Lahore,Punjab,Pakistan,,,,,
c8462e80-7e92-5082-b2ab-90e85982b987,9355073161,node,place,neighbourhood,بدر بلاک,,,,,OSM,,,31.5169957,74.278891,Lahore,Punjab,Pakistan,,,,,
8a9acfde-2a79-56c6-8e39-fc66baf122bf,1539352937,node,amenity,police,Ait police station,,,,,OSM,,,31.5193661,74.2915723,Lahore,Punjab,Pakistan,,,,,
641cf3c9-4abb-56d4-89a5-4b87fbe70c4c,9355073152,node,place,neighbourhood,کشمیر بلاک,,,,,OSM,,,31.5180822,74.2875583,Lahore,Punjab,Pakistan,,,,,
82a0079d-6eb6-5d34-96ec-5b99e4805e96,5844889658,node,railway,station,صلاح الدین روڈ,صلاح الدین روڈ,,,,OSM,,,31.5245991,74.2833141,Lahore,Punjab,Pakistan,,,,Lahore Metro,
46aba440-4a32-5949-8413-fc327aec2ded,9355073153,node,place,neighbourhood,زینت بلاک,,,,,OSM,,,31.5208337,74.2825581,Lahore,Punjab,Pakistan,,,,,
11d5f8ee-a939-5f66-b530-d91d196a34c9,1507373681,node,amenity,atm,,,,,,OSM,,,31.521592,74.2903961,Lahore,Punjab,Pakistan,,,,Habib Bank ATM,
ac2a578b-3f09-5c95-9ce1-af3f534dc8dc,3536264922,node,amenity,bank,نیشنل بینک آف پاکستان,نیشنل بینک آف پاکستان,,,,OSM,,,31.5200385,74.2914501,Lahore,Punjab,Pakistan,,,نیشنل بینک آف پاکستان,نیشنل بینک آف پاکستان,
7f4cded0-6501-5ba7-9ef2-3011706f0f8b,4503795389,node,amenity,marketplace,Moon Market Iqbal Town,,,,,OSM,,,31.5201583,74.2911526,Lahore,Punjab,Pakistan,,,,,
6d541992-a10c-579d-ace9-040aa8596b05,9355073154,node,place,neighbourhood,ہما بلاک,,,,,OSM,,,31.522484,74.2858041,Lahore,Punjab,Pakistan,,,,,
7734ac34-651d-57e3-9ac8-de4f6a27f494,9355073156,node,place,neighbourhood,نجف کالونی,,,,,OSM,,,31.5122358,74.2949969,Lahore,Punjab,Pakistan,,,,,
239d1b62-f17c-5bdf-a510-5bf400526c36,9355073157,node,place,neighbourhood,کالج بلاک,,,,,OSM,,,31.5105362,74.2984899,Lahore,Punjab,Pakistan,,,,,
9cca74a3-2fca-55ee-b903-e1dd8734f585,5253925861,node,healthcare,hospital,Al Shafi Hospital,,,,,OSM,,,31.517206,74.2933029,Lahore,Punjab,Pakistan,,,,,
c948b92d-b8f2-5e08-bad2-8d62965ac6bd,5255673575,node,healthcare,hospital,Al Razi Healthcare,,,,,OSM,,,31.5179704,74.2925226,Lahore,Punjab,Pakistan,,,,,
9c1e6801-1166-5ee3-8cb4-25a3f7c11953,5259654963,node,healthcare,hospital,Singapore Medical Centre,,,,,OSM,,,31.5168576,74.2937325,Lahore,Punjab,Pakistan,,,,,
1ea1e433-9e52-54a3-b598-e5700b4d4361,9355073155,node,place,neighbourhood,ہُنزہ بلاک,,,,,OSM,,,31.5138329,74.2960612,Lahore,Punjab,Pakistan,,,,,
10043908-4912-522a-82f0-dae481f2dd3e,5273226555,node,amenity,bank,ایم سی بی بینک,ایم سی بی بینک,,,,OSM,,,31.5198125,74.2924941,Lahore,Punjab,Pakistan,,,ایم سی بی بینک,,
ade05ace-f3e7-59f0-aeb4-057ee9f8bf1d,304963863,node,place,neighbourhood,Yateem Khana,,,,,OSM,,,31.5358396,74.273903,Lahore,Punjab,Pakistan,,,,,
59fe3e4f-17aa-5b3e-b750-c61dfd0bf60f,3339321152,node,place,neighbourhood,Sharif Park,,,,,OSM,,,31.5294173,74.2873834,Lahore,Punjab,Pakistan,,,,,
5ccd2d79-9f3b-5cad-b0d0-e33b8166d8cf,5531842583,node,amenity,bank,Al Habib,,,,,OSM,,,31.530028,74.2862216,Lahore,Punjab,Pakistan,,,,,
b1e86534-9c23-54c6-9312-e057db5962b1,5844879611,node,railway,station,بند روڈ,بند روڈ,,,,OSM,,,31.5322399,74.287648,Lahore,Punjab,Pakistan,,,,Lahore Metro,
958eb53a-b3bd-5cb4-a94b-846a57c489b2,5255461641,node,healthcare,hospital,Lahore Psychiatric Hospital,,,,,OSM,,,31.5371209,74.2905023,Lahore,Punjab,Pakistan,,,,,
e2d01ccd-3a85-5a33-aa18-371e1c439902,304963846,node,place,neighbourhood,Sodhiwal,,,,,OSM,,,31.5402908,74.2864016,Lahore,Punjab,Pakistan,,,,,
36e710e6-c99e-5b7a-8a38-a24cac6e858b,5844879609,node,railway,station,گلشنِ راوی,گلشنِ راوی,,,,OSM,,,31.5448979,74.2952995,Lahore,Punjab,Pakistan,,,,Lahore Metro,
5d5dd505-208f-5bd7-9d21-6964768ebc40,5844879610,node,railway,station,سمن آباد,سمن آباد,,,,OSM,,,31.5397538,74.2928181,Lahore,Punjab,Pakistan,,,,Lahore Metro,
f62ac40d-dedb-5009-bc5d-f62295083578,4397119393,node,amenity,police,Samanabad Police Station,,,,,OSM,,,31.5402578,74.2994103,Lahore,Punjab,Pakistan,,,,,
75684e2c-318e-5d3b-9c55-eca0153a540c,8407704772,node,place,neighbourhood,Post & Telegraph Colony,,,,,OSM,,,31.5489078,74.2970404,Lahore,Punjab,Pakistan,,,,,
02531c24-85a0-5ae1-8108-c6025c9dc416,8407704774,node,place,neighbourhood,Gulfishan Colony,,,,,OSM,,,31.5465559,74.292981,Lahore,Punjab,Pakistan,,,,,
139ad98a-8394-5bc1-88eb-14444008c9ac,231997159,way,leisure,park,,,,,,OSM,,,31.5020419,74.2544138,Lahore,Punjab,Pakistan,,,,,
348fc47d-38ce-5dc3-b184-26c1bac00a67,231997160,way,leisure,park,,,,,,OSM,,,31.5020429,74.2537229,Lahore,Punjab,Pakistan,,,,,
7c76e1a9-d3ed-5bae-9876-390a6ee4f168,359089371,way,leisure,park,,,,,,OSM,,,31.5025872,74.2537709,Lahore,Punjab,Pakistan,,,,,
fc4d0287-91aa-5a2e-b437-10f2217b37e5,414264177,way,leisure,park,,,,,,OSM,,,31.5162075,74.2568737,Lahore,Punjab,Pakistan,,,,,
0e40d940-104d-5577-a306-c796b261ea6a,414264178,way,leisure,park,,,,,,OSM,,,31.5148463,74.2596033,Lahore,Punjab,Pakistan,,,,,
90632387-dd79-52ba-aeb6-97362b40c5f7,291527249,way,leisure,park,,,,,,OSM,,,31.5268015,74.2629777,Lahore,Punjab,Pakistan,,,,,
df7f530b-a656-5522-802a-ff7720c4e982,291527273,way,leisure,park,,,,,,OSM,,,31.5235413,74.2644964,Lahore,Punjab,Pakistan,,,,,
0bcc0b50-59b0-5c7b-9b31-0a0798169bd4,414264175,way,leisure,park,,,,,,OSM,,,31.5246283,74.2600891,Lahore,Punjab,Pakistan,,,,,
080df4d4-607c-55a6-87c9-53fe6e597bbe,414264176,way,leisure,park,,,,,,OSM,,,31.5201625,74.2597243,Lahore,Punjab,Pakistan,,,,,
eb26b89c-a014-50b9-8d67-4a40f12bb659,1012009320,way,healthcare,hospital,Al-Mansoor Pharmacy,,,,,OSM,,,31.505586,74.2692115,Lahore,Punjab,Pakistan,,,,,
707b3be7-9baa-555f-8de1-074b9d4b7d9f,619299999,way,place,neighbourhood,Rasool Park,,,,,OSM,,,31.5128252,74.2714065,Lahore,Punjab,Pakistan,,,,,
edbffb77-5249-5e42-bc03-0b0e5447c589,1009506901,way,place,neighbourhood,راوی بلاک,راوی بلاک,,,,OSM,,,31.5119214,74.2783456,Lahore,Punjab,Pakistan,,,,,
d6eef5df-9e0e-5b24-9ecf-a8c210b64d73,316580873,way,leisure,park,,,,,,OSM,,,31.5056715,74.279783,Lahore,Punjab,Pakistan,,,,,
cc2fb748-3f2f-5c13-9b8d-4920db7adff1,357305733,way,landuse,cemetery,Grave Yard,,,,,OSM,,,31.504722,74.2887472,Lahore,Punjab,Pakistan,,,,,
1d3e9ddc-66a9-5391-8e29-e226caadfb02,359363026,way,leisure,park,رضا بلاک پارک,,,,,OSM,,,31.5052174,74.2860002,Lahore,Punjab,Pakistan,,,,,
2b0dd4b0-4b8c-51bf-949f-2f18f41e603f,291684963,way,leisure,park,گلشنِ اقبال پارک,گلشن اقبال پارک,,,,OSM,گلشن اقبال پارک,,31.5136283,74.2889924,Lahore,Punjab,Pakistan,,,,,Q15222292
589cd813-152d-5c5b-8d10-bbac39dcd261,316460847,way,leisure,park,عمر بلاک پارک,,,,,OSM,,,31.5083086,74.2842777,Lahore,Punjab,Pakistan,,,,,
50295da0-19b9-57ca-aeaf-b7a9d18e86ad,1009506897,way,place,neighbourhood,عُمر بلاک,عمر بلاک,,,,OSM,,,31.509396,74.2837665,Lahore,Punjab,Pakistan,,,,,
34fe9865-1a61-5804-98f5-8d80fced6ab0,1009506898,way,place,neighbourhood,رضا بلاک,رضا بلاک,,,,OSM,,,31.5056611,74.2851371,Lahore,Punjab,Pakistan,,,,,
8c2bd7d7-18d4-5987-9200-776cc902d8a8,1009506906,way,place,neighbourhood,رچنا بلاک,رچنا بلاک,,,,OSM,,,31.5149755,74.2847072,Lahore,Punjab,Pakistan,,,,,
4602273d-b6af-5669-8625-e665201ee3cc,291684964,way,natural,water,,,,,,OSM,,,31.5114685,74.28802,Lahore,Punjab,Pakistan,,,,,
ffddc6a6-a6fd-5566-9539-6f7e0ed66857,291684965,way,natural,water,,,,,,OSM,,,31.5122853,74.2908191,Lahore,Punjab,Pakistan,,,,,
2504af45-3f48-529a-82bf-8ba6f7392e37,622253467,way,leisure,park,,,,,,OSM,,,31.5154143,74.273144,Lahore,Punjab,Pakistan,,,,,
bcc0c0eb-97e3-521d-9633-a19bcd14427d,619299998,way,place,neighbourhood,Jamil Town,,,,,OSM,,,31.5185581,74.2702219,Lahore,Punjab,Pakistan,,,,,
49787cfc-e7d1-50f2-9b11-178df87e69c2,622253466,way,landuse,cemetery,,,,,,OSM,,,31.5161614,74.2724982,Lahore,Punjab,Pakistan,,,,,
5475ffb6-00ce-536d-96a0-367db62ada7c,622253485,way,landuse,cemetery,,,,,,OSM,,,31.525552,74.2750709,Lahore,Punjab,Pakistan,,,,,
4ddc2aae-d25b-5213-924c-77060e8dd5b5,1009506904,way,place,neighbourhood,بدر بلاک,بدر بلاک,,,,OSM,,,31.5164919,74.2794729,Lahore,Punjab,Pakistan,,,,,
3508027c-05b1-517e-8bcc-9770d51ca3c7,622253468,way,leisure,park,,,,,,OSM,,,31.5209192,74.2730414,Lahore,Punjab,Pakistan,,,,,
12d6461e-d69c-5cc5-9bfb-dc53c8fd4e78,347272993,way,leisure,park,,,,,,OSM,,,31.5149907,74.2806696,Lahore,Punjab,Pakistan,,,,,
27fa2426-de91-5c30-965c-26721738dad5,347276770,way,leisure,park,,,,,,OSM,,,31.5167751,74.2820643,Lahore,Punjab,Pakistan,,,,,
45036388-a348-5e6b-bb5d-368718fcc42b,1009506905,way,place,neighbourhood,نرگس بلاک,نرگس بلاک,,,,OSM,,,31.5158998,74.2818454,Lahore,Punjab,Pakistan,,,,,
58b137d2-96ad-5bc6-81a1-35729d3369c6,1009506907,way,leisure,park,کشمیر بلاک ﮔﺮﺍﮨﻮﻧﮉ,,,,,OSM,,,31.5177009,74.2886196,Lahore,Punjab,Pakistan,,,,,
64c846c0-98a0-54e7-bc8a-0badc7d58c15,347270361,way,leisure,park,مون مارکیٹ پارک,,,,,OSM,,,31.5205702,74.2919399,Lahore,Punjab,Pakistan,,,,,
d42495b7-5eb7-5550-8e0a-4099858a106b,347276781,way,leisure,park,,,,,,OSM,,,31.5197977,74.2865827,Lahore,Punjab,Pakistan,,,,,
7110249e-6d14-5701-9d89-e027d730eec4,1009506908,way,place,neighbourhood,کشمیر بلاک,کشمیر بلاک,,,,OSM,,,31.5176633,74.2877842,Lahore,Punjab,Pakistan,,,,,
13e7ee83-d9dd-5e88-875f-bce4ef1327ae,1009506909,way,place,neighbourhood,زینت بلاک,,,,,OSM,,,31.5201229,74.2828363,Lahore,Punjab,Pakistan,,,,,
c61b5fbe-3348-5042-be00-137f3d54e300,1009506910,way,place,neighbourhood,ہما بلاک,ہما بلاک,,,,OSM,,,31.5225917,74.2862775,Lahore,Punjab,Pakistan,,,,,
261218ed-0dd3-5064-9456-05e9d3eadbe2,1009521436,way,place,neighbourhood,جہانزیب بلاک,,,,,OSM,,,31.5241105,74.2907421,Lahore,Punjab,Pakistan,,,,,
fe6e42d9-e788-508d-9dff-2bf51f2ca3d3,1009521437,way,place,neighbourhood,Iftekhar Street,ستلج بلاک,,,,OSM,,,31.52176,74.2934346,Lahore,Punjab,Pakistan,,,,,
e02ca28e-3f0a-5fd3-b278-dd02656647cc,1009521440,way,place,neighbourhood,اتحاد کالونی,,,,,OSM,,,31.5277454,74.2882675,Lahore,Punjab,Pakistan,,,,,
98795020-7f5d-5820-ba7f-daae6cb59aed,255490497,way,leisure,park,باغ,باغ,,,,OSM,,,31.5235715,74.2873912,Lahore,Punjab,Pakistan,,,,,
17f72ed9-e941-5164-98ab-ed931eb304a3,347276807,way,leisure,park,,,,,,OSM,,,31.5221699,74.2859494,Lahore,Punjab,Pakistan,,,,,
8c524231-d85b-5f05-b7f5-c4f64137cace,359363039,way,landuse,cemetery,,,,,,OSM,,,31.5252537,74.2888535,Lahore,Punjab,Pakistan,,,,,
60bc0e28-5dce-5ca8-84fc-b9ccd3f996fa,612407783,way,place,neighbourhood,Ichhra,,,,,OSM,,,31.5298857,74.3107157,Lahore,Punjab,Pakistan,,,,,
58b91dfd-145c-5031-960e-473a51d6f1fc,357423515,way,leisure,park,,,,,,OSM,,,31.5114783,74.298035,Lahore,Punjab,Pakistan,,,,,
6e457a0e-ac19-5079-abe5-4fd93a195732,1009392572,way,place,neighbourhood,وحدت کالونی,,,,,OSM,,,31.5154988,74.3079623,Lahore,Punjab,Pakistan,,,,,
d74d673c-30ea-5c30-890c-5c18a0a5b753,1009506893,way,place,neighbourhood,کالج بلاک,کالج بلاک,,,,OSM,,,31.5105129,74.2989376,Lahore,Punjab,Pakistan,,,,,
68a80239-e6f4-57cf-bd28-5958a8648432,1009506895,way,place,neighbourhood,ہُنزہ بلاک,ہنزہ بلاک,,,,OSM,,,31.5137296,74.2962921,Lahore,Punjab,Pakistan,,,,,
0b956dad-c50c-5ea2-a09e-1b3ca39a38e2,1009506896,way,place,neighbourhood,نجف کالونی,نجف کالونی,,,,OSM,,,31.5123573,74.2949208,Lahore,Punjab,Pakistan,,,,,
f2a59802-e829-5dd1-9228-eed0115c0d8b,1009506900,way,place,neighbourhood,آصف بلاک,آصف بلاک,,,,OSM,,,31.5144564,74.3001515,Lahore,Punjab,Pakistan,,,,,
86ffa906-d4d2-53b8-af36-c75edb58c1df,1009506894,way,leisure,park,تکونی پارک,,,,,OSM,,,31.5125299,74.2965093,Lahore,Punjab,Pakistan,,,,,
9442d3a8-5fb0-55a4-bfc4-a8acfb070f56,357400964,way,leisure,park,,,,,,OSM,,,31.5156257,74.2934857,Lahore,Punjab,Pakistan,,,,,
50be2aa3-3525-5179-9684-7c68bb47b294,296565337,way,leisure,park,,,,,,OSM,,,31.5182203,74.2978076,Lahore,Punjab,Pakistan,,,,,
1a050412-6063-5930-a5f5-637b95d8c158,1009506899,way,place,neighbourhood,پاک بلاک,پاک بلاک,,,,OSM,,,31.5177259,74.2970627,Lahore,Punjab,Pakistan,,,,,
928761b0-b977-5128-a97c-c259576852c0,1009521439,way,place,neighbourhood,چناب بلاک,,,,,OSM,,,31.5200715,74.2948088,Lahore,Punjab,Pakistan,,,,,
aa2288bd-d907-5f97-827b-9cc5a8ab6bf7,1273107563,way,leisure,park,Tikoni Park,,,,,OSM,,,31.5165546,74.2981325,Lahore,Punjab,Pakistan,,,,,
cef326e9-7512-5a47-962d-78f4012192cf,1009521438,way,leisure,park,چناب بلاک پارک,,,,,OSM,,,31.52158,74.2964386,Lahore,Punjab,Pakistan,,,,,
fd0d6dcd-a896-5b31-bee6-5fb21309cf2b,296565303,way,leisure,park,,,,,,OSM,,,31.5237801,74.2987318,Lahore,Punjab,Pakistan,,,,,
a6ec4e4c-680e-5ef1-ada6-6c6081d325e0,291527284,way,leisure,park,,,,,,OSM,,,31.5301122,74.2625557,Lahore,Punjab,Pakistan,,,,,
aac05e08-09fe-5646-9e5c-aa059aad2e29,1012012508,way,natural,water,,,,,,OSM,,,31.5439898,74.2628161,Lahore,Punjab,Pakistan,,,,,
c7abdd75-150f-5bc8-8b8c-6a14b7c9d7b5,1012012509,way,natural,water,,,,,,OSM,,,31.5449967,74.2617269,Lahore,Punjab,Pakistan,,,,,
d468266f-8ee7-5703-ad81-49dafa6d0c2d,1009521442,way,leisure,park,زبیدہ پارک,,,,,OSM,,,31.5326409,74.2899519,Lahore,Punjab,Pakistan,,,,,
cb1717ce-59f9-5f50-a4d3-224ad3711f49,878211367,way,landuse,cemetery,,,,,,OSM,,,31.5380058,74.2815328,Lahore,Punjab,Pakistan,,,,,
a5482f7a-ddb1-568e-ab9f-a5924c3566d9,878211368,way,leisure,park,,,,,,OSM,,,31.5379153,74.2807181,Lahore,Punjab,Pakistan,,,,,
1e877186-a83b-5968-a167-63cb84a1812b,414264173,way,leisure,park,,,,,,OSM,,,31.5454506,74.2710031,Lahore,Punjab,Pakistan,,,,,
24d3293d-943b-5ae3-a85a-b0ba132558c4,414264174,way,leisure,park,,,,,,OSM,,,31.5447942,74.2725714,Lahore,Punjab,Pakistan,,,,,
bfa67b5b-2d8f-5397-9cb5-1e0d8efaa6d3,291527255,way,leisure,park,Usman Park,,,,,OSM,,,31.5466012,74.2785076,Lahore,Punjab,Pakistan,,,,,
d7464fe0-e38c-51c5-a5fc-cbcca3e0af89,319650901,way,leisure,park,,,,,,OSM,,,31.5461015,74.2753164,Lahore,Punjab,Pakistan,,,,,
2b4b5b9a-94de-51f1-a0bf-950e5b4d09d7,620504057,way,landuse,cemetery,,,,,,OSM,,,31.5431801,74.2787689,Lahore,Punjab,Pakistan,,,,,
8dc7e98c-0167-56e0-a0b7-a30866a07058,327492235,way,leisure,park,Makkah Park,,,,,OSM,,,31.5485248,74.2763914,Lahore,Punjab,Pakistan,,,,,
e83c1754-f97c-5be2-974e-4484ce24d501,327492236,way,leisure,park,Madina Park,,,,,OSM,,,31.5485294,74.2743093,Lahore,Punjab,Pakistan,,,,,
efac149f-0c72-59ff-b41c-2b872fc74385,354138759,way,leisure,park,water filter parc,,,,,OSM,,,31.5441601,74.2797682,Lahore,Punjab,Pakistan,,,,,
a34a5663-2db5-5e96-a766-41365d03914a,1078951950,way,place,neighbourhood,Gulfishan Colony,,,,,OSM,,,31.546108,74.293556,Lahore,Punjab,Pakistan,,,,,
95e72ffe-e139-50c2-87ac-f7ea101cf8ab,319650893,way,leisure,park,,,,,,OSM,,,31.549084,74.2827262,Lahore,Punjab,Pakistan,,,,,
5ebbe245-5900-50a8-b7e0-638707eebb8d,545754600,way,leisure,park,Mian Muhammad Hassan Park,,,,,OSM,,,31.5499304,74.2883781,Lahore,Punjab,Pakistan,,,,,
17eaaa2f-a580-56bf-8984-981b5a13b46d,905357066,way,leisure,park,Nadeem Park,,,,,OSM,,,31.5460724,74.2859346,Lahore,Punjab,Pakistan,,,,,
4b7499d2-7d55-5d08-877a-ac8826e2756e,607871654,way,place,neighbourhood,Nawankot,,,,,OSM,,,31.5409455,74.29593,Lahore,Punjab,Pakistan,,,,,
9b280492-1cb4-500b-a8cd-73df250b4a61,607872344,way,place,neighbourhood,Samanabad,,,,,OSM,,,31.5401337,74.3044242,Lahore,Punjab,Pakistan,,,,,
a33ecba8-3b49-58af-b6a5-64edbf94e1d5,1417206449,way,leisure,park,Jinnah Park,,,,,OSM,,,31.5371887,74.2950514,Lahore,Punjab,Pakistan,,,,,
b4de03af-ba19-5115-af3c-e79f05b2b28a,1417207089,way,leisure,park,New Children Park,,,,,OSM,,,31.5379102,74.2957495,Lahore,Punjab,Pakistan,,,,,
6fff840f-6505-5aca-a8ba-3c3d9ecd6000,905357077,way,leisure,park,Rustam Park,,,,,OSM,,,31.5440507,74.2927322,Lahore,Punjab,Pakistan,,,,,
79509462-42b1-5aa5-867f-155815918682,607871653,way,place,neighbourhood,Chauburji Garden Estate,,,,,OSM,,,31.5471595,74.2989777,Lahore,Punjab,Pakistan,,,,,
e484c2a5-5e5e-525a-942c-de67a045a4c7,618997156,way,place,neighbourhood,آریا نگر,آریا نگر,,,,OSM,,,31.5448565,74.3005137,Lahore,Punjab,Pakistan,,,,,
38a1ac0c-1019-5b29-8e8e-71b8786052a9,619009713,way,place,neighbourhood,Old Rifle Range,,,,,OSM,,,31.5514384,74.2989237,Lahore,Punjab,Pakistan,,,,,
74a4258f-22fc-57e1-b3a2-8ace1b5f827e,905357076,way,leisure,park,P&T Colony Park,,,,,OSM,,,31.5493204,74.2976708,Lahore,Punjab,Pakistan,,,,,
037a1e6b-200f-5c70-9632-7ad1962e7401,1078951949,way,place,neighbourhood,Post & Telegraph Colony,,,,,OSM,,,31.5486016,74.2965119,Lahore,Punjab,Pakistan,,,,,
227415fe-9d56-5656-949f-d29ea5131a64,319650873,way,leisure,park,Gulfishan Colony Park,,,,,OSM,,,31.5462755,74.293431,Lahore,Punjab,Pakistan,,,,,
12e93008-b1e6-5773-943b-ad9cc6be5bbf,304963917,node,place,neighbourhood,Dhoop Sari,,,,,OSM,,,31.5558088,74.2819201,Lahore,Punjab,Pakistan,,,,,
bcad9c18-ad41-590a-8b8d-27ee196cae4c,304952172,node,place,neighbourhood,Sanda,,,,,OSM,,,31.558242,74.2884446,Lahore,Punjab,Pakistan,,,,,
2b8a6efd-ec12-50ed-8b56-744ed704edca,5260103795,node,healthcare,hospital,Faran Hospital,,,,,OSM,,,31.566729,74.2909238,Lahore,Punjab,Pakistan,,,,,
48a31fc4-91d2-59a1-af80-f8c2b7575062,5259837117,node,healthcare,hospital,Ishaq Haroon Hospital,,,,,OSM,,,31.5537125,74.2981412,Lahore,Punjab,Pakistan,,,,,
ee87feb7-6102-5dde-9166-3c531c59c1ea,5684856922,node,healthcare,hospital,National Eye Centre,,,,,OSM,,,31.5615672,74.2997606,Lahore,Punjab,Pakistan,,,,,
dcebea49-f7b3-5117-aa5a-5d7c291aba1c,5259747067,node,healthcare,hospital,Muhammadi Hospital,,,,,OSM,,,31.5710909,74.2981105,Lahore,Punjab,Pakistan,,,,,
c551bc9b-66a0-59a8-a9fc-516679ba9d04,4912291905,node,amenity,bank,NIB Bank,,,,,OSM,,,31.5781608,74.2991728,Lahore,Punjab,Pakistan,,,,,
6cf11a17-b38f-5f0e-8304-2180b5ea6fdb,5255461648,node,healthcare,hospital,TB Hospital,,,,,OSM,,,31.5807937,74.2997071,Lahore,Punjab,Pakistan,,,,,
ace7e5f0-4aa0-5b12-a954-9c1bc2bde04c,4912291829,node,amenity,bank,Bank Al Habib Limited,,,,,OSM,,,31.5979829,74.2997776,Lahore,Punjab,Pakistan,,,,,
7cfce6be-d383-54ba-a75e-bdd9dafe0852,4912291827,node,amenity,bank,MCB,,,,,OSM,,,31.5982602,74.2993459,Lahore,Punjab,Pakistan,,,MCB,,
d34f2df7-7bba-5612-8013-f97f02a2c4b2,334400304,way,leisure,park,Main Park Gulshan-e-Ravi,,,,,OSM,,,31.5512355,74.2782959,Lahore,Punjab,Pakistan,,,,,
59c9d89a-870c-5bb0-9dfb-9d7bf81a81f8,334400306,way,leisure,park,Moon Market Park,,,,,OSM,,,31.5506458,74.2815883,Lahore,Punjab,Pakistan,,,,,
22e80dbc-d70a-5948-a382-7c452378770e,1447551772,way,natural,water,,,,,,OSM,,,31.5711874,74.2650371,Lahore,Punjab,Pakistan,,,,,
3538febf-b0b5-5f55-b343-a59882c04c23,414263561,way,leisure,park,Ya Rasool Allah Park,,,,,OSM,,,31.5529937,74.2829354,Lahore,Punjab,Pakistan,,,,,
285c5a24-243f-5adc-9e41-187575d6c0b9,545754582,way,leisure,park,Tauheed Park,,,,,OSM,,,31.5532207,74.2896334,Lahore,Punjab,Pakistan,,,,,
3c63c20b-4b57-51f4-85a4-ff2453a2097a,620987147,way,landuse,cemetery,Panj Pir Cemetery,,,,,OSM,,,31.5552677,74.2860501,Lahore,Punjab,Pakistan,,,,,
1d8e9223-fd54-559d-b899-6215de223df8,905357045,way,landuse,cemetery,Sanda Graveyard,,,,,OSM,,,31.5616556,74.2911311,Lahore,Punjab,Pakistan,,,,,
a848c3eb-85cc-5819-9eed-21a9f8da8ae9,905357046,way,leisure,park,National Park,,,,,OSM,,,31.5605277,74.2909959,Lahore,Punjab,Pakistan,,,,,
fa28f091-45d1-5b81-826d-507b713b717b,905357047,way,leisure,park,Jahangir Town Park,,,,,OSM,,,31.5597976,74.2905607,Lahore,Punjab,Pakistan,,,,,
6d28611b-bc18-5777-9d64-7c8de8263c57,319616000,way,leisure,park,,,,,,OSM,,,31.5754456,74.2728351,Lahore,Punjab,Pakistan,,,,,
a37ca411-9367-5308-aff5-13685ccda9a0,1309965951,way,leisure,park,,,,,,OSM,,,31.5765887,74.2734591,Lahore,Punjab,Pakistan,,,,,
b421a0cf-9e3d-5ef6-aa99-c2bff365a7ab,620985437,way,leisure,park,Rehman Park,,,,,OSM,,,31.5670864,74.2918777,Lahore,Punjab,Pakistan,,,,,
c6d031b0-359d-52ca-9561-beebf8e222ec,708463868,way,leisure,park,,,,,,OSM,,,31.5753243,74.2810092,Lahore,Punjab,Pakistan,,,,,
1cce4695-ab46-5991-8d25-668b9b91c398,334404407,way,landuse,cemetery,Shah Saleh Muhammad Cemetery,,,,,OSM,,,31.5747273,74.2875347,Lahore,Punjab,Pakistan,,,,,
8df24818-428d-5dd7-8eb8-def438cd0906,620988201,way,leisure,park,Masum Park,,,,,OSM,,,31.575004,74.2886398,Lahore,Punjab,Pakistan,,,,,
65f90451-4ba0-5006-b0cb-2c05bdc40eb6,762987125,way,healthcare,hospital,Mian Munshi Hospital Lahore,,,,,OSM,,,31.5763466,74.2876514,Lahore,Punjab,Pakistan,,,,,
cfef34d5-122c-54e9-8931-49c4a78f2f17,905357071,way,leisure,park,Rahmat Garden,,,,,OSM,,,31.5525577,74.3003205,Lahore,Punjab,Pakistan,,,,,
ed868aea-cc6b-5be5-a7ab-9a5abb9ddf2c,334123481,way,leisure,park,Muhammadi Park,,,,,OSM,,,31.5584626,74.2945081,Lahore,Punjab,Pakistan,,,,,
f19275b8-6562-5c98-bada-4e87c7a61dc8,660880481,way,leisure,park,Bilal Park,,,,,OSM,,,31.5560122,74.2966165,Lahore,Punjab,Pakistan,,,,,
9faaa772-0a02-5f0e-96e9-80db42ec60cf,660880482,way,leisure,park,Bilal Park,,,,,OSM,,,31.5552299,74.2973781,Lahore,Punjab,Pakistan,,,,,
30a4b149-7675-5286-91c8-443da53b6f1c,607871651,way,place,neighbourhood,Rajgarh,,,,,OSM,,,31.5592314,74.2981348,Lahore,Punjab,Pakistan,,,,,
b0415888-4fea-53e6-a157-b8302db21655,611907246,way,place,neighbourhood,راج گڑھ,راج گڑھ,,,,OSM,,,31.5595531,74.2984969,Lahore,Punjab,Pakistan,,,,,
d21b4086-f3c7-51e7-9c90-8f91e34dd5b4,613588608,way,leisure,park,Ladies' Park,,,,,OSM,,,31.5626389,74.2976753,Lahore,Punjab,Pakistan,,,,,
32c09e19-93f1-573c-962f-11fe344d5f9f,760901585,way,leisure,park,,,,,,OSM,,,31.5619503,74.2932294,Lahore,Punjab,Pakistan,,,,,
423e9894-c725-58ad-8a78-115cfb4cebe2,295738680,way,leisure,park,افغان پارک,افغان پارک,,,,OSM,,,31.5685898,74.2938847,Lahore,Punjab,Pakistan,,,,,
d40b1a0e-1e42-5a3a-8fa8-992373e5bffa,618684900,way,leisure,park,نور پارک,نور پارک,,,,OSM,,,31.5678246,74.2953515,Lahore,Punjab,Pakistan,,,,,
0cbcdeed-195a-54e6-b324-fcff37448be0,762198659,way,leisure,park,Ahmed Din Park,,,,,OSM,,,31.5667009,74.2933009,Lahore,Punjab,Pakistan,,,,,
959d7fe6-f2b7-5ce9-888b-e0965f81f8c0,500420267,way,leisure,park,Chistia Park,,,,,OSM,,,31.5681141,74.2994497,Lahore,Punjab,Pakistan,,,,,
eff98c12-6584-57e7-b7d8-9aae48fb4dad,620734507,way,leisure,park,,,,,,OSM,,,31.569071,74.2997385,Lahore,Punjab,Pakistan,,,,,
3c246096-be47-532a-a3b7-37eb8d83c0bd,500420266,way,leisure,park,فردوس پارک,,,,,OSM,,,31.5732574,74.2959818,Lahore,Punjab,Pakistan,,,,,
ecc997f2-3849-5db2-9166-cc8237df4a65,618684952,way,leisure,park,,,,,,OSM,,,31.5733699,74.2940888,Lahore,Punjab,Pakistan,,,,,
2f7b38f0-7f5e-51aa-91ac-e9b5a93d5858,607141169,way,healthcare,hospital,Infectious Diseases Hospital,,,,,OSM,,,31.5807071,74.2997576,Lahore,Punjab,Pakistan,,,,,
9f4c0df2-7a47-58a7-a4d1-218b33928592,611912836,way,leisure,park,Choudhry Park,,,,,OSM,,,31.586132,74.2978933,Lahore,Punjab,Pakistan,,,,,
53361142-2ada-5abb-aec2-3d328c2d1646,292009374,way,leisure,park,Karim Park Gol Bagh,,,,,OSM,,,31.5909343,74.2997039,Lahore,Punjab,Pakistan,,,,,
14b59964-52d7-57b9-875c-4bbf1e264388,620441819,way,place,neighbourhood,Mominpura,,,,,OSM,,,31.5932539,74.3002374,Lahore,Punjab,Pakistan,,,,,
d7299dab-f6c1-5e75-bc95-daf07ed50151,619001530,way,place,neighbourhood,Timber Market,,,,,OSM,,,31.5994558,74.300714,Lahore,Punjab,Pakistan,,,,,
bfec3290-3b70-5cd8-b97f-e41c9a5d4fd1,10722536305,node,amenity,bank,,,,,,OSM,,,31.6077289,74.2509109,Lahore,Punjab,Pakistan,,,,,
a2928a63-d8b1-5a39-a39b-421033354fb4,12642934101,node,amenity,atm,ATM,,,,,OSM,,,31.6104787,74.2507046,Lahore,Punjab,Pakistan,,,,,
776de4f2-3f43-5845-9d9f-fcee366e9160,12642940901,node,amenity,atm,ATM,,,,,OSM,,,31.6103463,74.2508286,Lahore,Punjab,Pakistan,,,,,
296e1c3b-a497-52da-8a9e-a22105e1ba15,4910585782,node,amenity,bank,esahulat 63325,,,,,OSM,,,31.6133825,74.2662536,Lahore,Punjab,Pakistan,,,,,
86e3caff-2b16-50bd-913d-e4118ca96c06,4910585784,node,amenity,bank,The Bank of Punjab,,,,,OSM,,,31.6142885,74.2687332,Lahore,Punjab,Pakistan,,,,,
6945a5c5-4b68-50ed-b7db-1c92925cb37e,5259838821,node,healthcare,hospital,PrimeCare Medical Complex,,,,,OSM,,,31.614987,74.2695614,Lahore,Punjab,Pakistan,,,,,
7d357566-921a-5e89-853f-da4b75430296,4910585796,node,amenity,bank,Habib Metropolitan Bank,,,,,OSM,,,31.6158525,74.2739322,Lahore,Punjab,Pakistan,,,,,
e74bc64e-6072-5145-a3cc-7fa75c5538cd,4910585797,node,amenity,bank,بينک الحبيب,بينک الحبيب,,,,OSM,,,31.6157528,74.2733714,Lahore,Punjab,Pakistan,,,بينک الحبيب,,
a7db4b90-c03b-5610-96db-fbb355b79b26,4910585799,node,amenity,bank,Apna Bank,,,,,OSM,,,31.6164686,74.2770032,Lahore,Punjab,Pakistan,,,,,
700b216f-8103-54e2-a89d-e49ca92f6730,4910585802,node,amenity,bank,Khushali Bank Pvt,,,,,OSM,,,31.61619,74.2778267,Lahore,Punjab,Pakistan,,,,,
588ca060-5740-5d1e-9d46-7cb70b811023,5259837120,node,healthcare,hospital,کلسوم سرجیکل ہسپتال,,,,,OSM,,,31.6155923,74.2724153,Lahore,Punjab,Pakistan,,,,,
2916ce72-ff4a-5a7e-ae92-cb8a43d29286,1336460117,node,amenity,atm,,,,,,OSM,,,31.616813,74.2786661,Lahore,Punjab,Pakistan,,,,Askari Link 1,
aaea3b9e-1df9-503b-ae26-1cd59f9b99bd,4910585803,node,amenity,bank,نیشنل بینک آف پاکستان,نیشنل بینک آف پاکستان,,,,OSM,,,31.616624,74.2800556,Lahore,Punjab,Pakistan,,,نیشنل بینک آف پاکستان,نیشنل بینک آف پاکستان,
4761a156-67ff-57c0-a111-4ecabdf00442,4910219637,node,amenity,bank,الائیڈ بینک,الائیڈ بینک,,,,OSM,,,31.6150161,74.2904181,Lahore,Punjab,Pakistan,,,الائیڈ بینک,الائیڈ بینک لمیٹڈ,
81072f3f-7d5d-525c-8ee9-24d036a4dc1f,4339381992,node,amenity,police,Shahdara Police Station,,,,,OSM,,,31.6206635,74.2895338,Lahore,Punjab,Pakistan,,,,,
b0d44a8f-d922-53cd-ba41-b8c394420054,4910219512,node,amenity,fire_station,Fire Brigade Shahdara,,,,,OSM,,,31.6240334,74.2893351,Lahore,Punjab,Pakistan,,,,,
43e7ac83-47b7-5217-bcee-13cd205bcf3c,4910219517,node,amenity,bank,Al Baraka Bank,,,,,OSM,,,31.6222523,74.2891688,Lahore,Punjab,Pakistan,,,,,
d8abc186-8789-54e8-9ed1-4bab025f1c21,4910219625,node,amenity,bank,Habib Bank,,,,,OSM,,,31.6183073,74.289229,Lahore,Punjab,Pakistan,,,,,
ede5438f-1284-51b5-85d5-3603a3720449,4910219629,node,amenity,bank,بینک الفلاح,بینک الفلاح,,,,OSM,,,31.6179878,74.2888538,Lahore,Punjab,Pakistan,,,بینک الفلاح,,
2b723d3a-ff26-58fa-a334-2e985b6faff6,4910219631,node,amenity,bank,اسٹینڈرڈ چارٹرڈ,اسٹینڈرڈ چارٹرڈ,,,,OSM,,,31.6181747,74.2875939,Lahore,Punjab,Pakistan,,,اسٹینڈرڈ چارٹرڈ,اسٹینڈرڈ چارٹرڈ,
978ead3e-cc64-500d-b87f-ce8201979be1,4910219632,node,amenity,bank,ایم سی بی بینک,ایم سی بی بینک,,,,OSM,,,31.6178853,74.2882168,Lahore,Punjab,Pakistan,,,ایم سی بی بینک,ایم سی بی بینک لمیٹڈ,
609d4ee0-43c2-5631-93cf-6d024cb2d747,4910585813,node,amenity,bank,میزان بینک,میزان بینک,,,,OSM,,,31.6180629,74.2863132,Lahore,Punjab,Pakistan,,,میزان بینک,,
e7151ae4-cabc-5687-b206-5f9f4bd5d763,2433331705,node,railway,station,شاہدرہ ٹاؤن,شاہدرہ ٹاؤن,,,,OSM,Shahdara Bagh Junction railway station,,31.6267536,74.2905987,Lahore,Punjab,Pakistan,,,,,Q18515988
be99b859-2bcd-5841-9df5-e3a3fb397f50,4910219490,node,amenity,bank,ایم سی بی بینک,ایم سی بی بینک,,,,OSM,,,31.629982,74.2875338,Lahore,Punjab,Pakistan,,,ایم سی بی بینک,ایم سی بی بینک لمیٹڈ,
00efcc60-65df-5b67-ac94-0bcb26338b3d,4910585745,node,healthcare,hospital,Govt. Maternity Hospital,,,,,OSM,,,31.6259547,74.2962832,Lahore,Punjab,Pakistan,,,,,
82a9e235-3d57-5e64-b605-33d31f0a2e3b,4910219465,node,healthcare,clinic,Amna Memorial Children Hospital,,,,,OSM,,,31.6416078,74.2859132,Lahore,Punjab,Pakistan,,,,Dr. M. Kamran Azam,
dbac2fdc-adbc-5dc3-8d85-378f4d1977fa,4907505351,node,amenity,bank,الائیڈ بینک لمیٹڈ,الائیڈ بینک لمیٹڈ,,,,OSM,,,31.644801,74.2851046,Lahore,Punjab,Pakistan,,,الائیڈ بینک لمیٹڈ,,
86476a94-5e3e-5ba4-ac50-ff010e759204,499860220,way,leisure,park,Local Park,,,,,OSM,,,31.6135626,74.2689599,Lahore,Punjab,Pakistan,,,,,
aefbef63-e425-5a09-8009-1c167fc7accb,292005560,way,leisure,park,Farkhabad Park,,,,,OSM,,,31.6081999,74.2884401,Lahore,Punjab,Pakistan,,,,,
a4c5e38b-90a5-5411-84f2-b72f63533e1f,967958322,way,landuse,cemetery,Gao Shala Graveyard,,,,,OSM,,,31.6021922,74.2948776,Lahore,Punjab,Pakistan,,,,,
c366efe8-d946-5875-8567-bd330ac6f65b,378950834,way,leisure,park,,,,,,OSM,,,31.6064327,74.2928883,Lahore,Punjab,Pakistan,,,,,
3f053cc6-0040-500a-a13a-e88d822ce0ab,326892143,way,landuse,cemetery,Muslim Graveyard Pindi Qabristan,,,,,OSM,,,31.6242264,74.3001155,Lahore,Punjab,Pakistan,,,,,
fbc5ab6c-06cf-5ad1-8dd9-a50c9bad7656,720168525,way,natural,water,,,,,,OSM,,,31.6396583,74.2806691,Lahore,Punjab,Pakistan,,,,,
22a5f15c-ebc4-5018-a33d-f5625664158d,499807312,way,landuse,cemetery,Christian Cemetery,,,,,OSM,,,31.6323178,74.2862406,Lahore,Punjab,Pakistan,,,,,
a099652e-cbea-5815-a4ad-c93d86ee9a3d,4907505341,node,amenity,police,Ferozewala Police Station,,,,,OSM,,,31.6527804,74.281527,Lahore,Punjab,Pakistan,,,,,
21fce94a-2c6b-5bca-8143-432151b9f1c3,9325952208,node,healthcare,hospital,ٹی ایچ کیو ہسپتال,,,,,OSM,,,31.6579532,74.2825636,Lahore,Punjab,Pakistan,,,,,
b02080fb-e271-55a7-902c-e2c2d0da62a3,9325952209,node,place,neighbourhood,رحمان سٹی فیز 6,,,,,OSM,,,31.6674982,74.2824591,Lahore,Punjab,Pakistan,,,,,
07c00dfe-9f0b-5b61-a769-cb30ecef6bec,17136647,relation,leisure,park,Dargai Gill Forest Park,,,,,OSM,,,31.6937832,74.2703078,Lahore,Punjab,Pakistan,,,,,
f936df25-51c4-53b0-a1a4-83bc4191aa40,2433376132,node,railway,station,کانا کاچھا,,,,,OSM,,,31.4004944,74.3056202,Lahore,Punjab,Pakistan,,,,,
0eb4abf3-e421-5aa3-ab0b-4761785a1507,8852335199,node,place,neighbourhood,گُجر کالونی,,,,,OSM,,,31.4182005,74.3268257,Lahore,Punjab,Pakistan,,,,,
eec2a4e6-0d39-5c7c-a0a4-7affd7c10ed2,5260103789,node,healthcare,hospital,Mufaza Tul Hayat Hospital,,,,,OSM,,,31.4248962,74.3378297,Lahore,Punjab,Pakistan,,,,,
5af534c2-28b4-5bd9-88bf-6f6a290bbd27,5926497186,node,amenity,bank,میزان بینک,میزان بینک,,,,OSM,,,31.4424854,74.3256376,Lahore,Punjab,Pakistan,,,میزان بینک,,
948d8619-e82d-5757-98cd-2fd924dea9cb,5259747066,node,healthcare,hospital,Chaudhry Rehmat Ali Memorial Hospital,چوہدری رحمت علی میموریل ہسپتال,,,,OSM,,,31.4498082,74.3076034,Lahore,Punjab,Pakistan,,,,,
64ad3c6c-4b1a-50a5-82b9-8041c78d940d,4874819321,node,amenity,bank,Muslim Commercial Bank (MCB),,,,,OSM,,,31.4314413,74.348481,Lahore,Punjab,Pakistan,,,,MCB Pak Arab Society,
f1d9c12f-2690-56c3-8775-df99b6c4b627,359512272,way,leisure,park,,,,,,OSM,,,31.4390297,74.3024504,Lahore,Punjab,Pakistan,,,,,
5df871e1-ed5d-5325-91e5-4f499902ee03,359516923,way,leisure,park,,,,,,OSM,,,31.4375785,74.3012262,Lahore,Punjab,Pakistan,,,,,
8df72bb1-7c70-5a42-9347-6949c63102d9,366922724,way,leisure,park,,,,,,OSM,,,31.4412958,74.3024459,Lahore,Punjab,Pakistan,,,,,
4a22bf23-cae8-5f21-ad55-ee9f5a345a4e,728040180,way,leisure,park,,,,,,OSM,,,31.4385292,74.3143665,Lahore,Punjab,Pakistan,,,,,
b0bb2e25-0c71-5e4d-b91f-46fba4c79541,728042534,way,leisure,park,Sheer Ali Swings and SlidesPark,,,,,OSM,,,31.4426885,74.3116355,Lahore,Punjab,Pakistan,,,,,
85c63484-db22-5d19-a521-2dc0d543df9d,728043378,way,leisure,park,Boharr Wala Park,,,,,OSM,,,31.4410372,74.3112888,Lahore,Punjab,Pakistan,,,,,
0cfc3f64-2cf0-564c-9a9b-00564c1525f1,728040201,way,leisure,park,,,,,,OSM,,,31.4433193,74.3145147,Lahore,Punjab,Pakistan,,,,,
a03747cd-1b3a-53fa-8bb9-6400e0f80cee,728042305,way,leisure,park,Ali Park,,,,,OSM,,,31.4433838,74.3126061,Lahore,Punjab,Pakistan,,,,,
1bd2aeeb-6efb-5918-bc6d-7ec7df8a9776,764532035,way,leisure,park,,,,,,OSM,,,31.4087343,74.34739,Lahore,Punjab,Pakistan,,,,,
beb706c3-7837-599a-9b68-3d70698b2f89,10961126209,node,leisure,park,,,,,,OSM,,,31.4529975,74.3034514,Lahore,Punjab,Pakistan,,,,,
9a1e5f89-b9f3-50e6-833c-2c0bb135182d,304209460,node,leisure,park,,,,,,OSM,,,31.4524888,74.3157603,Lahore,Punjab,Pakistan,,,,,
1b591751-8405-5e59-8c89-2c6ad49c5d43,4916785716,node,amenity,bank,MCB Islamic Bank,,,,,OSM,,,31.472938,74.3022667,Lahore,Punjab,Pakistan,,,,,
2b9c3611-0b5a-5553-b447-fe3e1cbe7c5a,4916786421,node,amenity,bank,Nafa Islamic Saving Centre Lahore,,,,,OSM,,,31.4723501,74.3030225,Lahore,Punjab,Pakistan,,,,,
0f5e78c5-cff0-5601-a16d-3ddd50b8fa2c,4916786422,node,amenity,bank,NRSP Microfinance Bank Limited,,,,,OSM,,,31.4715057,74.3032934,Lahore,Punjab,Pakistan,,,,,
be144a03-0762-59b6-a60b-978d8b0d96ce,4461229989,node,amenity,bank,نیشنل بینک آف پاکستان,نیشنل بینک آف پاکستان,,,,OSM,,,31.4627195,74.3104084,Lahore,Punjab,Pakistan,,,نیشنل بینک آف پاکستان,نیشنل بینک آف پاکستان,
360c0f8b-5d6c-5503-9e4e-8507a5196061,4916786435,node,amenity,bank,بینک الفلاح,بینک الفلاح,,,,OSM,,,31.4668823,74.3077176,Lahore,Punjab,Pakistan,,,بینک الفلاح,,
b1c37899-7382-5262-8c46-0578f4603ac1,4916786436,node,amenity,bank,میزان بینک,میزان بینک,,,,OSM,,,31.4669361,74.3080959,Lahore,Punjab,Pakistan,,,میزان بینک,,
962e24a1-7e92-532b-afb2-e5c7725addc3,4916786441,node,amenity,bank,ایم سی بی بینک,ایم سی بی بینک,,,,OSM,,,31.4668425,74.3083504,Lahore,Punjab,Pakistan,,,ایم سی بی بینک,ایم سی بی بینک لمیٹڈ,
4fda3235-ab9a-5424-94f7-226401a586f1,4916786442,node,amenity,bank,عسکری بینک,عسکری بینک,,,,OSM,,,31.466956,74.3092821,Lahore,Punjab,Pakistan,,,عسکری بینک,,
e3c42dbf-e69f-5d70-ac07-820d53d51edd,4916786444,node,amenity,bank,Bank Of Punjab,,,,,OSM,,,31.4663446,74.3096603,Lahore,Punjab,Pakistan,,,,,
9befbc32-7dac-5680-992e-0b71aa0d3bdc,4916786446,node,amenity,bank,یونائیٹڈ بینک لمیٹڈ,یونائیٹڈ بینک لمیٹڈ,,,,OSM,,,31.4661857,74.3112646,Lahore,Punjab,Pakistan,,,یونائیٹڈ بینک لمیٹڈ,,
438cca93-14ca-5e3e-99b9-75f388cc68b1,4916786445,node,amenity,bank,Bank Al-Habib,,,,,OSM,,,31.4660916,74.3115213,Lahore,Punjab,Pakistan,,,,,
654aab48-c8b4-58ae-94ae-1da7db5d8c01,4916786448,node,amenity,bank,Silk Bank,,,,,OSM,,,31.4651237,74.3127028,Lahore,Punjab,Pakistan,,,,,
34141819-fa27-5f98-865d-0f837c3ae490,4916786451,node,amenity,bank,دبئی اسلامی بینک,دبئی اسلامی بینک,,,,OSM,,,31.4647911,74.3136018,Lahore,Punjab,Pakistan,,,دبئی اسلامی بینک,,
458cd03b-60af-512c-96c0-3b9fe88ddb2b,4916786452,node,amenity,bank,Habib Metropolitan Bank limited,,,,,OSM,,,31.4648409,74.3150168,Lahore,Punjab,Pakistan,,,,,
063ad8fa-fcfb-5bea-a480-7c04a2bddc57,4916786431,node,amenity,bank,The Bank of Khyber,,,,,OSM,,,31.4683716,74.3056551,Lahore,Punjab,Pakistan,,,,,
76868a3c-276e-5707-809b-5f4efed6dbc7,4916786432,node,amenity,bank,الائیڈ بینک,الائیڈ بینک,,,,OSM,,,31.4679533,74.3054333,Lahore,Punjab,Pakistan,,,الائیڈ بینک,الائیڈ بینک لمیٹڈ,
0bd1be99-42f5-5ec7-8ffd-51c8263c84c4,4916786433,node,amenity,bank,Al Barka Bank,,,,,OSM,,,31.4680534,74.3064544,Lahore,Punjab,Pakistan,,,,,
c8ba8f90-2024-5648-a6a3-615a85ccc1bf,4916786437,node,amenity,bank,Standard Chartered Bank And ATM,,,,,OSM,,,31.4676132,74.3076079,Lahore,Punjab,Pakistan,,,,,
539adc22-be85-5703-80b0-c374ab43a994,4916786438,node,amenity,bank,Samba Bank Faisal Town Branch,,,,,OSM,,,31.4681968,74.3075635,Lahore,Punjab,Pakistan,,,,,
f544bb19-1237-5eac-955f-b8a5c732e50d,4916786440,node,amenity,bank,سمٹ بینک,سمٹ بینک,,,,OSM,,,31.4679179,74.3074094,Lahore,Punjab,Pakistan,,,سمٹ بینک,سمٹ بینک,
da0ebc75-133b-537a-a815-735e7077d285,1715905537,node,amenity,bank,الائیڈ بینک,الائیڈ بینک,,,,OSM,,,31.4685507,74.3174887,Lahore,Punjab,Pakistan,,,الائیڈ بینک,الائیڈ بینک لمیٹڈ,
80bf9318-d0af-5e91-b271-993584771233,1715927615,node,amenity,marketplace,Raja Sahab,,,,,OSM,,,31.4682265,74.3168891,Lahore,Punjab,Pakistan,,,,,
850bb089-a63c-5d1d-aa06-b7c5a997371b,1715929243,node,amenity,atm,,,,,,OSM,,,31.4685187,74.3174672,Lahore,Punjab,Pakistan,,,,ABL,
3d3d373a-f2bb-594f-8038-4b3ae1888f4f,1715934572,node,amenity,marketplace,Bridal Centre,,,,,OSM,,,31.4677775,74.3172204,Lahore,Punjab,Pakistan,,,,,
afced29d-f4d3-5b23-a6aa-a832d3e24eba,4506559191,node,healthcare,hospital,Rahmatullah Eye Hospital,رحمت اللہ آئی ہسپتال,,,,OSM,,,31.4568298,74.3206252,Lahore,Punjab,Pakistan,,,,,
9db7c579-a8ea-585e-b667-032c1c9ba580,5926502485,node,amenity,bank,میزان بینک,میزان بینک,,,,OSM,,,31.4547649,74.3182577,Lahore,Punjab,Pakistan,,,میزان بینک,,
777c9411-cc4b-5f65-aab7-075ab36d6309,4916786466,node,amenity,bank,ایچ بی ایل پاکستان,ایچ بی ایل پاکستان,,,,OSM,,,31.4600221,74.325658,Lahore,Punjab,Pakistan,,,ایچ بی ایل پاکستان,,
b5427576-4262-51a6-a78e-ba42a96f5c58,2433376123,node,railway,station,کوٹ لکھپت,,,,,OSM,,,31.4596096,74.3385474,Lahore,Punjab,Pakistan,,,,,
54c28702-f1e1-519b-ac9b-dca7f1a7edee,4916786455,node,amenity,bank,سندھ بینک,سندھ بینک,,,,OSM,,,31.4631263,74.3191004,Lahore,Punjab,Pakistan,,,سندھ بینک,,
070f22dc-d3de-5696-ad9b-2625e4035174,4916785689,node,amenity,bank,SME Bank,,,,,OSM,,,31.4779668,74.3011377,Lahore,Punjab,Pakistan,,,,,
c4fb9c04-8769-516a-a0f7-5e26d9f50ee2,4916785690,node,amenity,bank,ایم سی بی بینک,ایم سی بی بینک,,,,OSM,,,31.4777645,74.3011873,Lahore,Punjab,Pakistan,,,ایم سی بی بینک,ایم سی بی بینک لمیٹڈ,
90cda984-f207-521f-8f0a-aebc4645aaf6,5255424743,node,healthcare,hospital,Khairun Nisa Hospital,,,,,OSM,,,31.4741883,74.306422,Lahore,Punjab,Pakistan,,,,,
19e38f5e-1093-518b-85cb-174f6768c741,5255424744,node,amenity,marketplace,Moon Market,,,,,OSM,,,31.4751322,74.3061324,Lahore,Punjab,Pakistan,,,,,
9787be5e-bbf3-580a-bd05-e13a1427b603,4246417495,node,amenity,atm,,,,,,OSM,,,31.4821086,74.3072203,Lahore,Punjab,Pakistan,,,,,
59263168-fee1-53d2-93e0-46a236a9fd60,4246418098,node,amenity,atm,,,,,,OSM,,,31.4820707,74.3068029,Lahore,Punjab,Pakistan,,,,,
f159908e-6b28-5087-a6d1-a063c17ed2c1,4246418099,node,amenity,atm,,,,,,OSM,,,31.4827312,74.3064944,Lahore,Punjab,Pakistan,,,,,
e836bb59-eb30-5c67-b1c5-483e748fb046,4916641145,node,amenity,bank,سندھ بینک,سندھ بینک,,,,OSM,,,31.4854433,74.3054241,Lahore,Punjab,Pakistan,,,سندھ بینک,,
7dcc5321-1b4a-5679-a336-abd7ebab7d8b,5255461651,node,healthcare,hospital,National Medical Centre,,,,,OSM,,,31.4809113,74.3107957,Lahore,Punjab,Pakistan,,,,,
d0208081-7b0d-5e22-a1c1-74d91058b9b1,5255461650,node,healthcare,hospital,Saira Memorial Hospital,,,,,OSM,,,31.4812146,74.312232,Lahore,Punjab,Pakistan,,,,,
71bba261-b73d-5ec9-9f09-2d0a38c22c25,5259958806,node,healthcare,hospital,Lahore Speciality Hospital,,,,,OSM,,,31.4941177,74.3118532,Lahore,Punjab,Pakistan,,,,,
d4fcf8d2-c3b8-5872-bcb6-98f04400dcd1,1374726049,node,leisure,park,Model Town Central Park,,,,,OSM,Model Town Park,,31.4845634,74.3261523,Lahore,Punjab,Pakistan,,,,,Q6888296
2b0eb519-a5f1-54fc-ba32-bf65a2dc41f6,4916250315,node,amenity,bank,Apna Microfinance Bank,,,,,OSM,,,31.4822484,74.3303453,Lahore,Punjab,Pakistan,,,,,
79cf7abf-b6e8-59e7-9909-b3099dbfd037,4916250316,node,healthcare,pharmacy,Aziz Son's Pharma Plus,,,,,OSM,,,31.4821708,74.3302638,Lahore,Punjab,Pakistan,,,,,
bc6eb038-9b8c-5134-923a-9c8b097e3782,4916250318,node,amenity,bank,ایچ بی ایل پاکستان,ایچ بی ایل پاکستان,,,,OSM,,,31.4808437,74.3290813,Lahore,Punjab,Pakistan,,,ایچ بی ایل پاکستان,,
934acbf1-9500-5e51-b8fc-de86b3a14699,5263679934,node,amenity,marketplace,Block A Market Place,,,,,OSM,,,31.4828005,74.3303284,Lahore,Punjab,Pakistan,,,,,
c8fc77f4-01cc-570f-8b40-9075a10f53a5,3237660889,node,healthcare,hospital,Ittefaq Hospital,,,,,OSM,,,31.4756654,74.3375093,Lahore,Punjab,Pakistan,,,,,
9ee09585-b9a8-57a3-b7f7-e2a4fad199a7,4421575389,node,amenity,bank,Bank of Punjab,,,,,OSM,,,31.4759628,74.3429101,Lahore,Punjab,Pakistan,,,,,
c8e4647b-8ad7-5ce9-bb9d-7d776fde8866,5254181756,node,healthcare,hospital,Ghulab Devi Chest Hospital,,,,,OSM,,,31.4825003,74.3422146,Lahore,Punjab,Pakistan,,,,,
e15c936c-b159-5a36-b6a4-ffe7a16e08f3,3237664504,node,amenity,marketplace,Bank Square Market - C Block,,,,,OSM,,,31.4884766,74.3259836,Lahore,Punjab,Pakistan,,,,,
cae7db2e-1934-5a49-b191-2a75304bf918,4916250627,node,amenity,bank,NIB Bank,,,,,OSM,,,31.4884189,74.3274009,Lahore,Punjab,Pakistan,,,,,
b6c1494d-0007-5d3d-8e4c-f9d0a0f99311,4916250628,node,amenity,bank,بینک الفلاح,بینک الفلاح,,,,OSM,,,31.4882709,74.3273091,Lahore,Punjab,Pakistan,,,بینک الفلاح,,
fbff1d9b-7dc5-5c5f-b6f2-5340141db749,4916250629,node,amenity,bank,ایچ بی ایل پاکستان,ایچ بی ایل پاکستان,,,,OSM,,,31.4889463,74.3277073,Lahore,Punjab,Pakistan,,,ایچ بی ایل پاکستان,,
cd9ddd27-e433-57bd-8c92-d77b0393f7e5,4916250630,node,amenity,bank,اسٹینڈرڈ چارٹرڈ,اسٹینڈرڈ چارٹرڈ,,,,OSM,,,31.4884519,74.3268753,Lahore,Punjab,Pakistan,,,اسٹینڈرڈ چارٹرڈ,اسٹینڈرڈ چارٹرڈ,
c3124dba-78d0-556a-b33c-58d6826916de,4916250631,node,amenity,bank,سونیری بینک,سونیری بینک,,,,OSM,,,31.4891285,74.3280698,Lahore,Punjab,Pakistan,,,سونیری بینک,سونیری بینک,
c50a22ea-d43f-55ef-94c6-ecfd2dc0ba4c,4916250634,node,healthcare,pharmacy,Fazal Din Pharma Plus,,,,,OSM,,,31.4888534,74.32644,Lahore,Punjab,Pakistan,,,,,
b277d87e-6c48-53fe-bce4-ea339ada883f,4916250637,node,amenity,bank,میزان بینک,میزان بینک,,,,OSM,,,31.4889403,74.3262858,Lahore,Punjab,Pakistan,,,میزان بینک,,
2ca0be72-3d23-50ab-b998-ec6c5e382905,4916250638,node,amenity,bank,یونائیٹڈ بینک لمیٹڈ,یونائیٹڈ بینک لمیٹڈ,,,,OSM,,,31.4889214,74.325959,Lahore,Punjab,Pakistan,,,یونائیٹڈ بینک لمیٹڈ,,
0f1e14d2-a691-5f95-974d-881b02f1b816,4916250639,node,amenity,bank,The Bank Of Punjab,,,,,OSM,,,31.4890177,74.3254925,Lahore,Punjab,Pakistan,,,,,
1ff5ade5-7eca-5900-88cf-e9c8f3728823,4916250640,node,amenity,bank,ایم سی بی بینک,ایم سی بی بینک,,,,OSM,,,31.4889794,74.3258178,Lahore,Punjab,Pakistan,,,ایم سی بی بینک,,
279d2b72-7ed7-5769-836f-13f65a7f6a7c,4916250642,node,amenity,bank,جے ایس بینک,جے ایس بینک,,,,OSM,,,31.4887233,74.3258419,Lahore,Punjab,Pakistan,,,جے ایس بینک,جے ایس بینک,
698b9313-32ba-56a1-9099-7ab750b5fb7b,4916250646,node,amenity,bank,Burj Bank Limited,,,,,OSM,,,31.4885932,74.3262495,Lahore,Punjab,Pakistan,,,,,
f8101f91-2366-5025-a836-b1648778bc71,4916250647,node,amenity,bank,الائیڈ بینک لمیٹڈ,الائیڈ بینک لمیٹڈ,,,,OSM,,,31.4890568,74.3250927,Lahore,Punjab,Pakistan,,,الائیڈ بینک لمیٹڈ,,
43e28c10-bc1c-560a-aab3-a0bb2d935197,4916250648,node,amenity,bank,Silk Bank,,,,,OSM,,,31.48885,74.3253446,Lahore,Punjab,Pakistan,,,,,
957636f0-8e2e-5bbd-9bb4-4b54bcd90568,5263454897,node,amenity,bank,دبئی اسلامی بینک,دبئی اسلامی بینک,,,,OSM,,,31.4887824,74.3263117,Lahore,Punjab,Pakistan,,,دبئی اسلامی بینک,,
63660a2b-d57f-5fc9-b6f0-4ada0a01deb0,7222242423,node,amenity,bank,Habib Metropolitan Bank,,,,,OSM,,,31.4885104,74.326369,Lahore,Punjab,Pakistan,,,,,
fa293e21-4727-5584-aefd-c2c043576217,7222242425,node,amenity,bank,فیصل بینک,فیصل بینک,,,,OSM,,,31.4890801,74.3257013,Lahore,Punjab,Pakistan,,,فیصل بینک,,
8e622ab3-5c9f-5844-a52a-13d38f3d184f,7222242426,node,healthcare,pharmacy,Servaid Pharmacy,,,,,OSM,,,31.4890915,74.3261629,Lahore,Punjab,Pakistan,,,,,
deebc092-e4a5-5bdb-99a9-8c4c44f3bca9,7252307858,node,healthcare,pharmacy,Shifa Pharmacy,,,,,OSM,,,31.4888577,74.3287651,Lahore,Punjab,Pakistan,,,,,
73207473-d43b-5c95-906d-3d7b62e58c0d,7252307860,node,amenity,bank,میزان بینک,میزان بینک,,,,OSM,,,31.4889088,74.3268809,Lahore,Punjab,Pakistan,,,میزان بینک,,
fb0e5e97-a16a-5fbe-83ee-9164f0b404f3,7270474700,node,amenity,bank,بینک اسلامی,بینک اسلامی,,,,OSM,,,31.4889149,74.3266071,Lahore,Punjab,Pakistan,,,بینک اسلامی,بینک اسلامی,
2764e64f-2224-5f8b-a319-cd0ab0b40e65,7297733036,node,amenity,bank,عسکری بینک,عسکری بینک,,,,OSM,,,31.4887604,74.327561,Lahore,Punjab,Pakistan,,,عسکری بینک,,
7f094871-6b33-593c-86dd-23f81d5f130d,7307115688,node,healthcare,pharmacy,,,,,,OSM,,,31.4887231,74.3262445,Lahore,Punjab,Pakistan,,,,,
9f4e8bda-ef99-5c9d-b873-2a5de7fa5e20,7307115700,node,amenity,bank,سمٹ بینک,سمٹ بینک,,,,OSM,,,31.489064,74.3268972,Lahore,Punjab,Pakistan,,,سمٹ بینک,سمٹ بینک,
715c9cb0-7aff-5391-8975-292d85605736,7373503699,node,amenity,bank,بينک الحبيب,بينک الحبيب,,,,OSM,,,31.4886083,74.3268764,Lahore,Punjab,Pakistan,,,بينک الحبيب,,
b5585424-c4e6-58f7-a779-fc0ad8515261,4916640117,node,amenity,bank,نیشنل بینک آف پاکستان,نیشنل بینک آف پاکستان,,,,OSM,,,31.4995425,74.3200394,Lahore,Punjab,Pakistan,,,نیشنل بینک آف پاکستان,نیشنل بینک آف پاکستان,
7dcf4bea-32cd-5a6e-82bc-2a43b24fa598,12466648981,node,leisure,park,Kashif Ali Ghouri Park,,,,,OSM,,,31.4984568,74.3190949,Lahore,Punjab,Pakistan,,,,,
91499e13-09a6-524a-8f0d-4ee8643a49eb,4916900831,node,amenity,bank,UBL Ameen,,,,,OSM,,,31.4927336,74.3367655,Lahore,Punjab,Pakistan,,,,,
a3883190-3b46-51c7-bb3d-13c663b968cc,4916900832,node,amenity,bank,FINCA Microfinance Bank Limited,,,,,OSM,,,31.4925544,74.3368262,Lahore,Punjab,Pakistan,,,,,
c50b92eb-50a0-5b2c-9b6c-015c5bafcd02,4916900834,node,amenity,bank,الائیڈ بینک لمیٹڈ,الائیڈ بینک لمیٹڈ,,,,OSM,,,31.4914476,74.337253,Lahore,Punjab,Pakistan,,,الائیڈ بینک لمیٹڈ,,
4b04d906-9787-5780-b13c-ebac849066fc,4920146641,node,amenity,bank,میزان بینک,میزان بینک,,,,OSM,,,31.4891203,74.3382506,Lahore,Punjab,Pakistan,,,میزان بینک,,
092bc293-bddd-52b2-b6a2-7748f0ea34a3,4920146645,node,amenity,bank,ایچ بی ایل پاکستان,ایچ بی ایل پاکستان,,,,OSM,,,31.4870012,74.3391157,Lahore,Punjab,Pakistan,,,ایچ بی ایل پاکستان,,
b5592846-4cbc-5cdd-b974-2c2176ef5cd6,9395404996,node,place,neighbourhood,بھابڑہ,,,,,OSM,,,31.4892068,74.3413072,Lahore,Punjab,Pakistan,,,,,
99663cfd-3c10-5d0b-9842-81207cd26f92,4916900821,node,amenity,bank,National Savings Centre,,,,,OSM,,,31.4993437,74.3340522,Lahore,Punjab,Pakistan,,,,,
40381e14-420d-5ef3-b6d0-417a3f061011,304964818,node,place,neighbourhood,گلبرگ,گلبرگ,,,,OSM,,,31.4944249,74.3407651,Lahore,Punjab,Pakistan,,,,,
73642e26-4c09-5e33-8c6d-a5b6e1bf9cff,303062728,node,amenity,marketplace,Barkat Market,,,,,OSM,,,31.4999719,74.3210894,Lahore,Punjab,Pakistan,,,,,
58abb519-e209-5ab7-9c9a-b36e92e9176a,9395407174,node,place,neighbourhood,گوپال نگر,گوپال نگر,,,,OSM,,,31.4876667,74.3455811,Lahore,Punjab,Pakistan,,,,,
40341cc7-6a95-5771-92c6-1c325ee6eff8,7307120050,node,amenity,bank,ایم سی بی بینک,ایم سی بی بینک,,,,OSM,,,31.4940443,74.3494163,Lahore,Punjab,Pakistan,,,ایم سی بی بینک,,
85f3d4c2-fabe-5048-bab5-95f66c9f240e,7307154066,node,amenity,bank,میزان بینک,میزان بینک,,,,OSM,,,31.4941701,74.349281,Lahore,Punjab,Pakistan,,,میزان بینک,,
d5c173f4-7469-5982-9723-8784a8c27cec,627246938,way,place,neighbourhood,Model Town,,,,,OSM,,,31.4840779,74.3244993,Lahore,Punjab,Pakistan,,,,,
ac4b2e28-0b08-5781-b97e-561c8082104f,291704117,way,leisure,park,,,,,,OSM,,,31.4551818,74.3044651,Lahore,Punjab,Pakistan,,,,,
315dbe25-116d-5f70-a671-9adf662a2b85,316614986,way,leisure,park,,,,,,OSM,,,31.4592711,74.3047246,Lahore,Punjab,Pakistan,,,,,
75cc3f36-c81e-5622-920d-04c93195a4f3,405954424,way,leisure,park,Center Park,,,,,OSM,,,31.4538102,74.3018129,Lahore,Punjab,Pakistan,,,,,
ae2c44b4-20aa-5595-927d-60bca4d9dcb5,291704118,way,leisure,park,,,,,,OSM,,,31.4562861,74.3031112,Lahore,Punjab,Pakistan,,,,,
379b7135-bc7d-5171-bfc0-450bd7ec4fc2,348844558,way,leisure,park,,,,,,OSM,,,31.4578913,74.3039055,Lahore,Punjab,Pakistan,,,,,
f03666e2-fb65-5c88-abb1-0f12f837fff1,321229542,way,leisure,park,,,,,,OSM,,,31.4523915,74.3157583,Lahore,Punjab,Pakistan,,,,,
ac0bc8da-d2aa-5724-94d9-f1bec2a62bf0,360016542,way,leisure,park,,,,,,OSM,,,31.4566099,74.3176558,Lahore,Punjab,Pakistan,,,,,
fe172219-561e-5c98-9398-ce14e9cb398c,841322341,way,leisure,park,Sector A1 Children Park/Football Ground,,,,,OSM,,,31.4589776,74.3174414,Lahore,Punjab,Pakistan,,,,,
d740bfaa-f7c1-58a1-8858-9aaf9f9562e0,316614990,way,leisure,park,,,,,,OSM,,,31.4583647,74.3071072,Lahore,Punjab,Pakistan,,,,,
48e22080-571c-5fed-a8dc-49f3e29230ad,316615019,way,leisure,park,,,,,,OSM,,,31.459699,74.3132595,Lahore,Punjab,Pakistan,,,,,
104a62c2-3b97-5dc4-a96b-17b0b00467a8,316615020,way,leisure,park,,,,,,OSM,,,31.4584971,74.3126423,Lahore,Punjab,Pakistan,,,,,
22fd3b86-d5ed-5a08-8f45-54eb026b8fc4,316614983,way,leisure,park,,,,,,OSM,,,31.4634564,74.3030633,Lahore,Punjab,Pakistan,,,,,
94e9fad4-2168-5add-9a8d-ff7884df8a77,316614984,way,leisure,park,,,,,,OSM,,,31.4614973,74.3017682,Lahore,Punjab,Pakistan,,,,,
1388e74d-7f9a-516b-be97-b224db3a0e9e,316615025,way,leisure,park,,,,,,OSM,,,31.4657275,74.3040508,Lahore,Punjab,Pakistan,,,,,
7327c547-8ce7-5ebc-a856-d254fc7a2c07,316615031,way,leisure,park,,,,,,OSM,,,31.4655976,74.3018311,Lahore,Punjab,Pakistan,,,,,
06cdebfe-1b31-56c8-a515-dd512503f508,623002126,way,leisure,park,,,,,,OSM,,,31.4742594,74.3052971,Lahore,Punjab,Pakistan,,,,,
89aead7d-e6ea-57ae-868c-1f6333992885,291663383,way,leisure,park,Shouk Chowk Park,,,,,OSM,,,31.4705386,74.3025359,Lahore,Punjab,Pakistan,,,,,
03b03806-f952-57f5-a44f-40709eaf6573,316615026,way,leisure,park,,,,,,OSM,,,31.4689754,74.3020025,Lahore,Punjab,Pakistan,,,,,
f3d42c7f-cc20-5591-a96a-2f3cb01a2ce7,316614982,way,leisure,park,,,,,,OSM,,,31.4628434,74.3061864,Lahore,Punjab,Pakistan,,,,,
a67004bc-8b57-54f5-8217-b3a86bd8dd0d,316614985,way,leisure,park,,,,,,OSM,,,31.4608984,74.3057395,Lahore,Punjab,Pakistan,,,,,
ffdf6abd-2f93-5ea0-8edc-fd93814f2a07,316614991,way,leisure,park,,,,,,OSM,,,31.4649131,74.3077052,Lahore,Punjab,Pakistan,,,,,
1999a8a8-a421-5162-badb-0db9c75c3bbe,316615021,way,leisure,park,,,,,,OSM,,,31.4641617,74.3097083,Lahore,Punjab,Pakistan,,,,,
54ce4d83-d0ba-5a2c-8226-5421ce855945,333816136,way,leisure,park,,,,,,OSM,,,31.4630881,74.3088561,Lahore,Punjab,Pakistan,,,,,
6c348347-0fc3-578e-92e9-e52baa3792d7,316614992,way,leisure,park,,,,,,OSM,,,31.4612848,74.313241,Lahore,Punjab,Pakistan,,,,,
abf108d2-6e19-5080-b3bf-dc1687bfcf45,316615022,way,leisure,park,,,,,,OSM,,,31.4625589,74.3141689,Lahore,Punjab,Pakistan,,,,,
a00260e0-62e2-5bf4-932b-0b38be2b1e1e,316615023,way,leisure,park,,,,,,OSM,,,31.461984,74.3155823,Lahore,Punjab,Pakistan,,,,,
1ed52214-00f7-5717-8885-4f008f5b9c12,360016535,way,landuse,cemetery,,,,,,OSM,,,31.4639024,74.3124827,Lahore,Punjab,Pakistan,,,,,
6a1d8cfc-7920-5646-809f-9ba1db371e4d,333726933,way,leisure,park,,,,,,OSM,,,31.4738651,74.3065449,Lahore,Punjab,Pakistan,,,,,
e62bd6e4-6594-5f86-b6dc-40dbc7955c3a,333763862,way,leisure,park,,,,,,OSM,,,31.4732252,74.3080915,Lahore,Punjab,Pakistan,,,,,
d7b9e42d-04c6-527a-8fb8-68cad1c54f5f,618178554,way,place,neighbourhood,F Block,,,,,OSM,,,31.4774685,74.3198268,Lahore,Punjab,Pakistan,,,,,
1d537f55-d390-521a-8859-e51034cf567f,618178562,way,place,neighbourhood,N Block,,,,,OSM,,,31.4754443,74.3139539,Lahore,Punjab,Pakistan,,,,,
b5cc6ce2-b547-5b5b-b0c6-0184340924c7,291704123,way,leisure,park,,,,,,OSM,,,31.470652,74.3061513,Lahore,Punjab,Pakistan,,,,,
6f2018d8-684e-561c-9acf-7f82eb2d019a,333730337,way,amenity,marketplace,,,,,,OSM,,,31.471642,74.3067434,Lahore,Punjab,Pakistan,,,,,
9bd38d1d-bb1b-561d-8235-1337e92ccd36,333814728,way,amenity,bank,,,,,,OSM,,,31.47011,74.3086397,Lahore,Punjab,Pakistan,,,,,
eb0fd535-244e-5d9d-bcc0-a8786255b44c,333883428,way,leisure,park,,,,,,OSM,,,31.469658,74.3098954,Lahore,Punjab,Pakistan,,,,,
89fca2f5-3a81-57e9-908b-2f0cc5837ff0,333883429,way,leisure,park,,,,,,OSM,,,31.4694773,74.3096125,Lahore,Punjab,Pakistan,,,,,
08ab62a9-c812-5950-82a1-a9e8d81f81b8,333867630,way,leisure,park,,,,,,OSM,,,31.4726701,74.3139136,Lahore,Punjab,Pakistan,,,,,
24720c99-437d-5f84-a398-1a7240934e47,333867705,way,leisure,park,,,,,,OSM,,,31.471781,74.312106,Lahore,Punjab,Pakistan,,,,,
f17f009b-d27e-57f5-95db-fbbce4140882,333872134,way,leisure,park,,,,,,OSM,,,31.47083,74.3150281,Lahore,Punjab,Pakistan,,,,,
d0e46b4f-f1f0-5c2b-99d0-7ddfc771cea1,333874821,way,leisure,park,,,,,,OSM,,,31.4702567,74.3128484,Lahore,Punjab,Pakistan,,,,,
a5b7f437-b346-5f13-9907-94d8b27996af,841323269,way,leisure,park,"Jinnah Park, Sector A1, Township",,,,,OSM,,,31.4572166,74.3198724,Lahore,Punjab,Pakistan,,,,,
989f2b74-d82e-5000-bd76-a5f8df8fe380,841263293,way,leisure,park,Joggin Track Sector A1 Township,جوگین ٹریک سیکٹر A1 ٹاؤن شپ,,,,OSM,,,31.4619853,74.3193667,Lahore,Punjab,Pakistan,,,,,
3ad4920e-af64-5168-a810-75d5f7b38488,317474464,way,leisure,park,Doongi Ground,,,,,OSM,,,31.4733131,74.3309282,Lahore,Punjab,Pakistan,,,,,
44bb9f41-3fcc-5048-8c0b-464730343703,360002394,way,landuse,cemetery,,,,,,OSM,,,31.4712315,74.3237522,Lahore,Punjab,Pakistan,,,,,
37282022-7564-58e4-ae8e-488006159a69,363598908,way,leisure,park,,,,,,OSM,,,31.4716659,74.3316393,Lahore,Punjab,Pakistan,,,,,
023ac781-a0d9-5584-b3a5-0239c50b0f7d,618178555,way,place,neighbourhood,G Block,,,,,OSM,,,31.4756589,74.324184,Lahore,Punjab,Pakistan,,,,,
6a588850-a485-58a9-a8d7-bfe14b53006a,360002491,way,leisure,park,,,,,,OSM,,,31.4720704,74.3265503,Lahore,Punjab,Pakistan,,,,,
f520b6e0-492b-5929-8798-30461445e651,317474518,way,leisure,park,R Block Park,,,,,OSM,,,31.4734523,74.3336436,Lahore,Punjab,Pakistan,,,,,
a98b3825-d2fd-528e-8baf-ac7fe3fe517f,647515288,way,landuse,cemetery,Bahar Colony Christian Graveyard,,,,,OSM,,,31.4699291,74.3395364,Lahore,Punjab,Pakistan,,,,,
592a2feb-7cfe-5c3d-8bb4-25d73585cc16,647515289,way,landuse,cemetery,Bahar Colony Muslim Graveyard,,,,,OSM,,,31.4706617,74.3394801,Lahore,Punjab,Pakistan,,,,,
9a8c1ed4-1a9c-503e-86e2-b804e7b0e2ae,705411352,way,leisure,park,,,,,,OSM,,,31.4687862,74.3384804,Lahore,Punjab,Pakistan,,,,,
a48acc64-b120-55e4-bf0b-ef7740c0579c,151735321,way,healthcare,hospital,Lahore General Hospital,,,,,OSM,لاہور جنرل ہسپتال,,31.4554353,74.3501024,Lahore,Punjab,Pakistan,,,,,Q6473374
df3ba129-87b5-507c-a6ed-1a5a66735d7d,706556442,way,leisure,park,,,,,,OSM,,,31.4604589,74.3481343,Lahore,Punjab,Pakistan,,,,,
2a8f7009-3241-574a-a727-c7f9c5980dbb,706563818,way,leisure,park,Malik Park,,,,,OSM,,,31.4578802,74.3444802,Lahore,Punjab,Pakistan,,,,,
ca2e2342-721a-525d-9b9a-46ee7b732dcd,333790345,way,amenity,marketplace,Moon Market,,,,,OSM,,,31.4750712,74.3048516,Lahore,Punjab,Pakistan,,,,,
a7478e57-40a1-51d7-9c75-41f6df6bf331,623002122,way,landuse,cemetery,,,,,,OSM,,,31.4774221,74.3044139,Lahore,Punjab,Pakistan,,,,,
ebb68d83-9215-5282-a8e4-8b5fadf9196a,841040149,way,leisure,park,Football Ground,,,,,OSM,,,31.4803235,74.3031727,Lahore,Punjab,Pakistan,,,,,
376f68ec-131d-546a-aefb-4fdb4f3a5009,617292769,way,place,neighbourhood,والٹن فیلڈ,والٹن فیلڈ,,,,OSM,,,31.4910943,74.3454626,Lahore,Punjab,Pakistan,,,,,
bdf04f61-53d8-5e30-a88f-67206ca9c8a8,626978713,way,place,neighbourhood,Model Town,,,,,OSM,,,31.4951644,74.3230996,Lahore,Punjab,Pakistan,,,,,
87e72c7e-9b70-5cc3-bb1d-e90c0971923a,627250829,way,place,neighbourhood,Garden Town,,,,,OSM,,,31.5050235,74.3214186,Lahore,Punjab,Pakistan,,,,,
da70f581-5218-5cb3-a6fc-a06b84669543,360102329,way,leisure,park,Motia Park,,,,,OSM,,,31.4830501,74.3013146,Lahore,Punjab,Pakistan,,,,,
32e39538-e5ea-58f4-a36e-dcb9a4a80403,360102332,way,leisure,park,,,,,,OSM,,,31.4854597,74.3042159,Lahore,Punjab,Pakistan,,,,,
1b0caf6b-7a1e-590e-8296-60f8038a54d8,561233054,way,leisure,park,Love Garden,,,"It is a place where devastated fastian can play thulla,rang rang,bluff,poker,etc. as boys don`t have any common room. This is also a meetup point for lovebirds mostly BBA.",,OSM,,,31.4818234,74.3030038,Lahore,Punjab,Pakistan,,,,,
63f040b8-dd51-5dec-8882-f67f93576658,333727838,way,leisure,park,,,,,,OSM,,,31.4755321,74.305859,Lahore,Punjab,Pakistan,,,,,
dd530b25-2544-5c6a-8c95-57c196e79c75,333731066,way,amenity,marketplace,,,,,,OSM,,,31.475302,74.3059958,Lahore,Punjab,Pakistan,,,,,
d098d5a9-0df9-510b-a673-5dfbe222121c,333869497,way,leisure,park,,,,,,OSM,,,31.4781836,74.3091263,Lahore,Punjab,Pakistan,,,,,
08445347-1f5a-58a4-bb48-da800b384533,333869498,way,leisure,park,,,,,,OSM,,,31.4775043,74.3097151,Lahore,Punjab,Pakistan,,,,,
704ade1a-6725-56b8-9d49-25ab2116493d,333869499,way,leisure,park,,,,,,OSM,,,31.4766355,74.3097322,Lahore,Punjab,Pakistan,,,,,
28c42410-6e12-594c-9051-2721165974da,333869500,way,leisure,park,,,,,,OSM,,,31.4759642,74.310362,Lahore,Punjab,Pakistan,,,,,
d9f04311-9634-5f6b-8f96-0cd75556428e,333883784,way,leisure,park,,,,,,OSM,,,31.4764605,74.3059212,Lahore,Punjab,Pakistan,,,,,
36a0278e-109e-5d17-b920-f7e5210b5e5c,360113302,way,leisure,park,,,,,,OSM,,,31.4792909,74.3088022,Lahore,Punjab,Pakistan,,,,,
209901c3-fbd7-58d5-b5ba-bb2ea3810024,316694778,way,leisure,park,,,,,,OSM,,,31.4749237,74.3127909,Lahore,Punjab,Pakistan,,,,,
60e507c2-e130-51c6-bf54-ce90e7127b4a,360113316,way,leisure,park,,,,,,OSM,,,31.4775439,74.3122247,Lahore,Punjab,Pakistan,,,,,
7b041a28-8e9f-5002-abb9-dc64dec271c2,291840755,way,leisure,park,West Garden,,,,,OSM,,,31.48184,74.3170482,Lahore,Punjab,Pakistan,,,,,
4f0a56b5-cbc3-5c90-b5ae-46a22d818b80,316694777,way,leisure,park,,,,,,OSM,,,31.4750965,74.3105099,Lahore,Punjab,Pakistan,,,,,
3f3de904-fba4-5354-b5e1-958e45fef91a,316694779,way,leisure,park,L Block Model Town Children Park,,,,,OSM,,,31.4869093,74.3076642,Lahore,Punjab,Pakistan,,,,,
8c98b0db-341a-5fc0-aadb-9b5ab68109b2,333872548,way,leisure,park,,,,,,OSM,,,31.4815603,74.3110008,Lahore,Punjab,Pakistan,,,,,
77afc6d9-14fd-5e7c-800c-37810f5ea8ca,333872668,way,amenity,marketplace,International Market,,,,,OSM,,,31.4817807,74.3108546,Lahore,Punjab,Pakistan,,,,,
34af6fb1-e41f-5f67-a8db-3782f3bba11c,360114879,way,leisure,park,,,,,,OSM,,,31.4832729,74.3110297,Lahore,Punjab,Pakistan,,,,,
36f1ecb8-d551-5b75-9f4c-e66264b02208,618178549,way,place,neighbourhood,D Block,,,,,OSM,,,31.4899962,74.3179609,Lahore,Punjab,Pakistan,,,,,
75dcab6c-5c95-575f-bc01-a770262aae24,618178550,way,place,neighbourhood,E Block,,,,,OSM,,,31.4861479,74.3167769,Lahore,Punjab,Pakistan,,,,,
31c15117-5f6e-5aec-bc1d-b486689171a4,618178557,way,place,neighbourhood,K Block,,,,,OSM,,,31.4856925,74.3125686,Lahore,Punjab,Pakistan,,,,,
4e328552-644c-5fcc-ab37-885640dc1c82,1046023023,way,place,neighbourhood,M Block,,,,,OSM,,,31.4832619,74.3093674,Lahore,Punjab,Pakistan,,,,,
1cdd5b93-ff1b-59e1-aa13-b05bd3a083d7,1046028367,way,place,neighbourhood,L Block,,,,,OSM,,,31.4876491,74.3077998,Lahore,Punjab,Pakistan,,,,,
a57334e4-aab2-5165-a2a9-66011d50cbbe,316694780,way,leisure,park,,,,,,OSM,,,31.4845137,74.3088484,Lahore,Punjab,Pakistan,,,,,
ec8877e1-218d-59b1-91b6-db9c80ce9707,333872201,way,leisure,park,,,,,,OSM,,,31.4844065,74.3070283,Lahore,Punjab,Pakistan,,,,,
e7be0702-1cf5-5823-a65c-c453a1c25d3e,333872202,way,leisure,park,,,,,,OSM,,,31.4852084,74.3096114,Lahore,Punjab,Pakistan,,,,,
618a24fe-415e-52b7-b0c4-85df1f9ed064,360113309,way,leisure,park,,,,,,OSM,,,31.4808969,74.3099885,Lahore,Punjab,Pakistan,,,,,
0ce91465-faee-5cab-9b78-19690a8befd8,390901653,way,leisure,park,,,,,,OSM,,,31.4859644,74.3159988,Lahore,Punjab,Pakistan,,,,,
94a67075-cf1c-584a-adfa-694edf3ace33,333874220,way,leisure,park,,,,,,OSM,,,31.4886686,74.3080835,Lahore,Punjab,Pakistan,,,,,
a399f857-1e83-5ca1-8f54-f18928608db6,360113296,way,leisure,park,,,,,,OSM,,,31.4904694,74.313337,Lahore,Punjab,Pakistan,,,,,
d429691a-7383-58d7-83cf-3d0c3896243a,360113297,way,leisure,park,,,,,,OSM,,,31.4894036,74.312712,Lahore,Punjab,Pakistan,,,,,
41da6c61-0e21-5da5-aea1-36e885010b98,363567255,way,leisure,park,طارق بلاک,,,,,OSM,,,31.4927057,74.3135206,Lahore,Punjab,Pakistan,,,,,
f5750b4b-fdcf-5ac6-ae5d-19632aeca070,618178546,way,place,neighbourhood,اورنگزیب بلاک,اورنگزیب بلاک,,,,OSM,,,31.4962945,74.3155061,Lahore,Punjab,Pakistan,,,,,
c2704afe-33df-5305-a9a7-635ff5bf521b,618178547,way,place,neighbourhood,اتاتُرک بلاک,اتاتُرک بلاک,,,,OSM,,,31.4944678,74.31768,Lahore,Punjab,Pakistan,,,,,
1c95b0c2-f253-5ea7-be4d-1ba8fd490926,618178548,way,place,neighbourhood,طارق بلاک,,,,,OSM,,,31.4927817,74.3126764,Lahore,Punjab,Pakistan,,,,,
1367e717-6008-5333-9960-4bec50018a5c,1009823627,way,place,neighbourhood,ایبک بلاک,ایبک بلاک,,,,OSM,,,31.4989725,74.3185,Lahore,Punjab,Pakistan,,,,,
e8d255eb-f30d-5ebd-826d-d7cfab4943a9,360108924,way,leisure,park,Aurangzeb Block Park,,,,,OSM,,,31.4953427,74.3152508,Lahore,Punjab,Pakistan,,,,,
d6ce2414-427b-5221-88d0-feadd8d90aad,360108925,way,leisure,park,,,,,,OSM,,,31.496652,74.3164297,Lahore,Punjab,Pakistan,,,,,
e2f2a79e-7429-50f7-a652-5062f21db874,283424596,way,leisure,park,,,,,,OSM,,,31.476812,74.3294638,Lahore,Punjab,Pakistan,,,,,
88e02337-41b6-5703-9015-8c96b01067c2,173961470,way,leisure,park,Model Town Park,,,,,OSM,,,31.484636,74.3262318,Lahore,Punjab,Pakistan,,,,,
731a8edf-3322-5ad5-9db9-cdc7a8403734,618178556,way,place,neighbourhood,H Block,,,,,OSM,,,31.4786756,74.3354618,Lahore,Punjab,Pakistan,,,,,
42911740-2e3d-506f-b479-d79ff48eec8a,351390772,way,leisure,park,,,,,,OSM,,,31.4853923,74.3304068,Lahore,Punjab,Pakistan,,,,,
a9fd71a3-ab96-5993-8b31-16fbec76472f,784735027,way,amenity,bank,ایچ بی ایل پاکستان,ایچ بی ایل پاکستان,,,,OSM,,,31.48086,74.3290635,Lahore,Punjab,Pakistan,,,ایچ بی ایل پاکستان,,
c91b0792-d986-51ba-873e-70e3d1a63e26,317474741,way,leisure,park,,,,,,OSM,,,31.4748165,74.3353393,Lahore,Punjab,Pakistan,,,,,
bb149356-52d8-57c4-af41-2561053721eb,316615261,way,leisure,park,Ittefaq Cricket Ground,,,,,OSM,,,31.4753982,74.3405867,Lahore,Punjab,Pakistan,,,,,
4c295f71-1cb2-5433-b1c1-716ebbc7c014,363598893,way,leisure,park,,,,,,OSM,,,31.4763385,74.3421028,Lahore,Punjab,Pakistan,,,,,
323546a4-4161-5f30-9696-3b333c45687c,363603205,way,leisure,park,,,,,,OSM,,,31.4787728,74.3392872,Lahore,Punjab,Pakistan,,,,,
aeea4c25-19b1-5c06-9777-fd342240b1c2,363603206,way,leisure,park,,,,,,OSM,,,31.4782924,74.3412023,Lahore,Punjab,Pakistan,,,,,
c4211555-b31c-56b3-b254-a33f521a6478,173961331,way,leisure,park,,,,,,OSM,,,31.4879482,74.3376105,Lahore,Punjab,Pakistan,,,,,
087bcdd4-3353-5e22-bce2-ab4de682905a,291840754,way,leisure,park,East Garden,,,,,OSM,,,31.487498,74.335353,Lahore,Punjab,Pakistan,,,,,
88e8e7f5-404e-5382-a005-a880388da204,317476381,way,leisure,park,Ittefaq Hospital Park,,,,,OSM,,,31.476359,74.3381445,Lahore,Punjab,Pakistan,,,,,
882a60aa-4c33-56a2-87c7-b94b7a16213e,383245067,way,healthcare,hospital,Gulab Devi Memorial Hospital,,,,,OSM,,,31.4821456,74.3439002,Lahore,Punjab,Pakistan,,,,,
fafe42bd-58fe-53d3-b877-a3aac6283e7d,618178553,way,place,neighbourhood,A Block,,,,,OSM,,,31.483067,74.3357446,Lahore,Punjab,Pakistan,,,,,
af6caf2e-f092-5d11-b775-09184df81775,618188513,way,place,neighbourhood,Gopal Nagar,,,,,OSM,,,31.4866537,74.3439839,Lahore,Punjab,Pakistan,,,,,
2982cb57-0ada-590e-8cc7-f15b00b8f7b5,618188514,way,place,neighbourhood,Bhabra,,,,,OSM,,,31.4889921,74.3416645,Lahore,Punjab,Pakistan,,,,,
2e3900cb-61e3-56da-9837-419a358f7c69,360108935,way,leisure,park,North Garden,,,,,OSM,,,31.4893688,74.3241948,Lahore,Punjab,Pakistan,,,,,
75fcd5fc-4505-5f84-9c0d-6548f62df4d6,363567248,way,leisure,park,,,,,,OSM,,,31.4996621,74.3213056,Lahore,Punjab,Pakistan,,,,,
74a54ee9-4b12-50ee-ac93-7a386a470a50,618178551,way,place,neighbourhood,C Block3,,,,,OSM,,,31.492833,74.3280178,Lahore,Punjab,Pakistan,,,,,
598b2a46-cf0f-5bb8-9dd2-ba6235648618,618178552,way,place,neighbourhood,B Block,,,,,OSM,,,31.4918153,74.3324349,Lahore,Punjab,Pakistan,,,,,
d32d300d-b6c8-5373-9450-108239384d09,1009823628,way,place,neighbourhood,بابر بلاک,بابر بلاک,,,,OSM,,,31.4988793,74.3248662,Lahore,Punjab,Pakistan,,,,,
37f170d4-8f74-5ca5-856e-2fc1ac2d8812,1009823629,way,place,neighbourhood,ٹیپوُ بلاک,,,,,OSM,,,31.5015238,74.3298011,Lahore,Punjab,Pakistan,,,,,
09404d07-ddd4-5d3b-97d4-924dd901b0d8,1009823630,way,place,neighbourhood,شیر شاہ بلاک,شیر شاہ بلاک,,,,OSM,,,31.496,74.3215301,Lahore,Punjab,Pakistan,,,,,
7ec3a4a1-4c80-5f18-921f-3b923650796d,283328557,way,leisure,park,,,,,,OSM,,,31.4974063,74.3209342,Lahore,Punjab,Pakistan,,,,,
ece5e7db-d250-556c-bd4e-54156717d3d5,283330959,way,leisure,park,,,,,,OSM,,,31.4950308,74.3206663,Lahore,Punjab,Pakistan,,,,,
427d0821-587c-5233-921c-4c3aabbc604d,360108926,way,leisure,park,,,,,,OSM,,,31.4959228,74.3181141,Lahore,Punjab,Pakistan,,,,,
8a4f81ce-2d53-53cc-a14f-2e513e689e95,363598868,way,landuse,cemetery,,,,,,OSM,,,31.4909582,74.3398703,Lahore,Punjab,Pakistan,,,,,
f9a0756d-d082-55fb-983f-485d8bd1e28b,363598875,way,leisure,park,,,,,,OSM,,,31.4879255,74.3419169,Lahore,Punjab,Pakistan,,,,,
dabaac88-3789-5148-a5a5-89b65d36fe13,363598877,way,leisure,park,,,,,,OSM,,,31.4871547,74.3427752,Lahore,Punjab,Pakistan,,,,,
ba55a237-c752-56d1-ba42-9acfebf09974,781643993,way,leisure,park,Ladies Park,,,,,OSM,,,31.4931845,74.3496395,Lahore,Punjab,Pakistan,,,,,
fa4b5cf8-4b57-58d9-83e2-c9d3b57a4613,785053321,way,leisure,park,,,,,,OSM,,,31.4947065,74.3503248,Lahore,Punjab,Pakistan,,,,,
2b86eada-6af7-5d96-971f-171f61c1a047,781643992,way,amenity,marketplace,Emporium Market,,,,,OSM,,,31.4942394,74.3492782,Lahore,Punjab,Pakistan,,,,,
9e33a7ca-9de9-51f5-a812-a92e20f9261f,782521820,way,leisure,park,,,,,,OSM,,,31.4989115,74.3448977,Lahore,Punjab,Pakistan,,,,,
143e0552-d7d8-5aa9-b823-30542eb8a291,6159780,relation,leisure,park,,,,,,OSM,,,31.4735456,74.319272,Lahore,Punjab,Pakistan,,,,,
cae06fa8-f047-5fec-a2e3-55b34976183f,3582187609,node,place,neighbourhood,Professor Colony,,,,,OSM,,,31.5059446,74.300284,Lahore,Punjab,Pakistan,,,,,
ff20e508-d968-5026-8fd6-8db22c464d5d,5254181752,node,healthcare,hospital,Salma Sarfraz Hospital,,,,,OSM,,,31.5117148,74.3058327,Lahore,Punjab,Pakistan,,,,,
947f232f-a02a-51d1-8a73-94241c75b128,2874275583,node,amenity,marketplace,Ayubia Market,,,,,OSM,,,31.5117599,74.3136625,Lahore,Punjab,Pakistan,,,,,
4b3823ae-e6fc-54cd-8617-42361d8f2b70,3277782856,node,leisure,park,Gol Bagh,,,,,OSM,,,31.5163305,74.3089758,Lahore,Punjab,Pakistan,,,,,
aba8a017-9f9b-53fd-85e4-bf9cc65d925f,4239103099,node,amenity,police,تھانہ,تھانہ,,,,OSM,,,31.5149761,74.3108231,Lahore,Punjab,Pakistan,,,,,
e28fecbd-6ade-5540-a1ae-39a5fa5282ef,5265275301,node,amenity,marketplace,Bukhari Market,,,,,OSM,,,31.5193677,74.3151184,Lahore,Punjab,Pakistan,,,,,
8bf47c29-33fd-5faa-b278-2ef87bb3030e,4916640105,node,amenity,bank,ایچ بی ایل پاکستان,ایچ بی ایل پاکستان,,,,OSM,,,31.502189,74.3232247,Lahore,Punjab,Pakistan,,,ایچ بی ایل پاکستان,,
e138a63a-8555-58a4-8153-63f5972e0cfd,4916640106,node,amenity,bank,سمٹ بینک,سمٹ بینک,,,,OSM,,,31.5021528,74.3231114,Lahore,Punjab,Pakistan,,,سمٹ بینک,سمٹ بینک,
1fb3947a-cb34-5d3e-930d-a6b8c2cb4ce0,4916640107,node,amenity,bank,Samba Bank,,,,,OSM,,,31.5017092,74.3215896,Lahore,Punjab,Pakistan,,,,,
dcf6a17c-1a32-504c-81a7-d5d9db3e5a7d,4916640115,node,amenity,bank,Meezan Bank Ltd,,,,,OSM,,,31.5004569,74.3194802,Lahore,Punjab,Pakistan,,,,,
59453628-47e3-5c97-9b0d-1c8d86866807,4916640116,node,amenity,bank,Habib Metropolitan Bank,,,,,OSM,,,31.5005202,74.3196395,Lahore,Punjab,Pakistan,,,,,
968ac299-03e1-554e-86b5-ec75345bd28c,4916641121,node,amenity,bank,یونائیٹڈ بینک لمیٹڈ,یونائیٹڈ بینک لمیٹڈ,,,,OSM,,,31.501163,74.319728,Lahore,Punjab,Pakistan,,,یونائیٹڈ بینک لمیٹڈ,,
f3bf921c-6c59-580f-b73b-fd9c2afce1e1,4916641122,node,amenity,bank,Tameer Bank,,,,,OSM,,,31.5010181,74.3192537,Lahore,Punjab,Pakistan,,,,,
06d25561-962b-53a3-9297-9b779fc3bd84,4916641123,node,amenity,bank,Royal Bank of Scotland,,,,,OSM,,,31.5009246,74.3188325,Lahore,Punjab,Pakistan,,,,,
a41f2edf-f315-566f-b64e-517fdb1884c3,4916641124,node,amenity,bank,فیصل بینک,فیصل بینک,,,,OSM,,,31.5008099,74.3184185,Lahore,Punjab,Pakistan,,,فیصل بینک,,
8fd7236c-eef4-548f-bf12-f0091528c533,4916641125,node,amenity,bank,بينک الحبيب,بينک الحبيب,,,,OSM,,,31.5007737,74.3181813,Lahore,Punjab,Pakistan,,,بينک الحبيب,,
75c84d32-2b38-509a-bb51-03a99f26b7ff,5646375221,node,amenity,atm,,,,,,OSM,,,31.5047684,74.3215896,Lahore,Punjab,Pakistan,,,,,
19432374-f9af-5cfc-9da7-bf799a348913,4916640090,node,tourism,museum,Abdul Rehman Chughtai Museum,,,,,OSM,,,31.5057811,74.3304671,Lahore,Punjab,Pakistan,,,,,
e7bdd3c3-7b8a-5962-814e-d8fc3df4cca2,4916640093,node,amenity,bank,Allied Bank Head Office,,,,,OSM,,,31.5032403,74.3294154,Lahore,Punjab,Pakistan,,,,,
771f931d-dd51-53cc-99b8-a57707b15c6b,4916640102,node,amenity,bank,عسکری بینک,عسکری بینک,,,,OSM,,,31.5025584,74.324546,Lahore,Punjab,Pakistan,,,عسکری بینک,,
65ea4678-4f11-5608-8821-d35b3874c1d2,5255279613,node,healthcare,hospital,زینب میموریل ہسپتال,,,,,OSM,,,31.5041237,74.3295275,Lahore,Punjab,Pakistan,,,,,
4dd42f72-3ee2-52cb-830c-81bc6664d03f,3356365681,node,amenity,marketplace,Raja Market,,,,,OSM,,,31.5102685,74.3263092,Lahore,Punjab,Pakistan,,,,,
5c340d9f-a0d9-54d2-9877-87bdab977316,5255279603,node,healthcare,hospital,Hameed Latif Hospital,حمید لطیف ہسپتال آنکھوں کا ہسپتال,,,,OSM,,,31.5118667,74.3275649,Lahore,Punjab,Pakistan,,,,,
46397ffc-c44f-5340-a14c-1a1bc72033f1,4916899717,node,amenity,bank,Silk Bank,,,,,OSM,,,31.502316,74.3319408,Lahore,Punjab,Pakistan,,,,,
cb80ea20-26f5-53ea-9907-8a4f12338541,5255673577,node,healthcare,hospital,IOM Health Assessment Centre,,,,,OSM,,,31.5014054,74.3425527,Lahore,Punjab,Pakistan,,,,,
e2d42f9c-5507-548c-88b8-fd5f50455b7d,563684371,node,healthcare,hospital,متحده مسیحي روغتون.,یونائیٹڈ کرسچن ہسپتال,,,,OSM,,,31.5086817,74.340491,Lahore,Punjab,Pakistan,,,,,
421b6e58-46bf-5889-938d-aa67ca1319bb,4238855003,node,amenity,bank,یونائیٹڈ بینک لمیٹڈ,یونائیٹڈ بینک لمیٹڈ,,,,OSM,,,31.5185889,74.3188198,Lahore,Punjab,Pakistan,,,یونائیٹڈ بینک لمیٹڈ,,
b582915b-ff7c-5d5a-8016-2b2c95e4cbd6,4238855194,node,amenity,bank,The Bank of Punjab,,,,,OSM,,,31.5182698,74.3193466,Lahore,Punjab,Pakistan,,,,,
31d37891-70b2-5795-a578-106d95e6ad4d,4238927418,node,amenity,bank,یونائیٹڈ بینک لمیٹڈ,یونائیٹڈ بینک لمیٹڈ,,,,OSM,,,31.5186027,74.3188164,Lahore,Punjab,Pakistan,,,یونائیٹڈ بینک لمیٹڈ,,
ea6c5b27-2c08-504f-a5b1-ce0f07f6fa0c,4238927931,node,amenity,bank,The Bank of Punjab,,,,,OSM,,,31.5182606,74.3193704,Lahore,Punjab,Pakistan,,,,,
3b8631b7-59b6-56c6-9910-0c69f841c38b,4238855991,node,amenity,fire_station,Rescue 1122,,,,,OSM,,,31.5193651,74.3274403,Lahore,Punjab,Pakistan,,,,,
4cd11312-87c3-5312-987b-6c85ee2ea28e,5255279604,node,healthcare,hospital,Medicare Hospital,,,,,OSM,,,31.5131929,74.3276328,Lahore,Punjab,Pakistan,,,,,
3e8dfb95-7d9d-57cd-a08a-beb6167e8a01,2874228978,node,amenity,bank,ایم سی بی بینک,ایم سی بی بینک,,,,OSM,,,31.5204562,74.3213808,Lahore,Punjab,Pakistan,,,ایم سی بی بینک,,
6f996ea0-f5cd-5922-8116-6f2f9d4a47a6,4238855890,node,amenity,bank,Bank Al-Habib Ltd,,,,,OSM,,,31.5225543,74.324059,Lahore,Punjab,Pakistan,,,,,
5ea22402-a157-5e48-b3fa-7d5aa1152dbb,4238855891,node,amenity,bank,Askari Bank Ltd,,,,,OSM,,,31.5204639,74.3225252,Lahore,Punjab,Pakistan,,,,,
eea57dcd-3eea-55a0-93fa-cc43daf6fc12,4238890789,node,amenity,bank,Bank Al-Habib Ltd,,,,,OSM,,,31.5226212,74.3240553,Lahore,Punjab,Pakistan,,,,,
f1a52f10-8a92-52ac-8ee8-25bb62843bce,4240183492,node,amenity,bank,نیشنل بینک آف پاکستان,نیشنل بینک آف پاکستان,,,,OSM,,,31.5198579,74.3202375,Lahore,Punjab,Pakistan,,,نیشنل بینک آف پاکستان,نیشنل بینک آف پاکستان,
1ef7bb8b-f190-581a-8436-8ab66be762f6,4240209990,node,amenity,bank,سمٹ بینک,سمٹ بینک,,,,OSM,,,31.5197872,74.3201203,Lahore,Punjab,Pakistan,,,سمٹ بینک,سمٹ بینک,
f3f77787-2104-5567-b7e3-4628e7c68e3d,2874226633,node,amenity,bank,الائیڈ بینک لمیٹڈ,الائیڈ بینک لمیٹڈ,,,,OSM,,,31.5203561,74.3245138,Lahore,Punjab,Pakistan,,,الائیڈ بینک لمیٹڈ,,
a2f098b9-b574-5ff6-a1cf-1e624654e281,4242313089,node,amenity,bank,نیشنل بینک آف پاکستان,نیشنل بینک آف پاکستان,,,,OSM,,,31.5196395,74.3274113,Lahore,Punjab,Pakistan,,,نیشنل بینک آف پاکستان,نیشنل بینک آف پاکستان,
761d352e-b296-583a-b396-5c7fe29741bf,3509028489,node,amenity,bank,Bank Al-Falah,,,,,OSM,,,31.5150524,74.3422317,Lahore,Punjab,Pakistan,,,,,
63d5fe0d-90e6-5711-bcb8-af7b0dc73403,5255673574,node,healthcare,hospital,Amanat Eye Hospital,,,,,OSM,,,31.5183213,74.3404069,Lahore,Punjab,Pakistan,,,,,
c9dc86e7-b577-57e2-a507-74fe02a2bbcc,5271802174,node,amenity,marketplace,Bakar Mandi Lahore,,,,,OSM,,,31.5156704,74.3415837,Lahore,Punjab,Pakistan,,,,,
e0ca4ac7-f961-55ec-ba45-2879f81048d2,5132537226,node,leisure,park,,,,,,OSM,,,31.5216592,74.3328052,Lahore,Punjab,Pakistan,,,,,
f56bb86f-9038-5906-87a0-c704dacb18fe,5132537233,node,leisure,park,Hockey Ground,,,,,OSM,,,31.5219742,74.335138,Lahore,Punjab,Pakistan,,,,,
e750487f-07a9-5cfa-bca7-5bea668a0fa2,4584243591,node,amenity,atm,,,,,,OSM,,,31.5306933,74.3125914,Lahore,Punjab,Pakistan,,,,Meezan Bank,
55199802-171d-56bd-8fba-c974856b7b91,4584243691,node,amenity,atm,,,,,,OSM,,,31.5306237,74.3126103,Lahore,Punjab,Pakistan,,,,UBL,
7b2a29c3-7ae1-59b3-97d4-4481d54867a3,4623208189,node,amenity,bank,یونائیٹڈ بینک لمیٹڈ,یونائیٹڈ بینک لمیٹڈ,,,,OSM,,,31.5305912,74.3126485,Lahore,Punjab,Pakistan,,,یونائیٹڈ بینک لمیٹڈ,,
29a32f6e-8369-5f13-a180-a50ee80ddc4e,6044883947,node,amenity,bank,میزان بینک,,,,,OSM,,,31.5306762,74.3125481,Lahore,Punjab,Pakistan,,,,,
870945a3-63ae-5f1a-92cc-395484b350ef,10816641505,node,healthcare,hospital,Asghar Hospital,اصغر ہسپتال,,,,OSM,,,31.5382616,74.3058757,Lahore,Punjab,Pakistan,,,,,
4e13dff4-b7c0-5da6-ad8c-21b525a78b62,4397173589,node,amenity,bank,Habib Bank Ltd,,,,,OSM,,,31.5418583,74.3015635,Lahore,Punjab,Pakistan,,,,,
8fa978f0-8f25-599c-a97e-67633c68658f,5255745910,node,healthcare,hospital,Samanabad Hospital,,,,,OSM,,,31.5410158,74.3024188,Lahore,Punjab,Pakistan,,,,,
42c861ab-dcfc-508a-9570-6d5b8ab81804,7113819402,node,place,neighbourhood,Arya Nagar,,,,,OSM,,,31.5448177,74.3009525,Lahore,Punjab,Pakistan,,,,,
a9a29322-edec-54ca-97d9-5f0d37bd0c01,4414011690,node,amenity,bank,Muslim Commercial Bank,,,,,OSM,,,31.5394989,74.3058577,Lahore,Punjab,Pakistan,,,,,
c263498f-8dd5-53f4-bf12-dcfba925fce8,2873271488,node,amenity,bank,Mezan Bank,,,,,OSM,,,31.5492795,74.3150817,Lahore,Punjab,Pakistan,,,,,
05478733-5570-5be4-a15e-81217e33dd96,2873280224,node,amenity,bank,Faisal Bank,,,,,OSM,,,31.5473523,74.3167194,Lahore,Punjab,Pakistan,,,,,
cfb0c5b7-eee5-5ab4-bd04-8cce1d613985,2873280230,node,amenity,bank,Habib Bank,,,,,OSM,,,31.5469569,74.3163962,Lahore,Punjab,Pakistan,,,,,
d98bb227-d148-5195-91b9-db028a9f3308,4949782984,node,place,neighbourhood,Mozang Chungi,,Mozang,,,OSM,,,31.5488201,74.3149705,Lahore,Punjab,Pakistan,,,,,
55e1e1dd-801e-5d02-9809-6fae529b2654,5255461649,node,healthcare,hospital,Chinese Heart & General Hospital (CHGH),,,,,OSM,,,31.5484926,74.3159814,Lahore,Punjab,Pakistan,,,,,
8727fb24-fdda-5c23-97ab-e0495af746f6,4660717556,node,education,university,پنجاب یونیورسٹی شعبہ قانون,,,,,OSM,,,31.5278254,74.3179555,Lahore,Punjab,Pakistan,,,,,
d170d236-4caf-54f3-9aaa-e188004fa307,4773217026,node,amenity,police,Ichra Police Station,,,,,OSM,,,31.5303505,74.322854,Lahore,Punjab,Pakistan,,,,,
03b41ce1-dd5e-564f-822e-793f8947dbb9,5260103791,node,healthcare,hospital,Pakistan Society for Rehabilitation of The Disabled,پاکستان سوسائٹی برائے بحالی معذور افراد,,,,OSM,,,31.5289089,74.322554,Lahore,Punjab,Pakistan,,,,,
18c9c88b-1c97-501d-87dc-a708e18812db,5265654898,node,amenity,marketplace,Marble Market,,,,,OSM,,,31.5293017,74.3205306,Lahore,Punjab,Pakistan,,,,,
522c7da3-7aaf-5665-8781-fc54a5cb10ed,8406856793,node,place,neighbourhood,Sardarpura,,,,,OSM,,,31.5320875,74.3186099,Lahore,Punjab,Pakistan,,,,,
b1d3becf-4af8-5225-941f-6a24dddbaac7,7121826776,node,place,neighbourhood,Zaildar Park,,,,,OSM,,,31.5265573,74.3247983,Lahore,Punjab,Pakistan,,,,,
7e777cca-1e47-5ff2-8693-9c8f69138695,4387255592,node,healthcare,clinic,Alnoor Clinical Laboratory,النور کلینیکل لیبارٹری,,,,OSM,,,31.534592,74.3284011,Lahore,Punjab,Pakistan,,,,,
9627c0f7-adb6-51c9-b661-f988861f773a,5253925865,node,healthcare,hospital,Fatima Memorial Hospital,,,,,OSM,فاطمہ میموریل ہسپتال,,31.53562,74.3279812,Lahore,Punjab,Pakistan,,,,,Q5437860
87ded514-d73d-5820-a91a-cf77543f946a,5259838825,node,healthcare,hospital,شادمان جنرل ہسپتال,,,,,OSM,,,31.5337593,74.3284349,Lahore,Punjab,Pakistan,,,,,
26b30907-c119-5e69-bddd-bbbf57e07528,5259838826,node,healthcare,hospital,Amina Medical Complex,,,,,OSM,,,31.5353527,74.3286172,Lahore,Punjab,Pakistan,,,,,
aa32187b-a3b0-5c11-9464-b0fe2f932193,5254181759,node,healthcare,hospital,مید سېټي روغتون,,,,,OSM,,,31.5376013,74.3373639,Lahore,Punjab,Pakistan,,,,,
5cb60f5e-f542-5b19-bcbe-4b4ff532f657,5259747061,node,healthcare,hospital,د پنجاب ذهني روغتیا انسټیټیوټ,,,,,OSM,,,31.5351972,74.3348009,Lahore,Punjab,Pakistan,,,,,
d42dd7d7-d753-5d54-8015-6a518bf238f5,5253925862,node,healthcare,hospital,Ammar Medical Complex,عمار میڈیکل کمپلیکس,,,,OSM,,,31.5350331,74.3430323,Lahore,Punjab,Pakistan,,,,,
be48abb0-5133-59d2-be7e-5c1dac9ff67a,5254181760,node,healthcare,hospital,Omar Hospital,عمر ہسپتال,,,,OSM,,,31.5370847,74.3380559,Lahore,Punjab,Pakistan,,,,,
e86d4b91-36f3-5c70-a354-ec6f8b91a84e,5254181761,node,healthcare,hospital,O M C Hospital,او ایم سی ہسپتال,,,,OSM,,,31.5365909,74.3389089,Lahore,Punjab,Pakistan,,,,,
251347fd-d8ec-5cd3-82fa-d04af383e888,5254181763,node,healthcare,hospital,Akram Complex Hospital,,,,,OSM,,,31.5334498,74.343651,Lahore,Punjab,Pakistan,,,,,
1a69441e-455a-531b-a1c8-2ce595a21103,5276934827,node,healthcare,hospital,Mian Medical Complex,میاں میڈیکل کمپلیکس,,,,OSM,,,31.5350141,74.3399776,Lahore,Punjab,Pakistan,,,,,
244d4fce-8adc-5ee3-88a4-af22e95caddc,5276934828,node,healthcare,hospital,Rana Laser Ent Centre,رانا لیزر این ٹی سنٹر,,,,OSM,,,31.5364886,74.3390281,Lahore,Punjab,Pakistan,,,,,
335517ae-7eb2-5efc-abf3-c45f039833f2,4238889189,node,healthcare,hospital,Naz Hospital,ناز ہسپتال,,,,OSM,,,31.5394654,74.3197705,Lahore,Punjab,Pakistan,,,,,
ae551895-ed47-5fe8-bb57-474449c5a275,4628972690,node,amenity,police,District camp jail ichhra,,,,,OSM,,,31.5417201,74.3184353,Lahore,Punjab,Pakistan,,,,,
b6909d2a-2715-5e2f-851c-f3d14d49d3bd,5263715883,node,amenity,marketplace,Tollinton Market,,,,,OSM,,,31.542733,74.3197548,Lahore,Punjab,Pakistan,,,,,
342e2766-c80b-5f35-a3ad-121fbc8d9f30,5263715884,node,amenity,marketplace,Tollinton Bird Market,,,,,OSM,,,31.5427475,74.3191427,Lahore,Punjab,Pakistan,,,,,
a9d4f419-fe7e-5c39-80a8-ba6c241e62cb,4107300389,node,healthcare,clinic,Advanced Medical Centre,ایڈوانسڈ میڈیکل سینٹر,,,,OSM,,,31.540731,74.3300801,Lahore,Punjab,Pakistan,,,,,
c865fb60-67e5-5cb6-a96e-a3bf60612991,4547386890,node,amenity,bank,khushhali bank,,,,,OSM,,,31.542379,74.330807,Lahore,Punjab,Pakistan,,,,,
1acb6c35-be03-562c-9163-c76fd1108898,5255279609,node,healthcare,hospital,Lahore Medical Complex,لاہور میڈیکل کمپلیکس,,,,OSM,,,31.5421941,74.3314304,Lahore,Punjab,Pakistan,,,,,
e09de747-0bd7-5732-bcc2-eeb4690089e3,5255279610,node,healthcare,hospital,Diabetic's Institute of Pakistan,ذیابیطس انسٹی ٹیوٹ آف پاکستان,,,,OSM,,,31.5424821,74.3329753,Lahore,Punjab,Pakistan,,,,,
afdd68e9-5094-517c-994a-d7d6fd4408c1,5255279611,node,healthcare,hospital,Race View Maternity Hospital,ریس ویو میٹرنٹی ہسپتال,,,,OSM,,,31.5422444,74.3336647,Lahore,Punjab,Pakistan,,,,,
6c166993-4093-59ae-9394-4f3280148f8f,5255673576,node,healthcare,hospital,Bari Clinic & Hospital,باری کلینک اینڈ ہسپتال,,,,OSM,,,31.5021767,74.3448274,Lahore,Punjab,Pakistan,,,,,
988b6428-5a96-5af9-a1a6-a76869e1bbb0,99021896,node,amenity,marketplace,Liberty Market,,,,,OSM,,,31.5112797,74.3450076,Lahore,Punjab,Pakistan,,,,,
b92e214d-d7eb-561d-a902-2d7e206dc400,5259747059,node,healthcare,hospital,Fazal Cardiac Hospital,,,,,OSM,,,31.5087782,74.3458034,Lahore,Punjab,Pakistan,,,,,
4f5dc97b-d896-5440-926c-0a8f5e3fca13,5265658078,node,amenity,marketplace,Liberty Flower Market,,,,,OSM,,,31.508678,74.3451799,Lahore,Punjab,Pakistan,,,,,
688ce5b6-6c75-5065-a549-e8b8e2a1f267,1539581885,node,amenity,atm,,,,,,OSM,,,31.5159353,74.3440699,Lahore,Punjab,Pakistan,,,,,
9168cd8d-e217-5889-be50-951f7e8b5fed,5254181765,node,healthcare,hospital,Hijaz Hospital Lahore,,,,,OSM,,,31.5153125,74.3456471,Lahore,Punjab,Pakistan,,,,,
5589c267-d450-58b7-bf53-5692deea0c02,2872067742,node,amenity,bank,عسکری بینک,عسکری بینک,,,,OSM,,,31.5236262,74.3468758,Lahore,Punjab,Pakistan,,,عسکری بینک,,
f622122e-5cc0-55a9-b48d-9ba9ca1041fe,5253494077,node,amenity,bank,The Bank of Punjab,,,,,OSM,,,31.5230067,74.3487531,Lahore,Punjab,Pakistan,,,,,
be1df898-3863-5cfa-a62d-57e980ba462d,5259747062,node,healthcare,hospital,Hospital Hudson Silva Lions Eye Hospital,,,,,OSM,,,31.5229354,74.344399,Lahore,Punjab,Pakistan,,,,,
0c83ed39-85d6-57a6-85e0-280d9c789816,13151819907,node,healthcare,pharmacy,CSH Pharmacy,,,,,OSM,,,31.5237126,74.3461919,Lahore,Punjab,Pakistan,,,,,
a86ad114-989b-5649-83c7-f4c9981c235d,5254181762,node,healthcare,hospital,Punjab Medical Center,,,,,OSM,,,31.5344082,74.3448097,Lahore,Punjab,Pakistan,,,,,
93f14be6-1161-5cf9-a95f-6815d400c90a,523610752,way,leisure,park,Professors' Colony Jogging Track,,,,,OSM,,,31.5031114,74.3034434,Lahore,Punjab,Pakistan,,,,,
b98b0267-8936-531d-80d6-355d0be0538d,352383718,way,amenity,bank,ایچ بی ایل پاکستان,ایچ بی ایل پاکستان,,,,OSM,,,31.5038368,74.3072951,Lahore,Punjab,Pakistan,,,ایچ بی ایل پاکستان,,
c7c64046-d213-5b07-b67c-45a724cf1f2d,328815307,way,landuse,cemetery,Garden Town Cemetry,,,,,OSM,,,31.5039485,74.3158561,Lahore,Punjab,Pakistan,,,,,
66ac253e-be2a-5312-bc54-6be1d7de0877,230676451,way,healthcare,hospital,Shaikh Zayed Medical Complex,,,,,OSM,,,31.5091116,74.3089963,Lahore,Punjab,Pakistan,,,,,
d4c17734-3ee0-5ef5-97f1-28f8e1a91d58,283585798,way,leisure,park,,,,,,OSM,,,31.5104637,74.3125273,Lahore,Punjab,Pakistan,,,,,
b7419618-ed7d-5dc4-bd4d-c4279ccdb848,1009392568,way,place,neighbourhood,احمد بلاک,,,,,OSM,,,31.5077651,74.3189522,Lahore,Punjab,Pakistan,,,,,
d7825969-849e-575e-87ef-d7950ea8b2e3,1009392571,way,place,neighbourhood,عثمان بلاک,عثمان بلاک,,,,OSM,,,31.5023858,74.3179708,Lahore,Punjab,Pakistan,,,,,
4047edb5-31cc-5901-96e9-52309f187f2b,618216993,way,leisure,park,علی پارک,علی پارک,,,,OSM,,,31.5212954,74.3011045,Lahore,Punjab,Pakistan,,,,,
6e723063-732b-5889-9a10-659baa91b775,321064820,way,leisure,park,,,,,,OSM,,,31.51624,74.3089652,Lahore,Punjab,Pakistan,,,,,
951874f0-fc26-5f8b-8d90-9a4f29acc98e,283583667,way,leisure,park,,,,,,OSM,,,31.5159231,74.3170364,Lahore,Punjab,Pakistan,,,,,
238ee8b6-96ab-555d-ad7c-cf3ced447ae1,283584143,way,leisure,park,,,,,,OSM,,,31.5134269,74.312257,Lahore,Punjab,Pakistan,,,,,
73eb0cce-466c-552d-be4a-a68a3e5f354d,283321162,way,leisure,park,,,,,,OSM,,,31.5213373,74.3180993,Lahore,Punjab,Pakistan,,,,,
a056a3b8-9bf2-5f35-b071-265cee8e0537,612407251,way,landuse,cemetery,Shah Kamal Cemetery,,,,,OSM,,,31.5234065,74.3115642,Lahore,Punjab,Pakistan,,,,,
832919b6-94df-5e6e-9f68-04547a26bf7f,321065894,way,leisure,park,Usman Block Park,,,,,OSM,,,31.5023649,74.3188242,Lahore,Punjab,Pakistan,,,,,
cb7f78da-b860-5d2e-8ca2-abf4c535054d,321065895,way,leisure,park,Ghousia Triangle Park,,,,,OSM,,,31.5019474,74.3204066,Lahore,Punjab,Pakistan,,,,,
8f7b8ec3-b2fb-5214-b0ae-4e8ed87dd11a,321065892,way,leisure,park,Ali Block Park,,,,,OSM,,,31.503183,74.3265788,Lahore,Punjab,Pakistan,,,,,
11a12e9b-3689-54a7-be11-b98b8d6ffe76,363567235,way,healthcare,hospital,Masood Hospital,,,,,OSM,,,31.5052927,74.3304229,Lahore,Punjab,Pakistan,,,,,
25f3df0b-3844-5bb8-a277-0a942ab3d38d,899824155,way,amenity,bank,الائیڈ بینک,الائیڈ بینک,,,,OSM,,,31.5031151,74.3294981,Lahore,Punjab,Pakistan,,,الائیڈ بینک,الائیڈ بینک لمیٹڈ,
ffc2d1f9-296d-56a4-bc58-24970a7eb8ec,283326638,way,leisure,park,Ibsta Tech,,,,,OSM,,,31.5117096,74.3245149,Lahore,Punjab,Pakistan,,,,,
c2cf7073-58c2-5eed-b88a-d1cb233e5546,283586373,way,leisure,park,,,,,,OSM,,,31.5065301,74.3194951,Lahore,Punjab,Pakistan,,,,,
63cb4a18-598a-5a0d-b7f3-b154d91540da,1009392567,way,place,neighbourhood,ابوبکر بلاک,,,,,OSM,,,31.5146048,74.324672,Lahore,Punjab,Pakistan,,,,,
16995cf0-f9ad-54d9-995d-2ef27a7a40ca,1009392569,way,place,neighbourhood,گارڈن بلاک,گارڈن بلاک,,,,OSM,,,31.5063708,74.3261739,Lahore,Punjab,Pakistan,,,,,
64e6f678-2fc2-5f19-99b1-71492727e38d,234238657,way,leisure,park,,,,,,OSM,,,31.5099785,74.3445353,Lahore,Punjab,Pakistan,,,,,
f8bcb2d9-9a5a-50c2-92d8-43b2fd7492fe,291407238,way,leisure,park,National Bank Park,,,,,OSM,,,31.5060369,74.3340372,Lahore,Punjab,Pakistan,,,,,
384a99f5-ecb5-5c47-a2d4-158159575396,291409483,way,leisure,park,Jam-e-Shireen Park,,,,,OSM,,,31.5067897,74.3430537,Lahore,Punjab,Pakistan,,,,,
8b81dfad-349c-5b87-98b4-41e475dae8e5,618180107,way,place,neighbourhood,لبرٹی مارکیٹ,لبرٹی مارکیٹ,,,,OSM,,,31.5113332,74.3459228,Lahore,Punjab,Pakistan,,,,,
39908317-49df-542b-b9d3-3ff3158b00ad,626975669,way,place,neighbourhood,گلبرگ,گلبرگ,,,,OSM,,,31.5132312,74.3466266,Lahore,Punjab,Pakistan,,,,,
ee6d137b-b4a9-5bfc-951c-beeb07c0c925,363567266,way,healthcare,hospital,یونائیٹڈ کرسچن ہسپتال,یونائیٹڈ کرسچن ہسپتال,,,,OSM,,,31.5083259,74.3410879,Lahore,Punjab,Pakistan,,,,,
18e79a24-db21-5057-98c4-db80b168608d,800373035,way,amenity,police,Gulberg Police Station,,,,,OSM,,,31.5111809,74.3427391,Lahore,Punjab,Pakistan,,,,,
ac999ed5-7260-5923-8454-9ed8ea47fd8d,967242976,way,leisure,park,Liberty Fountain,,,,,OSM,,,31.5106163,74.3407378,Lahore,Punjab,Pakistan,,,,,
cbc677d2-96c4-5f3c-81a9-971cecbd1599,607859558,way,place,neighbourhood,Fazalia Colony,,,,,OSM,,,31.5253061,74.3271268,Lahore,Punjab,Pakistan,,,,,
b1d685c1-c984-5a0f-827d-6f71c40ec212,612407784,way,place,neighbourhood,Shah Jamal,,,,,OSM,,,31.5250939,74.3275694,Lahore,Punjab,Pakistan,,,,,
55cf325a-7838-5bac-8c04-3f87be031ec8,283320909,way,leisure,park,Cricket Ground,,,,,OSM,,,31.5198084,74.3190878,Lahore,Punjab,Pakistan,,,,,
ae7e3af9-a86c-5635-949e-7e2111f92f8d,283321298,way,leisure,park,D-Block Park,,,,,OSM,,,31.5213203,74.3200011,Lahore,Punjab,Pakistan,,,,,
339ddb02-0b14-53b9-adee-884326ffa787,1013989912,way,leisure,park,عطاری قادری گراؤنڈ,,,,,OSM,,,31.5238066,74.3200166,Lahore,Punjab,Pakistan,,,,,
6459411b-3c91-5f05-b929-7da2096ddd12,344143550,way,amenity,bank,,,,,,OSM,,,31.5151329,74.3419717,Lahore,Punjab,Pakistan,,,,,
88636434-7121-5811-83db-f2220ac79d58,618210812,way,leisure,park,FCC Park,,,,,OSM,,,31.5261625,74.3369582,Lahore,Punjab,Pakistan,,,,,
2519598d-ff0c-57ff-922e-641f9d32e2df,800536539,way,amenity,bank,Habib Metro Bank,,,,,OSM,,,31.5154047,74.3442403,Lahore,Punjab,Pakistan,,,,,
4712c819-58e2-5b94-bbfc-f6aab67a4b8e,1009392760,way,place,neighbourhood,کینال پارک,,,,,OSM,,,31.5266361,74.3430623,Lahore,Punjab,Pakistan,,,,,
93b99fb4-5a1e-5350-894a-1e18c4160277,453962924,way,leisure,park,,,,,,OSM,,,31.5218992,74.3332394,Lahore,Punjab,Pakistan,,,,,
72a8c1ae-574f-5184-874a-b364aff61156,528052763,way,leisure,park,London Bridge,,,,,OSM,,,31.5215497,74.3331277,Lahore,Punjab,Pakistan,,,,,
78fb2144-7626-5ab6-b31c-2334ee348b13,1013989920,way,leisure,park,Ali Park,,,,,OSM,,,31.5282098,74.3027639,Lahore,Punjab,Pakistan,,,,,
55089cd1-35aa-5e34-b2d4-2320251f8b0f,619007892,way,leisure,park,,,,,,OSM,,,31.5383969,74.305279,Lahore,Punjab,Pakistan,,,,,
820c2cb5-e8a0-5380-981a-35c1ce2198b3,619296825,way,leisure,park,,,,,,OSM,,,31.5326903,74.302457,Lahore,Punjab,Pakistan,,,,,
15aa1274-4c93-5c97-9377-4bd685dfca02,619296818,way,leisure,park,,,,,,OSM,,,31.5348647,74.3010604,Lahore,Punjab,Pakistan,,,,,
1f091dd4-608c-562d-a174-f330f5dd55b2,619296820,way,leisure,park,,,,,,OSM,,,31.5361258,74.3007636,Lahore,Punjab,Pakistan,,,,,
eae8cd05-b769-5b27-8776-fff1b9c2dce6,619296821,way,leisure,park,,,,,,OSM,,,31.5361413,74.3018488,Lahore,Punjab,Pakistan,,,,,
0a454a48-7339-5262-a268-78476aacca9c,619296822,way,leisure,park,,,,,,OSM,,,31.5368894,74.303645,Lahore,Punjab,Pakistan,,,,,
896554a9-0686-5327-9030-5d4044941a0a,619296823,way,leisure,park,,,,,,OSM,,,31.5375134,74.3018964,Lahore,Punjab,Pakistan,,,,,
13fede52-390b-57c5-bd36-cc04849b55b1,619296824,way,leisure,park,,,,,,OSM,,,31.5380309,74.3007441,Lahore,Punjab,Pakistan,,,,,
1736c912-3553-505d-a2bc-ec317f24e9e8,764543468,way,leisure,park,,,,,,OSM,,,31.5344889,74.3039293,Lahore,Punjab,Pakistan,,,,,
546b3564-28fd-5074-b49b-081d306b1e24,764543469,way,leisure,park,,,,,,OSM,,,31.534529,74.3028238,Lahore,Punjab,Pakistan,,,,,
c54d4b9d-3911-5efb-99b1-aa360503fce6,366033510,way,leisure,park,,,,,,OSM,,,31.5391664,74.3153037,Lahore,Punjab,Pakistan,,,,,
ae61648d-c8c0-57c7-bf12-f59ebd045f72,905264802,way,landuse,cemetery,Icchra Qabristan,,,,,OSM,,,31.5356833,74.3174682,Lahore,Punjab,Pakistan,,,,,
2ab6716c-7b6f-58e9-86ed-62ec769d04e4,1013989918,way,landuse,cemetery,,,,,,OSM,,,31.5303692,74.3175292,Lahore,Punjab,Pakistan,,,,,
b3a0aeee-49fa-542e-836e-4c1afd9aef53,764543472,way,leisure,park,,,,,,OSM,,,31.5376075,74.3072988,Lahore,Punjab,Pakistan,,,,,
1cb42245-2e89-5ae8-9c1c-c8bd9eb4e755,764543473,way,leisure,park,,,,,,OSM,,,31.5344732,74.3095489,Lahore,Punjab,Pakistan,,,,,
8bce3552-6b32-50fd-a2f0-419dc03b1e2e,764543474,way,leisure,park,,,,,,OSM,,,31.5347357,74.3086793,Lahore,Punjab,Pakistan,,,,,
eca77950-de4f-5996-a41c-a70b90286350,366033512,way,leisure,park,,,,,,OSM,,,31.5388097,74.3151463,Lahore,Punjab,Pakistan,,,,,
f8176ce7-a344-5cfd-a059-ab87450b259f,905264803,way,landuse,cemetery,Pir Ghazi Graveyard,,,,,OSM,,,31.535957,74.3146306,Lahore,Punjab,Pakistan,,,,,
f61cf668-853a-580b-ba16-62c41d891eec,610894429,way,leisure,park,,,,,,OSM,,,31.5452659,74.3029861,Lahore,Punjab,Pakistan,,,,,
6f40e6d2-5110-5ff1-b371-a668e49dc982,618625415,way,leisure,park,Arya Nagar Park,,,,,OSM,,,31.5447656,74.3006467,Lahore,Punjab,Pakistan,,,,,
66318572-f523-52c3-bb7a-dccaceb98c75,660880484,way,leisure,park,,,,,,OSM,,,31.5396893,74.3002819,Lahore,Punjab,Pakistan,,,,,
5affcf94-b931-5a8f-9b54-68802ef0d5f5,764543467,way,leisure,park,,,,,,OSM,,,31.5419444,74.3047033,Lahore,Punjab,Pakistan,,,,,
073aed82-fcf5-59b5-b105-b608e40c1658,607872345,way,place,neighbourhood,Nawan Mozang,,,,,OSM,,,31.5411692,74.3074511,Lahore,Punjab,Pakistan,,,,,
7b346fa0-d1d3-5343-a239-a058ffa8fd9a,618218005,way,leisure,park,Rasool Park,,,,,OSM,,,31.5407212,74.312735,Lahore,Punjab,Pakistan,,,,,
80117de1-4b98-5e25-b09a-ac0492c2525d,291407223,way,landuse,cemetery,Miani Sahab Graveyard,,,,,OSM,,,31.5479161,74.3084619,Lahore,Punjab,Pakistan,,,,,
8dc71ccb-0d28-58e1-a8da-ab780a665c79,447966523,way,amenity,fire_station,Rescue 1122,,,,,OSM,,,31.5415998,74.3164748,Lahore,Punjab,Pakistan,,,,,
e27dd918-7073-5c95-b2e2-c3dcc9f98047,618626206,way,place,neighbourhood,سعدی پارک,سعدی پارک,,,,OSM,,,31.5511634,74.3124738,Lahore,Punjab,Pakistan,,,,,
a4bfc214-5cec-576b-b556-897f470af4be,620449071,way,place,neighbourhood,Bhundpura,,,,,OSM,,,31.5511574,74.3170896,Lahore,Punjab,Pakistan,,,,,
1fcffd02-7744-5c05-8d64-6adeab0a0590,611906759,way,leisure,park,Gul Begum Bagh,,,"Dedicated to Gul Begum, a concubine of the Sikh Emperor Maharaja Ranjit Singh",,OSM,,,31.5481473,74.3084659,Lahore,Punjab,Pakistan,,,,,
ced1634a-8c2f-55e1-b3cb-75dfc6348e97,611906761,way,place,neighbourhood,Bagh Gul Begum,,,,,OSM,,,31.547865,74.3091077,Lahore,Punjab,Pakistan,,,,,
33ee954c-9eca-5134-acd1-76b0f9e4af72,621948316,way,landuse,cemetery,,,,,,OSM,,,31.5279831,74.3289301,Lahore,Punjab,Pakistan,,,,,
2c93d9ff-9f81-5d1a-b2f6-016573120f32,236976460,way,leisure,park,Shadman Market Park,,,,,OSM,,,31.539055,74.3298611,Lahore,Punjab,Pakistan,,,,,
cc18410a-d23c-5fab-9176-9ca46190f55e,612407934,way,place,neighbourhood,Shadman Colony,,,,,OSM,,,31.5382454,74.3308225,Lahore,Punjab,Pakistan,,,,,
3bae3612-8e8e-5773-8e4e-dd1cd19d1555,762204848,way,leisure,park,,,,,,OSM,,,31.5274249,74.3309931,Lahore,Punjab,Pakistan,,,,,
63d79353-e062-54eb-bfaa-4fa164ad9608,1344893482,way,leisure,park,,,,,,OSM,,,31.5354306,74.3304393,Lahore,Punjab,Pakistan,,,,,
2b8f20e9-ab1d-5e97-9064-daa08569ec11,904379373,way,landuse,cemetery,Shershah Wali,,,,,OSM,,,31.5373963,74.3224438,Lahore,Punjab,Pakistan,,,,,
aac00109-9d7c-5b04-a303-3abb8a99a1a0,152319376,way,healthcare,hospital,سروسز ہسپتال,,,,,OSM,,,31.5393945,74.3340449,Lahore,Punjab,Pakistan,,,,,
fbd6a703-e709-512d-9d93-b33bdf051204,246128683,way,leisure,park,Race Course Park,,,,,OSM,Jilani Park,,31.5439369,74.3367272,Lahore,Punjab,Pakistan,,,,,Q6192654
f2ec25ab-53af-5b91-a68e-388bfd0774ba,316873735,way,healthcare,hospital,Punjab Institute of Cardiology,پنجاب انسٹی ٹیوٹ آف کارڈیالوجی,,Hospital,,OSM,,,31.5378404,74.3354843,Lahore,Punjab,Pakistan,,,,,
0d52f1c1-3c1a-5f49-9ade-07c1d6968210,1344893481,way,landuse,cemetery,,,,,,OSM,,,31.5369653,74.3322916,Lahore,Punjab,Pakistan,,,,,
b67a1637-c7a4-589c-a00c-41fa6a0fc983,1344893484,way,leisure,park,,,,,,OSM,,,31.534625,74.3329095,Lahore,Punjab,Pakistan,,,,,
dd965378-0511-519e-802d-f58b8c27086f,291407227,way,leisure,park,,,,,,OSM,,,31.5409123,74.3261093,Lahore,Punjab,Pakistan,,,,,
1d0af412-336c-5fe9-8fd3-efda536ebbe9,291407228,way,leisure,park,Khursheed Park,,,,,OSM,,,31.5407398,74.3276087,Lahore,Punjab,Pakistan,,,,,
80d780ca-7dc9-5d56-90f2-c16b60518cef,290937635,way,leisure,park,Jinnah Gardens,,,,,OSM,"Bagh-e-Jinnah, Lahore",,31.5523667,74.3309671,Lahore,Punjab,Pakistan,,,,,Q3694552
7e9f5a9f-864a-5599-b5ed-2474147f12ef,316873733,way,leisure,park,Shadman Colony Park,,,,,OSM,,,31.5402131,74.3305189,Lahore,Punjab,Pakistan,,,,,
1a495d48-3eb4-5aea-9690-e7b2eb6cce44,620976932,way,place,neighbourhood,Shah Shams Qari,,,,,OSM,,,31.5490983,74.33851,Lahore,Punjab,Pakistan,,,,,
285a494c-6203-56ad-8c36-92af98636d07,607872346,way,place,neighbourhood,Theh,,,,,OSM,,,31.5017,74.3476901,Lahore,Punjab,Pakistan,,,,,
b5195aeb-119d-5244-877d-d9f1e1ca9493,1344893486,way,landuse,cemetery,,,,,,OSM,,,31.5032883,74.3450176,Lahore,Punjab,Pakistan,,,,,
3929a0ff-67fc-55ec-8ec1-4b62796771b5,799764069,way,leisure,park,,,,,,OSM,,,31.5091579,74.3474444,Lahore,Punjab,Pakistan,,,,,
451d6a0d-2714-5548-a623-5316a5cc01af,799764071,way,healthcare,clinic,الشوکات میڈیکل اینڈ کڈنی سینٹر,,,,,OSM,,,31.5101507,74.3489271,Lahore,Punjab,Pakistan,,,,,
815831a1-1312-5818-9602-b016838e517c,799772439,way,leisure,park,,,,,,OSM,,,31.5097802,74.347702,Lahore,Punjab,Pakistan,,,,,
ebea4c1b-292e-5ecb-9938-c7596a160f17,800339260,way,leisure,park,C2 Park,,,,,OSM,,,31.5120814,74.3477672,Lahore,Punjab,Pakistan,,,,,
c9fc3556-442c-50bb-8785-1b20200f100d,800327992,way,amenity,bank,First Women Bank,,,,,OSM,,,31.5131747,74.3480867,Lahore,Punjab,Pakistan,,,,,
e0ce1a30-1364-5a59-88e6-aa43350c4555,800376127,way,amenity,bank,جے ایس بینک,جے ایس بینک,,,,OSM,,,31.5139222,74.3460362,Lahore,Punjab,Pakistan,,,جے ایس بینک,جے ایس بینک,
0c0c34e3-490f-5ac2-8517-944c13634ce0,800534458,way,amenity,bank,Samba Bank,,,,,OSM,,,31.5175519,74.3452628,Lahore,Punjab,Pakistan,,,,,
7e8508bd-9acd-51a0-8ed2-8e2dbab99900,800536537,way,amenity,bank,اسٹینڈرڈ چارٹرڈ,اسٹینڈرڈ چارٹرڈ,,,,OSM,,,31.5156674,74.3442936,Lahore,Punjab,Pakistan,,,اسٹینڈرڈ چارٹرڈ,اسٹینڈرڈ چارٹرڈ,
a4a4e239-8b8b-5b85-8aac-0f86383c7f24,800536542,way,amenity,bank,بينک الحبيب,بينک الحبيب,,,,OSM,,,31.5151703,74.3447197,Lahore,Punjab,Pakistan,,,بينک الحبيب,,
f8f2c0d3-40dc-50be-ab8d-8b455fd3f742,800536543,way,amenity,bank,عسکری بینک,عسکری بینک,,,,OSM,,,31.5149794,74.3449692,Lahore,Punjab,Pakistan,,,عسکری بینک,,
93ee6ff6-21f8-5eeb-bdb9-afc745922f98,800690994,way,leisure,park,,,,,,OSM,,,31.5157942,74.3497113,Lahore,Punjab,Pakistan,,,,,
b5e7baf1-0af4-5a71-8f01-c7bc84a6fb4b,800530275,way,amenity,bank,دبئی اسلامی بینک,دبئی اسلامی بینک,,,,OSM,,,31.5207688,74.3473245,Lahore,Punjab,Pakistan,,,دبئی اسلامی بینک,,
0cfe9119-2d9e-51c8-98fc-f2f4e625e668,800530279,way,amenity,bank,الائیڈ بینک لمیٹڈ,الائیڈ بینک لمیٹڈ,,,,OSM,,,31.5200631,74.3478468,Lahore,Punjab,Pakistan,,,الائیڈ بینک لمیٹڈ,,
2256d0e8-98ec-59a8-b719-18b7b574d80b,490004747,way,leisure,park,,,,,,OSM,,,31.5271762,74.3491054,Lahore,Punjab,Pakistan,,,,,
25be881b-8d0b-5b04-9c74-d39acddcc73e,905331009,way,leisure,park,Aslam Riaz Park,,,,,OSM,,,31.5308724,74.3479097,Lahore,Punjab,Pakistan,,,,,
c17e87ce-6f22-59bc-bb48-c0b7b17ecd52,8060376252,node,railway,station,چوبرجی,چوبرجی,,,,OSM,,,31.5522961,74.302941,Lahore,Punjab,Pakistan,,,,Lahore Metro,
a45c6ebb-c380-5983-aedf-e413f349a194,9890962218,node,place,neighbourhood,Shahdab Colony,,,,,OSM,,,31.5508689,74.316471,Lahore,Punjab,Pakistan,,,,,
c9d6f979-8454-5a57-8e51-c4335d00c524,4700549396,node,amenity,bank,بینک اسلامی,بینک اسلامی,,,,OSM,,,31.5518681,74.3409935,Lahore,Punjab,Pakistan,,,بینک اسلامی,بینک اسلامی,
c1aa6eb5-5a26-5018-8bc7-cdd6b53833dd,5259838822,node,healthcare,hospital,Rahim Hospital,,,,,OSM,,,31.5619056,74.3028718,Lahore,Punjab,Pakistan,,,,,
e5040987-83dd-5c89-bc5f-1171d5709d99,5259838823,node,healthcare,hospital,Haq Orthopedic Hospital,,,,,OSM,,,31.5619307,74.3006778,Lahore,Punjab,Pakistan,,,,,
41a0a8be-ebff-5677-9f5c-b4d51e45096f,5255461642,node,healthcare,hospital,Kazi Hospital,,,,,OSM,,,31.5585998,74.3174214,Lahore,Punjab,Pakistan,,,,,
2e8a14a4-ec81-51c7-af84-2925cc7d14d7,5255461643,node,healthcare,hospital,Ramzan Ali Syed Memorial Hospital,,,,,OSM,,,31.5582981,74.317223,Lahore,Punjab,Pakistan,,,,,
86cf77f9-5e00-5fb1-84ca-718bcaa184a3,5255461644,node,healthcare,hospital,Bismillah Hospital,,,,,OSM,,,31.5566737,74.3164425,Lahore,Punjab,Pakistan,,,,,
11e76a63-8195-5dfe-a091-634c52524121,5255461645,node,amenity,police,Mozang Police Station,,,,,OSM,,,31.5564954,74.3164586,Lahore,Punjab,Pakistan,,,,,
0137a89a-b370-55ad-a6a1-bdcc50a30beb,9890928616,node,place,neighbourhood,تکیہ سردار شاہ,,,,,OSM,,,31.5533302,74.3136602,Lahore,Punjab,Pakistan,,,,,
d05d7290-aebd-5400-9d0c-417d47cacd46,4830481631,node,amenity,police,سنٹرل پولیس آفس,,,,,OSM,,,31.5652114,74.3064501,Lahore,Punjab,Pakistan,,,,,
dc57c40e-a4e3-5567-8e82-2d972b5efb63,5752543097,node,railway,station,انارکلی,انارکلی‎,,,,OSM,,,31.56248,74.3093567,Lahore,Punjab,Pakistan,,,,Lahore Metro,
31b1eef5-2814-53e6-aa4d-a46dd92c3653,5804066153,node,amenity,bank,Samar & Samar prize bond,,,,,OSM,,,31.5649045,74.3112127,Lahore,Punjab,Pakistan,,,,,
48c775e1-57eb-585b-9e03-f85e5ebe7502,12245167746,node,place,neighbourhood,پرانی انارکلی,,,,,OSM,,,31.5645997,74.3076404,Lahore,Punjab,Pakistan,,,,,
d445ac5c-1678-567a-93e2-974343eafc3e,3237253898,node,amenity,bank,State Bank of Pakistan,,,,,OSM,,,31.5629058,74.3160657,Lahore,Punjab,Pakistan,,,,,
b65a2e7b-3d8c-5164-80fd-d204d00a240f,5260103793,node,healthcare,hospital,Badar Medical Complex,,,,,OSM,,,31.559244,74.3125849,Lahore,Punjab,Pakistan,,,,,
7390d9e5-102d-53ce-ae34-d675dcec3acf,6457435305,node,amenity,atm,,,,,,OSM,,,31.5626932,74.317295,Lahore,Punjab,Pakistan,,,,MCB Bank,
86f66dbe-d298-522f-ab38-ca0c747c038f,6457435306,node,amenity,bank,ایم سی بی بینک,ایم سی بی بینک,,,,OSM,,,31.5626749,74.3173448,Lahore,Punjab,Pakistan,,,ایم سی بی بینک,ایم سی بی بینک لمیٹڈ,
8bdbbbea-31f9-550d-a851-93e82b926d15,4912439079,node,amenity,police,City Traffic Police Office,,,,,OSM,,,31.5735958,74.3039047,Lahore,Punjab,Pakistan,,,,,
314c2cad-d687-5633-b70e-0dbc494f04a4,4914789558,node,amenity,bank,Habib Bank,,,,,OSM,,,31.57367,74.3025198,Lahore,Punjab,Pakistan,,,,,
b2a55233-eff4-5757-b013-de4af0225354,3260928499,node,tourism,museum,Lahore City Museum,,,,,OSM,,,31.5681162,74.3094235,Lahore,Punjab,Pakistan,,,,,
82400ab0-d3bf-589e-9b10-20b66a6da2df,3260928500,node,amenity,marketplace,Old Tollinton Market,,,,,OSM,,,31.5677906,74.3094544,Lahore,Punjab,Pakistan,,,,,
b73c9c43-9c4e-5055-a89c-3f9d4a57193f,4170048289,node,amenity,bank,ایچ بی ایل پاکستان,ایچ بی ایل پاکستان,,,,OSM,,,31.5713791,74.308418,Lahore,Punjab,Pakistan,,,ایچ بی ایل پاکستان,,
a69ecc5a-240b-59e6-8750-5f4083f9d5c2,4170048389,node,amenity,atm,,,,,,OSM,,,31.571473,74.3081522,Lahore,Punjab,Pakistan,,,,,
e6668101-7fbb-50b9-91ac-24e780124aa5,4170048489,node,amenity,atm,,,,,,OSM,,,31.5712237,74.3079106,Lahore,Punjab,Pakistan,,,,,
b2fdf7e4-17ca-550b-ada5-a093bd5eaaef,4229615889,node,amenity,bank,UBL BANK,,,,,OSM,,,31.5712795,74.307921,Lahore,Punjab,Pakistan,,,,,
f3576220-e5f0-5626-94a5-9c05dcf42507,7113923799,node,place,neighbourhood,Dhobi Mandi,,,,,OSM,,,31.5663377,74.3103211,Lahore,Punjab,Pakistan,,,,,
e9aaa057-f951-5e74-a88a-6d063e6fbaf1,5265759531,node,amenity,marketplace,Anarkali Bazar,,,,,OSM,انارکلی بازار,,31.5707035,74.3114752,Lahore,Punjab,Pakistan,,,,,Q4751726
96219ad7-d2d2-5cbe-ab56-b6881079b324,5267719068,node,amenity,marketplace,Nila Gumbad Market,,,,,OSM,,,31.5693995,74.3118569,Lahore,Punjab,Pakistan,,,,,
a24de30e-d354-51b9-a416-7f8d696ff089,5844819916,node,healthcare,hospital,Centre for Nuclear Medicine,,,,,OSM,,,31.5704213,74.3169553,Lahore,Punjab,Pakistan,,,,,
b3fbdab9-6f73-55b6-803e-99726518c1d5,5844819917,node,healthcare,hospital,Neurology Department,,,,,OSM,,,31.5702316,74.3173681,Lahore,Punjab,Pakistan,,,,,
be3c4f28-94f0-523d-be9a-f5783192a199,5844819918,node,healthcare,hospital,Department of Psychiatry,,,,,OSM,,,31.5696419,74.3176814,Lahore,Punjab,Pakistan,,,,,
a84379ac-7d5b-5283-bf3d-0312fcc9eb88,8639831831,node,amenity,atm,,,,,,OSM,,,31.5669795,74.3118164,Lahore,Punjab,Pakistan,,,,Standard Chartered Bank,
cc845f3a-b648-5527-bc50-dfdfd7cf17b9,8639831832,node,amenity,bank,اسٹینڈرڈ چارٹرڈ,اسٹینڈرڈ چارٹرڈ,,,,OSM,,,31.5669667,74.3118692,Lahore,Punjab,Pakistan,,,اسٹینڈرڈ چارٹرڈ,اسٹینڈرڈ چارٹرڈ,
1ba3a1b0-75dd-5627-9d8c-0b74dd39fa43,9564940684,node,railway,station,جی-پی-او,جی-پی-او,,,,OSM,,,31.5655542,74.314236,Lahore,Punjab,Pakistan,,,,Lahore Metro,Q108689645
2c079644-0052-5975-bec2-f9a7d497a2d0,4340777289,node,amenity,atm,,,,,,OSM,,,31.5746471,74.3067689,Lahore,Punjab,Pakistan,,,,UBL,
804e5849-ed13-50c4-8f0d-1117c448a796,4912291926,node,amenity,atm,الائیڈ بینک لمیٹڈ,الائیڈ بینک لمیٹڈ,,,,OSM,,,31.5780603,74.307735,Lahore,Punjab,Pakistan,,,الائیڈ بینک لمیٹڈ,,
08020d86-e3b9-5cf6-bef8-e28f277a92b0,2401515324,node,healthcare,hospital,Lady Aitchison Hospital,لیڈی ایچی سن ہسپتال,,,,OSM,,,31.5735465,74.3154607,Lahore,Punjab,Pakistan,,,,,
a90859bf-7090-5290-bcf2-0b4dfa555d3b,4912814981,node,amenity,bank,Meezan Bank Limited,,,,,OSM,,,31.575123,74.3173378,Lahore,Punjab,Pakistan,,,,,
8b1084ea-5349-5b42-9502-8ba56a918f3d,4914789553,node,amenity,bank,National Bank - NBP,,,,,OSM,,,31.5768616,74.3175688,Lahore,Punjab,Pakistan,,,,,
8b69ed34-c2bc-514c-be73-98f8432a124e,4914789556,node,amenity,bank,فیصل بینک,فیصل بینک,,,,OSM,,,31.5759476,74.3165871,Lahore,Punjab,Pakistan,,,فیصل بینک,,
3029e297-f56f-571d-ac97-6dabc6748470,8389693172,node,amenity,marketplace,Lohari Gate Flower Market,,,,,OSM,,,31.5769093,74.3134148,Lahore,Punjab,Pakistan,,,,,
d619a7ee-a183-5d5e-8ef1-b8e1785d9265,8389730144,node,place,neighbourhood,Bairoon Lohari Gate,,,,,OSM,,,31.5768478,74.3132985,Lahore,Punjab,Pakistan,,,,,
00003241-197a-540c-8f45-04c0b2128f0b,8389744592,node,amenity,marketplace,Optical Market,,,,,OSM,,,31.5770193,74.3132419,Lahore,Punjab,Pakistan,,,,,
70b55eb9-0c9b-5887-a0e8-bf48331a14a6,8389781580,node,place,neighbourhood,Bairoon Mori Gate,,,,,OSM,,,31.5772276,74.3114477,Lahore,Punjab,Pakistan,,,,,
edc82d14-597d-593b-8f55-25a680de2df0,8389868103,node,amenity,marketplace,Mori Gate Fish Marker,,,,,OSM,,,31.5774048,74.3113795,Lahore,Punjab,Pakistan,,,,,
99a141c8-da7d-508d-86c6-d0c43aa9f1d2,8411271873,node,place,neighbourhood,Mohallah Biyopiyaran,,,,,OSM,,,31.5741934,74.3113346,Lahore,Punjab,Pakistan,,,,,
3a8029b1-58aa-54ed-a34b-2c6e5d05ebda,8955329810,node,place,neighbourhood,Naiza Moran,,,,,OSM,,,31.5777537,74.314984,Lahore,Punjab,Pakistan,,,,,
825f5fdb-baef-55f6-85fe-4b9e3384c876,8955329811,node,place,neighbourhood,Kucha Haji Khuda Bakhash,,,,,OSM,,,31.577876,74.3146111,Lahore,Punjab,Pakistan,,,,,
23548c39-d3dc-5dfe-bf40-62a1a0bf5a90,8955333221,node,place,neighbourhood,Gali Munj Kuttan,,,,,OSM,,,31.5776901,74.3139197,Lahore,Punjab,Pakistan,,,,,
8d25cb05-7c85-5b60-845f-f9783af4c68f,8955333222,node,place,neighbourhood,Katra Taar Kashan,,,,,OSM,,,31.5774839,74.314293,Lahore,Punjab,Pakistan,,,,,
bd34a36d-a66d-56c6-b853-2bc3d0ee5c30,8955333224,node,place,neighbourhood,Chaapa Khana,,,,,OSM,,,31.5773682,74.3147385,Lahore,Punjab,Pakistan,,,,,
d26a0a4b-c9b0-5b33-bc5f-3d89086ec47d,8955333226,node,place,neighbourhood,Kucha Dogaran,,,,,OSM,,,31.5770099,74.3162865,Lahore,Punjab,Pakistan,,,,,
948ee19a-96b5-58de-91d7-d956aec9d520,8955333227,node,place,neighbourhood,Kucha Ghousia,,,,,OSM,,,31.5770491,74.3155968,Lahore,Punjab,Pakistan,,,,,
b8848091-1dac-502f-98f5-9c2c5e8bc5f1,8955438521,node,place,neighbourhood,Nawab Abdul Majeed,,,,,OSM,,,31.577814,74.3158735,Lahore,Punjab,Pakistan,,,,,
bb89ec95-bbdc-526e-b3c4-36fddfcc24e5,8955438528,node,place,neighbourhood,Kucha Gopi Chand,,,,,OSM,,,31.5776296,74.3166451,Lahore,Punjab,Pakistan,,,,,
7e7a5c40-c26c-54f9-b2f9-bdab5bd57316,8955438530,node,place,neighbourhood,Kucha Baal Mata,,,,,OSM,,,31.5777267,74.3166166,Lahore,Punjab,Pakistan,,,,,
ba957bac-d786-5f08-9ff4-825fcc0f67d0,8955438531,node,place,neighbourhood,کوچہ کِرپا رام,کوچہ کرپا رام,,,,OSM,,,31.5781408,74.3168179,Lahore,Punjab,Pakistan,,,,,
fc122d0b-b733-52e4-ab60-f0379da77fdc,8955438548,node,place,neighbourhood,Jora Mandi,,,,,OSM,,,31.5784333,74.315964,Lahore,Punjab,Pakistan,,,,,
b4d42479-d560-5e38-824d-b90c113206b8,8955438589,node,place,neighbourhood,Haveli Araiyan,,,,,OSM,,,31.5781066,74.3160505,Lahore,Punjab,Pakistan,,,,,
078693d4-39c4-5fcc-8983-3c4fbdb2baf4,9890918744,node,place,neighbourhood,سرائے رتن چند,,,,,OSM,,,31.5742967,74.3166668,Lahore,Punjab,Pakistan,,,,,
8504a07d-896d-5ba9-9190-cffb860bff0f,2944220295,node,amenity,police,Civil Lines Police Station,,,,,OSM,,,31.5580171,74.3236628,Lahore,Punjab,Pakistan,,,,,
b0ceba6e-0b1c-558b-992a-2a25a531c733,5259958804,node,healthcare,hospital,Rasheed Hospital,رشید ہسپتال,,,,OSM,,,31.5570942,74.3236314,Lahore,Punjab,Pakistan,,,,,
cad6f1fd-a00b-5604-ad67-2b0036d6da0d,2953190109,node,amenity,bank,سونیری بینک,سونیری بینک,,,,OSM,,,31.5604009,74.3222543,Lahore,Punjab,Pakistan,,,سونیری بینک,سونیری بینک,
acf5db54-47e3-5c4a-8cec-797fa9506590,5267608740,node,amenity,marketplace,Naqi Market,,,,,OSM,,,31.5605748,74.3216594,Lahore,Punjab,Pakistan,,,,,
70310cb6-fe84-5db7-85c9-c8bdb6689dd3,5270157815,node,amenity,marketplace,Mobile Market,,,,,OSM,,,31.5641174,74.3198678,Lahore,Punjab,Pakistan,,,,,
d992b4a9-1aeb-5752-b998-0daab61a5f9d,6441334885,node,amenity,bank,Allied Bank Ltd,,,,,OSM,,,31.5621496,74.3181158,Lahore,Punjab,Pakistan,,,,,
a98246ee-5be5-598c-96b4-fa5c978a2747,5273585131,node,amenity,bank,ایم سی بی بینک,ایم سی بی بینک,,,,OSM,,,31.5616076,74.330338,Lahore,Punjab,Pakistan,,,ایم سی بی بینک,,
1acc5068-f407-5de5-a503-097ea224b36c,5847387509,node,amenity,bank,Bank of Punjab - Lahore Head Office,,,,,OSM,,,31.5620644,74.3340951,Lahore,Punjab,Pakistan,,,,,
9673cfc3-4047-5eb2-8f23-3c19624d8681,5866384201,node,amenity,bank,Atlas Bank,,,,,OSM,,,31.5606625,74.3323129,Lahore,Punjab,Pakistan,,,,,
f915dc69-dc65-5b17-ae3a-2b9a110b61ee,4930327321,node,amenity,bank,Habib Bank,,,,,OSM,,,31.571068,74.3187444,Lahore,Punjab,Pakistan,,,,HBL,
1fe3ee60-75da-5f05-93a7-867201348917,7121753844,node,place,neighbourhood,Royal Park,,,,,OSM,,,31.5658268,74.3234152,Lahore,Punjab,Pakistan,,,,,
8f995e7d-673d-5641-a87f-91a646a3a9b1,9884398890,node,place,neighbourhood,احاطہ کشن کشور,,,,,OSM,,,31.5699098,74.3191046,Lahore,Punjab,Pakistan,,,,,
ed98e98d-8a05-57e5-8c96-76316dc0e169,4407315996,node,amenity,atm,,,,,,OSM,,,31.5701713,74.3299454,Lahore,Punjab,Pakistan,,,,,
0616a2bc-e8d3-58c5-98ee-c48ea3a1abf8,8411057822,node,amenity,bank,The Bank of Punjab,,,,,OSM,,,31.5667832,74.3261469,Lahore,Punjab,Pakistan,,,,The Bank of Punjab,
2960b655-08d1-52b3-881b-60accf64797f,9564940683,node,railway,station,لکشمی,لکشمی,,,,OSM,,,31.5686121,74.3272129,Lahore,Punjab,Pakistan,,,,Lahore Metro,
9b4be122-2bb0-5af2-8407-ee561b54288d,9886467889,node,place,neighbourhood,امرت پارک,,,,,OSM,,,31.5674577,74.3302918,Lahore,Punjab,Pakistan,,,,,
80bcb20f-cff3-5b20-90bd-fdf5ccd3d1a4,9886467893,node,place,neighbourhood,میلا رام پارک,,,,,OSM,,,31.5660532,74.3307628,Lahore,Punjab,Pakistan,,,,,
e3e56eac-34ab-5b2c-bfb6-8747bf7edca8,1097710476,node,amenity,police,Gawalmandi Police Station,,,,,OSM,,,31.5722424,74.3200365,Lahore,Punjab,Pakistan,,,,,
ad4c181b-8c7a-5b91-8430-182c6deab409,5265517204,node,amenity,marketplace,Shah Alam Market,,,,,OSM,,,31.5778376,74.3178981,Lahore,Punjab,Pakistan,,,,,
4c8e4a4f-97ba-5451-8c9c-d2e80b2fd0b8,5727083972,node,amenity,bank,ایم سی بی بینک,ایم سی بی بینک,,,,OSM,,,31.57794,74.3186431,Lahore,Punjab,Pakistan,,,ایم سی بی بینک,ایم سی بی بینک لمیٹڈ,
2b37138a-0a5a-5b2c-bfb8-b6c4864f43c7,8952413943,node,place,neighbourhood,کوچہ لوہاراں,کوچہ لوہاراں,,,,OSM,,,31.5776341,74.321384,Lahore,Punjab,Pakistan,,,,,
ee32ee5d-a3d6-56cd-9eaa-986d20239938,8952413960,node,place,neighbourhood,Mohalla Mughal Haveli,,,,,OSM,,,31.5782783,74.321819,Lahore,Punjab,Pakistan,,,,,
c0b15caa-455c-57ac-92f5-2671e49239f4,8954759571,node,place,neighbourhood,Pari Mahal,,,,,OSM,,,31.5769765,74.3181016,Lahore,Punjab,Pakistan,,,,,
845e56d8-1a6f-512e-b7d6-e43ae3d411b8,8954759572,node,place,neighbourhood,Kucha Hawa Garan,,,,,OSM,,,31.5766993,74.3190718,Lahore,Punjab,Pakistan,,,,,
b9c53e1c-bf50-5059-8987-62c359207922,8954759591,node,place,neighbourhood,Dhal Mohallah,,,,,OSM,,,31.5776596,74.318609,Lahore,Punjab,Pakistan,,,,,
0f690406-6210-5cc4-9963-df6e2ee3ce9e,8954759592,node,place,neighbourhood,Haveli Pathraan Wali,,,,,OSM,,,31.5775063,74.3203625,Lahore,Punjab,Pakistan,,,,,
7c0ee247-2f53-5f2e-9a3f-5fad18b3eb7e,9291514157,node,place,neighbourhood,Nawan Mohalla,,,,,OSM,,,31.5781858,74.3194412,Lahore,Punjab,Pakistan,,,,,
d3a965ba-448c-5a8c-8053-184f9c37f66e,9357588038,node,place,neighbourhood,محلہ تیر گراں,,,,,OSM,,,31.5783908,74.3201941,Lahore,Punjab,Pakistan,,,,,
b16ce608-5d79-50b1-850f-e04bc7ee53f5,9357588039,node,place,neighbourhood,لال کھوہ,,,,,OSM,,,31.5776369,74.3221154,Lahore,Punjab,Pakistan,,,,,
5fa4fb22-d6e7-5a4c-ac91-b3472462b9f7,9886372515,node,place,neighbourhood,گرو ارجن نگر,,,,,OSM,,,31.5749458,74.3193648,Lahore,Punjab,Pakistan,,,,,
f64cb134-566d-524c-a10c-89cfbe5fdfd1,7113813503,node,place,neighbourhood,Rehman Gali,,,,,OSM,,,31.5772455,74.3268807,Lahore,Punjab,Pakistan,,,,,
055a558b-b383-5241-a436-9371f74a5505,12223017123,node,place,neighbourhood,پریم سٹریٹ,,,,,OSM,,,31.5737511,74.3268019,Lahore,Punjab,Pakistan,,,,,
97eddad9-8e32-5d99-9efd-ee2e3e0f904f,12223034782,node,place,neighbourhood,Pathi Ground,,,,,OSM,,,31.5734408,74.3288703,Lahore,Punjab,Pakistan,,,,,
ba67165f-e6db-5516-be6d-1dd628747d1c,8406860239,node,place,neighbourhood,Empress Park,,,,,OSM,,,31.5670887,74.3372947,Lahore,Punjab,Pakistan,,,,,
f7a631a4-b31c-5a13-9fa4-2d734bef3a44,9886467896,node,place,neighbourhood,عثمانیہ کالونی,,,,,OSM,,,31.5654401,74.3329867,Lahore,Punjab,Pakistan,,,,,
5ef79518-aa33-5ff1-b8da-8d90f55c19a5,9886467898,node,place,neighbourhood,محمد نگر,,,,,OSM,,,31.5668105,74.3346959,Lahore,Punjab,Pakistan,,,,,
b3da0f9b-c257-5b21-aeb9-54170df58b47,5273631734,node,healthcare,hospital,کېرنس رېلوې روغتون,,,,,OSM,,,31.5698719,74.3384901,Lahore,Punjab,Pakistan,,,,,
539f9668-0d81-564e-aec9-8f9819d5e518,7118815828,node,place,neighbourhood,Muhammad Nagar,,,,,OSM,,,31.5671292,74.3398946,Lahore,Punjab,Pakistan,,,,,
74bfcb65-a8ae-587d-b30b-c05d224e9a73,8406860263,node,tourism,museum,Iqbal Museum,,,,,OSM,,,31.5691499,74.3403239,Lahore,Punjab,Pakistan,,,,,
a819d756-f8a7-55bb-97ab-b3577105c5d6,7118224061,node,place,neighbourhood,ٹیگور پارک,ٹیگور پارک,,,,OSM,,,31.5730788,74.3332892,Lahore,Punjab,Pakistan,,,,,
22307e05-fbf3-5c20-8107-c3173d5e0180,8058806356,node,railway,station,ریلوے اسٹیشن,ریلوے اسٹیشن,,About 550 meters distance to Lahore railway station of Pakistan Railways,,OSM,,,31.5722982,74.3361528,Lahore,Punjab,Pakistan,,,,Lahore Metro,Q107018763
9d24f50c-197a-55aa-a371-c876bd135595,11927909701,node,railway,station,لاہور جنکشن,لاہور جنکشن,,,,OSM,لاہور جنکشن ریلوے اسٹیشن,,31.5774003,74.3364805,Lahore,Punjab,Pakistan,,,,Pakistan Railways,Q3695748
c2f115ee-fc30-5621-b8ac-8f5fcf335002,5259958807,node,healthcare,hospital,Mother Care Center,,,,,OSM,,,31.5624332,74.3444831,Lahore,Punjab,Pakistan,,,,,
bcf3ee98-4115-5d08-8c28-762ba989286e,7118815844,node,place,neighbourhood,گڑہی شاہو,,,,,OSM,,,31.5617988,74.3481605,Lahore,Punjab,Pakistan,,,,,
6e219031-cc71-5ddb-afa7-92b5f95a3149,4912291893,node,amenity,bank,Hazrat Data Ali Hajveri,,,,,OSM,,,31.5792612,74.3038774,Lahore,Punjab,Pakistan,,,,,
adf78f4f-2c54-5bd9-9f73-f576cbbc592b,4912291894,node,amenity,atm,Bankislami ATM,,,,,OSM,,,31.5785455,74.3028905,Lahore,Punjab,Pakistan,,,,,
ec049747-b7b2-5455-bdad-2670474fd506,4912291895,node,amenity,bank,esahulat 60591,,,,,OSM,,,31.5788998,74.3029367,Lahore,Punjab,Pakistan,,,,,
e774120a-e546-5f90-a529-da741de330d8,4912291896,node,amenity,bank,یونائیٹڈ بینک لمیٹڈ,یونائیٹڈ بینک لمیٹڈ,,,,OSM,,,31.5790678,74.3029305,Lahore,Punjab,Pakistan,,,یونائیٹڈ بینک لمیٹڈ,,
bec7da9e-46d5-59c3-a9cb-3acfbefd67b4,4912291916,node,amenity,bank,الائیڈ بینک,الائیڈ بینک,,,,OSM,,,31.5800465,74.3009427,Lahore,Punjab,Pakistan,,,الائیڈ بینک,الائیڈ بینک لمیٹڈ,
971e1b48-1a85-510c-8168-34f2139c475d,5273387893,node,amenity,marketplace,Javed Market,,,,,OSM,,,31.5793006,74.3027695,Lahore,Punjab,Pakistan,,,,,
bd19d534-875a-5ada-94b9-ab28b1d03558,4912291884,node,amenity,bank,ایچ بی ایل پاکستان,ایچ بی ایل پاکستان,,,,OSM,,,31.5823118,74.3062794,Lahore,Punjab,Pakistan,,,ایچ بی ایل پاکستان,,
0b4c9d95-068a-5450-816b-4f311b0f4f7b,8952636156,node,place,neighbourhood,اسلام خان,,,,,OSM,,,31.5795565,74.3084469,Lahore,Punjab,Pakistan,,,,,
cf9f89c6-1a5d-514d-aec3-f500bff56760,8952636170,node,place,neighbourhood,محلہ پٹرنگاں,,,,,OSM,,,31.5803154,74.308846,Lahore,Punjab,Pakistan,,,,,
e48f32d3-d3fa-5581-9215-e2416d47e693,8952636178,node,place,neighbourhood,محلہ چومالہ,,,,,OSM,,,31.5805911,74.3079262,Lahore,Punjab,Pakistan,,,,,
f426291c-63e6-5f93-80dd-3fcc7d28eabe,8952636181,node,place,neighbourhood,Mohallah Taveela Sheikhan,,,,,OSM,,,31.5808866,74.3088652,Lahore,Punjab,Pakistan,,,,,
769ecb79-8caf-5482-9e9a-fecb41fa53fb,8952640737,node,place,neighbourhood,Mohallah Zameer Shaheed,,,,,OSM,,,31.5819936,74.309076,Lahore,Punjab,Pakistan,,,,,
f80cb55b-8549-5e3c-9f32-c9672fb15109,8952640742,node,place,neighbourhood,محلہ جوگی,محلہ جوگی,,,,OSM,,,31.5825695,74.3089966,Lahore,Punjab,Pakistan,,,,,
1cfef124-e59d-53a9-8a30-908315aee21c,8952640751,node,place,neighbourhood,Mohallah Samiyan,,,,,OSM,,,31.5832218,74.307889,Lahore,Punjab,Pakistan,,,,,
5d64a923-f0a2-57d7-a19c-1c6e6be1f6b0,8952699740,node,place,neighbourhood,Mohallah Molana Roohi,,,,,OSM,,,31.5791418,74.3092751,Lahore,Punjab,Pakistan,,,,,
21b75b59-2fd7-51f6-ab6e-87b1802b525c,8952699743,node,place,neighbourhood,Kucha Zail Daran,,,,,OSM,,,31.578808,74.3105212,Lahore,Punjab,Pakistan,,,,,
38242742-130f-500d-ba56-d402897aa06e,8952699749,node,place,neighbourhood,Kucha Kamboh Vehra,,,,,OSM,,,31.5789403,74.3110019,Lahore,Punjab,Pakistan,,,,,
e5f05468-eb6b-56b2-a850-d3372ad30848,8952746649,node,place,neighbourhood,محلہ اورنگزیب,محلہ اورنگزیب,,,,OSM,,,31.5795323,74.310496,Lahore,Punjab,Pakistan,,,,,
6708e0c4-b452-5619-9ee3-f17c9e32f4cf,8952746682,node,place,neighbourhood,Maidan Bhaiyan,,,,,OSM,,,31.579674,74.3111279,Lahore,Punjab,Pakistan,,,,,
7fb506cc-d454-51cf-92e6-b6283ad2b802,8952959128,node,place,neighbourhood,محلہ جلوٹیاں,,,,,OSM,,,31.5802853,74.3099566,Lahore,Punjab,Pakistan,,,,,
a3740766-5dc0-5d83-91f9-1537bca397a0,8953157654,node,place,neighbourhood,Mohallah Kasurian,,,,,OSM,,,31.5841956,74.3087868,Lahore,Punjab,Pakistan,,,,,
4180071c-2651-5811-8931-aeafdcba1c6a,8953157658,node,place,neighbourhood,محلہ سمیاں,,,,,OSM,,,31.5846069,74.3087152,Lahore,Punjab,Pakistan,,,,,
b5ab4fac-50a8-548a-a743-e6487cdca8fe,8955459679,node,place,neighbourhood,Kucha Muhammad Saleh,,,,,OSM,,,31.5811587,74.3101678,Lahore,Punjab,Pakistan,,,,,
1346e139-b29c-5220-921a-a5f506836aac,8955551628,node,place,neighbourhood,Kucha Shah Inayat,,,,,OSM,,,31.5807205,74.310684,Lahore,Punjab,Pakistan,,,,,
6e1a7261-59c3-5c15-9c8c-c2d9a1af8dd8,8955601818,node,place,neighbourhood,محلہ حکیماں,,,,,OSM,,,31.5836678,74.3100082,Lahore,Punjab,Pakistan,,,,,
a05683f5-353f-5324-ab98-cc4e04b58682,8955601819,node,place,neighbourhood,Jogi Teer Khana,,,,,OSM,,,31.5832551,74.3099687,Lahore,Punjab,Pakistan,,,,,
dc4a9f3d-0665-51d4-bec6-afdc419c7014,9438700392,node,place,neighbourhood,موتی ٹبہ,موتی ٹبہ,,,,OSM,,,31.5819717,74.3095337,Lahore,Punjab,Pakistan,,,,,
588402de-8970-5004-a61f-02a32a6877d7,12264993832,node,amenity,atm,,,,,,OSM,,,31.5833082,74.3095477,Lahore,Punjab,Pakistan,,,,Allied Bank Limited,
cc60c059-c28b-5619-af50-30d2356a5594,4914789548,node,amenity,bank,Meezan Bank Ltd,,,,,OSM,,,31.5793217,74.3177597,Lahore,Punjab,Pakistan,,,,,
d2258544-c905-5230-8066-997ad884a323,4914789549,node,amenity,bank,Allied Bank Ltd,,,,,OSM,,,31.5795553,74.3177689,Lahore,Punjab,Pakistan,,,,,
de973313-1cf0-5e76-ac39-6a73fa8444fd,4914789550,node,amenity,bank,Bank Al-Habib,,,,,OSM,,,31.5794582,74.317772,Lahore,Punjab,Pakistan,,,,,
e8157dcc-9b93-5b54-9bc0-f9169c2b25b4,5273391814,node,amenity,marketplace,Moti Bazar,,,,,OSM,,,31.5847227,74.3140692,Lahore,Punjab,Pakistan,,,,,
3278d503-2ec1-5620-bcec-da96dd14fdaa,5782807948,node,place,neighbourhood,Kucha Ghangoo Shah,,,,,OSM,,,31.5804525,74.3147901,Lahore,Punjab,Pakistan,,,,,
c5149262-7f36-58db-91bd-b3ff5f87cf88,8952699779,node,place,neighbourhood,Kucha Muhammadian,,,,,OSM,,,31.5798616,74.3119178,Lahore,Punjab,Pakistan,,,,,
eca25db9-557b-5080-93a0-24704140dcf5,8952699806,node,place,neighbourhood,Kucha Rang Raizan,,,,,OSM,,,31.5800862,74.3120033,Lahore,Punjab,Pakistan,,,,,
cf965dc5-3174-5bab-84d7-98894a041750,8952745580,node,place,neighbourhood,Kucha Kallu,,,,,OSM,,,31.5794416,74.312711,Lahore,Punjab,Pakistan,,,,,
fc301220-ad68-5e70-a7b2-9053b4ef0cb2,8952745606,node,place,neighbourhood,Kucha Illahi Buksh,,,,,OSM,,,31.5787579,74.3133453,Lahore,Punjab,Pakistan,,,,,
cdeabcc4-bfa1-5817-a64e-25ed667bc9b8,8952783547,node,place,neighbourhood,Kucha Darogah Nazol,,,,,OSM,,,31.5828346,74.3132795,Lahore,Punjab,Pakistan,,,,,
c5da63cc-b4ef-522d-b1bd-ae9b9d703ec0,8952783563,node,place,neighbourhood,Guggar Vehra,,,,,OSM,,,31.583072,74.3126578,Lahore,Punjab,Pakistan,,,,,
b815216d-cc08-5e2d-aefd-35a09b5943ca,8952783570,node,place,neighbourhood,کوچہ پنج پیر,کوچہ پنج پیر,,,,OSM,,,31.5821339,74.312878,Lahore,Punjab,Pakistan,,,,,
3dec9da9-e744-5135-ba99-421aebe5ec73,8952959163,node,place,neighbourhood,کوچہ خراسیاں,کوچہ خراسیاں,,,,OSM,,,31.5797076,74.3136457,Lahore,Punjab,Pakistan,,,,,
c6586670-feb6-510c-bdb4-f07b592427ce,8952959181,node,place,neighbourhood,Naya Mohallah,,,,,OSM,,,31.5800112,74.3146465,Lahore,Punjab,Pakistan,,,,,
bad67575-9213-591a-914d-11bc11f305f6,8952959183,node,place,neighbourhood,Kucha Mian Ashiq,,,,,OSM,,,31.5803252,74.3131469,Lahore,Punjab,Pakistan,,,,,
73778048-5d0a-5302-bb89-6983d27d0fe2,8953105322,node,place,neighbourhood,مجلہ رادها كِشن,مجلہ رادها كِشن,,,,OSM,,,31.5832362,74.3141067,Lahore,Punjab,Pakistan,,,,,
c48a4431-78cb-53f3-a14d-cab283c8cd2b,8953105342,node,place,neighbourhood,Kucha Maqsooden,,,,,OSM,,,31.5827253,74.314234,Lahore,Punjab,Pakistan,,,,,
259abb22-0fcd-50be-ab5d-9dd42c097b74,8953105343,node,place,neighbourhood,Kucha Haider Pehlwan,,,,,OSM,,,31.5827297,74.3145717,Lahore,Punjab,Pakistan,,,,,
3dd9c264-e971-5068-b975-b03965b54fab,8953105361,node,place,neighbourhood,Kucha Qadri,,,,,OSM,,,31.5825089,74.3148935,Lahore,Punjab,Pakistan,,,,,
8abced5c-82d3-5b4d-b294-c27a51c4df3e,8953105372,node,place,neighbourhood,Kucha Peer Mohammad Ali Shah,,,,,OSM,,,31.5836368,74.3156757,Lahore,Punjab,Pakistan,,,,,
955e16fa-05da-57c1-8b89-13d516288b6c,8953105378,node,place,neighbourhood,Gujjar Gali,,,,,OSM,,,31.5830675,74.3161624,Lahore,Punjab,Pakistan,,,,,
46503df3-cdcb-5517-9a2c-09d65129b5fe,8953105405,node,place,neighbourhood,کناری بازار,,,,,OSM,,,31.5831972,74.3177342,Lahore,Punjab,Pakistan,,,,,
630c9cad-e572-5bb6-92eb-439893f145f9,8955329807,node,place,neighbourhood,Mohallah Moalian,,,,,OSM,,,31.5785469,74.314861,Lahore,Punjab,Pakistan,,,,,
8e84e269-8a4d-5cf9-afb2-49ee0fc4f94d,8955329808,node,place,neighbourhood,Kucha Shami Hoqan,,,,,OSM,,,31.5786015,74.3139087,Lahore,Punjab,Pakistan,,,,,
cc8db689-38c8-5468-8a30-57090a9ae44e,8955329809,node,place,neighbourhood,Mohallah Chapay Garan,,,,,OSM,,,31.5788088,74.3152784,Lahore,Punjab,Pakistan,,,,,
7eb6ee70-3700-508f-875f-a8ddef7eb1f8,8955333233,node,place,neighbourhood,Kucha Khwaja Farid,,,,,OSM,,,31.5793151,74.3149259,Lahore,Punjab,Pakistan,,,,,
f46b04c2-716e-5dec-9883-ed6d6ec87247,8955459677,node,place,neighbourhood,Kucha Phalan Nanak,,,,,OSM,,,31.58075,74.3115217,Lahore,Punjab,Pakistan,,,,,
a833645d-3102-5be6-ae93-f61ff5aa4c23,8955459678,node,place,neighbourhood,Ounchi Gali,,,,,OSM,,,31.5803259,74.3124942,Lahore,Punjab,Pakistan,,,,,
e0876d02-1188-5027-b173-fa6dcb031737,8955503819,node,place,neighbourhood,Kucha Katyalan,,,,,OSM,,,31.5819955,74.3172383,Lahore,Punjab,Pakistan,,,,,
c0fb0246-585d-5b1b-b4a4-2486405d2997,8955503820,node,place,neighbourhood,Kucha Chah Telian,,,,,OSM,,,31.5813676,74.3173554,Lahore,Punjab,Pakistan,,,,,
1f2c78ec-2ba1-5cb0-b8a7-cb7737dbd7fa,8955503821,node,place,neighbourhood,Kucha Sidhu Misri,,,,,OSM,,,31.5792241,74.3171951,Lahore,Punjab,Pakistan,,,,,
9ba1c4df-af74-51da-ba66-bf1e4f772893,8955503850,node,place,neighbourhood,Kucha Dai Bholi,,,,,OSM,,,31.579397,74.3166516,Lahore,Punjab,Pakistan,,,,,
8fa781c3-b610-5ef9-a737-e61aed8fd90c,8955503902,node,place,neighbourhood,Kucha Gulzariwala,,,,,OSM,,,31.5806867,74.3172375,Lahore,Punjab,Pakistan,,,,,
83e96834-ff16-52d5-b403-b7f0c925aa71,8955503903,node,place,neighbourhood,کوچہ بہادر کالی,کوچہ بہادر کالی,,,,OSM,,,31.5797784,74.316986,Lahore,Punjab,Pakistan,,,,,
2b4d5d1e-a7a7-5bab-9063-062fc547f857,8955514534,node,place,neighbourhood,Kucha Bhagwan Das,,,,,OSM,,,31.5808469,74.312769,Lahore,Punjab,Pakistan,,,,,
0f74409d-131d-5cd6-9c3e-3eaa1f02f271,8955514535,node,place,neighbourhood,Mohallah Daran,,,,,OSM,,,31.5809824,74.3131773,Lahore,Punjab,Pakistan,,,,,
438404dc-e873-5762-aab0-57f94c208e0e,8955514539,node,place,neighbourhood,Khoi Vehra,,,,,OSM,,,31.5815339,74.3127124,Lahore,Punjab,Pakistan,,,,,
e3fc9c0b-5f2f-501f-9c00-9b94e0d7efe2,8955514549,node,place,neighbourhood,محلہ ستھاں,محلہ ستھاں,,,,OSM,,,31.5821641,74.31221,Lahore,Punjab,Pakistan,,,,,
a010ab64-1bf5-5242-befd-83703f1de755,8955514572,node,place,neighbourhood,Kucha Dhobian,,,,,OSM,,,31.582612,74.3138286,Lahore,Punjab,Pakistan,,,,,
0b7d28da-09d2-5799-9f24-4078c0d69ef3,8955514573,node,place,neighbourhood,کوچہ ہنومان,کوچہ ہنومان,,,,OSM,,,31.5820775,74.3148839,Lahore,Punjab,Pakistan,,,,,
c49b1951-4b29-5aee-8f14-2f8bcca68c7c,8955514574,node,place,neighbourhood,کوچہ اورنگزیب,کوچہ اورنگزیب,,,,OSM,,,31.5820074,74.3142321,Lahore,Punjab,Pakistan,,,,,
baf5c09d-3650-55d4-914b-b4e750cce57a,8955514575,node,place,neighbourhood,Kucha Beli Ram,,,,,OSM,,,31.5820597,74.3137706,Lahore,Punjab,Pakistan,,,,,
938424c2-a44f-5681-8345-a28310f5863f,8955514589,node,place,neighbourhood,کوٹلی کپورہ,کوٹلی کپورہ,,,,OSM,,,31.5817797,74.316634,Lahore,Punjab,Pakistan,,,,,
22b0d254-16e9-5f59-8a48-4aa69fb4e5c6,8955514601,node,place,neighbourhood,کوچہ ہری سنگھ,کوچہ ہری سنگھ,,,,OSM,,,31.5819571,74.3160447,Lahore,Punjab,Pakistan,,,,,
ec90a162-47dd-534c-bf10-4aef1120f7af,8955514602,node,place,neighbourhood,Gali Garanthian,,,,,OSM,,,31.5820463,74.3155557,Lahore,Punjab,Pakistan,,,,,
20b5f491-624a-57c4-8a14-5000cb5c806b,8955514603,node,place,neighbourhood,کوچہ درگا داس,کوچہ درگا داس,,,,OSM,,,31.581564,74.3155755,Lahore,Punjab,Pakistan,,,,,
cc2b9a26-077c-5411-85c8-1cea6fede361,8955514604,node,place,neighbourhood,Kucha Chaudhrian,,,,,OSM,,,31.5812676,74.3156653,Lahore,Punjab,Pakistan,,,,,
cc88f7af-6a3b-5a36-b202-8ffe44a0ff32,8955565598,node,place,neighbourhood,Kucha Madni,,,,,OSM,,,31.5801555,74.3137391,Lahore,Punjab,Pakistan,,,,,
dfb2f9c0-94a6-5bca-aa9b-c78abb902ad7,8955601867,node,place,neighbourhood,Neween Gali,,,,,OSM,,,31.5850237,74.314965,Lahore,Punjab,Pakistan,,,,,
1aecb1a2-f023-51ae-b6bb-1597f61f582a,8955601889,node,place,neighbourhood,Mohallah Shamsuddin,,,,,OSM,,,31.5846813,74.3158431,Lahore,Punjab,Pakistan,,,,,
9aba30ae-8756-520e-90f2-edfabbff1fdd,8955601953,node,place,neighbourhood,Kucha Mian Juma,,,,,OSM,,,31.5847601,74.3166528,Lahore,Punjab,Pakistan,,,,,
d864b107-6b34-59de-b8fe-d369f121802f,8961159941,node,place,neighbourhood,Kucha Mehtay,,,,,OSM,,,31.581007,74.3164772,Lahore,Punjab,Pakistan,,,,,
bd5e8a81-74b1-53b0-8d06-f72e7817dc25,9292561442,node,place,neighbourhood,Kucha Gasaiyan,,,,,OSM,,,31.5803708,74.3159645,Lahore,Punjab,Pakistan,,,,,
c3ad2a3a-8c33-5525-91db-c0aec78998ca,9391017610,node,place,neighbourhood,Mohallah Pir Bhola,,,,,OSM,,,31.5807792,74.3148208,Lahore,Punjab,Pakistan,,,,,
8689b0b7-7f2e-56c4-a228-f3376eac1782,9898394264,node,place,neighbourhood,Kucha Vahrian,,,,,OSM,,,31.5817073,74.3145647,Lahore,Punjab,Pakistan,,,,,
7f3f38d8-877c-5161-95de-724de691e30a,4912291854,node,amenity,bank,ایچ بی ایل پاکستان,ایچ بی ایل پاکستان,,,,OSM,,,31.5914146,74.3049471,Lahore,Punjab,Pakistan,,,ایچ بی ایل پاکستان,,
f23e476e-f7a4-5aa1-839c-96369818d274,5254181753,node,healthcare,hospital,Grand Trunk Road گرینڈ ٹرنک روڈ,,,,,OSM,,,31.5880271,74.3071164,Lahore,Punjab,Pakistan,,,,,
5f35ca61-3746-524a-ab19-f1bd5392ea98,8396145036,node,place,neighbourhood,ہیرا منڈی,ہیرا منڈی,,,,OSM,,,31.5856618,74.3091016,Lahore,Punjab,Pakistan,,,,,
971fe453-c207-58b8-b2b0-05e70c28930e,8952779745,node,place,neighbourhood,Gaddi Mohallah,,,,,OSM,,,31.5856219,74.3097265,Lahore,Punjab,Pakistan,,,,,
69fd1332-151e-50b1-aba0-614a9bd5280c,8389964097,node,place,neighbourhood,Katri Sikandar Khan,,,,,OSM,,,31.5855204,74.3174869,Lahore,Punjab,Pakistan,,,,,
1db2a376-7ca4-5869-814b-0b27c323a205,8396145035,node,place,neighbourhood,شاہی محلہ,شاہی محلہ,,,,OSM,,,31.5861434,74.3121917,Lahore,Punjab,Pakistan,,,,,
7f7a905a-24b2-58db-aa33-05a47890a7fc,8952855499,node,place,neighbourhood,Khoi Borh Wali,,,,,OSM,,,31.585954,74.3174288,Lahore,Punjab,Pakistan,,,,,
230a3d9f-a627-5ac7-8f43-83195f7ee7cf,8952855668,node,place,neighbourhood,Mohallah Barood Khana,,,,,OSM,,,31.5852739,74.3165943,Lahore,Punjab,Pakistan,,,,,
7b046a7d-efa8-5266-a854-a0b9e26cbecb,8952855688,node,place,neighbourhood,Kucha Lub Shah Wali,,,,,OSM,,,31.5851101,74.3176499,Lahore,Punjab,Pakistan,,,,,
a4845776-a146-53de-8f26-e6492a47f5a4,8955601865,node,place,neighbourhood,Langa Mandi,,,,,OSM,,,31.5852104,74.3134734,Lahore,Punjab,Pakistan,,,,,
4c463b1d-f4a7-56e5-be26-cfb91a4005a8,8955601866,node,place,neighbourhood,Haveli Topi Maashqi,,,,,OSM,,,31.5851433,74.3141472,Lahore,Punjab,Pakistan,,,,,
62b140bf-1348-5e91-80a8-d4c92ed42f4a,4912291843,node,amenity,bank,MCB Timber Market Branch,,,,,OSM,,,31.5974041,74.3000856,Lahore,Punjab,Pakistan,,,,,
4f1d3b2d-dfae-5d91-8203-f00e92a174b1,4912291844,node,amenity,bank,الائیڈ بینک,الائیڈ بینک,,,,OSM,,,31.5970333,74.3006094,Lahore,Punjab,Pakistan,,,الائیڈ بینک,الائیڈ بینک لمیٹڈ,
347d3226-c852-57f5-842f-1b6a37247448,4912291849,node,amenity,atm,Meezan Bank Ltd,,,,,OSM,,,31.5942087,74.3020604,Lahore,Punjab,Pakistan,,,,,
88f2ff05-3713-5222-8898-2284c02827f2,4912291851,node,amenity,bank,esahulat 63799,,,,,OSM,,,31.5934226,74.301102,Lahore,Punjab,Pakistan,,,,,
de47f3eb-1045-569e-90ef-2e9deeeb81b0,4912291853,node,amenity,bank,بینک الفلاح,بینک الفلاح,,,,OSM,,,31.5916812,74.3045812,Lahore,Punjab,Pakistan,,,بینک الفلاح,,
cac0ca8f-7c4e-5e40-bd0e-19c903ee4a43,7113868252,node,place,neighbourhood,Mominpura,,,,,OSM,,,31.5934957,74.30019,Lahore,Punjab,Pakistan,,,,,
1e00191e-cebc-5370-8247-275c0893cb3e,7121851912,node,place,neighbourhood,Timber Market,,,,,OSM,,,31.5990964,74.3009152,Lahore,Punjab,Pakistan,,,,,
a80cb145-e19e-5f3c-a268-044f77d52b32,4912575661,node,amenity,bank,یونائیٹڈ بینک لمیٹڈ,یونائیٹڈ بینک لمیٹڈ,,,,OSM,,,31.5926274,74.3068608,Lahore,Punjab,Pakistan,,,یونائیٹڈ بینک لمیٹڈ,,
b6dfa983-1c18-50bc-948e-aa33c1e8c2f9,8398430232,node,place,neighbourhood,Ravi Park,,,,,OSM,,,31.594578,74.3074317,Lahore,Punjab,Pakistan,,,,,
dea54e5c-3cab-5637-b6e9-f30304db8cff,2433364438,node,railway,station,بادامی باغ,,,,,OSM,Badami Bagh railway station,,31.5960294,74.3171869,Lahore,Punjab,Pakistan,,,,,Q18346557
960eb9de-bf9a-5820-b0a1-9730027bde6e,4758832666,node,amenity,marketplace,National Barah Market,,,,,OSM,,,31.5786384,74.3196373,Lahore,Punjab,Pakistan,,,,,
0d25c3bc-c2df-566a-bd3f-471940124f25,4914789543,node,amenity,bank,The Bank of Punjab,,,,,OSM,,,31.5821775,74.3185762,Lahore,Punjab,Pakistan,,,,,
054abc7a-af5c-5241-9d3c-2844e85ecd73,4914789545,node,amenity,bank,یونائیٹڈ بینک لمیٹڈ,یونائیٹڈ بینک لمیٹڈ,,,,OSM,,,31.5795973,74.3182003,Lahore,Punjab,Pakistan,,,یونائیٹڈ بینک لمیٹڈ,,
220b9a45-6ac8-5377-841e-c25627a23cdf,4914789546,node,amenity,bank,The Bank of Khyber,,,,,OSM,,,31.5794425,74.3183451,Lahore,Punjab,Pakistan,,,,,
21458440-fc56-553e-9efd-74d280f69fe3,4914789547,node,amenity,bank,Askari Bank Ltd,,,,,OSM,,,31.5790487,74.3180832,Lahore,Punjab,Pakistan,,,,,
e65f9744-1589-5b15-bc2c-3bf46c5b9c7a,4914789551,node,amenity,bank,سمٹ بینک,سمٹ بینک,,,,OSM,,,31.5790199,74.3182711,Lahore,Punjab,Pakistan,,,سمٹ بینک,سمٹ بینک,
6082ff3a-a13c-5c52-88f3-7287e7ee6a89,8398430274,node,place,neighbourhood,محلہ شیعاں کشمیریاں,محلہ شیعاں کشمیریاں,,,,OSM,,,31.5798783,74.3228087,Lahore,Punjab,Pakistan,,,,,
bb009dd4-b798-5083-a5c5-a9c4e8eecd17,8400212939,node,place,neighbourhood,Mohalla Buzurg Shah,,,,,OSM,,,31.5846847,74.322158,Lahore,Punjab,Pakistan,,,,,
7ba15aa4-67d7-51bd-86df-265fc63d7501,8952413923,node,place,neighbourhood,Kucha Molvi Mohammad Bakhsh,,,,,OSM,,,31.5796657,74.3241611,Lahore,Punjab,Pakistan,,,,,
3ae9467f-c458-51f6-aa70-a669c0e29aed,8952413939,node,place,neighbourhood,Mohalla Pir Makki,,,,,OSM,,,31.5796048,74.3235538,Lahore,Punjab,Pakistan,,,,,
c71aebba-93d1-553a-844e-adc783be25e6,8952413975,node,place,neighbourhood,باغیچی صمدو,باغیچی صمدو,,,,OSM,,,31.5790348,74.3234316,Lahore,Punjab,Pakistan,,,,,
c5a0c80c-9fa8-5590-b798-a58b1d30e038,8952895094,node,place,neighbourhood,Kucha Khak Ruban,,,,,OSM,,,31.5850046,74.3214324,Lahore,Punjab,Pakistan,,,,,
40875003-dee6-5c24-b70f-6cbbb03e56f7,8953105406,node,place,neighbourhood,Kucha Tibbian,,,,,OSM,,,31.5829356,74.3181444,Lahore,Punjab,Pakistan,,,,,
15c0db75-39d3-5abe-ad5d-1fdf8321b1fe,8955503817,node,place,neighbourhood,Haingnan Gali,,,,,OSM,,,31.5825037,74.318067,Lahore,Punjab,Pakistan,,,,,
59df7cdf-d669-53a1-b733-437455e223b9,8955503818,node,place,neighbourhood,Kucha Dhoona,,,,,OSM,,,31.5822641,74.3181031,Lahore,Punjab,Pakistan,,,,,
b0eedee3-bc3b-52c8-9b41-7d2cbe6e06e6,8961046822,node,place,neighbourhood,کٹرہ والی شاہ,کٹرہ والی شاہ,,,,OSM,,,31.5814708,74.3218887,Lahore,Punjab,Pakistan,,,,,
d1366020-353f-51a0-9450-818f48eb2b1b,8961046824,node,place,neighbourhood,Kucha Allah Wala Khan,,,,,OSM,,,31.5808985,74.3217918,Lahore,Punjab,Pakistan,,,,,
20cc6852-0213-5b1c-b996-be82193cb7cd,8961121824,node,place,neighbourhood,محلہ چلّہ بی بیاں,محلہ چلّہ بیبیاں,,,,OSM,,,31.5806213,74.3225296,Lahore,Punjab,Pakistan,,,,,
9c5db9ac-7c16-5fb0-977d-8451530daef4,8961121841,node,place,neighbourhood,Kucha Sheikh Wasawan,,,,,OSM,,,31.5814343,74.323252,Lahore,Punjab,Pakistan,,,,,
8065ea31-ff18-53df-89fe-2168d93909d4,8961121874,node,place,neighbourhood,چوہٹہ مفتی باقر,,,,,OSM,,,31.5816595,74.323444,Lahore,Punjab,Pakistan,,,,,
1cc50834-062a-5b0b-8108-70b5fff20e84,8961121891,node,place,neighbourhood,Kucha Allah Jawaya,,,,,OSM,,,31.582128,74.3235857,Lahore,Punjab,Pakistan,,,,,
f066175f-ffc4-5f9f-abf8-28ddaa650be1,8961121892,node,place,neighbourhood,کوچہ حسین شاہ,,,,,OSM,,,31.5827924,74.3239109,Lahore,Punjab,Pakistan,,,,,
b7bdb3de-8971-5d70-9f49-f1fc5262cb43,8961518748,node,place,neighbourhood,Kucha Kachiwan,,,,,OSM,,,31.5814954,74.3237853,Lahore,Punjab,Pakistan,,,,,
ebc108e9-295d-5f4f-ae23-7414b52ba6ec,8961518749,node,place,neighbourhood,خرادی محلہ,خرادی محلہ,,,,OSM,,,31.5816937,74.3240627,Lahore,Punjab,Pakistan,,,,,
2dc95fec-41fd-52e3-9aa4-38b3b5be785b,8961518750,node,place,neighbourhood,کٹرہ رحمان شاہ,کٹرہ رحمان شاہ,,,,OSM,,,31.5824956,74.3204548,Lahore,Punjab,Pakistan,,,,,
a21a6e03-4dcb-5f5e-b5f0-601e0db7219d,8961518751,node,place,neighbourhood,Katra Cheetewala,,,,,OSM,,,31.5821419,74.320577,Lahore,Punjab,Pakistan,,,,,
899af238-9a96-5f17-8057-b70eb0070763,8961518776,node,place,neighbourhood,Katra Wasi,,,,,OSM,,,31.5832261,74.3215635,Lahore,Punjab,Pakistan,,,,,
78b01474-2130-5a3b-a2ef-bd065f75aa1b,8961536045,node,place,neighbourhood,Katra Soneawala,,,,,OSM,,,31.5823868,74.3207347,Lahore,Punjab,Pakistan,,,,,
4630cc9a-a64e-5e95-a0b7-1b6ddf81a9ba,8961536076,node,place,neighbourhood,Marzayan Di Katri,,,,,OSM,,,31.5818034,74.32117,Lahore,Punjab,Pakistan,,,,,
5ef3dbc3-de49-5c49-93bc-b288d70cf899,8961584263,node,place,neighbourhood,Kucha Killi Khana,,,,,OSM,,,31.5818162,74.3194982,Lahore,Punjab,Pakistan,,,,,
b949dd96-2fa3-5bda-b6a1-1c69efa3920e,8961588463,node,place,neighbourhood,Kucha Mian Gaman,,,,,OSM,,,31.5797027,74.3213615,Lahore,Punjab,Pakistan,,,,,
2730b032-1ba0-5491-b613-945c4cf67404,8961808291,node,place,neighbourhood,Ahata Sarbuland,,,,,OSM,,,31.5835752,74.3240629,Lahore,Punjab,Pakistan,,,,,
bf9a7dc5-3b81-5ac4-ad6b-6d47a0b929be,9031673145,node,place,neighbourhood,Bazaar Billa Kabotarbaaz,,,,,OSM,,,31.5836731,74.3189573,Lahore,Punjab,Pakistan,,,,,
c2989b66-4a8f-53f9-83fe-7901217e7bec,9354965761,node,place,neighbourhood,تکیۂ سادھواں,تکیہ سادھواں,,,,OSM,,,31.581301,74.3212066,Lahore,Punjab,Pakistan,,,,,
24cf2c45-8c2c-547f-a6b4-8e8a58e1ad4a,9357710312,node,place,neighbourhood,کوچہ ماشکیاں,,,,,OSM,,,31.5795682,74.3209058,Lahore,Punjab,Pakistan,,,,,
5f279b27-8836-5d46-bd11-65675d42f0e6,9390999609,node,place,neighbourhood,گوندی گلی,,,,,OSM,,,31.5826034,74.3242258,Lahore,Punjab,Pakistan,,,,,
fb64d1d2-bc9c-559a-b7ff-a9fb10cf53bd,9391022970,node,place,neighbourhood,محلہ ککے زیاں,محلہ ککے زیاں,,,,OSM,,,31.5826316,74.3224366,Lahore,Punjab,Pakistan,,,,,
f6a775bb-41c9-514a-a9f1-a5507630963b,4912814988,node,amenity,bank,جے ایس بینک,جے ایس بینک,,,,OSM,,,31.5791213,74.3257525,Lahore,Punjab,Pakistan,,,جے ایس بینک,جے ایس بینک,
ea298552-1d84-5c77-8d6f-bb6f5423e5d7,4912814989,node,amenity,bank,NIB Bank,,,,,OSM,,,31.5792569,74.3258481,Lahore,Punjab,Pakistan,,,,,
1d9a25a1-8829-58c1-94b4-7410a05395de,4914581261,node,amenity,bank,ایچ بی ایل پاکستان,ایچ بی ایل پاکستان,,,,OSM,,,31.5787285,74.3252528,Lahore,Punjab,Pakistan,,,ایچ بی ایل پاکستان,,
e123376f-2653-50f0-9c36-f96b2631a902,4914581262,node,amenity,bank,اسٹینڈرڈ چارٹرڈ,اسٹینڈرڈ چارٹرڈ,,,,OSM,,,31.5785778,74.3251254,Lahore,Punjab,Pakistan,,,اسٹینڈرڈ چارٹرڈ,اسٹینڈرڈ چارٹرڈ,
6ecd7850-8747-5673-b955-38d31be5bf37,4914581263,node,amenity,bank,Summit Bank,,,,,OSM,,,31.5793165,74.3254227,Lahore,Punjab,Pakistan,,,,,
c0920b1d-d772-5a9e-a3a5-ef87208d4fd3,4914581264,node,amenity,bank,بينک الحبيب,بينک الحبيب,,,,OSM,,,31.5792185,74.3253325,Lahore,Punjab,Pakistan,,,بينک الحبيب,,
d02b7943-7ba0-5353-947f-accd8acb7dbf,4914581266,node,amenity,bank,بینک الفلاح,بینک الفلاح,,,,OSM,,,31.5800582,74.3264969,Lahore,Punjab,Pakistan,,,بینک الفلاح,,
294ee705-7892-56a1-a048-36a090e91f96,4914581267,node,amenity,bank,The Bank Of Punjab,,,,,OSM,,,31.580622,74.3269747,Lahore,Punjab,Pakistan,,,,,
ce3fda59-7678-5a94-b92c-4616b31513f9,4914581274,node,amenity,marketplace,Mustafa Market,,,,,OSM,,,31.5826323,74.3286572,Lahore,Punjab,Pakistan,,,,,
e97437bd-bc85-5dd6-8fc8-b897965c34b6,5259593880,node,healthcare,hospital,Mian Muhammad Nawaz Sharif Hospital,,,,,OSM,,,31.5845909,74.3269866,Lahore,Punjab,Pakistan,,,,,
3e2abafd-6c3d-5240-b2fb-12d9013cc85e,7482472682,node,amenity,police,Yakki Gate Police Station,,,,,OSM,,,31.5829738,74.3283227,Lahore,Punjab,Pakistan,,,,Punjab Police,
7b5cdd21-4430-5b8e-82e1-8c0594264488,8391186370,node,place,neighbourhood,محمدی محلہ,محمدی محلہ,,,,OSM,,,31.5825473,74.3251602,Lahore,Punjab,Pakistan,,,,,
bdf95e23-78c6-5b98-970d-c92576f619d5,8396341122,node,place,neighbourhood,چرخ گراں,چرخ گراں,,,,OSM,,,31.5826932,74.3258744,Lahore,Punjab,Pakistan,,,,,
db8421bd-c91a-5e01-bee9-e58b82f8a975,8398453339,node,amenity,marketplace,Gur Mandi,,,,,OSM,,,31.5816557,74.3254828,Lahore,Punjab,Pakistan,,,,,
e8357b57-0a2d-5e7e-8140-62d477508496,8952413855,node,place,neighbourhood,Kucha Maali Taili,,,,,OSM,,,31.5835588,74.3261402,Lahore,Punjab,Pakistan,,,,,
15d96a31-6aeb-5723-9e59-c9a69567c7bd,8952413867,node,place,neighbourhood,Haveli Mian Khan,,,,,OSM,,,31.5828556,74.3253779,Lahore,Punjab,Pakistan,,,,,
a0b40268-0636-58ac-ba9c-27e9b9d41438,8952413870,node,place,neighbourhood,Bairoon Dehli Gate,,,,,OSM,,,31.5819071,74.3269563,Lahore,Punjab,Pakistan,,,,,
eeeb1e7b-78a0-54f2-b12b-5c19de32b44f,8952413871,node,place,neighbourhood,Kucha Mian Khair Din,,,,,OSM,,,31.5839406,74.3279558,Lahore,Punjab,Pakistan,,,,,
0e04b44b-aae2-54c5-84e2-80ce5a0b3766,8952413872,node,place,neighbourhood,Anderoon Yakki Gate,,,,,OSM,,,31.5834429,74.3277685,Lahore,Punjab,Pakistan,,,,,
e04abaf4-6947-5006-81c6-f5dfd596b78d,8952413880,node,place,neighbourhood,Katra Neem Wala,,,,,OSM,,,31.5825889,74.3266657,Lahore,Punjab,Pakistan,,,,,
3e52d0eb-cf40-5e0b-b9b5-e2b3fbf49038,8952413881,node,place,neighbourhood,Kucha Deputy Aslam Shah,,,,,OSM,,,31.5833459,74.3273803,Lahore,Punjab,Pakistan,,,,,
6ee8d188-8887-517b-9d44-eee0597f3d86,8952895533,node,place,neighbourhood,Katri Mian Mohammad Nadir,,,,,OSM,,,31.5840165,74.3261369,Lahore,Punjab,Pakistan,,,,,
94efd2a9-64f9-5048-aae3-c89635955df9,9884420613,node,place,neighbourhood,Haveli Misran,,,,,OSM,,,31.5807942,74.3250733,Lahore,Punjab,Pakistan,,,,,
ddd9491c-ac71-5adb-add5-98bd47fa502c,12219898610,node,place,neighbourhood,سرائے سلطان,,,,,OSM,,,31.5787825,74.3306712,Lahore,Punjab,Pakistan,,,,,
185fbd08-678d-529c-a0ca-b70a664b651f,2952892667,node,amenity,police,Lari Adda Police Station,,,,,OSM,,,31.5912644,74.3188773,Lahore,Punjab,Pakistan,,,,,
dcc5bdab-e752-5551-91d0-60cc8f9869cd,4914581283,node,amenity,bank,فیصل بینک,فیصل بینک,,,,OSM,,,31.5881257,74.3203927,Lahore,Punjab,Pakistan,,,فیصل بینک,,
8f1e49fd-1781-594e-800d-cc2dfc5eadba,4914581284,node,amenity,bank,Askari Bank Limited,,,,,OSM,,,31.5886171,74.3190371,Lahore,Punjab,Pakistan,,,,,
9fcd6340-ed34-5277-b9db-09dbbbb0c9b9,5265971843,node,amenity,marketplace,Al Rehman Arts Azam Cloth Market,,,,,OSM,,,31.5855953,74.3205771,Lahore,Punjab,Pakistan,,,,,
10941f42-8242-5db7-984a-fd99cd283dba,8389964098,node,place,neighbourhood,کٹری باوا,کٹری باوا,,,,OSM,,,31.5868975,74.3194264,Lahore,Punjab,Pakistan,,,,,
fb27b885-7eba-5c58-a528-80379c03fa1e,8952395642,node,place,neighbourhood,Line Subhan Khan,,,,,OSM,,,31.5860502,74.3235021,Lahore,Punjab,Pakistan,,,,,
f24f0ae5-0f4d-5771-84a0-6f6e98904c14,8952416382,node,place,neighbourhood,Kucha Rajputan,,,,,OSM,,,31.5861135,74.3208247,Lahore,Punjab,Pakistan,,,,,
92b2cd96-5acb-5c4a-b923-d71ff319c593,8952416390,node,place,neighbourhood,Mohalla Khizri,,,,,OSM,,,31.5854717,74.3232401,Lahore,Punjab,Pakistan,,,,,
eae34156-3021-5baa-9fd7-d34effb82549,8952855444,node,place,neighbourhood,Murad Ali Shah,,,,,OSM,,,31.5874247,74.3184519,Lahore,Punjab,Pakistan,,,,,
94f696c0-2154-530f-b9fd-e83b741884de,8952855455,node,place,neighbourhood,Kucha Masoom Ali Shah,,,,,OSM,,,31.5871975,74.3190682,Lahore,Punjab,Pakistan,,,,,
38a60a94-0726-52e9-83b2-89078d383c7b,8952855667,node,place,neighbourhood,Kucha Bahadurdin,,,,,OSM,,,31.5855091,74.3180306,Lahore,Punjab,Pakistan,,,,,
412e9807-84c3-509f-8fb9-665f54a07fe0,8952895091,node,place,neighbourhood,Rara Tailiyaan,,,,,OSM,,,31.5855212,74.3214911,Lahore,Punjab,Pakistan,,,,,
5233e687-eb6e-549c-ab5d-336ad3207370,304952901,node,place,neighbourhood,,,,,,OSM,,,31.5888815,74.3277563,Lahore,Punjab,Pakistan,,,,,
9291cb55-659c-5c96-9394-6f9939cde346,5260182540,node,healthcare,hospital,Rabia Welfare Hospital,,,,,OSM,,,31.589899,74.3287333,Lahore,Punjab,Pakistan,,,,,
a9f323c6-8dab-572d-990e-07ac81b82874,8952416411,node,place,neighbourhood,Nawan Mohalla,,,,,OSM,,,31.5858081,74.3248229,Lahore,Punjab,Pakistan,,,,,
67f447c4-05dc-5d3c-a485-7ec3d01d581c,8396280095,node,amenity,police,Misri Shah Police Station,,,,,OSM,,,31.5842145,74.34232,Lahore,Punjab,Pakistan,,,,,
5c733a8e-d7e1-53de-ace7-26ecceb13dfa,5255562364,node,healthcare,hospital,Tariq Hospital,,,,,OSM,,,31.5854742,74.3361973,Lahore,Punjab,Pakistan,,,,,
f118468b-74f4-5986-84e5-16ee17e94971,5255562365,node,healthcare,hospital,قومی ہسپتال اور میڈیکل سینٹر,,,,,OSM,,,31.5869836,74.3370342,Lahore,Punjab,Pakistan,,,,,
c092d50e-6d0b-5054-9741-8df4944c7f68,5255562363,node,healthcare,hospital,Hameed Latif Hospital Misri Shah Branch,,,,,OSM,,,31.5855462,74.3378224,Lahore,Punjab,Pakistan,,,,,
4ebf58e9-65d9-5249-be0b-76736b9c1240,11621433836,node,place,neighbourhood,داتا نگر,,,,,OSM,,,31.5986328,74.3190645,Lahore,Punjab,Pakistan,,,,,
761f01a3-182e-5d7b-9bde-b1d57b2b7ea4,304952983,node,place,neighbourhood,Shad Bagh,,,,,OSM,,,31.5981297,74.3341065,Lahore,Punjab,Pakistan,,,,,
17d2cd96-7688-5fdf-a862-97549cdb2fea,5260103794,node,healthcare,hospital,City Hospital,,,,,OSM,,,31.5868674,74.346845,Lahore,Punjab,Pakistan,,,,,
b9e5d3a9-27b1-558e-a674-1f06bd0fb172,611926128,way,railway,station,Chauburji,,,,,OSM,,,31.5523541,74.302779,Lahore,Punjab,Pakistan,,,,Lahore Metro,
aff6b86a-2466-5a36-aedb-5fb0d62cc35f,905357072,way,leisure,park,Poonch House Ground,,,,,OSM,,,31.55172,74.3034397,Lahore,Punjab,Pakistan,,,,,
20dc10b7-45cc-5e85-9046-e8ba8598d867,383931836,way,leisure,park,Rameeza Park,,,,,OSM,,,31.5510985,74.3236247,Lahore,Punjab,Pakistan,,,,,
4d1695bd-3382-5466-bf86-92837127c1e6,620976934,way,place,neighbourhood,Patiala House Colony,,,,,OSM,,,31.5513073,74.3369418,Lahore,Punjab,Pakistan,,,,,
1d9da2e8-3596-5120-82d7-5e50bb2a9461,762198666,way,leisure,park,Munnu Bhai Park,,,,,OSM,,,31.5582549,74.3034338,Lahore,Punjab,Pakistan,,,,,
31173529-96b6-5d83-ae8b-f980e294a14b,291407215,way,leisure,park,,,,,,OSM,,,31.5541288,74.304866,Lahore,Punjab,Pakistan,,,,,
03e8fabd-b96b-51b2-b817-825d8a55aae1,607871652,way,place,neighbourhood,ریواز گارڈن,ریواز گارڈن,,,,OSM,,,31.5588817,74.3031998,Lahore,Punjab,Pakistan,,,,,
270a73e8-cb19-52fc-aedd-d4b107aa6825,524304150,way,leisure,park,,,,,,OSM,,,31.5607761,74.3023286,Lahore,Punjab,Pakistan,,,,,
31f4be74-7cb4-586c-b720-e7171ad1b7bf,620720973,way,landuse,cemetery,,,,,,OSM,,,31.5634597,74.3009522,Lahore,Punjab,Pakistan,,,,,
9e3c69b8-cc18-5983-aebd-553016d33cfb,762198667,way,leisure,park,,,,,,OSM,,,31.5596242,74.3038816,Lahore,Punjab,Pakistan,,,,,
c534b78e-966a-557e-ac6a-2d9fe1a9aa99,319650864,way,tourism,museum,,,,,,OSM,,,31.5578596,74.3059657,Lahore,Punjab,Pakistan,,,,,
42fd2970-30b3-55ac-8ab3-fb9702c37f88,611907666,way,place,neighbourhood,Muslim Gunj,,,,,OSM,,,31.5562928,74.3083784,Lahore,Punjab,Pakistan,,,,,
93c2769f-429a-5e5c-8453-5de5945305a9,1009490638,way,healthcare,hospital,بشیر میموریل ٹرسٹ ہسپتال آنکھ,,,,,OSM,,,31.55814,74.3086301,Lahore,Punjab,Pakistan,,,,unknown,
a702ab55-982f-52a2-b66a-016e1d3c6aa5,617274671,way,healthcare,hospital,Mozang Teaching Hospital,,,,,OSM,,,31.5548344,74.3152148,Lahore,Punjab,Pakistan,,,,,
a897763e-ad6e-54ee-b969-b611ecfe7937,290912171,way,amenity,bank,Postal Life Insurance Building,,,,,OSM,,,31.5653664,74.3123489,Lahore,Punjab,Pakistan,,,,,
48756c55-7adf-5d94-80a4-ae02bd531a87,474918453,way,amenity,bank,نیشنل بینک آف پاکستان,نیشنل بینک آف پاکستان,,,,OSM,,,31.5657408,74.3119355,Lahore,Punjab,Pakistan,,,نیشنل بینک آف پاکستان,نیشنل بینک آف پاکستان,
fc0fe872-3c61-511b-85dd-26b26089b624,611914799,way,place,neighbourhood,Regal Chowk,,,,,OSM,,,31.5616481,74.3194262,Lahore,Punjab,Pakistan,,,,,
f188bcaa-c8f0-5835-b960-0bb9c4db5976,611921782,way,railway,station,جی پی او,جی پی او,,,,OSM,,,31.5655549,74.3142457,Lahore,Punjab,Pakistan,,,,,Q108689645
3327b669-25bc-5295-988c-5e66b28c5481,619297341,way,leisure,park,,,,,,OSM,,,31.5620801,74.3114528,Lahore,Punjab,Pakistan,,,,,
7d382720-cfc3-5e73-af70-5394caff4720,611921783,way,railway,station,Anarkali,,,,,OSM,,,31.5624809,74.309333,Lahore,Punjab,Pakistan,,,,Lahore Metro,
5b5dcf6a-c24b-55db-8d13-30b08615e856,620720971,way,leisure,park,,,,,,OSM,,,31.5637422,74.3051708,Lahore,Punjab,Pakistan,,,,,
4764cbc5-d8f2-5668-a422-37ac8d6c5ef9,474918455,way,leisure,park,,,,,,OSM,,,31.5690925,74.3056428,Lahore,Punjab,Pakistan,,,,,
ff8b0c46-dab1-5cc0-8752-20a915a59884,606849269,way,healthcare,hospital,داتا دربار ہسپتال,,,,,OSM,,,31.5780358,74.3018245,Lahore,Punjab,Pakistan,,,,,
6387a80b-cf03-5749-bc49-17a4540302f6,611907251,way,place,neighbourhood,ہندو ہاسٹل,ہندو ہاسٹل,,,,OSM,,,31.5713088,74.3028649,Lahore,Punjab,Pakistan,,,,,
7f2819a9-32ce-5867-a6d0-3ee0782484aa,1436259181,way,leisure,park,,,,,,OSM,,,31.5762128,74.3033061,Lahore,Punjab,Pakistan,,,,,
d4231eb5-c84c-502f-af26-fc1b29944afd,1436259187,way,leisure,park,nearby PARK,,,,,OSM,,,31.575626,74.3028695,Lahore,Punjab,Pakistan,,,,,
d572f3a4-49a8-5257-a876-af9ddcc70ee3,611908977,way,natural,water,,,,,,OSM,,,31.5706827,74.3063925,Lahore,Punjab,Pakistan,,,,,
8da688dd-f6ee-5870-9bdc-20afe3cac2c5,620433198,way,natural,water,,,,,,OSM,,,31.5690292,74.3057422,Lahore,Punjab,Pakistan,,,,,
e50d8d14-06d4-5dc0-b9b6-e497224d0342,792447292,way,tourism,museum,لاہور عجائب خانه,,,,,OSM,,,31.568181,74.3082243,Lahore,Punjab,Pakistan,,,,,
0056c250-29ed-5977-8eac-1cb9a00313e3,292012220,way,leisure,park,,,,,,OSM,,,31.5700002,74.3157711,Lahore,Punjab,Pakistan,,,,,
01d997ad-9a6d-5eb9-b543-cd9a8592eda9,619297854,way,landuse,cemetery,,,,,,OSM,,,31.5687524,74.3141268,Lahore,Punjab,Pakistan,,,,,
7fe4e017-cdd1-5241-a216-e9de2e50061c,151736920,way,healthcare,hospital,مایو روغتون,,,,,OSM,,,31.572292,74.3150063,Lahore,Punjab,Pakistan,,,,,
6d980bbb-b60a-52d1-bf44-a1a0efd2bb40,290775913,way,leisure,park,ناصر باغ,ناصر باغ,Band Stand Garden,,,OSM,,,31.5708966,74.3062156,Lahore,Punjab,Pakistan,,,,,
efae24d4-a312-5639-a5ed-c1d85f750a97,618362506,way,leisure,park,Patiala Ground,,,,,OSM,,,31.5672666,74.3176241,Lahore,Punjab,Pakistan,,,,,
e026a4fe-2819-59c2-b9d2-3ca717e60f17,619293738,way,place,neighbourhood,Gandhi Square,,,,,OSM,,,31.5720015,74.3180187,Lahore,Punjab,Pakistan,,,,,
284748cc-3c77-56b1-9bc4-f45027037af4,761865320,way,leisure,park,Mori Gate Park,,,,,OSM,,,31.5776403,74.3107607,Lahore,Punjab,Pakistan,,,,,
078bfe98-5a8e-54cb-b91c-e1c7afada0dc,1080122653,way,place,neighbourhood,Mohallah Maulian,,Mohallah Mollian,,,OSM,,,31.5783753,74.3147821,Lahore,Punjab,Pakistan,,,,,
be16783b-f077-5bb6-a8f0-b6da7adaab91,761865319,way,amenity,police,Lower Mall Police Station,,,,,OSM,,,31.5761585,74.3074335,Lahore,Punjab,Pakistan,,,,,
24e8a09b-19a4-5733-893d-838b4a211e90,761865321,way,leisure,park,Azad Park,,,,,OSM,,,31.5745688,74.3166442,Lahore,Punjab,Pakistan,,,,,
5f0f2a55-a0f0-5724-948b-35b4eefc2adf,967931895,way,amenity,marketplace,Super Shah Alam Market,,,,,OSM,,,31.5763404,74.3161971,Lahore,Punjab,Pakistan,,,,,
a07f0793-1636-5d41-b4bf-f688b619388f,1078378369,way,place,neighbourhood,سرائے رتن چند,,,,,OSM,,,31.5743001,74.316678,Lahore,Punjab,Pakistan,,,,,
e41ebbf3-5d2e-5d52-b37d-5ea7fba50a8f,231838075,way,healthcare,hospital,سر گنگا رام ہسپتال,,,,,OSM,,,31.554194,74.3219281,Lahore,Punjab,Pakistan,,,,,
25e0b861-2382-50a2-b511-8d9227b647ca,618635245,way,healthcare,hospital,,,,,,OSM,,,31.5557136,74.3218857,Lahore,Punjab,Pakistan,,,,,
5c2c661e-5434-52dc-ab3c-fc0627de124c,234109908,way,leisure,park,,,,,,OSM,,,31.5587795,74.3277428,Lahore,Punjab,Pakistan,,,,,
e18cca8a-9060-5f21-9100-aacae97e38ca,611695199,way,place,neighbourhood,Royal Park,,,,,OSM,,,31.5652565,74.324376,Lahore,Punjab,Pakistan,,,,,
9699533e-6a8e-567f-b47d-e8c07bdfeab3,618202774,way,healthcare,hospital,,,,,,OSM,,,31.5568,74.3235524,Lahore,Punjab,Pakistan,,,,,
e87c19c6-9ae9-531f-aa55-e20c0e3ba82e,1078384819,way,place,neighbourhood,Mela Ram Park,,,,,OSM,,,31.5660927,74.3308059,Lahore,Punjab,Pakistan,,,,,
f8cd4d3c-2c51-54eb-bf71-c3a08ecf4236,611950728,way,leisure,park,,,,,,OSM,,,31.5603963,74.3248339,Lahore,Punjab,Pakistan,,,,,
c596b962-9c8e-504e-9ef9-afa15078078b,611950729,way,leisure,park,,,,,,OSM,,,31.5604445,74.3252016,Lahore,Punjab,Pakistan,,,,,
6a0b2b40-2eef-5030-98d5-03eeb2362cdc,611950730,way,leisure,park,,,,,,OSM,,,31.5601578,74.3252355,Lahore,Punjab,Pakistan,,,,,
7617a132-ae08-5b3c-8f14-d0eba40caa53,611950731,way,leisure,park,,,,,,OSM,,,31.5599425,74.3247778,Lahore,Punjab,Pakistan,,,,,
a0cfda28-3088-5a72-a164-26dd09489a1b,761664420,way,leisure,park,Queen Victoria Park,,,,,OSM,,,31.5625422,74.325593,Lahore,Punjab,Pakistan,,,,,
45305c07-bd71-5273-b27e-784512b8cb3f,607867497,way,place,neighbourhood,Mayo Gardens,,,,,OSM,,,31.555155,74.3496385,Lahore,Punjab,Pakistan,,,,,
b601fae8-8015-5b83-8965-128eaaeae860,611956191,way,landuse,cemetery,Bibi Pak Daman Cemetery,,,,,OSM,,,31.5651086,74.3397209,Lahore,Punjab,Pakistan,,,,,
4397b081-c045-50f7-8153-d9cc74c5b1d0,611961916,way,place,neighbourhood,شملہ پہاڑی,شملہ پہاڑی,,,,OSM,,,31.5620983,74.3375487,Lahore,Punjab,Pakistan,,,,,
7332039d-0267-5066-aa0d-e3ee164824cd,617293710,way,landuse,cemetery,Musafir Khana Cemetery,,,,,OSM,,,31.5626962,74.3435414,Lahore,Punjab,Pakistan,,,,,
936cd1e6-f2ac-505f-9a31-88aeb4b59b72,618368058,way,landuse,cemetery,Jan Muhammad Hazoori Cemetery,,,,,OSM,,,31.5638493,74.3445675,Lahore,Punjab,Pakistan,,,,,
9972f728-fda1-540d-b18b-ff4e8ced95cd,905722992,way,landuse,cemetery,,,,,,OSM,,,31.5654523,74.3426836,Lahore,Punjab,Pakistan,,,,,
0612568d-d977-535c-b838-d944c3ed1e88,1078384820,way,place,neighbourhood,Usmania Colony,,,,,OSM,,,31.5653627,74.3331863,Lahore,Punjab,Pakistan,,,,,
ebdac455-8c3f-5ab1-9ac3-aabfab538601,232952807,way,leisure,park,Simla Hill,,,,,OSM,,,31.5622699,74.3359259,Lahore,Punjab,Pakistan,,,,,
625c0e19-6efb-55cd-919c-9c4ddc24c376,611956197,way,landuse,cemetery,,,,,,OSM,,,31.5642505,74.3400575,Lahore,Punjab,Pakistan,,,,,
9c2af2bc-0b27-5711-b93b-7f4c7c780623,611921100,way,railway,station,لکشمی,لکشمی,,,,OSM,,,31.5686611,74.3270935,Lahore,Punjab,Pakistan,,,,Lahore Metro,Q108689642
cd6a5b0d-f386-574e-9ebd-26609acfaef5,617293801,way,landuse,cemetery,Mominpura Cemetery,,,,,OSM,,,31.567769,74.3273299,Lahore,Punjab,Pakistan,,,,,
db26c8ac-5f06-5cc7-b8cf-0dde7c8df70e,611963745,way,place,neighbourhood,Lakshmi Chowk,,,,,OSM,,,31.5673103,74.3247612,Lahore,Punjab,Pakistan,,,,,
7b93005c-8857-5f2d-81c2-3efabba78563,617283046,way,place,neighbourhood,رام گلی,رام گلی,,,,OSM,,,31.5771043,74.3278238,Lahore,Punjab,Pakistan,,,,,
6d3b2bfe-7218-513a-a16e-c262454474e2,618368067,way,place,neighbourhood,Amrit Park,,,,,OSM,,,31.5672765,74.3303112,Lahore,Punjab,Pakistan,,,,,
c391093a-ef80-5e0e-b1cd-306c34d3866f,618368068,way,leisure,park,Madina Park (Mela Ram Park),,,,,OSM,,,31.5659918,74.3309848,Lahore,Punjab,Pakistan,,,,,
c49d1df9-edb2-5726-ba69-2ebeda163f82,316565601,way,leisure,park,موچی باغ,موچی باغ,,,,OSM,,,31.5770457,74.3228379,Lahore,Punjab,Pakistan,,,,,
cc7ed264-81b4-5c80-b7f1-7ed9abe1accb,320898452,way,amenity,police,تھانہ رنگ محل,تھانہ رنگ محل,,,,OSM,,,31.5765833,74.3211251,Lahore,Punjab,Pakistan,,,,,
cd481f23-6337-563c-a3cc-3a77e1076af1,619293346,way,place,neighbourhood,گرو ارجن نگر,,,,,OSM,,,31.5751196,74.3194351,Lahore,Punjab,Pakistan,,,,,
fac005d7-03be-52c9-b9e6-4d779e5a8cdd,905737705,way,leisure,park,Mian Hamid Bin Hameed Park,,,,,OSM,,,31.5764202,74.3194708,Lahore,Punjab,Pakistan,,,,,
c42af29f-a484-5ea0-8460-37e0f2580a4c,761860753,way,healthcare,hospital,Government Nawaz Sharif Hospital,,,,,OSM,,,31.5738554,74.3296375,Lahore,Punjab,Pakistan,,,,,
89577ad9-76ae-554a-8aff-e298a45ca0ca,611958990,way,amenity,marketplace,Naulakha Landa Bazar,,,,,OSM,,,31.5712995,74.335811,Lahore,Punjab,Pakistan,,,,,
cb7bc334-bf54-586d-8ec6-85375f6e0593,1078384821,way,place,neighbourhood,Muhammad Nagar,,,,,OSM,,,31.5666739,74.3347478,Lahore,Punjab,Pakistan,,,,,
dd28c7bd-e6d2-5fb3-bf4e-456727f7e7b9,611960627,way,tourism,museum,Javed Manzil,,,,,OSM,,,31.5691865,74.340421,Lahore,Punjab,Pakistan,,,,,
f6f2ea9e-0fbe-5443-9779-671f2d57373a,612408503,way,place,neighbourhood,سوامی نگر,سوامی نگر,,,,OSM,,,31.5796368,74.3470912,Lahore,Punjab,Pakistan,,,,,
e64eb45d-c456-50c1-875e-df4bf4a47a01,619288176,way,place,neighbourhood,Tagore Park,,,,,OSM,,,31.5725364,74.3329054,Lahore,Punjab,Pakistan,,,,,
d4a773c1-710f-5aee-bc31-f206861f38d4,761860752,way,amenity,police,Naulakha Police Station,,,,,OSM,,,31.5783334,74.333579,Lahore,Punjab,Pakistan,,,,,
9a0f1b16-c93a-5bf7-b41a-554a7698566b,905989171,way,leisure,park,,,,,,OSM,,,31.5773989,74.3348413,Lahore,Punjab,Pakistan,,,,,
7a120c6c-ba3f-5ea3-9767-0e8cf4777f03,620974669,way,landuse,cemetery,Garhi Shahu Cemetery,,,,,OSM,,,31.5581861,74.3500184,Lahore,Punjab,Pakistan,,,,,
5eb62b96-059c-518f-a52e-ed433cdbb805,234077331,way,leisure,park,,,,,,OSM,,,31.5656084,74.3505769,Lahore,Punjab,Pakistan,,,,,
6ed59ad5-9fec-5823-9efe-40046745e62c,618368052,way,leisure,park,Kisi Bagh,,,,,OSM,,,31.5631912,74.3498685,Lahore,Punjab,Pakistan,,,,,
cd306921-5a9c-5754-ba79-616d462ee051,611900576,way,place,neighbourhood,Railway Colony,,,,,OSM,,,31.5724553,74.3509465,Lahore,Punjab,Pakistan,,,,,
942c9c4b-ea43-5a9e-818d-d11c12296eef,605413065,way,leisure,park,,,,,,OSM,,,31.5790484,74.3042703,Lahore,Punjab,Pakistan,,,,,
ecbee037-85b9-5ab5-92e5-3cb0a14e2d66,967958324,way,leisure,park,مدثر حنیف پارک,,,,,OSM,,,31.5825795,74.3004223,Lahore,Punjab,Pakistan,,,,,
74eb722c-34e5-5522-9d91-7a3e437d423e,607141028,way,landuse,cemetery,پیر مکی قبرستان,پیر مکی قبرستان,,,,OSM,,,31.584081,74.3052349,Lahore,Punjab,Pakistan,,,,,
9e2c2477-622c-5f14-a0cf-9bff9ede2410,1223364756,way,place,neighbourhood,محلّہ ہجویری,محلّہ ہجویری,,,,OSM,,,31.5802014,74.3043819,Lahore,Punjab,Pakistan,,,,,
b61a29ea-4775-5544-b0a1-2a64c4cec367,762987135,way,leisure,park,Madina Masjid Park,,,,,OSM,,,31.5869084,74.3003716,Lahore,Punjab,Pakistan,,,,,
1133aa5b-afde-5b59-8716-4fad2294fd8d,762987136,way,leisure,park,WAPDA Garden,,,,,OSM,,,31.588285,74.301486,Lahore,Punjab,Pakistan,,,,,
e2a8ff7e-6c45-5cc8-b3e3-bc5c2290dca5,762987137,way,leisure,park,شاہجہاں اسٹریٹ پارک,,,,,OSM,,,31.5884985,74.3003991,Lahore,Punjab,Pakistan,,,,,
ceb2b392-a229-532f-9c17-e226c438185e,607182313,way,natural,water,,,,,,OSM,,,31.5791636,74.3049731,Lahore,Punjab,Pakistan,,,,,
c7f84f1a-fe37-5683-ae54-6216175497e0,607182314,way,natural,water,,,,,,OSM,,,31.5792277,74.3053961,Lahore,Punjab,Pakistan,,,,,
419faaad-26ee-5e34-a04a-d23c7c725256,607182315,way,natural,water,,,,,,OSM,,,31.5787994,74.3050483,Lahore,Punjab,Pakistan,,,,,
f6516d83-303a-5207-85f1-8a9a36ade69d,607182316,way,natural,water,,,,,,OSM,,,31.5788639,74.305469,Lahore,Punjab,Pakistan,,,,,
274c4dd2-67fa-53b4-a038-bd653a27643e,904565720,way,leisure,park,,,,,,OSM,,,31.5812035,74.3068576,Lahore,Punjab,Pakistan,,,,,
a271d5e0-3a9a-5cb1-94b7-1ccb34c0ca9b,1000032160,way,tourism,museum,فقیر خانہ میوزیم,فقیر خانہ عجائب گھر,,,,OSM,,,31.5832099,74.3097364,Lahore,Punjab,Pakistan,,,,,
fc6ec480-7e8e-5c77-ac04-3ab1b21ed547,607798443,way,healthcare,hospital,سید مٹھا ہسپتال,سید مٹھا ہسپتال,,,,OSM,,,31.5846345,74.3135955,Lahore,Punjab,Pakistan,,,,,
a6d2d1eb-865a-5769-8269-3bbf1ee1a9df,1079873305,way,place,neighbourhood,Kucha Vahrian,,,,,OSM,,,31.5816584,74.3145632,Lahore,Punjab,Pakistan,,,,,
eb46548e-6f0b-51b6-acab-9a9ae2a62628,232401428,way,leisure,park,اقبال پارک,,,,,OSM,,,31.5921951,74.3121556,Lahore,Punjab,Pakistan,,,,,
ba5178b8-500d-570f-ad58-0f67a197da7a,288125855,way,leisure,park,,,,,,OSM,,,31.5872328,74.3111624,Lahore,Punjab,Pakistan,,,,,
30193f70-d5ef-5d84-820b-188da7fbcc11,291409472,way,leisure,park,,,,,,OSM,,,31.5844101,74.3072853,Lahore,Punjab,Pakistan,,,,,
6bc37beb-39c8-532f-92b0-546f310d8672,603966773,way,leisure,park,,,,,,OSM,,,31.588759,74.3112693,Lahore,Punjab,Pakistan,,,,,
84231cec-db22-5765-86f8-4bff50af61db,603966775,way,leisure,park,,,,,,OSM,,,31.5878791,74.311293,Lahore,Punjab,Pakistan,,,,,
026fe26b-4850-58c7-b5c8-31d5662f8b15,604901485,way,leisure,park,,,,,,OSM,,,31.5896823,74.3112966,Lahore,Punjab,Pakistan,,,,,
32bd5085-da26-52bc-9a25-35ff6fffeee4,607179302,way,natural,water,,,,,,OSM,,,31.5923954,74.3146167,Lahore,Punjab,Pakistan,,,,,
339b2a64-17ea-5cc0-b826-831a805e973b,607798438,way,leisure,park,تحصیل باغ,تحصیل باغ,,,,OSM,,,31.5848761,74.3104959,Lahore,Punjab,Pakistan,,,,,
5db14885-dad8-5a79-b1b8-b6b23c6332dc,607798440,way,amenity,police,تھانہ ٹبی سٹی,,,,,OSM,,,31.5850612,74.3108271,Lahore,Punjab,Pakistan,,,,,
d53b6b2c-690c-584f-a243-f8af993abec0,618632050,way,leisure,park,Fawara Park,,,,,OSM,,,31.579352,74.3180081,Lahore,Punjab,Pakistan,,,,,
adc52a87-99b9-5edf-9717-23708e9868bc,800031487,way,natural,water,,,,,,OSM,,,31.5913673,74.3102714,Lahore,Punjab,Pakistan,,,,,
93855871-3fae-5193-b9d7-1ba4ac26c666,288125854,way,leisure,park,,,,,,OSM,,,31.5870095,74.3098784,Lahore,Punjab,Pakistan,,,,,
72fe7557-e7b2-53d5-873b-5424459d14ab,291409469,way,healthcare,hospital,,,,,,OSM,,,31.5883111,74.3076959,Lahore,Punjab,Pakistan,,,,,
7856cb7d-6848-5076-aebd-04edf7b1dcd3,604165375,way,leisure,park,,,,,,OSM,,,31.5868382,74.3108836,Lahore,Punjab,Pakistan,,,,,
d753612b-4895-5a46-a221-7b043114d14b,291409470,way,leisure,park,علی پارک,علی پارک,,,,OSM,,,31.5861216,74.3135592,Lahore,Punjab,Pakistan,,,,,
a037db14-d985-5d25-8f2e-77274105f991,291782544,way,leisure,park,حضوری باغ,حضوری باغ,,,,OSM,Hazuri Bagh,,31.5883781,74.3118314,Lahore,Punjab,Pakistan,,,,,
6cc24481-59c5-568d-9468-c756b1fba40e,603964840,way,natural,water,,,,,,OSM,,,31.5884267,74.3120645,Lahore,Punjab,Pakistan,,,,,
1513dc1b-a906-503b-96d6-2f9ec1c57524,603964841,way,natural,water,,,,,,OSM,,,31.5880516,74.3118563,Lahore,Punjab,Pakistan,,,,,
dc64b9b2-a329-5bf9-b795-5aec7413d533,603964842,way,natural,water,,,,,,OSM,,,31.5883325,74.3115351,Lahore,Punjab,Pakistan,,,,,
7d0c134d-2a1c-5f3d-9efb-40bbe191bcc6,603964843,way,natural,water,,,,,,OSM,,,31.5887161,74.3117194,Lahore,Punjab,Pakistan,,,,,
4ced1b6e-e7fc-5007-b0f8-a681f2179aad,603966771,way,leisure,park,,,,,,OSM,,,31.5890742,74.3119079,Lahore,Punjab,Pakistan,,,,,
375b110b-7b81-5a06-a1c1-f861830c10dd,603966772,way,leisure,park,,,,,,OSM,,,31.5880947,74.3125606,Lahore,Punjab,Pakistan,,,,,
f444bf15-8c9f-5b68-ae35-09882369f238,603966774,way,leisure,park,,,,,,OSM,,,31.5889343,74.3123686,Lahore,Punjab,Pakistan,,,,,
c9b97aaf-fc21-595f-8f29-3db0e01d5d8b,604478332,way,leisure,park,دل تبسم باغ,,,,,OSM,,,31.5887095,74.3140694,Lahore,Punjab,Pakistan,,,,,
0406ef65-38aa-531b-86b6-4b4b12fa1e4c,604478333,way,leisure,park,,,,,,OSM,,,31.5887397,74.3136051,Lahore,Punjab,Pakistan,,,,,
1984d5e2-a466-5c87-8396-9960ba929b89,604478334,way,leisure,park,امام باغ,,,,,OSM,,,31.5889428,74.3136596,Lahore,Punjab,Pakistan,,,,,
cf15ab9f-4397-5999-8a9f-cdd2e7af200c,604478335,way,natural,water,,,,,,OSM,,,31.5895129,74.3141696,Lahore,Punjab,Pakistan,,,,,
54679b08-e0d8-5697-88c8-058878c7333a,604878427,way,leisure,park,,,,,,OSM,,,31.589327,74.3145777,Lahore,Punjab,Pakistan,,,,,
45041d19-783f-54bb-843f-94b4754195e7,604878428,way,leisure,park,,,,,,OSM,,,31.5891392,74.314519,Lahore,Punjab,Pakistan,,,,,
01137dd4-fa89-55fb-b4f9-455dfdf10304,604878429,way,leisure,park,,,,,,OSM,,,31.5892767,74.3148011,Lahore,Punjab,Pakistan,,,,,
43e378e8-e7ea-5be2-a1de-7f8aefeebb01,604878430,way,leisure,park,,,,,,OSM,,,31.5890853,74.3147422,Lahore,Punjab,Pakistan,,,,,
c9a0cf47-e8c7-5fa3-817a-206052e8017f,604886951,way,leisure,park,,,,,,OSM,,,31.5890504,74.3154687,Lahore,Punjab,Pakistan,,,,,
8023fdd7-bb55-57c9-8791-4906c6b5af6a,604886953,way,leisure,park,,,,,,OSM,,,31.5889742,74.3157688,Lahore,Punjab,Pakistan,,,,,
5ed41c09-4cdc-54fe-baf2-c9d7dc5d94ea,604886955,way,leisure,park,,,,,,OSM,,,31.5887895,74.3153786,Lahore,Punjab,Pakistan,,,,,
19ac0648-55e7-57cf-ace1-529f96b8dc9f,604886957,way,leisure,park,,,,,,OSM,,,31.5887086,74.3156777,Lahore,Punjab,Pakistan,,,,,
7c4db3bc-d040-5b94-a02b-e1026642dbf7,604886959,way,leisure,park,,,,,,OSM,,,31.5889646,74.3160058,Lahore,Punjab,Pakistan,,,,,
76208d58-f67b-5d06-804c-6f1a6cbe3596,604886960,way,leisure,park,,,,,,OSM,,,31.5891297,74.3152741,Lahore,Punjab,Pakistan,,,,,
27500bbf-ab47-5d95-b900-ca03a3e134f3,604886962,way,leisure,park,,,,,,OSM,,,31.5887941,74.3151387,Lahore,Punjab,Pakistan,,,,,
8c3fe996-c97d-50f7-9465-b48b653ebe55,604886964,way,leisure,park,,,,,,OSM,,,31.5886353,74.3158826,Lahore,Punjab,Pakistan,,,,,
34428741-84c9-5bf1-b60b-82b676632e49,604886966,way,natural,water,,,,,,OSM,,,31.5889457,74.3155911,Lahore,Punjab,Pakistan,,,,,
e59a77c6-aa4f-585e-ad3e-bce8baeac666,604886968,way,natural,water,,,,,,OSM,,,31.5888189,74.3155541,Lahore,Punjab,Pakistan,,,,,
22c928ad-1952-5291-ad91-32de9e2f817d,604886971,way,leisure,park,,,,,,OSM,,,31.587956,74.3146216,Lahore,Punjab,Pakistan,,,,,
9249ed77-d53c-5b4c-923f-9481c9f83b24,604886973,way,leisure,park,,,,,,OSM,,,31.5878487,74.3150452,Lahore,Punjab,Pakistan,,,,,
a4c7960f-0a59-5ef6-9a53-891239680d05,604886975,way,leisure,park,,,,,,OSM,,,31.5877597,74.3154686,Lahore,Punjab,Pakistan,,,,,
13b4c454-178c-5b0c-9400-353e5fec2b31,604886976,way,leisure,park,,,,,,OSM,,,31.5876649,74.3158419,Lahore,Punjab,Pakistan,,,,,
26a1b5a4-f65a-5960-80cc-f3ae1fb2fea8,604886978,way,leisure,park,,,,,,OSM,,,31.5872935,74.3145026,Lahore,Punjab,Pakistan,,,,,
40fbf850-6b0f-54df-af65-62f7f2f2bacf,604886980,way,leisure,park,,,,,,OSM,,,31.5870425,74.3156561,Lahore,Punjab,Pakistan,,,,,
7fbdf7a6-e31b-500c-8cab-5035f000661c,605805881,way,leisure,park,پائیں باغ,پائیں باغ,,,,OSM,,,31.58925,74.3140885,Lahore,Punjab,Pakistan,,,,,
748d849c-14f6-5ab1-a5e9-78c945cc41a5,607177232,way,leisure,park,,,,,,OSM,,,31.5869811,74.3158627,Lahore,Punjab,Pakistan,,,,,
23ea87ab-3adc-5a58-96df-307680b1d1ae,607177233,way,leisure,park,,,,,,OSM,,,31.5867972,74.3144024,Lahore,Punjab,Pakistan,,,,,
733fed39-036b-5d8e-91ca-055f1ac4eb64,607177235,way,leisure,park,,,,,,OSM,,,31.5899379,74.3143161,Lahore,Punjab,Pakistan,,,,,
f0ab6437-8c7a-5d81-aeca-c3559b8d489a,607177236,way,leisure,park,,,,,,OSM,,,31.5898211,74.3148445,Lahore,Punjab,Pakistan,,,,,
a2c20fce-4bd8-5d58-bbdb-2f4ff2b5aab0,607177237,way,leisure,park,,,,,,OSM,,,31.5897111,74.3153085,Lahore,Punjab,Pakistan,,,,,
08a17a35-8ec5-5119-ad76-ef954ca3c725,607177238,way,leisure,park,,,,,,OSM,,,31.5895991,74.3158222,Lahore,Punjab,Pakistan,,,,,
47f2aa58-d5ff-5845-82fc-76d89cda5184,607177239,way,leisure,park,,,,,,OSM,,,31.5894003,74.3165598,Lahore,Punjab,Pakistan,,,,,
6c7bf3d1-143e-5aa1-9433-a74cca180ac2,607177240,way,leisure,park,,,,,,OSM,,,31.5891636,74.3172371,Lahore,Punjab,Pakistan,,,,,
c67d2612-300d-573d-bee9-87fd774b7bbd,607177241,way,leisure,park,,,,,,OSM,,,31.5900785,74.313633,Lahore,Punjab,Pakistan,,,,,
fd9b8e0a-dbc4-552b-a567-93d529ca11cc,607177242,way,leisure,park,,,,,,OSM,,,31.5894565,74.3153289,Lahore,Punjab,Pakistan,,,,,
046f5cef-da23-5953-ba14-865a04df6b2d,607177243,way,leisure,park,,,,,,OSM,,,31.589789,74.3125586,Lahore,Punjab,Pakistan,,,,,
8d937cd1-9ac3-5ce2-bdca-900ba02809c4,607177522,way,leisure,park,,,,,,OSM,,,31.5871607,74.312578,Lahore,Punjab,Pakistan,,,,,
9c0b5f4e-6a42-5c92-b16f-52943dc0859e,607179514,way,leisure,park,,,,,,OSM,,,31.5866222,74.316279,Lahore,Punjab,Pakistan,,,,,
86932112-6924-5d78-b7e6-f73dca728743,1023471074,way,landuse,cemetery,,,,,,OSM,,,31.5856929,74.3162388,Lahore,Punjab,Pakistan,,,,,
7dd33de1-fa7f-594b-827d-09bbec1e42bf,762987139,way,leisure,park,اویس بھٹی پارک,,,,,OSM,,,31.592466,74.3013585,Lahore,Punjab,Pakistan,,,,,
d81f4fc4-7600-5769-b60f-722f668d529e,500119251,way,leisure,park,Tikon Park,,,,,OSM,,,31.5965169,74.3076737,Lahore,Punjab,Pakistan,,,,,
b3cd4219-7c45-5a81-94e4-0b4401d53ba5,500119257,way,leisure,park,Tanki Bagh,,,,,OSM,,,31.5948748,74.3072501,Lahore,Punjab,Pakistan,,,,,
5377ff4c-1cc3-592b-8d8e-ab2f428b23db,800044451,way,tourism,museum,قومی تاریخ کا میوزیم,قومی تاریخ کا میوزیم,,,,OSM,,,31.5946386,74.3119222,Lahore,Punjab,Pakistan,,,,,
b936196f-8376-534d-934b-12abb7692801,500119249,way,leisure,park,Nabi Park,,,,,OSM,,,31.59799,74.3084611,Lahore,Punjab,Pakistan,,,,,
dfbb4fd2-abc4-5839-8151-a44f1a02703a,611920733,way,place,neighbourhood,Qila Lachman Singh,,,,,OSM,,,31.5991555,74.3114442,Lahore,Punjab,Pakistan,,,,,
a743f2ae-7c19-5f3d-b350-1e7702cd1c5f,618998385,way,place,neighbourhood,داتا نگر,,,,,OSM,,,31.5988268,74.3188439,Lahore,Punjab,Pakistan,,,,,
441623a2-fd2c-58ab-a61f-2a952e3ea5d8,468166747,way,leisure,park,باؤلی باغ,باؤلی باغ,,,,OSM,,,31.5830484,74.3190913,Lahore,Punjab,Pakistan,,,,,
3130de40-cba4-57fa-80aa-f4b6fe673f05,607174809,way,natural,water,,,,,,OSM,,,31.5831165,74.3197477,Lahore,Punjab,Pakistan,,,,,
f5945724-d514-54f1-8a88-a06eac7ae43a,620506928,way,place,neighbourhood,محلہ ککے زیاں,محلہ ککے زیاں,,,,OSM,,,31.5825828,74.3223824,Lahore,Punjab,Pakistan,,,,,
1eb8e179-5ee3-5566-99cf-254cf196e15c,1018164807,way,place,neighbourhood,چوہٹہ مفتی باقر,,,,,OSM,,,31.581645,74.3234384,Lahore,Punjab,Pakistan,,,,,
e61fa4d5-def5-5021-b5c0-64eb1e2cac9c,1018166272,way,place,neighbourhood,کوچہ حسین شاہ,کوچہ حسین شاہ,,,,OSM,,,31.5827117,74.3237829,Lahore,Punjab,Pakistan,,,,,
ccfe2fd4-e5ea-555c-af34-fd64278d0769,1018220877,way,place,neighbourhood,کٹرہ والی شاہ,کٹرہ والی شاہ,,,,OSM,,,31.5815104,74.3219528,Lahore,Punjab,Pakistan,,,,,
310969f5-00d8-50ad-93fc-1b14e1148981,1018220878,way,place,neighbourhood,کٹرہ رحمان شاہ,کٹرہ رحمان شاہ,,,,OSM,,,31.5824397,74.320441,Lahore,Punjab,Pakistan,,,,,
fa807dca-980b-5d6e-843f-1fb2df126829,500160058,way,leisure,park,Delhi Gate Park,,,,,OSM,,,31.5802519,74.3256534,Lahore,Punjab,Pakistan,,,,,
b0c208f2-f6b3-55f2-a2c9-4b0834b84f75,603970119,way,leisure,park,,,,,,OSM,,,31.5826802,74.32767,Lahore,Punjab,Pakistan,,,,,
65ebb966-ca64-59b1-877f-40f39262900e,1023538318,way,place,neighbourhood,محمدی محلہ,,,,,OSM,,,31.5826131,74.3251624,Lahore,Punjab,Pakistan,,,,,
858c918e-0961-5074-be71-5950cceccc7d,611909859,way,place,neighbourhood,مصری شاہ,مصری شاہ,,,,OSM,,,31.5876377,74.3300914,Lahore,Punjab,Pakistan,,,,,
f7123dfa-35d3-5926-8033-a500fb0239dc,611910045,way,place,neighbourhood,Farooq Gunj Mohalla,,,,,OSM,,,31.5887365,74.3266275,Lahore,Punjab,Pakistan,,,,,
3a08277d-e724-5fad-97c6-08fe9df2e303,1011343591,way,leisure,park,نواز شریف پارک,نواز شریف پارک,,,,OSM,,,31.5852736,74.3267736,Lahore,Punjab,Pakistan,,,,,
3280d4c9-5d1f-553a-aea5-10d2283ec463,1018166271,way,place,neighbourhood,خرادی محلہ,خرادی محلہ,,,,OSM,,,31.5818824,74.3242753,Lahore,Punjab,Pakistan,,,,,
80b3a9e2-202f-50ef-9f5f-212bedf3a94f,1018166274,way,place,neighbourhood,گوندی گلی,گوندی گلی,,,,OSM,,,31.5825797,74.3242891,Lahore,Punjab,Pakistan,,,,,
bbb46363-17a7-5ff9-9d6a-59d269c367a1,292012210,way,leisure,park,,,,,,OSM,,,31.5870309,74.3226966,Lahore,Punjab,Pakistan,,,,,
7b790fc0-8117-544f-a158-2251fb47357d,292012211,way,leisure,park,,,,,,OSM,,,31.5875549,74.3197281,Lahore,Punjab,Pakistan,,,,,
900df332-c9ff-5ec5-bbbb-7523bb643414,607790231,way,leisure,park,Badami Bagh,,,,,OSM,,,31.5902131,74.3208023,Lahore,Punjab,Pakistan,,,,,
6245f4e9-df3d-5306-9a47-4b04697938d2,904565719,way,amenity,marketplace,New Azam Cloth Market,,,,,OSM,,,31.5855476,74.3220896,Lahore,Punjab,Pakistan,,,,,
55418861-16fd-588a-b15c-88aa307d5f3b,1023471697,way,amenity,police,Masti Gate Police Station,,,,,OSM,,,31.5876489,74.3180268,Lahore,Punjab,Pakistan,,,,,
4ea27258-0c33-5c27-b98d-668c5f683b36,1290099639,way,leisure,park,Badami Bagh,,,,,OSM,,,31.5905672,74.3201737,Lahore,Punjab,Pakistan,,,,,
8b6a83d2-ff09-5f9a-80f5-61b3164ec698,620499949,way,leisure,park,Rashid Sakeen Park,,,,,OSM,,,31.5903321,74.327711,Lahore,Punjab,Pakistan,,,,,
825be03b-ad4f-5105-9cd6-f1594040dfa7,612409349,way,leisure,park,Jinnah Park,,,,,OSM,,,31.5807741,74.3422645,Lahore,Punjab,Pakistan,,,,,
498902c5-73b3-5812-b283-4d699295b27a,904059889,way,leisure,park,Sultani Park,,,,,OSM,,,31.5830917,74.3418233,Lahore,Punjab,Pakistan,,,,,
da3d11bf-9419-5029-bf24-4ba41983e107,607875032,way,place,neighbourhood,,,,,,OSM,,,31.58209,74.3368086,Lahore,Punjab,Pakistan,,,,,
51a02ee6-508b-599b-9d27-f84e9f05677e,607875037,way,place,neighbourhood,Wasanpura,,,,,OSM,,,31.5916416,74.3379134,Lahore,Punjab,Pakistan,,,,,
82bd8922-5b61-58f6-8ea9-6287483703c6,612408773,way,place,neighbourhood,Sultanpura,,,,,OSM,,,31.5806153,74.3396812,Lahore,Punjab,Pakistan,,,,,
b03b6f81-906c-5c3b-be07-d8354161ec75,621317136,way,leisure,park,Ilahi Park,,,,,OSM,,,31.5870896,74.3354844,Lahore,Punjab,Pakistan,,,,,
8686d28d-e63f-58f0-b037-2615bb21ebfd,1223362098,way,leisure,park,Shafi Park,,,,,OSM,,,31.5878889,74.3352414,Lahore,Punjab,Pakistan,,,,,
4d27c6eb-ce1b-599c-99d3-47f274fc78bf,621317138,way,leisure,park,Shafi Park,,,,,OSM,,,31.5876541,74.3379044,Lahore,Punjab,Pakistan,,,,,
5c55ab27-eb12-55d4-bc33-9d708b558086,761672826,way,leisure,park,Shafi Park,,,,,OSM,,,31.5897081,74.3394137,Lahore,Punjab,Pakistan,,,,,
63e4f953-29cf-5cb1-897d-8369e2151317,904059892,way,leisure,park,Punj Peer Park,,,,,OSM,,,31.5854789,74.340828,Lahore,Punjab,Pakistan,,,,,
f7be5183-064c-5bb9-80a5-b021b0e17757,328268855,way,leisure,park,تاج پورہ گراؤنڈ,تاج پورہ گراؤنڈ,,,,OSM,,,31.5927053,74.3369663,Lahore,Punjab,Pakistan,,,,,
4f4d3e38-043c-5fed-b7a9-37751508698f,761672819,way,leisure,park,ناظم آباد پارک,ناظم آباد پارک,,,,OSM,,,31.5956989,74.3350026,Lahore,Punjab,Pakistan,,,,,
66814546-5b15-5513-a99b-179b5b6133a0,904210056,way,leisure,park,Nabi Buksh Park,,,,,OSM,,,31.5975684,74.3347491,Lahore,Punjab,Pakistan,,,,,
08d83063-28b7-5223-8fec-520447b39101,761672821,way,leisure,park,,,,,,OSM,,,31.5954158,74.3388286,Lahore,Punjab,Pakistan,,,,,
084634d0-d110-5dbd-9baa-48cd05908090,761672823,way,leisure,park,,,,,,OSM,,,31.5936674,74.3390777,Lahore,Punjab,Pakistan,,,,,
046d40c5-b074-5c3b-aa88-3ee4033198fb,761672825,way,leisure,park,Shamshad Park,,,,,OSM,,,31.5928876,74.341815,Lahore,Punjab,Pakistan,,,,,
6f63eaa3-ac00-5db0-99dd-38d57d40fa0f,310070371,way,amenity,bank,ایچ بی ایل پاکستان,ایچ بی ایل پاکستان,,,,OSM,,,31.5992176,74.3373754,Lahore,Punjab,Pakistan,,,ایچ بی ایل پاکستان,,
56d6951e-27e8-554e-93c0-196fbc59adef,358891021,way,leisure,park,,,,,,OSM,,,31.5982987,74.3397568,Lahore,Punjab,Pakistan,,,,,
c22c445b-b776-5319-8ead-bb4661219b12,618664582,way,place,neighbourhood,تاج پورہ,تاج پورہ,,,,OSM,,,31.5942346,74.3359443,Lahore,Punjab,Pakistan,,,,,
ebf897f8-a4e4-5db1-84da-69ef2366135b,904210057,way,leisure,park,Khursheed Park,,,,,OSM,,,31.5964515,74.3370503,Lahore,Punjab,Pakistan,,,,,
4e959c76-75bd-58f5-ba1f-ac803514590a,904210058,way,leisure,park,Lamba Bagh,,,,,OSM,,,31.5964649,74.3386563,Lahore,Punjab,Pakistan,,,,,
8d770e4f-731e-5206-96f9-4260faaa8b72,298307251,way,leisure,park,گول باغ,گول باغ,,,,OSM,,,31.5995335,74.338069,Lahore,Punjab,Pakistan,,,,,
533f67d1-e173-5792-ab48-1b4941174b97,621317140,way,landuse,cemetery,Ghoray Shah Cemetery,,,,,OSM,,,31.5830771,74.3498376,Lahore,Punjab,Pakistan,,,,,
c72a524d-ccb8-52ec-a90d-3406c8a7ecbb,607875035,way,place,neighbourhood,Khui Miran,,,,,OSM,,,31.587373,74.3469381,Lahore,Punjab,Pakistan,,,,,
c1b865a3-f36d-5da2-ad49-e635e6869989,607875036,way,place,neighbourhood,Nawanpind,,,,,OSM,,,31.588219,74.3498486,Lahore,Punjab,Pakistan,,,,,
1c1e4bd8-b1e9-51ea-9aa0-829172a69e03,623019703,way,leisure,park,Sofia Park,,,,,OSM,,,31.5919521,74.3493555,Lahore,Punjab,Pakistan,,,,,
279ae9c1-7531-5bc2-9ea5-0aa320998465,623019708,way,leisure,park,,,,,,OSM,,,31.5929953,74.3487428,Lahore,Punjab,Pakistan,,,,,
d116b57c-2bff-5dde-9c58-dd32573e5f3a,761672827,way,leisure,park,Makhanpura Park,,,,,OSM,,,31.5940796,74.3478687,Lahore,Punjab,Pakistan,,,,,
f92946ae-e1b7-5e46-9b4b-d054484fdf64,904059911,way,leisure,park,,,,,,OSM,,,31.5960576,74.3484282,Lahore,Punjab,Pakistan,,,,,
57fd1c67-2666-5cf5-809d-2e2a3fe5c671,521829724,way,leisure,park,China Scheme Park,,,,,OSM,,,31.5943548,74.3499729,Lahore,Punjab,Pakistan,,,,,
ae6a5d0b-f474-5001-add1-f8891ff93df5,12301101,relation,leisure,park,Railway Square,,,,,OSM,,,31.5762309,74.3352664,Lahore,Punjab,Pakistan,,,,,
b762e42a-a27a-5fec-95a0-99766b5019a8,4912575632,node,amenity,bank,Habib Metropolitan Bank,,,,,OSM,,,31.6042359,74.3082271,Lahore,Punjab,Pakistan,,,,,
7a47b4e4-150f-5eb4-b653-7300e6c47d49,4912575633,node,amenity,bank,میزان بینک,میزان بینک,,,,OSM,,,31.6037494,74.3086187,Lahore,Punjab,Pakistan,,,میزان بینک,,
72d07ced-5fb7-5eee-a65e-9e483cc01e72,4912575634,node,amenity,bank,Bank Alfalah Limited,,,,,OSM,,,31.603064,74.3092356,Lahore,Punjab,Pakistan,,,,,
28a12374-b160-52ae-8122-947a441804b3,9313272810,node,place,neighbourhood,حنیف پارک,حنیف پارک,,,,OSM,,,31.6058851,74.3129511,Lahore,Punjab,Pakistan,,,,,
796a719f-758e-5069-be85-8095f9fc5b45,11621601892,node,place,neighbourhood,Bhaman,,,,,OSM,,,31.6062538,74.3496328,Lahore,Punjab,Pakistan,,,,,
7482b3aa-9b0a-5f60-9af9-aff6fc79b643,1012006055,way,leisure,park,,,,,,OSM,,,31.6046144,74.3020375,Lahore,Punjab,Pakistan,,,,,
ca6a37ea-cf15-50d1-83bd-d5265534b686,607500329,way,landuse,cemetery,,,,,,OSM,,,31.6010631,74.3171154,Lahore,Punjab,Pakistan,,,,,
5d5d4f3c-c9d4-5155-8560-0185989d76c0,500119248,way,amenity,marketplace,Fruit Market,,,,,OSM,,,31.6028778,74.3078623,Lahore,Punjab,Pakistan,,,,,
fcca4c5d-e560-5d7b-b75a-aa6f7da4a11b,904315304,way,leisure,park,Sahibzada Qasim Park,,,,,OSM,,,31.6021651,74.305988,Lahore,Punjab,Pakistan,,,,,
1f7dce98-399a-59e9-9741-69250d7bcf76,620501941,way,leisure,park,Akram Park,,,,,OSM,,,31.6012231,74.3419142,Lahore,Punjab,Pakistan,,,,,
9a2624da-9cce-5d12-a05b-05647551e4c8,1012010886,way,leisure,park,,,,,,OSM,,,31.6067125,74.3158539,Lahore,Punjab,Pakistan,,,,,
4ef9c617-1f33-52d8-94a3-8712a471896a,326891951,way,landuse,cemetery,Christian Graveyard,,,,,OSM,,,31.6250703,74.3003447,Lahore,Punjab,Pakistan,,,,,
1e00d525-e0a4-5012-b2de-00289e1eaccb,326890072,way,leisure,park,,,,,,OSM,,,31.6232987,74.3080224,Lahore,Punjab,Pakistan,,,,,
d47fc966-fb2c-5d45-aaa6-b6d56a38cb1e,994898898,way,natural,water,,,,,,OSM,,,31.6123448,74.3251058,Lahore,Punjab,Pakistan,,,,,
ccc7b6e9-caf4-50e4-966f-837695250b3b,761672814,way,landuse,cemetery,Pir Ronki Cemetery,,,,,OSM,,,31.6077036,74.3385218,Lahore,Punjab,Pakistan,,,,,
4cd4a39a-e775-55f6-8035-91c9c39ef3ef,13046743,relation,natural,water,Ravi,دریائے راوی,,,,OSM,,,31.6337787,74.326285,Lahore,Punjab,Pakistan,,,,,
d792d8dc-6030-5bc9-969b-c906d0782240,13046742,relation,natural,water,Ravi,دریائے راوی,,,,OSM,,,31.6752824,74.3773229,Lahore,Punjab,Pakistan,,,,,
fdec1617-52f4-5947-a834-34509753fffd,8852335198,node,place,neighbourhood,آصف ٹاؤن,,,,,OSM,,,31.4072443,74.3519991,Lahore,Punjab,Pakistan,,,,,
3e69d8ab-7851-506c-8ccb-0bb3a652314c,8852335196,node,place,neighbourhood,سیٹلائٹ ٹاون,,,,,OSM,,,31.4038282,74.3614602,Lahore,Punjab,Pakistan,,,,,
482c84d9-8993-5d88-aa7a-60e45f822dd5,5260103790,node,healthcare,hospital,Noor Hospital,,,,,OSM,,,31.4245439,74.3572983,Lahore,Punjab,Pakistan,,,,,
0d9c3d1d-e1d7-5f35-beba-b2d3af9848aa,4852891721,node,amenity,atm,,,,,,OSM,,,31.4355352,74.3505312,Lahore,Punjab,Pakistan,,,,,
ed5d7b0b-bfb8-5733-878e-6b69c35c11c0,705032757,way,leisure,park,WBC Big Park,,,,,OSM,,,31.4212076,74.3556557,Lahore,Punjab,Pakistan,,,,,
21042917-e4d1-5ea8-aa2b-48e71dd3c611,620498970,way,leisure,park,,,,,,OSM,,,31.4216808,74.3628834,Lahore,Punjab,Pakistan,,,,,
c385835c-f1c1-53b7-8ba9-ff40dec59918,620499004,way,leisure,park,,,,,,OSM,,,31.4208789,74.3666949,Lahore,Punjab,Pakistan,,,,,
2a7af348-8d3f-5cb7-8a4b-f6d19e34497f,620499017,way,leisure,park,,,,,,OSM,,,31.4209582,74.3598612,Lahore,Punjab,Pakistan,,,,,
ee0a4bcd-dd6a-5ae3-8710-a084c1913e42,620499021,way,leisure,park,,,,,,OSM,,,31.420386,74.3616945,Lahore,Punjab,Pakistan,,,,,
37512453-69c3-53a5-9b5a-844fcbcff8c4,620499003,way,leisure,park,,,,,,OSM,,,31.4195316,74.3650219,Lahore,Punjab,Pakistan,,,,,
52cae81f-b624-598f-a1a9-0b5d97dc17da,705031740,way,amenity,bank,ایچ بی ایل پاکستان,ایچ بی ایل پاکستان,,,,OSM,,,31.4252852,74.3571328,Lahore,Punjab,Pakistan,,,ایچ بی ایل پاکستان,,
76799df0-4f86-54b0-b727-ab6bdfd5e1e6,716680157,way,leisure,park,Saroba Garden Park,,,,,OSM,,,31.4339301,74.354925,Lahore,Punjab,Pakistan,,,,,
315770be-135b-5e20-95da-ab7093d1d943,620499033,way,leisure,park,,,,,,OSM,,,31.4228278,74.359557,Lahore,Punjab,Pakistan,,,,,
f874739f-594f-584b-85d0-43181a956fe1,705030393,way,amenity,bank,Bank of Punjab,,,,,OSM,,,31.4234573,74.3573937,Lahore,Punjab,Pakistan,,,,,
dd317dd0-b55c-56d9-aa71-137a955536f3,705030394,way,amenity,bank,بینک اسلامی,بینک اسلامی,,,,OSM,,,31.4236233,74.3573538,Lahore,Punjab,Pakistan,,,بینک اسلامی,بینک اسلامی,
340b0395-ffa1-501e-8bf6-9b558c8a0db2,705031737,way,amenity,bank,میزان بینک,میزان بینک,,,,OSM,,,31.4239269,74.3572662,Lahore,Punjab,Pakistan,,,میزان بینک,,
cd93ec6b-477a-5441-a863-1e98a8cb2750,705032759,way,amenity,bank,جے ایس بینک,جے ایس بینک,,,,OSM,,,31.421456,74.3576712,Lahore,Punjab,Pakistan,,,جے ایس بینک,جے ایس بینک,
d0504d56-4125-5aa9-850a-6fd546393ace,703793547,way,leisure,park,,,,,,OSM,,,31.4229174,74.3675052,Lahore,Punjab,Pakistan,,,,,
a485e3c7-847b-5792-8373-41f9436d0d7c,620499054,way,leisure,park,,,,,,OSM,,,31.4218933,74.3697305,Lahore,Punjab,Pakistan,,,,,
69548f6e-2213-51e0-9d9b-a95e763d7d11,716680154,way,amenity,bank,الائیڈ بینک لمیٹڈ,الائیڈ بینک لمیٹڈ,,,,OSM,,,31.4355051,74.3555985,Lahore,Punjab,Pakistan,,,الائیڈ بینک لمیٹڈ,,
25ec3196-562d-5cc4-8238-2ece77b796b3,716680165,way,leisure,park,,,,,,OSM,,,31.4357641,74.3523168,Lahore,Punjab,Pakistan,,,,,
fdcb044b-8d31-5b9a-abc0-ad3cde8c737f,718790448,way,leisure,park,,,,,,OSM,,,31.4378091,74.3691841,Lahore,Punjab,Pakistan,,,,,
ecc93539-854f-578a-a043-e91561e57239,709607867,way,leisure,park,B Block Park,,,,,OSM,,,31.4257055,74.3833987,Lahore,Punjab,Pakistan,,,,,
07970e5f-ae53-5593-aad7-334ba29e066c,709607851,way,leisure,park,A Block Park,,,,,OSM,,,31.4268684,74.385495,Lahore,Punjab,Pakistan,,,,,
8c5377bc-bc5f-54ea-8001-e2a371239f4e,709584741,way,leisure,park,,,,,,OSM,,,31.4278563,74.3845686,Lahore,Punjab,Pakistan,,,,,
31ae67bd-5013-5b69-8806-c33ca2a38116,705043444,way,leisure,park,,,,,,OSM,,,31.4480015,74.3531985,Lahore,Punjab,Pakistan,,,,,
0c338856-b15e-59a2-8791-60b4dc38814d,706934787,way,amenity,bank,فیصل بینک,فیصل بینک,,,,OSM,,,31.4494031,74.3531873,Lahore,Punjab,Pakistan,,,فیصل بینک,,
7c321035-737c-5096-b415-70df8a624f9f,431965853,way,leisure,park,Central Park,,,,,OSM,,,31.4467116,74.3986922,Lahore,Punjab,Pakistan,,,,,
2390209c-6de8-5edc-b876-324762a603e0,304961768,node,place,neighbourhood,Ismaial Naghar,,,,,OSM,,,31.4516336,74.3503341,Lahore,Punjab,Pakistan,,,,,
2624273e-5863-5b2a-8e3e-b278e47c1c96,4755815221,node,amenity,atm,,,,,,OSM,,,31.4531884,74.353573,Lahore,Punjab,Pakistan,,,,Hbl,
3e0501c9-92c5-5016-ad2c-512b245156f5,271738937,node,leisure,park,Park Sec AA Ph 4,,,,,OSM,,,31.4586863,74.3677584,Lahore,Punjab,Pakistan,,,,,
4d88ed82-b575-54e5-8afb-6feff47f7f4d,5259958805,node,healthcare,hospital,Makhdoom Memorial Hospital,,,,,OSM,,,31.4556252,74.3659617,Lahore,Punjab,Pakistan,,,,,
2590aa61-68fe-52e8-b316-f9b2ccfb70ed,10774529163,node,amenity,police,Police station,,,,,OSM,,,31.4736705,74.3545836,Lahore,Punjab,Pakistan,,,,,
d21af6c4-09c4-539d-9b34-b8d7b88af0c1,1305478189,node,amenity,atm,,,,,,OSM,,,31.4719546,74.368231,Lahore,Punjab,Pakistan,,,,Habib Bank Limited,
d3c7560d-e2de-5395-ac7f-b624b960c433,272282633,node,leisure,park,Sec GG Park Ph 4,,,,,OSM,,,31.4550547,74.3868214,Lahore,Punjab,Pakistan,,,,,
aa9cfaaa-16f7-5431-8f84-886365132e23,272277616,node,leisure,park,Park Sec JJ Ph 4,,,,,OSM,,,31.4547985,74.3899456,Lahore,Punjab,Pakistan,,,,,
0939ec02-88c0-5063-b258-6436a3a25909,272328924,node,leisure,park,Park Sec FF Ph 4,,,,,OSM,,,31.4603555,74.3907267,Lahore,Punjab,Pakistan,,,,,
d3aa2a5b-2e04-5c9d-af6b-5e522a3ebed3,4710624022,node,place,neighbourhood,Sector L,,,,,OSM,,,31.4581588,74.3963135,Lahore,Punjab,Pakistan,,,,,
b4f2955b-e6c0-5f86-b1e8-63cff2ad3a69,272274933,node,leisure,park,,,,,,OSM,,,31.4624348,74.375054,Lahore,Punjab,Pakistan,,,,,
49cb5f2d-e0ac-515c-9d2b-6aa4223469f3,272276860,node,leisure,park,Park CC Ph 4,,,,,OSM,,,31.4619077,74.3817316,Lahore,Punjab,Pakistan,,,,,
b6ef6794-7bd9-5818-bfd6-4fa167426627,643125691,node,leisure,park,Askari Park,,,,,OSM,,,31.4653779,74.3803325,Lahore,Punjab,Pakistan,,,,,
bb447fc3-801a-54e1-8133-cd60762b9da2,267194717,node,leisure,park,,,,,,OSM,,,31.4700412,74.3761784,Lahore,Punjab,Pakistan,,,,,
d12b06f9-8484-5657-b1d9-310b630296c4,5260262452,node,amenity,bank,National Bank,,,,,OSM,,,31.4731918,74.3767161,Lahore,Punjab,Pakistan,,,,,
8a195784-39af-528b-84a3-028aa2c8f0da,304964736,node,place,neighbourhood,Defence Housing Authority,,,,,OSM,,,31.4715878,74.3816205,Lahore,Punjab,Pakistan,,,,,
5833becd-dc78-5a01-8ecf-ead60f674514,5260262453,node,amenity,bank,الائیڈ بینک لمیٹڈ,الائیڈ بینک لمیٹڈ,,,,OSM,,,31.4729093,74.3772673,Lahore,Punjab,Pakistan,,,الائیڈ بینک لمیٹڈ,,
14d71c08-aff0-5a74-98d9-32aa18c8da34,5260262454,node,amenity,bank,Askari Bank Ltd. Islamic Banking,,,,,OSM,,,31.4724481,74.3769556,Lahore,Punjab,Pakistan,,,,,
e2477d94-b8ef-5160-9710-dcc5091a2c51,5260262455,node,amenity,bank,بینک اسلامی,بینک اسلامی,,,,OSM,,,31.4726796,74.3776614,Lahore,Punjab,Pakistan,,,بینک اسلامی,بینک اسلامی,
8c960e70-95a9-5e84-9164-f02cf2935c3d,271319950,node,leisure,park,,,,,,OSM,,,31.4709645,74.3950429,Lahore,Punjab,Pakistan,,,,,
14a89687-e355-52bd-9bf1-c42dbda569e7,304580278,node,place,neighbourhood,Sui Gas Cop Society,,,,,OSM,,,31.4542633,74.3998415,Lahore,Punjab,Pakistan,,,,,
6f3b31c5-6ca2-5bdd-a363-118649494b0c,8406781961,node,place,neighbourhood,ریلوے کالونی,ریلوے کالونی,,,,OSM,,,31.4863523,74.3553015,Lahore,Punjab,Pakistan,,,,,
4a7ce960-1a7c-5ac6-aa5c-94762f754895,1305478204,node,amenity,bank,ایم سی بی بینک,ایم سی بی بینک,,,,OSM,,,31.4739851,74.3572949,Lahore,Punjab,Pakistan,,,ایم سی بی بینک,,
ea743dd4-a9cd-5b2b-909d-e6c653375b0f,2296900504,node,railway,station,والٹن,والٹن,,,,OSM,,,31.4874038,74.354274,Lahore,Punjab,Pakistan,,,,,
e2927999-d9a7-551f-b130-85c82d468034,8406781957,node,place,neighbourhood,Makkah Colony,,,,,OSM,,,31.4972319,74.3557557,Lahore,Punjab,Pakistan,,,,,
e0686fbf-aebf-53b5-8a98-5d08c2fb9155,2491296105,node,amenity,atm,Muslim Commercial Bank,,,,,OSM,,,31.493987,74.358576,Lahore,Punjab,Pakistan,,,,,
faf72782-f42d-5b8e-bb0f-148da08b078b,9395371810,node,place,neighbourhood,گُلبہار کالونی,,,,,OSM,,,31.4995501,74.3596686,Lahore,Punjab,Pakistan,,,,,
ba1bd899-27cd-5bc8-9b2a-7cf028f340c2,7618345201,node,healthcare,hospital,Al Mairah Dental and Cosmetics Clinic,المیرہ ڈینٹل اینڈ کاسمیٹکس کلینک,,,,OSM,,,31.4995263,74.3666831,Lahore,Punjab,Pakistan,,,,AMDC,
31c74f6b-325c-56fc-8f05-2fa6487e4c93,271105745,node,healthcare,hospital,DHA Medical Center Phase III,,,,,OSM,,,31.4767342,74.3714984,Lahore,Punjab,Pakistan,,,,,
494226ec-4c1f-5382-bdad-fabb4b7cba37,5260262448,node,amenity,bank,Meezan Bank Limited,,,,,OSM,,,31.4743864,74.3764879,Lahore,Punjab,Pakistan,,,,,
b5cf6274-df06-52f0-9f2a-5d7bbc7a4634,5260262449,node,amenity,bank,بینک الفلاح,بینک الفلاح,,,,OSM,,,31.4744258,74.3766451,Lahore,Punjab,Pakistan,,,بینک الفلاح,,
75c743c3-795c-5905-8d5a-f4ba734bb91b,270894506,node,leisure,park,Sec Z Prk Ph 3,,,,,OSM,,,31.4786446,74.381497,Lahore,Punjab,Pakistan,,,,,
b560a92c-163c-5cbe-bcd4-ea540f231160,5202282439,node,amenity,bank,نیشنل بینک آف پاکستان,نیشنل بینک آف پاکستان,,,,OSM,,,31.474966,74.3781604,Lahore,Punjab,Pakistan,,,نیشنل بینک آف پاکستان,نیشنل بینک آف پاکستان,
4af4fd40-b0df-51be-8546-e8ec7b1eb8e1,5260262450,node,amenity,bank,Bank Al Habib Limited,,,,,OSM,,,31.474038,74.3769088,Lahore,Punjab,Pakistan,,,,,
2ea54891-c234-54a8-95f9-dbb7008f4337,5260262456,node,amenity,bank,سمٹ بینک,سمٹ بینک,,,,OSM,,,31.4739913,74.3783216,Lahore,Punjab,Pakistan,,,سمٹ بینک,سمٹ بینک,
633eae1f-006c-56d4-b5fd-cdb0abecf2c7,5260262457,node,amenity,bank,عسکری بینک,عسکری بینک,,,,OSM,,,31.47394,74.3783463,Lahore,Punjab,Pakistan,,,عسکری بینک,,
f5448839-2df2-53fb-8c37-2a4b43a59cfa,5260262458,node,amenity,bank,Silk Bank,,,,,OSM,,,31.4742941,74.3782337,Lahore,Punjab,Pakistan,,,,,
4cc288a8-b1e0-521c-b00f-817045f43286,7256171207,node,amenity,bank,الائیڈ بینک لمیٹڈ,الائیڈ بینک لمیٹڈ,,,,OSM,,,31.4750954,74.3789039,Lahore,Punjab,Pakistan,,,الائیڈ بینک لمیٹڈ,,
20314692-f3e9-57d6-b06a-b7730393b2fc,7276535748,node,amenity,bank,,,,,,OSM,,,31.4755172,74.3791077,Lahore,Punjab,Pakistan,,,,,
cd8971d0-631e-52d2-882d-50d035571802,271071188,node,leisure,park,,,,,,OSM,,,31.4844334,74.3829111,Lahore,Punjab,Pakistan,,,,,
0d198c19-f4f2-5453-a28d-311f2d5bf3ed,271137380,node,leisure,park,Sec C Ph 1,,,,,OSM,,,31.4791518,74.3872638,Lahore,Punjab,Pakistan,,,,,
687fd775-e569-58d1-8eed-31172b247ec1,270900974,node,leisure,park,Sec E,,,,,OSM,,,31.47934,74.3903805,Lahore,Punjab,Pakistan,,,,,
929d2db3-988f-5e5e-96e0-3c3af95081d8,271075820,node,amenity,police,DHA Police Station,,,,,OSM,,,31.4740904,74.3940519,Lahore,Punjab,Pakistan,,,,,
3ed1fc3e-47b5-53f5-932c-c330d2828f24,271146376,node,leisure,park,Sec J Ph 1,,,,,OSM,,,31.4782954,74.3899159,Lahore,Punjab,Pakistan,,,,,
f11ec835-97b6-5385-85b6-20c4a9c7b610,271072589,node,leisure,park,,,,,,OSM,,,31.4852019,74.3863701,Lahore,Punjab,Pakistan,,,,,
bc93d3b7-fa6c-5e98-9f6a-be151ca717e2,271136395,node,leisure,park,Sec C Ph 1,,,,,OSM,,,31.4803596,74.3851008,Lahore,Punjab,Pakistan,,,,,
806c87c0-57ca-5552-95fd-af314ce5fecd,5181770722,node,amenity,atm,,,,,,OSM,,,31.4840296,74.3858076,Lahore,Punjab,Pakistan,,,,Allied Bank,
abf267ae-6256-5ece-8359-20ac2b32cdb1,5252273286,node,amenity,marketplace,G Block MARKET DHA,,,,,OSM,,,31.4842207,74.3942121,Lahore,Punjab,Pakistan,,,,,
1c40194f-58a6-55e1-a36d-5c954e40608f,5252273290,node,amenity,bank,ایچ بی ایل پاکستان,ایچ بی ایل پاکستان,,,,OSM,,,31.482357,74.3940266,Lahore,Punjab,Pakistan,,,ایچ بی ایل پاکستان,,
52da519c-b8f3-5d8f-a664-08acabfbc11b,5252273291,node,amenity,bank,اسٹینڈرڈ چارٹرڈ,اسٹینڈرڈ چارٹرڈ,,,,OSM,,,31.48228,74.3941239,Lahore,Punjab,Pakistan,,,اسٹینڈرڈ چارٹرڈ,اسٹینڈرڈ چارٹرڈ,
f9cee838-c1e4-5bf5-9c1b-d8606ef10497,5252273293,node,amenity,bank,فیصل بینک,فیصل بینک,,,,OSM,,,31.4822287,74.3942567,Lahore,Punjab,Pakistan,,,فیصل بینک,,
9667fa5d-07ca-587a-a7eb-2c1279b04bf6,5252273294,node,amenity,bank,Al Baraka Bank,,,,,OSM,,,31.4820899,74.394354,Lahore,Punjab,Pakistan,,,,,
909d00d4-4368-54c2-8f4d-ac3d9e3f8a45,5252273296,node,amenity,bank,سمٹ بینک,سمٹ بینک,,,,OSM,,,31.4833196,74.3931058,Lahore,Punjab,Pakistan,,,سمٹ بینک,سمٹ بینک,
3027f547-af97-5eec-b4a9-1e41d918c443,5252273297,node,amenity,bank,First Women Bank Ltd. (FWBL) - Defence Branch,,,,,OSM,,,31.4835588,74.3932563,Lahore,Punjab,Pakistan,,,,,
7a54c5b5-d700-55c3-aed0-9f801ade077b,5252273298,node,amenity,bank,United Bank Limited (UBL Ameen),,,,,OSM,,,31.4834028,74.3930327,Lahore,Punjab,Pakistan,,,,,
3af2d2a3-55a0-5450-81d0-9d89ef3e6337,5252273299,node,amenity,bank,بينک الحبيب,بينک الحبيب,,,,OSM,,,31.4832277,74.3932197,Lahore,Punjab,Pakistan,,,بينک الحبيب,,
118d4b4b-89e4-513a-81b8-531a3b1d0383,5252273300,node,amenity,bank,Burj Bank Limited,,,,,OSM,,,31.4821494,74.3943255,Lahore,Punjab,Pakistan,,,,,
e0c1496d-1d22-52b9-bc5e-d652723a194a,5252273301,node,amenity,bank,بینک اسلامی,بینک اسلامی,,,,OSM,,,31.4833464,74.3950189,Lahore,Punjab,Pakistan,,,بینک اسلامی,بینک اسلامی,
66f6c9c0-4f81-5b79-8078-f8a1fa90f4f0,5252273302,node,amenity,bank,The Bank of Punjab,,,,,OSM,,,31.4835286,74.3956937,Lahore,Punjab,Pakistan,,,,,
4c7a462a-9e63-517c-8da7-25b57c97e273,5265654897,node,amenity,marketplace,H Block Market,,,,,OSM,,,31.4822537,74.3955963,Lahore,Punjab,Pakistan,,,,,
56f6b111-fb9c-5ba4-8420-1780223483c2,5277467909,node,amenity,bank,دبئی اسلامی بینک,دبئی اسلامی بینک,,,,OSM,,,31.4832451,74.3931923,Lahore,Punjab,Pakistan,,,دبئی اسلامی بینک,,
06de15af-df2b-5226-8b5b-4d97bacda3ad,5255424738,node,healthcare,hospital,Rasheed Hospital,Rasheed Hospital,,,,OSM,,,31.4886992,74.3802433,Lahore,Punjab,Pakistan,,,,,
4cd00edb-3abb-56dc-81c4-371246272958,5273489542,node,healthcare,clinic,Shaukat Khanum Laboratory,شوکت خانم لیبارٹری,,,,OSM,,,31.4875079,74.3808228,Lahore,Punjab,Pakistan,,,,,
6c7c4465-462d-5f4e-8fb7-382e0ed18537,5255424745,node,healthcare,hospital,Prime Care Hospital,پرائم کیئر ہسپتال,,,,OSM,,,31.493736,74.3754105,Lahore,Punjab,Pakistan,,,,,
0365f327-fdec-5e58-a654-0ead63b03146,5259747063,node,healthcare,hospital,Ayesha Hospital,,,,,OSM,,,31.4949556,74.3928245,Lahore,Punjab,Pakistan,,,,,
73806913-8158-58c5-bcb7-2c2ca83944c6,707248496,way,amenity,bank,National Bank of Pakistan (NBP),,,,,OSM,,,31.4539108,74.3527088,Lahore,Punjab,Pakistan,,,,,
e6f200b6-ccc5-56d8-a04e-e00210380f4c,706565641,way,amenity,bank,The Bank of Punjab,,,,,OSM,,,31.4582164,74.3502865,Lahore,Punjab,Pakistan,,,,,
708308df-b1ed-5dde-9f5e-f0fec14803e4,707603827,way,amenity,bank,بينک الحبيب,بينک الحبيب,,,,OSM,,,31.4576413,74.351412,Lahore,Punjab,Pakistan,,,بينک الحبيب,,
8a1f28b2-05ba-590a-801e-1ec290bb2f8a,717135769,way,amenity,bank,بینک الفلاح,بینک الفلاح,,,,OSM,,,31.4586839,74.3510615,Lahore,Punjab,Pakistan,,,بینک الفلاح,,
1ad94e9e-3c5d-581b-8aec-40e6dc0275f5,544976776,way,leisure,park,AA Mini Park,,,,,OSM,,,31.4586931,74.3680755,Lahore,Punjab,Pakistan,,,,,
8cc3b13f-8eac-55c4-8959-9efad2e27c0d,717135777,way,amenity,bank,ایم سی بی بینک,ایم سی بی بینک,,,,OSM,,,31.4608969,74.3501536,Lahore,Punjab,Pakistan,,,ایم سی بی بینک,,
e6d599ff-2188-5baa-93e5-afc28f69c702,797366091,way,leisure,park,,,,,,OSM,,,31.4717798,74.3692974,Lahore,Punjab,Pakistan,,,,,
627e8603-786f-5286-8574-fa55a2b9f9d0,544976775,way,leisure,park,AA Park,,,,,OSM,,,31.4609356,74.371842,Lahore,Punjab,Pakistan,,,,,
c6c5e271-32bc-5f84-bdfa-ad27da4a3b02,544976780,way,leisure,park,C Block Park,,,,,OSM,,,31.4565712,74.373073,Lahore,Punjab,Pakistan,,,,,
2eefe681-af44-5cda-bb1b-08023a2f2a6a,544980233,way,leisure,park,B Block Park,,,,,OSM,,,31.4586282,74.3753333,Lahore,Punjab,Pakistan,,,,,
6a1bd90b-951d-5095-b523-a958333925bd,544980240,way,leisure,park,E Block Park,,,,,OSM,,,31.4590602,74.3717012,Lahore,Punjab,Pakistan,,,,,
d1279b19-8dda-5d16-a5d5-16d8c800d38f,545986237,way,leisure,park,Children's Park,,,,,OSM,,,31.4569294,74.3707542,Lahore,Punjab,Pakistan,,,,,
bf7b20df-4581-5d72-b551-a9c2c87a116e,316715302,way,leisure,park,,,,,,OSM,,,31.4548664,74.3898692,Lahore,Punjab,Pakistan,,,,,
347d28b0-e200-5266-a935-d4d57dc4eb0e,316715301,way,leisure,park,,,,,,OSM,,,31.4551053,74.3868471,Lahore,Punjab,Pakistan,,,,,
dbe5199d-7baa-5dc2-9603-ce4ff60354e4,544976771,way,leisure,park,BB Park,,,,,OSM,,,31.4625828,74.3751823,Lahore,Punjab,Pakistan,,,,,
0534a860-9574-521a-9b97-7f9dc3eb763d,544976774,way,leisure,park,AA Park,,,,,OSM,,,31.4617196,74.3711589,Lahore,Punjab,Pakistan,,,,,
af34814f-618a-5118-8f6b-1d2deb3e7185,544974048,way,leisure,park,,,,,,OSM,,,31.4619016,74.3817642,Lahore,Punjab,Pakistan,,,,,
e4be10ac-67ab-5112-b952-eaed14fa5103,544974050,way,leisure,park,Askari Park,,,,,OSM,,,31.4653339,74.3801629,Lahore,Punjab,Pakistan,,,,,
253e700f-193f-5431-9915-830eed86b57b,544976770,way,leisure,park,Corner Park,,,,,OSM,,,31.462723,74.3781192,Lahore,Punjab,Pakistan,,,,,
b1eaff26-6952-5295-b60c-461efba26395,544980235,way,leisure,park,,,,,,OSM,,,31.4609669,74.3773468,Lahore,Punjab,Pakistan,,,,,
5911100e-d8b1-5bc8-a096-6bd0559fff24,545997042,way,healthcare,pharmacy,DVM Pharma,,,,,OSM,,,31.4615155,74.3784911,Lahore,Punjab,Pakistan,,,,,
a576fd1d-6b9d-58d3-9d38-f3d2f3da1b00,800402827,way,leisure,park,,,,,,OSM,,,31.4696102,74.3763521,Lahore,Punjab,Pakistan,,,,,
83ffae4a-1939-50b1-9d65-91efe69d7a62,795052966,way,amenity,bank,,,,,,OSM,,,31.4727351,74.377628,Lahore,Punjab,Pakistan,,,,,
a1da338e-ca41-59d5-8b8b-b9ddeb5c309d,795052972,way,amenity,bank,,,,,,OSM,,,31.4728142,74.3773355,Lahore,Punjab,Pakistan,,,,,
9fed5d54-ff92-508c-903b-5a008a8638a2,546081030,way,healthcare,clinic,ساو آن طبي مرکز,,,,,OSM,,,31.4636461,74.386342,Lahore,Punjab,Pakistan,,,,,
f705be93-bafc-5956-8483-c11ad4891fde,544946942,way,leisure,park,EE Park,,,,,OSM,,,31.4668171,74.3896638,Lahore,Punjab,Pakistan,,,,,
d799ad47-52e6-57c7-96ad-b3532b6a1e45,544947687,way,leisure,park,,,,,,OSM,,,31.4683248,74.3858197,Lahore,Punjab,Pakistan,,,,,
58f6ac4e-9030-528a-8eff-361cf58a21be,544697552,way,leisure,park,,,,,,OSM,,,31.4709463,74.3950421,Lahore,Punjab,Pakistan,,,,,
2ea776b3-6b2b-521a-ab81-95d97113ec50,544697553,way,leisure,park,S Block Park,,,,,OSM,,,31.4711859,74.3929896,Lahore,Punjab,Pakistan,,,,,
f92f0a37-ac2a-575a-8a06-ffcd867315d8,544701667,way,leisure,park,,,,,,OSM,,,31.4696965,74.3945028,Lahore,Punjab,Pakistan,,,,,
30e547df-0cdb-5ec5-af78-c4e4d15b7a70,544741402,way,amenity,fire_station,Rescue 1122,,,,,OSM,,,31.4727385,74.3924053,Lahore,Punjab,Pakistan,,,,,
238e1f46-2b56-5927-b05e-d05595620fca,1148159218,way,amenity,police,Defence B Police Station,,,,,OSM,,,31.4669922,74.3984655,Lahore,Punjab,Pakistan,,,,,
ab152100-f3a8-5a9a-9167-934e1a08371b,220584467,way,leisure,park,Walton Community Park,,,,,OSM,,,31.4857731,74.3564358,Lahore,Punjab,Pakistan,,,,,
fb8f2a2e-7ca0-5c64-a6eb-08773ba2a9e9,115584365,way,leisure,park,,,,,,OSM,,,31.4774181,74.3686435,Lahore,Punjab,Pakistan,,,,,
4f2206a7-bb45-5c2d-9429-71680a6b77a4,782521821,way,leisure,park,,,,,,OSM,,,31.4975555,74.3506609,Lahore,Punjab,Pakistan,,,,,
5cffaf8a-451b-596c-98f3-9e70b66303f0,1018637559,way,place,neighbourhood,گُلبہار کالونی,,,,,OSM,,,31.4994088,74.3594277,Lahore,Punjab,Pakistan,,,,,
16cd40af-2be8-5b15-8d3e-6caf48b9f1e2,795034033,way,amenity,bank,HBL Bank,ایچ بی ایل پاکستان,,,,OSM,,,31.4756653,74.3794107,Lahore,Punjab,Pakistan,,,HBL Bank,,
efd3d523-9748-5f1c-8cbf-2d686eda5414,795034034,way,amenity,bank,,,,,,OSM,,,31.4755674,74.3790898,Lahore,Punjab,Pakistan,,,,,
39f3f99e-bd38-51ae-a190-2f67d922223c,795086949,way,amenity,bank,,,,,,OSM,,,31.4739786,74.3784658,Lahore,Punjab,Pakistan,,,,,
4e69aaed-d16f-515b-ac26-25d1d571d367,795086951,way,amenity,bank,,,,,,OSM,,,31.4740549,74.3784313,Lahore,Punjab,Pakistan,,,,,
f9653f04-e50d-5cb8-9c98-e78ff991c2c6,795086957,way,amenity,bank,,,,,,OSM,,,31.4742836,74.3783317,Lahore,Punjab,Pakistan,,,,,
f151eb8f-5e70-5645-89a1-fafa560f6df8,795166457,way,leisure,park,,,,,,OSM,,,31.4785611,74.3814732,Lahore,Punjab,Pakistan,,,,,
2093a8e6-f3a4-54ee-b65e-47b245a9531a,797922450,way,leisure,park,,,,,,OSM,,,31.4786296,74.3780276,Lahore,Punjab,Pakistan,,,,,
1230048a-b950-566f-bc78-df7c9fcc62c6,476523146,way,leisure,park,Sheeba Park,,,,,OSM,,,31.4750667,74.3761379,Lahore,Punjab,Pakistan,,,,,
6440af0a-3c2c-5f0b-b0bc-f572651eac16,164142416,way,landuse,cemetery,Christian Graveyard,,,,,OSM,,,31.4857097,74.3746659,Lahore,Punjab,Pakistan,,,,,
c6663137-ae30-5d1d-8360-b9df40d770ed,551843631,way,leisure,park,,,,,,OSM,,,31.47948,74.3842574,Lahore,Punjab,Pakistan,,,,,
de5175db-371e-5b6e-93e7-121d21d8f80e,544741401,way,amenity,police,Defence Police Station,,,,,OSM,,,31.4740387,74.3940069,Lahore,Punjab,Pakistan,,,,,
2d57c208-437e-5439-867e-524404425ce5,544741398,way,leisure,park,باغ,باغ,,,,OSM,,,31.4804136,74.3910347,Lahore,Punjab,Pakistan,,,,,
281d1a15-bf30-5257-969d-a01c9626a91d,327001586,way,leisure,park,,,,,,OSM,,,31.486512,74.3887497,Lahore,Punjab,Pakistan,,,,,
23f4a450-4f01-55f7-a45e-5acd6dd44004,327001587,way,leisure,park,,,,,,OSM,,,31.4849425,74.3908498,Lahore,Punjab,Pakistan,,,,,
a631cbe7-779e-5fd0-8c83-0b06a8501e25,544734600,way,amenity,bank,The Bank of Punjab,,,,,OSM,,,31.4835052,74.3957261,Lahore,Punjab,Pakistan,,,,,
2bd39bb8-307c-57fd-9a18-bc5a4d9346c4,544982538,way,healthcare,pharmacy,Trust Medical Store,,,,,OSM,,,31.4825594,74.3950593,Lahore,Punjab,Pakistan,,,,,
1024cd16-2ddc-5947-9fbe-afbaa0de417b,544984489,way,healthcare,pharmacy,Pakistan Pharmacy,,,,,OSM,,,31.4828555,74.3947938,Lahore,Punjab,Pakistan,,,,,
47bbe331-6785-50d7-aa7d-c0d95b48a048,544998242,way,amenity,bank,بینک اسلامی,بینک اسلامی,,,,OSM,,,31.4834563,74.3950217,Lahore,Punjab,Pakistan,,,بینک اسلامی,بینک اسلامی,
935b8696-e828-56fc-ab98-ad6c7b250d84,545229115,way,amenity,bank,BIPL-G-Block-LHR,,,,,OSM,,,31.4837777,74.3946773,Lahore,Punjab,Pakistan,,,,,
4501a8c9-e93c-511e-9206-5f728aa7f8d8,545240899,way,amenity,bank,National Saving Center,,,,,OSM,,,31.4838852,74.3945661,Lahore,Punjab,Pakistan,,,,,
7e248d7a-8008-5fee-a00b-538aac2cad55,545409578,way,healthcare,clinic,Jugnu Dar Ul Basarat,جگنو دار البصرت,,,,OSM,,,31.4842832,74.3936688,Lahore,Punjab,Pakistan,,,,,
811b6eaf-8c3d-5624-9ada-b1e61fb8dbb5,545450989,way,amenity,bank,میزان بینک,میزان بینک,,,,OSM,,,31.4842147,74.3929197,Lahore,Punjab,Pakistan,,,میزان بینک,,
df1771e1-3a40-57fc-86f5-c3066cf1d68b,545994887,way,healthcare,pharmacy,Rana Pharmacy,,,,,OSM,,,31.4847245,74.3917738,Lahore,Punjab,Pakistan,,,,,
fb6ac29a-4819-5b2e-9597-e0f3a3872246,545997603,way,healthcare,pharmacy,Baig Pharmacy,,,,,OSM,,,31.4853075,74.3913527,Lahore,Punjab,Pakistan,,,,,
a63aa1c9-2d99-5da0-ac0f-15628acf9925,546092297,way,amenity,bank,United Bank Limited (UBL Ameen),,,,,OSM,,,31.483378,74.3931595,Lahore,Punjab,Pakistan,,,,,
ddc0e597-ac99-58f7-a769-72c08dd6957d,546092299,way,amenity,bank,سمٹ بینک,سمٹ بینک,,,,OSM,,,31.4833196,74.3932176,Lahore,Punjab,Pakistan,,,سمٹ بینک,سمٹ بینک,
27925a4b-5c64-5964-a746-34dc1d840296,546092301,way,amenity,bank,بينک الحبيب,بينک الحبيب,,,,OSM,,,31.4831342,74.3934033,Lahore,Punjab,Pakistan,,,بينک الحبيب,,
e1b80d9c-38fd-5fd2-b2f4-82b80f8443be,546092304,way,amenity,bank,بینک الفلاح,بینک الفلاح,,,,OSM,,,31.4830673,74.3934681,Lahore,Punjab,Pakistan,,,بینک الفلاح,,
81ca30c2-5735-57e8-87ef-120e521ba8e0,546092309,way,amenity,bank,دبئی اسلامی بینک,دبئی اسلامی بینک,,,,OSM,,,31.4829376,74.3936047,Lahore,Punjab,Pakistan,,,دبئی اسلامی بینک,,
98ffb3c4-8eaa-5d4e-af42-e2826fabf15f,546092316,way,amenity,bank,Allied Bank,الائیڈ بینک,,,,OSM,,,31.482697,74.3938628,Lahore,Punjab,Pakistan,,,Allied Bank Limited,الائیڈ بینک لمیٹڈ,
144a4d08-25b6-5296-bb67-984955e6f3e8,546092318,way,amenity,bank,سونیری بینک,سونیری بینک,,,,OSM,,,31.4826349,74.3939215,Lahore,Punjab,Pakistan,,,سونیری بینک,سونیری بینک,
7333ef8f-c0e0-517d-996f-c71e1d6729de,546100656,way,amenity,bank,First Women Bank Ltd,,,,,OSM,,,31.4834152,74.3933477,Lahore,Punjab,Pakistan,,,,,
83227a78-7bf6-580e-8953-efccaa7aa371,546259422,way,amenity,bank,HBL Pakistan,,,,,OSM,,,31.4823656,74.3941767,Lahore,Punjab,Pakistan,,,,,
8e633f6a-f140-53df-9f60-7116f6248d29,546259423,way,amenity,bank,اسٹینڈرڈ چارٹرڈ,اسٹینڈرڈ چارٹرڈ,,,,OSM,,,31.4823092,74.3942358,Lahore,Punjab,Pakistan,,,اسٹینڈرڈ چارٹرڈ,اسٹینڈرڈ چارٹرڈ,
58be3642-2bf0-5a0d-b1b4-a0e23fb45525,546259424,way,amenity,bank,فیصل بینک,فیصل بینک,,,,OSM,,,31.4822535,74.3942923,Lahore,Punjab,Pakistan,,,فیصل بینک,,
7f16e49d-a325-570e-9266-27c440b5e646,546259425,way,amenity,bank,Burj Bank Limited,,,,,OSM,,,31.482192,74.394356,Lahore,Punjab,Pakistan,,,,,
c7e2d98c-1528-5b7a-915b-9c99591270b2,546259426,way,amenity,bank,Al Baraka Bank,,,,,OSM,,,31.4821316,74.3944176,Lahore,Punjab,Pakistan,,,,,
fcf26000-7d6c-5b1b-917f-bad3c1af47db,699859060,way,healthcare,hospital,Aadil Hospital,عادل ہسپتال,,,,OSM,,,31.4890813,74.3802132,Lahore,Punjab,Pakistan,,,,,
7512ee13-dae0-5fec-bbda-b0f36e1f9dac,699562699,way,amenity,bank,میزان بینک,میزان بینک,,,,OSM,,,31.4928765,74.3873344,Lahore,Punjab,Pakistan,,,میزان بینک,,
462d7214-9d80-51ce-b43c-d068d13bd197,699827811,way,leisure,park,,,,,,OSM,,,31.4915967,74.3847198,Lahore,Punjab,Pakistan,,,,,
1c7319f2-e9f1-5247-8c09-1dffc19362f5,699827810,way,leisure,park,,,,,,OSM,,,31.4932756,74.3855836,Lahore,Punjab,Pakistan,,,,,
95c0d853-39d7-5a94-97e4-a0622df69d86,27618536,way,leisure,park,Nishat Park,,,,,OSM,,,31.4953201,74.386023,Lahore,Punjab,Pakistan,,,,,
f9af8144-a437-54bc-be33-7cc4f8b50f29,544728039,way,leisure,park,M-Block Park,,,,,OSM,,,31.4837718,74.4003178,Lahore,Punjab,Pakistan,,,,,
f3cbc7c2-da43-54bc-b2cb-cb51585af430,8406781955,node,place,neighbourhood,Kabootarpura,,,,,OSM,,,31.5045204,74.3558577,Lahore,Punjab,Pakistan,,,,,
dfb12eb2-a1de-5346-813f-e9db1dc9543f,5251520116,node,amenity,bank,Bank of Khyber,,,,,OSM,,,31.5115067,74.3509767,Lahore,Punjab,Pakistan,,,,,
ef92feb8-1c3a-596a-8b5c-7495189c19fa,5251520117,node,amenity,atm,,,,,,OSM,,,31.5114976,74.3510035,Lahore,Punjab,Pakistan,,,,Bank of Khyber,
0ceceffc-eec7-51ca-bbee-0daf1e9296b7,5253925863,node,healthcare,hospital,Cavalry Hospital Lahore,کیولری ہسپتال لاہور,,,,OSM,,,31.5018965,74.3626328,Lahore,Punjab,Pakistan,,,,,
d1ff08f7-df8d-5cf7-8677-4369f633e391,5259654964,node,healthcare,hospital,Cavalry Hospital Lahore,کیولری ہسپتال لاہور,,,,OSM,,,31.5019344,74.3630703,Lahore,Punjab,Pakistan,,,,,
f7480c6b-74b1-5be6-bc80-7d0cf95dfdd0,5259654965,node,healthcare,clinic,Chughtais Lahore Lab,چغتائیس لاہور لیب,,,,OSM,,,31.5018223,74.3631454,Lahore,Punjab,Pakistan,,,,,
b74896fa-f2b1-5b9b-9e8c-eb2a322fe796,5259654966,node,healthcare,clinic,Shaukat Khanum Lab,شوکت خانم لیب,,,,OSM,,,31.50182,74.3632983,Lahore,Punjab,Pakistan,,,,,
72c74dae-73f5-59d5-88a8-d5cf55bd1ab4,5259654967,node,healthcare,clinic,Lahore Health Care,لاہور ہیلتھ کیئر,,,,OSM,,,31.5018189,74.3634646,Lahore,Punjab,Pakistan,,,,,
6c2e3a24-8dec-555b-9166-d26a5ed15692,6089379485,node,amenity,atm,,,,,,OSM,,,31.5027677,74.3626508,Lahore,Punjab,Pakistan,,,,,
0061bb80-4ebb-5c95-9372-a7d039913a27,9395371809,node,place,neighbourhood,سلطان پارک,,,,,OSM,,,31.5052454,74.3597794,Lahore,Punjab,Pakistan,,,,,
806ea407-3db6-5768-95d9-9d212bdd12ca,11171415971,node,healthcare,hospital,,,,,,OSM,,,31.5003469,74.3618904,Lahore,Punjab,Pakistan,,,,,
852ffd17-d96a-512b-a0f1-a61cbd8ca9c1,6204997185,node,amenity,police,Army Checkpoint,,,,,OSM,,,31.5050621,74.3677923,Lahore,Punjab,Pakistan,,,,,
251ce137-a9e1-5631-909d-d86b90655feb,8285766518,node,amenity,bank,ایم سی بی بینک,ایم سی بی بینک,,,,OSM,,,31.5013093,74.3665881,Lahore,Punjab,Pakistan,,,ایم سی بی بینک,,
a9c8a368-a1fc-5e57-8739-09be10f99e15,5252241552,node,amenity,bank,یونائیٹڈ بینک لمیٹڈ,یونائیٹڈ بینک لمیٹڈ,,,,OSM,,,31.5226102,74.3504939,Lahore,Punjab,Pakistan,,,یونائیٹڈ بینک لمیٹڈ,,
aa56824e-47f8-5a46-b7b9-97a01acac346,5252199943,node,leisure,park,Doongi Ground,,,,,OSM,,,31.5197901,74.3522856,Lahore,Punjab,Pakistan,,,,,
b26f3a0c-ba3e-53fb-a7b4-d4f023f437fe,8406781933,node,place,neighbourhood,Nabipura,,,,,OSM,,,31.5153205,74.3590739,Lahore,Punjab,Pakistan,,,,,
d0c8580e-0f80-5907-a227-def44999b3a4,7118877840,node,place,neighbourhood,عسکری 2,عسکری 2,,,,OSM,,,31.525045,74.3621905,Lahore,Punjab,Pakistan,,,,,
1f81dff1-f08a-5da8-9d9c-1299779780db,8406781922,node,place,neighbourhood,جناح پارک,جناح پارک,,,,OSM,,,31.5221922,74.3591419,Lahore,Punjab,Pakistan,,,,,
0695da32-c0e8-5127-8c3f-1c9025e78695,8406781923,node,place,neighbourhood,رحمان پارک,رحمان پارک,,,,OSM,,,31.5244746,74.3597748,Lahore,Punjab,Pakistan,,,,,
8ad084a6-b13a-5b01-b412-c683c56e3b8d,9395371808,node,place,neighbourhood,حسنین آباد,حسنین آباد,,,,OSM,,,31.5196084,74.3606902,Lahore,Punjab,Pakistan,,,,,
76dcaa43-61ca-5742-85bb-3a3f16dc0b1e,4392964495,node,amenity,atm,,,,,,OSM,,,31.5245946,74.3644666,Lahore,Punjab,Pakistan,,,,,
1fe8e07a-d752-5863-b8cd-fecaa94a985e,4393016489,node,amenity,bank,الائیڈ بینک لمیٹڈ,الائیڈ بینک لمیٹڈ,,,,OSM,,,31.5247238,74.364365,Lahore,Punjab,Pakistan,,,الائیڈ بینک لمیٹڈ,,
852b59ea-c339-50f3-92d2-c7c7d342ac90,7183614985,node,amenity,police,Checkpoint,,,,,OSM,,,31.504805,74.3781513,Lahore,Punjab,Pakistan,,,,,
c3920a32-19b7-5159-ac5d-6993a9d5e313,3571481393,node,leisure,park,,,,,,OSM,,,31.5252939,74.3707295,Lahore,Punjab,Pakistan,,,,,
fc6875f4-3a21-59c5-a577-04245851132f,272344294,node,leisure,park,,,,,,OSM,,,31.5213885,74.3810535,Lahore,Punjab,Pakistan,,,,,
e8ac3d01-de55-59f0-bbf5-508db000acb4,5259958811,node,healthcare,hospital,PAF Hospital,,,,,OSM,,,31.518104,74.3854299,Lahore,Punjab,Pakistan,,,,,
4970f1bf-fb09-5732-9166-33d0d52eab17,6318774585,node,amenity,bank,ایم سی بی بینک,ایم سی بی بینک,,,,OSM,,,31.5299692,74.3510981,Lahore,Punjab,Pakistan,,,ایم سی بی بینک,,
6617bbdc-d366-52ed-bc40-27d7fd9d9f0a,7297744893,node,amenity,bank,بینک الفلاح,بینک الفلاح,,,,OSM,,,31.5271412,74.3517117,Lahore,Punjab,Pakistan,,,بینک الفلاح,,
ca46291c-78fe-5533-8020-53535a5be325,5255279607,node,healthcare,hospital,Surgimed Hospital Lahore,,,,,OSM,Surgimed Hospital,,31.5380944,74.3512745,Lahore,Punjab,Pakistan,,,,,Q7646232
3de389c2-d69a-56b8-aef4-2f755c9a68b7,2433364441,node,railway,station,لاہور چھاؤنی,لاہور چھاؤنی,لاہور کینٹ ریلوے اسٹیشن,,,OSM,لاہور کینٹ ریلوے اسٹیشن,,31.5305468,74.3611247,Lahore,Punjab,Pakistan,,,,,Q18516385
9c7857b3-5da3-557d-8cb5-93ba7f1241e7,7118877839,node,place,neighbourhood,سینٹ جان پارک,سینٹ جان پارک,,,,OSM,,,31.5280341,74.3655326,Lahore,Punjab,Pakistan,,,,,
c4bcbafc-9265-59be-939c-09a2bb1ab297,4109174594,node,amenity,police,آفس قربان لائن,آفس قربان لائن,,,,OSM,,,31.5332556,74.3573767,Lahore,Punjab,Pakistan,,,,,
26cddf71-13a8-5193-b611-e181c818c887,5263722490,node,amenity,marketplace,Fortress Market,,,,,OSM,,,31.5331914,74.3641874,Lahore,Punjab,Pakistan,,,,,
0b5a9cac-00fa-54f3-924b-3c667b859391,5267410879,node,healthcare,pharmacy,Mall of Health Pharmacy,,,,,OSM,,,31.5480963,74.3571074,Lahore,Punjab,Pakistan,,,,,
31cc2145-0f8a-559b-af7b-92d7387dfece,5267413985,node,healthcare,hospital,Mian Meer Welfair Hospital,,,,,OSM,,,31.5484343,74.3571591,Lahore,Punjab,Pakistan,,,,,
0f344f4b-3b1c-5626-88bf-f0498a984ab1,5273136275,node,amenity,atm,,,,,,OSM,,,31.5296519,74.3788529,Lahore,Punjab,Pakistan,,,,Askari Bank ATM - Mall Of Lahore,
512a4050-71ba-5f6b-9c0d-5b351c06eba5,5273136277,node,amenity,marketplace,Rahat Marketplace,,,,,OSM,,,31.5294782,74.3769378,Lahore,Punjab,Pakistan,,,,,
b6b32df0-e9d4-5933-a8a3-84480b205836,5255424740,node,healthcare,hospital,CMH Lahore,,,,,OSM,کمبائنڈ ملٹری ہسپتال، لاہور,,31.5391648,74.3711747,Lahore,Punjab,Pakistan,,,,,Q55639462
5528f77e-7219-5a14-b1b3-9782cd5ee568,5265669091,node,amenity,marketplace,Tufail Market,,,,,OSM,,,31.5456156,74.3798851,Lahore,Punjab,Pakistan,,,,,
300334c5-0b90-5f9e-b69d-9cab400b0f8e,7118861137,node,place,neighbourhood,Dagi Mohallah,,,,,OSM,,,31.5493125,74.3760119,Lahore,Punjab,Pakistan,,,,,
ccb44c28-05a9-5141-b7e5-d8279db0fdf9,7118861138,node,place,neighbourhood,Bazaz Mohallah,,,,,OSM,,,31.547911,74.3759071,Lahore,Punjab,Pakistan,,,,,
9155b0e3-0bf7-5fcd-b224-790d00af73a3,5049689222,node,amenity,bank,ایچ بی ایل پاکستان,ایچ بی ایل پاکستان,,,,OSM,,,31.5458511,74.3771606,Lahore,Punjab,Pakistan,,,ایچ بی ایل پاکستان,,
69e3a8f5-eae5-5603-9d09-032e3ebaa6d1,5049708721,node,amenity,police,Saddar Police Station,,,,,OSM,,,31.549517,74.3805278,Lahore,Punjab,Pakistan,,,,,
5a70f074-ef74-578a-8dda-0649356ccb35,5050268521,node,amenity,atm,,,,,,OSM,,,31.5459103,74.3772514,Lahore,Punjab,Pakistan,,,,,
c7f07beb-eeb2-5f81-b23a-025ca5cda83f,5255562361,node,healthcare,hospital,Cantonment General Hospital,,,,,OSM,,,31.5467613,74.3821858,Lahore,Punjab,Pakistan,,,,,
6fed9ee4-849a-5852-8f2c-421b601d9cd7,7118861140,node,place,neighbourhood,Kharas Mohallah,,,,,OSM,,,31.5478594,74.3787879,Lahore,Punjab,Pakistan,,,,,
8fb60b49-0ab8-590b-87d7-f6cf7a423246,7118861141,node,place,neighbourhood,Donger Mohallah,,,,,OSM,,,31.5494105,74.3788644,Lahore,Punjab,Pakistan,,,,,
7cfcebd1-5820-5841-b932-cd0885cd8be4,7118861142,node,place,neighbourhood,Bengali Mohallah,,,,,OSM,,,31.5478854,74.3816022,Lahore,Punjab,Pakistan,,,,,
b51f5cea-3e22-5c94-8292-0de7c5755546,4595111571,node,natural,water,,,,,,OSM,,,31.5430076,74.3869849,Lahore,Punjab,Pakistan,,,,,
1bfea120-a0b7-56ee-98b7-d93402a2e325,7118877854,node,place,neighbourhood,Askari 1,,,,,OSM,,,31.5444439,74.384803,Lahore,Punjab,Pakistan,,,,,
31363a11-99af-560d-a0e5-f392fcb0422a,4595111565,node,natural,water,,,,,,OSM,,,31.5464731,74.3856338,Lahore,Punjab,Pakistan,,,,,
b3898373-4b10-50ac-9a47-a868196cd778,4595111578,node,natural,water,Tubewell,,,,,OSM,,,31.5461084,74.3841266,Lahore,Punjab,Pakistan,,,,,
59339045-9294-5199-ac98-e63d8e59b6fa,5737713722,node,tourism,museum,Army Museum Lahore,,,,,OSM,,,31.5319879,74.3984309,Lahore,Punjab,Pakistan,,,,,
8ea4747d-7800-5326-a90a-02a019b6e210,1018637557,way,place,neighbourhood,حسنین آباد,حسنین آباد,,,,OSM,,,31.5185413,74.360654,Lahore,Punjab,Pakistan,,,,,
fc21458c-0bf6-5a86-b6fd-420b7c2f3322,800804307,way,leisure,park,,,,,,OSM,,,31.505972,74.3552972,Lahore,Punjab,Pakistan,,,,,
c258a510-4065-53bf-9c9c-d89f75a9698a,1344894178,way,leisure,park,Aizar Ground,,,,,OSM,,,31.5043965,74.3523973,Lahore,Punjab,Pakistan,,,,,
3afeb368-11fb-5662-aeb1-bbcfa008ff61,363567969,way,leisure,park,,,,,,OSM,,,31.5132913,74.3555708,Lahore,Punjab,Pakistan,,,,,
17bb1eec-492f-5ce6-a079-8122991f2d66,363567970,way,leisure,park,Ghalib Market,,,,,OSM,,,31.5128091,74.3544228,Lahore,Punjab,Pakistan,,,,,
0efc5270-caeb-552c-a72e-bb66e0af0390,795537054,way,leisure,park,Public Garden,,,,,OSM,,,31.511301,74.3527786,Lahore,Punjab,Pakistan,,,,,
58078c8f-df38-5f43-9bfb-48bd0e33995d,543667105,way,amenity,bank,ایم سی بی بینک,ایم سی بی بینک,,,,OSM,,,31.5018706,74.3625576,Lahore,Punjab,Pakistan,,,ایم سی بی بینک,,
6cb1aef1-8c08-5a10-8e9a-c43464eb8279,544744026,way,amenity,bank,بینک الفلاح,بینک الفلاح,,,,OSM,,,31.50138,74.3635272,Lahore,Punjab,Pakistan,,,بینک الفلاح,,
a0b35054-d94a-5ca0-9fb5-7f48f13b8fb3,292894228,way,leisure,park,Cavalry Ground Park,,,,,OSM,,,31.5006838,74.3666393,Lahore,Punjab,Pakistan,,,,,
fcd86e22-f705-5520-b9c3-a56279254e42,542239697,way,amenity,bank,فیصل بینک,فیصل بینک,,,,OSM,,,31.5018373,74.3672743,Lahore,Punjab,Pakistan,,,فیصل بینک,,
9dc46089-ee6b-565f-8e94-5412e1114b94,542240035,way,amenity,bank,جے ایس بینک,جے ایس بینک,,,,OSM,,,31.5018381,74.3671599,Lahore,Punjab,Pakistan,,,جے ایس بینک,جے ایس بینک,
990c6f15-40a5-5075-9081-93792e776604,542243482,way,amenity,bank,ایچ بی ایل پاکستان,ایچ بی ایل پاکستان,,,,OSM,,,31.5018728,74.3660604,Lahore,Punjab,Pakistan,,,ایچ بی ایل پاکستان,,
a1d9425d-51a0-57e8-a437-4ac489f1a2a1,543670857,way,amenity,bank,SIEC,,,,,OSM,,,31.5018649,74.3642893,Lahore,Punjab,Pakistan,,,,,
a53914b2-dc66-511a-b642-2d7ac6a11d82,543670864,way,amenity,bank,عسکری بینک,عسکری بینک,,,,OSM,,,31.5018379,74.3650984,Lahore,Punjab,Pakistan,,,عسکری بینک,,
b6beaa0f-663c-5f73-9e03-629e14e43787,543678856,way,amenity,bank,Al Baraka Bank Cavalry Ground,,,,,OSM,,,31.5018734,74.3658361,Lahore,Punjab,Pakistan,,,,,
a1d92f57-1e6c-5fee-8700-48d8b6da1d2a,544743929,way,amenity,bank,Faisal Bank Barkat,,,,,OSM,,,31.5012466,74.366849,Lahore,Punjab,Pakistan,,,,,
125e87dc-40ce-5ff7-aa9c-ddba107cb068,544743934,way,amenity,bank,دبئی اسلامی بینک,دبئی اسلامی بینک,,,,OSM,,,31.5012778,74.3669614,Lahore,Punjab,Pakistan,,,دبئی اسلامی بینک,,
6647812c-bcc3-5bc4-830e-fe19d0a5fa2d,544743938,way,amenity,bank,سونیری بینک,سونیری بینک,,,,OSM,,,31.5013033,74.3671021,Lahore,Punjab,Pakistan,,,سونیری بینک,سونیری بینک,
420eee21-0329-5c6b-9d0b-bdaaddfed361,544743960,way,amenity,bank,Bank Of Punjab,,,,,OSM,,,31.5013076,74.365873,Lahore,Punjab,Pakistan,,,,,
c58256f9-8d89-5b36-a847-7c86eb3b1820,544744063,way,amenity,bank,الائیڈ بینک,الائیڈ بینک,,,,OSM,,,31.5013529,74.3643387,Lahore,Punjab,Pakistan,,,الائیڈ بینک,الائیڈ بینک لمیٹڈ,
ede5eae0-0d58-5af4-8f14-cd9a171eadda,607872347,way,place,neighbourhood,Officers Colony,,,,,OSM,,,31.5041143,74.3729706,Lahore,Punjab,Pakistan,,,,,
c4c1040c-1701-5f27-a6a7-26205390bf7c,1018637558,way,place,neighbourhood,سلطان پارک,,,,,OSM,,,31.506443,74.359976,Lahore,Punjab,Pakistan,,,,,
51740842-29eb-5d5b-89ae-55a76ee0293d,795117467,way,amenity,bank,یونائیٹڈ بینک لمیٹڈ,یونائیٹڈ بینک لمیٹڈ,,,,OSM,,,31.5226546,74.3505577,Lahore,Punjab,Pakistan,,,یونائیٹڈ بینک لمیٹڈ,,
e7d99894-21ef-5517-b93a-f42e10c7be66,795128538,way,leisure,park,Doongi Ground,,,,,OSM,,,31.5200066,74.3527003,Lahore,Punjab,Pakistan,,,,,
101d6997-04ea-50e3-90a6-8b3f9b83c33a,795131235,way,amenity,bank,جے ایس بینک,جے ایس بینک,,,,OSM,,,31.5194955,74.351236,Lahore,Punjab,Pakistan,,,جے ایس بینک,جے ایس بینک,
64a5cc91-2f6e-5118-8c23-e77bfd669e2d,795117479,way,leisure,park,,,,,,OSM,,,31.5213682,74.3501692,Lahore,Punjab,Pakistan,,,,,
6b9f1c71-27ea-5b46-8dd8-46a84ae7bf81,543233370,way,leisure,park,Mini Market Park,,,,,OSM,,,31.5209174,74.35133,Lahore,Punjab,Pakistan,,,,,
4569200a-f28f-56fc-bdbf-47a988e22f58,795131232,way,leisure,park,بلاک ٹی پارک,بلاک ٹی پارک,,,,OSM,,,31.5207975,74.3547559,Lahore,Punjab,Pakistan,,,,,
8bf2b1ef-52fa-5cb0-9527-f4ffbc3eda79,1012000224,way,leisure,park,Football League Practice Ground,,,,,OSM,,,31.520195,74.3532105,Lahore,Punjab,Pakistan,,,,,
c5430937-d181-5e39-9ef9-08d65c8459dc,905256562,way,landuse,cemetery,Gulberg Cemetery,,,,,OSM,,,31.5175424,74.3592035,Lahore,Punjab,Pakistan,,,,,
bc8a4520-351d-57e0-a566-60d8e1d509a4,1018637560,way,place,neighbourhood,جناح پارک,جناح پارک,,,,OSM,,,31.522768,74.3587854,Lahore,Punjab,Pakistan,,,,,
9474ffa1-64c4-56d0-a9e9-4299dd954a6f,905331012,way,leisure,park,پل کالونی پارک,پل کالونی پارک,,,,OSM,,,31.521581,74.3647782,Lahore,Punjab,Pakistan,,,,,
ef4a1285-ef1b-5d91-aa5d-6128fd525aa0,544708260,way,leisure,park,,,,,,OSM,,,31.5020187,74.3714428,Lahore,Punjab,Pakistan,,,,,
6e1345b7-36f2-5cdd-9811-9909138a5dfb,699333323,way,leisure,park,Children's Park RA Bazar,,,,,OSM,,,31.5049631,74.3823228,Lahore,Punjab,Pakistan,,,,,
2d8aac4e-4f60-5934-ab70-d439c094a586,699333330,way,amenity,police,Traffic Police Office,,,,,OSM,,,31.5021351,74.3820691,Lahore,Punjab,Pakistan,,,,,
7cb80460-5a57-5ca2-b520-800247d0a9e0,699337360,way,amenity,police,RA Bazar Police Station,,,,,OSM,,,31.5024856,74.3821256,Lahore,Punjab,Pakistan,,,,,
76463224-b411-5e22-9495-ed277535a353,546258882,way,leisure,park,Polo Ground,,,,,OSM,,,31.5090187,74.3771176,Lahore,Punjab,Pakistan,,,,,
f0416eba-f415-5d71-93bb-b4229a57f331,688129664,way,leisure,park,,,,,,OSM,,,31.513388,74.3764436,Lahore,Punjab,Pakistan,,,,,
4ddec6fd-57ca-56b3-b3f2-6284d5a13b3e,688129665,way,leisure,park,,,,,,OSM,,,31.5133797,74.3779125,Lahore,Punjab,Pakistan,,,,,
93a188ed-3d5f-5ff7-8022-ad58a0c11e5a,688094300,way,leisure,park,,,,,,OSM,,,31.510029,74.3743812,Lahore,Punjab,Pakistan,,,,,
3123c1a5-953b-5a69-a92e-da35ab684637,699369249,way,leisure,park,RA Bazaar Park,,,,,OSM,,,31.5047662,74.3844838,Lahore,Punjab,Pakistan,,,,,
6e192b14-a9ba-5f7e-b6f5-3cc3269e840d,699369250,way,leisure,park,Nadeem Football Club RA Bazaar,,,,,OSM,,,31.5046457,74.385136,Lahore,Punjab,Pakistan,,,,,
0504034d-d17a-5736-8a1d-266fda503de2,642735518,way,leisure,park,Tariq Road Park,,,,,OSM,,,31.5121135,74.3846024,Lahore,Punjab,Pakistan,,,,,
6f94e45b-2006-5c25-8b45-fe72fabbb3fb,700310299,way,leisure,park,New Mazhar Lines Family Park,,,,,OSM,,,31.5098169,74.3941381,Lahore,Punjab,Pakistan,,,,,
c180738a-1e6f-5c03-9675-24ee5599b0ab,688128510,way,leisure,park,EzGarden,,,,,OSM,,,31.5168629,74.3756694,Lahore,Punjab,Pakistan,,,,,
13a589f2-0543-5668-920c-d06c8d08811d,546258861,way,amenity,marketplace,PAF Cinema,,,,,OSM,,,31.5186315,74.3818747,Lahore,Punjab,Pakistan,,,,,
67a4e8f8-fc2d-5e2d-bd07-65aebc6d4295,546258868,way,leisure,park,PAF Stadium,,,,,OSM,,,31.515608,74.3799422,Lahore,Punjab,Pakistan,,,,,
4039cdaa-ae92-5a7c-a3b0-6939904e546c,698824023,way,leisure,park,Alpine Garden,,,,,OSM,,,31.5171312,74.3801105,Lahore,Punjab,Pakistan,,,,,
7a1e2f94-7fae-5a08-9f6c-7a55e8e09761,688129667,way,leisure,park,,,,,,OSM,,,31.5157387,74.3770914,Lahore,Punjab,Pakistan,,,,,
67313554-34db-5c85-8282-5ef3ce336b57,689584287,way,amenity,police,Cantt Police Station,,,,,OSM,,,31.5257936,74.3759668,Lahore,Punjab,Pakistan,,,,,
d13ab0fd-4280-53ed-a73a-f1407463ba3b,316700016,way,leisure,park,Lahore Cantonment Board Park,,,,,OSM,,,31.5210834,74.3806073,Lahore,Punjab,Pakistan,,,,,
1a8c4431-21d1-5613-83aa-bf374cb27aaf,546258860,way,amenity,bank,الائیڈ بینک,الائیڈ بینک,,,,OSM,,,31.5199531,74.3817965,Lahore,Punjab,Pakistan,,,الائیڈ بینک,الائیڈ بینک لمیٹڈ,
2af17893-fa30-5091-bda0-4db1a8f7e87c,686779301,way,leisure,park,Mobilink Theme Park & Flower Market,,,,,OSM,,,31.5200522,74.3811695,Lahore,Punjab,Pakistan,,,,,
0a2a3173-f187-585a-a7f0-f3af77c50cf9,686779302,way,amenity,marketplace,Mobilink Flower Market,,,,,OSM,,,31.5202959,74.380925,Lahore,Punjab,Pakistan,,,,,
79448cc6-4374-5952-a772-dba79b027459,686779303,way,amenity,bank,National Bank of Pakistan (NBP),,,,,OSM,,,31.5216808,74.3784909,Lahore,Punjab,Pakistan,,,,,
1ff3281e-f82c-5b8e-9d7b-2309e424a8f6,686603372,way,leisure,park,,,,,,OSM,,,31.5169912,74.3910121,Lahore,Punjab,Pakistan,,,,,
4215d8a1-2ec6-5b41-8e6b-3f42584ccdcf,687551736,way,leisure,park,,,,,,OSM,,,31.5151659,74.3941372,Lahore,Punjab,Pakistan,,,,,
92b05513-b257-5238-93cd-cae1ca0a8f20,607875029,way,place,neighbourhood,Napier Barracks,,,,,OSM,,,31.5369606,74.3730616,Lahore,Punjab,Pakistan,,,,,
e747d5da-e414-532e-85f3-b141775bcd6b,619000089,way,place,neighbourhood,Mian Mir Sahib,,,,,OSM,,,31.5468781,74.3572823,Lahore,Punjab,Pakistan,,,,,
4e1f4bc9-2b7c-59db-b24d-fcb80edaf668,619000091,way,place,neighbourhood,اپر مال,اپر مال,,,,OSM,,,31.5460614,74.3548569,Lahore,Punjab,Pakistan,,,,,
106d064b-1007-53f7-bc02-454342490be3,621947826,way,landuse,cemetery,Shah Muhammad Cemetery,,,,,OSM,,,31.5472734,74.3553528,Lahore,Punjab,Pakistan,,,,,
1ef5a2bd-e0ef-5c16-a771-44f2044d4c50,610917577,way,landuse,cemetery,Mian Mir Cemetery,,,,,OSM,,,31.546285,74.3604922,Lahore,Punjab,Pakistan,,,,,
e5303d06-5776-55a3-af14-cf0b23f23b4b,624647959,way,landuse,cemetery,European Cemetery,,,,,OSM,,,31.5490734,74.3686775,Lahore,Punjab,Pakistan,,,,,
3caee280-3301-5774-82bc-f5c8339aa418,761930868,way,healthcare,hospital,Combined Military Hospital,,,,,OSM,,,31.5416048,74.372053,Lahore,Punjab,Pakistan,,,,,
bbc81aaf-6f79-578c-a51c-a1616819f5d2,290081405,way,leisure,park,Tomb of Nadira Begum,,,,,OSM,,,31.5482986,74.3619462,Lahore,Punjab,Pakistan,,,,,
c0481e68-555f-5f0a-ab17-e78c422ff734,621947815,way,landuse,cemetery,,,,,,OSM,,,31.5484308,74.3608183,Lahore,Punjab,Pakistan,,,,,
8cc3e351-23c4-537d-8247-2457eb1b5219,624649623,way,leisure,park,,,,,,OSM,,,31.5303877,74.3746072,Lahore,Punjab,Pakistan,,,,,
d43c37fe-ee57-5e8f-b3c2-be0b0bd9df29,624649624,way,leisure,park,,,,,,OSM,,,31.5323095,74.3711895,Lahore,Punjab,Pakistan,,,,,
003176af-8e2a-5825-8eff-1f473ae75538,624649626,way,leisure,park,,,,,,OSM,,,31.5322242,74.3735666,Lahore,Punjab,Pakistan,,,,,
2affb39b-615a-5c1a-bb47-1cef4bf72b2b,624649629,way,leisure,park,,,,,,OSM,,,31.5318971,74.3765352,Lahore,Punjab,Pakistan,,,,,
dbbe00ee-d265-5f3f-8512-17b360f1991e,686577881,way,amenity,bank,فیصل بینک,فیصل بینک,,,,OSM,,,31.526474,74.3801127,Lahore,Punjab,Pakistan,,,فیصل بینک,,
ef04d8a2-09e8-5e28-bae3-115caeaf64dc,689588455,way,leisure,park,,,,,,OSM,,,31.5302413,74.379104,Lahore,Punjab,Pakistan,,,,,
fb34c46c-ab18-591e-b4fd-a671a30433fd,690136723,way,leisure,park,,,,,,OSM,,,31.5380847,74.3764431,Lahore,Punjab,Pakistan,,,,,
3beae012-d3c6-5910-94f3-25e03970870d,624649627,way,leisure,park,,,,,,OSM,,,31.5329395,74.3753899,Lahore,Punjab,Pakistan,,,,,
3f3272ec-cd23-52a1-82ae-789f85b784fd,624649630,way,leisure,park,,,,,,OSM,,,31.5342001,74.3735741,Lahore,Punjab,Pakistan,,,,,
020d1cb0-aa75-5f58-a919-d99a949c2021,233360090,way,leisure,park,,,,,,OSM,,,31.5283824,74.3931983,Lahore,Punjab,Pakistan,,,,,
0d2f2eb0-7007-5fbf-a650-b0d9f45bf34d,690185029,way,leisure,park,,,,,,OSM,,,31.5426275,74.3755352,Lahore,Punjab,Pakistan,,,,,
bd54bf29-d36c-5af5-8945-e199c5ea0490,761929355,way,leisure,park,Goli Bagh,,,,,OSM,,,31.5440835,74.3782274,Lahore,Punjab,Pakistan,,,,,
c3ee8ba7-b6e4-543f-90bd-fcb47eb8713d,1383726982,way,leisure,park,Badminton Court,,,,,OSM,,,31.5438206,74.3831301,Lahore,Punjab,Pakistan,,,,,
c5820b6b-e613-5133-b7f7-1f4a8c378c05,690185002,way,amenity,marketplace,Tufail Market,,,,,OSM,,,31.5455476,74.3797664,Lahore,Punjab,Pakistan,,,,,
5b3d1448-aa3a-5f79-b84c-e7f68532e165,690185010,way,amenity,bank,سمٹ بینک,سمٹ بینک,,,,OSM,,,31.5402575,74.3767965,Lahore,Punjab,Pakistan,,,سمٹ بینک,سمٹ بینک,
d886d51b-1640-57bb-8783-9afafb38538e,690185020,way,amenity,bank,National Savings Center,,,,,OSM,,,31.5408171,74.3768333,Lahore,Punjab,Pakistan,,,,,
549ff2f1-38df-544d-8182-39551d53d043,690185502,way,leisure,park,Muslim Model High School,,,,,OSM,,,31.5452517,74.3764131,Lahore,Punjab,Pakistan,,,,,
4718f465-93a5-5afd-8eb4-0b7bb5c38b36,761929357,way,healthcare,hospital,Safia Hanif Trust Hospital,,,,,OSM,,,31.5464003,74.3836538,Lahore,Punjab,Pakistan,,,,,
3a5c7fcc-7cc4-535b-a3f3-be54689f1844,1009392566,way,place,neighbourhood,لال کُرتی,لال کرتی,,,,OSM,,,31.543543,74.3758343,Lahore,Punjab,Pakistan,,,,,
a882a3cb-93fc-50f5-8c8a-edd0542abb2f,1383726986,way,leisure,park,Children Playground,,,,,OSM,,,31.5422773,74.3834374,Lahore,Punjab,Pakistan,,,,,
66938890-a1f4-54e9-b8f4-07fd80dde266,380472217,way,leisure,park,Ghulam Ahmad Park,,,,,OSM,,,31.5489888,74.3744291,Lahore,Punjab,Pakistan,,,,,
be23214c-8dd3-54cd-bd95-07e8f07875a9,690185503,way,amenity,bank,ایچ بی ایل پاکستان,ایچ بی ایل پاکستان,,,,OSM,,,31.546035,74.3769741,Lahore,Punjab,Pakistan,,,ایچ بی ایل پاکستان,,
d6434630-0539-51ef-8e77-36e1a1cd51b6,761929361,way,healthcare,hospital,کینٹونمنٹ بورڈ جنرل ہسپتال,,,,,OSM,,,31.546492,74.3824991,Lahore,Punjab,Pakistan,,,,,
099558d4-1438-5e59-b003-833794238fba,1383726977,way,leisure,park,Basketball Court,,,,,OSM,,,31.5447009,74.384426,Lahore,Punjab,Pakistan,,,,,
f40c31fb-a622-5170-a2dd-a747d887ebcd,1383726978,way,leisure,park,Football Ground,,,,,OSM,,,31.5444815,74.3849421,Lahore,Punjab,Pakistan,,,,,
db0f4aee-2342-538f-866b-62a5fdf52cd1,1383726981,way,leisure,park,Children Playground,,,,,OSM,,,31.5445687,74.3839569,Lahore,Punjab,Pakistan,,,,,
9113dd11-522d-52c0-befd-ec9527a1a87d,1383726985,way,leisure,park,Park,,,,,OSM,,,31.5455044,74.3836743,Lahore,Punjab,Pakistan,,,,,
6bfc7972-6bb6-5db1-9fa1-9f8608f774c8,1383726989,way,leisure,park,Park,,,,,OSM,,,31.5428433,74.3854465,Lahore,Punjab,Pakistan,,,,,
5380a99c-f32f-5827-86b5-7553da71c54b,1383726990,way,leisure,park,Children Playground,,,,,OSM,,,31.5447945,74.3860979,Lahore,Punjab,Pakistan,,,,,
849ed0bb-ac13-5f7c-a850-8b6efe638a11,232335111,way,leisure,park,,,,,,OSM,,,31.5450386,74.395472,Lahore,Punjab,Pakistan,,,,,
b4b0e961-5166-56c5-954a-192fc5d1187d,232335112,way,leisure,park,,,,,,OSM,,,31.5445119,74.3953444,Lahore,Punjab,Pakistan,,,,,
da3d18e8-b2f4-59e5-b213-b5342d8d024c,25236549,way,leisure,park,,,,,,OSM,,,31.5503038,74.3902941,Lahore,Punjab,Pakistan,,,,,
62b65d8a-337c-5790-972e-d45b0e4d4e04,232335113,way,leisure,park,,,,,,OSM,,,31.5447705,74.3941706,Lahore,Punjab,Pakistan,,,,,
00c6181a-c29f-5f87-9d5a-8e6d0b09abdd,612411179,way,place,neighbourhood,خیبر کالونی,خیبر کالونی,,,,OSM,,,31.5515521,74.3898726,Lahore,Punjab,Pakistan,,,,,
a7488249-a074-5db4-add0-f2ae47004f0a,232335108,way,leisure,park,,,,,,OSM,,,31.5477423,74.3949134,Lahore,Punjab,Pakistan,,,,,
3e0fb4ea-470e-556e-a714-0d1b804796f6,232335110,way,leisure,park,,,,,,OSM,,,31.5483512,74.3931329,Lahore,Punjab,Pakistan,,,,,
2433a427-1058-572e-bb1e-bf54439cf593,232335126,way,leisure,park,,,,,,OSM,,,31.5465588,74.3921797,Lahore,Punjab,Pakistan,,,,,
8d006dd8-5ba1-5332-a2c5-a4455aaf4e75,232335128,way,leisure,park,,,,,,OSM,,,31.5483823,74.392397,Lahore,Punjab,Pakistan,,,,,
9d796e4e-b18f-5011-bce4-65e76cba4c63,232335135,way,leisure,park,,,,,,OSM,,,31.5481724,74.3910049,Lahore,Punjab,Pakistan,,,,,
d81833f2-cc4a-5f7b-86e2-3e038f0e4eff,290937637,way,leisure,park,,,,,,OSM,,,31.5304062,74.3988244,Lahore,Punjab,Pakistan,,,,,
5dd3b818-a29b-5fdf-a48a-6f8c18d63f82,1309440720,way,leisure,park,,,,,,OSM,,,31.5321228,74.3987059,Lahore,Punjab,Pakistan,,,,,
9e79418f-bb62-5424-8152-972744056e45,290937636,way,leisure,park,,,,,,OSM,,,31.533873,74.3975577,Lahore,Punjab,Pakistan,,,,,
baee0b6c-6aac-527a-ab3d-ede6c7ccba90,1309440721,way,leisure,park,,,,,,OSM,,,31.5337488,74.3988234,Lahore,Punjab,Pakistan,,,,,
30d679cb-14ff-5aeb-9f7d-9a5338de4ce7,232335109,way,leisure,park,,,,,,OSM,,,31.5473707,74.397427,Lahore,Punjab,Pakistan,,,,,
786b1fd9-dd5a-579f-85a4-80d05b4e845e,701822136,way,leisure,park,,,,,,OSM,,,31.5485111,74.4000898,Lahore,Punjab,Pakistan,,,,,
c94ac43e-d6e1-5686-a94a-74befa6e33ac,7770620,relation,amenity,bank,Silk Bank,,,,,OSM,,,31.5018278,74.3653968,Lahore,Punjab,Pakistan,,,,,
81cb7413-bf86-5dcc-b062-580472f28bdf,12285216,relation,healthcare,hospital,CDGL Govt Hospital Mian Meer,,,,,OSM,,,31.5492382,74.359911,Lahore,Punjab,Pakistan,,,,,
d64fd0eb-5cd9-5913-b7c1-6e48c8266ffa,5265478108,node,amenity,atm,,,,,,OSM,,,31.5504819,74.3563995,Lahore,Punjab,Pakistan,,,,Apna Bank ATM,
a9fdbc70-a5a9-5d0b-8fc6-4b916558c727,5260103781,node,healthcare,hospital,Ariba Gynae Clinic,,,,,OSM,,,31.5513583,74.3609663,Lahore,Punjab,Pakistan,,,,,
c14740b0-17be-574f-aa26-3080a220b7a1,5260103783,node,amenity,bank,MCB Mustafabad Branch,,,,,OSM,,,31.5518771,74.3612184,Lahore,Punjab,Pakistan,,,,,
d1f986f0-ef1a-5074-9e70-e5af2833e657,5260103784,node,amenity,atm,,,,,,OSM,,,31.5518817,74.3612667,Lahore,Punjab,Pakistan,,,,MCB Mustafabad Branch,
ccb3c18a-27f0-5234-8753-f441fb47b08d,5260103785,node,healthcare,hospital,Rashida Hospital,,,,,OSM,,,31.5521674,74.3624388,Lahore,Punjab,Pakistan,,,,,
b3f54363-0722-5823-ad7c-ecdda30e268b,5103892721,node,amenity,police,Dharampura Police Station,,,,,OSM,,,31.5513938,74.3681317,Lahore,Punjab,Pakistan,,,,,
233d8144-8aa6-5b94-9aba-bd316ae7b95c,5268014616,node,amenity,marketplace,Dharampura Main Bazaar,,,,,OSM,,,31.5516276,74.3647257,Lahore,Punjab,Pakistan,,,,,
95a3968b-6421-51ec-9f87-be0f947c7726,7118861136,node,place,neighbourhood,Bakkar Mohallah,,,,,OSM,,,31.5507345,74.3762699,Lahore,Punjab,Pakistan,,,,,
ea8ecbe5-bd75-5c86-b2ec-2e07c3a3c0c0,7118861143,node,place,neighbourhood,کراچی محلہ,,,,,OSM,,,31.5507921,74.3815105,Lahore,Punjab,Pakistan,,,,,
bf357634-88d9-5d86-80b3-d5f28101efd4,5957216686,node,amenity,bank,Apna Bank,,,,,OSM,,,31.5527606,74.3540235,Lahore,Punjab,Pakistan,,,,,
0427108f-c32f-523a-8395-f735a2e9ad86,4503854194,node,amenity,bank,Larechs colony garhi shahu,,,,,OSM,,,31.5635105,74.3536704,Lahore,Punjab,Pakistan,,,,,
d73e5b1d-b2f8-575a-9455-53fc660c6e8f,5259837119,node,healthcare,hospital,Defence National Hospital,ڈیفنس نیشنل ہسپتال,,,,OSM,,,31.5542357,74.357313,Lahore,Punjab,Pakistan,,,,,
c107ef48-aae3-502f-b5ed-e28fc31ace43,5260103786,node,healthcare,hospital,حمزہ میڈیکل کمپلیکس,,,,,OSM,,,31.5525948,74.3618648,Lahore,Punjab,Pakistan,,,,,
3c5faef8-2a43-5bfe-8835-73f2ad335665,5268015908,node,amenity,marketplace,City Shopping Center,,,,,OSM,,,31.5524687,74.3634409,Lahore,Punjab,Pakistan,,,,,
0fb73b9b-d9de-5795-9837-d6719dee9aa2,7118860993,node,place,neighbourhood,Bostan Colony,,,,,OSM,,,31.5583064,74.3693514,Lahore,Punjab,Pakistan,,,,,
84ec5918-fefd-5b93-b661-360e7b15b693,9886000826,node,place,neighbourhood,محلہ قصاباں,,,,,OSM,,,31.5607323,74.3601525,Lahore,Punjab,Pakistan,,,,,
c6a702d0-40cc-50b8-8ca1-6855b47c04b3,7118860988,node,place,neighbourhood,Baja Lines,,,,,OSM,,,31.5656491,74.3557798,Lahore,Punjab,Pakistan,,,,,
2f529037-2fb5-59c3-968f-5d43ff40a592,8058806350,node,railway,station,سلطان پورہ,سلطان پورہ,,,,OSM,,,31.5757716,74.3507937,Lahore,Punjab,Pakistan,,,,Lahore Metro,
7d70dc7c-d812-5be8-8fc9-3bc5935cb480,8058806348,node,railway,station,یو-ای-ٹی,یو-ای-ٹی,,,,OSM,,,31.5772741,74.3608023,Lahore,Punjab,Pakistan,,,,Lahore Metro,
2d71640f-4517-55c2-82a0-0a9ee758cd39,11620239367,node,place,neighbourhood,Achint Ghar,,,,,OSM,,,31.5761401,74.3635019,Lahore,Punjab,Pakistan,,,,,
29e2bc28-c8b5-5f67-b0c1-86a14295ae67,304953311,node,place,neighbourhood,Sing Pura,,,,,OSM,,,31.5776944,74.3674517,Lahore,Punjab,Pakistan,,,,,
87250006-1ceb-53df-8af3-c64dc367f521,5271802173,node,amenity,marketplace,Vegetable & Fruit Market,,,,,OSM,,,31.5778893,74.3664473,Lahore,Punjab,Pakistan,,,,,
da062ef8-38a0-5656-b76a-ddfdfa56e4a9,4508861251,node,healthcare,clinic,Good Hope Clinic,گڈ ہوپ کلینک,,,,OSM,,,31.553328,74.3806539,Lahore,Punjab,Pakistan,,,,,
18eed472-a3ca-558f-9804-2012a376c8de,304954087,node,place,neighbourhood,Mughalpura,,,,,OSM,,,31.5648672,74.3786096,Lahore,Punjab,Pakistan,,,,,
05f94924-8c24-59da-a6c6-96921922757b,4221670190,node,amenity,atm,,,,,,OSM,,,31.5627782,74.3807843,Lahore,Punjab,Pakistan,,,,UBL,
819b412b-50f1-5ade-960e-783ccc5d520b,4221691693,node,amenity,bank,Mughalpura Chowk,,,,,OSM,,,31.5628367,74.3811082,Lahore,Punjab,Pakistan,,,,MCB,
b026dddc-329f-5e32-9b4e-625da67b6d9b,4327608990,node,amenity,bank,MCB,,,,,OSM,,,31.5630411,74.3810535,Lahore,Punjab,Pakistan,,,MCB,,
224fd45a-508d-5112-810b-4263f59939e4,10051063687,node,railway,station,مغلپورہ,,,,,OSM,,,31.5604099,74.3793767,Lahore,Punjab,Pakistan,,,,Pakistan Railways,
6b60830f-d5e9-5320-b351-30e2046eff82,7118861139,node,place,neighbourhood,Cantonment Officer's Colony,,,,,OSM,,,31.552493,74.3856127,Lahore,Punjab,Pakistan,,,,,
4c3abe92-2249-5c6b-8f10-404048ec9499,4806073322,node,amenity,atm,,,,,,OSM,,,31.5549154,74.3945721,Lahore,Punjab,Pakistan,,,,,
74052840-3d43-5ac6-b2b3-b5c0f457b191,5259958801,node,healthcare,hospital,Ghaziabad Government Hospital Lahore,,,,,OSM,,,31.5607429,74.3894088,Lahore,Punjab,Pakistan,,,,,
bbf17a1f-3dfc-53c9-9a9f-850cfb6dda97,4985621121,node,amenity,bank,بینک الفلاح,بینک الفلاح,,,,OSM,,,31.5648916,74.3914538,Lahore,Punjab,Pakistan,,,بینک الفلاح,,
28f9018b-ef78-5661-9f36-aced82e54e88,4985621122,node,amenity,atm,,,,,,OSM,,,31.5648567,74.3912568,Lahore,Punjab,Pakistan,,,,,
47f97eaa-f28b-5d40-b3bf-0fb5fdf42bfd,4327625790,node,amenity,police,Mughalpura Police Station,,,,,OSM,,,31.5657198,74.3801608,Lahore,Punjab,Pakistan,,,,,
479a24ba-0c7e-50c9-9654-de4ff0e81bc5,4327628392,node,amenity,atm,,,,,,OSM,,,31.566469,74.380551,Lahore,Punjab,Pakistan,,,,HBL ATM,
781a5954-8ee6-5d87-ac23-6737fb19238f,4357839516,node,amenity,police,,,,,,OSM,,,31.5656702,74.3805115,Lahore,Punjab,Pakistan,,,,,
43ebd30f-af53-54a4-8b37-bc2e26c85fd6,5259747064,node,healthcare,hospital,Ali Hospital,,,,,OSM,,,31.5717422,74.3811123,Lahore,Punjab,Pakistan,,,,,
7a9c03de-079e-5b2f-b2b4-2a0700cdef9b,12384983279,node,healthcare,hospital,,,,,,OSM,,,31.5702434,74.3779207,Lahore,Punjab,Pakistan,,,,,
7cb9d333-7d72-508a-99a1-f98ed4477ae7,4567357489,node,amenity,atm,عسکری بینک,عسکری بینک,,,,OSM,,,31.5783263,74.3809898,Lahore,Punjab,Pakistan,,,عسکری بینک,,
bdbe1a65-c28c-5524-ad2b-887962738db1,4567414289,node,amenity,atm,,,,,,OSM,,,31.5783273,74.3810503,Lahore,Punjab,Pakistan,,,,Askari Bank,
9fff95de-a0df-5af6-a3da-c85c88d6d469,5255279614,node,healthcare,hospital,زاہدہ ویلفیئر ہسپتال,,,,,OSM,,,31.5771606,74.3808563,Lahore,Punjab,Pakistan,,,,,
efd2a91f-dfbf-5518-8e21-78a7d8696d1e,5255279615,node,healthcare,hospital,Arif Children Hospital,,,,,OSM,,,31.5777685,74.3813928,Lahore,Punjab,Pakistan,,,,,
c2706402-b98b-5a3d-9451-cd6d9bf51e8b,5255279616,node,healthcare,hospital,Shehnaz Hospital,,,,,OSM,,,31.5769504,74.3813123,Lahore,Punjab,Pakistan,,,,,
50549dda-0935-58e8-bf55-cc8047592ed5,5259838824,node,healthcare,hospital,شالامار ہسپتال,,,,,OSM,,,31.5752141,74.3795084,Lahore,Punjab,Pakistan,,,,,
bcd919d6-a279-5fe1-aa09-e306bd85d162,4327628393,node,healthcare,clinic,Government Dispenser,,,,,OSM,,,31.5664496,74.3866789,Lahore,Punjab,Pakistan,,,,,
df6304c2-89f7-5264-bc10-765a0c3bd209,7121843244,node,place,neighbourhood,تنویر آباد,,تنویرآباد,,,OSM,,,31.5618754,74.3972259,Lahore,Punjab,Pakistan,,,,,
a7b4457b-7f80-5dbe-bfcd-df29bd1273f3,8396299346,node,place,neighbourhood,Perwezabad,,,,,OSM,,,31.5901484,74.3526694,Lahore,Punjab,Pakistan,,,,,
2dc1bf82-dc4c-52c6-b196-d2c2791a13a9,12251235987,node,place,neighbourhood,Suchal Singhpura,,,,,OSM,,,31.5832243,74.3610367,Lahore,Punjab,Pakistan,,,,,
fa397ca9-cf4d-5040-b39a-85becb39dc4d,304953203,node,place,neighbourhood,Baghban Pura,,,,,OSM,,,31.5803268,74.36831,Lahore,Punjab,Pakistan,,,,,
0d2c2c95-e438-59d8-b94f-af79c8e4c74c,7113853737,node,place,neighbourhood,Singhpura,,,,,OSM,,,31.5833901,74.36647,Lahore,Punjab,Pakistan,,,,,
1cc11adc-fee8-55d4-92ac-13c220465e36,304953604,node,place,neighbourhood,Makhan Pura,,,,,OSM,,,31.5852988,74.3600703,Lahore,Punjab,Pakistan,,,,,
c2b5736e-dece-5176-b71e-60084212cc39,5259654960,node,healthcare,hospital,Mussarat Razzaq Hospital,,,,,OSM,,,31.5821198,74.3767228,Lahore,Punjab,Pakistan,,,,,
7e788057-763d-5776-a3ce-de5102e027d0,5273441373,node,amenity,marketplace,Baghban Pura Bazar,,,,,OSM,,,31.5824495,74.3758987,Lahore,Punjab,Pakistan,,,,,
7b986e42-2346-5a18-853f-9a24db2ae96a,8058806340,node,railway,station,باغبان پورہ,باغبان پورہ,,,,OSM,,,31.5794163,74.3707828,Lahore,Punjab,Pakistan,,,,Lahore Metro,
70a265c8-a22d-50dd-8f01-e9b6fac61c41,3065262510,node,leisure,park,شالامار باغ,شالامار باغ,شالامار گارڈن,,,OSM,شالامار باغ,,31.5871883,74.3820998,Lahore,Punjab,Pakistan,,,,,Q499527
577466ee-de87-51d9-a03b-bc04f1ad0977,304953837,node,place,neighbourhood,سلامت پورہ,,,,,OSM,,,31.5840192,74.3947459,Lahore,Punjab,Pakistan,,,,,
7f8a4f47-e981-5a30-9033-5feda3cfe8f7,304953709,node,place,neighbourhood,Darogha Wala,,,,,OSM,,,31.5870901,74.3877936,Lahore,Punjab,Pakistan,,,,,
3be4499d-eff6-5760-bb66-933ddd9e82ff,5255673578,node,healthcare,hospital,Hina Hospital,,,,,OSM,,,31.5853214,74.387459,Lahore,Punjab,Pakistan,,,,,
4d8d0864-3a4e-5b68-8cb2-452a8187c564,8060376238,node,railway,station,پاکستان ٹکسال,پاکستان ٹکسال,پاکستان منٹ,,,OSM,,,31.5852835,74.3892579,Lahore,Punjab,Pakistan,,,,Lahore Metro,
4a1fc080-7033-5710-af3e-3476aa1713c4,6127533767,node,healthcare,pharmacy,Naseem Pharmacy,,,,,OSM,,,31.59255,74.379292,Lahore,Punjab,Pakistan,,,,Muhammad Azeem,
f63d263f-060e-520c-8693-7a81d3b8c313,11620239365,node,place,neighbourhood,دیوی پورہ,,,,,OSM,,,31.5880041,74.3994553,Lahore,Punjab,Pakistan,,,,,
7414caea-6628-564c-bf97-c6755abd2bfd,444829417,way,leisure,park,Zaman Park,,,,,OSM,زمان پارک,,31.5508169,74.3532745,Lahore,Punjab,Pakistan,,,,,Q49583871
565f3507-2c64-5247-a224-c8927a442603,611903934,way,amenity,police,Dharampura Police Station,,,,,OSM,,,31.5515364,74.367584,Lahore,Punjab,Pakistan,,,,,
420e076c-7f1d-5097-9d11-3ee0479a03b0,232335081,way,leisure,park,,,,,,OSM,,,31.5512678,74.3942576,Lahore,Punjab,Pakistan,,,,,
6daebb96-218a-541f-8ead-6623bcc693a6,618368049,way,place,neighbourhood,Larex Colony,,,,,OSM,,,31.5612348,74.3540537,Lahore,Punjab,Pakistan,,,,,
debace08-67d9-5cbb-8d1b-28af26052d91,620990448,way,landuse,cemetery,Garhi Shahu Qabristan,,,,,OSM,,,31.5612728,74.3519163,Lahore,Punjab,Pakistan,,,,,
b51b0330-d9ef-54a5-89d2-e9c8bad7517d,423657639,way,amenity,bank,اسٹینڈرڈ چارٹرڈ,اسٹینڈرڈ چارٹرڈ,,,,OSM,,,31.5524417,74.3590233,Lahore,Punjab,Pakistan,,,اسٹینڈرڈ چارٹرڈ,اسٹینڈرڈ چارٹرڈ,
f2f11574-0b98-5de5-aa99-bfc119922a48,611903931,way,place,neighbourhood,Bostan Colony,,,,,OSM,,,31.5582211,74.3692079,Lahore,Punjab,Pakistan,,,,,
e9f312a0-f9b9-5425-b1ee-37ad8e87124f,611902510,way,leisure,park,Tomb of Zafar Jang Kolkatash,,,,,OSM,,,31.5598126,74.3665919,Lahore,Punjab,Pakistan,,,,,
9d5e38d3-0c60-545a-b0f3-88c773809aad,761929307,way,natural,water,,,,,,OSM,,,31.567161,74.3531921,Lahore,Punjab,Pakistan,,,,,
95125bfe-6b0f-5183-a944-0767464243cf,611895710,way,leisure,park,Buddhu's Tomb,,,,,OSM,,,31.5761977,74.3559054,Lahore,Punjab,Pakistan,,,,,
d39a3f04-098a-5c42-836c-fa6586db1562,611899882,way,landuse,cemetery,Buddhu Cemetery,,,,,OSM,,,31.5749349,74.3531946,Lahore,Punjab,Pakistan,,,,,
72054431-b241-509a-9276-b8c8a476a4e0,610899667,way,leisure,park,Gulabi Bagh,,,,,OSM,,,31.5787421,74.3640836,Lahore,Punjab,Pakistan,,,,,
d9d54566-d314-55e6-85ad-719711c7f079,611902502,way,leisure,park,Tomb of Ali Mardan Khan,,,,,OSM,,,31.5740118,74.3634653,Lahore,Punjab,Pakistan,,,,,
ac66de05-b0c8-53c0-8b85-b998351e5a05,612400137,way,place,neighbourhood,Singhpura,,,,,OSM,,,31.5790239,74.3747166,Lahore,Punjab,Pakistan,,,,,
35801199-a99c-58df-9af2-658db2952f1d,611902505,way,leisure,park,Tomb of Mullah Hamid Qari,,,,,OSM,,,31.572762,74.3640391,Lahore,Punjab,Pakistan,,,,,
47624a0a-7144-5c63-a8d0-3e46ae4ba173,624647958,way,landuse,cemetery,,,,,,OSM,,,31.5533985,74.373226,Lahore,Punjab,Pakistan,,,,,
1dc1be97-e1a4-51fa-a28e-911c98b57490,612411181,way,place,neighbourhood,Subedar Colony,,,,,OSM,,,31.5547427,74.3889605,Lahore,Punjab,Pakistan,,,,,
499e658b-e6ab-5fe6-b094-c21d85403ecc,612411180,way,place,neighbourhood,Noor Colony,,,,,OSM,,,31.5542607,74.3909454,Lahore,Punjab,Pakistan,,,,,
d307520a-a0e6-545c-93c6-096cc064ee03,620504996,way,place,neighbourhood,Kumharpura,,,,,OSM,,,31.5577895,74.3919424,Lahore,Punjab,Pakistan,,,,,
2d825dd9-a26c-5e12-90ba-3507c45522b4,607875041,way,place,neighbourhood,ساہواڑی,,,,,OSM,,,31.5754966,74.3844185,Lahore,Punjab,Pakistan,,,,,
7a27e3c5-e12a-5a71-bcde-459c8181ce65,612407250,way,landuse,cemetery,Shah Kamal Cemetery,,,,,OSM,,,31.5663607,74.3837031,Lahore,Punjab,Pakistan,,,,,
c48de97d-521c-58a6-acf8-87f73faadc61,612413021,way,landuse,cemetery,Chota Mian Daras Cemetery,,,,,OSM,,,31.5748212,74.3772762,Lahore,Punjab,Pakistan,,,,,
fa30a1e7-b50e-5f45-9537-289b9f2aa5ed,152215400,way,healthcare,hospital,Shalimar Hospital,,,,,OSM,,,31.5752529,74.3798169,Lahore,Punjab,Pakistan,,,,,
c9747fd8-ce8c-5d9f-a5ad-9df883c7956b,607875040,way,place,neighbourhood,کوٹلی عبدالرحمان,کوٹلی عبدالرحمان,,,,OSM,,,31.5774888,74.3889064,Lahore,Punjab,Pakistan,,,,,
be164656-18c1-5c10-b1f6-09b0f2c49b1d,761662262,way,leisure,park,Mianwali Ground,,,,,OSM,,,31.5723382,74.3938948,Lahore,Punjab,Pakistan,,,,,
c352303e-12a8-50d1-b1df-e9099e143d82,761662265,way,landuse,cemetery,Pir Abdul Rehman Cemetery,,,,,OSM,,,31.5759959,74.3899712,Lahore,Punjab,Pakistan,,,,,
f3784751-3c52-5699-b676-dc194b192708,761662263,way,landuse,cemetery,,,,,,OSM,,,31.5745266,74.3883484,Lahore,Punjab,Pakistan,,,,,
eec95b2e-6d4b-5544-839b-87d88f643fca,761662264,way,landuse,cemetery,,,,,,OSM,,,31.5753731,74.3894882,Lahore,Punjab,Pakistan,,,,,
faad83d5-a831-5d17-aaba-8971f2ebc2d5,715162334,way,leisure,park,Bismillah Park,بسم اللہ پارک,,,,OSM,,,31.5578317,74.3996333,Lahore,Punjab,Pakistan,,,,,
d5cbe9e6-8050-53da-b795-126f01511234,715162335,way,leisure,park,Jamal e Mustafa Park,جمال مصطفے پارک,,,,OSM,,,31.5566729,74.3995072,Lahore,Punjab,Pakistan,,,,,
072848a3-e39a-54d6-98e2-90add4871a53,715162339,way,leisure,park,Amna Park,,,,,OSM,,,31.5597229,74.3992425,Lahore,Punjab,Pakistan,,,,,
b364be60-9e67-5c55-862c-bc6fd7b10a5f,715162340,way,leisure,park,A Block Park,,,,,OSM,,,31.5602785,74.3996846,Lahore,Punjab,Pakistan,,,,,
f6d8a9c9-05e8-5c7e-b78f-57b21577083a,607875034,way,place,neighbourhood,Kot Khwaja Saeed,,,,,OSM,,,31.5886474,74.35633,Lahore,Punjab,Pakistan,,,,,
6e1f3994-de5f-5491-9973-192b3f29cc91,618665657,way,landuse,cemetery,,,,,,OSM,,,31.5920184,74.356792,Lahore,Punjab,Pakistan,,,,,
c4cf8de6-14ea-5d9c-a534-55582f4e8dca,623019725,way,landuse,cemetery,,,,,,OSM,,,31.5899259,74.3505274,Lahore,Punjab,Pakistan,,,,,
cf22cd47-c9bd-56ab-adc3-28154d2dbcb3,621317144,way,landuse,cemetery,Shah Badar Diwan Cemetery,,,,,OSM,,,31.5830405,74.3598041,Lahore,Punjab,Pakistan,,,,,
e4d9c9d8-218f-583b-a086-39e3e3a766b1,621317149,way,leisure,park,Salman Park,,,,,OSM,,,31.5834214,74.3631419,Lahore,Punjab,Pakistan,,,,,
ca4c2db0-465a-57fd-92cd-3d53db04ab2b,621950206,way,landuse,cemetery,,,,,,OSM,,,31.5805078,74.3605989,Lahore,Punjab,Pakistan,,,,,
f212b0cc-84a8-54c3-a9f3-c73072f48cc9,610899649,way,leisure,park,Cypress Tomb,,,,,OSM,Cypress Tomb,,31.5808702,74.3640011,Lahore,Punjab,Pakistan,,,,,Q19891235
31ca63f5-5936-5e69-9282-a3c9a5e7d60c,611333262,way,leisure,park,Surya Jabeen Park,,,,,OSM,,,31.5805481,74.3696561,Lahore,Punjab,Pakistan,,,,,
2e4b8c71-2643-52d3-b83f-f44618500a91,621317154,way,leisure,park,,,,,,OSM,,,31.5824897,74.3649097,Lahore,Punjab,Pakistan,,,,,
31b63436-f50c-5800-8ebf-f1fcd9527996,308379331,way,leisure,park,Choti Park,,,,,OSM,,,31.5917185,74.368318,Lahore,Punjab,Pakistan,,,,,
c937b95a-e859-5e79-b276-378d525ccef2,610899652,way,leisure,park,Usman Park,,,,,OSM,,,31.5819506,74.3636734,Lahore,Punjab,Pakistan,,,,,
71f3ce48-0772-5e10-9f13-dfad0e4a1809,621317157,way,landuse,cemetery,,,,,,OSM,,,31.5854719,74.3662843,Lahore,Punjab,Pakistan,,,,,
a3c23ee5-e578-57d8-95d7-00d70026049e,761658021,way,leisure,park,Warsi Park,,,,,OSM,,,31.5910575,74.3636585,Lahore,Punjab,Pakistan,,,,,
bef09727-1c12-51c5-8fdf-7a62cf2527f6,308379332,way,leisure,park,Park no.2,,,,,OSM,,,31.589653,74.3670927,Lahore,Punjab,Pakistan,,,,,
f8768c7b-d187-5652-80e3-707f2323bc9e,611333265,way,leisure,park,Tomb of Mian Khan,,,,,OSM,,,31.5855141,74.3684534,Lahore,Punjab,Pakistan,,,,,
8a2ddd5e-2cdf-5b0d-ae09-c254216268fa,761658020,way,leisure,park,,,,,,OSM,,,31.5910669,74.3647675,Lahore,Punjab,Pakistan,,,,,
6e9fc6af-7c0a-51be-b275-cee433a6eb26,611354639,way,leisure,park,,,,,,OSM,,,31.5922284,74.351355,Lahore,Punjab,Pakistan,,,,,
8d8b0cb6-a919-5c73-a214-841fce3c08b9,761672829,way,leisure,park,,,,,,OSM,,,31.5929554,74.3521502,Lahore,Punjab,Pakistan,,,,,
8f531af2-d919-53c8-88f1-8951fdce2163,761672830,way,leisure,park,Sher Singh Baradari Park,,,,,OSM,,,31.5943563,74.3551413,Lahore,Punjab,Pakistan,,,,,
186b7de6-6464-5a57-8090-471c9d74d2ce,761672831,way,healthcare,hospital,Bhatti Hospital,,,,,OSM,,,31.5944143,74.3544385,Lahore,Punjab,Pakistan,,,,,
dc694c97-aee0-5a8e-97c8-65f982c5cd66,761658022,way,landuse,cemetery,Madni Cemetery,,,,,OSM,,,31.5925448,74.3600838,Lahore,Punjab,Pakistan,,,,,
d0ae16a1-ce0a-5482-a8bc-369a16cb092b,612793024,way,leisure,park,,,,,,OSM,,,31.5964722,74.3662691,Lahore,Punjab,Pakistan,,,,,
cd04f27f-1edc-5c28-9a58-773a7c970330,761667168,way,leisure,park,Bri Park,,,,,OSM,,,31.5984846,74.3627824,Lahore,Punjab,Pakistan,,,,,
0e1848ed-4d9a-5004-888a-52c507b295c8,615028905,way,leisure,park,Hamza Shahbaz Park,,,,,OSM,,,31.5998267,74.3606721,Lahore,Punjab,Pakistan,,,,,
437719c0-0470-5e0c-9417-52298adbc680,359730056,way,landuse,cemetery,,,,,,OSM,,,31.579457,74.3725235,Lahore,Punjab,Pakistan,,,,,
f18e5908-c852-5560-af64-d93ee0a8d03f,611333263,way,leisure,park,Tomb of Jani Khan,,,,,OSM,,,31.5818656,74.3706184,Lahore,Punjab,Pakistan,,,,,
b1b6bd5f-9a32-5b5d-bdec-e25c89f382cc,611904084,way,leisure,park,Garden of Mahabat Khan,,,,,OSM,,,31.5799582,74.3742957,Lahore,Punjab,Pakistan,,,,,
bb601ba9-df6a-52d9-bb0b-c18610406d3b,611904442,way,landuse,cemetery,Mian Cemetery,,,,,OSM,,,31.5841677,74.3756236,Lahore,Punjab,Pakistan,,,,,
9dabb78b-b2d0-55b6-b83e-b14679f7f541,611924568,way,railway,station,شالامار باغ,شالامار باغ,شالامار گارڈن,,,OSM,,,31.5834603,74.3796995,Lahore,Punjab,Pakistan,,,,لاہور میٹرو,
941e1ee7-6494-57fe-8b83-4991bbf096d9,232344017,way,leisure,park,,,,,,OSM,,,31.5872343,74.383003,Lahore,Punjab,Pakistan,,,,,
f2059f3a-bc1b-5ed7-8904-578b46ee9da3,232344020,way,leisure,park,,,,,,OSM,,,31.586293,74.3830555,Lahore,Punjab,Pakistan,,,,,
e889975c-e676-5f5a-a9a4-dd53a4091d32,232344021,way,leisure,park,,,,,,OSM,,,31.5850864,74.3833192,Lahore,Punjab,Pakistan,,,,,
a7d9bb23-387c-5582-ac7e-ded28eedf1f6,232344022,way,leisure,park,,,,,,OSM,,,31.5848309,74.3818948,Lahore,Punjab,Pakistan,,,,,
35ed07c3-8d2e-5fae-a168-fc877b524426,607875038,way,place,neighbourhood,Barkatpura,,,,,OSM,,,31.5877776,74.3867812,Lahore,Punjab,Pakistan,,,,,
1e571006-1672-5f4f-afba-ef910cafae4a,611333260,way,landuse,cemetery,شاہ عبدالغنی قبرستان,شاہ عبدالغنی قبرستان,,,,OSM,,,31.5844078,74.3775294,Lahore,Punjab,Pakistan,,,,,
3132209d-6e9c-5dfe-88ff-f9a21917461c,612400136,way,place,neighbourhood,Angoori Bagh,,,,,OSM,,,31.5824827,74.3839421,Lahore,Punjab,Pakistan,,,,,
705455d1-821f-5de3-9da7-f5d6ff07e9ed,621317158,way,landuse,cemetery,,,,,,OSM,,,31.5859713,74.3715505,Lahore,Punjab,Pakistan,,,,,
1d994d07-50c8-521e-a3b7-9476b4e6e73d,621317160,way,landuse,cemetery,Shah Hussain Cemetery,,,,,OSM,,,31.585617,74.3751124,Lahore,Punjab,Pakistan,,,,,
4ea48c22-4390-537f-91d2-7862ab17caae,232344010,way,natural,water,,,,,,OSM,,,31.5885966,74.3817504,Lahore,Punjab,Pakistan,,,,,
43d274f7-1f73-5c89-aee6-01086254e4e6,232344011,way,natural,water,,,,,,OSM,,,31.5870746,74.382109,Lahore,Punjab,Pakistan,,,,,
b1831e20-117b-5ec9-8dd2-701bf6a7ed97,232344012,way,natural,water,,,,,,OSM,,,31.5855491,74.3824666,Lahore,Punjab,Pakistan,,,,,
80102eff-baa5-57de-8109-9f5a3eb8e90b,232344013,way,leisure,park,,,,,,OSM,,,31.5893059,74.3823031,Lahore,Punjab,Pakistan,,,,,
d4f7b2f6-1e14-5a0f-8465-32119e265186,232344014,way,leisure,park,,,,,,OSM,,,31.5890841,74.3808874,Lahore,Punjab,Pakistan,,,,,
c37dbd24-ea9c-5d5e-bc1d-c1833dbc33d8,232344015,way,leisure,park,,,,,,OSM,,,31.5878983,74.3811639,Lahore,Punjab,Pakistan,,,,,
15d33de9-b681-51f3-b396-587214b787d8,232344016,way,leisure,park,,,,,,OSM,,,31.5881349,74.3825771,Lahore,Punjab,Pakistan,,,,,
a251c1e2-23a8-56e5-8026-3a5504fa5e95,232344018,way,leisure,park,,,,,,OSM,,,31.5869303,74.3811994,Lahore,Punjab,Pakistan,,,,,
df9b44ef-76a2-5ab4-9cf5-f00ab441d44c,232344019,way,leisure,park,,,,,,OSM,,,31.5860413,74.3815903,Lahore,Punjab,Pakistan,,,,,
22d06381-3d35-55b6-a674-7f55f922e5e3,624646075,way,leisure,park,Angoori Bagh,,,,,OSM,,,31.5789532,74.3847614,Lahore,Punjab,Pakistan,,,,,
d5c24bcf-d7f5-5900-b72d-3623930293a3,607875039,way,place,neighbourhood,Daroghwala,,,,,OSM,,,31.5889997,74.3962825,Lahore,Punjab,Pakistan,,,,,
d5a6d615-20c9-5791-b39a-7f43c698c23f,621940972,way,landuse,cemetery,,,,,,OSM,,,31.5915202,74.3916873,Lahore,Punjab,Pakistan,,,,,
94074f8d-ebbe-5992-b95f-12967096fc95,624644715,way,landuse,cemetery,,,,,,OSM,,,31.5891886,74.396831,Lahore,Punjab,Pakistan,,,,,
11e1095e-ec27-5040-83a3-d95bd5803acf,232344023,way,leisure,park,,,,,,OSM,,,31.5858721,74.3843187,Lahore,Punjab,Pakistan,,,,,
3317aeb9-3593-57a8-9594-535ae42177d9,611688019,way,natural,water,Chappar,,,,,OSM,,,31.596175,74.3722642,Lahore,Punjab,Pakistan,,,,,
f0883962-bab9-5561-9409-0d4b128a69c7,761653335,way,leisure,park,Asghar Park,,,,,OSM,,,31.5972881,74.3934366,Lahore,Punjab,Pakistan,,,,,
82a98cee-9c46-5827-b371-f37dbc502235,607878797,way,place,neighbourhood,Mahmood Booti,,,,,OSM,,,31.6035605,74.3949544,Lahore,Punjab,Pakistan,,,,,
28988d55-b3ac-55a9-bbb1-2a0f5272a833,621940989,way,landuse,cemetery,,,,,,OSM,,,31.5952975,74.3972936,Lahore,Punjab,Pakistan,,,,,
587b2428-9f56-5cdc-b2cc-9663c865dbf3,761660776,way,landuse,cemetery,,,,,,OSM,,,31.5970946,74.3991116,Lahore,Punjab,Pakistan,,,,,
f5dc1c2a-7a33-5899-a5b6-6e78798ac442,18143923,relation,leisure,park,Ali Park,,,,,OSM,,,31.5999522,74.365288,Lahore,Punjab,Pakistan,,,,,
f549b30e-49a2-59be-b8fa-ea1294dd4907,615028846,way,leisure,park,,,,,,OSM,,,31.6050383,74.3662394,Lahore,Punjab,Pakistan,,,,,
5542c144-2ad8-5094-810b-d1f3ebe121fe,615028902,way,leisure,park,Muhammadia Park,,,,,OSM,,,31.6021632,74.3620849,Lahore,Punjab,Pakistan,,,,,
b1394d3d-6082-5122-a87a-fa479b189848,761667172,way,leisure,park,Aqsa Park,,,,,OSM,,,31.6042719,74.362712,Lahore,Punjab,Pakistan,,,,,
b89a8e8c-5d99-5736-9f0a-6024d73a5f3a,761667194,way,leisure,park,Faisal Park,,,,,OSM,,,31.6037963,74.3594449,Lahore,Punjab,Pakistan,,,,,Q49488165
5ac6c53d-272c-5b2b-8d3b-fac3e791a9b5,615028903,way,leisure,park,Sidique Akbar Park,,,,,OSM,,,31.6019578,74.3646897,Lahore,Punjab,Pakistan,,,,,
4f249f53-2cb1-5459-a411-55123be2ab7b,761653333,way,landuse,cemetery,,,,,,OSM,,,31.6009887,74.3946878,Lahore,Punjab,Pakistan,,,,,
80c129b4-cb6c-57f9-b952-3ca53878ce96,706605824,way,leisure,park,Khawaha Family Park,,,,,OSM,,,31.610181,74.3671007,Lahore,Punjab,Pakistan,,,,,
3d109bff-6de3-565b-96fa-25e447ec8860,607878798,way,place,neighbourhood,Islamabad,,,,,OSM,,,31.6054382,74.4015574,Lahore,Punjab,Pakistan,,,,,
28402d3c-e7d3-554e-9254-af82232e3365,13255813504,node,education,school,"Leads School System, Formanites Campus",,,,,OSM,,,31.4432256,74.4084934,Lahore,Punjab,Pakistan,,,,,
fe7f286b-801c-5656-a7af-6c07a851165c,12622278646,node,healthcare,hospital,ذیرک مطب ہربل اور حجامہ۔,,,,,OSM,,,31.4421421,74.4297974,Lahore,Punjab,Pakistan,,,,,
5894cc95-d9b9-5bd2-9a23-1c313166af7d,11822288352,node,amenity,atm,,فیصل بینک,,,,OSM,,,31.4480616,74.4337641,Lahore,Punjab,Pakistan,,,Faysal Bank,Faysal Bank,
66f6e6a5-dd8b-55de-8464-8e204d6ae5ed,11822288353,node,amenity,bank,Faysal Bank,فیصل بینک,,,,OSM,,,31.44805,74.4337708,Lahore,Punjab,Pakistan,,,Faysal Bank,,
032570d4-ecf3-5deb-a5ae-bdfd92b92ebb,11822288359,node,amenity,bank,Askari Bank,عسکری بینک,,,,OSM,,,31.4482873,74.4338069,Lahore,Punjab,Pakistan,,,Askari Bank,,
7f06c1bf-aa5b-5048-ab0a-f98575c208ff,11822288360,node,amenity,atm,,عسکری بینک,,,,OSM,,,31.4483036,74.4338122,Lahore,Punjab,Pakistan,,,Askari Bank,Askari Bank,
f3772d38-9b1e-5241-82ec-7216aa4b54e6,1454916421,way,leisure,park,,,,,,OSM,,,31.4417683,74.4022607,Lahore,Punjab,Pakistan,,,,,
ad2f98a4-f38f-5405-86d1-769b1fbe9382,488668600,way,leisure,park,D-block Park,,,,,OSM,,,31.4468819,74.405824,Lahore,Punjab,Pakistan,,,,,
0b71867a-688c-5887-bbb7-bb990d307209,911386888,way,leisure,park,D-Block Triangular Park,,,,,OSM,,,31.4462112,74.4074662,Lahore,Punjab,Pakistan,,,,,
c2ef11bf-5ae3-509f-b21c-8546b3ee823b,1454916405,way,leisure,park,,,,,,OSM,,,31.4438145,74.4060274,Lahore,Punjab,Pakistan,,,,,
c12e380d-9f27-5a26-8436-45923c52431e,1444759388,way,leisure,park,"Park, Formanites Housing Society",,,,,OSM,,,31.4446558,74.4102896,Lahore,Punjab,Pakistan,,,,,
8e01dadc-5973-5d59-8552-6e0a99191e23,1444759389,way,leisure,park,"Park, Formanites Housing Society",,,,,OSM,,,31.4440947,74.4133285,Lahore,Punjab,Pakistan,,,,,
ab67303d-29e3-570f-ae21-76679186523f,1273091567,way,leisure,park,,,,,,OSM,,,31.4397365,74.4287707,Lahore,Punjab,Pakistan,,,,,
716e0053-f353-5ec2-a42f-27ddabc84ddb,1273095817,way,leisure,park,,,,,,OSM,,,31.4402902,74.4270177,Lahore,Punjab,Pakistan,,,,,
cba1284d-c2ae-53a8-815a-c4dd78278fe5,1273095818,way,leisure,park,,,,,,OSM,,,31.4399794,74.4282961,Lahore,Punjab,Pakistan,,,,,
7ffeb4f8-3568-5186-a642-6096017cc511,1273091571,way,leisure,park,,,,,,OSM,,,31.4395629,74.431831,Lahore,Punjab,Pakistan,,,,,
9c596339-a4f1-58be-b1a4-1857540eb70e,1273091572,way,leisure,park,,,,,,OSM,,,31.4403914,74.4321537,Lahore,Punjab,Pakistan,,,,,
45f57d94-72a1-5695-b885-f5e13b99e1a2,1273091573,way,leisure,park,Sector C Family Park,,,,,OSM,,,31.4401898,74.4296853,Lahore,Punjab,Pakistan,,,,,
cc0bd1fe-e912-54ae-b3bc-008c6e736153,1273095820,way,leisure,park,,,,,,OSM,,,31.4394573,74.4299606,Lahore,Punjab,Pakistan,,,,,
3d62226e-5766-5a22-b94c-41cee1133db4,1273091561,way,leisure,park,,,,,,OSM,,,31.44132,74.4289984,Lahore,Punjab,Pakistan,,,,,
f1ee8a00-61be-57f5-a669-4590dd54158f,1273091566,way,leisure,park,,,,,,OSM,,,31.4409287,74.4303048,Lahore,Punjab,Pakistan,,,,,
12bff902-16bc-5962-8154-2daafdfc4c97,1273091568,way,leisure,park,,,,,,OSM,,,31.4397057,74.4291305,Lahore,Punjab,Pakistan,,,,,
89a7ee8f-3fc9-5fd4-8d5e-78d7a5d43bf8,1273091569,way,leisure,park,,,,,,OSM,,,31.4395991,74.429454,Lahore,Punjab,Pakistan,,,,,
12d32ed6-1e05-5a6b-9136-07508d12ca27,1273091574,way,leisure,park,Green Park,,,,,OSM,,,31.4403685,74.4289622,Lahore,Punjab,Pakistan,,,,,
29889b59-a1ba-5742-8ef9-994f047c1381,1273091583,way,leisure,park,Park Sector C,,,,,OSM,,,31.4418287,74.427283,Lahore,Punjab,Pakistan,,,,,
b8dba538-4857-5dde-9686-1fda830146fa,1273095799,way,leisure,park,,,,,,OSM,,,31.4421439,74.4296554,Lahore,Punjab,Pakistan,,,,,
4b30f34c-8a97-5458-9d07-41e6e3c65216,1273095805,way,leisure,park,,,,,,OSM,,,31.441386,74.4324662,Lahore,Punjab,Pakistan,,,,,
1525c104-d429-5818-9df1-a0294dc7e514,1273095809,way,leisure,park,,,,,,OSM,,,31.4427455,74.4293387,Lahore,Punjab,Pakistan,,,,,
c80f18ae-8ec0-516b-9307-c04e9c7b12aa,1273095802,way,leisure,park,,,,,,OSM,,,31.443438,74.4272103,Lahore,Punjab,Pakistan,,,,,
ff2281ed-0c33-5919-8345-b9faad9a9498,1273097554,way,leisure,park,,,,,,OSM,,,31.445299,74.4284997,Lahore,Punjab,Pakistan,,,,,
48db0fae-5cb4-5f83-9b58-284ff32d2e82,545477478,way,leisure,park,Al-Arfi Park,,,,,OSM,,,31.4439981,74.4306148,Lahore,Punjab,Pakistan,,,,,
58617417-6c6b-51ca-ac92-4986e5c1ab76,1273087694,way,leisure,park,,,,,,OSM,,,31.4436323,74.430825,Lahore,Punjab,Pakistan,,,,,
886c4309-16f6-5f51-b847-aa43cb54aded,1273087695,way,leisure,park,,,,,,OSM,,,31.4448531,74.4334881,Lahore,Punjab,Pakistan,,,,,
1e8d225d-64a5-5210-99fd-ea070c46c558,1273087696,way,leisure,park,Al-Sakina Park,,,,,OSM,,,31.4452107,74.4332686,Lahore,Punjab,Pakistan,,,,,
6b6d006b-7d85-589d-864f-113bfbdecf8c,1273095803,way,leisure,park,,,,,,OSM,,,31.4422666,74.43106,Lahore,Punjab,Pakistan,,,,,
7d028049-bd51-5730-8fdc-0abe46dd831c,1273095804,way,leisure,park,,,,,,OSM,,,31.4419424,74.4322989,Lahore,Punjab,Pakistan,,,,,
99a015fd-aadf-53b6-91ab-7228a7e059aa,1273095812,way,leisure,park,,,,,,OSM,,,31.4427802,74.4296466,Lahore,Punjab,Pakistan,,,,,
e254fa40-2ab5-5fb1-bd07-3a64af1f7f99,1337956653,way,leisure,park,Phase 9 Town B Block Park,,,,,OSM,,,31.4417914,74.442972,Lahore,Punjab,Pakistan,,,,DHA Lahore,
e003db02-44ee-5c30-8833-31b8d8d7d6f6,1337976065,way,leisure,park,A Block Park,,,,,OSM,,,31.4449781,74.4426007,Lahore,Punjab,Pakistan,,,,DHA,
af27cafd-7cb5-5db4-b503-1c86859a5601,488671670,way,leisure,park,D-Block Mini Triangular Park,,,,,OSM,,,31.4488668,74.4061999,Lahore,Punjab,Pakistan,,,,,
7df5b835-aa91-51bf-910e-bf89ddeacb33,544752847,way,leisure,park,Askari Park,,,,,OSM,,,31.4479867,74.4320685,Lahore,Punjab,Pakistan,,,,,
8bf1665a-7e61-5710-8d17-4aeac7afc82b,1273081807,way,natural,water,,,,,,OSM,,,31.447663,74.4334567,Lahore,Punjab,Pakistan,,,,,
478c7602-8808-58ba-b300-a98048edca75,1273086079,way,leisure,park,,,,,,OSM,,,31.4494175,74.4299448,Lahore,Punjab,Pakistan,,,,,
6f6ce00e-a976-5cea-b166-427472537547,1273086082,way,leisure,park,,,,,,OSM,,,31.4479926,74.4300473,Lahore,Punjab,Pakistan,,,,,
c65c16a7-8875-58ae-b6ea-4513d5bd52ae,1273059568,way,leisure,park,Children's Park,,,,,OSM,,,31.4498567,74.4372257,Lahore,Punjab,Pakistan,,,,,
f7b1d178-ac96-59cf-a508-fb6fd938485f,7374594737,node,amenity,bank,بینک اسلامی,بینک اسلامی,,,,OSM,,,31.4614364,74.4134502,Lahore,Punjab,Pakistan,,,بینک اسلامی,بینک اسلامی,
0d83ec0d-a48b-5454-8a3d-5d4e4718f4be,4447083389,node,amenity,bank,Sector B phase 6 dha,,,,,OSM,,,31.4706616,74.4430856,Lahore,Punjab,Pakistan,,,,,
032135d4-a013-52d6-b39c-4f0f523c72bb,8246612593,node,amenity,bank,بينک الحبيب,بينک الحبيب,,,,OSM,,,31.4732061,74.4426828,Lahore,Punjab,Pakistan,,,بينک الحبيب,,
5ffb6dc2-be3a-50ab-9894-b48bd85fbb54,270903705,node,leisure,park,Sec T & S Ph 2,,,,,OSM,,,31.4746698,74.4017531,Lahore,Punjab,Pakistan,,,,,
04abe3e7-943f-5fec-bd7d-dccfac6544bf,4295528894,node,amenity,bank,یونائیٹڈ بینک لمیٹڈ,یونائیٹڈ بینک لمیٹڈ,,,,OSM,,,31.4751606,74.4007616,Lahore,Punjab,Pakistan,,,یونائیٹڈ بینک لمیٹڈ,,
7b451f29-60da-559c-b4a7-3eb89a8c9a69,4295534190,node,amenity,bank,Al Barqa Bank,,,,,OSM,,,31.4753701,74.4006191,Lahore,Punjab,Pakistan,,,,,
d221ad9f-7e02-5a33-ad16-d19d0d76d32e,5254233182,node,amenity,bank,NIB Bank,,,,,OSM,,,31.4748125,74.4010622,Lahore,Punjab,Pakistan,,,,,
6e16ce0d-dc4a-5cdd-9eab-2f204afac7ce,5254233183,node,amenity,bank,Allied Bank DHA S Block Branc,,,,,OSM,,,31.4751037,74.4008198,Lahore,Punjab,Pakistan,,,,,
b4d9e96e-75cd-53ff-9254-428a823c71b8,5254233184,node,amenity,bank,ایم سی بی بینک,ایم سی بی بینک,,,,OSM,,,31.4744666,74.4011752,Lahore,Punjab,Pakistan,,,ایم سی بی بینک,ایم سی بی بینک لمیٹڈ,
6bd8a512-080b-5d06-b038-9c4191d85f40,5254233175,node,amenity,bank,Bank Alfalah DHA Phase II Branch,,,,,OSM,,,31.474536,74.4041207,Lahore,Punjab,Pakistan,,,,,
a84b5dcb-6d33-5ce8-823c-89d637f2d9b2,5254233176,node,amenity,bank,"MCB Islamic Bank Ltd. T-59, DHA, Lahore",,,,,OSM,,,31.474094,74.4037304,Lahore,Punjab,Pakistan,,,,,
0f99d575-576f-5b8f-a7d0-41ad0e33c3ed,5254233177,node,amenity,bank,اسٹینڈرڈ چارٹرڈ,اسٹینڈرڈ چارٹرڈ,,,,OSM,,,31.4743575,74.4031328,Lahore,Punjab,Pakistan,,,اسٹینڈرڈ چارٹرڈ,اسٹینڈرڈ چارٹرڈ,
03f92997-a0d0-5a2b-a664-660268277d2b,5254233178,node,amenity,bank,Burj Bank Limited,,,,,OSM,,,31.4743159,74.4037589,Lahore,Punjab,Pakistan,,,,,
2ed58fec-55be-5678-89bd-92111a0ebe17,5254233179,node,amenity,bank,جے ایس بینک,جے ایس بینک,,,,OSM,,,31.4743713,74.40383,Lahore,Punjab,Pakistan,,,جے ایس بینک,جے ایس بینک,
a21c6c28-2cee-557b-b8b0-e2f8dcda8593,5254233180,node,amenity,bank,عسکری بینک,عسکری بینک,,,,OSM,,,31.4743505,74.4037995,Lahore,Punjab,Pakistan,,,عسکری بینک,,
468d86a8-8713-5e69-aadb-e9bc5eca46db,5251896790,node,healthcare,pharmacy,Clinix Pharmacy (Defence Branch),,,,,OSM,,,31.4836257,74.4075548,Lahore,Punjab,Pakistan,,,,,
e2eba5be-5f75-51bb-918f-4455de92a571,5251896791,node,healthcare,hospital,"Defence Skin, Laser & Cosmetology Clinic",,,,,OSM,,,31.4841282,74.408014,Lahore,Punjab,Pakistan,,,,,
b741e114-0c1c-5d3d-9e52-9ef9bc71abce,5251896794,node,amenity,bank,Bank Of Punjab,,,,,OSM,,,31.483604,74.408525,Lahore,Punjab,Pakistan,,,,,
a216eefa-f3d9-50c6-b192-2f6061b03f82,5251896802,node,healthcare,clinic,Al-Khair Homeopathic Clinic & Medical Store,الخیر ہومیوپیتھک کلینک اینڈ میڈیکل سٹور,,,,OSM,,,31.4848539,74.4088198,Lahore,Punjab,Pakistan,,,,,
db755642-aaec-5bbd-b2ef-732763f71786,304956263,node,place,neighbourhood,Bank Officer Colony,,,,,OSM,,,31.4799694,74.4184418,Lahore,Punjab,Pakistan,,,,,
688d0e19-f560-53d2-ac4a-3413080b1464,5251896797,node,amenity,bank,VIS House,,,,,OSM,,,31.4838573,74.4097815,Lahore,Punjab,Pakistan,,,,,
3e352aa1-4efb-55ba-aa50-85e025ca5428,5251896811,node,healthcare,clinic,Farzana Clinic,,,,,OSM,,,31.4860574,74.4143682,Lahore,Punjab,Pakistan,,,,,
d1d738e3-9b44-53f5-afa8-6d53b126a1bf,9313233698,node,place,neighbourhood,حاجی پارک,,,,,OSM,,,31.4830543,74.4225366,Lahore,Punjab,Pakistan,,,,,
2e89a5b4-14c6-50e8-88d2-6c913fd00fe3,6698898929,node,amenity,marketplace,Waqas Market,,,,,OSM,,,31.4968066,74.4065611,Lahore,Punjab,Pakistan,,,,,
34d62d06-8055-5931-ae69-2e5c6ebd73b7,7485231216,node,leisure,park,,,,,,OSM,,,31.4968545,74.4048756,Lahore,Punjab,Pakistan,,,,,
1ce4920e-b1d7-510b-a849-2088894b0803,304956246,node,place,neighbourhood,Bhata Chowk,,,,,OSM,,,31.4914608,74.411275,Lahore,Punjab,Pakistan,,,,,
d8b3594b-9427-54f0-bf4f-d06a28618e3e,4590850500,node,amenity,bank,Students Resource,,,,,OSM,,,31.4939164,74.4184412,Lahore,Punjab,Pakistan,,,,,
0818dbdd-8a5e-5e40-b001-d12e40cc2198,5242203587,node,amenity,bank,فیصل بینک,فیصل بینک,,,,OSM,,,31.4942491,74.418468,Lahore,Punjab,Pakistan,,,فیصل بینک,,
f479cac2-c1c8-5795-9338-7a27b4ba9bb9,5259654969,node,healthcare,hospital,Geo Hospital,جیو ہسپتال,,,,OSM,,,31.48002,74.4229598,Lahore,Punjab,Pakistan,,,,,
0605849b-9453-5362-98c5-b4922667bce2,9313233695,node,place,neighbourhood,گرین اوینیو,گرین اوینیو,,,,OSM,,,31.4978629,74.4295594,Lahore,Punjab,Pakistan,,,,,
9e9de1cf-4ed6-5c48-9280-218eb00e4c69,628502289,way,place,neighbourhood,DHA Phase 8,,,neighborhood,,OSM,,,31.4909059,74.4493117,Lahore,Punjab,Pakistan,,,,,
beb7dd5a-e314-5240-96ea-92c0e9dde7fb,545111977,way,leisure,park,DHA Phave V Sector H Park,,,,,OSM,,,31.4601525,74.4033945,Lahore,Punjab,Pakistan,,,,,
c3a3f7ed-21b5-5636-ab83-36017a93fc8b,889242707,way,place,neighbourhood,H.B.F.C,,,,,OSM,,,31.4554993,74.408792,Lahore,Punjab,Pakistan,,,,,
9db78495-a31a-5c47-b8ed-ac0e5d4f0666,546608839,way,leisure,park,,,,,,OSM,,,31.4588783,74.406074,Lahore,Punjab,Pakistan,,,,,
ea10f311-fdb3-5a17-903d-2340bd8c641b,544726765,way,leisure,park,Sector J Park,,,,,OSM,,,31.4602442,74.4137987,Lahore,Punjab,Pakistan,,,,,
b6adbd65-afa2-5187-adf7-65a21131d465,544963835,way,leisure,park,,,,,,OSM,,,31.4606068,74.4223205,Lahore,Punjab,Pakistan,,,,,
131b2b53-2bef-58f7-bd56-0fea74bd3b6b,546774022,way,leisure,park,,,,,,OSM,,,31.4559783,74.4145913,Lahore,Punjab,Pakistan,,,,,
4fc3445f-dc12-5e9a-b51a-2286bce8940a,545111978,way,leisure,park,DHA Phase V Sector L Football Ground,,,,,OSM,,,31.4616114,74.4008139,Lahore,Punjab,Pakistan,,,,,
4646f562-f02a-5aa1-89f2-8cbe4bfee6da,546567484,way,leisure,park,,,,,,OSM,,,31.4627852,74.4079036,Lahore,Punjab,Pakistan,,,,,
63746998-e2b1-5ba2-9567-610c70ceb75f,67016339,way,natural,water,,,,,,OSM,,,31.4708146,74.4074466,Lahore,Punjab,Pakistan,,,,,
45c02159-a514-5504-8833-c5f12ea9cdc8,545002685,way,leisure,park,,,,,,OSM,,,31.4652918,74.4154188,Lahore,Punjab,Pakistan,,,,,
4d161db4-d311-5821-9cf0-fdcdc040a9b1,546002825,way,leisure,park,,,,,,OSM,,,31.4664431,74.4102032,Lahore,Punjab,Pakistan,,,,,
514bad91-edcd-58fe-a6d1-9627374c48b0,544749332,way,leisure,park,,,,,,OSM,,,31.4613108,74.4194708,Lahore,Punjab,Pakistan,,,,,
87cf1139-d3bb-56b6-83be-44014d01715f,1091964241,way,leisure,park,,,,,,OSM,,,31.4643923,74.4204117,Lahore,Punjab,Pakistan,,,,,
8b74bb69-71d0-50cb-ba42-c75e761818ab,543679632,way,leisure,park,,,,,,OSM,,,31.4624772,74.4229585,Lahore,Punjab,Pakistan,,,,,
a796a410-10ca-5d00-b67b-f429072a9ff7,544123899,way,leisure,park,,,,,,OSM,,,31.4693745,74.4232311,Lahore,Punjab,Pakistan,,,,,
37da319f-f911-53e7-a17f-0b02eb585432,544519867,way,leisure,park,,,,,,OSM,,,31.4711043,74.4226996,Lahore,Punjab,Pakistan,,,,,
706e9d3f-fbea-5a5f-9478-a6e62433ac42,437071812,way,leisure,park,Male Hostel Garden,,,,,OSM,,,31.4703992,74.4124799,Lahore,Punjab,Pakistan,,,,,
a83896bd-959e-599e-8e5d-901cf8487ed0,544103976,way,leisure,park,,,,,,OSM,,,31.467647,74.421195,Lahore,Punjab,Pakistan,,,,,
e9447a85-4ee9-5c1c-b7d3-c4d6ba53c6d6,544103977,way,leisure,park,,,,,,OSM,,,31.4676522,74.4203608,Lahore,Punjab,Pakistan,,,,,
8e76f4f5-92d6-5370-9127-bb17ec070c61,544523707,way,leisure,park,,,,,,OSM,,,31.4704055,74.4207349,Lahore,Punjab,Pakistan,,,,,
e2b94898-a090-5e04-9cbb-7be1dd2f19f0,545415122,way,leisure,park,,,,,,OSM,,,31.467945,74.4167492,Lahore,Punjab,Pakistan,,,,,
d0178d6f-e237-5d43-9b16-0f587a8dba3b,1273056055,way,leisure,park,Park Sector B,,,,,OSM,,,31.4532233,74.4326631,Lahore,Punjab,Pakistan,,,,,
e7833a61-0e02-5edd-80ba-7c1419405a27,1273056059,way,leisure,park,,,,,,OSM,,,31.4507808,74.4340743,Lahore,Punjab,Pakistan,,,,,
3e554e65-1e62-576b-8505-0e32e4b5e4c3,1273056076,way,natural,water,,,,,,OSM,,,31.4514686,74.429886,Lahore,Punjab,Pakistan,,,,,
74367f2b-9453-5856-9c2c-127cdf1c9047,1273079545,way,leisure,park,,,,,,OSM,,,31.4537763,74.431436,Lahore,Punjab,Pakistan,,,,,
26397fb2-0f43-5695-afa2-65a6eb6dd1a1,232515888,way,leisure,park,,,,,,OSM,,,31.4603224,74.4337438,Lahore,Punjab,Pakistan,,,,,
bb1709f3-21c5-555e-a6c5-ce57aa62756e,959078596,way,leisure,park,Sector B Park,,,,,OSM,,,31.4530956,74.4360041,Lahore,Punjab,Pakistan,,,,,
eae67a99-8ea4-59bd-8b5f-426e6dea036e,1000054743,way,leisure,park,Sector B Park,,,,,OSM,,,31.453431,74.4363347,Lahore,Punjab,Pakistan,,,,,
b7e642d4-859a-57df-84f4-6a057e360142,1267814863,way,leisure,park,Lake View Park,,,,,OSM,,,31.4514315,74.4306271,Lahore,Punjab,Pakistan,,,,,
45ed3633-296b-5a4b-b8cf-fc344af25d82,232515887,way,leisure,park,,,,,,OSM,,,31.4594385,74.4344421,Lahore,Punjab,Pakistan,,,,,
9840abae-7faa-5665-bf97-b15e91cecde9,959079246,way,leisure,park,Askari Heights 1 Park,,,,,OSM,,,31.4543165,74.436309,Lahore,Punjab,Pakistan,,,,,
c3e746b0-14a6-5f54-9b9b-607b5c6b5d0b,543679633,way,leisure,park,,,,,,OSM,,,31.4654491,74.4249836,Lahore,Punjab,Pakistan,,,,,
87cda1b4-f8f2-5bc9-ac7e-119c5caee74a,543679634,way,leisure,park,,,,,,OSM,,,31.4637017,74.4230751,Lahore,Punjab,Pakistan,,,,,
59083f75-e9de-5b78-b937-91e272ecca8f,543466021,way,leisure,park,,,,,,OSM,,,31.4668444,74.4282686,Lahore,Punjab,Pakistan,,,,,
058bae7e-b8d2-54fe-a0e7-1e0455a82594,544524824,way,leisure,park,,,,,,OSM,,,31.4746156,74.401797,Lahore,Punjab,Pakistan,,,,,
48a74521-5fc5-5c35-86b7-77f32694de7b,544946688,way,amenity,bank,alBaraka Bank,,,,,OSM,,,31.4752444,74.4004906,Lahore,Punjab,Pakistan,,,,,
543271ea-3725-5e94-94ec-24d327623f7e,544946689,way,amenity,bank,الائیڈ بینک لمیٹڈ,الائیڈ بینک لمیٹڈ,,,,OSM,,,31.4751836,74.400549,Lahore,Punjab,Pakistan,,,الائیڈ بینک لمیٹڈ,,
f2be631b-2ecd-586f-add0-97b753d52f5c,544946690,way,amenity,bank,یونائیٹڈ بینک لمیٹڈ,یونائیٹڈ بینک لمیٹڈ,,,,OSM,,,31.4750628,74.4006769,Lahore,Punjab,Pakistan,,,یونائیٹڈ بینک لمیٹڈ,,
7173999e-9f31-53be-898e-587a0f1861b6,552817961,way,amenity,bank,Al-Meezan Group Investment Banking,,,,,OSM,,,31.4748864,74.4008634,Lahore,Punjab,Pakistan,,,,,
a0bbb4f8-8da7-5d3d-8542-d9e32edf4f85,684352231,way,amenity,bank,National Bankof pakistan,,,,,OSM,,,31.4747408,74.4023943,Lahore,Punjab,Pakistan,,,,,
c5d195a4-617a-5a18-bc84-9290079fd36a,684352232,way,amenity,bank,ایچ بی ایل پاکستان,ایچ بی ایل پاکستان,,,,OSM,,,31.4747327,74.4025448,Lahore,Punjab,Pakistan,,,ایچ بی ایل پاکستان,,
f55cdf11-7124-58c7-ab23-fe0b52e2ba15,684354234,way,amenity,bank,Emaan Islamic Banking Silk Bank,,,,,OSM,,,31.474265,74.4024281,Lahore,Punjab,Pakistan,,,,,
7f1ce857-cfd0-51e8-b0d7-a3066c22ca9b,208828247,way,leisure,park,U-Block Park,,,,,OSM,,,31.474468,74.407973,Lahore,Punjab,Pakistan,,,,,
33caad21-839f-5dc8-b26a-945fb6b4f926,543630641,way,leisure,park,,,,,,OSM,,,31.4780283,74.4084384,Lahore,Punjab,Pakistan,,,,,
2a019fc4-6d5d-5e34-9f84-ea196300878d,544493693,way,amenity,bank,ایم سی بی بینک,ایم سی بی بینک,,,,OSM,,,31.474165,74.4037421,Lahore,Punjab,Pakistan,,,ایم سی بی بینک,ایم سی بی بینک لمیٹڈ,
97a6707e-af22-5a40-9d67-77b7e286581b,544524817,way,amenity,bank,جے ایس بینک,جے ایس بینک,,,,OSM,,,31.4742284,74.4038282,Lahore,Punjab,Pakistan,,,جے ایس بینک,جے ایس بینک,
e99929ea-675e-56b9-9acb-e62ec5bc4659,544524818,way,amenity,bank,بینک الفلاح,بینک الفلاح,,,,OSM,,,31.4744579,74.404119,Lahore,Punjab,Pakistan,,,بینک الفلاح,,
2159c931-aaa2-50d8-901a-6c0db26df7e4,544707411,way,leisure,park,,,,,,OSM,,,31.4745023,74.4037038,Lahore,Punjab,Pakistan,,,,,
1088f82d-71a8-554a-8a43-a42920790e71,543663508,way,leisure,park,,,,,,OSM,,,31.4819038,74.4070569,Lahore,Punjab,Pakistan,,,,,
1dc4ff37-8a2c-5bdd-aac6-900d7fc135d9,543663510,way,leisure,park,Tank Park Q block no 2,,,,,OSM,,,31.4814315,74.4087491,Lahore,Punjab,Pakistan,,,,,
80f223b3-97de-5574-8492-d4a6d9cf019f,543663520,way,amenity,bank,Meezan Bank,میزان بینک,,,,OSM,,,31.4839859,74.4080907,Lahore,Punjab,Pakistan,,,Meezan Bank,,
c67c6332-60f3-5621-83b9-64ae1b28dd40,683292800,way,amenity,bank,Bank Of Punjab(Islamic Banking Branch),,,,,OSM,,,31.4835907,74.4084914,Lahore,Punjab,Pakistan,,,,,
77514d80-4337-5255-be9b-08b8a7a6dad4,683292801,way,healthcare,pharmacy,Clinix Pharmacy (Defence Branch),,,,,OSM,,,31.4836651,74.4075103,Lahore,Punjab,Pakistan,,,,,
b631dd6a-c84f-5dec-bd13-0218ed3dd28a,800732701,way,leisure,park,,,,,,OSM,,,31.4815818,74.4038365,Lahore,Punjab,Pakistan,,,,,
1313188d-2798-5c53-ac90-5fe095d4fbfe,543631742,way,leisure,park,V Park,,,,,OSM,,,31.4781111,74.4122109,Lahore,Punjab,Pakistan,,,,,
0baac465-c651-5fbf-b89b-eda022e571fe,544986021,way,healthcare,pharmacy,Hafiz Medicle and General Store,,,,,OSM,,,31.4778866,74.4132348,Lahore,Punjab,Pakistan,,,,,
48ea4219-795d-53e8-b4c0-126e9d23b136,545977990,way,leisure,park,,,,,,OSM,,,31.4792377,74.4202752,Lahore,Punjab,Pakistan,,,,,
aa3603c5-a305-5df0-9395-e42e360571ff,542244027,way,healthcare,pharmacy,Rafique Sons Pharmacy,,,,,OSM,,,31.4857832,74.416185,Lahore,Punjab,Pakistan,,,,,
845da376-b2b7-5f38-9dff-cb2a668319d9,544946308,way,leisure,park,Children Park,,,,,OSM,,,31.480225,74.4210748,Lahore,Punjab,Pakistan,,,,,
945fdc9e-cd3f-5867-8150-68a9644929b3,545985222,way,leisure,park,Society Park,,,,,OSM,,,31.4745394,74.4159799,Lahore,Punjab,Pakistan,,,,,
5399f205-9dee-5575-84dc-72e4ad2c056a,685212567,way,leisure,park,,,,,,OSM,,,31.4852723,74.4158403,Lahore,Punjab,Pakistan,,,,,
ab6c7e3c-e4d3-57d9-8742-ce53afbfc75e,543626260,way,healthcare,clinic,Farzana Clinic,فرزانہ کلینک,,,,OSM,,,31.4860406,74.4144156,Lahore,Punjab,Pakistan,,,,,
b903162a-c5e1-5021-b1ff-e56c1e0c6884,543663516,way,leisure,park,Q Park,,,,,OSM,,,31.4812395,74.410307,Lahore,Punjab,Pakistan,,,,,
2f8cd6ab-c722-58e9-8d67-cbf770820d2b,544473116,way,healthcare,clinic,Nazar Homeo Herbal clinic,نذر ہومیو ہربل کلینک,,,,OSM,,,31.4858769,74.4125983,Lahore,Punjab,Pakistan,,,,,
3bd3b4b3-a888-5830-b3bf-5a852afc83ea,685353642,way,leisure,park,,,,,,OSM,,,31.4860277,74.4118107,Lahore,Punjab,Pakistan,,,,,
7114bbc4-78c0-5218-933d-471a7d38a195,544698892,way,amenity,marketplace,NASIR MAYO Market,,,,,OSM,,,31.4839468,74.4201327,Lahore,Punjab,Pakistan,,,,,
e21755ac-6d97-53ad-949c-3ebe1d89a41c,544945781,way,leisure,park,Children Park Alfalah Town,,,,,OSM,,,31.481438,74.4188008,Lahore,Punjab,Pakistan,,,,,
52f4e505-d6a5-5ad5-ad55-170653945df7,544988445,way,healthcare,clinic,Dr Khurshid Clinic,ڈاکٹر خورشید کلینک,,,,OSM,,,31.482692,74.4197291,Lahore,Punjab,Pakistan,,,,,
fec911cc-edf7-5331-8719-0f0ec14318c9,544988733,way,healthcare,pharmacy,Anjum medical store,,,,,OSM,,,31.4831632,74.4202293,Lahore,Punjab,Pakistan,,,,,
d32ad39d-778e-58ed-99e9-e5d583b8b5c2,544709783,way,leisure,park,P Block Park,,,,,OSM,,,31.4877372,74.4037099,Lahore,Punjab,Pakistan,,,,,
29532614-1ae0-5146-9d6c-fb5b3a147190,683333857,way,amenity,marketplace,Madina General Store Ali Park,,,,,OSM,,,31.4984043,74.4083956,Lahore,Punjab,Pakistan,,,,,
fdd2cd35-9e20-5a61-a1b7-0a8773f11c63,800367965,way,leisure,park,,,,,,OSM,,,31.4965258,74.4052506,Lahore,Punjab,Pakistan,,,,,
f0946b61-b016-57ab-a282-46e8a5adff69,800442080,way,leisure,park,,,,,,OSM,,,31.4965341,74.4060063,Lahore,Punjab,Pakistan,,,,,
eb2f2b1d-ae7a-517f-8775-3c5136c90768,800442105,way,amenity,marketplace,Waqas Market,,,,,OSM,,,31.4968333,74.4065415,Lahore,Punjab,Pakistan,,,,,
90cc88b8-f5a7-51a1-8d24-a2885409ae49,800442107,way,leisure,park,,,,,,OSM,,,31.4968418,74.4067081,Lahore,Punjab,Pakistan,,,,,
7652e68c-f6f6-5101-9e58-0be1c7e2f3c7,542209334,way,healthcare,pharmacy,Shaukat Khanum Laboratory Collection Centre,,,,,OSM,,,31.4882626,74.4130299,Lahore,Punjab,Pakistan,,,,,
50ec4b81-e3b3-5ec9-a2d6-da93bc26d911,542209490,way,healthcare,pharmacy,Rasheed pharmacy,,,,,OSM,,,31.4878985,74.4128255,Lahore,Punjab,Pakistan,,,,,
9305885f-0bb2-578b-a431-9d44d3851d1c,542236334,way,amenity,bank,Bank Al Habib,بينک الحبيب,,,,OSM,,,31.4911749,74.4153541,Lahore,Punjab,Pakistan,,,Bank Al Habib,,
8a85ad09-b2e5-5de0-ac3c-7db0c0aa99fd,542207233,way,amenity,police,Police Post Nadir Abad South Cantt,,,,,OSM,,,31.4906601,74.4161833,Lahore,Punjab,Pakistan,,,,,
45e6222b-a9a6-5c0a-9da5-893c4f1dae85,685215631,way,leisure,park,,,,,,OSM,,,31.4992259,74.4225942,Lahore,Punjab,Pakistan,,,,,
72022b09-5cec-5b5b-94ed-dc629d07d734,685355845,way,leisure,park,,,,,,OSM,,,31.4998409,74.4233037,Lahore,Punjab,Pakistan,,,,,
d26b488a-136b-5212-9889-5be28b9b588c,795591321,way,leisure,park,,,,,,OSM,,,31.4998661,74.4111111,Lahore,Punjab,Pakistan,,,,,
aa39631a-79ff-5734-990d-cb9372fb9922,232558337,way,leisure,park,,,,,,OSM,,,31.4973193,74.4104072,Lahore,Punjab,Pakistan,,,,,
0264c691-3f52-558b-bc74-add0cef239a1,800730901,way,leisure,park,,,,,,OSM,,,31.4967629,74.4156869,Lahore,Punjab,Pakistan,,,,,
1d6b6902-54d7-5c70-ae26-2310712fce5e,541330112,way,leisure,park,NETSOL Back Lawn,,,,,OSM,,,31.4963502,74.4215727,Lahore,Punjab,Pakistan,,,,,
47742f5e-847f-521b-99d5-761a718c9b76,542193064,way,amenity,bank,سونیری بینک,سونیری بینک,,,,OSM,,,31.494216,74.4177153,Lahore,Punjab,Pakistan,,,سونیری بینک,سونیری بینک,
d18df4f2-2a49-513d-9c7f-2ac5ff8ed9af,550415204,way,leisure,park,,,,,,OSM,,,31.4936787,74.4165081,Lahore,Punjab,Pakistan,,,,,
9326d5d5-aaf0-56c1-90e9-ad1f68da0857,550569198,way,leisure,park,,,,,,OSM,,,31.4947947,74.4170577,Lahore,Punjab,Pakistan,,,,,
ac2a1f06-921d-5873-8809-6738e6f35ac4,550569270,way,leisure,park,,,,,,OSM,,,31.4948872,74.4173209,Lahore,Punjab,Pakistan,,,,,
efb85db3-b26f-5fe9-bdac-95a759db455b,550617810,way,leisure,park,,,,,,OSM,,,31.495504,74.4167571,Lahore,Punjab,Pakistan,,,,,
8f29b740-a13a-5121-8481-129c623e2550,674419355,way,amenity,bank,عسکری بینک,عسکری بینک,,,,OSM,,,31.4949982,74.4190112,Lahore,Punjab,Pakistan,,,عسکری بینک,,
321a2ce5-ae52-50ff-9571-3fde550fe00b,674420679,way,amenity,bank,BankIslami Pakistan,,,,,OSM,,,31.4935049,74.4180728,Lahore,Punjab,Pakistan,,,,,
c0b97a65-8bec-5a49-a5f5-ab994531c245,682588461,way,leisure,park,Children & Ladies Park,,,,,OSM,,,31.4993858,74.4187965,Lahore,Punjab,Pakistan,,,,,
86f452a5-40cf-59a8-8e58-cf639d588166,685355838,way,leisure,park,,,,,,OSM,,,31.4990496,74.4220673,Lahore,Punjab,Pakistan,,,,,
e270ce67-e191-52d5-8115-f58e86ec3ab2,792199553,way,leisure,park,,,,,,OSM,,,31.4943156,74.4199936,Lahore,Punjab,Pakistan,,,,,
f91ace28-b79c-569f-beff-449a686b6612,792199554,way,leisure,park,,,,,,OSM,,,31.4944484,74.4196768,Lahore,Punjab,Pakistan,,,,,
9634118b-0891-5d52-bcc3-d8c2fa604ab0,798356594,way,leisure,park,,,,,,OSM,,,31.4992308,74.419324,Lahore,Punjab,Pakistan,,,,,
0cbb56bb-9a2f-5064-a6ce-362ec595232b,799707216,way,leisure,park,,,,,,OSM,,,31.4975184,74.4196279,Lahore,Punjab,Pakistan,,,,,
ac401f6e-b2cc-55ae-9406-e8c95a278158,800666568,way,leisure,park,,,,,,OSM,,,31.4958018,74.418108,Lahore,Punjab,Pakistan,,,,,
db697c66-6db2-5f21-9a18-55319eff4f38,685622827,way,leisure,park,,,,,,OSM,,,31.4867937,74.4243391,Lahore,Punjab,Pakistan,,,,,
0f3bde2b-8c1d-5e1f-b398-f7a4370bcee4,686564111,way,leisure,park,,,,,,OSM,,,31.4861827,74.436374,Lahore,Punjab,Pakistan,,,,,
51b19d4a-1902-51d7-8029-0a634dcac341,686085294,way,leisure,park,,,,,,OSM,,,31.476154,74.4404015,Lahore,Punjab,Pakistan,,,,,
c1a38685-96e5-554b-91b7-0536144c857d,686564112,way,leisure,park,,,,,,OSM,,,31.4818947,74.449279,Lahore,Punjab,Pakistan,,,,,
cf932499-b033-524a-bb1d-5ce206f1011e,686564113,way,leisure,park,,,,,,OSM,,,31.4797136,74.446251,Lahore,Punjab,Pakistan,,,,,
7a278db5-ce5a-5f54-af73-96364121269a,686564114,way,leisure,park,,,,,,OSM,,,31.4819806,74.4458216,Lahore,Punjab,Pakistan,,,,,
1c18ddf7-c2e3-56ed-9e59-05439cb416dd,542243531,way,amenity,marketplace,Cavalary Ground Market,,,,,OSM,,,31.4873513,74.4284807,Lahore,Punjab,Pakistan,,,,,
d7416532-f71b-546f-ba59-d1a7c12355fe,683334194,way,leisure,park,,,,,,OSM,,,31.4921199,74.4246187,Lahore,Punjab,Pakistan,,,,,
64dd47bc-8e1c-5e8b-8381-8fba2dd63d97,798376521,way,leisure,park,,,,,,OSM,,,31.4918713,74.4270338,Lahore,Punjab,Pakistan,,,,,
6ec6a298-06e6-5ed8-8e22-c7978ba4d105,799810271,way,leisure,park,,,,,,OSM,,,31.4925187,74.4264165,Lahore,Punjab,Pakistan,,,,,
bdbd3fc3-8bee-57eb-96d2-c775eb9d7b19,686793498,way,leisure,park,,,,,,OSM,,,31.4967352,74.4365306,Lahore,Punjab,Pakistan,,,,,
5865ee58-628d-5bfa-addf-b63b18ad22ed,232124333,way,leisure,park,,,,,,OSM,,,31.4978511,74.4247613,Lahore,Punjab,Pakistan,,,,,
115e84d7-5881-5dc4-a83f-60d919620965,232125613,way,leisure,park,,,,,,OSM,,,31.4985635,74.4263582,Lahore,Punjab,Pakistan,,,,,
14b17e00-a3ab-52d7-91be-43e614d7e98b,540659069,way,leisure,park,,,,,,OSM,,,31.4962694,74.4235076,Lahore,Punjab,Pakistan,,,,,
a1451262-2810-5d33-94b6-ce484054fe18,541330379,way,healthcare,clinic,Noor Clinic,نور کلینک,,,,OSM,,,31.4964558,74.4259801,Lahore,Punjab,Pakistan,,,,,
7535bdb0-2267-5c7f-a1ae-254f791669e8,685355843,way,leisure,park,,,,,,OSM,,,31.4988558,74.4237218,Lahore,Punjab,Pakistan,,,,,
86d07eab-5e7e-5809-971b-5413fbc3a2c7,791889117,way,leisure,park,,,,,,OSM,,,31.4958014,74.4268556,Lahore,Punjab,Pakistan,,,,,
e8d35c94-b316-5519-b1c4-c1be0c09a435,798376400,way,leisure,park,,,,,,OSM,,,31.4938729,74.4251914,Lahore,Punjab,Pakistan,,,,,
ca4375df-9cb7-5879-b538-2852857fefb9,686564110,way,leisure,park,,,,,,OSM,,,31.4885492,74.4394194,Lahore,Punjab,Pakistan,,,,,
876ed8fa-b17b-5469-8be4-4cfe52c193f5,686793387,way,leisure,park,,,,,,OSM,,,31.487713,74.4482853,Lahore,Punjab,Pakistan,,,,,
15ad3677-c068-500b-8afc-fa4d99f1919c,686793472,way,leisure,park,,,,,,OSM,,,31.4947822,74.4428502,Lahore,Punjab,Pakistan,,,,,
75776c52-e152-5824-8d6e-0c2ab8283187,7740137,relation,leisure,park,NETSOL Front Lawn,,,,,OSM,,,31.4970434,74.4222395,Lahore,Punjab,Pakistan,,,,,
31708984-a983-5463-81d1-c81b89a77085,11592122054,node,amenity,atm,Allied Bank,الائیڈ بینک,,,,OSM,,,31.5197429,74.4110393,Lahore,Punjab,Pakistan,,,Allied Bank Limited,Allied Bank Limited,
6c10e194-fc47-5340-8513-f931b5587ea3,11592122055,node,amenity,atm,MCB Bank,ایم سی بی بینک,,,,OSM,,,31.519713,74.4110395,Lahore,Punjab,Pakistan,,,MCB,MCB,
0c90a34d-12a3-55fd-9622-ebe6294a7bf4,11592122056,node,amenity,atm,Habib Bank Limited,ایچ بی ایل پاکستان,,,,OSM,,,31.5197938,74.4110317,Lahore,Punjab,Pakistan,,,HBL Bank,HBL Bank,
acd1269e-5580-5630-8c99-7019b43a3ee7,5105878821,node,amenity,atm,,,,,,OSM,,,31.5110982,74.4362012,Lahore,Punjab,Pakistan,,,,abl bank,
29d4e6fe-7dea-5f7a-9961-5af6e53d4beb,3408079237,node,amenity,bank,یونائیٹڈ بینک لمیٹڈ,یونائیٹڈ بینک لمیٹڈ,,,,OSM,,,31.5224732,74.4387491,Lahore,Punjab,Pakistan,,,یونائیٹڈ بینک لمیٹڈ,,
38ef34cf-ae1d-5935-a654-b3d3d1a47c5f,2404511475,node,amenity,marketplace,,,,,,OSM,,,31.537364,74.4115431,Lahore,Punjab,Pakistan,,,,,
55b616a1-268d-5668-97de-e9e39eb993d3,9313211941,node,place,neighbourhood,گُلدشت ٹاؤن,گلدشت ٹاؤن,,,,OSM,,,31.5436819,74.4192021,Lahore,Punjab,Pakistan,,,,,
1c78747c-c278-54bb-9448-1d6365703a31,3404409630,node,amenity,bank,United Bank Ltd,,,,,OSM,,,31.5269494,74.4458878,Lahore,Punjab,Pakistan,,,,UBL,
b4757348-8179-59c8-82d7-44799a8d9e9b,232146491,way,leisure,park,,,,,,OSM,,,31.5102697,74.4149579,Lahore,Punjab,Pakistan,,,,,
bfe85869-cd7c-5a66-9544-65683e78cc73,627253107,way,place,neighbourhood,Paragon city,,,,,OSM,,,31.5365706,74.4635539,Lahore,Punjab,Pakistan,,,,,
ec9a818f-9617-5863-931d-d87e56bc3a55,290174673,way,leisure,park,باغ,باغ,,,,OSM,,,31.5014442,74.4087354,Lahore,Punjab,Pakistan,,,,,
c4533493-b09b-50a5-9492-42c6c6b8a825,683331886,way,amenity,marketplace,Allah Rakha Market,,,,,OSM,,,31.5020925,74.4077662,Lahore,Punjab,Pakistan,,,,,
23088fdf-46a4-519d-acf8-799fe1e861c0,683335201,way,leisure,park,,,,,,OSM,,,31.5018078,74.408463,Lahore,Punjab,Pakistan,,,,,
f0089174-c748-59f6-9cf0-3d94a1760db9,683342169,way,leisure,park,,,,,,OSM,,,31.5036838,74.4068465,Lahore,Punjab,Pakistan,,,,,
b0ded0b3-ee7f-5370-bf86-c81687c3816e,793803190,way,leisure,park,,,,,,OSM,,,31.5038463,74.4064415,Lahore,Punjab,Pakistan,,,,,
f25425a7-1301-5ff2-a7a1-3f9a1d14437f,793855198,way,leisure,park,,,,,,OSM,,,31.5028095,74.406868,Lahore,Punjab,Pakistan,,,,,
82554782-4eb8-505d-bdda-5ad7e6f75f62,793855220,way,leisure,park,,,,,,OSM,,,31.5024928,74.4076041,Lahore,Punjab,Pakistan,,,,,
db42e586-d8fd-512e-b1d5-c48e6a0914cf,793855223,way,leisure,park,,,,,,OSM,,,31.5026371,74.4072208,Lahore,Punjab,Pakistan,,,,,
ffa50766-6828-5c23-aa31-40d8c16c6fef,793855252,way,leisure,park,,,,,,OSM,,,31.5037819,74.4074921,Lahore,Punjab,Pakistan,,,,,
5d37bebf-979a-5861-9f3b-28ea48243493,793855261,way,leisure,park,,,,,,OSM,,,31.503771,74.4085525,Lahore,Punjab,Pakistan,,,,,
0a7ab698-ea91-5b2c-8887-9998f7b75148,793855286,way,leisure,park,,,,,,OSM,,,31.502533,74.4079435,Lahore,Punjab,Pakistan,,,,,
b234c0c6-f078-5c02-9a26-38e9a8a07a12,793858980,way,leisure,park,,,,,,OSM,,,31.5023472,74.4082982,Lahore,Punjab,Pakistan,,,,,
007bc305-36bf-59cf-aaa2-1be1ca65036a,794334385,way,leisure,park,,,,,,OSM,,,31.5023418,74.4094792,Lahore,Punjab,Pakistan,,,,,
b064f807-1ac8-5182-a799-8ccd388264b5,794355738,way,leisure,park,,,,,,OSM,,,31.5022024,74.4098215,Lahore,Punjab,Pakistan,,,,,
78a93b6c-f066-56c8-897e-6dac2384dea0,794355748,way,leisure,park,,,,,,OSM,,,31.5016133,74.4095727,Lahore,Punjab,Pakistan,,,,,
52e21426-cb9a-57e8-97f5-d5771f11cdec,232554496,way,leisure,park,Divine Garden Park,,,,,OSM,,,31.5028059,74.4149983,Lahore,Punjab,Pakistan,,,,,
3a478ac1-d777-5624-a9ba-70207e082717,232554510,way,leisure,park,Children Park,,,,,OSM,,,31.5030376,74.4111458,Lahore,Punjab,Pakistan,,,,,
20300f1e-5181-594c-8e33-456a0260cb44,232554515,way,leisure,park,Green Circle,,,,,OSM,,,31.5022375,74.4119306,Lahore,Punjab,Pakistan,,,,,
07354226-3b8e-5d41-9407-71520e09e24f,232554516,way,leisure,park,باغ,باغ,,,,OSM,,,31.5020478,74.4118645,Lahore,Punjab,Pakistan,,,,,
1302189d-0400-5eae-a21b-045fb8a574c7,232554517,way,leisure,park,Grean Area,,,,,OSM,,,31.5017982,74.4119712,Lahore,Punjab,Pakistan,,,,,
8d9a93c0-d136-57bc-a3ff-3b83b23b195a,232555721,way,leisure,park,Children Park,,,,,OSM,,,31.5008003,74.4131649,Lahore,Punjab,Pakistan,,,,,
71a2c619-557b-5867-b11c-94bd4796575b,683332406,way,amenity,marketplace,Rana Market,,,,,OSM,,,31.5010513,74.4101615,Lahore,Punjab,Pakistan,,,,,
aa874362-bd64-5af0-832d-e59dabb3e90a,683332407,way,amenity,marketplace,Wahaj Store,,,,,OSM,,,31.5009754,74.410326,Lahore,Punjab,Pakistan,,,,,
b3fecaea-c03d-5fb4-84b0-a7ecea171f61,683335203,way,leisure,park,,,,,,OSM,,,31.5021526,74.4102085,Lahore,Punjab,Pakistan,,,,,
3223c7bd-e753-503d-a009-7b13f01012c8,794334332,way,leisure,park,,,,,,OSM,,,31.5029629,74.4106838,Lahore,Punjab,Pakistan,,,,,
f05cc141-2e79-56f2-bcfb-1dc5350a51cd,794355751,way,leisure,park,,,,,,OSM,,,31.5018381,74.4097165,Lahore,Punjab,Pakistan,,,,,
c4111620-0d50-541f-92ec-a43127a9c684,794355762,way,leisure,park,,,,,,OSM,,,31.5018058,74.4100851,Lahore,Punjab,Pakistan,,,,,
e74f73bb-7f7e-5b5d-9947-a78365e52816,794902482,way,leisure,park,,,,,,OSM,,,31.5025835,74.4107219,Lahore,Punjab,Pakistan,,,,,
e0e61aa0-c8c0-5b57-81c7-f2f5808c82d9,794902494,way,leisure,park,,,,,,OSM,,,31.5023462,74.4108578,Lahore,Punjab,Pakistan,,,,,
3622b95f-00a5-5930-b6fc-f97cb8a258ef,794902505,way,leisure,park,,,,,,OSM,,,31.5014148,74.4104775,Lahore,Punjab,Pakistan,,,,,
9b5c45dc-5afd-57b1-baad-5faafadf2d4e,794902513,way,leisure,park,,,,,,OSM,,,31.502055,74.4109207,Lahore,Punjab,Pakistan,,,,,
27bf55e4-289c-5e80-a2b5-2644fdcc41b3,794902516,way,leisure,park,,,,,,OSM,,,31.5016825,74.4107039,Lahore,Punjab,Pakistan,,,,,
0c9c78a1-d65f-5d52-bbb4-fc31d9b445bf,232556300,way,leisure,park,D.G Nursery,,,,,OSM,,,31.5018528,74.4183708,Lahore,Punjab,Pakistan,,,,,
1755a5ed-aa06-5bfd-b64c-97536dd64d5f,232556301,way,leisure,park,Green Belt,,,,,OSM,,,31.502123,74.4176963,Lahore,Punjab,Pakistan,,,,,
95e8b0b3-2818-5655-bb32-c055e7955fd4,232556302,way,leisure,park,Green Area,,,,,OSM,,,31.5026451,74.4181008,Lahore,Punjab,Pakistan,,,,,
b39a19eb-8f0c-5706-9acc-28e47de780fa,232556562,way,leisure,park,Green Belt,,,,,OSM,,,31.5022571,74.4187633,Lahore,Punjab,Pakistan,,,,,
c568b1a7-b809-5bb6-b73c-4a5b8cd098da,685394777,way,leisure,park,,,,,,OSM,,,31.5038525,74.4175802,Lahore,Punjab,Pakistan,,,,,
002e275a-9d21-578e-a717-817c16a5cf6c,685394779,way,leisure,park,,,,,,OSM,,,31.5041816,74.419658,Lahore,Punjab,Pakistan,,,,,
3983150b-9f72-5bc3-be76-2bc5eb7c486a,232555731,way,leisure,park,I.G Park,,,,,OSM,,,31.5009334,74.4162425,Lahore,Punjab,Pakistan,,,,,
523296a0-2e97-57f1-8a61-ecdf8c39abe5,685355850,way,leisure,park,,,,,,OSM,,,31.5012146,74.4225005,Lahore,Punjab,Pakistan,,,,,
defc1a69-1e8e-5a31-83d3-21be330b1963,685614912,way,leisure,park,,,,,,OSM,,,31.5030934,74.4229179,Lahore,Punjab,Pakistan,,,,,
4d8cc6ff-8d85-5005-aae1-6f694fa66603,232122763,way,leisure,park,,,,,,OSM,,,31.5166245,74.4137728,Lahore,Punjab,Pakistan,,,,,
b9f08fcf-6fd3-5b03-aa28-35b87b4269a9,232122762,way,leisure,park,,,,,,OSM,,,31.5244951,74.4138481,Lahore,Punjab,Pakistan,,,,,
97dd3d2c-0625-58d2-b1ab-fb4aac621b79,690138710,way,leisure,park,DHA Park,,,,,OSM,,,31.513158,74.4358043,Lahore,Punjab,Pakistan,,,,,
4c6ed141-cf3c-5519-8a16-3a4d2c75fd2c,688592410,way,leisure,park,Park Lahore Pakistan,,,,,OSM,,,31.5101879,74.4341613,Lahore,Punjab,Pakistan,,,,,
239dff59-025c-5a4b-a8c0-24431e92a89d,688592602,way,leisure,park,BBCPL Park,,,,,OSM,,,31.5100441,74.4326538,Lahore,Punjab,Pakistan,,,,,
f1ee1f74-c56c-5f4f-8f29-2a52710ea337,690113078,way,leisure,park,Eden City Park,,,,,OSM,,,31.5076871,74.4341106,Lahore,Punjab,Pakistan,,,,,
4d3fd104-ec71-5d95-9de8-74ae63e83fed,688589708,way,leisure,park,Sec Q Park,,,,,OSM,,,31.5007869,74.4469574,Lahore,Punjab,Pakistan,,,,,
fa492c22-a3d5-5cc5-9e15-509ae53262e6,687345124,way,leisure,park,DHA street 9 park,,,,,OSM,,,31.5064333,74.4378645,Lahore,Punjab,Pakistan,,,,,
4f259759-48df-5301-ad8d-c27283ad3394,688590413,way,leisure,park,Street 10 Park,,,,,OSM,,,31.5080485,74.4394092,Lahore,Punjab,Pakistan,,,,,
8999c5ba-8d8b-5f44-91c9-b41e04d2698a,688590800,way,leisure,park,M Sector Park,,,,,OSM,,,31.5082786,74.4381252,Lahore,Punjab,Pakistan,,,,,
e9d02742-ccac-5cc7-a2f0-dceacf054863,688590805,way,leisure,park,DHA Phase 8 Park,,,,,OSM,,,31.5090188,74.4369264,Lahore,Punjab,Pakistan,,,,,
e990a9a6-eba0-5dd0-8563-e6db11439b2b,690138706,way,leisure,park,DHA Park,,,,,OSM,,,31.5123774,74.4367728,Lahore,Punjab,Pakistan,,,,,
2c1bf9bf-d3f4-57c1-b194-d16f708134f0,690171975,way,leisure,park,,,,,,OSM,,,31.5114888,74.4394454,Lahore,Punjab,Pakistan,,,,,
c8948e35-5d2d-54ee-84e3-be7cd95c62d0,688586848,way,leisure,park,Sec P Park,,,,,OSM,,,31.5106132,74.4436814,Lahore,Punjab,Pakistan,,,,,
ef1a9297-57a5-52a0-8310-e389deb7a6fb,686607612,way,leisure,park,,,,,,OSM,,,31.5161292,74.4271598,Lahore,Punjab,Pakistan,,,,,
7cbfde0f-0b7b-55ec-9f33-a156de1ddfd8,686605189,way,leisure,park,Sec F Park,,,,,OSM,,,31.5234837,74.4258859,Lahore,Punjab,Pakistan,,,,,
f9b51a35-5d2a-5a42-97de-91c93ac98959,232205312,way,leisure,park,Theme Park DHA Phase 8,,,,,OSM,,,31.5227648,74.4342197,Lahore,Punjab,Pakistan,,,,,
a6e5808c-8ebf-5ac8-b980-c22b225ca521,232205313,way,natural,water,,,,,,OSM,,,31.5226855,74.4345774,Lahore,Punjab,Pakistan,,,,,
adfe68d9-716c-5f4b-8788-8b69280ac9ae,690138711,way,leisure,park,,,,,,OSM,,,31.5139844,74.4369561,Lahore,Punjab,Pakistan,,,,,
303cdea7-bc19-56bf-9ce1-b7722fa1474d,690138713,way,leisure,park,Eden City Small Park,,,,,OSM,,,31.5148668,74.4403329,Lahore,Punjab,Pakistan,,,,,
b3cfb43f-02ae-5856-b676-d931ac5a618b,232210026,way,leisure,park,,,,,,OSM,,,31.5190903,74.4449673,Lahore,Punjab,Pakistan,,,,,
207803d9-8b6b-510b-a1b3-a75b5724024f,690180998,way,leisure,park,Park Sector D,,,,,OSM,,,31.5234308,74.4410298,Lahore,Punjab,Pakistan,,,,,
121061bb-7c8b-5921-864f-7ee8c602082a,687312841,way,leisure,park,,,,,,OSM,,,31.5357222,74.4076379,Lahore,Punjab,Pakistan,,,,,
0f50818f-9f7f-5c44-801e-e683fd89996b,1273116769,way,leisure,park,,,,,,OSM,,,31.528822,74.4207362,Lahore,Punjab,Pakistan,,,,,
3885f332-e538-5112-bfea-c0b0a15de534,1273116772,way,leisure,park,,,,,,OSM,,,31.5271049,74.4205721,Lahore,Punjab,Pakistan,,,,,
dfe05b75-92e7-5a2f-b69f-e90d403fdd97,1273123595,way,leisure,park,,,,,,OSM,,,31.5267943,74.4178359,Lahore,Punjab,Pakistan,,,,,
a40f6315-8858-52f4-8c82-ef4df1946b12,1273123605,way,leisure,park,,,,,,OSM,,,31.528395,74.4179202,Lahore,Punjab,Pakistan,,,,,
557f2242-37a7-575e-a1a7-abc6bd0fed68,232103710,way,leisure,park,Sector D Park,,,,,OSM,,,31.5332089,74.4198602,Lahore,Punjab,Pakistan,,,,,
a652d135-78d8-596a-8cdc-27d9fc50d1b4,1273123596,way,leisure,park,,,,,,OSM,,,31.527344,74.4159843,Lahore,Punjab,Pakistan,,,,,
4d299044-95c8-5ba4-8c1f-bda56406c673,1273123609,way,leisure,park,,,,,,OSM,,,31.5296075,74.4160655,Lahore,Punjab,Pakistan,,,,,
5e61c0f1-6a77-5190-9c71-68dab74df83d,232099817,way,leisure,park,Sector C Park,,,,,OSM,,,31.5333859,74.4141487,Lahore,Punjab,Pakistan,,,,,
c00d8ce8-a999-5bba-9763-5d3ee78ab72b,232100739,way,leisure,park,Sector B Park,,,,,OSM,,,31.5372456,74.4137923,Lahore,Punjab,Pakistan,,,,,
d1f5921d-5d32-5d7e-a3b9-bf91280ae9fe,232101726,way,leisure,park,Sector A Park,,,,,OSM,,,31.5374385,74.420166,Lahore,Punjab,Pakistan,,,,,
85f92614-5fa4-56e3-880b-8da495a7afc4,542238865,way,amenity,bank,عسکری بینک,عسکری بینک,,,,OSM,,,31.5356499,74.4165798,Lahore,Punjab,Pakistan,,,عسکری بینک,,
27321f74-9851-5e63-85ce-a83f3fe60c3f,542239287,way,amenity,bank,Habib Bank,,,,,OSM,,,31.5356454,74.4167663,Lahore,Punjab,Pakistan,,,,,
b376db0c-144f-5470-9414-76f67ad728e7,236828058,way,leisure,park,,,,,,OSM,,,31.5409635,74.4080143,Lahore,Punjab,Pakistan,,,,,
0870d4bd-6918-5e3e-9b7d-def6e1c698f8,236828059,way,leisure,park,,,,,,OSM,,,31.5406734,74.4130695,Lahore,Punjab,Pakistan,,,,,
1394a9ae-2e90-5603-aa99-4a7c32efda0f,701751516,way,amenity,bank,میزان بینک,میزان بینک,,,,OSM,,,31.5487327,74.4017679,Lahore,Punjab,Pakistan,,,میزان بینک,,
42375da4-216b-5c28-8415-393c354827d9,701792568,way,amenity,bank,MCB,,,,,OSM,,,31.5483494,74.4055879,Lahore,Punjab,Pakistan,,,MCB,,
d443b87c-53c9-568b-a9bf-1ac9b1cbec82,660524861,way,leisure,park,,,,,,OSM,,,31.5459056,74.4218558,Lahore,Punjab,Pakistan,,,,,
6d96456c-c288-530b-9faa-25731a8f3854,660524862,way,amenity,police,Police Station Guldasht Town,,,,,OSM,,,31.5456469,74.421948,Lahore,Punjab,Pakistan,,,,,
54a9dcce-ef9c-5acb-b164-84ee88c7d969,234980867,way,leisure,park,,,,,,OSM,,,31.5393601,74.4238189,Lahore,Punjab,Pakistan,,,,,
6871a12f-e443-5f80-a0a9-e7e8987774cc,234980869,way,leisure,park,,,,,,OSM,,,31.5388359,74.4250074,Lahore,Punjab,Pakistan,,,,,
5d3631c4-5667-5453-b112-810c48749065,234982159,way,leisure,park,,,,,,OSM,,,31.5397099,74.4280224,Lahore,Punjab,Pakistan,,,,,
5a303f7c-390d-50ba-b980-7a8fd973bfb0,234980868,way,leisure,park,,,,,,OSM,,,31.5376393,74.4249622,Lahore,Punjab,Pakistan,,,,,
12d02168-40f8-5ebc-bb9a-ff05c18d3fba,234986323,way,leisure,park,,,,,,OSM,,,31.5368976,74.4271518,Lahore,Punjab,Pakistan,,,,,
48c379bd-7f6e-5619-a128-a6942797fa25,234986324,way,leisure,park,,,,,,OSM,,,31.5383608,74.4267497,Lahore,Punjab,Pakistan,,,,,
35385e1c-23fc-5bcd-a4f8-e4129cee9ad9,687496890,way,leisure,park,,,,,,OSM,,,31.5265121,74.4451272,Lahore,Punjab,Pakistan,,,,,
099dbf93-2955-52c9-a30b-15abfbdaa4b2,687496891,way,leisure,park,,,,,,OSM,,,31.5264026,74.4454081,Lahore,Punjab,Pakistan,,,,,
04f385e6-fad0-53f1-9b53-cfe9f5736071,691385020,way,amenity,bank,یونائیٹڈ بینک لمیٹڈ,یونائیٹڈ بینک لمیٹڈ,,,,OSM,,,31.5268846,74.4458364,Lahore,Punjab,Pakistan,,,یونائیٹڈ بینک لمیٹڈ,,
c0632c9e-d6b4-5c25-b1bb-5acb344d92dc,699576183,way,leisure,park,,,,,,OSM,,,31.5365652,74.4473474,Lahore,Punjab,Pakistan,,,,,
5dbb6583-54d0-5ace-9eb5-5eef919e26ff,699576478,way,healthcare,clinic,Mother And Child Health Clinic,ماں اور بچے کی صحت کا کلینک,,,,OSM,,,31.5381669,74.4479085,Lahore,Punjab,Pakistan,,,,,
7d3bbee6-a43c-5876-a029-a0e9b4ddb153,234980913,way,leisure,park,,,,,,OSM,,,31.540246,74.4254017,Lahore,Punjab,Pakistan,,,,,
4e61727a-1c0c-5282-9adb-50fb3580ec18,234982160,way,leisure,park,,,,,,OSM,,,31.5406373,74.4272401,Lahore,Punjab,Pakistan,,,,,
b584e261-e1bd-5934-b657-10207d9884d3,234982370,way,leisure,park,,,,,,OSM,,,31.5410601,74.4256315,Lahore,Punjab,Pakistan,,,,,
c2f66b64-7988-5034-ac3f-0cd4dd60d804,234982599,way,leisure,park,,,,,,OSM,,,31.5419603,74.4253873,Lahore,Punjab,Pakistan,,,,,
f5977799-ce74-51eb-8839-64800b2bbbb4,234982604,way,leisure,park,,,,,,OSM,,,31.5428321,74.4264842,Lahore,Punjab,Pakistan,,,,,
399db375-bc3f-5f5e-b738-58051592472d,234984722,way,leisure,park,,,,,,OSM,,,31.5427942,74.425881,Lahore,Punjab,Pakistan,,,,,
c095b7a9-0c7c-5198-94dc-a73915866d2a,234984870,way,leisure,park,,,,,,OSM,,,31.5400887,74.4243544,Lahore,Punjab,Pakistan,,,,,
ddea121c-0589-593f-865a-aa4b7574f31c,233416274,way,leisure,park,,,,,,OSM,,,31.5463696,74.4281534,Lahore,Punjab,Pakistan,,,,,
5f939d5f-ed68-5426-9a13-21f12237186b,233792844,way,leisure,park,,,,,,OSM,,,31.5522758,74.4310938,Lahore,Punjab,Pakistan,,,,,
2606150e-5845-5569-a806-d682ac89e9ff,699618882,way,leisure,park,Baoli Amusement Park,,,,,OSM,,,31.548459,74.4387407,Lahore,Punjab,Pakistan,,,,,
271aa608-d5f9-5478-97d6-21edb471bdb3,7121843245,node,place,neighbourhood,Tajpura Village,,,,,OSM,,,31.5567035,74.4098019,Lahore,Punjab,Pakistan,,,,,
6751fdf0-548d-5a5a-ae6e-05e250a2113d,4447080990,node,amenity,police,Ambi gali Taj Bagh Lahore,,,,,OSM,,,31.5643134,74.4132451,Lahore,Punjab,Pakistan,,,,,
081720c6-c0c5-549c-9f80-3f87fa9e82d1,4880615121,node,amenity,atm,,,,,,OSM,,,31.5692101,74.4170239,Lahore,Punjab,Pakistan,,,,HBL,
19e093c4-c831-54c2-a60a-1f9293852a5c,9313211940,node,place,neighbourhood,جلال کالونی,جلال کالونی,,,,OSM,,,31.5672037,74.4324346,Lahore,Punjab,Pakistan,,,,,
1b627134-cc6c-55cf-8941-3bffcca00130,11747136390,node,railway,station,ہربنس پورہ,,,,,OSM,Harbanspura railway station,,31.5690248,74.4365533,Lahore,Punjab,Pakistan,,,,Pakistan Railways,Q18542483
5b8b2ff7-ec0f-5953-8336-2c762c017cad,5255745909,node,healthcare,hospital,Madina Eye Hospital,,,,,OSM,,,31.5880659,74.4027969,Lahore,Punjab,Pakistan,,,,,
42d0649c-7e17-553b-80b6-55384c8041be,5844883296,node,railway,station,محمود بوٹی,محمود بوٹی,,,,OSM,,,31.5868291,74.4024351,Lahore,Punjab,Pakistan,,,,Lahore Metro,
bf5e9e27-b787-5a99-8ee6-56e470fa40f0,5015802621,node,amenity,bank,میزان بینک,میزان بینک,,,,OSM,,,31.5872868,74.4048228,Lahore,Punjab,Pakistan,,,میزان بینک,,
9ccd4833-ddb4-5df7-8610-cd78260334bc,5354771925,node,amenity,bank,ایم سی بی بینک,ایم سی بی بینک,,,,OSM,,,31.5869947,74.4032774,Lahore,Punjab,Pakistan,,,ایم سی بی بینک,ایم سی بی بینک لمیٹڈ,
f52a710d-b7e2-534b-80a9-87d6a2d16e90,5844883297,node,railway,station,سلامت پورہ,سلامت پورہ,,,,OSM,,,31.587909,74.4130374,Lahore,Punjab,Pakistan,,,,Lahore Metro,
960c30cd-e309-5491-833a-68ab36736164,5844883298,node,railway,station,اسلام پارک,اسلام پارک,,,,OSM,,,31.5888788,74.4228338,Lahore,Punjab,Pakistan,,,,Lahore Metro,
3c1ce787-24af-50cb-89b5-055adc59705c,5844883299,node,railway,station,ڈیرہ گجراں,ڈیرہ گجراں,,,,OSM,,,31.5897383,74.4313009,Lahore,Punjab,Pakistan,,,,Lahore Metro,
4a5220d8-2679-5405-a81a-93d942a43bf1,4337129737,node,amenity,atm,,,,,,OSM,,,31.590625,74.4400057,Lahore,Punjab,Pakistan,,,,,
c612986e-3a00-5e27-8e89-3313542e5bc9,612411176,way,leisure,park,امیر الدین پارک,امیر الدین پارک,,,,OSM,,,31.5548961,74.4015893,Lahore,Punjab,Pakistan,,,,,
e7097afc-efca-53ba-8cb7-a94ade8cabb7,25237625,way,landuse,cemetery,,,,,,OSM,,,31.5553401,74.4067076,Lahore,Punjab,Pakistan,,,,,
b531d81c-d0c6-5033-933b-d8748157d513,612779715,way,leisure,park,,,,,,OSM,,,31.5573414,74.4074047,Lahore,Punjab,Pakistan,,,,,
bd8432f9-8d9f-5fc9-92fd-8c7edf11d126,612779722,way,leisure,park,,,,,,OSM,,,31.5558532,74.4050721,Lahore,Punjab,Pakistan,,,,,
7d0806e6-d2a9-5e16-848b-33b914757689,715162327,way,leisure,park,بابری پارک,بابری پارک,,,,OSM,,,31.5576022,74.4026762,Lahore,Punjab,Pakistan,,,,,
32086092-0caa-5dd6-9788-491fdc6f4afa,715163302,way,amenity,police,غازی آباد پولیس اسٹیشن,غازی آباد پولیس اسٹیشن,,,,OSM,,,31.5585316,74.4031215,Lahore,Punjab,Pakistan,,,,,
58c3632e-d5ba-5e1f-8e52-e7d70287d048,715162329,way,leisure,park,,,,,,OSM,,,31.5597264,74.4021867,Lahore,Punjab,Pakistan,,,,,
26eb0efa-890a-57ae-897c-7522580b84da,715162330,way,leisure,park,,,,,,OSM,,,31.5593539,74.4039705,Lahore,Punjab,Pakistan,,,,,
4c6e1791-e5f6-508e-9a86-02b996c668e7,621942794,way,landuse,cemetery,,,,,,OSM,,,31.5722866,74.4021169,Lahore,Punjab,Pakistan,,,,,
8c427040-6a91-53c1-a33a-78fa6c31c3b7,621942829,way,leisure,park,,,,,,OSM,,,31.5770129,74.4051575,Lahore,Punjab,Pakistan,,,,,
15e5f14a-e7de-548e-ab0e-39bc783a4d5d,233411938,way,leisure,park,,,,,,OSM,,,31.5536648,74.4285294,Lahore,Punjab,Pakistan,,,,,
9ada1925-20f3-541f-909a-66b07254d570,236823667,way,leisure,park,,,,,,OSM,,,31.5622916,74.4301655,Lahore,Punjab,Pakistan,,,,,
c948102f-e55e-5eef-ba35-435e9e13750f,236824487,way,leisure,park,,,,,,OSM,,,31.5620303,74.4339973,Lahore,Punjab,Pakistan,,,,,
da1a5cdf-0633-579c-ad85-02a021392c7b,701759773,way,leisure,park,Iftkhar Park,,,,,OSM,,,31.5752284,74.4251632,Lahore,Punjab,Pakistan,,,,,
9c8d192e-321d-59bb-b906-dc562eaa12ec,1243455695,way,amenity,police,Police Station Harbancepura,,,,,OSM,,,31.5754077,74.4425856,Lahore,Punjab,Pakistan,,,,,
ad99bf24-bf3c-570c-8a68-fa36e92706ea,607875042,way,place,neighbourhood,Salamatpura,,,,,OSM,,,31.5837463,74.4163422,Lahore,Punjab,Pakistan,,,,,
f83edfd2-fa30-5162-bd48-fd86a7c9a097,607878795,way,place,neighbourhood,Muminpura,,,,,OSM,,,31.5949748,74.4194883,Lahore,Punjab,Pakistan,,,,,
d9647af5-28af-515d-9478-3bf97a5a6dfc,761680592,way,landuse,cemetery,,,,,,OSM,,,31.594171,74.4112587,Lahore,Punjab,Pakistan,,,,,
bf6be116-6224-5707-8ec4-4ce027112d46,761680574,way,landuse,cemetery,,,,,,OSM,,,31.5854295,74.4253736,Lahore,Punjab,Pakistan,,,,,
612a5e1f-fb92-5d96-bfc8-0da896eecbf6,1234281283,way,leisure,park,Sahafi Colony Park,,,,,OSM,,,31.5805519,74.4482434,Lahore,Punjab,Pakistan,,,,,
16828ca3-ed7d-51ce-a715-7a13c2e40f0e,701005264,way,leisure,park,B Block Park,,,,,OSM,,,31.5946364,74.4487101,Lahore,Punjab,Pakistan,,,,,
e668cb6b-01ac-514e-9f8c-31931be7793f,1234281284,way,leisure,park,,,,,,OSM,,,31.5781835,74.4502943,Lahore,Punjab,Pakistan,,,,,
cb7f46f8-6596-53f2-afee-473c3ca78384,13049583,relation,natural,water,دریائے راوی,دریائے راوی,,,,OSM,دریائے راوی,,31.7130673,74.4695196,Lahore,Punjab,Pakistan,,,,,Q317899
de7db879-bbe7-51f1-b94f-e9ee825e9de3,5255465170,node,healthcare,hospital,Avicenna Hospital,,,,,OSM,,,31.4337652,74.467683,Lahore,Punjab,Pakistan,,,,,
8c905f4c-dff6-55e8-89cd-be8d937bae68,6645906685,node,amenity,police,Elite Force Training Center,,,,,OSM,,,31.4420714,74.4576613,Lahore,Punjab,Pakistan,,,,,
7a57bcf7-9607-57c9-b768-a4492ae0daad,726613666,way,leisure,park,,,,,,OSM,,,31.4200692,74.4572536,Lahore,Punjab,Pakistan,,,,,
c62cb780-42e8-5a15-a28a-576dcd9be220,7297733033,node,place,neighbourhood,DHA Phase 6,,,,,OSM,,,31.4716319,74.451084,Lahore,Punjab,Pakistan,,,,,
8ee3367d-17cf-5766-ba52-c202f34453cb,232325592,way,natural,water,,,,,,OSM,,,31.4642359,74.4720437,Lahore,Punjab,Pakistan,,,,,
10ee75b6-3d2b-52d0-8985-27655137578f,232325593,way,natural,water,,,,,,OSM,,,31.4647162,74.4681856,Lahore,Punjab,Pakistan,,,,,
4e05d49e-f25d-5d21-9416-1f3308b4357b,232325597,way,natural,water,,,,,,OSM,,,31.4690281,74.4689072,Lahore,Punjab,Pakistan,,,,,
dc4a0cc7-5cac-50e6-8148-f94d50e5e3e2,232325598,way,natural,water,,,,,,OSM,,,31.4726084,74.4703991,Lahore,Punjab,Pakistan,,,,,
92f0e3ec-84c0-5489-9c40-786cd70a9e6f,232325601,way,natural,water,,,,,,OSM,,,31.4707661,74.4744444,Lahore,Punjab,Pakistan,,,,,
23a498ac-8fc1-5069-b2bd-e5a903508cf0,232325602,way,natural,water,,,,,,OSM,,,31.4687385,74.4746799,Lahore,Punjab,Pakistan,,,,,
4b2ec7f9-061f-5643-bbd5-a2a1f2587798,1085728427,way,leisure,park,Sector H-Park,,,,,OSM,,,31.474975,74.4534132,Lahore,Punjab,Pakistan,,,,,
69d53577-5e95-51a1-a76d-7b671220534d,686793333,way,leisure,park,,,,,,OSM,,,31.4868884,74.4510097,Lahore,Punjab,Pakistan,,,,,
470f740f-56b4-5cb9-af1b-663ed686ed7a,319303059,way,leisure,park,Park Sector J,,,,,OSM,,,31.4821449,74.4592113,Lahore,Punjab,Pakistan,,,,,
294238ce-e462-5092-bb3a-e6811df5dd8d,232325599,way,natural,water,,,,,,OSM,,,31.4753944,74.4733243,Lahore,Punjab,Pakistan,,,,,
a0ff5b4d-86f5-599f-a7bc-77ca9798b524,686793389,way,leisure,park,,,,,,OSM,,,31.487153,74.4539195,Lahore,Punjab,Pakistan,,,,,
c9fb3ff0-3633-565d-9867-54557edf683b,232325600,way,natural,water,,,,,,OSM,,,31.4753891,74.4760217,Lahore,Punjab,Pakistan,,,,,
3341166b-4025-5e57-b822-94ec1cca218e,4373128291,node,amenity,police,barqi police,,,,,OSM,,,31.5149447,74.4619521,Lahore,Punjab,Pakistan,,,,,
e7669641-13f3-52bf-86cb-af7630350661,4724582491,node,place,neighbourhood,Imperial Garden,,,,,OSM,,,31.5247262,74.4570388,Lahore,Punjab,Pakistan,,,,,
fd9680db-6b46-5d87-843d-041bef089210,688300664,way,leisure,park,S park,,,,,OSM,,,31.502691,74.4671153,Lahore,Punjab,Pakistan,,,,,
627aea09-a52c-59b8-806e-0b1519825777,691578248,way,amenity,bank,فیصل بینک,فیصل بینک,,,,OSM,,,31.5180964,74.457413,Lahore,Punjab,Pakistan,,,فیصل بینک,,
85fd5bc7-3394-5698-8290-9801f4cf9da5,691581661,way,leisure,park,Commercial Ground,,,,,OSM,,,31.5197646,74.462268,Lahore,Punjab,Pakistan,,,,,
0a8dee32-fd48-5529-96a6-5ff25e14fbd9,691646888,way,leisure,park,Paragon Imperial Park,,,,,OSM,,,31.5259776,74.4527926,Lahore,Punjab,Pakistan,,,,,
309ebb87-8e26-5139-814e-1c3a7a5b355c,794387161,way,leisure,park,,,,,,OSM,,,31.5219934,74.4556865,Lahore,Punjab,Pakistan,,,,,
8fc656c9-3fde-50a9-a64a-8257348abb16,790322785,way,amenity,bank,الائیڈ بینک لمیٹڈ,الائیڈ بینک لمیٹڈ,,,,OSM,,,31.5250984,74.4537322,Lahore,Punjab,Pakistan,,,الائیڈ بینک لمیٹڈ,,
32e71795-2a05-5869-9e41-828a2bbcce7c,791788391,way,leisure,park,,,,,,OSM,,,31.5242479,74.4511385,Lahore,Punjab,Pakistan,,,,,
76e4229a-8aa8-594d-aabf-63fe5b2228aa,792045335,way,amenity,bank,Habib Bank Ltd,,,,,OSM,,,31.5252844,74.453463,Lahore,Punjab,Pakistan,,,,,
4c15e92c-1f5f-5624-8ec2-725948986c71,792581009,way,leisure,park,,,,,,OSM,,,31.5239275,74.4538129,Lahore,Punjab,Pakistan,,,,,
e5c15964-1799-5c65-aba7-4f0484d41978,691642329,way,leisure,park,Imperial Garden Park,,,,,OSM,,,31.52523,74.4560649,Lahore,Punjab,Pakistan,,,,,
a0a933cb-01d3-55ad-97ac-b4e6bae71ccc,793834596,way,leisure,park,,,,,,OSM,,,31.5231451,74.456197,Lahore,Punjab,Pakistan,,,,,
715bd469-a18d-5be0-b6ab-75647c7848d6,794266413,way,leisure,park,,,,,,OSM,,,31.5231597,74.4588193,Lahore,Punjab,Pakistan,,,,,
3895ca93-184b-5c5c-9da8-d2db7f8bfa0e,691581662,way,leisure,park,Main Park Green City,,,,,OSM,,,31.5192645,74.4628611,Lahore,Punjab,Pakistan,,,,,
eba78317-0703-5cb9-b8c5-a4c08507b532,691591175,way,leisure,park,D-Block Park,,,,,OSM,,,31.5240264,74.4644684,Lahore,Punjab,Pakistan,,,,,
5e16052a-8895-5ec8-a241-17982673959e,691591176,way,leisure,park,C-Block Park,,,,,OSM,,,31.5212707,74.4646549,Lahore,Punjab,Pakistan,,,,,
f9aee549-ec64-52e3-be12-7de59e202ce3,791068880,way,amenity,bank,عسکری بینک,عسکری بینک,,,,OSM,,,31.5305728,74.4530491,Lahore,Punjab,Pakistan,,,عسکری بینک,,
fc824f11-8a29-5f66-a799-5479ae0d8c42,791258473,way,leisure,park,Park CIty Paragon,,,,,OSM,,,31.531098,74.4583195,Lahore,Punjab,Pakistan,,,,,
b381c866-c7e9-550d-ad48-53409eba965a,793763115,way,leisure,park,,,,,,OSM,,,31.5307248,74.4551465,Lahore,Punjab,Pakistan,,,,,
db6991f5-97fe-565e-8a30-edd5cdced43e,791063081,way,leisure,park,,,,,,OSM,,,31.5271078,74.464094,Lahore,Punjab,Pakistan,,,,,
f5850e86-ec63-5b05-893c-de127d1f61fa,793234465,way,leisure,park,,,,,,OSM,,,31.5268261,74.4626445,Lahore,Punjab,Pakistan,,,,,
fe1803db-438e-5449-9c83-6a89fbc23f00,2406886912,node,railway,station,جلّو,,,,,OSM,Jallo railway station,,31.5777113,74.4948677,Lahore,Punjab,Pakistan,,,,Pakistan Railways,Q18516978
dfe8ebce-dfba-5cb6-8ced-affe54658e33,8851294416,node,place,neighbourhood,رضوان گارڈنز,,,,,OSM,,,31.5840574,74.4735679,Lahore,Punjab,Pakistan,,,,,
3f51691e-2f6a-570c-8829-e7e923f035c7,4102357089,node,amenity,bank,ایم سی بی بینک,ایم سی بی بینک,,,,OSM,,,31.5953205,74.4870601,Lahore,Punjab,Pakistan,,,ایم سی بی بینک,,
38b3943e-cc5c-51ad-ad29-8c72ac249411,4102342398,node,amenity,bank,"Alfalah Bank, Batapur",,,,,OSM,,,31.5961659,74.4911585,Lahore,Punjab,Pakistan,,,,,
8a98915e-77fb-52e3-b61b-969cabd328d3,4102345195,node,amenity,bank,"Habib Bank Limited, Batapur",,,,,OSM,,,31.5959226,74.4930625,Lahore,Punjab,Pakistan,,,,,
f4d2b0c1-2487-5746-9768-eda438887b1a,4102348594,node,amenity,bank,"United Bank Limited, Batapur",,,,,OSM,,,31.5963447,74.4928207,Lahore,Punjab,Pakistan,,,,,
3ea1cbdf-5f94-5cf2-abbc-be38bc59909b,4102348595,node,amenity,bank,"Silk Bank, Batapur",,,,,OSM,,,31.5962355,74.4918261,Lahore,Punjab,Pakistan,,,,,
e254cde9-c01b-584f-993a-6d3ca41b7788,315087279,way,leisure,park,جلو پارک,,,,,OSM,Jallo Park,,31.5712959,74.4740689,Lahore,Punjab,Pakistan,,,,,Q6126895
eabd9bd5-43fb-5df6-83ab-fac8c772be14,862809327,way,leisure,park,,,,,,OSM,,,31.5717939,74.4905536,Lahore,Punjab,Pakistan,,,,,
0b44bb6a-c468-51b1-8e4a-2d01addf7e3f,1012013393,way,natural,water,Water body,,,,,OSM,,,31.5725237,74.4817032,Lahore,Punjab,Pakistan,,,,,
cb521481-5460-5fcb-904a-dff3f4bbbdd5,1012013392,way,natural,water,,,,,,OSM,,,31.5724434,74.4814168,Lahore,Punjab,Pakistan,,,,,
098adead-e87f-561c-bdc0-d78613df8f5a,1012013394,way,natural,water,Water reservoir,,,,,OSM,,,31.5729744,74.4821616,Lahore,Punjab,Pakistan,,,,,
355d913d-f9bc-5d0f-960e-2bfc087a34b4,1234281293,way,leisure,park,,,,,,OSM,,,31.5852112,74.4525004,Lahore,Punjab,Pakistan,,,,,
13442514-0ea3-5e23-9d0a-6ebcaccf059c,1234281295,way,healthcare,hospital,THQ Manawan,,,,,OSM,,,31.5917055,74.4588461,Lahore,Punjab,Pakistan,,,,,
e86586b8-8425-55d8-87b1-fddd45a1354b,661699939,way,leisure,park,Yadgar e Shuhuda,,,,,OSM,,,31.5922602,74.4600927,Lahore,Punjab,Pakistan,,,,,
7034886b-3902-5174-bb8b-d712b546e8ba,701001542,way,amenity,police,Manawan Police Station,,,,,OSM,,,31.5934744,74.4610781,Lahore,Punjab,Pakistan,,,,,
73ec653e-e6c5-5544-aee7-06d65408b99d,701004684,way,amenity,bank,بينک الحبيب,بينک الحبيب,,,,OSM,,,31.5944821,74.4736795,Lahore,Punjab,Pakistan,,,بينک الحبيب,,
e76ed551-0ec1-546f-8c2f-1126be59eace,701004685,way,amenity,bank,Allied Bank Limited ATM,,,,,OSM,,,31.5943487,74.4729235,Lahore,Punjab,Pakistan,,,,,
b6e1b5c6-aa67-5308-a939-080dd8c0d8c7,701005146,way,leisure,park,Al Ahmed Garden Park,,,,,OSM,,,31.5979005,74.4735211,Lahore,Punjab,Pakistan,,,,,
14704218-438b-5ae8-8d2b-c4e5817d1bb4,701006558,way,healthcare,pharmacy,Lasani Pharma (PVT) Limited,,,,,OSM,,,31.599509,74.4692524,Lahore,Punjab,Pakistan,,,,,
69b92667-174f-51e8-a108-f25807e08c89,194200634,way,natural,water,,,,,,OSM,,,31.5805972,74.4871218,Lahore,Punjab,Pakistan,,,,,
565af606-e62f-501a-8966-259cd57e0f1f,862819034,way,natural,water,,,,,,OSM,,,31.581618,74.4870769,Lahore,Punjab,Pakistan,,,,,
96a3c0bf-80ee-58b2-9e32-9253f0fc15ba,701496367,way,leisure,park,,,,,,OSM,,,31.5914146,74.4825777,Lahore,Punjab,Pakistan,,,,,
9d6cfea5-f114-5bcf-b5bb-ebfc8201e06a,701489777,way,amenity,police,"Police Station, Batapur",,,,,OSM,,,31.5960161,74.4955332,Lahore,Punjab,Pakistan,,,,,
3ff97b1f-15ec-5be9-8847-aa6f17c1bb95,11784147,relation,natural,water,Boating Lake,,,,,OSM,,,31.572028,74.4685052,Lahore,Punjab,Pakistan,,,,,
bcb8898e-b8ef-522f-9682-d1576e9c11d6,11784241,relation,natural,water,,,,,,OSM,,,31.5816505,74.4870943,Lahore,Punjab,Pakistan,,,,,
