id,class_label,items_json
0,amenity:bank,"[""al"", ""amenity"", ""amenity_bank"", ""bank"", ""bank_islamabad"", ""islamabad"", ""islamabad_jinnah"", ""jinnah"", ""jinnah_اسلام"", ""tag:amenity=bank"", ""آباد"", ""اسلام"", ""اسلام_آباد""]"
1,amenity:bank,"[""amenity"", ""amenity_bank"", ""bank"", ""bank_islamabad"", ""bank_pakistan"", ""islamabad"", ""islamabad_jinnah"", ""jinnah"", ""jinnah_اسلام"", ""pakistan"", ""pakistan_amenity"", ""tag:amenity=bank"", ""آباد"", ""اسلام"", ""اسلام_آباد""]"
2,amenity:bank,"[""amenity"", ""amenity_bank"", ""bank"", ""bank_islamabad"", ""g-81"", ""islamabad"", ""islamabad_amenity"", ""islamabad_اسلام"", ""tag:amenity=bank"", ""آباد"", ""اسلام"", ""اسلام_آباد""]"
3,amenity:bank,"[""amenity"", ""amenity_bank"", ""bank"", ""bank_amenity"", ""bank_islamabad"", ""islamabad"", ""tag:amenity=bank"", ""tag:building=yes""]"
4,amenity:bank,"[""al-habib"", ""amenity"", ""amenity_bank"", ""bank"", ""bank_islamabad"", ""islamabad"", ""islamabad_kurram"", ""kurram"", ""kurram_اسلام"", ""tag:amenity=bank"", ""آباد"", ""اسلام"", ""اسلام_آباد""]"
5,amenity:bank,"[""amenity"", ""amenity_bank"", ""bank"", ""bank_amenity"", ""bank_islamabad"", ""city"", ""islamabad"", ""tag:amenity=bank""]"
6,amenity:bank,"[""amenity"", ""amenity_bank"", ""bank"", ""bank_amenity"", ""bank_islamabad"", ""islamabad"", ""islamabad_tipu"", ""sultan"", ""sultan_اسلام"", ""tag:amenity=bank"", ""tipu"", ""tipu_sultan"", ""آباد"", ""اسلام"", ""اسلام_آباد""]"
7,amenity:bank,"[""amenity"", ""amenity_bank"", ""bank"", ""bank_islamabad"", ""islamabad"", ""tag:amenity=bank""]"
8,amenity:bank,"[""amenity"", ""amenity_bank"", ""bank"", ""bank_islamabad"", ""i-8"", ""i-8_markaz"", ""islamabad"", ""islamabad_i-8"", ""markaz"", ""markaz_islamabad"", ""tag:amenity=bank""]"
9,amenity:bank,"[""amenity"", ""amenity_bank"", ""bank"", ""bank_amenity"", ""bank_islamabad"", ""commercial"", ""commercial_bank"", ""islamabad"", ""muslim"", ""muslim_commercial"", ""tag:amenity=bank""]"
10,amenity:bank,"[""amenity"", ""amenity_bank"", ""bank"", ""bank_amenity"", ""bank_islamabad"", ""commercial"", ""commercial_bank"", ""islamabad"", ""islamabad_jinnah"", ""jinnah"", ""jinnah_اسلام"", ""muslim"", ""muslim_commercial"", ""tag:amenity=bank"", ""آباد"", ""اسلام"", ""اسلام_آباد""]"
11,amenity:bank,"[""amenity"", ""amenity_bank"", ""bank"", ""bank_islamabad"", ""islamabad"", ""islamabad_kurram"", ""kurram"", ""kurram_اسلام"", ""national"", ""tag:amenity=bank"", ""آباد"", ""اسلام"", ""اسلام_آباد""]"
12,amenity:bank,"[""amenity"", ""amenity_bank"", ""bank"", ""bank_amenity"", ""bank_islamabad"", ""islamabad"", ""islamabad_kurram"", ""kurram"", ""kurram_اسلام"", ""punjab"", ""tag:amenity=bank"", ""آباد"", ""اسلام"", ""اسلام_آباد""]"
13,amenity:bank,"[""amenity"", ""amenity_bank"", ""bank"", ""bank_amenity"", ""bank_islamabad"", ""commercial"", ""commercial_bank"", ""hilal"", ""hilal_اسلام"", ""islamabad"", ""islamabad_hilal"", ""pak"", ""tag:amenity=bank"", ""آباد"", ""اسلام"", ""اسلام_آباد""]"
14,amenity:bank,"[""amenity"", ""amenity_bank"", ""bank"", ""bank_amenity"", ""bank_islamabad"", ""islamabad"", ""tag:amenity=bank""]"
15,amenity:bank,"[""amenity"", ""amenity_bank"", ""bank"", ""bank_islamabad"", ""bank_pakistan"", ""f5"", ""f5_اسلام"", ""g5"", ""g5_service"", ""islamabad"", ""islamabad_service"", ""pakistan"", ""pakistan_amenity"", ""service"", ""service_west"", ""tag:amenity=bank"", ""tag:building=yes"", ""west"", ""west_f5"", ""west_g5"", ""آباد"", ""اسلام"", ""اسلام_آباد""]"
16,amenity:bank,"[""amenity"", ""amenity_bank"", ""bank"", ""bank_islamabad"", ""islamabad"", ""khyber"", ""tag:amenity=bank""]"
17,amenity:bank,"[""amenity"", ""amenity_bank"", ""bank"", ""bank_islamabad"", ""bank_pakistan"", ""f5"", ""f5_اسلام"", ""g5"", ""g5_service"", ""islamabad"", ""islamabad_service"", ""pakistan"", ""pakistan_amenity"", ""service"", ""service_west"", ""tag:amenity=bank"", ""tag:building=yes"", ""west"", ""west_f5"", ""west_g5"", ""آباد"", ""اسلام"", ""اسلام_آباد""]"
18,amenity:bank,"[""amenity"", ""amenity_bank"", ""bank"", ""bank_islamabad"", ""islamabad"", ""tag:amenity=bank"", ""tag:building=yes""]"
19,amenity:bank,"[""amenity"", ""amenity_bank"", ""bank"", ""bank_islamabad"", ""islamabad"", ""islamabad_اسلام"", ""ltd"", ""tag:amenity=bank"", ""آباد"", ""اسلام"", ""اسلام_آباد""]"
20,amenity:bank,"[""amenity"", ""amenity_bank"", ""bank"", ""bank_islamabad"", ""hilal"", ""hilal_اسلام"", ""islamabad"", ""islamabad_hilal"", ""tag:amenity=bank"", ""آباد"", ""اسلام"", ""اسلام_آباد"", ""اسٹینڈرڈ"", ""اسٹینڈرڈ_چارٹرڈ"", ""چارٹرڈ"", ""چارٹرڈ_amenity""]"
21,amenity:bank,"[""amenity"", ""amenity_bank"", ""bank"", ""bank_islamabad"", ""islamabad"", ""tag:amenity=bank"", ""اسٹینڈرڈ"", ""اسٹینڈرڈ_چارٹرڈ"", ""چارٹرڈ"", ""چارٹرڈ_amenity""]"
22,amenity:bank,"[""amenity"", ""amenity_bank"", ""bank"", ""bank_islamabad"", ""islamabad"", ""markaz"", ""markaz_اسلام"", ""tag:amenity=bank"", ""آباد"", ""اسلام"", ""اسلام_آباد"", ""اسٹینڈرڈ"", ""اسٹینڈرڈ_چارٹرڈ"", ""چارٹرڈ"", ""چارٹرڈ_amenity""]"
23,amenity:bank,"[""amenity"", ""amenity_bank"", ""bank"", ""bank_islamabad"", ""islamabad"", ""islamabad_jinnah"", ""jinnah"", ""jinnah_اسلام"", ""tag:amenity=bank"", ""آباد"", ""اسلام"", ""اسلام_آباد"", ""اسٹینڈرڈ"", ""اسٹینڈرڈ_چارٹرڈ"", ""چارٹرڈ"", ""چارٹرڈ_amenity""]"
24,amenity:bank,"[""amenity"", ""amenity_bank"", ""bank"", ""bank_islamabad"", ""bhitai"", ""bhitai_اسلام"", ""islamabad"", ""islamabad_bhitai"", ""tag:amenity=bank"", ""آباد"", ""اسلام"", ""اسلام_آباد"", ""اسٹینڈرڈ"", ""اسٹینڈرڈ_چارٹرڈ"", ""چارٹرڈ"", ""چارٹرڈ_amenity""]"
25,amenity:bank,"[""amenity"", ""amenity_bank"", ""bank"", ""bank_islamabad"", ""islamabad"", ""islamabad_no"", ""no"", ""no_اسلام"", ""tag:amenity=bank"", ""آباد"", ""اسلام"", ""اسلام_آباد"", ""اسٹینڈرڈ"", ""اسٹینڈرڈ_چارٹرڈ"", ""چارٹرڈ"", ""چارٹرڈ_amenity""]"
26,amenity:bank,"[""amenity"", ""amenity_bank"", ""bank"", ""bank_islamabad"", ""f7"", ""f7_markaz"", ""islamabad"", ""islamabad_f7"", ""markaz"", ""markaz_اسلام"", ""tag:amenity=bank"", ""آباد"", ""اسلام"", ""اسلام_آباد"", ""الائیڈ"", ""الائیڈ_بینک"", ""بینک"", ""بینک_amenity""]"
27,amenity:bank,"[""amenity"", ""amenity_bank"", ""bank"", ""bank_islamabad"", ""islamabad"", ""islamabad_اسلام"", ""tag:amenity=bank"", ""آباد"", ""اسلام"", ""اسلام_آباد"", ""الائیڈ"", ""الائیڈ_بینک"", ""بینک"", ""بینک_لمیٹڈ"", ""لمیٹڈ"", ""لمیٹڈ_amenity""]"
28,amenity:bank,"[""amenity"", ""amenity_bank"", ""bank"", ""bank_islamabad"", ""islamabad"", ""islamabad_jinnah"", ""jinnah"", ""jinnah_اسلام"", ""tag:amenity=bank"", ""آباد"", ""اسلام"", ""اسلام_آباد"", ""الائیڈ"", ""الائیڈ_بینک"", ""بینک"", ""بینک_لمیٹڈ"", ""لمیٹڈ"", ""لمیٹڈ_amenity""]"
29,amenity:bank,"[""amenity"", ""amenity_bank"", ""bank"", ""bank_islamabad"", ""islamabad"", ""tag:amenity=bank"", ""الائیڈ"", ""الائیڈ_بینک"", ""بینک"", ""بینک_لمیٹڈ"", ""لمیٹڈ"", ""لمیٹڈ_amenity""]"
30,amenity:bank,"[""amenity"", ""amenity_bank"", ""bank"", ""bank_islamabad"", ""islamabad"", ""islamabad_school"", ""school"", ""school_اسلام"", ""tag:amenity=bank"", ""آباد"", ""اسلام"", ""اسلام_آباد"", ""ایم"", ""بی"", ""بینک"", ""بینک_amenity"", ""سی""]"
31,amenity:bank,"[""amenity"", ""amenity_bank"", ""bank"", ""bank_islamabad"", ""islamabad"", ""islamabad_shaheed-e-millat"", ""shaheed-e-millat"", ""shaheed-e-millat_اسلام"", ""tag:amenity=bank"", ""آباد"", ""اسلام"", ""اسلام_آباد"", ""ایل"", ""ایل_پاکستان"", ""ایچ"", ""ایچ_بی"", ""بی"", ""بی_ایل"", ""پاکستان"", ""پاکستان_amenity""]"
32,amenity:bank,"[""amenity"", ""amenity_bank"", ""bank"", ""bank_islamabad"", ""islamabad"", ""tag:amenity=bank"", ""ایل"", ""ایل_پاکستان"", ""ایچ"", ""ایچ_بی"", ""بی"", ""بی_ایل"", ""پاکستان"", ""پاکستان_amenity""]"
33,amenity:bank,"[""amenity"", ""amenity_bank"", ""bank"", ""bank_islamabad"", ""islamabad"", ""islamabad_اسلام"", ""tag:amenity=bank"", ""آباد"", ""اسلام"", ""اسلام_آباد"", ""بینک"", ""بینک_amenity"", ""عسکری"", ""عسکری_بینک""]"
34,amenity:bank,"[""amenity"", ""amenity_bank"", ""bank"", ""bank_islamabad"", ""islamabad"", ""tag:amenity=bank"", ""بینک"", ""بینک_amenity"", ""عسکری"", ""عسکری_بینک""]"
35,amenity:bank,"[""amenity"", ""amenity_bank"", ""bank"", ""bank_islamabad"", ""islamabad"", ""tag:amenity=bank"", ""بینک"", ""بینک_amenity"", ""عسکری"", ""عسکری_بینک""]"
36,amenity:bank,"[""amenity"", ""amenity_bank"", ""bank"", ""bank_islamabad"", ""islamabad"", ""islamabad_اسلام"", ""tag:amenity=bank"", ""آباد"", ""اسلام"", ""اسلام_آباد"", ""بینک"", ""بینک_amenity"", ""عسکری"", ""عسکری_بینک""]"
37,amenity:bank,"[""amenity"", ""amenity_bank"", ""bank"", ""bank_islamabad"", ""islamabad"", ""islamabad_اسلام"", ""tag:amenity=bank"", ""آباد"", ""اسلام"", ""اسلام_آباد"", ""بینک"", ""بینک_amenity"", ""عسکری"", ""عسکری_بینک""]"
38,amenity:bank,"[""amenity"", ""amenity_bank"", ""bank"", ""bank_islamabad"", ""islamabad"", ""islamabad_jinnah"", ""jinnah"", ""jinnah_اسلام"", ""tag:amenity=bank"", ""آباد"", ""اسلام"", ""اسلام_آباد"", ""بینک"", ""بینک_amenity""]"
39,amenity:bank,"[""amenity"", ""amenity_bank"", ""bank"", ""bank_islamabad"", ""islamabad"", ""islamabad_kurram"", ""kurram"", ""kurram_اسلام"", ""tag:amenity=bank"", ""آباد"", ""اسلام"", ""اسلام_آباد"", ""بینک"", ""بینک_amenity"", ""میزان"", ""میزان_بینک""]"
40,amenity:bank,"[""amenity"", ""amenity_bank"", ""bank"", ""bank_islamabad"", ""islamabad"", ""islamabad_school"", ""school"", ""school_اسلام"", ""tag:amenity=bank"", ""آباد"", ""اسلام"", ""اسلام_آباد"", ""بینک"", ""بینک_amenity"", ""میزان"", ""میزان_بینک""]"
41,amenity:bank,"[""amenity"", ""amenity_bank"", ""bank"", ""bank_islamabad"", ""islamabad"", ""islamabad_jinnah"", ""jinnah"", ""jinnah_اسلام"", ""tag:amenity=bank"", ""آباد"", ""آف"", ""آف_پاکستان"", ""اسلام"", ""اسلام_آباد"", ""بینک"", ""بینک_آف"", ""نیشنل"", ""نیشنل_بینک"", ""پاکستان"", ""پاکستان_amenity""]"
42,amenity:bank,"[""amenity"", ""amenity_bank"", ""bank"", ""bank_islamabad"", ""islamabad"", ""islamabad_اسلام"", ""tag:amenity=bank"", ""tag:building=yes"", ""آباد"", ""آف"", ""آف_پاکستان"", ""اسلام"", ""اسلام_آباد"", ""بینک"", ""بینک_آف"", ""نیشنل"", ""نیشنل_بینک"", ""پاکستان"", ""پاکستان_amenity""]"
43,amenity:bank,"[""amenity"", ""amenity_bank"", ""bank"", ""bank_islamabad"", ""college"", ""college_اسلام"", ""islamabad"", ""islamabad_college"", ""tag:amenity=bank"", ""آباد"", ""اسلام"", ""اسلام_آباد"", ""بینک"", ""بینک_لمیٹڈ"", ""لمیٹڈ"", ""لمیٹڈ_amenity"", ""یونائیٹڈ"", ""یونائیٹڈ_بینک""]"
44,amenity:bank,"[""amenity"", ""amenity_bank"", ""bank"", ""bank_islamabad"", ""islamabad"", ""islamabad_school"", ""school"", ""school_اسلام"", ""tag:amenity=bank"", ""آباد"", ""اسلام"", ""اسلام_آباد"", ""بینک"", ""بینک_لمیٹڈ"", ""لمیٹڈ"", ""لمیٹڈ_amenity"", ""یونائیٹڈ"", ""یونائیٹڈ_بینک""]"
45,amenity:bank,"[""amenity"", ""amenity_bank"", ""bank"", ""bank_islamabad"", ""islamabad"", ""tag:amenity=bank""]"
46,amenity:cafe,"[""amenity"", ""amenity_cafe"", ""cafe"", ""cafe_islamabad"", ""islamabad"", ""stall"", ""tag:amenity=cafe""]"
47,amenity:cafe,"[""amenity"", ""amenity_cafe"", ""bilal"", ""cafe"", ""cafe_amenity"", ""cafe_islamabad"", ""islamabad"", ""islamabad_ravi"", ""ravi"", ""tag:amenity=cafe"", ""آباد"", ""اسلام"", ""اسلام_آباد""]"
48,amenity:cafe,"[""amenity"", ""amenity_cafe"", ""cafe"", ""cafe_islamabad"", ""f-6"", ""f-6_service"", ""f-6_اسلام"", ""islamabad"", ""islamabad_service"", ""service"", ""service_south"", ""service_west"", ""south"", ""south_f-6"", ""tag:amenity=cafe"", ""west"", ""west_f-6"", ""آباد"", ""اسلام"", ""اسلام_آباد""]"
49,amenity:cafe,"[""amenity"", ""amenity_cafe"", ""cafe"", ""cafe_islamabad"", ""islamabad"", ""islamabad_school"", ""school"", ""school_اسلام"", ""tag:amenity=cafe"", ""آباد"", ""اسلام"", ""اسلام_آباد""]"
50,amenity:cafe,"[""amenity"", ""amenity_cafe"", ""cafe"", ""cafe_islamabad"", ""islamabad"", ""islamabad_اسلام"", ""tag:amenity=cafe"", ""آباد"", ""اسلام"", ""اسلام_آباد""]"
51,amenity:cafe,"[""amenity"", ""amenity_cafe"", ""cafe"", ""cafe_islamabad"", ""islamabad"", ""islamabad_johar"", ""johar"", ""johar_اسلام"", ""tag:amenity=cafe"", ""آباد"", ""اسلام"", ""اسلام_آباد""]"
52,amenity:cafe,"[""amenity"", ""amenity_cafe"", ""cafe"", ""cafe_islamabad"", ""constitution"", ""constitution_اسلام"", ""islamabad"", ""islamabad_constitution"", ""tag:amenity=cafe"", ""آباد"", ""اسلام"", ""اسلام_آباد""]"
53,amenity:cafe,"[""amenity"", ""amenity_cafe"", ""cafe"", ""cafe_islamabad"", ""café"", ""college"", ""college_اسلام"", ""islamabad"", ""islamabad_college"", ""tag:amenity=cafe"", ""آباد"", ""اسلام"", ""اسلام_آباد""]"
54,amenity:cafe,"[""amenity"", ""amenity_cafe"", ""cafe"", ""cafe_islamabad"", ""f-6"", ""f-6_service"", ""f-6_اسلام"", ""islamabad"", ""islamabad_service"", ""service"", ""service_south"", ""service_west"", ""south"", ""south_f-6"", ""tag:amenity=cafe"", ""west"", ""west_f-6"", ""آباد"", ""اسلام"", ""اسلام_آباد""]"
55,amenity:cafe,"[""amenity"", ""amenity_cafe"", ""cafe"", ""cafe_amenity"", ""cafe_islamabad"", ""capital"", ""islamabad"", ""islamabad_اسلام"", ""tag:amenity=cafe"", ""آباد"", ""اسلام"", ""اسلام_آباد""]"
56,amenity:cafe,"[""amenity"", ""amenity_cafe"", ""cafe"", ""cafe_islamabad"", ""iqbal"", ""islamabad"", ""tag:amenity=cafe"", ""آباد"", ""اسلام"", ""اسلام_آباد""]"
57,amenity:cafe,"[""amenity"", ""amenity_cafe"", ""cafe"", ""cafe_islamabad"", ""café"", ""café_amenity"", ""club"", ""islamabad"", ""market"", ""tag:amenity=cafe""]"
58,amenity:cafe,"[""amenity"", ""amenity_cafe"", ""cafe"", ""cafe_amenity"", ""cafe_islamabad"", ""islamabad"", ""islamabad_اسلام"", ""tag:amenity=cafe"", ""آباد"", ""اسلام"", ""اسلام_آباد""]"
59,amenity:cafe,"[""amenity"", ""amenity_cafe"", ""cafe"", ""cafe_islamabad"", ""chaman"", ""islamabad"", ""stall"", ""stall_amenity"", ""tag:amenity=cafe"", ""آباد"", ""اسلام"", ""اسلام_آباد""]"
60,amenity:cafe,"[""amenity"", ""amenity_cafe"", ""cafe"", ""cafe_islamabad"", ""f-8"", ""f-8_markaz"", ""habibi"", ""islamabad"", ""markaz"", ""markaz_اسلام"", ""resturant"", ""resturant_amenity"", ""tag:amenity=cafe"", ""tag:building=yes"", ""آباد"", ""اسلام"", ""اسلام_آباد""]"
61,amenity:cafe,"[""amenity"", ""amenity_cafe"", ""cafe"", ""cafe_islamabad"", ""islamabad"", ""islamabad_اسلام"", ""tag:amenity=cafe"", ""آباد"", ""اسلام"", ""اسلام_آباد""]"
62,amenity:cafe,"[""amenity"", ""amenity_cafe"", ""cafe"", ""cafe_amenity"", ""cafe_islamabad"", ""islamabad"", ""tag:amenity=cafe"", ""tag:building=yes""]"
63,amenity:cafe,"[""10th"", ""10th_اسلام"", ""amenity"", ""amenity_cafe"", ""cafe"", ""cafe_amenity"", ""cafe_islamabad"", ""islamabad"", ""islamabad_10th"", ""tag:amenity=cafe"", ""آباد"", ""اسلام"", ""اسلام_آباد""]"
64,amenity:cafe,"[""amenity"", ""amenity_cafe"", ""cafe"", ""cafe_islamabad"", ""islamabad"", ""islamabad_johar"", ""johar"", ""johar_اسلام"", ""tag:amenity=cafe"", ""آباد"", ""اسلام"", ""اسلام_آباد""]"
65,amenity:cafe,"[""amenity"", ""amenity_cafe"", ""cafe"", ""cafe_amenity"", ""cafe_islamabad"", ""islamabad"", ""islamabad_اسلام"", ""tag:amenity=cafe"", ""tag:building=yes"", ""آباد"", ""اسلام"", ""اسلام_آباد""]"
66,amenity:cafe,"[""afandi"", ""afandi_اسلام"", ""ali"", ""ali_afandi"", ""amenity"", ""amenity_cafe"", ""cafe"", ""cafe_amenity"", ""cafe_islamabad"", ""gelato"", ""hassan"", ""hassan_ali"", ""islamabad"", ""islamabad_hassan"", ""tag:amenity=cafe"", ""آباد"", ""اسلام"", ""اسلام_آباد""]"
67,amenity:cafe,"[""amenity"", ""amenity_cafe"", ""cafe"", ""cafe_islamabad"", ""islamabad"", ""islamabad_jinnah"", ""jinnah"", ""jinnah_اسلام"", ""place"", ""tag:amenity=cafe"", ""آباد"", ""اسلام"", ""اسلام_آباد""]"
68,amenity:cafe,"[""amenity"", ""amenity_cafe"", ""cafe"", ""cafe_islamabad"", ""islamabad"", ""tag:amenity=cafe""]"
69,amenity:cafe,"[""amenity"", ""amenity_cafe"", ""cafe"", ""cafe_islamabad"", ""islamabad"", ""restaurant"", ""restaurant_amenity"", ""tag:amenity=cafe"", ""tag:building=yes""]"
70,amenity:cafe,"[""amenity"", ""amenity_cafe"", ""cafe"", ""cafe_amenity"", ""cafe_islamabad"", ""islamabad"", ""main"", ""numl"", ""tag:amenity=cafe""]"
71,amenity:cafe,"[""amenity"", ""amenity_cafe"", ""cafe"", ""cafe_amenity"", ""cafe_islamabad"", ""islamabad"", ""numl"", ""second"", ""tag:amenity=cafe""]"
72,amenity:cafe,"[""amenity"", ""amenity_cafe"", ""cafe"", ""cafe_amenity"", ""cafe_islamabad"", ""islamabad"", ""numl"", ""old"", ""tag:amenity=cafe""]"
73,amenity:cafe,"[""amenity"", ""amenity_cafe"", ""cafe"", ""cafe_amenity"", ""cafe_islamabad"", ""f-6"", ""f-6_service"", ""f-6_اسلام"", ""islamabad"", ""islamabad_service"", ""old"", ""school"", ""service"", ""service_south"", ""service_west"", ""south"", ""south_f-6"", ""tag:amenity=cafe"", ""west"", ""west_f-6"", ""آباد"", ""اسلام"", ""اسلام_آباد""]"
74,amenity:cafe,"[""amenity"", ""amenity_cafe"", ""cafe"", ""cafe_islamabad"", ""café"", ""café_amenity"", ""islamabad"", ""islamabad_اسلام"", ""tag:amenity=cafe"", ""آباد"", ""اسلام"", ""اسلام_آباد""]"
75,amenity:cafe,"[""amenity"", ""amenity_cafe"", ""cafe"", ""cafe_amenity"", ""cafe_islamabad"", ""islamabad"", ""islamabad_اسلام"", ""quetta"", ""tag:amenity=cafe"", ""آباد"", ""اسلام"", ""اسلام_آباد""]"
76,amenity:cafe,"[""11a"", ""11a_اسلام"", ""amenity"", ""amenity_cafe"", ""cafe"", ""cafe_islamabad"", ""islamabad"", ""islamabad_11a"", ""tag:amenity=cafe"", ""آباد"", ""اسلام"", ""اسلام_آباد""]"
77,amenity:cafe,"[""amenity"", ""amenity_cafe"", ""cafe"", ""cafe_amenity"", ""cafe_islamabad"", ""islamabad"", ""tag:amenity=cafe""]"
78,amenity:cafe,"[""amenity"", ""amenity_cafe"", ""cafe"", ""cafe_amenity"", ""cafe_islamabad"", ""islamabad"", ""islamabad_اسلام"", ""tag:amenity=cafe"", ""آباد"", ""اسلام"", ""اسلام_آباد""]"
79,amenity:cafe,"[""amenity"", ""amenity_cafe"", ""cafe"", ""cafe_islamabad"", ""club"", ""club_amenity"", ""islamabad"", ""tag:amenity=cafe""]"
80,amenity:cafe,"[""amenity"", ""amenity_cafe"", ""cafe"", ""cafe_islamabad"", ""islamabad"", ""islamabad_اسلام"", ""tag:amenity=cafe"", ""آباد"", ""اسلام"", ""اسلام_آباد""]"
81,amenity:cafe,"[""amenity"", ""amenity_cafe"", ""buksh"", ""cafe"", ""cafe_islamabad"", ""islamabad"", ""islamabad_اسلام"", ""tag:amenity=cafe"", ""آباد"", ""اسلام"", ""اسلام_آباد""]"
82,amenity:cafe,"[""amenity"", ""amenity_cafe"", ""cafe"", ""cafe_amenity"", ""cafe_islamabad"", ""islamabad"", ""islamabad_اسلام"", ""tag:amenity=cafe"", ""آباد"", ""اسلام"", ""اسلام_آباد""]"
83,amenity:cafe,"[""amenity"", ""amenity_cafe"", ""cafe"", ""cafe_islamabad"", ""café"", ""café_amenity"", ""islamabad"", ""islamabad_no"", ""no"", ""no_اسلام"", ""tag:amenity=cafe"", ""آباد"", ""اسلام"", ""اسلام_آباد""]"
84,amenity:cafe,"[""amenity"", ""amenity_cafe"", ""cafe"", ""cafe_amenity"", ""cafe_islamabad"", ""islamabad"", ""market"", ""tag:amenity=cafe""]"
85,amenity:cafe,"[""amenity"", ""amenity_cafe"", ""cafe"", ""cafe_islamabad"", ""islamabad"", ""islamabad_اسلام"", ""tag:amenity=cafe"", ""آباد"", ""اسلام"", ""اسلام_آباد""]"
86,amenity:cafe,"[""amenity"", ""amenity_cafe"", ""cafe"", ""cafe_islamabad"", ""islamabad"", ""tag:amenity=cafe""]"
87,amenity:cafe,"[""amenity"", ""amenity_cafe"", ""cafe"", ""cafe_islamabad"", ""islamabad"", ""tag:amenity=cafe"", ""tag:building=yes""]"
88,amenity:cafe,"[""amenity"", ""amenity_cafe"", ""cafe"", ""cafe_islamabad"", ""islamabad"", ""islamabad_sumbal"", ""sumbal"", ""sumbal_اسلام"", ""tag:amenity=cafe"", ""آباد"", ""اسلام"", ""اسلام_آباد""]"
89,amenity:cafe,"[""amenity"", ""amenity_cafe"", ""cafe"", ""cafe_islamabad"", ""gelato"", ""islamabad"", ""tag:amenity=cafe""]"
90,amenity:cafe,"[""amenity"", ""amenity_cafe"", ""cafe"", ""cafe_islamabad"", ""hot"", ""hot_spot"", ""islamabad"", ""islamabad_اسلام"", ""spot"", ""spot_amenity"", ""tag:amenity=cafe"", ""آباد"", ""اسلام"", ""اسلام_آباد""]"
91,amenity:cafe,"[""amenity"", ""amenity_cafe"", ""cafe"", ""cafe_amenity"", ""cafe_islamabad"", ""hot"", ""hot_spot"", ""islamabad"", ""spot"", ""tag:amenity=cafe""]"
92,amenity:cafe,"[""amenity"", ""amenity_cafe"", ""cafe"", ""cafe_islamabad"", ""hilal"", ""islamabad"", ""islamabad_hilal"", ""plaza"", ""spot"", ""spot_amenity"", ""square"", ""tag:amenity=cafe"", ""آباد"", ""اسلام"", ""اسلام_آباد""]"
93,amenity:cafe,"[""amenity"", ""amenity_cafe"", ""cafe"", ""cafe_islamabad"", ""islamabad"", ""islamabad_اسلام"", ""tag:amenity=cafe"", ""آباد"", ""اسلام"", ""اسلام_آباد""]"
94,amenity:cafe,"[""amenity"", ""amenity_cafe"", ""cafe"", ""cafe_amenity"", ""cafe_islamabad"", ""islamabad"", ""khan"", ""tag:amenity=cafe"", ""tag:building=yes""]"
95,amenity:cafe,"[""amenity"", ""amenity_cafe"", ""cafe"", ""cafe_islamabad"", ""islamabad"", ""stall"", ""stall_amenity"", ""tag:amenity=cafe""]"
96,amenity:cafe,"[""amenity"", ""amenity_cafe"", ""cafe"", ""cafe_islamabad"", ""islamabad"", ""islamabad_سروس"", ""tag:amenity=cafe"", ""آباد"", ""اسلام"", ""اسلام_آباد"", ""جی-11"", ""جی-11_اسلام"", ""روڈ"", ""روڈ_ویسٹ"", ""سروس"", ""سروس_روڈ"", ""ویسٹ"", ""ویسٹ_جی-11"", ""ہوٹل""]"
97,amenity:cafe,"[""amenity"", ""amenity_cafe"", ""cafe"", ""cafe_islamabad"", ""islamabad"", ""tag:amenity=cafe"", ""کیفے"", ""کیفے_amenity""]"
98,amenity:cafe,"[""amenity"", ""amenity_cafe"", ""cafe"", ""cafe_islamabad"", ""islamabad"", ""tag:amenity=cafe"", ""tag:shop=coffee"", ""جینز"", ""جینز_amenity"", ""گلوریا"", ""گلوریا_جینز""]"
99,amenity:cafe,"[""afandi"", ""afandi_اسلام"", ""ali"", ""ali_afandi"", ""amenity"", ""amenity_cafe"", ""cafe"", ""cafe_islamabad"", ""hassan"", ""hassan_ali"", ""islamabad"", ""islamabad_hassan"", ""tag:amenity=cafe"", ""tag:shop=coffee"", ""آباد"", ""اسلام"", ""اسلام_آباد"", ""جینز"", ""جینز_amenity"", ""گلوریا"", ""گلوریا_جینز""]"
100,amenity:cafe,"[""amenity"", ""amenity_cafe"", ""cafe"", ""cafe_islamabad"", ""islamabad"", ""islamabad_اسلام"", ""tag:amenity=cafe"", ""tag:shop=coffee"", ""آباد"", ""اسلام"", ""اسلام_آباد"", ""جینز"", ""جینز_amenity"", ""گلوریا"", ""گلوریا_جینز""]"
101,amenity:cafe,"[""amenity"", ""amenity_cafe"", ""cafe"", ""cafe_islamabad"", ""islamabad"", ""islamabad_اسلام"", ""tag:amenity=cafe"", ""tag:shop=coffee"", ""آباد"", ""اسلام"", ""اسلام_آباد"", ""جینز"", ""جینز_amenity"", ""گلوریا"", ""گلوریا_جینز""]"
102,amenity:cafe,"[""amenity"", ""amenity_cafe"", ""cafe"", ""cafe_islamabad"", ""islamabad"", ""tag:amenity=cafe"", ""tag:building=yes"", ""tag:shop=coffee"", ""جینز"", ""جینز_amenity"", ""گلوریا"", ""گلوریا_جینز""]"
103,amenity:cafe,"[""amenity"", ""amenity_cafe"", ""cafe"", ""cafe_islamabad"", ""islamabad"", ""tag:amenity=cafe"", ""tag:building=yes""]"
104,amenity:cafe,"[""amenity"", ""amenity_cafe"", ""cafe"", ""cafe_islamabad"", ""islamabad"", ""tag:amenity=cafe"", ""tag:building=yes""]"
105,amenity:cafe,"[""amenity"", ""amenity_cafe"", ""cafe"", ""cafe_islamabad"", ""islamabad"", ""tag:amenity=cafe"", ""tag:building=yes""]"
106,amenity:hospital,"[""amenity"", ""amenity_hospital"", ""hospital"", ""hospital_amenity"", ""hospital_islamabad"", ""islamabad"", ""tag:amenity=hospital""]"
107,amenity:hospital,"[""amenity"", ""amenity_hospital"", ""g-8"", ""g-8_markaz"", ""hospital"", ""hospital_islamabad"", ""international"", ""international_hospital"", ""islamabad"", ""markaz"", ""markaz_amenity"", ""tag:amenity=hospital""]"
108,amenity:hospital,"[""al"", ""amenity"", ""amenity_hospital"", ""east"", ""east_g-10"", ""eye"", ""eye_hospital"", ""g-10"", ""g-10_اسلام"", ""hospital"", ""hospital_amenity"", ""hospital_islamabad"", ""international"", ""islamabad"", ""islamabad_service"", ""service"", ""service_east"", ""tag:amenity=hospital"", ""آباد"", ""اسلام"", ""اسلام_آباد""]"
109,amenity:hospital,"[""ali"", ""amenity"", ""amenity_hospital"", ""hospital"", ""hospital_amenity"", ""hospital_islamabad"", ""islamabad"", ""tag:amenity=hospital""]"
110,amenity:hospital,"[""ali"", ""amenity"", ""amenity_hospital"", ""centre"", ""centre_amenity"", ""hospital"", ""hospital_islamabad"", ""islamabad"", ""islamabad_kohistan"", ""kohistan"", ""kohistan_اسلام"", ""medical"", ""medical_centre"", ""tag:amenity=hospital"", ""آباد"", ""اسلام"", ""اسلام_آباد""]"
111,amenity:hospital,"[""amenity"", ""amenity_hospital"", ""eye"", ""eye_hospital"", ""hospital"", ""hospital_amenity"", ""hospital_islamabad"", ""islamabad"", ""tag:amenity=hospital""]"
112,amenity:hospital,"[""akm"", ""akm_fazul"", ""amenity"", ""amenity_hospital"", ""fazul"", ""fazul_haq"", ""haq"", ""haq_اسلام"", ""hospital"", ""hospital_amenity"", ""hospital_islamabad"", ""islamabad"", ""islamabad_akm"", ""tag:amenity=hospital"", ""آباد"", ""اسلام"", ""اسلام_آباد""]"
113,amenity:hospital,"[""amenity"", ""amenity_hospital"", ""hospital"", ""hospital_amenity"", ""hospital_islamabad"", ""islamabad"", ""local"", ""tag:amenity=hospital"", ""آباد"", ""اسلام"", ""اسلام_آباد""]"
114,amenity:hospital,"[""amenity"", ""amenity_hospital"", ""cda"", ""hospital"", ""hospital_amenity"", ""hospital_islamabad"", ""islamabad"", ""islamabad_اسلام"", ""tag:amenity=hospital"", ""آباد"", ""اسلام"", ""اسلام_آباد""]"
115,amenity:hospital,"[""amenity"", ""amenity_hospital"", ""capital"", ""health"", ""hospital"", ""hospital_islamabad"", ""institute"", ""institute_health"", ""islamabad"", ""sciences"", ""tag:amenity=hospital""]"
116,amenity:hospital,"[""amenity"", ""amenity_hospital"", ""eye"", ""eye_hospital"", ""hospital"", ""hospital_amenity"", ""hospital_islamabad"", ""islamabad"", ""islamabad_اسلام"", ""tag:amenity=hospital"", ""آباد"", ""اسلام"", ""اسلام_آباد""]"
117,amenity:hospital,"[""amenity"", ""amenity_hospital"", ""clinic"", ""dental"", ""hospital"", ""hospital_islamabad"", ""islamabad"", ""tag:amenity=hospital""]"
118,amenity:hospital,"[""amenity"", ""amenity_hospital"", ""federal"", ""federal_government"", ""government"", ""hospital"", ""hospital_islamabad"", ""islamabad"", ""secretariat"", ""tag:amenity=hospital"", ""آباد"", ""اسلام"", ""اسلام_آباد""]"
119,amenity:hospital,"[""amenity"", ""amenity_hospital"", ""hospital"", ""hospital_amenity"", ""hospital_islamabad"", ""islamabad"", ""tag:amenity=hospital""]"
120,amenity:hospital,"[""amenity"", ""amenity_hospital"", ""children"", ""hospital"", ""hospital_islamabad"", ""islamabad"", ""islamabad_اسلام"", ""tag:amenity=hospital"", ""آباد"", ""اسلام"", ""اسلام_آباد""]"
121,amenity:hospital,"[""amenity"", ""amenity_hospital"", ""centre"", ""centre_amenity"", ""hospital"", ""hospital_islamabad"", ""islamabad"", ""medical"", ""medical_centre"", ""tag:amenity=hospital""]"
122,amenity:hospital,"[""amenity"", ""amenity_hospital"", ""centre"", ""centre_amenity"", ""hospital"", ""hospital_islamabad"", ""international"", ""international_islamic"", ""islamabad"", ""islamic"", ""medical"", ""medical_centre"", ""tag:amenity=hospital""]"
123,amenity:hospital,"[""amenity"", ""amenity_hospital"", ""center"", ""center_amenity"", ""hospital"", ""hospital_islamabad"", ""islamabad"", ""tag:amenity=hospital""]"
124,amenity:hospital,"[""amenity"", ""amenity_hospital"", ""college"", ""college_amenity"", ""dental"", ""east"", ""hospital"", ""hospital_islamabad"", ""international"", ""islamabad"", ""islamabad_service"", ""service"", ""service_east"", ""tag:amenity=hospital"", ""آباد"", ""اسلام"", ""اسلام_آباد""]"
125,amenity:hospital,"[""amenity"", ""amenity_hospital"", ""hospital"", ""hospital_amenity"", ""hospital_islamabad"", ""islamabad"", ""islamabad_jinnah"", ""jinnah"", ""jinnah_اسلام"", ""tag:amenity=hospital"", ""آباد"", ""اسلام"", ""اسلام_آباد""]"
126,amenity:hospital,"[""amenity"", ""amenity_hospital"", ""clinic"", ""f-8"", ""f-8_markaz"", ""hospital"", ""hospital_islamabad"", ""islamabad"", ""kohistan"", ""markaz"", ""markaz_amenity"", ""markaz_islamabad"", ""plaza"", ""tag:amenity=hospital""]"
127,amenity:hospital,"[""amenity"", ""amenity_hospital"", ""general"", ""hospital"", ""hospital_amenity"", ""hospital_islamabad"", ""islamabad"", ""islamabad_service"", ""service"", ""service_south"", ""south"", ""tag:amenity=hospital"", ""آباد"", ""اسلام"", ""اسلام_آباد""]"
128,amenity:hospital,"[""amenity"", ""amenity_hospital"", ""f-6"", ""f-6_اسلام"", ""hospital"", ""hospital_amenity"", ""hospital_islamabad"", ""international"", ""international_hospital"", ""islamabad"", ""islamabad_service"", ""service"", ""service_west"", ""tag:amenity=hospital"", ""west"", ""west_f-6"", ""آباد"", ""اسلام"", ""اسلام_آباد""]"
129,amenity:hospital,"[""amenity"", ""amenity_hospital"", ""centre"", ""centre_amenity"", ""health"", ""hospital"", ""hospital_islamabad"", ""islamabad"", ""islamabad_اسلام"", ""tag:amenity=hospital"", ""آباد"", ""اسلام"", ""اسلام_آباد""]"
130,amenity:hospital,"[""amenity"", ""amenity_hospital"", ""hospital"", ""hospital_amenity"", ""hospital_islamabad"", ""international"", ""international_hospital"", ""islamabad"", ""islamabad_sawan"", ""sawan"", ""sawan_اسلام"", ""tag:amenity=hospital"", ""آباد"", ""اسلام"", ""اسلام_آباد""]"
131,amenity:hospital,"[""amenity"", ""amenity_hospital"", ""hospital"", ""hospital_islamabad"", ""islamabad"", ""islamabad_jinnah"", ""jinnah"", ""jinnah_اسلام"", ""tag:amenity=hospital"", ""آباد"", ""اسلام"", ""اسلام_آباد""]"
132,amenity:hospital,"[""amenity"", ""amenity_hospital"", ""center"", ""center_amenity"", ""hospital"", ""hospital_islamabad"", ""islamabad"", ""islamabad_shabir"", ""shabir"", ""shabir_sharif"", ""sharif"", ""sharif_اسلام"", ""tag:amenity=hospital"", ""آباد"", ""اسلام"", ""اسلام_آباد""]"
133,amenity:hospital,"[""amenity"", ""amenity_hospital"", ""health"", ""hospital"", ""hospital_amenity"", ""hospital_islamabad"", ""islamabad"", ""max"", ""tag:amenity=hospital""]"
134,amenity:hospital,"[""amenity"", ""amenity_hospital"", ""hospital"", ""hospital_islamabad"", ""islamabad"", ""tag:amenity=hospital"", ""tag:building=yes""]"
135,amenity:hospital,"[""amenity"", ""amenity_hospital"", ""hospital"", ""hospital_islamabad"", ""institute"", ""islamabad"", ""islamabad_اسلام"", ""national"", ""national_institute"", ""tag:amenity=hospital"", ""آباد"", ""اسلام"", ""اسلام_آباد""]"
136,amenity:hospital,"[""amenity"", ""amenity_hospital"", ""health"", ""hospital"", ""hospital_islamabad"", ""institute"", ""institute_health"", ""islamabad"", ""national"", ""national_institute"", ""tag:amenity=hospital""]"
137,amenity:hospital,"[""amenity"", ""amenity_hospital"", ""hospital"", ""hospital_islamabad"", ""institute"", ""islamabad"", ""islamabad_اسلام"", ""national"", ""national_institute"", ""tag:amenity=hospital"", ""آباد"", ""اسلام"", ""اسلام_آباد""]"
138,amenity:hospital,"[""amenity"", ""amenity_hospital"", ""centre"", ""centre_amenity"", ""hospital"", ""hospital_islamabad"", ""islamabad"", ""islamabad_park"", ""medical"", ""medical_centre"", ""park"", ""park_اسلام"", ""tag:amenity=hospital"", ""آباد"", ""اسلام"", ""اسلام_آباد""]"
139,amenity:hospital,"[""amenity"", ""amenity_hospital"", ""hospital"", ""hospital_amenity"", ""hospital_islamabad"", ""islamabad"", ""paf"", ""paf_hospital"", ""tag:amenity=hospital"", ""آباد"", ""اسلام"", ""اسلام_آباد""]"
140,amenity:hospital,"[""amenity"", ""amenity_hospital"", ""hospital"", ""hospital_islamabad"", ""islamabad"", ""main"", ""margalla"", ""paf"", ""paf_hospital"", ""tag:amenity=hospital""]"
141,amenity:hospital,"[""amenity"", ""amenity_hospital"", ""hospital"", ""hospital_amenity"", ""hospital_islamabad"", ""islamabad"", ""tag:amenity=hospital"", ""آباد"", ""اسلام"", ""اسلام_آباد""]"
142,amenity:hospital,"[""amenity"", ""amenity_hospital"", ""hospital"", ""hospital_islamabad"", ""ibn-e-sina"", ""ibn-e-sina_اسلام"", ""institute"", ""islamabad"", ""islamabad_ibn-e-sina"", ""medical"", ""pakistan"", ""pims"", ""sciences"", ""tag:amenity=hospital"", ""آباد"", ""اسلام"", ""اسلام_آباد""]"
143,amenity:hospital,"[""amenity"", ""amenity_hospital"", ""clinic"", ""hospital"", ""hospital_amenity"", ""hospital_islamabad"", ""islamabad"", ""tag:amenity=hospital""]"
144,amenity:hospital,"[""amenity"", ""amenity_hospital"", ""hospital"", ""hospital_amenity"", ""hospital_islamabad"", ""international"", ""international_hospital"", ""islamabad"", ""tag:amenity=hospital"", ""آباد"", ""اسلام"", ""اسلام_آباد""]"
145,amenity:hospital,"[""amenity"", ""amenity_hospital"", ""centre"", ""hospital"", ""hospital_islamabad"", ""islamabad"", ""islamabad_amenity"", ""islamabad_اسلام"", ""tag:amenity=hospital"", ""آباد"", ""اسلام"", ""اسلام_آباد""]"
146,amenity:hospital,"[""amenity"", ""amenity_hospital"", ""hospital"", ""hospital_islamabad"", ""islamabad"", ""ismail"", ""tag:amenity=hospital""]"
147,amenity:hospital,"[""amenity"", ""amenity_hospital"", ""hospital"", ""hospital_amenity"", ""hospital_islamabad"", ""islamabad"", ""tag:amenity=hospital""]"
148,amenity:hospital,"[""amenity"", ""amenity_hospital"", ""hospital"", ""hospital_islamabad"", ""islamabad"", ""islamabad_حنا"", ""tag:amenity=hospital"", ""آباد"", ""اسلام"", ""اسلام_آباد"", ""حنا"", ""حنا_روڈ"", ""روڈ"", ""روڈ_اسلام"", ""نوری"", ""نوری_ہسپتال"", ""ہسپتال"", ""ہسپتال_amenity""]"
149,amenity:hospital,"[""amenity"", ""amenity_hospital"", ""hospital"", ""hospital_islamabad"", ""islamabad"", ""islamabad_حنا"", ""tag:amenity=hospital"", ""آباد"", ""اسلام"", ""اسلام_آباد"", ""حنا"", ""حنا_روڈ"", ""روڈ"", ""روڈ_اسلام"", ""نوری"", ""نوری_ہسپتال"", ""ہسپتال""]"
150,amenity:hospital,"[""amenity"", ""amenity_hospital"", ""hospital"", ""hospital_islamabad"", ""islamabad"", ""islamabad_اسٹریٹ"", ""tag:amenity=hospital"", ""آباد"", ""اسلام"", ""اسلام_آباد"", ""اسٹریٹ"", ""اسٹریٹ_اسلام"", ""ہسپتال"", ""ہسپتال_amenity""]"
151,amenity:marketplace,"[""abu"", ""abu_huraira"", ""huraira"", ""islamabad"", ""market"", ""market_marketbazaar"", ""marketbazaar"", ""marketbazaar_islamabad"", ""tag:amenity=marketplace"", ""tag:building=yes""]"
152,amenity:marketplace,"[""adnan"", ""adnan_market"", ""islamabad"", ""market"", ""market_marketbazaar"", ""marketbazaar"", ""marketbazaar_islamabad"", ""tag:amenity=marketplace""]"
153,amenity:marketplace,"[""islamabad"", ""islamabad_jinnah"", ""jinnah"", ""jinnah_اسلام"", ""marketbazaar"", ""marketbazaar_islamabad"", ""plaza"", ""plaza_marketbazaar"", ""tag:amenity=marketplace"", ""آباد"", ""اسلام"", ""اسلام_آباد""]"
154,amenity:marketplace,"[""cda"", ""islamabad"", ""islamabad_اسلام"", ""market"", ""market_marketbazaar"", ""marketbazaar"", ""marketbazaar_islamabad"", ""tag:amenity=marketplace"", ""آباد"", ""اسلام"", ""اسلام_آباد""]"
155,amenity:marketplace,"[""darbar"", ""islamabad"", ""market"", ""market_marketbazaar"", ""marketbazaar"", ""marketbazaar_islamabad"", ""tag:amenity=marketplace"", ""tag:building=yes""]"
156,amenity:marketplace,"[""faisal"", ""islamabad"", ""market"", ""market_marketbazaar"", ""marketbazaar"", ""marketbazaar_islamabad"", ""tag:amenity=marketplace""]"
157,amenity:marketplace,"[""islamabad"", ""islamabad_jinnah"", ""jinnah"", ""jinnah_اسلام"", ""marketbazaar"", ""marketbazaar_islamabad"", ""plaza"", ""plaza_marketbazaar"", ""tag:amenity=marketplace"", ""آباد"", ""اسلام"", ""اسلام_آباد""]"
158,amenity:marketplace,"[""islamabad"", ""market"", ""market_marketbazaar"", ""marketbazaar"", ""marketbazaar_islamabad"", ""tag:amenity=marketplace""]"
159,amenity:marketplace,"[""11a"", ""11a_اسلام"", ""islamabad"", ""islamabad_11a"", ""market"", ""market_marketbazaar"", ""marketbazaar"", ""marketbazaar_islamabad"", ""tag:amenity=marketplace"", ""آباد"", ""اسلام"", ""اسلام_آباد""]"
160,amenity:marketplace,"[""islamabad"", ""islamabad_اسلام"", ""market"", ""market_marketbazaar"", ""marketbazaar"", ""marketbazaar_islamabad"", ""tag:amenity=marketplace"", ""آباد"", ""اسلام"", ""اسلام_آباد""]"
161,amenity:marketplace,"[""islamabad"", ""jahangir"", ""jahangir_market"", ""market"", ""market_marketbazaar"", ""marketbazaar"", ""marketbazaar_islamabad"", ""tag:amenity=marketplace""]"
162,amenity:marketplace,"[""gali"", ""gali_اسلام"", ""islamabad"", ""islamabad_gali"", ""jahangir"", ""jahangir_market"", ""market"", ""market_marketbazaar"", ""marketbazaar"", ""marketbazaar_islamabad"", ""tag:amenity=marketplace"", ""آباد"", ""اسلام"", ""اسلام_آباد""]"
163,amenity:marketplace,"[""baba"", ""baba_اسلام"", ""islamabad"", ""islamabad_rehman"", ""market"", ""market_marketbazaar"", ""marketbazaar"", ""marketbazaar_islamabad"", ""rehman"", ""rehman_baba"", ""tag:amenity=marketplace"", ""آباد"", ""اسلام"", ""اسلام_آباد""]"
164,amenity:marketplace,"[""ayub"", ""islamabad"", ""malik"", ""market"", ""market_marketbazaar"", ""marketbazaar"", ""marketbazaar_islamabad"", ""tag:amenity=marketplace""]"
165,amenity:marketplace,"[""islamabad"", ""market"", ""market_marketbazaar"", ""marketbazaar"", ""marketbazaar_islamabad"", ""tag:amenity=marketplace""]"
166,amenity:marketplace,"[""islamabad"", ""marketbazaar"", ""marketbazaar_islamabad"", ""one"", ""store"", ""tag:amenity=marketplace""]"
167,amenity:marketplace,"[""islamabad"", ""marketbazaar"", ""marketbazaar_islamabad"", ""tag:amenity=marketplace""]"
168,amenity:marketplace,"[""islamabad"", ""market"", ""market_marketbazaar"", ""marketbazaar"", ""marketbazaar_islamabad"", ""sitara"", ""sitara_market"", ""tag:amenity=marketplace""]"
169,amenity:marketplace,"[""bazaar"", ""islamabad"", ""marketbazaar"", ""marketbazaar_islamabad"", ""sunday"", ""sunday_bazaar"", ""tag:amenity=marketplace""]"
170,amenity:marketplace,"[""islamabad"", ""marketbazaar"", ""marketbazaar_islamabad"", ""shop"", ""tag:amenity=marketplace""]"
171,amenity:marketplace,"[""islamabad"", ""islamabad_jinnah"", ""jinnah"", ""jinnah_اسلام"", ""marketbazaar"", ""marketbazaar_islamabad"", ""plaza"", ""plaza_marketbazaar"", ""tag:amenity=marketplace"", ""آباد"", ""اسلام"", ""اسلام_آباد""]"
172,amenity:marketplace,"[""islamabad"", ""islamabad_muncipal"", ""market"", ""market_marketbazaar"", ""marketbazaar"", ""marketbazaar_islamabad"", ""muncipal"", ""tag:amenity=marketplace"", ""آباد"", ""اسلام"", ""اسلام_آباد""]"
173,amenity:marketplace,"[""islamabad"", ""market"", ""market_marketbazaar"", ""marketbazaar"", ""marketbazaar_islamabad"", ""tag:amenity=marketplace""]"
174,amenity:marketplace,"[""islamabad"", ""marketbazaar"", ""marketbazaar_islamabad"", ""tag:amenity=marketplace""]"
175,amenity:marketplace,"[""islamabad"", ""marketbazaar"", ""marketbazaar_islamabad"", ""tag:amenity=marketplace""]"
176,amenity:mosque,"[""amenity"", ""amenity_mosque"", ""bin"", ""islamabad"", ""masjid"", ""masjid_amenity"", ""mosque"", ""mosque_islamabad"", ""tag:amenity=place_of_worship"", ""tag:building=mosque""]"
177,amenity:mosque,"[""abu"", ""abu_huraira"", ""amenity"", ""amenity_mosque"", ""huraira"", ""islamabad"", ""mosque"", ""mosque_amenity"", ""mosque_islamabad"", ""tag:amenity=place_of_worship"", ""tag:building=yes""]"
178,amenity:mosque,"[""amenity"", ""amenity_mosque"", ""islamabad"", ""mosque"", ""mosque_amenity"", ""mosque_islamabad"", ""tag:building=mosque""]"
179,amenity:mosque,"[""al-fateh"", ""amenity"", ""amenity_mosque"", ""islamabad"", ""islamabad_اسلام"", ""mosque"", ""mosque_amenity"", ""mosque_islamabad"", ""tag:amenity=place_of_worship"", ""آباد"", ""اسلام"", ""اسلام_آباد""]"
180,amenity:mosque,"[""amenity"", ""amenity_mosque"", ""islamabad"", ""islamabad_اسلام"", ""mosque"", ""mosque_amenity"", ""mosque_islamabad"", ""tag:building=mosque"", ""آباد"", ""اسلام"", ""اسلام_آباد""]"
181,amenity:mosque,"[""ali"", ""amenity"", ""amenity_mosque"", ""islamabad"", ""mosque"", ""mosque_amenity"", ""mosque_islamabad"", ""tag:amenity=place_of_worship"", ""tag:building=yes""]"
182,amenity:mosque,"[""aman"", ""aman_bargah"", ""amenity"", ""amenity_mosque"", ""bargah"", ""islamabad"", ""mosque"", ""mosque_islamabad"", ""tag:building=mosque""]"
183,amenity:mosque,"[""aman"", ""aman_bargah"", ""amenity"", ""amenity_mosque"", ""bargah"", ""islamabad"", ""mosque"", ""mosque_amenity"", ""mosque_islamabad"", ""tag:amenity=place_of_worship"", ""tag:building=yes"", ""آباد"", ""اسلام"", ""اسلام_آباد""]"
184,amenity:mosque,"[""amenity"", ""amenity_mosque"", ""islamabad"", ""islamabad_اسلام"", ""masjid"", ""masjid_amenity"", ""mosque"", ""mosque_islamabad"", ""tag:amenity=place_of_worship"", ""آباد"", ""اسلام"", ""اسلام_آباد""]"
185,amenity:mosque,"[""amenity"", ""amenity_mosque"", ""islamabad"", ""masjid"", ""masjid_amenity"", ""mosque"", ""mosque_islamabad"", ""tag:amenity=place_of_worship"", ""tag:building=yes"", ""ul""]"
186,amenity:mosque,"[""amenity"", ""amenity_mosque"", ""darbar"", ""imam"", ""islamabad"", ""mosque"", ""mosque_islamabad"", ""tag:amenity=place_of_worship""]"
187,amenity:mosque,"[""amenity"", ""amenity_mosque"", ""darbar"", ""islamabad"", ""mosque"", ""mosque_amenity"", ""mosque_islamabad"", ""tag:amenity=place_of_worship"", ""tag:building=yes""]"
188,amenity:mosque,"[""10th"", ""10th_اسلام"", ""amenity"", ""amenity_mosque"", ""islamabad"", ""islamabad_10th"", ""markaz"", ""masjid"", ""masjid_amenity"", ""mosque"", ""mosque_islamabad"", ""tag:amenity=place_of_worship"", ""آباد"", ""اسلام"", ""اسلام_آباد""]"
189,amenity:mosque,"[""amenity"", ""amenity_mosque"", ""islamabad"", ""islamabad_اسلام"", ""masjid"", ""masjid_amenity"", ""mosque"", ""mosque_islamabad"", ""tag:amenity=place_of_worship"", ""آباد"", ""اسلام"", ""اسلام_آباد""]"
190,amenity:mosque,"[""amenity"", ""amenity_mosque"", ""islamabad"", ""masjid"", ""masjid_amenity"", ""mosque"", ""mosque_islamabad"", ""tag:amenity=place_of_worship"", ""tag:building=yes""]"
191,amenity:mosque,"[""amenity"", ""amenity_mosque"", ""islamabad"", ""mosque"", ""mosque_islamabad"", ""mustafa"", ""mustafa_amenity"", ""tag:amenity=place_of_worship"", ""tag:building=yes""]"
192,amenity:mosque,"[""amenity"", ""amenity_mosque"", ""islamabad"", ""islamabad_اسلام"", ""mosque"", ""mosque_amenity"", ""mosque_islamabad"", ""tag:amenity=place_of_worship"", ""آباد"", ""اسلام"", ""اسلام_آباد""]"
193,amenity:mosque,"[""amenity"", ""amenity_mosque"", ""islamabad"", ""islamabad_اسلام"", ""mosque"", ""mosque_islamabad"", ""tag:amenity=place_of_worship"", ""آباد"", ""اسلام"", ""اسلام_آباد""]"
194,amenity:mosque,"[""amenity"", ""amenity_mosque"", ""islamabad"", ""islamabad_اسلام"", ""mosque"", ""mosque_islamabad"", ""tag:amenity=place_of_worship"", ""آباد"", ""اسلام"", ""اسلام_آباد""]"
195,amenity:mosque,"[""amenity"", ""amenity_mosque"", ""islamabad"", ""islamabad_اسلام"", ""mosque"", ""mosque_islamabad"", ""mustafa"", ""mustafa_amenity"", ""tag:amenity=place_of_worship"", ""آباد"", ""اسلام"", ""اسلام_آباد""]"
196,amenity:mosque,"[""amenity"", ""amenity_mosque"", ""gali"", ""gali_اسلام"", ""islamabad"", ""islamabad_gali"", ""jamia"", ""mosque"", ""mosque_islamabad"", ""tag:amenity=place_of_worship"", ""آباد"", ""اسلام"", ""اسلام_آباد""]"
197,amenity:mosque,"[""ahle"", ""amenity"", ""amenity_mosque"", ""islamabad"", ""islamabad_اسلام"", ""jamia"", ""jamia_masjid"", ""masjid"", ""mosque"", ""mosque_islamabad"", ""tag:amenity=place_of_worship"", ""آباد"", ""اسلام"", ""اسلام_آباد""]"
198,amenity:mosque,"[""amenity"", ""amenity_mosque"", ""islamabad"", ""islamabad_اسلام"", ""jamia"", ""jamia_masjid"", ""masjid"", ""mosque"", ""mosque_islamabad"", ""tag:amenity=place_of_worship"", ""آباد"", ""اسلام"", ""اسلام_آباد""]"
199,amenity:mosque,"[""al-rehman"", ""amenity"", ""amenity_mosque"", ""g-92"", ""g-92_amenity"", ""islamabad"", ""islamabad_اسلام"", ""jamia"", ""jamia_masjid"", ""masjid"", ""mosque"", ""mosque_islamabad"", ""tag:amenity=place_of_worship"", ""tag:building=yes"", ""آباد"", ""اسلام"", ""اسلام_آباد""]"
200,amenity:mosque,"[""amenity"", ""amenity_mosque"", ""islamabad"", ""islamabad_اسلام"", ""jamia"", ""jamia_masjid"", ""masjid"", ""mosque"", ""mosque_islamabad"", ""tag:amenity=place_of_worship"", ""آباد"", ""اسلام"", ""اسلام_آباد""]"
201,amenity:mosque,"[""amenity"", ""amenity_mosque"", ""islamabad"", ""islamabad_اسلام"", ""jamia"", ""jamia_masjid"", ""masjid"", ""mosque"", ""mosque_islamabad"", ""tag:amenity=place_of_worship"", ""آباد"", ""اسلام"", ""اسلام_آباد""]"
202,amenity:mosque,"[""amenity"", ""amenity_mosque"", ""gali"", ""imam"", ""islamabad"", ""islamabad_gali"", ""jamia"", ""jamia_masjid"", ""masjid"", ""mosque"", ""mosque_islamabad"", ""tag:amenity=place_of_worship"", ""آباد"", ""اسلام"", ""اسلام_آباد""]"
203,amenity:mosque,"[""amenity"", ""amenity_mosque"", ""islamabad"", ""jamia"", ""jamia_masjid"", ""masjid"", ""mosque"", ""mosque_islamabad"", ""tag:amenity=place_of_worship"", ""tag:building=yes""]"
204,amenity:mosque,"[""amenity"", ""amenity_mosque"", ""islamabad"", ""islamabad_اسلام"", ""jamia"", ""jamia_masjid"", ""masjid"", ""mosque"", ""mosque_islamabad"", ""shaheed"", ""tag:amenity=place_of_worship"", ""آباد"", ""اسلام"", ""اسلام_آباد""]"
205,amenity:mosque,"[""amenity"", ""amenity_mosque"", ""din"", ""din_اسلام"", ""islamabad"", ""islamabad_nazim"", ""jamia"", ""jamia_masjid"", ""masjid"", ""masjid_rahmatulil"", ""mosque"", ""mosque_islamabad"", ""nazim"", ""nazim_ud"", ""rahmatulil"", ""tag:amenity=place_of_worship"", ""tag:building=mosque"", ""ud"", ""ud_din"", ""آباد"", ""اسلام"", ""اسلام_آباد""]"
206,amenity:mosque,"[""amenity"", ""amenity_mosque"", ""g-9"", ""islamabad"", ""islamabad_service"", ""jamia"", ""jamia_masjid"", ""masjid"", ""mosque"", ""mosque_islamabad"", ""service"", ""service_west"", ""tag:amenity=place_of_worship"", ""ul"", ""west"", ""آباد"", ""اسلام"", ""اسلام_آباد""]"
207,amenity:mosque,"[""amenity"", ""amenity_mosque"", ""din"", ""din_اسلام"", ""islamabad"", ""islamabad_nazim"", ""jamia"", ""jamia_masjid"", ""masjid"", ""mosque"", ""mosque_islamabad"", ""nazim"", ""nazim_ud"", ""tag:amenity=place_of_worship"", ""ud"", ""ud_din"", ""آباد"", ""اسلام"", ""اسلام_آباد""]"
208,amenity:mosque,"[""al"", ""amenity"", ""amenity_mosque"", ""baba"", ""baba_اسلام"", ""islamabad"", ""islamabad_rehman"", ""jamia"", ""mosque"", ""mosque_islamabad"", ""rehman"", ""rehman_baba"", ""tag:amenity=place_of_worship"", ""آباد"", ""اسلام"", ""اسلام_آباد""]"
209,amenity:mosque,"[""amenity"", ""amenity_mosque"", ""islamabad"", ""jamia"", ""masjid"", ""masjid_amenity"", ""mosque"", ""mosque_islamabad"", ""tag:amenity=place_of_worship"", ""آباد"", ""اسلام"", ""اسلام_آباد""]"
210,amenity:mosque,"[""amenity"", ""amenity_mosque"", ""islamabad"", ""islamabad_اسلام"", ""jamia"", ""mosque"", ""mosque_islamabad"", ""tag:amenity=place_of_worship"", ""آباد"", ""اسلام"", ""اسلام_آباد""]"
211,amenity:mosque,"[""amenity"", ""amenity_mosque"", ""islamabad"", ""jamia"", ""jamia_masjid"", ""masjid"", ""mosque"", ""mosque_islamabad"", ""tag:amenity=place_of_worship""]"
212,amenity:mosque,"[""ahle"", ""ahle_hadees"", ""amenity"", ""amenity_mosque"", ""hadees"", ""hadees_amenity"", ""islamabad"", ""islamabad_اسلام"", ""masjid"", ""mosque"", ""mosque_islamabad"", ""tag:amenity=place_of_worship"", ""آباد"", ""اسلام"", ""اسلام_آباد""]"
213,amenity:mosque,"[""amenity"", ""amenity_mosque"", ""gali"", ""gali_اسلام"", ""islamabad"", ""islamabad_gali"", ""masjid"", ""masjid_amenity"", ""mosque"", ""mosque_islamabad"", ""tag:amenity=place_of_worship"", ""آباد"", ""اسلام"", ""اسلام_آباد""]"
214,amenity:mosque,"[""amenity"", ""amenity_mosque"", ""islamabad"", ""islamabad_اسلام"", ""mosque"", ""mosque_islamabad"", ""tag:amenity=place_of_worship"", ""tag:building=yes"", ""آباد"", ""اسلام"", ""اسلام_آباد""]"
215,amenity:mosque,"[""amenity"", ""amenity_mosque"", ""islamabad"", ""islamabad_اسلام"", ""khan"", ""market"", ""masjid"", ""masjid_amenity"", ""mosque"", ""mosque_islamabad"", ""tag:amenity=place_of_worship"", ""آباد"", ""اسلام"", ""اسلام_آباد""]"
216,amenity:mosque,"[""amenity"", ""amenity_mosque"", ""islamabad"", ""mosque"", ""mosque_islamabad"", ""tag:amenity=place_of_worship""]"
217,amenity:mosque,"[""amenity"", ""amenity_mosque"", ""islamabad"", ""masjid"", ""masjid_amenity"", ""mosque"", ""mosque_islamabad"", ""tag:amenity=place_of_worship"", ""آباد"", ""اسلام"", ""اسلام_آباد""]"
218,amenity:mosque,"[""amenity"", ""amenity_mosque"", ""bin"", ""islamabad"", ""mosque"", ""mosque_amenity"", ""mosque_islamabad"", ""tag:amenity=place_of_worship"", ""tag:building=yes""]"
219,amenity:mosque,"[""amenity"", ""amenity_mosque"", ""islamabad"", ""masjid"", ""masjid_amenity"", ""mosque"", ""mosque_islamabad"", ""tag:amenity=place_of_worship"", ""tag:building=mosque""]"
220,amenity:mosque,"[""amenity"", ""amenity_mosque"", ""islamabad"", ""islamabad_اسلام"", ""masjid"", ""masjid_amenity"", ""mosque"", ""mosque_islamabad"", ""tag:amenity=place_of_worship"", ""آباد"", ""اسلام"", ""اسلام_آباد""]"
221,amenity:mosque,"[""amenity"", ""amenity_mosque"", ""islamabad"", ""masjid"", ""masjid_amenity"", ""mosque"", ""mosque_islamabad"", ""tag:building=mosque""]"
222,amenity:mosque,"[""abu"", ""amenity"", ""amenity_mosque"", ""gali"", ""gali_اسلام"", ""islamabad"", ""islamabad_gali"", ""masjid"", ""mosque"", ""mosque_islamabad"", ""tag:amenity=place_of_worship"", ""آباد"", ""اسلام"", ""اسلام_آباد""]"
223,amenity:mosque,"[""al"", ""amenity"", ""amenity_mosque"", ""college"", ""college_اسلام"", ""islamabad"", ""islamabad_college"", ""masjid"", ""masjid_al"", ""mosque"", ""mosque_islamabad"", ""tag:amenity=place_of_worship"", ""tag:building=mosque"", ""آباد"", ""اسلام"", ""اسلام_آباد""]"
224,amenity:mosque,"[""al"", ""amenity"", ""amenity_mosque"", ""islamabad"", ""islamabad_اسلام"", ""masjid"", ""masjid_al"", ""mosque"", ""mosque_islamabad"", ""tag:amenity=place_of_worship"", ""آباد"", ""اسلام"", ""اسلام_آباد""]"
225,amenity:mosque,"[""amenity"", ""amenity_mosque"", ""islamabad"", ""islamabad_اسلام"", ""masjid"", ""mosque"", ""mosque_islamabad"", ""tag:amenity=place_of_worship"", ""آباد"", ""اسلام"", ""اسلام_آباد""]"
226,amenity:mosque,"[""amenity"", ""amenity_mosque"", ""islamabad"", ""islamabad_اسلام"", ""madrassa"", ""masjid"", ""mosque"", ""mosque_islamabad"", ""tag:amenity=place_of_worship"", ""آباد"", ""اسلام"", ""اسلام_آباد""]"
227,amenity:mosque,"[""amenity"", ""amenity_mosque"", ""islamabad"", ""islamabad_اسلام"", ""madina"", ""madina_amenity"", ""masjid"", ""mosque"", ""mosque_islamabad"", ""tag:amenity=place_of_worship"", ""tag:building=mosque"", ""آباد"", ""اسلام"", ""اسلام_آباد""]"
228,amenity:mosque,"[""amenity"", ""amenity_mosque"", ""ayub"", ""islamabad"", ""islamabad_اسلام"", ""masjid"", ""mosque"", ""mosque_islamabad"", ""tag:amenity=place_of_worship"", ""آباد"", ""اسلام"", ""اسلام_آباد""]"
229,amenity:mosque,"[""amenity"", ""amenity_mosque"", ""f-71"", ""f-71_amenity"", ""islamabad"", ""islamabad_اسلام"", ""masjid"", ""mosque"", ""mosque_islamabad"", ""tag:amenity=place_of_worship"", ""آباد"", ""اسلام"", ""اسلام_آباد""]"
230,amenity:mosque,"[""amenity"", ""amenity_mosque"", ""islamabad"", ""islamabad_shabir"", ""madina"", ""madina_amenity"", ""masjid"", ""mosque"", ""mosque_islamabad"", ""shabir"", ""shabir_sharif"", ""sharif"", ""sharif_اسلام"", ""tag:amenity=place_of_worship"", ""tag:building=yes"", ""آباد"", ""اسلام"", ""اسلام_آباد""]"
231,amenity:mosque,"[""amenity"", ""amenity_mosque"", ""islamabad"", ""masjid"", ""mosque"", ""mosque_islamabad"", ""tag:amenity=place_of_worship"", ""tag:building=yes""]"
232,amenity:mosque,"[""amenity"", ""amenity_mosque"", ""islamabad"", ""masjid"", ""mosque"", ""mosque_islamabad"", ""tag:building=mosque""]"
233,amenity:mosque,"[""ahle"", ""ahle_hadees"", ""amenity"", ""amenity_mosque"", ""hadees"", ""hadees_amenity"", ""islamabad"", ""islamabad_اسلام"", ""masjid"", ""mosque"", ""mosque_islamabad"", ""tag:amenity=place_of_worship"", ""آباد"", ""اسلام"", ""اسلام_آباد""]"
234,amenity:mosque,"[""amenity"", ""amenity_mosque"", ""islamabad"", ""islamabad_اسلام"", ""masjid"", ""masjid_rahmatulil"", ""mosque"", ""mosque_islamabad"", ""rahmatulil"", ""tag:amenity=place_of_worship"", ""آباد"", ""اسلام"", ""اسلام_آباد""]"
235,amenity:mosque,"[""amenity"", ""amenity_mosque"", ""islamabad"", ""masjid"", ""mosque"", ""mosque_islamabad"", ""tag:amenity=place_of_worship""]"
236,amenity:mosque,"[""amenity"", ""amenity_mosque"", ""gali"", ""gali_اسلام"", ""islamabad"", ""islamabad_gali"", ""masjid"", ""mosque"", ""mosque_islamabad"", ""tag:amenity=place_of_worship"", ""آباد"", ""اسلام"", ""اسلام_آباد""]"
237,amenity:mosque,"[""amenity"", ""amenity_mosque"", ""islamabad"", ""masjid"", ""mosque"", ""mosque_islamabad"", ""tag:amenity=place_of_worship"", ""tag:building=yes""]"
238,amenity:mosque,"[""amenity"", ""amenity_mosque"", ""islamabad"", ""islamabad_اسلام"", ""masjid"", ""mosque"", ""mosque_islamabad"", ""tag:amenity=place_of_worship"", ""آباد"", ""اسلام"", ""اسلام_آباد""]"
239,amenity:mosque,"[""amenity"", ""amenity_mosque"", ""islamabad"", ""islamabad_اسلام"", ""masjid"", ""mosque"", ""mosque_islamabad"", ""tag:amenity=place_of_worship"", ""usman"", ""آباد"", ""اسلام"", ""اسلام_آباد""]"
240,amenity:mosque,"[""amenity"", ""amenity_mosque"", ""islamabad"", ""mosque"", ""mosque_islamabad"", ""tag:amenity=place_of_worship""]"
241,amenity:mosque,"[""amenity"", ""amenity_mosque"", ""f11"", ""f11_اسلام"", ""islamabad"", ""islamabad_service"", ""mosque"", ""mosque_islamabad"", ""service"", ""service_west"", ""tag:amenity=place_of_worship"", ""west"", ""west_f11"", ""آباد"", ""اسلام"", ""اسلام_آباد""]"
242,amenity:mosque,"[""amenity"", ""amenity_mosque"", ""islamabad"", ""islamabad_ismail"", ""ismail"", ""ismail_zabeeh"", ""mosque"", ""mosque_islamabad"", ""tag:amenity=place_of_worship"", ""zabeeh"", ""zabeeh_اسلام"", ""آباد"", ""اسلام"", ""اسلام_آباد""]"
243,amenity:mosque,"[""amenity"", ""amenity_mosque"", ""islamabad"", ""islamabad_اسلام"", ""mosque"", ""mosque_islamabad"", ""tag:amenity=place_of_worship"", ""آباد"", ""اسلام"", ""اسلام_آباد""]"
244,amenity:mosque,"[""amenity"", ""amenity_mosque"", ""ibn-e-sina"", ""ibn-e-sina_اسلام"", ""islamabad"", ""islamabad_ibn-e-sina"", ""madrassa"", ""mosque"", ""mosque_islamabad"", ""tag:amenity=place_of_worship"", ""tag:building=yes"", ""آباد"", ""اسلام"", ""اسلام_آباد""]"
245,amenity:mosque,"[""amenity"", ""amenity_mosque"", ""islamabad"", ""islamabad_school"", ""mosque"", ""mosque_amenity"", ""mosque_islamabad"", ""school"", ""school_اسلام"", ""tag:amenity=place_of_worship"", ""آباد"", ""اسلام"", ""اسلام_آباد""]"
246,amenity:mosque,"[""amenity"", ""amenity_mosque"", ""islamabad"", ""mosque"", ""mosque_amenity"", ""mosque_islamabad"", ""tag:amenity=place_of_worship"", ""tag:building=yes""]"
247,amenity:mosque,"[""amenity"", ""amenity_mosque"", ""bin"", ""islamabad"", ""islamabad_اسلام"", ""mosque"", ""mosque_islamabad"", ""tag:amenity=place_of_worship"", ""آباد"", ""اسلام"", ""اسلام_آباد""]"
248,amenity:mosque,"[""amenity"", ""amenity_mosque"", ""islamabad"", ""islamabad_park"", ""masjid"", ""masjid_amenity"", ""mosque"", ""mosque_islamabad"", ""park"", ""park_اسلام"", ""tag:amenity=place_of_worship"", ""آباد"", ""اسلام"", ""اسلام_آباد""]"
249,amenity:mosque,"[""amenity"", ""amenity_mosque"", ""f5"", ""f5_اسلام"", ""g5"", ""g5_service"", ""islamabad"", ""islamabad_service"", ""mosque"", ""mosque_amenity"", ""mosque_islamabad"", ""service"", ""service_west"", ""tag:amenity=place_of_worship"", ""tag:building=mosque"", ""west"", ""west_f5"", ""west_g5"", ""آباد"", ""اسلام"", ""اسلام_آباد""]"
250,amenity:mosque,"[""amenity"", ""amenity_mosque"", ""h9"", ""islamabad"", ""islamabad_service"", ""masjid"", ""masjid_amenity"", ""mosque"", ""mosque_islamabad"", ""numl"", ""service"", ""service_south"", ""south"", ""south_h9"", ""tag:amenity=place_of_worship""]"
251,amenity:mosque,"[""amenity"", ""amenity_mosque"", ""islamabad"", ""mosque"", ""mosque_amenity"", ""mosque_islamabad"", ""paf"", ""tag:amenity=place_of_worship"", ""آباد"", ""اسلام"", ""اسلام_آباد""]"
252,amenity:mosque,"[""amenity"", ""amenity_mosque"", ""islamabad"", ""mosque"", ""mosque_islamabad"", ""tag:amenity=place_of_worship""]"
253,amenity:mosque,"[""amenity"", ""amenity_mosque"", ""ibn-e-sina"", ""ibn-e-sina_اسلام"", ""islamabad"", ""islamabad_ibn-e-sina"", ""mosque"", ""mosque_islamabad"", ""tag:amenity=place_of_worship"", ""آباد"", ""اسلام"", ""اسلام_آباد""]"
254,amenity:mosque,"[""amenity"", ""amenity_mosque"", ""islamabad"", ""mosque"", ""mosque_islamabad"", ""tag:amenity=place_of_worship""]"
255,amenity:mosque,"[""amenity"", ""amenity_mosque"", ""islamabad"", ""masjid"", ""masjid_amenity"", ""mosque"", ""mosque_islamabad"", ""tag:amenity=place_of_worship"", ""tag:building=mosque"", ""taqwa""]"
256,amenity:mosque,"[""amenity"", ""amenity_mosque"", ""islamabad"", ""mosque"", ""mosque_amenity"", ""mosque_islamabad"", ""tag:amenity=place_of_worship"", ""tag:building=yes""]"
257,amenity:mosque,"[""amenity"", ""amenity_mosque"", ""islamabad"", ""mosque"", ""mosque_islamabad"", ""tag:amenity=place_of_worship"", ""مسجد"", ""مسجد_amenity""]"
258,amenity:mosque,"[""amenity"", ""amenity_mosque"", ""islamabad"", ""islamabad_اسٹریٹ"", ""mosque"", ""mosque_islamabad"", ""tag:amenity=place_of_worship"", ""tag:building=yes"", ""آباد"", ""اسلام"", ""اسلام_آباد"", ""اسٹریٹ"", ""اسٹریٹ_اسلام"", ""مسجد"", ""مسجد_amenity""]"
259,amenity:mosque,"[""amenity"", ""amenity_mosque"", ""islamabad"", ""islamabad_اسٹریٹ"", ""mosque"", ""mosque_islamabad"", ""tag:amenity=place_of_worship"", ""آباد"", ""اسلام"", ""اسلام_آباد"", ""اسٹریٹ"", ""اسٹریٹ_اسلام"", ""مسجد"", ""مسجد_amenity""]"
260,amenity:mosque,"[""amenity"", ""amenity_mosque"", ""islamabad"", ""mosque"", ""mosque_islamabad"", ""tag:amenity=place_of_worship"", ""مسجد"", ""مسجد_amenity""]"
261,amenity:mosque,"[""amenity"", ""amenity_mosque"", ""islamabad"", ""islamabad_اسٹریٹ"", ""mosque"", ""mosque_islamabad"", ""tag:amenity=place_of_worship"", ""آباد"", ""اسلام"", ""اسلام_آباد"", ""اسٹریٹ"", ""اسٹریٹ_اسلام"", ""مسجد""]"
262,amenity:mosque,"[""amenity"", ""amenity_mosque"", ""islamabad"", ""islamabad_اسلام"", ""mosque"", ""mosque_islamabad"", ""tag:amenity=place_of_worship"", ""tag:building=mosque"", ""آباد"", ""اسلام"", ""اسلام_آباد"", ""مسجد""]"
263,amenity:mosque,"[""amenity"", ""amenity_mosque"", ""islamabad"", ""mosque"", ""mosque_islamabad"", ""tag:amenity=place_of_worship"", ""tag:building=yes"", ""مسجد""]"
264,amenity:mosque,"[""amenity"", ""amenity_mosque"", ""islamabad"", ""islamabad_گلی"", ""mosque"", ""mosque_islamabad"", ""tag:amenity=place_of_worship"", ""آباد"", ""اسلام"", ""اسلام_آباد"", ""مسجد"", ""گلی"", ""گلی_اسلام""]"
265,amenity:mosque,"[""amenity"", ""amenity_mosque"", ""islamabad"", ""mosque"", ""mosque_islamabad"", ""tag:amenity=place_of_worship"", ""آباد"", ""اسلام"", ""اسلام_آباد"", ""روڈ"", ""روڈ_اسلام"", ""مسجد""]"
266,amenity:mosque,"[""amenity"", ""amenity_mosque"", ""islamabad"", ""islamabad_اسٹریٹ"", ""mosque"", ""mosque_islamabad"", ""tag:amenity=place_of_worship"", ""آباد"", ""اسلام"", ""اسلام_آباد"", ""اسٹریٹ"", ""اسٹریٹ_اسلام"", ""مسجد""]"
267,amenity:mosque,"[""amenity"", ""amenity_mosque"", ""islamabad"", ""mosque"", ""mosque_islamabad"", ""tag:amenity=place_of_worship"", ""tag:building=yes"", ""مسجد""]"
268,amenity:mosque,"[""amenity"", ""amenity_mosque"", ""islamabad"", ""mosque"", ""mosque_islamabad"", ""tag:amenity=place_of_worship"", ""tag:building=house"", ""مسجد""]"
269,amenity:mosque,"[""amenity"", ""amenity_mosque"", ""islamabad"", ""mosque"", ""mosque_islamabad"", ""tag:amenity=place_of_worship"", ""tag:building=yes"", ""مسجد""]"
270,amenity:mosque,"[""amenity"", ""amenity_mosque"", ""islamabad"", ""islamabad_اسلام"", ""mosque"", ""mosque_islamabad"", ""tag:amenity=place_of_worship"", ""tag:building=mosque"", ""آباد"", ""اسلام"", ""اسلام_آباد"", ""ایم"", ""سی"", ""مسجد"", ""مسجد_amenity""]"
271,amenity:mosque,"[""amenity"", ""amenity_mosque"", ""islamabad"", ""mosque"", ""mosque_islamabad"", ""tag:amenity=place_of_worship"", ""tag:building=yes""]"
272,amenity:mosque,"[""amenity"", ""amenity_mosque"", ""islamabad"", ""mosque"", ""mosque_islamabad"", ""tag:building=mosque""]"
273,amenity:mosque,"[""amenity"", ""amenity_mosque"", ""islamabad"", ""mosque"", ""mosque_islamabad"", ""tag:amenity=place_of_worship""]"
274,amenity:mosque,"[""amenity"", ""amenity_mosque"", ""islamabad"", ""mosque"", ""mosque_islamabad"", ""tag:building=mosque""]"
275,amenity:mosque,"[""amenity"", ""amenity_mosque"", ""islamabad"", ""islamabad_اسلام"", ""mosque"", ""mosque_islamabad"", ""tag:amenity=place_of_worship"", ""آباد"", ""اسلام"", ""اسلام_آباد""]"
276,amenity:mosque,"[""amenity"", ""amenity_mosque"", ""islamabad"", ""mosque"", ""mosque_islamabad"", ""tag:amenity=place_of_worship""]"
277,amenity:mosque,"[""amenity"", ""amenity_mosque"", ""islamabad"", ""mosque"", ""mosque_islamabad"", ""tag:amenity=place_of_worship"", ""tag:building=yes""]"
278,amenity:mosque,"[""amenity"", ""amenity_mosque"", ""islamabad"", ""mosque"", ""mosque_islamabad"", ""tag:amenity=place_of_worship"", ""tag:building=yes""]"
279,amenity:mosque,"[""amenity"", ""amenity_mosque"", ""islamabad"", ""mosque"", ""mosque_islamabad"", ""tag:amenity=place_of_worship""]"
280,amenity:mosque,"[""amenity"", ""amenity_mosque"", ""islamabad"", ""mosque"", ""mosque_islamabad"", ""tag:amenity=place_of_worship""]"
281,amenity:mosque,"[""amenity"", ""amenity_mosque"", ""islamabad"", ""mosque"", ""mosque_islamabad"", ""tag:amenity=place_of_worship"", ""tag:building=yes""]"
282,amenity:mosque,"[""amenity"", ""amenity_mosque"", ""islamabad"", ""islamabad_اسلام"", ""mosque"", ""mosque_islamabad"", ""tag:amenity=place_of_worship"", ""tag:building=mosque"", ""آباد"", ""اسلام"", ""اسلام_آباد""]"
283,amenity:mosque,"[""amenity"", ""amenity_mosque"", ""islamabad"", ""mosque"", ""mosque_islamabad"", ""tag:amenity=place_of_worship"", ""tag:building=yes""]"
284,amenity:mosque,"[""amenity"", ""amenity_mosque"", ""islamabad"", ""mosque"", ""mosque_islamabad"", ""tag:amenity=place_of_worship"", ""tag:building=yes""]"
285,amenity:mosque,"[""amenity"", ""amenity_mosque"", ""islamabad"", ""mosque"", ""mosque_islamabad"", ""tag:building=mosque""]"
286,amenity:mosque,"[""amenity"", ""amenity_mosque"", ""islamabad"", ""mosque"", ""mosque_islamabad"", ""tag:amenity=place_of_worship""]"
287,amenity:mosque,"[""amenity"", ""amenity_mosque"", ""islamabad"", ""mosque"", ""mosque_islamabad"", ""tag:amenity=place_of_worship"", ""tag:building=yes""]"
288,amenity:mosque,"[""amenity"", ""amenity_mosque"", ""islamabad"", ""mosque"", ""mosque_islamabad"", ""tag:amenity=place_of_worship"", ""tag:building=yes""]"
289,amenity:mosque,"[""amenity"", ""amenity_mosque"", ""islamabad"", ""islamabad_اسلام"", ""mosque"", ""mosque_islamabad"", ""tag:amenity=place_of_worship"", ""آباد"", ""اسلام"", ""اسلام_آباد""]"
290,amenity:mosque,"[""amenity"", ""amenity_mosque"", ""islamabad"", ""islamabad_اسلام"", ""mosque"", ""mosque_islamabad"", ""tag:amenity=place_of_worship"", ""tag:building=mosque"", ""آباد"", ""اسلام"", ""اسلام_آباد""]"
291,amenity:mosque,"[""amenity"", ""amenity_mosque"", ""islamabad"", ""islamabad_اسلام"", ""mosque"", ""mosque_islamabad"", ""tag:amenity=place_of_worship"", ""tag:building=mosque"", ""آباد"", ""اسلام"", ""اسلام_آباد""]"
292,amenity:mosque,"[""amenity"", ""amenity_mosque"", ""islamabad"", ""mosque"", ""mosque_islamabad"", ""tag:amenity=place_of_worship"", ""tag:building=yes""]"
293,amenity:mosque,"[""amenity"", ""amenity_mosque"", ""islamabad"", ""mosque"", ""mosque_islamabad"", ""tag:amenity=place_of_worship""]"
294,amenity:mosque,"[""amenity"", ""amenity_mosque"", ""islamabad"", ""mosque"", ""mosque_islamabad"", ""tag:amenity=place_of_worship"", ""tag:building=yes""]"
295,amenity:mosque,"[""amenity"", ""amenity_mosque"", ""islamabad"", ""mosque"", ""mosque_islamabad"", ""tag:building=mosque""]"
296,amenity:mosque,"[""amenity"", ""amenity_mosque"", ""college"", ""college_اسلام"", ""islamabad"", ""islamabad_college"", ""mosque"", ""mosque_islamabad"", ""tag:amenity=place_of_worship"", ""آباد"", ""اسلام"", ""اسلام_آباد""]"
297,amenity:mosque,"[""amenity"", ""amenity_mosque"", ""islamabad"", ""mosque"", ""mosque_islamabad"", ""tag:amenity=place_of_worship"", ""tag:building=yes""]"
298,amenity:mosque,"[""amenity"", ""amenity_mosque"", ""islamabad"", ""mosque"", ""mosque_islamabad"", ""tag:amenity=place_of_worship"", ""tag:building=mosque""]"
299,amenity:mosque,"[""amenity"", ""amenity_mosque"", ""islamabad"", ""mosque"", ""mosque_islamabad"", ""tag:amenity=place_of_worship"", ""tag:building=yes""]"
300,amenity:mosque,"[""amenity"", ""amenity_mosque"", ""islamabad"", ""islamabad_اسلام"", ""mosque"", ""mosque_islamabad"", ""tag:amenity=place_of_worship"", ""آباد"", ""اسلام"", ""اسلام_آباد""]"
301,amenity:mosque,"[""amenity"", ""amenity_mosque"", ""islamabad"", ""mosque"", ""mosque_islamabad"", ""tag:amenity=place_of_worship""]"
302,amenity:mosque,"[""amenity"", ""amenity_mosque"", ""islamabad"", ""mosque"", ""mosque_islamabad"", ""tag:building=mosque""]"
303,amenity:mosque,"[""amenity"", ""amenity_mosque"", ""islamabad"", ""mosque"", ""mosque_islamabad"", ""tag:amenity=place_of_worship""]"
304,amenity:mosque,"[""amenity"", ""amenity_mosque"", ""islamabad"", ""mosque"", ""mosque_islamabad"", ""tag:amenity=place_of_worship""]"
305,amenity:mosque,"[""amenity"", ""amenity_mosque"", ""islamabad"", ""mosque"", ""mosque_islamabad"", ""tag:amenity=place_of_worship"", ""tag:building=yes""]"
306,amenity:mosque,"[""amenity"", ""amenity_mosque"", ""islamabad"", ""mosque"", ""mosque_islamabad"", ""tag:amenity=place_of_worship""]"
307,amenity:mosque,"[""amenity"", ""amenity_mosque"", ""islamabad"", ""mosque"", ""mosque_islamabad"", ""tag:amenity=place_of_worship""]"
308,amenity:mosque,"[""amenity"", ""amenity_mosque"", ""islamabad"", ""mosque"", ""mosque_islamabad"", ""tag:amenity=place_of_worship"", ""tag:building=yes""]"
309,amenity:mosque,"[""amenity"", ""amenity_mosque"", ""islamabad"", ""islamabad_اسلام"", ""mosque"", ""mosque_islamabad"", ""tag:amenity=place_of_worship"", ""آباد"", ""اسلام"", ""اسلام_آباد""]"
310,amenity:mosque,"[""amenity"", ""amenity_mosque"", ""islamabad"", ""mosque"", ""mosque_islamabad"", ""tag:amenity=place_of_worship""]"
311,amenity:mosque,"[""amenity"", ""amenity_mosque"", ""islamabad"", ""mosque"", ""mosque_islamabad"", ""tag:building=mosque""]"
312,amenity:restaurant,"[""ali"", ""amenity"", ""amenity_restaurant"", ""baba"", ""g-11"", ""g-11_اسلام"", ""islamabad"", ""islamabad_sachal"", ""restaurant"", ""restaurant_amenity"", ""restaurant_islamabad"", ""sachal"", ""sachal_sarmast"", ""sarmast"", ""sarmast_g-11"", ""tag:amenity=restaurant"", ""آباد"", ""اسلام"", ""اسلام_آباد""]"
313,amenity:restaurant,"[""amenity"", ""amenity_restaurant"", ""cuisine"", ""islamabad"", ""islamabad_shabir"", ""restaurant"", ""restaurant_islamabad"", ""shabir"", ""shabir_sharif"", ""sharif"", ""sharif_اسلام"", ""tag:amenity=restaurant"", ""آباد"", ""اسلام"", ""اسلام_آباد""]"
314,amenity:restaurant,"[""amenity"", ""amenity_restaurant"", ""cafe"", ""college"", ""college_اسلام"", ""grill"", ""grill_amenity"", ""islamabad"", ""islamabad_college"", ""restaurant"", ""restaurant_islamabad"", ""tag:amenity=restaurant"", ""آباد"", ""اسلام"", ""اسلام_آباد""]"
315,amenity:restaurant,"[""amenity"", ""amenity_restaurant"", ""g-11"", ""g-11_اسلام"", ""hotel"", ""islamabad"", ""islamabad_service"", ""restaurant"", ""restaurant_amenity"", ""restaurant_islamabad"", ""service"", ""service_west"", ""tag:amenity=restaurant"", ""west"", ""west_g-11"", ""آباد"", ""اسلام"", ""اسلام_آباد""]"
316,amenity:restaurant,"[""amenity"", ""amenity_restaurant"", ""best"", ""islamabad"", ""restaurant"", ""restaurant_islamabad"", ""tag:amenity=restaurant"", ""tag:tourism=hotel""]"
317,amenity:restaurant,"[""amenity"", ""amenity_restaurant"", ""bismillah"", ""centre"", ""centre_amenity"", ""islamabad"", ""islamabad_اسلام"", ""naan"", ""naan_centre"", ""restaurant"", ""restaurant_islamabad"", ""tag:amenity=restaurant"", ""آباد"", ""اسلام"", ""اسلام_آباد""]"
318,amenity:restaurant,"[""amenity"", ""amenity_restaurant"", ""g-11"", ""g-11_اسلام"", ""islamabad"", ""islamabad_sachal"", ""restaurant"", ""restaurant_islamabad"", ""sachal"", ""sachal_sarmast"", ""sarmast"", ""sarmast_g-11"", ""tag:amenity=restaurant"", ""آباد"", ""اسلام"", ""اسلام_آباد""]"
319,amenity:restaurant,"[""amenity"", ""amenity_restaurant"", ""g-11"", ""g-11_اسلام"", ""islamabad"", ""islamabad_sachal"", ""restaurant"", ""restaurant_islamabad"", ""sachal"", ""sachal_sarmast"", ""sarmast"", ""sarmast_g-11"", ""tag:amenity=restaurant"", ""آباد"", ""اسلام"", ""اسلام_آباد""]"
320,amenity:restaurant,"[""amenity"", ""amenity_restaurant"", ""club"", ""club_amenity"", ""islamabad"", ""islamabad_اسلام"", ""restaurant"", ""restaurant_islamabad"", ""tag:amenity=restaurant"", ""آباد"", ""اسلام"", ""اسلام_آباد""]"
321,amenity:restaurant,"[""amenity"", ""amenity_restaurant"", ""islamabad"", ""islamabad_اسلام"", ""restaurant"", ""restaurant_islamabad"", ""tag:amenity=restaurant"", ""آباد"", ""اسلام"", ""اسلام_آباد""]"
322,amenity:restaurant,"[""amenity"", ""amenity_restaurant"", ""islamabad"", ""islamabad_اسلام"", ""restaurant"", ""restaurant_islamabad"", ""tag:amenity=restaurant"", ""tag:building=yes"", ""آباد"", ""اسلام"", ""اسلام_آباد""]"
323,amenity:restaurant,"[""amenity"", ""amenity_restaurant"", ""islamabad"", ""restaurant"", ""restaurant_islamabad"", ""tag:amenity=restaurant"", ""tag:tourism=viewpoint""]"
324,amenity:restaurant,"[""amenity"", ""amenity_restaurant"", ""islamabad"", ""islamabad_shabir"", ""khyber"", ""restaurant"", ""restaurant_amenity"", ""restaurant_islamabad"", ""shabir"", ""shabir_sharif"", ""sharif"", ""sharif_اسلام"", ""tag:amenity=restaurant"", ""آباد"", ""اسلام"", ""اسلام_آباد""]"
325,amenity:restaurant,"[""amenity"", ""amenity_restaurant"", ""des"", ""des_pardes"", ""islamabad"", ""pardes"", ""pardes_amenity"", ""restaurant"", ""restaurant_islamabad"", ""tag:amenity=restaurant"", ""tag:building=yes""]"
326,amenity:restaurant,"[""amenity"", ""amenity_restaurant"", ""des"", ""des_pardes"", ""islamabad"", ""pardes"", ""pardes_amenity"", ""restaurant"", ""restaurant_islamabad"", ""tag:amenity=restaurant"", ""tag:building=yes""]"
327,amenity:restaurant,"[""amenity"", ""amenity_restaurant"", ""des"", ""des_pardes"", ""islamabad"", ""islamabad_اسلام"", ""pardes"", ""pardes_amenity"", ""restaurant"", ""restaurant_islamabad"", ""tag:amenity=restaurant"", ""آباد"", ""اسلام"", ""اسلام_آباد""]"
328,amenity:restaurant,"[""amenity"", ""amenity_restaurant"", ""g-11"", ""g-11_اسلام"", ""islamabad"", ""islamabad_sachal"", ""pizza"", ""restaurant"", ""restaurant_islamabad"", ""sachal"", ""sachal_sarmast"", ""sarmast"", ""sarmast_g-11"", ""tag:amenity=restaurant"", ""آباد"", ""اسلام"", ""اسلام_آباد""]"
329,amenity:restaurant,"[""amenity"", ""amenity_restaurant"", ""food"", ""g-11"", ""g-11_اسلام"", ""islamabad"", ""islamabad_sachal"", ""restaurant"", ""restaurant_islamabad"", ""sachal"", ""sachal_sarmast"", ""sarmast"", ""sarmast_g-11"", ""tag:amenity=restaurant"", ""آباد"", ""اسلام"", ""اسلام_آباد""]"
330,amenity:restaurant,"[""amenity"", ""amenity_restaurant"", ""food"", ""islamabad"", ""restaurant"", ""restaurant_islamabad"", ""tag:amenity=restaurant"", ""tag:building=yes""]"
331,amenity:restaurant,"[""amenity"", ""amenity_restaurant"", ""golden"", ""islamabad"", ""islamabad_اسلام"", ""restaurant"", ""restaurant_islamabad"", ""tag:amenity=restaurant"", ""آباد"", ""اسلام"", ""اسلام_آباد""]"
332,amenity:restaurant,"[""amenity"", ""amenity_restaurant"", ""habibi"", ""islamabad"", ""islamabad_tipu"", ""restaurant"", ""restaurant_amenity"", ""restaurant_islamabad"", ""sultan"", ""sultan_اسلام"", ""tag:amenity=restaurant"", ""tipu"", ""tipu_sultan"", ""آباد"", ""اسلام"", ""اسلام_آباد""]"
333,amenity:restaurant,"[""amenity"", ""amenity_restaurant"", ""islamabad"", ""restaurant"", ""restaurant_islamabad"", ""tag:amenity=restaurant"", ""tag:building=yes""]"
334,amenity:restaurant,"[""amenity"", ""amenity_restaurant"", ""islamabad"", ""markaz"", ""markaz_اسلام"", ""restaurant"", ""restaurant_amenity"", ""restaurant_islamabad"", ""tag:amenity=restaurant"", ""آباد"", ""اسلام"", ""اسلام_آباد""]"
335,amenity:restaurant,"[""amenity"", ""amenity_restaurant"", ""islamabad"", ""islamabad_school"", ""restaurant"", ""restaurant_islamabad"", ""school"", ""school_اسلام"", ""tag:amenity=restaurant"", ""آباد"", ""اسلام"", ""اسلام_آباد""]"
336,amenity:restaurant,"[""amenity"", ""amenity_restaurant"", ""house"", ""house_amenity"", ""islamabad"", ""islamabad_johar"", ""johar"", ""johar_اسلام"", ""karachi"", ""restaurant"", ""restaurant_islamabad"", ""tag:amenity=restaurant"", ""آباد"", ""اسلام"", ""اسلام_آباد""]"
337,amenity:restaurant,"[""amenity"", ""amenity_restaurant"", ""g-11"", ""g-11_اسلام"", ""islamabad"", ""islamabad_sachal"", ""karachi"", ""restaurant"", ""restaurant_amenity"", ""restaurant_islamabad"", ""sachal"", ""sachal_sarmast"", ""sarmast"", ""sarmast_g-11"", ""tag:amenity=restaurant"", ""آباد"", ""اسلام"", ""اسلام_آباد""]"
338,amenity:restaurant,"[""amenity"", ""amenity_restaurant"", ""islamabad"", ""restaurant"", ""restaurant_islamabad"", ""tag:amenity=restaurant""]"
339,amenity:restaurant,"[""amenity"", ""amenity_restaurant"", ""islamabad"", ""islamabad_shabir"", ""khyber"", ""restaurant"", ""restaurant_amenity"", ""restaurant_islamabad"", ""shabir"", ""shabir_sharif"", ""sharif"", ""sharif_اسلام"", ""tag:amenity=restaurant"", ""آباد"", ""اسلام"", ""اسلام_آباد""]"
340,amenity:restaurant,"[""amenity"", ""amenity_restaurant"", ""bhitai"", ""bhitai_اسلام"", ""islamabad"", ""islamabad_bhitai"", ""restaurant"", ""restaurant_islamabad"", ""tag:amenity=restaurant"", ""آباد"", ""اسلام"", ""اسلام_آباد""]"
341,amenity:restaurant,"[""amenity"", ""amenity_restaurant"", ""bhitai"", ""bhitai_اسلام"", ""grill"", ""grill_amenity"", ""islamabad"", ""islamabad_bhitai"", ""kitchen"", ""restaurant"", ""restaurant_islamabad"", ""tag:amenity=restaurant"", ""آباد"", ""اسلام"", ""اسلام_آباد""]"
342,amenity:restaurant,"[""amenity"", ""amenity_restaurant"", ""islamabad"", ""restaurant"", ""restaurant_amenity"", ""restaurant_islamabad"", ""tag:amenity=restaurant"", ""tag:building=yes""]"
343,amenity:restaurant,"[""amenity"", ""amenity_restaurant"", ""islamabad"", ""restaurant"", ""restaurant_islamabad"", ""tag:amenity=restaurant""]"
344,amenity:restaurant,"[""amenity"", ""amenity_restaurant"", ""g-11"", ""g-11_اسلام"", ""islamabad"", ""islamabad_sachal"", ""restaurant"", ""restaurant_amenity"", ""restaurant_islamabad"", ""sachal"", ""sachal_sarmast"", ""sarmast"", ""sarmast_g-11"", ""tag:amenity=restaurant"", ""tandoori"", ""آباد"", ""اسلام"", ""اسلام_آباد""]"
345,amenity:restaurant,"[""amenity"", ""amenity_restaurant"", ""g-11"", ""g-11_اسلام"", ""islamabad"", ""islamabad_service"", ""restaurant"", ""restaurant_amenity"", ""restaurant_islamabad"", ""service"", ""service_west"", ""tag:amenity=restaurant"", ""west"", ""west_g-11"", ""آباد"", ""اسلام"", ""اسلام_آباد""]"
346,amenity:restaurant,"[""amenity"", ""amenity_restaurant"", ""dhaba"", ""dhaba_amenity"", ""islamabad"", ""islamabad_shabir"", ""markaz"", ""restaurant"", ""restaurant_islamabad"", ""shabir"", ""shabir_sharif"", ""sharif"", ""sharif_اسلام"", ""tag:amenity=restaurant"", ""آباد"", ""اسلام"", ""اسلام_آباد""]"
347,amenity:restaurant,"[""amenity"", ""amenity_restaurant"", ""hotel"", ""islamabad"", ""islamabad_rohtas"", ""restaurant"", ""restaurant_islamabad"", ""rohtas"", ""tag:amenity=restaurant""]"
348,amenity:restaurant,"[""amenity"", ""amenity_restaurant"", ""bazar"", ""centre"", ""iqbal"", ""islamabad"", ""naan"", ""naan_centre"", ""restaurant"", ""restaurant_amenity"", ""restaurant_islamabad"", ""tag:amenity=restaurant"", ""آباد"", ""اسلام"", ""اسلام_آباد""]"
349,amenity:restaurant,"[""amenity"", ""amenity_restaurant"", ""g-11"", ""g-11_اسلام"", ""islamabad"", ""islamabad_sachal"", ""naan"", ""restaurant"", ""restaurant_islamabad"", ""sachal"", ""sachal_sarmast"", ""sarmast"", ""sarmast_g-11"", ""tag:amenity=restaurant"", ""آباد"", ""اسلام"", ""اسلام_آباد""]"
350,amenity:restaurant,"[""amenity"", ""amenity_restaurant"", ""islamabad"", ""restaurant"", ""restaurant_islamabad"", ""tag:amenity=restaurant"", ""tag:building=yes""]"
351,amenity:restaurant,"[""agha"", ""agha_khan"", ""amenity"", ""amenity_restaurant"", ""islamabad"", ""islamabad_agha"", ""khan"", ""khan_اسلام"", ""restaurant"", ""restaurant_islamabad"", ""tag:amenity=restaurant"", ""آباد"", ""اسلام"", ""اسلام_آباد""]"
352,amenity:restaurant,"[""amenity"", ""amenity_restaurant"", ""bolan"", ""g-11"", ""g-11_اسلام"", ""islamabad"", ""islamabad_sachal"", ""new"", ""new_quetta"", ""quetta"", ""restaurant"", ""restaurant_islamabad"", ""resturant"", ""resturant_amenity"", ""sachal"", ""sachal_sarmast"", ""sarmast"", ""sarmast_g-11"", ""tag:amenity=restaurant"", ""آباد"", ""اسلام"", ""اسلام_آباد""]"
353,amenity:restaurant,"[""amenity"", ""amenity_restaurant"", ""cafe"", ""cafe_amenity"", ""islamabad"", ""islamabad_shabir"", ""new"", ""new_quetta"", ""quetta"", ""restaurant"", ""restaurant_islamabad"", ""shabir"", ""shabir_sharif"", ""sharif"", ""sharif_اسلام"", ""tag:amenity=restaurant"", ""آباد"", ""اسلام"", ""اسلام_آباد""]"
354,amenity:restaurant,"[""amenity"", ""amenity_restaurant"", ""islamabad"", ""new"", ""restaurant"", ""restaurant_amenity"", ""restaurant_islamabad"", ""tag:amenity=restaurant"", ""tag:building=yes""]"
355,amenity:restaurant,"[""amenity"", ""amenity_restaurant"", ""dhaba"", ""dhaba_amenity"", ""h9"", ""islamabad"", ""islamabad_service"", ""old"", ""restaurant"", ""restaurant_islamabad"", ""service"", ""service_south"", ""south"", ""south_h9"", ""tag:amenity=restaurant""]"
356,amenity:restaurant,"[""amenity"", ""amenity_restaurant"", ""g-11"", ""g-11_اسلام"", ""islamabad"", ""islamabad_sachal"", ""pizza"", ""restaurant"", ""restaurant_islamabad"", ""sachal"", ""sachal_sarmast"", ""sarmast"", ""sarmast_g-11"", ""tag:amenity=restaurant"", ""آباد"", ""اسلام"", ""اسلام_آباد""]"
357,amenity:restaurant,"[""amenity"", ""amenity_restaurant"", ""f7"", ""f7_markaz"", ""islamabad"", ""islamabad_f7"", ""markaz"", ""markaz_اسلام"", ""restaurant"", ""restaurant_amenity"", ""restaurant_islamabad"", ""tag:amenity=restaurant"", ""آباد"", ""اسلام"", ""اسلام_آباد""]"
358,amenity:restaurant,"[""amenity"", ""amenity_restaurant"", ""g-8"", ""g-8_markaz"", ""house"", ""house_amenity"", ""islamabad"", ""islamabad_ravi"", ""markaz"", ""paratha"", ""ravi"", ""restaurant"", ""restaurant_islamabad"", ""tag:amenity=restaurant""]"
359,amenity:restaurant,"[""amenity"", ""amenity_restaurant"", ""islamabad"", ""restaurant"", ""restaurant_islamabad"", ""tag:amenity=restaurant"", ""tag:building=yes"", ""آباد"", ""اسلام"", ""اسلام_آباد""]"
360,amenity:restaurant,"[""amenity"", ""amenity_restaurant"", ""islamabad"", ""restaurant"", ""restaurant_islamabad"", ""tag:amenity=restaurant""]"
361,amenity:restaurant,"[""amenity"", ""amenity_restaurant"", ""islamabad"", ""restaurant"", ""restaurant_islamabad"", ""tag:amenity=restaurant""]"
362,amenity:restaurant,"[""amenity"", ""amenity_restaurant"", ""g-11"", ""g-11_اسلام"", ""islamabad"", ""islamabad_sachal"", ""restaurant"", ""restaurant_amenity"", ""restaurant_islamabad"", ""sachal"", ""sachal_sarmast"", ""sarmast"", ""sarmast_g-11"", ""tag:amenity=restaurant"", ""آباد"", ""اسلام"", ""اسلام_آباد""]"
363,amenity:restaurant,"[""amenity"", ""amenity_restaurant"", ""f7"", ""f7_markaz"", ""islamabad"", ""islamabad_f7"", ""markaz"", ""markaz_اسلام"", ""restaurant"", ""restaurant_islamabad"", ""tag:amenity=restaurant"", ""آباد"", ""اسلام"", ""اسلام_آباد""]"
364,amenity:restaurant,"[""akm"", ""akm_fazul"", ""amenity"", ""amenity_restaurant"", ""fazul"", ""fazul_haq"", ""haq"", ""islamabad"", ""islamabad_akm"", ""restaurant"", ""restaurant_islamabad"", ""tag:amenity=restaurant""]"
365,amenity:restaurant,"[""amenity"", ""amenity_restaurant"", ""islamabad"", ""restaurant"", ""restaurant_islamabad"", ""resturant"", ""resturant_amenity"", ""tag:amenity=restaurant""]"
366,amenity:restaurant,"[""amenity"", ""amenity_restaurant"", ""g-11"", ""g-11_اسلام"", ""grill"", ""grill_amenity"", ""islamabad"", ""islamabad_sachal"", ""restaurant"", ""restaurant_islamabad"", ""sachal"", ""sachal_sarmast"", ""sarmast"", ""sarmast_g-11"", ""tag:amenity=restaurant"", ""آباد"", ""اسلام"", ""اسلام_آباد""]"
367,amenity:restaurant,"[""amenity"", ""amenity_restaurant"", ""gali"", ""gali_اسلام"", ""islamabad"", ""islamabad_gali"", ""restaurant"", ""restaurant_amenity"", ""restaurant_islamabad"", ""tag:amenity=restaurant"", ""tandoori"", ""آباد"", ""اسلام"", ""اسلام_آباد""]"
368,amenity:restaurant,"[""amenity"", ""amenity_restaurant"", ""club"", ""club_amenity"", ""islamabad"", ""restaurant"", ""restaurant_islamabad"", ""tag:amenity=restaurant"", ""tag:building=yes"", ""آباد"", ""اسلام"", ""اسلام_آباد"", ""روڈ"", ""روڈ_اسلام""]"
369,amenity:restaurant,"[""amenity"", ""amenity_restaurant"", ""cafe"", ""cafe_amenity"", ""g-11"", ""g-11_اسلام"", ""islamabad"", ""islamabad_sachal"", ""naan"", ""restaurant"", ""restaurant_islamabad"", ""sachal"", ""sachal_sarmast"", ""sarmast"", ""sarmast_g-11"", ""tag:amenity=restaurant"", ""آباد"", ""اسلام"", ""اسلام_آباد""]"
370,amenity:restaurant,"[""amenity"", ""amenity_restaurant"", ""g-11"", ""g-11_اسلام"", ""islamabad"", ""islamabad_sachal"", ""paratha"", ""restaurant"", ""restaurant_islamabad"", ""sachal"", ""sachal_sarmast"", ""sarmast"", ""sarmast_g-11"", ""tag:amenity=restaurant"", ""آباد"", ""اسلام"", ""اسلام_آباد""]"
371,amenity:restaurant,"[""amenity"", ""amenity_restaurant"", ""g-11"", ""g-11_اسلام"", ""islamabad"", ""islamabad_service"", ""restaurant"", ""restaurant_amenity"", ""restaurant_islamabad"", ""service"", ""service_west"", ""tag:amenity=restaurant"", ""west"", ""west_g-11"", ""آباد"", ""اسلام"", ""اسلام_آباد""]"
372,amenity:restaurant,"[""amenity"", ""amenity_restaurant"", ""islamabad"", ""islamabad_اسلام"", ""restaurant"", ""restaurant_islamabad"", ""shop"", ""tag:amenity=restaurant"", ""zeeshan"", ""آباد"", ""اسلام"", ""اسلام_آباد""]"
373,amenity:restaurant,"[""amenity"", ""amenity_restaurant"", ""islamabad"", ""islamabad_shabir"", ""restaurant"", ""restaurant_amenity"", ""restaurant_islamabad"", ""shabir"", ""shabir_sharif"", ""sharif"", ""sharif_اسلام"", ""tag:amenity=restaurant"", ""zeeshan"", ""آباد"", ""اسلام"", ""اسلام_آباد""]"
374,amenity:restaurant,"[""amenity"", ""amenity_restaurant"", ""islamabad"", ""restaurant"", ""restaurant_amenity"", ""restaurant_islamabad"", ""tag:amenity=restaurant""]"
375,amenity:restaurant,"[""amenity"", ""amenity_restaurant"", ""cafe"", ""islamabad"", ""restaurant"", ""restaurant_islamabad"", ""tag:amenity=restaurant""]"
376,amenity:restaurant,"[""amenity"", ""amenity_restaurant"", ""islamabad"", ""restaurant"", ""restaurant_islamabad"", ""tag:amenity=restaurant""]"
377,amenity:restaurant,"[""amenity"", ""amenity_restaurant"", ""islamabad"", ""islamabad_سروس"", ""restaurant"", ""restaurant_islamabad"", ""tag:amenity=restaurant"", ""آباد"", ""اسلام"", ""اسلام_آباد"", ""جی-11"", ""جی-11_اسلام"", ""روڈ"", ""روڈ_ویسٹ"", ""سروس"", ""سروس_روڈ"", ""ویسٹ"", ""ویسٹ_جی-11"", ""پیزا""]"
378,amenity:restaurant,"[""amenity"", ""amenity_restaurant"", ""islamabad"", ""islamabad_اسلام"", ""restaurant"", ""restaurant_islamabad"", ""tag:amenity=restaurant"", ""آباد"", ""اسلام"", ""اسلام_آباد"", ""پیزا"", ""پیزا_ہٹ"", ""ہٹ"", ""ہٹ_amenity""]"
379,amenity:restaurant,"[""amenity"", ""amenity_restaurant"", ""islamabad"", ""islamabad_اسلام"", ""restaurant"", ""restaurant_islamabad"", ""tag:amenity=restaurant"", ""آباد"", ""اسلام"", ""اسلام_آباد"", ""پیزا"", ""پیزا_ہٹ"", ""ہٹ"", ""ہٹ_amenity""]"
380,amenity:restaurant,"[""amenity"", ""amenity_restaurant"", ""islamabad"", ""islamabad_اسلام"", ""restaurant"", ""restaurant_islamabad"", ""tag:amenity=restaurant"", ""آباد"", ""اسلام"", ""اسلام_آباد"", ""پیزا"", ""پیزا_ہٹ"", ""ہٹ"", ""ہٹ_amenity""]"
381,amenity:restaurant,"[""amenity"", ""amenity_restaurant"", ""islamabad"", ""islamabad_اسٹریٹ"", ""restaurant"", ""restaurant_islamabad"", ""tag:amenity=restaurant"", ""آباد"", ""اسلام"", ""اسلام_آباد"", ""اسٹریٹ"", ""اسٹریٹ_اسلام"", ""ٹاؤن""]"
382,amenity:restaurant,"[""amenity"", ""amenity_restaurant"", ""islamabad"", ""restaurant"", ""restaurant_islamabad"", ""tag:amenity=restaurant"", ""کیفے"", ""کیفے_amenity""]"
383,amenity:restaurant,"[""amenity"", ""amenity_restaurant"", ""islamabad"", ""restaurant"", ""restaurant_islamabad"", ""tag:amenity=restaurant"", ""tag:building=yes""]"
384,amenity:restaurant,"[""amenity"", ""amenity_restaurant"", ""islamabad"", ""restaurant"", ""restaurant_islamabad"", ""tag:amenity=restaurant"", ""tag:building=yes""]"
385,amenity:restaurant,"[""amenity"", ""amenity_restaurant"", ""islamabad"", ""restaurant"", ""restaurant_islamabad"", ""tag:amenity=restaurant"", ""tag:building=yes""]"
386,amenity:school,"[""amenity"", ""amenity_school"", ""islamabad"", ""islamabad_amenity"", ""islamabad_service"", ""school"", ""school_islamabad"", ""service"", ""tag:amenity=school"", ""university"", ""university_islamabad"", ""آباد"", ""اسلام"", ""اسلام_آباد""]"
387,amenity:school,"[""amenity"", ""amenity_school"", ""islamabad"", ""islamabad_اسلام"", ""school"", ""school_amenity"", ""school_islamabad"", ""tag:amenity=school"", ""آباد"", ""اسلام"", ""اسلام_آباد""]"
388,amenity:school,"[""amenity"", ""amenity_school"", ""bahria"", ""bahria_foundation"", ""foundation"", ""foundation_school"", ""islamabad"", ""islamabad_اسلام"", ""school"", ""school_amenity"", ""school_islamabad"", ""tag:amenity=school"", ""آباد"", ""اسلام"", ""اسلام_آباد""]"
389,amenity:school,"[""amenity"", ""amenity_school"", ""bahria"", ""bahria_foundation"", ""foundation"", ""foundation_school"", ""islamabad"", ""islamabad_اسلام"", ""school"", ""school_amenity"", ""school_islamabad"", ""tag:amenity=school"", ""آباد"", ""اسلام"", ""اسلام_آباد""]"
390,amenity:school,"[""amenity"", ""amenity_school"", ""beaconhouse"", ""beaconhouse_margalla"", ""campus"", ""campus_amenity"", ""islamabad"", ""margalla"", ""margalla_campus"", ""school"", ""school_islamabad"", ""tag:amenity=school""]"
391,amenity:school,"[""amenity"", ""amenity_school"", ""beaconhouse"", ""beaconhouse_margalla"", ""campus"", ""campus_amenity"", ""islamabad"", ""margalla"", ""margalla_campus"", ""school"", ""school_islamabad"", ""tag:amenity=school""]"
392,amenity:school,"[""amenity"", ""amenity_school"", ""beaconhouse"", ""islamabad"", ""islamabad_اسلام"", ""school"", ""school_islamabad"", ""school_system"", ""system"", ""system_amenity"", ""tag:amenity=school"", ""آباد"", ""اسلام"", ""اسلام_آباد""]"
393,amenity:school,"[""amenity"", ""amenity_school"", ""islamabad"", ""islamabad_اسلام"", ""school"", ""school_islamabad"", ""tag:amenity=school"", ""آباد"", ""اسلام"", ""اسلام_آباد""]"
394,amenity:school,"[""amenity"", ""amenity_school"", ""east"", ""education"", ""islamabad"", ""islamabad_اسلام"", ""school"", ""school_islamabad"", ""system"", ""system_amenity"", ""tag:amenity=school"", ""west"", ""آباد"", ""اسلام"", ""اسلام_آباد""]"
395,amenity:school,"[""amenity"", ""amenity_school"", ""islamabad"", ""islamabad_اسلام"", ""model"", ""model_school"", ""school"", ""school_amenity"", ""school_islamabad"", ""tag:amenity=school"", ""آباد"", ""اسلام"", ""اسلام_آباد""]"
396,amenity:school,"[""amenity"", ""amenity_school"", ""islamabad"", ""school"", ""school_amenity"", ""school_islamabad"", ""tag:amenity=school""]"
397,amenity:school,"[""amenity"", ""amenity_school"", ""boys"", ""fg"", ""islamabad"", ""model"", ""model_school"", ""school"", ""school_amenity"", ""school_islamabad"", ""tag:amenity=school""]"
398,amenity:school,"[""amenity"", ""amenity_school"", ""fg"", ""g-84"", ""g-84_amenity"", ""islamabad"", ""junior"", ""junior_model"", ""model"", ""model_school"", ""school"", ""school_g-84"", ""school_islamabad"", ""tag:amenity=school""]"
399,amenity:school,"[""amenity"", ""amenity_school"", ""high"", ""high_school"", ""islamabad"", ""islamabad_murree"", ""model"", ""murree"", ""murree_راولپنڈی"", ""school"", ""school_amenity"", ""school_islamabad"", ""tag:amenity=school"", ""راولپنڈی""]"
400,amenity:school,"[""amenity"", ""amenity_school"", ""islamabad"", ""primary"", ""primary_school"", ""school"", ""school_amenity"", ""school_islamabad"", ""tag:amenity=school""]"
401,amenity:school,"[""amenity"", ""amenity_school"", ""boys"", ""federal"", ""federal_government"", ""g-84"", ""g-84_amenity"", ""government"", ""islamabad"", ""islamabad_اسلام"", ""school"", ""school_g-84"", ""school_islamabad"", ""secondary"", ""secondary_school"", ""tag:amenity=school"", ""آباد"", ""اسلام"", ""اسلام_آباد""]"
402,amenity:school,"[""amenity"", ""amenity_school"", ""college"", ""federal"", ""federal_government"", ""g-92"", ""g-92_amenity"", ""girls"", ""government"", ""government_girls"", ""islamabad"", ""islamabad_اسلام"", ""no"", ""no_g-92"", ""school"", ""school_islamabad"", ""tag:amenity=school"", ""آباد"", ""اسلام"", ""اسلام_آباد""]"
403,amenity:school,"[""amenity"", ""amenity_school"", ""federal"", ""federal_government"", ""girls"", ""girls_model"", ""government"", ""government_girls"", ""islamabad"", ""islamabad_اسلام"", ""model"", ""school"", ""school_amenity"", ""school_islamabad"", ""tag:amenity=school"", ""آباد"", ""اسلام"", ""اسلام_آباد""]"
404,amenity:school,"[""amenity"", ""amenity_school"", ""federal"", ""federal_government"", ""girls"", ""girls_model"", ""government"", ""government_girls"", ""islamabad"", ""islamabad_اسلام"", ""model"", ""model_school"", ""school"", ""school_islamabad"", ""tag:amenity=school"", ""آباد"", ""اسلام"", ""اسلام_آباد""]"
405,amenity:school,"[""amenity"", ""amenity_school"", ""federal"", ""federal_government"", ""girls"", ""girls_model"", ""government"", ""government_girls"", ""islamabad"", ""model"", ""model_school"", ""school"", ""school_islamabad"", ""tag:amenity=school""]"
406,amenity:school,"[""amenity"", ""amenity_school"", ""federal"", ""federal_government"", ""girls"", ""government"", ""government_girls"", ""islamabad"", ""islamabad_اسلام"", ""school"", ""school_amenity"", ""school_islamabad"", ""secondary"", ""secondary_school"", ""tag:amenity=school"", ""آباد"", ""اسلام"", ""اسلام_آباد""]"
407,amenity:school,"[""amenity"", ""amenity_school"", ""federal"", ""federal_government"", ""g-81"", ""gali"", ""gali_اسلام"", ""government"", ""government_junior"", ""islamabad"", ""islamabad_gali"", ""junior"", ""junior_model"", ""model"", ""model_school"", ""school"", ""school_islamabad"", ""tag:amenity=school"", ""آباد"", ""اسلام"", ""اسلام_آباد""]"
408,amenity:school,"[""amenity"", ""amenity_school"", ""federal"", ""federal_government"", ""government"", ""government_junior"", ""islamabad"", ""islamabad_اسلام"", ""junior"", ""junior_model"", ""model"", ""model_school"", ""no"", ""no_amenity"", ""school"", ""school_islamabad"", ""school_no"", ""tag:amenity=school"", ""آباد"", ""اسلام"", ""اسلام_آباد""]"
409,amenity:school,"[""amenity"", ""amenity_school"", ""federal"", ""federal_government"", ""gali"", ""gali_اسلام"", ""government"", ""government_junior"", ""islamabad"", ""islamabad_gali"", ""junior"", ""junior_model"", ""model"", ""model_school"", ""no"", ""no_amenity"", ""school"", ""school_islamabad"", ""school_no"", ""tag:amenity=school"", ""آباد"", ""اسلام"", ""اسلام_آباد""]"
410,amenity:school,"[""amenity"", ""amenity_school"", ""federal"", ""federal_government"", ""government"", ""government_junior"", ""islamabad"", ""junior"", ""junior_model"", ""model"", ""model_school"", ""no"", ""no_amenity"", ""school"", ""school_islamabad"", ""school_no"", ""tag:amenity=school""]"
411,amenity:school,"[""amenity"", ""amenity_school"", ""federal"", ""federal_government"", ""government"", ""government_junior"", ""islamabad"", ""junior"", ""no"", ""no_amenity"", ""school"", ""school_islamabad"", ""school_no"", ""tag:amenity=school""]"
412,amenity:school,"[""amenity"", ""amenity_school"", ""federal"", ""federal_government"", ""girls"", ""government"", ""government_model"", ""islamabad"", ""islamabad_saddar"", ""model"", ""saddar"", ""saddar_اسلام"", ""school"", ""school_amenity"", ""school_islamabad"", ""tag:amenity=school"", ""آباد"", ""اسلام"", ""اسلام_آباد""]"
413,amenity:school,"[""amenity"", ""amenity_school"", ""federal"", ""federal_government"", ""g-92"", ""g-92_amenity"", ""government"", ""government_model"", ""islamabad"", ""islamabad_اسلام"", ""model"", ""model_school"", ""no"", ""no_g-92"", ""school"", ""school_islamabad"", ""school_no"", ""tag:amenity=school"", ""آباد"", ""اسلام"", ""اسلام_آباد""]"
414,amenity:school,"[""amenity"", ""amenity_school"", ""federal"", ""federal_government"", ""government"", ""islamabad"", ""islamabad_اسلام"", ""model"", ""model_school"", ""primary"", ""school"", ""school_islamabad"", ""tag:amenity=school"", ""آباد"", ""اسلام"", ""اسلام_آباد""]"
415,amenity:school,"[""amenity"", ""amenity_school"", ""federal"", ""federal_government"", ""girls"", ""government"", ""government_secondary"", ""islamabad"", ""no"", ""no_amenity"", ""school"", ""school_girls"", ""school_islamabad"", ""secondary"", ""secondary_school"", ""tag:amenity=school""]"
416,amenity:school,"[""amenity"", ""amenity_school"", ""federal"", ""federal_government"", ""government"", ""government_secondary"", ""islamabad"", ""islamabad_اسلام"", ""no"", ""no_amenity"", ""school"", ""school_islamabad"", ""school_no"", ""secondary"", ""secondary_school"", ""tag:amenity=school"", ""آباد"", ""اسلام"", ""اسلام_آباد""]"
417,amenity:school,"[""amenity"", ""amenity_school"", ""hilal"", ""hilal_اسلام"", ""islamabad"", ""islamabad_hilal"", ""school"", ""school_islamabad"", ""tag:amenity=school"", ""آباد"", ""اسلام"", ""اسلام_آباد""]"
418,amenity:school,"[""amenity"", ""amenity_school"", ""international"", ""islamabad"", ""school"", ""school_amenity"", ""school_islamabad"", ""tag:amenity=school""]"
419,amenity:school,"[""amenity"", ""amenity_school"", ""islamabad"", ""islamabad_گلی"", ""school"", ""school_islamabad"", ""tag:amenity=school"", ""آباد"", ""اسلام"", ""اسلام_آباد"", ""اسکول"", ""اسکول_amenity"", ""گلی"", ""گلی_اسلام""]"
420,amenity:school,"[""amenity"", ""amenity_school"", ""islamabad"", ""islamabad_amenity"", ""school"", ""school_islamabad"", ""tag:amenity=school""]"
421,amenity:school,"[""amenity"", ""amenity_school"", ""din"", ""din_اسلام"", ""islamabad"", ""islamabad_nazim"", ""nazim"", ""nazim_ud"", ""school"", ""school_amenity"", ""school_islamabad"", ""tag:amenity=school"", ""ud"", ""ud_din"", ""آباد"", ""اسلام"", ""اسلام_آباد""]"
422,amenity:school,"[""amenity"", ""amenity_school"", ""f5"", ""f5_اسلام"", ""institute"", ""islamabad"", ""islamabad_service"", ""school"", ""school_islamabad"", ""service"", ""service_west"", ""tag:amenity=school"", ""west"", ""west_f5"", ""آباد"", ""اسلام"", ""اسلام_آباد""]"
423,amenity:school,"[""amenity"", ""amenity_school"", ""grammar"", ""grammar_school"", ""international"", ""islamabad"", ""islamabad_اسلام"", ""school"", ""school_amenity"", ""school_islamabad"", ""tag:amenity=school"", ""آباد"", ""اسلام"", ""اسلام_آباد""]"
424,amenity:school,"[""amenity"", ""amenity_school"", ""din"", ""din_اسلام"", ""grammar"", ""grammar_school"", ""international"", ""international_islamic"", ""islamabad"", ""islamabad_nazim"", ""islamic"", ""nazim"", ""nazim_ud"", ""school"", ""school_amenity"", ""school_islamabad"", ""tag:amenity=school"", ""ud"", ""ud_din"", ""آباد"", ""اسلام"", ""اسلام_آباد""]"
425,amenity:school,"[""amenity"", ""amenity_school"", ""international"", ""international_islamic"", ""islamabad"", ""islamic"", ""school"", ""school_amenity"", ""school_islamabad"", ""tag:amenity=school""]"
426,amenity:school,"[""amenity"", ""amenity_school"", ""convent"", ""islamabad"", ""islamabad_convent"", ""school"", ""school_islamabad"", ""tag:amenity=school""]"
427,amenity:school,"[""amenity"", ""amenity_school"", ""convent"", ""convent_school"", ""islamabad"", ""islamabad_convent"", ""school"", ""school_amenity"", ""school_islamabad"", ""tag:amenity=school""]"
428,amenity:school,"[""amenity"", ""amenity_school"", ""convent"", ""convent_school"", ""islamabad"", ""islamabad_convent"", ""islamabad_اسلام"", ""school"", ""school_amenity"", ""school_islamabad"", ""tag:amenity=school"", ""آباد"", ""اسلام"", ""اسلام_آباد""]"
429,amenity:school,"[""amenity"", ""amenity_school"", ""grammar"", ""grammar_school"", ""islamabad"", ""islamabad_mangla"", ""mangla"", ""mangla_اسلام"", ""school"", ""school_amenity"", ""school_islamabad"", ""tag:amenity=school"", ""آباد"", ""اسلام"", ""اسلام_آباد""]"
430,amenity:school,"[""amenity"", ""amenity_school"", ""boys"", ""college"", ""college_boys"", ""islamabad"", ""islamabad_model"", ""islamabad_اسلام"", ""model"", ""model_college"", ""school"", ""school_islamabad"", ""tag:amenity=school"", ""آباد"", ""اسلام"", ""اسلام_آباد""]"
431,amenity:school,"[""amenity"", ""amenity_school"", ""boys"", ""college"", ""college_boys"", ""islamabad"", ""islamabad_model"", ""islamabad_اسلام"", ""model"", ""model_college"", ""school"", ""school_islamabad"", ""tag:amenity=school"", ""آباد"", ""اسلام"", ""اسلام_آباد""]"
432,amenity:school,"[""amenity"", ""amenity_school"", ""college"", ""college_girls"", ""f-62"", ""girls"", ""islamabad"", ""islamabad_model"", ""model"", ""model_college"", ""school"", ""school_islamabad"", ""tag:amenity=school""]"
433,amenity:school,"[""amenity"", ""amenity_school"", ""college"", ""college_girls"", ""girls"", ""islamabad"", ""islamabad_model"", ""islamabad_اسلام"", ""model"", ""model_college"", ""school"", ""school_islamabad"", ""tag:amenity=school"", ""آباد"", ""اسلام"", ""اسلام_آباد""]"
434,amenity:school,"[""amenity"", ""amenity_school"", ""college"", ""college_girls"", ""girls"", ""islamabad"", ""islamabad_model"", ""model"", ""model_college"", ""school"", ""school_islamabad"", ""tag:amenity=school""]"
435,amenity:school,"[""amenity"", ""amenity_school"", ""f-71"", ""f-71_amenity"", ""islamabad"", ""islamabad_model"", ""model"", ""primary"", ""primary_school"", ""school"", ""school_islamabad"", ""tag:amenity=school""]"
436,amenity:school,"[""amenity"", ""amenity_school"", ""islamabad"", ""islamabad_model"", ""islamabad_اسلام"", ""model"", ""model_school"", ""school"", ""school_amenity"", ""school_islamabad"", ""tag:amenity=school"", ""آباد"", ""اسلام"", ""اسلام_آباد""]"
437,amenity:school,"[""amenity"", ""amenity_school"", ""gali"", ""gali_اسلام"", ""islamabad"", ""islamabad_gali"", ""islamabad_model"", ""model"", ""model_school"", ""school"", ""school_amenity"", ""school_islamabad"", ""tag:amenity=school"", ""آباد"", ""اسلام"", ""اسلام_آباد""]"
438,amenity:school,"[""amenity"", ""amenity_school"", ""g-92"", ""g-92_amenity"", ""islamabad"", ""islamabad_model"", ""model"", ""model_school"", ""no"", ""no_g-92"", ""school"", ""school_islamabad"", ""tag:amenity=school""]"
439,amenity:school,"[""amenity"", ""amenity_school"", ""boys"", ""chak"", ""chak_shehzad"", ""islamabad"", ""islamabad_model"", ""model"", ""model_school"", ""school"", ""school_boys"", ""school_islamabad"", ""shehzad"", ""tag:amenity=school""]"
440,amenity:school,"[""amenity"", ""amenity_school"", ""g-84"", ""g-84_amenity"", ""islamabad"", ""islamabad_model"", ""islamabad_اسلام"", ""model"", ""model_school"", ""school"", ""school_g-84"", ""school_islamabad"", ""tag:amenity=school"", ""آباد"", ""اسلام"", ""اسلام_آباد""]"
441,amenity:school,"[""amenity"", ""amenity_school"", ""i-81"", ""islamabad"", ""islamabad_amenity"", ""islamabad_model"", ""model"", ""model_school"", ""school"", ""school_islamabad"", ""tag:amenity=school""]"
442,amenity:school,"[""amenity"", ""amenity_school"", ""g-92"", ""islamabad"", ""islamabad_model"", ""islamabad_اسلام"", ""model"", ""model_school"", ""no"", ""no_g-92"", ""school"", ""school_islamabad"", ""school_no"", ""tag:amenity=school"", ""آباد"", ""اسلام"", ""اسلام_آباد""]"
443,amenity:school,"[""amenity"", ""amenity_school"", ""girls"", ""islamabad"", ""islamabad_model"", ""model"", ""model_school"", ""school"", ""school_girls"", ""school_islamabad"", ""tag:amenity=school""]"
444,amenity:school,"[""amenity"", ""amenity_school"", ""girls"", ""i-81"", ""islamabad"", ""islamabad_model"", ""model"", ""model_school"", ""school"", ""school_girls"", ""school_islamabad"", ""tag:amenity=school""]"
445,amenity:school,"[""amenity"", ""amenity_school"", ""islamabad"", ""jamia"", ""school"", ""school_islamabad"", ""tag:amenity=school""]"
446,amenity:school,"[""amenity"", ""amenity_school"", ""east"", ""east_g-10"", ""g-10"", ""g-10_اسلام"", ""islamabad"", ""islamabad_service"", ""school"", ""school_islamabad"", ""service"", ""service_east"", ""tag:amenity=school"", ""آباد"", ""اسلام"", ""اسلام_آباد""]"
447,amenity:school,"[""amenity"", ""amenity_school"", ""high"", ""high_school"", ""islamabad"", ""islamabad_اسلام"", ""school"", ""school_amenity"", ""school_islamabad"", ""tag:amenity=school"", ""آباد"", ""اسلام"", ""اسلام_آباد""]"
448,amenity:school,"[""amenity"", ""amenity_school"", ""islamabad"", ""model"", ""model_school"", ""school"", ""school_amenity"", ""school_islamabad"", ""tag:amenity=school""]"
449,amenity:school,"[""amenity"", ""amenity_school"", ""islamabad"", ""islamabad_اسلام"", ""school"", ""school_amenity"", ""school_islamabad"", ""tag:amenity=school"", ""آباد"", ""اسلام"", ""اسلام_آباد""]"
450,amenity:school,"[""amenity"", ""amenity_school"", ""islamabad"", ""muslim"", ""school"", ""school_islamabad"", ""tag:amenity=school""]"
451,amenity:school,"[""amenity"", ""amenity_school"", ""center"", ""islamabad"", ""margala"", ""national"", ""school"", ""school_islamabad"", ""tag:amenity=school""]"
452,amenity:school,"[""amenity"", ""amenity_school"", ""islamabad"", ""numl"", ""school"", ""school_islamabad"", ""tag:amenity=school""]"
453,amenity:school,"[""amenity"", ""amenity_school"", ""boys"", ""college"", ""college_amenity"", ""islamabad"", ""opf"", ""school"", ""school_islamabad"", ""tag:amenity=school""]"
454,amenity:school,"[""amenity"", ""amenity_school"", ""foundation"", ""foundation_school"", ""islamabad"", ""opf"", ""school"", ""school_amenity"", ""school_islamabad"", ""tag:amenity=school""]"
455,amenity:school,"[""amenity"", ""amenity_school"", ""islamabad"", ""pak"", ""school"", ""school_amenity"", ""school_islamabad"", ""tag:amenity=school""]"
456,amenity:school,"[""amenity"", ""amenity_school"", ""islamabad"", ""islamabad_amenity"", ""islamabad_اسلام"", ""school"", ""school_islamabad"", ""tag:amenity=school"", ""آباد"", ""اسلام"", ""اسلام_آباد""]"
457,amenity:school,"[""amenity"", ""amenity_school"", ""islamabad"", ""islamabad_amenity"", ""school"", ""school_islamabad"", ""tag:amenity=school"", ""university"", ""university_islamabad""]"
458,amenity:school,"[""amenity"", ""amenity_school"", ""branch"", ""branch_amenity"", ""g-11"", ""islamabad"", ""islamabad_اسلام"", ""school"", ""school_islamabad"", ""tag:amenity=school"", ""آباد"", ""اسلام"", ""اسلام_آباد""]"
459,amenity:school,"[""amenity"", ""amenity_school"", ""islamabad"", ""school"", ""school_islamabad"", ""school_system"", ""system"", ""system_amenity"", ""tag:amenity=school"", ""آباد"", ""اسلام"", ""اسلام_آباد""]"
460,amenity:school,"[""amenity"", ""amenity_school"", ""club"", ""club_amenity"", ""islamabad"", ""islamabad_اسلام"", ""school"", ""school_islamabad"", ""tag:amenity=school"", ""آباد"", ""اسلام"", ""اسلام_آباد""]"
461,amenity:school,"[""amenity"", ""amenity_school"", ""city"", ""city_school"", ""islamabad"", ""school"", ""school_amenity"", ""school_islamabad"", ""tag:amenity=school""]"
462,amenity:school,"[""amenity"", ""amenity_school"", ""branch"", ""branch_amenity"", ""city"", ""city_school"", ""g-10"", ""islamabad"", ""islamabad_sawan"", ""sawan"", ""sawan_اسلام"", ""school"", ""school_islamabad"", ""tag:amenity=school"", ""آباد"", ""اسلام"", ""اسلام_آباد""]"
463,amenity:school,"[""amenity"", ""amenity_school"", ""islamabad"", ""islamabad_saddar"", ""saddar"", ""saddar_اسلام"", ""school"", ""school_islamabad"", ""tag:amenity=school"", ""آباد"", ""اسلام"", ""اسلام_آباد""]"
464,amenity:school,"[""amenity"", ""amenity_school"", ""g-10"", ""g-10_اسلام"", ""islamabad"", ""islamabad_service"", ""school"", ""school_amenity"", ""school_islamabad"", ""service"", ""service_west"", ""tag:amenity=school"", ""west"", ""آباد"", ""اسلام"", ""اسلام_آباد""]"
465,amenity:school,"[""ali"", ""amenity"", ""amenity_school"", ""boys"", ""islamabad"", ""model"", ""model_school"", ""school"", ""school_boys"", ""school_islamabad"", ""shaheed"", ""tag:amenity=school"", ""tag:building=yes""]"
466,amenity:school,"[""amenity"", ""amenity_school"", ""college"", ""islamabad"", ""school"", ""school_islamabad"", ""tag:amenity=school""]"
467,amenity:school,"[""amenity"", ""amenity_school"", ""islamabad"", ""islamabad_model"", ""model"", ""model_school"", ""school"", ""school_amenity"", ""school_islamabad"", ""tag:amenity=school""]"
468,amenity:school,"[""amenity"", ""amenity_school"", ""centre"", ""centre_amenity"", ""islamabad"", ""school"", ""school_islamabad"", ""tag:amenity=school""]"
469,amenity:school,"[""amenity"", ""amenity_school"", ""international"", ""islamabad"", ""school"", ""school_islamabad"", ""tag:amenity=school"", ""university""]"
470,amenity:school,"[""amenity"", ""amenity_school"", ""islamabad"", ""school"", ""school_amenity"", ""school_islamabad"", ""tag:amenity=school""]"
471,amenity:school,"[""amenity"", ""amenity_school"", ""islamabad"", ""islamabad_سروس"", ""school"", ""school_islamabad"", ""tag:amenity=school"", ""آباد"", ""اسلام"", ""اسلام_آباد"", ""اسکول"", ""اسکول_amenity"", ""جی-11"", ""جی-11_اسلام"", ""روڈ"", ""روڈ_ویسٹ"", ""سروس"", ""سروس_روڈ"", ""ویسٹ"", ""ویسٹ_جی-11""]"
472,amenity:school,"[""amenity"", ""amenity_school"", ""islamabad"", ""islamabad_اسلام"", ""school"", ""school_islamabad"", ""tag:amenity=school"", ""آباد"", ""اسلام"", ""اسلام_آباد""]"
473,amenity:school,"[""amenity"", ""amenity_school"", ""islamabad"", ""islamabad_islamabad"", ""school"", ""school_islamabad"", ""tag:amenity=school""]"
474,amenity:school,"[""amenity"", ""amenity_school"", ""gali"", ""islamabad"", ""islamabad_gali"", ""school"", ""school_islamabad"", ""tag:amenity=school""]"
475,amenity:school,"[""amenity"", ""amenity_school"", ""islamabad"", ""islamabad_islamabad"", ""school"", ""school_islamabad"", ""tag:amenity=school""]"
476,amenity:school,"[""amenity"", ""amenity_school"", ""islamabad"", ""school"", ""school_islamabad"", ""tag:amenity=school""]"
477,amenity:school,"[""amenity"", ""amenity_school"", ""islamabad"", ""islamabad_islamabad"", ""school"", ""school_islamabad"", ""tag:amenity=school""]"
478,amenity:school,"[""amenity"", ""amenity_school"", ""islamabad"", ""islamabad_اسلام"", ""school"", ""school_islamabad"", ""tag:amenity=school"", ""آباد"", ""اسلام"", ""اسلام_آباد""]"
479,amenity:school,"[""amenity"", ""amenity_school"", ""islamabad"", ""school"", ""school_islamabad"", ""tag:amenity=school""]"
480,amenity:school,"[""amenity"", ""amenity_school"", ""islamabad"", ""school"", ""school_islamabad"", ""tag:amenity=school""]"
481,amenity:school,"[""amenity"", ""amenity_school"", ""islamabad"", ""school"", ""school_islamabad"", ""tag:amenity=school""]"
482,amenity:school,"[""amenity"", ""amenity_school"", ""islamabad"", ""school"", ""school_islamabad"", ""tag:amenity=school""]"
483,amenity:school,"[""amenity"", ""amenity_school"", ""islamabad"", ""school"", ""school_islamabad"", ""tag:amenity=school""]"
484,amenity:school,"[""amenity"", ""amenity_school"", ""islamabad"", ""school"", ""school_islamabad"", ""tag:amenity=school""]"
485,amenity:school,"[""amenity"", ""amenity_school"", ""islamabad"", ""school"", ""school_islamabad"", ""tag:amenity=school""]"
486,building:residential,"[""akm"", ""akm_fazul"", ""building"", ""building_residential"", ""fazul"", ""fazul_haq"", ""haq"", ""haq_اسلام"", ""islamabad"", ""islamabad_akm"", ""plaza"", ""plaza_building"", ""residential"", ""residential_islamabad"", ""tag:building=residential"", ""آباد"", ""اسلام"", ""اسلام_آباد""]"
487,building:residential,"[""building"", ""building_residential"", ""islamabad"", ""khan"", ""residential"", ""residential_islamabad"", ""tag:building=residential""]"
488,building:residential,"[""building"", ""building_residential"", ""f5"", ""f5_اسلام"", ""g5"", ""g5_service"", ""islamabad"", ""islamabad_service"", ""lodges"", ""lodges_building"", ""parliament"", ""parliament_lodges"", ""residential"", ""residential_islamabad"", ""service"", ""service_west"", ""tag:building=residential"", ""west"", ""west_f5"", ""west_g5"", ""آباد"", ""اسلام"", ""اسلام_آباد""]"
489,building:residential,"[""akm"", ""akm_fazul"", ""building"", ""building_residential"", ""fazul"", ""fazul_haq"", ""haq"", ""haq_اسلام"", ""islamabad"", ""islamabad_akm"", ""lodges"", ""lodges_building"", ""parliament"", ""parliament_lodges"", ""residential"", ""residential_islamabad"", ""tag:building=residential"", ""آباد"", ""اسلام"", ""اسلام_آباد""]"
490,building:residential,"[""building"", ""building_residential"", ""house"", ""islamabad"", ""residential"", ""residential_islamabad"", ""tag:building=residential""]"
491,building:residential,"[""building"", ""building_residential"", ""islamabad"", ""islamabad_jinnah"", ""jinnah"", ""jinnah_اسلام"", ""plaza"", ""plaza_building"", ""residential"", ""residential_islamabad"", ""tag:building=residential"", ""آباد"", ""اسلام"", ""اسلام_آباد""]"
492,building:residential,"[""building"", ""building_residential"", ""islamabad"", ""residential"", ""residential_islamabad"", ""tag:building=residential""]"
493,building:residential,"[""building"", ""building_residential"", ""islamabad"", ""residential"", ""residential_islamabad"", ""tag:building=residential""]"
494,building:residential,"[""building"", ""building_residential"", ""islamabad"", ""residential"", ""residential_islamabad"", ""tag:building=residential""]"
495,building:residential,"[""building"", ""building_residential"", ""islamabad"", ""residential"", ""residential_islamabad"", ""tag:building=residential""]"
496,building:residential,"[""building"", ""building_residential"", ""islamabad"", ""residential"", ""residential_islamabad"", ""tag:building=residential""]"
497,building:residential,"[""building"", ""building_residential"", ""islamabad"", ""residential"", ""residential_islamabad"", ""tag:building=residential""]"
498,building:residential,"[""building"", ""building_residential"", ""islamabad"", ""residential"", ""residential_islamabad"", ""tag:building=residential""]"
499,building:residential,"[""building"", ""building_residential"", ""islamabad"", ""residential"", ""residential_islamabad"", ""tag:building=residential""]"
500,building:residential,"[""building"", ""building_residential"", ""islamabad"", ""residential"", ""residential_islamabad"", ""tag:building=residential""]"
501,building:residential,"[""building"", ""building_residential"", ""islamabad"", ""residential"", ""residential_islamabad"", ""tag:building=residential""]"
502,building:residential,"[""building"", ""building_residential"", ""islamabad"", ""residential"", ""residential_islamabad"", ""tag:building=residential""]"
503,building:residential,"[""building"", ""building_residential"", ""islamabad"", ""residential"", ""residential_islamabad"", ""tag:building=residential""]"
504,building:residential,"[""building"", ""building_residential"", ""islamabad"", ""residential"", ""residential_islamabad"", ""tag:building=residential""]"
505,building:residential,"[""building"", ""building_residential"", ""islamabad"", ""residential"", ""residential_islamabad"", ""tag:building=residential""]"
506,building:residential,"[""building"", ""building_residential"", ""islamabad"", ""residential"", ""residential_islamabad"", ""tag:building=residential""]"
507,building:residential,"[""building"", ""building_residential"", ""islamabad"", ""residential"", ""residential_islamabad"", ""tag:building=residential""]"
508,building:residential,"[""building"", ""building_residential"", ""islamabad"", ""residential"", ""residential_islamabad"", ""tag:building=residential""]"
509,building:residential,"[""building"", ""building_residential"", ""islamabad"", ""residential"", ""residential_islamabad"", ""tag:building=residential""]"
510,highway:bus_stop,"[""7th"", ""7th_station"", ""bus"", ""bus_stop"", ""islamabad"", ""station"", ""station_bus"", ""stop"", ""stop_islamabad"", ""tag:highway=bus_stop""]"
511,highway:bus_stop,"[""7th"", ""7th_station"", ""bus"", ""bus_stop"", ""islamabad"", ""station"", ""station_bus"", ""stop"", ""stop_islamabad"", ""tag:highway=bus_stop""]"
512,highway:bus_stop,"[""aabpara"", ""bus"", ""bus_stop"", ""islamabad"", ""stop"", ""stop_bus"", ""stop_islamabad"", ""tag:highway=bus_stop""]"
513,highway:bus_stop,"[""bus"", ""bus_stop"", ""islamabad"", ""ltd"", ""stop"", ""stop_islamabad"", ""tag:highway=bus_stop""]"
514,highway:bus_stop,"[""bilal"", ""bus"", ""bus_stop"", ""islamabad"", ""service"", ""stop"", ""stop_islamabad"", ""tag:highway=bus_stop""]"
515,highway:bus_stop,"[""adda"", ""bus"", ""bus_stop"", ""islamabad"", ""stop"", ""stop_islamabad"", ""tag:highway=bus_stop""]"
516,highway:bus_stop,"[""bus"", ""bus_stop"", ""chaman"", ""chaman_station"", ""islamabad"", ""station"", ""station_bus"", ""stop"", ""stop_islamabad"", ""tag:highway=bus_stop""]"
517,highway:bus_stop,"[""bus"", ""bus_stop"", ""chaman"", ""chaman_station"", ""islamabad"", ""station"", ""station_bus"", ""stop"", ""stop_islamabad"", ""tag:highway=bus_stop""]"
518,highway:bus_stop,"[""bus"", ""bus_stop"", ""islamabad"", ""stop"", ""stop_islamabad"", ""tag:highway=bus_stop""]"
519,highway:bus_stop,"[""ahmed"", ""ahmed_faiz"", ""bus"", ""bus_stop"", ""faiz"", ""faiz_ahmed"", ""faiz_station"", ""islamabad"", ""station"", ""station_bus"", ""stop"", ""stop_islamabad"", ""tag:highway=bus_stop""]"
520,highway:bus_stop,"[""ahmed"", ""ahmed_faiz"", ""bus"", ""bus_stop"", ""faiz"", ""faiz_ahmed"", ""faiz_station"", ""islamabad"", ""station"", ""station_bus"", ""stop"", ""stop_islamabad"", ""tag:highway=bus_stop""]"
521,highway:bus_stop,"[""bus"", ""bus_stop"", ""faizabad"", ""islamabad"", ""stop"", ""stop_islamabad"", ""tag:highway=bus_stop"", ""آباد""]"
522,highway:bus_stop,"[""adda"", ""bus"", ""bus_stop"", ""faizabad"", ""islamabad"", ""mansehra"", ""stop"", ""stop_islamabad"", ""tag:highway=bus_stop"", ""terminal""]"
523,highway:bus_stop,"[""bus"", ""bus_stop"", ""faizabad"", ""faizabad_station"", ""islamabad"", ""station"", ""station_bus"", ""stop"", ""stop_islamabad"", ""tag:highway=bus_stop""]"
524,highway:bus_stop,"[""bus"", ""bus_stop"", ""faizabad"", ""faizabad_station"", ""islamabad"", ""station"", ""station_bus"", ""stop"", ""stop_islamabad"", ""tag:highway=bus_stop""]"
525,highway:bus_stop,"[""bus"", ""bus_stop"", ""islamabad"", ""stop"", ""stop_islamabad"", ""tag:highway=bus_stop""]"
526,highway:bus_stop,"[""bus"", ""bus_stop"", ""g-9"", ""islamabad"", ""stop"", ""stop_bus"", ""stop_islamabad"", ""tag:highway=bus_stop"", ""wagon""]"
527,highway:bus_stop,"[""bus"", ""bus_stop"", ""g10"", ""g10_metro"", ""islamabad"", ""metro"", ""metro_station"", ""station"", ""station_bus"", ""stop"", ""stop_islamabad"", ""tag:highway=bus_stop""]"
528,highway:bus_stop,"[""bus"", ""bus_stop"", ""g10"", ""g10_metro"", ""islamabad"", ""metro"", ""metro_station"", ""station"", ""station_bus"", ""stop"", ""stop_islamabad"", ""tag:highway=bus_stop""]"
529,highway:bus_stop,"[""bus"", ""bus_stop"", ""ibne"", ""ibne_sina"", ""islamabad"", ""sina"", ""sina_station"", ""station"", ""station_bus"", ""stop"", ""stop_islamabad"", ""tag:highway=bus_stop""]"
530,highway:bus_stop,"[""bus"", ""bus_stop"", ""ibne"", ""ibne_sina"", ""islamabad"", ""sina"", ""sina_station"", ""station"", ""station_bus"", ""stop"", ""stop_islamabad"", ""tag:highway=bus_stop""]"
531,highway:bus_stop,"[""bus"", ""bus_stop"", ""islamabad"", ""kachehri"", ""kachehri_station"", ""station"", ""station_bus"", ""stop"", ""stop_islamabad"", ""tag:highway=bus_stop""]"
532,highway:bus_stop,"[""bus"", ""bus_stop"", ""islamabad"", ""kachehri"", ""kachehri_station"", ""station"", ""station_bus"", ""stop"", ""stop_islamabad"", ""tag:highway=bus_stop""]"
533,highway:bus_stop,"[""bus"", ""bus_stop"", ""highway"", ""highway_station"", ""islamabad"", ""kashmir"", ""kashmir_highway"", ""station"", ""station_bus"", ""stop"", ""stop_islamabad"", ""tag:highway=bus_stop""]"
534,highway:bus_stop,"[""bus"", ""bus_stop"", ""highway"", ""highway_station"", ""islamabad"", ""kashmir"", ""kashmir_highway"", ""station"", ""station_bus"", ""stop"", ""stop_islamabad"", ""tag:highway=bus_stop""]"
535,highway:bus_stop,"[""bus"", ""bus_stop"", ""islamabad"", ""khayaban-i-johar"", ""khayaban-i-johar_station"", ""station"", ""station_bus"", ""stop"", ""stop_islamabad"", ""tag:highway=bus_stop""]"
536,highway:bus_stop,"[""bus"", ""bus_stop"", ""islamabad"", ""khayaban-i-johar"", ""khayaban-i-johar_station"", ""station"", ""station_bus"", ""stop"", ""stop_islamabad"", ""tag:highway=bus_stop""]"
537,highway:bus_stop,"[""bus"", ""bus_stop"", ""islamabad"", ""local"", ""stop"", ""stop_bus"", ""stop_islamabad"", ""tag:highway=bus_stop""]"
538,highway:bus_stop,"[""bus"", ""bus_stop"", ""islamabad"", ""mansehra"", ""stop"", ""stop_bus"", ""stop_islamabad"", ""tag:highway=bus_stop"", ""wagon"", ""wagon_stop""]"
539,highway:bus_stop,"[""bus"", ""bus_station"", ""bus_stop"", ""ibn-e-sina"", ""islamabad"", ""metro"", ""metro_bus"", ""station"", ""stop"", ""stop_islamabad"", ""tag:highway=bus_stop""]"
540,highway:bus_stop,"[""bus"", ""bus_station"", ""bus_stop"", ""islamabad"", ""metro"", ""metro_bus"", ""station"", ""stop"", ""stop_islamabad"", ""tag:highway=bus_stop""]"
541,highway:bus_stop,"[""7th"", ""bus"", ""bus_stop"", ""bus_terminal"", ""islamabad"", ""metro"", ""metro_bus"", ""stop"", ""stop_islamabad"", ""tag:highway=bus_stop"", ""terminal""]"
542,highway:bus_stop,"[""bus"", ""bus_stop"", ""bus_terminal"", ""chaman"", ""islamabad"", ""metro"", ""metro_bus"", ""stop"", ""stop_islamabad"", ""tag:highway=bus_stop"", ""terminal""]"
543,highway:bus_stop,"[""bus"", ""bus_stop"", ""bus_terminal"", ""faizabad"", ""islamabad"", ""metro"", ""metro_bus"", ""stop"", ""stop_islamabad"", ""tag:highway=bus_stop"", ""terminal""]"
544,highway:bus_stop,"[""bus"", ""bus_stop"", ""bus_terminal"", ""islamabad"", ""metro"", ""metro_bus"", ""stop"", ""stop_islamabad"", ""tag:highway=bus_stop"", ""terminal""]"
545,highway:bus_stop,"[""bus"", ""bus_stop"", ""bus_terminal"", ""islamabad"", ""metro"", ""metro_bus"", ""stop"", ""stop_islamabad"", ""tag:highway=bus_stop"", ""terminal""]"
546,highway:bus_stop,"[""bus"", ""bus_stop"", ""bus_terminal"", ""islamabad"", ""metro"", ""metro_bus"", ""pak"", ""secretariat"", ""stop"", ""stop_islamabad"", ""tag:highway=bus_stop"", ""terminal""]"
547,highway:bus_stop,"[""bus"", ""bus_stop"", ""bus_terminal"", ""ground"", ""islamabad"", ""metro"", ""metro_bus"", ""parade"", ""parade_ground"", ""stop"", ""stop_islamabad"", ""tag:highway=bus_stop"", ""terminal""]"
548,highway:bus_stop,"[""bus"", ""bus_stop"", ""bus_terminal"", ""islamabad"", ""metro"", ""metro_bus"", ""peshawar"", ""stop"", ""stop_islamabad"", ""tag:highway=bus_stop"", ""terminal""]"
549,highway:bus_stop,"[""bus"", ""bus_stop"", ""bus_terminal"", ""islamabad"", ""metro"", ""metro_bus"", ""shaheed-e-millat"", ""stop"", ""stop_islamabad"", ""tag:highway=bus_stop"", ""terminal""]"
550,highway:bus_stop,"[""bus"", ""bus_stop"", ""bus_terminal"", ""exchange"", ""islamabad"", ""metro"", ""metro_bus"", ""stock"", ""stock_exchange"", ""stop"", ""stop_islamabad"", ""tag:highway=bus_stop"", ""terminal""]"
551,highway:bus_stop,"[""bus"", ""bus_stop"", ""islamabad"", ""metro"", ""metro_station"", ""nha"", ""nha_metro"", ""station"", ""station_bus"", ""stop"", ""stop_islamabad"", ""tag:highway=bus_stop""]"
552,highway:bus_stop,"[""bus"", ""bus_stop"", ""islamabad"", ""metro"", ""metro_station"", ""nha"", ""nha_metro"", ""station"", ""station_bus"", ""stop"", ""stop_islamabad"", ""tag:highway=bus_stop""]"
553,highway:bus_stop,"[""bus"", ""bus_station"", ""bus_stop"", ""islamabad"", ""metro"", ""metro_bus"", ""pims"", ""pims_metro"", ""station"", ""station_bus"", ""stop"", ""stop_islamabad"", ""tag:highway=bus_stop""]"
554,highway:bus_stop,"[""bus"", ""bus_station"", ""bus_stop"", ""islamabad"", ""metro"", ""metro_bus"", ""pims"", ""pims_metro"", ""station"", ""station_bus"", ""stop"", ""stop_islamabad"", ""tag:highway=bus_stop""]"
555,highway:bus_stop,"[""bus"", ""bus_stop"", ""ground"", ""ground_station"", ""islamabad"", ""parade"", ""parade_ground"", ""station"", ""station_bus"", ""stop"", ""stop_islamabad"", ""tag:highway=bus_stop""]"
556,highway:bus_stop,"[""bus"", ""bus_stop"", ""ground"", ""ground_station"", ""islamabad"", ""parade"", ""parade_ground"", ""station"", ""station_bus"", ""stop"", ""stop_islamabad"", ""tag:highway=bus_stop""]"
557,highway:bus_stop,"[""bus"", ""bus_stop"", ""islamabad"", ""peshawar"", ""stop"", ""stop_islamabad"", ""tag:highway=bus_stop""]"
558,highway:bus_stop,"[""bus"", ""bus_stop"", ""foundation"", ""foundation_metro"", ""islamabad"", ""metro"", ""metro_station"", ""police"", ""police_foundation"", ""station"", ""station_bus"", ""stop"", ""stop_islamabad"", ""tag:highway=bus_stop""]"
559,highway:bus_stop,"[""bus"", ""bus_stop"", ""foundation"", ""foundation_metro"", ""islamabad"", ""metro"", ""metro_station"", ""police"", ""police_foundation"", ""station"", ""station_bus"", ""stop"", ""stop_islamabad"", ""tag:highway=bus_stop""]"
560,highway:bus_stop,"[""bus"", ""bus_stop"", ""islamabad"", ""pothohar"", ""pothohar_station"", ""station"", ""station_bus"", ""stop"", ""stop_islamabad"", ""tag:highway=bus_stop""]"
561,highway:bus_stop,"[""bus"", ""bus_stop"", ""islamabad"", ""pothohar"", ""pothohar_station"", ""station"", ""station_bus"", ""stop"", ""stop_islamabad"", ""tag:highway=bus_stop""]"
562,highway:bus_stop,"[""bus"", ""bus_stop"", ""islamabad"", ""stop"", ""stop_bus"", ""stop_islamabad"", ""tag:highway=bus_stop""]"
563,highway:bus_stop,"[""bus"", ""bus_stop"", ""chowk"", ""islamabad"", ""stop"", ""stop_islamabad"", ""tag:highway=bus_stop""]"
564,highway:bus_stop,"[""bus"", ""bus_stop"", ""islamabad"", ""secretariat"", ""secretariat_station"", ""station"", ""station_bus"", ""stop"", ""stop_islamabad"", ""tag:highway=bus_stop""]"
565,highway:bus_stop,"[""bus"", ""bus_stop"", ""islamabad"", ""secretariat"", ""secretariat_station"", ""station"", ""station_bus"", ""stop"", ""stop_islamabad"", ""tag:highway=bus_stop""]"
566,highway:bus_stop,"[""bus"", ""bus_stop"", ""islamabad"", ""shaheed-i-millat"", ""shaheed-i-millat_station"", ""station"", ""station_bus"", ""stop"", ""stop_islamabad"", ""tag:highway=bus_stop""]"
567,highway:bus_stop,"[""bus"", ""bus_stop"", ""islamabad"", ""shaheed-i-millat"", ""shaheed-i-millat_station"", ""station"", ""station_bus"", ""stop"", ""stop_islamabad"", ""tag:highway=bus_stop""]"
568,highway:bus_stop,"[""bus"", ""bus_stop"", ""exchange"", ""exchange_station"", ""islamabad"", ""station"", ""station_bus"", ""stock"", ""stock_exchange"", ""stop"", ""stop_islamabad"", ""tag:highway=bus_stop""]"
569,highway:bus_stop,"[""bus"", ""bus_stop"", ""exchange"", ""exchange_station"", ""islamabad"", ""station"", ""station_bus"", ""stock"", ""stock_exchange"", ""stop"", ""stop_islamabad"", ""tag:highway=bus_stop""]"
570,highway:bus_stop,"[""bus"", ""bus_stop"", ""islamabad"", ""stop"", ""stop_bus"", ""stop_islamabad"", ""tag:highway=bus_stop"", ""wagon"", ""wagon_stop""]"
571,highway:bus_stop,"[""bus"", ""bus_stop"", ""islamabad"", ""stop"", ""stop_islamabad"", ""tag:highway=bus_stop""]"
572,highway:bus_stop,"[""bus"", ""bus_stop"", ""islamabad"", ""stop"", ""stop_islamabad"", ""tag:highway=bus_stop""]"
573,highway:bus_stop,"[""bus"", ""bus_stop"", ""islamabad"", ""stop"", ""stop_islamabad"", ""tag:highway=bus_stop""]"
574,highway:bus_stop,"[""bus"", ""bus_stop"", ""islamabad"", ""stop"", ""stop_islamabad"", ""tag:highway=bus_stop""]"
575,highway:bus_stop,"[""bus"", ""bus_stop"", ""islamabad"", ""stop"", ""stop_islamabad"", ""tag:highway=bus_stop""]"
576,highway:bus_stop,"[""bus"", ""bus_stop"", ""islamabad"", ""stop"", ""stop_islamabad"", ""tag:highway=bus_stop""]"
577,highway:bus_stop,"[""bus"", ""bus_stop"", ""islamabad"", ""stop"", ""stop_islamabad"", ""tag:highway=bus_stop""]"
578,highway:bus_stop,"[""bus"", ""bus_stop"", ""islamabad"", ""stop"", ""stop_islamabad"", ""tag:highway=bus_stop""]"
579,highway:bus_stop,"[""bus"", ""bus_stop"", ""islamabad"", ""stop"", ""stop_islamabad"", ""tag:highway=bus_stop""]"
580,historic:monument,"[""aabpara"", ""chowk"", ""historic"", ""historic_monument"", ""islamabad"", ""monument"", ""monument_islamabad"", ""tag:historic=monument""]"
581,historic:monument,"[""historic"", ""historic_monument"", ""islamabad"", ""monument"", ""monument_islamabad"", ""tag:historic=monument""]"
582,historic:monument,"[""education"", ""federal"", ""historic"", ""historic_monument"", ""islamabad"", ""monument"", ""monument_islamabad"", ""tag:historic=monument""]"
583,historic:monument,"[""historic"", ""historic_monument"", ""islamabad"", ""monument"", ""monument_historic"", ""monument_islamabad"", ""tag:historic=monument""]"
584,historic:monument,"[""historic"", ""historic_monument"", ""islamabad"", ""monument"", ""monument_historic"", ""monument_islamabad"", ""tag:historic=monument""]"
585,historic:monument,"[""historic"", ""historic_monument"", ""iqbal"", ""islamabad"", ""monument"", ""monument_islamabad"", ""tag:historic=monument""]"
586,historic:monument,"[""historic"", ""historic_monument"", ""islamabad"", ""monument"", ""monument_historic"", ""monument_islamabad"", ""sharif"", ""tag:historic=monument""]"
587,historic:monument,"[""historic"", ""historic_monument"", ""islamabad"", ""monument"", ""monument_islamabad"", ""tag:historic=monument""]"
588,historic:monument,"[""historic"", ""historic_monument"", ""islamabad"", ""monument"", ""monument_islamabad"", ""tag:historic=monument"", ""پاکستان""]"
589,historic:monument,"[""historic"", ""historic_monument"", ""islamabad"", ""monument"", ""monument_islamabad"", ""tag:historic=monument""]"
590,leisure:park,"[""islamabad"", ""leisure"", ""leisure_park"", ""monument"", ""park"", ""park_islamabad"", ""tag:leisure=park""]"
591,leisure:park,"[""islamabad"", ""leisure"", ""leisure_park"", ""park"", ""park_islamabad"", ""park_leisure"", ""tag:leisure=park""]"
592,leisure:park,"[""islamabad"", ""leisure"", ""leisure_park"", ""park"", ""park_islamabad"", ""park_leisure"", ""tag:leisure=park""]"
593,leisure:park,"[""islamabad"", ""islamabad_اسلام"", ""leisure"", ""leisure_park"", ""park"", ""park_islamabad"", ""park_leisure"", ""tag:leisure=park"", ""tag:shop=G-10/3, Islamabad"", ""آباد"", ""اسلام"", ""اسلام_آباد""]"
594,leisure:park,"[""cda"", ""islamabad"", ""islamabad_اسلام"", ""leisure"", ""leisure_park"", ""park"", ""park_islamabad"", ""park_leisure"", ""tag:leisure=park"", ""آباد"", ""اسلام"", ""اسلام_آباد""]"
595,leisure:park,"[""cda"", ""islamabad"", ""islamabad_rohtas"", ""leisure"", ""leisure_park"", ""park"", ""park_islamabad"", ""park_leisure"", ""public"", ""public_park"", ""rohtas"", ""rohtas_اسلام"", ""tag:leisure=park"", ""آباد"", ""اسلام"", ""اسلام_آباد""]"
596,leisure:park,"[""children"", ""children_park"", ""gali"", ""gali_اسلام"", ""islamabad"", ""islamabad_gali"", ""leisure"", ""leisure_park"", ""park"", ""park_islamabad"", ""park_leisure"", ""tag:leisure=park"", ""آباد"", ""اسلام"", ""اسلام_آباد""]"
597,leisure:park,"[""children"", ""children_park"", ""islamabad"", ""islamabad_اسلام"", ""leisure"", ""leisure_park"", ""park"", ""park_islamabad"", ""park_leisure"", ""tag:leisure=park"", ""آباد"", ""اسلام"", ""اسلام_آباد""]"
598,leisure:park,"[""gali"", ""gali_اسلام"", ""islamabad"", ""islamabad_gali"", ""leisure"", ""leisure_park"", ""park"", ""park_islamabad"", ""park_leisure"", ""tag:leisure=park"", ""آباد"", ""اسلام"", ""اسلام_آباد""]"
599,leisure:park,"[""islamabad"", ""islamabad_اسلام"", ""leisure"", ""leisure_park"", ""park"", ""park_islamabad"", ""park_leisure"", ""tag:leisure=park"", ""آباد"", ""اسلام"", ""اسلام_آباد""]"
600,leisure:park,"[""gali"", ""gali_اسلام"", ""islamabad"", ""islamabad_gali"", ""leisure"", ""leisure_park"", ""park"", ""park_islamabad"", ""park_leisure"", ""tag:leisure=park"", ""آباد"", ""اسلام"", ""اسلام_آباد""]"
601,leisure:park,"[""islamabad"", ""islamabad_ismail"", ""ismail"", ""ismail_zabeeh"", ""leisure"", ""leisure_park"", ""park"", ""park_islamabad"", ""tag:leisure=park"", ""zabeeh"", ""zabeeh_اسلام"", ""آباد"", ""اسلام"", ""اسلام_آباد""]"
602,leisure:park,"[""islamabad"", ""leisure"", ""leisure_park"", ""park"", ""park_islamabad"", ""tag:leisure=park""]"
603,leisure:park,"[""fg"", ""islamabad"", ""leisure"", ""leisure_park"", ""park"", ""park_islamabad"", ""tag:leisure=park""]"
604,leisure:park,"[""city"", ""din"", ""din_اسلام"", ""islamabad"", ""islamabad_nazim"", ""leisure"", ""leisure_park"", ""nazim"", ""nazim_ud"", ""park"", ""park_islamabad"", ""tag:leisure=park"", ""ud"", ""ud_din"", ""آباد"", ""اسلام"", ""اسلام_آباد""]"
605,leisure:park,"[""islamabad"", ""islamabad_اسلام"", ""leisure"", ""leisure_park"", ""park"", ""park_islamabad"", ""park_leisure"", ""tag:leisure=park"", ""آباد"", ""اسلام"", ""اسلام_آباد""]"
606,leisure:park,"[""islamabad"", ""leisure"", ""leisure_park"", ""park"", ""park_islamabad"", ""park_leisure"", ""tag:leisure=park""]"
607,leisure:park,"[""islamabad"", ""leisure"", ""leisure_park"", ""park"", ""park_islamabad"", ""park_leisure"", ""tag:leisure=park"", ""view""]"
608,leisure:park,"[""gali"", ""gali_اسلام"", ""islamabad"", ""islamabad_gali"", ""leisure"", ""leisure_park"", ""park"", ""park_islamabad"", ""park_leisure"", ""public"", ""public_park"", ""tag:leisure=park"", ""آباد"", ""اسلام"", ""اسلام_آباد""]"
609,leisure:park,"[""islamabad"", ""leisure"", ""leisure_park"", ""paf"", ""park"", ""park_islamabad"", ""tag:leisure=park""]"
610,leisure:park,"[""gali"", ""gali_اسلام"", ""islamabad"", ""islamabad_gali"", ""leisure"", ""leisure_park"", ""park"", ""park_islamabad"", ""park_leisure"", ""square"", ""tag:leisure=park"", ""آباد"", ""اسلام"", ""اسلام_آباد""]"
611,leisure:park,"[""gali"", ""gali_اسلام"", ""islamabad"", ""islamabad_gali"", ""leisure"", ""leisure_park"", ""park"", ""park_islamabad"", ""park_leisure"", ""tag:leisure=park"", ""آباد"", ""اسلام"", ""اسلام_آباد""]"
612,leisure:park,"[""islamabad"", ""leisure"", ""leisure_park"", ""park"", ""park_islamabad"", ""tag:leisure=park""]"
613,leisure:park,"[""islamabad"", ""leisure"", ""leisure_park"", ""park"", ""park_islamabad"", ""tag:leisure=park"", ""باغ"", ""باغ_leisure""]"
614,leisure:park,"[""islamabad"", ""leisure"", ""leisure_park"", ""park"", ""park_islamabad"", ""tag:leisure=park"", ""باغ"", ""باغ_leisure""]"
615,leisure:park,"[""islamabad"", ""islamabad_اسلام"", ""leisure"", ""leisure_park"", ""park"", ""park_islamabad"", ""tag:leisure=park"", ""آباد"", ""اسلام"", ""اسلام_آباد"", ""جناح"", ""جناح_پارک"", ""فاطمہ"", ""فاطمہ_جناح"", ""پارک"", ""پارک_leisure""]"
616,leisure:park,"[""islamabad"", ""islamabad_اسلام"", ""leisure"", ""leisure_park"", ""park"", ""park_islamabad"", ""tag:leisure=park"", ""tag:tourism=attraction"", ""آباد"", ""اسلام"", ""اسلام_آباد"", ""جناح"", ""جناح_پارک"", ""فاطمہ"", ""فاطمہ_جناح"", ""پارک"", ""پارک_leisure""]"
617,leisure:park,"[""islamabad"", ""leisure"", ""leisure_park"", ""park"", ""park_islamabad"", ""tag:leisure=park""]"
618,leisure:park,"[""islamabad"", ""leisure"", ""leisure_park"", ""park"", ""park_islamabad"", ""tag:leisure=park""]"
619,leisure:park,"[""islamabad"", ""leisure"", ""leisure_park"", ""park"", ""park_islamabad"", ""tag:leisure=park""]"
620,leisure:park,"[""islamabad"", ""leisure"", ""leisure_park"", ""park"", ""park_islamabad"", ""tag:leisure=park""]"
621,leisure:park,"[""islamabad"", ""leisure"", ""leisure_park"", ""park"", ""park_islamabad"", ""tag:leisure=park""]"
622,leisure:park,"[""islamabad"", ""leisure"", ""leisure_park"", ""park"", ""park_islamabad"", ""tag:leisure=park""]"
623,leisure:park,"[""islamabad"", ""leisure"", ""leisure_park"", ""park"", ""park_islamabad"", ""tag:leisure=park""]"
624,leisure:park,"[""islamabad"", ""leisure"", ""leisure_park"", ""park"", ""park_islamabad"", ""tag:leisure=park""]"
625,leisure:park,"[""islamabad"", ""leisure"", ""leisure_park"", ""park"", ""park_islamabad"", ""tag:leisure=park""]"
626,leisure:park,"[""islamabad"", ""leisure"", ""leisure_park"", ""park"", ""park_islamabad"", ""tag:leisure=park""]"
627,leisure:park,"[""islamabad"", ""leisure"", ""leisure_park"", ""park"", ""park_islamabad"", ""tag:leisure=park""]"
628,leisure:park,"[""islamabad"", ""leisure"", ""leisure_park"", ""park"", ""park_islamabad"", ""tag:leisure=park""]"
629,leisure:park,"[""islamabad"", ""leisure"", ""leisure_park"", ""park"", ""park_islamabad"", ""tag:leisure=park""]"
630,leisure:park,"[""islamabad"", ""leisure"", ""leisure_park"", ""park"", ""park_islamabad"", ""tag:leisure=park""]"
631,leisure:park,"[""islamabad"", ""leisure"", ""leisure_park"", ""park"", ""park_islamabad"", ""tag:leisure=park""]"
632,leisure:park,"[""islamabad"", ""leisure"", ""leisure_park"", ""park"", ""park_islamabad"", ""tag:leisure=park""]"
633,leisure:park,"[""islamabad"", ""leisure"", ""leisure_park"", ""park"", ""park_islamabad"", ""tag:leisure=park""]"
634,leisure:park,"[""islamabad"", ""leisure"", ""leisure_park"", ""park"", ""park_islamabad"", ""tag:leisure=park""]"
635,leisure:park,"[""islamabad"", ""leisure"", ""leisure_park"", ""park"", ""park_islamabad"", ""tag:leisure=park""]"
636,leisure:park,"[""islamabad"", ""leisure"", ""leisure_park"", ""park"", ""park_islamabad"", ""tag:leisure=park""]"
637,leisure:park,"[""islamabad"", ""leisure"", ""leisure_park"", ""park"", ""park_islamabad"", ""tag:leisure=park""]"
638,leisure:park,"[""islamabad"", ""islamabad_اسلام"", ""leisure"", ""leisure_park"", ""park"", ""park_islamabad"", ""tag:leisure=park"", ""آباد"", ""اسلام"", ""اسلام_آباد""]"
639,leisure:park,"[""islamabad"", ""islamabad_اسلام"", ""leisure"", ""leisure_park"", ""park"", ""park_islamabad"", ""tag:leisure=park"", ""آباد"", ""اسلام"", ""اسلام_آباد""]"
640,leisure:park,"[""islamabad"", ""leisure"", ""leisure_park"", ""park"", ""park_islamabad"", ""tag:leisure=park""]"
641,leisure:park,"[""islamabad"", ""leisure"", ""leisure_park"", ""park"", ""park_islamabad"", ""tag:leisure=park""]"
642,leisure:park,"[""islamabad"", ""leisure"", ""leisure_park"", ""park"", ""park_islamabad"", ""tag:leisure=park""]"
643,leisure:park,"[""islamabad"", ""leisure"", ""leisure_park"", ""park"", ""park_islamabad"", ""tag:leisure=park""]"
644,leisure:park,"[""islamabad"", ""leisure"", ""leisure_park"", ""park"", ""park_islamabad"", ""tag:leisure=park""]"
645,leisure:park,"[""islamabad"", ""leisure"", ""leisure_park"", ""park"", ""park_islamabad"", ""tag:leisure=park""]"
646,leisure:park,"[""islamabad"", ""leisure"", ""leisure_park"", ""park"", ""park_islamabad"", ""tag:leisure=park""]"
647,leisure:park,"[""islamabad"", ""leisure"", ""leisure_park"", ""park"", ""park_islamabad"", ""tag:leisure=park""]"
648,natural:tree,"[""islamabad"", ""natural"", ""natural_tree"", ""tag:natural=tree"", ""tree"", ""tree_islamabad""]"
649,natural:tree,"[""islamabad"", ""natural"", ""natural_tree"", ""tag:natural=tree"", ""tree"", ""tree_islamabad""]"
650,natural:tree,"[""islamabad"", ""natural"", ""natural_tree"", ""tag:natural=tree"", ""tree"", ""tree_islamabad""]"
651,natural:tree,"[""islamabad"", ""natural"", ""natural_tree"", ""tag:natural=tree"", ""tree"", ""tree_islamabad""]"
652,natural:tree,"[""islamabad"", ""natural"", ""natural_tree"", ""tag:natural=tree"", ""tree"", ""tree_islamabad""]"
653,natural:tree,"[""islamabad"", ""natural"", ""natural_tree"", ""tag:natural=tree"", ""tree"", ""tree_islamabad""]"
654,natural:tree,"[""islamabad"", ""natural"", ""natural_tree"", ""tag:natural=tree"", ""tree"", ""tree_islamabad""]"
655,natural:tree,"[""islamabad"", ""natural"", ""natural_tree"", ""tag:natural=tree"", ""tree"", ""tree_islamabad""]"
656,natural:tree,"[""islamabad"", ""natural"", ""natural_tree"", ""tag:natural=tree"", ""tree"", ""tree_islamabad""]"
657,natural:tree,"[""islamabad"", ""natural"", ""natural_tree"", ""tag:natural=tree"", ""tree"", ""tree_islamabad""]"
658,natural:tree,"[""islamabad"", ""natural"", ""natural_tree"", ""tag:natural=tree"", ""tree"", ""tree_islamabad""]"
659,natural:tree,"[""islamabad"", ""natural"", ""natural_tree"", ""tag:natural=tree"", ""tree"", ""tree_islamabad""]"
660,natural:tree,"[""islamabad"", ""natural"", ""natural_tree"", ""tag:natural=tree"", ""tree"", ""tree_islamabad""]"
661,natural:tree,"[""islamabad"", ""natural"", ""natural_tree"", ""tag:natural=tree"", ""tree"", ""tree_islamabad""]"
662,natural:tree,"[""islamabad"", ""natural"", ""natural_tree"", ""tag:natural=tree"", ""tree"", ""tree_islamabad""]"
663,natural:tree,"[""islamabad"", ""natural"", ""natural_tree"", ""tag:natural=tree"", ""tree"", ""tree_islamabad""]"
664,natural:tree,"[""islamabad"", ""natural"", ""natural_tree"", ""tag:natural=tree"", ""tree"", ""tree_islamabad""]"
665,natural:tree,"[""islamabad"", ""natural"", ""natural_tree"", ""tag:natural=tree"", ""tree"", ""tree_islamabad""]"
666,natural:tree,"[""islamabad"", ""natural"", ""natural_tree"", ""tag:natural=tree"", ""tree"", ""tree_islamabad""]"
667,natural:tree,"[""islamabad"", ""natural"", ""natural_tree"", ""tag:natural=tree"", ""tree"", ""tree_islamabad""]"
668,natural:tree,"[""islamabad"", ""natural"", ""natural_tree"", ""tag:natural=tree"", ""tree"", ""tree_islamabad""]"
669,natural:tree,"[""islamabad"", ""natural"", ""natural_tree"", ""tag:natural=tree"", ""tree"", ""tree_islamabad""]"
670,natural:tree,"[""islamabad"", ""natural"", ""natural_tree"", ""tag:natural=tree"", ""tree"", ""tree_islamabad""]"
671,natural:tree,"[""islamabad"", ""natural"", ""natural_tree"", ""tag:natural=tree"", ""tree"", ""tree_islamabad""]"
672,natural:tree,"[""islamabad"", ""natural"", ""natural_tree"", ""tag:natural=tree"", ""tree"", ""tree_islamabad""]"
673,natural:tree,"[""islamabad"", ""natural"", ""natural_tree"", ""tag:natural=tree"", ""tree"", ""tree_islamabad""]"
674,natural:tree,"[""islamabad"", ""natural"", ""natural_tree"", ""tag:natural=tree"", ""tree"", ""tree_islamabad""]"
675,natural:tree,"[""islamabad"", ""natural"", ""natural_tree"", ""tag:natural=tree"", ""tree"", ""tree_islamabad""]"
676,natural:tree,"[""islamabad"", ""natural"", ""natural_tree"", ""tag:natural=tree"", ""tree"", ""tree_islamabad""]"
677,natural:tree,"[""islamabad"", ""natural"", ""natural_tree"", ""tag:natural=tree"", ""tree"", ""tree_islamabad""]"
678,natural:tree,"[""islamabad"", ""natural"", ""natural_tree"", ""tag:natural=tree"", ""tree"", ""tree_islamabad""]"
679,natural:tree,"[""islamabad"", ""natural"", ""natural_tree"", ""tag:natural=tree"", ""tree"", ""tree_islamabad""]"
680,natural:tree,"[""islamabad"", ""natural"", ""natural_tree"", ""tag:natural=tree"", ""tree"", ""tree_islamabad""]"
681,natural:tree,"[""islamabad"", ""natural"", ""natural_tree"", ""tag:natural=tree"", ""tree"", ""tree_islamabad""]"
682,natural:tree,"[""islamabad"", ""natural"", ""natural_tree"", ""tag:natural=tree"", ""tree"", ""tree_islamabad""]"
683,natural:tree,"[""islamabad"", ""natural"", ""natural_tree"", ""tag:natural=tree"", ""tree"", ""tree_islamabad""]"
684,natural:tree,"[""islamabad"", ""natural"", ""natural_tree"", ""tag:natural=tree"", ""tree"", ""tree_islamabad""]"
685,natural:tree,"[""islamabad"", ""natural"", ""natural_tree"", ""tag:natural=tree"", ""tree"", ""tree_islamabad""]"
686,natural:tree,"[""islamabad"", ""natural"", ""natural_tree"", ""tag:natural=tree"", ""tree"", ""tree_islamabad""]"
687,natural:tree,"[""islamabad"", ""natural"", ""natural_tree"", ""tag:natural=tree"", ""tree"", ""tree_islamabad""]"
688,natural:tree,"[""islamabad"", ""natural"", ""natural_tree"", ""tag:natural=tree"", ""tree"", ""tree_islamabad""]"
689,natural:tree,"[""islamabad"", ""natural"", ""natural_tree"", ""tag:natural=tree"", ""tree"", ""tree_islamabad""]"
690,natural:tree,"[""islamabad"", ""natural"", ""natural_tree"", ""tag:natural=tree"", ""tree"", ""tree_islamabad""]"
691,natural:tree,"[""islamabad"", ""natural"", ""natural_tree"", ""tag:natural=tree"", ""tree"", ""tree_islamabad""]"
692,natural:tree,"[""islamabad"", ""natural"", ""natural_tree"", ""tag:natural=tree"", ""tree"", ""tree_islamabad""]"
693,natural:tree,"[""islamabad"", ""natural"", ""natural_tree"", ""tag:natural=tree"", ""tree"", ""tree_islamabad""]"
694,natural:tree,"[""islamabad"", ""natural"", ""natural_tree"", ""tag:natural=tree"", ""tree"", ""tree_islamabad""]"
695,natural:tree,"[""islamabad"", ""natural"", ""natural_tree"", ""tag:natural=tree"", ""tree"", ""tree_islamabad""]"
696,natural:tree,"[""islamabad"", ""natural"", ""natural_tree"", ""tag:natural=tree"", ""tree"", ""tree_islamabad""]"
697,natural:tree,"[""islamabad"", ""natural"", ""natural_tree"", ""tag:natural=tree"", ""tree"", ""tree_islamabad""]"
698,natural:tree,"[""islamabad"", ""natural"", ""natural_tree"", ""tag:natural=tree"", ""tree"", ""tree_islamabad""]"
699,natural:tree,"[""islamabad"", ""natural"", ""natural_tree"", ""tag:natural=tree"", ""tree"", ""tree_islamabad""]"
700,natural:tree,"[""islamabad"", ""natural"", ""natural_tree"", ""tag:natural=tree"", ""tree"", ""tree_islamabad""]"
701,natural:tree,"[""islamabad"", ""natural"", ""natural_tree"", ""tag:natural=tree"", ""tree"", ""tree_islamabad""]"
702,natural:water,"[""islamabad"", ""natural"", ""natural_water"", ""tag:natural=water"", ""water"", ""water_islamabad""]"
703,natural:water,"[""islamabad"", ""natural"", ""natural_water"", ""tag:natural=water"", ""water"", ""water_islamabad""]"
704,natural:water,"[""islamabad"", ""natural"", ""natural_water"", ""tag:natural=water"", ""water"", ""water_islamabad""]"
705,natural:water,"[""islamabad"", ""natural"", ""natural_water"", ""tag:natural=water"", ""water"", ""water_islamabad""]"
706,natural:water,"[""islamabad"", ""natural"", ""natural_water"", ""tag:natural=water"", ""water"", ""water_islamabad""]"
707,natural:water,"[""islamabad"", ""natural"", ""natural_water"", ""tag:natural=water"", ""water"", ""water_islamabad""]"
708,natural:water,"[""islamabad"", ""natural"", ""natural_water"", ""tag:natural=water"", ""water"", ""water_islamabad""]"
709,natural:water,"[""islamabad"", ""natural"", ""natural_water"", ""tag:natural=water"", ""water"", ""water_islamabad""]"
710,natural:water,"[""islamabad"", ""natural"", ""natural_water"", ""tag:natural=water"", ""water"", ""water_islamabad""]"
711,natural:water,"[""islamabad"", ""natural"", ""natural_water"", ""tag:natural=water"", ""water"", ""water_islamabad""]"
712,natural:water,"[""islamabad"", ""natural"", ""natural_water"", ""tag:natural=water"", ""water"", ""water_islamabad""]"
713,natural:water,"[""islamabad"", ""natural"", ""natural_water"", ""tag:natural=water"", ""water"", ""water_islamabad""]"
714,natural:water,"[""islamabad"", ""natural"", ""natural_water"", ""tag:natural=water"", ""water"", ""water_islamabad""]"
715,natural:water,"[""islamabad"", ""natural"", ""natural_water"", ""tag:natural=water"", ""water"", ""water_islamabad""]"
716,natural:water,"[""islamabad"", ""natural"", ""natural_water"", ""tag:natural=water"", ""water"", ""water_islamabad""]"
717,natural:water,"[""islamabad"", ""natural"", ""natural_water"", ""tag:natural=water"", ""water"", ""water_islamabad""]"
718,natural:water,"[""islamabad"", ""natural"", ""natural_water"", ""tag:natural=water"", ""water"", ""water_islamabad""]"
719,natural:water,"[""islamabad"", ""natural"", ""natural_water"", ""tag:natural=water"", ""water"", ""water_islamabad""]"
720,natural:water,"[""islamabad"", ""natural"", ""natural_water"", ""tag:natural=water"", ""water"", ""water_islamabad""]"
721,natural:water,"[""islamabad"", ""natural"", ""natural_water"", ""tag:natural=water"", ""water"", ""water_islamabad""]"
722,natural:water,"[""islamabad"", ""natural"", ""natural_water"", ""tag:natural=water"", ""water"", ""water_islamabad""]"
723,natural:water,"[""islamabad"", ""natural"", ""natural_water"", ""tag:natural=water"", ""water"", ""water_islamabad""]"
724,natural:water,"[""islamabad"", ""natural"", ""natural_water"", ""tag:natural=water"", ""water"", ""water_islamabad""]"
725,natural:water,"[""islamabad"", ""natural"", ""natural_water"", ""tag:natural=water"", ""water"", ""water_islamabad""]"
726,natural:water,"[""islamabad"", ""natural"", ""natural_water"", ""tag:natural=water"", ""water"", ""water_islamabad""]"
727,natural:water,"[""islamabad"", ""natural"", ""natural_water"", ""tag:natural=water"", ""water"", ""water_islamabad""]"
728,natural:water,"[""islamabad"", ""natural"", ""natural_water"", ""tag:natural=water"", ""water"", ""water_islamabad""]"
729,natural:water,"[""islamabad"", ""natural"", ""natural_water"", ""tag:natural=water"", ""water"", ""water_islamabad""]"
730,natural:water,"[""islamabad"", ""natural"", ""natural_water"", ""tag:natural=water"", ""water"", ""water_islamabad""]"
731,natural:water,"[""islamabad"", ""natural"", ""natural_water"", ""tag:natural=water"", ""water"", ""water_islamabad""]"
732,natural:water,"[""islamabad"", ""natural"", ""natural_water"", ""tag:natural=water"", ""water"", ""water_islamabad""]"
733,natural:water,"[""islamabad"", ""natural"", ""natural_water"", ""tag:natural=water"", ""water"", ""water_islamabad""]"
734,natural:water,"[""islamabad"", ""natural"", ""natural_water"", ""tag:natural=water"", ""water"", ""water_islamabad""]"
735,natural:water,"[""islamabad"", ""natural"", ""natural_water"", ""tag:natural=water"", ""water"", ""water_islamabad""]"
736,natural:water,"[""islamabad"", ""natural"", ""natural_water"", ""tag:natural=water"", ""water"", ""water_islamabad""]"
737,natural:water,"[""islamabad"", ""natural"", ""natural_water"", ""tag:natural=water"", ""water"", ""water_islamabad""]"
738,natural:water,"[""islamabad"", ""natural"", ""natural_water"", ""tag:natural=water"", ""water"", ""water_islamabad""]"
739,natural:water,"[""islamabad"", ""natural"", ""natural_water"", ""tag:natural=water"", ""water"", ""water_islamabad""]"
740,natural:water,"[""islamabad"", ""natural"", ""natural_water"", ""tag:natural=water"", ""water"", ""water_islamabad""]"
741,natural:water,"[""islamabad"", ""natural"", ""natural_water"", ""tag:natural=water"", ""water"", ""water_islamabad""]"
742,natural:water,"[""islamabad"", ""natural"", ""natural_water"", ""tag:natural=water"", ""water"", ""water_islamabad""]"
743,natural:water,"[""islamabad"", ""natural"", ""natural_water"", ""tag:natural=water"", ""water"", ""water_islamabad""]"
744,natural:water,"[""islamabad"", ""natural"", ""natural_water"", ""tag:natural=water"", ""water"", ""water_islamabad""]"
745,natural:water,"[""islamabad"", ""natural"", ""natural_water"", ""tag:natural=water"", ""water"", ""water_islamabad""]"
746,place:locality,"[""islamabad"", ""locality"", ""locality_islamabad"", ""place"", ""place_locality"", ""tag:place=locality""]"
747,place:locality,"[""islamabad"", ""locality"", ""locality_islamabad"", ""place"", ""place_locality"", ""tag:place=locality""]"
748,place:locality,"[""islamabad"", ""locality"", ""locality_islamabad"", ""place"", ""place_locality"", ""tag:place=locality""]"
749,place:locality,"[""islamabad"", ""locality"", ""locality_islamabad"", ""place"", ""place_locality"", ""tag:place=locality""]"
750,place:locality,"[""islamabad"", ""locality"", ""locality_islamabad"", ""place"", ""place_locality"", ""tag:place=locality""]"
751,place:locality,"[""islamabad"", ""locality"", ""locality_islamabad"", ""place"", ""place_locality"", ""tag:place=locality""]"
752,shop:bakery,"[""bakers"", ""bakers_shop"", ""bakery"", ""bakery_islamabad"", ""islamabad"", ""shop"", ""shop_bakery"", ""tag:shop=bakery""]"
753,shop:bakery,"[""10th"", ""10th_اسلام"", ""bake"", ""bakery"", ""bakery_islamabad"", ""islamabad"", ""islamabad_10th"", ""shop"", ""shop_bakery"", ""tag:shop=bakery"", ""آباد"", ""اسلام"", ""اسلام_آباد""]"
754,shop:bakery,"[""bakers"", ""bakery"", ""bakery_islamabad"", ""islamabad"", ""islamabad_sawan"", ""sawan"", ""sawan_اسلام"", ""shop"", ""shop_bakery"", ""sweets"", ""sweets_shop"", ""tag:shop=bakery"", ""آباد"", ""اسلام"", ""اسلام_آباد""]"
755,shop:bakery,"[""bakery"", ""bakery_islamabad"", ""bakery_shop"", ""islamabad"", ""shop"", ""shop_bakery"", ""tag:shop=bakery""]"
756,shop:bakery,"[""bakery"", ""bakery_islamabad"", ""islamabad"", ""islamabad_jinnah"", ""jinnah"", ""jinnah_اسلام"", ""shop"", ""shop_bakery"", ""sweets"", ""sweets_shop"", ""tag:shop=bakery"", ""آباد"", ""اسلام"", ""اسلام_آباد""]"
757,shop:bakery,"[""bakers"", ""bakers_shop"", ""bakery"", ""bakery_islamabad"", ""college"", ""college_اسلام"", ""gourmet"", ""islamabad"", ""islamabad_college"", ""shop"", ""shop_bakery"", ""tag:shop=bakery"", ""آباد"", ""اسلام"", ""اسلام_آباد""]"
758,shop:bakery,"[""bakery"", ""bakery_islamabad"", ""bakery_shop"", ""gourmet"", ""islamabad"", ""shop"", ""shop_bakery"", ""tag:shop=bakery""]"
759,shop:bakery,"[""bake"", ""bakery"", ""bakery_islamabad"", ""hot"", ""islamabad"", ""islamabad_اسلام"", ""shop"", ""shop_bakery"", ""tag:shop=bakery"", ""آباد"", ""اسلام"", ""اسلام_آباد""]"
760,shop:bakery,"[""bakers"", ""bakers_shop"", ""bakery"", ""bakery_islamabad"", ""islamabad"", ""javed"", ""javed_sweet"", ""shop"", ""shop_bakery"", ""sweet"", ""sweet_bakers"", ""tag:shop=bakery""]"
761,shop:bakery,"[""bakers"", ""bakers_shop"", ""bakery"", ""bakery_islamabad"", ""islamabad"", ""islamabad_rohtas"", ""javed"", ""javed_sweet"", ""rohtas"", ""rohtas_اسلام"", ""shop"", ""shop_bakery"", ""sweet"", ""sweet_bakers"", ""tag:shop=bakery"", ""آباد"", ""اسلام"", ""اسلام_آباد""]"
762,shop:bakery,"[""bakery"", ""bakery_islamabad"", ""cuisine"", ""islamabad"", ""islamabad_اسلام"", ""kitchen"", ""shop"", ""shop_bakery"", ""tag:shop=bakery"", ""آباد"", ""اسلام"", ""اسلام_آباد""]"
763,shop:bakery,"[""bakery"", ""bakery_islamabad"", ""i-8"", ""i-8_markaz"", ""islamabad"", ""islamabad_i-8"", ""markaz"", ""shop"", ""shop_bakery"", ""tag:shop=bakery""]"
764,shop:bakery,"[""bakery"", ""bakery_islamabad"", ""bakery_shop"", ""islamabad"", ""islamabad_mangla"", ""mangla"", ""mangla_اسلام"", ""shop"", ""shop_bakery"", ""tag:shop=bakery"", ""آباد"", ""اسلام"", ""اسلام_آباد""]"
765,shop:bakery,"[""bakery"", ""bakery_islamabad"", ""islamabad"", ""rahat"", ""shop"", ""shop_bakery"", ""tag:shop=bakery""]"
766,shop:bakery,"[""bakers"", ""bakers_shop"", ""bakery"", ""bakery_islamabad"", ""g-11"", ""g-11_اسلام"", ""islamabad"", ""islamabad_sachal"", ""rahat"", ""rahat_bakers"", ""sachal"", ""sachal_sarmast"", ""sarmast"", ""sarmast_g-11"", ""shop"", ""shop_bakery"", ""tag:shop=bakery"", ""آباد"", ""اسلام"", ""اسلام_آباد""]"
767,shop:bakery,"[""bakers"", ""bakers_shop"", ""bakery"", ""bakery_islamabad"", ""hilal"", ""hilal_اسلام"", ""islamabad"", ""islamabad_hilal"", ""rahat"", ""rahat_bakers"", ""shop"", ""shop_bakery"", ""tag:shop=bakery"", ""آباد"", ""اسلام"", ""اسلام_آباد""]"
768,shop:bakery,"[""bakers"", ""bakers_shop"", ""bakery"", ""bakery_islamabad"", ""islamabad"", ""islamabad_اسلام"", ""rahat"", ""rahat_bakers"", ""shop"", ""shop_bakery"", ""tag:shop=bakery"", ""آباد"", ""اسلام"", ""اسلام_آباد""]"
769,shop:bakery,"[""bakery"", ""bakery_islamabad"", ""college"", ""college_اسلام"", ""islamabad"", ""islamabad_college"", ""shop"", ""shop_bakery"", ""sweets"", ""sweets_shop"", ""tag:shop=bakery"", ""آباد"", ""اسلام"", ""اسلام_آباد""]"
770,shop:bakery,"[""bakers"", ""bakers_shop"", ""bakery"", ""bakery_islamabad"", ""gali"", ""gali_اسلام"", ""islamabad"", ""islamabad_gali"", ""shop"", ""shop_bakery"", ""tag:shop=bakery"", ""آباد"", ""اسلام"", ""اسلام_آباد""]"
771,shop:bakery,"[""area"", ""bakery"", ""bakery_islamabad"", ""blue"", ""blue_area"", ""centre"", ""islamabad"", ""jinnah"", ""shop"", ""shop_bakery"", ""tag:shop=bakery"", ""آباد"", ""اسلام"", ""اسلام_آباد""]"
772,shop:bakery,"[""bakers"", ""bakers_shop"", ""bakery"", ""bakery_islamabad"", ""g7"", ""islamabad"", ""islamabad_sachal"", ""sachal"", ""sachal_sarmast"", ""sarmast"", ""shop"", ""shop_bakery"", ""sitara"", ""sweets"", ""tag:shop=bakery"", ""آباد"", ""اسلام"", ""اسلام_آباد""]"
773,shop:bakery,"[""bakers"", ""bakery"", ""bakery_islamabad"", ""general"", ""islamabad"", ""shop"", ""shop_bakery"", ""store"", ""store_shop"", ""tag:shop=bakery""]"
774,shop:bakery,"[""bakery"", ""bakery_islamabad"", ""islamabad"", ""islamabad_اسلام"", ""shop"", ""shop_bakery"", ""tag:shop=bakery"", ""آباد"", ""اسلام"", ""اسلام_آباد""]"
775,shop:bakery,"[""bakers"", ""bakers_shop"", ""bakery"", ""bakery_islamabad"", ""i-8"", ""i-8_markaz"", ""islamabad"", ""islamabad_i-8"", ""markaz"", ""markaz_islamabad"", ""shop"", ""shop_bakery"", ""tag:shop=bakery"", ""tehzeeb"", ""tehzeeb_bakers""]"
776,shop:bakery,"[""bakers"", ""bakers_shop"", ""bakery"", ""bakery_islamabad"", ""g-11"", ""islamabad"", ""markaz"", ""markaz_اسلام"", ""shop"", ""shop_bakery"", ""tag:shop=bakery"", ""tehzeeb"", ""tehzeeb_bakers"", ""آباد"", ""اسلام"", ""اسلام_آباد""]"
777,shop:bakery,"[""bakers"", ""bakers_shop"", ""bakery"", ""bakery_islamabad"", ""islamabad"", ""islamabad_اسلام"", ""shop"", ""shop_bakery"", ""tag:shop=bakery"", ""tehzeeb"", ""tehzeeb_bakers"", ""آباد"", ""اسلام"", ""اسلام_آباد""]"
778,shop:bakery,"[""bakers"", ""bakers_shop"", ""bakery"", ""bakery_islamabad"", ""islamabad"", ""islamabad_mangla"", ""mangla"", ""mangla_اسلام"", ""shop"", ""shop_bakery"", ""tag:shop=bakery"", ""tehzeeb"", ""tehzeeb_bakers"", ""آباد"", ""اسلام"", ""اسلام_آباد""]"
779,shop:bakery,"[""akm"", ""akm_fazul"", ""area"", ""bakers"", ""bakery"", ""bakery_islamabad"", ""blue"", ""blue_area"", ""fazul"", ""fazul_haq"", ""haq"", ""haq_اسلام"", ""islamabad"", ""islamabad_akm"", ""shop"", ""shop_bakery"", ""tag:shop=bakery"", ""tehzeeb"", ""tehzeeb_bakers"", ""آباد"", ""اسلام"", ""اسلام_آباد""]"
780,shop:bakery,"[""bakers"", ""bakery"", ""bakery_islamabad"", ""branch"", ""islamabad"", ""main"", ""shop"", ""shop_bakery"", ""tag:shop=bakery"", ""tehzeeb"", ""tehzeeb_bakers""]"
781,shop:bakery,"[""bakery"", ""bakery_islamabad"", ""bakery_shop"", ""bhitai"", ""bhitai_اسلام"", ""cafe"", ""islamabad"", ""islamabad_bhitai"", ""shop"", ""shop_bakery"", ""tag:shop=bakery"", ""آباد"", ""اسلام"", ""اسلام_آباد""]"
782,shop:bakery,"[""bakery"", ""bakery_islamabad"", ""islamabad"", ""islamabad_جناح"", ""shop"", ""shop_bakery"", ""tag:shop=bakery"", ""آباد"", ""اسلام"", ""اسلام_آباد"", ""ایونیو"", ""جناح"", ""جناح_ایونیو""]"
783,shop:bakery,"[""bakery"", ""bakery_islamabad"", ""islamabad"", ""shop"", ""shop_bakery"", ""tag:shop=bakery""]"
784,shop:bakery,"[""bakery"", ""bakery_islamabad"", ""islamabad"", ""shop"", ""shop_bakery"", ""tag:shop=bakery""]"
785,shop:bakery,"[""bakery"", ""bakery_islamabad"", ""islamabad"", ""shop"", ""shop_bakery"", ""tag:shop=bakery""]"
786,shop:bakery,"[""bakery"", ""bakery_islamabad"", ""islamabad"", ""shop"", ""shop_bakery"", ""tag:shop=bakery""]"
787,shop:bakery,"[""bakery"", ""bakery_islamabad"", ""islamabad"", ""islamabad_school"", ""school"", ""school_اسلام"", ""shop"", ""shop_bakery"", ""tag:shop=bakery"", ""آباد"", ""اسلام"", ""اسلام_آباد""]"
788,shop:clothes,"[""ahmed"", ""clothes"", ""clothes_islamabad"", ""fabrics"", ""fabrics_shop"", ""islamabad"", ""shop"", ""shop_clothes"", ""tag:shop=clothes""]"
789,shop:clothes,"[""clothes"", ""clothes_islamabad"", ""islamabad"", ""shop"", ""shop_clothes"", ""tag:shop=clothes""]"
790,shop:clothes,"[""al-rehman"", ""clothes"", ""clothes_islamabad"", ""g-11"", ""g-11_اسلام"", ""islamabad"", ""islamabad_sachal"", ""sachal"", ""sachal_sarmast"", ""sarmast"", ""sarmast_g-11"", ""shop"", ""shop_clothes"", ""tag:shop=clothes"", ""آباد"", ""اسلام"", ""اسلام_آباد""]"
791,shop:clothes,"[""clothes"", ""clothes_islamabad"", ""islamabad"", ""shop"", ""shop_clothes"", ""tag:shop=clothes""]"
792,shop:clothes,"[""agha"", ""agha_khan"", ""clothes"", ""clothes_islamabad"", ""islamabad"", ""islamabad_agha"", ""khan"", ""khan_اسلام"", ""shop"", ""shop_clothes"", ""tag:shop=clothes"", ""آباد"", ""اسلام"", ""اسلام_آباد""]"
793,shop:clothes,"[""bhitai"", ""bhitai_اسلام"", ""clothes"", ""clothes_islamabad"", ""islamabad"", ""islamabad_bhitai"", ""islamabad_shop"", ""shop"", ""shop_clothes"", ""tag:shop=clothes"", ""آباد"", ""اسلام"", ""اسلام_آباد""]"
794,shop:clothes,"[""clothes"", ""clothes_islamabad"", ""garments"", ""garments_shop"", ""islamabad"", ""shop"", ""shop_clothes"", ""tag:shop=clothes""]"
795,shop:clothes,"[""clothes"", ""clothes_islamabad"", ""fabrics"", ""fabrics_shop"", ""faisal"", ""islamabad"", ""islamabad_shabir"", ""shabir"", ""shabir_sharif"", ""sharif"", ""sharif_اسلام"", ""shop"", ""shop_clothes"", ""tag:shop=clothes"", ""آباد"", ""اسلام"", ""اسلام_آباد""]"
796,shop:clothes,"[""clothes"", ""clothes_islamabad"", ""garments"", ""garments_shop"", ""grace"", ""islamabad"", ""shop"", ""shop_clothes"", ""tag:shop=clothes""]"
797,shop:clothes,"[""cloth"", ""cloth_house"", ""clothes"", ""clothes_islamabad"", ""hassan"", ""house"", ""house_shop"", ""islamabad"", ""shop"", ""shop_clothes"", ""tag:shop=clothes""]"
798,shop:clothes,"[""clothes"", ""clothes_islamabad"", ""ideas"", ""ideas_shop"", ""islamabad"", ""islamabad_اسلام"", ""shop"", ""shop_clothes"", ""tag:shop=clothes"", ""آباد"", ""اسلام"", ""اسلام_آباد""]"
799,shop:clothes,"[""clothes"", ""clothes_islamabad"", ""college"", ""college_اسلام"", ""ideas"", ""ideas_shop"", ""islamabad"", ""islamabad_college"", ""shop"", ""shop_clothes"", ""tag:shop=clothes"", ""آباد"", ""اسلام"", ""اسلام_آباد""]"
800,shop:clothes,"[""al"", ""cloth"", ""clothes"", ""clothes_islamabad"", ""g-11"", ""g-11_اسلام"", ""islamabad"", ""islamabad_sachal"", ""sachal"", ""sachal_sarmast"", ""sarmast"", ""sarmast_g-11"", ""shop"", ""shop_clothes"", ""tag:shop=clothes"", ""آباد"", ""اسلام"", ""اسلام_آباد""]"
801,shop:clothes,"[""clothes"", ""clothes_islamabad"", ""college"", ""college_اسلام"", ""islamabad"", ""islamabad_college"", ""junaid"", ""shop"", ""shop_clothes"", ""tag:shop=clothes"", ""آباد"", ""اسلام"", ""اسلام_آباد""]"
802,shop:clothes,"[""clothes"", ""clothes_islamabad"", ""clothing"", ""islamabad"", ""junaid"", ""shop"", ""shop_clothes"", ""tag:shop=clothes""]"
803,shop:clothes,"[""10th"", ""10th_اسلام"", ""clothes"", ""clothes_islamabad"", ""islamabad"", ""islamabad_10th"", ""shop"", ""shop_clothes"", ""tag:shop=clothes"", ""آباد"", ""اسلام"", ""اسلام_آباد""]"
804,shop:clothes,"[""bhitai"", ""bhitai_اسلام"", ""clothes"", ""clothes_islamabad"", ""islamabad"", ""islamabad_bhitai"", ""shop"", ""shop_clothes"", ""tag:shop=clothes"", ""آباد"", ""اسلام"", ""اسلام_آباد""]"
805,shop:clothes,"[""bhitai"", ""bhitai_اسلام"", ""clothes"", ""clothes_islamabad"", ""islamabad"", ""islamabad_bhitai"", ""shop"", ""shop_clothes"", ""tag:shop=clothes"", ""آباد"", ""اسلام"", ""اسلام_آباد""]"
806,shop:clothes,"[""10th"", ""10th_اسلام"", ""clothes"", ""clothes_islamabad"", ""islamabad"", ""islamabad_10th"", ""levi"", ""shop"", ""shop_clothes"", ""tag:shop=clothes"", ""آباد"", ""اسلام"", ""اسلام_آباد""]"
807,shop:clothes,"[""clothes"", ""clothes_islamabad"", ""college"", ""college_اسلام"", ""islamabad"", ""islamabad_college"", ""outlet"", ""outlet_shop"", ""shop"", ""shop_clothes"", ""tag:shop=clothes"", ""آباد"", ""اسلام"", ""اسلام_آباد""]"
808,shop:clothes,"[""clothes"", ""clothes_islamabad"", ""islamabad"", ""levi"", ""outlet"", ""shop"", ""shop_clothes"", ""store"", ""store_shop"", ""tag:shop=clothes""]"
809,shop:clothes,"[""clothes"", ""clothes_islamabad"", ""f7"", ""fashion"", ""fashion_shop"", ""islamabad"", ""islamabad_shop"", ""jinnah"", ""market"", ""no"", ""shop"", ""shop_clothes"", ""super"", ""super_market"", ""tag:shop=clothes""]"
810,shop:clothes,"[""clothes"", ""clothes_islamabad"", ""college"", ""islamabad"", ""islamabad_college"", ""shop"", ""shop_clothes"", ""tag:shop=clothes""]"
811,shop:clothes,"[""bhitai"", ""bhitai_اسلام"", ""clothes"", ""clothes_islamabad"", ""islamabad"", ""islamabad_bhitai"", ""shop"", ""shop_clothes"", ""tag:shop=clothes"", ""آباد"", ""اسلام"", ""اسلام_آباد""]"
812,shop:clothes,"[""clothes"", ""clothes_islamabad"", ""gali"", ""gali_اسلام"", ""islamabad"", ""islamabad_gali"", ""shop"", ""shop_clothes"", ""tag:shop=clothes"", ""آباد"", ""اسلام"", ""اسلام_آباد""]"
813,shop:clothes,"[""clothes"", ""clothes_islamabad"", ""islamabad"", ""outfitters"", ""outlet"", ""outlet_shop"", ""shop"", ""shop_clothes"", ""tag:shop=clothes""]"
814,shop:clothes,"[""clothes"", ""clothes_islamabad"", ""islamabad"", ""outfitters"", ""shop"", ""shop_clothes"", ""tag:shop=clothes""]"
815,shop:clothes,"[""clothes"", ""clothes_islamabad"", ""islamabad"", ""mehal"", ""shop"", ""shop_clothes"", ""tag:shop=clothes""]"
816,shop:clothes,"[""clothes"", ""clothes_islamabad"", ""islamabad"", ""islamabad_اسلام"", ""shop"", ""shop_clothes"", ""tag:shop=clothes"", ""آباد"", ""اسلام"", ""اسلام_آباد""]"
817,shop:clothes,"[""clothes"", ""clothes_islamabad"", ""islamabad"", ""shop"", ""shop_clothes"", ""tag:shop=clothes""]"
818,shop:clothes,"[""center"", ""center_shop"", ""clothes"", ""clothes_islamabad"", ""clothing"", ""islamabad"", ""second"", ""shop"", ""shop_clothes"", ""tag:shop=clothes""]"
819,shop:clothes,"[""center"", ""center_shop"", ""clothes"", ""clothes_islamabad"", ""islamabad"", ""shop"", ""shop_clothes"", ""tag:shop=clothes""]"
820,shop:clothes,"[""cloth"", ""cloth_house"", ""clothes"", ""clothes_islamabad"", ""complex"", ""house"", ""house_shop"", ""islamabad"", ""islamabad_جناح"", ""malik"", ""shop"", ""shop_clothes"", ""tag:shop=clothes"", ""آباد"", ""اسلام"", ""اسلام_آباد"", ""ایونیو"", ""جناح"", ""جناح_ایونیو""]"
821,shop:clothes,"[""clothes"", ""clothes_islamabad"", ""islamabad"", ""islamabad_school"", ""mehal"", ""school"", ""school_اسلام"", ""shop"", ""shop_clothes"", ""tag:shop=clothes"", ""آباد"", ""اسلام"", ""اسلام_آباد""]"
822,shop:clothes,"[""clothes"", ""clothes_islamabad"", ""college"", ""college_اسلام"", ""islamabad"", ""islamabad_college"", ""shop"", ""shop_clothes"", ""tag:shop=clothes"", ""آباد"", ""اسلام"", ""اسلام_آباد""]"
823,shop:clothes,"[""clothes"", ""clothes_islamabad"", ""fashion"", ""fashion_shop"", ""islamabad"", ""shop"", ""shop_clothes"", ""tag:shop=clothes""]"
824,shop:clothes,"[""clothes"", ""clothes_islamabad"", ""islamabad"", ""islamabad_jinnah"", ""jinnah"", ""jinnah_اسلام"", ""shop"", ""shop_clothes"", ""tag:shop=clothes"", ""آباد"", ""اسلام"", ""اسلام_آباد""]"
825,shop:clothes,"[""clothes"", ""clothes_islamabad"", ""islamabad"", ""khyber"", ""plaza"", ""shop"", ""shop_clothes"", ""tag:shop=clothes""]"
826,shop:clothes,"[""clothes"", ""clothes_islamabad"", ""islamabad"", ""shop"", ""shop_clothes"", ""tag:shop=clothes""]"
827,shop:supermarket,"[""aabpara"", ""islamabad"", ""islamabad_muncipal"", ""market"", ""market_shop"", ""muncipal"", ""shop"", ""shop_supermarket"", ""supermarket"", ""supermarket_islamabad"", ""tag:shop=supermarket""]"
828,shop:supermarket,"[""adnan"", ""adnan_market"", ""islamabad"", ""market"", ""market_shop"", ""shop"", ""shop_supermarket"", ""supermarket"", ""supermarket_islamabad"", ""tag:shop=supermarket""]"
829,shop:supermarket,"[""islamabad"", ""islamabad_shaheed-e-millat"", ""market"", ""market_shop"", ""shaheed-e-millat"", ""shaheed-e-millat_اسلام"", ""shop"", ""shop_supermarket"", ""supermarket"", ""supermarket_islamabad"", ""tag:shop=supermarket"", ""آباد"", ""اسلام"", ""اسلام_آباد""]"
830,shop:supermarket,"[""al"", ""din"", ""din_اسلام"", ""islamabad"", ""islamabad_nazim"", ""nazim"", ""nazim_ud"", ""shop"", ""shop_supermarket"", ""supermarket"", ""supermarket_islamabad"", ""tag:shop=supermarket"", ""ud"", ""ud_din"", ""آباد"", ""اسلام"", ""اسلام_آباد""]"
831,shop:supermarket,"[""al-fateh"", ""islamabad"", ""market"", ""market_shop"", ""shop"", ""shop_supermarket"", ""supermarket"", ""supermarket_islamabad"", ""tag:shop=supermarket""]"
832,shop:supermarket,"[""al-habib"", ""islamabad"", ""market"", ""market_shop"", ""shop"", ""shop_supermarket"", ""supermarket"", ""supermarket_islamabad"", ""tag:shop=supermarket""]"
833,shop:supermarket,"[""bilal"", ""islamabad"", ""market"", ""market_shop"", ""shop"", ""shop_supermarket"", ""supermarket"", ""supermarket_islamabad"", ""tag:shop=supermarket""]"
834,shop:supermarket,"[""islamabad"", ""market"", ""market_shop"", ""shop"", ""shop_supermarket"", ""supermarket"", ""supermarket_islamabad"", ""tag:shop=supermarket""]"
835,shop:supermarket,"[""best"", ""islamabad"", ""shop"", ""shop_supermarket"", ""supermarket"", ""supermarket_islamabad"", ""tag:shop=supermarket""]"
836,shop:supermarket,"[""islamabad"", ""shop"", ""shop_supermarket"", ""supermarket"", ""supermarket_islamabad"", ""tag:shop=supermarket""]"
837,shop:supermarket,"[""city"", ""islamabad"", ""shop"", ""shop_supermarket"", ""store"", ""store_shop"", ""super"", ""supermarket"", ""supermarket_islamabad"", ""tag:building=yes"", ""tag:shop=supermarket""]"
838,shop:supermarket,"[""city"", ""islamabad"", ""shop"", ""shop_supermarket"", ""supermarket"", ""supermarket_islamabad"", ""tag:shop=supermarket""]"
839,shop:supermarket,"[""carry"", ""carry_shop"", ""cash"", ""cash_carry"", ""islamabad"", ""shop"", ""shop_supermarket"", ""supermarket"", ""supermarket_islamabad"", ""tag:shop=supermarket""]"
840,shop:supermarket,"[""islamabad"", ""shop"", ""shop_supermarket"", ""supermarket"", ""supermarket_islamabad"", ""tag:shop=supermarket""]"
841,shop:supermarket,"[""food"", ""islamabad"", ""shop"", ""shop_supermarket"", ""supermarket"", ""supermarket_islamabad"", ""tag:amenity=fast_food"", ""tag:shop=supermarket""]"
842,shop:supermarket,"[""bazaar"", ""bazar"", ""east"", ""g-10"", ""g-11"", ""g-11_اسلام"", ""islamabad"", ""islamabad_service"", ""service"", ""service_east"", ""shop"", ""shop_supermarket"", ""sunday"", ""sunday_bazaar"", ""supermarket"", ""supermarket_islamabad"", ""tag:building=yes"", ""tag:shop=supermarket"", ""آباد"", ""اسلام"", ""اسلام_آباد""]"
843,shop:supermarket,"[""g7"", ""islamabad"", ""market"", ""market_shop"", ""shop"", ""shop_supermarket"", ""sitara"", ""sitara_market"", ""supermarket"", ""supermarket_islamabad"", ""tag:shop=supermarket""]"
844,shop:supermarket,"[""golden"", ""islamabad"", ""market"", ""market_shop"", ""shop"", ""shop_supermarket"", ""supermarket"", ""supermarket_islamabad"", ""tag:shop=supermarket""]"
845,shop:supermarket,"[""islamabad"", ""shop"", ""shop_supermarket"", ""supermarket"", ""supermarket_islamabad"", ""tag:shop=supermarket""]"
846,shop:supermarket,"[""islamabad"", ""islamabad_kohistan"", ""kohistan"", ""kohistan_اسلام"", ""shop"", ""shop_supermarket"", ""store"", ""store_shop"", ""supermarket"", ""supermarket_islamabad"", ""tag:shop=supermarket"", ""آباد"", ""اسلام"", ""اسلام_آباد""]"
847,shop:supermarket,"[""islamabad"", ""shop"", ""shop_supermarket"", ""store"", ""store_shop"", ""supermarket"", ""supermarket_islamabad"", ""tag:shop=supermarket""]"
848,shop:supermarket,"[""carry"", ""cash"", ""cash_carry"", ""islamabad"", ""madina"", ""shop"", ""shop_supermarket"", ""supermarket"", ""supermarket_islamabad"", ""tag:shop=supermarket""]"
849,shop:supermarket,"[""carry"", ""carry_shop"", ""cash"", ""cash_carry"", ""gali"", ""gali_اسلام"", ""islamabad"", ""islamabad_gali"", ""malik"", ""shop"", ""shop_supermarket"", ""supermarket"", ""supermarket_islamabad"", ""tag:shop=supermarket"", ""آباد"", ""اسلام"", ""اسلام_آباد""]"
850,shop:supermarket,"[""islamabad"", ""mart"", ""mart_shop"", ""max"", ""shop"", ""shop_supermarket"", ""supermarket"", ""supermarket_islamabad"", ""tag:building=yes"", ""tag:shop=supermarket""]"
851,shop:supermarket,"[""carry"", ""carry_shop"", ""cash"", ""cash_carry"", ""islamabad"", ""punjab"", ""shop"", ""shop_supermarket"", ""supermarket"", ""supermarket_islamabad"", ""tag:shop=supermarket""]"
852,shop:supermarket,"[""islamabad"", ""shop"", ""shop_supermarket"", ""supermarket"", ""supermarket_islamabad"", ""tag:building=yes"", ""tag:shop=supermarket""]"
853,shop:supermarket,"[""islamabad"", ""mart"", ""mart_shop"", ""shop"", ""shop_supermarket"", ""supermarket"", ""supermarket_islamabad"", ""tag:shop=supermarket""]"
854,shop:supermarket,"[""islamabad"", ""shop"", ""shop_supermarket"", ""supermarket"", ""supermarket_islamabad"", ""tag:shop=supermarket""]"
855,shop:supermarket,"[""gali"", ""islamabad"", ""islamabad_gali"", ""market"", ""market_shop"", ""shop"", ""shop_supermarket"", ""supermarket"", ""supermarket_islamabad"", ""tag:shop=supermarket"", ""taqwa""]"
856,shop:supermarket,"[""islamabad"", ""islamabad_اسلام"", ""shop"", ""shop_supermarket"", ""store"", ""store_shop"", ""supermarket"", ""supermarket_islamabad"", ""tag:shop=supermarket"", ""utility"", ""utility_store"", ""آباد"", ""اسلام"", ""اسلام_آباد""]"
857,shop:supermarket,"[""islamabad"", ""islamabad_اسلام"", ""shop"", ""shop_supermarket"", ""store"", ""store_shop"", ""supermarket"", ""supermarket_islamabad"", ""tag:shop=supermarket"", ""utility"", ""utility_store"", ""آباد"", ""اسلام"", ""اسلام_آباد""]"
858,shop:supermarket,"[""islamabad"", ""islamabad_اسلام"", ""shop"", ""shop_supermarket"", ""store"", ""store_shop"", ""supermarket"", ""supermarket_islamabad"", ""tag:shop=supermarket"", ""utility"", ""utility_store"", ""آباد"", ""اسلام"", ""اسلام_آباد""]"
859,shop:supermarket,"[""islamabad"", ""islamabad_mangla"", ""mangla"", ""mangla_اسلام"", ""market"", ""market_shop"", ""shop"", ""shop_supermarket"", ""super"", ""super_market"", ""supermarket"", ""supermarket_islamabad"", ""tag:shop=supermarket"", ""utility"", ""آباد"", ""اسلام"", ""اسلام_آباد""]"
860,shop:supermarket,"[""capital"", ""islamabad"", ""shop"", ""shop_supermarket"", ""supermarket"", ""supermarket_islamabad"", ""tag:shop=supermarket""]"
861,shop:supermarket,"[""islamabad"", ""islamabad_اسٹریٹ"", ""shop"", ""shop_supermarket"", ""supermarket"", ""supermarket_islamabad"", ""tag:shop=supermarket"", ""آباد"", ""اسلام"", ""اسلام_آباد"", ""اسٹریٹ"", ""اسٹریٹ_اسلام"", ""مارکیٹ"", ""مارکیٹ_shop""]"
862,shop:supermarket,"[""chak"", ""chak_shehzad"", ""islamabad"", ""islamabad_shop"", ""shehzad"", ""shop"", ""shop_supermarket"", ""supermarket"", ""supermarket_islamabad"", ""tag:shop=supermarket"", ""شہزاد"", ""شہزاد_ٹاؤن"", ""ٹاؤن""]"
863,shop:supermarket,"[""islamabad"", ""islamabad_اسٹریٹ"", ""shop"", ""shop_supermarket"", ""supermarket"", ""supermarket_islamabad"", ""tag:shop=supermarket"", ""آباد"", ""اسلام"", ""اسلام_آباد"", ""اسٹریٹ"", ""اسٹریٹ_اسلام"", ""شہزاد"", ""شہزاد_ٹاؤن"", ""مارکیٹ"", ""مارکیٹ_shop"", ""ٹاؤن""]"
864,shop:supermarket,"[""islamabad"", ""shop"", ""shop_supermarket"", ""supermarket"", ""supermarket_islamabad"", ""tag:shop=supermarket"", ""ویسٹ""]"
865,shop:supermarket,"[""islamabad"", ""shop"", ""shop_supermarket"", ""supermarket"", ""supermarket_islamabad"", ""tag:shop=supermarket""]"
866,shop:supermarket,"[""islamabad"", ""shop"", ""shop_supermarket"", ""supermarket"", ""supermarket_islamabad"", ""tag:shop=supermarket""]"
867,shop:supermarket,"[""islamabad"", ""shop"", ""shop_supermarket"", ""supermarket"", ""supermarket_islamabad"", ""tag:shop=supermarket""]"
868,shop:supermarket,"[""islamabad"", ""shop"", ""shop_supermarket"", ""supermarket"", ""supermarket_islamabad"", ""tag:shop=supermarket""]"
869,tourism:hotel,"[""al"", ""hotel"", ""hotel_islamabad"", ""hotel_tourism"", ""islamabad"", ""tag:tourism=hotel"", ""tourism"", ""tourism_hotel"", ""راولپنڈی""]"
870,tourism:hotel,"[""al"", ""hotel"", ""hotel_islamabad"", ""hotel_tourism"", ""islamabad"", ""islamabad_اسلام"", ""tag:tourism=hotel"", ""tourism"", ""tourism_hotel"", ""آباد"", ""اسلام"", ""اسلام_آباد""]"
871,tourism:hotel,"[""al"", ""f11"", ""f11_اسلام"", ""hotel"", ""hotel_islamabad"", ""hotel_tourism"", ""islamabad"", ""islamabad_service"", ""service"", ""service_west"", ""tag:tourism=hotel"", ""tourism"", ""tourism_hotel"", ""west"", ""west_f11"", ""آباد"", ""اسلام"", ""اسلام_آباد""]"
872,tourism:hotel,"[""hotel"", ""hotel_islamabad"", ""islamabad"", ""tag:tourism=hotel"", ""tourism"", ""tourism_hotel""]"
873,tourism:hotel,"[""hotel"", ""hotel_islamabad"", ""islamabad"", ""tag:tourism=hotel"", ""tourism"", ""tourism_hotel""]"
874,tourism:hotel,"[""hotel"", ""hotel_islamabad"", ""hotel_tourism"", ""islamabad"", ""islamabad_skyways"", ""skyways"", ""skyways_راولپنڈی"", ""tag:tourism=hotel"", ""tourism"", ""tourism_hotel"", ""راولپنڈی""]"
875,tourism:hotel,"[""bismillah"", ""g-11"", ""g-11_اسلام"", ""hotel"", ""hotel_islamabad"", ""hotel_tourism"", ""islamabad"", ""islamabad_service"", ""service"", ""service_west"", ""tag:tourism=hotel"", ""tourism"", ""tourism_hotel"", ""west"", ""west_g-11"", ""آباد"", ""اسلام"", ""اسلام_آباد""]"
876,tourism:hotel,"[""bismillah"", ""centre"", ""g-11"", ""g-11_اسلام"", ""hotel"", ""hotel_islamabad"", ""islamabad"", ""islamabad_service"", ""naan"", ""naan_centre"", ""service"", ""service_west"", ""tag:tourism=hotel"", ""tourism"", ""tourism_hotel"", ""west"", ""west_g-11"", ""آباد"", ""اسلام"", ""اسلام_آباد""]"
877,tourism:hotel,"[""bismillah"", ""hotel"", ""hotel_islamabad"", ""house"", ""house_tourism"", ""islamabad"", ""islamabad_اسلام"", ""tag:tourism=hotel"", ""tourism"", ""tourism_hotel"", ""آباد"", ""اسلام"", ""اسلام_آباد""]"
878,tourism:hotel,"[""bolan"", ""hotel"", ""hotel_islamabad"", ""hotel_tourism"", ""islamabad"", ""islamabad_اسلام"", ""tag:tourism=hotel"", ""tourism"", ""tourism_hotel"", ""آباد"", ""اسلام"", ""اسلام_آباد""]"
879,tourism:hotel,"[""hotel"", ""hotel_islamabad"", ""hotel_tourism"", ""islamabad"", ""islamabad_اسلام"", ""tag:tourism=hotel"", ""tourism"", ""tourism_hotel"", ""آباد"", ""اسلام"", ""اسلام_آباد""]"
880,tourism:hotel,"[""hotel"", ""hotel_islamabad"", ""house"", ""house_tourism"", ""islamabad"", ""tag:tourism=hotel"", ""tourism"", ""tourism_hotel""]"
881,tourism:hotel,"[""city"", ""hotel"", ""hotel_islamabad"", ""hotel_tourism"", ""islamabad"", ""islamabad_murree"", ""murree"", ""murree_راولپنڈی"", ""tag:tourism=hotel"", ""tourism"", ""tourism_hotel"", ""view"", ""view_hotel"", ""راولپنڈی""]"
882,tourism:hotel,"[""college"", ""hotel"", ""hotel_islamabad"", ""islamabad"", ""islamabad_college"", ""residency"", ""residency_tourism"", ""tag:tourism=hotel"", ""tourism"", ""tourism_hotel"", ""آباد"", ""اسلام"", ""اسلام_آباد""]"
883,tourism:hotel,"[""hotel"", ""hotel_islamabad"", ""inn"", ""inn_tourism"", ""islamabad"", ""islamabad_اسلام"", ""tag:tourism=hotel"", ""tourism"", ""tourism_hotel"", ""آباد"", ""اسلام"", ""اسلام_آباد""]"
884,tourism:hotel,"[""hotel"", ""hotel_islamabad"", ""hotel_tourism"", ""islamabad"", ""islamabad_اسلام"", ""tag:tourism=hotel"", ""tourism"", ""tourism_hotel"", ""آباد"", ""اسلام"", ""اسلام_آباد""]"
885,tourism:hotel,"[""hotel"", ""hotel_islamabad"", ""hotel_tourism"", ""islamabad"", ""islamabad_murree"", ""murree"", ""tag:tourism=hotel"", ""tourism"", ""tourism_hotel""]"
886,tourism:hotel,"[""f-62"", ""hotel"", ""hotel_islamabad"", ""islamabad"", ""tag:tourism=hotel"", ""tourism"", ""tourism_hotel"", ""آباد"", ""اسلام"", ""اسلام_آباد""]"
887,tourism:hotel,"[""hotel"", ""hotel_islamabad"", ""hotel_tourism"", ""islamabad"", ""islamabad_اسلام"", ""tag:tourism=hotel"", ""tourism"", ""tourism_hotel"", ""آباد"", ""اسلام"", ""اسلام_آباد""]"
888,tourism:hotel,"[""hotel"", ""hotel_islamabad"", ""hotel_tourism"", ""islamabad"", ""tag:tourism=hotel"", ""tourism"", ""tourism_hotel""]"
889,tourism:hotel,"[""hotel"", ""hotel_islamabad"", ""hotel_tourism"", ""islamabad"", ""markaz"", ""markaz_اسلام"", ""tag:tourism=hotel"", ""tourism"", ""tourism_hotel"", ""view"", ""view_hotel"", ""آباد"", ""اسلام"", ""اسلام_آباد""]"
890,tourism:hotel,"[""al-habib"", ""buksh"", ""hotel"", ""hotel_islamabad"", ""islamabad"", ""islamabad_muhammad"", ""muhammad"", ""muhammad_buksh"", ""tag:tourism=hotel"", ""tourism"", ""tourism_hotel""]"
891,tourism:hotel,"[""hotel"", ""hotel_islamabad"", ""islamabad"", ""islamabad_mangla"", ""mangla"", ""mangla_اسلام"", ""tag:tourism=hotel"", ""tourism"", ""tourism_hotel"", ""آباد"", ""اسلام"", ""اسلام_آباد""]"
892,tourism:hotel,"[""hotel"", ""hotel_islamabad"", ""islamabad"", ""islamabad_mangla"", ""mangla"", ""mangla_اسلام"", ""tag:tourism=hotel"", ""tourism"", ""tourism_hotel"", ""آباد"", ""اسلام"", ""اسلام_آباد""]"
893,tourism:hotel,"[""city"", ""hotel"", ""hotel_islamabad"", ""international"", ""islamabad"", ""islamabad_mangla"", ""mangla"", ""mangla_اسلام"", ""tag:tourism=hotel"", ""tourism"", ""tourism_hotel"", ""آباد"", ""اسلام"", ""اسلام_آباد""]"
894,tourism:hotel,"[""hotel"", ""hotel_islamabad"", ""islamabad"", ""islamabad_اسلام"", ""tag:tourism=hotel"", ""tourism"", ""tourism_hotel"", ""آباد"", ""اسلام"", ""اسلام_آباد""]"
895,tourism:hotel,"[""constitution"", ""constitution_اسلام"", ""hotel"", ""hotel_islamabad"", ""islamabad"", ""islamabad_constitution"", ""tag:tourism=hotel"", ""tourism"", ""tourism_hotel"", ""آباد"", ""اسلام"", ""اسلام_آباد""]"
896,tourism:hotel,"[""centre"", ""hotel"", ""hotel_islamabad"", ""islamabad"", ""margala"", ""tag:building=no"", ""tag:tourism=hotel"", ""tourism"", ""tourism_hotel"", ""آباد"", ""اسلام"", ""اسلام_آباد""]"
897,tourism:hotel,"[""agha"", ""agha_khan"", ""hotel"", ""hotel_islamabad"", ""hotel_one"", ""islamabad"", ""islamabad_agha"", ""khan"", ""khan_اسلام"", ""one"", ""one_tourism"", ""tag:tourism=hotel"", ""tourism"", ""tourism_hotel"", ""آباد"", ""اسلام"", ""اسلام_آباد""]"
898,tourism:hotel,"[""7th"", ""f-6"", ""f-6_اسلام"", ""hotel"", ""hotel_islamabad"", ""hotel_one"", ""islamabad"", ""islamabad_service"", ""one"", ""service"", ""service_west"", ""tag:tourism=hotel"", ""tourism"", ""tourism_hotel"", ""west"", ""west_f-6"", ""آباد"", ""اسلام"", ""اسلام_آباد""]"
899,tourism:hotel,"[""f-6"", ""f-6_اسلام"", ""hotel"", ""hotel_islamabad"", ""hotel_one"", ""islamabad"", ""islamabad_service"", ""one"", ""one_tourism"", ""service"", ""service_west"", ""tag:tourism=hotel"", ""tourism"", ""tourism_hotel"", ""west"", ""west_f-6"", ""آباد"", ""اسلام"", ""اسلام_آباد""]"
900,tourism:hotel,"[""city"", ""hotel"", ""hotel_islamabad"", ""hotel_royal"", ""islamabad"", ""islamabad_اسلام"", ""royal"", ""tag:tourism=hotel"", ""tourism"", ""tourism_hotel"", ""آباد"", ""اسلام"", ""اسلام_آباد""]"
901,tourism:hotel,"[""hotel"", ""hotel_islamabad"", ""hotel_royal"", ""islamabad"", ""islamabad_اسلام"", ""royal"", ""tag:tourism=hotel"", ""tourism"", ""tourism_hotel"", ""آباد"", ""اسلام"", ""اسلام_آباد""]"
902,tourism:hotel,"[""hotel"", ""hotel_islamabad"", ""islamabad"", ""islamabad_murree"", ""murree"", ""murree_راولپنڈی"", ""tag:tourism=hotel"", ""tourism"", ""tourism_hotel"", ""راولپنڈی""]"
903,tourism:hotel,"[""akm"", ""akm_fazul"", ""fazul"", ""fazul_haq"", ""haq"", ""haq_اسلام"", ""hotel"", ""hotel_islamabad"", ""islamabad"", ""islamabad_akm"", ""tag:tourism=hotel"", ""tourism"", ""tourism_hotel"", ""آباد"", ""اسلام"", ""اسلام_آباد""]"
904,tourism:hotel,"[""hotel"", ""hotel_islamabad"", ""hotel_tourism"", ""islamabad"", ""islamabad_اسلام"", ""tag:building=yes"", ""tag:tourism=hotel"", ""tourism"", ""tourism_hotel"", ""آباد"", ""اسلام"", ""اسلام_آباد""]"
905,tourism:hotel,"[""agha"", ""agha_khan"", ""hotel"", ""hotel_islamabad"", ""hotel_tourism"", ""islamabad"", ""islamabad_agha"", ""khan"", ""khan_اسلام"", ""marriott"", ""marriott_hotel"", ""tag:building=yes"", ""tag:tourism=hotel"", ""tourism"", ""tourism_hotel"", ""آباد"", ""اسلام"", ""اسلام_آباد""]"
906,tourism:hotel,"[""buksh"", ""hotel"", ""hotel_islamabad"", ""inn"", ""inn_tourism"", ""islamabad"", ""islamabad_muhammad"", ""muhammad"", ""muhammad_buksh"", ""tag:tourism=hotel"", ""tourism"", ""tourism_hotel""]"
907,tourism:hotel,"[""hotel"", ""hotel_islamabad"", ""hotel_tourism"", ""islamabad"", ""khan"", ""tag:tourism=hotel"", ""tourism"", ""tourism_hotel"", ""آباد"", ""اسلام"", ""اسلام_آباد""]"
908,tourism:hotel,"[""hotel"", ""hotel_islamabad"", ""inn"", ""inn_tourism"", ""islamabad"", ""islamabad_rohtas"", ""rohtas"", ""tag:tourism=hotel"", ""tourism"", ""tourism_hotel""]"
909,tourism:hotel,"[""hotel"", ""hotel_islamabad"", ""islamabad"", ""islamabad_اسلام"", ""residency"", ""residency_tourism"", ""tag:tourism=hotel"", ""tourism"", ""tourism_hotel"", ""آباد"", ""اسلام"", ""اسلام_آباد""]"
910,tourism:hotel,"[""f5"", ""f5_اسلام"", ""g5"", ""g5_service"", ""hotel"", ""hotel_islamabad"", ""hotel_tourism"", ""islamabad"", ""islamabad_service"", ""marriott"", ""marriott_hotel"", ""service"", ""service_west"", ""tag:tourism=hotel"", ""tourism"", ""tourism_hotel"", ""west"", ""west_f5"", ""west_g5"", ""آباد"", ""اسلام"", ""اسلام_آباد""]"
911,tourism:hotel,"[""hotel"", ""hotel_islamabad"", ""islamabad"", ""islamabad_sumbal"", ""naan"", ""stop"", ""sumbal"", ""sumbal_اسلام"", ""tag:tourism=hotel"", ""tourism"", ""tourism_hotel"", ""آباد"", ""اسلام"", ""اسلام_آباد""]"
912,tourism:hotel,"[""f-6"", ""f-6_اسلام"", ""grace"", ""hotel"", ""hotel_islamabad"", ""house"", ""house_tourism"", ""islamabad"", ""islamabad_service"", ""new"", ""service"", ""service_west"", ""tag:building=yes"", ""tag:tourism=hotel"", ""tourism"", ""tourism_hotel"", ""west"", ""west_f-6"", ""آباد"", ""اسلام"", ""اسلام_آباد""]"
913,tourism:hotel,"[""f-6"", ""f-6_اسلام"", ""hotel"", ""hotel_islamabad"", ""islamabad"", ""islamabad_service"", ""new"", ""service"", ""service_west"", ""tag:tourism=hotel"", ""tourism"", ""tourism_hotel"", ""west"", ""west_f-6"", ""آباد"", ""اسلام"", ""اسلام_آباد""]"
914,tourism:hotel,"[""hotel"", ""hotel_islamabad"", ""hotel_tourism"", ""islamabad"", ""islamabad_murree"", ""murree"", ""murree_راولپنڈی"", ""tag:tourism=hotel"", ""tourism"", ""tourism_hotel"", ""راولپنڈی""]"
915,tourism:hotel,"[""hotel"", ""hotel_islamabad"", ""inn"", ""inn_tourism"", ""islamabad"", ""islamabad_اسلام"", ""tag:tourism=hotel"", ""tourism"", ""tourism_hotel"", ""آباد"", ""اسلام"", ""اسلام_آباد""]"
916,tourism:hotel,"[""hotel"", ""hotel_islamabad"", ""hotel_tourism"", ""islamabad"", ""serena"", ""serena_hotel"", ""tag:building=yes"", ""tag:tourism=hotel"", ""tourism"", ""tourism_hotel""]"
917,tourism:hotel,"[""hotel"", ""hotel_islamabad"", ""hotel_tourism"", ""islamabad"", ""serena"", ""serena_hotel"", ""tag:building=yes"", ""tag:tourism=hotel"", ""tourism"", ""tourism_hotel""]"
918,tourism:hotel,"[""complex"", ""f5"", ""f5_اسلام"", ""g5"", ""g5_service"", ""hotel"", ""hotel_islamabad"", ""islamabad"", ""islamabad_service"", ""serena"", ""serena_hotel"", ""service"", ""service_west"", ""tag:tourism=hotel"", ""tourism"", ""tourism_hotel"", ""west"", ""west_f5"", ""west_g5"", ""آباد"", ""اسلام"", ""اسلام_آباد""]"
919,tourism:hotel,"[""hotel"", ""hotel_islamabad"", ""hotel_tourism"", ""islamabad"", ""islamabad_skyways"", ""skyways"", ""skyways_راولپنڈی"", ""tag:tourism=hotel"", ""tourism"", ""tourism_hotel"", ""راولپنڈی""]"
920,tourism:hotel,"[""bahu"", ""bahu_اسلام"", ""hotel"", ""hotel_islamabad"", ""hotel_tourism"", ""islamabad"", ""islamabad_sultan"", ""sitara"", ""sultan"", ""sultan_bahu"", ""tag:tourism=hotel"", ""tourism"", ""tourism_hotel"", ""آباد"", ""اسلام"", ""اسلام_آباد""]"
921,tourism:hotel,"[""bahu"", ""bahu_اسلام"", ""hotel"", ""hotel_islamabad"", ""hotel_tourism"", ""islamabad"", ""islamabad_sultan"", ""sultan"", ""sultan_bahu"", ""tag:tourism=hotel"", ""tourism"", ""tourism_hotel"", ""آباد"", ""اسلام"", ""اسلام_آباد""]"
922,tourism:hotel,"[""hotel"", ""hotel_islamabad"", ""islamabad"", ""islamabad_اسلام"", ""tag:tourism=hotel"", ""tourism"", ""tourism_hotel"", ""آباد"", ""اسلام"", ""اسلام_آباد""]"
923,tourism:hotel,"[""g-11"", ""g-11_اسلام"", ""hotel"", ""hotel_islamabad"", ""islamabad"", ""islamabad_service"", ""service"", ""service_west"", ""tag:tourism=hotel"", ""tourism"", ""tourism_hotel"", ""usman"", ""west"", ""west_g-11"", ""آباد"", ""اسلام"", ""اسلام_آباد""]"
924,tourism:hotel,"[""hotel"", ""hotel_islamabad"", ""islamabad"", ""islamabad_اسلام"", ""tag:tourism=hotel"", ""tourism"", ""tourism_hotel"", ""آباد"", ""اسلام"", ""اسلام_آباد"", ""ہوٹل"", ""ہوٹل_tourism""]"
925,tourism:hotel,"[""hotel"", ""hotel_islamabad"", ""islamabad"", ""islamabad_سروس"", ""tag:tourism=hotel"", ""tourism"", ""tourism_hotel"", ""آباد"", ""اسلام"", ""اسلام_آباد"", ""جی-11"", ""جی-11_اسلام"", ""روڈ"", ""روڈ_ویسٹ"", ""سروس"", ""سروس_روڈ"", ""ویسٹ"", ""ویسٹ_جی-11"", ""ہوٹل"", ""ہوٹل_tourism""]"
