sentence,extracted_noun,extracted_adj,language,city,osm_key,osm_value
Is there any biggest playground open in Karachi right now?,playground,biggest,en,Karachi,leisure,park
Can you recommend a popular resort around F-11 Markaz?,resort,popular,en,Islamabad,tourism,hotel
The Gulshan in Karachi has an biggest grand mosque.,grand mosque,biggest,en,Karachi,amenity,mosque
Agar rush wala silai markaz dhoond rahay ho to Saddar jao.,silai markaz,rush wala,ur,Peshawar,shop,tailor
Kya Karachi main koi purana masjid khula hai?,masjid,purana,ur,Karachi,amenity,mosque
Can you recommend a cheap Islamic center around Gulshan?,Islamic center,cheap,en,Karachi,amenity,mosque
Mujhay Saddar ke qareeb koi lajawab chowki chahiye.,chowki,lajawab,ur,Rawalpindi,amenity,police
Suna hai ke Islamabad main sab se mehnga clinic wahan hai.,clinic,mehnga,ur,Islamabad,amenity,hospital
Hum ne F-7 main aik lajawab tikka shop dekha.,tikka shop,lajawab,ur,Islamabad,amenity,restaurant
Kya Lahore main koi mashoor shifa khana khula hai?,shifa khana,mashoor,ur,Lahore,amenity,hospital
Can you recommend a famous stitching center around Gulberg?,stitching center,famous,en,Lahore,shop,tailor
Hum ne Defence main aik saaf suthra sair gah dekha.,sair gah,saaf suthra,ur,Karachi,leisure,park
"Avoid the Islamic center in Clifton, it is not affordable.",Islamic center,affordable,en,Karachi,amenity,mosque
Does Lahore have any affordable police station for tourists?,police station,affordable,en,Lahore,amenity,police
"Avoid the dining place in Saddar, it is not historic.",dining place,historic,en,Peshawar,amenity,restaurant
Defence main jo clinic hai wo bohat pur-sukoon hai.,clinic,pur-sukoon,ur,Karachi,amenity,hospital
Liberty Market wala boutique kaafi pur-sukoon hai.,boutique,pur-sukoon,ur,Lahore,shop,clothes
Blue Area main jo tailor shop hai wo bohat khubsurat hai.,tailor shop,khubsurat,ur,Islamabad,shop,tailor
Is there any cheap stitching center open in Lahore right now?,stitching center,cheap,en,Lahore,shop,tailor
Suna hai ke Rawalpindi main sab se khubsurat boutique wahan hai.,boutique,khubsurat,ur,Rawalpindi,shop,clothes
There is a famous stitching center in G-9 which is very oldest.,stitching center,oldest,en,Islamabad,shop,tailor
Does Peshawar have any affordable restaurant for tourists?,restaurant,affordable,en,Peshawar,amenity,restaurant
Kya Peshawar main koi bada tailor shop khula hai?,tailor shop,bada,ur,Peshawar,shop,tailor
Agar bada darzi dhoond rahay ho to Tariq Road jao.,darzi,bada,ur,Karachi,shop,tailor
Does Islamabad have any luxury hospital for tourists?,hospital,luxury,en,Islamabad,amenity,hospital
Lahore ke Anarkali main aik bohat mashoor kiryana store hai.,kiryana store,mashoor,ur,Lahore,shop,convenience
Rawalpindi ke Commercial Market main aik bohat pur-sukoon chai wala hai.,chai wala,pur-sukoon,ur,Rawalpindi,amenity,cafe
There is a famous emergency room in University Road which is very historic.,emergency room,historic,en,Peshawar,amenity,hospital
Mall Road wala hotel kaafi khubsurat hai.,hotel,khubsurat,ur,Lahore,tourism,hotel
Suna hai ke Rawalpindi main sab se behtareen general store wahan hai.,general store,behtareen,ur,Rawalpindi,shop,convenience
Raja Bazaar wala khanay ka center kaafi mashoor hai.,khanay ka center,mashoor,ur,Rawalpindi,amenity,restaurant
We visited the most biggest precinct in Rawalpindi yesterday.,precinct,biggest,en,Rawalpindi,amenity,police
Kya Islamabad main koi rush wala cafe khula hai?,cafe,rush wala,ur,Islamabad,amenity,cafe
Can you recommend a oldest jogging track around Blue Area?,jogging track,oldest,en,Islamabad,leisure,park
We visited the most affordable mosque in Karachi yesterday.,mosque,affordable,en,Karachi,amenity,mosque
Suna hai ke Karachi main sab se purana cloth market wahan hai.,cloth market,purana,ur,Karachi,shop,clothes
Mujhay Liberty Market ke qareeb koi purana dawa khana chahiye.,dawa khana,purana,ur,Lahore,amenity,hospital
Mujhay Hayatabad ke qareeb koi rush wala shifa khana chahiye.,shifa khana,rush wala,ur,Peshawar,amenity,hospital
Hayatabad main jo silai markaz hai wo bohat bada hai.,silai markaz,bada,ur,Peshawar,shop,tailor
Gulshan wala clinic kaafi mashoor hai.,clinic,mashoor,ur,Karachi,amenity,hospital
Agar qareebi guest house dhoond rahay ho to F-7 jao.,guest house,qareebi,ur,Islamabad,tourism,hotel
I am looking for a historic resort near Gulshan.,resort,historic,en,Karachi,tourism,hotel
Kya Islamabad main koi behtareen kiryana store khula hai?,kiryana store,behtareen,ur,Islamabad,shop,convenience
Mujhay Blue Area ke qareeb koi rush wala bagh chahiye.,bagh,rush wala,ur,Islamabad,leisure,park
Does Karachi have any oldest mini mart for tourists?,mini mart,oldest,en,Karachi,shop,convenience
I am looking for a affordable boutique near G-9.,boutique,affordable,en,Islamabad,shop,clothes
Mall Road main jo police station hai wo bohat khubsurat hai.,police station,khubsurat,ur,Lahore,amenity,police
We visited the most biggest restaurant in Rawalpindi yesterday.,restaurant,biggest,en,Rawalpindi,amenity,restaurant
Rawalpindi ke Raja Bazaar main aik bohat khubsurat shifa khana hai.,shifa khana,khubsurat,ur,Rawalpindi,amenity,hospital
We visited the most crowded stitching center in Karachi yesterday.,stitching center,crowded,en,Karachi,shop,tailor
The University Road in Peshawar has an biggest playground.,playground,biggest,en,Peshawar,leisure,park
We visited the most best convenience store in Rawalpindi yesterday.,convenience store,best,en,Rawalpindi,shop,convenience
DHA main jo khanay ka center hai wo bohat behtareen hai.,khanay ka center,behtareen,ur,Lahore,amenity,restaurant
Can you recommend a best restaurant around Anarkali?,restaurant,best,en,Lahore,amenity,restaurant
Suna hai ke Peshawar main sab se mehnga guest house wahan hai.,guest house,mehnga,ur,Peshawar,tourism,hotel
I am looking for a oldest convenience store near University Road.,convenience store,oldest,en,Peshawar,shop,convenience
G-9 main jo police station hai wo bohat sasta hai.,police station,sasta,ur,Islamabad,amenity,police
There is a famous mosque in Defence which is very popular.,mosque,popular,en,Karachi,amenity,mosque
Agar mehnga cloth market dhoond rahay ho to Centaurus jao.,cloth market,mehnga,ur,Islamabad,shop,clothes
Hum ne Karkhano main aik bada chai wala dekha.,chai wala,bada,ur,Peshawar,amenity,cafe
Hum ne G-9 main aik sasta hotel dekha.,hotel,sasta,ur,Islamabad,tourism,hotel
There is a famous tailor shop in Saddar which is very cheap.,tailor shop,cheap,en,Karachi,shop,tailor
The Saddar in Rawalpindi has an famous mosque.,mosque,famous,en,Rawalpindi,amenity,mosque
I am looking for a nearby garment shop near Gulshan.,garment shop,nearby,en,Karachi,shop,clothes
Is there any affordable hospital open in Rawalpindi right now?,hospital,affordable,en,Rawalpindi,amenity,hospital
Agar purana restaurant dhoond rahay ho to DHA jao.,restaurant,purana,ur,Lahore,amenity,restaurant
Does Lahore have any historic garden for tourists?,garden,historic,en,Lahore,leisure,park
Agar bada police station dhoond rahay ho to DHA jao.,police station,bada,ur,Lahore,amenity,police
We visited the most best eatery in Rawalpindi yesterday.,eatery,best,en,Rawalpindi,amenity,restaurant
Mujhay Hayatabad ke qareeb koi purana dawa khana chahiye.,dawa khana,purana,ur,Peshawar,amenity,hospital
Rawalpindi ke Saddar main aik bohat saaf suthra cafe hai.,cafe,saaf suthra,ur,Rawalpindi,amenity,cafe
Is there any biggest grand mosque open in Rawalpindi right now?,grand mosque,biggest,en,Rawalpindi,amenity,mosque
Hum ne G-9 main aik khubsurat masjid dekha.,masjid,khubsurat,ur,Islamabad,amenity,mosque
Hum ne Raja Bazaar main aik qareebi sair gah dekha.,sair gah,qareebi,ur,Rawalpindi,leisure,park
Does Karachi have any affordable clothing store for tourists?,clothing store,affordable,en,Karachi,shop,clothes
We visited the most crowded fashion outlet in Lahore yesterday.,fashion outlet,crowded,en,Lahore,shop,clothes
Saddar main jo park hai wo bohat qareebi hai.,park,qareebi,ur,Peshawar,leisure,park
The University Road in Peshawar has an best grand mosque.,grand mosque,best,en,Peshawar,amenity,mosque
There is a famous resort in Bahria Town which is very clean.,resort,clean,en,Rawalpindi,tourism,hotel
Agar sasta boutique dhoond rahay ho to Liberty Market jao.,boutique,sasta,ur,Lahore,shop,clothes
There is a famous precinct in G-9 which is very luxury.,precinct,luxury,en,Islamabad,amenity,police
I am looking for a best garden near Saddar.,garden,best,en,Karachi,leisure,park
Peshawar ke University Road main aik bohat mashoor kapron ki dukaan hai.,kapron ki dukaan,mashoor,ur,Peshawar,shop,clothes
Kya Rawalpindi main koi rush wala hotel khula hai?,hotel,rush wala,ur,Rawalpindi,tourism,hotel
Lahore ke Liberty Market main aik bohat purana kapron ki dukaan hai.,kapron ki dukaan,purana,ur,Lahore,shop,clothes
Hayatabad main jo hotel hai wo bohat khubsurat hai.,hotel,khubsurat,ur,Peshawar,amenity,restaurant
We visited the most popular coffee shop in Karachi yesterday.,coffee shop,popular,en,Karachi,amenity,cafe
Rawalpindi ke Raja Bazaar main aik bohat khubsurat police station hai.,police station,khubsurat,ur,Rawalpindi,amenity,police
Agar behtareen cafe dhoond rahay ho to Hayatabad jao.,cafe,behtareen,ur,Peshawar,amenity,cafe
DHA main jo fashion center hai wo bohat mashoor hai.,fashion center,mashoor,ur,Lahore,shop,clothes
Saddar main jo haspatal hai wo bohat behtareen hai.,haspatal,behtareen,ur,Rawalpindi,amenity,hospital
Lahore ke Mall Road main aik bohat khubsurat imambargah hai.,imambargah,khubsurat,ur,Lahore,amenity,mosque
"Avoid the cafe in Blue Area, it is not luxury.",cafe,luxury,en,Islamabad,amenity,cafe
Mujhay Saddar ke qareeb koi rush wala ground chahiye.,ground,rush wala,ur,Peshawar,leisure,park
There is a famous mosque in University Road which is very famous.,mosque,famous,en,Peshawar,amenity,mosque
Tariq Road wala clinic kaafi khubsurat hai.,clinic,khubsurat,ur,Karachi,amenity,hospital
Hum ne F-7 main aik lajawab darzi dekha.,darzi,lajawab,ur,Islamabad,shop,tailor
There is a famous park in Tariq Road which is very popular.,park,popular,en,Karachi,leisure,park
F-11 Markaz main jo dawa khana hai wo bohat qareebi hai.,dawa khana,qareebi,ur,Islamabad,amenity,hospital
Kya Karachi main koi khubsurat jamia masjid khula hai?,jamia masjid,khubsurat,ur,Karachi,amenity,mosque
Can you recommend a best garment shop around Raja Bazaar?,garment shop,best,en,Rawalpindi,shop,clothes
"Avoid the mini mart in Tariq Road, it is not cheap.",mini mart,cheap,en,Karachi,shop,convenience
University Road main jo khanay ka center hai wo bohat saaf suthra hai.,khanay ka center,saaf suthra,ur,Peshawar,amenity,restaurant
Kya Rawalpindi main koi behtareen cloth market khula hai?,cloth market,behtareen,ur,Rawalpindi,shop,clothes
Suna hai ke Islamabad main sab se khubsurat kiryana store wahan hai.,kiryana store,khubsurat,ur,Islamabad,shop,convenience
Is there any affordable park open in Lahore right now?,park,affordable,en,Lahore,leisure,park
Kya Peshawar main koi pur-sukoon chowki khula hai?,chowki,pur-sukoon,ur,Peshawar,amenity,police
Suna hai ke Karachi main sab se pur-sukoon chai wala wahan hai.,chai wala,pur-sukoon,ur,Karachi,amenity,cafe
The Clifton in Karachi has an historic Islamic center.,Islamic center,historic,en,Karachi,amenity,mosque
I am looking for a affordable guest house near Gulshan.,guest house,affordable,en,Karachi,tourism,hotel
Suna hai ke Islamabad main sab se khubsurat sauda salf ki dukaan wahan hai.,sauda salf ki dukaan,khubsurat,ur,Islamabad,shop,convenience
Suna hai ke Karachi main sab se behtareen darzi wahan hai.,darzi,behtareen,ur,Karachi,shop,tailor
The G-9 in Islamabad has an popular fashion outlet.,fashion outlet,popular,en,Islamabad,shop,clothes
Hum ne Commercial Market main aik sasta kiryana store dekha.,kiryana store,sasta,ur,Rawalpindi,shop,convenience
The Defence in Karachi has an cheap hotel.,hotel,cheap,en,Karachi,tourism,hotel
Islamabad ke F-7 main aik bohat purana shifa khana hai.,shifa khana,purana,ur,Islamabad,amenity,hospital
Karachi ke Gulshan main aik bohat saaf suthra hotel hai.,hotel,saaf suthra,ur,Karachi,amenity,restaurant
Commercial Market main jo chowki hai wo bohat pur-sukoon hai.,chowki,pur-sukoon,ur,Rawalpindi,amenity,police
F-7 wala dukaan kaafi mashoor hai.,dukaan,mashoor,ur,Islamabad,shop,convenience
Is there any biggest clinic open in Lahore right now?,clinic,biggest,en,Lahore,amenity,hospital
Mujhay Centaurus ke qareeb koi lajawab tailor shop chahiye.,tailor shop,lajawab,ur,Islamabad,shop,tailor
"Avoid the playground in University Road, it is not biggest.",playground,biggest,en,Peshawar,leisure,park
Islamabad ke Centaurus main aik bohat purana chai wala hai.,chai wala,purana,ur,Islamabad,amenity,cafe
"Avoid the garden in Gulberg, it is not cheap.",garden,cheap,en,Lahore,leisure,park
Can you recommend a biggest precinct around Saddar?,precinct,biggest,en,Karachi,amenity,police
Mujhay Centaurus ke qareeb koi behtareen kiryana store chahiye.,kiryana store,behtareen,ur,Islamabad,shop,convenience
Agar mehnga boutique dhoond rahay ho to Hayatabad jao.,boutique,mehnga,ur,Peshawar,shop,clothes
The Saddar in Karachi has an popular clinic.,clinic,popular,en,Karachi,amenity,hospital
"Avoid the precinct in Clifton, it is not nearby.",precinct,nearby,en,Karachi,amenity,police
We visited the most luxury lodge in Rawalpindi yesterday.,lodge,luxury,en,Rawalpindi,tourism,hotel
Peshawar ke University Road main aik bohat bada fashion center hai.,fashion center,bada,ur,Peshawar,shop,clothes
There is a famous grocery store in Clifton which is very historic.,grocery store,historic,en,Karachi,shop,convenience
Rawalpindi ke Saddar main aik bohat purana jamia masjid hai.,jamia masjid,purana,ur,Rawalpindi,amenity,mosque
Blue Area wala boutique kaafi pur-sukoon hai.,boutique,pur-sukoon,ur,Islamabad,shop,clothes
We visited the most clean medical center in Lahore yesterday.,medical center,clean,en,Lahore,amenity,hospital
Suna hai ke Karachi main sab se qareebi darzi wahan hai.,darzi,qareebi,ur,Karachi,shop,tailor
Agar bada silai markaz dhoond rahay ho to Saddar jao.,silai markaz,bada,ur,Peshawar,shop,tailor
"Avoid the playground in Karkhano, it is not oldest.",playground,oldest,en,Peshawar,leisure,park
Does Rawalpindi have any famous emergency room for tourists?,emergency room,famous,en,Rawalpindi,amenity,hospital
Suna hai ke Karachi main sab se purana park wahan hai.,park,purana,ur,Karachi,leisure,park
There is a famous guest house in Saddar which is very oldest.,guest house,oldest,en,Peshawar,tourism,hotel
Islamabad ke F-7 main aik bohat saaf suthra ground hai.,ground,saaf suthra,ur,Islamabad,leisure,park
Hum ne Saddar main aik lajawab dukaan dekha.,dukaan,lajawab,ur,Rawalpindi,shop,convenience
Kya Karachi main koi behtareen kiryana store khula hai?,kiryana store,behtareen,ur,Karachi,shop,convenience
Mujhay Hayatabad ke qareeb koi mashoor tikka shop chahiye.,tikka shop,mashoor,ur,Peshawar,amenity,restaurant
Mujhay Anarkali ke qareeb koi pur-sukoon tikka shop chahiye.,tikka shop,pur-sukoon,ur,Lahore,amenity,restaurant
Is there any historic medical center open in Lahore right now?,medical center,historic,en,Lahore,amenity,hospital
Hum ne Gulberg main aik khubsurat hotel dekha.,hotel,khubsurat,ur,Lahore,amenity,restaurant
Agar qareebi thana dhoond rahay ho to Saddar jao.,thana,qareebi,ur,Rawalpindi,amenity,police
Clifton wala kapron ki dukaan kaafi mashoor hai.,kapron ki dukaan,mashoor,ur,Karachi,shop,clothes
The Tariq Road in Karachi has an nearby police station.,police station,nearby,en,Karachi,amenity,police
The Mall Road in Lahore has an famous jogging track.,jogging track,famous,en,Lahore,leisure,park
Hum ne Anarkali main aik qareebi silai markaz dekha.,silai markaz,qareebi,ur,Lahore,shop,tailor
The Karkhano in Peshawar has an historic resort.,resort,historic,en,Peshawar,tourism,hotel
Karachi ke Defence main aik bohat sasta thana hai.,thana,sasta,ur,Karachi,amenity,police
Karachi ke Gulshan main aik bohat behtareen masjid hai.,masjid,behtareen,ur,Karachi,amenity,mosque
"Avoid the garden in Saddar, it is not oldest.",garden,oldest,en,Rawalpindi,leisure,park
Lahore ke Liberty Market main aik bohat lajawab clinic hai.,clinic,lajawab,ur,Lahore,amenity,hospital
Can you recommend a clean tuck shop around Raja Bazaar?,tuck shop,clean,en,Rawalpindi,shop,convenience
Mujhay Liberty Market ke qareeb koi behtareen masjid chahiye.,masjid,behtareen,ur,Lahore,amenity,mosque
Lahore ke Liberty Market main aik bohat mashoor masjid hai.,masjid,mashoor,ur,Lahore,amenity,mosque
"Avoid the playground in Commercial Market, it is not affordable.",playground,affordable,en,Rawalpindi,leisure,park
We visited the most oldest lodge in Lahore yesterday.,lodge,oldest,en,Lahore,tourism,hotel
Gulshan main jo khanay ka center hai wo bohat bada hai.,khanay ka center,bada,ur,Karachi,amenity,restaurant
Can you recommend a best precinct around Commercial Market?,precinct,best,en,Rawalpindi,amenity,police
"Avoid the coffee shop in Karkhano, it is not oldest.",coffee shop,oldest,en,Peshawar,amenity,cafe
Kya Islamabad main koi bada cloth market khula hai?,cloth market,bada,ur,Islamabad,shop,clothes
Is there any clean garment shop open in Rawalpindi right now?,garment shop,clean,en,Rawalpindi,shop,clothes
We visited the most crowded clinic in Islamabad yesterday.,clinic,crowded,en,Islamabad,amenity,hospital
Kya Rawalpindi main koi sasta jamia masjid khula hai?,jamia masjid,sasta,ur,Rawalpindi,amenity,mosque
Can you recommend a oldest bistro around F-7?,bistro,oldest,en,Islamabad,amenity,restaurant
Mujhay Saddar ke qareeb koi sasta tailor shop chahiye.,tailor shop,sasta,ur,Karachi,shop,tailor
I am looking for a famous playground near Saddar.,playground,famous,en,Peshawar,leisure,park
The F-7 in Islamabad has an popular precinct.,precinct,popular,en,Islamabad,amenity,police
Can you recommend a nearby tuck shop around Saddar?,tuck shop,nearby,en,Karachi,shop,convenience
I am looking for a oldest tailor shop near Defence.,tailor shop,oldest,en,Karachi,shop,tailor
Mujhay F-7 ke qareeb koi mashoor general store chahiye.,general store,mashoor,ur,Islamabad,shop,convenience
"Avoid the stitching center in Saddar, it is not historic.",stitching center,historic,en,Rawalpindi,shop,tailor
We visited the most biggest coffee shop in Peshawar yesterday.,coffee shop,biggest,en,Peshawar,amenity,cafe
I am looking for a oldest restaurant near Commercial Market.,restaurant,oldest,en,Rawalpindi,amenity,restaurant
Does Lahore have any famous hospital for tourists?,hospital,famous,en,Lahore,amenity,hospital
Hum ne Liberty Market main aik purana musafir khana dekha.,musafir khana,purana,ur,Lahore,tourism,hotel
We visited the most popular eatery in Peshawar yesterday.,eatery,popular,en,Peshawar,amenity,restaurant
Hum ne University Road main aik behtareen haspatal dekha.,haspatal,behtareen,ur,Peshawar,amenity,hospital
Agar purana eid gah dhoond rahay ho to Clifton jao.,eid gah,purana,ur,Karachi,amenity,mosque
Hum ne University Road main aik mashoor ground dekha.,ground,mashoor,ur,Peshawar,leisure,park
Mujhay University Road ke qareeb koi sasta guest house chahiye.,guest house,sasta,ur,Peshawar,tourism,hotel
We visited the most biggest playground in Islamabad yesterday.,playground,biggest,en,Islamabad,leisure,park
I am looking for a crowded fashion outlet near Saddar.,fashion outlet,crowded,en,Karachi,shop,clothes
"Avoid the cafe in Saddar, it is not popular.",cafe,popular,en,Rawalpindi,amenity,cafe
Islamabad ke F-11 Markaz main aik bohat qareebi hotel hai.,hotel,qareebi,ur,Islamabad,tourism,hotel
Agar bada haspatal dhoond rahay ho to Gulshan jao.,haspatal,bada,ur,Karachi,amenity,hospital
Is there any cheap emergency room open in Islamabad right now?,emergency room,cheap,en,Islamabad,amenity,hospital
Agar qareebi tikka shop dhoond rahay ho to Centaurus jao.,tikka shop,qareebi,ur,Islamabad,amenity,restaurant
We visited the most oldest coffee shop in Islamabad yesterday.,coffee shop,oldest,en,Islamabad,amenity,cafe
Hum ne Gulshan main aik behtareen khanay ka center dekha.,khanay ka center,behtareen,ur,Karachi,amenity,restaurant
"Avoid the tuck shop in Bahria Town, it is not luxury.",tuck shop,luxury,en,Rawalpindi,shop,convenience
Does Lahore have any famous emergency room for tourists?,emergency room,famous,en,Lahore,amenity,hospital
Peshawar ke Karkhano main aik bohat khubsurat bagh hai.,bagh,khubsurat,ur,Peshawar,leisure,park
I am looking for a cheap mosque near DHA.,mosque,cheap,en,Lahore,amenity,mosque
Kya Islamabad main koi lajawab tailor shop khula hai?,tailor shop,lajawab,ur,Islamabad,shop,tailor
Agar mehnga chaye khana dhoond rahay ho to F-11 Markaz jao.,chaye khana,mehnga,ur,Islamabad,amenity,cafe
"Avoid the playground in Saddar, it is not best.",playground,best,en,Rawalpindi,leisure,park
Anarkali main jo ground hai wo bohat purana hai.,ground,purana,ur,Lahore,leisure,park
Is there any popular police station open in Islamabad right now?,police station,popular,en,Islamabad,amenity,police
The Clifton in Karachi has an luxury mini mart.,mini mart,luxury,en,Karachi,shop,convenience
We visited the most best clothing store in Peshawar yesterday.,clothing store,best,en,Peshawar,shop,clothes
Kya Lahore main koi sasta quetta tea hotel khula hai?,quetta tea hotel,sasta,ur,Lahore,amenity,cafe
Does Lahore have any best jogging track for tourists?,jogging track,best,en,Lahore,leisure,park
Kya Rawalpindi main koi mehnga thana khula hai?,thana,mehnga,ur,Rawalpindi,amenity,police
Blue Area main jo tailor shop hai wo bohat mashoor hai.,tailor shop,mashoor,ur,Islamabad,shop,tailor
G-9 wala police station kaafi sasta hai.,police station,sasta,ur,Islamabad,amenity,police
Hum ne Defence main aik khubsurat cafe dekha.,cafe,khubsurat,ur,Karachi,amenity,cafe
Clifton wala chowki kaafi rush wala hai.,chowki,rush wala,ur,Karachi,amenity,police
Suna hai ke Islamabad main sab se pur-sukoon bagh wahan hai.,bagh,pur-sukoon,ur,Islamabad,leisure,park
The Hayatabad in Peshawar has an popular clothing store.,clothing store,popular,en,Peshawar,shop,clothes
Defence main jo masjid hai wo bohat pur-sukoon hai.,masjid,pur-sukoon,ur,Karachi,amenity,mosque
We visited the most cheap dining place in Rawalpindi yesterday.,dining place,cheap,en,Rawalpindi,amenity,restaurant
Is there any clean mosque open in Lahore right now?,mosque,clean,en,Lahore,amenity,mosque
Islamabad ke Blue Area main aik bohat mehnga imambargah hai.,imambargah,mehnga,ur,Islamabad,amenity,mosque
Raja Bazaar wala ground kaafi saaf suthra hai.,ground,saaf suthra,ur,Rawalpindi,leisure,park
F-7 wala kiryana store kaafi mashoor hai.,kiryana store,mashoor,ur,Islamabad,shop,convenience
Suna hai ke Rawalpindi main sab se bada bagh wahan hai.,bagh,bada,ur,Rawalpindi,leisure,park
Rawalpindi ke Raja Bazaar main aik bohat saaf suthra jamia masjid hai.,jamia masjid,saaf suthra,ur,Rawalpindi,amenity,mosque
Suna hai ke Rawalpindi main sab se bada chai wala wahan hai.,chai wala,bada,ur,Rawalpindi,amenity,cafe
There is a famous medical center in Commercial Market which is very famous.,medical center,famous,en,Rawalpindi,amenity,hospital
Kya Peshawar main koi behtareen khanay ka center khula hai?,khanay ka center,behtareen,ur,Peshawar,amenity,restaurant
Does Rawalpindi have any famous boutique for tourists?,boutique,famous,en,Rawalpindi,shop,clothes
Tariq Road main jo resort hai wo bohat purana hai.,resort,purana,ur,Karachi,tourism,hotel
Islamabad ke Blue Area main aik bohat mehnga bagh hai.,bagh,mehnga,ur,Islamabad,leisure,park
"Avoid the boutique in F-7, it is not cheap.",boutique,cheap,en,Islamabad,shop,clothes
We visited the most affordable garment shop in Rawalpindi yesterday.,garment shop,affordable,en,Rawalpindi,shop,clothes
Suna hai ke Peshawar main sab se mashoor musafir khana wahan hai.,musafir khana,mashoor,ur,Peshawar,tourism,hotel
Islamabad ke F-7 main aik bohat lajawab khanay ka center hai.,khanay ka center,lajawab,ur,Islamabad,amenity,restaurant
Mujhay DHA ke qareeb koi saaf suthra khanay ka center chahiye.,khanay ka center,saaf suthra,ur,Lahore,amenity,restaurant
Does Peshawar have any historic cafe for tourists?,cafe,historic,en,Peshawar,amenity,cafe
Hum ne DHA main aik purana resort dekha.,resort,purana,ur,Lahore,tourism,hotel
Is there any popular playground open in Islamabad right now?,playground,popular,en,Islamabad,leisure,park
Mujhay University Road ke qareeb koi mehnga tailor shop chahiye.,tailor shop,mehnga,ur,Peshawar,shop,tailor
Kya Rawalpindi main koi khubsurat silai markaz khula hai?,silai markaz,khubsurat,ur,Rawalpindi,shop,tailor
There is a famous stitching center in F-7 which is very cheap.,stitching center,cheap,en,Islamabad,shop,tailor
Kya Islamabad main koi rush wala park khula hai?,park,rush wala,ur,Islamabad,leisure,park
I am looking for a affordable precinct near Karkhano.,precinct,affordable,en,Peshawar,amenity,police
Can you recommend a biggest resort around Saddar?,resort,biggest,en,Karachi,tourism,hotel
Suna hai ke Peshawar main sab se lajawab general store wahan hai.,general store,lajawab,ur,Peshawar,shop,convenience
Suna hai ke Islamabad main sab se mehnga darzi wahan hai.,darzi,mehnga,ur,Islamabad,shop,tailor
Does Karachi have any crowded coffee shop for tourists?,coffee shop,crowded,en,Karachi,amenity,cafe
Can you recommend a cheap dining place around Liberty Market?,dining place,cheap,en,Lahore,amenity,restaurant
Is there any famous bistro open in Karachi right now?,bistro,famous,en,Karachi,amenity,restaurant
Can you recommend a crowded medical center around Anarkali?,medical center,crowded,en,Lahore,amenity,hospital
Can you recommend a luxury grocery store around Saddar?,grocery store,luxury,en,Peshawar,shop,convenience
We visited the most affordable stitching center in Karachi yesterday.,stitching center,affordable,en,Karachi,shop,tailor
Can you recommend a clean police station around Bahria Town?,police station,clean,en,Rawalpindi,amenity,police
Is there any famous hospital open in Rawalpindi right now?,hospital,famous,en,Rawalpindi,amenity,hospital
Centaurus wala dukaan kaafi bada hai.,dukaan,bada,ur,Islamabad,shop,convenience
Agar purana quetta tea hotel dhoond rahay ho to Liberty Market jao.,quetta tea hotel,purana,ur,Lahore,amenity,cafe
"Avoid the stitching center in Centaurus, it is not oldest.",stitching center,oldest,en,Islamabad,shop,tailor
Centaurus wala clinic kaafi behtareen hai.,clinic,behtareen,ur,Islamabad,amenity,hospital
The Bahria Town in Rawalpindi has an cheap medical center.,medical center,cheap,en,Rawalpindi,amenity,hospital
Islamabad ke G-9 main aik bohat bada resort hai.,resort,bada,ur,Islamabad,tourism,hotel
I am looking for a nearby police station near F-7.,police station,nearby,en,Islamabad,amenity,police
Does Islamabad have any luxury cafe for tourists?,cafe,luxury,en,Islamabad,amenity,cafe
Is there any affordable tailor shop open in Peshawar right now?,tailor shop,affordable,en,Peshawar,shop,tailor
Hum ne Hayatabad main aik bada ground dekha.,ground,bada,ur,Peshawar,leisure,park
Tariq Road main jo chowki hai wo bohat mashoor hai.,chowki,mashoor,ur,Karachi,amenity,police
Can you recommend a crowded mosque around Saddar?,mosque,crowded,en,Rawalpindi,amenity,mosque
We visited the most biggest Islamic center in Islamabad yesterday.,Islamic center,biggest,en,Islamabad,amenity,mosque
I am looking for a luxury stitching center near Gulberg.,stitching center,luxury,en,Lahore,shop,tailor
DHA main jo darzi hai wo bohat saaf suthra hai.,darzi,saaf suthra,ur,Lahore,shop,tailor
Does Rawalpindi have any best hotel for tourists?,hotel,best,en,Rawalpindi,tourism,hotel
Can you recommend a nearby guest house around G-9?,guest house,nearby,en,Islamabad,tourism,hotel
Does Islamabad have any affordable grocery store for tourists?,grocery store,affordable,en,Islamabad,shop,convenience
Raja Bazaar main jo kapron ki dukaan hai wo bohat bada hai.,kapron ki dukaan,bada,ur,Rawalpindi,shop,clothes
Gulshan main jo hotel hai wo bohat pur-sukoon hai.,hotel,pur-sukoon,ur,Karachi,amenity,restaurant
Suna hai ke Lahore main sab se rush wala cafe wahan hai.,cafe,rush wala,ur,Lahore,amenity,cafe
Mujhay Mall Road ke qareeb koi rush wala hotel chahiye.,hotel,rush wala,ur,Lahore,amenity,restaurant
I am looking for a oldest medical center near Saddar.,medical center,oldest,en,Rawalpindi,amenity,hospital
We visited the most nearby resort in Lahore yesterday.,resort,nearby,en,Lahore,tourism,hotel
Can you recommend a crowded grocery store around University Road?,grocery store,crowded,en,Peshawar,shop,convenience
I am looking for a historic tea house near Saddar.,tea house,historic,en,Karachi,amenity,cafe
Islamabad ke Blue Area main aik bohat sasta clinic hai.,clinic,sasta,ur,Islamabad,amenity,hospital
Suna hai ke Karachi main sab se rush wala chowki wahan hai.,chowki,rush wala,ur,Karachi,amenity,police
The Mall Road in Lahore has an clean Islamic center.,Islamic center,clean,en,Lahore,amenity,mosque
Liberty Market main jo clinic hai wo bohat rush wala hai.,clinic,rush wala,ur,Lahore,amenity,hospital
"Avoid the eatery in Saddar, it is not popular.",eatery,popular,en,Peshawar,amenity,restaurant
Does Islamabad have any luxury mosque for tourists?,mosque,luxury,en,Islamabad,amenity,mosque
We visited the most cheap tailor shop in Lahore yesterday.,tailor shop,cheap,en,Lahore,shop,tailor
Clifton main jo ground hai wo bohat qareebi hai.,ground,qareebi,ur,Karachi,leisure,park
I am looking for a biggest tailor shop near University Road.,tailor shop,biggest,en,Peshawar,shop,tailor
Hayatabad wala chowki kaafi mashoor hai.,chowki,mashoor,ur,Peshawar,amenity,police
"Avoid the resort in Karkhano, it is not cheap.",resort,cheap,en,Peshawar,tourism,hotel
Suna hai ke Lahore main sab se qareebi general store wahan hai.,general store,qareebi,ur,Lahore,shop,convenience
We visited the most best tailor shop in Lahore yesterday.,tailor shop,best,en,Lahore,shop,tailor
The Commercial Market in Rawalpindi has an cheap garden.,garden,cheap,en,Rawalpindi,leisure,park
The Saddar in Peshawar has an best eatery.,eatery,best,en,Peshawar,amenity,restaurant
"Avoid the playground in Blue Area, it is not luxury.",playground,luxury,en,Islamabad,leisure,park
Suna hai ke Karachi main sab se rush wala jamia masjid wahan hai.,jamia masjid,rush wala,ur,Karachi,amenity,mosque
Kya Islamabad main koi mehnga chaye khana khula hai?,chaye khana,mehnga,ur,Islamabad,amenity,cafe
University Road wala bagh kaafi pur-sukoon hai.,bagh,pur-sukoon,ur,Peshawar,leisure,park
Hum ne Gulshan main aik bada haspatal dekha.,haspatal,bada,ur,Karachi,amenity,hospital
Kya Peshawar main koi lajawab thana khula hai?,thana,lajawab,ur,Peshawar,amenity,police
Mujhay Clifton ke qareeb koi pur-sukoon guest house chahiye.,guest house,pur-sukoon,ur,Karachi,tourism,hotel
Suna hai ke Karachi main sab se sasta fashion center wahan hai.,fashion center,sasta,ur,Karachi,shop,clothes
Karkhano main jo resort hai wo bohat khubsurat hai.,resort,khubsurat,ur,Peshawar,tourism,hotel
Suna hai ke Karachi main sab se bada darzi wahan hai.,darzi,bada,ur,Karachi,shop,tailor
We visited the most popular restaurant in Karachi yesterday.,restaurant,popular,en,Karachi,amenity,restaurant
Saddar main jo clinic hai wo bohat rush wala hai.,clinic,rush wala,ur,Peshawar,amenity,hospital
Agar rush wala chowki dhoond rahay ho to F-11 Markaz jao.,chowki,rush wala,ur,Islamabad,amenity,police
Defence wala hotel kaafi behtareen hai.,hotel,behtareen,ur,Karachi,amenity,restaurant
Kya Peshawar main koi sasta eid gah khula hai?,eid gah,sasta,ur,Peshawar,amenity,mosque
The G-9 in Islamabad has an oldest boutique.,boutique,oldest,en,Islamabad,shop,clothes
Karkhano main jo hotel hai wo bohat bada hai.,hotel,bada,ur,Peshawar,tourism,hotel
Suna hai ke Islamabad main sab se lajawab kiryana store wahan hai.,kiryana store,lajawab,ur,Islamabad,shop,convenience
The Saddar in Peshawar has an luxury dining place.,dining place,luxury,en,Peshawar,amenity,restaurant
Does Lahore have any famous precinct for tourists?,precinct,famous,en,Lahore,amenity,police
Agar mehnga dukaan dhoond rahay ho to Raja Bazaar jao.,dukaan,mehnga,ur,Rawalpindi,shop,convenience
Gulberg wala ground kaafi qareebi hai.,ground,qareebi,ur,Lahore,leisure,park
The G-9 in Islamabad has an famous stitching center.,stitching center,famous,en,Islamabad,shop,tailor
Islamabad ke F-11 Markaz main aik bohat lajawab imambargah hai.,imambargah,lajawab,ur,Islamabad,amenity,mosque
I am looking for a clean tailor shop near Saddar.,tailor shop,clean,en,Rawalpindi,shop,tailor
Is there any famous police station open in Lahore right now?,police station,famous,en,Lahore,amenity,police
Raja Bazaar main jo quetta tea hotel hai wo bohat behtareen hai.,quetta tea hotel,behtareen,ur,Rawalpindi,amenity,cafe
Suna hai ke Peshawar main sab se behtareen park wahan hai.,park,behtareen,ur,Peshawar,leisure,park
Hum ne Tariq Road main aik bada darzi dekha.,darzi,bada,ur,Karachi,shop,tailor
The University Road in Peshawar has an crowded medical center.,medical center,crowded,en,Peshawar,amenity,hospital
Lahore ke Mall Road main aik bohat behtareen kiryana store hai.,kiryana store,behtareen,ur,Lahore,shop,convenience
Mujhay Saddar ke qareeb koi khubsurat ground chahiye.,ground,khubsurat,ur,Peshawar,leisure,park
Does Rawalpindi have any clean police station for tourists?,police station,clean,en,Rawalpindi,amenity,police
Hum ne Saddar main aik sasta kapron ki dukaan dekha.,kapron ki dukaan,sasta,ur,Karachi,shop,clothes
Kya Peshawar main koi saaf suthra bagh khula hai?,bagh,saaf suthra,ur,Peshawar,leisure,park
Can you recommend a historic restaurant around Blue Area?,restaurant,historic,en,Islamabad,amenity,restaurant
Kya Karachi main koi khubsurat chowki khula hai?,chowki,khubsurat,ur,Karachi,amenity,police
We visited the most historic dining place in Karachi yesterday.,dining place,historic,en,Karachi,amenity,restaurant
"Avoid the medical center in F-7, it is not affordable.",medical center,affordable,en,Islamabad,amenity,hospital
Agar sasta bagh dhoond rahay ho to Saddar jao.,bagh,sasta,ur,Karachi,leisure,park
"Avoid the lodge in Gulshan, it is not oldest.",lodge,oldest,en,Karachi,tourism,hotel
Can you recommend a popular fashion outlet around University Road?,fashion outlet,popular,en,Peshawar,shop,clothes
There is a famous guest house in Liberty Market which is very popular.,guest house,popular,en,Lahore,tourism,hotel
Kya Rawalpindi main koi rush wala fashion center khula hai?,fashion center,rush wala,ur,Rawalpindi,shop,clothes
University Road wala tailor shop kaafi purana hai.,tailor shop,purana,ur,Peshawar,shop,tailor
We visited the most affordable tea house in Karachi yesterday.,tea house,affordable,en,Karachi,amenity,cafe
Agar saaf suthra boutique dhoond rahay ho to Blue Area jao.,boutique,saaf suthra,ur,Islamabad,shop,clothes
Agar pur-sukoon guest house dhoond rahay ho to Bahria Town jao.,guest house,pur-sukoon,ur,Rawalpindi,tourism,hotel
Agar mehnga cloth market dhoond rahay ho to Blue Area jao.,cloth market,mehnga,ur,Islamabad,shop,clothes
Suna hai ke Lahore main sab se lajawab sair gah wahan hai.,sair gah,lajawab,ur,Lahore,leisure,park
Hum ne Clifton main aik behtareen shifa khana dekha.,shifa khana,behtareen,ur,Karachi,amenity,hospital
Suna hai ke Lahore main sab se qareebi chai wala wahan hai.,chai wala,qareebi,ur,Lahore,amenity,cafe
Mujhay Saddar ke qareeb koi sasta darzi chahiye.,darzi,sasta,ur,Karachi,shop,tailor
Saddar main jo masjid hai wo bohat sasta hai.,masjid,sasta,ur,Rawalpindi,amenity,mosque
Agar mashoor darzi dhoond rahay ho to Centaurus jao.,darzi,mashoor,ur,Islamabad,shop,tailor
Suna hai ke Lahore main sab se behtareen quetta tea hotel wahan hai.,quetta tea hotel,behtareen,ur,Lahore,amenity,cafe
The Defence in Karachi has an clean jogging track.,jogging track,clean,en,Karachi,leisure,park
Peshawar ke University Road main aik bohat mehnga thana hai.,thana,mehnga,ur,Peshawar,amenity,police
Hum ne Anarkali main aik sasta kiryana store dekha.,kiryana store,sasta,ur,Lahore,shop,convenience
We visited the most oldest stitching center in Peshawar yesterday.,stitching center,oldest,en,Peshawar,shop,tailor
There is a famous clinic in Defence which is very best.,clinic,best,en,Karachi,amenity,hospital
Hum ne Commercial Market main aik saaf suthra chowki dekha.,chowki,saaf suthra,ur,Rawalpindi,amenity,police
Hum ne Commercial Market main aik saaf suthra fashion center dekha.,fashion center,saaf suthra,ur,Rawalpindi,shop,clothes
Peshawar ke University Road main aik bohat sasta chowki hai.,chowki,sasta,ur,Peshawar,amenity,police
Agar mashoor tailor shop dhoond rahay ho to Saddar jao.,tailor shop,mashoor,ur,Rawalpindi,shop,tailor
We visited the most crowded grand mosque in Rawalpindi yesterday.,grand mosque,crowded,en,Rawalpindi,amenity,mosque
There is a famous mosque in Hayatabad which is very nearby.,mosque,nearby,en,Peshawar,amenity,mosque
The Saddar in Rawalpindi has an historic tea house.,tea house,historic,en,Rawalpindi,amenity,cafe
Peshawar ke Saddar main aik bohat mehnga cloth market hai.,cloth market,mehnga,ur,Peshawar,shop,clothes
Does Karachi have any clean grand mosque for tourists?,grand mosque,clean,en,Karachi,amenity,mosque
Hum ne Saddar main aik khubsurat boutique dekha.,boutique,khubsurat,ur,Peshawar,shop,clothes
Commercial Market main jo chai wala hai wo bohat behtareen hai.,chai wala,behtareen,ur,Rawalpindi,amenity,cafe
Tariq Road wala imambargah kaafi mashoor hai.,imambargah,mashoor,ur,Karachi,amenity,mosque
Mall Road main jo imambargah hai wo bohat lajawab hai.,imambargah,lajawab,ur,Lahore,amenity,mosque
Is there any crowded clinic open in Rawalpindi right now?,clinic,crowded,en,Rawalpindi,amenity,hospital
We visited the most clean garment shop in Karachi yesterday.,garment shop,clean,en,Karachi,shop,clothes
Lahore ke Anarkali main aik bohat qareebi darzi hai.,darzi,qareebi,ur,Lahore,shop,tailor
Does Peshawar have any famous hotel for tourists?,hotel,famous,en,Peshawar,tourism,hotel
Islamabad ke F-7 main aik bohat qareebi general store hai.,general store,qareebi,ur,Islamabad,shop,convenience
Hum ne Gulberg main aik saaf suthra imambargah dekha.,imambargah,saaf suthra,ur,Lahore,amenity,mosque
Is there any clean stitching center open in Islamabad right now?,stitching center,clean,en,Islamabad,shop,tailor
Mall Road main jo jamia masjid hai wo bohat bada hai.,jamia masjid,bada,ur,Lahore,amenity,mosque
I am looking for a luxury resort near Saddar.,resort,luxury,en,Peshawar,tourism,hotel
We visited the most clean convenience store in Karachi yesterday.,convenience store,clean,en,Karachi,shop,convenience
Is there any popular convenience store open in Rawalpindi right now?,convenience store,popular,en,Rawalpindi,shop,convenience
Can you recommend a luxury stitching center around Saddar?,stitching center,luxury,en,Peshawar,shop,tailor
Hum ne Bahria Town main aik mashoor guest house dekha.,guest house,mashoor,ur,Rawalpindi,tourism,hotel
We visited the most cheap restaurant in Peshawar yesterday.,restaurant,cheap,en,Peshawar,amenity,restaurant
Kya Peshawar main koi behtareen hotel khula hai?,hotel,behtareen,ur,Peshawar,amenity,restaurant
Can you recommend a affordable restaurant around G-9?,restaurant,affordable,en,Islamabad,amenity,restaurant
Defence main jo dawa khana hai wo bohat purana hai.,dawa khana,purana,ur,Karachi,amenity,hospital
Kya Lahore main koi purana sair gah khula hai?,sair gah,purana,ur,Lahore,leisure,park
Islamabad ke Centaurus main aik bohat khubsurat sauda salf ki dukaan hai.,sauda salf ki dukaan,khubsurat,ur,Islamabad,shop,convenience
Agar sasta tailor shop dhoond rahay ho to Tariq Road jao.,tailor shop,sasta,ur,Karachi,shop,tailor
"Avoid the convenience store in University Road, it is not nearby.",convenience store,nearby,en,Peshawar,shop,convenience
Can you recommend a crowded dining place around Blue Area?,dining place,crowded,en,Islamabad,amenity,restaurant
Agar pur-sukoon dukaan dhoond rahay ho to Raja Bazaar jao.,dukaan,pur-sukoon,ur,Rawalpindi,shop,convenience
I am looking for a famous tea house near Centaurus.,tea house,famous,en,Islamabad,amenity,cafe
The Karkhano in Peshawar has an cheap grocery store.,grocery store,cheap,en,Peshawar,shop,convenience
Hum ne Commercial Market main aik purana chai wala dekha.,chai wala,purana,ur,Rawalpindi,amenity,cafe
Agar lajawab bagh dhoond rahay ho to Saddar jao.,bagh,lajawab,ur,Rawalpindi,leisure,park
Kya Karachi main koi pur-sukoon police station khula hai?,police station,pur-sukoon,ur,Karachi,amenity,police
We visited the most crowded clothing store in Peshawar yesterday.,clothing store,crowded,en,Peshawar,shop,clothes
"Avoid the stitching center in University Road, it is not cheap.",stitching center,cheap,en,Peshawar,shop,tailor
Commercial Market wala sair gah kaafi pur-sukoon hai.,sair gah,pur-sukoon,ur,Rawalpindi,leisure,park
There is a famous cafe in Defence which is very affordable.,cafe,affordable,en,Karachi,amenity,cafe
There is a famous hotel in Tariq Road which is very best.,hotel,best,en,Karachi,tourism,hotel
"Avoid the police station in Clifton, it is not luxury.",police station,luxury,en,Karachi,amenity,police
I am looking for a clean convenience store near Mall Road.,convenience store,clean,en,Lahore,shop,convenience
Agar mashoor clinic dhoond rahay ho to Saddar jao.,clinic,mashoor,ur,Peshawar,amenity,hospital
Lahore ke Liberty Market main aik bohat saaf suthra sair gah hai.,sair gah,saaf suthra,ur,Lahore,leisure,park
Is there any oldest tea house open in Rawalpindi right now?,tea house,oldest,en,Rawalpindi,amenity,cafe
"Avoid the mosque in Defence, it is not best.",mosque,best,en,Karachi,amenity,mosque
Islamabad ke F-7 main aik bohat mehnga resort hai.,resort,mehnga,ur,Islamabad,tourism,hotel
Does Islamabad have any best convenience store for tourists?,convenience store,best,en,Islamabad,shop,convenience
The G-9 in Islamabad has an cheap fashion outlet.,fashion outlet,cheap,en,Islamabad,shop,clothes
Anarkali wala dawa khana kaafi behtareen hai.,dawa khana,behtareen,ur,Lahore,amenity,hospital
I am looking for a affordable hospital near DHA.,hospital,affordable,en,Lahore,amenity,hospital
Does Peshawar have any affordable garden for tourists?,garden,affordable,en,Peshawar,leisure,park
Kya Rawalpindi main koi behtareen guest house khula hai?,guest house,behtareen,ur,Rawalpindi,tourism,hotel
Can you recommend a cheap police station around Centaurus?,police station,cheap,en,Islamabad,amenity,police
Does Lahore have any crowded tea house for tourists?,tea house,crowded,en,Lahore,amenity,cafe
Islamabad ke F-11 Markaz main aik bohat saaf suthra fashion center hai.,fashion center,saaf suthra,ur,Islamabad,shop,clothes
The Tariq Road in Karachi has an clean police station.,police station,clean,en,Karachi,amenity,police
Is there any best fashion outlet open in Rawalpindi right now?,fashion outlet,best,en,Rawalpindi,shop,clothes
I am looking for a luxury cafe near Gulberg.,cafe,luxury,en,Lahore,amenity,cafe
I am looking for a affordable tea house near University Road.,tea house,affordable,en,Peshawar,amenity,cafe
Suna hai ke Lahore main sab se purana tailor shop wahan hai.,tailor shop,purana,ur,Lahore,shop,tailor
DHA wala police station kaafi rush wala hai.,police station,rush wala,ur,Lahore,amenity,police
Islamabad ke Blue Area main aik bohat sasta ground hai.,ground,sasta,ur,Islamabad,leisure,park
Can you recommend a luxury restaurant around Saddar?,restaurant,luxury,en,Rawalpindi,amenity,restaurant
Karkhano main jo police station hai wo bohat mehnga hai.,police station,mehnga,ur,Peshawar,amenity,police
I am looking for a luxury grand mosque near University Road.,grand mosque,luxury,en,Peshawar,amenity,mosque
Suna hai ke Peshawar main sab se rush wala quetta tea hotel wahan hai.,quetta tea hotel,rush wala,ur,Peshawar,amenity,cafe
Blue Area wala dukaan kaafi purana hai.,dukaan,purana,ur,Islamabad,shop,convenience
Is there any affordable lodge open in Islamabad right now?,lodge,affordable,en,Islamabad,tourism,hotel
Saddar wala police station kaafi saaf suthra hai.,police station,saaf suthra,ur,Peshawar,amenity,police
DHA wala sauda salf ki dukaan kaafi behtareen hai.,sauda salf ki dukaan,behtareen,ur,Lahore,shop,convenience
I am looking for a luxury garment shop near Mall Road.,garment shop,luxury,en,Lahore,shop,clothes
We visited the most crowded eatery in Peshawar yesterday.,eatery,crowded,en,Peshawar,amenity,restaurant
The Defence in Karachi has an historic lodge.,lodge,historic,en,Karachi,tourism,hotel
Mujhay Saddar ke qareeb koi bada dukaan chahiye.,dukaan,bada,ur,Rawalpindi,shop,convenience
Agar sasta bagh dhoond rahay ho to F-11 Markaz jao.,bagh,sasta,ur,Islamabad,leisure,park
I am looking for a affordable grocery store near Gulberg.,grocery store,affordable,en,Lahore,shop,convenience
Hum ne Saddar main aik bada police station dekha.,police station,bada,ur,Rawalpindi,amenity,police
We visited the most popular fashion outlet in Rawalpindi yesterday.,fashion outlet,popular,en,Rawalpindi,shop,clothes
"Avoid the playground in F-7, it is not biggest.",playground,biggest,en,Islamabad,leisure,park
Saddar main jo cloth market hai wo bohat pur-sukoon hai.,cloth market,pur-sukoon,ur,Peshawar,shop,clothes
Suna hai ke Karachi main sab se purana musafir khana wahan hai.,musafir khana,purana,ur,Karachi,tourism,hotel
I am looking for a popular Islamic center near DHA.,Islamic center,popular,en,Lahore,amenity,mosque
Hum ne University Road main aik mashoor darzi dekha.,darzi,mashoor,ur,Peshawar,shop,tailor
Hum ne Saddar main aik qareebi hotel dekha.,hotel,qareebi,ur,Peshawar,amenity,restaurant
There is a famous tailor shop in University Road which is very famous.,tailor shop,famous,en,Peshawar,shop,tailor
Islamabad ke F-11 Markaz main aik bohat qareebi sair gah hai.,sair gah,qareebi,ur,Islamabad,leisure,park
Mujhay Saddar ke qareeb koi mashoor chai wala chahiye.,chai wala,mashoor,ur,Peshawar,amenity,cafe
Peshawar ke University Road main aik bohat qareebi bagh hai.,bagh,qareebi,ur,Peshawar,leisure,park
We visited the most luxury playground in Lahore yesterday.,playground,luxury,en,Lahore,leisure,park
Suna hai ke Rawalpindi main sab se rush wala jamia masjid wahan hai.,jamia masjid,rush wala,ur,Rawalpindi,amenity,mosque
Does Rawalpindi have any affordable park for tourists?,park,affordable,en,Rawalpindi,leisure,park
Can you recommend a oldest stitching center around G-9?,stitching center,oldest,en,Islamabad,shop,tailor
Is there any affordable grocery store open in Islamabad right now?,grocery store,affordable,en,Islamabad,shop,convenience
Lahore ke Mall Road main aik bohat saaf suthra silai markaz hai.,silai markaz,saaf suthra,ur,Lahore,shop,tailor
Hum ne Commercial Market main aik mashoor quetta tea hotel dekha.,quetta tea hotel,mashoor,ur,Rawalpindi,amenity,cafe
DHA wala silai markaz kaafi saaf suthra hai.,silai markaz,saaf suthra,ur,Lahore,shop,tailor
Saddar main jo park hai wo bohat purana hai.,park,purana,ur,Peshawar,leisure,park
We visited the most clean eatery in Lahore yesterday.,eatery,clean,en,Lahore,amenity,restaurant
Suna hai ke Lahore main sab se lajawab restaurant wahan hai.,restaurant,lajawab,ur,Lahore,amenity,restaurant
Liberty Market main jo restaurant hai wo bohat saaf suthra hai.,restaurant,saaf suthra,ur,Lahore,amenity,restaurant
The Gulberg in Lahore has an cheap coffee shop.,coffee shop,cheap,en,Lahore,amenity,cafe
The Gulshan in Karachi has an biggest park.,park,biggest,en,Karachi,leisure,park
There is a famous guest house in Saddar which is very nearby.,guest house,nearby,en,Peshawar,tourism,hotel
I am looking for a best jogging track near Commercial Market.,jogging track,best,en,Rawalpindi,leisure,park
DHA wala haspatal kaafi sasta hai.,haspatal,sasta,ur,Lahore,amenity,hospital
G-9 wala shifa khana kaafi mehnga hai.,shifa khana,mehnga,ur,Islamabad,amenity,hospital
Does Rawalpindi have any best tea house for tourists?,tea house,best,en,Rawalpindi,amenity,cafe
Suna hai ke Lahore main sab se behtareen jamia masjid wahan hai.,jamia masjid,behtareen,ur,Lahore,amenity,mosque
We visited the most biggest mosque in Peshawar yesterday.,mosque,biggest,en,Peshawar,amenity,mosque
Mujhay Saddar ke qareeb koi behtareen masjid chahiye.,masjid,behtareen,ur,Rawalpindi,amenity,mosque
Mujhay DHA ke qareeb koi rush wala hotel chahiye.,hotel,rush wala,ur,Lahore,amenity,restaurant
Kya Islamabad main koi rush wala thana khula hai?,thana,rush wala,ur,Islamabad,amenity,police
Kya Peshawar main koi lajawab police station khula hai?,police station,lajawab,ur,Peshawar,amenity,police
Suna hai ke Peshawar main sab se pur-sukoon hotel wahan hai.,hotel,pur-sukoon,ur,Peshawar,tourism,hotel
Peshawar ke University Road main aik bohat mashoor cafe hai.,cafe,mashoor,ur,Peshawar,amenity,cafe
Peshawar ke Karkhano main aik bohat mehnga boutique hai.,boutique,mehnga,ur,Peshawar,shop,clothes
Does Islamabad have any biggest resort for tourists?,resort,biggest,en,Islamabad,tourism,hotel
University Road main jo thana hai wo bohat qareebi hai.,thana,qareebi,ur,Peshawar,amenity,police
There is a famous clothing store in G-9 which is very popular.,clothing store,popular,en,Islamabad,shop,clothes
We visited the most clean resort in Lahore yesterday.,resort,clean,en,Lahore,tourism,hotel
Is there any nearby tea house open in Karachi right now?,tea house,nearby,en,Karachi,amenity,cafe
Suna hai ke Islamabad main sab se bada hotel wahan hai.,hotel,bada,ur,Islamabad,tourism,hotel
Is there any cheap guest house open in Rawalpindi right now?,guest house,cheap,en,Rawalpindi,tourism,hotel
Hum ne Hayatabad main aik mehnga guest house dekha.,guest house,mehnga,ur,Peshawar,tourism,hotel
Agar rush wala restaurant dhoond rahay ho to Clifton jao.,restaurant,rush wala,ur,Karachi,amenity,restaurant
There is a famous tuck shop in DHA which is very best.,tuck shop,best,en,Lahore,shop,convenience
Agar saaf suthra hotel dhoond rahay ho to Karkhano jao.,hotel,saaf suthra,ur,Peshawar,amenity,restaurant
Commercial Market wala boutique kaafi mehnga hai.,boutique,mehnga,ur,Rawalpindi,shop,clothes
Is there any affordable stitching center open in Rawalpindi right now?,stitching center,affordable,en,Rawalpindi,shop,tailor
Mujhay Blue Area ke qareeb koi lajawab park chahiye.,park,lajawab,ur,Islamabad,leisure,park
Agar behtareen tailor shop dhoond rahay ho to Defence jao.,tailor shop,behtareen,ur,Karachi,shop,tailor
Suna hai ke Rawalpindi main sab se mashoor khanay ka center wahan hai.,khanay ka center,mashoor,ur,Rawalpindi,amenity,restaurant
"Avoid the dining place in DHA, it is not affordable.",dining place,affordable,en,Lahore,amenity,restaurant
Kya Islamabad main koi mashoor quetta tea hotel khula hai?,quetta tea hotel,mashoor,ur,Islamabad,amenity,cafe
Lahore ke Anarkali main aik bohat bada chowki hai.,chowki,bada,ur,Lahore,amenity,police
Raja Bazaar main jo ground hai wo bohat behtareen hai.,ground,behtareen,ur,Rawalpindi,leisure,park
"Avoid the hotel in Commercial Market, it is not historic.",hotel,historic,en,Rawalpindi,tourism,hotel
Does Islamabad have any clean resort for tourists?,resort,clean,en,Islamabad,tourism,hotel
We visited the most best lodge in Rawalpindi yesterday.,lodge,best,en,Rawalpindi,tourism,hotel
Mujhay Saddar ke qareeb koi saaf suthra quetta tea hotel chahiye.,quetta tea hotel,saaf suthra,ur,Rawalpindi,amenity,cafe
Hum ne Gulshan main aik khubsurat tikka shop dekha.,tikka shop,khubsurat,ur,Karachi,amenity,restaurant
Suna hai ke Peshawar main sab se mehnga haspatal wahan hai.,haspatal,mehnga,ur,Peshawar,amenity,hospital
There is a famous hotel in Raja Bazaar which is very cheap.,hotel,cheap,en,Rawalpindi,tourism,hotel
The Raja Bazaar in Rawalpindi has an famous emergency room.,emergency room,famous,en,Rawalpindi,amenity,hospital
Islamabad ke Centaurus main aik bohat khubsurat khanay ka center hai.,khanay ka center,khubsurat,ur,Islamabad,amenity,restaurant
Is there any clean tea house open in Karachi right now?,tea house,clean,en,Karachi,amenity,cafe
Does Islamabad have any biggest mosque for tourists?,mosque,biggest,en,Islamabad,amenity,mosque
We visited the most cheap precinct in Islamabad yesterday.,precinct,cheap,en,Islamabad,amenity,police
Karachi ke Clifton main aik bohat qareebi thana hai.,thana,qareebi,ur,Karachi,amenity,police
I am looking for a luxury jogging track near Defence.,jogging track,luxury,en,Karachi,leisure,park
We visited the most popular tuck shop in Islamabad yesterday.,tuck shop,popular,en,Islamabad,shop,convenience
The G-9 in Islamabad has an popular jogging track.,jogging track,popular,en,Islamabad,leisure,park
There is a famous hotel in Gulshan which is very historic.,hotel,historic,en,Karachi,tourism,hotel
DHA main jo dhaba hai wo bohat rush wala hai.,dhaba,rush wala,ur,Lahore,amenity,restaurant
Suna hai ke Karachi main sab se mehnga shifa khana wahan hai.,shifa khana,mehnga,ur,Karachi,amenity,hospital
"Avoid the hotel in Commercial Market, it is not best.",hotel,best,en,Rawalpindi,tourism,hotel
Saddar main jo general store hai wo bohat khubsurat hai.,general store,khubsurat,ur,Rawalpindi,shop,convenience
There is a famous medical center in Bahria Town which is very affordable.,medical center,affordable,en,Rawalpindi,amenity,hospital
Gulberg main jo quetta tea hotel hai wo bohat qareebi hai.,quetta tea hotel,qareebi,ur,Lahore,amenity,cafe
Can you recommend a nearby stitching center around Tariq Road?,stitching center,nearby,en,Karachi,shop,tailor
F-11 Markaz wala tailor shop kaafi lajawab hai.,tailor shop,lajawab,ur,Islamabad,shop,tailor
Does Peshawar have any luxury tea house for tourists?,tea house,luxury,en,Peshawar,amenity,cafe
Gulshan wala cloth market kaafi pur-sukoon hai.,cloth market,pur-sukoon,ur,Karachi,shop,clothes
Mujhay Saddar ke qareeb koi purana clinic chahiye.,clinic,purana,ur,Peshawar,amenity,hospital
Hum ne Bahria Town main aik saaf suthra darzi dekha.,darzi,saaf suthra,ur,Rawalpindi,shop,tailor
We visited the most affordable cafe in Karachi yesterday.,cafe,affordable,en,Karachi,amenity,cafe
Is there any affordable emergency room open in Islamabad right now?,emergency room,affordable,en,Islamabad,amenity,hospital
Can you recommend a famous coffee shop around Karkhano?,coffee shop,famous,en,Peshawar,amenity,cafe
Kya Peshawar main koi qareebi kiryana store khula hai?,kiryana store,qareebi,ur,Peshawar,shop,convenience
"Avoid the precinct in University Road, it is not cheap.",precinct,cheap,en,Peshawar,amenity,police
Suna hai ke Islamabad main sab se saaf suthra ground wahan hai.,ground,saaf suthra,ur,Islamabad,leisure,park
"Avoid the eatery in Anarkali, it is not clean.",eatery,clean,en,Lahore,amenity,restaurant
Suna hai ke Karachi main sab se mashoor boutique wahan hai.,boutique,mashoor,ur,Karachi,shop,clothes
Kya Lahore main koi rush wala quetta tea hotel khula hai?,quetta tea hotel,rush wala,ur,Lahore,amenity,cafe
Lahore ke Liberty Market main aik bohat mashoor thana hai.,thana,mashoor,ur,Lahore,amenity,police
The G-9 in Islamabad has an clean precinct.,precinct,clean,en,Islamabad,amenity,police
Kya Islamabad main koi bada general store khula hai?,general store,bada,ur,Islamabad,shop,convenience
The Centaurus in Islamabad has an historic clinic.,clinic,historic,en,Islamabad,amenity,hospital
Can you recommend a luxury eatery around Anarkali?,eatery,luxury,en,Lahore,amenity,restaurant
Can you recommend a biggest clinic around Saddar?,clinic,biggest,en,Rawalpindi,amenity,hospital
"Avoid the tailor shop in Tariq Road, it is not luxury.",tailor shop,luxury,en,Karachi,shop,tailor
DHA wala chai wala kaafi khubsurat hai.,chai wala,khubsurat,ur,Lahore,amenity,cafe
Suna hai ke Lahore main sab se lajawab clinic wahan hai.,clinic,lajawab,ur,Lahore,amenity,hospital
We visited the most affordable tea house in Islamabad yesterday.,tea house,affordable,en,Islamabad,amenity,cafe
Agar khubsurat cafe dhoond rahay ho to Clifton jao.,cafe,khubsurat,ur,Karachi,amenity,cafe
Mujhay Saddar ke qareeb koi sasta cafe chahiye.,cafe,sasta,ur,Karachi,amenity,cafe
Hum ne Saddar main aik khubsurat darzi dekha.,darzi,khubsurat,ur,Peshawar,shop,tailor
Is there any luxury tea house open in Karachi right now?,tea house,luxury,en,Karachi,amenity,cafe
We visited the most cheap boutique in Rawalpindi yesterday.,boutique,cheap,en,Rawalpindi,shop,clothes
Can you recommend a luxury coffee shop around Liberty Market?,coffee shop,luxury,en,Lahore,amenity,cafe
The Tariq Road in Karachi has an clean precinct.,precinct,clean,en,Karachi,amenity,police
Is there any best medical center open in Peshawar right now?,medical center,best,en,Peshawar,amenity,hospital
"Avoid the hospital in Mall Road, it is not crowded.",hospital,crowded,en,Lahore,amenity,hospital
Agar saaf suthra masjid dhoond rahay ho to Gulshan jao.,masjid,saaf suthra,ur,Karachi,amenity,mosque
Suna hai ke Karachi main sab se behtareen cafe wahan hai.,cafe,behtareen,ur,Karachi,amenity,cafe
University Road wala cafe kaafi qareebi hai.,cafe,qareebi,ur,Peshawar,amenity,cafe
Is there any best boutique open in Islamabad right now?,boutique,best,en,Islamabad,shop,clothes
Hum ne Tariq Road main aik mehnga musafir khana dekha.,musafir khana,mehnga,ur,Karachi,tourism,hotel
There is a famous grand mosque in Hayatabad which is very affordable.,grand mosque,affordable,en,Peshawar,amenity,mosque
Agar sasta imambargah dhoond rahay ho to Tariq Road jao.,imambargah,sasta,ur,Karachi,amenity,mosque
Hum ne F-11 Markaz main aik purana boutique dekha.,boutique,purana,ur,Islamabad,shop,clothes
Islamabad ke F-7 main aik bohat mashoor darzi hai.,darzi,mashoor,ur,Islamabad,shop,tailor
Hum ne Gulshan main aik purana silai markaz dekha.,silai markaz,purana,ur,Karachi,shop,tailor
University Road wala chowki kaafi pur-sukoon hai.,chowki,pur-sukoon,ur,Peshawar,amenity,police
Suna hai ke Peshawar main sab se rush wala chowki wahan hai.,chowki,rush wala,ur,Peshawar,amenity,police
Suna hai ke Rawalpindi main sab se sasta kiryana store wahan hai.,kiryana store,sasta,ur,Rawalpindi,shop,convenience
We visited the most historic mosque in Rawalpindi yesterday.,mosque,historic,en,Rawalpindi,amenity,mosque
Saddar main jo silai markaz hai wo bohat mashoor hai.,silai markaz,mashoor,ur,Peshawar,shop,tailor
Lahore ke Gulberg main aik bohat purana fashion center hai.,fashion center,purana,ur,Lahore,shop,clothes
Gulshan wala guest house kaafi pur-sukoon hai.,guest house,pur-sukoon,ur,Karachi,tourism,hotel
Is there any famous boutique open in Rawalpindi right now?,boutique,famous,en,Rawalpindi,shop,clothes
I am looking for a best lodge near Tariq Road.,lodge,best,en,Karachi,tourism,hotel
Raja Bazaar wala tikka shop kaafi mashoor hai.,tikka shop,mashoor,ur,Rawalpindi,amenity,restaurant
Hum ne Anarkali main aik mashoor kapron ki dukaan dekha.,kapron ki dukaan,mashoor,ur,Lahore,shop,clothes
Suna hai ke Lahore main sab se lajawab dawa khana wahan hai.,dawa khana,lajawab,ur,Lahore,amenity,hospital
Can you recommend a historic hotel around G-9?,hotel,historic,en,Islamabad,tourism,hotel
We visited the most luxury boutique in Islamabad yesterday.,boutique,luxury,en,Islamabad,shop,clothes
Can you recommend a famous grand mosque around University Road?,grand mosque,famous,en,Peshawar,amenity,mosque
Can you recommend a affordable hospital around Bahria Town?,hospital,affordable,en,Rawalpindi,amenity,hospital
F-11 Markaz main jo shifa khana hai wo bohat behtareen hai.,shifa khana,behtareen,ur,Islamabad,amenity,hospital
There is a famous tailor shop in F-7 which is very famous.,tailor shop,famous,en,Islamabad,shop,tailor
Suna hai ke Peshawar main sab se purana imambargah wahan hai.,imambargah,purana,ur,Peshawar,amenity,mosque
Can you recommend a popular garment shop around Karkhano?,garment shop,popular,en,Peshawar,shop,clothes
Is there any nearby clothing store open in Islamabad right now?,clothing store,nearby,en,Islamabad,shop,clothes
Hum ne Mall Road main aik bada imambargah dekha.,imambargah,bada,ur,Lahore,amenity,mosque
Suna hai ke Peshawar main sab se khubsurat darzi wahan hai.,darzi,khubsurat,ur,Peshawar,shop,tailor
I am looking for a famous fashion outlet near Commercial Market.,fashion outlet,famous,en,Rawalpindi,shop,clothes
Can you recommend a popular jogging track around Centaurus?,jogging track,popular,en,Islamabad,leisure,park
Is there any crowded tailor shop open in Islamabad right now?,tailor shop,crowded,en,Islamabad,shop,tailor
There is a famous eatery in DHA which is very best.,eatery,best,en,Lahore,amenity,restaurant
Is there any clean coffee shop open in Islamabad right now?,coffee shop,clean,en,Islamabad,amenity,cafe
Saddar wala tailor shop kaafi mehnga hai.,tailor shop,mehnga,ur,Rawalpindi,shop,tailor
There is a famous hotel in Liberty Market which is very biggest.,hotel,biggest,en,Lahore,tourism,hotel
Commercial Market wala dhaba kaafi pur-sukoon hai.,dhaba,pur-sukoon,ur,Rawalpindi,amenity,restaurant
Gulberg main jo chai wala hai wo bohat khubsurat hai.,chai wala,khubsurat,ur,Lahore,amenity,cafe
We visited the most crowded tuck shop in Lahore yesterday.,tuck shop,crowded,en,Lahore,shop,convenience
Centaurus wala ground kaafi khubsurat hai.,ground,khubsurat,ur,Islamabad,leisure,park
Suna hai ke Karachi main sab se pur-sukoon khanay ka center wahan hai.,khanay ka center,pur-sukoon,ur,Karachi,amenity,restaurant
There is a famous garden in Tariq Road which is very crowded.,garden,crowded,en,Karachi,leisure,park
Does Karachi have any best stitching center for tourists?,stitching center,best,en,Karachi,shop,tailor
Mujhay Hayatabad ke qareeb koi sasta park chahiye.,park,sasta,ur,Peshawar,leisure,park
There is a famous Islamic center in DHA which is very nearby.,Islamic center,nearby,en,Lahore,amenity,mosque
Saddar main jo bagh hai wo bohat mehnga hai.,bagh,mehnga,ur,Peshawar,leisure,park
Agar saaf suthra guest house dhoond rahay ho to Blue Area jao.,guest house,saaf suthra,ur,Islamabad,tourism,hotel
Suna hai ke Lahore main sab se lajawab resort wahan hai.,resort,lajawab,ur,Lahore,tourism,hotel
Suna hai ke Islamabad main sab se sasta silai markaz wahan hai.,silai markaz,sasta,ur,Islamabad,shop,tailor
Agar saaf suthra fashion center dhoond rahay ho to Tariq Road jao.,fashion center,saaf suthra,ur,Karachi,shop,clothes
Is there any affordable boutique open in Peshawar right now?,boutique,affordable,en,Peshawar,shop,clothes
We visited the most affordable garment shop in Islamabad yesterday.,garment shop,affordable,en,Islamabad,shop,clothes
Suna hai ke Lahore main sab se bada clinic wahan hai.,clinic,bada,ur,Lahore,amenity,hospital
Does Islamabad have any historic dining place for tourists?,dining place,historic,en,Islamabad,amenity,restaurant
"Avoid the jogging track in Gulberg, it is not best.",jogging track,best,en,Lahore,leisure,park
We visited the most oldest convenience store in Karachi yesterday.,convenience store,oldest,en,Karachi,shop,convenience
Suna hai ke Lahore main sab se khubsurat police station wahan hai.,police station,khubsurat,ur,Lahore,amenity,police
The F-7 in Islamabad has an cheap boutique.,boutique,cheap,en,Islamabad,shop,clothes
Agar rush wala guest house dhoond rahay ho to Saddar jao.,guest house,rush wala,ur,Karachi,tourism,hotel
Can you recommend a best resort around Gulberg?,resort,best,en,Lahore,tourism,hotel
Does Islamabad have any biggest fashion outlet for tourists?,fashion outlet,biggest,en,Islamabad,shop,clothes
Clifton wala tailor shop kaafi khubsurat hai.,tailor shop,khubsurat,ur,Karachi,shop,tailor
I am looking for a oldest cafe near Gulshan.,cafe,oldest,en,Karachi,amenity,cafe
Peshawar ke University Road main aik bohat pur-sukoon bagh hai.,bagh,pur-sukoon,ur,Peshawar,leisure,park
I am looking for a biggest garden near Saddar.,garden,biggest,en,Karachi,leisure,park
Suna hai ke Islamabad main sab se saaf suthra haspatal wahan hai.,haspatal,saaf suthra,ur,Islamabad,amenity,hospital
Suna hai ke Lahore main sab se rush wala general store wahan hai.,general store,rush wala,ur,Lahore,shop,convenience
F-11 Markaz wala hotel kaafi bada hai.,hotel,bada,ur,Islamabad,amenity,restaurant
Mujhay DHA ke qareeb koi bada chaye khana chahiye.,chaye khana,bada,ur,Lahore,amenity,cafe
Karachi ke Gulshan main aik bohat bada bagh hai.,bagh,bada,ur,Karachi,leisure,park
I am looking for a biggest playground near Hayatabad.,playground,biggest,en,Peshawar,leisure,park
Kya Lahore main koi mehnga shifa khana khula hai?,shifa khana,mehnga,ur,Lahore,amenity,hospital
Anarkali wala khanay ka center kaafi pur-sukoon hai.,khanay ka center,pur-sukoon,ur,Lahore,amenity,restaurant
There is a famous coffee shop in Blue Area which is very best.,coffee shop,best,en,Islamabad,amenity,cafe
Liberty Market wala eid gah kaafi pur-sukoon hai.,eid gah,pur-sukoon,ur,Lahore,amenity,mosque
Suna hai ke Rawalpindi main sab se lajawab kapron ki dukaan wahan hai.,kapron ki dukaan,lajawab,ur,Rawalpindi,shop,clothes
I am looking for a crowded grand mosque near Bahria Town.,grand mosque,crowded,en,Rawalpindi,amenity,mosque
Hum ne Liberty Market main aik mashoor cloth market dekha.,cloth market,mashoor,ur,Lahore,shop,clothes
The Saddar in Karachi has an famous coffee shop.,coffee shop,famous,en,Karachi,amenity,cafe
Mujhay Saddar ke qareeb koi khubsurat dhaba chahiye.,dhaba,khubsurat,ur,Rawalpindi,amenity,restaurant
Bahria Town wala sair gah kaafi pur-sukoon hai.,sair gah,pur-sukoon,ur,Rawalpindi,leisure,park
Suna hai ke Islamabad main sab se pur-sukoon sauda salf ki dukaan wahan hai.,sauda salf ki dukaan,pur-sukoon,ur,Islamabad,shop,convenience
Agar lajawab quetta tea hotel dhoond rahay ho to Commercial Market jao.,quetta tea hotel,lajawab,ur,Rawalpindi,amenity,cafe
Raja Bazaar wala khanay ka center kaafi behtareen hai.,khanay ka center,behtareen,ur,Rawalpindi,amenity,restaurant
"Avoid the fashion outlet in Raja Bazaar, it is not biggest.",fashion outlet,biggest,en,Rawalpindi,shop,clothes
Agar pur-sukoon sauda salf ki dukaan dhoond rahay ho to Commercial Market jao.,sauda salf ki dukaan,pur-sukoon,ur,Rawalpindi,shop,convenience
I am looking for a luxury guest house near Liberty Market.,guest house,luxury,en,Lahore,tourism,hotel
Is there any crowded stitching center open in Islamabad right now?,stitching center,crowded,en,Islamabad,shop,tailor
Kya Rawalpindi main koi lajawab thana khula hai?,thana,lajawab,ur,Rawalpindi,amenity,police
Can you recommend a luxury cafe around Gulberg?,cafe,luxury,en,Lahore,amenity,cafe
Suna hai ke Rawalpindi main sab se bada darzi wahan hai.,darzi,bada,ur,Rawalpindi,shop,tailor
"Avoid the cafe in Hayatabad, it is not oldest.",cafe,oldest,en,Peshawar,amenity,cafe
Gulberg main jo guest house hai wo bohat mashoor hai.,guest house,mashoor,ur,Lahore,tourism,hotel
Can you recommend a famous medical center around Gulberg?,medical center,famous,en,Lahore,amenity,hospital
Agar mehnga darzi dhoond rahay ho to F-7 jao.,darzi,mehnga,ur,Islamabad,shop,tailor
Hum ne Tariq Road main aik saaf suthra darzi dekha.,darzi,saaf suthra,ur,Karachi,shop,tailor
Saddar wala thana kaafi pur-sukoon hai.,thana,pur-sukoon,ur,Karachi,amenity,police
Suna hai ke Peshawar main sab se rush wala imambargah wahan hai.,imambargah,rush wala,ur,Peshawar,amenity,mosque
Mujhay F-7 ke qareeb koi sasta silai markaz chahiye.,silai markaz,sasta,ur,Islamabad,shop,tailor
Hum ne Raja Bazaar main aik saaf suthra hotel dekha.,hotel,saaf suthra,ur,Rawalpindi,tourism,hotel
The F-11 Markaz in Islamabad has an luxury coffee shop.,coffee shop,luxury,en,Islamabad,amenity,cafe
Centaurus wala imambargah kaafi sasta hai.,imambargah,sasta,ur,Islamabad,amenity,mosque
There is a famous clinic in Bahria Town which is very luxury.,clinic,luxury,en,Rawalpindi,amenity,hospital
Does Lahore have any famous grocery store for tourists?,grocery store,famous,en,Lahore,shop,convenience
Hum ne Centaurus main aik khubsurat silai markaz dekha.,silai markaz,khubsurat,ur,Islamabad,shop,tailor
Suna hai ke Karachi main sab se mehnga police station wahan hai.,police station,mehnga,ur,Karachi,amenity,police
Hum ne Commercial Market main aik lajawab silai markaz dekha.,silai markaz,lajawab,ur,Rawalpindi,shop,tailor
We visited the most biggest garden in Islamabad yesterday.,garden,biggest,en,Islamabad,leisure,park
Hum ne Liberty Market main aik lajawab musafir khana dekha.,musafir khana,lajawab,ur,Lahore,tourism,hotel
Anarkali wala dawa khana kaafi qareebi hai.,dawa khana,qareebi,ur,Lahore,amenity,hospital
Karachi ke Defence main aik bohat purana hotel hai.,hotel,purana,ur,Karachi,tourism,hotel
Saddar wala police station kaafi khubsurat hai.,police station,khubsurat,ur,Rawalpindi,amenity,police
Hayatabad wala bagh kaafi khubsurat hai.,bagh,khubsurat,ur,Peshawar,leisure,park
Does Islamabad have any historic restaurant for tourists?,restaurant,historic,en,Islamabad,amenity,restaurant
Suna hai ke Peshawar main sab se mehnga sair gah wahan hai.,sair gah,mehnga,ur,Peshawar,leisure,park
Kya Rawalpindi main koi behtareen jamia masjid khula hai?,jamia masjid,behtareen,ur,Rawalpindi,amenity,mosque
Agar behtareen imambargah dhoond rahay ho to G-9 jao.,imambargah,behtareen,ur,Islamabad,amenity,mosque
Agar khubsurat dawa khana dhoond rahay ho to Clifton jao.,dawa khana,khubsurat,ur,Karachi,amenity,hospital
Kya Rawalpindi main koi sasta guest house khula hai?,guest house,sasta,ur,Rawalpindi,tourism,hotel
"Avoid the cafe in G-9, it is not historic.",cafe,historic,en,Islamabad,amenity,cafe
"Avoid the garden in Saddar, it is not best.",garden,best,en,Karachi,leisure,park
We visited the most best fashion outlet in Peshawar yesterday.,fashion outlet,best,en,Peshawar,shop,clothes
Karkhano main jo khanay ka center hai wo bohat sasta hai.,khanay ka center,sasta,ur,Peshawar,amenity,restaurant
There is a famous eatery in Defence which is very luxury.,eatery,luxury,en,Karachi,amenity,restaurant
Mujhay Defence ke qareeb koi saaf suthra dawa khana chahiye.,dawa khana,saaf suthra,ur,Karachi,amenity,hospital
Mujhay University Road ke qareeb koi rush wala restaurant chahiye.,restaurant,rush wala,ur,Peshawar,amenity,restaurant
Can you recommend a affordable boutique around DHA?,boutique,affordable,en,Lahore,shop,clothes
Hum ne Saddar main aik mehnga darzi dekha.,darzi,mehnga,ur,Karachi,shop,tailor
We visited the most biggest park in Islamabad yesterday.,park,biggest,en,Islamabad,leisure,park
The Centaurus in Islamabad has an biggest park.,park,biggest,en,Islamabad,leisure,park
Mujhay Commercial Market ke qareeb koi saaf suthra quetta tea hotel chahiye.,quetta tea hotel,saaf suthra,ur,Rawalpindi,amenity,cafe
"Avoid the mosque in Hayatabad, it is not famous.",mosque,famous,en,Peshawar,amenity,mosque
Mall Road main jo bagh hai wo bohat sasta hai.,bagh,sasta,ur,Lahore,leisure,park
Agar khubsurat park dhoond rahay ho to Anarkali jao.,park,khubsurat,ur,Lahore,leisure,park
We visited the most crowded park in Lahore yesterday.,park,crowded,en,Lahore,leisure,park
Kya Karachi main koi mashoor guest house khula hai?,guest house,mashoor,ur,Karachi,tourism,hotel
Agar pur-sukoon jamia masjid dhoond rahay ho to Clifton jao.,jamia masjid,pur-sukoon,ur,Karachi,amenity,mosque
There is a famous hospital in University Road which is very clean.,hospital,clean,en,Peshawar,amenity,hospital
Rawalpindi ke Raja Bazaar main aik bohat sasta haspatal hai.,haspatal,sasta,ur,Rawalpindi,amenity,hospital
Hum ne Saddar main aik bada cafe dekha.,cafe,bada,ur,Rawalpindi,amenity,cafe
Is there any historic mini mart open in Islamabad right now?,mini mart,historic,en,Islamabad,shop,convenience
I am looking for a crowded resort near F-11 Markaz.,resort,crowded,en,Islamabad,tourism,hotel
Does Lahore have any oldest stitching center for tourists?,stitching center,oldest,en,Lahore,shop,tailor
Is there any luxury lodge open in Karachi right now?,lodge,luxury,en,Karachi,tourism,hotel
Peshawar ke Hayatabad main aik bohat qareebi tikka shop hai.,tikka shop,qareebi,ur,Peshawar,amenity,restaurant
We visited the most cheap Islamic center in Lahore yesterday.,Islamic center,cheap,en,Lahore,amenity,mosque
Mujhay Hayatabad ke qareeb koi lajawab masjid chahiye.,masjid,lajawab,ur,Peshawar,amenity,mosque
There is a famous emergency room in Gulberg which is very luxury.,emergency room,luxury,en,Lahore,amenity,hospital
Kya Rawalpindi main koi behtareen imambargah khula hai?,imambargah,behtareen,ur,Rawalpindi,amenity,mosque
There is a famous grocery store in Blue Area which is very biggest.,grocery store,biggest,en,Islamabad,shop,convenience
Mujhay DHA ke qareeb koi behtareen dukaan chahiye.,dukaan,behtareen,ur,Lahore,shop,convenience
Does Lahore have any luxury park for tourists?,park,luxury,en,Lahore,leisure,park
Suna hai ke Rawalpindi main sab se khubsurat park wahan hai.,park,khubsurat,ur,Rawalpindi,leisure,park
Does Peshawar have any nearby bistro for tourists?,bistro,nearby,en,Peshawar,amenity,restaurant
Mujhay Gulshan ke qareeb koi mehnga ground chahiye.,ground,mehnga,ur,Karachi,leisure,park
Is there any historic bistro open in Peshawar right now?,bistro,historic,en,Peshawar,amenity,restaurant
There is a famous hotel in Gulberg which is very famous.,hotel,famous,en,Lahore,tourism,hotel
We visited the most oldest police station in Karachi yesterday.,police station,oldest,en,Karachi,amenity,police
Is there any cheap cafe open in Karachi right now?,cafe,cheap,en,Karachi,amenity,cafe
Suna hai ke Karachi main sab se lajawab jamia masjid wahan hai.,jamia masjid,lajawab,ur,Karachi,amenity,mosque
Agar purana chowki dhoond rahay ho to Blue Area jao.,chowki,purana,ur,Islamabad,amenity,police
Mall Road main jo police station hai wo bohat qareebi hai.,police station,qareebi,ur,Lahore,amenity,police
"Avoid the precinct in Gulberg, it is not clean.",precinct,clean,en,Lahore,amenity,police
Hum ne Saddar main aik rush wala hotel dekha.,hotel,rush wala,ur,Peshawar,amenity,restaurant
F-11 Markaz main jo tailor shop hai wo bohat mehnga hai.,tailor shop,mehnga,ur,Islamabad,shop,tailor
There is a famous boutique in Anarkali which is very luxury.,boutique,luxury,en,Lahore,shop,clothes
Suna hai ke Karachi main sab se bada silai markaz wahan hai.,silai markaz,bada,ur,Karachi,shop,tailor
There is a famous clothing store in Mall Road which is very nearby.,clothing store,nearby,en,Lahore,shop,clothes
"Avoid the grand mosque in Raja Bazaar, it is not luxury.",grand mosque,luxury,en,Rawalpindi,amenity,mosque
Islamabad ke F-7 main aik bohat mashoor cloth market hai.,cloth market,mashoor,ur,Islamabad,shop,clothes
Mujhay G-9 ke qareeb koi qareebi silai markaz chahiye.,silai markaz,qareebi,ur,Islamabad,shop,tailor
Suna hai ke Peshawar main sab se pur-sukoon boutique wahan hai.,boutique,pur-sukoon,ur,Peshawar,shop,clothes
Can you recommend a cheap mini mart around Blue Area?,mini mart,cheap,en,Islamabad,shop,convenience
Agar qareebi eid gah dhoond rahay ho to DHA jao.,eid gah,qareebi,ur,Lahore,amenity,mosque
Can you recommend a oldest tea house around Saddar?,tea house,oldest,en,Rawalpindi,amenity,cafe
Hum ne Defence main aik mashoor musafir khana dekha.,musafir khana,mashoor,ur,Karachi,tourism,hotel
"Avoid the park in Saddar, it is not famous.",park,famous,en,Rawalpindi,leisure,park
Hum ne Commercial Market main aik pur-sukoon guest house dekha.,guest house,pur-sukoon,ur,Rawalpindi,tourism,hotel
Lahore ke Anarkali main aik bohat sasta clinic hai.,clinic,sasta,ur,Lahore,amenity,hospital
Islamabad ke F-11 Markaz main aik bohat behtareen masjid hai.,masjid,behtareen,ur,Islamabad,amenity,mosque
Karachi ke Defence main aik bohat bada kapron ki dukaan hai.,kapron ki dukaan,bada,ur,Karachi,shop,clothes
The Bahria Town in Rawalpindi has an biggest grocery store.,grocery store,biggest,en,Rawalpindi,shop,convenience
Can you recommend a affordable police station around Saddar?,police station,affordable,en,Rawalpindi,amenity,police
There is a famous resort in Raja Bazaar which is very historic.,resort,historic,en,Rawalpindi,tourism,hotel
Hum ne Clifton main aik rush wala dawa khana dekha.,dawa khana,rush wala,ur,Karachi,amenity,hospital
There is a famous clothing store in Raja Bazaar which is very luxury.,clothing store,luxury,en,Rawalpindi,shop,clothes
Centaurus wala cloth market kaafi lajawab hai.,cloth market,lajawab,ur,Islamabad,shop,clothes
University Road wala ground kaafi mashoor hai.,ground,mashoor,ur,Peshawar,leisure,park
Is there any popular guest house open in Lahore right now?,guest house,popular,en,Lahore,tourism,hotel
I am looking for a clean precinct near Gulberg.,precinct,clean,en,Lahore,amenity,police
Anarkali main jo restaurant hai wo bohat rush wala hai.,restaurant,rush wala,ur,Lahore,amenity,restaurant
Hum ne F-7 main aik rush wala thana dekha.,thana,rush wala,ur,Islamabad,amenity,police
I am looking for a oldest tuck shop near Liberty Market.,tuck shop,oldest,en,Lahore,shop,convenience
We visited the most affordable tailor shop in Rawalpindi yesterday.,tailor shop,affordable,en,Rawalpindi,shop,tailor
Liberty Market wala shifa khana kaafi saaf suthra hai.,shifa khana,saaf suthra,ur,Lahore,amenity,hospital
Can you recommend a luxury clothing store around Hayatabad?,clothing store,luxury,en,Peshawar,shop,clothes
"Avoid the cafe in DHA, it is not luxury.",cafe,luxury,en,Lahore,amenity,cafe
There is a famous Islamic center in Commercial Market which is very crowded.,Islamic center,crowded,en,Rawalpindi,amenity,mosque
Suna hai ke Karachi main sab se rush wala chai wala wahan hai.,chai wala,rush wala,ur,Karachi,amenity,cafe
Islamabad ke G-9 main aik bohat mehnga musafir khana hai.,musafir khana,mehnga,ur,Islamabad,tourism,hotel
Is there any clean garden open in Rawalpindi right now?,garden,clean,en,Rawalpindi,leisure,park
Does Islamabad have any clean tailor shop for tourists?,tailor shop,clean,en,Islamabad,shop,tailor
Karachi ke Tariq Road main aik bohat qareebi chowki hai.,chowki,qareebi,ur,Karachi,amenity,police
Rawalpindi ke Saddar main aik bohat lajawab darzi hai.,darzi,lajawab,ur,Rawalpindi,shop,tailor
We visited the most nearby precinct in Karachi yesterday.,precinct,nearby,en,Karachi,amenity,police
The DHA in Lahore has an oldest clinic.,clinic,oldest,en,Lahore,amenity,hospital
I am looking for a oldest garment shop near F-7.,garment shop,oldest,en,Islamabad,shop,clothes
Suna hai ke Islamabad main sab se behtareen fashion center wahan hai.,fashion center,behtareen,ur,Islamabad,shop,clothes
Rawalpindi ke Raja Bazaar main aik bohat khubsurat restaurant hai.,restaurant,khubsurat,ur,Rawalpindi,amenity,restaurant
"Avoid the tea house in Defence, it is not nearby.",tea house,nearby,en,Karachi,amenity,cafe
Hum ne Hayatabad main aik mashoor dukaan dekha.,dukaan,mashoor,ur,Peshawar,shop,convenience
Mujhay Blue Area ke qareeb koi bada guest house chahiye.,guest house,bada,ur,Islamabad,tourism,hotel
Mall Road main jo police station hai wo bohat mashoor hai.,police station,mashoor,ur,Lahore,amenity,police
Is there any oldest guest house open in Lahore right now?,guest house,oldest,en,Lahore,tourism,hotel
Can you recommend a popular resort around Defence?,resort,popular,en,Karachi,tourism,hotel
Agar purana ground dhoond rahay ho to DHA jao.,ground,purana,ur,Lahore,leisure,park
Agar saaf suthra ground dhoond rahay ho to Saddar jao.,ground,saaf suthra,ur,Karachi,leisure,park
Saddar wala restaurant kaafi behtareen hai.,restaurant,behtareen,ur,Peshawar,amenity,restaurant
Hum ne Defence main aik qareebi shifa khana dekha.,shifa khana,qareebi,ur,Karachi,amenity,hospital
The Blue Area in Islamabad has an nearby guest house.,guest house,nearby,en,Islamabad,tourism,hotel
Is there any crowded clothing store open in Karachi right now?,clothing store,crowded,en,Karachi,shop,clothes
Hum ne Gulshan main aik qareebi chai wala dekha.,chai wala,qareebi,ur,Karachi,amenity,cafe
"Avoid the fashion outlet in Karkhano, it is not crowded.",fashion outlet,crowded,en,Peshawar,shop,clothes
"Avoid the playground in Saddar, it is not luxury.",playground,luxury,en,Karachi,leisure,park
Is there any historic guest house open in Lahore right now?,guest house,historic,en,Lahore,tourism,hotel
Does Peshawar have any popular resort for tourists?,resort,popular,en,Peshawar,tourism,hotel
I am looking for a affordable lodge near Liberty Market.,lodge,affordable,en,Lahore,tourism,hotel
"Avoid the clothing store in Karkhano, it is not popular.",clothing store,popular,en,Peshawar,shop,clothes
Does Karachi have any popular bistro for tourists?,bistro,popular,en,Karachi,amenity,restaurant
Agar lajawab masjid dhoond rahay ho to Anarkali jao.,masjid,lajawab,ur,Lahore,amenity,mosque
Hum ne Gulshan main aik pur-sukoon thana dekha.,thana,pur-sukoon,ur,Karachi,amenity,police
Rawalpindi ke Commercial Market main aik bohat sasta clinic hai.,clinic,sasta,ur,Rawalpindi,amenity,hospital
We visited the most cheap restaurant in Rawalpindi yesterday.,restaurant,cheap,en,Rawalpindi,amenity,restaurant
Blue Area wala dawa khana kaafi qareebi hai.,dawa khana,qareebi,ur,Islamabad,amenity,hospital
We visited the most historic police station in Rawalpindi yesterday.,police station,historic,en,Rawalpindi,amenity,police
There is a famous grocery store in Defence which is very luxury.,grocery store,luxury,en,Karachi,shop,convenience
Can you recommend a best garment shop around Bahria Town?,garment shop,best,en,Rawalpindi,shop,clothes
Agar behtareen silai markaz dhoond rahay ho to DHA jao.,silai markaz,behtareen,ur,Lahore,shop,tailor
Mujhay DHA ke qareeb koi mashoor sauda salf ki dukaan chahiye.,sauda salf ki dukaan,mashoor,ur,Lahore,shop,convenience
Anarkali main jo chowki hai wo bohat saaf suthra hai.,chowki,saaf suthra,ur,Lahore,amenity,police
Islamabad ke F-11 Markaz main aik bohat rush wala guest house hai.,guest house,rush wala,ur,Islamabad,tourism,hotel
The Raja Bazaar in Rawalpindi has an cheap precinct.,precinct,cheap,en,Rawalpindi,amenity,police
The University Road in Peshawar has an luxury emergency room.,emergency room,luxury,en,Peshawar,amenity,hospital
Can you recommend a historic clothing store around University Road?,clothing store,historic,en,Peshawar,shop,clothes
Agar behtareen dawa khana dhoond rahay ho to Clifton jao.,dawa khana,behtareen,ur,Karachi,amenity,hospital
Mujhay Gulshan ke qareeb koi behtareen khanay ka center chahiye.,khanay ka center,behtareen,ur,Karachi,amenity,restaurant
There is a famous clothing store in Saddar which is very clean.,clothing store,clean,en,Peshawar,shop,clothes
Karkhano main jo masjid hai wo bohat sasta hai.,masjid,sasta,ur,Peshawar,amenity,mosque
The Karkhano in Peshawar has an nearby precinct.,precinct,nearby,en,Peshawar,amenity,police
I am looking for a clean Islamic center near Clifton.,Islamic center,clean,en,Karachi,amenity,mosque
Agar lajawab khanay ka center dhoond rahay ho to Tariq Road jao.,khanay ka center,lajawab,ur,Karachi,amenity,restaurant
Mujhay Saddar ke qareeb koi mashoor sauda salf ki dukaan chahiye.,sauda salf ki dukaan,mashoor,ur,Karachi,shop,convenience
Is there any crowded precinct open in Karachi right now?,precinct,crowded,en,Karachi,amenity,police
Can you recommend a luxury hotel around University Road?,hotel,luxury,en,Peshawar,tourism,hotel
Karachi ke Defence main aik bohat sasta bagh hai.,bagh,sasta,ur,Karachi,leisure,park
Agar sasta cloth market dhoond rahay ho to Saddar jao.,cloth market,sasta,ur,Karachi,shop,clothes
There is a famous cafe in Mall Road which is very clean.,cafe,clean,en,Lahore,amenity,cafe
Suna hai ke Lahore main sab se pur-sukoon quetta tea hotel wahan hai.,quetta tea hotel,pur-sukoon,ur,Lahore,amenity,cafe
Suna hai ke Karachi main sab se behtareen dawa khana wahan hai.,dawa khana,behtareen,ur,Karachi,amenity,hospital
Is there any clean tuck shop open in Lahore right now?,tuck shop,clean,en,Lahore,shop,convenience
Suna hai ke Rawalpindi main sab se lajawab tikka shop wahan hai.,tikka shop,lajawab,ur,Rawalpindi,amenity,restaurant
Is there any famous garment shop open in Peshawar right now?,garment shop,famous,en,Peshawar,shop,clothes
Mujhay Defence ke qareeb koi mashoor darzi chahiye.,darzi,mashoor,ur,Karachi,shop,tailor
Defence wala boutique kaafi purana hai.,boutique,purana,ur,Karachi,shop,clothes
The Karkhano in Peshawar has an cheap fashion outlet.,fashion outlet,cheap,en,Peshawar,shop,clothes
Kya Rawalpindi main koi bada ground khula hai?,ground,bada,ur,Rawalpindi,leisure,park
Mujhay Tariq Road ke qareeb koi mehnga shifa khana chahiye.,shifa khana,mehnga,ur,Karachi,amenity,hospital
Kya Peshawar main koi sasta haspatal khula hai?,haspatal,sasta,ur,Peshawar,amenity,hospital
Clifton main jo thana hai wo bohat bada hai.,thana,bada,ur,Karachi,amenity,police
Mujhay University Road ke qareeb koi bada hotel chahiye.,hotel,bada,ur,Peshawar,amenity,restaurant
The Commercial Market in Rawalpindi has an oldest garden.,garden,oldest,en,Rawalpindi,leisure,park
Lahore ke DHA main aik bohat purana cafe hai.,cafe,purana,ur,Lahore,amenity,cafe
Does Islamabad have any oldest precinct for tourists?,precinct,oldest,en,Islamabad,amenity,police
Hum ne University Road main aik rush wala sauda salf ki dukaan dekha.,sauda salf ki dukaan,rush wala,ur,Peshawar,shop,convenience
Is there any cheap tuck shop open in Peshawar right now?,tuck shop,cheap,en,Peshawar,shop,convenience
Agar rush wala cafe dhoond rahay ho to Tariq Road jao.,cafe,rush wala,ur,Karachi,amenity,cafe
We visited the most best grocery store in Rawalpindi yesterday.,grocery store,best,en,Rawalpindi,shop,convenience
Is there any luxury restaurant open in Karachi right now?,restaurant,luxury,en,Karachi,amenity,restaurant
Mujhay Saddar ke qareeb koi behtareen ground chahiye.,ground,behtareen,ur,Rawalpindi,leisure,park
Hum ne F-7 main aik khubsurat cafe dekha.,cafe,khubsurat,ur,Islamabad,amenity,cafe
Suna hai ke Lahore main sab se rush wala darzi wahan hai.,darzi,rush wala,ur,Lahore,shop,tailor
Mall Road wala dukaan kaafi pur-sukoon hai.,dukaan,pur-sukoon,ur,Lahore,shop,convenience
The Saddar in Karachi has an historic coffee shop.,coffee shop,historic,en,Karachi,amenity,cafe
Hayatabad wala hotel kaafi bada hai.,hotel,bada,ur,Peshawar,tourism,hotel
I am looking for a historic garment shop near Clifton.,garment shop,historic,en,Karachi,shop,clothes
F-11 Markaz wala sair gah kaafi pur-sukoon hai.,sair gah,pur-sukoon,ur,Islamabad,leisure,park
"Avoid the stitching center in Saddar, it is not affordable.",stitching center,affordable,en,Peshawar,shop,tailor
Hum ne Bahria Town main aik pur-sukoon silai markaz dekha.,silai markaz,pur-sukoon,ur,Rawalpindi,shop,tailor
Does Karachi have any historic mosque for tourists?,mosque,historic,en,Karachi,amenity,mosque
I am looking for a famous police station near Clifton.,police station,famous,en,Karachi,amenity,police
Hum ne Blue Area main aik khubsurat chowki dekha.,chowki,khubsurat,ur,Islamabad,amenity,police
Suna hai ke Rawalpindi main sab se lajawab sauda salf ki dukaan wahan hai.,sauda salf ki dukaan,lajawab,ur,Rawalpindi,shop,convenience
Suna hai ke Islamabad main sab se pur-sukoon restaurant wahan hai.,restaurant,pur-sukoon,ur,Islamabad,amenity,restaurant
Is there any nearby eatery open in Karachi right now?,eatery,nearby,en,Karachi,amenity,restaurant
Is there any popular tailor shop open in Rawalpindi right now?,tailor shop,popular,en,Rawalpindi,shop,tailor
Bahria Town main jo chowki hai wo bohat sasta hai.,chowki,sasta,ur,Rawalpindi,amenity,police
Hum ne F-11 Markaz main aik khubsurat eid gah dekha.,eid gah,khubsurat,ur,Islamabad,amenity,mosque
We visited the most clean playground in Karachi yesterday.,playground,clean,en,Karachi,leisure,park
Is there any biggest garment shop open in Rawalpindi right now?,garment shop,biggest,en,Rawalpindi,shop,clothes
Hum ne Centaurus main aik mehnga general store dekha.,general store,mehnga,ur,Islamabad,shop,convenience
"Avoid the resort in Mall Road, it is not crowded.",resort,crowded,en,Lahore,tourism,hotel
Blue Area wala cloth market kaafi saaf suthra hai.,cloth market,saaf suthra,ur,Islamabad,shop,clothes
Is there any historic clothing store open in Karachi right now?,clothing store,historic,en,Karachi,shop,clothes
Karachi ke Tariq Road main aik bohat sasta police station hai.,police station,sasta,ur,Karachi,amenity,police
Liberty Market main jo tailor shop hai wo bohat mehnga hai.,tailor shop,mehnga,ur,Lahore,shop,tailor
I am looking for a famous eatery near Gulshan.,eatery,famous,en,Karachi,amenity,restaurant
Agar khubsurat quetta tea hotel dhoond rahay ho to Commercial Market jao.,quetta tea hotel,khubsurat,ur,Rawalpindi,amenity,cafe
We visited the most historic mini mart in Karachi yesterday.,mini mart,historic,en,Karachi,shop,convenience
"Avoid the medical center in Tariq Road, it is not nearby.",medical center,nearby,en,Karachi,amenity,hospital
"Avoid the bistro in Karkhano, it is not cheap.",bistro,cheap,en,Peshawar,amenity,restaurant
"Avoid the tuck shop in Saddar, it is not luxury.",tuck shop,luxury,en,Karachi,shop,convenience
I am looking for a biggest bistro near Hayatabad.,bistro,biggest,en,Peshawar,amenity,restaurant
Suna hai ke Karachi main sab se saaf suthra musafir khana wahan hai.,musafir khana,saaf suthra,ur,Karachi,tourism,hotel
Kya Karachi main koi behtareen tailor shop khula hai?,tailor shop,behtareen,ur,Karachi,shop,tailor
Islamabad ke F-7 main aik bohat pur-sukoon kiryana store hai.,kiryana store,pur-sukoon,ur,Islamabad,shop,convenience
Hayatabad wala fashion center kaafi bada hai.,fashion center,bada,ur,Peshawar,shop,clothes
We visited the most popular police station in Peshawar yesterday.,police station,popular,en,Peshawar,amenity,police
Kya Karachi main koi bada jamia masjid khula hai?,jamia masjid,bada,ur,Karachi,amenity,mosque
Kya Rawalpindi main koi qareebi kapron ki dukaan khula hai?,kapron ki dukaan,qareebi,ur,Rawalpindi,shop,clothes
Kya Peshawar main koi behtareen jamia masjid khula hai?,jamia masjid,behtareen,ur,Peshawar,amenity,mosque
Is there any biggest fashion outlet open in Karachi right now?,fashion outlet,biggest,en,Karachi,shop,clothes
Hum ne Clifton main aik behtareen quetta tea hotel dekha.,quetta tea hotel,behtareen,ur,Karachi,amenity,cafe
"Avoid the police station in Raja Bazaar, it is not luxury.",police station,luxury,en,Rawalpindi,amenity,police
Hum ne Saddar main aik purana silai markaz dekha.,silai markaz,purana,ur,Peshawar,shop,tailor
Agar purana darzi dhoond rahay ho to Saddar jao.,darzi,purana,ur,Peshawar,shop,tailor
F-7 main jo chaye khana hai wo bohat rush wala hai.,chaye khana,rush wala,ur,Islamabad,amenity,cafe
Is there any oldest coffee shop open in Peshawar right now?,coffee shop,oldest,en,Peshawar,amenity,cafe
The Liberty Market in Lahore has an clean lodge.,lodge,clean,en,Lahore,tourism,hotel
Suna hai ke Rawalpindi main sab se purana thana wahan hai.,thana,purana,ur,Rawalpindi,amenity,police
The Saddar in Rawalpindi has an cheap stitching center.,stitching center,cheap,en,Rawalpindi,shop,tailor
We visited the most clean garden in Karachi yesterday.,garden,clean,en,Karachi,leisure,park
We visited the most cheap mini mart in Rawalpindi yesterday.,mini mart,cheap,en,Rawalpindi,shop,convenience
Rawalpindi ke Saddar main aik bohat mashoor boutique hai.,boutique,mashoor,ur,Rawalpindi,shop,clothes
Hum ne Bahria Town main aik rush wala hotel dekha.,hotel,rush wala,ur,Rawalpindi,tourism,hotel
We visited the most biggest stitching center in Peshawar yesterday.,stitching center,biggest,en,Peshawar,shop,tailor
Can you recommend a cheap hotel around F-11 Markaz?,hotel,cheap,en,Islamabad,tourism,hotel
There is a famous fashion outlet in Raja Bazaar which is very cheap.,fashion outlet,cheap,en,Rawalpindi,shop,clothes
Hum ne Defence main aik lajawab imambargah dekha.,imambargah,lajawab,ur,Karachi,amenity,mosque
The Bahria Town in Rawalpindi has an crowded lodge.,lodge,crowded,en,Rawalpindi,tourism,hotel
Does Rawalpindi have any oldest tuck shop for tourists?,tuck shop,oldest,en,Rawalpindi,shop,convenience
Can you recommend a best police station around Saddar?,police station,best,en,Rawalpindi,amenity,police
The Karkhano in Peshawar has an affordable tuck shop.,tuck shop,affordable,en,Peshawar,shop,convenience
Can you recommend a historic jogging track around F-11 Markaz?,jogging track,historic,en,Islamabad,leisure,park
Does Islamabad have any cheap hotel for tourists?,hotel,cheap,en,Islamabad,tourism,hotel
Does Lahore have any affordable medical center for tourists?,medical center,affordable,en,Lahore,amenity,hospital
Does Karachi have any cheap precinct for tourists?,precinct,cheap,en,Karachi,amenity,police
I am looking for a affordable garment shop near Gulberg.,garment shop,affordable,en,Lahore,shop,clothes
Anarkali wala ground kaafi lajawab hai.,ground,lajawab,ur,Lahore,leisure,park
The Liberty Market in Lahore has an famous clothing store.,clothing store,famous,en,Lahore,shop,clothes
There is a famous coffee shop in Saddar which is very affordable.,coffee shop,affordable,en,Karachi,amenity,cafe
I am looking for a famous grocery store near Hayatabad.,grocery store,famous,en,Peshawar,shop,convenience
Does Rawalpindi have any clean coffee shop for tourists?,coffee shop,clean,en,Rawalpindi,amenity,cafe
I am looking for a nearby medical center near Anarkali.,medical center,nearby,en,Lahore,amenity,hospital
Agar purana quetta tea hotel dhoond rahay ho to Tariq Road jao.,quetta tea hotel,purana,ur,Karachi,amenity,cafe
Agar behtareen haspatal dhoond rahay ho to Karkhano jao.,haspatal,behtareen,ur,Peshawar,amenity,hospital
I am looking for a luxury clinic near Saddar.,clinic,luxury,en,Peshawar,amenity,hospital
Suna hai ke Lahore main sab se pur-sukoon tailor shop wahan hai.,tailor shop,pur-sukoon,ur,Lahore,shop,tailor
"Avoid the tailor shop in Saddar, it is not best.",tailor shop,best,en,Karachi,shop,tailor
Kya Lahore main koi sasta sair gah khula hai?,sair gah,sasta,ur,Lahore,leisure,park
"Avoid the bistro in Bahria Town, it is not cheap.",bistro,cheap,en,Rawalpindi,amenity,restaurant
Agar saaf suthra thana dhoond rahay ho to Gulshan jao.,thana,saaf suthra,ur,Karachi,amenity,police
Does Karachi have any popular coffee shop for tourists?,coffee shop,popular,en,Karachi,amenity,cafe
Does Karachi have any luxury garment shop for tourists?,garment shop,luxury,en,Karachi,shop,clothes
Kya Karachi main koi qareebi dukaan khula hai?,dukaan,qareebi,ur,Karachi,shop,convenience
Kya Karachi main koi mehnga sauda salf ki dukaan khula hai?,sauda salf ki dukaan,mehnga,ur,Karachi,shop,convenience
Does Islamabad have any oldest bistro for tourists?,bistro,oldest,en,Islamabad,amenity,restaurant
We visited the most clean restaurant in Karachi yesterday.,restaurant,clean,en,Karachi,amenity,restaurant
Does Peshawar have any popular emergency room for tourists?,emergency room,popular,en,Peshawar,amenity,hospital
Does Lahore have any crowded convenience store for tourists?,convenience store,crowded,en,Lahore,shop,convenience
Does Rawalpindi have any oldest tea house for tourists?,tea house,oldest,en,Rawalpindi,amenity,cafe
Tariq Road wala clinic kaafi qareebi hai.,clinic,qareebi,ur,Karachi,amenity,hospital
Saddar main jo police station hai wo bohat rush wala hai.,police station,rush wala,ur,Rawalpindi,amenity,police
The Hayatabad in Peshawar has an cheap bistro.,bistro,cheap,en,Peshawar,amenity,restaurant
Does Lahore have any affordable park for tourists?,park,affordable,en,Lahore,leisure,park
"Avoid the convenience store in Gulberg, it is not popular.",convenience store,popular,en,Lahore,shop,convenience
There is a famous cafe in G-9 which is very luxury.,cafe,luxury,en,Islamabad,amenity,cafe
I am looking for a famous mosque near Liberty Market.,mosque,famous,en,Lahore,amenity,mosque
Does Islamabad have any biggest police station for tourists?,police station,biggest,en,Islamabad,amenity,police
Does Peshawar have any crowded stitching center for tourists?,stitching center,crowded,en,Peshawar,shop,tailor
Kya Rawalpindi main koi rush wala tikka shop khula hai?,tikka shop,rush wala,ur,Rawalpindi,amenity,restaurant
Mujhay Gulberg ke qareeb koi sasta silai markaz chahiye.,silai markaz,sasta,ur,Lahore,shop,tailor
Mujhay Commercial Market ke qareeb koi mashoor guest house chahiye.,guest house,mashoor,ur,Rawalpindi,tourism,hotel
Suna hai ke Rawalpindi main sab se lajawab restaurant wahan hai.,restaurant,lajawab,ur,Rawalpindi,amenity,restaurant
Kya Rawalpindi main koi mehnga sair gah khula hai?,sair gah,mehnga,ur,Rawalpindi,leisure,park
Karachi ke Tariq Road main aik bohat behtareen resort hai.,resort,behtareen,ur,Karachi,tourism,hotel
The University Road in Peshawar has an biggest clinic.,clinic,biggest,en,Peshawar,amenity,hospital
Agar mehnga guest house dhoond rahay ho to Commercial Market jao.,guest house,mehnga,ur,Rawalpindi,tourism,hotel
Does Rawalpindi have any popular emergency room for tourists?,emergency room,popular,en,Rawalpindi,amenity,hospital
I am looking for a famous clothing store near Saddar.,clothing store,famous,en,Peshawar,shop,clothes
There is a famous tailor shop in Commercial Market which is very affordable.,tailor shop,affordable,en,Rawalpindi,shop,tailor
The Commercial Market in Rawalpindi has an biggest precinct.,precinct,biggest,en,Rawalpindi,amenity,police
Mujhay Commercial Market ke qareeb koi lajawab dukaan chahiye.,dukaan,lajawab,ur,Rawalpindi,shop,convenience
The Saddar in Rawalpindi has an crowded bistro.,bistro,crowded,en,Rawalpindi,amenity,restaurant
"Avoid the fashion outlet in Saddar, it is not cheap.",fashion outlet,cheap,en,Peshawar,shop,clothes
The Clifton in Karachi has an luxury park.,park,luxury,en,Karachi,leisure,park
The Raja Bazaar in Rawalpindi has an luxury tuck shop.,tuck shop,luxury,en,Rawalpindi,shop,convenience
Mujhay Gulberg ke qareeb koi rush wala chaye khana chahiye.,chaye khana,rush wala,ur,Lahore,amenity,cafe
Does Peshawar have any affordable dining place for tourists?,dining place,affordable,en,Peshawar,amenity,restaurant
There is a famous precinct in Mall Road which is very famous.,precinct,famous,en,Lahore,amenity,police
Mujhay G-9 ke qareeb koi qareebi masjid chahiye.,masjid,qareebi,ur,Islamabad,amenity,mosque
"Avoid the tailor shop in F-7, it is not affordable.",tailor shop,affordable,en,Islamabad,shop,tailor
Suna hai ke Lahore main sab se qareebi ground wahan hai.,ground,qareebi,ur,Lahore,leisure,park
Kya Karachi main koi pur-sukoon cafe khula hai?,cafe,pur-sukoon,ur,Karachi,amenity,cafe
Mujhay Clifton ke qareeb koi sasta kiryana store chahiye.,kiryana store,sasta,ur,Karachi,shop,convenience
I am looking for a affordable lodge near F-7.,lodge,affordable,en,Islamabad,tourism,hotel
I am looking for a affordable guest house near Hayatabad.,guest house,affordable,en,Peshawar,tourism,hotel
Hum ne Liberty Market main aik rush wala chai wala dekha.,chai wala,rush wala,ur,Lahore,amenity,cafe
Agar purana police station dhoond rahay ho to Liberty Market jao.,police station,purana,ur,Lahore,amenity,police
Peshawar ke Karkhano main aik bohat behtareen masjid hai.,masjid,behtareen,ur,Peshawar,amenity,mosque
The Bahria Town in Rawalpindi has an famous precinct.,precinct,famous,en,Rawalpindi,amenity,police
Mujhay Gulshan ke qareeb koi khubsurat ground chahiye.,ground,khubsurat,ur,Karachi,leisure,park
Can you recommend a cheap mini mart around Hayatabad?,mini mart,cheap,en,Peshawar,shop,convenience
Agar qareebi quetta tea hotel dhoond rahay ho to Saddar jao.,quetta tea hotel,qareebi,ur,Karachi,amenity,cafe
Agar bada jamia masjid dhoond rahay ho to Defence jao.,jamia masjid,bada,ur,Karachi,amenity,mosque
Can you recommend a famous grand mosque around Saddar?,grand mosque,famous,en,Peshawar,amenity,mosque
I am looking for a luxury coffee shop near Blue Area.,coffee shop,luxury,en,Islamabad,amenity,cafe
Karkhano main jo park hai wo bohat behtareen hai.,park,behtareen,ur,Peshawar,leisure,park
I am looking for a clean tailor shop near Bahria Town.,tailor shop,clean,en,Rawalpindi,shop,tailor
Can you recommend a affordable fashion outlet around Tariq Road?,fashion outlet,affordable,en,Karachi,shop,clothes
Mujhay Tariq Road ke qareeb koi purana boutique chahiye.,boutique,purana,ur,Karachi,shop,clothes
Suna hai ke Rawalpindi main sab se bada chaye khana wahan hai.,chaye khana,bada,ur,Rawalpindi,amenity,cafe
Agar bada clinic dhoond rahay ho to Bahria Town jao.,clinic,bada,ur,Rawalpindi,amenity,hospital
Agar khubsurat tailor shop dhoond rahay ho to Centaurus jao.,tailor shop,khubsurat,ur,Islamabad,shop,tailor
The Gulshan in Karachi has an biggest playground.,playground,biggest,en,Karachi,leisure,park
Agar purana darzi dhoond rahay ho to Gulshan jao.,darzi,purana,ur,Karachi,shop,tailor
There is a famous police station in Anarkali which is very crowded.,police station,crowded,en,Lahore,amenity,police
Hum ne F-11 Markaz main aik khubsurat jamia masjid dekha.,jamia masjid,khubsurat,ur,Islamabad,amenity,mosque
The DHA in Lahore has an cheap fashion outlet.,fashion outlet,cheap,en,Lahore,shop,clothes
I am looking for a cheap jogging track near Defence.,jogging track,cheap,en,Karachi,leisure,park
Mujhay G-9 ke qareeb koi mehnga cloth market chahiye.,cloth market,mehnga,ur,Islamabad,shop,clothes
F-11 Markaz wala musafir khana kaafi purana hai.,musafir khana,purana,ur,Islamabad,tourism,hotel
Kya Rawalpindi main koi sasta silai markaz khula hai?,silai markaz,sasta,ur,Rawalpindi,shop,tailor
Liberty Market wala chai wala kaafi mehnga hai.,chai wala,mehnga,ur,Lahore,amenity,cafe
The F-11 Markaz in Islamabad has an nearby cafe.,cafe,nearby,en,Islamabad,amenity,cafe
Does Rawalpindi have any crowded emergency room for tourists?,emergency room,crowded,en,Rawalpindi,amenity,hospital
Kya Islamabad main koi mashoor hotel khula hai?,hotel,mashoor,ur,Islamabad,amenity,restaurant
Is there any biggest fashion outlet open in Rawalpindi right now?,fashion outlet,biggest,en,Rawalpindi,shop,clothes
"Avoid the clinic in Clifton, it is not affordable.",clinic,affordable,en,Karachi,amenity,hospital
Islamabad ke Centaurus main aik bohat qareebi jamia masjid hai.,jamia masjid,qareebi,ur,Islamabad,amenity,mosque
Kya Peshawar main koi qareebi darzi khula hai?,darzi,qareebi,ur,Peshawar,shop,tailor
There is a famous grand mosque in Defence which is very affordable.,grand mosque,affordable,en,Karachi,amenity,mosque
There is a famous cafe in Saddar which is very cheap.,cafe,cheap,en,Rawalpindi,amenity,cafe
Agar mashoor guest house dhoond rahay ho to Anarkali jao.,guest house,mashoor,ur,Lahore,tourism,hotel
Bahria Town main jo kapron ki dukaan hai wo bohat rush wala hai.,kapron ki dukaan,rush wala,ur,Rawalpindi,shop,clothes
Mujhay Clifton ke qareeb koi saaf suthra thana chahiye.,thana,saaf suthra,ur,Karachi,amenity,police
Does Lahore have any oldest mosque for tourists?,mosque,oldest,en,Lahore,amenity,mosque
Is there any crowded coffee shop open in Karachi right now?,coffee shop,crowded,en,Karachi,amenity,cafe
Gulshan main jo cloth market hai wo bohat qareebi hai.,cloth market,qareebi,ur,Karachi,shop,clothes
Does Peshawar have any popular clothing store for tourists?,clothing store,popular,en,Peshawar,shop,clothes
There is a famous tailor shop in Saddar which is very popular.,tailor shop,popular,en,Peshawar,shop,tailor
Does Rawalpindi have any luxury playground for tourists?,playground,luxury,en,Rawalpindi,leisure,park
Saddar wala police station kaafi mashoor hai.,police station,mashoor,ur,Karachi,amenity,police
There is a famous medical center in Defence which is very best.,medical center,best,en,Karachi,amenity,hospital
Is there any historic jogging track open in Rawalpindi right now?,jogging track,historic,en,Rawalpindi,leisure,park
Kya Lahore main koi mehnga cafe khula hai?,cafe,mehnga,ur,Lahore,amenity,cafe
Karkhano wala hotel kaafi saaf suthra hai.,hotel,saaf suthra,ur,Peshawar,amenity,restaurant
There is a famous jogging track in Tariq Road which is very oldest.,jogging track,oldest,en,Karachi,leisure,park
University Road main jo haspatal hai wo bohat rush wala hai.,haspatal,rush wala,ur,Peshawar,amenity,hospital
Is there any clean jogging track open in Rawalpindi right now?,jogging track,clean,en,Rawalpindi,leisure,park
We visited the most luxury jogging track in Karachi yesterday.,jogging track,luxury,en,Karachi,leisure,park
Agar mehnga dawa khana dhoond rahay ho to Saddar jao.,dawa khana,mehnga,ur,Peshawar,amenity,hospital
DHA main jo haspatal hai wo bohat qareebi hai.,haspatal,qareebi,ur,Lahore,amenity,hospital
I am looking for a clean Islamic center near Mall Road.,Islamic center,clean,en,Lahore,amenity,mosque
Islamabad ke Centaurus main aik bohat khubsurat fashion center hai.,fashion center,khubsurat,ur,Islamabad,shop,clothes
I am looking for a cheap fashion outlet near Anarkali.,fashion outlet,cheap,en,Lahore,shop,clothes
Mujhay DHA ke qareeb koi purana thana chahiye.,thana,purana,ur,Lahore,amenity,police
University Road wala hotel kaafi sasta hai.,hotel,sasta,ur,Peshawar,amenity,restaurant
The Commercial Market in Rawalpindi has an clean precinct.,precinct,clean,en,Rawalpindi,amenity,police
"Avoid the clothing store in F-11 Markaz, it is not nearby.",clothing store,nearby,en,Islamabad,shop,clothes
"Avoid the clothing store in F-7, it is not oldest.",clothing store,oldest,en,Islamabad,shop,clothes
Agar behtareen guest house dhoond rahay ho to Karkhano jao.,guest house,behtareen,ur,Peshawar,tourism,hotel
Saddar wala ground kaafi saaf suthra hai.,ground,saaf suthra,ur,Rawalpindi,leisure,park
Mujhay Centaurus ke qareeb koi purana boutique chahiye.,boutique,purana,ur,Islamabad,shop,clothes
Suna hai ke Islamabad main sab se rush wala darzi wahan hai.,darzi,rush wala,ur,Islamabad,shop,tailor
Hayatabad main jo masjid hai wo bohat behtareen hai.,masjid,behtareen,ur,Peshawar,amenity,mosque
Can you recommend a biggest precinct around Raja Bazaar?,precinct,biggest,en,Rawalpindi,amenity,police
Kya Rawalpindi main koi qareebi park khula hai?,park,qareebi,ur,Rawalpindi,leisure,park
Saddar wala tailor shop kaafi bada hai.,tailor shop,bada,ur,Rawalpindi,shop,tailor
Kya Karachi main koi behtareen hotel khula hai?,hotel,behtareen,ur,Karachi,tourism,hotel
Agar khubsurat park dhoond rahay ho to University Road jao.,park,khubsurat,ur,Peshawar,leisure,park
I am looking for a famous grand mosque near Anarkali.,grand mosque,famous,en,Lahore,amenity,mosque
I am looking for a best tea house near Saddar.,tea house,best,en,Rawalpindi,amenity,cafe
Kya Islamabad main koi bada police station khula hai?,police station,bada,ur,Islamabad,amenity,police
Islamabad ke G-9 main aik bohat saaf suthra chaye khana hai.,chaye khana,saaf suthra,ur,Islamabad,amenity,cafe
There is a famous restaurant in Gulberg which is very affordable.,restaurant,affordable,en,Lahore,amenity,restaurant
Mujhay Blue Area ke qareeb koi behtareen police station chahiye.,police station,behtareen,ur,Islamabad,amenity,police
Is there any clean police station open in Islamabad right now?,police station,clean,en,Islamabad,amenity,police
I am looking for a famous precinct near Karkhano.,precinct,famous,en,Peshawar,amenity,police
The Blue Area in Islamabad has an nearby restaurant.,restaurant,nearby,en,Islamabad,amenity,restaurant
Is there any best jogging track open in Peshawar right now?,jogging track,best,en,Peshawar,leisure,park
Rawalpindi ke Saddar main aik bohat saaf suthra general store hai.,general store,saaf suthra,ur,Rawalpindi,shop,convenience
Lahore ke Gulberg main aik bohat bada guest house hai.,guest house,bada,ur,Lahore,tourism,hotel
We visited the most affordable precinct in Karachi yesterday.,precinct,affordable,en,Karachi,amenity,police
Mujhay Clifton ke qareeb koi behtareen kiryana store chahiye.,kiryana store,behtareen,ur,Karachi,shop,convenience
Kya Peshawar main koi bada guest house khula hai?,guest house,bada,ur,Peshawar,tourism,hotel
The Gulberg in Lahore has an best police station.,police station,best,en,Lahore,amenity,police
I am looking for a crowded cafe near Tariq Road.,cafe,crowded,en,Karachi,amenity,cafe
We visited the most biggest resort in Karachi yesterday.,resort,biggest,en,Karachi,tourism,hotel
Rawalpindi ke Commercial Market main aik bohat mehnga chaye khana hai.,chaye khana,mehnga,ur,Rawalpindi,amenity,cafe
DHA main jo sauda salf ki dukaan hai wo bohat bada hai.,sauda salf ki dukaan,bada,ur,Lahore,shop,convenience
Suna hai ke Peshawar main sab se purana cloth market wahan hai.,cloth market,purana,ur,Peshawar,shop,clothes
Does Islamabad have any oldest stitching center for tourists?,stitching center,oldest,en,Islamabad,shop,tailor
Can you recommend a famous eatery around Blue Area?,eatery,famous,en,Islamabad,amenity,restaurant
Hum ne Hayatabad main aik lajawab general store dekha.,general store,lajawab,ur,Peshawar,shop,convenience
Karkhano main jo boutique hai wo bohat khubsurat hai.,boutique,khubsurat,ur,Peshawar,shop,clothes
Can you recommend a best playground around Raja Bazaar?,playground,best,en,Rawalpindi,leisure,park
Hum ne Karkhano main aik rush wala chai wala dekha.,chai wala,rush wala,ur,Peshawar,amenity,cafe
Is there any biggest cafe open in Islamabad right now?,cafe,biggest,en,Islamabad,amenity,cafe
There is a famous stitching center in University Road which is very cheap.,stitching center,cheap,en,Peshawar,shop,tailor
DHA main jo jamia masjid hai wo bohat purana hai.,jamia masjid,purana,ur,Lahore,amenity,mosque
Mujhay DHA ke qareeb koi pur-sukoon clinic chahiye.,clinic,pur-sukoon,ur,Lahore,amenity,hospital
Defence main jo dukaan hai wo bohat bada hai.,dukaan,bada,ur,Karachi,shop,convenience
Commercial Market wala guest house kaafi rush wala hai.,guest house,rush wala,ur,Rawalpindi,tourism,hotel
We visited the most biggest clothing store in Peshawar yesterday.,clothing store,biggest,en,Peshawar,shop,clothes
Is there any affordable tailor shop open in Islamabad right now?,tailor shop,affordable,en,Islamabad,shop,tailor
Mujhay Clifton ke qareeb koi behtareen tailor shop chahiye.,tailor shop,behtareen,ur,Karachi,shop,tailor
Blue Area main jo cafe hai wo bohat qareebi hai.,cafe,qareebi,ur,Islamabad,amenity,cafe
Is there any affordable hospital open in Peshawar right now?,hospital,affordable,en,Peshawar,amenity,hospital
Can you recommend a clean police station around Saddar?,police station,clean,en,Karachi,amenity,police
"Avoid the medical center in Liberty Market, it is not nearby.",medical center,nearby,en,Lahore,amenity,hospital
Lahore ke Gulberg main aik bohat bada chai wala hai.,chai wala,bada,ur,Lahore,amenity,cafe
Suna hai ke Islamabad main sab se khubsurat police station wahan hai.,police station,khubsurat,ur,Islamabad,amenity,police
Can you recommend a crowded emergency room around Hayatabad?,emergency room,crowded,en,Peshawar,amenity,hospital
Agar mehnga khanay ka center dhoond rahay ho to Bahria Town jao.,khanay ka center,mehnga,ur,Rawalpindi,amenity,restaurant
Can you recommend a famous precinct around University Road?,precinct,famous,en,Peshawar,amenity,police
Hum ne G-9 main aik mehnga jamia masjid dekha.,jamia masjid,mehnga,ur,Islamabad,amenity,mosque
The Bahria Town in Rawalpindi has an popular guest house.,guest house,popular,en,Rawalpindi,tourism,hotel
Can you recommend a luxury coffee shop around Centaurus?,coffee shop,luxury,en,Islamabad,amenity,cafe
Mujhay Gulshan ke qareeb koi behtareen quetta tea hotel chahiye.,quetta tea hotel,behtareen,ur,Karachi,amenity,cafe
The Tariq Road in Karachi has an nearby grand mosque.,grand mosque,nearby,en,Karachi,amenity,mosque
F-11 Markaz wala imambargah kaafi bada hai.,imambargah,bada,ur,Islamabad,amenity,mosque
Mujhay Mall Road ke qareeb koi sasta kapron ki dukaan chahiye.,kapron ki dukaan,sasta,ur,Lahore,shop,clothes
Rawalpindi ke Raja Bazaar main aik bohat khubsurat tikka shop hai.,tikka shop,khubsurat,ur,Rawalpindi,amenity,restaurant
I am looking for a biggest garment shop near Hayatabad.,garment shop,biggest,en,Peshawar,shop,clothes
Is there any best bistro open in Peshawar right now?,bistro,best,en,Peshawar,amenity,restaurant
Suna hai ke Islamabad main sab se purana chaye khana wahan hai.,chaye khana,purana,ur,Islamabad,amenity,cafe
Mujhay Defence ke qareeb koi mehnga thana chahiye.,thana,mehnga,ur,Karachi,amenity,police
Centaurus wala musafir khana kaafi pur-sukoon hai.,musafir khana,pur-sukoon,ur,Islamabad,tourism,hotel
Does Islamabad have any crowded stitching center for tourists?,stitching center,crowded,en,Islamabad,shop,tailor
Mujhay Defence ke qareeb koi khubsurat cafe chahiye.,cafe,khubsurat,ur,Karachi,amenity,cafe
Kya Islamabad main koi saaf suthra chowki khula hai?,chowki,saaf suthra,ur,Islamabad,amenity,police
Mujhay Anarkali ke qareeb koi bada imambargah chahiye.,imambargah,bada,ur,Lahore,amenity,mosque
Mujhay Saddar ke qareeb koi behtareen boutique chahiye.,boutique,behtareen,ur,Peshawar,shop,clothes
Is there any crowded guest house open in Peshawar right now?,guest house,crowded,en,Peshawar,tourism,hotel
Can you recommend a popular Islamic center around Raja Bazaar?,Islamic center,popular,en,Rawalpindi,amenity,mosque
Saddar wala darzi kaafi mehnga hai.,darzi,mehnga,ur,Karachi,shop,tailor
Can you recommend a clean precinct around Saddar?,precinct,clean,en,Karachi,amenity,police
Mujhay Karkhano ke qareeb koi bada darzi chahiye.,darzi,bada,ur,Peshawar,shop,tailor
Does Karachi have any cheap dining place for tourists?,dining place,cheap,en,Karachi,amenity,restaurant
Commercial Market main jo tailor shop hai wo bohat qareebi hai.,tailor shop,qareebi,ur,Rawalpindi,shop,tailor
Is there any clean resort open in Islamabad right now?,resort,clean,en,Islamabad,tourism,hotel
Suna hai ke Islamabad main sab se mehnga musafir khana wahan hai.,musafir khana,mehnga,ur,Islamabad,tourism,hotel
There is a famous park in Raja Bazaar which is very cheap.,park,cheap,en,Rawalpindi,leisure,park
Hum ne Hayatabad main aik behtareen police station dekha.,police station,behtareen,ur,Peshawar,amenity,police
Kya Peshawar main koi behtareen resort khula hai?,resort,behtareen,ur,Peshawar,tourism,hotel
Lahore ke Liberty Market main aik bohat rush wala resort hai.,resort,rush wala,ur,Lahore,tourism,hotel
I am looking for a best boutique near Saddar.,boutique,best,en,Peshawar,shop,clothes
We visited the most crowded grand mosque in Karachi yesterday.,grand mosque,crowded,en,Karachi,amenity,mosque
The Karkhano in Peshawar has an oldest bistro.,bistro,oldest,en,Peshawar,amenity,restaurant
"Avoid the park in Liberty Market, it is not clean.",park,clean,en,Lahore,leisure,park
Can you recommend a oldest stitching center around Mall Road?,stitching center,oldest,en,Lahore,shop,tailor
Suna hai ke Karachi main sab se lajawab silai markaz wahan hai.,silai markaz,lajawab,ur,Karachi,shop,tailor
Agar pur-sukoon thana dhoond rahay ho to Hayatabad jao.,thana,pur-sukoon,ur,Peshawar,amenity,police
F-7 wala tailor shop kaafi pur-sukoon hai.,tailor shop,pur-sukoon,ur,Islamabad,shop,tailor
Does Lahore have any biggest boutique for tourists?,boutique,biggest,en,Lahore,shop,clothes
Mall Road wala eid gah kaafi purana hai.,eid gah,purana,ur,Lahore,amenity,mosque
I am looking for a cheap hospital near Saddar.,hospital,cheap,en,Peshawar,amenity,hospital
The Karkhano in Peshawar has an oldest precinct.,precinct,oldest,en,Peshawar,amenity,police
Tariq Road main jo silai markaz hai wo bohat mashoor hai.,silai markaz,mashoor,ur,Karachi,shop,tailor
Can you recommend a oldest restaurant around Hayatabad?,restaurant,oldest,en,Peshawar,amenity,restaurant
There is a famous tea house in Anarkali which is very affordable.,tea house,affordable,en,Lahore,amenity,cafe
Agar pur-sukoon tikka shop dhoond rahay ho to Saddar jao.,tikka shop,pur-sukoon,ur,Karachi,amenity,restaurant
"Avoid the guest house in Bahria Town, it is not crowded.",guest house,crowded,en,Rawalpindi,tourism,hotel
We visited the most oldest grand mosque in Peshawar yesterday.,grand mosque,oldest,en,Peshawar,amenity,mosque
Can you recommend a famous hotel around Karkhano?,hotel,famous,en,Peshawar,tourism,hotel
"Avoid the dining place in G-9, it is not famous.",dining place,famous,en,Islamabad,amenity,restaurant
We visited the most nearby hotel in Rawalpindi yesterday.,hotel,nearby,en,Rawalpindi,tourism,hotel
Lahore ke Liberty Market main aik bohat sasta chai wala hai.,chai wala,sasta,ur,Lahore,amenity,cafe
Hum ne G-9 main aik saaf suthra boutique dekha.,boutique,saaf suthra,ur,Islamabad,shop,clothes
Mujhay Saddar ke qareeb koi bada quetta tea hotel chahiye.,quetta tea hotel,bada,ur,Karachi,amenity,cafe
"Avoid the mosque in Raja Bazaar, it is not clean.",mosque,clean,en,Rawalpindi,amenity,mosque
We visited the most cheap mosque in Karachi yesterday.,mosque,cheap,en,Karachi,amenity,mosque
Lahore ke Liberty Market main aik bohat mehnga cloth market hai.,cloth market,mehnga,ur,Lahore,shop,clothes
Blue Area wala silai markaz kaafi pur-sukoon hai.,silai markaz,pur-sukoon,ur,Islamabad,shop,tailor
There is a famous restaurant in Gulshan which is very best.,restaurant,best,en,Karachi,amenity,restaurant
Is there any famous mini mart open in Karachi right now?,mini mart,famous,en,Karachi,shop,convenience
"Avoid the dining place in Defence, it is not famous.",dining place,famous,en,Karachi,amenity,restaurant
Hum ne Saddar main aik sasta hotel dekha.,hotel,sasta,ur,Rawalpindi,tourism,hotel
I am looking for a cheap cafe near Centaurus.,cafe,cheap,en,Islamabad,amenity,cafe
Kya Lahore main koi bada thana khula hai?,thana,bada,ur,Lahore,amenity,police
Is there any luxury guest house open in Rawalpindi right now?,guest house,luxury,en,Rawalpindi,tourism,hotel
Tariq Road wala kapron ki dukaan kaafi mehnga hai.,kapron ki dukaan,mehnga,ur,Karachi,shop,clothes
Lahore ke Anarkali main aik bohat behtareen dukaan hai.,dukaan,behtareen,ur,Lahore,shop,convenience
"Avoid the tea house in Gulshan, it is not oldest.",tea house,oldest,en,Karachi,amenity,cafe
Mujhay Gulshan ke qareeb koi qareebi park chahiye.,park,qareebi,ur,Karachi,leisure,park
Hum ne Saddar main aik khubsurat chai wala dekha.,chai wala,khubsurat,ur,Karachi,amenity,cafe
Hum ne Centaurus main aik rush wala khanay ka center dekha.,khanay ka center,rush wala,ur,Islamabad,amenity,restaurant
Karachi ke Defence main aik bohat purana imambargah hai.,imambargah,purana,ur,Karachi,amenity,mosque
There is a famous tailor shop in Blue Area which is very luxury.,tailor shop,luxury,en,Islamabad,shop,tailor
I am looking for a affordable stitching center near Blue Area.,stitching center,affordable,en,Islamabad,shop,tailor
Suna hai ke Lahore main sab se lajawab quetta tea hotel wahan hai.,quetta tea hotel,lajawab,ur,Lahore,amenity,cafe
Does Islamabad have any clean restaurant for tourists?,restaurant,clean,en,Islamabad,amenity,restaurant
Is there any affordable grocery store open in Rawalpindi right now?,grocery store,affordable,en,Rawalpindi,shop,convenience
The Raja Bazaar in Rawalpindi has an affordable jogging track.,jogging track,affordable,en,Rawalpindi,leisure,park
University Road wala park kaafi behtareen hai.,park,behtareen,ur,Peshawar,leisure,park
There is a famous playground in University Road which is very oldest.,playground,oldest,en,Peshawar,leisure,park
Can you recommend a best coffee shop around Centaurus?,coffee shop,best,en,Islamabad,amenity,cafe
We visited the most clean Islamic center in Rawalpindi yesterday.,Islamic center,clean,en,Rawalpindi,amenity,mosque
The DHA in Lahore has an nearby eatery.,eatery,nearby,en,Lahore,amenity,restaurant
The Gulshan in Karachi has an oldest boutique.,boutique,oldest,en,Karachi,shop,clothes
Agar behtareen darzi dhoond rahay ho to Centaurus jao.,darzi,behtareen,ur,Islamabad,shop,tailor
Peshawar ke Saddar main aik bohat qareebi dukaan hai.,dukaan,qareebi,ur,Peshawar,shop,convenience
There is a famous grand mosque in Liberty Market which is very cheap.,grand mosque,cheap,en,Lahore,amenity,mosque
Agar mashoor restaurant dhoond rahay ho to Saddar jao.,restaurant,mashoor,ur,Peshawar,amenity,restaurant
Agar lajawab dukaan dhoond rahay ho to F-11 Markaz jao.,dukaan,lajawab,ur,Islamabad,shop,convenience
Kya Peshawar main koi bada silai markaz khula hai?,silai markaz,bada,ur,Peshawar,shop,tailor
Does Peshawar have any best lodge for tourists?,lodge,best,en,Peshawar,tourism,hotel
Hum ne Anarkali main aik qareebi jamia masjid dekha.,jamia masjid,qareebi,ur,Lahore,amenity,mosque
I am looking for a famous hospital near Gulberg.,hospital,famous,en,Lahore,amenity,hospital
Suna hai ke Karachi main sab se pur-sukoon general store wahan hai.,general store,pur-sukoon,ur,Karachi,shop,convenience
There is a famous eatery in F-7 which is very popular.,eatery,popular,en,Islamabad,amenity,restaurant
"Avoid the Islamic center in Anarkali, it is not oldest.",Islamic center,oldest,en,Lahore,amenity,mosque
Kya Islamabad main koi bada dawa khana khula hai?,dawa khana,bada,ur,Islamabad,amenity,hospital
Karachi ke Saddar main aik bohat rush wala musafir khana hai.,musafir khana,rush wala,ur,Karachi,tourism,hotel
Rawalpindi ke Commercial Market main aik bohat sasta police station hai.,police station,sasta,ur,Rawalpindi,amenity,police
Can you recommend a popular emergency room around Saddar?,emergency room,popular,en,Peshawar,amenity,hospital
Agar mehnga ground dhoond rahay ho to DHA jao.,ground,mehnga,ur,Lahore,leisure,park
Mujhay Karkhano ke qareeb koi rush wala chowki chahiye.,chowki,rush wala,ur,Peshawar,amenity,police
I am looking for a famous tea house near Clifton.,tea house,famous,en,Karachi,amenity,cafe
"Avoid the medical center in Gulshan, it is not clean.",medical center,clean,en,Karachi,amenity,hospital
Hum ne University Road main aik saaf suthra silai markaz dekha.,silai markaz,saaf suthra,ur,Peshawar,shop,tailor
Mall Road main jo tikka shop hai wo bohat rush wala hai.,tikka shop,rush wala,ur,Lahore,amenity,restaurant
"Avoid the clothing store in Saddar, it is not biggest.",clothing store,biggest,en,Karachi,shop,clothes
Kya Islamabad main koi pur-sukoon guest house khula hai?,guest house,pur-sukoon,ur,Islamabad,tourism,hotel
Is there any cheap coffee shop open in Islamabad right now?,coffee shop,cheap,en,Islamabad,amenity,cafe
The Karkhano in Peshawar has an best jogging track.,jogging track,best,en,Peshawar,leisure,park
There is a famous precinct in Saddar which is very historic.,precinct,historic,en,Peshawar,amenity,police
Is there any crowded park open in Peshawar right now?,park,crowded,en,Peshawar,leisure,park
Does Peshawar have any popular police station for tourists?,police station,popular,en,Peshawar,amenity,police
Can you recommend a biggest eatery around Defence?,eatery,biggest,en,Karachi,amenity,restaurant
Does Rawalpindi have any nearby stitching center for tourists?,stitching center,nearby,en,Rawalpindi,shop,tailor
Mujhay Gulberg ke qareeb koi khubsurat kapron ki dukaan chahiye.,kapron ki dukaan,khubsurat,ur,Lahore,shop,clothes
We visited the most crowded Islamic center in Rawalpindi yesterday.,Islamic center,crowded,en,Rawalpindi,amenity,mosque
Can you recommend a affordable grocery store around Centaurus?,grocery store,affordable,en,Islamabad,shop,convenience
Can you recommend a crowded resort around Bahria Town?,resort,crowded,en,Rawalpindi,tourism,hotel
"Avoid the police station in Raja Bazaar, it is not cheap.",police station,cheap,en,Rawalpindi,amenity,police
Lahore ke Gulberg main aik bohat saaf suthra cafe hai.,cafe,saaf suthra,ur,Lahore,amenity,cafe
There is a famous cafe in Commercial Market which is very nearby.,cafe,nearby,en,Rawalpindi,amenity,cafe
I am looking for a cheap cafe near Liberty Market.,cafe,cheap,en,Lahore,amenity,cafe
Kya Peshawar main koi mashoor police station khula hai?,police station,mashoor,ur,Peshawar,amenity,police
Kya Lahore main koi rush wala restaurant khula hai?,restaurant,rush wala,ur,Lahore,amenity,restaurant
Kya Karachi main koi saaf suthra restaurant khula hai?,restaurant,saaf suthra,ur,Karachi,amenity,restaurant
Gulberg main jo cafe hai wo bohat mehnga hai.,cafe,mehnga,ur,Lahore,amenity,cafe
Does Islamabad have any nearby resort for tourists?,resort,nearby,en,Islamabad,tourism,hotel
The Hayatabad in Peshawar has an affordable tuck shop.,tuck shop,affordable,en,Peshawar,shop,convenience
We visited the most nearby dining place in Peshawar yesterday.,dining place,nearby,en,Peshawar,amenity,restaurant
"Avoid the mini mart in Liberty Market, it is not luxury.",mini mart,luxury,en,Lahore,shop,convenience
Suna hai ke Rawalpindi main sab se lajawab silai markaz wahan hai.,silai markaz,lajawab,ur,Rawalpindi,shop,tailor
Agar purana thana dhoond rahay ho to Bahria Town jao.,thana,purana,ur,Rawalpindi,amenity,police
Hum ne DHA main aik mehnga imambargah dekha.,imambargah,mehnga,ur,Lahore,amenity,mosque
Mujhay Tariq Road ke qareeb koi saaf suthra jamia masjid chahiye.,jamia masjid,saaf suthra,ur,Karachi,amenity,mosque
Mujhay F-11 Markaz ke qareeb koi khubsurat quetta tea hotel chahiye.,quetta tea hotel,khubsurat,ur,Islamabad,amenity,cafe
Hayatabad wala general store kaafi purana hai.,general store,purana,ur,Peshawar,shop,convenience
Kya Peshawar main koi pur-sukoon haspatal khula hai?,haspatal,pur-sukoon,ur,Peshawar,amenity,hospital
Karachi ke Clifton main aik bohat bada chai wala hai.,chai wala,bada,ur,Karachi,amenity,cafe
Defence wala hotel kaafi sasta hai.,hotel,sasta,ur,Karachi,amenity,restaurant
We visited the most affordable coffee shop in Islamabad yesterday.,coffee shop,affordable,en,Islamabad,amenity,cafe
I am looking for a oldest tuck shop near F-11 Markaz.,tuck shop,oldest,en,Islamabad,shop,convenience
Kya Peshawar main koi saaf suthra khanay ka center khula hai?,khanay ka center,saaf suthra,ur,Peshawar,amenity,restaurant
Hayatabad wala quetta tea hotel kaafi mashoor hai.,quetta tea hotel,mashoor,ur,Peshawar,amenity,cafe
Suna hai ke Islamabad main sab se qareebi darzi wahan hai.,darzi,qareebi,ur,Islamabad,shop,tailor
Is there any cheap jogging track open in Islamabad right now?,jogging track,cheap,en,Islamabad,leisure,park
The Raja Bazaar in Rawalpindi has an oldest resort.,resort,oldest,en,Rawalpindi,tourism,hotel
Hum ne Mall Road main aik pur-sukoon sair gah dekha.,sair gah,pur-sukoon,ur,Lahore,leisure,park
The Gulberg in Lahore has an best fashion outlet.,fashion outlet,best,en,Lahore,shop,clothes
Mujhay Defence ke qareeb koi behtareen darzi chahiye.,darzi,behtareen,ur,Karachi,shop,tailor
Can you recommend a crowded jogging track around Anarkali?,jogging track,crowded,en,Lahore,leisure,park
Mujhay Blue Area ke qareeb koi sasta musafir khana chahiye.,musafir khana,sasta,ur,Islamabad,tourism,hotel
Mujhay DHA ke qareeb koi behtareen boutique chahiye.,boutique,behtareen,ur,Lahore,shop,clothes
I am looking for a clean clothing store near Defence.,clothing store,clean,en,Karachi,shop,clothes
Does Rawalpindi have any best convenience store for tourists?,convenience store,best,en,Rawalpindi,shop,convenience
I am looking for a historic tuck shop near F-7.,tuck shop,historic,en,Islamabad,shop,convenience
I am looking for a crowded police station near Saddar.,police station,crowded,en,Karachi,amenity,police
The Centaurus in Islamabad has an historic park.,park,historic,en,Islamabad,leisure,park
"Avoid the stitching center in Clifton, it is not best.",stitching center,best,en,Karachi,shop,tailor
Is there any oldest playground open in Rawalpindi right now?,playground,oldest,en,Rawalpindi,leisure,park
The Mall Road in Lahore has an affordable stitching center.,stitching center,affordable,en,Lahore,shop,tailor
Can you recommend a cheap emergency room around Blue Area?,emergency room,cheap,en,Islamabad,amenity,hospital
I am looking for a nearby tuck shop near Bahria Town.,tuck shop,nearby,en,Rawalpindi,shop,convenience
We visited the most affordable grand mosque in Islamabad yesterday.,grand mosque,affordable,en,Islamabad,amenity,mosque
Suna hai ke Islamabad main sab se rush wala chowki wahan hai.,chowki,rush wala,ur,Islamabad,amenity,police
I am looking for a clean tuck shop near Anarkali.,tuck shop,clean,en,Lahore,shop,convenience
Can you recommend a oldest clothing store around Saddar?,clothing store,oldest,en,Rawalpindi,shop,clothes
We visited the most oldest tuck shop in Lahore yesterday.,tuck shop,oldest,en,Lahore,shop,convenience
Kya Lahore main koi saaf suthra boutique khula hai?,boutique,saaf suthra,ur,Lahore,shop,clothes
There is a famous tailor shop in DHA which is very best.,tailor shop,best,en,Lahore,shop,tailor
There is a famous stitching center in Blue Area which is very luxury.,stitching center,luxury,en,Islamabad,shop,tailor
Hum ne Gulshan main aik khubsurat bagh dekha.,bagh,khubsurat,ur,Karachi,leisure,park
Agar bada general store dhoond rahay ho to G-9 jao.,general store,bada,ur,Islamabad,shop,convenience
Anarkali wala police station kaafi behtareen hai.,police station,behtareen,ur,Lahore,amenity,police
Islamabad ke Centaurus main aik bohat pur-sukoon thana hai.,thana,pur-sukoon,ur,Islamabad,amenity,police
"Avoid the boutique in Anarkali, it is not crowded.",boutique,crowded,en,Lahore,shop,clothes
Does Islamabad have any luxury resort for tourists?,resort,luxury,en,Islamabad,tourism,hotel
Mujhay Mall Road ke qareeb koi mashoor haspatal chahiye.,haspatal,mashoor,ur,Lahore,amenity,hospital
Karachi ke Saddar main aik bohat mashoor silai markaz hai.,silai markaz,mashoor,ur,Karachi,shop,tailor
Mujhay Saddar ke qareeb koi sasta sair gah chahiye.,sair gah,sasta,ur,Rawalpindi,leisure,park
Is there any luxury hotel open in Lahore right now?,hotel,luxury,en,Lahore,tourism,hotel
"Avoid the clothing store in Karkhano, it is not nearby.",clothing store,nearby,en,Peshawar,shop,clothes
Peshawar ke Hayatabad main aik bohat purana bagh hai.,bagh,purana,ur,Peshawar,leisure,park
There is a famous bistro in Gulshan which is very historic.,bistro,historic,en,Karachi,amenity,restaurant
Centaurus wala ground kaafi sasta hai.,ground,sasta,ur,Islamabad,leisure,park
There is a famous stitching center in Anarkali which is very historic.,stitching center,historic,en,Lahore,shop,tailor
Saddar wala cloth market kaafi pur-sukoon hai.,cloth market,pur-sukoon,ur,Karachi,shop,clothes
Kya Islamabad main koi qareebi tikka shop khula hai?,tikka shop,qareebi,ur,Islamabad,amenity,restaurant
Suna hai ke Islamabad main sab se behtareen jamia masjid wahan hai.,jamia masjid,behtareen,ur,Islamabad,amenity,mosque
I am looking for a famous mini mart near Raja Bazaar.,mini mart,famous,en,Rawalpindi,shop,convenience
G-9 wala cafe kaafi purana hai.,cafe,purana,ur,Islamabad,amenity,cafe
We visited the most popular hotel in Rawalpindi yesterday.,hotel,popular,en,Rawalpindi,tourism,hotel
Agar rush wala chaye khana dhoond rahay ho to Mall Road jao.,chaye khana,rush wala,ur,Lahore,amenity,cafe
There is a famous grocery store in Saddar which is very popular.,grocery store,popular,en,Karachi,shop,convenience
Is there any luxury resort open in Peshawar right now?,resort,luxury,en,Peshawar,tourism,hotel
Suna hai ke Peshawar main sab se bada dawa khana wahan hai.,dawa khana,bada,ur,Peshawar,amenity,hospital
Agar qareebi sair gah dhoond rahay ho to Centaurus jao.,sair gah,qareebi,ur,Islamabad,leisure,park
Islamabad ke G-9 main aik bohat saaf suthra chowki hai.,chowki,saaf suthra,ur,Islamabad,amenity,police
There is a famous guest house in Bahria Town which is very historic.,guest house,historic,en,Rawalpindi,tourism,hotel
Agar sasta general store dhoond rahay ho to Hayatabad jao.,general store,sasta,ur,Peshawar,shop,convenience
I am looking for a cheap tailor shop near DHA.,tailor shop,cheap,en,Lahore,shop,tailor
Tariq Road wala dukaan kaafi mashoor hai.,dukaan,mashoor,ur,Karachi,shop,convenience
Mujhay Saddar ke qareeb koi lajawab jamia masjid chahiye.,jamia masjid,lajawab,ur,Karachi,amenity,mosque
There is a famous stitching center in Saddar which is very crowded.,stitching center,crowded,en,Peshawar,shop,tailor
Kya Islamabad main koi mehnga masjid khula hai?,masjid,mehnga,ur,Islamabad,amenity,mosque
Agar qareebi fashion center dhoond rahay ho to Saddar jao.,fashion center,qareebi,ur,Peshawar,shop,clothes
Hum ne Saddar main aik mashoor musafir khana dekha.,musafir khana,mashoor,ur,Peshawar,tourism,hotel
Can you recommend a clean cafe around Saddar?,cafe,clean,en,Karachi,amenity,cafe
Is there any oldest precinct open in Peshawar right now?,precinct,oldest,en,Peshawar,amenity,police
The Saddar in Peshawar has an best precinct.,precinct,best,en,Peshawar,amenity,police
Karachi ke Clifton main aik bohat khubsurat police station hai.,police station,khubsurat,ur,Karachi,amenity,police
Agar khubsurat quetta tea hotel dhoond rahay ho to F-7 jao.,quetta tea hotel,khubsurat,ur,Islamabad,amenity,cafe
"Avoid the guest house in Gulshan, it is not biggest.",guest house,biggest,en,Karachi,tourism,hotel
We visited the most biggest jogging track in Islamabad yesterday.,jogging track,biggest,en,Islamabad,leisure,park
The Anarkali in Lahore has an cheap fashion outlet.,fashion outlet,cheap,en,Lahore,shop,clothes
Agar lajawab musafir khana dhoond rahay ho to Saddar jao.,musafir khana,lajawab,ur,Peshawar,tourism,hotel
"Avoid the garden in Mall Road, it is not clean.",garden,clean,en,Lahore,leisure,park
The Clifton in Karachi has an cheap cafe.,cafe,cheap,en,Karachi,amenity,cafe
Can you recommend a cheap dining place around Blue Area?,dining place,cheap,en,Islamabad,amenity,restaurant
Gulshan wala silai markaz kaafi khubsurat hai.,silai markaz,khubsurat,ur,Karachi,shop,tailor
The F-11 Markaz in Islamabad has an biggest mosque.,mosque,biggest,en,Islamabad,amenity,mosque
Mujhay Mall Road ke qareeb koi saaf suthra haspatal chahiye.,haspatal,saaf suthra,ur,Lahore,amenity,hospital
"Avoid the resort in Defence, it is not clean.",resort,clean,en,Karachi,tourism,hotel
Suna hai ke Islamabad main sab se behtareen ground wahan hai.,ground,behtareen,ur,Islamabad,leisure,park
I am looking for a famous guest house near University Road.,guest house,famous,en,Peshawar,tourism,hotel
Is there any cheap park open in Lahore right now?,park,cheap,en,Lahore,leisure,park
Suna hai ke Peshawar main sab se lajawab sauda salf ki dukaan wahan hai.,sauda salf ki dukaan,lajawab,ur,Peshawar,shop,convenience
"Avoid the dining place in Hayatabad, it is not historic.",dining place,historic,en,Peshawar,amenity,restaurant
Kya Islamabad main koi behtareen jamia masjid khula hai?,jamia masjid,behtareen,ur,Islamabad,amenity,mosque
Does Rawalpindi have any popular police station for tourists?,police station,popular,en,Rawalpindi,amenity,police
I am looking for a best dining place near G-9.,dining place,best,en,Islamabad,amenity,restaurant
The G-9 in Islamabad has an oldest fashion outlet.,fashion outlet,oldest,en,Islamabad,shop,clothes
I am looking for a biggest tailor shop near Saddar.,tailor shop,biggest,en,Karachi,shop,tailor
Does Lahore have any historic clothing store for tourists?,clothing store,historic,en,Lahore,shop,clothes
Suna hai ke Rawalpindi main sab se mehnga boutique wahan hai.,boutique,mehnga,ur,Rawalpindi,shop,clothes
Kya Lahore main koi purana silai markaz khula hai?,silai markaz,purana,ur,Lahore,shop,tailor
Does Lahore have any oldest grocery store for tourists?,grocery store,oldest,en,Lahore,shop,convenience
Raja Bazaar main jo resort hai wo bohat qareebi hai.,resort,qareebi,ur,Rawalpindi,tourism,hotel
Is there any famous grand mosque open in Rawalpindi right now?,grand mosque,famous,en,Rawalpindi,amenity,mosque
DHA main jo quetta tea hotel hai wo bohat sasta hai.,quetta tea hotel,sasta,ur,Lahore,amenity,cafe
Defence main jo jamia masjid hai wo bohat qareebi hai.,jamia masjid,qareebi,ur,Karachi,amenity,mosque
Suna hai ke Karachi main sab se mehnga imambargah wahan hai.,imambargah,mehnga,ur,Karachi,amenity,mosque
Agar mashoor ground dhoond rahay ho to Karkhano jao.,ground,mashoor,ur,Peshawar,leisure,park
Is there any affordable medical center open in Islamabad right now?,medical center,affordable,en,Islamabad,amenity,hospital
Suna hai ke Peshawar main sab se saaf suthra masjid wahan hai.,masjid,saaf suthra,ur,Peshawar,amenity,mosque
There is a famous boutique in Mall Road which is very popular.,boutique,popular,en,Lahore,shop,clothes
Is there any clean medical center open in Lahore right now?,medical center,clean,en,Lahore,amenity,hospital
Saddar main jo fashion center hai wo bohat saaf suthra hai.,fashion center,saaf suthra,ur,Rawalpindi,shop,clothes
Bahria Town wala kapron ki dukaan kaafi sasta hai.,kapron ki dukaan,sasta,ur,Rawalpindi,shop,clothes
Hum ne Raja Bazaar main aik pur-sukoon sair gah dekha.,sair gah,pur-sukoon,ur,Rawalpindi,leisure,park
Islamabad ke G-9 main aik bohat mashoor hotel hai.,hotel,mashoor,ur,Islamabad,tourism,hotel
Mujhay Raja Bazaar ke qareeb koi behtareen quetta tea hotel chahiye.,quetta tea hotel,behtareen,ur,Rawalpindi,amenity,cafe
I am looking for a oldest police station near Saddar.,police station,oldest,en,Karachi,amenity,police
Can you recommend a clean grand mosque around Tariq Road?,grand mosque,clean,en,Karachi,amenity,mosque
I am looking for a nearby jogging track near Commercial Market.,jogging track,nearby,en,Rawalpindi,leisure,park
Hum ne DHA main aik lajawab kapron ki dukaan dekha.,kapron ki dukaan,lajawab,ur,Lahore,shop,clothes
Lahore ke Mall Road main aik bohat mashoor dhaba hai.,dhaba,mashoor,ur,Lahore,amenity,restaurant
There is a famous police station in Bahria Town which is very best.,police station,best,en,Rawalpindi,amenity,police
Does Rawalpindi have any biggest precinct for tourists?,precinct,biggest,en,Rawalpindi,amenity,police
Clifton wala cafe kaafi lajawab hai.,cafe,lajawab,ur,Karachi,amenity,cafe
Karachi ke Tariq Road main aik bohat bada guest house hai.,guest house,bada,ur,Karachi,tourism,hotel
We visited the most oldest police station in Peshawar yesterday.,police station,oldest,en,Peshawar,amenity,police
Is there any nearby tailor shop open in Karachi right now?,tailor shop,nearby,en,Karachi,shop,tailor
Karachi ke Clifton main aik bohat rush wala masjid hai.,masjid,rush wala,ur,Karachi,amenity,mosque
Liberty Market main jo dawa khana hai wo bohat purana hai.,dawa khana,purana,ur,Lahore,amenity,hospital
Gulberg main jo police station hai wo bohat bada hai.,police station,bada,ur,Lahore,amenity,police
Saddar main jo kapron ki dukaan hai wo bohat rush wala hai.,kapron ki dukaan,rush wala,ur,Rawalpindi,shop,clothes
Does Rawalpindi have any popular boutique for tourists?,boutique,popular,en,Rawalpindi,shop,clothes
Liberty Market wala police station kaafi pur-sukoon hai.,police station,pur-sukoon,ur,Lahore,amenity,police
Mujhay Saddar ke qareeb koi bada guest house chahiye.,guest house,bada,ur,Karachi,tourism,hotel
Suna hai ke Karachi main sab se khubsurat darzi wahan hai.,darzi,khubsurat,ur,Karachi,shop,tailor
There is a famous jogging track in F-11 Markaz which is very famous.,jogging track,famous,en,Islamabad,leisure,park
Mujhay Bahria Town ke qareeb koi bada dukaan chahiye.,dukaan,bada,ur,Rawalpindi,shop,convenience
Is there any best stitching center open in Islamabad right now?,stitching center,best,en,Islamabad,shop,tailor
Hum ne Saddar main aik behtareen kapron ki dukaan dekha.,kapron ki dukaan,behtareen,ur,Karachi,shop,clothes
Liberty Market main jo kiryana store hai wo bohat rush wala hai.,kiryana store,rush wala,ur,Lahore,shop,convenience
Karachi ke Saddar main aik bohat bada dawa khana hai.,dawa khana,bada,ur,Karachi,amenity,hospital
We visited the most cheap eatery in Islamabad yesterday.,eatery,cheap,en,Islamabad,amenity,restaurant
Saddar main jo jamia masjid hai wo bohat purana hai.,jamia masjid,purana,ur,Rawalpindi,amenity,mosque
Saddar main jo clinic hai wo bohat mehnga hai.,clinic,mehnga,ur,Peshawar,amenity,hospital
"Avoid the lodge in Blue Area, it is not oldest.",lodge,oldest,en,Islamabad,tourism,hotel
Kya Rawalpindi main koi purana shifa khana khula hai?,shifa khana,purana,ur,Rawalpindi,amenity,hospital
There is a famous Islamic center in Blue Area which is very popular.,Islamic center,popular,en,Islamabad,amenity,mosque
Kya Lahore main koi behtareen chowki khula hai?,chowki,behtareen,ur,Lahore,amenity,police
Kya Karachi main koi saaf suthra resort khula hai?,resort,saaf suthra,ur,Karachi,tourism,hotel
Mujhay Blue Area ke qareeb koi purana general store chahiye.,general store,purana,ur,Islamabad,shop,convenience
Peshawar ke Saddar main aik bohat qareebi cafe hai.,cafe,qareebi,ur,Peshawar,amenity,cafe
Hum ne Anarkali main aik bada dukaan dekha.,dukaan,bada,ur,Lahore,shop,convenience
Blue Area main jo shifa khana hai wo bohat sasta hai.,shifa khana,sasta,ur,Islamabad,amenity,hospital
Does Karachi have any crowded tea house for tourists?,tea house,crowded,en,Karachi,amenity,cafe
Is there any nearby hotel open in Karachi right now?,hotel,nearby,en,Karachi,tourism,hotel
Mujhay Gulberg ke qareeb koi qareebi quetta tea hotel chahiye.,quetta tea hotel,qareebi,ur,Lahore,amenity,cafe
Suna hai ke Peshawar main sab se rush wala bagh wahan hai.,bagh,rush wala,ur,Peshawar,leisure,park
Suna hai ke Peshawar main sab se saaf suthra eid gah wahan hai.,eid gah,saaf suthra,ur,Peshawar,amenity,mosque
Agar khubsurat fashion center dhoond rahay ho to Saddar jao.,fashion center,khubsurat,ur,Rawalpindi,shop,clothes
Hum ne Raja Bazaar main aik mehnga general store dekha.,general store,mehnga,ur,Rawalpindi,shop,convenience
Mujhay Defence ke qareeb koi bada eid gah chahiye.,eid gah,bada,ur,Karachi,amenity,mosque
Kya Islamabad main koi qareebi haspatal khula hai?,haspatal,qareebi,ur,Islamabad,amenity,hospital
Kya Karachi main koi bada chai wala khula hai?,chai wala,bada,ur,Karachi,amenity,cafe
Hum ne Blue Area main aik pur-sukoon imambargah dekha.,imambargah,pur-sukoon,ur,Islamabad,amenity,mosque
Does Lahore have any famous clothing store for tourists?,clothing store,famous,en,Lahore,shop,clothes
Hum ne Gulshan main aik sasta darzi dekha.,darzi,sasta,ur,Karachi,shop,tailor
Can you recommend a oldest grand mosque around DHA?,grand mosque,oldest,en,Lahore,amenity,mosque
Hum ne Anarkali main aik rush wala musafir khana dekha.,musafir khana,rush wala,ur,Lahore,tourism,hotel
Lahore ke Liberty Market main aik bohat pur-sukoon quetta tea hotel hai.,quetta tea hotel,pur-sukoon,ur,Lahore,amenity,cafe
Hum ne Centaurus main aik saaf suthra eid gah dekha.,eid gah,saaf suthra,ur,Islamabad,amenity,mosque
Lahore ke Mall Road main aik bohat purana chowki hai.,chowki,purana,ur,Lahore,amenity,police
"Avoid the convenience store in Blue Area, it is not crowded.",convenience store,crowded,en,Islamabad,shop,convenience
"Avoid the cafe in Blue Area, it is not historic.",cafe,historic,en,Islamabad,amenity,cafe
Suna hai ke Lahore main sab se behtareen tailor shop wahan hai.,tailor shop,behtareen,ur,Lahore,shop,tailor
There is a famous eatery in Tariq Road which is very luxury.,eatery,luxury,en,Karachi,amenity,restaurant
Tariq Road wala sair gah kaafi purana hai.,sair gah,purana,ur,Karachi,leisure,park
Agar sasta fashion center dhoond rahay ho to G-9 jao.,fashion center,sasta,ur,Islamabad,shop,clothes
Kya Lahore main koi rush wala kiryana store khula hai?,kiryana store,rush wala,ur,Lahore,shop,convenience
Suna hai ke Islamabad main sab se purana ground wahan hai.,ground,purana,ur,Islamabad,leisure,park
Defence main jo general store hai wo bohat lajawab hai.,general store,lajawab,ur,Karachi,shop,convenience
Is there any popular bistro open in Karachi right now?,bistro,popular,en,Karachi,amenity,restaurant
Agar lajawab imambargah dhoond rahay ho to Tariq Road jao.,imambargah,lajawab,ur,Karachi,amenity,mosque
Is there any famous fashion outlet open in Karachi right now?,fashion outlet,famous,en,Karachi,shop,clothes
We visited the most affordable bistro in Rawalpindi yesterday.,bistro,affordable,en,Rawalpindi,amenity,restaurant
Can you recommend a famous police station around Gulshan?,police station,famous,en,Karachi,amenity,police
Can you recommend a clean garment shop around Centaurus?,garment shop,clean,en,Islamabad,shop,clothes
Rawalpindi ke Raja Bazaar main aik bohat sasta police station hai.,police station,sasta,ur,Rawalpindi,amenity,police
Agar saaf suthra dawa khana dhoond rahay ho to Karkhano jao.,dawa khana,saaf suthra,ur,Peshawar,amenity,hospital
Agar saaf suthra cloth market dhoond rahay ho to Hayatabad jao.,cloth market,saaf suthra,ur,Peshawar,shop,clothes
Kya Islamabad main koi purana fashion center khula hai?,fashion center,purana,ur,Islamabad,shop,clothes
Does Karachi have any clean garment shop for tourists?,garment shop,clean,en,Karachi,shop,clothes
Agar qareebi silai markaz dhoond rahay ho to Saddar jao.,silai markaz,qareebi,ur,Peshawar,shop,tailor
Suna hai ke Islamabad main sab se sasta boutique wahan hai.,boutique,sasta,ur,Islamabad,shop,clothes
Rawalpindi ke Bahria Town main aik bohat saaf suthra thana hai.,thana,saaf suthra,ur,Rawalpindi,amenity,police
The Mall Road in Lahore has an popular precinct.,precinct,popular,en,Lahore,amenity,police
Suna hai ke Lahore main sab se saaf suthra police station wahan hai.,police station,saaf suthra,ur,Lahore,amenity,police
Anarkali main jo darzi hai wo bohat bada hai.,darzi,bada,ur,Lahore,shop,tailor
I am looking for a oldest clothing store near Commercial Market.,clothing store,oldest,en,Rawalpindi,shop,clothes
Kya Lahore main koi sasta cloth market khula hai?,cloth market,sasta,ur,Lahore,shop,clothes
Saddar wala boutique kaafi mehnga hai.,boutique,mehnga,ur,Rawalpindi,shop,clothes
There is a famous lodge in Karkhano which is very best.,lodge,best,en,Peshawar,tourism,hotel
Suna hai ke Karachi main sab se mashoor haspatal wahan hai.,haspatal,mashoor,ur,Karachi,amenity,hospital
We visited the most biggest stitching center in Islamabad yesterday.,stitching center,biggest,en,Islamabad,shop,tailor
Suna hai ke Karachi main sab se qareebi imambargah wahan hai.,imambargah,qareebi,ur,Karachi,amenity,mosque
Hum ne Saddar main aik saaf suthra clinic dekha.,clinic,saaf suthra,ur,Karachi,amenity,hospital
Kya Peshawar main koi behtareen darzi khula hai?,darzi,behtareen,ur,Peshawar,shop,tailor
"Avoid the clinic in Saddar, it is not clean.",clinic,clean,en,Rawalpindi,amenity,hospital
We visited the most famous clothing store in Peshawar yesterday.,clothing store,famous,en,Peshawar,shop,clothes
Does Islamabad have any cheap restaurant for tourists?,restaurant,cheap,en,Islamabad,amenity,restaurant
Peshawar ke Karkhano main aik bohat sasta clinic hai.,clinic,sasta,ur,Peshawar,amenity,hospital
Mujhay DHA ke qareeb koi rush wala sair gah chahiye.,sair gah,rush wala,ur,Lahore,leisure,park
Is there any biggest tailor shop open in Rawalpindi right now?,tailor shop,biggest,en,Rawalpindi,shop,tailor
Can you recommend a clean park around University Road?,park,clean,en,Peshawar,leisure,park
Hum ne Karkhano main aik pur-sukoon clinic dekha.,clinic,pur-sukoon,ur,Peshawar,amenity,hospital
Anarkali main jo chaye khana hai wo bohat khubsurat hai.,chaye khana,khubsurat,ur,Lahore,amenity,cafe
Karachi ke Saddar main aik bohat saaf suthra dawa khana hai.,dawa khana,saaf suthra,ur,Karachi,amenity,hospital
Can you recommend a nearby precinct around University Road?,precinct,nearby,en,Peshawar,amenity,police
Is there any popular stitching center open in Lahore right now?,stitching center,popular,en,Lahore,shop,tailor
Karkhano main jo dhaba hai wo bohat khubsurat hai.,dhaba,khubsurat,ur,Peshawar,amenity,restaurant
"Avoid the park in Hayatabad, it is not historic.",park,historic,en,Peshawar,leisure,park
Hayatabad wala cloth market kaafi mehnga hai.,cloth market,mehnga,ur,Peshawar,shop,clothes
Is there any clean lodge open in Peshawar right now?,lodge,clean,en,Peshawar,tourism,hotel
There is a famous fashion outlet in Blue Area which is very crowded.,fashion outlet,crowded,en,Islamabad,shop,clothes
Is there any clean boutique open in Islamabad right now?,boutique,clean,en,Islamabad,shop,clothes
There is a famous cafe in Gulshan which is very historic.,cafe,historic,en,Karachi,amenity,cafe
There is a famous Islamic center in Karkhano which is very nearby.,Islamic center,nearby,en,Peshawar,amenity,mosque
Can you recommend a affordable grand mosque around Raja Bazaar?,grand mosque,affordable,en,Rawalpindi,amenity,mosque
Suna hai ke Islamabad main sab se purana restaurant wahan hai.,restaurant,purana,ur,Islamabad,amenity,restaurant
Saddar main jo police station hai wo bohat purana hai.,police station,purana,ur,Peshawar,amenity,police
Is there any clean jogging track open in Lahore right now?,jogging track,clean,en,Lahore,leisure,park
We visited the most affordable hotel in Islamabad yesterday.,hotel,affordable,en,Islamabad,tourism,hotel
Clifton main jo masjid hai wo bohat purana hai.,masjid,purana,ur,Karachi,amenity,mosque
Can you recommend a crowded police station around Blue Area?,police station,crowded,en,Islamabad,amenity,police
Suna hai ke Peshawar main sab se mashoor darzi wahan hai.,darzi,mashoor,ur,Peshawar,shop,tailor
Mujhay Karkhano ke qareeb koi mehnga park chahiye.,park,mehnga,ur,Peshawar,leisure,park
Hum ne Liberty Market main aik khubsurat cafe dekha.,cafe,khubsurat,ur,Lahore,amenity,cafe
Mall Road main jo dawa khana hai wo bohat rush wala hai.,dawa khana,rush wala,ur,Lahore,amenity,hospital
The Anarkali in Lahore has an popular Islamic center.,Islamic center,popular,en,Lahore,amenity,mosque
Mall Road wala general store kaafi sasta hai.,general store,sasta,ur,Lahore,shop,convenience
There is a famous boutique in Saddar which is very biggest.,boutique,biggest,en,Peshawar,shop,clothes
Anarkali main jo eid gah hai wo bohat behtareen hai.,eid gah,behtareen,ur,Lahore,amenity,mosque
Islamabad ke F-11 Markaz main aik bohat lajawab musafir khana hai.,musafir khana,lajawab,ur,Islamabad,tourism,hotel
We visited the most cheap emergency room in Lahore yesterday.,emergency room,cheap,en,Lahore,amenity,hospital
Is there any oldest clinic open in Rawalpindi right now?,clinic,oldest,en,Rawalpindi,amenity,hospital
The Mall Road in Lahore has an cheap precinct.,precinct,cheap,en,Lahore,amenity,police
Can you recommend a popular jogging track around Karkhano?,jogging track,popular,en,Peshawar,leisure,park
G-9 main jo dawa khana hai wo bohat rush wala hai.,dawa khana,rush wala,ur,Islamabad,amenity,hospital
Agar mashoor silai markaz dhoond rahay ho to DHA jao.,silai markaz,mashoor,ur,Lahore,shop,tailor
Mujhay DHA ke qareeb koi bada guest house chahiye.,guest house,bada,ur,Lahore,tourism,hotel
Agar behtareen haspatal dhoond rahay ho to Gulberg jao.,haspatal,behtareen,ur,Lahore,amenity,hospital
Saddar wala tailor shop kaafi behtareen hai.,tailor shop,behtareen,ur,Rawalpindi,shop,tailor
The Bahria Town in Rawalpindi has an luxury coffee shop.,coffee shop,luxury,en,Rawalpindi,amenity,cafe
Agar purana bagh dhoond rahay ho to Saddar jao.,bagh,purana,ur,Karachi,leisure,park
Does Rawalpindi have any crowded jogging track for tourists?,jogging track,crowded,en,Rawalpindi,leisure,park
Commercial Market main jo jamia masjid hai wo bohat sasta hai.,jamia masjid,sasta,ur,Rawalpindi,amenity,mosque
The F-11 Markaz in Islamabad has an biggest clothing store.,clothing store,biggest,en,Islamabad,shop,clothes
The Karkhano in Peshawar has an nearby Islamic center.,Islamic center,nearby,en,Peshawar,amenity,mosque
F-7 wala kapron ki dukaan kaafi mehnga hai.,kapron ki dukaan,mehnga,ur,Islamabad,shop,clothes
Is there any best coffee shop open in Karachi right now?,coffee shop,best,en,Karachi,amenity,cafe
Agar sasta chaye khana dhoond rahay ho to Saddar jao.,chaye khana,sasta,ur,Peshawar,amenity,cafe
Islamabad ke G-9 main aik bohat saaf suthra silai markaz hai.,silai markaz,saaf suthra,ur,Islamabad,shop,tailor
Peshawar ke Karkhano main aik bohat mashoor chowki hai.,chowki,mashoor,ur,Peshawar,amenity,police
We visited the most cheap precinct in Karachi yesterday.,precinct,cheap,en,Karachi,amenity,police
I am looking for a biggest police station near Karkhano.,police station,biggest,en,Peshawar,amenity,police
The Hayatabad in Peshawar has an clean police station.,police station,clean,en,Peshawar,amenity,police
Blue Area main jo chowki hai wo bohat behtareen hai.,chowki,behtareen,ur,Islamabad,amenity,police
Kya Peshawar main koi behtareen kiryana store khula hai?,kiryana store,behtareen,ur,Peshawar,shop,convenience
There is a famous Islamic center in Bahria Town which is very oldest.,Islamic center,oldest,en,Rawalpindi,amenity,mosque
Can you recommend a biggest Islamic center around Commercial Market?,Islamic center,biggest,en,Rawalpindi,amenity,mosque
We visited the most biggest hotel in Lahore yesterday.,hotel,biggest,en,Lahore,tourism,hotel
Hum ne Saddar main aik khubsurat hotel dekha.,hotel,khubsurat,ur,Rawalpindi,amenity,restaurant
I am looking for a luxury coffee shop near University Road.,coffee shop,luxury,en,Peshawar,amenity,cafe
Can you recommend a biggest clothing store around Hayatabad?,clothing store,biggest,en,Peshawar,shop,clothes
Agar bada restaurant dhoond rahay ho to University Road jao.,restaurant,bada,ur,Peshawar,amenity,restaurant
Suna hai ke Islamabad main sab se qareebi boutique wahan hai.,boutique,qareebi,ur,Islamabad,shop,clothes
Centaurus main jo sair gah hai wo bohat bada hai.,sair gah,bada,ur,Islamabad,leisure,park
Does Islamabad have any famous police station for tourists?,police station,famous,en,Islamabad,amenity,police
Is there any best bistro open in Lahore right now?,bistro,best,en,Lahore,amenity,restaurant
Lahore ke Liberty Market main aik bohat mehnga chaye khana hai.,chaye khana,mehnga,ur,Lahore,amenity,cafe
Can you recommend a famous grand mosque around Mall Road?,grand mosque,famous,en,Lahore,amenity,mosque
"Avoid the mosque in DHA, it is not affordable.",mosque,affordable,en,Lahore,amenity,mosque
Agar qareebi tikka shop dhoond rahay ho to DHA jao.,tikka shop,qareebi,ur,Lahore,amenity,restaurant
Kya Karachi main koi saaf suthra haspatal khula hai?,haspatal,saaf suthra,ur,Karachi,amenity,hospital
Karachi ke Defence main aik bohat pur-sukoon kapron ki dukaan hai.,kapron ki dukaan,pur-sukoon,ur,Karachi,shop,clothes
The G-9 in Islamabad has an best precinct.,precinct,best,en,Islamabad,amenity,police
The Gulberg in Lahore has an oldest dining place.,dining place,oldest,en,Lahore,amenity,restaurant
Clifton wala silai markaz kaafi khubsurat hai.,silai markaz,khubsurat,ur,Karachi,shop,tailor
Islamabad ke F-11 Markaz main aik bohat lajawab cafe hai.,cafe,lajawab,ur,Islamabad,amenity,cafe
Mujhay Gulberg ke qareeb koi rush wala tailor shop chahiye.,tailor shop,rush wala,ur,Lahore,shop,tailor
Hum ne Bahria Town main aik pur-sukoon cafe dekha.,cafe,pur-sukoon,ur,Rawalpindi,amenity,cafe
I am looking for a biggest lodge near Mall Road.,lodge,biggest,en,Lahore,tourism,hotel
"Avoid the mini mart in F-7, it is not crowded.",mini mart,crowded,en,Islamabad,shop,convenience
Kya Karachi main koi bada fashion center khula hai?,fashion center,bada,ur,Karachi,shop,clothes
Suna hai ke Islamabad main sab se mehnga chai wala wahan hai.,chai wala,mehnga,ur,Islamabad,amenity,cafe
Does Islamabad have any luxury eatery for tourists?,eatery,luxury,en,Islamabad,amenity,restaurant
There is a famous mosque in Saddar which is very popular.,mosque,popular,en,Peshawar,amenity,mosque
There is a famous stitching center in F-7 which is very affordable.,stitching center,affordable,en,Islamabad,shop,tailor
"Avoid the clothing store in Tariq Road, it is not oldest.",clothing store,oldest,en,Karachi,shop,clothes
I am looking for a crowded stitching center near University Road.,stitching center,crowded,en,Peshawar,shop,tailor
Does Lahore have any nearby tuck shop for tourists?,tuck shop,nearby,en,Lahore,shop,convenience
There is a famous police station in University Road which is very nearby.,police station,nearby,en,Peshawar,amenity,police
"Avoid the cafe in Raja Bazaar, it is not famous.",cafe,famous,en,Rawalpindi,amenity,cafe
There is a famous park in Clifton which is very nearby.,park,nearby,en,Karachi,leisure,park
Kya Peshawar main koi rush wala silai markaz khula hai?,silai markaz,rush wala,ur,Peshawar,shop,tailor
Can you recommend a crowded fashion outlet around Anarkali?,fashion outlet,crowded,en,Lahore,shop,clothes
Agar sasta imambargah dhoond rahay ho to Gulberg jao.,imambargah,sasta,ur,Lahore,amenity,mosque
Lahore ke Mall Road main aik bohat khubsurat park hai.,park,khubsurat,ur,Lahore,leisure,park
Karkhano main jo kiryana store hai wo bohat sasta hai.,kiryana store,sasta,ur,Peshawar,shop,convenience
We visited the most clean convenience store in Lahore yesterday.,convenience store,clean,en,Lahore,shop,convenience
I am looking for a clean mosque near Gulberg.,mosque,clean,en,Lahore,amenity,mosque
Clifton main jo quetta tea hotel hai wo bohat qareebi hai.,quetta tea hotel,qareebi,ur,Karachi,amenity,cafe
I am looking for a famous tailor shop near F-7.,tailor shop,famous,en,Islamabad,shop,tailor
Does Islamabad have any crowded police station for tourists?,police station,crowded,en,Islamabad,amenity,police
The University Road in Peshawar has an popular tailor shop.,tailor shop,popular,en,Peshawar,shop,tailor
"Avoid the playground in Gulshan, it is not historic.",playground,historic,en,Karachi,leisure,park
Mujhay Defence ke qareeb koi saaf suthra quetta tea hotel chahiye.,quetta tea hotel,saaf suthra,ur,Karachi,amenity,cafe
There is a famous boutique in Bahria Town which is very best.,boutique,best,en,Rawalpindi,shop,clothes
Agar sasta musafir khana dhoond rahay ho to Blue Area jao.,musafir khana,sasta,ur,Islamabad,tourism,hotel
Bahria Town wala cloth market kaafi mashoor hai.,cloth market,mashoor,ur,Rawalpindi,shop,clothes
Hum ne University Road main aik lajawab chowki dekha.,chowki,lajawab,ur,Peshawar,amenity,police
Hum ne DHA main aik saaf suthra kiryana store dekha.,kiryana store,saaf suthra,ur,Lahore,shop,convenience
We visited the most clean tuck shop in Peshawar yesterday.,tuck shop,clean,en,Peshawar,shop,convenience
Is there any best resort open in Rawalpindi right now?,resort,best,en,Rawalpindi,tourism,hotel
Mujhay Saddar ke qareeb koi saaf suthra cloth market chahiye.,cloth market,saaf suthra,ur,Peshawar,shop,clothes
Can you recommend a cheap hospital around Commercial Market?,hospital,cheap,en,Rawalpindi,amenity,hospital
Agar pur-sukoon quetta tea hotel dhoond rahay ho to Bahria Town jao.,quetta tea hotel,pur-sukoon,ur,Rawalpindi,amenity,cafe
Tariq Road main jo chai wala hai wo bohat bada hai.,chai wala,bada,ur,Karachi,amenity,cafe
The Hayatabad in Peshawar has an best eatery.,eatery,best,en,Peshawar,amenity,restaurant
Does Islamabad have any nearby playground for tourists?,playground,nearby,en,Islamabad,leisure,park
Peshawar ke Saddar main aik bohat pur-sukoon chaye khana hai.,chaye khana,pur-sukoon,ur,Peshawar,amenity,cafe
We visited the most famous coffee shop in Rawalpindi yesterday.,coffee shop,famous,en,Rawalpindi,amenity,cafe
Hum ne Gulberg main aik purana jamia masjid dekha.,jamia masjid,purana,ur,Lahore,amenity,mosque
Lahore ke Mall Road main aik bohat bada chowki hai.,chowki,bada,ur,Lahore,amenity,police
Can you recommend a clean garment shop around Hayatabad?,garment shop,clean,en,Peshawar,shop,clothes
We visited the most popular mini mart in Islamabad yesterday.,mini mart,popular,en,Islamabad,shop,convenience
Agar khubsurat musafir khana dhoond rahay ho to Tariq Road jao.,musafir khana,khubsurat,ur,Karachi,tourism,hotel
We visited the most best tailor shop in Islamabad yesterday.,tailor shop,best,en,Islamabad,shop,tailor
Mujhay Tariq Road ke qareeb koi bada sauda salf ki dukaan chahiye.,sauda salf ki dukaan,bada,ur,Karachi,shop,convenience
Tariq Road wala tailor shop kaafi mehnga hai.,tailor shop,mehnga,ur,Karachi,shop,tailor
Peshawar ke Saddar main aik bohat saaf suthra dhaba hai.,dhaba,saaf suthra,ur,Peshawar,amenity,restaurant
Peshawar ke Saddar main aik bohat qareebi kiryana store hai.,kiryana store,qareebi,ur,Peshawar,shop,convenience
Commercial Market main jo cloth market hai wo bohat bada hai.,cloth market,bada,ur,Rawalpindi,shop,clothes
There is a famous restaurant in Centaurus which is very luxury.,restaurant,luxury,en,Islamabad,amenity,restaurant
Karachi ke Gulshan main aik bohat purana masjid hai.,masjid,purana,ur,Karachi,amenity,mosque
We visited the most nearby grocery store in Rawalpindi yesterday.,grocery store,nearby,en,Rawalpindi,shop,convenience
Agar behtareen shifa khana dhoond rahay ho to F-11 Markaz jao.,shifa khana,behtareen,ur,Islamabad,amenity,hospital
Hum ne Karkhano main aik behtareen chowki dekha.,chowki,behtareen,ur,Peshawar,amenity,police
Is there any oldest grand mosque open in Peshawar right now?,grand mosque,oldest,en,Peshawar,amenity,mosque
We visited the most best Islamic center in Rawalpindi yesterday.,Islamic center,best,en,Rawalpindi,amenity,mosque
"Avoid the tea house in Mall Road, it is not affordable.",tea house,affordable,en,Lahore,amenity,cafe
Suna hai ke Rawalpindi main sab se rush wala shifa khana wahan hai.,shifa khana,rush wala,ur,Rawalpindi,amenity,hospital
The Hayatabad in Peshawar has an nearby stitching center.,stitching center,nearby,en,Peshawar,shop,tailor
Suna hai ke Karachi main sab se saaf suthra khanay ka center wahan hai.,khanay ka center,saaf suthra,ur,Karachi,amenity,restaurant
There is a famous police station in Bahria Town which is very nearby.,police station,nearby,en,Rawalpindi,amenity,police
Can you recommend a oldest tailor shop around Defence?,tailor shop,oldest,en,Karachi,shop,tailor
Mujhay Saddar ke qareeb koi mehnga chowki chahiye.,chowki,mehnga,ur,Rawalpindi,amenity,police
The Hayatabad in Peshawar has an biggest hotel.,hotel,biggest,en,Peshawar,tourism,hotel
Can you recommend a affordable coffee shop around Anarkali?,coffee shop,affordable,en,Lahore,amenity,cafe
We visited the most luxury emergency room in Lahore yesterday.,emergency room,luxury,en,Lahore,amenity,hospital
Hum ne Blue Area main aik purana tailor shop dekha.,tailor shop,purana,ur,Islamabad,shop,tailor
Mujhay F-7 ke qareeb koi behtareen masjid chahiye.,masjid,behtareen,ur,Islamabad,amenity,mosque
Mujhay Saddar ke qareeb koi behtareen imambargah chahiye.,imambargah,behtareen,ur,Peshawar,amenity,mosque
I am looking for a crowded hospital near Defence.,hospital,crowded,en,Karachi,amenity,hospital
Can you recommend a nearby lodge around Centaurus?,lodge,nearby,en,Islamabad,tourism,hotel
There is a famous dining place in Commercial Market which is very luxury.,dining place,luxury,en,Rawalpindi,amenity,restaurant
Kya Karachi main koi sasta cloth market khula hai?,cloth market,sasta,ur,Karachi,shop,clothes
We visited the most crowded precinct in Lahore yesterday.,precinct,crowded,en,Lahore,amenity,police
The DHA in Lahore has an cheap grocery store.,grocery store,cheap,en,Lahore,shop,convenience
Is there any crowded fashion outlet open in Rawalpindi right now?,fashion outlet,crowded,en,Rawalpindi,shop,clothes
Hum ne Blue Area main aik sasta kiryana store dekha.,kiryana store,sasta,ur,Islamabad,shop,convenience
Does Rawalpindi have any crowded grand mosque for tourists?,grand mosque,crowded,en,Rawalpindi,amenity,mosque
Hum ne Saddar main aik rush wala police station dekha.,police station,rush wala,ur,Rawalpindi,amenity,police
Peshawar ke Hayatabad main aik bohat sasta general store hai.,general store,sasta,ur,Peshawar,shop,convenience
Is there any clean Islamic center open in Karachi right now?,Islamic center,clean,en,Karachi,amenity,mosque
Hum ne Saddar main aik behtareen imambargah dekha.,imambargah,behtareen,ur,Peshawar,amenity,mosque
Suna hai ke Rawalpindi main sab se mehnga chowki wahan hai.,chowki,mehnga,ur,Rawalpindi,amenity,police
I am looking for a oldest eatery near Saddar.,eatery,oldest,en,Peshawar,amenity,restaurant
Kya Karachi main koi qareebi resort khula hai?,resort,qareebi,ur,Karachi,tourism,hotel
Kya Lahore main koi rush wala chaye khana khula hai?,chaye khana,rush wala,ur,Lahore,amenity,cafe
Hum ne G-9 main aik rush wala dawa khana dekha.,dawa khana,rush wala,ur,Islamabad,amenity,hospital
We visited the most biggest hospital in Islamabad yesterday.,hospital,biggest,en,Islamabad,amenity,hospital
Agar rush wala haspatal dhoond rahay ho to F-7 jao.,haspatal,rush wala,ur,Islamabad,amenity,hospital
Can you recommend a affordable park around Commercial Market?,park,affordable,en,Rawalpindi,leisure,park
Can you recommend a nearby eatery around Anarkali?,eatery,nearby,en,Lahore,amenity,restaurant
Does Peshawar have any famous clinic for tourists?,clinic,famous,en,Peshawar,amenity,hospital
Mujhay Mall Road ke qareeb koi lajawab silai markaz chahiye.,silai markaz,lajawab,ur,Lahore,shop,tailor
There is a famous police station in Tariq Road which is very best.,police station,best,en,Karachi,amenity,police
Hum ne F-11 Markaz main aik mashoor dawa khana dekha.,dawa khana,mashoor,ur,Islamabad,amenity,hospital
Agar sasta darzi dhoond rahay ho to Defence jao.,darzi,sasta,ur,Karachi,shop,tailor
Does Lahore have any popular park for tourists?,park,popular,en,Lahore,leisure,park
Suna hai ke Rawalpindi main sab se qareebi general store wahan hai.,general store,qareebi,ur,Rawalpindi,shop,convenience
Hum ne Blue Area main aik qareebi sauda salf ki dukaan dekha.,sauda salf ki dukaan,qareebi,ur,Islamabad,shop,convenience
Is there any luxury tuck shop open in Rawalpindi right now?,tuck shop,luxury,en,Rawalpindi,shop,convenience
Peshawar ke University Road main aik bohat behtareen thana hai.,thana,behtareen,ur,Peshawar,amenity,police
Suna hai ke Rawalpindi main sab se lajawab resort wahan hai.,resort,lajawab,ur,Rawalpindi,tourism,hotel
The University Road in Peshawar has an oldest Islamic center.,Islamic center,oldest,en,Peshawar,amenity,mosque
There is a famous mini mart in Commercial Market which is very oldest.,mini mart,oldest,en,Rawalpindi,shop,convenience
Hum ne F-11 Markaz main aik purana haspatal dekha.,haspatal,purana,ur,Islamabad,amenity,hospital
Kya Lahore main koi lajawab sair gah khula hai?,sair gah,lajawab,ur,Lahore,leisure,park
There is a famous cafe in F-11 Markaz which is very clean.,cafe,clean,en,Islamabad,amenity,cafe
Hum ne Karkhano main aik pur-sukoon masjid dekha.,masjid,pur-sukoon,ur,Peshawar,amenity,mosque
Kya Rawalpindi main koi lajawab dhaba khula hai?,dhaba,lajawab,ur,Rawalpindi,amenity,restaurant
Suna hai ke Peshawar main sab se pur-sukoon sauda salf ki dukaan wahan hai.,sauda salf ki dukaan,pur-sukoon,ur,Peshawar,shop,convenience
I am looking for a nearby mini mart near Hayatabad.,mini mart,nearby,en,Peshawar,shop,convenience
Can you recommend a best park around G-9?,park,best,en,Islamabad,leisure,park
Kya Islamabad main koi pur-sukoon fashion center khula hai?,fashion center,pur-sukoon,ur,Islamabad,shop,clothes
Can you recommend a cheap cafe around Mall Road?,cafe,cheap,en,Lahore,amenity,cafe
Mujhay Saddar ke qareeb koi pur-sukoon haspatal chahiye.,haspatal,pur-sukoon,ur,Karachi,amenity,hospital
Islamabad ke F-7 main aik bohat rush wala boutique hai.,boutique,rush wala,ur,Islamabad,shop,clothes
Does Rawalpindi have any nearby medical center for tourists?,medical center,nearby,en,Rawalpindi,amenity,hospital
Agar bada silai markaz dhoond rahay ho to Gulberg jao.,silai markaz,bada,ur,Lahore,shop,tailor
Kya Rawalpindi main koi lajawab park khula hai?,park,lajawab,ur,Rawalpindi,leisure,park
Kya Peshawar main koi bada masjid khula hai?,masjid,bada,ur,Peshawar,amenity,mosque
Can you recommend a famous jogging track around Bahria Town?,jogging track,famous,en,Rawalpindi,leisure,park
Is there any affordable tailor shop open in Karachi right now?,tailor shop,affordable,en,Karachi,shop,tailor
Kya Rawalpindi main koi mehnga chowki khula hai?,chowki,mehnga,ur,Rawalpindi,amenity,police
F-11 Markaz main jo police station hai wo bohat purana hai.,police station,purana,ur,Islamabad,amenity,police
Does Peshawar have any famous park for tourists?,park,famous,en,Peshawar,leisure,park
Saddar main jo thana hai wo bohat sasta hai.,thana,sasta,ur,Peshawar,amenity,police
Hum ne Anarkali main aik purana darzi dekha.,darzi,purana,ur,Lahore,shop,tailor
Kya Rawalpindi main koi bada resort khula hai?,resort,bada,ur,Rawalpindi,tourism,hotel
We visited the most nearby restaurant in Karachi yesterday.,restaurant,nearby,en,Karachi,amenity,restaurant
Suna hai ke Islamabad main sab se purana tikka shop wahan hai.,tikka shop,purana,ur,Islamabad,amenity,restaurant
Suna hai ke Lahore main sab se mehnga shifa khana wahan hai.,shifa khana,mehnga,ur,Lahore,amenity,hospital
Is there any affordable clinic open in Lahore right now?,clinic,affordable,en,Lahore,amenity,hospital
Kya Rawalpindi main koi bada restaurant khula hai?,restaurant,bada,ur,Rawalpindi,amenity,restaurant
We visited the most biggest garment shop in Lahore yesterday.,garment shop,biggest,en,Lahore,shop,clothes
There is a famous grand mosque in DHA which is very biggest.,grand mosque,biggest,en,Lahore,amenity,mosque
University Road main jo thana hai wo bohat mehnga hai.,thana,mehnga,ur,Peshawar,amenity,police
I am looking for a crowded eatery near Raja Bazaar.,eatery,crowded,en,Rawalpindi,amenity,restaurant
I am looking for a luxury medical center near Commercial Market.,medical center,luxury,en,Rawalpindi,amenity,hospital
The Defence in Karachi has an cheap restaurant.,restaurant,cheap,en,Karachi,amenity,restaurant
Does Lahore have any cheap lodge for tourists?,lodge,cheap,en,Lahore,tourism,hotel
F-7 main jo tailor shop hai wo bohat sasta hai.,tailor shop,sasta,ur,Islamabad,shop,tailor
Gulshan wala ground kaafi lajawab hai.,ground,lajawab,ur,Karachi,leisure,park
Saddar wala quetta tea hotel kaafi rush wala hai.,quetta tea hotel,rush wala,ur,Karachi,amenity,cafe
We visited the most cheap hospital in Islamabad yesterday.,hospital,cheap,en,Islamabad,amenity,hospital
Liberty Market main jo haspatal hai wo bohat mehnga hai.,haspatal,mehnga,ur,Lahore,amenity,hospital
"Avoid the guest house in Liberty Market, it is not historic.",guest house,historic,en,Lahore,tourism,hotel
Hum ne F-7 main aik bada bagh dekha.,bagh,bada,ur,Islamabad,leisure,park
Mall Road wala boutique kaafi khubsurat hai.,boutique,khubsurat,ur,Lahore,shop,clothes
Kya Karachi main koi sasta ground khula hai?,ground,sasta,ur,Karachi,leisure,park
Saddar wala kapron ki dukaan kaafi mashoor hai.,kapron ki dukaan,mashoor,ur,Rawalpindi,shop,clothes
"Avoid the hospital in Gulshan, it is not popular.",hospital,popular,en,Karachi,amenity,hospital
Karachi ke Saddar main aik bohat mashoor dukaan hai.,dukaan,mashoor,ur,Karachi,shop,convenience
Does Islamabad have any clean cafe for tourists?,cafe,clean,en,Islamabad,amenity,cafe
Mall Road main jo silai markaz hai wo bohat saaf suthra hai.,silai markaz,saaf suthra,ur,Lahore,shop,tailor
Agar pur-sukoon hotel dhoond rahay ho to Gulberg jao.,hotel,pur-sukoon,ur,Lahore,tourism,hotel
Clifton main jo darzi hai wo bohat mashoor hai.,darzi,mashoor,ur,Karachi,shop,tailor
Can you recommend a biggest tailor shop around Saddar?,tailor shop,biggest,en,Peshawar,shop,tailor
Hum ne University Road main aik pur-sukoon park dekha.,park,pur-sukoon,ur,Peshawar,leisure,park
Blue Area wala restaurant kaafi sasta hai.,restaurant,sasta,ur,Islamabad,amenity,restaurant
Agar mehnga dawa khana dhoond rahay ho to Liberty Market jao.,dawa khana,mehnga,ur,Lahore,amenity,hospital
We visited the most luxury garment shop in Lahore yesterday.,garment shop,luxury,en,Lahore,shop,clothes
"Avoid the eatery in Defence, it is not affordable.",eatery,affordable,en,Karachi,amenity,restaurant
The Liberty Market in Lahore has an biggest stitching center.,stitching center,biggest,en,Lahore,shop,tailor
Does Lahore have any oldest precinct for tourists?,precinct,oldest,en,Lahore,amenity,police
"Avoid the fashion outlet in Defence, it is not oldest.",fashion outlet,oldest,en,Karachi,shop,clothes
Rawalpindi ke Bahria Town main aik bohat lajawab boutique hai.,boutique,lajawab,ur,Rawalpindi,shop,clothes
Suna hai ke Peshawar main sab se mehnga khanay ka center wahan hai.,khanay ka center,mehnga,ur,Peshawar,amenity,restaurant
I am looking for a affordable lodge near Saddar.,lodge,affordable,en,Peshawar,tourism,hotel
Saddar main jo thana hai wo bohat behtareen hai.,thana,behtareen,ur,Peshawar,amenity,police
Rawalpindi ke Raja Bazaar main aik bohat pur-sukoon general store hai.,general store,pur-sukoon,ur,Rawalpindi,shop,convenience
Saddar main jo general store hai wo bohat pur-sukoon hai.,general store,pur-sukoon,ur,Peshawar,shop,convenience
We visited the most famous clinic in Karachi yesterday.,clinic,famous,en,Karachi,amenity,hospital
Can you recommend a biggest convenience store around G-9?,convenience store,biggest,en,Islamabad,shop,convenience
Gulshan wala thana kaafi rush wala hai.,thana,rush wala,ur,Karachi,amenity,police
Agar behtareen fashion center dhoond rahay ho to Anarkali jao.,fashion center,behtareen,ur,Lahore,shop,clothes
"Avoid the grocery store in F-7, it is not luxury.",grocery store,luxury,en,Islamabad,shop,convenience
"Avoid the guest house in Raja Bazaar, it is not famous.",guest house,famous,en,Rawalpindi,tourism,hotel
Can you recommend a famous medical center around Raja Bazaar?,medical center,famous,en,Rawalpindi,amenity,hospital
Does Peshawar have any historic coffee shop for tourists?,coffee shop,historic,en,Peshawar,amenity,cafe
Gulberg main jo chowki hai wo bohat mehnga hai.,chowki,mehnga,ur,Lahore,amenity,police
Kya Peshawar main koi mashoor jamia masjid khula hai?,jamia masjid,mashoor,ur,Peshawar,amenity,mosque
I am looking for a historic clothing store near Mall Road.,clothing store,historic,en,Lahore,shop,clothes
Is there any oldest cafe open in Lahore right now?,cafe,oldest,en,Lahore,amenity,cafe
Suna hai ke Islamabad main sab se pur-sukoon tailor shop wahan hai.,tailor shop,pur-sukoon,ur,Islamabad,shop,tailor
Suna hai ke Peshawar main sab se mehnga silai markaz wahan hai.,silai markaz,mehnga,ur,Peshawar,shop,tailor
F-7 wala shifa khana kaafi mehnga hai.,shifa khana,mehnga,ur,Islamabad,amenity,hospital
Kya Karachi main koi mehnga imambargah khula hai?,imambargah,mehnga,ur,Karachi,amenity,mosque
Suna hai ke Peshawar main sab se mashoor chai wala wahan hai.,chai wala,mashoor,ur,Peshawar,amenity,cafe
Islamabad ke F-11 Markaz main aik bohat purana restaurant hai.,restaurant,purana,ur,Islamabad,amenity,restaurant
Defence main jo masjid hai wo bohat qareebi hai.,masjid,qareebi,ur,Karachi,amenity,mosque
The University Road in Peshawar has an famous resort.,resort,famous,en,Peshawar,tourism,hotel
Hum ne Gulberg main aik bada park dekha.,park,bada,ur,Lahore,leisure,park
Is there any crowded Islamic center open in Rawalpindi right now?,Islamic center,crowded,en,Rawalpindi,amenity,mosque
G-9 main jo hotel hai wo bohat lajawab hai.,hotel,lajawab,ur,Islamabad,tourism,hotel
The Bahria Town in Rawalpindi has an nearby mini mart.,mini mart,nearby,en,Rawalpindi,shop,convenience
Agar purana hotel dhoond rahay ho to Raja Bazaar jao.,hotel,purana,ur,Rawalpindi,amenity,restaurant
Hum ne G-9 main aik mashoor cafe dekha.,cafe,mashoor,ur,Islamabad,amenity,cafe
The Saddar in Rawalpindi has an best grocery store.,grocery store,best,en,Rawalpindi,shop,convenience
The Commercial Market in Rawalpindi has an luxury clothing store.,clothing store,luxury,en,Rawalpindi,shop,clothes
The Tariq Road in Karachi has an nearby fashion outlet.,fashion outlet,nearby,en,Karachi,shop,clothes
Kya Peshawar main koi mashoor sauda salf ki dukaan khula hai?,sauda salf ki dukaan,mashoor,ur,Peshawar,shop,convenience
There is a famous jogging track in Raja Bazaar which is very biggest.,jogging track,biggest,en,Rawalpindi,leisure,park
Hum ne G-9 main aik saaf suthra sair gah dekha.,sair gah,saaf suthra,ur,Islamabad,leisure,park
There is a famous coffee shop in Raja Bazaar which is very historic.,coffee shop,historic,en,Rawalpindi,amenity,cafe
Hum ne Raja Bazaar main aik behtareen hotel dekha.,hotel,behtareen,ur,Rawalpindi,tourism,hotel
Kya Peshawar main koi lajawab darzi khula hai?,darzi,lajawab,ur,Peshawar,shop,tailor
Kya Islamabad main koi sasta imambargah khula hai?,imambargah,sasta,ur,Islamabad,amenity,mosque
I am looking for a clean playground near Gulshan.,playground,clean,en,Karachi,leisure,park
Agar lajawab haspatal dhoond rahay ho to Saddar jao.,haspatal,lajawab,ur,Rawalpindi,amenity,hospital
Is there any cheap stitching center open in Karachi right now?,stitching center,cheap,en,Karachi,shop,tailor
There is a famous medical center in DHA which is very best.,medical center,best,en,Lahore,amenity,hospital
Can you recommend a historic mosque around Saddar?,mosque,historic,en,Peshawar,amenity,mosque
Does Peshawar have any clean precinct for tourists?,precinct,clean,en,Peshawar,amenity,police
Islamabad ke F-11 Markaz main aik bohat purana imambargah hai.,imambargah,purana,ur,Islamabad,amenity,mosque
The Hayatabad in Peshawar has an luxury bistro.,bistro,luxury,en,Peshawar,amenity,restaurant
"Avoid the tuck shop in Saddar, it is not famous.",tuck shop,famous,en,Peshawar,shop,convenience
Bahria Town main jo imambargah hai wo bohat pur-sukoon hai.,imambargah,pur-sukoon,ur,Rawalpindi,amenity,mosque
Is there any clean mosque open in Karachi right now?,mosque,clean,en,Karachi,amenity,mosque
Is there any biggest lodge open in Karachi right now?,lodge,biggest,en,Karachi,tourism,hotel
Hum ne Hayatabad main aik behtareen hotel dekha.,hotel,behtareen,ur,Peshawar,amenity,restaurant
Agar sasta general store dhoond rahay ho to DHA jao.,general store,sasta,ur,Lahore,shop,convenience
Gulberg wala jamia masjid kaafi mehnga hai.,jamia masjid,mehnga,ur,Lahore,amenity,mosque
"Avoid the garden in Karkhano, it is not popular.",garden,popular,en,Peshawar,leisure,park
Can you recommend a historic tea house around Hayatabad?,tea house,historic,en,Peshawar,amenity,cafe
Can you recommend a affordable hospital around Clifton?,hospital,affordable,en,Karachi,amenity,hospital
Lahore ke Mall Road main aik bohat lajawab darzi hai.,darzi,lajawab,ur,Lahore,shop,tailor
Is there any nearby precinct open in Rawalpindi right now?,precinct,nearby,en,Rawalpindi,amenity,police
"Avoid the convenience store in Tariq Road, it is not luxury.",convenience store,luxury,en,Karachi,shop,convenience
The Anarkali in Lahore has an cheap precinct.,precinct,cheap,en,Lahore,amenity,police
Defence main jo eid gah hai wo bohat sasta hai.,eid gah,sasta,ur,Karachi,amenity,mosque
We visited the most nearby garment shop in Rawalpindi yesterday.,garment shop,nearby,en,Rawalpindi,shop,clothes
Does Peshawar have any popular precinct for tourists?,precinct,popular,en,Peshawar,amenity,police
"Avoid the tea house in Saddar, it is not luxury.",tea house,luxury,en,Rawalpindi,amenity,cafe
Agar rush wala sair gah dhoond rahay ho to DHA jao.,sair gah,rush wala,ur,Lahore,leisure,park
F-11 Markaz wala guest house kaafi qareebi hai.,guest house,qareebi,ur,Islamabad,tourism,hotel
I am looking for a nearby grand mosque near Tariq Road.,grand mosque,nearby,en,Karachi,amenity,mosque
There is a famous stitching center in Karkhano which is very biggest.,stitching center,biggest,en,Peshawar,shop,tailor
Agar behtareen shifa khana dhoond rahay ho to Defence jao.,shifa khana,behtareen,ur,Karachi,amenity,hospital
"Avoid the mosque in Defence, it is not cheap.",mosque,cheap,en,Karachi,amenity,mosque
Hum ne F-11 Markaz main aik purana cafe dekha.,cafe,purana,ur,Islamabad,amenity,cafe
Agar qareebi police station dhoond rahay ho to F-7 jao.,police station,qareebi,ur,Islamabad,amenity,police
"Avoid the coffee shop in Hayatabad, it is not best.",coffee shop,best,en,Peshawar,amenity,cafe
Suna hai ke Karachi main sab se lajawab general store wahan hai.,general store,lajawab,ur,Karachi,shop,convenience
Does Islamabad have any oldest garment shop for tourists?,garment shop,oldest,en,Islamabad,shop,clothes
I am looking for a crowded garment shop near Gulberg.,garment shop,crowded,en,Lahore,shop,clothes
We visited the most cheap tuck shop in Lahore yesterday.,tuck shop,cheap,en,Lahore,shop,convenience
Can you recommend a nearby clinic around Hayatabad?,clinic,nearby,en,Peshawar,amenity,hospital
Kya Lahore main koi lajawab darzi khula hai?,darzi,lajawab,ur,Lahore,shop,tailor
Rawalpindi ke Commercial Market main aik bohat khubsurat cloth market hai.,cloth market,khubsurat,ur,Rawalpindi,shop,clothes
I am looking for a affordable grocery store near Saddar.,grocery store,affordable,en,Karachi,shop,convenience
Clifton main jo thana hai wo bohat pur-sukoon hai.,thana,pur-sukoon,ur,Karachi,amenity,police
Hum ne Anarkali main aik khubsurat police station dekha.,police station,khubsurat,ur,Lahore,amenity,police
Hum ne Anarkali main aik pur-sukoon ground dekha.,ground,pur-sukoon,ur,Lahore,leisure,park
Agar khubsurat haspatal dhoond rahay ho to F-7 jao.,haspatal,khubsurat,ur,Islamabad,amenity,hospital
Hum ne Hayatabad main aik sasta khanay ka center dekha.,khanay ka center,sasta,ur,Peshawar,amenity,restaurant
I am looking for a popular tea house near Saddar.,tea house,popular,en,Karachi,amenity,cafe
Can you recommend a cheap boutique around F-7?,boutique,cheap,en,Islamabad,shop,clothes
Kya Lahore main koi rush wala thana khula hai?,thana,rush wala,ur,Lahore,amenity,police
"Avoid the Islamic center in DHA, it is not popular.",Islamic center,popular,en,Lahore,amenity,mosque
Karkhano wala haspatal kaafi pur-sukoon hai.,haspatal,pur-sukoon,ur,Peshawar,amenity,hospital
Hum ne Commercial Market main aik saaf suthra hotel dekha.,hotel,saaf suthra,ur,Rawalpindi,tourism,hotel
Kya Islamabad main koi pur-sukoon cafe khula hai?,cafe,pur-sukoon,ur,Islamabad,amenity,cafe
Rawalpindi ke Raja Bazaar main aik bohat mashoor chowki hai.,chowki,mashoor,ur,Rawalpindi,amenity,police
Raja Bazaar main jo sair gah hai wo bohat saaf suthra hai.,sair gah,saaf suthra,ur,Rawalpindi,leisure,park
Mall Road wala hotel kaafi sasta hai.,hotel,sasta,ur,Lahore,amenity,restaurant
Liberty Market wala boutique kaafi saaf suthra hai.,boutique,saaf suthra,ur,Lahore,shop,clothes
We visited the most biggest resort in Peshawar yesterday.,resort,biggest,en,Peshawar,tourism,hotel
Does Karachi have any best emergency room for tourists?,emergency room,best,en,Karachi,amenity,hospital
Mujhay Saddar ke qareeb koi mashoor hotel chahiye.,hotel,mashoor,ur,Peshawar,amenity,restaurant
Hum ne Centaurus main aik rush wala silai markaz dekha.,silai markaz,rush wala,ur,Islamabad,shop,tailor
I am looking for a popular tea house near Bahria Town.,tea house,popular,en,Rawalpindi,amenity,cafe
Liberty Market main jo musafir khana hai wo bohat pur-sukoon hai.,musafir khana,pur-sukoon,ur,Lahore,tourism,hotel
"Avoid the lodge in Commercial Market, it is not affordable.",lodge,affordable,en,Rawalpindi,tourism,hotel
"Avoid the garden in Saddar, it is not crowded.",garden,crowded,en,Rawalpindi,leisure,park
The Saddar in Peshawar has an nearby grand mosque.,grand mosque,nearby,en,Peshawar,amenity,mosque
Kya Peshawar main koi sasta chowki khula hai?,chowki,sasta,ur,Peshawar,amenity,police
Does Lahore have any oldest tuck shop for tourists?,tuck shop,oldest,en,Lahore,shop,convenience
Kya Islamabad main koi sasta shifa khana khula hai?,shifa khana,sasta,ur,Islamabad,amenity,hospital
Hum ne University Road main aik khubsurat bagh dekha.,bagh,khubsurat,ur,Peshawar,leisure,park
Liberty Market main jo chowki hai wo bohat sasta hai.,chowki,sasta,ur,Lahore,amenity,police
The G-9 in Islamabad has an popular convenience store.,convenience store,popular,en,Islamabad,shop,convenience
Does Islamabad have any best emergency room for tourists?,emergency room,best,en,Islamabad,amenity,hospital
Liberty Market wala ground kaafi purana hai.,ground,purana,ur,Lahore,leisure,park
Mujhay F-11 Markaz ke qareeb koi qareebi fashion center chahiye.,fashion center,qareebi,ur,Islamabad,shop,clothes
Hum ne G-9 main aik pur-sukoon fashion center dekha.,fashion center,pur-sukoon,ur,Islamabad,shop,clothes
Does Peshawar have any luxury guest house for tourists?,guest house,luxury,en,Peshawar,tourism,hotel
There is a famous tea house in Commercial Market which is very clean.,tea house,clean,en,Rawalpindi,amenity,cafe
I am looking for a luxury mosque near Saddar.,mosque,luxury,en,Karachi,amenity,mosque
I am looking for a clean precinct near University Road.,precinct,clean,en,Peshawar,amenity,police
Suna hai ke Lahore main sab se lajawab fashion center wahan hai.,fashion center,lajawab,ur,Lahore,shop,clothes
Agar saaf suthra jamia masjid dhoond rahay ho to Saddar jao.,jamia masjid,saaf suthra,ur,Peshawar,amenity,mosque
Mujhay Saddar ke qareeb koi bada police station chahiye.,police station,bada,ur,Karachi,amenity,police
The Saddar in Peshawar has an oldest bistro.,bistro,oldest,en,Peshawar,amenity,restaurant
Agar mehnga sair gah dhoond rahay ho to Centaurus jao.,sair gah,mehnga,ur,Islamabad,leisure,park
Rawalpindi ke Bahria Town main aik bohat behtareen boutique hai.,boutique,behtareen,ur,Rawalpindi,shop,clothes
"Avoid the stitching center in University Road, it is not best.",stitching center,best,en,Peshawar,shop,tailor
Centaurus main jo eid gah hai wo bohat lajawab hai.,eid gah,lajawab,ur,Islamabad,amenity,mosque
Hum ne Blue Area main aik bada bagh dekha.,bagh,bada,ur,Islamabad,leisure,park
Hum ne Blue Area main aik lajawab silai markaz dekha.,silai markaz,lajawab,ur,Islamabad,shop,tailor
Agar purana kiryana store dhoond rahay ho to Gulberg jao.,kiryana store,purana,ur,Lahore,shop,convenience
Does Rawalpindi have any popular clinic for tourists?,clinic,popular,en,Rawalpindi,amenity,hospital
Is there any nearby mini mart open in Rawalpindi right now?,mini mart,nearby,en,Rawalpindi,shop,convenience
"Avoid the resort in Bahria Town, it is not historic.",resort,historic,en,Rawalpindi,tourism,hotel
Agar rush wala cloth market dhoond rahay ho to Clifton jao.,cloth market,rush wala,ur,Karachi,shop,clothes
Agar pur-sukoon masjid dhoond rahay ho to Clifton jao.,masjid,pur-sukoon,ur,Karachi,amenity,mosque
There is a famous clinic in Tariq Road which is very nearby.,clinic,nearby,en,Karachi,amenity,hospital
Lahore ke DHA main aik bohat purana boutique hai.,boutique,purana,ur,Lahore,shop,clothes
Can you recommend a clean playground around Saddar?,playground,clean,en,Peshawar,leisure,park
Agar mashoor chai wala dhoond rahay ho to Saddar jao.,chai wala,mashoor,ur,Peshawar,amenity,cafe
"Avoid the garment shop in Saddar, it is not oldest.",garment shop,oldest,en,Peshawar,shop,clothes
Kya Karachi main koi sasta silai markaz khula hai?,silai markaz,sasta,ur,Karachi,shop,tailor
Gulberg wala clinic kaafi mashoor hai.,clinic,mashoor,ur,Lahore,amenity,hospital
The Blue Area in Islamabad has an crowded tailor shop.,tailor shop,crowded,en,Islamabad,shop,tailor
I am looking for a biggest lodge near DHA.,lodge,biggest,en,Lahore,tourism,hotel
I am looking for a nearby emergency room near G-9.,emergency room,nearby,en,Islamabad,amenity,hospital
Agar rush wala haspatal dhoond rahay ho to Saddar jao.,haspatal,rush wala,ur,Rawalpindi,amenity,hospital
I am looking for a luxury hotel near F-11 Markaz.,hotel,luxury,en,Islamabad,tourism,hotel
Is there any famous stitching center open in Peshawar right now?,stitching center,famous,en,Peshawar,shop,tailor
I am looking for a popular emergency room near Gulberg.,emergency room,popular,en,Lahore,amenity,hospital
"Avoid the park in Saddar, it is not affordable.",park,affordable,en,Rawalpindi,leisure,park
Suna hai ke Karachi main sab se behtareen tailor shop wahan hai.,tailor shop,behtareen,ur,Karachi,shop,tailor
Does Karachi have any popular eatery for tourists?,eatery,popular,en,Karachi,amenity,restaurant
Is there any cheap precinct open in Islamabad right now?,precinct,cheap,en,Islamabad,amenity,police
There is a famous resort in Bahria Town which is very crowded.,resort,crowded,en,Rawalpindi,tourism,hotel
Kya Rawalpindi main koi behtareen haspatal khula hai?,haspatal,behtareen,ur,Rawalpindi,amenity,hospital
Can you recommend a clean hotel around Saddar?,hotel,clean,en,Rawalpindi,tourism,hotel
G-9 wala quetta tea hotel kaafi mashoor hai.,quetta tea hotel,mashoor,ur,Islamabad,amenity,cafe
F-7 main jo park hai wo bohat khubsurat hai.,park,khubsurat,ur,Islamabad,leisure,park
We visited the most luxury convenience store in Peshawar yesterday.,convenience store,luxury,en,Peshawar,shop,convenience
Hum ne F-11 Markaz main aik qareebi chaye khana dekha.,chaye khana,qareebi,ur,Islamabad,amenity,cafe
G-9 main jo thana hai wo bohat qareebi hai.,thana,qareebi,ur,Islamabad,amenity,police
Agar qareebi haspatal dhoond rahay ho to F-7 jao.,haspatal,qareebi,ur,Islamabad,amenity,hospital
Mujhay Raja Bazaar ke qareeb koi purana clinic chahiye.,clinic,purana,ur,Rawalpindi,amenity,hospital
"Avoid the hospital in University Road, it is not clean.",hospital,clean,en,Peshawar,amenity,hospital
Mujhay Bahria Town ke qareeb koi mashoor sauda salf ki dukaan chahiye.,sauda salf ki dukaan,mashoor,ur,Rawalpindi,shop,convenience
Can you recommend a biggest garment shop around Centaurus?,garment shop,biggest,en,Islamabad,shop,clothes
DHA wala cafe kaafi sasta hai.,cafe,sasta,ur,Lahore,amenity,cafe
There is a famous tuck shop in University Road which is very nearby.,tuck shop,nearby,en,Peshawar,shop,convenience
Is there any clean guest house open in Karachi right now?,guest house,clean,en,Karachi,tourism,hotel
Mujhay Karkhano ke qareeb koi purana silai markaz chahiye.,silai markaz,purana,ur,Peshawar,shop,tailor
Is there any best Islamic center open in Rawalpindi right now?,Islamic center,best,en,Rawalpindi,amenity,mosque
Commercial Market main jo quetta tea hotel hai wo bohat mehnga hai.,quetta tea hotel,mehnga,ur,Rawalpindi,amenity,cafe
F-7 wala hotel kaafi lajawab hai.,hotel,lajawab,ur,Islamabad,tourism,hotel
The Defence in Karachi has an nearby convenience store.,convenience store,nearby,en,Karachi,shop,convenience
Defence main jo chaye khana hai wo bohat khubsurat hai.,chaye khana,khubsurat,ur,Karachi,amenity,cafe
We visited the most popular dining place in Karachi yesterday.,dining place,popular,en,Karachi,amenity,restaurant
Suna hai ke Rawalpindi main sab se mashoor quetta tea hotel wahan hai.,quetta tea hotel,mashoor,ur,Rawalpindi,amenity,cafe
Is there any cheap precinct open in Peshawar right now?,precinct,cheap,en,Peshawar,amenity,police
Mujhay Commercial Market ke qareeb koi khubsurat ground chahiye.,ground,khubsurat,ur,Rawalpindi,leisure,park
Agar rush wala thana dhoond rahay ho to Defence jao.,thana,rush wala,ur,Karachi,amenity,police
I am looking for a famous precinct near Tariq Road.,precinct,famous,en,Karachi,amenity,police
Does Karachi have any oldest police station for tourists?,police station,oldest,en,Karachi,amenity,police
Islamabad ke Blue Area main aik bohat qareebi fashion center hai.,fashion center,qareebi,ur,Islamabad,shop,clothes
We visited the most biggest eatery in Islamabad yesterday.,eatery,biggest,en,Islamabad,amenity,restaurant
Does Lahore have any affordable clothing store for tourists?,clothing store,affordable,en,Lahore,shop,clothes
Does Rawalpindi have any cheap eatery for tourists?,eatery,cheap,en,Rawalpindi,amenity,restaurant
The Commercial Market in Rawalpindi has an popular grocery store.,grocery store,popular,en,Rawalpindi,shop,convenience
There is a famous emergency room in Saddar which is very nearby.,emergency room,nearby,en,Peshawar,amenity,hospital
There is a famous tea house in Clifton which is very biggest.,tea house,biggest,en,Karachi,amenity,cafe
We visited the most crowded boutique in Rawalpindi yesterday.,boutique,crowded,en,Rawalpindi,shop,clothes
Hum ne Anarkali main aik purana cafe dekha.,cafe,purana,ur,Lahore,amenity,cafe
Islamabad ke Blue Area main aik bohat khubsurat darzi hai.,darzi,khubsurat,ur,Islamabad,shop,tailor
The Commercial Market in Rawalpindi has an popular clothing store.,clothing store,popular,en,Rawalpindi,shop,clothes
Peshawar ke Saddar main aik bohat purana park hai.,park,purana,ur,Peshawar,leisure,park
The Tariq Road in Karachi has an cheap resort.,resort,cheap,en,Karachi,tourism,hotel
Can you recommend a affordable coffee shop around Centaurus?,coffee shop,affordable,en,Islamabad,amenity,cafe
Agar purana shifa khana dhoond rahay ho to Raja Bazaar jao.,shifa khana,purana,ur,Rawalpindi,amenity,hospital
We visited the most luxury clinic in Peshawar yesterday.,clinic,luxury,en,Peshawar,amenity,hospital
Can you recommend a cheap tea house around Mall Road?,tea house,cheap,en,Lahore,amenity,cafe
Mujhay Liberty Market ke qareeb koi purana darzi chahiye.,darzi,purana,ur,Lahore,shop,tailor
Karkhano main jo guest house hai wo bohat lajawab hai.,guest house,lajawab,ur,Peshawar,tourism,hotel
Mujhay Raja Bazaar ke qareeb koi saaf suthra thana chahiye.,thana,saaf suthra,ur,Rawalpindi,amenity,police
Hum ne Defence main aik purana resort dekha.,resort,purana,ur,Karachi,tourism,hotel
We visited the most clean Islamic center in Islamabad yesterday.,Islamic center,clean,en,Islamabad,amenity,mosque
We visited the most famous cafe in Rawalpindi yesterday.,cafe,famous,en,Rawalpindi,amenity,cafe
Hum ne Mall Road main aik qareebi cafe dekha.,cafe,qareebi,ur,Lahore,amenity,cafe
Can you recommend a best playground around Saddar?,playground,best,en,Rawalpindi,leisure,park
Kya Karachi main koi khubsurat thana khula hai?,thana,khubsurat,ur,Karachi,amenity,police
Does Peshawar have any luxury jogging track for tourists?,jogging track,luxury,en,Peshawar,leisure,park
F-7 wala clinic kaafi mashoor hai.,clinic,mashoor,ur,Islamabad,amenity,hospital
We visited the most biggest precinct in Karachi yesterday.,precinct,biggest,en,Karachi,amenity,police
Suna hai ke Lahore main sab se purana khanay ka center wahan hai.,khanay ka center,purana,ur,Lahore,amenity,restaurant
Kya Lahore main koi rush wala shifa khana khula hai?,shifa khana,rush wala,ur,Lahore,amenity,hospital
We visited the most crowded cafe in Peshawar yesterday.,cafe,crowded,en,Peshawar,amenity,cafe
Is there any popular coffee shop open in Islamabad right now?,coffee shop,popular,en,Islamabad,amenity,cafe
"Avoid the convenience store in DHA, it is not famous.",convenience store,famous,en,Lahore,shop,convenience
The Karkhano in Peshawar has an historic mosque.,mosque,historic,en,Peshawar,amenity,mosque
Suna hai ke Islamabad main sab se qareebi thana wahan hai.,thana,qareebi,ur,Islamabad,amenity,police
We visited the most famous guest house in Karachi yesterday.,guest house,famous,en,Karachi,tourism,hotel
Does Karachi have any clean jogging track for tourists?,jogging track,clean,en,Karachi,leisure,park
We visited the most popular hospital in Peshawar yesterday.,hospital,popular,en,Peshawar,amenity,hospital
Does Karachi have any crowded tailor shop for tourists?,tailor shop,crowded,en,Karachi,shop,tailor
Mujhay Bahria Town ke qareeb koi purana sauda salf ki dukaan chahiye.,sauda salf ki dukaan,purana,ur,Rawalpindi,shop,convenience
Agar mehnga musafir khana dhoond rahay ho to Gulshan jao.,musafir khana,mehnga,ur,Karachi,tourism,hotel
The Centaurus in Islamabad has an crowded coffee shop.,coffee shop,crowded,en,Islamabad,amenity,cafe
Agar saaf suthra resort dhoond rahay ho to G-9 jao.,resort,saaf suthra,ur,Islamabad,tourism,hotel
Mujhay F-11 Markaz ke qareeb koi qareebi tailor shop chahiye.,tailor shop,qareebi,ur,Islamabad,shop,tailor
I am looking for a luxury fashion outlet near Karkhano.,fashion outlet,luxury,en,Peshawar,shop,clothes
There is a famous bistro in Centaurus which is very oldest.,bistro,oldest,en,Islamabad,amenity,restaurant
Can you recommend a biggest grand mosque around Saddar?,grand mosque,biggest,en,Karachi,amenity,mosque
I am looking for a best grocery store near Clifton.,grocery store,best,en,Karachi,shop,convenience
I am looking for a nearby playground near Clifton.,playground,nearby,en,Karachi,leisure,park
"Avoid the tailor shop in Saddar, it is not nearby.",tailor shop,nearby,en,Karachi,shop,tailor
There is a famous Islamic center in Karkhano which is very cheap.,Islamic center,cheap,en,Peshawar,amenity,mosque
Can you recommend a affordable eatery around F-7?,eatery,affordable,en,Islamabad,amenity,restaurant
I am looking for a affordable police station near Anarkali.,police station,affordable,en,Lahore,amenity,police
Raja Bazaar main jo darzi hai wo bohat pur-sukoon hai.,darzi,pur-sukoon,ur,Rawalpindi,shop,tailor
"Avoid the mosque in Mall Road, it is not historic.",mosque,historic,en,Lahore,amenity,mosque
Can you recommend a crowded precinct around Bahria Town?,precinct,crowded,en,Rawalpindi,amenity,police
"Avoid the resort in F-11 Markaz, it is not affordable.",resort,affordable,en,Islamabad,tourism,hotel
Hum ne University Road main aik sasta thana dekha.,thana,sasta,ur,Peshawar,amenity,police
The Mall Road in Lahore has an biggest medical center.,medical center,biggest,en,Lahore,amenity,hospital
Bahria Town main jo silai markaz hai wo bohat purana hai.,silai markaz,purana,ur,Rawalpindi,shop,tailor
G-9 main jo sair gah hai wo bohat bada hai.,sair gah,bada,ur,Islamabad,leisure,park
Does Rawalpindi have any historic eatery for tourists?,eatery,historic,en,Rawalpindi,amenity,restaurant
Saddar main jo silai markaz hai wo bohat rush wala hai.,silai markaz,rush wala,ur,Karachi,shop,tailor
G-9 main jo chaye khana hai wo bohat bada hai.,chaye khana,bada,ur,Islamabad,amenity,cafe
Mujhay Raja Bazaar ke qareeb koi behtareen chowki chahiye.,chowki,behtareen,ur,Rawalpindi,amenity,police
We visited the most clean mosque in Lahore yesterday.,mosque,clean,en,Lahore,amenity,mosque
The Blue Area in Islamabad has an popular tea house.,tea house,popular,en,Islamabad,amenity,cafe
The Saddar in Peshawar has an best stitching center.,stitching center,best,en,Peshawar,shop,tailor
We visited the most clean cafe in Rawalpindi yesterday.,cafe,clean,en,Rawalpindi,amenity,cafe
Bahria Town wala khanay ka center kaafi saaf suthra hai.,khanay ka center,saaf suthra,ur,Rawalpindi,amenity,restaurant
Agar mashoor ground dhoond rahay ho to Clifton jao.,ground,mashoor,ur,Karachi,leisure,park
Can you recommend a historic cafe around Saddar?,cafe,historic,en,Karachi,amenity,cafe
Kya Karachi main koi mehnga quetta tea hotel khula hai?,quetta tea hotel,mehnga,ur,Karachi,amenity,cafe
Blue Area main jo kapron ki dukaan hai wo bohat rush wala hai.,kapron ki dukaan,rush wala,ur,Islamabad,shop,clothes
Agar mashoor quetta tea hotel dhoond rahay ho to Centaurus jao.,quetta tea hotel,mashoor,ur,Islamabad,amenity,cafe
I am looking for a clean precinct near Saddar.,precinct,clean,en,Peshawar,amenity,police
I am looking for a famous resort near Commercial Market.,resort,famous,en,Rawalpindi,tourism,hotel
"Avoid the grand mosque in Karkhano, it is not cheap.",grand mosque,cheap,en,Peshawar,amenity,mosque
Can you recommend a cheap cafe around Commercial Market?,cafe,cheap,en,Rawalpindi,amenity,cafe
Can you recommend a luxury grand mosque around Hayatabad?,grand mosque,luxury,en,Peshawar,amenity,mosque
Lahore ke Gulberg main aik bohat qareebi tikka shop hai.,tikka shop,qareebi,ur,Lahore,amenity,restaurant
F-7 wala musafir khana kaafi khubsurat hai.,musafir khana,khubsurat,ur,Islamabad,tourism,hotel
Does Karachi have any oldest Islamic center for tourists?,Islamic center,oldest,en,Karachi,amenity,mosque
The Bahria Town in Rawalpindi has an crowded guest house.,guest house,crowded,en,Rawalpindi,tourism,hotel
Hum ne Centaurus main aik saaf suthra thana dekha.,thana,saaf suthra,ur,Islamabad,amenity,police
Mujhay Saddar ke qareeb koi purana general store chahiye.,general store,purana,ur,Rawalpindi,shop,convenience
Is there any luxury tailor shop open in Peshawar right now?,tailor shop,luxury,en,Peshawar,shop,tailor
The University Road in Peshawar has an best police station.,police station,best,en,Peshawar,amenity,police
Is there any oldest police station open in Lahore right now?,police station,oldest,en,Lahore,amenity,police
Commercial Market wala musafir khana kaafi behtareen hai.,musafir khana,behtareen,ur,Rawalpindi,tourism,hotel
"Avoid the hospital in Saddar, it is not crowded.",hospital,crowded,en,Peshawar,amenity,hospital
We visited the most oldest coffee shop in Karachi yesterday.,coffee shop,oldest,en,Karachi,amenity,cafe
Agar pur-sukoon thana dhoond rahay ho to G-9 jao.,thana,pur-sukoon,ur,Islamabad,amenity,police
Does Rawalpindi have any best playground for tourists?,playground,best,en,Rawalpindi,leisure,park
The Saddar in Karachi has an affordable fashion outlet.,fashion outlet,affordable,en,Karachi,shop,clothes
Saddar wala chai wala kaafi pur-sukoon hai.,chai wala,pur-sukoon,ur,Peshawar,amenity,cafe
We visited the most crowded Islamic center in Karachi yesterday.,Islamic center,crowded,en,Karachi,amenity,mosque
Is there any historic tea house open in Lahore right now?,tea house,historic,en,Lahore,amenity,cafe
Mujhay Gulberg ke qareeb koi lajawab clinic chahiye.,clinic,lajawab,ur,Lahore,amenity,hospital
Karkhano main jo police station hai wo bohat rush wala hai.,police station,rush wala,ur,Peshawar,amenity,police
Is there any crowded fashion outlet open in Lahore right now?,fashion outlet,crowded,en,Lahore,shop,clothes
Does Islamabad have any popular mosque for tourists?,mosque,popular,en,Islamabad,amenity,mosque
The F-11 Markaz in Islamabad has an biggest cafe.,cafe,biggest,en,Islamabad,amenity,cafe
Agar sasta guest house dhoond rahay ho to Defence jao.,guest house,sasta,ur,Karachi,tourism,hotel
We visited the most historic garment shop in Karachi yesterday.,garment shop,historic,en,Karachi,shop,clothes
"Avoid the tailor shop in G-9, it is not best.",tailor shop,best,en,Islamabad,shop,tailor
Is there any historic boutique open in Karachi right now?,boutique,historic,en,Karachi,shop,clothes
Agar purana dawa khana dhoond rahay ho to G-9 jao.,dawa khana,purana,ur,Islamabad,amenity,hospital
Does Lahore have any cheap clothing store for tourists?,clothing store,cheap,en,Lahore,shop,clothes
There is a famous tailor shop in Clifton which is very famous.,tailor shop,famous,en,Karachi,shop,tailor
We visited the most biggest tuck shop in Rawalpindi yesterday.,tuck shop,biggest,en,Rawalpindi,shop,convenience
Anarkali wala jamia masjid kaafi lajawab hai.,jamia masjid,lajawab,ur,Lahore,amenity,mosque
"Avoid the coffee shop in Bahria Town, it is not historic.",coffee shop,historic,en,Rawalpindi,amenity,cafe
Suna hai ke Peshawar main sab se saaf suthra general store wahan hai.,general store,saaf suthra,ur,Peshawar,shop,convenience
Can you recommend a popular precinct around Gulberg?,precinct,popular,en,Lahore,amenity,police
Is there any cheap restaurant open in Islamabad right now?,restaurant,cheap,en,Islamabad,amenity,restaurant
University Road wala thana kaafi pur-sukoon hai.,thana,pur-sukoon,ur,Peshawar,amenity,police
The Mall Road in Lahore has an cheap garden.,garden,cheap,en,Lahore,leisure,park
The Mall Road in Lahore has an cheap stitching center.,stitching center,cheap,en,Lahore,shop,tailor
Mujhay G-9 ke qareeb koi qareebi dukaan chahiye.,dukaan,qareebi,ur,Islamabad,shop,convenience
Rawalpindi ke Saddar main aik bohat sasta dukaan hai.,dukaan,sasta,ur,Rawalpindi,shop,convenience
The Karkhano in Peshawar has an oldest police station.,police station,oldest,en,Peshawar,amenity,police
We visited the most luxury cafe in Karachi yesterday.,cafe,luxury,en,Karachi,amenity,cafe
"Avoid the stitching center in Gulshan, it is not crowded.",stitching center,crowded,en,Karachi,shop,tailor
Kya Rawalpindi main koi pur-sukoon boutique khula hai?,boutique,pur-sukoon,ur,Rawalpindi,shop,clothes
Saddar main jo resort hai wo bohat sasta hai.,resort,sasta,ur,Peshawar,tourism,hotel
Mujhay Tariq Road ke qareeb koi lajawab chowki chahiye.,chowki,lajawab,ur,Karachi,amenity,police
Agar behtareen cloth market dhoond rahay ho to G-9 jao.,cloth market,behtareen,ur,Islamabad,shop,clothes
We visited the most biggest tuck shop in Karachi yesterday.,tuck shop,biggest,en,Karachi,shop,convenience
I am looking for a popular dining place near Saddar.,dining place,popular,en,Peshawar,amenity,restaurant
Suna hai ke Lahore main sab se pur-sukoon fashion center wahan hai.,fashion center,pur-sukoon,ur,Lahore,shop,clothes
Mujhay G-9 ke qareeb koi khubsurat dhaba chahiye.,dhaba,khubsurat,ur,Islamabad,amenity,restaurant
