{
  "type": "FeatureCollection",
  "features": [
    {
      "type": "Feature",
      "geometry": {
        "type": "Point",
        "coordinates": [
          73.0576782,
          33.7259475
        ]
      },
      "properties": {
        "osm_id": 254975704,
        "osm_type": "node",
        "group": "amenity",
        "primary_key": "amenity",
        "primary_value": "cafe",
        "name": "The Hot Spot",
        "addr_full": "Street 3, اسلام آباد",
        "all_tags_json": "{\"addr:city\": \"اسلام آباد\", \"addr:city:ar\": \"إسلام آباد\", \"addr:city:en\": \"Islamabad\", \"addr:city:ks\": \"اِسلام آبادٖ\", \"addr:city:pnb\": \"اسلام آباد\", \"addr:city:ps\": \"اسلام آباد\", \"addr:city:sd\": \"اسلام آباد\", \"addr:city:ur\": \"اسلام آباد\", \"addr:street\": \"Street 3\", \"amenity\": \"cafe\", \"name\": \"The Hot Spot\"}"
      }
    },
    {
      "type": "Feature",
      "geometry": {
        "type": "Point",
        "coordinates": [
          73.0578027,
          33.7259527
        ]
      },
      "properties": {
        "osm_id": 254975815,
        "osm_type": "node",
        "group": "amenity",
        "primary_key": "amenity",
        "primary_value": "cafe",
        "name": "The Gelato Affair",
        "addr_full": null,
        "all_tags_json": "{\"amenity\": \"cafe\", \"is_in\": \"Gol Market, F-7/3, Islamabad\", \"name\": \"The Gelato Affair\"}"
      }
    },
    {
      "type": "Feature",
      "geometry": {
        "type": "Point",
        "coordinates": [
          73.05794,
          33.7260597
        ]
      },
      "properties": {
        "osm_id": 254975882,
        "osm_type": "node",
        "group": "amenity",
        "primary_key": "amenity",
        "primary_value": "cafe",
        "name": "گلوریا جینز",
        "addr_full": "Street 6, اسلام آباد",
        "all_tags_json": "{\"addr:city\": \"اسلام آباد\", \"addr:city:ar\": \"إسلام آباد\", \"addr:city:ks\": \"اِسلام آبادٖ\", \"addr:city:pnb\": \"اسلام آباد\", \"addr:city:ps\": \"اسلام آباد\", \"addr:city:sd\": \"اسلام آباد\", \"addr:city:ur\": \"اسلام آباد\", \"addr:street\": \"Street 6\", \"amenity\": \"cafe\", \"brand\": \"گلوریا جینز\", \"brand:ar\": \"قلوريا جينز\", \"brand:ur\": \"گلوریا جینز\", \"brand:website\": \"https://gloriajeanscoffees.com.pk\", \"brand:wikidata\": \"Q2666365\", \"brand:wikipedia\": \"ar:قلوريا جينز كافيه\", \"brand:wikipedia:ar\": \"قلوريا جينز كافيه\", \"cuisine\": \"coffee_shop\", \"name\": \"گلوریا جینز\", \"name:ar\": \"قلوريا جينز\", \"name:en\": \"Gloria Jean's\", \"name:ur\": \"گلوریا جینز\", \"official_name\": \"گلوریا جینز کافیز\", \"official_name:ar\": \"قلوريا جينز كافيه\", \"official_name:ur\": \"گلوریا جینز کافیز\", \"shop\": \"coffee\"}"
      }
    },
    {
      "type": "Feature",
      "geometry": {
        "type": "Point",
        "coordinates": [
          73.0813998,
          33.7364262
        ]
      },
      "properties": {
        "osm_id": 254979635,
        "osm_type": "node",
        "group": "amenity",
        "primary_key": "amenity",
        "primary_value": "cafe",
        "name": "The Hot Spot Cafe",
        "addr_full": null,
        "all_tags_json": "{\"amenity\": \"cafe\", \"is_in\": \"F-6/3, Islamabad\", \"name\": \"The Hot Spot Cafe\"}"
      }
    },
    {
      "type": "Feature",
      "geometry": {
        "type": "Point",
        "coordinates": [
          73.0780948,
          33.7354098
        ]
      },
      "properties": {
        "osm_id": 659727643,
        "osm_type": "node",
        "group": "amenity",
        "primary_key": "amenity",
        "primary_value": "cafe",
        "name": "Table Talk",
        "addr_full": null,
        "all_tags_json": "{\"amenity\": \"cafe\", \"is_in\": \"Kohsar Market, F-6/3, Islamabad\", \"name\": \"Table Talk\"}"
      }
    },
    {
      "type": "Feature",
      "geometry": {
        "type": "Point",
        "coordinates": [
          73.0579305,
          33.7262071
        ]
      },
      "properties": {
        "osm_id": 659730873,
        "osm_type": "node",
        "group": "amenity",
        "primary_key": "amenity",
        "primary_value": "cafe",
        "name": "Howdy",
        "addr_full": "Street 3, اسلام آباد",
        "all_tags_json": "{\"addr:city\": \"اسلام آباد\", \"addr:city:ar\": \"إسلام آباد\", \"addr:city:en\": \"Islamabad\", \"addr:city:ks\": \"اِسلام آبادٖ\", \"addr:city:pnb\": \"اسلام آباد\", \"addr:city:ps\": \"اسلام آباد\", \"addr:city:sd\": \"اسلام آباد\", \"addr:city:ur\": \"اسلام آباد\", \"addr:street\": \"Street 3\", \"amenity\": \"cafe\", \"name\": \"Howdy\"}"
      }
    },
    {
      "type": "Feature",
      "geometry": {
        "type": "Point",
        "coordinates": [
          73.0779705,
          33.7356049
        ]
      },
      "properties": {
        "osm_id": 821664342,
        "osm_type": "node",
        "group": "amenity",
        "primary_key": "amenity",
        "primary_value": "cafe",
        "name": "Mocca",
        "addr_full": null,
        "all_tags_json": "{\"amenity\": \"cafe\", \"is_in\": \"Kohsar Market, F-6/3, Islamabad\", \"name\": \"Mocca\"}"
      }
    },
    {
      "type": "Feature",
      "geometry": {
        "type": "Point",
        "coordinates": [
          73.0730755,
          33.688351
        ]
      },
      "properties": {
        "osm_id": 2247180648,
        "osm_type": "node",
        "group": "amenity",
        "primary_key": "amenity",
        "primary_value": "cafe",
        "name": "کیفے",
        "addr_full": null,
        "all_tags_json": "{\"amenity\": \"cafe\", \"name\": \"کیفے\", \"name:ar\": \"مقهى\", \"name:en\": \"Cafe\", \"name:ur\": \"کیفے\"}"
      }
    },
    {
      "type": "Feature",
      "geometry": {
        "type": "Point",
        "coordinates": [
          73.126665,
          33.7100317
        ]
      },
      "properties": {
        "osm_id": 2247223740,
        "osm_type": "node",
        "group": "amenity",
        "primary_key": "amenity",
        "primary_value": "cafe",
        "name": "Sailing club",
        "addr_full": null,
        "all_tags_json": "{\"amenity\": \"cafe\", \"name\": \"Sailing club\"}"
      }
    },
    {
      "type": "Feature",
      "geometry": {
        "type": "Point",
        "coordinates": [
          73.0868784,
          33.7444678
        ]
      },
      "properties": {
        "osm_id": 3791063930,
        "osm_type": "node",
        "group": "amenity",
        "primary_key": "amenity",
        "primary_value": "cafe",
        "name": "Beverage stall Trail 5",
        "addr_full": null,
        "all_tags_json": "{\"amenity\": \"cafe\", \"name\": \"Beverage stall Trail 5\"}"
      }
    },
    {
      "type": "Feature",
      "geometry": {
        "type": "Point",
        "coordinates": [
          73.011782,
          33.6907247
        ]
      },
      "properties": {
        "osm_id": 4158866293,
        "osm_type": "node",
        "group": "amenity",
        "primary_key": "amenity",
        "primary_value": "cafe",
        "name": "Executive Club Gym n Café",
        "addr_full": "street 40, sagheer market",
        "all_tags_json": "{\"addr:housenumber\": \"sagheer market\", \"addr:street\": \"street 40\", \"amenity\": \"cafe\", \"name\": \"Executive Club Gym n Café\", \"opening_hours\": \"Mo-Su 06:00-01:00\", \"phone\": \"051 8434033\"}"
      }
    },
    {
      "type": "Feature",
      "geometry": {
        "type": "Point",
        "coordinates": [
          73.0781868,
          33.7354388
        ]
      },
      "properties": {
        "osm_id": 4397131303,
        "osm_type": "node",
        "group": "amenity",
        "primary_key": "amenity",
        "primary_value": "cafe",
        "name": "Street 1 cafe",
        "addr_full": "Kohsar market, F6, Islamabad",
        "all_tags_json": "{\"addr:city\": \"F6, Islamabad\", \"addr:street\": \"Kohsar market\", \"amenity\": \"cafe\", \"name\": \"Street 1 cafe\", \"smoking\": \"separated\"}"
      }
    },
    {
      "type": "Feature",
      "geometry": {
        "type": "Point",
        "coordinates": [
          73.0782857,
          33.7354879
        ]
      },
      "properties": {
        "osm_id": 4397131505,
        "osm_type": "node",
        "group": "amenity",
        "primary_key": "amenity",
        "primary_value": "cafe",
        "name": "گلوریا جینز",
        "addr_full": "اسلام آباد",
        "all_tags_json": "{\"addr:city\": \"اسلام آباد\", \"addr:city:ar\": \"إسلام آباد\", \"addr:city:ks\": \"اِسلام آبادٖ\", \"addr:city:pnb\": \"اسلام آباد\", \"addr:city:ps\": \"اسلام آباد\", \"addr:city:sd\": \"اسلام آباد\", \"addr:city:ur\": \"اسلام آباد\", \"amenity\": \"cafe\", \"brand\": \"گلوریا جینز\", \"brand:ar\": \"قلوريا جينز\", \"brand:ur\": \"گلوریا جینز\", \"brand:website\": \"https://gloriajeanscoffees.com.pk\", \"brand:wikidata\": \"Q2666365\", \"brand:wikipedia\": \"ar:قلوريا جينز كافيه\", \"brand:wikipedia:ar\": \"قلوريا جينز كافيه\", \"cuisine\": \"coffee_shop\", \"name\": \"گلوریا جینز\", \"name:ar\": \"قلوريا جينز\", \"name:en\": \"Gloria Jean's\", \"name:ur\": \"گلوریا جینز\", \"official_name\": \"گلوریا جینز کافیز\", \"official_name:ar\": \"قلوريا جينز كافيه\", \"official_name:ur\": \"گلوریا جینز کافیز\", \"shop\": \"coffee\"}"
      }
    },
    {
      "type": "Feature",
      "geometry": {
        "type": "Point",
        "coordinates": [
          73.0636843,
          33.6860873
        ]
      },
      "properties": {
        "osm_id": 4544033490,
        "osm_type": "node",
        "group": "amenity",
        "primary_key": "amenity",
        "primary_value": "cafe",
        "name": "takar tea stall",
        "addr_full": null,
        "all_tags_json": "{\"amenity\": \"cafe\", \"name\": \"takar tea stall\", \"name:en\": \"takar tea stall\"}"
      }
    },
    {
      "type": "Feature",
      "geometry": {
        "type": "Point",
        "coordinates": [
          73.0752555,
          33.6673085
        ]
      },
      "properties": {
        "osm_id": 4561969652,
        "osm_type": "node",
        "group": "amenity",
        "primary_key": "amenity",
        "primary_value": "cafe",
        "name": "گلوریا جینز",
        "addr_full": null,
        "all_tags_json": "{\"amenity\": \"cafe\", \"brand\": \"گلوریا جینز\", \"brand:ar\": \"قلوريا جينز\", \"brand:ur\": \"گلوریا جینز\", \"brand:website\": \"https://gloriajeanscoffees.com.pk\", \"brand:wikidata\": \"Q2666365\", \"brand:wikipedia\": \"ar:قلوريا جينز كافيه\", \"brand:wikipedia:ar\": \"قلوريا جينز كافيه\", \"cuisine\": \"coffee_shop\", \"name\": \"گلوریا جینز\", \"name:ar\": \"قلوريا جينز\", \"name:en\": \"Gloria Jean's\", \"name:ur\": \"گلوریا جینز\", \"official_name\": \"گلوریا جینز کافیز\", \"official_name:ar\": \"قلوريا جينز كافيه\", \"official_name:ur\": \"گلوریا جینز کافیز\", \"shop\": \"coffee\"}"
      }
    },
    {
      "type": "Feature",
      "geometry": {
        "type": "Point",
        "coordinates": [
          73.0419918,
          33.6844864
        ]
      },
      "properties": {
        "osm_id": 4572665989,
        "osm_type": "node",
        "group": "amenity",
        "primary_key": "amenity",
        "primary_value": "cafe",
        "name": "Quetta cafe",
        "addr_full": "Street 55, اسلام آباد",
        "all_tags_json": "{\"addr:city\": \"اسلام آباد\", \"addr:city:ar\": \"إسلام آباد\", \"addr:city:en\": \"Islamabad\", \"addr:city:ks\": \"اِسلام آبادٖ\", \"addr:city:pnb\": \"اسلام آباد\", \"addr:city:ps\": \"اسلام آباد\", \"addr:city:sd\": \"اسلام آباد\", \"addr:city:ur\": \"اسلام آباد\", \"addr:street\": \"Street 55\", \"amenity\": \"cafe\", \"name\": \"Quetta cafe\"}"
      }
    },
    {
      "type": "Feature",
      "geometry": {
        "type": "Point",
        "coordinates": [
          73.0578779,
          33.7262815
        ]
      },
      "properties": {
        "osm_id": 4585250592,
        "osm_type": "node",
        "group": "amenity",
        "primary_key": "amenity",
        "primary_value": "cafe",
        "name": "Sitar Buksh",
        "addr_full": "Street 4, اسلام آباد",
        "all_tags_json": "{\"addr:city\": \"اسلام آباد\", \"addr:city:ar\": \"إسلام آباد\", \"addr:city:en\": \"Islamabad\", \"addr:city:ks\": \"اِسلام آبادٖ\", \"addr:city:pnb\": \"اسلام آباد\", \"addr:city:ps\": \"اسلام آباد\", \"addr:city:sd\": \"اسلام آباد\", \"addr:city:ur\": \"اسلام آباد\", \"addr:street\": \"Street 4\", \"amenity\": \"cafe\", \"name\": \"Sitar Buksh\", \"name:en\": \"Sitar Buksh\"}"
      }
    },
    {
      "type": "Feature",
      "geometry": {
        "type": "Point",
        "coordinates": [
          73.0756628,
          33.6694749
        ]
      },
      "properties": {
        "osm_id": 4585256993,
        "osm_type": "node",
        "group": "amenity",
        "primary_key": "amenity",
        "primary_value": "cafe",
        "name": "Refreshment cafe",
        "addr_full": null,
        "all_tags_json": "{\"amenity\": \"cafe\", \"name\": \"Refreshment cafe\", \"name:en\": \"Refreshment cafe\"}"
      }
    },
    {
      "type": "Feature",
      "geometry": {
        "type": "Point",
        "coordinates": [
          73.0505542,
          33.6677003
        ]
      },
      "properties": {
        "osm_id": 4774726796,
        "osm_type": "node",
        "group": "amenity",
        "primary_key": "amenity",
        "primary_value": "cafe",
        "name": "Numl Main Cafe",
        "addr_full": null,
        "all_tags_json": "{\"amenity\": \"cafe\", \"internet_access\": \"wlan\", \"name\": \"Numl Main Cafe\", \"name:en\": \"Numl Main Cafe\"}"
      }
    },
    {
      "type": "Feature",
      "geometry": {
        "type": "Point",
        "coordinates": [
          73.0520952,
          33.6669805
        ]
      },
      "properties": {
        "osm_id": 4775499435,
        "osm_type": "node",
        "group": "amenity",
        "primary_key": "amenity",
        "primary_value": "cafe",
        "name": "Numl old cafe",
        "addr_full": null,
        "all_tags_json": "{\"amenity\": \"cafe\", \"name\": \"Numl old cafe\", \"name:en\": \"Numl old cafe\"}"
      }
    },
    {
      "type": "Feature",
      "geometry": {
        "type": "Point",
        "coordinates": [
          73.0466946,
          33.6668715
        ]
      },
      "properties": {
        "osm_id": 4775499436,
        "osm_type": "node",
        "group": "amenity",
        "primary_key": "amenity",
        "primary_value": "cafe",
        "name": "Numl Second Cafe",
        "addr_full": null,
        "all_tags_json": "{\"amenity\": \"cafe\", \"name\": \"Numl Second Cafe\", \"name:en\": \"Numl Second Cafe\"}"
      }
    },
    {
      "type": "Feature",
      "geometry": {
        "type": "Point",
        "coordinates": [
          72.99151,
          33.6628964
        ]
      },
      "properties": {
        "osm_id": 4880262573,
        "osm_type": "node",
        "group": "amenity",
        "primary_key": "amenity",
        "primary_value": "cafe",
        "name": "سبحان اللہ ہوٹل",
        "addr_full": "سروس روڈ ویسٹ جی-11, اسلام آباد",
        "all_tags_json": "{\"addr:city\": \"اسلام آباد\", \"addr:city:ar\": \"إسلام آباد\", \"addr:city:en\": \"Islamabad\", \"addr:city:ks\": \"اِسلام آبادٖ\", \"addr:city:pnb\": \"اسلام آباد\", \"addr:city:ps\": \"اسلام آباد\", \"addr:city:sd\": \"اسلام آباد\", \"addr:city:ur\": \"اسلام آباد\", \"addr:street\": \"سروس روڈ ویسٹ جی-11\", \"amenity\": \"cafe\", \"name\": \"سبحان اللہ ہوٹل\", \"name:en\": \"Subhanallah Hotel\", \"name:ur\": \"سبحان اللہ ہوٹل\"}"
      }
    },
    {
      "type": "Feature",
      "geometry": {
        "type": "Point",
        "coordinates": [
          73.045225,
          33.6861077
        ]
      },
      "properties": {
        "osm_id": 4889712018,
        "osm_type": "node",
        "group": "amenity",
        "primary_key": "amenity",
        "primary_value": "cafe",
        "name": "Shamim-E-Dahan",
        "addr_full": "Street 55, اسلام آباد",
        "all_tags_json": "{\"addr:city\": \"اسلام آباد\", \"addr:city:ar\": \"إسلام آباد\", \"addr:city:en\": \"Islamabad\", \"addr:city:ks\": \"اِسلام آبادٖ\", \"addr:city:pnb\": \"اسلام آباد\", \"addr:city:ps\": \"اسلام آباد\", \"addr:city:sd\": \"اسلام آباد\", \"addr:city:ur\": \"اسلام آباد\", \"addr:street\": \"Street 55\", \"amenity\": \"cafe\", \"name\": \"Shamim-E-Dahan\"}"
      }
    },
    {
      "type": "Feature",
      "geometry": {
        "type": "Point",
        "coordinates": [
          73.0345867,
          33.6806104
        ]
      },
      "properties": {
        "osm_id": 4889712225,
        "osm_type": "node",
        "group": "amenity",
        "primary_key": "amenity",
        "primary_value": "cafe",
        "name": "Sufi Sarai",
        "addr_full": "Street 32, اسلام آباد",
        "all_tags_json": "{\"addr:city\": \"اسلام آباد\", \"addr:city:ar\": \"إسلام آباد\", \"addr:city:en\": \"Islamabad\", \"addr:city:ks\": \"اِسلام آبادٖ\", \"addr:city:pnb\": \"اسلام آباد\", \"addr:city:ps\": \"اسلام آباد\", \"addr:city:sd\": \"اسلام آباد\", \"addr:city:ur\": \"اسلام آباد\", \"addr:street\": \"Street 32\", \"amenity\": \"cafe\", \"name\": \"Sufi Sarai\"}"
      }
    },
    {
      "type": "Feature",
      "geometry": {
        "type": "Point",
        "coordinates": [
          73.0935143,
          33.737907
        ]
      },
      "properties": {
        "osm_id": 4943934760,
        "osm_type": "node",
        "group": "amenity",
        "primary_key": "amenity",
        "primary_value": "cafe",
        "name": "Cafeteria",
        "addr_full": "Constitution Avenue, اسلام آباد",
        "all_tags_json": "{\"addr:city\": \"اسلام آباد\", \"addr:city:ar\": \"إسلام آباد\", \"addr:city:en\": \"Islamabad\", \"addr:city:ks\": \"اِسلام آبادٖ\", \"addr:city:pnb\": \"اسلام آباد\", \"addr:city:ps\": \"اسلام آباد\", \"addr:city:sd\": \"اسلام آباد\", \"addr:city:ur\": \"اسلام آباد\", \"addr:street\": \"Constitution Avenue\", \"amenity\": \"cafe\", \"name\": \"Cafeteria\"}"
      }
    },
    {
      "type": "Feature",
      "geometry": {
        "type": "Point",
        "coordinates": [
          73.1073869,
          33.7218252
        ]
      },
      "properties": {
        "osm_id": 4945412622,
        "osm_type": "node",
        "group": "amenity",
        "primary_key": "amenity",
        "primary_value": "cafe",
        "name": "Street 1 Café",
        "addr_full": "Road No 1, اسلام آباد",
        "all_tags_json": "{\"addr:city\": \"اسلام آباد\", \"addr:city:ar\": \"إسلام آباد\", \"addr:city:en\": \"Islamabad\", \"addr:city:ks\": \"اِسلام آبادٖ\", \"addr:city:pnb\": \"اسلام آباد\", \"addr:city:ps\": \"اسلام آباد\", \"addr:city:sd\": \"اسلام آباد\", \"addr:city:ur\": \"اسلام آباد\", \"addr:street\": \"Road No 1\", \"amenity\": \"cafe\", \"check_date\": \"2023-04-12\", \"name\": \"Street 1 Café\", \"name:fr\": \"Café de la rue 1\"}"
      }
    },
    {
      "type": "Feature",
      "geometry": {
        "type": "Point",
        "coordinates": [
          73.0828922,
          33.7235363
        ]
      },
      "properties": {
        "osm_id": 4954380804,
        "osm_type": "node",
        "group": "amenity",
        "primary_key": "amenity",
        "primary_value": "cafe",
        "name": "Milkshake Place",
        "addr_full": "Jinnah Avenue, اسلام آباد",
        "all_tags_json": "{\"addr:city\": \"اسلام آباد\", \"addr:city:ar\": \"إسلام آباد\", \"addr:city:en\": \"Islamabad\", \"addr:city:ks\": \"اِسلام آبادٖ\", \"addr:city:pnb\": \"اسلام آباد\", \"addr:city:ps\": \"اسلام آباد\", \"addr:city:sd\": \"اسلام آباد\", \"addr:city:ur\": \"اسلام آباد\", \"addr:street\": \"Jinnah Avenue\", \"amenity\": \"cafe\", \"name\": \"Milkshake Place\"}"
      }
    },
    {
      "type": "Feature",
      "geometry": {
        "type": "Point",
        "coordinates": [
          73.0733323,
          33.7202785
        ]
      },
      "properties": {
        "osm_id": 4954775572,
        "osm_type": "node",
        "group": "amenity",
        "primary_key": "amenity",
        "primary_value": "cafe",
        "name": "Old School Cafe",
        "addr_full": "Service Road South F-6;Service Road West F-6, اسلام آباد",
        "all_tags_json": "{\"addr:city\": \"اسلام آباد\", \"addr:city:ar\": \"إسلام آباد\", \"addr:city:en\": \"Islamabad\", \"addr:city:ks\": \"اِسلام آبادٖ\", \"addr:city:pnb\": \"اسلام آباد\", \"addr:city:ps\": \"اسلام آباد\", \"addr:city:sd\": \"اسلام آباد\", \"addr:city:ur\": \"اسلام آباد\", \"addr:street\": \"Service Road South F-6;Service Road West F-6\", \"amenity\": \"cafe\", \"name\": \"Old School Cafe\"}"
      }
    },
    {
      "type": "Feature",
      "geometry": {
        "type": "Point",
        "coordinates": [
          73.0734987,
          33.72037
        ]
      },
      "properties": {
        "osm_id": 4954775577,
        "osm_type": "node",
        "group": "amenity",
        "primary_key": "amenity",
        "primary_value": "cafe",
        "name": "Cannoli by Cafe Soul",
        "addr_full": "Service Road South F-6;Service Road West F-6, اسلام آباد",
        "all_tags_json": "{\"addr:city\": \"اسلام آباد\", \"addr:city:ar\": \"إسلام آباد\", \"addr:city:en\": \"Islamabad\", \"addr:city:ks\": \"اِسلام آبادٖ\", \"addr:city:pnb\": \"اسلام آباد\", \"addr:city:ps\": \"اسلام آباد\", \"addr:city:sd\": \"اسلام آباد\", \"addr:city:ur\": \"اسلام آباد\", \"addr:street\": \"Service Road South F-6;Service Road West F-6\", \"amenity\": \"cafe\", \"name\": \"Cannoli by Cafe Soul\"}"
      }
    },
    {
      "type": "Feature",
      "geometry": {
        "type": "Point",
        "coordinates": [
          73.0737842,
          33.7205159
        ]
      },
      "properties": {
        "osm_id": 4954775578,
        "osm_type": "node",
        "group": "amenity",
        "primary_key": "amenity",
        "primary_value": "cafe",
        "name": "Burning Brownie",
        "addr_full": "Service Road South F-6;Service Road West F-6, اسلام آباد",
        "all_tags_json": "{\"addr:city\": \"اسلام آباد\", \"addr:city:ar\": \"إسلام آباد\", \"addr:city:en\": \"Islamabad\", \"addr:city:ks\": \"اِسلام آبادٖ\", \"addr:city:pnb\": \"اسلام آباد\", \"addr:city:ps\": \"اسلام آباد\", \"addr:city:sd\": \"اسلام آباد\", \"addr:city:ur\": \"اسلام آباد\", \"addr:street\": \"Service Road South F-6;Service Road West F-6\", \"amenity\": \"cafe\", \"name\": \"Burning Brownie\"}"
      }
    },
    {
      "type": "Feature",
      "geometry": {
        "type": "Point",
        "coordinates": [
          73.0761811,
          33.7302643
        ]
      },
      "properties": {
        "osm_id": 4957032803,
        "osm_type": "node",
        "group": "amenity",
        "primary_key": "amenity",
        "primary_value": "cafe",
        "name": "Cafe Behbud",
        "addr_full": "School Road, اسلام آباد",
        "all_tags_json": "{\"addr:city\": \"اسلام آباد\", \"addr:city:ar\": \"إسلام آباد\", \"addr:city:en\": \"Islamabad\", \"addr:city:ks\": \"اِسلام آبادٖ\", \"addr:city:pnb\": \"اسلام آباد\", \"addr:city:ps\": \"اسلام آباد\", \"addr:city:sd\": \"اسلام آباد\", \"addr:city:ur\": \"اسلام آباد\", \"addr:street\": \"School Road\", \"amenity\": \"cafe\", \"name\": \"Cafe Behbud\"}"
      }
    },
    {
      "type": "Feature",
      "geometry": {
        "type": "Point",
        "coordinates": [
          72.9863481,
          33.6842369
        ]
      },
      "properties": {
        "osm_id": 4958092909,
        "osm_type": "node",
        "group": "amenity",
        "primary_key": "amenity",
        "primary_value": "cafe",
        "name": "The Nutella Spot",
        "addr_full": "Hilal Road, Liberty Square Plaza, اسلام آباد",
        "all_tags_json": "{\"addr:city\": \"اسلام آباد\", \"addr:city:ar\": \"إسلام آباد\", \"addr:city:en\": \"Islamabad\", \"addr:city:ks\": \"اِسلام آبادٖ\", \"addr:city:pnb\": \"اسلام آباد\", \"addr:city:ps\": \"اسلام آباد\", \"addr:city:sd\": \"اسلام آباد\", \"addr:city:ur\": \"اسلام آباد\", \"addr:housenumber\": \"Liberty Square Plaza\", \"addr:street\": \"Hilal Road\", \"amenity\": \"cafe\", \"name\": \"The Nutella Spot\"}"
      }
    },
    {
      "type": "Feature",
      "geometry": {
        "type": "Point",
        "coordinates": [
          72.9882432,
          33.6847697
        ]
      },
      "properties": {
        "osm_id": 4958131354,
        "osm_type": "node",
        "group": "amenity",
        "primary_key": "amenity",
        "primary_value": "cafe",
        "name": "Manolo Gelato Cafe",
        "addr_full": "Hassan Ali Afandi Road, اسلام آباد",
        "all_tags_json": "{\"addr:city\": \"اسلام آباد\", \"addr:city:ar\": \"إسلام آباد\", \"addr:city:en\": \"Islamabad\", \"addr:city:ks\": \"اِسلام آبادٖ\", \"addr:city:pnb\": \"اسلام آباد\", \"addr:city:ps\": \"اسلام آباد\", \"addr:city:sd\": \"اسلام آباد\", \"addr:city:ur\": \"اسلام آباد\", \"addr:street\": \"Hassan Ali Afandi Road\", \"amenity\": \"cafe\", \"name\": \"Manolo Gelato Cafe\"}"
      }
    },
    {
      "type": "Feature",
      "geometry": {
        "type": "Point",
        "coordinates": [
          72.9884052,
          33.6847241
        ]
      },
      "properties": {
        "osm_id": 4958131358,
        "osm_type": "node",
        "group": "amenity",
        "primary_key": "amenity",
        "primary_value": "cafe",
        "name": "گلوریا جینز",
        "addr_full": "Hassan Ali Afandi Road, اسلام آباد",
        "all_tags_json": "{\"addr:city\": \"اسلام آباد\", \"addr:city:ar\": \"إسلام آباد\", \"addr:city:ks\": \"اِسلام آبادٖ\", \"addr:city:pnb\": \"اسلام آباد\", \"addr:city:ps\": \"اسلام آباد\", \"addr:city:sd\": \"اسلام آباد\", \"addr:city:ur\": \"اسلام آباد\", \"addr:street\": \"Hassan Ali Afandi Road\", \"amenity\": \"cafe\", \"brand\": \"گلوریا جینز\", \"brand:ar\": \"قلوريا جينز\", \"brand:ur\": \"گلوریا جینز\", \"brand:website\": \"https://gloriajeanscoffees.com.pk\", \"brand:wikidata\": \"Q2666365\", \"brand:wikipedia\": \"ar:قلوريا جينز كافيه\", \"brand:wikipedia:ar\": \"قلوريا جينز كافيه\", \"cuisine\": \"coffee_shop\", \"name\": \"گلوریا جینز\", \"name:ar\": \"قلوريا جينز\", \"name:en\": \"Gloria Jean's\", \"name:ur\": \"گلوریا جینز\", \"official_name\": \"گلوریا جینز کافیز\", \"official_name:ar\": \"قلوريا جينز كافيه\", \"official_name:ur\": \"گلوریا جینز کافیز\", \"shop\": \"coffee\"}"
      }
    },
    {
      "type": "Feature",
      "geometry": {
        "type": "Point",
        "coordinates": [
          72.9996479,
          33.6951097
        ]
      },
      "properties": {
        "osm_id": 4961414260,
        "osm_type": "node",
        "group": "amenity",
        "primary_key": "amenity",
        "primary_value": "cafe",
        "name": "Razzmatazz",
        "addr_full": "Street 11A, اسلام آباد",
        "all_tags_json": "{\"addr:city\": \"اسلام آباد\", \"addr:city:ar\": \"إسلام آباد\", \"addr:city:en\": \"Islamabad\", \"addr:city:ks\": \"اِسلام آبادٖ\", \"addr:city:pnb\": \"اسلام آباد\", \"addr:city:ps\": \"اسلام آباد\", \"addr:city:sd\": \"اسلام آباد\", \"addr:city:ur\": \"اسلام آباد\", \"addr:street\": \"Street 11A\", \"amenity\": \"cafe\", \"name\": \"Razzmatazz\"}"
      }
    },
    {
      "type": "Feature",
      "geometry": {
        "type": "Point",
        "coordinates": [
          73.0109527,
          33.6968332
        ]
      },
      "properties": {
        "osm_id": 4961414274,
        "osm_type": "node",
        "group": "amenity",
        "primary_key": "amenity",
        "primary_value": "cafe",
        "name": "Cafe Paprika",
        "addr_full": "Street 54, اسلام آباد",
        "all_tags_json": "{\"addr:city\": \"اسلام آباد\", \"addr:city:ar\": \"إسلام آباد\", \"addr:city:en\": \"Islamabad\", \"addr:city:ks\": \"اِسلام آبادٖ\", \"addr:city:pnb\": \"اسلام آباد\", \"addr:city:ps\": \"اسلام آباد\", \"addr:city:sd\": \"اسلام آباد\", \"addr:city:ur\": \"اسلام آباد\", \"addr:street\": \"Street 54\", \"amenity\": \"cafe\", \"name\": \"Cafe Paprika\"}"
      }
    },
    {
      "type": "Feature",
      "geometry": {
        "type": "Point",
        "coordinates": [
          73.0136454,
          33.6940821
        ]
      },
      "properties": {
        "osm_id": 4961746375,
        "osm_type": "node",
        "group": "amenity",
        "primary_key": "amenity",
        "primary_value": "cafe",
        "name": "The Candy Coach",
        "addr_full": "Sumbal Road, اسلام آباد",
        "all_tags_json": "{\"addr:city\": \"اسلام آباد\", \"addr:city:ar\": \"إسلام آباد\", \"addr:city:en\": \"Islamabad\", \"addr:city:ks\": \"اِسلام آبادٖ\", \"addr:city:pnb\": \"اسلام آباد\", \"addr:city:ps\": \"اسلام آباد\", \"addr:city:sd\": \"اسلام آباد\", \"addr:city:ur\": \"اسلام آباد\", \"addr:street\": \"Sumbal Road\", \"amenity\": \"cafe\", \"name\": \"The Candy Coach\"}"
      }
    },
    {
      "type": "Feature",
      "geometry": {
        "type": "Point",
        "coordinates": [
          73.0143587,
          33.6941975
        ]
      },
      "properties": {
        "osm_id": 4961746378,
        "osm_type": "node",
        "group": "amenity",
        "primary_key": "amenity",
        "primary_value": "cafe",
        "name": "Incantare Coffee Cafe",
        "addr_full": "10th Avenue, اسلام آباد",
        "all_tags_json": "{\"addr:city\": \"اسلام آباد\", \"addr:city:ar\": \"إسلام آباد\", \"addr:city:en\": \"Islamabad\", \"addr:city:ks\": \"اِسلام آبادٖ\", \"addr:city:pnb\": \"اسلام آباد\", \"addr:city:ps\": \"اسلام آباد\", \"addr:city:sd\": \"اسلام آباد\", \"addr:city:ur\": \"اسلام آباد\", \"addr:street\": \"10th Avenue\", \"amenity\": \"cafe\", \"name\": \"Incantare Coffee Cafe\"}"
      }
    },
    {
      "type": "Feature",
      "geometry": {
        "type": "Point",
        "coordinates": [
          73.0336478,
          33.7150833
        ]
      },
      "properties": {
        "osm_id": 4963837776,
        "osm_type": "node",
        "group": "amenity",
        "primary_key": "amenity",
        "primary_value": "cafe",
        "name": "Sadiq's Cafe",
        "addr_full": "Street 22, اسلام آباد",
        "all_tags_json": "{\"addr:city\": \"اسلام آباد\", \"addr:city:ar\": \"إسلام آباد\", \"addr:city:en\": \"Islamabad\", \"addr:city:ks\": \"اِسلام آبادٖ\", \"addr:city:pnb\": \"اسلام آباد\", \"addr:city:ps\": \"اسلام آباد\", \"addr:city:sd\": \"اسلام آباد\", \"addr:city:ur\": \"اسلام آباد\", \"addr:street\": \"Street 22\", \"amenity\": \"cafe\", \"name\": \"Sadiq's Cafe\"}"
      }
    },
    {
      "type": "Feature",
      "geometry": {
        "type": "Point",
        "coordinates": [
          73.0376848,
          33.712421
        ]
      },
      "properties": {
        "osm_id": 4963936785,
        "osm_type": "node",
        "group": "amenity",
        "primary_key": "amenity",
        "primary_value": "cafe",
        "name": "Cafe101",
        "addr_full": "Johar Road, اسلام آباد",
        "all_tags_json": "{\"addr:city\": \"اسلام آباد\", \"addr:city:ar\": \"إسلام آباد\", \"addr:city:en\": \"Islamabad\", \"addr:city:ks\": \"اِسلام آبادٖ\", \"addr:city:pnb\": \"اسلام آباد\", \"addr:city:ps\": \"اسلام آباد\", \"addr:city:sd\": \"اسلام آباد\", \"addr:city:ur\": \"اسلام آباد\", \"addr:street\": \"Johar Road\", \"amenity\": \"cafe\", \"name\": \"Cafe101\"}"
      }
    },
    {
      "type": "Feature",
      "geometry": {
        "type": "Point",
        "coordinates": [
          73.0377914,
          33.7119288
        ]
      },
      "properties": {
        "osm_id": 4963936789,
        "osm_type": "node",
        "group": "amenity",
        "primary_key": "amenity",
        "primary_value": "cafe",
        "name": "Kafe kaam",
        "addr_full": "Johar Road, اسلام آباد",
        "all_tags_json": "{\"addr:city\": \"اسلام آباد\", \"addr:city:ar\": \"إسلام آباد\", \"addr:city:en\": \"Islamabad\", \"addr:city:ks\": \"اِسلام آبادٖ\", \"addr:city:pnb\": \"اسلام آباد\", \"addr:city:ps\": \"اسلام آباد\", \"addr:city:sd\": \"اسلام آباد\", \"addr:city:ur\": \"اسلام آباد\", \"addr:street\": \"Johar Road\", \"amenity\": \"cafe\", \"name\": \"Kafe kaam\"}"
      }
    },
    {
      "type": "Feature",
      "geometry": {
        "type": "Point",
        "coordinates": [
          73.0460025,
          33.7092133
        ]
      },
      "properties": {
        "osm_id": 4963977789,
        "osm_type": "node",
        "group": "amenity",
        "primary_key": "amenity",
        "primary_value": "cafe",
        "name": "Social Cafe",
        "addr_full": "Street 48, اسلام آباد",
        "all_tags_json": "{\"addr:city\": \"اسلام آباد\", \"addr:city:ar\": \"إسلام آباد\", \"addr:city:en\": \"Islamabad\", \"addr:city:ks\": \"اِسلام آبادٖ\", \"addr:city:pnb\": \"اسلام آباد\", \"addr:city:ps\": \"اسلام آباد\", \"addr:city:sd\": \"اسلام آباد\", \"addr:city:ur\": \"اسلام آباد\", \"addr:street\": \"Street 48\", \"amenity\": \"cafe\", \"name\": \"Social Cafe\"}"
      }
    },
    {
      "type": "Feature",
      "geometry": {
        "type": "Point",
        "coordinates": [
          73.0369239,
          33.7241086
        ]
      },
      "properties": {
        "osm_id": 4964054202,
        "osm_type": "node",
        "group": "amenity",
        "primary_key": "amenity",
        "primary_value": "cafe",
        "name": "Pops Café",
        "addr_full": "Street 6, اسلام آباد",
        "all_tags_json": "{\"addr:city\": \"اسلام آباد\", \"addr:city:ar\": \"إسلام آباد\", \"addr:city:en\": \"Islamabad\", \"addr:city:ks\": \"اِسلام آبادٖ\", \"addr:city:pnb\": \"اسلام آباد\", \"addr:city:ps\": \"اسلام آباد\", \"addr:city:sd\": \"اسلام آباد\", \"addr:city:ur\": \"اسلام آباد\", \"addr:street\": \"Street 6\", \"amenity\": \"cafe\", \"name\": \"Pops Café\"}"
      }
    },
    {
      "type": "Feature",
      "geometry": {
        "type": "Point",
        "coordinates": [
          73.0508982,
          33.7215553
        ]
      },
      "properties": {
        "osm_id": 4964228639,
        "osm_type": "node",
        "group": "amenity",
        "primary_key": "amenity",
        "primary_value": "cafe",
        "name": "Yum Chinese & Thai",
        "addr_full": "Street 16, اسلام آباد",
        "all_tags_json": "{\"addr:city\": \"اسلام آباد\", \"addr:city:ar\": \"إسلام آباد\", \"addr:city:en\": \"Islamabad\", \"addr:city:ks\": \"اِسلام آبادٖ\", \"addr:city:pnb\": \"اسلام آباد\", \"addr:city:ps\": \"اسلام آباد\", \"addr:city:sd\": \"اسلام آباد\", \"addr:city:ur\": \"اسلام آباد\", \"addr:street\": \"Street 16\", \"amenity\": \"cafe\", \"name\": \"Yum Chinese & Thai\"}"
      }
    },
    {
      "type": "Feature",
      "geometry": {
        "type": "Point",
        "coordinates": [
          73.059838,
          33.7228254
        ]
      },
      "properties": {
        "osm_id": 4964257385,
        "osm_type": "node",
        "group": "amenity",
        "primary_key": "amenity",
        "primary_value": "cafe",
        "name": "Café Burn out",
        "addr_full": "College Road, اسلام آباد",
        "all_tags_json": "{\"addr:city\": \"اسلام آباد\", \"addr:city:ar\": \"إسلام آباد\", \"addr:city:en\": \"Islamabad\", \"addr:city:ks\": \"اِسلام آبادٖ\", \"addr:city:pnb\": \"اسلام آباد\", \"addr:city:ps\": \"اسلام آباد\", \"addr:city:sd\": \"اسلام آباد\", \"addr:city:ur\": \"اسلام آباد\", \"addr:street\": \"College Road\", \"amenity\": \"cafe\", \"name\": \"Café Burn out\"}"
      }
    },
    {
      "type": "Feature",
      "geometry": {
        "type": "Point",
        "coordinates": [
          73.0141177,
          33.7123231
        ]
      },
      "properties": {
        "osm_id": 4965289177,
        "osm_type": "node",
        "group": "amenity",
        "primary_key": "amenity",
        "primary_value": "cafe",
        "name": "DSG Mess",
        "addr_full": "Iqbal Road, اسلام آباد",
        "all_tags_json": "{\"addr:city\": \"اسلام آباد\", \"addr:city:ar\": \"إسلام آباد\", \"addr:city:en\": \"Islamabad\", \"addr:city:ks\": \"اِسلام آبادٖ\", \"addr:city:pnb\": \"اسلام آباد\", \"addr:city:ps\": \"اسلام آباد\", \"addr:city:sd\": \"اسلام آباد\", \"addr:city:ur\": \"اسلام آباد\", \"addr:street\": \"Iqbal Road\", \"amenity\": \"cafe\", \"name\": \"DSG Mess\"}"
      }
    },
    {
      "type": "Feature",
      "geometry": {
        "type": "Point",
        "coordinates": [
          73.0707742,
          33.6986146
        ]
      },
      "properties": {
        "osm_id": 4966392701,
        "osm_type": "node",
        "group": "amenity",
        "primary_key": "amenity",
        "primary_value": "cafe",
        "name": "Capital Cafe",
        "addr_full": "Street 30, اسلام آباد",
        "all_tags_json": "{\"addr:city\": \"اسلام آباد\", \"addr:city:ar\": \"إسلام آباد\", \"addr:city:en\": \"Islamabad\", \"addr:city:ks\": \"اِسلام آبادٖ\", \"addr:city:pnb\": \"اسلام آباد\", \"addr:city:ps\": \"اسلام آباد\", \"addr:city:sd\": \"اسلام آباد\", \"addr:city:ur\": \"اسلام آباد\", \"addr:street\": \"Street 30\", \"amenity\": \"cafe\", \"name\": \"Capital Cafe\"}"
      }
    },
    {
      "type": "Feature",
      "geometry": {
        "type": "Point",
        "coordinates": [
          73.0708734,
          33.698561
        ]
      },
      "properties": {
        "osm_id": 4966392702,
        "osm_type": "node",
        "group": "amenity",
        "primary_key": "amenity",
        "primary_value": "cafe",
        "name": "FUUAST Cafe",
        "addr_full": "Street 30, اسلام آباد",
        "all_tags_json": "{\"addr:city\": \"اسلام آباد\", \"addr:city:ar\": \"إسلام آباد\", \"addr:city:en\": \"Islamabad\", \"addr:city:ks\": \"اِسلام آبادٖ\", \"addr:city:pnb\": \"اسلام آباد\", \"addr:city:ps\": \"اسلام آباد\", \"addr:city:sd\": \"اسلام آباد\", \"addr:city:ur\": \"اسلام آباد\", \"addr:street\": \"Street 30\", \"amenity\": \"cafe\", \"name\": \"FUUAST Cafe\"}"
      }
    },
    {
      "type": "Feature",
      "geometry": {
        "type": "Point",
        "coordinates": [
          73.0496272,
          33.6973048
        ]
      },
      "properties": {
        "osm_id": 4967673485,
        "osm_type": "node",
        "group": "amenity",
        "primary_key": "amenity",
        "primary_value": "cafe",
        "name": "Fresh Juice Stall",
        "addr_full": "Chaman Road, اسلام آباد",
        "all_tags_json": "{\"addr:city\": \"اسلام آباد\", \"addr:city:ar\": \"إسلام آباد\", \"addr:city:en\": \"Islamabad\", \"addr:city:ks\": \"اِسلام آبادٖ\", \"addr:city:pnb\": \"اسلام آباد\", \"addr:city:ps\": \"اسلام آباد\", \"addr:city:sd\": \"اسلام آباد\", \"addr:city:ur\": \"اسلام آباد\", \"addr:street\": \"Chaman Road\", \"amenity\": \"cafe\", \"name\": \"Fresh Juice Stall\"}"
      }
    },
    {
      "type": "Feature",
      "geometry": {
        "type": "Point",
        "coordinates": [
          73.0497318,
          33.6992011
        ]
      },
      "properties": {
        "osm_id": 4967673502,
        "osm_type": "node",
        "group": "amenity",
        "primary_key": "amenity",
        "primary_value": "cafe",
        "name": "Bilal Cafe",
        "addr_full": "Ravi Road, اسلام آباد",
        "all_tags_json": "{\"addr:city\": \"اسلام آباد\", \"addr:city:ar\": \"إسلام آباد\", \"addr:city:en\": \"Islamabad\", \"addr:city:ks\": \"اِسلام آبادٖ\", \"addr:city:pnb\": \"اسلام آباد\", \"addr:city:ps\": \"اسلام آباد\", \"addr:city:sd\": \"اسلام آباد\", \"addr:city:ur\": \"اسلام آباد\", \"addr:street\": \"Ravi Road\", \"amenity\": \"cafe\", \"name\": \"Bilal Cafe\"}"
      }
    },
    {
      "type": "Feature",
      "geometry": {
        "type": "Point",
        "coordinates": [
          73.065785,
          33.7601434
        ]
      },
      "properties": {
        "osm_id": 375759667,
        "osm_type": "way",
        "group": "amenity",
        "primary_key": "amenity",
        "primary_value": "cafe",
        "name": "Monal restaurant",
        "addr_full": null,
        "all_tags_json": "{\"amenity\": \"cafe\", \"building\": \"yes\", \"name\": \"Monal restaurant\"}"
      }
    },
    {
      "type": "Feature",
      "geometry": {
        "type": "Point",
        "coordinates": [
          73.0665814,
          33.7602478
        ]
      },
      "properties": {
        "osm_id": 375759668,
        "osm_type": "way",
        "group": "amenity",
        "primary_key": "amenity",
        "primary_value": "cafe",
        "name": "گلوریا جینز",
        "addr_full": null,
        "all_tags_json": "{\"amenity\": \"cafe\", \"brand\": \"گلوریا جینز\", \"brand:ar\": \"قلوريا جينز\", \"brand:ur\": \"گلوریا جینز\", \"brand:website\": \"https://gloriajeanscoffees.com.pk\", \"brand:wikidata\": \"Q2666365\", \"brand:wikipedia\": \"ar:قلوريا جينز كافيه\", \"brand:wikipedia:ar\": \"قلوريا جينز كافيه\", \"building\": \"yes\", \"cuisine\": \"coffee_shop\", \"name\": \"گلوریا جینز\", \"name:ar\": \"قلوريا جينز\", \"name:en\": \"Gloria Jean's\", \"name:ur\": \"گلوریا جینز\", \"official_name\": \"گلوریا جینز کافیز\", \"official_name:ar\": \"قلوريا جينز كافيه\", \"official_name:ur\": \"گلوریا جینز کافیز\", \"shop\": \"coffee\", \"takeaway\": \"yes\"}"
      }
    },
    {
      "type": "Feature",
      "geometry": {
        "type": "Point",
        "coordinates": [
          73.0389806,
          33.7117864
        ]
      },
      "properties": {
        "osm_id": 377262988,
        "osm_type": "way",
        "group": "amenity",
        "primary_key": "amenity",
        "primary_value": "cafe",
        "name": "Habibi Resturant",
        "addr_full": "F-8 Markaz, اسلام آباد",
        "all_tags_json": "{\"addr:city\": \"اسلام آباد\", \"addr:city:ar\": \"إسلام آباد\", \"addr:city:en\": \"Islamabad\", \"addr:city:ks\": \"اِسلام آبادٖ\", \"addr:city:pnb\": \"اسلام آباد\", \"addr:city:ps\": \"اسلام آباد\", \"addr:city:sd\": \"اسلام آباد\", \"addr:city:ur\": \"اسلام آباد\", \"addr:street\": \"F-8 Markaz\", \"amenity\": \"cafe\", \"building\": \"yes\", \"cuisine\": \"regional\", \"internet_access\": \"no\", \"name\": \"Habibi Resturant\", \"opening_hours\": \"11:00-00:00\", \"smoking\": \"no\"}"
      }
    },
    {
      "type": "Feature",
      "geometry": {
        "type": "Point",
        "coordinates": [
          73.0731818,
          33.6883445
        ]
      },
      "properties": {
        "osm_id": 474392136,
        "osm_type": "way",
        "group": "amenity",
        "primary_key": "amenity",
        "primary_value": "cafe",
        "name": null,
        "addr_full": null,
        "all_tags_json": "{\"amenity\": \"cafe\", \"building\": \"yes\"}"
      }
    },
    {
      "type": "Feature",
      "geometry": {
        "type": "Point",
        "coordinates": [
          72.9875823,
          33.6858253
        ]
      },
      "properties": {
        "osm_id": 550470424,
        "osm_type": "way",
        "group": "amenity",
        "primary_key": "amenity",
        "primary_value": "cafe",
        "name": null,
        "addr_full": null,
        "all_tags_json": "{\"amenity\": \"cafe\", \"building\": \"yes\"}"
      }
    },
    {
      "type": "Feature",
      "geometry": {
        "type": "Point",
        "coordinates": [
          72.9835345,
          33.699356
        ]
      },
      "properties": {
        "osm_id": 551073324,
        "osm_type": "way",
        "group": "amenity",
        "primary_key": "amenity",
        "primary_value": "cafe",
        "name": "The Alley",
        "addr_full": null,
        "all_tags_json": "{\"amenity\": \"cafe\", \"building\": \"yes\", \"name\": \"The Alley\"}"
      }
    },
    {
      "type": "Feature",
      "geometry": {
        "type": "Point",
        "coordinates": [
          73.081351,
          33.7363887
        ]
      },
      "properties": {
        "osm_id": 556427724,
        "osm_type": "way",
        "group": "amenity",
        "primary_key": "amenity",
        "primary_value": "cafe",
        "name": null,
        "addr_full": null,
        "all_tags_json": "{\"amenity\": \"cafe\", \"building\": \"yes\"}"
      }
    },
    {
      "type": "Feature",
      "geometry": {
        "type": "Point",
        "coordinates": [
          73.0234497,
          33.6746888
        ]
      },
      "properties": {
        "osm_id": 679423593,
        "osm_type": "way",
        "group": "amenity",
        "primary_key": "amenity",
        "primary_value": "cafe",
        "name": "MYU Cafe",
        "addr_full": "Street 40, اسلام آباد, 44000",
        "all_tags_json": "{\"addr:city\": \"اسلام آباد\", \"addr:city:ar\": \"إسلام آباد\", \"addr:city:en\": \"Islamabad\", \"addr:city:ks\": \"اِسلام آبادٖ\", \"addr:city:pnb\": \"اسلام آباد\", \"addr:city:ps\": \"اسلام آباد\", \"addr:city:sd\": \"اسلام آباد\", \"addr:city:ur\": \"اسلام آباد\", \"addr:postcode\": \"44000\", \"addr:street\": \"Street 40\", \"amenity\": \"cafe\", \"building\": \"yes\", \"cuisine\": \"burger;coffee_shop;sandwich;fish_and_chips\", \"name\": \"MYU Cafe\", \"outdoor_seating\": \"yes\"}"
      }
    },
    {
      "type": "Feature",
      "geometry": {
        "type": "Point",
        "coordinates": [
          73.0092579,
          33.7005875
        ]
      },
      "properties": {
        "osm_id": 685495369,
        "osm_type": "way",
        "group": "amenity",
        "primary_key": "amenity",
        "primary_value": "cafe",
        "name": "khan cafe",
        "addr_full": null,
        "all_tags_json": "{\"amenity\": \"cafe\", \"building\": \"yes\", \"name\": \"khan cafe\"}"
      }
    },
    {
      "type": "Feature",
      "geometry": {
        "type": "Point",
        "coordinates": [
          73.0444966,
          33.664786
        ]
      },
      "properties": {
        "osm_id": 1006599652,
        "osm_type": "way",
        "group": "amenity",
        "primary_key": "amenity",
        "primary_value": "cafe",
        "name": "IU cafe",
        "addr_full": null,
        "all_tags_json": "{\"amenity\": \"cafe\", \"building\": \"yes\", \"name\": \"IU cafe\"}"
      }
    },
    {
      "type": "Feature",
      "geometry": {
        "type": "Point",
        "coordinates": [
          73.0570403,
          33.7383666
        ]
      },
      "properties": {
        "osm_id": 211325636,
        "osm_type": "node",
        "group": "amenity",
        "primary_key": "amenity",
        "primary_value": "restaurant",
        "name": "Daman-e-Koh",
        "addr_full": "Damn-i-koh Road",
        "all_tags_json": "{\"addr:street\": \"Damn-i-koh Road\", \"amenity\": \"restaurant\", \"cuisine\": \"burger;tea;coffee_shop;asian\", \"is_in\": \"Islamabad\", \"name\": \"Daman-e-Koh\", \"opening_hours\": \"24/7\", \"tourism\": \"viewpoint\"}"
      }
    },
    {
      "type": "Feature",
      "geometry": {
        "type": "Point",
        "coordinates": [
          73.0577749,
          33.7263387
        ]
      },
      "properties": {
        "osm_id": 254976251,
        "osm_type": "node",
        "group": "amenity",
        "primary_key": "amenity",
        "primary_value": "restaurant",
        "name": "Golden Dragon",
        "addr_full": "Street 4, اسلام آباد",
        "all_tags_json": "{\"addr:city\": \"اسلام آباد\", \"addr:city:ar\": \"إسلام آباد\", \"addr:city:en\": \"Islamabad\", \"addr:city:ks\": \"اِسلام آبادٖ\", \"addr:city:pnb\": \"اسلام آباد\", \"addr:city:ps\": \"اسلام آباد\", \"addr:city:sd\": \"اسلام آباد\", \"addr:city:ur\": \"اسلام آباد\", \"addr:street\": \"Street 4\", \"amenity\": \"restaurant\", \"name\": \"Golden Dragon\"}"
      }
    },
    {
      "type": "Feature",
      "geometry": {
        "type": "Point",
        "coordinates": [
          73.0749265,
          33.7294496
        ]
      },
      "properties": {
        "osm_id": 660960200,
        "osm_type": "node",
        "group": "amenity",
        "primary_key": "amenity",
        "primary_value": "restaurant",
        "name": "Islamabad Vintage Quisine",
        "addr_full": "School Road, اسلام آباد",
        "all_tags_json": "{\"addr:city\": \"اسلام آباد\", \"addr:city:ar\": \"إسلام آباد\", \"addr:city:en\": \"Islamabad\", \"addr:city:ks\": \"اِسلام آبادٖ\", \"addr:city:pnb\": \"اسلام آباد\", \"addr:city:ps\": \"اسلام آباد\", \"addr:city:sd\": \"اسلام آباد\", \"addr:city:ur\": \"اسلام آباد\", \"addr:street\": \"School Road\", \"amenity\": \"restaurant\", \"cuisine\": \"regional\", \"name\": \"Islamabad Vintage Quisine\"}"
      }
    },
    {
      "type": "Feature",
      "geometry": {
        "type": "Point",
        "coordinates": [
          73.0617424,
          33.721965
        ]
      },
      "properties": {
        "osm_id": 660960870,
        "osm_type": "node",
        "group": "amenity",
        "primary_key": "amenity",
        "primary_value": "restaurant",
        "name": "Kitchen Cusine Grill",
        "addr_full": "Bhitai Road, اسلام آباد",
        "all_tags_json": "{\"addr:city\": \"اسلام آباد\", \"addr:city:ar\": \"إسلام آباد\", \"addr:city:en\": \"Islamabad\", \"addr:city:ks\": \"اِسلام آبادٖ\", \"addr:city:pnb\": \"اسلام آباد\", \"addr:city:ps\": \"اسلام آباد\", \"addr:city:sd\": \"اسلام آباد\", \"addr:city:ur\": \"اسلام آباد\", \"addr:street\": \"Bhitai Road\", \"amenity\": \"restaurant\", \"name\": \"Kitchen Cusine Grill\"}"
      }
    },
    {
      "type": "Feature",
      "geometry": {
        "type": "Point",
        "coordinates": [
          73.0621813,
          33.7217479
        ]
      },
      "properties": {
        "osm_id": 660960871,
        "osm_type": "node",
        "group": "amenity",
        "primary_key": "amenity",
        "primary_value": "restaurant",
        "name": "Zefra Restaurant",
        "addr_full": null,
        "all_tags_json": "{\"amenity\": \"restaurant\", \"is_in\": \"F-7/4, Islamabad\", \"name\": \"Zefra Restaurant\"}"
      }
    },
    {
      "type": "Feature",
      "geometry": {
        "type": "Point",
        "coordinates": [
          73.075362,
          33.7303805
        ]
      },
      "properties": {
        "osm_id": 800039814,
        "osm_type": "node",
        "group": "amenity",
        "primary_key": "amenity",
        "primary_value": "restaurant",
        "name": "Luna Caprese",
        "addr_full": null,
        "all_tags_json": "{\"amenity\": \"restaurant\", \"name\": \"Luna Caprese\"}"
      }
    },
    {
      "type": "Feature",
      "geometry": {
        "type": "Point",
        "coordinates": [
          73.0587849,
          33.7221222
        ]
      },
      "properties": {
        "osm_id": 977855824,
        "osm_type": "node",
        "group": "amenity",
        "primary_key": "amenity",
        "primary_value": "restaurant",
        "name": "پیزا ہٹ",
        "addr_full": "اسلام آباد",
        "all_tags_json": "{\"addr:city\": \"اسلام آباد\", \"addr:city:ar\": \"إسلام آباد\", \"addr:city:en\": \"Islamabad\", \"addr:city:ks\": \"اِسلام آبادٖ\", \"addr:city:pnb\": \"اسلام آباد\", \"addr:city:ps\": \"اسلام آباد\", \"addr:city:sd\": \"اسلام آباد\", \"addr:city:ur\": \"اسلام آباد\", \"amenity\": \"restaurant\", \"brand\": \"پیزا ہٹ\", \"brand:ar\": \"بيتزا هت\", \"brand:en\": \"Pizza Hut\", \"brand:fa\": \"پیتزا هات\", \"brand:pnb\": \"پزا ہٹ\", \"brand:ur\": \"پیزا ہٹ\", \"brand:wikidata\": \"Q191615\", \"brand:wikipedia\": \"ur:پیزا ہٹ\", \"brand:wikipedia:ar\": \"بيتزا هت\", \"brand:wikipedia:fa\": \"پیتزا هات\", \"brand:wikipedia:pnb\": \"پزا ہٹ\", \"brand:wikipedia:ur\": \"پیزا ہٹ\", \"name\": \"پیزا ہٹ\", \"name:ar\": \"بيتزا هت\", \"name:en\": \"Pizza Hut\", \"name:fa\": \"پیتزا هات\", \"name:pnb\": \"پزا ہٹ\", \"name:ur\": \"پیزا ہٹ\"}"
      }
    },
    {
      "type": "Feature",
      "geometry": {
        "type": "Point",
        "coordinates": [
          73.1123473,
          33.7209943
        ]
      },
      "properties": {
        "osm_id": 1089595055,
        "osm_type": "node",
        "group": "amenity",
        "primary_key": "amenity",
        "primary_value": "restaurant",
        "name": "Canadian Club",
        "addr_full": "Street 12, اسلام آباد",
        "all_tags_json": "{\"addr:city\": \"اسلام آباد\", \"addr:city:ar\": \"إسلام آباد\", \"addr:city:en\": \"Islamabad\", \"addr:city:ks\": \"اِسلام آبادٖ\", \"addr:city:pnb\": \"اسلام آباد\", \"addr:city:ps\": \"اسلام آباد\", \"addr:city:sd\": \"اسلام آباد\", \"addr:city:ur\": \"اسلام آباد\", \"addr:street\": \"Street 12\", \"amenity\": \"restaurant\", \"name\": \"Canadian Club\", \"name:es\": \"Club Canadiense\", \"name:fr\": \"Club Canadien\"}"
      }
    },
    {
      "type": "Feature",
      "geometry": {
        "type": "Point",
        "coordinates": [
          73.0547032,
          33.7188394
        ]
      },
      "properties": {
        "osm_id": 1106384012,
        "osm_type": "node",
        "group": "amenity",
        "primary_key": "amenity",
        "primary_value": "restaurant",
        "name": "cafe lazeez",
        "addr_full": null,
        "all_tags_json": "{\"amenity\": \"restaurant\", \"name\": \"cafe lazeez\"}"
      }
    },
    {
      "type": "Feature",
      "geometry": {
        "type": "Point",
        "coordinates": [
          73.0779994,
          33.7299525
        ]
      },
      "properties": {
        "osm_id": 1243928908,
        "osm_type": "node",
        "group": "amenity",
        "primary_key": "amenity",
        "primary_value": "restaurant",
        "name": "Nando's",
        "addr_full": "Agha Khan Road, اسلام آباد",
        "all_tags_json": "{\"addr:city\": \"اسلام آباد\", \"addr:city:ar\": \"إسلام آباد\", \"addr:city:en\": \"Islamabad\", \"addr:city:ks\": \"اِسلام آبادٖ\", \"addr:city:pnb\": \"اسلام آباد\", \"addr:city:ps\": \"اسلام آباد\", \"addr:city:sd\": \"اسلام آباد\", \"addr:city:ur\": \"اسلام آباد\", \"addr:street\": \"Agha Khan Road\", \"amenity\": \"restaurant\", \"brand\": \"Nando's\", \"brand:wikidata\": \"Q3472954\", \"brand:wikipedia\": \"en:Nando's\", \"cuisine\": \"chicken;portuguese\", \"name\": \"Nando's\"}"
      }
    },
    {
      "type": "Feature",
      "geometry": {
        "type": "Point",
        "coordinates": [
          73.0325471,
          33.6882811
        ]
      },
      "properties": {
        "osm_id": 1336800177,
        "osm_type": "node",
        "group": "amenity",
        "primary_key": "amenity",
        "primary_value": "restaurant",
        "name": "Mehraaj Hotel",
        "addr_full": "Rohtas Road",
        "all_tags_json": "{\"addr:housename\": \"Mehraaj Hotel\", \"addr:street\": \"Rohtas Road\", \"amenity\": \"restaurant\", \"name\": \"Mehraaj Hotel\", \"source\": \"Yahoo + Local Knowledge\"}"
      }
    },
    {
      "type": "Feature",
      "geometry": {
        "type": "Point",
        "coordinates": [
          73.0428398,
          33.68505
        ]
      },
      "properties": {
        "osm_id": 1340843878,
        "osm_type": "node",
        "group": "amenity",
        "primary_key": "amenity",
        "primary_value": "restaurant",
        "name": "Shanwari Resturant‎",
        "addr_full": "55",
        "all_tags_json": "{\"addr:street\": \"55\", \"amenity\": \"restaurant\", \"name\": \"Shanwari Resturant‎\", \"source\": \"Yahoo + Local knowlege\"}"
      }
    },
    {
      "type": "Feature",
      "geometry": {
        "type": "Point",
        "coordinates": [
          73.0634842,
          33.7132176
        ]
      },
      "properties": {
        "osm_id": 1732632465,
        "osm_type": "node",
        "group": "amenity",
        "primary_key": "amenity",
        "primary_value": "restaurant",
        "name": "Savour Foods",
        "addr_full": "AKM Fazul Haq Road",
        "all_tags_json": "{\"addr:street\": \"AKM Fazul Haq Road\", \"amenity\": \"restaurant\", \"name\": \"Savour Foods\", \"opening_hours\": \"24/7\"}"
      }
    },
    {
      "type": "Feature",
      "geometry": {
        "type": "Point",
        "coordinates": [
          73.067953,
          33.744315
        ]
      },
      "properties": {
        "osm_id": 2175180410,
        "osm_type": "node",
        "group": "amenity",
        "primary_key": "amenity",
        "primary_value": "restaurant",
        "name": "Des Pardes",
        "addr_full": "اسلام آباد",
        "all_tags_json": "{\"addr:city\": \"اسلام آباد\", \"addr:city:ar\": \"إسلام آباد\", \"addr:city:en\": \"Islamabad\", \"addr:city:ks\": \"اِسلام آبادٖ\", \"addr:city:pnb\": \"اسلام آباد\", \"addr:city:ps\": \"اسلام آباد\", \"addr:city:sd\": \"اسلام آباد\", \"addr:city:ur\": \"اسلام آباد\", \"addr:province\": \"Punjab\", \"amenity\": \"restaurant\", \"cuisine\": \"regional\", \"drive_in\": \"no\", \"internet_access:fee\": \"no\", \"microbrewery\": \"no\", \"name\": \"Des Pardes\", \"outdoor_seating\": \"yes\", \"smoking\": \"separated\", \"takeaway\": \"yes\", \"wheelchair\": \"yes\"}"
      }
    },
    {
      "type": "Feature",
      "geometry": {
        "type": "Point",
        "coordinates": [
          73.073812,
          33.6668683
        ]
      },
      "properties": {
        "osm_id": 2617186493,
        "osm_type": "node",
        "group": "amenity",
        "primary_key": "amenity",
        "primary_value": "restaurant",
        "name": "Hana Restaurant",
        "addr_full": "I/8 markaz, #5, اسلام آباد, 46000",
        "all_tags_json": "{\"addr:city\": \"اسلام آباد\", \"addr:city:ar\": \"إسلام آباد\", \"addr:city:en\": \"Islamabad\", \"addr:city:ks\": \"اِسلام آبادٖ\", \"addr:city:pnb\": \"اسلام آباد\", \"addr:city:ps\": \"اسلام آباد\", \"addr:city:sd\": \"اسلام آباد\", \"addr:city:ur\": \"اسلام آباد\", \"addr:housename\": \"Plaza 2000\", \"addr:housenumber\": \"#5\", \"addr:postcode\": \"46000\", \"addr:street\": \"I/8 markaz\", \"amenity\": \"restaurant\", \"capacity\": \"120\", \"cuisine\": \"japanese;pakistani;italian\", \"name\": \"Hana Restaurant\", \"phone\": \"+92 333 4861234\", \"website\": \"https://www.hana.com.pk/\"}"
      }
    },
    {
      "type": "Feature",
      "geometry": {
        "type": "Point",
        "coordinates": [
          73.0740707,
          33.666282
        ]
      },
      "properties": {
        "osm_id": 2993615950,
        "osm_type": "node",
        "group": "amenity",
        "primary_key": "amenity",
        "primary_value": "restaurant",
        "name": "Habibi Restaurant",
        "addr_full": "Tipu Sultan Road, اسلام آباد",
        "all_tags_json": "{\"addr:city\": \"اسلام آباد\", \"addr:city:ar\": \"إسلام آباد\", \"addr:city:en\": \"Islamabad\", \"addr:city:ks\": \"اِسلام آبادٖ\", \"addr:city:pnb\": \"اسلام آباد\", \"addr:city:ps\": \"اسلام آباد\", \"addr:city:sd\": \"اسلام آباد\", \"addr:city:ur\": \"اسلام آباد\", \"addr:street\": \"Tipu Sultan Road\", \"amenity\": \"restaurant\", \"cuisine\": \"regional;pakistani;afghan\", \"name\": \"Habibi Restaurant\", \"name:ur\": \"حبیبی ریستوران\"}"
      }
    },
    {
      "type": "Feature",
      "geometry": {
        "type": "Point",
        "coordinates": [
          73.0688236,
          33.7092377
        ]
      },
      "properties": {
        "osm_id": 3517204090,
        "osm_type": "node",
        "group": "amenity",
        "primary_key": "amenity",
        "primary_value": "restaurant",
        "name": "Zeeshan Meat & Chicken Shop",
        "addr_full": "Street 4, اسلام آباد",
        "all_tags_json": "{\"addr:city\": \"اسلام آباد\", \"addr:city:ar\": \"إسلام آباد\", \"addr:city:en\": \"Islamabad\", \"addr:city:ks\": \"اِسلام آبادٖ\", \"addr:city:pnb\": \"اسلام آباد\", \"addr:city:ps\": \"اسلام آباد\", \"addr:city:sd\": \"اسلام آباد\", \"addr:city:ur\": \"اسلام آباد\", \"addr:street\": \"Street 4\", \"amenity\": \"restaurant\", \"name\": \"Zeeshan Meat & Chicken Shop\"}"
      }
    },
    {
      "type": "Feature",
      "geometry": {
        "type": "Point",
        "coordinates": [
          73.0379505,
          33.711254
        ]
      },
      "properties": {
        "osm_id": 3517204240,
        "osm_type": "node",
        "group": "amenity",
        "primary_key": "amenity",
        "primary_value": "restaurant",
        "name": "Karachi Biryani & Nihari House",
        "addr_full": "Johar Road, اسلام آباد",
        "all_tags_json": "{\"addr:city\": \"اسلام آباد\", \"addr:city:ar\": \"إسلام آباد\", \"addr:city:en\": \"Islamabad\", \"addr:city:ks\": \"اِسلام آبادٖ\", \"addr:city:pnb\": \"اسلام آباد\", \"addr:city:ps\": \"اسلام آباد\", \"addr:city:sd\": \"اسلام آباد\", \"addr:city:ur\": \"اسلام آباد\", \"addr:street\": \"Johar Road\", \"amenity\": \"restaurant\", \"name\": \"Karachi Biryani & Nihari House\"}"
      }
    },
    {
      "type": "Feature",
      "geometry": {
        "type": "Point",
        "coordinates": [
          73.0911371,
          33.7183104
        ]
      },
      "properties": {
        "osm_id": 3517204510,
        "osm_type": "node",
        "group": "amenity",
        "primary_key": "amenity",
        "primary_value": "restaurant",
        "name": "Naan Centre and Restaurant",
        "addr_full": "Begum Iqbal Sarfraz Road (Bazar Road), اسلام آباد, 44000",
        "all_tags_json": "{\"addr:city\": \"اسلام آباد\", \"addr:city:ar\": \"إسلام آباد\", \"addr:city:en\": \"Islamabad\", \"addr:city:ks\": \"اِسلام آبادٖ\", \"addr:city:pnb\": \"اسلام آباد\", \"addr:city:ps\": \"اسلام آباد\", \"addr:city:sd\": \"اسلام آباد\", \"addr:city:ur\": \"اسلام آباد\", \"addr:postcode\": \"44000\", \"addr:street\": \"Begum Iqbal Sarfraz Road (Bazar Road)\", \"amenity\": \"restaurant\", \"name\": \"Naan Centre and Restaurant\", \"name:en\": \"Naan Centre and Restaurant\"}"
      }
    },
    {
      "type": "Feature",
      "geometry": {
        "type": "Point",
        "coordinates": [
          73.0597695,
          33.7225554
        ]
      },
      "properties": {
        "osm_id": 3517205253,
        "osm_type": "node",
        "group": "amenity",
        "primary_key": "amenity",
        "primary_value": "restaurant",
        "name": "Papasalis Italian Restaurant",
        "addr_full": "F7 markaz, اسلام آباد",
        "all_tags_json": "{\"addr:city\": \"اسلام آباد\", \"addr:city:ar\": \"إسلام آباد\", \"addr:city:en\": \"Islamabad\", \"addr:city:ks\": \"اِسلام آبادٖ\", \"addr:city:pnb\": \"اسلام آباد\", \"addr:city:ps\": \"اسلام آباد\", \"addr:city:sd\": \"اسلام آباد\", \"addr:city:ur\": \"اسلام آباد\", \"addr:street\": \"F7 markaz\", \"amenity\": \"restaurant\", \"cuisine\": \"pizza\", \"name\": \"Papasalis Italian Restaurant\", \"smoking\": \"no\"}"
      }
    },
    {
      "type": "Feature",
      "geometry": {
        "type": "Point",
        "coordinates": [
          73.057977,
          33.7221913
        ]
      },
      "properties": {
        "osm_id": 3662871365,
        "osm_type": "node",
        "group": "amenity",
        "primary_key": "amenity",
        "primary_value": "restaurant",
        "name": "Atrio Cafe & Grill",
        "addr_full": "College Road, اسلام آباد",
        "all_tags_json": "{\"addr:city\": \"اسلام آباد\", \"addr:city:ar\": \"إسلام آباد\", \"addr:city:en\": \"Islamabad\", \"addr:city:ks\": \"اِسلام آبادٖ\", \"addr:city:pnb\": \"اسلام آباد\", \"addr:city:ps\": \"اسلام آباد\", \"addr:city:sd\": \"اسلام آباد\", \"addr:city:ur\": \"اسلام آباد\", \"addr:street\": \"College Road\", \"amenity\": \"restaurant\", \"cuisine\": \"regional\", \"name\": \"Atrio Cafe & Grill\"}"
      }
    },
    {
      "type": "Feature",
      "geometry": {
        "type": "Point",
        "coordinates": [
          72.9803594,
          33.6827142
        ]
      },
      "properties": {
        "osm_id": 4118603690,
        "osm_type": "node",
        "group": "amenity",
        "primary_key": "amenity",
        "primary_value": "restaurant",
        "name": "Cheema and Chatta",
        "addr_full": "Street 20, اسلام آباد",
        "all_tags_json": "{\"addr:city\": \"اسلام آباد\", \"addr:city:ar\": \"إسلام آباد\", \"addr:city:en\": \"Islamabad\", \"addr:city:ks\": \"اِسلام آبادٖ\", \"addr:city:pnb\": \"اسلام آباد\", \"addr:city:ps\": \"اسلام آباد\", \"addr:city:sd\": \"اسلام آباد\", \"addr:city:ur\": \"اسلام آباد\", \"addr:street\": \"Street 20\", \"amenity\": \"restaurant\", \"capacity\": \"50\", \"cuisine\": \"pakistani\", \"internet_access\": \"wlan\", \"name\": \"Cheema and Chatta\", \"name:en\": \"Cheema and Chatta\", \"opening_hours\": \"Mo-Su 07:00-23:00\", \"smoking\": \"outside\", \"takeaway\": \"yes\"}"
      }
    },
    {
      "type": "Feature",
      "geometry": {
        "type": "Point",
        "coordinates": [
          73.0464423,
          33.7094263
        ]
      },
      "properties": {
        "osm_id": 4311768912,
        "osm_type": "node",
        "group": "amenity",
        "primary_key": "amenity",
        "primary_value": "restaurant",
        "name": "چائنا ٹاؤن",
        "addr_full": "اسٹریٹ 48, اسلام آباد",
        "all_tags_json": "{\"addr:city\": \"اسلام آباد\", \"addr:city:ar\": \"إسلام آباد\", \"addr:city:ks\": \"اِسلام آبادٖ\", \"addr:city:pnb\": \"اسلام آباد\", \"addr:city:ps\": \"اسلام آباد\", \"addr:city:sd\": \"اسلام آباد\", \"addr:city:ur\": \"اسلام آباد\", \"addr:street\": \"اسٹریٹ 48\", \"amenity\": \"restaurant\", \"name\": \"چائنا ٹاؤن\", \"name:en\": \"China Town\", \"name:ur\": \"چائنا ٹاؤن\"}"
      }
    },
    {
      "type": "Feature",
      "geometry": {
        "type": "Point",
        "coordinates": [
          73.0588019,
          33.7219919
        ]
      },
      "properties": {
        "osm_id": 4322750389,
        "osm_type": "node",
        "group": "amenity",
        "primary_key": "amenity",
        "primary_value": "restaurant",
        "name": "Khiva",
        "addr_full": null,
        "all_tags_json": "{\"amenity\": \"restaurant\", \"name\": \"Khiva\", \"name:en\": \"Khiva\"}"
      }
    },
    {
      "type": "Feature",
      "geometry": {
        "type": "Point",
        "coordinates": [
          73.0593553,
          33.7213731
        ]
      },
      "properties": {
        "osm_id": 4397142566,
        "osm_type": "node",
        "group": "amenity",
        "primary_key": "amenity",
        "primary_value": "restaurant",
        "name": "Kishmish",
        "addr_full": "Bhitai Road, اسلام آباد",
        "all_tags_json": "{\"addr:city\": \"اسلام آباد\", \"addr:city:ar\": \"إسلام آباد\", \"addr:city:en\": \"Islamabad\", \"addr:city:ks\": \"اِسلام آبادٖ\", \"addr:city:pnb\": \"اسلام آباد\", \"addr:city:ps\": \"اسلام آباد\", \"addr:city:sd\": \"اسلام آباد\", \"addr:city:ur\": \"اسلام آباد\", \"addr:street\": \"Bhitai Road\", \"amenity\": \"restaurant\", \"name\": \"Kishmish\"}"
      }
    },
    {
      "type": "Feature",
      "geometry": {
        "type": "Point",
        "coordinates": [
          73.0552023,
          33.7193315
        ]
      },
      "properties": {
        "osm_id": 4397155876,
        "osm_type": "node",
        "group": "amenity",
        "primary_key": "amenity",
        "primary_value": "restaurant",
        "name": "Roasters",
        "addr_full": "F7 markaz, اسلام آباد",
        "all_tags_json": "{\"addr:city\": \"اسلام آباد\", \"addr:city:ar\": \"إسلام آباد\", \"addr:city:en\": \"Islamabad\", \"addr:city:ks\": \"اِسلام آبادٖ\", \"addr:city:pnb\": \"اسلام آباد\", \"addr:city:ps\": \"اسلام آباد\", \"addr:city:sd\": \"اسلام آباد\", \"addr:city:ur\": \"اسلام آباد\", \"addr:street\": \"F7 markaz\", \"amenity\": \"restaurant\", \"name\": \"Roasters\"}"
      }
    },
    {
      "type": "Feature",
      "geometry": {
        "type": "Point",
        "coordinates": [
          73.0504032,
          33.6887558
        ]
      },
      "properties": {
        "osm_id": 4503826819,
        "osm_type": "node",
        "group": "amenity",
        "primary_key": "amenity",
        "primary_value": "restaurant",
        "name": "Bismillah Abbasi Restaurant & Naan Centre",
        "addr_full": "Street 13, اسلام آباد",
        "all_tags_json": "{\"addr:city\": \"اسلام آباد\", \"addr:city:ar\": \"إسلام آباد\", \"addr:city:en\": \"Islamabad\", \"addr:city:ks\": \"اِسلام آبادٖ\", \"addr:city:pnb\": \"اسلام آباد\", \"addr:city:ps\": \"اسلام آباد\", \"addr:city:sd\": \"اسلام آباد\", \"addr:city:ur\": \"اسلام آباد\", \"addr:street\": \"Street 13\", \"amenity\": \"restaurant\", \"name\": \"Bismillah Abbasi Restaurant & Naan Centre\"}"
      }
    },
    {
      "type": "Feature",
      "geometry": {
        "type": "Point",
        "coordinates": [
          73.1070966,
          33.6868444
        ]
      },
      "properties": {
        "osm_id": 4548145789,
        "osm_type": "node",
        "group": "amenity",
        "primary_key": "amenity",
        "primary_value": "restaurant",
        "name": "Best Western",
        "addr_full": null,
        "all_tags_json": "{\"amenity\": \"restaurant\", \"brand\": \"Best Western\", \"brand:wikidata\": \"Q830334\", \"name\": \"Best Western\", \"name:en\": \"Best Western\", \"name:ko\": \"한인마트\", \"phone\": \"+9251111297111\", \"tourism\": \"hotel\", \"website\": \"https://www.bestwesternpremierisb.com/\"}"
      }
    },
    {
      "type": "Feature",
      "geometry": {
        "type": "Point",
        "coordinates": [
          73.0751655,
          33.6672649
        ]
      },
      "properties": {
        "osm_id": 4585250590,
        "osm_type": "node",
        "group": "amenity",
        "primary_key": "amenity",
        "primary_value": "restaurant",
        "name": "پیزا ہٹ",
        "addr_full": "اسلام آباد",
        "all_tags_json": "{\"addr:city\": \"اسلام آباد\", \"addr:city:ar\": \"إسلام آباد\", \"addr:city:en\": \"Islamabad\", \"addr:city:ks\": \"اِسلام آبادٖ\", \"addr:city:pnb\": \"اسلام آباد\", \"addr:city:ps\": \"اسلام آباد\", \"addr:city:sd\": \"اسلام آباد\", \"addr:city:ur\": \"اسلام آباد\", \"amenity\": \"restaurant\", \"brand\": \"پیزا ہٹ\", \"brand:ar\": \"بيتزا هت\", \"brand:en\": \"Pizza Hut\", \"brand:fa\": \"پیتزا هات\", \"brand:pnb\": \"پزا ہٹ\", \"brand:ur\": \"پیزا ہٹ\", \"brand:wikidata\": \"Q191615\", \"brand:wikipedia\": \"ur:پیزا ہٹ\", \"brand:wikipedia:ar\": \"بيتزا هت\", \"brand:wikipedia:fa\": \"پیتزا هات\", \"brand:wikipedia:pnb\": \"پزا ہٹ\", \"brand:wikipedia:ur\": \"پیزا ہٹ\", \"cuisine\": \"pizza\", \"name\": \"پیزا ہٹ\", \"name:ar\": \"بيتزا هت\", \"name:en\": \"Pizza Hut\", \"name:fa\": \"پیتزا هات\", \"name:pnb\": \"پزا ہٹ\", \"name:ur\": \"پیزا ہٹ\"}"
      }
    },
    {
      "type": "Feature",
      "geometry": {
        "type": "Point",
        "coordinates": [
          73.0474613,
          33.6986522
        ]
      },
      "properties": {
        "osm_id": 4676054494,
        "osm_type": "node",
        "group": "amenity",
        "primary_key": "amenity",
        "primary_value": "restaurant",
        "name": "Tandoori Restaurant",
        "addr_full": "Gali 4, اسلام آباد",
        "all_tags_json": "{\"addr:city\": \"اسلام آباد\", \"addr:city:ar\": \"إسلام آباد\", \"addr:city:en\": \"Islamabad\", \"addr:city:ks\": \"اِسلام آبادٖ\", \"addr:city:pnb\": \"اسلام آباد\", \"addr:city:ps\": \"اسلام آباد\", \"addr:city:sd\": \"اسلام آباد\", \"addr:city:ur\": \"اسلام آباد\", \"addr:street\": \"Gali 4\", \"amenity\": \"restaurant\", \"contact:facebook\": \"https://www.facebook.com/tandoorirestaurants/\", \"name\": \"Tandoori Restaurant\", \"name:en\": \"Tandoori\"}"
      }
    },
    {
      "type": "Feature",
      "geometry": {
        "type": "Point",
        "coordinates": [
          73.0732134,
          33.6867733
        ]
      },
      "properties": {
        "osm_id": 4677051137,
        "osm_type": "node",
        "group": "amenity",
        "primary_key": "amenity",
        "primary_value": "restaurant",
        "name": "کیفے 1969",
        "addr_full": null,
        "all_tags_json": "{\"amenity\": \"restaurant\", \"name\": \"کیفے 1969\", \"name:ar\": \"مقهى 1969\", \"name:en\": \"1969 Café\", \"name:ur\": \"کیفے 1969\"}"
      }
    },
    {
      "type": "Feature",
      "geometry": {
        "type": "Point",
        "coordinates": [
          73.0681815,
          33.7440674
        ]
      },
      "properties": {
        "osm_id": 4697462594,
        "osm_type": "node",
        "group": "amenity",
        "primary_key": "amenity",
        "primary_value": "restaurant",
        "name": "pizzaholic",
        "addr_full": null,
        "all_tags_json": "{\"amenity\": \"restaurant\", \"name\": \"pizzaholic\", \"name:en\": \"pizzaholic\"}"
      }
    },
    {
      "type": "Feature",
      "geometry": {
        "type": "Point",
        "coordinates": [
          73.0681815,
          33.7442729
        ]
      },
      "properties": {
        "osm_id": 4697477290,
        "osm_type": "node",
        "group": "amenity",
        "primary_key": "amenity",
        "primary_value": "restaurant",
        "name": "Polo Lounge",
        "addr_full": null,
        "all_tags_json": "{\"amenity\": \"restaurant\", \"name\": \"Polo Lounge\", \"name:en\": \"Polo Lounge\"}"
      }
    },
    {
      "type": "Feature",
      "geometry": {
        "type": "Point",
        "coordinates": [
          73.0498786,
          33.699055
        ]
      },
      "properties": {
        "osm_id": 4706492819,
        "osm_type": "node",
        "group": "amenity",
        "primary_key": "amenity",
        "primary_value": "restaurant",
        "name": "Paratha House",
        "addr_full": "Ravi Road, G-8 Markaz",
        "all_tags_json": "{\"addr:housenumber\": \"G-8 Markaz\", \"addr:street\": \"Ravi Road\", \"amenity\": \"restaurant\", \"cuisine\": \"tea;indian;kebab;local\", \"name\": \"Paratha House\", \"name:en\": \"Paratha House\"}"
      }
    },
    {
      "type": "Feature",
      "geometry": {
        "type": "Point",
        "coordinates": [
          73.0490128,
          33.7076945
        ]
      },
      "properties": {
        "osm_id": 4774757537,
        "osm_type": "node",
        "group": "amenity",
        "primary_key": "amenity",
        "primary_value": "restaurant",
        "name": "پیزا ہٹ",
        "addr_full": "اسلام آباد",
        "all_tags_json": "{\"addr:city\": \"اسلام آباد\", \"addr:city:ar\": \"إسلام آباد\", \"addr:city:en\": \"Islamabad\", \"addr:city:ks\": \"اِسلام آبادٖ\", \"addr:city:pnb\": \"اسلام آباد\", \"addr:city:ps\": \"اسلام آباد\", \"addr:city:sd\": \"اسلام آباد\", \"addr:city:ur\": \"اسلام آباد\", \"amenity\": \"restaurant\", \"brand\": \"پیزا ہٹ\", \"brand:ar\": \"بيتزا هت\", \"brand:en\": \"Pizza Hut\", \"brand:fa\": \"پیتزا هات\", \"brand:pnb\": \"پزا ہٹ\", \"brand:ur\": \"پیزا ہٹ\", \"brand:wikidata\": \"Q191615\", \"brand:wikipedia\": \"ur:پیزا ہٹ\", \"brand:wikipedia:ar\": \"بيتزا هت\", \"brand:wikipedia:fa\": \"پیتزا هات\", \"brand:wikipedia:pnb\": \"پزا ہٹ\", \"brand:wikipedia:ur\": \"پیزا ہٹ\", \"cuisine\": \"pizza\", \"name\": \"پیزا ہٹ\", \"name:ar\": \"بيتزا هت\", \"name:en\": \"Pizza Hut\", \"name:fa\": \"پیتزا هات\", \"name:pnb\": \"پزا ہٹ\", \"name:ur\": \"پیزا ہٹ\"}"
      }
    },
    {
      "type": "Feature",
      "geometry": {
        "type": "Point",
        "coordinates": [
          73.0571436,
          33.6688258
        ]
      },
      "properties": {
        "osm_id": 4775521525,
        "osm_type": "node",
        "group": "amenity",
        "primary_key": "amenity",
        "primary_value": "restaurant",
        "name": "Old dhaba",
        "addr_full": "Service Road South H9",
        "all_tags_json": "{\"addr:street\": \"Service Road South H9\", \"amenity\": \"restaurant\", \"name\": \"Old dhaba\"}"
      }
    },
    {
      "type": "Feature",
      "geometry": {
        "type": "Point",
        "coordinates": [
          72.9951411,
          33.6678428
        ]
      },
      "properties": {
        "osm_id": 4880197863,
        "osm_type": "node",
        "group": "amenity",
        "primary_key": "amenity",
        "primary_value": "restaurant",
        "name": "Markaz Dhaba",
        "addr_full": "Shabir Sharif Road, اسلام آباد",
        "all_tags_json": "{\"addr:city\": \"اسلام آباد\", \"addr:city:ar\": \"إسلام آباد\", \"addr:city:en\": \"Islamabad\", \"addr:city:ks\": \"اِسلام آبادٖ\", \"addr:city:pnb\": \"اسلام آباد\", \"addr:city:ps\": \"اسلام آباد\", \"addr:city:sd\": \"اسلام آباد\", \"addr:city:ur\": \"اسلام آباد\", \"addr:street\": \"Shabir Sharif Road\", \"amenity\": \"restaurant\", \"name\": \"Markaz Dhaba\"}"
      }
    },
    {
      "type": "Feature",
      "geometry": {
        "type": "Point",
        "coordinates": [
          72.9979714,
          33.6670121
        ]
      },
      "properties": {
        "osm_id": 4880197878,
        "osm_type": "node",
        "group": "amenity",
        "primary_key": "amenity",
        "primary_value": "restaurant",
        "name": "Khyber Shinwari Restaurant",
        "addr_full": "Shabir Sharif Road, اسلام آباد",
        "all_tags_json": "{\"addr:city\": \"اسلام آباد\", \"addr:city:ar\": \"إسلام آباد\", \"addr:city:en\": \"Islamabad\", \"addr:city:ks\": \"اِسلام آبادٖ\", \"addr:city:pnb\": \"اسلام آباد\", \"addr:city:ps\": \"اسلام آباد\", \"addr:city:sd\": \"اسلام آباد\", \"addr:city:ur\": \"اسلام آباد\", \"addr:street\": \"Shabir Sharif Road\", \"amenity\": \"restaurant\", \"name\": \"Khyber Shinwari Restaurant\"}"
      }
    },
    {
      "type": "Feature",
      "geometry": {
        "type": "Point",
        "coordinates": [
          72.9974998,
          33.667754
        ]
      },
      "properties": {
        "osm_id": 4880197884,
        "osm_type": "node",
        "group": "amenity",
        "primary_key": "amenity",
        "primary_value": "restaurant",
        "name": "Zeeshan Restaurant",
        "addr_full": "Shabir Sharif Road, اسلام آباد",
        "all_tags_json": "{\"addr:city\": \"اسلام آباد\", \"addr:city:ar\": \"إسلام آباد\", \"addr:city:en\": \"Islamabad\", \"addr:city:ks\": \"اِسلام آبادٖ\", \"addr:city:pnb\": \"اسلام آباد\", \"addr:city:ps\": \"اسلام آباد\", \"addr:city:sd\": \"اسلام آباد\", \"addr:city:ur\": \"اسلام آباد\", \"addr:street\": \"Shabir Sharif Road\", \"amenity\": \"restaurant\", \"name\": \"Zeeshan Restaurant\"}"
      }
    },
    {
      "type": "Feature",
      "geometry": {
        "type": "Point",
        "coordinates": [
          72.9971665,
          33.6681921
        ]
      },
      "properties": {
        "osm_id": 4880197885,
        "osm_type": "node",
        "group": "amenity",
        "primary_key": "amenity",
        "primary_value": "restaurant",
        "name": "The Naan Cafe",
        "addr_full": "Sachal Sarmast Road (G-11), اسلام آباد",
        "all_tags_json": "{\"addr:city\": \"اسلام آباد\", \"addr:city:ar\": \"إسلام آباد\", \"addr:city:en\": \"Islamabad\", \"addr:city:ks\": \"اِسلام آبادٖ\", \"addr:city:pnb\": \"اسلام آباد\", \"addr:city:ps\": \"اسلام آباد\", \"addr:city:sd\": \"اسلام آباد\", \"addr:city:ur\": \"اسلام آباد\", \"addr:street\": \"Sachal Sarmast Road (G-11)\", \"amenity\": \"restaurant\", \"name\": \"The Naan Cafe\"}"
      }
    },
    {
      "type": "Feature",
      "geometry": {
        "type": "Point",
        "coordinates": [
          72.9973515,
          33.6679502
        ]
      },
      "properties": {
        "osm_id": 4880197887,
        "osm_type": "node",
        "group": "amenity",
        "primary_key": "amenity",
        "primary_value": "restaurant",
        "name": "Naan Shaan",
        "addr_full": "Sachal Sarmast Road (G-11), اسلام آباد",
        "all_tags_json": "{\"addr:city\": \"اسلام آباد\", \"addr:city:ar\": \"إسلام آباد\", \"addr:city:en\": \"Islamabad\", \"addr:city:ks\": \"اِسلام آبادٖ\", \"addr:city:pnb\": \"اسلام آباد\", \"addr:city:ps\": \"اسلام آباد\", \"addr:city:sd\": \"اسلام آباد\", \"addr:city:ur\": \"اسلام آباد\", \"addr:street\": \"Sachal Sarmast Road (G-11)\", \"amenity\": \"restaurant\", \"name\": \"Naan Shaan\"}"
      }
    },
    {
      "type": "Feature",
      "geometry": {
        "type": "Point",
        "coordinates": [
          72.9964124,
          33.6687391
        ]
      },
      "properties": {
        "osm_id": 4880197895,
        "osm_type": "node",
        "group": "amenity",
        "primary_key": "amenity",
        "primary_value": "restaurant",
        "name": "Silver Grill",
        "addr_full": "Sachal Sarmast Road (G-11), اسلام آباد",
        "all_tags_json": "{\"addr:city\": \"اسلام آباد\", \"addr:city:ar\": \"إسلام آباد\", \"addr:city:en\": \"Islamabad\", \"addr:city:ks\": \"اِسلام آبادٖ\", \"addr:city:pnb\": \"اسلام آباد\", \"addr:city:ps\": \"اسلام آباد\", \"addr:city:sd\": \"اسلام آباد\", \"addr:city:ur\": \"اسلام آباد\", \"addr:street\": \"Sachal Sarmast Road (G-11)\", \"amenity\": \"restaurant\", \"name\": \"Silver Grill\"}"
      }
    },
    {
      "type": "Feature",
      "geometry": {
        "type": "Point",
        "coordinates": [
          72.9965027,
          33.6685138
        ]
      },
      "properties": {
        "osm_id": 4880197896,
        "osm_type": "node",
        "group": "amenity",
        "primary_key": "amenity",
        "primary_value": "restaurant",
        "name": "Food Gear",
        "addr_full": "Sachal Sarmast Road (G-11), اسلام آباد",
        "all_tags_json": "{\"addr:city\": \"اسلام آباد\", \"addr:city:ar\": \"إسلام آباد\", \"addr:city:en\": \"Islamabad\", \"addr:city:ks\": \"اِسلام آبادٖ\", \"addr:city:pnb\": \"اسلام آباد\", \"addr:city:ps\": \"اسلام آباد\", \"addr:city:sd\": \"اسلام آباد\", \"addr:city:ur\": \"اسلام آباد\", \"addr:street\": \"Sachal Sarmast Road (G-11)\", \"amenity\": \"restaurant\", \"name\": \"Food Gear\"}"
      }
    },
    {
      "type": "Feature",
      "geometry": {
        "type": "Point",
        "coordinates": [
          72.9986473,
          33.6679723
        ]
      },
      "properties": {
        "osm_id": 4880224231,
        "osm_type": "node",
        "group": "amenity",
        "primary_key": "amenity",
        "primary_value": "restaurant",
        "name": "Amigos Cuisine",
        "addr_full": "Shabir Sharif Road, اسلام آباد",
        "all_tags_json": "{\"addr:city\": \"اسلام آباد\", \"addr:city:ar\": \"إسلام آباد\", \"addr:city:en\": \"Islamabad\", \"addr:city:ks\": \"اِسلام آبادٖ\", \"addr:city:pnb\": \"اسلام آباد\", \"addr:city:ps\": \"اسلام آباد\", \"addr:city:sd\": \"اسلام آباد\", \"addr:city:ur\": \"اسلام آباد\", \"addr:street\": \"Shabir Sharif Road\", \"amenity\": \"restaurant\", \"name\": \"Amigos Cuisine\"}"
      }
    },
    {
      "type": "Feature",
      "geometry": {
        "type": "Point",
        "coordinates": [
          72.9984889,
          33.6681673
        ]
      },
      "properties": {
        "osm_id": 4880224236,
        "osm_type": "node",
        "group": "amenity",
        "primary_key": "amenity",
        "primary_value": "restaurant",
        "name": "Dera Khyber Restaurant",
        "addr_full": "Shabir Sharif Road, اسلام آباد",
        "all_tags_json": "{\"addr:city\": \"اسلام آباد\", \"addr:city:ar\": \"إسلام آباد\", \"addr:city:en\": \"Islamabad\", \"addr:city:ks\": \"اِسلام آبادٖ\", \"addr:city:pnb\": \"اسلام آباد\", \"addr:city:ps\": \"اسلام آباد\", \"addr:city:sd\": \"اسلام آباد\", \"addr:city:ur\": \"اسلام آباد\", \"addr:street\": \"Shabir Sharif Road\", \"amenity\": \"restaurant\", \"name\": \"Dera Khyber Restaurant\"}"
      }
    },
    {
      "type": "Feature",
      "geometry": {
        "type": "Point",
        "coordinates": [
          72.9983973,
          33.6682802
        ]
      },
      "properties": {
        "osm_id": 4880224237,
        "osm_type": "node",
        "group": "amenity",
        "primary_key": "amenity",
        "primary_value": "restaurant",
        "name": "New Quetta Shah G Cafe",
        "addr_full": "Shabir Sharif Road, اسلام آباد",
        "all_tags_json": "{\"addr:city\": \"اسلام آباد\", \"addr:city:ar\": \"إسلام آباد\", \"addr:city:en\": \"Islamabad\", \"addr:city:ks\": \"اِسلام آبادٖ\", \"addr:city:pnb\": \"اسلام آباد\", \"addr:city:ps\": \"اسلام آباد\", \"addr:city:sd\": \"اسلام آباد\", \"addr:city:ur\": \"اسلام آباد\", \"addr:street\": \"Shabir Sharif Road\", \"amenity\": \"restaurant\", \"name\": \"New Quetta Shah G Cafe\"}"
      }
    },
    {
      "type": "Feature",
      "geometry": {
        "type": "Point",
        "coordinates": [
          72.9971773,
          33.6684537
        ]
      },
      "properties": {
        "osm_id": 4880224239,
        "osm_type": "node",
        "group": "amenity",
        "primary_key": "amenity",
        "primary_value": "restaurant",
        "name": "New Quetta BOLAN Resturant",
        "addr_full": "Sachal Sarmast Road (G-11), اسلام آباد",
        "all_tags_json": "{\"addr:city\": \"اسلام آباد\", \"addr:city:ar\": \"إسلام آباد\", \"addr:city:en\": \"Islamabad\", \"addr:city:ks\": \"اِسلام آبادٖ\", \"addr:city:pnb\": \"اسلام آباد\", \"addr:city:ps\": \"اسلام آباد\", \"addr:city:sd\": \"اسلام آباد\", \"addr:city:ur\": \"اسلام آباد\", \"addr:street\": \"Sachal Sarmast Road (G-11)\", \"amenity\": \"restaurant\", \"name\": \"New Quetta BOLAN Resturant\"}"
      }
    },
    {
      "type": "Feature",
      "geometry": {
        "type": "Point",
        "coordinates": [
          72.9970602,
          33.6686848
        ]
      },
      "properties": {
        "osm_id": 4880224240,
        "osm_type": "node",
        "group": "amenity",
        "primary_key": "amenity",
        "primary_value": "restaurant",
        "name": "CRISPY BROAST",
        "addr_full": "Sachal Sarmast Road (G-11), اسلام آباد",
        "all_tags_json": "{\"addr:city\": \"اسلام آباد\", \"addr:city:ar\": \"إسلام آباد\", \"addr:city:en\": \"Islamabad\", \"addr:city:ks\": \"اِسلام آبادٖ\", \"addr:city:pnb\": \"اسلام آباد\", \"addr:city:ps\": \"اسلام آباد\", \"addr:city:sd\": \"اسلام آباد\", \"addr:city:ur\": \"اسلام آباد\", \"addr:street\": \"Sachal Sarmast Road (G-11)\", \"amenity\": \"restaurant\", \"name\": \"CRISPY BROAST\"}"
      }
    },
    {
      "type": "Feature",
      "geometry": {
        "type": "Point",
        "coordinates": [
          72.99783,
          33.668784
        ]
      },
      "properties": {
        "osm_id": 4880224243,
        "osm_type": "node",
        "group": "amenity",
        "primary_key": "amenity",
        "primary_value": "restaurant",
        "name": "PIZZA COTTAGE",
        "addr_full": "Sachal Sarmast Road (G-11), اسلام آباد",
        "all_tags_json": "{\"addr:city\": \"اسلام آباد\", \"addr:city:ar\": \"إسلام آباد\", \"addr:city:en\": \"Islamabad\", \"addr:city:ks\": \"اِسلام آبادٖ\", \"addr:city:pnb\": \"اسلام آباد\", \"addr:city:ps\": \"اسلام آباد\", \"addr:city:sd\": \"اسلام آباد\", \"addr:city:ur\": \"اسلام آباد\", \"addr:street\": \"Sachal Sarmast Road (G-11)\", \"amenity\": \"restaurant\", \"name\": \"PIZZA COTTAGE\"}"
      }
    },
    {
      "type": "Feature",
      "geometry": {
        "type": "Point",
        "coordinates": [
          72.9980773,
          33.6689207
        ]
      },
      "properties": {
        "osm_id": 4880224244,
        "osm_type": "node",
        "group": "amenity",
        "primary_key": "amenity",
        "primary_value": "restaurant",
        "name": "Karachi Nights Restaurant",
        "addr_full": "Sachal Sarmast Road (G-11), اسلام آباد",
        "all_tags_json": "{\"addr:city\": \"اسلام آباد\", \"addr:city:ar\": \"إسلام آباد\", \"addr:city:en\": \"Islamabad\", \"addr:city:ks\": \"اِسلام آبادٖ\", \"addr:city:pnb\": \"اسلام آباد\", \"addr:city:ps\": \"اسلام آباد\", \"addr:city:sd\": \"اسلام آباد\", \"addr:city:ur\": \"اسلام آباد\", \"addr:street\": \"Sachal Sarmast Road (G-11)\", \"amenity\": \"restaurant\", \"name\": \"Karachi Nights Restaurant\"}"
      }
    },
    {
      "type": "Feature",
      "geometry": {
        "type": "Point",
        "coordinates": [
          72.9979118,
          33.6691183
        ]
      },
      "properties": {
        "osm_id": 4880224246,
        "osm_type": "node",
        "group": "amenity",
        "primary_key": "amenity",
        "primary_value": "restaurant",
        "name": "Maizban Tandoori Kababish Restaurant",
        "addr_full": "Sachal Sarmast Road (G-11), اسلام آباد",
        "all_tags_json": "{\"addr:city\": \"اسلام آباد\", \"addr:city:ar\": \"إسلام آباد\", \"addr:city:en\": \"Islamabad\", \"addr:city:ks\": \"اِسلام آبادٖ\", \"addr:city:pnb\": \"اسلام آباد\", \"addr:city:ps\": \"اسلام آباد\", \"addr:city:sd\": \"اسلام آباد\", \"addr:city:ur\": \"اسلام آباد\", \"addr:street\": \"Sachal Sarmast Road (G-11)\", \"amenity\": \"restaurant\", \"name\": \"Maizban Tandoori Kababish Restaurant\"}"
      }
    },
    {
      "type": "Feature",
      "geometry": {
        "type": "Point",
        "coordinates": [
          72.9990054,
          33.6696362
        ]
      },
      "properties": {
        "osm_id": 4880224254,
        "osm_type": "node",
        "group": "amenity",
        "primary_key": "amenity",
        "primary_value": "restaurant",
        "name": "Ali Baba Restaurant",
        "addr_full": "Sachal Sarmast Road (G-11), اسلام آباد",
        "all_tags_json": "{\"addr:city\": \"اسلام آباد\", \"addr:city:ar\": \"إسلام آباد\", \"addr:city:en\": \"Islamabad\", \"addr:city:ks\": \"اِسلام آبادٖ\", \"addr:city:pnb\": \"اسلام آباد\", \"addr:city:ps\": \"اسلام آباد\", \"addr:city:sd\": \"اسلام آباد\", \"addr:city:ur\": \"اسلام آباد\", \"addr:street\": \"Sachal Sarmast Road (G-11)\", \"amenity\": \"restaurant\", \"name\": \"Ali Baba Restaurant\"}"
      }
    },
    {
      "type": "Feature",
      "geometry": {
        "type": "Point",
        "coordinates": [
          72.9994671,
          33.6702242
        ]
      },
      "properties": {
        "osm_id": 4880251632,
        "osm_type": "node",
        "group": "amenity",
        "primary_key": "amenity",
        "primary_value": "restaurant",
        "name": "The Paratha Co.",
        "addr_full": "Sachal Sarmast Road (G-11), اسلام آباد",
        "all_tags_json": "{\"addr:city\": \"اسلام آباد\", \"addr:city:ar\": \"إسلام آباد\", \"addr:city:en\": \"Islamabad\", \"addr:city:ks\": \"اِسلام آبادٖ\", \"addr:city:pnb\": \"اسلام آباد\", \"addr:city:ps\": \"اسلام آباد\", \"addr:city:sd\": \"اسلام آباد\", \"addr:city:ur\": \"اسلام آباد\", \"addr:street\": \"Sachal Sarmast Road (G-11)\", \"amenity\": \"restaurant\", \"name\": \"The Paratha Co.\"}"
      }
    },
    {
      "type": "Feature",
      "geometry": {
        "type": "Point",
        "coordinates": [
          72.9992924,
          33.6700563
        ]
      },
      "properties": {
        "osm_id": 4880251633,
        "osm_type": "node",
        "group": "amenity",
        "primary_key": "amenity",
        "primary_value": "restaurant",
        "name": "Domino's Pizza G-11",
        "addr_full": "Sachal Sarmast Road (G-11), اسلام آباد",
        "all_tags_json": "{\"addr:city\": \"اسلام آباد\", \"addr:city:ar\": \"إسلام آباد\", \"addr:city:en\": \"Islamabad\", \"addr:city:ks\": \"اِسلام آبادٖ\", \"addr:city:pnb\": \"اسلام آباد\", \"addr:city:ps\": \"اسلام آباد\", \"addr:city:sd\": \"اسلام آباد\", \"addr:city:ur\": \"اسلام آباد\", \"addr:street\": \"Sachal Sarmast Road (G-11)\", \"amenity\": \"restaurant\", \"name\": \"Domino's Pizza G-11\"}"
      }
    },
    {
      "type": "Feature",
      "geometry": {
        "type": "Point",
        "coordinates": [
          72.9993861,
          33.6699329
        ]
      },
      "properties": {
        "osm_id": 4880251634,
        "osm_type": "node",
        "group": "amenity",
        "primary_key": "amenity",
        "primary_value": "restaurant",
        "name": "Bread n Cakes",
        "addr_full": "Sachal Sarmast Road (G-11), اسلام آباد",
        "all_tags_json": "{\"addr:city\": \"اسلام آباد\", \"addr:city:ar\": \"إسلام آباد\", \"addr:city:en\": \"Islamabad\", \"addr:city:ks\": \"اِسلام آبادٖ\", \"addr:city:pnb\": \"اسلام آباد\", \"addr:city:ps\": \"اسلام آباد\", \"addr:city:sd\": \"اسلام آباد\", \"addr:city:ur\": \"اسلام آباد\", \"addr:street\": \"Sachal Sarmast Road (G-11)\", \"amenity\": \"restaurant\", \"name\": \"Bread n Cakes\"}"
      }
    },
    {
      "type": "Feature",
      "geometry": {
        "type": "Point",
        "coordinates": [
          72.9997512,
          33.6699146
        ]
      },
      "properties": {
        "osm_id": 4880251635,
        "osm_type": "node",
        "group": "amenity",
        "primary_key": "amenity",
        "primary_value": "restaurant",
        "name": "Rewayat Restaurant",
        "addr_full": "Sachal Sarmast Road (G-11), اسلام آباد",
        "all_tags_json": "{\"addr:city\": \"اسلام آباد\", \"addr:city:ar\": \"إسلام آباد\", \"addr:city:en\": \"Islamabad\", \"addr:city:ks\": \"اِسلام آبادٖ\", \"addr:city:pnb\": \"اسلام آباد\", \"addr:city:ps\": \"اسلام آباد\", \"addr:city:sd\": \"اسلام آباد\", \"addr:city:ur\": \"اسلام آباد\", \"addr:street\": \"Sachal Sarmast Road (G-11)\", \"amenity\": \"restaurant\", \"name\": \"Rewayat Restaurant\"}"
      }
    },
    {
      "type": "Feature",
      "geometry": {
        "type": "Point",
        "coordinates": [
          72.98994,
          33.6649946
        ]
      },
      "properties": {
        "osm_id": 4880262567,
        "osm_type": "node",
        "group": "amenity",
        "primary_key": "amenity",
        "primary_value": "restaurant",
        "name": "Zaiqa Restaurant",
        "addr_full": "Service Road West G-11, اسلام آباد",
        "all_tags_json": "{\"addr:city\": \"اسلام آباد\", \"addr:city:ar\": \"إسلام آباد\", \"addr:city:en\": \"Islamabad\", \"addr:city:ks\": \"اِسلام آبادٖ\", \"addr:city:pnb\": \"اسلام آباد\", \"addr:city:ps\": \"اسلام آباد\", \"addr:city:sd\": \"اسلام آباد\", \"addr:city:ur\": \"اسلام آباد\", \"addr:street\": \"Service Road West G-11\", \"amenity\": \"restaurant\", \"name\": \"Zaiqa Restaurant\"}"
      }
    },
    {
      "type": "Feature",
      "geometry": {
        "type": "Point",
        "coordinates": [
          72.9914468,
          33.6629875
        ]
      },
      "properties": {
        "osm_id": 4880262574,
        "osm_type": "node",
        "group": "amenity",
        "primary_key": "amenity",
        "primary_value": "restaurant",
        "name": "Awami Hotel & Restaurant",
        "addr_full": "Service Road West G-11, اسلام آباد",
        "all_tags_json": "{\"addr:city\": \"اسلام آباد\", \"addr:city:ar\": \"إسلام آباد\", \"addr:city:en\": \"Islamabad\", \"addr:city:ks\": \"اِسلام آبادٖ\", \"addr:city:pnb\": \"اسلام آباد\", \"addr:city:ps\": \"اسلام آباد\", \"addr:city:sd\": \"اسلام آباد\", \"addr:city:ur\": \"اسلام آباد\", \"addr:street\": \"Service Road West G-11\", \"amenity\": \"restaurant\", \"name\": \"Awami Hotel & Restaurant\"}"
      }
    },
    {
      "type": "Feature",
      "geometry": {
        "type": "Point",
        "coordinates": [
          72.993303,
          33.6604263
        ]
      },
      "properties": {
        "osm_id": 4880262579,
        "osm_type": "node",
        "group": "amenity",
        "primary_key": "amenity",
        "primary_value": "restaurant",
        "name": "پزیلا پیزا",
        "addr_full": "سروس روڈ ویسٹ جی-11, اسلام آباد",
        "all_tags_json": "{\"addr:city\": \"اسلام آباد\", \"addr:city:ar\": \"إسلام آباد\", \"addr:city:en\": \"Islamabad\", \"addr:city:ks\": \"اِسلام آبادٖ\", \"addr:city:pnb\": \"اسلام آباد\", \"addr:city:ps\": \"اسلام آباد\", \"addr:city:sd\": \"اسلام آباد\", \"addr:city:ur\": \"اسلام آباد\", \"addr:street\": \"سروس روڈ ویسٹ جی-11\", \"amenity\": \"restaurant\", \"name\": \"پزیلا پیزا\", \"name:en\": \"pizzilla pizza\", \"name:ur\": \"پزیلا پیزا\"}"
      }
    },
    {
      "type": "Feature",
      "geometry": {
        "type": "Point",
        "coordinates": [
          72.9875616,
          33.668161
        ]
      },
      "properties": {
        "osm_id": 4880297950,
        "osm_type": "node",
        "group": "amenity",
        "primary_key": "amenity",
        "primary_value": "restaurant",
        "name": "Makkah Al-Shahbaz Restaurant",
        "addr_full": "Service Road West G-11, اسلام آباد",
        "all_tags_json": "{\"addr:city\": \"اسلام آباد\", \"addr:city:ar\": \"إسلام آباد\", \"addr:city:en\": \"Islamabad\", \"addr:city:ks\": \"اِسلام آبادٖ\", \"addr:city:pnb\": \"اسلام آباد\", \"addr:city:ps\": \"اسلام آباد\", \"addr:city:sd\": \"اسلام آباد\", \"addr:city:ur\": \"اسلام آباد\", \"addr:street\": \"Service Road West G-11\", \"amenity\": \"restaurant\", \"name\": \"Makkah Al-Shahbaz Restaurant\"}"
      }
    },
    {
      "type": "Feature",
      "geometry": {
        "type": "Point",
        "coordinates": [
          73.084986,
          33.7174383
        ]
      },
      "properties": {
        "osm_id": 244846765,
        "osm_type": "way",
        "group": "amenity",
        "primary_key": "amenity",
        "primary_value": "restaurant",
        "name": "Food Street",
        "addr_full": null,
        "all_tags_json": "{\"amenity\": \"restaurant\", \"building\": \"yes\", \"is_in\": \"Melody Market, G-6, Islamabad\", \"name\": \"Food Street\"}"
      }
    },
    {
      "type": "Feature",
      "geometry": {
        "type": "Point",
        "coordinates": [
          73.1154505,
          33.7232153
        ]
      },
      "properties": {
        "osm_id": 266310387,
        "osm_type": "way",
        "group": "amenity",
        "primary_key": "amenity",
        "primary_value": "restaurant",
        "name": "The French Club 21",
        "addr_full": "یونیورسٹی روڈ, اسلام آباد",
        "all_tags_json": "{\"addr:city\": \"اسلام آباد\", \"addr:city:ar\": \"إسلام آباد\", \"addr:city:en\": \"Islamabad\", \"addr:city:ks\": \"اِسلام آبادٖ\", \"addr:city:pnb\": \"اسلام آباد\", \"addr:city:ps\": \"اسلام آباد\", \"addr:city:sd\": \"اسلام آباد\", \"addr:city:ur\": \"اسلام آباد\", \"addr:street\": \"یونیورسٹی روڈ\", \"amenity\": \"restaurant\", \"building\": \"yes\", \"name\": \"The French Club 21\", \"name:es\": \"El Club Francés 21\", \"phone\": \"+92 51 2821093\"}"
      }
    },
    {
      "type": "Feature",
      "geometry": {
        "type": "Point",
        "coordinates": [
          73.1217332,
          33.7263073
        ]
      },
      "properties": {
        "osm_id": 266653606,
        "osm_type": "way",
        "group": "amenity",
        "primary_key": "amenity",
        "primary_value": "restaurant",
        "name": "Cordon Rouge",
        "addr_full": "اسلام آباد",
        "all_tags_json": "{\"addr:city\": \"اسلام آباد\", \"addr:city:ar\": \"إسلام آباد\", \"addr:city:en\": \"Islamabad\", \"addr:city:ks\": \"اِسلام آبادٖ\", \"addr:city:pnb\": \"اسلام آباد\", \"addr:city:ps\": \"اسلام آباد\", \"addr:city:sd\": \"اسلام آباد\", \"addr:city:ur\": \"اسلام آباد\", \"amenity\": \"restaurant\", \"building\": \"yes\", \"name\": \"Cordon Rouge\", \"name:es\": \"Cordón Rojo\"}"
      }
    },
    {
      "type": "Feature",
      "geometry": {
        "type": "Point",
        "coordinates": [
          73.0666033,
          33.7604505
        ]
      },
      "properties": {
        "osm_id": 375759670,
        "osm_type": "way",
        "group": "amenity",
        "primary_key": "amenity",
        "primary_value": "restaurant",
        "name": "La Montana Restaurant",
        "addr_full": null,
        "all_tags_json": "{\"amenity\": \"restaurant\", \"building\": \"yes\", \"layer\": \"-1\", \"name\": \"La Montana Restaurant\"}"
      }
    },
    {
      "type": "Feature",
      "geometry": {
        "type": "Point",
        "coordinates": [
          73.0663438,
          33.6616087
        ]
      },
      "properties": {
        "osm_id": 460578985,
        "osm_type": "way",
        "group": "amenity",
        "primary_key": "amenity",
        "primary_value": "restaurant",
        "name": "Haleem Ghar",
        "addr_full": null,
        "all_tags_json": "{\"amenity\": \"restaurant\", \"building\": \"yes\", \"name\": \"Haleem Ghar\"}"
      }
    },
    {
      "type": "Feature",
      "geometry": {
        "type": "Point",
        "coordinates": [
          73.0666495,
          33.6610912
        ]
      },
      "properties": {
        "osm_id": 460579430,
        "osm_type": "way",
        "group": "amenity",
        "primary_key": "amenity",
        "primary_value": "restaurant",
        "name": "New Stylish Restaurant",
        "addr_full": null,
        "all_tags_json": "{\"amenity\": \"restaurant\", \"building\": \"yes\", \"name\": \"New Stylish Restaurant\"}"
      }
    },
    {
      "type": "Feature",
      "geometry": {
        "type": "Point",
        "coordinates": [
          72.9862321,
          33.6990679
        ]
      },
      "properties": {
        "osm_id": 473046768,
        "osm_type": "way",
        "group": "amenity",
        "primary_key": "amenity",
        "primary_value": "restaurant",
        "name": "Nandara",
        "addr_full": null,
        "all_tags_json": "{\"amenity\": \"restaurant\", \"building\": \"yes\", \"name\": \"Nandara\"}"
      }
    },
    {
      "type": "Feature",
      "geometry": {
        "type": "Point",
        "coordinates": [
          72.9791195,
          33.7038204
        ]
      },
      "properties": {
        "osm_id": 473629195,
        "osm_type": "way",
        "group": "amenity",
        "primary_key": "amenity",
        "primary_value": "restaurant",
        "name": "Des Pardes",
        "addr_full": null,
        "all_tags_json": "{\"amenity\": \"restaurant\", \"building\": \"yes\", \"name\": \"Des Pardes\"}"
      }
    },
    {
      "type": "Feature",
      "geometry": {
        "type": "Point",
        "coordinates": [
          72.9731413,
          33.7004091
        ]
      },
      "properties": {
        "osm_id": 551204241,
        "osm_type": "way",
        "group": "amenity",
        "primary_key": "amenity",
        "primary_value": "restaurant",
        "name": "Peng Wings",
        "addr_full": "street #45, Plot 26, اسلام آباد",
        "all_tags_json": "{\"addr:city\": \"اسلام آباد\", \"addr:housenumber\": \"Plot 26\", \"addr:street\": \"street #45\", \"amenity\": \"restaurant\", \"building\": \"yes\", \"building:levels\": \"7\", \"cuisine\": \"burger;pizza;regional;chicken;sandwich;kebab;barbecue;pasta;salad\", \"diet:chicken\": \"yes\", \"diet:halal\": \"yes\", \"diet:healthy\": \"yes\", \"diet:local\": \"yes\", \"diet:meat\": \"yes\", \"diet:non-vegetarian\": \"yes\", \"diet:organic\": \"yes\", \"name\": \"Peng Wings\", \"opening_hours\": \"Mon-Sun 14:00-04:00\", \"phone\": \"03369993711\", \"website\": \"https://www.pengwingspk.com/\"}"
      }
    },
    {
      "type": "Feature",
      "geometry": {
        "type": "Point",
        "coordinates": [
          73.0677908,
          33.74427
        ]
      },
      "properties": {
        "osm_id": 556801698,
        "osm_type": "way",
        "group": "amenity",
        "primary_key": "amenity",
        "primary_value": "restaurant",
        "name": "Des Pardes",
        "addr_full": null,
        "all_tags_json": "{\"amenity\": \"restaurant\", \"building\": \"yes\", \"name\": \"Des Pardes\"}"
      }
    },
    {
      "type": "Feature",
      "geometry": {
        "type": "Point",
        "coordinates": [
          73.0680304,
          33.7442874
        ]
      },
      "properties": {
        "osm_id": 556801706,
        "osm_type": "way",
        "group": "amenity",
        "primary_key": "amenity",
        "primary_value": "restaurant",
        "name": null,
        "addr_full": null,
        "all_tags_json": "{\"amenity\": \"restaurant\", \"building\": \"yes\"}"
      }
    },
    {
      "type": "Feature",
      "geometry": {
        "type": "Point",
        "coordinates": [
          73.051086,
          33.7216285
        ]
      },
      "properties": {
        "osm_id": 556815496,
        "osm_type": "way",
        "group": "amenity",
        "primary_key": "amenity",
        "primary_value": "restaurant",
        "name": null,
        "addr_full": null,
        "all_tags_json": "{\"amenity\": \"restaurant\", \"building\": \"yes\"}"
      }
    },
    {
      "type": "Feature",
      "geometry": {
        "type": "Point",
        "coordinates": [
          73.1330205,
          33.7442655
        ]
      },
      "properties": {
        "osm_id": 1159499773,
        "osm_type": "way",
        "group": "amenity",
        "primary_key": "amenity",
        "primary_value": "restaurant",
        "name": "Quaidian Hut",
        "addr_full": null,
        "all_tags_json": "{\"amenity\": \"restaurant\", \"name\": \"Quaidian Hut\"}"
      }
    },
    {
      "type": "Feature",
      "geometry": {
        "type": "Point",
        "coordinates": [
          73.0651022,
          33.6988694
        ]
      },
      "properties": {
        "osm_id": 1190814332,
        "osm_type": "way",
        "group": "amenity",
        "primary_key": "amenity",
        "primary_value": "restaurant",
        "name": null,
        "addr_full": null,
        "all_tags_json": "{\"amenity\": \"restaurant\", \"building\": \"yes\"}"
      }
    },
    {
      "type": "Feature",
      "geometry": {
        "type": "Point",
        "coordinates": [
          73.0417644,
          33.7104738
        ]
      },
      "properties": {
        "osm_id": 240218764,
        "osm_type": "node",
        "group": "amenity",
        "primary_key": "amenity",
        "primary_value": "hospital",
        "name": "Ali Medical Centre",
        "addr_full": "Kohistan Road, اسلام آباد",
        "all_tags_json": "{\"addr:city\": \"اسلام آباد\", \"addr:city:ar\": \"إسلام آباد\", \"addr:city:en\": \"Islamabad\", \"addr:city:ks\": \"اِسلام آبادٖ\", \"addr:city:pnb\": \"اسلام آباد\", \"addr:city:ps\": \"اسلام آباد\", \"addr:city:sd\": \"اسلام آباد\", \"addr:city:ur\": \"اسلام آباد\", \"addr:street\": \"Kohistan Road\", \"amenity\": \"hospital\", \"healthcare\": \"hospital\", \"name\": \"Ali Medical Centre\", \"name:en\": \"Ali Medical Centre\"}"
      }
    },
    {
      "type": "Feature",
      "geometry": {
        "type": "Point",
        "coordinates": [
          73.0828053,
          33.7211006
        ]
      },
      "properties": {
        "osm_id": 253018400,
        "osm_type": "node",
        "group": "amenity",
        "primary_key": "amenity",
        "primary_value": "hospital",
        "name": "Poly Clinic Hospital",
        "addr_full": null,
        "all_tags_json": "{\"amenity\": \"hospital\", \"healthcare\": \"hospital\", \"is_in\": \"G-6, Islamabad\", \"name\": \"Poly Clinic Hospital\"}"
      }
    },
    {
      "type": "Feature",
      "geometry": {
        "type": "Point",
        "coordinates": [
          73.0794388,
          33.7054375
        ]
      },
      "properties": {
        "osm_id": 297648462,
        "osm_type": "node",
        "group": "amenity",
        "primary_key": "amenity",
        "primary_value": "hospital",
        "name": "Islamabad International َDental Hospital and College",
        "addr_full": "Service Road East G-7, اسلام آباد",
        "all_tags_json": "{\"addr:city\": \"اسلام آباد\", \"addr:city:ar\": \"إسلام آباد\", \"addr:city:en\": \"Islamabad\", \"addr:city:ks\": \"اِسلام آبادٖ\", \"addr:city:pnb\": \"اسلام آباد\", \"addr:city:ps\": \"اسلام آباد\", \"addr:city:sd\": \"اسلام آباد\", \"addr:city:ur\": \"اسلام آباد\", \"addr:street\": \"Service Road East G-7\", \"amenity\": \"hospital\", \"name\": \"Islamabad International َDental Hospital and College\"}"
      }
    },
    {
      "type": "Feature",
      "geometry": {
        "type": "Point",
        "coordinates": [
          73.0170436,
          33.7156183
        ]
      },
      "properties": {
        "osm_id": 312719028,
        "osm_type": "node",
        "group": "amenity",
        "primary_key": "amenity",
        "primary_value": "hospital",
        "name": "PAF Hospital",
        "addr_full": "Rashid Minhas Boulevard, اسلام آباد",
        "all_tags_json": "{\"addr:city\": \"اسلام آباد\", \"addr:city:ar\": \"إسلام آباد\", \"addr:city:en\": \"Islamabad\", \"addr:city:ks\": \"اِسلام آبادٖ\", \"addr:city:pnb\": \"اسلام آباد\", \"addr:city:ps\": \"اسلام آباد\", \"addr:city:sd\": \"اسلام آباد\", \"addr:city:ur\": \"اسلام آباد\", \"addr:street\": \"Rashid Minhas Boulevard\", \"amenity\": \"hospital\", \"emergency\": \"yes\", \"name\": \"PAF Hospital\"}"
      }
    },
    {
      "type": "Feature",
      "geometry": {
        "type": "Point",
        "coordinates": [
          73.0780754,
          33.7070214
        ]
      },
      "properties": {
        "osm_id": 1707177004,
        "osm_type": "node",
        "group": "amenity",
        "primary_key": "amenity",
        "primary_value": "hospital",
        "name": "International Islamic Medical Centre",
        "addr_full": null,
        "all_tags_json": "{\"amenity\": \"hospital\", \"emergency\": \"yes\", \"name\": \"International Islamic Medical Centre\"}"
      }
    },
    {
      "type": "Feature",
      "geometry": {
        "type": "Point",
        "coordinates": [
          73.030179,
          33.6924791
        ]
      },
      "properties": {
        "osm_id": 2147104935,
        "osm_type": "node",
        "group": "amenity",
        "primary_key": "amenity",
        "primary_value": "hospital",
        "name": "Bilquis Memorial Hospital",
        "addr_full": "Local path, اسلام آباد",
        "all_tags_json": "{\"addr:city\": \"اسلام آباد\", \"addr:city:ar\": \"إسلام آباد\", \"addr:city:en\": \"Islamabad\", \"addr:city:ks\": \"اِسلام آبادٖ\", \"addr:city:pnb\": \"اسلام آباد\", \"addr:city:ps\": \"اسلام آباد\", \"addr:city:sd\": \"اسلام آباد\", \"addr:city:ur\": \"اسلام آباد\", \"addr:street\": \"Local path\", \"amenity\": \"hospital\", \"emergency\": \"yes\", \"name\": \"Bilquis Memorial Hospital\", \"source\": \"Survey\"}"
      }
    },
    {
      "type": "Feature",
      "geometry": {
        "type": "Point",
        "coordinates": [
          72.9981512,
          33.6677207
        ]
      },
      "properties": {
        "osm_id": 4880197909,
        "osm_type": "node",
        "group": "amenity",
        "primary_key": "amenity",
        "primary_value": "hospital",
        "name": "Maryam Hospital and Diagnostic Center",
        "addr_full": "Shabir Sharif Road, اسلام آباد",
        "all_tags_json": "{\"addr:city\": \"اسلام آباد\", \"addr:city:ar\": \"إسلام آباد\", \"addr:city:en\": \"Islamabad\", \"addr:city:ks\": \"اِسلام آبادٖ\", \"addr:city:pnb\": \"اسلام آباد\", \"addr:city:ps\": \"اسلام آباد\", \"addr:city:sd\": \"اسلام آباد\", \"addr:city:ur\": \"اسلام آباد\", \"addr:street\": \"Shabir Sharif Road\", \"amenity\": \"hospital\", \"name\": \"Maryam Hospital and Diagnostic Center\"}"
      }
    },
    {
      "type": "Feature",
      "geometry": {
        "type": "Point",
        "coordinates": [
          73.0208068,
          33.6863031
        ]
      },
      "properties": {
        "osm_id": 4889677808,
        "osm_type": "node",
        "group": "amenity",
        "primary_key": "amenity",
        "primary_value": "hospital",
        "name": "Al Ain International Specialist Eye Hospital",
        "addr_full": "Service Road East G-10, اسلام آباد",
        "all_tags_json": "{\"addr:city\": \"اسلام آباد\", \"addr:city:ar\": \"إسلام آباد\", \"addr:city:en\": \"Islamabad\", \"addr:city:ks\": \"اِسلام آبادٖ\", \"addr:city:pnb\": \"اسلام آباد\", \"addr:city:ps\": \"اسلام آباد\", \"addr:city:sd\": \"اسلام آباد\", \"addr:city:ur\": \"اسلام آباد\", \"addr:street\": \"Service Road East G-10\", \"amenity\": \"hospital\", \"name\": \"Al Ain International Specialist Eye Hospital\", \"phone\": \"03005319353\"}"
      }
    },
    {
      "type": "Feature",
      "geometry": {
        "type": "Point",
        "coordinates": [
          73.0318287,
          33.6776437
        ]
      },
      "properties": {
        "osm_id": 4889677811,
        "osm_type": "node",
        "group": "amenity",
        "primary_key": "amenity",
        "primary_value": "hospital",
        "name": "K R L General Hospital",
        "addr_full": "Service Road South G9, اسلام آباد",
        "all_tags_json": "{\"addr:city\": \"اسلام آباد\", \"addr:city:ar\": \"إسلام آباد\", \"addr:city:en\": \"Islamabad\", \"addr:city:ks\": \"اِسلام آبادٖ\", \"addr:city:pnb\": \"اسلام آباد\", \"addr:city:ps\": \"اسلام آباد\", \"addr:city:sd\": \"اسلام آباد\", \"addr:city:ur\": \"اسلام آباد\", \"addr:street\": \"Service Road South G9\", \"amenity\": \"hospital\", \"name\": \"K R L General Hospital\", \"opening_hours\": \"Mo-Sa 11:00-14:00\", \"phone\": \"0519106270\"}"
      }
    },
    {
      "type": "Feature",
      "geometry": {
        "type": "Point",
        "coordinates": [
          73.0412787,
          33.6960409
        ]
      },
      "properties": {
        "osm_id": 4899052823,
        "osm_type": "node",
        "group": "amenity",
        "primary_key": "amenity",
        "primary_value": "hospital",
        "name": "National Institute for Handicapped",
        "addr_full": "Street 9, اسلام آباد",
        "all_tags_json": "{\"addr:city\": \"اسلام آباد\", \"addr:city:ar\": \"إسلام آباد\", \"addr:city:en\": \"Islamabad\", \"addr:city:ks\": \"اِسلام آبادٖ\", \"addr:city:pnb\": \"اسلام آباد\", \"addr:city:ps\": \"اسلام آباد\", \"addr:city:sd\": \"اسلام آباد\", \"addr:city:ur\": \"اسلام آباد\", \"addr:street\": \"Street 9\", \"amenity\": \"hospital\", \"name\": \"National Institute for Handicapped\"}"
      }
    },
    {
      "type": "Feature",
      "geometry": {
        "type": "Point",
        "coordinates": [
          73.0419063,
          33.6963265
        ]
      },
      "properties": {
        "osm_id": 4899052824,
        "osm_type": "node",
        "group": "amenity",
        "primary_key": "amenity",
        "primary_value": "hospital",
        "name": "National Institute of Rehabilitation Medicine",
        "addr_full": "Street 9, اسلام آباد",
        "all_tags_json": "{\"addr:city\": \"اسلام آباد\", \"addr:city:ar\": \"إسلام آباد\", \"addr:city:en\": \"Islamabad\", \"addr:city:ks\": \"اِسلام آبادٖ\", \"addr:city:pnb\": \"اسلام آباد\", \"addr:city:ps\": \"اسلام آباد\", \"addr:city:sd\": \"اسلام آباد\", \"addr:city:ur\": \"اسلام آباد\", \"addr:street\": \"Street 9\", \"amenity\": \"hospital\", \"name\": \"National Institute of Rehabilitation Medicine\"}"
      }
    },
    {
      "type": "Feature",
      "geometry": {
        "type": "Point",
        "coordinates": [
          73.0937061,
          33.7350867
        ]
      },
      "properties": {
        "osm_id": 4943934765,
        "osm_type": "node",
        "group": "amenity",
        "primary_key": "amenity",
        "primary_value": "hospital",
        "name": "Federal Government Dispensary(FGD)- P Block",
        "addr_full": "Secretariat Road, اسلام آباد",
        "all_tags_json": "{\"addr:city\": \"اسلام آباد\", \"addr:city:ar\": \"إسلام آباد\", \"addr:city:en\": \"Islamabad\", \"addr:city:ks\": \"اِسلام آبادٖ\", \"addr:city:pnb\": \"اسلام آباد\", \"addr:city:ps\": \"اسلام آباد\", \"addr:city:sd\": \"اسلام آباد\", \"addr:city:ur\": \"اسلام آباد\", \"addr:street\": \"Secretariat Road\", \"amenity\": \"hospital\", \"name\": \"Federal Government Dispensary(FGD)- P Block\"}"
      }
    },
    {
      "type": "Feature",
      "geometry": {
        "type": "Point",
        "coordinates": [
          73.0882827,
          33.7263874
        ]
      },
      "properties": {
        "osm_id": 4954380782,
        "osm_type": "node",
        "group": "amenity",
        "primary_key": "amenity",
        "primary_value": "hospital",
        "name": "Islamabad Private Hospital",
        "addr_full": "Jinnah Avenue, اسلام آباد",
        "all_tags_json": "{\"addr:city\": \"اسلام آباد\", \"addr:city:ar\": \"إسلام آباد\", \"addr:city:en\": \"Islamabad\", \"addr:city:ks\": \"اِسلام آبادٖ\", \"addr:city:pnb\": \"اسلام آباد\", \"addr:city:ps\": \"اسلام آباد\", \"addr:city:sd\": \"اسلام آباد\", \"addr:city:ur\": \"اسلام آباد\", \"addr:street\": \"Jinnah Avenue\", \"amenity\": \"hospital\", \"healthcare\": \"hospital\", \"name\": \"Islamabad Private Hospital\"}"
      }
    },
    {
      "type": "Feature",
      "geometry": {
        "type": "Point",
        "coordinates": [
          73.0727516,
          33.7180912
        ]
      },
      "properties": {
        "osm_id": 4954775564,
        "osm_type": "node",
        "group": "amenity",
        "primary_key": "amenity",
        "primary_value": "hospital",
        "name": "Kulsum International Hospital",
        "addr_full": "Service Road West F-6, اسلام آباد",
        "all_tags_json": "{\"addr:city\": \"اسلام آباد\", \"addr:city:ar\": \"إسلام آباد\", \"addr:city:en\": \"Islamabad\", \"addr:city:ks\": \"اِسلام آبادٖ\", \"addr:city:pnb\": \"اسلام آباد\", \"addr:city:ps\": \"اسلام آباد\", \"addr:city:sd\": \"اسلام آباد\", \"addr:city:ur\": \"اسلام آباد\", \"addr:street\": \"Service Road West F-6\", \"amenity\": \"hospital\", \"healthcare\": \"hospital\", \"name\": \"Kulsum International Hospital\"}"
      }
    },
    {
      "type": "Feature",
      "geometry": {
        "type": "Point",
        "coordinates": [
          73.0153103,
          33.676802
        ]
      },
      "properties": {
        "osm_id": 4958569728,
        "osm_type": "node",
        "group": "amenity",
        "primary_key": "amenity",
        "primary_value": "hospital",
        "name": "Life Care international Hospital",
        "addr_full": "Sawan Road, اسلام آباد",
        "all_tags_json": "{\"addr:city\": \"اسلام آباد\", \"addr:city:ar\": \"إسلام آباد\", \"addr:city:en\": \"Islamabad\", \"addr:city:ks\": \"اِسلام آبادٖ\", \"addr:city:pnb\": \"اسلام آباد\", \"addr:city:ps\": \"اسلام آباد\", \"addr:city:sd\": \"اسلام آباد\", \"addr:city:ur\": \"اسلام آباد\", \"addr:street\": \"Sawan Road\", \"amenity\": \"hospital\", \"name\": \"Life Care international Hospital\"}"
      }
    },
    {
      "type": "Feature",
      "geometry": {
        "type": "Point",
        "coordinates": [
          73.0056544,
          33.6862496
        ]
      },
      "properties": {
        "osm_id": 4961843228,
        "osm_type": "node",
        "group": "amenity",
        "primary_key": "amenity",
        "primary_value": "hospital",
        "name": "IHS - Hospital for Children",
        "addr_full": "Street 30, اسلام آباد",
        "all_tags_json": "{\"addr:city\": \"اسلام آباد\", \"addr:city:ar\": \"إسلام آباد\", \"addr:city:en\": \"Islamabad\", \"addr:city:ks\": \"اِسلام آبادٖ\", \"addr:city:pnb\": \"اسلام آباد\", \"addr:city:ps\": \"اسلام آباد\", \"addr:city:sd\": \"اسلام آباد\", \"addr:city:ur\": \"اسلام آباد\", \"addr:street\": \"Street 30\", \"amenity\": \"hospital\", \"name\": \"IHS - Hospital for Children\"}"
      }
    },
    {
      "type": "Feature",
      "geometry": {
        "type": "Point",
        "coordinates": [
          73.0375979,
          33.7129575
        ]
      },
      "properties": {
        "osm_id": 4963936784,
        "osm_type": "node",
        "group": "amenity",
        "primary_key": "amenity",
        "primary_value": "hospital",
        "name": "OGDCL Medical Centre",
        "addr_full": "Park Road, اسلام آباد",
        "all_tags_json": "{\"addr:city\": \"اسلام آباد\", \"addr:city:ar\": \"إسلام آباد\", \"addr:city:en\": \"Islamabad\", \"addr:city:ks\": \"اِسلام آبادٖ\", \"addr:city:pnb\": \"اسلام آباد\", \"addr:city:ps\": \"اسلام آباد\", \"addr:city:sd\": \"اسلام آباد\", \"addr:city:ur\": \"اسلام آباد\", \"addr:street\": \"Park Road\", \"amenity\": \"hospital\", \"name\": \"OGDCL Medical Centre\"}"
      }
    },
    {
      "type": "Feature",
      "geometry": {
        "type": "Point",
        "coordinates": [
          73.0503778,
          33.7090707
        ]
      },
      "properties": {
        "osm_id": 4963977785,
        "osm_type": "node",
        "group": "amenity",
        "primary_key": "amenity",
        "primary_value": "hospital",
        "name": "Chohan Eye Hospital",
        "addr_full": "Street 63, اسلام آباد",
        "all_tags_json": "{\"addr:city\": \"اسلام آباد\", \"addr:city:ar\": \"إسلام آباد\", \"addr:city:en\": \"Islamabad\", \"addr:city:ks\": \"اِسلام آبادٖ\", \"addr:city:pnb\": \"اسلام آباد\", \"addr:city:ps\": \"اسلام آباد\", \"addr:city:sd\": \"اسلام آباد\", \"addr:city:ur\": \"اسلام آباد\", \"addr:street\": \"Street 63\", \"amenity\": \"hospital\", \"name\": \"Chohan Eye Hospital\"}"
      }
    },
    {
      "type": "Feature",
      "geometry": {
        "type": "Point",
        "coordinates": [
          73.0343455,
          33.7198918
        ]
      },
      "properties": {
        "osm_id": 4964168702,
        "osm_type": "node",
        "group": "amenity",
        "primary_key": "amenity",
        "primary_value": "hospital",
        "name": "PNS Hafeez - Naval Hospital",
        "addr_full": "Lalak Jan Road, اسلام آباد",
        "all_tags_json": "{\"addr:city\": \"اسلام آباد\", \"addr:city:ar\": \"إسلام آباد\", \"addr:city:en\": \"Islamabad\", \"addr:city:ks\": \"اِسلام آبادٖ\", \"addr:city:pnb\": \"اسلام آباد\", \"addr:city:ps\": \"اسلام آباد\", \"addr:city:sd\": \"اسلام آباد\", \"addr:city:ur\": \"اسلام آباد\", \"addr:street\": \"Lalak Jan Road\", \"amenity\": \"hospital\", \"name\": \"PNS Hafeez - Naval Hospital\"}"
      }
    },
    {
      "type": "Feature",
      "geometry": {
        "type": "Point",
        "coordinates": [
          73.0635591,
          33.7144555
        ]
      },
      "properties": {
        "osm_id": 4964226920,
        "osm_type": "node",
        "group": "amenity",
        "primary_key": "amenity",
        "primary_value": "hospital",
        "name": "MEDICSi",
        "addr_full": "Jinnah Avenue, اسلام آباد",
        "all_tags_json": "{\"addr:city\": \"اسلام آباد\", \"addr:city:ar\": \"إسلام آباد\", \"addr:city:en\": \"Islamabad\", \"addr:city:ks\": \"اِسلام آبادٖ\", \"addr:city:pnb\": \"اسلام آباد\", \"addr:city:ps\": \"اسلام آباد\", \"addr:city:sd\": \"اسلام آباد\", \"addr:city:ur\": \"اسلام آباد\", \"addr:street\": \"Jinnah Avenue\", \"amenity\": \"hospital\", \"name\": \"MEDICSi\"}"
      }
    },
    {
      "type": "Feature",
      "geometry": {
        "type": "Point",
        "coordinates": [
          73.0582647,
          33.7100275
        ]
      },
      "properties": {
        "osm_id": 4966256881,
        "osm_type": "node",
        "group": "amenity",
        "primary_key": "amenity",
        "primary_value": "hospital",
        "name": "Beewell Hospital",
        "addr_full": "AKM Fazul Haq Road, اسلام آباد",
        "all_tags_json": "{\"addr:city\": \"اسلام آباد\", \"addr:city:ar\": \"إسلام آباد\", \"addr:city:en\": \"Islamabad\", \"addr:city:ks\": \"اِسلام آبادٖ\", \"addr:city:pnb\": \"اسلام آباد\", \"addr:city:ps\": \"اسلام آباد\", \"addr:city:sd\": \"اسلام آباد\", \"addr:city:ur\": \"اسلام آباد\", \"addr:street\": \"AKM Fazul Haq Road\", \"amenity\": \"hospital\", \"name\": \"Beewell Hospital\"}"
      }
    },
    {
      "type": "Feature",
      "geometry": {
        "type": "Point",
        "coordinates": [
          73.063908,
          33.7221706
        ]
      },
      "properties": {
        "osm_id": 5091739723,
        "osm_type": "node",
        "group": "amenity",
        "primary_key": "amenity",
        "primary_value": "hospital",
        "name": "Amanat Eye hospital",
        "addr_full": null,
        "all_tags_json": "{\"amenity\": \"hospital\", \"name\": \"Amanat Eye hospital\", \"name:en\": \"Amanat Eye hospital\"}"
      }
    },
    {
      "type": "Feature",
      "geometry": {
        "type": "Point",
        "coordinates": [
          72.9971978,
          33.6685704
        ]
      },
      "properties": {
        "osm_id": 5595279927,
        "osm_type": "node",
        "group": "amenity",
        "primary_key": "amenity",
        "primary_value": "hospital",
        "name": "Islamabad Diagnostics Center",
        "addr_full": null,
        "all_tags_json": "{\"amenity\": \"hospital\", \"name\": \"Islamabad Diagnostics Center\"}"
      }
    },
    {
      "type": "Feature",
      "geometry": {
        "type": "Point",
        "coordinates": [
          73.0755159,
          33.7191069
        ]
      },
      "properties": {
        "osm_id": 6178526685,
        "osm_type": "node",
        "group": "amenity",
        "primary_key": "amenity",
        "primary_value": "hospital",
        "name": "Abid Hospital",
        "addr_full": null,
        "all_tags_json": "{\"amenity\": \"hospital\", \"name\": \"Abid Hospital\"}"
      }
    },
    {
      "type": "Feature",
      "geometry": {
        "type": "Point",
        "coordinates": [
          73.0333924,
          33.6794571
        ]
      },
      "properties": {
        "osm_id": 6199004686,
        "osm_type": "node",
        "group": "amenity",
        "primary_key": "amenity",
        "primary_value": "hospital",
        "name": "Ali Hospital",
        "addr_full": null,
        "all_tags_json": "{\"amenity\": \"hospital\", \"name\": \"Ali Hospital\", \"phone\": \"0514444435\"}"
      }
    },
    {
      "type": "Feature",
      "geometry": {
        "type": "Point",
        "coordinates": [
          73.0156937,
          33.6764623
        ]
      },
      "properties": {
        "osm_id": 6208206588,
        "osm_type": "node",
        "group": "amenity",
        "primary_key": "amenity",
        "primary_value": "hospital",
        "name": "Latif Health Centre",
        "addr_full": "اسلام آباد",
        "all_tags_json": "{\"addr:city\": \"اسلام آباد\", \"amenity\": \"hospital\", \"healthcare\": \"hospital\", \"name\": \"Latif Health Centre\", \"name:en\": \"Latif Health Centre\"}"
      }
    },
    {
      "type": "Feature",
      "geometry": {
        "type": "Point",
        "coordinates": [
          73.0040255,
          33.6731737
        ]
      },
      "properties": {
        "osm_id": 6219159985,
        "osm_type": "node",
        "group": "amenity",
        "primary_key": "amenity",
        "primary_value": "hospital",
        "name": "Capital Institute of Health Sciences (CIHS)",
        "addr_full": null,
        "all_tags_json": "{\"amenity\": \"hospital\", \"name\": \"Capital Institute of Health Sciences (CIHS)\"}"
      }
    },
    {
      "type": "Feature",
      "geometry": {
        "type": "Point",
        "coordinates": [
          73.052962,
          33.6990693
        ]
      },
      "properties": {
        "osm_id": 6265094288,
        "osm_type": "node",
        "group": "amenity",
        "primary_key": "amenity",
        "primary_value": "hospital",
        "name": "نوری ہسپتال اسلام آباد",
        "addr_full": "حنا روڈ, اسلام آباد",
        "all_tags_json": "{\"addr:city\": \"اسلام آباد\", \"addr:street\": \"حنا روڈ\", \"amenity\": \"hospital\", \"healthcare\": \"hospital\", \"name\": \"نوری ہسپتال اسلام آباد\", \"name:en\": \"Noori Hospital Islamabad\", \"name:ur\": \"نوری ہسپتال اسلام آباد\"}"
      }
    },
    {
      "type": "Feature",
      "geometry": {
        "type": "Point",
        "coordinates": [
          73.0333152,
          33.7149444
        ]
      },
      "properties": {
        "osm_id": 6521223343,
        "osm_type": "node",
        "group": "amenity",
        "primary_key": "amenity",
        "primary_value": "hospital",
        "name": "Surgical Centre Islamabad",
        "addr_full": "Street 22, Block 1, اسلام آباد, 44220",
        "all_tags_json": "{\"addr:city\": \"اسلام آباد\", \"addr:city:ar\": \"إسلام آباد\", \"addr:city:en\": \"Islamabad\", \"addr:city:ks\": \"اِسلام آبادٖ\", \"addr:city:pnb\": \"اسلام آباد\", \"addr:city:ps\": \"اسلام آباد\", \"addr:city:sd\": \"اسلام آباد\", \"addr:city:ur\": \"اسلام آباد\", \"addr:housenumber\": \"Block 1\", \"addr:postcode\": \"44220\", \"addr:street\": \"Street 22\", \"alt_name\": \"Surgical Centre\", \"amenity\": \"hospital\", \"emergency\": \"no\", \"healthcare\": \"hospital\", \"healthcare:speciality\": \"general;gynaecology;orthopaedics;dermatology;surgery;clinic\", \"name\": \"Surgical Centre Islamabad\"}"
      }
    },
    {
      "type": "Feature",
      "geometry": {
        "type": "Point",
        "coordinates": [
          73.0491988,
          33.6976835
        ]
      },
      "properties": {
        "osm_id": 8841662156,
        "osm_type": "node",
        "group": "amenity",
        "primary_key": "amenity",
        "primary_value": "hospital",
        "name": "Max Health Hospital",
        "addr_full": null,
        "all_tags_json": "{\"amenity\": \"hospital\", \"name\": \"Max Health Hospital\"}"
      }
    },
    {
      "type": "Feature",
      "geometry": {
        "type": "Point",
        "coordinates": [
          73.056917,
          33.7040908
        ]
      },
      "properties": {
        "osm_id": 11068308487,
        "osm_type": "node",
        "group": "amenity",
        "primary_key": "amenity",
        "primary_value": "hospital",
        "name": "Testing Hospital Ismail",
        "addr_full": null,
        "all_tags_json": "{\"amenity\": \"hospital\", \"emergency\": \"yes\", \"healthcare\": \"hospital\", \"healthcare:speciality\": \"internal\", \"name\": \"Testing Hospital Ismail\"}"
      }
    },
    {
      "type": "Feature",
      "geometry": {
        "type": "Point",
        "coordinates": [
          73.0417786,
          33.711174
        ]
      },
      "properties": {
        "osm_id": 11185339209,
        "osm_type": "node",
        "group": "amenity",
        "primary_key": "amenity",
        "primary_value": "hospital",
        "name": "Islamabad Specialists Clinic F-8 Markaz",
        "addr_full": "13-A Kohistan Road, Kiran Plaza, F-8 Markaz, Islamabad",
        "all_tags_json": "{\"addr:street\": \"13-A Kohistan Road, Kiran Plaza, F-8 Markaz, Islamabad\", \"amenity\": \"hospital\", \"name\": \"Islamabad Specialists Clinic F-8 Markaz\"}"
      }
    },
    {
      "type": "Feature",
      "geometry": {
        "type": "Point",
        "coordinates": [
          73.0502887,
          33.6963846
        ]
      },
      "properties": {
        "osm_id": 11217189672,
        "osm_type": "node",
        "group": "amenity",
        "primary_key": "amenity",
        "primary_value": "hospital",
        "name": "Advanced International Hospital G-8 Markaz",
        "addr_full": "G-8 Markaz",
        "all_tags_json": "{\"addr:street\": \"G-8 Markaz\", \"amenity\": \"hospital\", \"name\": \"Advanced International Hospital G-8 Markaz\"}"
      }
    },
    {
      "type": "Feature",
      "geometry": {
        "type": "Point",
        "coordinates": [
          73.0148593,
          33.7075986
        ]
      },
      "properties": {
        "osm_id": 11268713199,
        "osm_type": "node",
        "group": "amenity",
        "primary_key": "amenity",
        "primary_value": "hospital",
        "name": "PAF Hospital, Unit 2 Parking",
        "addr_full": "Main Margalla Road, E-9/1, Islamabad",
        "all_tags_json": "{\"addr:street\": \"Main Margalla Road, E-9/1, Islamabad\", \"amenity\": \"hospital\", \"name\": \"PAF Hospital, Unit 2 Parking\"}"
      }
    },
    {
      "type": "Feature",
      "geometry": {
        "type": "Point",
        "coordinates": [
          73.021572,
          33.6621889
        ]
      },
      "properties": {
        "osm_id": 12229985624,
        "osm_type": "node",
        "group": "amenity",
        "primary_key": "amenity",
        "primary_value": "hospital",
        "name": "IIUI MEDICAL CENTRE",
        "addr_full": null,
        "all_tags_json": "{\"amenity\": \"hospital\", \"healthcare\": \"hospital\", \"name\": \"IIUI MEDICAL CENTRE\"}"
      }
    },
    {
      "type": "Feature",
      "geometry": {
        "type": "Point",
        "coordinates": [
          73.0004123,
          33.6689967
        ]
      },
      "properties": {
        "osm_id": 12844548570,
        "osm_type": "node",
        "group": "amenity",
        "primary_key": "amenity",
        "primary_value": "hospital",
        "name": "noor generar hospital",
        "addr_full": null,
        "all_tags_json": "{\"amenity\": \"hospital\", \"healthcare\": \"hospital\", \"name\": \"noor generar hospital\"}"
      }
    },
    {
      "type": "Feature",
      "geometry": {
        "type": "Point",
        "coordinates": [
          73.0526383,
          33.7022057
        ]
      },
      "properties": {
        "osm_id": 22328601,
        "osm_type": "way",
        "group": "amenity",
        "primary_key": "amenity",
        "primary_value": "hospital",
        "name": "Pakistan Institute for Medical Sciences (PIMS)",
        "addr_full": "Ibn-e-Sina Road, اسلام آباد",
        "all_tags_json": "{\"addr:city\": \"اسلام آباد\", \"addr:city:ar\": \"إسلام آباد\", \"addr:city:en\": \"Islamabad\", \"addr:city:ks\": \"اِسلام آبادٖ\", \"addr:city:pnb\": \"اسلام آباد\", \"addr:city:ps\": \"اسلام آباد\", \"addr:city:sd\": \"اسلام آباد\", \"addr:city:ur\": \"اسلام آباد\", \"addr:street\": \"Ibn-e-Sina Road\", \"amenity\": \"hospital\", \"emergency\": \"yes\", \"healthcare\": \"hospital\", \"name\": \"Pakistan Institute for Medical Sciences (PIMS)\"}"
      }
    },
    {
      "type": "Feature",
      "geometry": {
        "type": "Point",
        "coordinates": [
          73.0535524,
          33.6994213
        ]
      },
      "properties": {
        "osm_id": 22999246,
        "osm_type": "way",
        "group": "amenity",
        "primary_key": "amenity",
        "primary_value": "hospital",
        "name": "نوری ہسپتال",
        "addr_full": "حنا روڈ, اسلام آباد",
        "all_tags_json": "{\"addr:city\": \"اسلام آباد\", \"addr:street\": \"حنا روڈ\", \"amenity\": \"hospital\", \"area\": \"yes\", \"healthcare\": \"hospital\", \"name\": \"نوری ہسپتال\", \"name:en\": \"Noori Hospital\", \"name:ur\": \"نوری ہسپتال\"}"
      }
    },
    {
      "type": "Feature",
      "geometry": {
        "type": "Point",
        "coordinates": [
          73.0667951,
          33.6759211
        ]
      },
      "properties": {
        "osm_id": 23040333,
        "osm_type": "way",
        "group": "amenity",
        "primary_key": "amenity",
        "primary_value": "hospital",
        "name": "Shifa International Hospital",
        "addr_full": "Pitras Bukhari Road, اسلام آباد",
        "all_tags_json": "{\"addr:city\": \"اسلام آباد\", \"addr:city:ar\": \"إسلام آباد\", \"addr:city:en\": \"Islamabad\", \"addr:city:ks\": \"اِسلام آبادٖ\", \"addr:city:pnb\": \"اسلام آباد\", \"addr:city:ps\": \"اسلام آباد\", \"addr:city:sd\": \"اسلام آباد\", \"addr:city:ur\": \"اسلام آباد\", \"addr:street\": \"Pitras Bukhari Road\", \"amenity\": \"hospital\", \"email\": \"info@shifa.com.pk\", \"name\": \"Shifa International Hospital\", \"phone\": \"+92-51-846-3000\", \"website\": \"https://www.shifa.com.pk/contact/\"}"
      }
    },
    {
      "type": "Feature",
      "geometry": {
        "type": "Point",
        "coordinates": [
          73.0799988,
          33.7166307
        ]
      },
      "properties": {
        "osm_id": 23635809,
        "osm_type": "way",
        "group": "amenity",
        "primary_key": "amenity",
        "primary_value": "hospital",
        "name": "CDA Hospital",
        "addr_full": "Street 18, اسلام آباد",
        "all_tags_json": "{\"addr:city\": \"اسلام آباد\", \"addr:city:ar\": \"إسلام آباد\", \"addr:city:en\": \"Islamabad\", \"addr:city:ks\": \"اِسلام آبادٖ\", \"addr:city:pnb\": \"اسلام آباد\", \"addr:city:ps\": \"اسلام آباد\", \"addr:city:sd\": \"اسلام آباد\", \"addr:city:ur\": \"اسلام آباد\", \"addr:street\": \"Street 18\", \"amenity\": \"hospital\", \"healthcare\": \"hospital\", \"name\": \"CDA Hospital\"}"
      }
    },
    {
      "type": "Feature",
      "geometry": {
        "type": "Point",
        "coordinates": [
          73.1386525,
          33.6868972
        ]
      },
      "properties": {
        "osm_id": 260274365,
        "osm_type": "way",
        "group": "amenity",
        "primary_key": "amenity",
        "primary_value": "hospital",
        "name": "NIH",
        "addr_full": null,
        "all_tags_json": "{\"amenity\": \"hospital\", \"building\": \"yes\", \"emergency\": \"no\", \"name\": \"NIH\"}"
      }
    },
    {
      "type": "Feature",
      "geometry": {
        "type": "Point",
        "coordinates": [
          73.0727365,
          33.7252034
        ]
      },
      "properties": {
        "osm_id": 263457301,
        "osm_type": "way",
        "group": "amenity",
        "primary_key": "amenity",
        "primary_value": "hospital",
        "name": "FM Dental Clinic",
        "addr_full": null,
        "all_tags_json": "{\"amenity\": \"hospital\", \"emergency\": \"no\", \"name\": \"FM Dental Clinic\"}"
      }
    },
    {
      "type": "Feature",
      "geometry": {
        "type": "Point",
        "coordinates": [
          73.1361593,
          33.6890247
        ]
      },
      "properties": {
        "osm_id": 361766392,
        "osm_type": "way",
        "group": "amenity",
        "primary_key": "amenity",
        "primary_value": "hospital",
        "name": "National Institute of Health",
        "addr_full": null,
        "all_tags_json": "{\"amenity\": \"hospital\", \"healthcare:speciality\": \"general; vaccination\", \"name\": \"National Institute of Health\", \"short_name\": \"NIH\", \"vaccination\": \"poliomyelitis\", \"website\": \"https://www.nih.org.pk/\", \"wikipedia\": \"en:National Institute of Health, Islamabad\"}"
      }
    },
    {
      "type": "Feature",
      "geometry": {
        "type": "Point",
        "coordinates": [
          72.9959488,
          33.6640472
        ]
      },
      "properties": {
        "osm_id": 391947342,
        "osm_type": "way",
        "group": "amenity",
        "primary_key": "amenity",
        "primary_value": "hospital",
        "name": "ویل میڈ ہسپتال",
        "addr_full": "اسٹریٹ 8, اسلام آباد, 44000",
        "all_tags_json": "{\"addr:city\": \"اسلام آباد\", \"addr:postcode\": \"44000\", \"addr:street\": \"اسٹریٹ 8\", \"amenity\": \"hospital\", \"emergency\": \"yes\", \"healthcare\": \"hospital\", \"name\": \"ویل میڈ ہسپتال\", \"name:en\": \"Well Med Hospital\", \"name:ur\": \"ویل میڈ ہسپتال\", \"operator\": \"ڈاکٹر شعیب حمید\", \"operator:en\": \"Dr. Shoaib Hameed\", \"operator:ur\": \"ڈاکٹر شعیب حمید\"}"
      }
    },
    {
      "type": "Feature",
      "geometry": {
        "type": "Point",
        "coordinates": [
          72.975568,
          33.6896972
        ]
      },
      "properties": {
        "osm_id": 560495163,
        "osm_type": "way",
        "group": "amenity",
        "primary_key": "amenity",
        "primary_value": "hospital",
        "name": "Golra Hospital",
        "addr_full": null,
        "all_tags_json": "{\"amenity\": \"hospital\", \"healthcare\": \"hospital\", \"name\": \"Golra Hospital\"}"
      }
    },
    {
      "type": "Feature",
      "geometry": {
        "type": "Point",
        "coordinates": [
          73.0112954,
          33.698086
        ]
      },
      "properties": {
        "osm_id": 61146664,
        "osm_type": "node",
        "group": "amenity",
        "primary_key": "amenity",
        "primary_value": "bank",
        "name": "عسکری بینک",
        "addr_full": "Street 65, اسلام آباد",
        "all_tags_json": "{\"addr:city\": \"اسلام آباد\", \"addr:city:ar\": \"إسلام آباد\", \"addr:city:en\": \"Islamabad\", \"addr:city:ks\": \"اِسلام آبادٖ\", \"addr:city:pnb\": \"اسلام آباد\", \"addr:city:ps\": \"اسلام آباد\", \"addr:city:sd\": \"اسلام آباد\", \"addr:city:ur\": \"اسلام آباد\", \"addr:street\": \"Street 65\", \"amenity\": \"bank\", \"atm\": \"yes\", \"brand\": \"عسکری بینک\", \"brand:ar\": \"بنك العسكري\", \"brand:en\": \"Askari Bank\", \"brand:ur\": \"عسکری بینک\", \"brand:website\": \"https://askaribank.com/urdu/?lang=ur\", \"brand:wikidata\": \"Q4807137\", \"brand:wikipedia\": \"ur:عسکری بینک\", \"brand:wikipedia:ur\": \"عسکری بینک\", \"name\": \"عسکری بینک\", \"name:ar\": \"بنك العسكري\", \"name:en\": \"Askari Bank\", \"name:ur\": \"عسکری بینک\"}"
      }
    },
    {
      "type": "Feature",
      "geometry": {
        "type": "Point",
        "coordinates": [
          73.0105887,
          33.6976525
        ]
      },
      "properties": {
        "osm_id": 61146673,
        "osm_type": "node",
        "group": "amenity",
        "primary_key": "amenity",
        "primary_value": "bank",
        "name": "الائیڈ بینک لمیٹڈ",
        "addr_full": "Street 65, اسلام آباد",
        "all_tags_json": "{\"addr:city\": \"اسلام آباد\", \"addr:city:ar\": \"إسلام آباد\", \"addr:city:en\": \"Islamabad\", \"addr:city:ks\": \"اِسلام آبادٖ\", \"addr:city:pnb\": \"اسلام آباد\", \"addr:city:ps\": \"اسلام آباد\", \"addr:city:sd\": \"اسلام آباد\", \"addr:city:ur\": \"اسلام آباد\", \"addr:street\": \"Street 65\", \"amenity\": \"bank\", \"atm\": \"yes\", \"brand\": \"الائیڈ بینک لمیٹڈ\", \"brand:ar\": \"بنك الحلفاء المحدود\", \"brand:en\": \"Allied Bank Limited\", \"brand:ur\": \"الائیڈ بینک لمیٹڈ\", \"brand:website\": \"https://www.abl.com/?lang=ur\", \"brand:wikidata\": \"Q4732553\", \"brand:wikipedia\": \"ur:الائیڈ بینک لمیٹڈ\", \"brand:wikipedia:ar\": \"بنك الحلفاء المحدود\", \"brand:wikipedia:ur\": \"الائیڈ بینک لمیٹڈ\", \"name\": \"الائیڈ بینک لمیٹڈ\", \"name:ar\": \"بنك الحلفاء المحدود\", \"name:en\": \"ABL\", \"name:ur\": \"الائیڈ بینک لمیٹڈ\"}"
      }
    },
    {
      "type": "Feature",
      "geometry": {
        "type": "Point",
        "coordinates": [
          73.0118772,
          33.6960411
        ]
      },
      "properties": {
        "osm_id": 61146691,
        "osm_type": "node",
        "group": "amenity",
        "primary_key": "amenity",
        "primary_value": "bank",
        "name": "United Bank Ltd",
        "addr_full": "Street 54, اسلام آباد",
        "all_tags_json": "{\"addr:city\": \"اسلام آباد\", \"addr:city:ar\": \"إسلام آباد\", \"addr:city:en\": \"Islamabad\", \"addr:city:ks\": \"اِسلام آبادٖ\", \"addr:city:pnb\": \"اسلام آباد\", \"addr:city:ps\": \"اسلام آباد\", \"addr:city:sd\": \"اسلام آباد\", \"addr:city:ur\": \"اسلام آباد\", \"addr:street\": \"Street 54\", \"amenity\": \"bank\", \"atm\": \"yes\", \"name\": \"United Bank Ltd\"}"
      }
    },
    {
      "type": "Feature",
      "geometry": {
        "type": "Point",
        "coordinates": [
          72.986826,
          33.683766
        ]
      },
      "properties": {
        "osm_id": 212538228,
        "osm_type": "node",
        "group": "amenity",
        "primary_key": "amenity",
        "primary_value": "bank",
        "name": "اسٹینڈرڈ چارٹرڈ",
        "addr_full": "Hilal Road, اسلام آباد",
        "all_tags_json": "{\"addr:city\": \"اسلام آباد\", \"addr:city:ar\": \"إسلام آباد\", \"addr:city:ks\": \"اِسلام آبادٖ\", \"addr:city:pnb\": \"اسلام آباد\", \"addr:city:ps\": \"اسلام آباد\", \"addr:city:sd\": \"اسلام آباد\", \"addr:city:ur\": \"اسلام آباد\", \"addr:street\": \"Hilal Road\", \"amenity\": \"bank\", \"atm\": \"yes\", \"brand\": \"اسٹینڈرڈ چارٹرڈ\", \"brand:ur\": \"اسٹینڈرڈ چارٹرڈ\", \"brand:website\": \"https://www.sc.com/pk/ur/\", \"brand:wikidata\": \"Q7598200\", \"brand:wikipedia\": \"ur:سٹینڈرڈ چارٹرڈ پاکستان\", \"brand:wikipedia:ur\": \"سٹینڈرڈ چارٹرڈ پاکستان\", \"long_name\": \"اسٹینڈرڈ چارٹرڈ پاکستان\", \"long_name:ur\": \"اسٹینڈرڈ چارٹرڈ پاکستان\", \"name\": \"اسٹینڈرڈ چارٹرڈ\", \"name:en\": \"Standard Chartered\", \"name:ur\": \"اسٹینڈرڈ چارٹرڈ\", \"operator\": \"اسٹینڈرڈ چارٹرڈ\", \"operator:ur\": \"اسٹینڈرڈ چارٹرڈ\", \"operator:website\": \"https://www.sc.com/pk/ur/\", \"operator:wikidata\": \"Q7598200\", \"operator:wikipedia\": \"ur:سٹینڈرڈ چارٹرڈ پاکستان\", \"operator:wikipedia:ur\": \"سٹینڈرڈ چارٹرڈ پاکستان\", \"short_name\": \"ایس سی بی\", \"short_name:ur\": \"ایس سی بی\"}"
      }
    },
    {
      "type": "Feature",
      "geometry": {
        "type": "Point",
        "coordinates": [
          73.0113365,
          33.6966838
        ]
      },
      "properties": {
        "osm_id": 234511823,
        "osm_type": "node",
        "group": "amenity",
        "primary_key": "amenity",
        "primary_value": "bank",
        "name": "اسٹینڈرڈ چارٹرڈ",
        "addr_full": null,
        "all_tags_json": "{\"amenity\": \"bank\", \"atm\": \"yes\", \"brand\": \"اسٹینڈرڈ چارٹرڈ\", \"brand:ur\": \"اسٹینڈرڈ چارٹرڈ\", \"brand:website\": \"https://www.sc.com/pk/ur/\", \"brand:wikidata\": \"Q7598200\", \"brand:wikipedia\": \"ur:سٹینڈرڈ چارٹرڈ پاکستان\", \"brand:wikipedia:ur\": \"سٹینڈرڈ چارٹرڈ پاکستان\", \"long_name\": \"اسٹینڈرڈ چارٹرڈ پاکستان\", \"long_name:ur\": \"اسٹینڈرڈ چارٹرڈ پاکستان\", \"name\": \"اسٹینڈرڈ چارٹرڈ\", \"name:en\": \"Standard Chartered\", \"name:ur\": \"اسٹینڈرڈ چارٹرڈ\", \"operator\": \"اسٹینڈرڈ چارٹرڈ\", \"operator:ur\": \"اسٹینڈرڈ چارٹرڈ\", \"operator:website\": \"https://www.sc.com/pk/ur/\", \"operator:wikidata\": \"Q7598200\", \"operator:wikipedia\": \"ur:سٹینڈرڈ چارٹرڈ پاکستان\", \"operator:wikipedia:ur\": \"سٹینڈرڈ چارٹرڈ پاکستان\", \"short_name\": \"ایس سی بی\", \"short_name:ur\": \"ایس سی بی\"}"
      }
    },
    {
      "type": "Feature",
      "geometry": {
        "type": "Point",
        "coordinates": [
          72.9887772,
          33.684909
        ]
      },
      "properties": {
        "osm_id": 237459304,
        "osm_type": "node",
        "group": "amenity",
        "primary_key": "amenity",
        "primary_value": "bank",
        "name": "City Bank",
        "addr_full": null,
        "all_tags_json": "{\"amenity\": \"bank\", \"atm\": \"yes\", \"is_in\": \"F-11 Markaz, F-11, Islamabad\", \"name\": \"City Bank\"}"
      }
    },
    {
      "type": "Feature",
      "geometry": {
        "type": "Point",
        "coordinates": [
          72.9868747,
          33.6838147
        ]
      },
      "properties": {
        "osm_id": 237492791,
        "osm_type": "node",
        "group": "amenity",
        "primary_key": "amenity",
        "primary_value": "bank",
        "name": "Saudi Pak Commercial Bank",
        "addr_full": "Hilal Road, اسلام آباد",
        "all_tags_json": "{\"addr:city\": \"اسلام آباد\", \"addr:city:ar\": \"إسلام آباد\", \"addr:city:en\": \"Islamabad\", \"addr:city:ks\": \"اِسلام آبادٖ\", \"addr:city:pnb\": \"اسلام آباد\", \"addr:city:ps\": \"اسلام آباد\", \"addr:city:sd\": \"اسلام آباد\", \"addr:city:ur\": \"اسلام آباد\", \"addr:street\": \"Hilal Road\", \"amenity\": \"bank\", \"atm\": \"yes\", \"name\": \"Saudi Pak Commercial Bank\"}"
      }
    },
    {
      "type": "Feature",
      "geometry": {
        "type": "Point",
        "coordinates": [
          72.9860121,
          33.6843984
        ]
      },
      "properties": {
        "osm_id": 237495339,
        "osm_type": "node",
        "group": "amenity",
        "primary_key": "amenity",
        "primary_value": "bank",
        "name": "عسکری بینک",
        "addr_full": null,
        "all_tags_json": "{\"amenity\": \"bank\", \"atm\": \"yes\", \"brand\": \"عسکری بینک\", \"brand:ar\": \"بنك العسكري\", \"brand:en\": \"Askari Bank\", \"brand:ur\": \"عسکری بینک\", \"brand:website\": \"https://askaribank.com/urdu/?lang=ur\", \"brand:wikidata\": \"Q4807137\", \"brand:wikipedia\": \"ur:عسکری بینک\", \"brand:wikipedia:ur\": \"عسکری بینک\", \"name\": \"عسکری بینک\", \"name:ar\": \"بنك العسكري\", \"name:en\": \"Askari Bank\", \"name:ur\": \"عسکری بینک\"}"
      }
    },
    {
      "type": "Feature",
      "geometry": {
        "type": "Point",
        "coordinates": [
          73.0858755,
          33.7251136
        ]
      },
      "properties": {
        "osm_id": 254985095,
        "osm_type": "node",
        "group": "amenity",
        "primary_key": "amenity",
        "primary_value": "bank",
        "name": "Muslim Commercial Bank",
        "addr_full": "Jinnah Avenue, اسلام آباد",
        "all_tags_json": "{\"addr:city\": \"اسلام آباد\", \"addr:city:ar\": \"إسلام آباد\", \"addr:city:en\": \"Islamabad\", \"addr:city:ks\": \"اِسلام آبادٖ\", \"addr:city:pnb\": \"اسلام آباد\", \"addr:city:ps\": \"اسلام آباد\", \"addr:city:sd\": \"اسلام آباد\", \"addr:city:ur\": \"اسلام آباد\", \"addr:street\": \"Jinnah Avenue\", \"amenity\": \"bank\", \"atm\": \"yes\", \"name\": \"Muslim Commercial Bank\"}"
      }
    },
    {
      "type": "Feature",
      "geometry": {
        "type": "Point",
        "coordinates": [
          73.0854265,
          33.7184222
        ]
      },
      "properties": {
        "osm_id": 255935080,
        "osm_type": "node",
        "group": "amenity",
        "primary_key": "amenity",
        "primary_value": "bank",
        "name": "ایچ بی ایل پاکستان",
        "addr_full": "Shaheed-e-Millat Road, اسلام آباد",
        "all_tags_json": "{\"addr:city\": \"اسلام آباد\", \"addr:city:ar\": \"إسلام آباد\", \"addr:city:ks\": \"اِسلام آبادٖ\", \"addr:city:pnb\": \"اسلام آباد\", \"addr:city:ps\": \"اسلام آباد\", \"addr:city:sd\": \"اسلام آباد\", \"addr:city:ur\": \"اسلام آباد\", \"addr:street\": \"Shaheed-e-Millat Road\", \"amenity\": \"bank\", \"atm\": \"yes\", \"brand\": \"ایچ بی ایل پاکستان\", \"brand:ar\": \"بنك الحبيب المحدود\", \"brand:pa\": \"ਐੱਚ ਬੀ ਐੱਲ ਪਾਕਿਸਤਾਨ\", \"brand:ur\": \"ایچ بی ایل پاکستان\", \"brand:wikidata\": \"Q1566843\", \"brand:wikipedia\": \"ur:ایچ بی ایل پاکستان\", \"brand:wikipedia:ar\": \"بنك الحبيب المحدود\", \"brand:wikipedia:pa\": \"ਐੱਚ ਬੀ ਐੱਲ ਪਾਕਿਸਤਾਨ\", \"brand:wikipedia:ur\": \"ایچ بی ایل پاکستان\", \"name\": \"ایچ بی ایل پاکستان\", \"name:ar\": \"بنك الحبيب المحدود\", \"name:en\": \"Habib Bank Limited\", \"name:fa\": \"بانک حبیب\", \"name:pa\": \"ਐੱਚ ਬੀ ਐੱਲ ਪਾਕਿਸਤਾਨ\", \"name:pnb\": \"ایچ بی ایل پاکستان\", \"name:sd\": \"حبيب بئنڪ لميٽڊ\", \"name:ur\": \"ایچ بی ایل پاکستان\", \"old_name\": \"حبیب بینک لمیٹڈ\", \"old_name:ur\": \"حبیب بینک لمیٹڈ\", \"short_name\": \"ایچ بی ایل\", \"short_name:ur\": \"ایچ بی ایل\"}"
      }
    },
    {
      "type": "Feature",
      "geometry": {
        "type": "Point",
        "coordinates": [
          73.0855571,
          33.7162527
        ]
      },
      "properties": {
        "osm_id": 255937348,
        "osm_type": "node",
        "group": "amenity",
        "primary_key": "amenity",
        "primary_value": "bank",
        "name": "Muslim Commercial Bank",
        "addr_full": null,
        "all_tags_json": "{\"amenity\": \"bank\", \"atm\": \"yes\", \"is_in\": \"Melody Market, G-6, Islamabad\", \"name\": \"Muslim Commercial Bank\"}"
      }
    },
    {
      "type": "Feature",
      "geometry": {
        "type": "Point",
        "coordinates": [
          73.0759414,
          33.7288524
        ]
      },
      "properties": {
        "osm_id": 800040633,
        "osm_type": "node",
        "group": "amenity",
        "primary_key": "amenity",
        "primary_value": "bank",
        "name": "HSBC",
        "addr_full": null,
        "all_tags_json": "{\"amenity\": \"bank\", \"atm\": \"yes\", \"name\": \"HSBC\", \"operator\": \"HSBC\"}"
      }
    },
    {
      "type": "Feature",
      "geometry": {
        "type": "Point",
        "coordinates": [
          73.0750256,
          33.7295017
        ]
      },
      "properties": {
        "osm_id": 1230663579,
        "osm_type": "node",
        "group": "amenity",
        "primary_key": "amenity",
        "primary_value": "bank",
        "name": "ایم سی بی بینک",
        "addr_full": "School Road, اسلام آباد",
        "all_tags_json": "{\"addr:city\": \"اسلام آباد\", \"addr:city:ar\": \"إسلام آباد\", \"addr:city:en\": \"Islamabad\", \"addr:city:ks\": \"اِسلام آبادٖ\", \"addr:city:pnb\": \"اسلام آباد\", \"addr:city:ps\": \"اسلام آباد\", \"addr:city:sd\": \"اسلام آباد\", \"addr:city:ur\": \"اسلام آباد\", \"addr:street\": \"School Road\", \"amenity\": \"bank\", \"atm\": \"yes\", \"brand\": \"ایم سی بی بینک\", \"brand:ar\": \"إم سي بي بنك\", \"brand:en\": \"MCB Bank\", \"brand:ur\": \"ایم سی بی بینک\", \"brand:website\": \"https://www.mcb.com.pk/urdu\", \"brand:wikidata\": \"Q15982510\", \"brand:wikipedia\": \"ur:ایم سی بی بینک لمیٹڈ\", \"brand:wikipedia:ar\": \"إم سي بي بنك المحدود\", \"brand:wikipedia:ur\": \"ایم سی بی بینک لمیٹڈ\", \"name\": \"ایم سی بی بینک\", \"name:ar\": \"إم سي بي بنك\", \"name:de\": \"MCB Bank\", \"name:en\": \"MCB Bank\", \"name:ur\": \"ایم سی بی بینک\"}"
      }
    },
    {
      "type": "Feature",
      "geometry": {
        "type": "Point",
        "coordinates": [
          73.0748473,
          33.7294014
        ]
      },
      "properties": {
        "osm_id": 1230663583,
        "osm_type": "node",
        "group": "amenity",
        "primary_key": "amenity",
        "primary_value": "bank",
        "name": "یونائیٹڈ بینک لمیٹڈ",
        "addr_full": "School Road, اسلام آباد",
        "all_tags_json": "{\"addr:city\": \"اسلام آباد\", \"addr:city:ar\": \"إسلام آباد\", \"addr:city:ks\": \"اِسلام آبادٖ\", \"addr:city:pnb\": \"اسلام آباد\", \"addr:city:ps\": \"اسلام آباد\", \"addr:city:sd\": \"اسلام آباد\", \"addr:city:ur\": \"اسلام آباد\", \"addr:street\": \"School Road\", \"amenity\": \"bank\", \"atm\": \"yes\", \"brand\": \"یونائیٹڈ بینک لمیٹڈ\", \"brand:ar\": \"البنك المتحد المحدود الباكستاني\", \"brand:ur\": \"یونائیٹڈ بینک لمیٹڈ\", \"brand:wikidata\": \"Q7887504\", \"brand:wikipedia\": \"ur:یونائیٹڈ بینک (پاکستان)\", \"brand:wikipedia:ar\": \"البنك المتحد المحدود الباكستاني\", \"brand:wikipedia:ur\": \"یونائیٹڈ بینک (پاکستان)\", \"name\": \"یونائیٹڈ بینک لمیٹڈ\", \"name:ar\": \"البنك المتحد المحدود الباكستاني\", \"name:en\": \"United Bank Limited\", \"name:fa\": \"یونایتد بنک\", \"name:pnb\": \"یونائیٹڈ بینک لمیٹڈ\", \"name:ur\": \"یونائیٹڈ بینک لمیٹڈ\", \"short_name\": \"یو بی ایل\", \"short_name:ur\": \"یو بی ایل\"}"
      }
    },
    {
      "type": "Feature",
      "geometry": {
        "type": "Point",
        "coordinates": [
          73.0637504,
          33.7145413
        ]
      },
      "properties": {
        "osm_id": 1728704712,
        "osm_type": "node",
        "group": "amenity",
        "primary_key": "amenity",
        "primary_value": "bank",
        "name": "اسٹینڈرڈ چارٹرڈ",
        "addr_full": "Jinnah Avenue, اسلام آباد",
        "all_tags_json": "{\"addr:city\": \"اسلام آباد\", \"addr:city:ar\": \"إسلام آباد\", \"addr:city:ks\": \"اِسلام آبادٖ\", \"addr:city:pnb\": \"اسلام آباد\", \"addr:city:ps\": \"اسلام آباد\", \"addr:city:sd\": \"اسلام آباد\", \"addr:city:ur\": \"اسلام آباد\", \"addr:street\": \"Jinnah Avenue\", \"amenity\": \"bank\", \"atm\": \"yes\", \"brand\": \"اسٹینڈرڈ چارٹرڈ\", \"brand:ur\": \"اسٹینڈرڈ چارٹرڈ\", \"brand:website\": \"https://www.sc.com/pk/ur/\", \"brand:wikidata\": \"Q7598200\", \"brand:wikipedia\": \"ur:سٹینڈرڈ چارٹرڈ پاکستان\", \"brand:wikipedia:ur\": \"سٹینڈرڈ چارٹرڈ پاکستان\", \"long_name\": \"اسٹینڈرڈ چارٹرڈ پاکستان\", \"long_name:ur\": \"اسٹینڈرڈ چارٹرڈ پاکستان\", \"name\": \"اسٹینڈرڈ چارٹرڈ\", \"name:en\": \"Standard Chartered\", \"name:ur\": \"اسٹینڈرڈ چارٹرڈ\", \"operator\": \"اسٹینڈرڈ چارٹرڈ\", \"operator:ur\": \"اسٹینڈرڈ چارٹرڈ\", \"operator:website\": \"https://www.sc.com/pk/ur/\", \"operator:wikidata\": \"Q7598200\", \"operator:wikipedia\": \"ur:سٹینڈرڈ چارٹرڈ پاکستان\", \"operator:wikipedia:ur\": \"سٹینڈرڈ چارٹرڈ پاکستان\", \"short_name\": \"ایس سی بی\", \"short_name:ur\": \"ایس سی بی\"}"
      }
    },
    {
      "type": "Feature",
      "geometry": {
        "type": "Point",
        "coordinates": [
          73.0816194,
          33.7226868
        ]
      },
      "properties": {
        "osm_id": 2351617530,
        "osm_type": "node",
        "group": "amenity",
        "primary_key": "amenity",
        "primary_value": "bank",
        "name": "الائیڈ بینک لمیٹڈ",
        "addr_full": null,
        "all_tags_json": "{\"amenity\": \"bank\", \"brand\": \"الائیڈ بینک لمیٹڈ\", \"brand:ar\": \"بنك الحلفاء المحدود\", \"brand:en\": \"Allied Bank Limited\", \"brand:ur\": \"الائیڈ بینک لمیٹڈ\", \"brand:website\": \"https://www.abl.com/?lang=ur\", \"brand:wikidata\": \"Q4732553\", \"brand:wikipedia\": \"ur:الائیڈ بینک لمیٹڈ\", \"brand:wikipedia:ar\": \"بنك الحلفاء المحدود\", \"brand:wikipedia:ur\": \"الائیڈ بینک لمیٹڈ\", \"name\": \"الائیڈ بینک لمیٹڈ\", \"name:ar\": \"بنك الحلفاء المحدود\", \"name:en\": \"ABL\", \"name:ur\": \"الائیڈ بینک لمیٹڈ\"}"
      }
    },
    {
      "type": "Feature",
      "geometry": {
        "type": "Point",
        "coordinates": [
          73.0883772,
          33.7264282
        ]
      },
      "properties": {
        "osm_id": 2351617532,
        "osm_type": "node",
        "group": "amenity",
        "primary_key": "amenity",
        "primary_value": "bank",
        "name": "عسکری بینک",
        "addr_full": "اسلام آباد",
        "all_tags_json": "{\"addr:city\": \"اسلام آباد\", \"addr:city:ar\": \"إسلام آباد\", \"addr:city:en\": \"Islamabad\", \"addr:city:ks\": \"اِسلام آبادٖ\", \"addr:city:pnb\": \"اسلام آباد\", \"addr:city:ps\": \"اسلام آباد\", \"addr:city:sd\": \"اسلام آباد\", \"addr:city:ur\": \"اسلام آباد\", \"amenity\": \"bank\", \"atm\": \"yes\", \"brand\": \"عسکری بینک\", \"brand:ar\": \"بنك العسكري\", \"brand:en\": \"Askari Bank\", \"brand:ur\": \"عسکری بینک\", \"brand:website\": \"https://askaribank.com/urdu/?lang=ur\", \"brand:wikidata\": \"Q4807137\", \"brand:wikipedia\": \"ur:عسکری بینک\", \"brand:wikipedia:ur\": \"عسکری بینک\", \"name\": \"عسکری بینک\", \"name:ar\": \"بنك العسكري\", \"name:en\": \"Askari Bank\", \"name:ur\": \"عسکری بینک\"}"
      }
    },
    {
      "type": "Feature",
      "geometry": {
        "type": "Point",
        "coordinates": [
          73.0835047,
          33.7236625
        ]
      },
      "properties": {
        "osm_id": 2351617533,
        "osm_type": "node",
        "group": "amenity",
        "primary_key": "amenity",
        "primary_value": "bank",
        "name": "ایچ بی ایل پاکستان",
        "addr_full": null,
        "all_tags_json": "{\"amenity\": \"bank\", \"brand\": \"ایچ بی ایل پاکستان\", \"brand:wikidata\": \"Q1566843\", \"brand:wikipedia\": \"ur:ایچ بی ایل پاکستان\", \"name\": \"ایچ بی ایل پاکستان\", \"name:ar\": \"بنك الحبيب المحدود\", \"name:en\": \"Habib Bank Limited\", \"name:pnb\": \"ایچ بی ایل پاکستان\", \"name:sd\": \"حبيب بئنڪ لميٽڊ\", \"name:ur\": \"ایچ بی ایل پاکستان\"}"
      }
    },
    {
      "type": "Feature",
      "geometry": {
        "type": "Point",
        "coordinates": [
          73.0881962,
          33.7261599
        ]
      },
      "properties": {
        "osm_id": 2351617542,
        "osm_type": "node",
        "group": "amenity",
        "primary_key": "amenity",
        "primary_value": "bank",
        "name": "The Bank of Khyber",
        "addr_full": null,
        "all_tags_json": "{\"amenity\": \"bank\", \"name\": \"The Bank of Khyber\"}"
      }
    },
    {
      "type": "Feature",
      "geometry": {
        "type": "Point",
        "coordinates": [
          73.0613958,
          33.7120483
        ]
      },
      "properties": {
        "osm_id": 2351617804,
        "osm_type": "node",
        "group": "amenity",
        "primary_key": "amenity",
        "primary_value": "bank",
        "name": "AlBaraka bank Pakistan",
        "addr_full": "Jinnah Avenue, اسلام آباد",
        "all_tags_json": "{\"addr:city\": \"اسلام آباد\", \"addr:city:ar\": \"إسلام آباد\", \"addr:city:en\": \"Islamabad\", \"addr:city:ks\": \"اِسلام آبادٖ\", \"addr:city:pnb\": \"اسلام آباد\", \"addr:city:ps\": \"اسلام آباد\", \"addr:city:sd\": \"اسلام آباد\", \"addr:city:ur\": \"اسلام آباد\", \"addr:street\": \"Jinnah Avenue\", \"amenity\": \"bank\", \"atm\": \"yes\", \"name\": \"AlBaraka bank Pakistan\"}"
      }
    },
    {
      "type": "Feature",
      "geometry": {
        "type": "Point",
        "coordinates": [
          73.0666107,
          33.7149203
        ]
      },
      "properties": {
        "osm_id": 2351617865,
        "osm_type": "node",
        "group": "amenity",
        "primary_key": "amenity",
        "primary_value": "bank",
        "name": "فیصل بینک",
        "addr_full": "Jinnah Avenue, اسلام آباد",
        "all_tags_json": "{\"addr:city\": \"اسلام آباد\", \"addr:city:ar\": \"إسلام آباد\", \"addr:city:en\": \"Islamabad\", \"addr:city:ks\": \"اِسلام آبادٖ\", \"addr:city:pnb\": \"اسلام آباد\", \"addr:city:ps\": \"اسلام آباد\", \"addr:city:sd\": \"اسلام آباد\", \"addr:city:ur\": \"اسلام آباد\", \"addr:street\": \"Jinnah Avenue\", \"amenity\": \"bank\", \"atm\": \"yes\", \"brand\": \"فیصل بینک\", \"brand:ar\": \"بنك فيصل\", \"brand:en\": \"Faysal Bank\", \"brand:ur\": \"فیصل بینک\", \"brand:wikidata\": \"Q5439099\", \"brand:wikipedia\": \"ur:فیصل بینک\", \"brand:wikipedia:ar\": \"بنك فيصل الباكستاني المحدود\", \"brand:wikipedia:ur\": \"فیصل بینک\", \"name\": \"فیصل بینک\", \"name:ar\": \"بنك فيصل\", \"name:en\": \"Faysal Bank\", \"name:ur\": \"فیصل بینک\"}"
      }
    },
    {
      "type": "Feature",
      "geometry": {
        "type": "Point",
        "coordinates": [
          73.0683195,
          33.7158134
        ]
      },
      "properties": {
        "osm_id": 2351617876,
        "osm_type": "node",
        "group": "amenity",
        "primary_key": "amenity",
        "primary_value": "bank",
        "name": "الائیڈ بینک لمیٹڈ",
        "addr_full": "Jinnah Avenue, اسلام آباد",
        "all_tags_json": "{\"addr:city\": \"اسلام آباد\", \"addr:city:ar\": \"إسلام آباد\", \"addr:city:en\": \"Islamabad\", \"addr:city:ks\": \"اِسلام آبادٖ\", \"addr:city:pnb\": \"اسلام آباد\", \"addr:city:ps\": \"اسلام آباد\", \"addr:city:sd\": \"اسلام آباد\", \"addr:city:ur\": \"اسلام آباد\", \"addr:street\": \"Jinnah Avenue\", \"amenity\": \"bank\", \"atm\": \"yes\", \"brand\": \"الائیڈ بینک لمیٹڈ\", \"brand:ar\": \"بنك الحلفاء المحدود\", \"brand:en\": \"Allied Bank Limited\", \"brand:ur\": \"الائیڈ بینک لمیٹڈ\", \"brand:website\": \"https://www.abl.com/?lang=ur\", \"brand:wikidata\": \"Q4732553\", \"brand:wikipedia\": \"ur:الائیڈ بینک لمیٹڈ\", \"brand:wikipedia:ar\": \"بنك الحلفاء المحدود\", \"brand:wikipedia:ur\": \"الائیڈ بینک لمیٹڈ\", \"name\": \"الائیڈ بینک لمیٹڈ\", \"name:ar\": \"بنك الحلفاء المحدود\", \"name:en\": \"ABL\", \"name:ur\": \"الائیڈ بینک لمیٹڈ\"}"
      }
    },
    {
      "type": "Feature",
      "geometry": {
        "type": "Point",
        "coordinates": [
          73.0693028,
          33.7163335
        ]
      },
      "properties": {
        "osm_id": 2351617879,
        "osm_type": "node",
        "group": "amenity",
        "primary_key": "amenity",
        "primary_value": "bank",
        "name": "نیشنل بینک آف پاکستان",
        "addr_full": "Jinnah Avenue, اسلام آباد",
        "all_tags_json": "{\"addr:city\": \"اسلام آباد\", \"addr:city:ar\": \"إسلام آباد\", \"addr:city:ks\": \"اِسلام آبادٖ\", \"addr:city:pnb\": \"اسلام آباد\", \"addr:city:ps\": \"اسلام آباد\", \"addr:city:sd\": \"اسلام آباد\", \"addr:city:ur\": \"اسلام آباد\", \"addr:street\": \"Jinnah Avenue\", \"amenity\": \"bank\", \"atm\": \"yes\", \"brand\": \"نیشنل بینک آف پاکستان\", \"brand:ar\": \"البنك الوطني الباكستاني\", \"brand:ur\": \"نیشنل بینک آف پاکستان\", \"brand:website\": \"https://www.nbp.com.pk/indexUrdu.aspx\", \"brand:wikidata\": \"Q2883425\", \"brand:wikipedia\": \"ur:نیشنل بینک آف پاکستان\", \"brand:wikipedia:ar\": \"البنك الوطني الباكستاني\", \"brand:wikipedia:ur\": \"نیشنل بینک آف پاکستان\", \"name\": \"نیشنل بینک آف پاکستان\", \"name:ar\": \"البنك الوطني الباكستاني\", \"name:en\": \"National Bank of Pakistan\", \"name:fa\": \"بانک ملی پاکستان\", \"name:sd\": \"نيشنل بينڪ آف پاڪستان\", \"name:ur\": \"نیشنل بینک آف پاکستان\", \"operator\": \"نیشنل بینک آف پاکستان\", \"operator:ur\": \"نیشنل بینک آف پاکستان\", \"operator:website\": \"https://www.nbp.com.pk/indexUrdu.aspx\", \"operator:wikidata\": \"Q2883425\", \"operator:wikipedia\": \"ur:نیشنل بینک آف پاکستان\", \"operator:wikipedia:ar\": \"البنك الوطني الباكستاني\", \"operator:wikipedia:ur\": \"نیشنل بینک آف پاکستان\"}"
      }
    },
    {
      "type": "Feature",
      "geometry": {
        "type": "Point",
        "coordinates": [
          73.07718,
          33.7205139
        ]
      },
      "properties": {
        "osm_id": 2351617918,
        "osm_type": "node",
        "group": "amenity",
        "primary_key": "amenity",
        "primary_value": "bank",
        "name": "Al Baraka",
        "addr_full": "Jinnah Avenue, اسلام آباد",
        "all_tags_json": "{\"addr:city\": \"اسلام آباد\", \"addr:city:ar\": \"إسلام آباد\", \"addr:city:en\": \"Islamabad\", \"addr:city:ks\": \"اِسلام آبادٖ\", \"addr:city:pnb\": \"اسلام آباد\", \"addr:city:ps\": \"اسلام آباد\", \"addr:city:sd\": \"اسلام آباد\", \"addr:city:ur\": \"اسلام آباد\", \"addr:street\": \"Jinnah Avenue\", \"amenity\": \"bank\", \"atm\": \"yes\", \"name\": \"Al Baraka\"}"
      }
    },
    {
      "type": "Feature",
      "geometry": {
        "type": "Point",
        "coordinates": [
          73.0788111,
          33.7211977
        ]
      },
      "properties": {
        "osm_id": 2351617924,
        "osm_type": "node",
        "group": "amenity",
        "primary_key": "amenity",
        "primary_value": "bank",
        "name": null,
        "addr_full": null,
        "all_tags_json": "{\"amenity\": \"bank\"}"
      }
    },
    {
      "type": "Feature",
      "geometry": {
        "type": "Point",
        "coordinates": [
          73.0319097,
          33.6881755
        ]
      },
      "properties": {
        "osm_id": 2447001872,
        "osm_type": "node",
        "group": "amenity",
        "primary_key": "amenity",
        "primary_value": "bank",
        "name": "National Bank - NBP",
        "addr_full": "Kurram Road, اسلام آباد",
        "all_tags_json": "{\"addr:city\": \"اسلام آباد\", \"addr:city:ar\": \"إسلام آباد\", \"addr:city:en\": \"Islamabad\", \"addr:city:ks\": \"اِسلام آبادٖ\", \"addr:city:pnb\": \"اسلام آباد\", \"addr:city:ps\": \"اسلام آباد\", \"addr:city:sd\": \"اسلام آباد\", \"addr:city:ur\": \"اسلام آباد\", \"addr:street\": \"Kurram Road\", \"amenity\": \"bank\", \"atm\": \"yes\", \"name\": \"National Bank - NBP\"}"
      }
    },
    {
      "type": "Feature",
      "geometry": {
        "type": "Point",
        "coordinates": [
          73.0319696,
          33.6882075
        ]
      },
      "properties": {
        "osm_id": 2447001882,
        "osm_type": "node",
        "group": "amenity",
        "primary_key": "amenity",
        "primary_value": "bank",
        "name": "Bank Al-Habib",
        "addr_full": "Kurram Road, اسلام آباد",
        "all_tags_json": "{\"addr:city\": \"اسلام آباد\", \"addr:city:ar\": \"إسلام آباد\", \"addr:city:en\": \"Islamabad\", \"addr:city:ks\": \"اِسلام آبادٖ\", \"addr:city:pnb\": \"اسلام آباد\", \"addr:city:ps\": \"اسلام آباد\", \"addr:city:sd\": \"اسلام آباد\", \"addr:city:ur\": \"اسلام آباد\", \"addr:street\": \"Kurram Road\", \"amenity\": \"bank\", \"atm\": \"yes\", \"name\": \"Bank Al-Habib\"}"
      }
    },
    {
      "type": "Feature",
      "geometry": {
        "type": "Point",
        "coordinates": [
          73.0320307,
          33.6882402
        ]
      },
      "properties": {
        "osm_id": 2447001887,
        "osm_type": "node",
        "group": "amenity",
        "primary_key": "amenity",
        "primary_value": "bank",
        "name": "میزان بینک",
        "addr_full": "Kurram Road, اسلام آباد",
        "all_tags_json": "{\"addr:city\": \"اسلام آباد\", \"addr:city:ar\": \"إسلام آباد\", \"addr:city:en\": \"Islamabad\", \"addr:city:ks\": \"اِسلام آبادٖ\", \"addr:city:pnb\": \"اسلام آباد\", \"addr:city:ps\": \"اسلام آباد\", \"addr:city:sd\": \"اسلام آباد\", \"addr:city:ur\": \"اسلام آباد\", \"addr:street\": \"Kurram Road\", \"amenity\": \"bank\", \"brand\": \"میزان بینک\", \"brand:ar\": \"بنك ميزان\", \"brand:en\": \"Meezan Bank\", \"brand:ur\": \"میزان بینک\", \"brand:website\": \"https://www.meezanbank.com/\", \"brand:wikidata\": \"Q6807934\", \"brand:wikipedia\": \"ur:میزان بینک\", \"brand:wikipedia:ar\": \"بنك ميزان\", \"brand:wikipedia:ur\": \"میزان بینک\", \"name\": \"میزان بینک\", \"name:ar\": \"بنك ميزان\", \"name:en\": \"Meezan Bank\", \"name:ur\": \"میزان بینک\"}"
      }
    },
    {
      "type": "Feature",
      "geometry": {
        "type": "Point",
        "coordinates": [
          73.0320891,
          33.6882714
        ]
      },
      "properties": {
        "osm_id": 2447001892,
        "osm_type": "node",
        "group": "amenity",
        "primary_key": "amenity",
        "primary_value": "bank",
        "name": "Punjab Bank",
        "addr_full": "Kurram Road, اسلام آباد",
        "all_tags_json": "{\"addr:city\": \"اسلام آباد\", \"addr:city:ar\": \"إسلام آباد\", \"addr:city:en\": \"Islamabad\", \"addr:city:ks\": \"اِسلام آبادٖ\", \"addr:city:pnb\": \"اسلام آباد\", \"addr:city:ps\": \"اسلام آباد\", \"addr:city:sd\": \"اسلام آباد\", \"addr:city:ur\": \"اسلام آباد\", \"addr:street\": \"Kurram Road\", \"amenity\": \"bank\", \"name\": \"Punjab Bank\"}"
      }
    },
    {
      "type": "Feature",
      "geometry": {
        "type": "Point",
        "coordinates": [
          73.0609272,
          33.6650664
        ]
      },
      "properties": {
        "osm_id": 2653585818,
        "osm_type": "node",
        "group": "amenity",
        "primary_key": "amenity",
        "primary_value": "bank",
        "name": "عسکری بینک",
        "addr_full": "اسلام آباد",
        "all_tags_json": "{\"addr:city\": \"اسلام آباد\", \"addr:city:ar\": \"إسلام آباد\", \"addr:city:en\": \"Islamabad\", \"addr:city:ks\": \"اِسلام آبادٖ\", \"addr:city:pnb\": \"اسلام آباد\", \"addr:city:ps\": \"اسلام آباد\", \"addr:city:sd\": \"اسلام آباد\", \"addr:city:ur\": \"اسلام آباد\", \"amenity\": \"bank\", \"atm\": \"yes\", \"brand\": \"عسکری بینک\", \"brand:ar\": \"بنك العسكري\", \"brand:en\": \"Askari Bank\", \"brand:ur\": \"عسکری بینک\", \"brand:website\": \"https://askaribank.com/urdu/?lang=ur\", \"brand:wikidata\": \"Q4807137\", \"brand:wikipedia\": \"ur:عسکری بینک\", \"brand:wikipedia:ur\": \"عسکری بینک\", \"name\": \"عسکری بینک\", \"name:ar\": \"بنك العسكري\", \"name:en\": \"Askari Bank\", \"name:ur\": \"عسکری بینک\"}"
      }
    },
    {
      "type": "Feature",
      "geometry": {
        "type": "Point",
        "coordinates": [
          73.077175,
          33.730416
        ]
      },
      "properties": {
        "osm_id": 3517205378,
        "osm_type": "node",
        "group": "amenity",
        "primary_key": "amenity",
        "primary_value": "bank",
        "name": "میزان بینک",
        "addr_full": "School Road, اسلام آباد",
        "all_tags_json": "{\"addr:city\": \"اسلام آباد\", \"addr:city:ar\": \"إسلام آباد\", \"addr:city:en\": \"Islamabad\", \"addr:city:ks\": \"اِسلام آبادٖ\", \"addr:city:pnb\": \"اسلام آباد\", \"addr:city:ps\": \"اسلام آباد\", \"addr:city:sd\": \"اسلام آباد\", \"addr:city:ur\": \"اسلام آباد\", \"addr:street\": \"School Road\", \"amenity\": \"bank\", \"atm\": \"yes\", \"brand\": \"میزان بینک\", \"brand:ar\": \"بنك ميزان\", \"brand:en\": \"Meezan Bank\", \"brand:ur\": \"میزان بینک\", \"brand:website\": \"https://www.meezanbank.com/\", \"brand:wikidata\": \"Q6807934\", \"brand:wikipedia\": \"ur:میزان بینک\", \"brand:wikipedia:ar\": \"بنك ميزان\", \"brand:wikipedia:ur\": \"میزان بینک\", \"name\": \"میزان بینک\", \"name:ar\": \"بنك ميزان\", \"name:en\": \"Meezan Bank\", \"name:ur\": \"میزان بینک\"}"
      }
    },
    {
      "type": "Feature",
      "geometry": {
        "type": "Point",
        "coordinates": [
          73.0553152,
          33.7197146
        ]
      },
      "properties": {
        "osm_id": 4397155842,
        "osm_type": "node",
        "group": "amenity",
        "primary_key": "amenity",
        "primary_value": "bank",
        "name": "اسٹینڈرڈ چارٹرڈ",
        "addr_full": "Bhitai Road, اسلام آباد",
        "all_tags_json": "{\"addr:city\": \"اسلام آباد\", \"addr:city:ar\": \"إسلام آباد\", \"addr:city:ks\": \"اِسلام آبادٖ\", \"addr:city:pnb\": \"اسلام آباد\", \"addr:city:ps\": \"اسلام آباد\", \"addr:city:sd\": \"اسلام آباد\", \"addr:city:ur\": \"اسلام آباد\", \"addr:street\": \"Bhitai Road\", \"amenity\": \"bank\", \"atm\": \"yes\", \"brand\": \"اسٹینڈرڈ چارٹرڈ\", \"brand:ur\": \"اسٹینڈرڈ چارٹرڈ\", \"brand:website\": \"https://www.sc.com/pk/ur/\", \"brand:wikidata\": \"Q7598200\", \"brand:wikipedia\": \"ur:سٹینڈرڈ چارٹرڈ پاکستان\", \"brand:wikipedia:ur\": \"سٹینڈرڈ چارٹرڈ پاکستان\", \"long_name\": \"اسٹینڈرڈ چارٹرڈ پاکستان\", \"long_name:ur\": \"اسٹینڈرڈ چارٹرڈ پاکستان\", \"name\": \"اسٹینڈرڈ چارٹرڈ\", \"name:en\": \"Standard Chartered\", \"name:ur\": \"اسٹینڈرڈ چارٹرڈ\", \"operator\": \"اسٹینڈرڈ چارٹرڈ\", \"operator:ur\": \"اسٹینڈرڈ چارٹرڈ\", \"operator:website\": \"https://www.sc.com/pk/ur/\", \"operator:wikidata\": \"Q7598200\", \"operator:wikipedia\": \"ur:سٹینڈرڈ چارٹرڈ پاکستان\", \"operator:wikipedia:ur\": \"سٹینڈرڈ چارٹرڈ پاکستان\", \"short_name\": \"ایس سی بی\", \"short_name:ur\": \"ایس سی بی\"}"
      }
    },
    {
      "type": "Feature",
      "geometry": {
        "type": "Point",
        "coordinates": [
          73.0533342,
          33.7183088
        ]
      },
      "properties": {
        "osm_id": 4397157195,
        "osm_type": "node",
        "group": "amenity",
        "primary_key": "amenity",
        "primary_value": "bank",
        "name": "الائیڈ بینک",
        "addr_full": "F7 markaz, اسلام آباد",
        "all_tags_json": "{\"addr:city\": \"اسلام آباد\", \"addr:city:ar\": \"إسلام آباد\", \"addr:city:ks\": \"اِسلام آبادٖ\", \"addr:city:pnb\": \"اسلام آباد\", \"addr:city:ps\": \"اسلام آباد\", \"addr:city:sd\": \"اسلام آباد\", \"addr:city:ur\": \"اسلام آباد\", \"addr:street\": \"F7 markaz\", \"amenity\": \"bank\", \"atm\": \"yes\", \"brand\": \"الائیڈ بینک\", \"brand:ar\": \"بنك الحلفاء\", \"brand:en\": \"Allied Bank\", \"brand:ur\": \"الائیڈ بینک\", \"brand:website\": \"https://www.abl.com/?lang=ur\", \"brand:wikidata\": \"Q4732553\", \"brand:wikipedia\": \"ur:الائیڈ بینک لمیٹڈ\", \"brand:wikipedia:ur\": \"الائیڈ بینک لمیٹڈ\", \"name\": \"الائیڈ بینک\", \"name:ar\": \"بنك الحلفاء\", \"name:en\": \"Allied Bank\", \"name:ur\": \"الائیڈ بینک\", \"official_name\": \"الائیڈ بینک لمیٹڈ\", \"official_name:ar\": \"بنك الحلفاء المحدود\", \"official_name:ur\": \"الائیڈ بینک لمیٹڈ\", \"operator\": \"الائیڈ بینک لمیٹڈ\", \"operator:ur\": \"الائیڈ بینک لمیٹڈ\", \"operator:website\": \"https://www.abl.com/?lang=ur\", \"operator:wikidata\": \"Q4732553\", \"operator:wikipedia\": \"ur:الائیڈ بینک لمیٹڈ\", \"operator:wikipedia:ur\": \"الائیڈ بینک لمیٹڈ\", \"short_name\": \"اے بی ایل\", \"short_name:ur\": \"اے بی ایل\"}"
      }
    },
    {
      "type": "Feature",
      "geometry": {
        "type": "Point",
        "coordinates": [
          73.0532751,
          33.7183758
        ]
      },
      "properties": {
        "osm_id": 4397158009,
        "osm_type": "node",
        "group": "amenity",
        "primary_key": "amenity",
        "primary_value": "bank",
        "name": "یونائیٹڈ بینک لمیٹڈ",
        "addr_full": "College Road, اسلام آباد",
        "all_tags_json": "{\"addr:city\": \"اسلام آباد\", \"addr:city:ar\": \"إسلام آباد\", \"addr:city:ks\": \"اِسلام آبادٖ\", \"addr:city:pnb\": \"اسلام آباد\", \"addr:city:ps\": \"اسلام آباد\", \"addr:city:sd\": \"اسلام آباد\", \"addr:city:ur\": \"اسلام آباد\", \"addr:street\": \"College Road\", \"amenity\": \"bank\", \"atm\": \"yes\", \"brand\": \"یونائیٹڈ بینک لمیٹڈ\", \"brand:ar\": \"البنك المتحد المحدود الباكستاني\", \"brand:ur\": \"یونائیٹڈ بینک لمیٹڈ\", \"brand:wikidata\": \"Q7887504\", \"brand:wikipedia\": \"ur:یونائیٹڈ بینک (پاکستان)\", \"brand:wikipedia:ar\": \"البنك المتحد المحدود الباكستاني\", \"brand:wikipedia:ur\": \"یونائیٹڈ بینک (پاکستان)\", \"name\": \"یونائیٹڈ بینک لمیٹڈ\", \"name:ar\": \"البنك المتحد المحدود الباكستاني\", \"name:en\": \"United Bank Limited\", \"name:fa\": \"یونایتد بنک\", \"name:pnb\": \"یونائیٹڈ بینک لمیٹڈ\", \"name:ur\": \"یونائیٹڈ بینک لمیٹڈ\", \"short_name\": \"یو بی ایل\", \"short_name:ur\": \"یو بی ایل\"}"
      }
    },
    {
      "type": "Feature",
      "geometry": {
        "type": "Point",
        "coordinates": [
          73.0369267,
          33.7127206
        ]
      },
      "properties": {
        "osm_id": 4397163724,
        "osm_type": "node",
        "group": "amenity",
        "primary_key": "amenity",
        "primary_value": "bank",
        "name": "اسٹینڈرڈ چارٹرڈ",
        "addr_full": "F8 markaz, اسلام آباد",
        "all_tags_json": "{\"addr:city\": \"اسلام آباد\", \"addr:city:ar\": \"إسلام آباد\", \"addr:city:ks\": \"اِسلام آبادٖ\", \"addr:city:pnb\": \"اسلام آباد\", \"addr:city:ps\": \"اسلام آباد\", \"addr:city:sd\": \"اسلام آباد\", \"addr:city:ur\": \"اسلام آباد\", \"addr:street\": \"F8 markaz\", \"amenity\": \"bank\", \"atm\": \"yes\", \"brand\": \"اسٹینڈرڈ چارٹرڈ\", \"brand:ur\": \"اسٹینڈرڈ چارٹرڈ\", \"brand:website\": \"https://www.sc.com/pk/ur/\", \"brand:wikidata\": \"Q7598200\", \"brand:wikipedia\": \"ur:سٹینڈرڈ چارٹرڈ پاکستان\", \"brand:wikipedia:ur\": \"سٹینڈرڈ چارٹرڈ پاکستان\", \"long_name\": \"اسٹینڈرڈ چارٹرڈ پاکستان\", \"long_name:ur\": \"اسٹینڈرڈ چارٹرڈ پاکستان\", \"name\": \"اسٹینڈرڈ چارٹرڈ\", \"name:en\": \"Standard Chartered\", \"name:ur\": \"اسٹینڈرڈ چارٹرڈ\", \"operator\": \"اسٹینڈرڈ چارٹرڈ\", \"operator:ur\": \"اسٹینڈرڈ چارٹرڈ\", \"operator:website\": \"https://www.sc.com/pk/ur/\", \"operator:wikidata\": \"Q7598200\", \"operator:wikipedia\": \"ur:سٹینڈرڈ چارٹرڈ پاکستان\", \"operator:wikipedia:ur\": \"سٹینڈرڈ چارٹرڈ پاکستان\", \"short_name\": \"ایس سی بی\", \"short_name:ur\": \"ایس سی بی\"}"
      }
    },
    {
      "type": "Feature",
      "geometry": {
        "type": "Point",
        "coordinates": [
          73.0518067,
          33.6892285
        ]
      },
      "properties": {
        "osm_id": 4427484890,
        "osm_type": "node",
        "group": "amenity",
        "primary_key": "amenity",
        "primary_value": "bank",
        "name": "Allied Bank Limitted G-8/1, Islamabad",
        "addr_full": "Street 12, اسلام آباد",
        "all_tags_json": "{\"addr:city\": \"اسلام آباد\", \"addr:city:ar\": \"إسلام آباد\", \"addr:city:en\": \"Islamabad\", \"addr:city:ks\": \"اِسلام آبادٖ\", \"addr:city:pnb\": \"اسلام آباد\", \"addr:city:ps\": \"اسلام آباد\", \"addr:city:sd\": \"اسلام آباد\", \"addr:city:ur\": \"اسلام آباد\", \"addr:street\": \"Street 12\", \"amenity\": \"bank\", \"atm\": \"yes\", \"name\": \"Allied Bank Limitted G-8/1, Islamabad\"}"
      }
    },
    {
      "type": "Feature",
      "geometry": {
        "type": "Point",
        "coordinates": [
          73.0756761,
          33.6663006
        ]
      },
      "properties": {
        "osm_id": 4561962817,
        "osm_type": "node",
        "group": "amenity",
        "primary_key": "amenity",
        "primary_value": "bank",
        "name": "Silk Bank",
        "addr_full": null,
        "all_tags_json": "{\"amenity\": \"bank\", \"name\": \"Silk Bank\"}"
      }
    },
    {
      "type": "Feature",
      "geometry": {
        "type": "Point",
        "coordinates": [
          73.0760719,
          33.6662337
        ]
      },
      "properties": {
        "osm_id": 4561963301,
        "osm_type": "node",
        "group": "amenity",
        "primary_key": "amenity",
        "primary_value": "bank",
        "name": "MCB",
        "addr_full": "I-8 Markaz, Islamabad, 44000",
        "all_tags_json": "{\"addr:city\": \"Islamabad\", \"addr:postcode\": \"44000\", \"addr:street\": \"I-8 Markaz\", \"amenity\": \"bank\", \"brand\": \"MCB\", \"brand:en\": \"MCB\", \"brand:ur\": \"ایم سی بی بینک\", \"brand:wikidata\": \"Q15982510\", \"name\": \"MCB\", \"name:en\": \"MCB\", \"name:ur\": \"ایم سی بی بینک\"}"
      }
    },
    {
      "type": "Feature",
      "geometry": {
        "type": "Point",
        "coordinates": [
          73.0756136,
          33.6663275
        ]
      },
      "properties": {
        "osm_id": 4561964009,
        "osm_type": "node",
        "group": "amenity",
        "primary_key": "amenity",
        "primary_value": "bank",
        "name": "عسکری بینک",
        "addr_full": null,
        "all_tags_json": "{\"amenity\": \"bank\", \"brand\": \"عسکری بینک\", \"brand:ar\": \"بنك العسكري\", \"brand:en\": \"Askari Bank\", \"brand:ur\": \"عسکری بینک\", \"brand:website\": \"https://askaribank.com/urdu/?lang=ur\", \"brand:wikidata\": \"Q4807137\", \"brand:wikipedia\": \"ur:عسکری بینک\", \"brand:wikipedia:ur\": \"عسکری بینک\", \"name\": \"عسکری بینک\", \"name:ar\": \"بنك العسكري\", \"name:en\": \"Askari Bank\", \"name:ur\": \"عسکری بینک\"}"
      }
    },
    {
      "type": "Feature",
      "geometry": {
        "type": "Point",
        "coordinates": [
          73.0754458,
          33.6673976
        ]
      },
      "properties": {
        "osm_id": 4561967533,
        "osm_type": "node",
        "group": "amenity",
        "primary_key": "amenity",
        "primary_value": "bank",
        "name": "HBL Bank",
        "addr_full": "Tipu Sultan Road, اسلام آباد",
        "all_tags_json": "{\"addr:city\": \"اسلام آباد\", \"addr:city:ar\": \"إسلام آباد\", \"addr:city:ks\": \"اِسلام آبادٖ\", \"addr:city:pnb\": \"اسلام آباد\", \"addr:city:ps\": \"اسلام آباد\", \"addr:city:sd\": \"اسلام آباد\", \"addr:city:ur\": \"اسلام آباد\", \"addr:street\": \"Tipu Sultan Road\", \"amenity\": \"bank\", \"atm\": \"yes\", \"brand\": \"HBL Bank\", \"brand:ar\": \"بنك الحبيب المحدود\", \"brand:en\": \"HBL Bank\", \"brand:pa\": \"ਐੱਚ ਬੀ ਐੱਲ ਪਾਕਿਸਤਾਨ\", \"brand:ur\": \"ایچ بی ایل پاکستان\", \"brand:wikidata\": \"Q1566843\", \"brand:wikipedia\": \"ur:ایچ بی ایل پاکستان\", \"brand:wikipedia:ar\": \"بنك الحبيب المحدود\", \"brand:wikipedia:pa\": \"ਐੱਚ ਬੀ ਐੱਲ ਪਾਕਿਸਤਾਨ\", \"brand:wikipedia:ur\": \"ایچ بی ایل پاکستان\", \"name\": \"HBL Bank\", \"name:ar\": \"بنك الحبيب المحدود\", \"name:en\": \"HBL Bank\", \"name:fa\": \"بانک حبیب\", \"name:pa\": \"ਐੱਚ ਬੀ ਐੱਲ ਪਾਕਿਸਤਾਨ\", \"name:pnb\": \"ایچ بی ایل پاکستان\", \"name:sd\": \"حبيب بئنڪ لميٽڊ\", \"name:ur\": \"ایچ بی ایل پاکستان\", \"old_name\": \"حبیب بینک لمیٹڈ\", \"old_name:ur\": \"حبیب بینک لمیٹڈ\", \"short_name\": \"ایچ بی ایل\", \"short_name:ur\": \"ایچ بی ایل\"}"
      }
    },
    {
      "type": "Feature",
      "geometry": {
        "type": "Point",
        "coordinates": [
          73.085141,
          33.7172184
        ]
      },
      "properties": {
        "osm_id": 23626686,
        "osm_type": "way",
        "group": "amenity",
        "primary_key": "amenity",
        "primary_value": "bank",
        "name": "نیشنل بینک آف پاکستان",
        "addr_full": "Street 92, اسلام آباد",
        "all_tags_json": "{\"addr:city\": \"اسلام آباد\", \"addr:city:ar\": \"إسلام آباد\", \"addr:city:ks\": \"اِسلام آبادٖ\", \"addr:city:pnb\": \"اسلام آباد\", \"addr:city:ps\": \"اسلام آباد\", \"addr:city:sd\": \"اسلام آباد\", \"addr:city:ur\": \"اسلام آباد\", \"addr:street\": \"Street 92\", \"amenity\": \"bank\", \"atm\": \"yes\", \"brand\": \"نیشنل بینک آف پاکستان\", \"brand:ar\": \"البنك الوطني الباكستاني\", \"brand:ur\": \"نیشنل بینک آف پاکستان\", \"brand:website\": \"https://www.nbp.com.pk/indexUrdu.aspx\", \"brand:wikidata\": \"Q2883425\", \"brand:wikipedia\": \"ur:نیشنل بینک آف پاکستان\", \"brand:wikipedia:ar\": \"البنك الوطني الباكستاني\", \"brand:wikipedia:ur\": \"نیشنل بینک آف پاکستان\", \"building\": \"yes\", \"name\": \"نیشنل بینک آف پاکستان\", \"name:ar\": \"البنك الوطني الباكستاني\", \"name:en\": \"National Bank of Pakistan\", \"name:fa\": \"بانک ملی پاکستان\", \"name:sd\": \"نيشنل بينڪ آف پاڪستان\", \"name:ur\": \"نیشنل بینک آف پاکستان\", \"operator\": \"نیشنل بینک آف پاکستان\", \"operator:ur\": \"نیشنل بینک آف پاکستان\", \"operator:website\": \"https://www.nbp.com.pk/indexUrdu.aspx\", \"operator:wikidata\": \"Q2883425\", \"operator:wikipedia\": \"ur:نیشنل بینک آف پاکستان\", \"operator:wikipedia:ar\": \"البنك الوطني الباكستاني\", \"operator:wikipedia:ur\": \"نیشنل بینک آف پاکستان\"}"
      }
    },
    {
      "type": "Feature",
      "geometry": {
        "type": "Point",
        "coordinates": [
          73.0967392,
          33.7206874
        ]
      },
      "properties": {
        "osm_id": 225853625,
        "osm_type": "way",
        "group": "amenity",
        "primary_key": "amenity",
        "primary_value": "bank",
        "name": "The World Bank Pakistan",
        "addr_full": "Service Road West G5;Service Road West F5, اسلام آباد",
        "all_tags_json": "{\"addr:city\": \"اسلام آباد\", \"addr:city:ar\": \"إسلام آباد\", \"addr:city:en\": \"Islamabad\", \"addr:city:ks\": \"اِسلام آبادٖ\", \"addr:city:pnb\": \"اسلام آباد\", \"addr:city:ps\": \"اسلام آباد\", \"addr:city:sd\": \"اسلام آباد\", \"addr:city:ur\": \"اسلام آباد\", \"addr:street\": \"Service Road West G5;Service Road West F5\", \"amenity\": \"bank\", \"building\": \"yes\", \"name\": \"The World Bank Pakistan\"}"
      }
    },
    {
      "type": "Feature",
      "geometry": {
        "type": "Point",
        "coordinates": [
          73.1062701,
          33.721255
        ]
      },
      "properties": {
        "osm_id": 225855317,
        "osm_type": "way",
        "group": "amenity",
        "primary_key": "amenity",
        "primary_value": "bank",
        "name": "اسٹینڈرڈ چارٹرڈ",
        "addr_full": "Road No 1, اسلام آباد",
        "all_tags_json": "{\"addr:city\": \"اسلام آباد\", \"addr:city:ar\": \"إسلام آباد\", \"addr:city:ks\": \"اِسلام آبادٖ\", \"addr:city:pnb\": \"اسلام آباد\", \"addr:city:ps\": \"اسلام آباد\", \"addr:city:sd\": \"اسلام آباد\", \"addr:city:ur\": \"اسلام آباد\", \"addr:street\": \"Road No 1\", \"amenity\": \"bank\", \"atm\": \"yes\", \"brand\": \"اسٹینڈرڈ چارٹرڈ\", \"brand:ur\": \"اسٹینڈرڈ چارٹرڈ\", \"brand:website\": \"https://www.sc.com/pk/ur/\", \"brand:wikidata\": \"Q7598200\", \"brand:wikipedia\": \"ur:سٹینڈرڈ چارٹرڈ پاکستان\", \"brand:wikipedia:ur\": \"سٹینڈرڈ چارٹرڈ پاکستان\", \"long_name\": \"اسٹینڈرڈ چارٹرڈ پاکستان\", \"long_name:ur\": \"اسٹینڈرڈ چارٹرڈ پاکستان\", \"name\": \"اسٹینڈرڈ چارٹرڈ\", \"name:en\": \"Standard Chartered\", \"name:ur\": \"اسٹینڈرڈ چارٹرڈ\", \"operator\": \"اسٹینڈرڈ چارٹرڈ\", \"operator:ur\": \"اسٹینڈرڈ چارٹرڈ\", \"operator:website\": \"https://www.sc.com/pk/ur/\", \"operator:wikidata\": \"Q7598200\", \"operator:wikipedia\": \"ur:سٹینڈرڈ چارٹرڈ پاکستان\", \"operator:wikipedia:ur\": \"سٹینڈرڈ چارٹرڈ پاکستان\", \"short_name\": \"ایس سی بی\", \"short_name:ur\": \"ایس سی بی\"}"
      }
    },
    {
      "type": "Feature",
      "geometry": {
        "type": "Point",
        "coordinates": [
          73.0948501,
          33.7221002
        ]
      },
      "properties": {
        "osm_id": 225861218,
        "osm_type": "way",
        "group": "amenity",
        "primary_key": "amenity",
        "primary_value": "bank",
        "name": "State Bank Of Pakistan",
        "addr_full": "Service Road West G5;Service Road West F5, اسلام آباد",
        "all_tags_json": "{\"addr:city\": \"اسلام آباد\", \"addr:city:ar\": \"إسلام آباد\", \"addr:city:en\": \"Islamabad\", \"addr:city:ks\": \"اِسلام آبادٖ\", \"addr:city:pnb\": \"اسلام آباد\", \"addr:city:ps\": \"اسلام آباد\", \"addr:city:sd\": \"اسلام آباد\", \"addr:city:ur\": \"اسلام آباد\", \"addr:street\": \"Service Road West G5;Service Road West F5\", \"amenity\": \"bank\", \"building\": \"yes\", \"name\": \"State Bank Of Pakistan\"}"
      }
    },
    {
      "type": "Feature",
      "geometry": {
        "type": "Point",
        "coordinates": [
          73.0608137,
          33.7114519
        ]
      },
      "properties": {
        "osm_id": 564617657,
        "osm_type": "way",
        "group": "amenity",
        "primary_key": "amenity",
        "primary_value": "bank",
        "name": "UBL Limited",
        "addr_full": null,
        "all_tags_json": "{\"amenity\": \"bank\", \"building\": \"yes\", \"name\": \"UBL Limited\"}"
      }
    },
    {
      "type": "Feature",
      "geometry": {
        "type": "Point",
        "coordinates": [
          73.1378716,
          33.7457042
        ]
      },
      "properties": {
        "osm_id": 961445279,
        "osm_type": "way",
        "group": "amenity",
        "primary_key": "amenity",
        "primary_value": "bank",
        "name": "Askari Bank",
        "addr_full": null,
        "all_tags_json": "{\"amenity\": \"bank\", \"atm\": \"yes\", \"brand\": \"Askari Bank\", \"brand:ar\": \"بنك العسكري\", \"brand:en\": \"Askari Bank\", \"brand:ur\": \"عسکری بینک\", \"brand:website\": \"https://askaribank.com/urdu/?lang=ur\", \"brand:wikidata\": \"Q4807137\", \"brand:wikipedia\": \"ur:عسکری بینک\", \"brand:wikipedia:ur\": \"عسکری بینک\", \"building\": \"yes\", \"name\": \"Askari Bank\", \"name:ar\": \"بنك العسكري\", \"name:en\": \"Askari Bank\", \"name:ur\": \"عسکری بینک\"}"
      }
    },
    {
      "type": "Feature",
      "geometry": {
        "type": "Point",
        "coordinates": [
          73.0728704,
          33.7302916
        ]
      },
      "properties": {
        "osm_id": 247682428,
        "osm_type": "node",
        "group": "amenity",
        "primary_key": "amenity",
        "primary_value": "school",
        "name": "Islamabad Model College for Girls F-6/2",
        "addr_full": null,
        "all_tags_json": "{\"amenity\": \"school\", \"is_in\": \"F-6/2, Islamabad\", \"name\": \"Islamabad Model College for Girls F-6/2\"}"
      }
    },
    {
      "type": "Feature",
      "geometry": {
        "type": "Point",
        "coordinates": [
          73.0202663,
          33.684807
        ]
      },
      "properties": {
        "osm_id": 248864319,
        "osm_type": "node",
        "group": "amenity",
        "primary_key": "amenity",
        "primary_value": "school",
        "name": "FG Boys Model School",
        "addr_full": null,
        "all_tags_json": "{\"amenity\": \"school\", \"is_in\": \"G-10/3, Islamabad\", \"name\": \"FG Boys Model School\"}"
      }
    },
    {
      "type": "Feature",
      "geometry": {
        "type": "Point",
        "coordinates": [
          73.0541945,
          33.6963847
        ]
      },
      "properties": {
        "osm_id": 255910264,
        "osm_type": "node",
        "group": "amenity",
        "primary_key": "amenity",
        "primary_value": "school",
        "name": null,
        "addr_full": null,
        "all_tags_json": "{\"amenity\": \"school\", \"created_by\": \"Potlatch 0.8a\"}"
      }
    },
    {
      "type": "Feature",
      "geometry": {
        "type": "Point",
        "coordinates": [
          73.066608,
          33.6823327
        ]
      },
      "properties": {
        "osm_id": 256371663,
        "osm_type": "node",
        "group": "amenity",
        "primary_key": "amenity",
        "primary_value": "school",
        "name": "Beaconhouse Margalla Campus",
        "addr_full": null,
        "all_tags_json": "{\"amenity\": \"school\", \"created_by\": \"Potlatch 0.8a\", \"is_in\": \"H-8/4, Islamabad\", \"name\": \"Beaconhouse Margalla Campus\"}"
      }
    },
    {
      "type": "Feature",
      "geometry": {
        "type": "Point",
        "coordinates": [
          73.0531003,
          33.722589
        ]
      },
      "properties": {
        "osm_id": 256825235,
        "osm_type": "node",
        "group": "amenity",
        "primary_key": "amenity",
        "primary_value": "school",
        "name": "Froebel's International School",
        "addr_full": null,
        "all_tags_json": "{\"amenity\": \"school\", \"created_by\": \"Potlatch 0.8b\", \"is_in\": \"F-7/2, Islamabad\", \"name\": \"Froebel's International School\"}"
      }
    },
    {
      "type": "Feature",
      "geometry": {
        "type": "Point",
        "coordinates": [
          73.0703332,
          33.6823018
        ]
      },
      "properties": {
        "osm_id": 271785889,
        "osm_type": "node",
        "group": "amenity",
        "primary_key": "amenity",
        "primary_value": "school",
        "name": "OPF Boys College",
        "addr_full": null,
        "all_tags_json": "{\"amenity\": \"school\", \"name\": \"OPF Boys College\"}"
      }
    },
    {
      "type": "Feature",
      "geometry": {
        "type": "Point",
        "coordinates": [
          73.0712068,
          33.6817039
        ]
      },
      "properties": {
        "osm_id": 271786131,
        "osm_type": "node",
        "group": "amenity",
        "primary_key": "amenity",
        "primary_value": "school",
        "name": "Islamabad Convent",
        "addr_full": null,
        "all_tags_json": "{\"amenity\": \"school\", \"created_by\": \"Potlatch 0.9c\", \"is_in\": \"H-8/4, Islamabad\", \"name\": \"Islamabad Convent\"}"
      }
    },
    {
      "type": "Feature",
      "geometry": {
        "type": "Point",
        "coordinates": [
          72.9801959,
          33.6783486
        ]
      },
      "properties": {
        "osm_id": 652425201,
        "osm_type": "node",
        "group": "amenity",
        "primary_key": "amenity",
        "primary_value": "school",
        "name": "International Islamic Grammer School",
        "addr_full": null,
        "all_tags_json": "{\"amenity\": \"school\", \"is_in\": \"F-11/2, Islamabad\", \"name\": \"International Islamic Grammer School\"}"
      }
    },
    {
      "type": "Feature",
      "geometry": {
        "type": "Point",
        "coordinates": [
          73.0655153,
          33.7286702
        ]
      },
      "properties": {
        "osm_id": 660156180,
        "osm_type": "node",
        "group": "amenity",
        "primary_key": "amenity",
        "primary_value": "school",
        "name": null,
        "addr_full": null,
        "all_tags_json": "{\"amenity\": \"school\", \"is_in\": \"F-6/2, Islamabad\"}"
      }
    },
    {
      "type": "Feature",
      "geometry": {
        "type": "Point",
        "coordinates": [
          73.0384453,
          33.6843865
        ]
      },
      "properties": {
        "osm_id": 1336764426,
        "osm_type": "node",
        "group": "amenity",
        "primary_key": "amenity",
        "primary_value": "school",
        "name": "F.G.School",
        "addr_full": null,
        "all_tags_json": "{\"amenity\": \"school\", \"name\": \"F.G.School\"}"
      }
    },
    {
      "type": "Feature",
      "geometry": {
        "type": "Point",
        "coordinates": [
          73.0264346,
          33.6892572
        ]
      },
      "properties": {
        "osm_id": 1341931423,
        "osm_type": "node",
        "group": "amenity",
        "primary_key": "amenity",
        "primary_value": "school",
        "name": "Federal Government Girls College No. 9 G-9/2",
        "addr_full": "Street 14, اسلام آباد",
        "all_tags_json": "{\"addr:city\": \"اسلام آباد\", \"addr:city:ar\": \"إسلام آباد\", \"addr:city:en\": \"Islamabad\", \"addr:city:ks\": \"اِسلام آبادٖ\", \"addr:city:pnb\": \"اسلام آباد\", \"addr:city:ps\": \"اسلام آباد\", \"addr:city:sd\": \"اسلام آباد\", \"addr:city:ur\": \"اسلام آباد\", \"addr:street\": \"Street 14\", \"amenity\": \"school\", \"name\": \"Federal Government Girls College No. 9 G-9/2\", \"source\": \"Yahoo + Local knowledge\"}"
      }
    },
    {
      "type": "Feature",
      "geometry": {
        "type": "Point",
        "coordinates": [
          73.0138625,
          33.7074414
        ]
      },
      "properties": {
        "osm_id": 1716116698,
        "osm_type": "node",
        "group": "amenity",
        "primary_key": "amenity",
        "primary_value": "school",
        "name": "Shaheen School System",
        "addr_full": "Shangrila Road, اسلام آباد",
        "all_tags_json": "{\"addr:city\": \"اسلام آباد\", \"addr:city:ar\": \"إسلام آباد\", \"addr:city:en\": \"Islamabad\", \"addr:city:ks\": \"اِسلام آبادٖ\", \"addr:city:pnb\": \"اسلام آباد\", \"addr:city:ps\": \"اسلام آباد\", \"addr:city:sd\": \"اسلام آباد\", \"addr:city:ur\": \"اسلام آباد\", \"addr:street\": \"Shangrila Road\", \"amenity\": \"school\", \"name\": \"Shaheen School System\"}"
      }
    },
    {
      "type": "Feature",
      "geometry": {
        "type": "Point",
        "coordinates": [
          73.0274962,
          33.6909998
        ]
      },
      "properties": {
        "osm_id": 2190837964,
        "osm_type": "node",
        "group": "amenity",
        "primary_key": "amenity",
        "primary_value": "school",
        "name": "Islamabad Model School (IV) No.1 G-9/2",
        "addr_full": "15, 44000",
        "all_tags_json": "{\"addr:postcode\": \"44000\", \"addr:street\": \"15\", \"amenity\": \"school\", \"grades\": \"4\", \"name\": \"Islamabad Model School (IV) No.1 G-9/2\", \"operator\": \"Federal Government\", \"operator:type\": \"government\", \"source\": \"Local knowledge\"}"
      }
    },
    {
      "type": "Feature",
      "geometry": {
        "type": "Point",
        "coordinates": [
          73.0613636,
          33.678048
        ]
      },
      "properties": {
        "osm_id": 2479765985,
        "osm_type": "node",
        "group": "amenity",
        "primary_key": "amenity",
        "primary_value": "school",
        "name": "Pak Turk School",
        "addr_full": null,
        "all_tags_json": "{\"amenity\": \"school\", \"name\": \"Pak Turk School\"}"
      }
    },
    {
      "type": "Feature",
      "geometry": {
        "type": "Point",
        "coordinates": [
          73.04575,
          33.71053
        ]
      },
      "properties": {
        "osm_id": 3517204229,
        "osm_type": "node",
        "group": "amenity",
        "primary_key": "amenity",
        "primary_value": "school",
        "name": "Islamabad Convent School",
        "addr_full": "Street 55, اسلام آباد",
        "all_tags_json": "{\"addr:city\": \"اسلام آباد\", \"addr:city:ar\": \"إسلام آباد\", \"addr:city:en\": \"Islamabad\", \"addr:city:ks\": \"اِسلام آبادٖ\", \"addr:city:pnb\": \"اسلام آباد\", \"addr:city:ps\": \"اسلام آباد\", \"addr:city:sd\": \"اسلام آباد\", \"addr:city:ur\": \"اسلام آباد\", \"addr:street\": \"Street 55\", \"amenity\": \"school\", \"name\": \"Islamabad Convent School\"}"
      }
    },
    {
      "type": "Feature",
      "geometry": {
        "type": "Point",
        "coordinates": [
          73.0576921,
          33.6761627
        ]
      },
      "properties": {
        "osm_id": 4267768492,
        "osm_type": "node",
        "group": "amenity",
        "primary_key": "amenity",
        "primary_value": "school",
        "name": "HEC ISLAMABAD ",
        "addr_full": null,
        "all_tags_json": "{\"amenity\": \"school\", \"name\": \"HEC ISLAMABAD \"}"
      }
    },
    {
      "type": "Feature",
      "geometry": {
        "type": "Point",
        "coordinates": [
          73.025864,
          33.713944
        ]
      },
      "properties": {
        "osm_id": 4364814497,
        "osm_type": "node",
        "group": "amenity",
        "primary_key": "amenity",
        "primary_value": "school",
        "name": "Air University Islamabad",
        "addr_full": "Service Road E8/E9, اسلام آباد, 44000",
        "all_tags_json": "{\"addr:city\": \"اسلام آباد\", \"addr:city:ar\": \"إسلام آباد\", \"addr:city:en\": \"Islamabad\", \"addr:city:ks\": \"اِسلام آبادٖ\", \"addr:city:pnb\": \"اسلام آباد\", \"addr:city:ps\": \"اسلام آباد\", \"addr:city:sd\": \"اسلام آباد\", \"addr:city:ur\": \"اسلام آباد\", \"addr:postcode\": \"44000\", \"addr:street\": \"Service Road E8/E9\", \"amenity\": \"school\", \"name\": \"Air University Islamabad\", \"website\": \"https://au.edu.pk/\"}"
      }
    },
    {
      "type": "Feature",
      "geometry": {
        "type": "Point",
        "coordinates": [
          73.0185422,
          33.6811068
        ]
      },
      "properties": {
        "osm_id": 4417497491,
        "osm_type": "node",
        "group": "amenity",
        "primary_key": "amenity",
        "primary_value": "school",
        "name": "college more",
        "addr_full": "Street 4",
        "all_tags_json": "{\"addr:street\": \"Street 4\", \"amenity\": \"school\", \"name\": \"college more\", \"name:en\": \"college more\"}"
      }
    },
    {
      "type": "Feature",
      "geometry": {
        "type": "Point",
        "coordinates": [
          73.0689063,
          33.7338619
        ]
      },
      "properties": {
        "osm_id": 4423818490,
        "osm_type": "node",
        "group": "amenity",
        "primary_key": "amenity",
        "primary_value": "school",
        "name": "prometric centre",
        "addr_full": "Street 17",
        "all_tags_json": "{\"addr:street\": \"Street 17\", \"amenity\": \"school\", \"name\": \"prometric centre\", \"name:en\": \"prometric centre\", \"opening_hours\": \"Mo-Fr 08:00-16:00\"}"
      }
    },
    {
      "type": "Feature",
      "geometry": {
        "type": "Point",
        "coordinates": [
          73.0643025,
          33.6755159
        ]
      },
      "properties": {
        "osm_id": 4524887194,
        "osm_type": "node",
        "group": "amenity",
        "primary_key": "amenity",
        "primary_value": "school",
        "name": "Preston University Islamabad",
        "addr_full": null,
        "all_tags_json": "{\"amenity\": \"school\", \"name\": \"Preston University Islamabad\", \"name:en\": \"Preston University Islamabad\"}"
      }
    },
    {
      "type": "Feature",
      "geometry": {
        "type": "Point",
        "coordinates": [
          73.1075369,
          33.7460284
        ]
      },
      "properties": {
        "osm_id": 4551972890,
        "osm_type": "node",
        "group": "amenity",
        "primary_key": "amenity",
        "primary_value": "school",
        "name": "Mashal Model School",
        "addr_full": null,
        "all_tags_json": "{\"amenity\": \"school\", \"name\": \"Mashal Model School\", \"operator\": \"Funded by UNICEF\"}"
      }
    },
    {
      "type": "Feature",
      "geometry": {
        "type": "Point",
        "coordinates": [
          73.0682142,
          33.661843
        ]
      },
      "properties": {
        "osm_id": 4581538299,
        "osm_type": "node",
        "group": "amenity",
        "primary_key": "amenity",
        "primary_value": "school",
        "name": "islamabad model school",
        "addr_full": null,
        "all_tags_json": "{\"amenity\": \"school\", \"name\": \"islamabad model school\", \"name:en\": \"islamabad model school\"}"
      }
    },
    {
      "type": "Feature",
      "geometry": {
        "type": "Point",
        "coordinates": [
          73.0611013,
          33.6824236
        ]
      },
      "properties": {
        "osm_id": 4603321402,
        "osm_type": "node",
        "group": "amenity",
        "primary_key": "amenity",
        "primary_value": "school",
        "name": "ripah international university",
        "addr_full": null,
        "all_tags_json": "{\"amenity\": \"school\", \"name\": \"ripah international university\", \"name:en\": \"ripah international university\"}"
      }
    },
    {
      "type": "Feature",
      "geometry": {
        "type": "Point",
        "coordinates": [
          73.0611584,
          33.6823441
        ]
      },
      "properties": {
        "osm_id": 4603322697,
        "osm_type": "node",
        "group": "amenity",
        "primary_key": "amenity",
        "primary_value": "school",
        "name": "saint gabriel school",
        "addr_full": null,
        "all_tags_json": "{\"amenity\": \"school\", \"name\": \"saint gabriel school\", \"name:en\": \"saint gabriel school\"}"
      }
    },
    {
      "type": "Feature",
      "geometry": {
        "type": "Point",
        "coordinates": [
          73.0126555,
          33.6916371
        ]
      },
      "properties": {
        "osm_id": 4704702192,
        "osm_type": "node",
        "group": "amenity",
        "primary_key": "amenity",
        "primary_value": "school",
        "name": "Darul ifta wal ihsan",
        "addr_full": "Street 51, اسلام آباد",
        "all_tags_json": "{\"addr:city\": \"اسلام آباد\", \"addr:city:ar\": \"إسلام آباد\", \"addr:city:en\": \"Islamabad\", \"addr:city:ks\": \"اِسلام آبادٖ\", \"addr:city:pnb\": \"اسلام آباد\", \"addr:city:ps\": \"اسلام آباد\", \"addr:city:sd\": \"اسلام آباد\", \"addr:city:ur\": \"اسلام آباد\", \"addr:street\": \"Street 51\", \"amenity\": \"school\", \"name\": \"Darul ifta wal ihsan\"}"
      }
    },
    {
      "type": "Feature",
      "geometry": {
        "type": "Point",
        "coordinates": [
          73.0496497,
          33.6671531
        ]
      },
      "properties": {
        "osm_id": 4774726798,
        "osm_type": "node",
        "group": "amenity",
        "primary_key": "amenity",
        "primary_value": "school",
        "name": "Numl Engineering department",
        "addr_full": null,
        "all_tags_json": "{\"amenity\": \"school\", \"name\": \"Numl Engineering department\", \"name:en\": \"Numl Engineering department\"}"
      }
    },
    {
      "type": "Feature",
      "geometry": {
        "type": "Point",
        "coordinates": [
          72.9895781,
          33.6681766
        ]
      },
      "properties": {
        "osm_id": 4880251642,
        "osm_type": "node",
        "group": "amenity",
        "primary_key": "amenity",
        "primary_value": "school",
        "name": "Islamabad Model School",
        "addr_full": "Street 34, اسلام آباد",
        "all_tags_json": "{\"addr:city\": \"اسلام آباد\", \"addr:city:ar\": \"إسلام آباد\", \"addr:city:en\": \"Islamabad\", \"addr:city:ks\": \"اِسلام آبادٖ\", \"addr:city:pnb\": \"اسلام آباد\", \"addr:city:ps\": \"اسلام آباد\", \"addr:city:sd\": \"اسلام آباد\", \"addr:city:ur\": \"اسلام آباد\", \"addr:street\": \"Street 34\", \"amenity\": \"school\", \"name\": \"Islamabad Model School\"}"
      }
    },
    {
      "type": "Feature",
      "geometry": {
        "type": "Point",
        "coordinates": [
          73.0064074,
          33.6678382
        ]
      },
      "properties": {
        "osm_id": 4880251658,
        "osm_type": "node",
        "group": "amenity",
        "primary_key": "amenity",
        "primary_value": "school",
        "name": "SLS Montessori & School, G-11 Branch",
        "addr_full": "Street 118, اسلام آباد",
        "all_tags_json": "{\"addr:city\": \"اسلام آباد\", \"addr:city:ar\": \"إسلام آباد\", \"addr:city:en\": \"Islamabad\", \"addr:city:ks\": \"اِسلام آبادٖ\", \"addr:city:pnb\": \"اسلام آباد\", \"addr:city:ps\": \"اسلام آباد\", \"addr:city:sd\": \"اسلام آباد\", \"addr:city:ur\": \"اسلام آباد\", \"addr:street\": \"Street 118\", \"amenity\": \"school\", \"name\": \"SLS Montessori & School, G-11 Branch\"}"
      }
    },
    {
      "type": "Feature",
      "geometry": {
        "type": "Point",
        "coordinates": [
          72.9932049,
          33.6606012
        ]
      },
      "properties": {
        "osm_id": 4880262578,
        "osm_type": "node",
        "group": "amenity",
        "primary_key": "amenity",
        "primary_value": "school",
        "name": "دار ارقم اسکول",
        "addr_full": "سروس روڈ ویسٹ جی-11, اسلام آباد",
        "all_tags_json": "{\"addr:city\": \"اسلام آباد\", \"addr:city:ar\": \"إسلام آباد\", \"addr:city:en\": \"Islamabad\", \"addr:city:ks\": \"اِسلام آبادٖ\", \"addr:city:pnb\": \"اسلام آباد\", \"addr:city:ps\": \"اسلام آباد\", \"addr:city:sd\": \"اسلام آباد\", \"addr:city:ur\": \"اسلام آباد\", \"addr:street\": \"سروس روڈ ویسٹ جی-11\", \"addr:street:ur\": \"سروس روڈ ویسٹ جی-11\", \"amenity\": \"school\", \"name\": \"دار ارقم اسکول\", \"name:en\": \"Dar-e-Arqam School\", \"name:ur\": \"دار ارقم اسکول\"}"
      }
    },
    {
      "type": "Feature",
      "geometry": {
        "type": "Point",
        "coordinates": [
          72.9955399,
          33.6732596
        ]
      },
      "properties": {
        "osm_id": 4880297969,
        "osm_type": "node",
        "group": "amenity",
        "primary_key": "amenity",
        "primary_value": "school",
        "name": "Khaldunia High School",
        "addr_full": "Street 94, اسلام آباد",
        "all_tags_json": "{\"addr:city\": \"اسلام آباد\", \"addr:city:ar\": \"إسلام آباد\", \"addr:city:en\": \"Islamabad\", \"addr:city:ks\": \"اِسلام آبادٖ\", \"addr:city:pnb\": \"اسلام آباد\", \"addr:city:ps\": \"اسلام آباد\", \"addr:city:sd\": \"اسلام آباد\", \"addr:city:ur\": \"اسلام آباد\", \"addr:street\": \"Street 94\", \"amenity\": \"school\", \"name\": \"Khaldunia High School\"}"
      }
    },
    {
      "type": "Feature",
      "geometry": {
        "type": "Point",
        "coordinates": [
          72.9856982,
          33.6737367
        ]
      },
      "properties": {
        "osm_id": 4880332408,
        "osm_type": "node",
        "group": "amenity",
        "primary_key": "amenity",
        "primary_value": "school",
        "name": "Bahria Foundation School",
        "addr_full": "Street 1, اسلام آباد",
        "all_tags_json": "{\"addr:city\": \"اسلام آباد\", \"addr:city:ar\": \"إسلام آباد\", \"addr:city:en\": \"Islamabad\", \"addr:city:ks\": \"اِسلام آبادٖ\", \"addr:city:pnb\": \"اسلام آباد\", \"addr:city:ps\": \"اسلام آباد\", \"addr:city:sd\": \"اسلام آباد\", \"addr:city:ur\": \"اسلام آباد\", \"addr:street\": \"Street 1\", \"amenity\": \"school\", \"name\": \"Bahria Foundation School\"}"
      }
    },
    {
      "type": "Feature",
      "geometry": {
        "type": "Point",
        "coordinates": [
          72.9892441,
          33.6747836
        ]
      },
      "properties": {
        "osm_id": 4880332409,
        "osm_type": "node",
        "group": "amenity",
        "primary_key": "amenity",
        "primary_value": "school",
        "name": "Mount Sinai School",
        "addr_full": "Street 71, اسلام آباد",
        "all_tags_json": "{\"addr:city\": \"اسلام آباد\", \"addr:city:ar\": \"إسلام آباد\", \"addr:city:en\": \"Islamabad\", \"addr:city:ks\": \"اِسلام آبادٖ\", \"addr:city:pnb\": \"اسلام آباد\", \"addr:city:ps\": \"اسلام آباد\", \"addr:city:sd\": \"اسلام آباد\", \"addr:city:ur\": \"اسلام آباد\", \"addr:street\": \"Street 71\", \"amenity\": \"school\", \"name\": \"Mount Sinai School\"}"
      }
    },
    {
      "type": "Feature",
      "geometry": {
        "type": "Point",
        "coordinates": [
          72.9894613,
          33.6748595
        ]
      },
      "properties": {
        "osm_id": 4880332410,
        "osm_type": "node",
        "group": "amenity",
        "primary_key": "amenity",
        "primary_value": "school",
        "name": "International Islamic Grammar School",
        "addr_full": "Nazim ud Din Road, اسلام آباد",
        "all_tags_json": "{\"addr:city\": \"اسلام آباد\", \"addr:city:ar\": \"إسلام آباد\", \"addr:city:en\": \"Islamabad\", \"addr:city:ks\": \"اِسلام آبادٖ\", \"addr:city:pnb\": \"اسلام آباد\", \"addr:city:ps\": \"اسلام آباد\", \"addr:city:sd\": \"اسلام آباد\", \"addr:city:ur\": \"اسلام آباد\", \"addr:street\": \"Nazim ud Din Road\", \"amenity\": \"school\", \"name\": \"International Islamic Grammar School\"}"
      }
    },
    {
      "type": "Feature",
      "geometry": {
        "type": "Point",
        "coordinates": [
          72.9920926,
          33.6765202
        ]
      },
      "properties": {
        "osm_id": 4880332411,
        "osm_type": "node",
        "group": "amenity",
        "primary_key": "amenity",
        "primary_value": "school",
        "name": "Head Start School",
        "addr_full": "Nazim ud Din Road, اسلام آباد",
        "all_tags_json": "{\"addr:city\": \"اسلام آباد\", \"addr:city:ar\": \"إسلام آباد\", \"addr:city:en\": \"Islamabad\", \"addr:city:ks\": \"اِسلام آبادٖ\", \"addr:city:pnb\": \"اسلام آباد\", \"addr:city:ps\": \"اسلام آباد\", \"addr:city:sd\": \"اسلام آباد\", \"addr:city:ur\": \"اسلام آباد\", \"addr:street\": \"Nazim ud Din Road\", \"amenity\": \"school\", \"name\": \"Head Start School\"}"
      }
    },
    {
      "type": "Feature",
      "geometry": {
        "type": "Point",
        "coordinates": [
          72.9948455,
          33.6810122
        ]
      },
      "properties": {
        "osm_id": 4880332414,
        "osm_type": "node",
        "group": "amenity",
        "primary_key": "amenity",
        "primary_value": "school",
        "name": "Frobels Schools",
        "addr_full": "Hilal Road, اسلام آباد",
        "all_tags_json": "{\"addr:city\": \"اسلام آباد\", \"addr:city:ar\": \"إسلام آباد\", \"addr:city:en\": \"Islamabad\", \"addr:city:ks\": \"اِسلام آبادٖ\", \"addr:city:pnb\": \"اسلام آباد\", \"addr:city:ps\": \"اسلام آباد\", \"addr:city:sd\": \"اسلام آباد\", \"addr:city:ur\": \"اسلام آباد\", \"addr:street\": \"Hilal Road\", \"amenity\": \"school\", \"name\": \"Frobels Schools\"}"
      }
    },
    {
      "type": "Feature",
      "geometry": {
        "type": "Point",
        "coordinates": [
          73.0123326,
          33.6788398
        ]
      },
      "properties": {
        "osm_id": 4887841026,
        "osm_type": "node",
        "group": "amenity",
        "primary_key": "amenity",
        "primary_value": "school",
        "name": "Islamabad Model College for Girls G-10/2",
        "addr_full": "Street 28, اسلام آباد",
        "all_tags_json": "{\"addr:city\": \"اسلام آباد\", \"addr:city:ar\": \"إسلام آباد\", \"addr:city:en\": \"Islamabad\", \"addr:city:ks\": \"اِسلام آبادٖ\", \"addr:city:pnb\": \"اسلام آباد\", \"addr:city:ps\": \"اسلام آباد\", \"addr:city:sd\": \"اسلام آباد\", \"addr:city:ur\": \"اسلام آباد\", \"addr:street\": \"Street 28\", \"amenity\": \"school\", \"name\": \"Islamabad Model College for Girls G-10/2\"}"
      }
    },
    {
      "type": "Feature",
      "geometry": {
        "type": "Point",
        "coordinates": [
          73.0114152,
          33.6690579
        ]
      },
      "properties": {
        "osm_id": 4887841046,
        "osm_type": "node",
        "group": "amenity",
        "primary_key": "amenity",
        "primary_value": "school",
        "name": "The Leads School",
        "addr_full": "Service Road West G-10, اسلام آباد",
        "all_tags_json": "{\"addr:city\": \"اسلام آباد\", \"addr:city:ar\": \"إسلام آباد\", \"addr:city:en\": \"Islamabad\", \"addr:city:ks\": \"اِسلام آبادٖ\", \"addr:city:pnb\": \"اسلام آباد\", \"addr:city:ps\": \"اسلام آباد\", \"addr:city:sd\": \"اسلام آباد\", \"addr:city:ur\": \"اسلام آباد\", \"addr:street\": \"Service Road West G-10\", \"amenity\": \"school\", \"name\": \"The Leads School\"}"
      }
    },
    {
      "type": "Feature",
      "geometry": {
        "type": "Point",
        "coordinates": [
          73.0218675,
          33.6829607
        ]
      },
      "properties": {
        "osm_id": 4889677804,
        "osm_type": "node",
        "group": "amenity",
        "primary_key": "amenity",
        "primary_value": "school",
        "name": "The City School G-10 Branch",
        "addr_full": "Sawan Road, اسلام آباد",
        "all_tags_json": "{\"addr:city\": \"اسلام آباد\", \"addr:city:ar\": \"إسلام آباد\", \"addr:city:en\": \"Islamabad\", \"addr:city:ks\": \"اِسلام آبادٖ\", \"addr:city:pnb\": \"اسلام آباد\", \"addr:city:ps\": \"اسلام آباد\", \"addr:city:sd\": \"اسلام آباد\", \"addr:city:ur\": \"اسلام آباد\", \"addr:street\": \"Sawan Road\", \"amenity\": \"school\", \"name\": \"The City School G-10 Branch\"}"
      }
    },
    {
      "type": "Feature",
      "geometry": {
        "type": "Point",
        "coordinates": [
          73.023787,
          33.6821864
        ]
      },
      "properties": {
        "osm_id": 4889677805,
        "osm_type": "node",
        "group": "amenity",
        "primary_key": "amenity",
        "primary_value": "school",
        "name": "KIPS CSS",
        "addr_full": "Service Road East G-10, اسلام آباد",
        "all_tags_json": "{\"addr:city\": \"اسلام آباد\", \"addr:city:ar\": \"إسلام آباد\", \"addr:city:en\": \"Islamabad\", \"addr:city:ks\": \"اِسلام آبادٖ\", \"addr:city:pnb\": \"اسلام آباد\", \"addr:city:ps\": \"اسلام آباد\", \"addr:city:sd\": \"اسلام آباد\", \"addr:city:ur\": \"اسلام آباد\", \"addr:street\": \"Service Road East G-10\", \"amenity\": \"school\", \"name\": \"KIPS CSS\"}"
      }
    },
    {
      "type": "Feature",
      "geometry": {
        "type": "Point",
        "coordinates": [
          73.03038,
          33.6797279
        ]
      },
      "properties": {
        "osm_id": 4889712232,
        "osm_type": "node",
        "group": "amenity",
        "primary_key": "amenity",
        "primary_value": "school",
        "name": "Federal Government Junior Model School No # 2",
        "addr_full": "Street 27, اسلام آباد",
        "all_tags_json": "{\"addr:city\": \"اسلام آباد\", \"addr:city:ar\": \"إسلام آباد\", \"addr:city:en\": \"Islamabad\", \"addr:city:ks\": \"اِسلام آبادٖ\", \"addr:city:pnb\": \"اسلام آباد\", \"addr:city:ps\": \"اسلام آباد\", \"addr:city:sd\": \"اسلام آباد\", \"addr:city:ur\": \"اسلام آباد\", \"addr:street\": \"Street 27\", \"amenity\": \"school\", \"name\": \"Federal Government Junior Model School No # 2\"}"
      }
    },
    {
      "type": "Feature",
      "geometry": {
        "type": "Point",
        "coordinates": [
          73.0312064,
          33.6936657
        ]
      },
      "properties": {
        "osm_id": 4889743717,
        "osm_type": "node",
        "group": "amenity",
        "primary_key": "amenity",
        "primary_value": "school",
        "name": "Islamabad Grammar School",
        "addr_full": "Mangla Road, اسلام آباد",
        "all_tags_json": "{\"addr:city\": \"اسلام آباد\", \"addr:city:ar\": \"إسلام آباد\", \"addr:city:en\": \"Islamabad\", \"addr:city:ks\": \"اِسلام آبادٖ\", \"addr:city:pnb\": \"اسلام آباد\", \"addr:city:ps\": \"اسلام آباد\", \"addr:city:sd\": \"اسلام آباد\", \"addr:city:ur\": \"اسلام آباد\", \"addr:street\": \"Mangla Road\", \"amenity\": \"school\", \"name\": \"Islamabad Grammar School\"}"
      }
    },
    {
      "type": "Feature",
      "geometry": {
        "type": "Point",
        "coordinates": [
          73.0861598,
          33.661814
        ]
      },
      "properties": {
        "osm_id": 4899250483,
        "osm_type": "node",
        "group": "amenity",
        "primary_key": "amenity",
        "primary_value": "school",
        "name": "Faiz-ul-Islam Model High School",
        "addr_full": "Murree Road, راولپنڈی",
        "all_tags_json": "{\"addr:city\": \"راولپنڈی\", \"addr:city:en\": \"Rawalpindi\", \"addr:city:fr\": \"Rawalpindi\", \"addr:city:pa\": \"ਰਾਵਲਪਿੰਡੀ\", \"addr:city:pnb\": \"راولپنڈی\", \"addr:city:ur\": \"راولپنڈی\", \"addr:street\": \"Murree Road\", \"amenity\": \"school\", \"name\": \"Faiz-ul-Islam Model High School\"}"
      }
    },
    {
      "type": "Feature",
      "geometry": {
        "type": "Point",
        "coordinates": [
          73.1226245,
          33.7322488
        ]
      },
      "properties": {
        "osm_id": 4945722971,
        "osm_type": "node",
        "group": "amenity",
        "primary_key": "amenity",
        "primary_value": "school",
        "name": "Preparatory School Islamabad",
        "addr_full": "Street 31, اسلام آباد",
        "all_tags_json": "{\"addr:city\": \"اسلام آباد\", \"addr:city:ar\": \"إسلام آباد\", \"addr:city:en\": \"Islamabad\", \"addr:city:ks\": \"اِسلام آبادٖ\", \"addr:city:pnb\": \"اسلام آباد\", \"addr:city:ps\": \"اسلام آباد\", \"addr:city:sd\": \"اسلام آباد\", \"addr:city:ur\": \"اسلام آباد\", \"addr:street\": \"Street 31\", \"amenity\": \"school\", \"name\": \"Preparatory School Islamabad\"}"
      }
    },
    {
      "type": "Feature",
      "geometry": {
        "type": "Point",
        "coordinates": [
          73.0823841,
          33.7139447
        ]
      },
      "properties": {
        "osm_id": 4954797287,
        "osm_type": "node",
        "group": "amenity",
        "primary_key": "amenity",
        "primary_value": "school",
        "name": "Federal Government Model Girls School",
        "addr_full": "Saddar Road, اسلام آباد",
        "all_tags_json": "{\"addr:city\": \"اسلام آباد\", \"addr:city:ar\": \"إسلام آباد\", \"addr:city:en\": \"Islamabad\", \"addr:city:ks\": \"اِسلام آبادٖ\", \"addr:city:pnb\": \"اسلام آباد\", \"addr:city:ps\": \"اسلام آباد\", \"addr:city:sd\": \"اسلام آباد\", \"addr:city:ur\": \"اسلام آباد\", \"addr:street\": \"Saddar Road\", \"amenity\": \"school\", \"name\": \"Federal Government Model Girls School\"}"
      }
    },
    {
      "type": "Feature",
      "geometry": {
        "type": "Point",
        "coordinates": [
          73.0980122,
          33.7131347
        ]
      },
      "properties": {
        "osm_id": 4956663353,
        "osm_type": "node",
        "group": "amenity",
        "primary_key": "amenity",
        "primary_value": "school",
        "name": "Angelique School",
        "addr_full": "Street 81, اسلام آباد",
        "all_tags_json": "{\"addr:city\": \"اسلام آباد\", \"addr:city:ar\": \"إسلام آباد\", \"addr:city:en\": \"Islamabad\", \"addr:city:ks\": \"اِسلام آبادٖ\", \"addr:city:pnb\": \"اسلام آباد\", \"addr:city:ps\": \"اسلام آباد\", \"addr:city:sd\": \"اسلام آباد\", \"addr:city:ur\": \"اسلام آباد\", \"addr:street\": \"Street 81\", \"amenity\": \"school\", \"name\": \"Angelique School\"}"
      }
    },
    {
      "type": "Feature",
      "geometry": {
        "type": "Point",
        "coordinates": [
          73.0813704,
          33.7130336
        ]
      },
      "properties": {
        "osm_id": 4956837607,
        "osm_type": "node",
        "group": "amenity",
        "primary_key": "amenity",
        "primary_value": "school",
        "name": "The Educators",
        "addr_full": "Saddar Road, اسلام آباد",
        "all_tags_json": "{\"addr:city\": \"اسلام آباد\", \"addr:city:ar\": \"إسلام آباد\", \"addr:city:en\": \"Islamabad\", \"addr:city:ks\": \"اِسلام آبادٖ\", \"addr:city:pnb\": \"اسلام آباد\", \"addr:city:ps\": \"اسلام آباد\", \"addr:city:sd\": \"اسلام آباد\", \"addr:city:ur\": \"اسلام آباد\", \"addr:street\": \"Saddar Road\", \"amenity\": \"school\", \"name\": \"The Educators\"}"
      }
    },
    {
      "type": "Feature",
      "geometry": {
        "type": "Point",
        "coordinates": [
          73.0847776,
          33.7394941
        ]
      },
      "properties": {
        "osm_id": 4956861412,
        "osm_type": "node",
        "group": "amenity",
        "primary_key": "amenity",
        "primary_value": "school",
        "name": "Institute of Regional Studies",
        "addr_full": "Service Road West F5, اسلام آباد",
        "all_tags_json": "{\"addr:city\": \"اسلام آباد\", \"addr:city:ar\": \"إسلام آباد\", \"addr:city:en\": \"Islamabad\", \"addr:city:ks\": \"اِسلام آبادٖ\", \"addr:city:pnb\": \"اسلام آباد\", \"addr:city:ps\": \"اسلام آباد\", \"addr:city:sd\": \"اسلام آباد\", \"addr:city:ur\": \"اسلام آباد\", \"addr:street\": \"Service Road West F5\", \"amenity\": \"school\", \"name\": \"Institute of Regional Studies\"}"
      }
    },
    {
      "type": "Feature",
      "geometry": {
        "type": "Point",
        "coordinates": [
          73.0794857,
          33.7372962
        ]
      },
      "properties": {
        "osm_id": 4956926548,
        "osm_type": "node",
        "group": "amenity",
        "primary_key": "amenity",
        "primary_value": "school",
        "name": "TLC Daycare, Preschool, Activity Club",
        "addr_full": "Street 1, اسلام آباد",
        "all_tags_json": "{\"addr:city\": \"اسلام آباد\", \"addr:city:ar\": \"إسلام آباد\", \"addr:city:en\": \"Islamabad\", \"addr:city:ks\": \"اِسلام آبادٖ\", \"addr:city:pnb\": \"اسلام آباد\", \"addr:city:ps\": \"اسلام آباد\", \"addr:city:sd\": \"اسلام آباد\", \"addr:city:ur\": \"اسلام آباد\", \"addr:street\": \"Street 1\", \"amenity\": \"school\", \"name\": \"TLC Daycare, Preschool, Activity Club\"}"
      }
    },
    {
      "type": "Feature",
      "geometry": {
        "type": "Point",
        "coordinates": [
          72.9978087,
          33.6802391
        ]
      },
      "properties": {
        "osm_id": 4958092882,
        "osm_type": "node",
        "group": "amenity",
        "primary_key": "amenity",
        "primary_value": "school",
        "name": "East & West Education System",
        "addr_full": "Street 61, اسلام آباد",
        "all_tags_json": "{\"addr:city\": \"اسلام آباد\", \"addr:city:ar\": \"إسلام آباد\", \"addr:city:en\": \"Islamabad\", \"addr:city:ks\": \"اِسلام آبادٖ\", \"addr:city:pnb\": \"اسلام آباد\", \"addr:city:ps\": \"اسلام آباد\", \"addr:city:sd\": \"اسلام آباد\", \"addr:city:ur\": \"اسلام آباد\", \"addr:street\": \"Street 61\", \"amenity\": \"school\", \"name\": \"East & West Education System\"}"
      }
    },
    {
      "type": "Feature",
      "geometry": {
        "type": "Point",
        "coordinates": [
          72.9861955,
          33.6739514
        ]
      },
      "properties": {
        "osm_id": 4958148408,
        "osm_type": "node",
        "group": "amenity",
        "primary_key": "amenity",
        "primary_value": "school",
        "name": "Bahria Foundation School",
        "addr_full": "Street 1, اسلام آباد",
        "all_tags_json": "{\"addr:city\": \"اسلام آباد\", \"addr:city:ar\": \"إسلام آباد\", \"addr:city:en\": \"Islamabad\", \"addr:city:ks\": \"اِسلام آبادٖ\", \"addr:city:pnb\": \"اسلام آباد\", \"addr:city:ps\": \"اسلام آباد\", \"addr:city:sd\": \"اسلام آباد\", \"addr:city:ur\": \"اسلام آباد\", \"addr:street\": \"Street 1\", \"amenity\": \"school\", \"name\": \"Bahria Foundation School\"}"
      }
    },
    {
      "type": "Feature",
      "geometry": {
        "type": "Point",
        "coordinates": [
          73.0350164,
          33.6960285
        ]
      },
      "properties": {
        "osm_id": 20636491,
        "osm_type": "way",
        "group": "amenity",
        "primary_key": "amenity",
        "primary_value": "school",
        "name": "Fed Govt Primary School #32",
        "addr_full": null,
        "all_tags_json": "{\"amenity\": \"school\", \"name\": \"Fed Govt Primary School #32\", \"operator\": \"Federal Government\"}"
      }
    },
    {
      "type": "Feature",
      "geometry": {
        "type": "Point",
        "coordinates": [
          73.0313885,
          33.6848039
        ]
      },
      "properties": {
        "osm_id": 21275932,
        "osm_type": "way",
        "group": "amenity",
        "primary_key": "amenity",
        "primary_value": "school",
        "name": "Islamabad Model School for Girls G-9/1",
        "addr_full": null,
        "all_tags_json": "{\"amenity\": \"school\", \"name\": \"Islamabad Model School for Girls G-9/1\", \"operator\": \"Federal Government\"}"
      }
    },
    {
      "type": "Feature",
      "geometry": {
        "type": "Point",
        "coordinates": [
          73.0391143,
          33.6917435
        ]
      },
      "properties": {
        "osm_id": 22375659,
        "osm_type": "way",
        "group": "amenity",
        "primary_key": "amenity",
        "primary_value": "school",
        "name": "Federal Government Junior Model School No.68",
        "addr_full": null,
        "all_tags_json": "{\"amenity\": \"school\", \"area\": \"yes\", \"is_in\": \"G-9/3, Islamabad\", \"name\": \"Federal Government Junior Model School No.68\", \"operator\": \"Federal Government\", \"operator:type\": \"government\"}"
      }
    },
    {
      "type": "Feature",
      "geometry": {
        "type": "Point",
        "coordinates": [
          73.0295143,
          33.6825527
        ]
      },
      "properties": {
        "osm_id": 22530777,
        "osm_type": "way",
        "group": "amenity",
        "primary_key": "amenity",
        "primary_value": "school",
        "name": "Federal Government Secondary School No. 14",
        "addr_full": "Street 45, اسلام آباد",
        "all_tags_json": "{\"addr:city\": \"اسلام آباد\", \"addr:city:ar\": \"إسلام آباد\", \"addr:city:en\": \"Islamabad\", \"addr:city:ks\": \"اِسلام آبادٖ\", \"addr:city:pnb\": \"اسلام آباد\", \"addr:city:ps\": \"اسلام آباد\", \"addr:city:sd\": \"اسلام آباد\", \"addr:city:ur\": \"اسلام آباد\", \"addr:street\": \"Street 45\", \"amenity\": \"school\", \"name\": \"Federal Government Secondary School No. 14\", \"operator\": \"Federal Government\"}"
      }
    },
    {
      "type": "Feature",
      "geometry": {
        "type": "Point",
        "coordinates": [
          73.0068854,
          33.6901285
        ]
      },
      "properties": {
        "osm_id": 22962333,
        "osm_type": "way",
        "group": "amenity",
        "primary_key": "amenity",
        "primary_value": "school",
        "name": "Islamabad Model College for Boys F-10/4",
        "addr_full": "اسلام آباد",
        "all_tags_json": "{\"addr:city\": \"اسلام آباد\", \"addr:city:ar\": \"إسلام آباد\", \"addr:city:ks\": \"اِسلام آبادٖ\", \"addr:city:pnb\": \"اسلام آباد\", \"addr:city:ps\": \"اسلام آباد\", \"addr:city:sd\": \"اسلام آباد\", \"addr:city:ur\": \"اسلام آباد\", \"amenity\": \"school\", \"name\": \"Islamabad Model College for Boys F-10/4\", \"operator\": \"Federal Government\"}"
      }
    },
    {
      "type": "Feature",
      "geometry": {
        "type": "Point",
        "coordinates": [
          73.0590347,
          33.7275709
        ]
      },
      "properties": {
        "osm_id": 22965921,
        "osm_type": "way",
        "group": "amenity",
        "primary_key": "amenity",
        "primary_value": "school",
        "name": "Islamabad Model College for Boys F-7/3",
        "addr_full": "Street 2, اسلام آباد",
        "all_tags_json": "{\"addr:city\": \"اسلام آباد\", \"addr:city:ar\": \"إسلام آباد\", \"addr:city:en\": \"Islamabad\", \"addr:city:ks\": \"اِسلام آبادٖ\", \"addr:city:pnb\": \"اسلام آباد\", \"addr:city:ps\": \"اسلام آباد\", \"addr:city:sd\": \"اسلام آباد\", \"addr:city:ur\": \"اسلام آباد\", \"addr:street\": \"Street 2\", \"amenity\": \"school\", \"area\": \"yes\", \"name\": \"Islamabad Model College for Boys F-7/3\", \"operator\": \"Federal Government\", \"operator:type\": \"government\"}"
      }
    },
    {
      "type": "Feature",
      "geometry": {
        "type": "Point",
        "coordinates": [
          73.0050298,
          33.6859423
        ]
      },
      "properties": {
        "osm_id": 22968227,
        "osm_type": "way",
        "group": "amenity",
        "primary_key": "amenity",
        "primary_value": "school",
        "name": null,
        "addr_full": null,
        "all_tags_json": "{\"amenity\": \"school\", \"operator\": \"Federal Government\"}"
      }
    },
    {
      "type": "Feature",
      "geometry": {
        "type": "Point",
        "coordinates": [
          73.0429557,
          33.6871
        ]
      },
      "properties": {
        "osm_id": 22977113,
        "osm_type": "way",
        "group": "amenity",
        "primary_key": "amenity",
        "primary_value": "school",
        "name": "Federal Government Junior Model School No. 38",
        "addr_full": "Gali 97, اسلام آباد, 44000",
        "all_tags_json": "{\"addr:city\": \"اسلام آباد\", \"addr:city:ar\": \"إسلام آباد\", \"addr:city:en\": \"Islamabad\", \"addr:city:ks\": \"اِسلام آبادٖ\", \"addr:city:pnb\": \"اسلام آباد\", \"addr:city:ps\": \"اسلام آباد\", \"addr:city:sd\": \"اسلام آباد\", \"addr:city:ur\": \"اسلام آباد\", \"addr:postcode\": \"44000\", \"addr:street\": \"Gali 97\", \"amenity\": \"school\", \"area\": \"yes\", \"name\": \"Federal Government Junior Model School No. 38\", \"operator\": \"Federal Government\", \"operator:type\": \"government\", \"source\": \"Yahoo + Local Knowledge\"}"
      }
    },
    {
      "type": "Feature",
      "geometry": {
        "type": "Point",
        "coordinates": [
          73.0403079,
          33.6884461
        ]
      },
      "properties": {
        "osm_id": 22977303,
        "osm_type": "way",
        "group": "amenity",
        "primary_key": "amenity",
        "primary_value": "school",
        "name": "Federal Government Secondary School For Girls No. 13",
        "addr_full": null,
        "all_tags_json": "{\"amenity\": \"school\", \"area\": \"yes\", \"is_in\": \"G-9/4, Islamabad\", \"name\": \"Federal Government Secondary School For Girls No. 13\", \"operator\": \"Federal Government\", \"operator:type\": \"government\", \"source\": \"Yahoo + Local Knowledge\"}"
      }
    },
    {
      "type": "Feature",
      "geometry": {
        "type": "Point",
        "coordinates": [
          73.0511072,
          33.7311571
        ]
      },
      "properties": {
        "osm_id": 22997260,
        "osm_type": "way",
        "group": "amenity",
        "primary_key": "amenity",
        "primary_value": "school",
        "name": "Jamia Afridia",
        "addr_full": null,
        "all_tags_json": "{\"amenity\": \"school\", \"area\": \"yes\", \"name\": \"Jamia Afridia\"}"
      }
    },
    {
      "type": "Feature",
      "geometry": {
        "type": "Point",
        "coordinates": [
          73.0353764,
          33.6927934
        ]
      },
      "properties": {
        "osm_id": 22999444,
        "osm_type": "way",
        "group": "amenity",
        "primary_key": "amenity",
        "primary_value": "school",
        "name": "Federal Government Girls Model School G-9/3",
        "addr_full": null,
        "all_tags_json": "{\"amenity\": \"school\", \"name\": \"Federal Government Girls Model School G-9/3\", \"operator\": \"Federal Government\"}"
      }
    },
    {
      "type": "Feature",
      "geometry": {
        "type": "Point",
        "coordinates": [
          73.0644649,
          33.678496
        ]
      },
      "properties": {
        "osm_id": 23040341,
        "osm_type": "way",
        "group": "amenity",
        "primary_key": "amenity",
        "primary_value": "school",
        "name": "The City School",
        "addr_full": null,
        "all_tags_json": "{\"amenity\": \"school\", \"name\": \"The City School\"}"
      }
    },
    {
      "type": "Feature",
      "geometry": {
        "type": "Point",
        "coordinates": [
          73.0660698,
          33.6818516
        ]
      },
      "properties": {
        "osm_id": 23040347,
        "osm_type": "way",
        "group": "amenity",
        "primary_key": "amenity",
        "primary_value": "school",
        "name": "Beaconhouse Margalla Campus",
        "addr_full": null,
        "all_tags_json": "{\"amenity\": \"school\", \"name\": \"Beaconhouse Margalla Campus\"}"
      }
    },
    {
      "type": "Feature",
      "geometry": {
        "type": "Point",
        "coordinates": [
          73.0144432,
          33.6716395
        ]
      },
      "properties": {
        "osm_id": 23046682,
        "osm_type": "way",
        "group": "amenity",
        "primary_key": "amenity",
        "primary_value": "school",
        "name": null,
        "addr_full": "Islamabad",
        "all_tags_json": "{\"addr:city\": \"Islamabad\", \"amenity\": \"school\", \"operator\": \"Federal Government\"}"
      }
    },
    {
      "type": "Feature",
      "geometry": {
        "type": "Point",
        "coordinates": [
          73.0191067,
          33.6871941
        ]
      },
      "properties": {
        "osm_id": 23062577,
        "osm_type": "way",
        "group": "amenity",
        "primary_key": "amenity",
        "primary_value": "school",
        "name": null,
        "addr_full": "Street 3, Islamabad",
        "all_tags_json": "{\"addr:city\": \"Islamabad\", \"addr:city:ar\": \"إسلام آباد\", \"addr:city:en\": \"Islamabad\", \"addr:city:ks\": \"اِسلام آبادٖ\", \"addr:city:pnb\": \"اسلام آباد\", \"addr:city:ps\": \"اسلام آباد\", \"addr:city:sd\": \"اسلام آباد\", \"addr:city:ur\": \"اسلام آباد\", \"addr:street\": \"Street 3\", \"amenity\": \"school\", \"operator\": \"Federal Government\"}"
      }
    },
    {
      "type": "Feature",
      "geometry": {
        "type": "Point",
        "coordinates": [
          73.0153169,
          33.6853304
        ]
      },
      "properties": {
        "osm_id": 23062759,
        "osm_type": "way",
        "group": "amenity",
        "primary_key": "amenity",
        "primary_value": "school",
        "name": null,
        "addr_full": "Islamabad",
        "all_tags_json": "{\"addr:city\": \"Islamabad\", \"amenity\": \"school\", \"operator\": \"Federal Government\"}"
      }
    },
    {
      "type": "Feature",
      "geometry": {
        "type": "Point",
        "coordinates": [
          73.0795963,
          33.7098115
        ]
      },
      "properties": {
        "osm_id": 23367740,
        "osm_type": "way",
        "group": "amenity",
        "primary_key": "amenity",
        "primary_value": "school",
        "name": null,
        "addr_full": null,
        "all_tags_json": "{\"amenity\": \"school\", \"area\": \"yes\", \"created_by\": \"Potlatch 0.8a\", \"is_in\": \"G-6/1, Islamabad\"}"
      }
    },
    {
      "type": "Feature",
      "geometry": {
        "type": "Point",
        "coordinates": [
          73.0852823,
          33.7127611
        ]
      },
      "properties": {
        "osm_id": 23367760,
        "osm_type": "way",
        "group": "amenity",
        "primary_key": "amenity",
        "primary_value": "school",
        "name": "Federal Government Girls Model School G-6/1",
        "addr_full": "Street 51, اسلام آباد",
        "all_tags_json": "{\"addr:city\": \"اسلام آباد\", \"addr:city:ar\": \"إسلام آباد\", \"addr:city:en\": \"Islamabad\", \"addr:city:ks\": \"اِسلام آبادٖ\", \"addr:city:pnb\": \"اسلام آباد\", \"addr:city:ps\": \"اسلام آباد\", \"addr:city:sd\": \"اسلام آباد\", \"addr:city:ur\": \"اسلام آباد\", \"addr:street\": \"Street 51\", \"amenity\": \"school\", \"area\": \"yes\", \"name\": \"Federal Government Girls Model School G-6/1\"}"
      }
    },
    {
      "type": "Feature",
      "geometry": {
        "type": "Point",
        "coordinates": [
          73.0829606,
          33.7072956
        ]
      },
      "properties": {
        "osm_id": 23367776,
        "osm_type": "way",
        "group": "amenity",
        "primary_key": "amenity",
        "primary_value": "school",
        "name": null,
        "addr_full": null,
        "all_tags_json": "{\"amenity\": \"school\", \"area\": \"yes\", \"created_by\": \"Potlatch 0.7b\"}"
      }
    },
    {
      "type": "Feature",
      "geometry": {
        "type": "Point",
        "coordinates": [
          73.0897165,
          33.7137126
        ]
      },
      "properties": {
        "osm_id": 23383954,
        "osm_type": "way",
        "group": "amenity",
        "primary_key": "amenity",
        "primary_value": "school",
        "name": null,
        "addr_full": null,
        "all_tags_json": "{\"amenity\": \"school\", \"area\": \"yes\", \"created_by\": \"Potlatch 0.8a\", \"is_in\": \"G-6/4, Islamabad\"}"
      }
    },
    {
      "type": "Feature",
      "geometry": {
        "type": "Point",
        "coordinates": [
          73.0245158,
          33.6889866
        ]
      },
      "properties": {
        "osm_id": 23492316,
        "osm_type": "way",
        "group": "amenity",
        "primary_key": "amenity",
        "primary_value": "school",
        "name": "Federal Government Model School No. 36 G-9/2",
        "addr_full": "Street 11, اسلام آباد",
        "all_tags_json": "{\"addr:city\": \"اسلام آباد\", \"addr:city:ar\": \"إسلام آباد\", \"addr:city:en\": \"Islamabad\", \"addr:city:ks\": \"اِسلام آبادٖ\", \"addr:city:pnb\": \"اسلام آباد\", \"addr:city:ps\": \"اسلام آباد\", \"addr:city:sd\": \"اسلام آباد\", \"addr:city:ur\": \"اسلام آباد\", \"addr:street\": \"Street 11\", \"amenity\": \"school\", \"area\": \"yes\", \"name\": \"Federal Government Model School No. 36 G-9/2\", \"operator\": \"Federal Government\"}"
      }
    },
    {
      "type": "Feature",
      "geometry": {
        "type": "Point",
        "coordinates": [
          73.0277988,
          33.6885118
        ]
      },
      "properties": {
        "osm_id": 23492363,
        "osm_type": "way",
        "group": "amenity",
        "primary_key": "amenity",
        "primary_value": "school",
        "name": "Islamabad Model School No. 3 G-9/2 Blended e-Learning",
        "addr_full": "Street 14, اسلام آباد",
        "all_tags_json": "{\"addr:city\": \"اسلام آباد\", \"addr:city:ar\": \"إسلام آباد\", \"addr:city:en\": \"Islamabad\", \"addr:city:ks\": \"اِسلام آبادٖ\", \"addr:city:pnb\": \"اسلام آباد\", \"addr:city:ps\": \"اسلام آباد\", \"addr:city:sd\": \"اسلام آباد\", \"addr:city:ur\": \"اسلام آباد\", \"addr:street\": \"Street 14\", \"amenity\": \"school\", \"name\": \"Islamabad Model School No. 3 G-9/2 Blended e-Learning\", \"operator\": \"Federal Government\"}"
      }
    },
    {
      "type": "Feature",
      "geometry": {
        "type": "Point",
        "coordinates": [
          73.0456556,
          33.6957191
        ]
      },
      "properties": {
        "osm_id": 23510079,
        "osm_type": "way",
        "group": "amenity",
        "primary_key": "amenity",
        "primary_value": "school",
        "name": null,
        "addr_full": "Street 4, اسلام آباد",
        "all_tags_json": "{\"addr:city\": \"اسلام آباد\", \"addr:city:ar\": \"إسلام آباد\", \"addr:city:en\": \"Islamabad\", \"addr:city:ks\": \"اِسلام آبادٖ\", \"addr:city:pnb\": \"اسلام آباد\", \"addr:city:ps\": \"اسلام آباد\", \"addr:city:sd\": \"اسلام آباد\", \"addr:city:ur\": \"اسلام آباد\", \"addr:street\": \"Street 4\", \"amenity\": \"school\", \"operator\": \"Federal Government\"}"
      }
    },
    {
      "type": "Feature",
      "geometry": {
        "type": "Point",
        "coordinates": [
          73.046665,
          33.692702
        ]
      },
      "properties": {
        "osm_id": 23510164,
        "osm_type": "way",
        "group": "amenity",
        "primary_key": "amenity",
        "primary_value": "school",
        "name": "Federal Government Junior Model School G-8/1",
        "addr_full": "Gali 74, اسلام آباد",
        "all_tags_json": "{\"addr:city\": \"اسلام آباد\", \"addr:city:ar\": \"إسلام آباد\", \"addr:city:en\": \"Islamabad\", \"addr:city:ks\": \"اِسلام آبادٖ\", \"addr:city:pnb\": \"اسلام آباد\", \"addr:city:ps\": \"اسلام آباد\", \"addr:city:sd\": \"اسلام آباد\", \"addr:city:ur\": \"اسلام آباد\", \"addr:street\": \"Gali 74\", \"amenity\": \"school\", \"area\": \"yes\", \"name\": \"Federal Government Junior Model School G-8/1\", \"operator\": \"Federal Government\", \"operator:type\": \"government\"}"
      }
    },
    {
      "type": "Feature",
      "geometry": {
        "type": "Point",
        "coordinates": [
          73.0307911,
          33.6927738
        ]
      },
      "properties": {
        "osm_id": 23538647,
        "osm_type": "way",
        "group": "amenity",
        "primary_key": "amenity",
        "primary_value": "school",
        "name": "National Training Center for Special Persons",
        "addr_full": "Front of Margala Road",
        "all_tags_json": "{\"addr:street\": \"Front of Margala Road\", \"amenity\": \"school\", \"name\": \"National Training Center for Special Persons\", \"operator:type\": \"government\", \"source\": \"Local Knowledge\"}"
      }
    },
    {
      "type": "Feature",
      "geometry": {
        "type": "Point",
        "coordinates": [
          73.0448943,
          33.7000319
        ]
      },
      "properties": {
        "osm_id": 23539252,
        "osm_type": "way",
        "group": "amenity",
        "primary_key": "amenity",
        "primary_value": "school",
        "name": "Federal Government Junior School No. 44",
        "addr_full": null,
        "all_tags_json": "{\"amenity\": \"school\", \"area\": \"yes\", \"is_in\": \"G-8/2, Islamabad\", \"name\": \"Federal Government Junior School No. 44\", \"operator\": \"Federal Government\", \"operator:type\": \"government\"}"
      }
    },
    {
      "type": "Feature",
      "geometry": {
        "type": "Point",
        "coordinates": [
          73.067564,
          33.6659322
        ]
      },
      "properties": {
        "osm_id": 23605207,
        "osm_type": "way",
        "group": "amenity",
        "primary_key": "amenity",
        "primary_value": "school",
        "name": "Islamabad Model College for Girls I-8/2",
        "addr_full": null,
        "all_tags_json": "{\"amenity\": \"school\", \"name\": \"Islamabad Model College for Girls I-8/2\"}"
      }
    },
    {
      "type": "Feature",
      "geometry": {
        "type": "Point",
        "coordinates": [
          73.0580576,
          33.6936134
        ]
      },
      "properties": {
        "osm_id": 23624848,
        "osm_type": "way",
        "group": "amenity",
        "primary_key": "amenity",
        "primary_value": "school",
        "name": "Federal Government Boys Higher Secondary School G-8/4",
        "addr_full": "Street 26, اسلام آباد",
        "all_tags_json": "{\"addr:city\": \"اسلام آباد\", \"addr:city:ar\": \"إسلام آباد\", \"addr:city:en\": \"Islamabad\", \"addr:city:ks\": \"اِسلام آبادٖ\", \"addr:city:pnb\": \"اسلام آباد\", \"addr:city:ps\": \"اسلام آباد\", \"addr:city:sd\": \"اسلام آباد\", \"addr:city:ur\": \"اسلام آباد\", \"addr:street\": \"Street 26\", \"amenity\": \"school\", \"area\": \"yes\", \"name\": \"Federal Government Boys Higher Secondary School G-8/4\", \"operator\": \"Federal Government\", \"operator:type\": \"government\"}"
      }
    },
    {
      "type": "Feature",
      "geometry": {
        "type": "Point",
        "coordinates": [
          73.0542085,
          33.6960283
        ]
      },
      "properties": {
        "osm_id": 23624865,
        "osm_type": "way",
        "group": "amenity",
        "primary_key": "amenity",
        "primary_value": "school",
        "name": "FG Junior Model School G-/8/4",
        "addr_full": null,
        "all_tags_json": "{\"amenity\": \"school\", \"area\": \"yes\", \"is_in\": \"G-8/4, Islamabad\", \"name\": \"FG Junior Model School G-/8/4\"}"
      }
    },
    {
      "type": "Feature",
      "geometry": {
        "type": "Point",
        "coordinates": [
          73.0593142,
          33.6944388
        ]
      },
      "properties": {
        "osm_id": 23624877,
        "osm_type": "way",
        "group": "amenity",
        "primary_key": "amenity",
        "primary_value": "school",
        "name": "Federal Government Girls Model Middle School",
        "addr_full": "Street 26, اسلام آباد",
        "all_tags_json": "{\"addr:city\": \"اسلام آباد\", \"addr:city:ar\": \"إسلام آباد\", \"addr:city:en\": \"Islamabad\", \"addr:city:ks\": \"اِسلام آبادٖ\", \"addr:city:pnb\": \"اسلام آباد\", \"addr:city:ps\": \"اسلام آباد\", \"addr:city:sd\": \"اسلام آباد\", \"addr:city:ur\": \"اسلام آباد\", \"addr:street\": \"Street 26\", \"amenity\": \"school\", \"area\": \"yes\", \"name\": \"Federal Government Girls Model Middle School\", \"operator\": \"Federal Government\", \"operator:type\": \"government\"}"
      }
    },
    {
      "type": "Feature",
      "geometry": {
        "type": "Point",
        "coordinates": [
          73.059164,
          33.6976594
        ]
      },
      "properties": {
        "osm_id": 23624926,
        "osm_type": "way",
        "group": "amenity",
        "primary_key": "amenity",
        "primary_value": "school",
        "name": "Islamabad Model School G-8/4",
        "addr_full": "Street 30, اسلام آباد",
        "all_tags_json": "{\"addr:city\": \"اسلام آباد\", \"addr:city:ar\": \"إسلام آباد\", \"addr:city:en\": \"Islamabad\", \"addr:city:ks\": \"اِسلام آبادٖ\", \"addr:city:pnb\": \"اسلام آباد\", \"addr:city:ps\": \"اسلام آباد\", \"addr:city:sd\": \"اسلام آباد\", \"addr:city:ur\": \"اسلام آباد\", \"addr:street\": \"Street 30\", \"amenity\": \"school\", \"area\": \"yes\", \"name\": \"Islamabad Model School G-8/4\", \"operator\": \"Federal Government\", \"operator:type\": \"government\"}"
      }
    },
    {
      "type": "Feature",
      "geometry": {
        "type": "Point",
        "coordinates": [
          73.0239682,
          33.677465
        ]
      },
      "properties": {
        "osm_id": 23734684,
        "osm_type": "way",
        "group": "amenity",
        "primary_key": "amenity",
        "primary_value": "school",
        "name": null,
        "addr_full": "Gali 66, Islamabad",
        "all_tags_json": "{\"addr:city\": \"Islamabad\", \"addr:city:ar\": \"إسلام آباد\", \"addr:city:en\": \"Islamabad\", \"addr:city:ks\": \"اِسلام آبادٖ\", \"addr:city:pnb\": \"اسلام آباد\", \"addr:city:ps\": \"اسلام آباد\", \"addr:city:sd\": \"اسلام آباد\", \"addr:city:ur\": \"اسلام آباد\", \"addr:street\": \"Gali 66\", \"amenity\": \"school\", \"operator\": \"Federal Government\"}"
      }
    },
    {
      "type": "Feature",
      "geometry": {
        "type": "Point",
        "coordinates": [
          73.0640881,
          33.7045839
        ]
      },
      "properties": {
        "osm_id": 23759232,
        "osm_type": "way",
        "group": "amenity",
        "primary_key": "amenity",
        "primary_value": "school",
        "name": "G-7/2 ایف جی گرلز ماڈل اسکول",
        "addr_full": "گلی 46, اسلام آباد",
        "all_tags_json": "{\"addr:city\": \"اسلام آباد\", \"addr:city:ar\": \"إسلام آباد\", \"addr:city:ks\": \"اِسلام آبادٖ\", \"addr:city:pnb\": \"اسلام آباد\", \"addr:city:ps\": \"اسلام آباد\", \"addr:city:sd\": \"اسلام آباد\", \"addr:city:ur\": \"اسلام آباد\", \"addr:street\": \"گلی 46\", \"amenity\": \"school\", \"area\": \"yes\", \"name\": \"G-7/2 ایف جی گرلز ماڈل اسکول\", \"name:en\": \"Federal Government Girls Model School G-7/2\", \"name:ur\": \"G-7/2 ایف جی گرلز ماڈل اسکول\"}"
      }
    },
    {
      "type": "Feature",
      "geometry": {
        "type": "Point",
        "coordinates": [
          73.0702369,
          33.682411
        ]
      },
      "properties": {
        "osm_id": 25000803,
        "osm_type": "way",
        "group": "amenity",
        "primary_key": "amenity",
        "primary_value": "school",
        "name": "OPF Foundation School",
        "addr_full": null,
        "all_tags_json": "{\"amenity\": \"school\", \"name\": \"OPF Foundation School\"}"
      }
    },
    {
      "type": "Feature",
      "geometry": {
        "type": "Point",
        "coordinates": [
          73.0712369,
          33.6815575
        ]
      },
      "properties": {
        "osm_id": 25000809,
        "osm_type": "way",
        "group": "amenity",
        "primary_key": "amenity",
        "primary_value": "school",
        "name": "Islamabad Convent School",
        "addr_full": null,
        "all_tags_json": "{\"amenity\": \"school\", \"name\": \"Islamabad Convent School\"}"
      }
    },
    {
      "type": "Feature",
      "geometry": {
        "type": "Point",
        "coordinates": [
          73.05388,
          33.7147178
        ]
      },
      "properties": {
        "osm_id": 25603881,
        "osm_type": "way",
        "group": "amenity",
        "primary_key": "amenity",
        "primary_value": "school",
        "name": "Islamabad Model Primary School F-7/1",
        "addr_full": null,
        "all_tags_json": "{\"amenity\": \"school\", \"area\": \"yes\", \"is_in\": \"F-7/1, Islamabad\", \"name\": \"Islamabad Model Primary School F-7/1\", \"operator\": \"Federal Government\", \"operator:type\": \"government\"}"
      }
    },
    {
      "type": "Feature",
      "geometry": {
        "type": "Point",
        "coordinates": [
          73.1425817,
          33.6784567
        ]
      },
      "properties": {
        "osm_id": 154459262,
        "osm_type": "way",
        "group": "amenity",
        "primary_key": "amenity",
        "primary_value": "school",
        "name": "Islamabad Model School For Boys, Chak Shehzad",
        "addr_full": null,
        "all_tags_json": "{\"amenity\": \"school\", \"name\": \"Islamabad Model School For Boys, Chak Shehzad\"}"
      }
    },
    {
      "type": "Feature",
      "geometry": {
        "type": "Point",
        "coordinates": [
          73.0688933,
          33.7007341
        ]
      },
      "properties": {
        "osm_id": 154970822,
        "osm_type": "way",
        "group": "amenity",
        "primary_key": "amenity",
        "primary_value": "school",
        "name": "Federal Government Primary Model School G-7/1",
        "addr_full": "Street 31, اسلام آباد",
        "all_tags_json": "{\"addr:city\": \"اسلام آباد\", \"addr:city:ar\": \"إسلام آباد\", \"addr:city:en\": \"Islamabad\", \"addr:city:ks\": \"اِسلام آبادٖ\", \"addr:city:pnb\": \"اسلام آباد\", \"addr:city:ps\": \"اسلام آباد\", \"addr:city:sd\": \"اسلام آباد\", \"addr:city:ur\": \"اسلام آباد\", \"addr:street\": \"Street 31\", \"amenity\": \"school\", \"grades\": \"1-5\", \"name\": \"Federal Government Primary Model School G-7/1\"}"
      }
    },
    {
      "type": "Feature",
      "geometry": {
        "type": "Point",
        "coordinates": [
          73.0706905,
          33.7016763
        ]
      },
      "properties": {
        "osm_id": 154970824,
        "osm_type": "way",
        "group": "amenity",
        "primary_key": "amenity",
        "primary_value": "school",
        "name": "Federal Government Girls Secondary School # 7",
        "addr_full": "Street 33, اسلام آباد",
        "all_tags_json": "{\"addr:city\": \"اسلام آباد\", \"addr:city:ar\": \"إسلام آباد\", \"addr:city:en\": \"Islamabad\", \"addr:city:ks\": \"اِسلام آبادٖ\", \"addr:city:pnb\": \"اسلام آباد\", \"addr:city:ps\": \"اسلام آباد\", \"addr:city:sd\": \"اسلام آباد\", \"addr:city:ur\": \"اسلام آباد\", \"addr:street\": \"Street 33\", \"amenity\": \"school\", \"name\": \"Federal Government Girls Secondary School # 7\", \"name:en\": \"Islamabad Model School for Girls G-7/1\", \"operator\": \"Federal Government\", \"operator:type\": \"government\"}"
      }
    },
    {
      "type": "Feature",
      "geometry": {
        "type": "Point",
        "coordinates": [
          72.9900722,
          33.6722439
        ]
      },
      "properties": {
        "osm_id": 260128941,
        "osm_type": "way",
        "group": "amenity",
        "primary_key": "amenity",
        "primary_value": "school",
        "name": "Wasif Ali Shaheed Model School For Boys",
        "addr_full": null,
        "all_tags_json": "{\"amenity\": \"school\", \"building\": \"yes\", \"name\": \"Wasif Ali Shaheed Model School For Boys\", \"operator\": \"Federal Government\"}"
      }
    },
    {
      "type": "Feature",
      "geometry": {
        "type": "Point",
        "coordinates": [
          73.1493545,
          33.675812
        ]
      },
      "properties": {
        "osm_id": 263826368,
        "osm_type": "way",
        "group": "amenity",
        "primary_key": "amenity",
        "primary_value": "school",
        "name": "Muslim Hands School Of Exellence",
        "addr_full": null,
        "all_tags_json": "{\"amenity\": \"school\", \"name\": \"Muslim Hands School Of Exellence\"}"
      }
    },
    {
      "type": "Feature",
      "geometry": {
        "type": "Point",
        "coordinates": [
          73.0143025,
          33.7078153
        ]
      },
      "properties": {
        "osm_id": 320392929,
        "osm_type": "way",
        "group": "amenity",
        "primary_key": "amenity",
        "primary_value": "school",
        "name": null,
        "addr_full": null,
        "all_tags_json": "{\"amenity\": \"school\"}"
      }
    },
    {
      "type": "Feature",
      "geometry": {
        "type": "Point",
        "coordinates": [
          73.0479898,
          33.6655806
        ]
      },
      "properties": {
        "osm_id": 336859488,
        "osm_type": "way",
        "group": "amenity",
        "primary_key": "amenity",
        "primary_value": "school",
        "name": "سیکرٹریٹ انسٹی ٹیوٹ (اسٹیبلشمنٹ ڈویژن)",
        "addr_full": "اسلام آباد",
        "all_tags_json": "{\"addr:city\": \"اسلام آباد\", \"amenity\": \"school\", \"name\": \"سیکرٹریٹ انسٹی ٹیوٹ (اسٹیبلشمنٹ ڈویژن)\", \"name:en\": \"Secretariat Institute (Establishment Division)\", \"name:ur\": \"سیکرٹریٹ انسٹی ٹیوٹ (اسٹیبلشمنٹ ڈویژن)\"}"
      }
    },
    {
      "type": "Feature",
      "geometry": {
        "type": "Point",
        "coordinates": [
          73.0680579,
          33.6620585
        ]
      },
      "properties": {
        "osm_id": 456019436,
        "osm_type": "way",
        "group": "amenity",
        "primary_key": "amenity",
        "primary_value": "school",
        "name": "Islamabad Model School I-8/1 Islamabad",
        "addr_full": null,
        "all_tags_json": "{\"amenity\": \"school\", \"name\": \"Islamabad Model School I-8/1 Islamabad\", \"operator\": \"Federal Government\", \"operator:type\": \"government\"}"
      }
    },
    {
      "type": "Feature",
      "geometry": {
        "type": "Point",
        "coordinates": [
          73.0706001,
          33.663796
        ]
      },
      "properties": {
        "osm_id": 460796246,
        "osm_type": "way",
        "group": "amenity",
        "primary_key": "amenity",
        "primary_value": "school",
        "name": "Islamabad Model School for Girls I-8/1",
        "addr_full": null,
        "all_tags_json": "{\"amenity\": \"school\", \"name\": \"Islamabad Model School for Girls I-8/1\"}"
      }
    },
    {
      "type": "Feature",
      "geometry": {
        "type": "Point",
        "coordinates": [
          72.9767115,
          33.7041578
        ]
      },
      "properties": {
        "osm_id": 472216187,
        "osm_type": "way",
        "group": "amenity",
        "primary_key": "amenity",
        "primary_value": "school",
        "name": null,
        "addr_full": null,
        "all_tags_json": "{\"amenity\": \"school\"}"
      }
    },
    {
      "type": "Feature",
      "geometry": {
        "type": "Point",
        "coordinates": [
          72.9985743,
          33.6641216
        ]
      },
      "properties": {
        "osm_id": 496319661,
        "osm_type": "way",
        "group": "amenity",
        "primary_key": "amenity",
        "primary_value": "school",
        "name": "F G Model School",
        "addr_full": "Street 156, اسلام آباد",
        "all_tags_json": "{\"addr:city\": \"اسلام آباد\", \"addr:city:ar\": \"إسلام آباد\", \"addr:city:en\": \"Islamabad\", \"addr:city:ks\": \"اِسلام آبادٖ\", \"addr:city:pnb\": \"اسلام آباد\", \"addr:city:ps\": \"اسلام آباد\", \"addr:city:sd\": \"اسلام آباد\", \"addr:city:ur\": \"اسلام آباد\", \"addr:street\": \"Street 156\", \"amenity\": \"school\", \"name\": \"F G Model School\", \"operator\": \"Federal Government\"}"
      }
    },
    {
      "type": "Feature",
      "geometry": {
        "type": "Point",
        "coordinates": [
          72.9950353,
          33.6824517
        ]
      },
      "properties": {
        "osm_id": 496328223,
        "osm_type": "way",
        "group": "amenity",
        "primary_key": "amenity",
        "primary_value": "school",
        "name": "International Grammar School",
        "addr_full": "Street 58, اسلام آباد",
        "all_tags_json": "{\"addr:city\": \"اسلام آباد\", \"addr:city:ar\": \"إسلام آباد\", \"addr:city:en\": \"Islamabad\", \"addr:city:ks\": \"اِسلام آبادٖ\", \"addr:city:pnb\": \"اسلام آباد\", \"addr:city:ps\": \"اسلام آباد\", \"addr:city:sd\": \"اسلام آباد\", \"addr:city:ur\": \"اسلام آباد\", \"addr:street\": \"Street 58\", \"amenity\": \"school\", \"name\": \"International Grammar School\", \"wikidata\": \"Q6050773\"}"
      }
    },
    {
      "type": "Feature",
      "geometry": {
        "type": "Point",
        "coordinates": [
          73.0340767,
          33.6912972
        ]
      },
      "properties": {
        "osm_id": 498492158,
        "osm_type": "way",
        "group": "amenity",
        "primary_key": "amenity",
        "primary_value": "school",
        "name": "Islamabad Model School",
        "addr_full": "Gali 112, اسلام آباد",
        "all_tags_json": "{\"addr:city\": \"اسلام آباد\", \"addr:city:ar\": \"إسلام آباد\", \"addr:city:en\": \"Islamabad\", \"addr:city:ks\": \"اِسلام آبادٖ\", \"addr:city:pnb\": \"اسلام آباد\", \"addr:city:ps\": \"اسلام آباد\", \"addr:city:sd\": \"اسلام آباد\", \"addr:city:ur\": \"اسلام آباد\", \"addr:street\": \"Gali 112\", \"amenity\": \"school\", \"name\": \"Islamabad Model School\", \"operator\": \"Federal Government\"}"
      }
    },
    {
      "type": "Feature",
      "geometry": {
        "type": "Point",
        "coordinates": [
          72.999321,
          33.6760299
        ]
      },
      "properties": {
        "osm_id": 570220266,
        "osm_type": "way",
        "group": "amenity",
        "primary_key": "amenity",
        "primary_value": "school",
        "name": "Beaconhouse School System",
        "addr_full": "Street 100, G 11/3, اسلام آباد",
        "all_tags_json": "{\"addr:city\": \"اسلام آباد\", \"addr:city:en\": \"Islamabad\", \"addr:city:fr\": \"Islamabad\", \"addr:city:pa\": \"ਇਸਲਾਮਾਬਾਦ\", \"addr:city:pnb\": \"اسلام آباد\", \"addr:city:ur\": \"اسلام آباد\", \"addr:housenumber\": \"G 11/3\", \"addr:street\": \"Street 100\", \"amenity\": \"school\", \"name\": \"Beaconhouse School System\", \"operator:type\": \"private\"}"
      }
    },
    {
      "type": "Feature",
      "geometry": {
        "type": "Point",
        "coordinates": [
          73.0877349,
          33.711244
        ]
      },
      "properties": {
        "osm_id": 1714798901,
        "osm_type": "node",
        "group": "amenity",
        "primary_key": "amenity",
        "primary_value": "marketplace",
        "name": "Sunday Bazaar",
        "addr_full": null,
        "all_tags_json": "{\"amenity\": \"marketplace\", \"name\": \"Sunday Bazaar\"}"
      }
    },
    {
      "type": "Feature",
      "geometry": {
        "type": "Point",
        "coordinates": [
          73.0299215,
          33.6925416
        ]
      },
      "properties": {
        "osm_id": 2147103755,
        "osm_type": "node",
        "group": "amenity",
        "primary_key": "amenity",
        "primary_value": "marketplace",
        "name": "Jahangir Market",
        "addr_full": "Gali 3, اسلام آباد",
        "all_tags_json": "{\"addr:city\": \"اسلام آباد\", \"addr:city:ar\": \"إسلام آباد\", \"addr:city:en\": \"Islamabad\", \"addr:city:ks\": \"اِسلام آبادٖ\", \"addr:city:pnb\": \"اسلام آباد\", \"addr:city:ps\": \"اسلام آباد\", \"addr:city:sd\": \"اسلام آباد\", \"addr:city:ur\": \"اسلام آباد\", \"addr:street\": \"Gali 3\", \"amenity\": \"marketplace\", \"name\": \"Jahangir Market\", \"source\": \"Local Knowledge\"}"
      }
    },
    {
      "type": "Feature",
      "geometry": {
        "type": "Point",
        "coordinates": [
          72.9861595,
          33.6993847
        ]
      },
      "properties": {
        "osm_id": 4672190664,
        "osm_type": "node",
        "group": "amenity",
        "primary_key": "amenity",
        "primary_value": "marketplace",
        "name": "One Dollar Store",
        "addr_full": null,
        "all_tags_json": "{\"amenity\": \"marketplace\", \"name\": \"One Dollar Store\"}"
      }
    },
    {
      "type": "Feature",
      "geometry": {
        "type": "Point",
        "coordinates": [
          73.0816995,
          33.7229262
        ]
      },
      "properties": {
        "osm_id": 4954642416,
        "osm_type": "node",
        "group": "amenity",
        "primary_key": "amenity",
        "primary_value": "marketplace",
        "name": "Ghausia Plaza",
        "addr_full": "Jinnah Avenue, اسلام آباد",
        "all_tags_json": "{\"addr:city\": \"اسلام آباد\", \"addr:city:ar\": \"إسلام آباد\", \"addr:city:en\": \"Islamabad\", \"addr:city:ks\": \"اِسلام آبادٖ\", \"addr:city:pnb\": \"اسلام آباد\", \"addr:city:ps\": \"اسلام آباد\", \"addr:city:sd\": \"اسلام آباد\", \"addr:city:ur\": \"اسلام آباد\", \"addr:street\": \"Jinnah Avenue\", \"amenity\": \"marketplace\", \"name\": \"Ghausia Plaza\"}"
      }
    },
    {
      "type": "Feature",
      "geometry": {
        "type": "Point",
        "coordinates": [
          73.0761819,
          33.7200044
        ]
      },
      "properties": {
        "osm_id": 4954690483,
        "osm_type": "node",
        "group": "amenity",
        "primary_key": "amenity",
        "primary_value": "marketplace",
        "name": "Ayesha Plaza",
        "addr_full": "Jinnah Avenue, اسلام آباد",
        "all_tags_json": "{\"addr:city\": \"اسلام آباد\", \"addr:city:ar\": \"إسلام آباد\", \"addr:city:en\": \"Islamabad\", \"addr:city:ks\": \"اِسلام آبادٖ\", \"addr:city:pnb\": \"اسلام آباد\", \"addr:city:ps\": \"اسلام آباد\", \"addr:city:sd\": \"اسلام آباد\", \"addr:city:ur\": \"اسلام آباد\", \"addr:street\": \"Jinnah Avenue\", \"amenity\": \"marketplace\", \"name\": \"Ayesha Plaza\"}"
      }
    },
    {
      "type": "Feature",
      "geometry": {
        "type": "Point",
        "coordinates": [
          73.0748384,
          33.7190921
        ]
      },
      "properties": {
        "osm_id": 4954775546,
        "osm_type": "node",
        "group": "amenity",
        "primary_key": "amenity",
        "primary_value": "marketplace",
        "name": "Waheed Plaza",
        "addr_full": "Jinnah Avenue, اسلام آباد",
        "all_tags_json": "{\"addr:city\": \"اسلام آباد\", \"addr:city:ar\": \"إسلام آباد\", \"addr:city:en\": \"Islamabad\", \"addr:city:ks\": \"اِسلام آبادٖ\", \"addr:city:pnb\": \"اسلام آباد\", \"addr:city:ps\": \"اسلام آباد\", \"addr:city:sd\": \"اسلام آباد\", \"addr:city:ur\": \"اسلام آباد\", \"addr:street\": \"Jinnah Avenue\", \"amenity\": \"marketplace\", \"name\": \"Waheed Plaza\"}"
      }
    },
    {
      "type": "Feature",
      "geometry": {
        "type": "Point",
        "coordinates": [
          73.0816674,
          33.7152561
        ]
      },
      "properties": {
        "osm_id": 4954797285,
        "osm_type": "node",
        "group": "amenity",
        "primary_key": "amenity",
        "primary_value": "marketplace",
        "name": "Irum Market",
        "addr_full": "Street 30, اسلام آباد",
        "all_tags_json": "{\"addr:city\": \"اسلام آباد\", \"addr:city:ar\": \"إسلام آباد\", \"addr:city:en\": \"Islamabad\", \"addr:city:ks\": \"اِسلام آبادٖ\", \"addr:city:pnb\": \"اسلام آباد\", \"addr:city:ps\": \"اسلام آباد\", \"addr:city:sd\": \"اسلام آباد\", \"addr:city:ur\": \"اسلام آباد\", \"addr:street\": \"Street 30\", \"amenity\": \"marketplace\", \"name\": \"Irum Market\"}"
      }
    },
    {
      "type": "Feature",
      "geometry": {
        "type": "Point",
        "coordinates": [
          72.9996184,
          33.6947995
        ]
      },
      "properties": {
        "osm_id": 4961414259,
        "osm_type": "node",
        "group": "amenity",
        "primary_key": "amenity",
        "primary_value": "marketplace",
        "name": "Idrees Market",
        "addr_full": "Street 11A, اسلام آباد",
        "all_tags_json": "{\"addr:city\": \"اسلام آباد\", \"addr:city:ar\": \"إسلام آباد\", \"addr:city:en\": \"Islamabad\", \"addr:city:ks\": \"اِسلام آبادٖ\", \"addr:city:pnb\": \"اسلام آباد\", \"addr:city:ps\": \"اسلام آباد\", \"addr:city:sd\": \"اسلام آباد\", \"addr:city:ur\": \"اسلام آباد\", \"addr:street\": \"Street 11A\", \"amenity\": \"marketplace\", \"name\": \"Idrees Market\"}"
      }
    },
    {
      "type": "Feature",
      "geometry": {
        "type": "Point",
        "coordinates": [
          73.0401171,
          33.7239258
        ]
      },
      "properties": {
        "osm_id": 4964054203,
        "osm_type": "node",
        "group": "amenity",
        "primary_key": "amenity",
        "primary_value": "marketplace",
        "name": "CDA Market",
        "addr_full": "Street 27, اسلام آباد",
        "all_tags_json": "{\"addr:city\": \"اسلام آباد\", \"addr:city:ar\": \"إسلام آباد\", \"addr:city:en\": \"Islamabad\", \"addr:city:ks\": \"اِسلام آبادٖ\", \"addr:city:pnb\": \"اسلام آباد\", \"addr:city:ps\": \"اسلام آباد\", \"addr:city:sd\": \"اسلام آباد\", \"addr:city:ur\": \"اسلام آباد\", \"addr:street\": \"Street 27\", \"amenity\": \"marketplace\", \"name\": \"CDA Market\"}"
      }
    },
    {
      "type": "Feature",
      "geometry": {
        "type": "Point",
        "coordinates": [
          73.0512487,
          33.6891482
        ]
      },
      "properties": {
        "osm_id": 5403441616,
        "osm_type": "node",
        "group": "amenity",
        "primary_key": "amenity",
        "primary_value": "marketplace",
        "name": "Raftar Goods Forwarding Agency",
        "addr_full": null,
        "all_tags_json": "{\"amenity\": \"marketplace\", \"name\": \"Raftar Goods Forwarding Agency\"}"
      }
    },
    {
      "type": "Feature",
      "geometry": {
        "type": "Point",
        "coordinates": [
          72.9736751,
          33.6715629
        ]
      },
      "properties": {
        "osm_id": 11033441452,
        "osm_type": "node",
        "group": "amenity",
        "primary_key": "amenity",
        "primary_value": "marketplace",
        "name": "Malik Ayub Market",
        "addr_full": null,
        "all_tags_json": "{\"amenity\": \"marketplace\", \"name\": \"Malik Ayub Market\"}"
      }
    },
    {
      "type": "Feature",
      "geometry": {
        "type": "Point",
        "coordinates": [
          73.0385601,
          33.6853728
        ]
      },
      "properties": {
        "osm_id": 118915171,
        "osm_type": "way",
        "group": "amenity",
        "primary_key": "amenity",
        "primary_value": "marketplace",
        "name": "Faisal Market",
        "addr_full": null,
        "all_tags_json": "{\"amenity\": \"marketplace\", \"name\": \"Faisal Market\"}"
      }
    },
    {
      "type": "Feature",
      "geometry": {
        "type": "Point",
        "coordinates": [
          73.045095,
          33.6815698
        ]
      },
      "properties": {
        "osm_id": 154535328,
        "osm_type": "way",
        "group": "amenity",
        "primary_key": "amenity",
        "primary_value": "marketplace",
        "name": "اتوار بازار",
        "addr_full": null,
        "all_tags_json": "{\"amenity\": \"marketplace\", \"name\": \"اتوار بازار\", \"name:ar\": \"سوق الأحد\", \"name:en\": \"Sunday Market\", \"name:ur\": \"اتوار بازار\"}"
      }
    },
    {
      "type": "Feature",
      "geometry": {
        "type": "Point",
        "coordinates": [
          73.0715415,
          33.7043539
        ]
      },
      "properties": {
        "osm_id": 158533809,
        "osm_type": "way",
        "group": "amenity",
        "primary_key": "amenity",
        "primary_value": "marketplace",
        "name": "Libra market",
        "addr_full": "Rehman Baba Road, اسلام آباد",
        "all_tags_json": "{\"addr:city\": \"اسلام آباد\", \"addr:city:ar\": \"إسلام آباد\", \"addr:city:en\": \"Islamabad\", \"addr:city:ks\": \"اِسلام آبادٖ\", \"addr:city:pnb\": \"اسلام آباد\", \"addr:city:ps\": \"اسلام آباد\", \"addr:city:sd\": \"اسلام آباد\", \"addr:city:ur\": \"اسلام آباد\", \"addr:street\": \"Rehman Baba Road\", \"amenity\": \"marketplace\", \"name\": \"Libra market\"}"
      }
    },
    {
      "type": "Feature",
      "geometry": {
        "type": "Point",
        "coordinates": [
          73.0715951,
          33.7039288
        ]
      },
      "properties": {
        "osm_id": 158533819,
        "osm_type": "way",
        "group": "amenity",
        "primary_key": "amenity",
        "primary_value": "marketplace",
        "name": "WholeSale Market",
        "addr_full": null,
        "all_tags_json": "{\"amenity\": \"marketplace\", \"name\": \"WholeSale Market\"}"
      }
    },
    {
      "type": "Feature",
      "geometry": {
        "type": "Point",
        "coordinates": [
          73.0685974,
          33.7062695
        ]
      },
      "properties": {
        "osm_id": 158535063,
        "osm_type": "way",
        "group": "amenity",
        "primary_key": "amenity",
        "primary_value": "marketplace",
        "name": "Sitara Market",
        "addr_full": null,
        "all_tags_json": "{\"amenity\": \"marketplace\", \"name\": \"Sitara Market\"}"
      }
    },
    {
      "type": "Feature",
      "geometry": {
        "type": "Point",
        "coordinates": [
          73.0730757,
          33.7071621
        ]
      },
      "properties": {
        "osm_id": 158535596,
        "osm_type": "way",
        "group": "amenity",
        "primary_key": "amenity",
        "primary_value": "marketplace",
        "name": "Gool Market",
        "addr_full": null,
        "all_tags_json": "{\"amenity\": \"marketplace\", \"name\": \"Gool Market\"}"
      }
    },
    {
      "type": "Feature",
      "geometry": {
        "type": "Point",
        "coordinates": [
          73.0882767,
          33.7116233
        ]
      },
      "properties": {
        "osm_id": 159364882,
        "osm_type": "way",
        "group": "amenity",
        "primary_key": "amenity",
        "primary_value": "marketplace",
        "name": "Weekly Market",
        "addr_full": "Muncipal Road, اسلام آباد",
        "all_tags_json": "{\"addr:city\": \"اسلام آباد\", \"addr:city:ar\": \"إسلام آباد\", \"addr:city:en\": \"Islamabad\", \"addr:city:ks\": \"اِسلام آبادٖ\", \"addr:city:pnb\": \"اسلام آباد\", \"addr:city:ps\": \"اسلام آباد\", \"addr:city:sd\": \"اسلام آباد\", \"addr:city:ur\": \"اسلام آباد\", \"addr:street\": \"Muncipal Road\", \"amenity\": \"marketplace\", \"name\": \"Weekly Market\"}"
      }
    },
    {
      "type": "Feature",
      "geometry": {
        "type": "Point",
        "coordinates": [
          73.0298068,
          33.6920473
        ]
      },
      "properties": {
        "osm_id": 205505089,
        "osm_type": "way",
        "group": "amenity",
        "primary_key": "amenity",
        "primary_value": "marketplace",
        "name": "Jahangir Market",
        "addr_full": null,
        "all_tags_json": "{\"amenity\": \"marketplace\", \"name\": \"Jahangir Market\", \"source\": \"Local Knowledge\"}"
      }
    },
    {
      "type": "Feature",
      "geometry": {
        "type": "Point",
        "coordinates": [
          73.0855737,
          33.7159319
        ]
      },
      "properties": {
        "osm_id": 244848174,
        "osm_type": "way",
        "group": "amenity",
        "primary_key": "amenity",
        "primary_value": "marketplace",
        "name": "Melody Market",
        "addr_full": null,
        "all_tags_json": "{\"amenity\": \"marketplace\", \"name\": \"Melody Market\"}"
      }
    },
    {
      "type": "Feature",
      "geometry": {
        "type": "Point",
        "coordinates": [
          73.070088,
          33.6627324
        ]
      },
      "properties": {
        "osm_id": 460564167,
        "osm_type": "way",
        "group": "amenity",
        "primary_key": "amenity",
        "primary_value": "marketplace",
        "name": "Darbar Market",
        "addr_full": null,
        "all_tags_json": "{\"amenity\": \"marketplace\", \"building\": \"yes\", \"name\": \"Darbar Market\"}"
      }
    },
    {
      "type": "Feature",
      "geometry": {
        "type": "Point",
        "coordinates": [
          73.066015,
          33.6683204
        ]
      },
      "properties": {
        "osm_id": 460572406,
        "osm_type": "way",
        "group": "amenity",
        "primary_key": "amenity",
        "primary_value": "marketplace",
        "name": "Abu Huraira Market",
        "addr_full": null,
        "all_tags_json": "{\"amenity\": \"marketplace\", \"building\": \"yes\", \"name\": \"Abu Huraira Market\"}"
      }
    },
    {
      "type": "Feature",
      "geometry": {
        "type": "Point",
        "coordinates": [
          72.9858451,
          33.6854775
        ]
      },
      "properties": {
        "osm_id": 558024269,
        "osm_type": "way",
        "group": "amenity",
        "primary_key": "amenity",
        "primary_value": "marketplace",
        "name": "Tuck Shop",
        "addr_full": null,
        "all_tags_json": "{\"amenity\": \"marketplace\", \"name\": \"Tuck Shop\"}"
      }
    },
    {
      "type": "Feature",
      "geometry": {
        "type": "Point",
        "coordinates": [
          72.9914188,
          33.6720741
        ]
      },
      "properties": {
        "osm_id": 1085905913,
        "osm_type": "way",
        "group": "amenity",
        "primary_key": "amenity",
        "primary_value": "marketplace",
        "name": "Adnan Market",
        "addr_full": null,
        "all_tags_json": "{\"amenity\": \"marketplace\", \"name\": \"Adnan Market\"}"
      }
    },
    {
      "type": "Feature",
      "geometry": {
        "type": "Point",
        "coordinates": [
          73.0880389,
          33.711553
        ]
      },
      "properties": {
        "osm_id": 1096475339,
        "osm_type": "way",
        "group": "amenity",
        "primary_key": "amenity",
        "primary_value": "marketplace",
        "name": null,
        "addr_full": null,
        "all_tags_json": "{\"amenity\": \"marketplace\"}"
      }
    },
    {
      "type": "Feature",
      "geometry": {
        "type": "Point",
        "coordinates": [
          73.0057153,
          33.6804943
        ]
      },
      "properties": {
        "osm_id": 244186616,
        "osm_type": "node",
        "group": "amenity",
        "primary_key": "amenity",
        "primary_value": "mosque",
        "name": "Masjid Al Qasim",
        "addr_full": "Street 14, اسلام آباد",
        "all_tags_json": "{\"addr:city\": \"اسلام آباد\", \"addr:city:ar\": \"إسلام آباد\", \"addr:city:en\": \"Islamabad\", \"addr:city:ks\": \"اِسلام آبادٖ\", \"addr:city:pnb\": \"اسلام آباد\", \"addr:city:ps\": \"اسلام آباد\", \"addr:city:sd\": \"اسلام آباد\", \"addr:city:ur\": \"اسلام آباد\", \"addr:street\": \"Street 14\", \"amenity\": \"place_of_worship\", \"denomination\": \"sunni\", \"name\": \"Masjid Al Qasim\", \"religion\": \"muslim\"}"
      }
    },
    {
      "type": "Feature",
      "geometry": {
        "type": "Point",
        "coordinates": [
          73.0480234,
          33.7275661
        ]
      },
      "properties": {
        "osm_id": 246850955,
        "osm_type": "node",
        "group": "amenity",
        "primary_key": "amenity",
        "primary_value": "mosque",
        "name": "Masjid Alfurqan",
        "addr_full": "Street 11, اسلام آباد",
        "all_tags_json": "{\"addr:city\": \"اسلام آباد\", \"addr:city:ar\": \"إسلام آباد\", \"addr:city:en\": \"Islamabad\", \"addr:city:ks\": \"اِسلام آبادٖ\", \"addr:city:pnb\": \"اسلام آباد\", \"addr:city:ps\": \"اسلام آباد\", \"addr:city:sd\": \"اسلام آباد\", \"addr:city:ur\": \"اسلام آباد\", \"addr:street\": \"Street 11\", \"amenity\": \"place_of_worship\", \"denomination\": \"sunni\", \"name\": \"Masjid Alfurqan\", \"religion\": \"muslim\"}"
      }
    },
    {
      "type": "Feature",
      "geometry": {
        "type": "Point",
        "coordinates": [
          73.0743635,
          33.7241547
        ]
      },
      "properties": {
        "osm_id": 247876724,
        "osm_type": "node",
        "group": "amenity",
        "primary_key": "amenity",
        "primary_value": "mosque",
        "name": null,
        "addr_full": null,
        "all_tags_json": "{\"amenity\": \"place_of_worship\", \"created_by\": \"Potlatch 0.7b\", \"denomination\": \"sunni\", \"religion\": \"muslim\"}"
      }
    },
    {
      "type": "Feature",
      "geometry": {
        "type": "Point",
        "coordinates": [
          72.990963,
          33.6704887
        ]
      },
      "properties": {
        "osm_id": 255263515,
        "osm_type": "node",
        "group": "amenity",
        "primary_key": "amenity",
        "primary_value": "mosque",
        "name": "Jamia masjid Mai reshman",
        "addr_full": null,
        "all_tags_json": "{\"amenity\": \"place_of_worship\", \"denomination\": \"sunni\", \"name\": \"Jamia masjid Mai reshman\", \"religion\": \"muslim\"}"
      }
    },
    {
      "type": "Feature",
      "geometry": {
        "type": "Point",
        "coordinates": [
          73.0681513,
          33.699839
        ]
      },
      "properties": {
        "osm_id": 256052672,
        "osm_type": "node",
        "group": "amenity",
        "primary_key": "amenity",
        "primary_value": "mosque",
        "name": "Jama Masjid-e-Murtaza",
        "addr_full": "Street 33, اسلام آباد",
        "all_tags_json": "{\"addr:city\": \"اسلام آباد\", \"addr:city:ar\": \"إسلام آباد\", \"addr:city:en\": \"Islamabad\", \"addr:city:ks\": \"اِسلام آبادٖ\", \"addr:city:pnb\": \"اسلام آباد\", \"addr:city:ps\": \"اسلام آباد\", \"addr:city:sd\": \"اسلام آباد\", \"addr:city:ur\": \"اسلام آباد\", \"addr:street\": \"Street 33\", \"amenity\": \"place_of_worship\", \"denomination\": \"sunni\", \"name\": \"Jama Masjid-e-Murtaza\", \"religion\": \"muslim\"}"
      }
    },
    {
      "type": "Feature",
      "geometry": {
        "type": "Point",
        "coordinates": [
          73.0744925,
          33.7304298
        ]
      },
      "properties": {
        "osm_id": 256218900,
        "osm_type": "node",
        "group": "amenity",
        "primary_key": "amenity",
        "primary_value": "mosque",
        "name": null,
        "addr_full": null,
        "all_tags_json": "{\"amenity\": \"place_of_worship\", \"created_by\": \"Potlatch 0.8a\", \"denomination\": \"sunni\", \"is_in\": \"F-6/3, Islamabad\", \"religion\": \"muslim\"}"
      }
    },
    {
      "type": "Feature",
      "geometry": {
        "type": "Point",
        "coordinates": [
          73.0790074,
          33.7358736
        ]
      },
      "properties": {
        "osm_id": 256219017,
        "osm_type": "node",
        "group": "amenity",
        "primary_key": "amenity",
        "primary_value": "mosque",
        "name": null,
        "addr_full": "Street 10, اسلام آباد",
        "all_tags_json": "{\"addr:city\": \"اسلام آباد\", \"addr:city:ar\": \"إسلام آباد\", \"addr:city:en\": \"Islamabad\", \"addr:city:ks\": \"اِسلام آبادٖ\", \"addr:city:pnb\": \"اسلام آباد\", \"addr:city:ps\": \"اسلام آباد\", \"addr:city:sd\": \"اسلام آباد\", \"addr:city:ur\": \"اسلام آباد\", \"addr:street\": \"Street 10\", \"amenity\": \"place_of_worship\", \"denomination\": \"sunni\", \"religion\": \"muslim\"}"
      }
    },
    {
      "type": "Feature",
      "geometry": {
        "type": "Point",
        "coordinates": [
          73.0641759,
          33.708768
        ]
      },
      "properties": {
        "osm_id": 257423588,
        "osm_type": "node",
        "group": "amenity",
        "primary_key": "amenity",
        "primary_value": "mosque",
        "name": "مسجد الحیرہ",
        "addr_full": "گلی 34, اسلام آباد",
        "all_tags_json": "{\"addr:city\": \"اسلام آباد\", \"addr:city:ar\": \"إسلام آباد\", \"addr:city:ks\": \"اِسلام آبادٖ\", \"addr:city:pnb\": \"اسلام آباد\", \"addr:city:ps\": \"اسلام آباد\", \"addr:city:sd\": \"اسلام آباد\", \"addr:city:ur\": \"اسلام آباد\", \"addr:street\": \"گلی 34\", \"amenity\": \"place_of_worship\", \"denomination\": \"sunni\", \"name\": \"مسجد الحیرہ\", \"name:en\": \"Masjid Al Hira\", \"name:ur\": \"مسجد الحیرہ\", \"religion\": \"muslim\"}"
      }
    },
    {
      "type": "Feature",
      "geometry": {
        "type": "Point",
        "coordinates": [
          73.0226432,
          33.6801249
        ]
      },
      "properties": {
        "osm_id": 275774076,
        "osm_type": "node",
        "group": "amenity",
        "primary_key": "amenity",
        "primary_value": "mosque",
        "name": "Jamia Masjid Anwar-ul-khair",
        "addr_full": "Street 43, اسلام آباد",
        "all_tags_json": "{\"addr:city\": \"اسلام آباد\", \"addr:city:ar\": \"إسلام آباد\", \"addr:city:en\": \"Islamabad\", \"addr:city:ks\": \"اِسلام آبادٖ\", \"addr:city:pnb\": \"اسلام آباد\", \"addr:city:ps\": \"اسلام آباد\", \"addr:city:sd\": \"اسلام آباد\", \"addr:city:ur\": \"اسلام آباد\", \"addr:street\": \"Street 43\", \"amenity\": \"place_of_worship\", \"denomination\": \"sunni\", \"name\": \"Jamia Masjid Anwar-ul-khair\", \"religion\": \"muslim\"}"
      }
    },
    {
      "type": "Feature",
      "geometry": {
        "type": "Point",
        "coordinates": [
          73.0552218,
          33.7159849
        ]
      },
      "properties": {
        "osm_id": 279077692,
        "osm_type": "node",
        "group": "amenity",
        "primary_key": "amenity",
        "primary_value": "mosque",
        "name": "Masjid F-7/1",
        "addr_full": "Street 38, اسلام آباد",
        "all_tags_json": "{\"addr:city\": \"اسلام آباد\", \"addr:city:ar\": \"إسلام آباد\", \"addr:city:en\": \"Islamabad\", \"addr:city:ks\": \"اِسلام آبادٖ\", \"addr:city:pnb\": \"اسلام آباد\", \"addr:city:ps\": \"اسلام آباد\", \"addr:city:sd\": \"اسلام آباد\", \"addr:city:ur\": \"اسلام آباد\", \"addr:street\": \"Street 38\", \"amenity\": \"place_of_worship\", \"name\": \"Masjid F-7/1\", \"name:de\": \"Moschee F-7/1\", \"name:es\": \"Mezquita F-7/1\", \"religion\": \"muslim\"}"
      }
    },
    {
      "type": "Feature",
      "geometry": {
        "type": "Point",
        "coordinates": [
          73.0643672,
          33.7219579
        ]
      },
      "properties": {
        "osm_id": 279077727,
        "osm_type": "node",
        "group": "amenity",
        "primary_key": "amenity",
        "primary_value": "mosque",
        "name": null,
        "addr_full": "Street 61, اسلام آباد",
        "all_tags_json": "{\"addr:city\": \"اسلام آباد\", \"addr:city:ar\": \"إسلام آباد\", \"addr:city:en\": \"Islamabad\", \"addr:city:ks\": \"اِسلام آبادٖ\", \"addr:city:pnb\": \"اسلام آباد\", \"addr:city:ps\": \"اسلام آباد\", \"addr:city:sd\": \"اسلام آباد\", \"addr:city:ur\": \"اسلام آباد\", \"addr:street\": \"Street 61\", \"amenity\": \"place_of_worship\", \"denomination\": \"sunni\", \"religion\": \"muslim\"}"
      }
    },
    {
      "type": "Feature",
      "geometry": {
        "type": "Point",
        "coordinates": [
          73.0809757,
          33.7270635
        ]
      },
      "properties": {
        "osm_id": 292830527,
        "osm_type": "node",
        "group": "amenity",
        "primary_key": "amenity",
        "primary_value": "mosque",
        "name": null,
        "addr_full": null,
        "all_tags_json": "{\"amenity\": \"place_of_worship\", \"created_by\": \"Potlatch 0.10b\", \"denomination\": \"sunni\", \"religion\": \"muslim\"}"
      }
    },
    {
      "type": "Feature",
      "geometry": {
        "type": "Point",
        "coordinates": [
          73.0770198,
          33.6674358
        ]
      },
      "properties": {
        "osm_id": 297645551,
        "osm_type": "node",
        "group": "amenity",
        "primary_key": "amenity",
        "primary_value": "mosque",
        "name": "مسجد",
        "addr_full": null,
        "all_tags_json": "{\"amenity\": \"place_of_worship\", \"denomination\": \"sunni\", \"name\": \"مسجد\", \"name:en\": \"Mosque\", \"religion\": \"muslim\"}"
      }
    },
    {
      "type": "Feature",
      "geometry": {
        "type": "Point",
        "coordinates": [
          73.0297482,
          33.6843294
        ]
      },
      "properties": {
        "osm_id": 313042379,
        "osm_type": "node",
        "group": "amenity",
        "primary_key": "amenity",
        "primary_value": "mosque",
        "name": null,
        "addr_full": null,
        "all_tags_json": "{\"amenity\": \"place_of_worship\", \"denomination\": \"sunni\", \"religion\": \"muslim\"}"
      }
    },
    {
      "type": "Feature",
      "geometry": {
        "type": "Point",
        "coordinates": [
          73.036468,
          33.6818535
        ]
      },
      "properties": {
        "osm_id": 313218652,
        "osm_type": "node",
        "group": "amenity",
        "primary_key": "amenity",
        "primary_value": "mosque",
        "name": "Jamia Tul Murtaza",
        "addr_full": "Street 55, اسلام آباد",
        "all_tags_json": "{\"addr:city\": \"اسلام آباد\", \"addr:city:ar\": \"إسلام آباد\", \"addr:city:en\": \"Islamabad\", \"addr:city:ks\": \"اِسلام آبادٖ\", \"addr:city:pnb\": \"اسلام آباد\", \"addr:city:ps\": \"اسلام آباد\", \"addr:city:sd\": \"اسلام آباد\", \"addr:city:ur\": \"اسلام آباد\", \"addr:street\": \"Street 55\", \"amenity\": \"place_of_worship\", \"denomination\": \"shia\", \"name\": \"Jamia Tul Murtaza\", \"religion\": \"muslim\"}"
      }
    },
    {
      "type": "Feature",
      "geometry": {
        "type": "Point",
        "coordinates": [
          73.0311063,
          33.6817838
        ]
      },
      "properties": {
        "osm_id": 313366981,
        "osm_type": "node",
        "group": "amenity",
        "primary_key": "amenity",
        "primary_value": "mosque",
        "name": null,
        "addr_full": null,
        "all_tags_json": "{\"amenity\": \"place_of_worship\", \"denomination\": \"sunni\", \"religion\": \"muslim\"}"
      }
    },
    {
      "type": "Feature",
      "geometry": {
        "type": "Point",
        "coordinates": [
          73.0789184,
          33.7309604
        ]
      },
      "properties": {
        "osm_id": 821646234,
        "osm_type": "node",
        "group": "amenity",
        "primary_key": "amenity",
        "primary_value": "mosque",
        "name": "Motamar Mosque",
        "addr_full": "School Road, اسلام آباد",
        "all_tags_json": "{\"addr:city\": \"اسلام آباد\", \"addr:city:ar\": \"إسلام آباد\", \"addr:city:en\": \"Islamabad\", \"addr:city:ks\": \"اِسلام آبادٖ\", \"addr:city:pnb\": \"اسلام آباد\", \"addr:city:ps\": \"اسلام آباد\", \"addr:city:sd\": \"اسلام آباد\", \"addr:city:ur\": \"اسلام آباد\", \"addr:street\": \"School Road\", \"amenity\": \"place_of_worship\", \"name\": \"Motamar Mosque\", \"religion\": \"muslim\"}"
      }
    },
    {
      "type": "Feature",
      "geometry": {
        "type": "Point",
        "coordinates": [
          73.018439,
          33.7159942
        ]
      },
      "properties": {
        "osm_id": 920248540,
        "osm_type": "node",
        "group": "amenity",
        "primary_key": "amenity",
        "primary_value": "mosque",
        "name": "PAF Mosque",
        "addr_full": "Younas Avenue, اسلام آباد",
        "all_tags_json": "{\"addr:city\": \"اسلام آباد\", \"addr:city:ar\": \"إسلام آباد\", \"addr:city:en\": \"Islamabad\", \"addr:city:ks\": \"اِسلام آبادٖ\", \"addr:city:pnb\": \"اسلام آباد\", \"addr:city:ps\": \"اسلام آباد\", \"addr:city:sd\": \"اسلام آباد\", \"addr:city:ur\": \"اسلام آباد\", \"addr:street\": \"Younas Avenue\", \"amenity\": \"place_of_worship\", \"name\": \"PAF Mosque\", \"religion\": \"muslim\"}"
      }
    },
    {
      "type": "Feature",
      "geometry": {
        "type": "Point",
        "coordinates": [
          73.0600461,
          33.7228261
        ]
      },
      "properties": {
        "osm_id": 977841963,
        "osm_type": "node",
        "group": "amenity",
        "primary_key": "amenity",
        "primary_value": "mosque",
        "name": "Masjid Al Huda",
        "addr_full": "College Road, اسلام آباد",
        "all_tags_json": "{\"addr:city\": \"اسلام آباد\", \"addr:city:ar\": \"إسلام آباد\", \"addr:city:en\": \"Islamabad\", \"addr:city:ks\": \"اِسلام آبادٖ\", \"addr:city:pnb\": \"اسلام آباد\", \"addr:city:ps\": \"اسلام آباد\", \"addr:city:sd\": \"اسلام آباد\", \"addr:city:ur\": \"اسلام آباد\", \"addr:street\": \"College Road\", \"amenity\": \"place_of_worship\", \"building\": \"mosque\", \"name\": \"Masjid Al Huda\", \"religion\": \"muslim\"}"
      }
    },
    {
      "type": "Feature",
      "geometry": {
        "type": "Point",
        "coordinates": [
          73.054059,
          33.7197978
        ]
      },
      "properties": {
        "osm_id": 977857918,
        "osm_type": "node",
        "group": "amenity",
        "primary_key": "amenity",
        "primary_value": "mosque",
        "name": null,
        "addr_full": "College Road, اسلام آباد",
        "all_tags_json": "{\"addr:city\": \"اسلام آباد\", \"addr:city:ar\": \"إسلام آباد\", \"addr:city:en\": \"Islamabad\", \"addr:city:ks\": \"اِسلام آبادٖ\", \"addr:city:pnb\": \"اسلام آباد\", \"addr:city:ps\": \"اسلام آباد\", \"addr:city:sd\": \"اسلام آباد\", \"addr:city:ur\": \"اسلام آباد\", \"addr:street\": \"College Road\", \"amenity\": \"place_of_worship\", \"religion\": \"muslim\"}"
      }
    },
    {
      "type": "Feature",
      "geometry": {
        "type": "Point",
        "coordinates": [
          73.1226236,
          33.7282608
        ]
      },
      "properties": {
        "osm_id": 1089592407,
        "osm_type": "node",
        "group": "amenity",
        "primary_key": "amenity",
        "primary_value": "mosque",
        "name": "مسجد الكويت",
        "addr_full": "روڈ 4, اسلام آباد",
        "all_tags_json": "{\"addr:city\": \"اسلام آباد\", \"addr:city:ar\": \"إسلام آباد\", \"addr:city:en\": \"Islamabad\", \"addr:city:ks\": \"اِسلام آبادٖ\", \"addr:city:pnb\": \"اسلام آباد\", \"addr:city:ps\": \"اسلام آباد\", \"addr:city:sd\": \"اسلام آباد\", \"addr:city:ur\": \"اسلام آباد\", \"addr:street\": \"روڈ 4\", \"amenity\": \"place_of_worship\", \"name\": \"مسجد الكويت\", \"name:ar\": \"مسجد الكويت\", \"name:en\": \"Kuwait Masjid\", \"name:etymology\": \"الكويت\", \"name:etymology:wikidata\": \"Q817\", \"name:etymology:wikipedia\": \"ar:الكويت\", \"name:fr\": \"Mosquée du Koweït\", \"name:ur\": \"کویت مسجد\", \"religion\": \"muslim\"}"
      }
    },
    {
      "type": "Feature",
      "geometry": {
        "type": "Point",
        "coordinates": [
          73.0423234,
          33.6868112
        ]
      },
      "properties": {
        "osm_id": 1336464153,
        "osm_type": "node",
        "group": "amenity",
        "primary_key": "amenity",
        "primary_value": "mosque",
        "name": "Masjid-e-Qubah",
        "addr_full": null,
        "all_tags_json": "{\"amenity\": \"place_of_worship\", \"name\": \"Masjid-e-Qubah\", \"religion\": \"muslim\", \"source\": \"Yahoo + Local Knowledge\"}"
      }
    },
    {
      "type": "Feature",
      "geometry": {
        "type": "Point",
        "coordinates": [
          73.0387881,
          33.6848433
        ]
      },
      "properties": {
        "osm_id": 1336725436,
        "osm_type": "node",
        "group": "amenity",
        "primary_key": "amenity",
        "primary_value": "mosque",
        "name": "Masjid Syedna Hasan",
        "addr_full": null,
        "all_tags_json": "{\"amenity\": \"place_of_worship\", \"name\": \"Masjid Syedna Hasan\", \"religion\": \"muslim\", \"source\": \"Yahoo + Local Knowledge\"}"
      }
    },
    {
      "type": "Feature",
      "geometry": {
        "type": "Point",
        "coordinates": [
          73.0394691,
          33.6889667
        ]
      },
      "properties": {
        "osm_id": 1340818209,
        "osm_type": "node",
        "group": "amenity",
        "primary_key": "amenity",
        "primary_value": "mosque",
        "name": "Taqwa Masjid‎",
        "addr_full": null,
        "all_tags_json": "{\"amenity\": \"place_of_worship\", \"building\": \"mosque\", \"name\": \"Taqwa Masjid‎\", \"religion\": \"muslim\"}"
      }
    },
    {
      "type": "Feature",
      "geometry": {
        "type": "Point",
        "coordinates": [
          73.072613,
          33.7131642
        ]
      },
      "properties": {
        "osm_id": 1581372040,
        "osm_type": "node",
        "group": "amenity",
        "primary_key": "amenity",
        "primary_value": "mosque",
        "name": "Jam-e-masjid Chishtia",
        "addr_full": "Street 56, اسلام آباد",
        "all_tags_json": "{\"addr:city\": \"اسلام آباد\", \"addr:city:ar\": \"إسلام آباد\", \"addr:city:en\": \"Islamabad\", \"addr:city:ks\": \"اِسلام آبادٖ\", \"addr:city:pnb\": \"اسلام آباد\", \"addr:city:ps\": \"اسلام آباد\", \"addr:city:sd\": \"اسلام آباد\", \"addr:city:ur\": \"اسلام آباد\", \"addr:street\": \"Street 56\", \"amenity\": \"place_of_worship\", \"name\": \"Jam-e-masjid Chishtia\", \"religion\": \"muslim\"}"
      }
    },
    {
      "type": "Feature",
      "geometry": {
        "type": "Point",
        "coordinates": [
          73.0674215,
          33.7028933
        ]
      },
      "properties": {
        "osm_id": 1707162940,
        "osm_type": "node",
        "group": "amenity",
        "primary_key": "amenity",
        "primary_value": "mosque",
        "name": null,
        "addr_full": "اسلام آباد",
        "all_tags_json": "{\"addr:city\": \"اسلام آباد\", \"amenity\": \"place_of_worship\", \"denomination\": \"sunni\", \"religion\": \"muslim\"}"
      }
    },
    {
      "type": "Feature",
      "geometry": {
        "type": "Point",
        "coordinates": [
          73.0736926,
          33.707316
        ]
      },
      "properties": {
        "osm_id": 1707172945,
        "osm_type": "node",
        "group": "amenity",
        "primary_key": "amenity",
        "primary_value": "mosque",
        "name": null,
        "addr_full": null,
        "all_tags_json": "{\"amenity\": \"place_of_worship\", \"denomination\": \"sunni\", \"religion\": \"muslim\"}"
      }
    },
    {
      "type": "Feature",
      "geometry": {
        "type": "Point",
        "coordinates": [
          73.033076,
          33.7115207
        ]
      },
      "properties": {
        "osm_id": 1727464038,
        "osm_type": "node",
        "group": "amenity",
        "primary_key": "amenity",
        "primary_value": "mosque",
        "name": "Mujaddiya Masjid",
        "addr_full": "Park Road, اسلام آباد",
        "all_tags_json": "{\"addr:city\": \"اسلام آباد\", \"addr:city:ar\": \"إسلام آباد\", \"addr:city:en\": \"Islamabad\", \"addr:city:ks\": \"اِسلام آبادٖ\", \"addr:city:pnb\": \"اسلام آباد\", \"addr:city:ps\": \"اسلام آباد\", \"addr:city:sd\": \"اسلام آباد\", \"addr:city:ur\": \"اسلام آباد\", \"addr:street\": \"Park Road\", \"amenity\": \"place_of_worship\", \"denomination\": \"sunni\", \"name\": \"Mujaddiya Masjid\", \"religion\": \"muslim\"}"
      }
    },
    {
      "type": "Feature",
      "geometry": {
        "type": "Point",
        "coordinates": [
          73.0302501,
          33.6918463
        ]
      },
      "properties": {
        "osm_id": 2191271152,
        "osm_type": "node",
        "group": "amenity",
        "primary_key": "amenity",
        "primary_value": "mosque",
        "name": "Syed-na-Saddiq-Akbar",
        "addr_full": null,
        "all_tags_json": "{\"amenity\": \"place_of_worship\", \"denomination\": \"sunni\", \"name\": \"Syed-na-Saddiq-Akbar\", \"religion\": \"muslim\", \"source\": \"Local Knowledge\"}"
      }
    },
    {
      "type": "Feature",
      "geometry": {
        "type": "Point",
        "coordinates": [
          73.0262107,
          33.6905206
        ]
      },
      "properties": {
        "osm_id": 2191271157,
        "osm_type": "node",
        "group": "amenity",
        "primary_key": "amenity",
        "primary_value": "mosque",
        "name": "Khulfa Rashideen",
        "addr_full": null,
        "all_tags_json": "{\"amenity\": \"place_of_worship\", \"denomination\": \"sunni\", \"name\": \"Khulfa Rashideen\", \"religion\": \"muslim\", \"source\": \"Local Knowledge\"}"
      }
    },
    {
      "type": "Feature",
      "geometry": {
        "type": "Point",
        "coordinates": [
          73.0310065,
          33.6922301
        ]
      },
      "properties": {
        "osm_id": 2191271162,
        "osm_type": "node",
        "group": "amenity",
        "primary_key": "amenity",
        "primary_value": "mosque",
        "name": "Rehmat-ul-Alaimeen",
        "addr_full": null,
        "all_tags_json": "{\"amenity\": \"place_of_worship\", \"denomination\": \"sunni\", \"name\": \"Rehmat-ul-Alaimeen\", \"religion\": \"muslim\", \"source\": \"Local Knowledge\"}"
      }
    },
    {
      "type": "Feature",
      "geometry": {
        "type": "Point",
        "coordinates": [
          73.0275801,
          33.6924259
        ]
      },
      "properties": {
        "osm_id": 2191271163,
        "osm_type": "node",
        "group": "amenity",
        "primary_key": "amenity",
        "primary_value": "mosque",
        "name": "Syed-na-Ali",
        "addr_full": "Ibn-e-Sina Road, اسلام آباد, 44000",
        "all_tags_json": "{\"addr:city\": \"اسلام آباد\", \"addr:city:ar\": \"إسلام آباد\", \"addr:city:en\": \"Islamabad\", \"addr:city:ks\": \"اِسلام آبادٖ\", \"addr:city:pnb\": \"اسلام آباد\", \"addr:city:ps\": \"اسلام آباد\", \"addr:city:sd\": \"اسلام آباد\", \"addr:city:ur\": \"اسلام آباد\", \"addr:postcode\": \"44000\", \"addr:street\": \"Ibn-e-Sina Road\", \"amenity\": \"place_of_worship\", \"denomination\": \"sunni\", \"name\": \"Syed-na-Ali\", \"religion\": \"muslim\", \"source\": \"Local Knowledge\"}"
      }
    },
    {
      "type": "Feature",
      "geometry": {
        "type": "Point",
        "coordinates": [
          73.1069754,
          33.7220479
        ]
      },
      "properties": {
        "osm_id": 2346653554,
        "osm_type": "node",
        "group": "amenity",
        "primary_key": "amenity",
        "primary_value": "mosque",
        "name": "جامع مسجد",
        "addr_full": null,
        "all_tags_json": "{\"amenity\": \"place_of_worship\", \"name\": \"جامع مسجد\", \"name:ar\": \"مسجد جامع\", \"name:en\": \"Jamia Masjid\", \"name:ur\": \"جامع مسجد\", \"religion\": \"muslim\"}"
      }
    },
    {
      "type": "Feature",
      "geometry": {
        "type": "Point",
        "coordinates": [
          73.0479185,
          33.7160687
        ]
      },
      "properties": {
        "osm_id": 2351617878,
        "osm_type": "node",
        "group": "amenity",
        "primary_key": "amenity",
        "primary_value": "mosque",
        "name": "Mosque F-8/3",
        "addr_full": "Ismail Zabeeh Road, اسلام آباد",
        "all_tags_json": "{\"addr:city\": \"اسلام آباد\", \"addr:city:ar\": \"إسلام آباد\", \"addr:city:en\": \"Islamabad\", \"addr:city:ks\": \"اِسلام آبادٖ\", \"addr:city:pnb\": \"اسلام آباد\", \"addr:city:ps\": \"اسلام آباد\", \"addr:city:sd\": \"اسلام آباد\", \"addr:city:ur\": \"اسلام آباد\", \"addr:street\": \"Ismail Zabeeh Road\", \"amenity\": \"place_of_worship\", \"name\": \"Mosque F-8/3\", \"religion\": \"muslim\"}"
      }
    },
    {
      "type": "Feature",
      "geometry": {
        "type": "Point",
        "coordinates": [
          73.0808043,
          33.7222464
        ]
      },
      "properties": {
        "osm_id": 2351617934,
        "osm_type": "node",
        "group": "amenity",
        "primary_key": "amenity",
        "primary_value": "mosque",
        "name": null,
        "addr_full": null,
        "all_tags_json": "{\"amenity\": \"place_of_worship\", \"religion\": \"muslim\"}"
      }
    },
    {
      "type": "Feature",
      "geometry": {
        "type": "Point",
        "coordinates": [
          73.0122931,
          33.6970988
        ]
      },
      "properties": {
        "osm_id": 2412750108,
        "osm_type": "node",
        "group": "amenity",
        "primary_key": "amenity",
        "primary_value": "mosque",
        "name": "F-10 Markaz Masjid",
        "addr_full": "10th Avenue, اسلام آباد",
        "all_tags_json": "{\"addr:city\": \"اسلام آباد\", \"addr:city:ar\": \"إسلام آباد\", \"addr:city:en\": \"Islamabad\", \"addr:city:ks\": \"اِسلام آبادٖ\", \"addr:city:pnb\": \"اسلام آباد\", \"addr:city:ps\": \"اسلام آباد\", \"addr:city:sd\": \"اسلام آباد\", \"addr:city:ur\": \"اسلام آباد\", \"addr:street\": \"10th Avenue\", \"amenity\": \"place_of_worship\", \"name\": \"F-10 Markaz Masjid\", \"religion\": \"muslim\"}"
      }
    },
    {
      "type": "Feature",
      "geometry": {
        "type": "Point",
        "coordinates": [
          73.0232385,
          33.6756553
        ]
      },
      "properties": {
        "osm_id": 3261293299,
        "osm_type": "node",
        "group": "amenity",
        "primary_key": "amenity",
        "primary_value": "mosque",
        "name": "Masjid Tooba",
        "addr_full": "Gali 38, اسلام آباد",
        "all_tags_json": "{\"addr:city\": \"اسلام آباد\", \"addr:city:ar\": \"إسلام آباد\", \"addr:city:en\": \"Islamabad\", \"addr:city:ks\": \"اِسلام آبادٖ\", \"addr:city:pnb\": \"اسلام آباد\", \"addr:city:ps\": \"اسلام آباد\", \"addr:city:sd\": \"اسلام آباد\", \"addr:city:ur\": \"اسلام آباد\", \"addr:street\": \"Gali 38\", \"amenity\": \"place_of_worship\", \"denomination\": \"sunni\", \"name\": \"Masjid Tooba\", \"religion\": \"muslim\", \"wikidata\": \"Q2993402\", \"wikimedia_commons\": \"Category:Masjid e Tooba, Karachi\", \"wikipedia\": \"en:Masjid-e-Tooba\"}"
      }
    },
    {
      "type": "Feature",
      "geometry": {
        "type": "Point",
        "coordinates": [
          73.0452217,
          33.6693228
        ]
      },
      "properties": {
        "osm_id": 3438914953,
        "osm_type": "node",
        "group": "amenity",
        "primary_key": "amenity",
        "primary_value": "mosque",
        "name": "پی ایم ڈی سی مسجد",
        "addr_full": "اسلام آباد",
        "all_tags_json": "{\"addr:city\": \"اسلام آباد\", \"amenity\": \"place_of_worship\", \"building\": \"mosque\", \"name\": \"پی ایم ڈی سی مسجد\", \"name:en\": \"PMDC Masjid\", \"name:ur\": \"پی ایم ڈی سی مسجد\", \"religion\": \"muslim\"}"
      }
    },
    {
      "type": "Feature",
      "geometry": {
        "type": "Point",
        "coordinates": [
          73.0840634,
          33.7170347
        ]
      },
      "properties": {
        "osm_id": 3517204400,
        "osm_type": "node",
        "group": "amenity",
        "primary_key": "amenity",
        "primary_value": "mosque",
        "name": "Masjid e Usman",
        "addr_full": "Street 92, اسلام آباد",
        "all_tags_json": "{\"addr:city\": \"اسلام آباد\", \"addr:city:ar\": \"إسلام آباد\", \"addr:city:en\": \"Islamabad\", \"addr:city:ks\": \"اِسلام آبادٖ\", \"addr:city:pnb\": \"اسلام آباد\", \"addr:city:ps\": \"اسلام آباد\", \"addr:city:sd\": \"اسلام آباد\", \"addr:city:ur\": \"اسلام آباد\", \"addr:street\": \"Street 92\", \"amenity\": \"place_of_worship\", \"denomination\": \"sunni\", \"name\": \"Masjid e Usman\", \"religion\": \"muslim\"}"
      }
    },
    {
      "type": "Feature",
      "geometry": {
        "type": "Point",
        "coordinates": [
          73.0648229,
          33.7604786
        ]
      },
      "properties": {
        "osm_id": 3791063710,
        "osm_type": "node",
        "group": "amenity",
        "primary_key": "amenity",
        "primary_value": "mosque",
        "name": null,
        "addr_full": null,
        "all_tags_json": "{\"amenity\": \"place_of_worship\", \"religion\": \"muslim\"}"
      }
    },
    {
      "type": "Feature",
      "geometry": {
        "type": "Point",
        "coordinates": [
          73.1106581,
          33.7447116
        ]
      },
      "properties": {
        "osm_id": 4139137690,
        "osm_type": "node",
        "group": "amenity",
        "primary_key": "amenity",
        "primary_value": "mosque",
        "name": "Bari Imam Darbar",
        "addr_full": "Nurpur Road",
        "all_tags_json": "{\"addr:street\": \"Nurpur Road\", \"amenity\": \"place_of_worship\", \"name\": \"Bari Imam Darbar\", \"opening_hours\": \"24/7\", \"religion\": \"muslim\"}"
      }
    },
    {
      "type": "Feature",
      "geometry": {
        "type": "Point",
        "coordinates": [
          73.0770774,
          33.6600513
        ]
      },
      "properties": {
        "osm_id": 4232474989,
        "osm_type": "node",
        "group": "amenity",
        "primary_key": "amenity",
        "primary_value": "mosque",
        "name": "Madni Masjid",
        "addr_full": null,
        "all_tags_json": "{\"amenity\": \"place_of_worship\", \"building\": \"mosque\", \"name\": \"Madni Masjid\", \"religion\": \"muslim\"}"
      }
    },
    {
      "type": "Feature",
      "geometry": {
        "type": "Point",
        "coordinates": [
          73.0510157,
          33.6674098
        ]
      },
      "properties": {
        "osm_id": 4774757533,
        "osm_type": "node",
        "group": "amenity",
        "primary_key": "amenity",
        "primary_value": "mosque",
        "name": "Numl Masjid",
        "addr_full": "Service Road South H9",
        "all_tags_json": "{\"addr:street\": \"Service Road South H9\", \"amenity\": \"place_of_worship\", \"name\": \"Numl Masjid\", \"opening_hours\": \"Mo-Su 08:00-19:00\", \"religion\": \"muslim\"}"
      }
    },
    {
      "type": "Feature",
      "geometry": {
        "type": "Point",
        "coordinates": [
          72.9861044,
          33.6726138
        ]
      },
      "properties": {
        "osm_id": 4880251643,
        "osm_type": "node",
        "group": "amenity",
        "primary_key": "amenity",
        "primary_value": "mosque",
        "name": "Jamia Masjid al-Hujjat",
        "addr_full": "Nazim ud Din Road, اسلام آباد",
        "all_tags_json": "{\"addr:city\": \"اسلام آباد\", \"addr:city:ar\": \"إسلام آباد\", \"addr:city:en\": \"Islamabad\", \"addr:city:ks\": \"اِسلام آبادٖ\", \"addr:city:pnb\": \"اسلام آباد\", \"addr:city:ps\": \"اسلام آباد\", \"addr:city:sd\": \"اسلام آباد\", \"addr:city:ur\": \"اسلام آباد\", \"addr:street\": \"Nazim ud Din Road\", \"amenity\": \"place_of_worship\", \"name\": \"Jamia Masjid al-Hujjat\", \"religion\": \"muslim\"}"
      }
    },
    {
      "type": "Feature",
      "geometry": {
        "type": "Point",
        "coordinates": [
          73.0029561,
          33.6735304
        ]
      },
      "properties": {
        "osm_id": 4880297953,
        "osm_type": "node",
        "group": "amenity",
        "primary_key": "amenity",
        "primary_value": "mosque",
        "name": null,
        "addr_full": "Street 111, اسلام آباد",
        "all_tags_json": "{\"addr:city\": \"اسلام آباد\", \"addr:city:ar\": \"إسلام آباد\", \"addr:city:en\": \"Islamabad\", \"addr:city:ks\": \"اِسلام آبادٖ\", \"addr:city:pnb\": \"اسلام آباد\", \"addr:city:ps\": \"اسلام آباد\", \"addr:city:sd\": \"اسلام آباد\", \"addr:city:ur\": \"اسلام آباد\", \"addr:street\": \"Street 111\", \"amenity\": \"place_of_worship\", \"religion\": \"muslim\"}"
      }
    },
    {
      "type": "Feature",
      "geometry": {
        "type": "Point",
        "coordinates": [
          72.9988899,
          33.6764854
        ]
      },
      "properties": {
        "osm_id": 4880297960,
        "osm_type": "node",
        "group": "amenity",
        "primary_key": "amenity",
        "primary_value": "mosque",
        "name": "Jamia Masjid Al-Muzammil",
        "addr_full": "Street 100, اسلام آباد",
        "all_tags_json": "{\"addr:city\": \"اسلام آباد\", \"addr:city:ar\": \"إسلام آباد\", \"addr:city:en\": \"Islamabad\", \"addr:city:ks\": \"اِسلام آبادٖ\", \"addr:city:pnb\": \"اسلام آباد\", \"addr:city:ps\": \"اسلام آباد\", \"addr:city:sd\": \"اسلام آباد\", \"addr:city:ur\": \"اسلام آباد\", \"addr:street\": \"Street 100\", \"amenity\": \"place_of_worship\", \"name\": \"Jamia Masjid Al-Muzammil\", \"religion\": \"muslim\"}"
      }
    },
    {
      "type": "Feature",
      "geometry": {
        "type": "Point",
        "coordinates": [
          72.9990518,
          33.6767164
        ]
      },
      "properties": {
        "osm_id": 4880297966,
        "osm_type": "node",
        "group": "amenity",
        "primary_key": "amenity",
        "primary_value": "mosque",
        "name": "Masjid Minar-ul-huda (Ahle Hadees)",
        "addr_full": "Street 100, اسلام آباد",
        "all_tags_json": "{\"addr:city\": \"اسلام آباد\", \"addr:city:ar\": \"إسلام آباد\", \"addr:city:en\": \"Islamabad\", \"addr:city:ks\": \"اِسلام آبادٖ\", \"addr:city:pnb\": \"اسلام آباد\", \"addr:city:ps\": \"اسلام آباد\", \"addr:city:sd\": \"اسلام آباد\", \"addr:city:ur\": \"اسلام آباد\", \"addr:street\": \"Street 100\", \"amenity\": \"place_of_worship\", \"name\": \"Masjid Minar-ul-huda (Ahle Hadees)\", \"religion\": \"muslim\"}"
      }
    },
    {
      "type": "Feature",
      "geometry": {
        "type": "Point",
        "coordinates": [
          72.9905665,
          33.6803319
        ]
      },
      "properties": {
        "osm_id": 4880332825,
        "osm_type": "node",
        "group": "amenity",
        "primary_key": "amenity",
        "primary_value": "mosque",
        "name": "Masjid And Madrassa Usmania",
        "addr_full": "Street 77, اسلام آباد",
        "all_tags_json": "{\"addr:city\": \"اسلام آباد\", \"addr:city:ar\": \"إسلام آباد\", \"addr:city:en\": \"Islamabad\", \"addr:city:ks\": \"اِسلام آبادٖ\", \"addr:city:pnb\": \"اسلام آباد\", \"addr:city:ps\": \"اسلام آباد\", \"addr:city:sd\": \"اسلام آباد\", \"addr:city:ur\": \"اسلام آباد\", \"addr:street\": \"Street 77\", \"amenity\": \"place_of_worship\", \"name\": \"Masjid And Madrassa Usmania\", \"religion\": \"muslim\"}"
      }
    },
    {
      "type": "Feature",
      "geometry": {
        "type": "Point",
        "coordinates": [
          72.9926837,
          33.6798445
        ]
      },
      "properties": {
        "osm_id": 4880332826,
        "osm_type": "node",
        "group": "amenity",
        "primary_key": "amenity",
        "primary_value": "mosque",
        "name": "Masjid e Mairaj",
        "addr_full": "Street 78, اسلام آباد",
        "all_tags_json": "{\"addr:city\": \"اسلام آباد\", \"addr:city:ar\": \"إسلام آباد\", \"addr:city:en\": \"Islamabad\", \"addr:city:ks\": \"اِسلام آبادٖ\", \"addr:city:pnb\": \"اسلام آباد\", \"addr:city:ps\": \"اسلام آباد\", \"addr:city:sd\": \"اسلام آباد\", \"addr:city:ur\": \"اسلام آباد\", \"addr:street\": \"Street 78\", \"amenity\": \"place_of_worship\", \"name\": \"Masjid e Mairaj\", \"religion\": \"muslim\"}"
      }
    },
    {
      "type": "Feature",
      "geometry": {
        "type": "Point",
        "coordinates": [
          72.9822095,
          33.6742062
        ]
      },
      "properties": {
        "osm_id": 4880332841,
        "osm_type": "node",
        "group": "amenity",
        "primary_key": "amenity",
        "primary_value": "mosque",
        "name": "Mosque Bait us salam",
        "addr_full": "Service Road West F11, اسلام آباد",
        "all_tags_json": "{\"addr:city\": \"اسلام آباد\", \"addr:city:ar\": \"إسلام آباد\", \"addr:city:en\": \"Islamabad\", \"addr:city:ks\": \"اِسلام آبادٖ\", \"addr:city:pnb\": \"اسلام آباد\", \"addr:city:ps\": \"اسلام آباد\", \"addr:city:sd\": \"اسلام آباد\", \"addr:city:ur\": \"اسلام آباد\", \"addr:street\": \"Service Road West F11\", \"amenity\": \"place_of_worship\", \"name\": \"Mosque Bait us salam\", \"religion\": \"muslim\"}"
      }
    },
    {
      "type": "Feature",
      "geometry": {
        "type": "Point",
        "coordinates": [
          73.0062907,
          33.6781084
        ]
      },
      "properties": {
        "osm_id": 4887841029,
        "osm_type": "node",
        "group": "amenity",
        "primary_key": "amenity",
        "primary_value": "mosque",
        "name": "Mosque Ghos-e-Azam",
        "addr_full": "Street 19, اسلام آباد",
        "all_tags_json": "{\"addr:city\": \"اسلام آباد\", \"addr:city:ar\": \"إسلام آباد\", \"addr:city:en\": \"Islamabad\", \"addr:city:ks\": \"اِسلام آبادٖ\", \"addr:city:pnb\": \"اسلام آباد\", \"addr:city:ps\": \"اسلام آباد\", \"addr:city:sd\": \"اسلام آباد\", \"addr:city:ur\": \"اسلام آباد\", \"addr:street\": \"Street 19\", \"amenity\": \"place_of_worship\", \"name\": \"Mosque Ghos-e-Azam\", \"religion\": \"muslim\"}"
      }
    },
    {
      "type": "Feature",
      "geometry": {
        "type": "Point",
        "coordinates": [
          73.0099883,
          33.6800843
        ]
      },
      "properties": {
        "osm_id": 4887841035,
        "osm_type": "node",
        "group": "amenity",
        "primary_key": "amenity",
        "primary_value": "mosque",
        "name": "Ibn Taymiyyah Mosque",
        "addr_full": "Street 19, اسلام آباد",
        "all_tags_json": "{\"addr:city\": \"اسلام آباد\", \"addr:city:ar\": \"إسلام آباد\", \"addr:city:en\": \"Islamabad\", \"addr:city:ks\": \"اِسلام آبادٖ\", \"addr:city:pnb\": \"اسلام آباد\", \"addr:city:ps\": \"اسلام آباد\", \"addr:city:sd\": \"اسلام آباد\", \"addr:city:ur\": \"اسلام آباد\", \"addr:street\": \"Street 19\", \"amenity\": \"place_of_worship\", \"name\": \"Ibn Taymiyyah Mosque\", \"religion\": \"muslim\"}"
      }
    },
    {
      "type": "Feature",
      "geometry": {
        "type": "Point",
        "coordinates": [
          73.0093096,
          33.6752988
        ]
      },
      "properties": {
        "osm_id": 4887841037,
        "osm_type": "node",
        "group": "amenity",
        "primary_key": "amenity",
        "primary_value": "mosque",
        "name": "Jamia Masjid Imam e Azam",
        "addr_full": "Gali 22E, اسلام آباد",
        "all_tags_json": "{\"addr:city\": \"اسلام آباد\", \"addr:city:ar\": \"إسلام آباد\", \"addr:city:en\": \"Islamabad\", \"addr:city:ks\": \"اِسلام آبادٖ\", \"addr:city:pnb\": \"اسلام آباد\", \"addr:city:ps\": \"اسلام آباد\", \"addr:city:sd\": \"اسلام آباد\", \"addr:city:ur\": \"اسلام آباد\", \"addr:street\": \"Gali 22E\", \"amenity\": \"place_of_worship\", \"name\": \"Jamia Masjid Imam e Azam\", \"religion\": \"muslim\"}"
      }
    },
    {
      "type": "Feature",
      "geometry": {
        "type": "Point",
        "coordinates": [
          73.0124171,
          33.6684095
        ]
      },
      "properties": {
        "osm_id": 4887841045,
        "osm_type": "node",
        "group": "amenity",
        "primary_key": "amenity",
        "primary_value": "mosque",
        "name": "Masjid Rahmatulil Aalameen",
        "addr_full": "Street 35, اسلام آباد",
        "all_tags_json": "{\"addr:city\": \"اسلام آباد\", \"addr:city:ar\": \"إسلام آباد\", \"addr:city:en\": \"Islamabad\", \"addr:city:ks\": \"اِسلام آبادٖ\", \"addr:city:pnb\": \"اسلام آباد\", \"addr:city:ps\": \"اسلام آباد\", \"addr:city:sd\": \"اسلام آباد\", \"addr:city:ur\": \"اسلام آباد\", \"addr:street\": \"Street 35\", \"amenity\": \"place_of_worship\", \"name\": \"Masjid Rahmatulil Aalameen\", \"religion\": \"muslim\"}"
      }
    },
    {
      "type": "Feature",
      "geometry": {
        "type": "Point",
        "coordinates": [
          73.0177486,
          33.6710524
        ]
      },
      "properties": {
        "osm_id": 4887841051,
        "osm_type": "node",
        "group": "amenity",
        "primary_key": "amenity",
        "primary_value": "mosque",
        "name": "Jammia Masjid Muhammadiya (Ahle Hadees)",
        "addr_full": "Street 36, اسلام آباد",
        "all_tags_json": "{\"addr:city\": \"اسلام آباد\", \"addr:city:ar\": \"إسلام آباد\", \"addr:city:en\": \"Islamabad\", \"addr:city:ks\": \"اِسلام آبادٖ\", \"addr:city:pnb\": \"اسلام آباد\", \"addr:city:ps\": \"اسلام آباد\", \"addr:city:sd\": \"اسلام آباد\", \"addr:city:ur\": \"اسلام آباد\", \"addr:street\": \"Street 36\", \"amenity\": \"place_of_worship\", \"name\": \"Jammia Masjid Muhammadiya (Ahle Hadees)\", \"religion\": \"muslim\"}"
      }
    },
    {
      "type": "Feature",
      "geometry": {
        "type": "Point",
        "coordinates": [
          73.0209648,
          33.6836888
        ]
      },
      "properties": {
        "osm_id": 4889677807,
        "osm_type": "node",
        "group": "amenity",
        "primary_key": "amenity",
        "primary_value": "mosque",
        "name": "Khan Market Masjid",
        "addr_full": "Street 69, اسلام آباد",
        "all_tags_json": "{\"addr:city\": \"اسلام آباد\", \"addr:city:ar\": \"إسلام آباد\", \"addr:city:en\": \"Islamabad\", \"addr:city:ks\": \"اِسلام آبادٖ\", \"addr:city:pnb\": \"اسلام آباد\", \"addr:city:ps\": \"اسلام آباد\", \"addr:city:sd\": \"اسلام آباد\", \"addr:city:ur\": \"اسلام آباد\", \"addr:street\": \"Street 69\", \"amenity\": \"place_of_worship\", \"name\": \"Khan Market Masjid\", \"religion\": \"muslim\"}"
      }
    },
    {
      "type": "Feature",
      "geometry": {
        "type": "Point",
        "coordinates": [
          73.0292382,
          33.6774513
        ]
      },
      "properties": {
        "osm_id": 4889677810,
        "osm_type": "node",
        "group": "amenity",
        "primary_key": "amenity",
        "primary_value": "mosque",
        "name": "Jamia Masjid Riyadh ul Jannah",
        "addr_full": "Service Road West G-9, اسلام آباد",
        "all_tags_json": "{\"addr:city\": \"اسلام آباد\", \"addr:city:ar\": \"إسلام آباد\", \"addr:city:en\": \"Islamabad\", \"addr:city:ks\": \"اِسلام آبادٖ\", \"addr:city:pnb\": \"اسلام آباد\", \"addr:city:ps\": \"اسلام آباد\", \"addr:city:sd\": \"اسلام آباد\", \"addr:city:ur\": \"اسلام آباد\", \"addr:street\": \"Service Road West G-9\", \"amenity\": \"place_of_worship\", \"name\": \"Jamia Masjid Riyadh ul Jannah\", \"religion\": \"muslim\"}"
      }
    },
    {
      "type": "Feature",
      "geometry": {
        "type": "Point",
        "coordinates": [
          73.0393345,
          33.6825414
        ]
      },
      "properties": {
        "osm_id": 4889677924,
        "osm_type": "node",
        "group": "amenity",
        "primary_key": "amenity",
        "primary_value": "mosque",
        "name": "Jamia Masjid Al-Furqan Ahle Hadith",
        "addr_full": "Street 54, اسلام آباد",
        "all_tags_json": "{\"addr:city\": \"اسلام آباد\", \"addr:city:ar\": \"إسلام آباد\", \"addr:city:en\": \"Islamabad\", \"addr:city:ks\": \"اِسلام آبادٖ\", \"addr:city:pnb\": \"اسلام آباد\", \"addr:city:ps\": \"اسلام آباد\", \"addr:city:sd\": \"اسلام آباد\", \"addr:city:ur\": \"اسلام آباد\", \"addr:street\": \"Street 54\", \"amenity\": \"place_of_worship\", \"name\": \"Jamia Masjid Al-Furqan Ahle Hadith\", \"religion\": \"muslim\"}"
      }
    },
    {
      "type": "Feature",
      "geometry": {
        "type": "Point",
        "coordinates": [
          73.0431333,
          33.6846078
        ]
      },
      "properties": {
        "osm_id": 4889712013,
        "osm_type": "node",
        "group": "amenity",
        "primary_key": "amenity",
        "primary_value": "mosque",
        "name": "Makki Masjid",
        "addr_full": "Street 54, اسلام آباد",
        "all_tags_json": "{\"addr:city\": \"اسلام آباد\", \"addr:city:ar\": \"إسلام آباد\", \"addr:city:en\": \"Islamabad\", \"addr:city:ks\": \"اِسلام آبادٖ\", \"addr:city:pnb\": \"اسلام آباد\", \"addr:city:ps\": \"اسلام آباد\", \"addr:city:sd\": \"اسلام آباد\", \"addr:city:ur\": \"اسلام آباد\", \"addr:street\": \"Street 54\", \"amenity\": \"place_of_worship\", \"name\": \"Makki Masjid\", \"religion\": \"muslim\"}"
      }
    },
    {
      "type": "Feature",
      "geometry": {
        "type": "Point",
        "coordinates": [
          73.0409322,
          33.6914958
        ]
      },
      "properties": {
        "osm_id": 4889744123,
        "osm_type": "node",
        "group": "amenity",
        "primary_key": "amenity",
        "primary_value": "mosque",
        "name": "Jamia Naeemia Masjid",
        "addr_full": "Neelum Road, اسلام آباد",
        "all_tags_json": "{\"addr:city\": \"اسلام آباد\", \"addr:city:ar\": \"إسلام آباد\", \"addr:city:en\": \"Islamabad\", \"addr:city:ks\": \"اِسلام آبادٖ\", \"addr:city:pnb\": \"اسلام آباد\", \"addr:city:ps\": \"اسلام آباد\", \"addr:city:sd\": \"اسلام آباد\", \"addr:city:ur\": \"اسلام آباد\", \"addr:street\": \"Neelum Road\", \"amenity\": \"place_of_worship\", \"name\": \"Jamia Naeemia Masjid\", \"religion\": \"muslim\"}"
      }
    },
    {
      "type": "Feature",
      "geometry": {
        "type": "Point",
        "coordinates": [
          73.034178,
          33.6958779
        ]
      },
      "properties": {
        "osm_id": 20266527,
        "osm_type": "way",
        "group": "amenity",
        "primary_key": "amenity",
        "primary_value": "mosque",
        "name": "Al-Fateh mosque",
        "addr_full": "Street 3, اسلام آباد",
        "all_tags_json": "{\"addr:city\": \"اسلام آباد\", \"addr:city:ar\": \"إسلام آباد\", \"addr:city:en\": \"Islamabad\", \"addr:city:ks\": \"اِسلام آبادٖ\", \"addr:city:pnb\": \"اسلام آباد\", \"addr:city:ps\": \"اسلام آباد\", \"addr:city:sd\": \"اسلام آباد\", \"addr:city:ur\": \"اسلام آباد\", \"addr:street\": \"Street 3\", \"amenity\": \"place_of_worship\", \"area\": \"yes\", \"name\": \"Al-Fateh mosque\", \"religion\": \"muslim\"}"
      }
    },
    {
      "type": "Feature",
      "geometry": {
        "type": "Point",
        "coordinates": [
          73.0338637,
          33.7142523
        ]
      },
      "properties": {
        "osm_id": 22723985,
        "osm_type": "way",
        "group": "amenity",
        "primary_key": "amenity",
        "primary_value": "mosque",
        "name": "مدنی مسجد",
        "addr_full": "اسٹریٹ 21, اسلام آباد",
        "all_tags_json": "{\"addr:city\": \"اسلام آباد\", \"addr:city:ar\": \"إسلام آباد\", \"addr:city:ks\": \"اِسلام آبادٖ\", \"addr:city:pnb\": \"اسلام آباد\", \"addr:city:ps\": \"اسلام آباد\", \"addr:city:sd\": \"اسلام آباد\", \"addr:city:ur\": \"اسلام آباد\", \"addr:street\": \"اسٹریٹ 21\", \"amenity\": \"place_of_worship\", \"area\": \"yes\", \"denomination\": \"sunni\", \"name\": \"مدنی مسجد\", \"name:en\": \"Madni Masdjid\", \"name:ur\": \"مدنی مسجد\", \"religion\": \"muslim\"}"
      }
    },
    {
      "type": "Feature",
      "geometry": {
        "type": "Point",
        "coordinates": [
          72.9979769,
          33.690539
        ]
      },
      "properties": {
        "osm_id": 22968032,
        "osm_type": "way",
        "group": "amenity",
        "primary_key": "amenity",
        "primary_value": "mosque",
        "name": "Masjid Ayub Ansari",
        "addr_full": "Street 14, اسلام آباد",
        "all_tags_json": "{\"addr:city\": \"اسلام آباد\", \"addr:city:ar\": \"إسلام آباد\", \"addr:city:en\": \"Islamabad\", \"addr:city:ks\": \"اِسلام آبادٖ\", \"addr:city:pnb\": \"اسلام آباد\", \"addr:city:ps\": \"اسلام آباد\", \"addr:city:sd\": \"اسلام آباد\", \"addr:city:ur\": \"اسلام آباد\", \"addr:street\": \"Street 14\", \"amenity\": \"place_of_worship\", \"area\": \"yes\", \"denomination\": \"sunni\", \"name\": \"Masjid Ayub Ansari\", \"religion\": \"muslim\"}"
      }
    },
    {
      "type": "Feature",
      "geometry": {
        "type": "Point",
        "coordinates": [
          73.0019013,
          33.6851567
        ]
      },
      "properties": {
        "osm_id": 22968081,
        "osm_type": "way",
        "group": "amenity",
        "primary_key": "amenity",
        "primary_value": "mosque",
        "name": "مسجد ایف-10/1",
        "addr_full": "اسٹریٹ 26, اسلام آباد",
        "all_tags_json": "{\"addr:city\": \"اسلام آباد\", \"addr:city:ar\": \"إسلام آباد\", \"addr:city:en\": \"Islamabad\", \"addr:city:ks\": \"اِسلام آبادٖ\", \"addr:city:pnb\": \"اسلام آباد\", \"addr:city:ps\": \"اسلام آباد\", \"addr:city:sd\": \"اسلام آباد\", \"addr:city:ur\": \"اسلام آباد\", \"addr:street\": \"اسٹریٹ 26\", \"addr:street:ar\": \"شارع 26\", \"addr:street:en\": \"Street 26\", \"addr:street:ur\": \"اسٹریٹ 26\", \"amenity\": \"place_of_worship\", \"area\": \"yes\", \"denomination\": \"sunni\", \"name\": \"مسجد ایف-10/1\", \"name:ar\": \"مسجد إف-10/1\", \"name:en\": \"Masdjid F-10/1\", \"name:ur\": \"مسجد ایف-10/1\", \"religion\": \"muslim\"}"
      }
    },
    {
      "type": "Feature",
      "geometry": {
        "type": "Point",
        "coordinates": [
          73.0057121,
          33.6858816
        ]
      },
      "properties": {
        "osm_id": 22968094,
        "osm_type": "way",
        "group": "amenity",
        "primary_key": "amenity",
        "primary_value": "mosque",
        "name": "مسجد ابو ہریرہ",
        "addr_full": "اسٹریٹ 30, اسلام آباد",
        "all_tags_json": "{\"addr:city\": \"اسلام آباد\", \"addr:city:ar\": \"إسلام آباد\", \"addr:city:en\": \"Islamabad\", \"addr:city:ur\": \"اسلام آباد\", \"addr:street\": \"اسٹریٹ 30\", \"addr:street:ar\": \"شارع 30\", \"addr:street:en\": \"Street 30\", \"addr:street:ur\": \"اسٹریٹ 30\", \"amenity\": \"place_of_worship\", \"area\": \"yes\", \"denomination\": \"sunni\", \"name\": \"مسجد ابو ہریرہ\", \"name:ar\": \"مسجد أبو هريرة\", \"name:en\": \"Masdjid Abu Huraira\", \"name:etymology\": \"أبو هريرة\", \"name:etymology:wikidata\": \"Q69326\", \"name:etymology:wikipedia\": \"ar:أبو هريرة\", \"name:ur\": \"مسجد ابو ہریرہ\", \"religion\": \"muslim\"}"
      }
    },
    {
      "type": "Feature",
      "geometry": {
        "type": "Point",
        "coordinates": [
          73.0693279,
          33.7304209
        ]
      },
      "properties": {
        "osm_id": 22992495,
        "osm_type": "way",
        "group": "amenity",
        "primary_key": "amenity",
        "primary_value": "mosque",
        "name": null,
        "addr_full": null,
        "all_tags_json": "{\"amenity\": \"place_of_worship\", \"area\": \"yes\", \"created_by\": \"Potlatch 0.8a\", \"denomination\": \"sunni\", \"is_in\": \"F-6/2, Islamabad\", \"religion\": \"muslim\"}"
      }
    },
    {
      "type": "Feature",
      "geometry": {
        "type": "Point",
        "coordinates": [
          73.0245482,
          33.6782013
        ]
      },
      "properties": {
        "osm_id": 23056234,
        "osm_type": "way",
        "group": "amenity",
        "primary_key": "amenity",
        "primary_value": "mosque",
        "name": "Jamia Bahar-e-Madina",
        "addr_full": "Gali 70, اسلام آباد",
        "all_tags_json": "{\"addr:city\": \"اسلام آباد\", \"addr:city:ar\": \"إسلام آباد\", \"addr:city:en\": \"Islamabad\", \"addr:city:ks\": \"اِسلام آبادٖ\", \"addr:city:pnb\": \"اسلام آباد\", \"addr:city:ps\": \"اسلام آباد\", \"addr:city:sd\": \"اسلام آباد\", \"addr:city:ur\": \"اسلام آباد\", \"addr:street\": \"Gali 70\", \"amenity\": \"place_of_worship\", \"area\": \"yes\", \"denomination\": \"sunni\", \"name\": \"Jamia Bahar-e-Madina\", \"religion\": \"muslim\"}"
      }
    },
    {
      "type": "Feature",
      "geometry": {
        "type": "Point",
        "coordinates": [
          73.0164293,
          33.6853375
        ]
      },
      "properties": {
        "osm_id": 23062737,
        "osm_type": "way",
        "group": "amenity",
        "primary_key": "amenity",
        "primary_value": "mosque",
        "name": "Mughera bin Sheba Masque",
        "addr_full": "Street 1, اسلام آباد",
        "all_tags_json": "{\"addr:city\": \"اسلام آباد\", \"addr:city:ar\": \"إسلام آباد\", \"addr:city:en\": \"Islamabad\", \"addr:city:ks\": \"اِسلام آبادٖ\", \"addr:city:pnb\": \"اسلام آباد\", \"addr:city:ps\": \"اسلام آباد\", \"addr:city:sd\": \"اسلام آباد\", \"addr:city:ur\": \"اسلام آباد\", \"addr:street\": \"Street 1\", \"amenity\": \"place_of_worship\", \"area\": \"yes\", \"denomination\": \"sunni\", \"name\": \"Mughera bin Sheba Masque\", \"religion\": \"muslim\"}"
      }
    },
    {
      "type": "Feature",
      "geometry": {
        "type": "Point",
        "coordinates": [
          73.0444248,
          33.6962404
        ]
      },
      "properties": {
        "osm_id": 23510131,
        "osm_type": "way",
        "group": "amenity",
        "primary_key": "amenity",
        "primary_value": "mosque",
        "name": "Masjid Abu zar Ghafari (R.A)",
        "addr_full": "Gali 39, اسلام آباد",
        "all_tags_json": "{\"addr:city\": \"اسلام آباد\", \"addr:city:ar\": \"إسلام آباد\", \"addr:city:en\": \"Islamabad\", \"addr:city:ks\": \"اِسلام آبادٖ\", \"addr:city:pnb\": \"اسلام آباد\", \"addr:city:ps\": \"اسلام آباد\", \"addr:city:sd\": \"اسلام آباد\", \"addr:city:ur\": \"اسلام آباد\", \"addr:street\": \"Gali 39\", \"amenity\": \"place_of_worship\", \"area\": \"yes\", \"denomination\": \"sunni\", \"name\": \"Masjid Abu zar Ghafari (R.A)\", \"religion\": \"muslim\"}"
      }
    },
    {
      "type": "Feature",
      "geometry": {
        "type": "Point",
        "coordinates": [
          73.0459113,
          33.6930356
        ]
      },
      "properties": {
        "osm_id": 23510212,
        "osm_type": "way",
        "group": "amenity",
        "primary_key": "amenity",
        "primary_value": "mosque",
        "name": "Jilania Masjid",
        "addr_full": "Gali 75, اسلام آباد",
        "all_tags_json": "{\"addr:city\": \"اسلام آباد\", \"addr:city:ar\": \"إسلام آباد\", \"addr:city:en\": \"Islamabad\", \"addr:city:ks\": \"اِسلام آبادٖ\", \"addr:city:pnb\": \"اسلام آباد\", \"addr:city:ps\": \"اسلام آباد\", \"addr:city:sd\": \"اسلام آباد\", \"addr:city:ur\": \"اسلام آباد\", \"addr:street\": \"Gali 75\", \"amenity\": \"place_of_worship\", \"area\": \"yes\", \"denomination\": \"sunni\", \"name\": \"Jilania Masjid\", \"religion\": \"muslim\"}"
      }
    },
    {
      "type": "Feature",
      "geometry": {
        "type": "Point",
        "coordinates": [
          73.0498976,
          33.6889525
        ]
      },
      "properties": {
        "osm_id": 23510332,
        "osm_type": "way",
        "group": "amenity",
        "primary_key": "amenity",
        "primary_value": "mosque",
        "name": "Masjid Anwar e Madina",
        "addr_full": "Street 13, اسلام آباد",
        "all_tags_json": "{\"addr:city\": \"اسلام آباد\", \"addr:city:ar\": \"إسلام آباد\", \"addr:city:en\": \"Islamabad\", \"addr:city:ks\": \"اِسلام آبادٖ\", \"addr:city:pnb\": \"اسلام آباد\", \"addr:city:ps\": \"اسلام آباد\", \"addr:city:sd\": \"اسلام آباد\", \"addr:city:ur\": \"اسلام آباد\", \"addr:street\": \"Street 13\", \"amenity\": \"place_of_worship\", \"area\": \"yes\", \"building\": \"mosque\", \"denomination\": \"sunni\", \"name\": \"Masjid Anwar e Madina\", \"religion\": \"muslim\"}"
      }
    },
    {
      "type": "Feature",
      "geometry": {
        "type": "Point",
        "coordinates": [
          73.0287901,
          33.6886127
        ]
      },
      "properties": {
        "osm_id": 23538419,
        "osm_type": "way",
        "group": "amenity",
        "primary_key": "amenity",
        "primary_value": "mosque",
        "name": null,
        "addr_full": null,
        "all_tags_json": "{\"amenity\": \"place_of_worship\", \"area\": \"yes\", \"created_by\": \"Potlatch 0.8a\", \"denomination\": \"sunni\", \"is_in\": \"G-9/2, Islamabad\", \"religion\": \"muslim\"}"
      }
    },
    {
      "type": "Feature",
      "geometry": {
        "type": "Point",
        "coordinates": [
          73.038803,
          33.6926694
        ]
      },
      "properties": {
        "osm_id": 23545390,
        "osm_type": "way",
        "group": "amenity",
        "primary_key": "amenity",
        "primary_value": "mosque",
        "name": "Farooq-e-Azam Masjid",
        "addr_full": "Street 73, اسلام آباد",
        "all_tags_json": "{\"addr:city\": \"اسلام آباد\", \"addr:city:ar\": \"إسلام آباد\", \"addr:city:en\": \"Islamabad\", \"addr:city:ks\": \"اِسلام آبادٖ\", \"addr:city:pnb\": \"اسلام آباد\", \"addr:city:ps\": \"اسلام آباد\", \"addr:city:sd\": \"اسلام آباد\", \"addr:city:ur\": \"اسلام آباد\", \"addr:street\": \"Street 73\", \"amenity\": \"place_of_worship\", \"area\": \"yes\", \"denomination\": \"sunni\", \"name\": \"Farooq-e-Azam Masjid\", \"religion\": \"muslim\"}"
      }
    },
    {
      "type": "Feature",
      "geometry": {
        "type": "Point",
        "coordinates": [
          72.99101,
          33.6705933
        ]
      },
      "properties": {
        "osm_id": 23570428,
        "osm_type": "way",
        "group": "amenity",
        "primary_key": "amenity",
        "primary_value": "mosque",
        "name": null,
        "addr_full": null,
        "all_tags_json": "{\"amenity\": \"place_of_worship\", \"area\": \"yes\", \"created_by\": \"Potlatch 0.8a\", \"denomination\": \"sunni\", \"is_in\": \"G-11/2, Islamabad\", \"religion\": \"muslim\"}"
      }
    },
    {
      "type": "Feature",
      "geometry": {
        "type": "Point",
        "coordinates": [
          73.0442641,
          33.699957
        ]
      },
      "properties": {
        "osm_id": 23609230,
        "osm_type": "way",
        "group": "amenity",
        "primary_key": "amenity",
        "primary_value": "mosque",
        "name": null,
        "addr_full": null,
        "all_tags_json": "{\"amenity\": \"place_of_worship\", \"area\": \"yes\", \"created_by\": \"Potlatch 0.8a\", \"denomination\": \"sunni\", \"is_in\": \"G-8/2, Islamabad\", \"religion\": \"muslim\"}"
      }
    },
    {
      "type": "Feature",
      "geometry": {
        "type": "Point",
        "coordinates": [
          73.0407321,
          33.6967204
        ]
      },
      "properties": {
        "osm_id": 23620808,
        "osm_type": "way",
        "group": "amenity",
        "primary_key": "amenity",
        "primary_value": "mosque",
        "name": "Ashra Mubashra Masjid",
        "addr_full": "Street 8, اسلام آباد",
        "all_tags_json": "{\"addr:city\": \"اسلام آباد\", \"addr:city:ar\": \"إسلام آباد\", \"addr:city:en\": \"Islamabad\", \"addr:city:ks\": \"اِسلام آبادٖ\", \"addr:city:pnb\": \"اسلام آباد\", \"addr:city:ps\": \"اسلام آباد\", \"addr:city:sd\": \"اسلام آباد\", \"addr:city:ur\": \"اسلام آباد\", \"addr:street\": \"Street 8\", \"amenity\": \"place_of_worship\", \"area\": \"yes\", \"denomination\": \"sunni\", \"name\": \"Ashra Mubashra Masjid\", \"religion\": \"muslim\"}"
      }
    },
    {
      "type": "Feature",
      "geometry": {
        "type": "Point",
        "coordinates": [
          73.0594001,
          33.6956063
        ]
      },
      "properties": {
        "osm_id": 23624906,
        "osm_type": "way",
        "group": "amenity",
        "primary_key": "amenity",
        "primary_value": "mosque",
        "name": "Jamia Masjid As-Siddiq",
        "addr_full": "Street 27, اسلام آباد",
        "all_tags_json": "{\"addr:city\": \"اسلام آباد\", \"addr:city:ar\": \"إسلام آباد\", \"addr:city:en\": \"Islamabad\", \"addr:city:ks\": \"اِسلام آبادٖ\", \"addr:city:pnb\": \"اسلام آباد\", \"addr:city:ps\": \"اسلام آباد\", \"addr:city:sd\": \"اسلام آباد\", \"addr:city:ur\": \"اسلام آباد\", \"addr:street\": \"Street 27\", \"amenity\": \"place_of_worship\", \"area\": \"yes\", \"denomination\": \"sunni\", \"name\": \"Jamia Masjid As-Siddiq\", \"religion\": \"muslim\"}"
      }
    },
    {
      "type": "Feature",
      "geometry": {
        "type": "Point",
        "coordinates": [
          73.0926487,
          33.7126842
        ]
      },
      "properties": {
        "osm_id": 23635519,
        "osm_type": "way",
        "group": "amenity",
        "primary_key": "amenity",
        "primary_value": "mosque",
        "name": "Jamia Masjid Qutab Shaheed",
        "addr_full": "Street 63, اسلام آباد",
        "all_tags_json": "{\"addr:city\": \"اسلام آباد\", \"addr:city:ar\": \"إسلام آباد\", \"addr:city:en\": \"Islamabad\", \"addr:city:ks\": \"اِسلام آبادٖ\", \"addr:city:pnb\": \"اسلام آباد\", \"addr:city:ps\": \"اسلام آباد\", \"addr:city:sd\": \"اسلام آباد\", \"addr:city:ur\": \"اسلام آباد\", \"addr:street\": \"Street 63\", \"amenity\": \"place_of_worship\", \"area\": \"yes\", \"denomination\": \"sunni\", \"name\": \"Jamia Masjid Qutab Shaheed\", \"religion\": \"muslim\"}"
      }
    },
    {
      "type": "Feature",
      "geometry": {
        "type": "Point",
        "coordinates": [
          73.0871825,
          33.7128096
        ]
      },
      "properties": {
        "osm_id": 25315033,
        "osm_type": "way",
        "group": "amenity",
        "primary_key": "amenity",
        "primary_value": "mosque",
        "name": "Lal Masjid",
        "addr_full": "Masjid Road, اسلام آباد",
        "all_tags_json": "{\"addr:city\": \"اسلام آباد\", \"addr:city:ar\": \"إسلام آباد\", \"addr:city:en\": \"Islamabad\", \"addr:city:ks\": \"اِسلام آبادٖ\", \"addr:city:pnb\": \"اسلام آباد\", \"addr:city:ps\": \"اسلام آباد\", \"addr:city:sd\": \"اسلام آباد\", \"addr:city:ur\": \"اسلام آباد\", \"addr:street\": \"Masjid Road\", \"amenity\": \"place_of_worship\", \"area\": \"yes\", \"denomination\": \"sunni\", \"name\": \"Lal Masjid\", \"religion\": \"muslim\"}"
      }
    },
    {
      "type": "Feature",
      "geometry": {
        "type": "Point",
        "coordinates": [
          73.0703855,
          33.7059519
        ]
      },
      "properties": {
        "osm_id": 158535065,
        "osm_type": "way",
        "group": "amenity",
        "primary_key": "amenity",
        "primary_value": "mosque",
        "name": "Jamia Msjid Al Raza",
        "addr_full": "Rehman Baba Road, اسلام آباد",
        "all_tags_json": "{\"addr:city\": \"اسلام آباد\", \"addr:city:ar\": \"إسلام آباد\", \"addr:city:en\": \"Islamabad\", \"addr:city:ks\": \"اِسلام آبادٖ\", \"addr:city:pnb\": \"اسلام آباد\", \"addr:city:ps\": \"اسلام آباد\", \"addr:city:sd\": \"اسلام آباد\", \"addr:city:ur\": \"اسلام آباد\", \"addr:street\": \"Rehman Baba Road\", \"amenity\": \"place_of_worship\", \"name\": \"Jamia Msjid Al Raza\", \"religion\": \"muslim\"}"
      }
    },
    {
      "type": "Feature",
      "geometry": {
        "type": "Point",
        "coordinates": [
          73.0747958,
          33.7053285
        ]
      },
      "properties": {
        "osm_id": 158536096,
        "osm_type": "way",
        "group": "amenity",
        "primary_key": "amenity",
        "primary_value": "mosque",
        "name": "Jama-e-Masjid Mustafa",
        "addr_full": "Street 43, اسلام آباد",
        "all_tags_json": "{\"addr:city\": \"اسلام آباد\", \"addr:city:ar\": \"إسلام آباد\", \"addr:city:en\": \"Islamabad\", \"addr:city:ks\": \"اِسلام آبادٖ\", \"addr:city:pnb\": \"اسلام آباد\", \"addr:city:ps\": \"اسلام آباد\", \"addr:city:sd\": \"اسلام آباد\", \"addr:city:ur\": \"اسلام آباد\", \"addr:street\": \"Street 43\", \"amenity\": \"place_of_worship\", \"denomination\": \"sunni\", \"name\": \"Jama-e-Masjid Mustafa\", \"religion\": \"muslim\"}"
      }
    },
    {
      "type": "Feature",
      "geometry": {
        "type": "Point",
        "coordinates": [
          72.9940124,
          33.6691605
        ]
      },
      "properties": {
        "osm_id": 240128962,
        "osm_type": "way",
        "group": "amenity",
        "primary_key": "amenity",
        "primary_value": "mosque",
        "name": "Ghafooria Masjid",
        "addr_full": "Street 78",
        "all_tags_json": "{\"addr2:street\": \"Street 76\", \"addr:street\": \"Street 78\", \"amenity\": \"place_of_worship\", \"building\": \"yes\", \"denomination\": \"sunni\", \"name\": \"Ghafooria Masjid\", \"religion\": \"muslim\"}"
      }
    },
    {
      "type": "Feature",
      "geometry": {
        "type": "Point",
        "coordinates": [
          72.9929327,
          33.6653788
        ]
      },
      "properties": {
        "osm_id": 240227602,
        "osm_type": "way",
        "group": "amenity",
        "primary_key": "amenity",
        "primary_value": "mosque",
        "name": "Ali Hajveri Mosque",
        "addr_full": null,
        "all_tags_json": "{\"amenity\": \"place_of_worship\", \"building\": \"yes\", \"name\": \"Ali Hajveri Mosque\", \"religion\": \"muslim\"}"
      }
    },
    {
      "type": "Feature",
      "geometry": {
        "type": "Point",
        "coordinates": [
          72.9959913,
          33.6649679
        ]
      },
      "properties": {
        "osm_id": 260128945,
        "osm_type": "way",
        "group": "amenity",
        "primary_key": "amenity",
        "primary_value": "mosque",
        "name": null,
        "addr_full": null,
        "all_tags_json": "{\"amenity\": \"place_of_worship\", \"building\": \"yes\", \"religion\": \"muslim\"}"
      }
    },
    {
      "type": "Feature",
      "geometry": {
        "type": "Point",
        "coordinates": [
          73.1555248,
          33.665566
        ]
      },
      "properties": {
        "osm_id": 271500708,
        "osm_type": "way",
        "group": "amenity",
        "primary_key": "amenity",
        "primary_value": "mosque",
        "name": "Jamia Masjid Muhammadi Hanfia",
        "addr_full": null,
        "all_tags_json": "{\"amenity\": \"place_of_worship\", \"building\": \"yes\", \"name\": \"Jamia Masjid Muhammadi Hanfia\", \"religion\": \"muslim\"}"
      }
    },
    {
      "type": "Feature",
      "geometry": {
        "type": "Point",
        "coordinates": [
          73.0316877,
          33.6958015
        ]
      },
      "properties": {
        "osm_id": 297239813,
        "osm_type": "way",
        "group": "amenity",
        "primary_key": "amenity",
        "primary_value": "mosque",
        "name": "Mosque and Madrassa",
        "addr_full": "Ibn-e-Sina Road, اسلام آباد",
        "all_tags_json": "{\"addr:city\": \"اسلام آباد\", \"addr:city:ar\": \"إسلام آباد\", \"addr:city:en\": \"Islamabad\", \"addr:city:ks\": \"اِسلام آبادٖ\", \"addr:city:pnb\": \"اسلام آباد\", \"addr:city:ps\": \"اسلام آباد\", \"addr:city:sd\": \"اسلام آباد\", \"addr:city:ur\": \"اسلام آباد\", \"addr:street\": \"Ibn-e-Sina Road\", \"amenity\": \"place_of_worship\", \"building\": \"yes\", \"name\": \"Mosque and Madrassa\", \"religion\": \"muslim\"}"
      }
    },
    {
      "type": "Feature",
      "geometry": {
        "type": "Point",
        "coordinates": [
          73.0222292,
          33.6894751
        ]
      },
      "properties": {
        "osm_id": 352535712,
        "osm_type": "way",
        "group": "amenity",
        "primary_key": "amenity",
        "primary_value": "mosque",
        "name": "Jamia Masjid Al-Rehman G-9/2",
        "addr_full": "Street 16, اسلام آباد",
        "all_tags_json": "{\"addr:city\": \"اسلام آباد\", \"addr:city:ar\": \"إسلام آباد\", \"addr:city:en\": \"Islamabad\", \"addr:city:ks\": \"اِسلام آبادٖ\", \"addr:city:pnb\": \"اسلام آباد\", \"addr:city:ps\": \"اسلام آباد\", \"addr:city:sd\": \"اسلام آباد\", \"addr:city:ur\": \"اسلام آباد\", \"addr:street\": \"Street 16\", \"amenity\": \"place_of_worship\", \"building\": \"yes\", \"denomination\": \"sunni\", \"name\": \"Jamia Masjid Al-Rehman G-9/2\", \"religion\": \"muslim\"}"
      }
    },
    {
      "type": "Feature",
      "geometry": {
        "type": "Point",
        "coordinates": [
          72.9950252,
          33.6636982
        ]
      },
      "properties": {
        "osm_id": 391946902,
        "osm_type": "way",
        "group": "amenity",
        "primary_key": "amenity",
        "primary_value": "mosque",
        "name": "علی مرتضیٰ مسجد",
        "addr_full": "اسٹریٹ 10, اسلام آباد, 44000",
        "all_tags_json": "{\"addr:city\": \"اسلام آباد\", \"addr:postcode\": \"44000\", \"addr:street\": \"اسٹریٹ 10\", \"amenity\": \"place_of_worship\", \"building\": \"yes\", \"name\": \"علی مرتضیٰ مسجد\", \"name:en\": \"Ali Murtaza Masjid\", \"name:ur\": \"علی مرتضیٰ مسجد\", \"religion\": \"muslim\"}"
      }
    },
    {
      "type": "Feature",
      "geometry": {
        "type": "Point",
        "coordinates": [
          73.0894007,
          33.7285338
        ]
      },
      "properties": {
        "osm_id": 442020291,
        "osm_type": "way",
        "group": "amenity",
        "primary_key": "amenity",
        "primary_value": "mosque",
        "name": "NTC Mosque",
        "addr_full": "Service Road West G5;Service Road West F5, اسلام آباد",
        "all_tags_json": "{\"addr:city\": \"اسلام آباد\", \"addr:city:ar\": \"إسلام آباد\", \"addr:city:en\": \"Islamabad\", \"addr:city:ks\": \"اِسلام آبادٖ\", \"addr:city:pnb\": \"اسلام آباد\", \"addr:city:ps\": \"اسلام آباد\", \"addr:city:sd\": \"اسلام آباد\", \"addr:city:ur\": \"اسلام آباد\", \"addr:street\": \"Service Road West G5;Service Road West F5\", \"amenity\": \"place_of_worship\", \"building\": \"mosque\", \"denomination\": \"sunni\", \"name\": \"NTC Mosque\", \"religion\": \"muslim\"}"
      }
    },
    {
      "type": "Feature",
      "geometry": {
        "type": "Point",
        "coordinates": [
          73.0572241,
          33.7210606
        ]
      },
      "properties": {
        "osm_id": 442023999,
        "osm_type": "way",
        "group": "amenity",
        "primary_key": "amenity",
        "primary_value": "mosque",
        "name": null,
        "addr_full": null,
        "all_tags_json": "{\"amenity\": \"place_of_worship\", \"building\": \"mosque\", \"religion\": \"muslim\"}"
      }
    },
    {
      "type": "Feature",
      "geometry": {
        "type": "Point",
        "coordinates": [
          73.0677073,
          33.6616455
        ]
      },
      "properties": {
        "osm_id": 455366349,
        "osm_type": "way",
        "group": "amenity",
        "primary_key": "amenity",
        "primary_value": "mosque",
        "name": "Gulshan e Mustafa",
        "addr_full": null,
        "all_tags_json": "{\"amenity\": \"place_of_worship\", \"building\": \"yes\", \"name\": \"Gulshan e Mustafa\", \"religion\": \"muslim\"}"
      }
    },
    {
      "type": "Feature",
      "geometry": {
        "type": "Point",
        "coordinates": [
          73.072054,
          33.6619845
        ]
      },
      "properties": {
        "osm_id": 460564033,
        "osm_type": "way",
        "group": "amenity",
        "primary_key": "amenity",
        "primary_value": "mosque",
        "name": "Zubair Mosque",
        "addr_full": null,
        "all_tags_json": "{\"amenity\": \"place_of_worship\", \"building\": \"yes\", \"name\": \"Zubair Mosque\", \"religion\": \"muslim\"}"
      }
    },
    {
      "type": "Feature",
      "geometry": {
        "type": "Point",
        "coordinates": [
          73.0697205,
          33.6629624
        ]
      },
      "properties": {
        "osm_id": 460564217,
        "osm_type": "way",
        "group": "amenity",
        "primary_key": "amenity",
        "primary_value": "mosque",
        "name": "Darbar Mosque",
        "addr_full": null,
        "all_tags_json": "{\"amenity\": \"place_of_worship\", \"building\": \"yes\", \"name\": \"Darbar Mosque\", \"religion\": \"muslim\"}"
      }
    },
    {
      "type": "Feature",
      "geometry": {
        "type": "Point",
        "coordinates": [
          73.070611,
          33.6667887
        ]
      },
      "properties": {
        "osm_id": 460564931,
        "osm_type": "way",
        "group": "amenity",
        "primary_key": "amenity",
        "primary_value": "mosque",
        "name": "Bab ul ilm Masjid",
        "addr_full": null,
        "all_tags_json": "{\"amenity\": \"place_of_worship\", \"building\": \"yes\", \"denomination\": \"shia\", \"name\": \"Bab ul ilm Masjid\", \"name:ur\": \"مسجد باب العلم\", \"religion\": \"muslim\"}"
      }
    },
    {
      "type": "Feature",
      "geometry": {
        "type": "Point",
        "coordinates": [
          73.0754457,
          33.6717878
        ]
      },
      "properties": {
        "osm_id": 460568496,
        "osm_type": "way",
        "group": "amenity",
        "primary_key": "amenity",
        "primary_value": "mosque",
        "name": "Maaz Bin Jabal Mosque",
        "addr_full": null,
        "all_tags_json": "{\"amenity\": \"place_of_worship\", \"building\": \"yes\", \"denomination\": \"sunni\", \"name\": \"Maaz Bin Jabal Mosque\", \"name:ur\": \"مسجد معاذ بن جبل\", \"religion\": \"muslim\"}"
      }
    },
    {
      "type": "Feature",
      "geometry": {
        "type": "Point",
        "coordinates": [
          73.0656274,
          33.6682847
        ]
      },
      "properties": {
        "osm_id": 460573052,
        "osm_type": "way",
        "group": "amenity",
        "primary_key": "amenity",
        "primary_value": "mosque",
        "name": "Abu Huraira Mosque",
        "addr_full": null,
        "all_tags_json": "{\"amenity\": \"place_of_worship\", \"building\": \"yes\", \"name\": \"Abu Huraira Mosque\", \"religion\": \"muslim\"}"
      }
    },
    {
      "type": "Feature",
      "geometry": {
        "type": "Point",
        "coordinates": [
          73.0664976,
          33.670862
        ]
      },
      "properties": {
        "osm_id": 460573955,
        "osm_type": "way",
        "group": "amenity",
        "primary_key": "amenity",
        "primary_value": "mosque",
        "name": "Masjid e Aqsa",
        "addr_full": null,
        "all_tags_json": "{\"amenity\": \"place_of_worship\", \"building\": \"yes\", \"name\": \"Masjid e Aqsa\", \"religion\": \"muslim\"}"
      }
    },
    {
      "type": "Feature",
      "geometry": {
        "type": "Point",
        "coordinates": [
          72.9868558,
          33.6848324
        ]
      },
      "properties": {
        "osm_id": 469549700,
        "osm_type": "way",
        "group": "amenity",
        "primary_key": "amenity",
        "primary_value": "mosque",
        "name": "Aman Bargah Mosque",
        "addr_full": "Aman Bargah, اسلام آباد",
        "all_tags_json": "{\"addr:city\": \"اسلام آباد\", \"addr:city:ar\": \"إسلام آباد\", \"addr:city:en\": \"Islamabad\", \"addr:city:ks\": \"اِسلام آبادٖ\", \"addr:city:pnb\": \"اسلام آباد\", \"addr:city:ps\": \"اسلام آباد\", \"addr:city:sd\": \"اسلام آباد\", \"addr:city:ur\": \"اسلام آباد\", \"addr:street\": \"Aman Bargah\", \"amenity\": \"place_of_worship\", \"building\": \"yes\", \"denomination\": \"shia\", \"name\": \"Aman Bargah Mosque\", \"religion\": \"muslim\"}"
      }
    },
    {
      "type": "Feature",
      "geometry": {
        "type": "Point",
        "coordinates": [
          72.979569,
          33.7045318
        ]
      },
      "properties": {
        "osm_id": 473629200,
        "osm_type": "way",
        "group": "amenity",
        "primary_key": "amenity",
        "primary_value": "mosque",
        "name": "مسجد التوبہ",
        "addr_full": null,
        "all_tags_json": "{\"amenity\": \"place_of_worship\", \"building\": \"yes\", \"name\": \"مسجد التوبہ\", \"name:en\": \"Masjid-E-Tuba\", \"name:fr\": \"Mosquée At-Taouba\", \"name:ur\": \"مسجد التوبہ\", \"religion\": \"muslim\"}"
      }
    },
    {
      "type": "Feature",
      "geometry": {
        "type": "Point",
        "coordinates": [
          73.0012064,
          33.6695355
        ]
      },
      "properties": {
        "osm_id": 496314214,
        "osm_type": "way",
        "group": "amenity",
        "primary_key": "amenity",
        "primary_value": "mosque",
        "name": "Masjid Faizan Madina",
        "addr_full": "Shabir Sharif Road, اسلام آباد",
        "all_tags_json": "{\"addr:city\": \"اسلام آباد\", \"addr:city:ar\": \"إسلام آباد\", \"addr:city:en\": \"Islamabad\", \"addr:city:ks\": \"اِسلام آبادٖ\", \"addr:city:pnb\": \"اسلام آباد\", \"addr:city:ps\": \"اسلام آباد\", \"addr:city:sd\": \"اسلام آباد\", \"addr:city:ur\": \"اسلام آباد\", \"addr:street\": \"Shabir Sharif Road\", \"amenity\": \"place_of_worship\", \"building\": \"yes\", \"name\": \"Masjid Faizan Madina\", \"religion\": \"muslim\"}"
      }
    },
    {
      "type": "Feature",
      "geometry": {
        "type": "Point",
        "coordinates": [
          73.0303035,
          33.6859892
        ]
      },
      "properties": {
        "osm_id": 497414884,
        "osm_type": "way",
        "group": "amenity",
        "primary_key": "amenity",
        "primary_value": "mosque",
        "name": "Karimabad Jamat Khana",
        "addr_full": "Street 53, اسلام آباد",
        "all_tags_json": "{\"addr:city\": \"اسلام آباد\", \"addr:city:ar\": \"إسلام آباد\", \"addr:city:en\": \"Islamabad\", \"addr:city:ks\": \"اِسلام آبادٖ\", \"addr:city:pnb\": \"اسلام آباد\", \"addr:city:ps\": \"اسلام آباد\", \"addr:city:sd\": \"اسلام آباد\", \"addr:city:ur\": \"اسلام آباد\", \"addr:street\": \"Street 53\", \"amenity\": \"place_of_worship\", \"building\": \"yes\", \"name\": \"Karimabad Jamat Khana\", \"religion\": \"muslim\"}"
      }
    },
    {
      "type": "Feature",
      "geometry": {
        "type": "Point",
        "coordinates": [
          72.971992,
          33.6977692
        ]
      },
      "properties": {
        "osm_id": 543966343,
        "osm_type": "way",
        "group": "amenity",
        "primary_key": "amenity",
        "primary_value": "mosque",
        "name": "مسجد قبا",
        "addr_full": null,
        "all_tags_json": "{\"amenity\": \"place_of_worship\", \"building\": \"yes\", \"name\": \"مسجد قبا\", \"name:en\": \"Masjid Quba\", \"name:ur\": \"مسجد قبا\", \"religion\": \"muslim\"}"
      }
    },
    {
      "type": "Feature",
      "geometry": {
        "type": "Point",
        "coordinates": [
          72.9809341,
          33.6824302
        ]
      },
      "properties": {
        "osm_id": 543968791,
        "osm_type": "way",
        "group": "amenity",
        "primary_key": "amenity",
        "primary_value": "mosque",
        "name": "Masjid Hudabiya",
        "addr_full": null,
        "all_tags_json": "{\"amenity\": \"place_of_worship\", \"building\": \"yes\", \"name\": \"Masjid Hudabiya\", \"religion\": \"muslim\"}"
      }
    },
    {
      "type": "Feature",
      "geometry": {
        "type": "Point",
        "coordinates": [
          73.0461062,
          33.7070432
        ]
      },
      "properties": {
        "osm_id": 545007599,
        "osm_type": "way",
        "group": "amenity",
        "primary_key": "amenity",
        "primary_value": "mosque",
        "name": null,
        "addr_full": null,
        "all_tags_json": "{\"amenity\": \"place_of_worship\", \"building\": \"yes\", \"religion\": \"muslim\"}"
      }
    },
    {
      "type": "Feature",
      "geometry": {
        "type": "Point",
        "coordinates": [
          73.0468649,
          33.7087324
        ]
      },
      "properties": {
        "osm_id": 545008663,
        "osm_type": "way",
        "group": "amenity",
        "primary_key": "amenity",
        "primary_value": "mosque",
        "name": null,
        "addr_full": null,
        "all_tags_json": "{\"amenity\": \"place_of_worship\", \"building\": \"yes\", \"religion\": \"muslim\"}"
      }
    },
    {
      "type": "Feature",
      "geometry": {
        "type": "Point",
        "coordinates": [
          72.9813205,
          33.7022126
        ]
      },
      "properties": {
        "osm_id": 545010914,
        "osm_type": "way",
        "group": "amenity",
        "primary_key": "amenity",
        "primary_value": "mosque",
        "name": null,
        "addr_full": null,
        "all_tags_json": "{\"amenity\": \"place_of_worship\", \"building\": \"yes\", \"religion\": \"muslim\"}"
      }
    },
    {
      "type": "Feature",
      "geometry": {
        "type": "Point",
        "coordinates": [
          72.971661,
          33.7018671
        ]
      },
      "properties": {
        "osm_id": 545014663,
        "osm_type": "way",
        "group": "amenity",
        "primary_key": "amenity",
        "primary_value": "mosque",
        "name": null,
        "addr_full": null,
        "all_tags_json": "{\"amenity\": \"place_of_worship\", \"building\": \"yes\", \"religion\": \"muslim\"}"
      }
    },
    {
      "type": "Feature",
      "geometry": {
        "type": "Point",
        "coordinates": [
          72.9701648,
          33.6944303
        ]
      },
      "properties": {
        "osm_id": 545528810,
        "osm_type": "way",
        "group": "amenity",
        "primary_key": "amenity",
        "primary_value": "mosque",
        "name": "مسجد طہ",
        "addr_full": null,
        "all_tags_json": "{\"amenity\": \"place_of_worship\", \"building\": \"house\", \"building:levels\": \"2\", \"ele\": \"100\", \"name\": \"مسجد طہ\", \"name:ar\": \"مسجد طه\", \"name:en\": \"Masdjid Taha\", \"name:ur\": \"مسجد طہ\", \"religion\": \"muslim\"}"
      }
    },
    {
      "type": "Feature",
      "geometry": {
        "type": "Point",
        "coordinates": [
          73.0628669,
          33.7287624
        ]
      },
      "properties": {
        "osm_id": 549369227,
        "osm_type": "way",
        "group": "amenity",
        "primary_key": "amenity",
        "primary_value": "mosque",
        "name": null,
        "addr_full": null,
        "all_tags_json": "{\"amenity\": \"place_of_worship\", \"building\": \"yes\", \"religion\": \"muslim\"}"
      }
    },
    {
      "type": "Feature",
      "geometry": {
        "type": "Point",
        "coordinates": [
          73.0154418,
          33.6960957
        ]
      },
      "properties": {
        "osm_id": 549377372,
        "osm_type": "way",
        "group": "amenity",
        "primary_key": "amenity",
        "primary_value": "mosque",
        "name": null,
        "addr_full": null,
        "all_tags_json": "{\"amenity\": \"place_of_worship\", \"building\": \"yes\", \"religion\": \"muslim\"}"
      }
    },
    {
      "type": "Feature",
      "geometry": {
        "type": "Point",
        "coordinates": [
          73.0207746,
          33.683669
        ]
      },
      "properties": {
        "osm_id": 549408811,
        "osm_type": "way",
        "group": "amenity",
        "primary_key": "amenity",
        "primary_value": "mosque",
        "name": null,
        "addr_full": null,
        "all_tags_json": "{\"amenity\": \"place_of_worship\", \"building\": \"yes\", \"religion\": \"muslim\"}"
      }
    },
    {
      "type": "Feature",
      "geometry": {
        "type": "Point",
        "coordinates": [
          73.0540453,
          33.7199241
        ]
      },
      "properties": {
        "osm_id": 550464143,
        "osm_type": "way",
        "group": "amenity",
        "primary_key": "amenity",
        "primary_value": "mosque",
        "name": null,
        "addr_full": null,
        "all_tags_json": "{\"amenity\": \"place_of_worship\", \"building\": \"yes\", \"religion\": \"muslim\"}"
      }
    },
    {
      "type": "Feature",
      "geometry": {
        "type": "Point",
        "coordinates": [
          72.9842303,
          33.6967187
        ]
      },
      "properties": {
        "osm_id": 551214690,
        "osm_type": "way",
        "group": "amenity",
        "primary_key": "amenity",
        "primary_value": "mosque",
        "name": "مسجد بلال",
        "addr_full": null,
        "all_tags_json": "{\"amenity\": \"place_of_worship\", \"building\": \"yes\", \"name\": \"مسجد بلال\", \"name:ar\": \"مسجد بلال\", \"name:azb\": \"مسجد بلال\", \"name:en\": \"Bilal Masjid\", \"name:es\": \"Mezquita Bilal\", \"name:fa\": \"مسجد بلال\", \"name:fr\": \"Mosquée Bilal\", \"name:ks\": \"مسجد بلال\", \"name:pa\": \"ਬਿਲਾਲ ਮਸਜਿਦ\", \"name:pnb\": \"مسجد بلال\", \"name:ur\": \"مسجد بلال\", \"religion\": \"muslim\"}"
      }
    },
    {
      "type": "Feature",
      "geometry": {
        "type": "Point",
        "coordinates": [
          72.9885312,
          33.6938997
        ]
      },
      "properties": {
        "osm_id": 551601713,
        "osm_type": "way",
        "group": "amenity",
        "primary_key": "amenity",
        "primary_value": "mosque",
        "name": "Mueeniya Mosque",
        "addr_full": null,
        "all_tags_json": "{\"amenity\": \"place_of_worship\", \"building\": \"yes\", \"name\": \"Mueeniya Mosque\", \"religion\": \"muslim\"}"
      }
    },
    {
      "type": "Feature",
      "geometry": {
        "type": "Point",
        "coordinates": [
          73.0739819,
          33.7337367
        ]
      },
      "properties": {
        "osm_id": 554297499,
        "osm_type": "way",
        "group": "amenity",
        "primary_key": "amenity",
        "primary_value": "mosque",
        "name": "مسجد اقصیٰ",
        "addr_full": "اسلام آباد",
        "all_tags_json": "{\"addr:city\": \"اسلام آباد\", \"amenity\": \"place_of_worship\", \"building\": \"mosque\", \"name\": \"مسجد اقصیٰ\", \"name:ar\": \"المسجد الأقصى\", \"name:en\": \"Masjid Aqsa\", \"name:ur\": \"مسجد اقصیٰ\", \"religion\": \"muslim\"}"
      }
    },
    {
      "type": "Feature",
      "geometry": {
        "type": "Point",
        "coordinates": [
          72.9771318,
          33.6971428
        ]
      },
      "properties": {
        "osm_id": 555172313,
        "osm_type": "way",
        "group": "amenity",
        "primary_key": "amenity",
        "primary_value": "mosque",
        "name": null,
        "addr_full": null,
        "all_tags_json": "{\"amenity\": \"place_of_worship\", \"building\": \"yes\", \"religion\": \"muslim\"}"
      }
    },
    {
      "type": "Feature",
      "geometry": {
        "type": "Point",
        "coordinates": [
          73.01214,
          33.6969467
        ]
      },
      "properties": {
        "osm_id": 556277381,
        "osm_type": "way",
        "group": "amenity",
        "primary_key": "amenity",
        "primary_value": "mosque",
        "name": null,
        "addr_full": null,
        "all_tags_json": "{\"amenity\": \"place_of_worship\", \"building\": \"yes\", \"religion\": \"muslim\"}"
      }
    },
    {
      "type": "Feature",
      "geometry": {
        "type": "Point",
        "coordinates": [
          73.0788675,
          33.7358377
        ]
      },
      "properties": {
        "osm_id": 556425983,
        "osm_type": "way",
        "group": "amenity",
        "primary_key": "amenity",
        "primary_value": "mosque",
        "name": null,
        "addr_full": null,
        "all_tags_json": "{\"amenity\": \"place_of_worship\", \"building\": \"yes\", \"religion\": \"muslim\"}"
      }
    },
    {
      "type": "Feature",
      "geometry": {
        "type": "Point",
        "coordinates": [
          72.9908615,
          33.6839746
        ]
      },
      "properties": {
        "osm_id": 556478961,
        "osm_type": "way",
        "group": "amenity",
        "primary_key": "amenity",
        "primary_value": "mosque",
        "name": null,
        "addr_full": null,
        "all_tags_json": "{\"amenity\": \"place_of_worship\", \"building\": \"yes\", \"religion\": \"muslim\"}"
      }
    },
    {
      "type": "Feature",
      "geometry": {
        "type": "Point",
        "coordinates": [
          73.0523107,
          33.7217288
        ]
      },
      "properties": {
        "osm_id": 556815494,
        "osm_type": "way",
        "group": "amenity",
        "primary_key": "amenity",
        "primary_value": "mosque",
        "name": null,
        "addr_full": null,
        "all_tags_json": "{\"amenity\": \"place_of_worship\", \"building\": \"yes\", \"denomination\": \"sunni\", \"religion\": \"muslim\"}"
      }
    },
    {
      "type": "Feature",
      "geometry": {
        "type": "Point",
        "coordinates": [
          73.0461113,
          33.7070594
        ]
      },
      "properties": {
        "osm_id": 4963977788,
        "osm_type": "node",
        "group": "amenity",
        "primary_key": "amenity",
        "primary_value": "mosque",
        "name": "Jamia Masjid Rahmatulil Alameen",
        "addr_full": "Nazim ud Din Road, اسلام آباد",
        "all_tags_json": "{\"addr:city\": \"اسلام آباد\", \"addr:city:ar\": \"إسلام آباد\", \"addr:city:en\": \"Islamabad\", \"addr:city:ks\": \"اِسلام آبادٖ\", \"addr:city:pnb\": \"اسلام آباد\", \"addr:city:ps\": \"اسلام آباد\", \"addr:city:sd\": \"اسلام آباد\", \"addr:city:ur\": \"اسلام آباد\", \"addr:street\": \"Nazim ud Din Road\", \"amenity\": \"place_of_worship\", \"building\": \"mosque\", \"name\": \"Jamia Masjid Rahmatulil Alameen\", \"religion\": \"muslim\"}"
      }
    },
    {
      "type": "Feature",
      "geometry": {
        "type": "Point",
        "coordinates": [
          72.9890919,
          33.6689342
        ]
      },
      "properties": {
        "osm_id": 260125365,
        "osm_type": "way",
        "group": "amenity",
        "primary_key": "amenity",
        "primary_value": "mosque",
        "name": "Al-huda Mosque",
        "addr_full": "Street 39, اسلام آباد",
        "all_tags_json": "{\"addr:city\": \"اسلام آباد\", \"addr:city:ar\": \"إسلام آباد\", \"addr:city:en\": \"Islamabad\", \"addr:city:ks\": \"اِسلام آبادٖ\", \"addr:city:pnb\": \"اسلام آباد\", \"addr:city:ps\": \"اسلام آباد\", \"addr:city:sd\": \"اسلام آباد\", \"addr:city:ur\": \"اسلام آباد\", \"addr:street\": \"Street 39\", \"building\": \"mosque\", \"name\": \"Al-huda Mosque\"}"
      }
    },
    {
      "type": "Feature",
      "geometry": {
        "type": "Point",
        "coordinates": [
          72.986867,
          33.6851755
        ]
      },
      "properties": {
        "osm_id": 469549701,
        "osm_type": "way",
        "group": "amenity",
        "primary_key": "amenity",
        "primary_value": "mosque",
        "name": "Aman Bargah",
        "addr_full": null,
        "all_tags_json": "{\"building\": \"mosque\", \"name\": \"Aman Bargah\"}"
      }
    },
    {
      "type": "Feature",
      "geometry": {
        "type": "Point",
        "coordinates": [
          73.0315227,
          33.6905163
        ]
      },
      "properties": {
        "osm_id": 557955091,
        "osm_type": "way",
        "group": "amenity",
        "primary_key": "amenity",
        "primary_value": "mosque",
        "name": "Abdullah bin Masood Masjid",
        "addr_full": null,
        "all_tags_json": "{\"amenity\": \"place_of_worship\", \"building\": \"mosque\", \"denomination\": \"sunni\", \"name\": \"Abdullah bin Masood Masjid\", \"religion\": \"muslim\"}"
      }
    },
    {
      "type": "Feature",
      "geometry": {
        "type": "Point",
        "coordinates": [
          73.0013255,
          33.6698589
        ]
      },
      "properties": {
        "osm_id": 558043676,
        "osm_type": "way",
        "group": "amenity",
        "primary_key": "amenity",
        "primary_value": "mosque",
        "name": null,
        "addr_full": null,
        "all_tags_json": "{\"building\": \"mosque\"}"
      }
    },
    {
      "type": "Feature",
      "geometry": {
        "type": "Point",
        "coordinates": [
          73.0076344,
          33.6965452
        ]
      },
      "properties": {
        "osm_id": 558591839,
        "osm_type": "way",
        "group": "amenity",
        "primary_key": "amenity",
        "primary_value": "mosque",
        "name": null,
        "addr_full": "اسلام آباد",
        "all_tags_json": "{\"addr:city\": \"اسلام آباد\", \"addr:city:ar\": \"إسلام آباد\", \"addr:city:ur\": \"اسلام آباد\", \"amenity\": \"place_of_worship\", \"building\": \"mosque\", \"religion\": \"muslim\"}"
      }
    },
    {
      "type": "Feature",
      "geometry": {
        "type": "Point",
        "coordinates": [
          73.0565307,
          33.7091946
        ]
      },
      "properties": {
        "osm_id": 564367315,
        "osm_type": "way",
        "group": "amenity",
        "primary_key": "amenity",
        "primary_value": "mosque",
        "name": null,
        "addr_full": null,
        "all_tags_json": "{\"building\": \"mosque\"}"
      }
    },
    {
      "type": "Feature",
      "geometry": {
        "type": "Point",
        "coordinates": [
          73.080902,
          33.7222013
        ]
      },
      "properties": {
        "osm_id": 700265957,
        "osm_type": "way",
        "group": "amenity",
        "primary_key": "amenity",
        "primary_value": "mosque",
        "name": null,
        "addr_full": null,
        "all_tags_json": "{\"building\": \"mosque\"}"
      }
    },
    {
      "type": "Feature",
      "geometry": {
        "type": "Point",
        "coordinates": [
          72.9861014,
          33.6723339
        ]
      },
      "properties": {
        "osm_id": 707249003,
        "osm_type": "way",
        "group": "amenity",
        "primary_key": "amenity",
        "primary_value": "mosque",
        "name": null,
        "addr_full": null,
        "all_tags_json": "{\"building\": \"mosque\", \"type\": \"illegal\"}"
      }
    },
    {
      "type": "Feature",
      "geometry": {
        "type": "Point",
        "coordinates": [
          73.0590968,
          33.7059818
        ]
      },
      "properties": {
        "osm_id": 730866834,
        "osm_type": "way",
        "group": "amenity",
        "primary_key": "amenity",
        "primary_value": "mosque",
        "name": null,
        "addr_full": "اسلام آباد",
        "all_tags_json": "{\"addr:city\": \"اسلام آباد\", \"amenity\": \"place_of_worship\", \"building\": \"mosque\", \"religion\": \"muslim\"}"
      }
    },
    {
      "type": "Feature",
      "geometry": {
        "type": "Point",
        "coordinates": [
          73.0618681,
          33.7037804
        ]
      },
      "properties": {
        "osm_id": 741024099,
        "osm_type": "way",
        "group": "amenity",
        "primary_key": "amenity",
        "primary_value": "mosque",
        "name": null,
        "addr_full": "اسلام آباد",
        "all_tags_json": "{\"addr:city\": \"اسلام آباد\", \"amenity\": \"place_of_worship\", \"building\": \"mosque\", \"religion\": \"muslim\"}"
      }
    },
    {
      "type": "Feature",
      "geometry": {
        "type": "Point",
        "coordinates": [
          73.121183,
          33.7685233
        ]
      },
      "properties": {
        "osm_id": 945766881,
        "osm_type": "way",
        "group": "amenity",
        "primary_key": "amenity",
        "primary_value": "mosque",
        "name": null,
        "addr_full": null,
        "all_tags_json": "{\"building\": \"mosque\"}"
      }
    },
    {
      "type": "Feature",
      "geometry": {
        "type": "Point",
        "coordinates": [
          73.044596,
          33.6645729
        ]
      },
      "properties": {
        "osm_id": 1006599649,
        "osm_type": "way",
        "group": "amenity",
        "primary_key": "amenity",
        "primary_value": "mosque",
        "name": "Masjid",
        "addr_full": null,
        "all_tags_json": "{\"building\": \"mosque\", \"name\": \"Masjid\"}"
      }
    },
    {
      "type": "Feature",
      "geometry": {
        "type": "Point",
        "coordinates": [
          73.0827264,
          33.7205317
        ]
      },
      "properties": {
        "osm_id": 1109716409,
        "osm_type": "way",
        "group": "amenity",
        "primary_key": "amenity",
        "primary_value": "mosque",
        "name": "Masjid Kausar",
        "addr_full": null,
        "all_tags_json": "{\"building\": \"mosque\", \"name\": \"Masjid Kausar\"}"
      }
    },
    {
      "type": "Feature",
      "geometry": {
        "type": "Point",
        "coordinates": [
          73.0653934,
          33.6989587
        ]
      },
      "properties": {
        "osm_id": 1190814331,
        "osm_type": "way",
        "group": "amenity",
        "primary_key": "amenity",
        "primary_value": "mosque",
        "name": null,
        "addr_full": null,
        "all_tags_json": "{\"building\": \"mosque\"}"
      }
    },
    {
      "type": "Feature",
      "geometry": {
        "type": "Point",
        "coordinates": [
          73.1501805,
          33.7482976
        ]
      },
      "properties": {
        "osm_id": 1216667365,
        "osm_type": "way",
        "group": "amenity",
        "primary_key": "amenity",
        "primary_value": "mosque",
        "name": "Admin Mosque",
        "addr_full": null,
        "all_tags_json": "{\"building\": \"mosque\", \"name\": \"Admin Mosque\"}"
      }
    },
    {
      "type": "Feature",
      "geometry": {
        "type": "Point",
        "coordinates": [
          73.1397655,
          33.672493
        ]
      },
      "properties": {
        "osm_id": 242106656,
        "osm_type": "node",
        "group": "shop",
        "primary_key": "shop",
        "primary_value": "supermarket",
        "name": "شہزاد ٹاؤن Shehzad Town Chak Shehzad islamabad",
        "addr_full": "Chak shehzad, Shehzad Town, islamabad, 46000",
        "all_tags_json": "{\"addr:city\": \"islamabad\", \"addr:housenumber\": \"Shehzad Town\", \"addr:postcode\": \"46000\", \"addr:street\": \"Chak shehzad\", \"name\": \"شہزاد ٹاؤن Shehzad Town Chak Shehzad islamabad\", \"name:en\": \"Shehzad Town Chak Shehzad islamabad\", \"name:ur\": \"شہزاد ٹاؤن\", \"shop\": \"supermarket\"}"
      }
    },
    {
      "type": "Feature",
      "geometry": {
        "type": "Point",
        "coordinates": [
          72.9871111,
          33.6834934
        ]
      },
      "properties": {
        "osm_id": 659736441,
        "osm_type": "node",
        "group": "shop",
        "primary_key": "shop",
        "primary_value": "supermarket",
        "name": "Food 24 Hours",
        "addr_full": null,
        "all_tags_json": "{\"amenity\": \"fast_food\", \"is_in\": \"F-11 Markaz, Islamabad\", \"name\": \"Food 24 Hours\", \"shop\": \"supermarket\"}"
      }
    },
    {
      "type": "Feature",
      "geometry": {
        "type": "Point",
        "coordinates": [
          73.0340171,
          33.687286
        ]
      },
      "properties": {
        "osm_id": 4254679193,
        "osm_type": "node",
        "group": "shop",
        "primary_key": "shop",
        "primary_value": "supermarket",
        "name": "Punjab Cash & Carry ",
        "addr_full": null,
        "all_tags_json": "{\"name\": \"Punjab Cash & Carry \", \"opening_hours\": \"Mo-Su 09:30-23:00\", \"phone\": \"0512285678\", \"shop\": \"supermarket\"}"
      }
    },
    {
      "type": "Feature",
      "geometry": {
        "type": "Point",
        "coordinates": [
          73.0404178,
          33.7126976
        ]
      },
      "properties": {
        "osm_id": 4261721890,
        "osm_type": "node",
        "group": "shop",
        "primary_key": "shop",
        "primary_value": "supermarket",
        "name": "M&S Store",
        "addr_full": "Kohistan Road, اسلام آباد",
        "all_tags_json": "{\"addr:city\": \"اسلام آباد\", \"addr:city:ar\": \"إسلام آباد\", \"addr:city:en\": \"Islamabad\", \"addr:city:ks\": \"اِسلام آبادٖ\", \"addr:city:pnb\": \"اسلام آباد\", \"addr:city:ps\": \"اسلام آباد\", \"addr:city:sd\": \"اسلام آباد\", \"addr:city:ur\": \"اسلام آباد\", \"addr:street\": \"Kohistan Road\", \"name\": \"M&S Store\", \"shop\": \"supermarket\"}"
      }
    },
    {
      "type": "Feature",
      "geometry": {
        "type": "Point",
        "coordinates": [
          73.0695947,
          33.7115228
        ]
      },
      "properties": {
        "osm_id": 4515463994,
        "osm_type": "node",
        "group": "shop",
        "primary_key": "shop",
        "primary_value": "supermarket",
        "name": "Al-Habib Market",
        "addr_full": null,
        "all_tags_json": "{\"name\": \"Al-Habib Market\", \"name:en\": \"Al-Habib Market\", \"shop\": \"supermarket\"}"
      }
    },
    {
      "type": "Feature",
      "geometry": {
        "type": "Point",
        "coordinates": [
          73.0755462,
          33.6690857
        ]
      },
      "properties": {
        "osm_id": 4561972037,
        "osm_type": "node",
        "group": "shop",
        "primary_key": "shop",
        "primary_value": "supermarket",
        "name": "Buy Best",
        "addr_full": null,
        "all_tags_json": "{\"name\": \"Buy Best\", \"shop\": \"supermarket\"}"
      }
    },
    {
      "type": "Feature",
      "geometry": {
        "type": "Point",
        "coordinates": [
          73.0750903,
          33.6691639
        ]
      },
      "properties": {
        "osm_id": 4561973637,
        "osm_type": "node",
        "group": "shop",
        "primary_key": "shop",
        "primary_value": "supermarket",
        "name": "Madina Cash & Carry MCC",
        "addr_full": null,
        "all_tags_json": "{\"name\": \"Madina Cash & Carry MCC\", \"shop\": \"supermarket\"}"
      }
    },
    {
      "type": "Feature",
      "geometry": {
        "type": "Point",
        "coordinates": [
          73.0398803,
          33.6893093
        ]
      },
      "properties": {
        "osm_id": 4571538592,
        "osm_type": "node",
        "group": "shop",
        "primary_key": "shop",
        "primary_value": "supermarket",
        "name": "Taqwa Market",
        "addr_full": "Gali 109",
        "all_tags_json": "{\"addr:street\": \"Gali 109\", \"name\": \"Taqwa Market\", \"name:en\": \"Taqwa Market\", \"shop\": \"supermarket\"}"
      }
    },
    {
      "type": "Feature",
      "geometry": {
        "type": "Point",
        "coordinates": [
          72.985837,
          33.6991315
        ]
      },
      "properties": {
        "osm_id": 4672190663,
        "osm_type": "node",
        "group": "shop",
        "primary_key": "shop",
        "primary_value": "supermarket",
        "name": "Dubai Cash&Carry",
        "addr_full": null,
        "all_tags_json": "{\"name\": \"Dubai Cash&Carry\", \"shop\": \"supermarket\"}"
      }
    },
    {
      "type": "Feature",
      "geometry": {
        "type": "Point",
        "coordinates": [
          72.9734368,
          33.6998275
        ]
      },
      "properties": {
        "osm_id": 4676966543,
        "osm_type": "node",
        "group": "shop",
        "primary_key": "shop",
        "primary_value": "supermarket",
        "name": "M. Store",
        "addr_full": null,
        "all_tags_json": "{\"name\": \"M. Store\", \"shop\": \"supermarket\"}"
      }
    },
    {
      "type": "Feature",
      "geometry": {
        "type": "Point",
        "coordinates": [
          73.0333642,
          33.6890843
        ]
      },
      "properties": {
        "osm_id": 4898951681,
        "osm_type": "node",
        "group": "shop",
        "primary_key": "shop",
        "primary_value": "supermarket",
        "name": "Utility Super Market",
        "addr_full": "Mangla Road, اسلام آباد",
        "all_tags_json": "{\"addr:city\": \"اسلام آباد\", \"addr:city:ar\": \"إسلام آباد\", \"addr:city:en\": \"Islamabad\", \"addr:city:ks\": \"اِسلام آبادٖ\", \"addr:city:pnb\": \"اسلام آباد\", \"addr:city:ps\": \"اسلام آباد\", \"addr:city:sd\": \"اسلام آباد\", \"addr:city:ur\": \"اسلام آباد\", \"addr:street\": \"Mangla Road\", \"name\": \"Utility Super Market\", \"shop\": \"supermarket\"}"
      }
    },
    {
      "type": "Feature",
      "geometry": {
        "type": "Point",
        "coordinates": [
          73.0958026,
          33.7380856
        ]
      },
      "properties": {
        "osm_id": 4943934763,
        "osm_type": "node",
        "group": "shop",
        "primary_key": "shop",
        "primary_value": "supermarket",
        "name": "Utility Store",
        "addr_full": "اسلام آباد",
        "all_tags_json": "{\"addr:city\": \"اسلام آباد\", \"addr:city:ar\": \"إسلام آباد\", \"addr:city:en\": \"Islamabad\", \"addr:city:ks\": \"اِسلام آبادٖ\", \"addr:city:pnb\": \"اسلام آباد\", \"addr:city:ps\": \"اسلام آباد\", \"addr:city:sd\": \"اسلام آباد\", \"addr:city:ur\": \"اسلام آباد\", \"name\": \"Utility Store\", \"shop\": \"supermarket\"}"
      }
    },
    {
      "type": "Feature",
      "geometry": {
        "type": "Point",
        "coordinates": [
          73.0814557,
          33.7148698
        ]
      },
      "properties": {
        "osm_id": 4954797286,
        "osm_type": "node",
        "group": "shop",
        "primary_key": "shop",
        "primary_value": "supermarket",
        "name": "Utility Store",
        "addr_full": "Street 30, اسلام آباد",
        "all_tags_json": "{\"addr:city\": \"اسلام آباد\", \"addr:city:ar\": \"إسلام آباد\", \"addr:city:en\": \"Islamabad\", \"addr:city:ks\": \"اِسلام آبادٖ\", \"addr:city:pnb\": \"اسلام آباد\", \"addr:city:ps\": \"اسلام آباد\", \"addr:city:sd\": \"اسلام آباد\", \"addr:city:ur\": \"اسلام آباد\", \"addr:street\": \"Street 30\", \"name\": \"Utility Store\", \"shop\": \"supermarket\"}"
      }
    },
    {
      "type": "Feature",
      "geometry": {
        "type": "Point",
        "coordinates": [
          72.9784412,
          33.7041627
        ]
      },
      "properties": {
        "osm_id": 4955806306,
        "osm_type": "node",
        "group": "shop",
        "primary_key": "shop",
        "primary_value": "supermarket",
        "name": "City Superstore",
        "addr_full": null,
        "all_tags_json": "{\"name\": \"City Superstore\", \"shop\": \"supermarket\"}"
      }
    },
    {
      "type": "Feature",
      "geometry": {
        "type": "Point",
        "coordinates": [
          73.0503632,
          33.7079866
        ]
      },
      "properties": {
        "osm_id": 4956514628,
        "osm_type": "node",
        "group": "shop",
        "primary_key": "shop",
        "primary_value": "supermarket",
        "name": "Al Fatah",
        "addr_full": "Nazim ud Din Road, اسلام آباد",
        "all_tags_json": "{\"addr:city\": \"اسلام آباد\", \"addr:city:ar\": \"إسلام آباد\", \"addr:city:en\": \"Islamabad\", \"addr:city:ks\": \"اِسلام آبادٖ\", \"addr:city:pnb\": \"اسلام آباد\", \"addr:city:ps\": \"اسلام آباد\", \"addr:city:sd\": \"اسلام آباد\", \"addr:city:ur\": \"اسلام آباد\", \"addr:street\": \"Nazim ud Din Road\", \"name\": \"Al Fatah\", \"shop\": \"supermarket\"}"
      }
    },
    {
      "type": "Feature",
      "geometry": {
        "type": "Point",
        "coordinates": [
          73.0915774,
          33.7094012
        ]
      },
      "properties": {
        "osm_id": 4956663357,
        "osm_type": "node",
        "group": "shop",
        "primary_key": "shop",
        "primary_value": "supermarket",
        "name": "Akhbar Market",
        "addr_full": "Shaheed-e-Millat Road, اسلام آباد",
        "all_tags_json": "{\"addr:city\": \"اسلام آباد\", \"addr:city:ar\": \"إسلام آباد\", \"addr:city:en\": \"Islamabad\", \"addr:city:ks\": \"اِسلام آبادٖ\", \"addr:city:pnb\": \"اسلام آباد\", \"addr:city:ps\": \"اسلام آباد\", \"addr:city:sd\": \"اسلام آباد\", \"addr:city:ur\": \"اسلام آباد\", \"addr:street\": \"Shaheed-e-Millat Road\", \"name\": \"Akhbar Market\", \"shop\": \"supermarket\"}"
      }
    },
    {
      "type": "Feature",
      "geometry": {
        "type": "Point",
        "coordinates": [
          73.0846582,
          33.7099374
        ]
      },
      "properties": {
        "osm_id": 4956837605,
        "osm_type": "node",
        "group": "shop",
        "primary_key": "shop",
        "primary_value": "supermarket",
        "name": "Utility Store",
        "addr_full": "Street 48, اسلام آباد",
        "all_tags_json": "{\"addr:city\": \"اسلام آباد\", \"addr:city:ar\": \"إسلام آباد\", \"addr:city:en\": \"Islamabad\", \"addr:city:ks\": \"اِسلام آبادٖ\", \"addr:city:pnb\": \"اسلام آباد\", \"addr:city:ps\": \"اسلام آباد\", \"addr:city:sd\": \"اسلام آباد\", \"addr:city:ur\": \"اسلام آباد\", \"addr:street\": \"Street 48\", \"name\": \"Utility Store\", \"shop\": \"supermarket\"}"
      }
    },
    {
      "type": "Feature",
      "geometry": {
        "type": "Point",
        "coordinates": [
          73.0668814,
          33.7072679
        ]
      },
      "properties": {
        "osm_id": 4966360744,
        "osm_type": "node",
        "group": "shop",
        "primary_key": "shop",
        "primary_value": "supermarket",
        "name": "Malik Cash& Carry",
        "addr_full": "Gali 51, اسلام آباد",
        "all_tags_json": "{\"addr:city\": \"اسلام آباد\", \"addr:city:ar\": \"إسلام آباد\", \"addr:city:en\": \"Islamabad\", \"addr:city:ks\": \"اِسلام آبادٖ\", \"addr:city:pnb\": \"اسلام آباد\", \"addr:city:ps\": \"اسلام آباد\", \"addr:city:sd\": \"اسلام آباد\", \"addr:city:ur\": \"اسلام آباد\", \"addr:street\": \"Gali 51\", \"name\": \"Malik Cash& Carry\", \"shop\": \"supermarket\"}"
      }
    },
    {
      "type": "Feature",
      "geometry": {
        "type": "Point",
        "coordinates": [
          73.0635303,
          33.708841
        ]
      },
      "properties": {
        "osm_id": 5091767321,
        "osm_type": "node",
        "group": "shop",
        "primary_key": "shop",
        "primary_value": "supermarket",
        "name": "امیر مارکیٹ",
        "addr_full": "اسٹریٹ 8, اسلام آباد",
        "all_tags_json": "{\"addr:city\": \"اسلام آباد\", \"addr:street\": \"اسٹریٹ 8\", \"name\": \"امیر مارکیٹ\", \"name:en\": \"Amir Market\", \"name:ur\": \"امیر مارکیٹ\", \"shop\": \"supermarket\"}"
      }
    },
    {
      "type": "Feature",
      "geometry": {
        "type": "Point",
        "coordinates": [
          72.9995931,
          33.6700654
        ]
      },
      "properties": {
        "osm_id": 5595301622,
        "osm_type": "node",
        "group": "shop",
        "primary_key": "shop",
        "primary_value": "supermarket",
        "name": "Dwatson Chemist",
        "addr_full": null,
        "all_tags_json": "{\"level\": \"-1\", \"name\": \"Dwatson Chemist\", \"shop\": \"supermarket\"}"
      }
    },
    {
      "type": "Feature",
      "geometry": {
        "type": "Point",
        "coordinates": [
          73.0127517,
          33.6736864
        ]
      },
      "properties": {
        "osm_id": 5805868953,
        "osm_type": "node",
        "group": "shop",
        "primary_key": "shop",
        "primary_value": "supermarket",
        "name": "Buland Market",
        "addr_full": "Street 31",
        "all_tags_json": "{\"addr:street\": \"Street 31\", \"name\": \"Buland Market\", \"opening_hours\": \"Mo-Su 07:00-23:00\", \"shop\": \"supermarket\"}"
      }
    },
    {
      "type": "Feature",
      "geometry": {
        "type": "Point",
        "coordinates": [
          72.9914267,
          33.6721457
        ]
      },
      "properties": {
        "osm_id": 6195722609,
        "osm_type": "node",
        "group": "shop",
        "primary_key": "shop",
        "primary_value": "supermarket",
        "name": "Adnan Market",
        "addr_full": null,
        "all_tags_json": "{\"name\": \"Adnan Market\", \"shop\": \"supermarket\"}"
      }
    },
    {
      "type": "Feature",
      "geometry": {
        "type": "Point",
        "coordinates": [
          73.0344312,
          33.6956165
        ]
      },
      "properties": {
        "osm_id": 6199002485,
        "osm_type": "node",
        "group": "shop",
        "primary_key": "shop",
        "primary_value": "supermarket",
        "name": "Al-Fateh Market",
        "addr_full": null,
        "all_tags_json": "{\"name\": \"Al-Fateh Market\", \"shop\": \"supermarket\"}"
      }
    },
    {
      "type": "Feature",
      "geometry": {
        "type": "Point",
        "coordinates": [
          73.0201817,
          33.6735426
        ]
      },
      "properties": {
        "osm_id": 6199004291,
        "osm_type": "node",
        "group": "shop",
        "primary_key": "shop",
        "primary_value": "supermarket",
        "name": "Yamaha Capital Motors",
        "addr_full": null,
        "all_tags_json": "{\"name\": \"Yamaha Capital Motors\", \"phone\": \"03365033448\", \"shop\": \"supermarket\"}"
      }
    },
    {
      "type": "Feature",
      "geometry": {
        "type": "Point",
        "coordinates": [
          72.9980905,
          33.6618316
        ]
      },
      "properties": {
        "osm_id": 6219190085,
        "osm_type": "node",
        "group": "shop",
        "primary_key": "shop",
        "primary_value": "supermarket",
        "name": "ویسٹ اینڈ پلازہ",
        "addr_full": null,
        "all_tags_json": "{\"name\": \"ویسٹ اینڈ پلازہ\", \"name:en\": \"West End Plaza\", \"name:ur\": \"ویسٹ اینڈ پلازہ\", \"shop\": \"supermarket\"}"
      }
    },
    {
      "type": "Feature",
      "geometry": {
        "type": "Point",
        "coordinates": [
          73.0385078,
          33.6923478
        ]
      },
      "properties": {
        "osm_id": 6634656286,
        "osm_type": "node",
        "group": "shop",
        "primary_key": "shop",
        "primary_value": "supermarket",
        "name": "Bilal Market",
        "addr_full": "Street 73",
        "all_tags_json": "{\"addr:street\": \"Street 73\", \"name\": \"Bilal Market\", \"opening_hours\": \"24/7\", \"shop\": \"supermarket\"}"
      }
    },
    {
      "type": "Feature",
      "geometry": {
        "type": "Point",
        "coordinates": [
          73.0754328,
          33.6684024
        ]
      },
      "properties": {
        "osm_id": 7899134663,
        "osm_type": "node",
        "group": "shop",
        "primary_key": "shop",
        "primary_value": "supermarket",
        "name": "SaveMart",
        "addr_full": null,
        "all_tags_json": "{\"name\": \"SaveMart\", \"shop\": \"supermarket\"}"
      }
    },
    {
      "type": "Feature",
      "geometry": {
        "type": "Point",
        "coordinates": [
          73.1750488,
          33.7377875
        ]
      },
      "properties": {
        "osm_id": 8247995489,
        "osm_type": "node",
        "group": "shop",
        "primary_key": "shop",
        "primary_value": "supermarket",
        "name": "CSD",
        "addr_full": null,
        "all_tags_json": "{\"name\": \"CSD\", \"shop\": \"supermarket\", \"website\": \"https://www.csd.gov.pk/\"}"
      }
    },
    {
      "type": "Feature",
      "geometry": {
        "type": "Point",
        "coordinates": [
          73.0842527,
          33.722192
        ]
      },
      "properties": {
        "osm_id": 9081212214,
        "osm_type": "node",
        "group": "shop",
        "primary_key": "shop",
        "primary_value": "supermarket",
        "name": "G7 Sitara Market",
        "addr_full": null,
        "all_tags_json": "{\"name\": \"G7 Sitara Market\", \"shop\": \"supermarket\"}"
      }
    },
    {
      "type": "Feature",
      "geometry": {
        "type": "Point",
        "coordinates": [
          73.1407006,
          33.6725215
        ]
      },
      "properties": {
        "osm_id": 9791957771,
        "osm_type": "node",
        "group": "shop",
        "primary_key": "shop",
        "primary_value": "supermarket",
        "name": "شہزاد ٹاؤن مارکیٹ",
        "addr_full": "اسٹریٹ 9, اسلام آباد",
        "all_tags_json": "{\"addr:city\": \"اسلام آباد\", \"addr:street\": \"اسٹریٹ 9\", \"brand\": \"سمپلی مارکیٹ\", \"brand:ur\": \"سمپلی مارکیٹ\", \"brand:wikidata\": \"Q3484790\", \"landuse\": \"retail\", \"name\": \"شہزاد ٹاؤن مارکیٹ\", \"name:en\": \"Shahzad Town Market\", \"name:ur\": \"شہزاد ٹاؤن مارکیٹ\", \"payment:cash\": \"yes\", \"shop\": \"supermarket\"}"
      }
    },
    {
      "type": "Feature",
      "geometry": {
        "type": "Point",
        "coordinates": [
          73.045068,
          33.681402
        ]
      },
      "properties": {
        "osm_id": 9931400420,
        "osm_type": "node",
        "group": "shop",
        "primary_key": "shop",
        "primary_value": "supermarket",
        "name": null,
        "addr_full": null,
        "all_tags_json": "{\"name:en\": \"Dried fruits\", \"shop\": \"supermarket\"}"
      }
    },
    {
      "type": "Feature",
      "geometry": {
        "type": "Point",
        "coordinates": [
          72.9785502,
          33.6907594
        ]
      },
      "properties": {
        "osm_id": 9931404918,
        "osm_type": "node",
        "group": "shop",
        "primary_key": "shop",
        "primary_value": "supermarket",
        "name": null,
        "addr_full": null,
        "all_tags_json": "{\"name:en\": \"Mini market\", \"shop\": \"supermarket\"}"
      }
    },
    {
      "type": "Feature",
      "geometry": {
        "type": "Point",
        "coordinates": [
          72.999684,
          33.6684966
        ]
      },
      "properties": {
        "osm_id": 9942580858,
        "osm_type": "node",
        "group": "shop",
        "primary_key": "shop",
        "primary_value": "supermarket",
        "name": "Save Mart",
        "addr_full": null,
        "all_tags_json": "{\"name\": \"Save Mart\", \"shop\": \"supermarket\"}"
      }
    },
    {
      "type": "Feature",
      "geometry": {
        "type": "Point",
        "coordinates": [
          72.9694017,
          33.6968782
        ]
      },
      "properties": {
        "osm_id": 11117007506,
        "osm_type": "node",
        "group": "shop",
        "primary_key": "shop",
        "primary_value": "supermarket",
        "name": null,
        "addr_full": null,
        "all_tags_json": "{\"name:es\": \"StarMart\", \"opening_hours\": \"Mo-Su 09:00-21:00\", \"shop\": \"supermarket\"}"
      }
    },
    {
      "type": "Feature",
      "geometry": {
        "type": "Point",
        "coordinates": [
          73.0572843,
          33.7213477
        ]
      },
      "properties": {
        "osm_id": 11822073702,
        "osm_type": "node",
        "group": "shop",
        "primary_key": "shop",
        "primary_value": "supermarket",
        "name": "Huma Jewellers",
        "addr_full": null,
        "all_tags_json": "{\"name\": \"Huma Jewellers\", \"phone\": \"+92512748836\", \"shop\": \"supermarket\"}"
      }
    },
    {
      "type": "Feature",
      "geometry": {
        "type": "Point",
        "coordinates": [
          73.0763909,
          33.7297586
        ]
      },
      "properties": {
        "osm_id": 20891478,
        "osm_type": "way",
        "group": "shop",
        "primary_key": "shop",
        "primary_value": "supermarket",
        "name": null,
        "addr_full": null,
        "all_tags_json": "{\"area\": \"yes\", \"landuse\": \"retail\", \"shop\": \"supermarket\"}"
      }
    },
    {
      "type": "Feature",
      "geometry": {
        "type": "Point",
        "coordinates": [
          73.0721379,
          33.7137265
        ]
      },
      "properties": {
        "osm_id": 144599501,
        "osm_type": "way",
        "group": "shop",
        "primary_key": "shop",
        "primary_value": "supermarket",
        "name": "Golden Market",
        "addr_full": null,
        "all_tags_json": "{\"name\": \"Golden Market\", \"shop\": \"supermarket\"}"
      }
    },
    {
      "type": "Feature",
      "geometry": {
        "type": "Point",
        "coordinates": [
          73.0861558,
          33.7063395
        ]
      },
      "properties": {
        "osm_id": 263789569,
        "osm_type": "way",
        "group": "shop",
        "primary_key": "shop",
        "primary_value": "supermarket",
        "name": "Aabpara Market",
        "addr_full": "Muncipal Road",
        "all_tags_json": "{\"addr:street\": \"Muncipal Road\", \"name\": \"Aabpara Market\", \"shop\": \"supermarket\"}"
      }
    },
    {
      "type": "Feature",
      "geometry": {
        "type": "Point",
        "coordinates": [
          72.9863979,
          33.698873
        ]
      },
      "properties": {
        "osm_id": 473046770,
        "osm_type": "way",
        "group": "shop",
        "primary_key": "shop",
        "primary_value": "supermarket",
        "name": "City Super Store",
        "addr_full": null,
        "all_tags_json": "{\"building\": \"yes\", \"name\": \"City Super Store\", \"shop\": \"supermarket\"}"
      }
    },
    {
      "type": "Feature",
      "geometry": {
        "type": "Point",
        "coordinates": [
          73.0096367,
          33.6695729
        ]
      },
      "properties": {
        "osm_id": 496321094,
        "osm_type": "way",
        "group": "shop",
        "primary_key": "shop",
        "primary_value": "supermarket",
        "name": "G-10 - G-11 Sunday Bazaar (Itwar Bazar)",
        "addr_full": "Service Road East G-11, اسلام آباد",
        "all_tags_json": "{\"addr:city\": \"اسلام آباد\", \"addr:city:ar\": \"إسلام آباد\", \"addr:city:en\": \"Islamabad\", \"addr:city:ks\": \"اِسلام آبادٖ\", \"addr:city:pnb\": \"اسلام آباد\", \"addr:city:ps\": \"اسلام آباد\", \"addr:city:sd\": \"اسلام آباد\", \"addr:city:ur\": \"اسلام آباد\", \"addr:street\": \"Service Road East G-11\", \"building\": \"yes\", \"name\": \"G-10 - G-11 Sunday Bazaar (Itwar Bazar)\", \"shop\": \"supermarket\"}"
      }
    },
    {
      "type": "Feature",
      "geometry": {
        "type": "Point",
        "coordinates": [
          72.9893101,
          33.6951591
        ]
      },
      "properties": {
        "osm_id": 545076146,
        "osm_type": "way",
        "group": "shop",
        "primary_key": "shop",
        "primary_value": "supermarket",
        "name": "Max Mart",
        "addr_full": null,
        "all_tags_json": "{\"building\": \"yes\", \"name\": \"Max Mart\", \"shop\": \"supermarket\"}"
      }
    },
    {
      "type": "Feature",
      "geometry": {
        "type": "Point",
        "coordinates": [
          73.0518561,
          33.7214562
        ]
      },
      "properties": {
        "osm_id": 556815482,
        "osm_type": "way",
        "group": "shop",
        "primary_key": "shop",
        "primary_value": "supermarket",
        "name": "QB",
        "addr_full": null,
        "all_tags_json": "{\"building\": \"yes\", \"name\": \"QB\", \"shop\": \"supermarket\"}"
      }
    },
    {
      "type": "Feature",
      "geometry": {
        "type": "Point",
        "coordinates": [
          73.0854336,
          33.7179463
        ]
      },
      "properties": {
        "osm_id": 1089342762,
        "osm_type": "node",
        "group": "shop",
        "primary_key": "shop",
        "primary_value": "bakery",
        "name": "Bakery",
        "addr_full": null,
        "all_tags_json": "{\"name\": \"Bakery\", \"shop\": \"bakery\"}"
      }
    },
    {
      "type": "Feature",
      "geometry": {
        "type": "Point",
        "coordinates": [
          73.0751998,
          33.7294355
        ]
      },
      "properties": {
        "osm_id": 1243928909,
        "osm_type": "node",
        "group": "shop",
        "primary_key": "shop",
        "primary_value": "bakery",
        "name": null,
        "addr_full": "School Road, اسلام آباد",
        "all_tags_json": "{\"addr:city\": \"اسلام آباد\", \"addr:city:ar\": \"إسلام آباد\", \"addr:city:en\": \"Islamabad\", \"addr:city:ks\": \"اِسلام آبادٖ\", \"addr:city:pnb\": \"اسلام آباد\", \"addr:city:ps\": \"اسلام آباد\", \"addr:city:sd\": \"اسلام آباد\", \"addr:city:ur\": \"اسلام آباد\", \"addr:street\": \"School Road\", \"shop\": \"bakery\"}"
      }
    },
    {
      "type": "Feature",
      "geometry": {
        "type": "Point",
        "coordinates": [
          73.0330629,
          33.690399
        ]
      },
      "properties": {
        "osm_id": 2154675487,
        "osm_type": "node",
        "group": "shop",
        "primary_key": "shop",
        "primary_value": "bakery",
        "name": "Prince Bakery",
        "addr_full": "Mangla Road, اسلام آباد",
        "all_tags_json": "{\"addr:city\": \"اسلام آباد\", \"addr:city:ar\": \"إسلام آباد\", \"addr:city:en\": \"Islamabad\", \"addr:city:ks\": \"اِسلام آبادٖ\", \"addr:city:pnb\": \"اسلام آباد\", \"addr:city:ps\": \"اسلام آباد\", \"addr:city:sd\": \"اسلام آباد\", \"addr:city:ur\": \"اسلام آباد\", \"addr:street\": \"Mangla Road\", \"name\": \"Prince Bakery\", \"shop\": \"bakery\", \"source\": \"Yahoo + Local Knowledge\"}"
      }
    },
    {
      "type": "Feature",
      "geometry": {
        "type": "Point",
        "coordinates": [
          73.0735228,
          33.6669562
        ]
      },
      "properties": {
        "osm_id": 2993615396,
        "osm_type": "node",
        "group": "shop",
        "primary_key": "shop",
        "primary_value": "bakery",
        "name": "Rahat",
        "addr_full": null,
        "all_tags_json": "{\"name\": \"Rahat\", \"shop\": \"bakery\"}"
      }
    },
    {
      "type": "Feature",
      "geometry": {
        "type": "Point",
        "coordinates": [
          72.9805029,
          33.6825518
        ]
      },
      "properties": {
        "osm_id": 4374486390,
        "osm_type": "node",
        "group": "shop",
        "primary_key": "shop",
        "primary_value": "bakery",
        "name": "Tehzeeb Bakers",
        "addr_full": "Street 24, اسلام آباد",
        "all_tags_json": "{\"addr:city\": \"اسلام آباد\", \"addr:city:ar\": \"إسلام آباد\", \"addr:city:en\": \"Islamabad\", \"addr:city:ks\": \"اِسلام آبادٖ\", \"addr:city:pnb\": \"اسلام آباد\", \"addr:city:ps\": \"اسلام آباد\", \"addr:city:sd\": \"اسلام آباد\", \"addr:city:ur\": \"اسلام آباد\", \"addr:street\": \"Street 24\", \"name\": \"Tehzeeb Bakers\", \"shop\": \"bakery\", \"wheelchair\": \"no\"}"
      }
    },
    {
      "type": "Feature",
      "geometry": {
        "type": "Point",
        "coordinates": [
          73.0671525,
          33.6612372
        ]
      },
      "properties": {
        "osm_id": 4581586892,
        "osm_type": "node",
        "group": "shop",
        "primary_key": "shop",
        "primary_value": "bakery",
        "name": null,
        "addr_full": null,
        "all_tags_json": "{\"shop\": \"bakery\"}"
      }
    },
    {
      "type": "Feature",
      "geometry": {
        "type": "Point",
        "coordinates": [
          72.9967753,
          33.6684224
        ]
      },
      "properties": {
        "osm_id": 4880197901,
        "osm_type": "node",
        "group": "shop",
        "primary_key": "shop",
        "primary_value": "bakery",
        "name": "Rahat Bakers",
        "addr_full": "Sachal Sarmast Road (G-11), اسلام آباد",
        "all_tags_json": "{\"addr:city\": \"اسلام آباد\", \"addr:city:ar\": \"إسلام آباد\", \"addr:city:en\": \"Islamabad\", \"addr:city:ks\": \"اِسلام آبادٖ\", \"addr:city:pnb\": \"اسلام آباد\", \"addr:city:ps\": \"اسلام آباد\", \"addr:city:sd\": \"اسلام آباد\", \"addr:city:ur\": \"اسلام آباد\", \"addr:street\": \"Sachal Sarmast Road (G-11)\", \"name\": \"Rahat Bakers\", \"shop\": \"bakery\"}"
      }
    },
    {
      "type": "Feature",
      "geometry": {
        "type": "Point",
        "coordinates": [
          73.0350121,
          33.6874331
        ]
      },
      "properties": {
        "osm_id": 4889767110,
        "osm_type": "node",
        "group": "shop",
        "primary_key": "shop",
        "primary_value": "bakery",
        "name": "Tehzeeb Bakers",
        "addr_full": "Mangla Road, اسلام آباد",
        "all_tags_json": "{\"addr:city\": \"اسلام آباد\", \"addr:city:ar\": \"إسلام آباد\", \"addr:city:en\": \"Islamabad\", \"addr:city:ks\": \"اِسلام آبادٖ\", \"addr:city:pnb\": \"اسلام آباد\", \"addr:city:ps\": \"اسلام آباد\", \"addr:city:sd\": \"اسلام آباد\", \"addr:city:ur\": \"اسلام آباد\", \"addr:street\": \"Mangla Road\", \"name\": \"Tehzeeb Bakers\", \"shop\": \"bakery\"}"
      }
    },
    {
      "type": "Feature",
      "geometry": {
        "type": "Point",
        "coordinates": [
          73.031012,
          33.6893111
        ]
      },
      "properties": {
        "osm_id": 4898951691,
        "osm_type": "node",
        "group": "shop",
        "primary_key": "shop",
        "primary_value": "bakery",
        "name": "Javed Sweet and Bakers",
        "addr_full": "Rohtas Road, اسلام آباد",
        "all_tags_json": "{\"addr:city\": \"اسلام آباد\", \"addr:city:ar\": \"إسلام آباد\", \"addr:city:en\": \"Islamabad\", \"addr:city:ks\": \"اِسلام آبادٖ\", \"addr:city:pnb\": \"اسلام آباد\", \"addr:city:ps\": \"اسلام آباد\", \"addr:city:sd\": \"اسلام آباد\", \"addr:city:ur\": \"اسلام آباد\", \"addr:street\": \"Rohtas Road\", \"name\": \"Javed Sweet and Bakers\", \"shop\": \"bakery\"}"
      }
    },
    {
      "type": "Feature",
      "geometry": {
        "type": "Point",
        "coordinates": [
          72.9834113,
          33.6962188
        ]
      },
      "properties": {
        "osm_id": 4927180422,
        "osm_type": "node",
        "group": "shop",
        "primary_key": "shop",
        "primary_value": "bakery",
        "name": null,
        "addr_full": null,
        "all_tags_json": "{\"shop\": \"bakery\"}"
      }
    },
    {
      "type": "Feature",
      "geometry": {
        "type": "Point",
        "coordinates": [
          72.9737989,
          33.6992741
        ]
      },
      "properties": {
        "osm_id": 4955806304,
        "osm_type": "node",
        "group": "shop",
        "primary_key": "shop",
        "primary_value": "bakery",
        "name": null,
        "addr_full": null,
        "all_tags_json": "{\"shop\": \"bakery\"}"
      }
    },
    {
      "type": "Feature",
      "geometry": {
        "type": "Point",
        "coordinates": [
          72.9890035,
          33.6833134
        ]
      },
      "properties": {
        "osm_id": 4958092885,
        "osm_type": "node",
        "group": "shop",
        "primary_key": "shop",
        "primary_value": "bakery",
        "name": "Rahat Bakers",
        "addr_full": "Hilal Road, اسلام آباد",
        "all_tags_json": "{\"addr:city\": \"اسلام آباد\", \"addr:city:ar\": \"إسلام آباد\", \"addr:city:en\": \"Islamabad\", \"addr:city:ks\": \"اِسلام آبادٖ\", \"addr:city:pnb\": \"اسلام آباد\", \"addr:city:ps\": \"اسلام آباد\", \"addr:city:sd\": \"اسلام آباد\", \"addr:city:ur\": \"اسلام آباد\", \"addr:street\": \"Hilal Road\", \"name\": \"Rahat Bakers\", \"shop\": \"bakery\"}"
      }
    },
    {
      "type": "Feature",
      "geometry": {
        "type": "Point",
        "coordinates": [
          73.024743,
          33.6777234
        ]
      },
      "properties": {
        "osm_id": 4958492936,
        "osm_type": "node",
        "group": "shop",
        "primary_key": "shop",
        "primary_value": "bakery",
        "name": "Sargodha Bakers",
        "addr_full": "Gali 68, اسلام آباد",
        "all_tags_json": "{\"addr:city\": \"اسلام آباد\", \"addr:city:ar\": \"إسلام آباد\", \"addr:city:en\": \"Islamabad\", \"addr:city:ks\": \"اِسلام آبادٖ\", \"addr:city:pnb\": \"اسلام آباد\", \"addr:city:ps\": \"اسلام آباد\", \"addr:city:sd\": \"اسلام آباد\", \"addr:city:ur\": \"اسلام آباد\", \"addr:street\": \"Gali 68\", \"name\": \"Sargodha Bakers\", \"shop\": \"bakery\"}"
      }
    },
    {
      "type": "Feature",
      "geometry": {
        "type": "Point",
        "coordinates": [
          73.0154483,
          33.6769845
        ]
      },
      "properties": {
        "osm_id": 4958569729,
        "osm_type": "node",
        "group": "shop",
        "primary_key": "shop",
        "primary_value": "bakery",
        "name": "Bakeman Bakers & Sweets",
        "addr_full": "Sawan Road, اسلام آباد",
        "all_tags_json": "{\"addr:city\": \"اسلام آباد\", \"addr:city:ar\": \"إسلام آباد\", \"addr:city:en\": \"Islamabad\", \"addr:city:ks\": \"اِسلام آبادٖ\", \"addr:city:pnb\": \"اسلام آباد\", \"addr:city:ps\": \"اسلام آباد\", \"addr:city:sd\": \"اسلام آباد\", \"addr:city:ur\": \"اسلام آباد\", \"addr:street\": \"Sawan Road\", \"name\": \"Bakeman Bakers & Sweets\", \"shop\": \"bakery\"}"
      }
    },
    {
      "type": "Feature",
      "geometry": {
        "type": "Point",
        "coordinates": [
          73.0110913,
          33.6966669
        ]
      },
      "properties": {
        "osm_id": 4961414276,
        "osm_type": "node",
        "group": "shop",
        "primary_key": "shop",
        "primary_value": "bakery",
        "name": "Rahat Bakers",
        "addr_full": "Street 54, اسلام آباد",
        "all_tags_json": "{\"addr:city\": \"اسلام آباد\", \"addr:city:ar\": \"إسلام آباد\", \"addr:city:en\": \"Islamabad\", \"addr:city:ks\": \"اِسلام آبادٖ\", \"addr:city:pnb\": \"اسلام آباد\", \"addr:city:ps\": \"اسلام آباد\", \"addr:city:sd\": \"اسلام آباد\", \"addr:city:ur\": \"اسلام آباد\", \"addr:street\": \"Street 54\", \"name\": \"Rahat Bakers\", \"shop\": \"bakery\"}"
      }
    },
    {
      "type": "Feature",
      "geometry": {
        "type": "Point",
        "coordinates": [
          73.0125634,
          33.6955112
        ]
      },
      "properties": {
        "osm_id": 4961414278,
        "osm_type": "node",
        "group": "shop",
        "primary_key": "shop",
        "primary_value": "bakery",
        "name": "Bake Well",
        "addr_full": "10th Avenue, اسلام آباد",
        "all_tags_json": "{\"addr:city\": \"اسلام آباد\", \"addr:city:ar\": \"إسلام آباد\", \"addr:city:en\": \"Islamabad\", \"addr:city:ks\": \"اِسلام آبادٖ\", \"addr:city:pnb\": \"اسلام آباد\", \"addr:city:ps\": \"اسلام آباد\", \"addr:city:sd\": \"اسلام آباد\", \"addr:city:ur\": \"اسلام آباد\", \"addr:street\": \"10th Avenue\", \"name\": \"Bake Well\", \"shop\": \"bakery\"}"
      }
    },
    {
      "type": "Feature",
      "geometry": {
        "type": "Point",
        "coordinates": [
          73.0378758,
          33.7063751
        ]
      },
      "properties": {
        "osm_id": 4963837820,
        "osm_type": "node",
        "group": "shop",
        "primary_key": "shop",
        "primary_value": "bakery",
        "name": "Kitchen Cuisine",
        "addr_full": "Street 33, اسلام آباد",
        "all_tags_json": "{\"addr:city\": \"اسلام آباد\", \"addr:city:ar\": \"إسلام آباد\", \"addr:city:en\": \"Islamabad\", \"addr:city:ks\": \"اِسلام آبادٖ\", \"addr:city:pnb\": \"اسلام آباد\", \"addr:city:ps\": \"اسلام آباد\", \"addr:city:sd\": \"اسلام آباد\", \"addr:city:ur\": \"اسلام آباد\", \"addr:street\": \"Street 33\", \"name\": \"Kitchen Cuisine\", \"shop\": \"bakery\"}"
      }
    },
    {
      "type": "Feature",
      "geometry": {
        "type": "Point",
        "coordinates": [
          73.0433933,
          33.7087382
        ]
      },
      "properties": {
        "osm_id": 4963977793,
        "osm_type": "node",
        "group": "shop",
        "primary_key": "shop",
        "primary_value": "bakery",
        "name": "Tee's Cakery",
        "addr_full": "Street 51, اسلام آباد",
        "all_tags_json": "{\"addr:city\": \"اسلام آباد\", \"addr:city:ar\": \"إسلام آباد\", \"addr:city:en\": \"Islamabad\", \"addr:city:ks\": \"اِسلام آبادٖ\", \"addr:city:pnb\": \"اسلام آباد\", \"addr:city:ps\": \"اسلام آباد\", \"addr:city:sd\": \"اسلام آباد\", \"addr:city:ur\": \"اسلام آباد\", \"addr:street\": \"Street 51\", \"name\": \"Tee's Cakery\", \"shop\": \"bakery\"}"
      }
    },
    {
      "type": "Feature",
      "geometry": {
        "type": "Point",
        "coordinates": [
          73.0509371,
          33.7230739
        ]
      },
      "properties": {
        "osm_id": 4964228631,
        "osm_type": "node",
        "group": "shop",
        "primary_key": "shop",
        "primary_value": "bakery",
        "name": "Hot Bake",
        "addr_full": "Street 18, اسلام آباد",
        "all_tags_json": "{\"addr:city\": \"اسلام آباد\", \"addr:city:ar\": \"إسلام آباد\", \"addr:city:en\": \"Islamabad\", \"addr:city:ks\": \"اِسلام آبادٖ\", \"addr:city:pnb\": \"اسلام آباد\", \"addr:city:ps\": \"اسلام آباد\", \"addr:city:sd\": \"اسلام آباد\", \"addr:city:ur\": \"اسلام آباد\", \"addr:street\": \"Street 18\", \"name\": \"Hot Bake\", \"shop\": \"bakery\"}"
      }
    },
    {
      "type": "Feature",
      "geometry": {
        "type": "Point",
        "coordinates": [
          73.0525948,
          33.7194476
        ]
      },
      "properties": {
        "osm_id": 4964243450,
        "osm_type": "node",
        "group": "shop",
        "primary_key": "shop",
        "primary_value": "bakery",
        "name": "Gourmet Bakers",
        "addr_full": "College Road, اسلام آباد",
        "all_tags_json": "{\"addr:city\": \"اسلام آباد\", \"addr:city:ar\": \"إسلام آباد\", \"addr:city:en\": \"Islamabad\", \"addr:city:ks\": \"اِسلام آبادٖ\", \"addr:city:pnb\": \"اسلام آباد\", \"addr:city:ps\": \"اسلام آباد\", \"addr:city:sd\": \"اسلام آباد\", \"addr:city:ur\": \"اسلام آباد\", \"addr:street\": \"College Road\", \"name\": \"Gourmet Bakers\", \"shop\": \"bakery\"}"
      }
    },
    {
      "type": "Feature",
      "geometry": {
        "type": "Point",
        "coordinates": [
          73.0585612,
          33.7216979
        ]
      },
      "properties": {
        "osm_id": 4964257370,
        "osm_type": "node",
        "group": "shop",
        "primary_key": "shop",
        "primary_value": "bakery",
        "name": "Rasheed Sweets",
        "addr_full": "College Road, اسلام آباد",
        "all_tags_json": "{\"addr:city\": \"اسلام آباد\", \"addr:city:ar\": \"إسلام آباد\", \"addr:city:en\": \"Islamabad\", \"addr:city:ks\": \"اِسلام آبادٖ\", \"addr:city:pnb\": \"اسلام آباد\", \"addr:city:ps\": \"اسلام آباد\", \"addr:city:sd\": \"اسلام آباد\", \"addr:city:ur\": \"اسلام آباد\", \"addr:street\": \"College Road\", \"name\": \"Rasheed Sweets\", \"shop\": \"bakery\"}"
      }
    },
    {
      "type": "Feature",
      "geometry": {
        "type": "Point",
        "coordinates": [
          73.0598721,
          33.7215384
        ]
      },
      "properties": {
        "osm_id": 4964257377,
        "osm_type": "node",
        "group": "shop",
        "primary_key": "shop",
        "primary_value": "bakery",
        "name": "Toast'd Cafe and Bakery",
        "addr_full": "Bhitai Road, اسلام آباد",
        "all_tags_json": "{\"addr:city\": \"اسلام آباد\", \"addr:city:ar\": \"إسلام آباد\", \"addr:city:en\": \"Islamabad\", \"addr:city:ks\": \"اِسلام آبادٖ\", \"addr:city:pnb\": \"اسلام آباد\", \"addr:city:ps\": \"اسلام آباد\", \"addr:city:sd\": \"اسلام آباد\", \"addr:city:ur\": \"اسلام آباد\", \"addr:street\": \"Bhitai Road\", \"name\": \"Toast'd Cafe and Bakery\", \"shop\": \"bakery\"}"
      }
    },
    {
      "type": "Feature",
      "geometry": {
        "type": "Point",
        "coordinates": [
          73.0564569,
          33.7095304
        ]
      },
      "properties": {
        "osm_id": 4966256874,
        "osm_type": "node",
        "group": "shop",
        "primary_key": "shop",
        "primary_value": "bakery",
        "name": "جمیل مٹھائی",
        "addr_full": "جناح ایونیو, اسلام آباد",
        "all_tags_json": "{\"addr:city\": \"اسلام آباد\", \"addr:city:ar\": \"إسلام آباد\", \"addr:city:ks\": \"اِسلام آبادٖ\", \"addr:city:pnb\": \"اسلام آباد\", \"addr:city:ps\": \"اسلام آباد\", \"addr:city:sd\": \"اسلام آباد\", \"addr:city:ur\": \"اسلام آباد\", \"addr:street\": \"جناح ایونیو\", \"name\": \"جمیل مٹھائی\", \"name:en\": \"Jamil Sweets\", \"name:ur\": \"جمیل مٹھائی\", \"shop\": \"bakery\"}"
      }
    },
    {
      "type": "Feature",
      "geometry": {
        "type": "Point",
        "coordinates": [
          73.0663098,
          33.7147642
        ]
      },
      "properties": {
        "osm_id": 4966256897,
        "osm_type": "node",
        "group": "shop",
        "primary_key": "shop",
        "primary_value": "bakery",
        "name": "Fresco Sweets",
        "addr_full": "Jinnah Avenue, اسلام آباد",
        "all_tags_json": "{\"addr:city\": \"اسلام آباد\", \"addr:city:ar\": \"إسلام آباد\", \"addr:city:en\": \"Islamabad\", \"addr:city:ks\": \"اِسلام آبادٖ\", \"addr:city:pnb\": \"اسلام آباد\", \"addr:city:ps\": \"اسلام آباد\", \"addr:city:sd\": \"اسلام آباد\", \"addr:city:ur\": \"اسلام آباد\", \"addr:street\": \"Jinnah Avenue\", \"name\": \"Fresco Sweets\", \"shop\": \"bakery\"}"
      }
    },
    {
      "type": "Feature",
      "geometry": {
        "type": "Point",
        "coordinates": [
          73.0683244,
          33.715561
        ]
      },
      "properties": {
        "osm_id": 4966256901,
        "osm_type": "node",
        "group": "shop",
        "primary_key": "shop",
        "primary_value": "bakery",
        "name": "Tehzeeb Bakers Blue Area",
        "addr_full": "AKM Fazul Haq Road, اسلام آباد",
        "all_tags_json": "{\"addr:city\": \"اسلام آباد\", \"addr:city:ar\": \"إسلام آباد\", \"addr:city:en\": \"Islamabad\", \"addr:city:ks\": \"اِسلام آبادٖ\", \"addr:city:pnb\": \"اسلام آباد\", \"addr:city:ps\": \"اسلام آباد\", \"addr:city:sd\": \"اسلام آباد\", \"addr:city:ur\": \"اسلام آباد\", \"addr:street\": \"AKM Fazul Haq Road\", \"name\": \"Tehzeeb Bakers Blue Area\", \"shop\": \"bakery\"}"
      }
    },
    {
      "type": "Feature",
      "geometry": {
        "type": "Point",
        "coordinates": [
          73.0673887,
          33.7056696
        ]
      },
      "properties": {
        "osm_id": 4966360756,
        "osm_type": "node",
        "group": "shop",
        "primary_key": "shop",
        "primary_value": "bakery",
        "name": "Sitara Sweets & Bakers",
        "addr_full": "Sachal Sarmast Road (G7), اسلام آباد",
        "all_tags_json": "{\"addr:city\": \"اسلام آباد\", \"addr:city:ar\": \"إسلام آباد\", \"addr:city:en\": \"Islamabad\", \"addr:city:ks\": \"اِسلام آبادٖ\", \"addr:city:pnb\": \"اسلام آباد\", \"addr:city:ps\": \"اسلام آباد\", \"addr:city:sd\": \"اسلام آباد\", \"addr:city:ur\": \"اسلام آباد\", \"addr:street\": \"Sachal Sarmast Road (G7)\", \"name\": \"Sitara Sweets & Bakers\", \"shop\": \"bakery\"}"
      }
    },
    {
      "type": "Feature",
      "geometry": {
        "type": "Point",
        "coordinates": [
          73.0682698,
          33.7155579
        ]
      },
      "properties": {
        "osm_id": 5045937521,
        "osm_type": "node",
        "group": "shop",
        "primary_key": "shop",
        "primary_value": "bakery",
        "name": "Tehzeeb Bakers Main Branch",
        "addr_full": null,
        "all_tags_json": "{\"name\": \"Tehzeeb Bakers Main Branch\", \"shop\": \"bakery\"}"
      }
    },
    {
      "type": "Feature",
      "geometry": {
        "type": "Point",
        "coordinates": [
          73.0750216,
          33.6688707
        ]
      },
      "properties": {
        "osm_id": 5385423582,
        "osm_type": "node",
        "group": "shop",
        "primary_key": "shop",
        "primary_value": "bakery",
        "name": "Gourmet Bakery",
        "addr_full": null,
        "all_tags_json": "{\"name\": \"Gourmet Bakery\", \"shop\": \"bakery\"}"
      }
    },
    {
      "type": "Feature",
      "geometry": {
        "type": "Point",
        "coordinates": [
          72.9999834,
          33.6696441
        ]
      },
      "properties": {
        "osm_id": 5518743357,
        "osm_type": "node",
        "group": "shop",
        "primary_key": "shop",
        "primary_value": "bakery",
        "name": "Tehzeeb Bakers",
        "addr_full": "G-11 Markaz, اسلام آباد",
        "all_tags_json": "{\"addr:city\": \"اسلام آباد\", \"addr:city:ar\": \"إسلام آباد\", \"addr:city:en\": \"Islamabad\", \"addr:city:ks\": \"اِسلام آبادٖ\", \"addr:city:pnb\": \"اسلام آباد\", \"addr:city:ps\": \"اسلام آباد\", \"addr:city:sd\": \"اسلام آباد\", \"addr:city:ur\": \"اسلام آباد\", \"addr:street\": \"G-11 Markaz\", \"name\": \"Tehzeeb Bakers\", \"opening_hours\": \"Mo-Su 09:00-00:00\", \"payment:cash\": \"yes\", \"payment:credit_cards\": \"yes\", \"payment:debit_cards\": \"yes\", \"shop\": \"bakery\", \"wheelchair\": \"yes\"}"
      }
    },
    {
      "type": "Feature",
      "geometry": {
        "type": "Point",
        "coordinates": [
          73.030844,
          33.6786255
        ]
      },
      "properties": {
        "osm_id": 5850654886,
        "osm_type": "node",
        "group": "shop",
        "primary_key": "shop",
        "primary_value": "bakery",
        "name": "Tasty Bakers & General Store",
        "addr_full": "Street 29, Block # 141",
        "all_tags_json": "{\"addr:housenumber\": \"Block # 141\", \"addr:street\": \"Street 29\", \"name\": \"Tasty Bakers & General Store\", \"opening_hours\": \"Mo-Su 08:00-23:30\", \"phone\": \"03005334548\", \"shop\": \"bakery\"}"
      }
    },
    {
      "type": "Feature",
      "geometry": {
        "type": "Point",
        "coordinates": [
          73.0311113,
          33.6890974
        ]
      },
      "properties": {
        "osm_id": 6199002488,
        "osm_type": "node",
        "group": "shop",
        "primary_key": "shop",
        "primary_value": "bakery",
        "name": "Javed Sweet & Bakers",
        "addr_full": null,
        "all_tags_json": "{\"name\": \"Javed Sweet & Bakers\", \"shop\": \"bakery\"}"
      }
    },
    {
      "type": "Feature",
      "geometry": {
        "type": "Point",
        "coordinates": [
          73.0223584,
          33.6805786
        ]
      },
      "properties": {
        "osm_id": 6208232485,
        "osm_type": "node",
        "group": "shop",
        "primary_key": "shop",
        "primary_value": "bakery",
        "name": "Aslam Bakers",
        "addr_full": null,
        "all_tags_json": "{\"name\": \"Aslam Bakers\", \"shop\": \"bakery\"}"
      }
    },
    {
      "type": "Feature",
      "geometry": {
        "type": "Point",
        "coordinates": [
          73.073886,
          33.7199127
        ]
      },
      "properties": {
        "osm_id": 8408647827,
        "osm_type": "node",
        "group": "shop",
        "primary_key": "shop",
        "primary_value": "bakery",
        "name": "Shery's Gluten Free",
        "addr_full": "beverly centre, Jinnah Avenue, F6/1, Blue Area, Shery's Gluten Free, اسلام آباد, 44000",
        "all_tags_json": "{\"addr:city\": \"اسلام آباد\", \"addr:housenumber\": \"Shery's Gluten Free\", \"addr:postcode\": \"44000\", \"addr:street\": \"beverly centre, Jinnah Avenue, F6/1, Blue Area\", \"bakery\": \"shery's Gluten Free\", \"diet:gluten_free\": \"yes\", \"name\": \"Shery's Gluten Free\", \"opening_hours\": \"24/7\", \"operator\": \"Shehryar\", \"payment:cash\": \"yes\", \"payment:credit_cards\": \"yes\", \"payment:debit_cards\": \"yes\", \"payment:mastercard\": \"yes\", \"payment:visa\": \"yes\", \"phone\": \"+92518892000\", \"shop\": \"bakery\", \"website\": \"https://www.sherysglutenfree.com/\"}"
      }
    },
    {
      "type": "Feature",
      "geometry": {
        "type": "Point",
        "coordinates": [
          72.9884453,
          33.683234
        ]
      },
      "properties": {
        "osm_id": 9931387019,
        "osm_type": "node",
        "group": "shop",
        "primary_key": "shop",
        "primary_value": "bakery",
        "name": null,
        "addr_full": null,
        "all_tags_json": "{\"name:en\": \"Naan bakeries\", \"shop\": \"bakery\"}"
      }
    },
    {
      "type": "Feature",
      "geometry": {
        "type": "Point",
        "coordinates": [
          73.0748755,
          33.6682322
        ]
      },
      "properties": {
        "osm_id": 12772052478,
        "osm_type": "node",
        "group": "shop",
        "primary_key": "shop",
        "primary_value": "bakery",
        "name": "Layers Bakshop",
        "addr_full": "I-8 Markaz, Ialamabad, 44790",
        "all_tags_json": "{\"addr:city\": \"Ialamabad\", \"addr:postcode\": \"44790\", \"addr:street\": \"I-8 Markaz\", \"name\": \"Layers Bakshop\", \"shop\": \"bakery\"}"
      }
    },
    {
      "type": "Feature",
      "geometry": {
        "type": "Point",
        "coordinates": [
          73.0755102,
          33.668094
        ]
      },
      "properties": {
        "osm_id": 12772382511,
        "osm_type": "node",
        "group": "shop",
        "primary_key": "shop",
        "primary_value": "bakery",
        "name": "Tehzeeb Bakers",
        "addr_full": "I-8 Markaz, Islamabad, 44790",
        "all_tags_json": "{\"addr:city\": \"Islamabad\", \"addr:postcode\": \"44790\", \"addr:street\": \"I-8 Markaz\", \"name\": \"Tehzeeb Bakers\", \"shop\": \"bakery\"}"
      }
    },
    {
      "type": "Feature",
      "geometry": {
        "type": "Point",
        "coordinates": [
          72.9972275,
          33.6681279
        ]
      },
      "properties": {
        "osm_id": 4880197890,
        "osm_type": "node",
        "group": "shop",
        "primary_key": "shop",
        "primary_value": "clothes",
        "name": "Insaf Cloth Al Anayat Mall",
        "addr_full": "Sachal Sarmast Road (G-11), اسلام آباد",
        "all_tags_json": "{\"addr:city\": \"اسلام آباد\", \"addr:city:ar\": \"إسلام آباد\", \"addr:city:en\": \"Islamabad\", \"addr:city:ks\": \"اِسلام آبادٖ\", \"addr:city:pnb\": \"اسلام آباد\", \"addr:city:ps\": \"اسلام آباد\", \"addr:city:sd\": \"اسلام آباد\", \"addr:city:ur\": \"اسلام آباد\", \"addr:street\": \"Sachal Sarmast Road (G-11)\", \"name\": \"Insaf Cloth Al Anayat Mall\", \"shop\": \"clothes\"}"
      }
    },
    {
      "type": "Feature",
      "geometry": {
        "type": "Point",
        "coordinates": [
          72.9966674,
          33.668689
        ]
      },
      "properties": {
        "osm_id": 4880197903,
        "osm_type": "node",
        "group": "shop",
        "primary_key": "shop",
        "primary_value": "clothes",
        "name": "Al-Rehman Uniform",
        "addr_full": "Sachal Sarmast Road (G-11), اسلام آباد",
        "all_tags_json": "{\"addr:city\": \"اسلام آباد\", \"addr:city:ar\": \"إسلام آباد\", \"addr:city:en\": \"Islamabad\", \"addr:city:ks\": \"اِسلام آبادٖ\", \"addr:city:pnb\": \"اسلام آباد\", \"addr:city:ps\": \"اسلام آباد\", \"addr:city:sd\": \"اسلام آباد\", \"addr:city:ur\": \"اسلام آباد\", \"addr:street\": \"Sachal Sarmast Road (G-11)\", \"name\": \"Al-Rehman Uniform\", \"shop\": \"clothes\"}"
      }
    },
    {
      "type": "Feature",
      "geometry": {
        "type": "Point",
        "coordinates": [
          72.9977475,
          33.667778
        ]
      },
      "properties": {
        "osm_id": 4880197911,
        "osm_type": "node",
        "group": "shop",
        "primary_key": "shop",
        "primary_value": "clothes",
        "name": "Faisal Fabrics",
        "addr_full": "Shabir Sharif Road, اسلام آباد",
        "all_tags_json": "{\"addr:city\": \"اسلام آباد\", \"addr:city:ar\": \"إسلام آباد\", \"addr:city:en\": \"Islamabad\", \"addr:city:ks\": \"اِسلام آبادٖ\", \"addr:city:pnb\": \"اسلام آباد\", \"addr:city:ps\": \"اسلام آباد\", \"addr:city:sd\": \"اسلام آباد\", \"addr:city:ur\": \"اسلام آباد\", \"addr:street\": \"Shabir Sharif Road\", \"name\": \"Faisal Fabrics\", \"shop\": \"clothes\"}"
      }
    },
    {
      "type": "Feature",
      "geometry": {
        "type": "Point",
        "coordinates": [
          73.0370405,
          33.6971707
        ]
      },
      "properties": {
        "osm_id": 4889743720,
        "osm_type": "node",
        "group": "shop",
        "primary_key": "shop",
        "primary_value": "clothes",
        "name": "Oasis Boutique",
        "addr_full": "Gali 128, اسلام آباد",
        "all_tags_json": "{\"addr:city\": \"اسلام آباد\", \"addr:city:ar\": \"إسلام آباد\", \"addr:city:en\": \"Islamabad\", \"addr:city:ks\": \"اِسلام آبادٖ\", \"addr:city:pnb\": \"اسلام آباد\", \"addr:city:ps\": \"اسلام آباد\", \"addr:city:sd\": \"اسلام آباد\", \"addr:city:ur\": \"اسلام آباد\", \"addr:street\": \"Gali 128\", \"name\": \"Oasis Boutique\", \"shop\": \"clothes\"}"
      }
    },
    {
      "type": "Feature",
      "geometry": {
        "type": "Point",
        "coordinates": [
          73.0779181,
          33.730187
        ]
      },
      "properties": {
        "osm_id": 4956981556,
        "osm_type": "node",
        "group": "shop",
        "primary_key": "shop",
        "primary_value": "clothes",
        "name": "Bonanza",
        "addr_full": "Agha Khan Road, اسلام آباد",
        "all_tags_json": "{\"addr:city\": \"اسلام آباد\", \"addr:city:ar\": \"إسلام آباد\", \"addr:city:en\": \"Islamabad\", \"addr:city:ks\": \"اِسلام آبادٖ\", \"addr:city:pnb\": \"اسلام آباد\", \"addr:city:ps\": \"اسلام آباد\", \"addr:city:sd\": \"اسلام آباد\", \"addr:city:ur\": \"اسلام آباد\", \"addr:street\": \"Agha Khan Road\", \"name\": \"Bonanza\", \"shop\": \"clothes\"}"
      }
    },
    {
      "type": "Feature",
      "geometry": {
        "type": "Point",
        "coordinates": [
          73.0765874,
          33.7299982
        ]
      },
      "properties": {
        "osm_id": 4957032806,
        "osm_type": "node",
        "group": "shop",
        "primary_key": "shop",
        "primary_value": "clothes",
        "name": "Taj Mehal Handicrafts",
        "addr_full": "School Road, اسلام آباد",
        "all_tags_json": "{\"addr:city\": \"اسلام آباد\", \"addr:city:ar\": \"إسلام آباد\", \"addr:city:en\": \"Islamabad\", \"addr:city:ks\": \"اِسلام آبادٖ\", \"addr:city:pnb\": \"اسلام آباد\", \"addr:city:ps\": \"اسلام آباد\", \"addr:city:sd\": \"اسلام آباد\", \"addr:city:ur\": \"اسلام آباد\", \"addr:street\": \"School Road\", \"name\": \"Taj Mehal Handicrafts\", \"shop\": \"clothes\"}"
      }
    },
    {
      "type": "Feature",
      "geometry": {
        "type": "Point",
        "coordinates": [
          73.0121247,
          33.6961342
        ]
      },
      "properties": {
        "osm_id": 4961414284,
        "osm_type": "node",
        "group": "shop",
        "primary_key": "shop",
        "primary_value": "clothes",
        "name": "Ideas",
        "addr_full": "Street 54, اسلام آباد",
        "all_tags_json": "{\"addr:city\": \"اسلام آباد\", \"addr:city:ar\": \"إسلام آباد\", \"addr:city:en\": \"Islamabad\", \"addr:city:ks\": \"اِسلام آبادٖ\", \"addr:city:pnb\": \"اسلام آباد\", \"addr:city:ps\": \"اسلام آباد\", \"addr:city:sd\": \"اسلام آباد\", \"addr:city:ur\": \"اسلام آباد\", \"addr:street\": \"Street 54\", \"name\": \"Ideas\", \"shop\": \"clothes\"}"
      }
    },
    {
      "type": "Feature",
      "geometry": {
        "type": "Point",
        "coordinates": [
          73.0131538,
          33.6958982
        ]
      },
      "properties": {
        "osm_id": 4961746365,
        "osm_type": "node",
        "group": "shop",
        "primary_key": "shop",
        "primary_value": "clothes",
        "name": "Levi's",
        "addr_full": "10th Avenue, اسلام آباد",
        "all_tags_json": "{\"addr:city\": \"اسلام آباد\", \"addr:city:ar\": \"إسلام آباد\", \"addr:city:en\": \"Islamabad\", \"addr:city:ks\": \"اِسلام آبادٖ\", \"addr:city:pnb\": \"اسلام آباد\", \"addr:city:ps\": \"اسلام آباد\", \"addr:city:sd\": \"اسلام آباد\", \"addr:city:ur\": \"اسلام آباد\", \"addr:street\": \"10th Avenue\", \"name\": \"Levi's\", \"shop\": \"clothes\"}"
      }
    },
    {
      "type": "Feature",
      "geometry": {
        "type": "Point",
        "coordinates": [
          73.0142955,
          33.6946845
        ]
      },
      "properties": {
        "osm_id": 4961746376,
        "osm_type": "node",
        "group": "shop",
        "primary_key": "shop",
        "primary_value": "clothes",
        "name": "Khaadi",
        "addr_full": "10th Avenue, اسلام آباد",
        "all_tags_json": "{\"addr:city\": \"اسلام آباد\", \"addr:city:ar\": \"إسلام آباد\", \"addr:city:en\": \"Islamabad\", \"addr:city:ks\": \"اِسلام آبادٖ\", \"addr:city:pnb\": \"اسلام آباد\", \"addr:city:ps\": \"اسلام آباد\", \"addr:city:sd\": \"اسلام آباد\", \"addr:city:ur\": \"اسلام آباد\", \"addr:street\": \"10th Avenue\", \"name\": \"Khaadi\", \"shop\": \"clothes\"}"
      }
    },
    {
      "type": "Feature",
      "geometry": {
        "type": "Point",
        "coordinates": [
          73.0564489,
          33.7204975
        ]
      },
      "properties": {
        "osm_id": 4964243463,
        "osm_type": "node",
        "group": "shop",
        "primary_key": "shop",
        "primary_value": "clothes",
        "name": "Cotton & Cotton Islamabad",
        "addr_full": "Bhitai Road, اسلام آباد",
        "all_tags_json": "{\"addr:city\": \"اسلام آباد\", \"addr:city:ar\": \"إسلام آباد\", \"addr:city:en\": \"Islamabad\", \"addr:city:ks\": \"اِسلام آبادٖ\", \"addr:city:pnb\": \"اسلام آباد\", \"addr:city:ps\": \"اسلام آباد\", \"addr:city:sd\": \"اسلام آباد\", \"addr:city:ur\": \"اسلام آباد\", \"addr:street\": \"Bhitai Road\", \"name\": \"Cotton & Cotton Islamabad\", \"shop\": \"clothes\"}"
      }
    },
    {
      "type": "Feature",
      "geometry": {
        "type": "Point",
        "coordinates": [
          73.0567209,
          33.7212532
        ]
      },
      "properties": {
        "osm_id": 4964243464,
        "osm_type": "node",
        "group": "shop",
        "primary_key": "shop",
        "primary_value": "clothes",
        "name": "Levis Outlet",
        "addr_full": "College Road, اسلام آباد",
        "all_tags_json": "{\"addr:city\": \"اسلام آباد\", \"addr:city:ar\": \"إسلام آباد\", \"addr:city:en\": \"Islamabad\", \"addr:city:ks\": \"اِسلام آبادٖ\", \"addr:city:pnb\": \"اسلام آباد\", \"addr:city:ps\": \"اسلام آباد\", \"addr:city:sd\": \"اسلام آباد\", \"addr:city:ur\": \"اسلام آباد\", \"addr:street\": \"College Road\", \"name\": \"Levis Outlet\", \"shop\": \"clothes\"}"
      }
    },
    {
      "type": "Feature",
      "geometry": {
        "type": "Point",
        "coordinates": [
          73.057178,
          33.7212182
        ]
      },
      "properties": {
        "osm_id": 4964243465,
        "osm_type": "node",
        "group": "shop",
        "primary_key": "shop",
        "primary_value": "clothes",
        "name": "The Diner's Shop",
        "addr_full": "College Road, اسلام آباد",
        "all_tags_json": "{\"addr:city\": \"اسلام آباد\", \"addr:city:ar\": \"إسلام آباد\", \"addr:city:en\": \"Islamabad\", \"addr:city:ks\": \"اِسلام آبادٖ\", \"addr:city:pnb\": \"اسلام آباد\", \"addr:city:ps\": \"اسلام آباد\", \"addr:city:sd\": \"اسلام آباد\", \"addr:city:ur\": \"اسلام آباد\", \"addr:street\": \"College Road\", \"name\": \"The Diner's Shop\", \"shop\": \"clothes\"}"
      }
    },
    {
      "type": "Feature",
      "geometry": {
        "type": "Point",
        "coordinates": [
          73.0579701,
          33.7217935
        ]
      },
      "properties": {
        "osm_id": 4964257365,
        "osm_type": "node",
        "group": "shop",
        "primary_key": "shop",
        "primary_value": "clothes",
        "name": "Junaid Jamshed",
        "addr_full": "College Road, اسلام آباد",
        "all_tags_json": "{\"addr:city\": \"اسلام آباد\", \"addr:city:ar\": \"إسلام آباد\", \"addr:city:en\": \"Islamabad\", \"addr:city:ks\": \"اِسلام آبادٖ\", \"addr:city:pnb\": \"اسلام آباد\", \"addr:city:ps\": \"اسلام آباد\", \"addr:city:sd\": \"اسلام آباد\", \"addr:city:ur\": \"اسلام آباد\", \"addr:street\": \"College Road\", \"name\": \"Junaid Jamshed\", \"shop\": \"clothes\"}"
      }
    },
    {
      "type": "Feature",
      "geometry": {
        "type": "Point",
        "coordinates": [
          73.0590536,
          33.7216164
        ]
      },
      "properties": {
        "osm_id": 4964257376,
        "osm_type": "node",
        "group": "shop",
        "primary_key": "shop",
        "primary_value": "clothes",
        "name": "Labels Islamabad Multi",
        "addr_full": "Bhitai Road, اسلام آباد",
        "all_tags_json": "{\"addr:city\": \"اسلام آباد\", \"addr:city:ar\": \"إسلام آباد\", \"addr:city:en\": \"Islamabad\", \"addr:city:ks\": \"اِسلام آبادٖ\", \"addr:city:pnb\": \"اسلام آباد\", \"addr:city:ps\": \"اسلام آباد\", \"addr:city:sd\": \"اسلام آباد\", \"addr:city:ur\": \"اسلام آباد\", \"addr:street\": \"Bhitai Road\", \"name\": \"Labels Islamabad Multi\", \"shop\": \"clothes\"}"
      }
    },
    {
      "type": "Feature",
      "geometry": {
        "type": "Point",
        "coordinates": [
          73.0593337,
          33.722606
        ]
      },
      "properties": {
        "osm_id": 4964257382,
        "osm_type": "node",
        "group": "shop",
        "primary_key": "shop",
        "primary_value": "clothes",
        "name": "Ideas",
        "addr_full": "College Road, اسلام آباد",
        "all_tags_json": "{\"addr:city\": \"اسلام آباد\", \"addr:city:ar\": \"إسلام آباد\", \"addr:city:en\": \"Islamabad\", \"addr:city:ks\": \"اِسلام آبادٖ\", \"addr:city:pnb\": \"اسلام آباد\", \"addr:city:ps\": \"اسلام آباد\", \"addr:city:sd\": \"اسلام آباد\", \"addr:city:ur\": \"اسلام آباد\", \"addr:street\": \"College Road\", \"name\": \"Ideas\", \"shop\": \"clothes\"}"
      }
    },
    {
      "type": "Feature",
      "geometry": {
        "type": "Point",
        "coordinates": [
          73.059918,
          33.7218666
        ]
      },
      "properties": {
        "osm_id": 4964257383,
        "osm_type": "node",
        "group": "shop",
        "primary_key": "shop",
        "primary_value": "clothes",
        "name": "Nishat Linen",
        "addr_full": "Bhitai Road, اسلام آباد",
        "all_tags_json": "{\"addr:city\": \"اسلام آباد\", \"addr:city:ar\": \"إسلام آباد\", \"addr:city:en\": \"Islamabad\", \"addr:city:ks\": \"اِسلام آبادٖ\", \"addr:city:pnb\": \"اسلام آباد\", \"addr:city:ps\": \"اسلام آباد\", \"addr:city:sd\": \"اسلام آباد\", \"addr:city:ur\": \"اسلام آباد\", \"addr:street\": \"Bhitai Road\", \"name\": \"Nishat Linen\", \"shop\": \"clothes\"}"
      }
    },
    {
      "type": "Feature",
      "geometry": {
        "type": "Point",
        "coordinates": [
          73.0598423,
          33.7219716
        ]
      },
      "properties": {
        "osm_id": 4964257384,
        "osm_type": "node",
        "group": "shop",
        "primary_key": "shop",
        "primary_value": "clothes",
        "name": "Latelier",
        "addr_full": "Bhitai Road, اسلام آباد",
        "all_tags_json": "{\"addr:city\": \"اسلام آباد\", \"addr:city:ar\": \"إسلام آباد\", \"addr:city:en\": \"Islamabad\", \"addr:city:ks\": \"اِسلام آبادٖ\", \"addr:city:pnb\": \"اسلام آباد\", \"addr:city:ps\": \"اسلام آباد\", \"addr:city:sd\": \"اسلام آباد\", \"addr:city:ur\": \"اسلام آباد\", \"addr:street\": \"Bhitai Road\", \"name\": \"Latelier\", \"shop\": \"clothes\"}"
      }
    },
    {
      "type": "Feature",
      "geometry": {
        "type": "Point",
        "coordinates": [
          73.0548956,
          33.7150323
        ]
      },
      "properties": {
        "osm_id": 4965273734,
        "osm_type": "node",
        "group": "shop",
        "primary_key": "shop",
        "primary_value": "clothes",
        "name": "Professional Uniforms",
        "addr_full": "Street 31, اسلام آباد",
        "all_tags_json": "{\"addr:city\": \"اسلام آباد\", \"addr:city:ar\": \"إسلام آباد\", \"addr:city:en\": \"Islamabad\", \"addr:city:ks\": \"اِسلام آبادٖ\", \"addr:city:pnb\": \"اسلام آباد\", \"addr:city:ps\": \"اسلام آباد\", \"addr:city:sd\": \"اسلام آباد\", \"addr:city:ur\": \"اسلام آباد\", \"addr:street\": \"Street 31\", \"name\": \"Professional Uniforms\", \"shop\": \"clothes\"}"
      }
    },
    {
      "type": "Feature",
      "geometry": {
        "type": "Point",
        "coordinates": [
          73.0563364,
          33.7094741
        ]
      },
      "properties": {
        "osm_id": 4966256873,
        "osm_type": "node",
        "group": "shop",
        "primary_key": "shop",
        "primary_value": "clothes",
        "name": "Zeitgeist",
        "addr_full": "Jinnah Avenue, اسلام آباد",
        "all_tags_json": "{\"addr:city\": \"اسلام آباد\", \"addr:city:ar\": \"إسلام آباد\", \"addr:city:en\": \"Islamabad\", \"addr:city:ks\": \"اِسلام آبادٖ\", \"addr:city:pnb\": \"اسلام آباد\", \"addr:city:ps\": \"اسلام آباد\", \"addr:city:sd\": \"اسلام آباد\", \"addr:city:ur\": \"اسلام آباد\", \"addr:street\": \"Jinnah Avenue\", \"name\": \"Zeitgeist\", \"shop\": \"clothes\"}"
      }
    },
    {
      "type": "Feature",
      "geometry": {
        "type": "Point",
        "coordinates": [
          73.0509661,
          33.7211569
        ]
      },
      "properties": {
        "osm_id": 5370834073,
        "osm_type": "node",
        "group": "shop",
        "primary_key": "shop",
        "primary_value": "clothes",
        "name": "Outfitters.",
        "addr_full": null,
        "all_tags_json": "{\"name\": \"Outfitters.\", \"shop\": \"clothes\"}"
      }
    },
    {
      "type": "Feature",
      "geometry": {
        "type": "Point",
        "coordinates": [
          73.0543916,
          33.7191858
        ]
      },
      "properties": {
        "osm_id": 5584534721,
        "osm_type": "node",
        "group": "shop",
        "primary_key": "shop",
        "primary_value": "clothes",
        "name": "Melange",
        "addr_full": "College Road, 44000",
        "all_tags_json": "{\"addr:postcode\": \"44000\", \"addr:street\": \"College Road\", \"name\": \"Melange\", \"shop\": \"clothes\"}"
      }
    },
    {
      "type": "Feature",
      "geometry": {
        "type": "Point",
        "coordinates": [
          73.0571996,
          33.7216471
        ]
      },
      "properties": {
        "osm_id": 5640268222,
        "osm_type": "node",
        "group": "shop",
        "primary_key": "shop",
        "primary_value": "clothes",
        "name": "Maldini Fashion",
        "addr_full": "Shop No 17,Block 12,Jinnah Super Market F7, Shop17,Block 12, 44000",
        "all_tags_json": "{\"addr:housenumber\": \"Shop17,Block 12\", \"addr:postcode\": \"44000\", \"addr:street\": \"Shop No 17,Block 12,Jinnah Super Market F7\", \"email\": \"Maldinifashion@yahoo.com\", \"internet_access\": \"wlan\", \"name\": \"Maldini Fashion\", \"opening_hours\": \"Sa-Th 11:00-23:00; Fr 14:10-23:30\", \"phone\": \"0512650237\", \"shop\": \"clothes\", \"website\": \"https://www.facebook.com/MaldiniFashionItaly/\"}"
      }
    },
    {
      "type": "Feature",
      "geometry": {
        "type": "Point",
        "coordinates": [
          73.0593617,
          33.7228003
        ]
      },
      "properties": {
        "osm_id": 5968940194,
        "osm_type": "node",
        "group": "shop",
        "primary_key": "shop",
        "primary_value": "clothes",
        "name": "Akharam Studio",
        "addr_full": null,
        "all_tags_json": "{\"name\": \"Akharam Studio\", \"shop\": \"clothes\"}"
      }
    },
    {
      "type": "Feature",
      "geometry": {
        "type": "Point",
        "coordinates": [
          73.0581993,
          33.7223243
        ]
      },
      "properties": {
        "osm_id": 5969005288,
        "osm_type": "node",
        "group": "shop",
        "primary_key": "shop",
        "primary_value": "clothes",
        "name": "Beechtree",
        "addr_full": null,
        "all_tags_json": "{\"name\": \"Beechtree\", \"shop\": \"clothes\"}"
      }
    },
    {
      "type": "Feature",
      "geometry": {
        "type": "Point",
        "coordinates": [
          73.0558602,
          33.7089325
        ]
      },
      "properties": {
        "osm_id": 6089302185,
        "osm_type": "node",
        "group": "shop",
        "primary_key": "shop",
        "primary_value": "clothes",
        "name": "khyber plaza",
        "addr_full": null,
        "all_tags_json": "{\"name\": \"khyber plaza\", \"shop\": \"clothes\"}"
      }
    },
    {
      "type": "Feature",
      "geometry": {
        "type": "Point",
        "coordinates": [
          73.0147945,
          33.6940083
        ]
      },
      "properties": {
        "osm_id": 6178499285,
        "osm_type": "node",
        "group": "shop",
        "primary_key": "shop",
        "primary_value": "clothes",
        "name": "Junaid Jamsheed Clothing J.",
        "addr_full": null,
        "all_tags_json": "{\"name\": \"Junaid Jamsheed Clothing J.\", \"shop\": \"clothes\"}"
      }
    },
    {
      "type": "Feature",
      "geometry": {
        "type": "Point",
        "coordinates": [
          72.9977135,
          33.6687748
        ]
      },
      "properties": {
        "osm_id": 6195722593,
        "osm_type": "node",
        "group": "shop",
        "primary_key": "shop",
        "primary_value": "clothes",
        "name": "Eves Garments",
        "addr_full": null,
        "all_tags_json": "{\"name\": \"Eves Garments\", \"shop\": \"clothes\"}"
      }
    },
    {
      "type": "Feature",
      "geometry": {
        "type": "Point",
        "coordinates": [
          72.9970792,
          33.6679343
        ]
      },
      "properties": {
        "osm_id": 6195722597,
        "osm_type": "node",
        "group": "shop",
        "primary_key": "shop",
        "primary_value": "clothes",
        "name": "Valentino Fashion",
        "addr_full": null,
        "all_tags_json": "{\"name\": \"Valentino Fashion\", \"shop\": \"clothes\"}"
      }
    },
    {
      "type": "Feature",
      "geometry": {
        "type": "Point",
        "coordinates": [
          72.9969272,
          33.6684042
        ]
      },
      "properties": {
        "osm_id": 6195731587,
        "osm_type": "node",
        "group": "shop",
        "primary_key": "shop",
        "primary_value": "clothes",
        "name": "Poshak Mehal",
        "addr_full": null,
        "all_tags_json": "{\"name\": \"Poshak Mehal\", \"shop\": \"clothes\"}"
      }
    },
    {
      "type": "Feature",
      "geometry": {
        "type": "Point",
        "coordinates": [
          72.9971454,
          33.6678483
        ]
      },
      "properties": {
        "osm_id": 6195731588,
        "osm_type": "node",
        "group": "shop",
        "primary_key": "shop",
        "primary_value": "clothes",
        "name": "Grace 3 Garments",
        "addr_full": null,
        "all_tags_json": "{\"name\": \"Grace 3 Garments\", \"shop\": \"clothes\"}"
      }
    },
    {
      "type": "Feature",
      "geometry": {
        "type": "Point",
        "coordinates": [
          73.0160108,
          33.6763979
        ]
      },
      "properties": {
        "osm_id": 6195866586,
        "osm_type": "node",
        "group": "shop",
        "primary_key": "shop",
        "primary_value": "clothes",
        "name": "Hassan Cloth House",
        "addr_full": null,
        "all_tags_json": "{\"name\": \"Hassan Cloth House\", \"shop\": \"clothes\"}"
      }
    },
    {
      "type": "Feature",
      "geometry": {
        "type": "Point",
        "coordinates": [
          73.0141906,
          33.6759226
        ]
      },
      "properties": {
        "osm_id": 6195866786,
        "osm_type": "node",
        "group": "shop",
        "primary_key": "shop",
        "primary_value": "clothes",
        "name": "Sialkot Dupatta Matching Center",
        "addr_full": null,
        "all_tags_json": "{\"name\": \"Sialkot Dupatta Matching Center\", \"shop\": \"clothes\"}"
      }
    },
    {
      "type": "Feature",
      "geometry": {
        "type": "Point",
        "coordinates": [
          73.0306639,
          33.69011
        ]
      },
      "properties": {
        "osm_id": 6199003185,
        "osm_type": "node",
        "group": "shop",
        "primary_key": "shop",
        "primary_value": "clothes",
        "name": "Outfitters Factory Outlet",
        "addr_full": null,
        "all_tags_json": "{\"name\": \"Outfitters Factory Outlet\", \"shop\": \"clothes\"}"
      }
    },
    {
      "type": "Feature",
      "geometry": {
        "type": "Point",
        "coordinates": [
          73.0271959,
          33.6901404
        ]
      },
      "properties": {
        "osm_id": 6204102787,
        "osm_type": "node",
        "group": "shop",
        "primary_key": "shop",
        "primary_value": "clothes",
        "name": "Second Hand Clothing Center",
        "addr_full": null,
        "all_tags_json": "{\"name\": \"Second Hand Clothing Center\", \"shop\": \"clothes\"}"
      }
    },
    {
      "type": "Feature",
      "geometry": {
        "type": "Point",
        "coordinates": [
          73.0142109,
          33.676304
        ]
      },
      "properties": {
        "osm_id": 6208198885,
        "osm_type": "node",
        "group": "shop",
        "primary_key": "shop",
        "primary_value": "clothes",
        "name": "Ahmed Fabrics",
        "addr_full": null,
        "all_tags_json": "{\"name\": \"Ahmed Fabrics\", \"shop\": \"clothes\"}"
      }
    },
    {
      "type": "Feature",
      "geometry": {
        "type": "Point",
        "coordinates": [
          73.0742258,
          33.7201105
        ]
      },
      "properties": {
        "osm_id": 6446723015,
        "osm_type": "node",
        "group": "shop",
        "primary_key": "shop",
        "primary_value": "clothes",
        "name": "Rani Emaan's",
        "addr_full": null,
        "all_tags_json": "{\"contact:facebook\": \"https://www.facebook.com/raniemaandesignerwear/\", \"email\": \"info@raniemaans.com.pk; raniemaan.sales@gmail.com\", \"name\": \"Rani Emaan's\", \"phone\": \"+ 92 300 511 1986; +92 51 873 5333\", \"shop\": \"clothes\", \"website\": \"https://raniemaans.com.pk\"}"
      }
    },
    {
      "type": "Feature",
      "geometry": {
        "type": "Point",
        "coordinates": [
          73.0312772,
          33.6899333
        ]
      },
      "properties": {
        "osm_id": 6609648485,
        "osm_type": "node",
        "group": "shop",
        "primary_key": "shop",
        "primary_value": "clothes",
        "name": "Levi’s Outlet Store",
        "addr_full": null,
        "all_tags_json": "{\"name\": \"Levi’s Outlet Store\", \"shop\": \"clothes\"}"
      }
    },
    {
      "type": "Feature",
      "geometry": {
        "type": "Point",
        "coordinates": [
          73.0440301,
          33.6808487
        ]
      },
      "properties": {
        "osm_id": 9931387025,
        "osm_type": "node",
        "group": "shop",
        "primary_key": "shop",
        "primary_value": "clothes",
        "name": null,
        "addr_full": null,
        "all_tags_json": "{\"name:en\": \"Second hand clothes\", \"shop\": \"clothes\"}"
      }
    },
    {
      "type": "Feature",
      "geometry": {
        "type": "Point",
        "coordinates": [
          73.0681322,
          33.7157163
        ]
      },
      "properties": {
        "osm_id": 11043570260,
        "osm_type": "node",
        "group": "shop",
        "primary_key": "shop",
        "primary_value": "clothes",
        "name": "Simla Cloth House",
        "addr_full": "جناح ایونیو, Shop 5, Malik Complex, اسلام آباد, 44000",
        "all_tags_json": "{\"addr:city\": \"اسلام آباد\", \"addr:housenumber\": \"Shop 5, Malik Complex\", \"addr:postcode\": \"44000\", \"addr:street\": \"جناح ایونیو\", \"brand\": \"Simla Cloth House\", \"clothes\": \"men;women;wedding;suits\", \"name\": \"Simla Cloth House\", \"opening_hours\": \"Mo-Su 10:00-22:00\", \"operator\": \"Az\", \"payment:american_express\": \"yes\", \"payment:app\": \"yes\", \"payment:cash\": \"yes\", \"payment:credit_cards\": \"yes\", \"phone\": \"+923335074652\", \"shop\": \"clothes\"}"
      }
    },
    {
      "type": "Feature",
      "geometry": {
        "type": "Point",
        "coordinates": [
          73.084984,
          33.6624714
        ]
      },
      "properties": {
        "osm_id": 253126259,
        "osm_type": "node",
        "group": "transport",
        "primary_key": "highway",
        "primary_value": "bus_stop",
        "name": null,
        "addr_full": null,
        "all_tags_json": "{\"highway\": \"bus_stop\"}"
      }
    },
    {
      "type": "Feature",
      "geometry": {
        "type": "Point",
        "coordinates": [
          73.0901733,
          33.7084243
        ]
      },
      "properties": {
        "osm_id": 253126697,
        "osm_type": "node",
        "group": "transport",
        "primary_key": "highway",
        "primary_value": "bus_stop",
        "name": "Aabpara Bus Stop",
        "addr_full": null,
        "all_tags_json": "{\"highway\": \"bus_stop\", \"is_in\": \"Melody Market, G-6, Islamabad\", \"name\": \"Aabpara Bus Stop\"}"
      }
    },
    {
      "type": "Feature",
      "geometry": {
        "type": "Point",
        "coordinates": [
          73.0834699,
          33.716335
        ]
      },
      "properties": {
        "osm_id": 253126873,
        "osm_type": "node",
        "group": "transport",
        "primary_key": "highway",
        "primary_value": "bus_stop",
        "name": null,
        "addr_full": null,
        "all_tags_json": "{\"bus\": \"yes\", \"highway\": \"bus_stop\", \"is_in\": \"G-6, Islamabad\", \"public_transport\": \"platform\"}"
      }
    },
    {
      "type": "Feature",
      "geometry": {
        "type": "Point",
        "coordinates": [
          73.0622518,
          33.7234434
        ]
      },
      "properties": {
        "osm_id": 612815054,
        "osm_type": "node",
        "group": "transport",
        "primary_key": "highway",
        "primary_value": "bus_stop",
        "name": null,
        "addr_full": null,
        "all_tags_json": "{\"highway\": \"bus_stop\", \"is_in\": \"F-7, Islamabad\"}"
      }
    },
    {
      "type": "Feature",
      "geometry": {
        "type": "Point",
        "coordinates": [
          73.0789032,
          33.7279819
        ]
      },
      "properties": {
        "osm_id": 1097776665,
        "osm_type": "node",
        "group": "transport",
        "primary_key": "highway",
        "primary_value": "bus_stop",
        "name": null,
        "addr_full": null,
        "all_tags_json": "{\"bus\": \"yes\", \"highway\": \"bus_stop\", \"public_transport\": \"platform\"}"
      }
    },
    {
      "type": "Feature",
      "geometry": {
        "type": "Point",
        "coordinates": [
          73.0844337,
          33.7204956
        ]
      },
      "properties": {
        "osm_id": 1109205591,
        "osm_type": "node",
        "group": "transport",
        "primary_key": "highway",
        "primary_value": "bus_stop",
        "name": null,
        "addr_full": null,
        "all_tags_json": "{\"bus\": \"yes\", \"highway\": \"bus_stop\", \"public_transport\": \"platform\"}"
      }
    },
    {
      "type": "Feature",
      "geometry": {
        "type": "Point",
        "coordinates": [
          73.030612,
          33.6896713
        ]
      },
      "properties": {
        "osm_id": 1341925995,
        "osm_type": "node",
        "group": "transport",
        "primary_key": "highway",
        "primary_value": "bus_stop",
        "name": "G-9 Bus Wagon & Pickup Stop‎",
        "addr_full": null,
        "all_tags_json": "{\"highway\": \"bus_stop\", \"name\": \"G-9 Bus Wagon & Pickup Stop‎\", \"source\": \"Yahoo + Local Knowledge\"}"
      }
    },
    {
      "type": "Feature",
      "geometry": {
        "type": "Point",
        "coordinates": [
          73.1524764,
          33.6647472
        ]
      },
      "properties": {
        "osm_id": 1674164803,
        "osm_type": "node",
        "group": "transport",
        "primary_key": "highway",
        "primary_value": "bus_stop",
        "name": "Chatha Bakhtawar",
        "addr_full": null,
        "all_tags_json": "{\"highway\": \"bus_stop\", \"name\": \"Chatha Bakhtawar\"}"
      }
    },
    {
      "type": "Feature",
      "geometry": {
        "type": "Point",
        "coordinates": [
          73.0705022,
          33.7069586
        ]
      },
      "properties": {
        "osm_id": 1707171893,
        "osm_type": "node",
        "group": "transport",
        "primary_key": "highway",
        "primary_value": "bus_stop",
        "name": "Puli Stop",
        "addr_full": null,
        "all_tags_json": "{\"bus\": \"yes\", \"highway\": \"bus_stop\", \"name\": \"Puli Stop\", \"public_transport\": \"platform\"}"
      }
    },
    {
      "type": "Feature",
      "geometry": {
        "type": "Point",
        "coordinates": [
          73.046878,
          33.6847017
        ]
      },
      "properties": {
        "osm_id": 2607450117,
        "osm_type": "node",
        "group": "transport",
        "primary_key": "highway",
        "primary_value": "bus_stop",
        "name": "Peshawar Morr",
        "addr_full": null,
        "all_tags_json": "{\"highway\": \"bus_stop\", \"name\": \"Peshawar Morr\", \"public_transport\": \"platform\", \"trolleybus\": \"yes\"}"
      }
    },
    {
      "type": "Feature",
      "geometry": {
        "type": "Point",
        "coordinates": [
          73.0828496,
          33.6618777
        ]
      },
      "properties": {
        "osm_id": 3517201560,
        "osm_type": "node",
        "group": "transport",
        "primary_key": "highway",
        "primary_value": "bus_stop",
        "name": null,
        "addr_full": null,
        "all_tags_json": "{\"highway\": \"bus_stop\", \"public_transport\": \"platform\", \"trolleybus\": \"yes\"}"
      }
    },
    {
      "type": "Feature",
      "geometry": {
        "type": "Point",
        "coordinates": [
          73.0642842,
          33.6606291
        ]
      },
      "properties": {
        "osm_id": 4691693389,
        "osm_type": "node",
        "group": "transport",
        "primary_key": "highway",
        "primary_value": "bus_stop",
        "name": "Local Bus stop",
        "addr_full": null,
        "all_tags_json": "{\"highway\": \"bus_stop\", \"name\": \"Local Bus stop\", \"name:en\": \"Metro bus stop\", \"public_transport\": \"platform\", \"trolleybus\": \"yes\"}"
      }
    },
    {
      "type": "Feature",
      "geometry": {
        "type": "Point",
        "coordinates": [
          73.0592777,
          33.6691603
        ]
      },
      "properties": {
        "osm_id": 4774773822,
        "osm_type": "node",
        "group": "transport",
        "primary_key": "highway",
        "primary_value": "bus_stop",
        "name": "Metro Bus Terminal Khyban-e-Johar",
        "addr_full": null,
        "all_tags_json": "{\"highway\": \"bus_stop\", \"internet_access\": \"wlan\", \"name\": \"Metro Bus Terminal Khyban-e-Johar\", \"name:en\": \"Metro station khyban-e-johar\", \"public_transport\": \"platform\", \"trolleybus\": \"yes\"}"
      }
    },
    {
      "type": "Feature",
      "geometry": {
        "type": "Point",
        "coordinates": [
          73.0836396,
          33.6628538
        ]
      },
      "properties": {
        "osm_id": 4774773827,
        "osm_type": "node",
        "group": "transport",
        "primary_key": "highway",
        "primary_value": "bus_stop",
        "name": "Chakwal Adda",
        "addr_full": null,
        "all_tags_json": "{\"highway\": \"bus_stop\", \"name\": \"Chakwal Adda\", \"name:en\": \"Chakwal Adda\"}"
      }
    },
    {
      "type": "Feature",
      "geometry": {
        "type": "Point",
        "coordinates": [
          73.0834901,
          33.6627093
        ]
      },
      "properties": {
        "osm_id": 4774848621,
        "osm_type": "node",
        "group": "transport",
        "primary_key": "highway",
        "primary_value": "bus_stop",
        "name": "Fasal Movers",
        "addr_full": null,
        "all_tags_json": "{\"highway\": \"bus_stop\", \"name\": \"Fasal Movers\", \"name:en\": \"Fasal Movers\"}"
      }
    },
    {
      "type": "Feature",
      "geometry": {
        "type": "Point",
        "coordinates": [
          73.0923194,
          33.7351254
        ]
      },
      "properties": {
        "osm_id": 5220454815,
        "osm_type": "node",
        "group": "transport",
        "primary_key": "highway",
        "primary_value": "bus_stop",
        "name": "Metro Bus Terminal Pak Secretariat",
        "addr_full": null,
        "all_tags_json": "{\"highway\": \"bus_stop\", \"name\": \"Metro Bus Terminal Pak Secretariat\", \"public_transport\": \"platform\", \"trolleybus\": \"yes\"}"
      }
    },
    {
      "type": "Feature",
      "geometry": {
        "type": "Point",
        "coordinates": [
          73.0718909,
          33.7181576
        ]
      },
      "properties": {
        "osm_id": 5220455035,
        "osm_type": "node",
        "group": "transport",
        "primary_key": "highway",
        "primary_value": "bus_stop",
        "name": "7th Avenue Station",
        "addr_full": null,
        "all_tags_json": "{\"bus\": \"yes\", \"highway\": \"bus_stop\", \"name\": \"7th Avenue Station\", \"public_transport\": \"platform\", \"ref\": \"4\"}"
      }
    },
    {
      "type": "Feature",
      "geometry": {
        "type": "Point",
        "coordinates": [
          73.0593882,
          33.7116433
        ]
      },
      "properties": {
        "osm_id": 5220455038,
        "osm_type": "node",
        "group": "transport",
        "primary_key": "highway",
        "primary_value": "bus_stop",
        "name": "Stock Exchange Station",
        "addr_full": null,
        "all_tags_json": "{\"bus\": \"yes\", \"highway\": \"bus_stop\", \"name\": \"Stock Exchange Station\", \"public_transport\": \"platform\", \"ref\": \"5\"}"
      }
    },
    {
      "type": "Feature",
      "geometry": {
        "type": "Point",
        "coordinates": [
          73.0484371,
          33.7058993
        ]
      },
      "properties": {
        "osm_id": 5220455039,
        "osm_type": "node",
        "group": "transport",
        "primary_key": "highway",
        "primary_value": "bus_stop",
        "name": "PIMS Metro Bus Station",
        "addr_full": null,
        "all_tags_json": "{\"bus\": \"yes\", \"highway\": \"bus_stop\", \"name\": \"PIMS Metro Bus Station\", \"public_transport\": \"platform\", \"ref\": \"6\"}"
      }
    },
    {
      "type": "Feature",
      "geometry": {
        "type": "Point",
        "coordinates": [
          73.0654448,
          33.6609635
        ]
      },
      "properties": {
        "osm_id": 5325452224,
        "osm_type": "node",
        "group": "transport",
        "primary_key": "highway",
        "primary_value": "bus_stop",
        "name": "Metro Bus Station Photohar",
        "addr_full": null,
        "all_tags_json": "{\"bus\": \"yes\", \"departures_board\": \"timetable\", \"highway\": \"bus_stop\", \"internet_access\": \"wlan\", \"name\": \"Metro Bus Station Photohar\", \"operator\": \"PMTA\", \"public_transport\": \"platform\", \"shelter\": \"yes\"}"
      }
    },
    {
      "type": "Feature",
      "geometry": {
        "type": "Point",
        "coordinates": [
          73.0546662,
          33.675424
        ]
      },
      "properties": {
        "osm_id": 5325476921,
        "osm_type": "node",
        "group": "transport",
        "primary_key": "highway",
        "primary_value": "bus_stop",
        "name": "Faiz Ahmed Faiz Station",
        "addr_full": null,
        "all_tags_json": "{\"highway\": \"bus_stop\", \"internet_access\": \"wlan\", \"name\": \"Faiz Ahmed Faiz Station\", \"public_transport\": \"platform\", \"ref\": \"11\", \"trolleybus\": \"yes\"}"
      }
    },
    {
      "type": "Feature",
      "geometry": {
        "type": "Point",
        "coordinates": [
          73.0840657,
          33.7245952
        ]
      },
      "properties": {
        "osm_id": 5681049021,
        "osm_type": "node",
        "group": "transport",
        "primary_key": "highway",
        "primary_value": "bus_stop",
        "name": "Metro Bus Terminal Parade Ground",
        "addr_full": null,
        "all_tags_json": "{\"highway\": \"bus_stop\", \"name\": \"Metro Bus Terminal Parade Ground\", \"public_transport\": \"platform\", \"trolleybus\": \"yes\"}"
      }
    },
    {
      "type": "Feature",
      "geometry": {
        "type": "Point",
        "coordinates": [
          73.0779465,
          33.7214099
        ]
      },
      "properties": {
        "osm_id": 5681049022,
        "osm_type": "node",
        "group": "transport",
        "primary_key": "highway",
        "primary_value": "bus_stop",
        "name": "Metro Bus Terminal Shaheed-E-Millat",
        "addr_full": null,
        "all_tags_json": "{\"highway\": \"bus_stop\", \"name\": \"Metro Bus Terminal Shaheed-E-Millat\", \"public_transport\": \"platform\", \"trolleybus\": \"yes\"}"
      }
    },
    {
      "type": "Feature",
      "geometry": {
        "type": "Point",
        "coordinates": [
          73.0383718,
          33.6960418
        ]
      },
      "properties": {
        "osm_id": 5681049024,
        "osm_type": "node",
        "group": "transport",
        "primary_key": "highway",
        "primary_value": "bus_stop",
        "name": "Metro Bus Station Ibn-e-Sina",
        "addr_full": null,
        "all_tags_json": "{\"highway\": \"bus_stop\", \"name\": \"Metro Bus Station Ibn-e-Sina\", \"public_transport\": \"platform\", \"trolleybus\": \"yes\"}"
      }
    },
    {
      "type": "Feature",
      "geometry": {
        "type": "Point",
        "coordinates": [
          73.0719172,
          33.7182558
        ]
      },
      "properties": {
        "osm_id": 5681054721,
        "osm_type": "node",
        "group": "transport",
        "primary_key": "highway",
        "primary_value": "bus_stop",
        "name": "Metro Bus Terminal 7th Avenue",
        "addr_full": null,
        "all_tags_json": "{\"highway\": \"bus_stop\", \"name\": \"Metro Bus Terminal 7th Avenue\", \"public_transport\": \"platform\", \"trolleybus\": \"yes\"}"
      }
    },
    {
      "type": "Feature",
      "geometry": {
        "type": "Point",
        "coordinates": [
          73.0590242,
          33.7115094
        ]
      },
      "properties": {
        "osm_id": 5681054722,
        "osm_type": "node",
        "group": "transport",
        "primary_key": "highway",
        "primary_value": "bus_stop",
        "name": "Metro Bus Terminal Stock Exchange",
        "addr_full": null,
        "all_tags_json": "{\"highway\": \"bus_stop\", \"name\": \"Metro Bus Terminal Stock Exchange\", \"public_transport\": \"platform\", \"trolleybus\": \"yes\"}"
      }
    },
    {
      "type": "Feature",
      "geometry": {
        "type": "Point",
        "coordinates": [
          73.0417953,
          33.7024767
        ]
      },
      "properties": {
        "osm_id": 5681067022,
        "osm_type": "node",
        "group": "transport",
        "primary_key": "highway",
        "primary_value": "bus_stop",
        "name": "Metro Bus Terminal Katchery",
        "addr_full": null,
        "all_tags_json": "{\"bus\": \"yes\", \"highway\": \"bus_stop\", \"name\": \"Metro Bus Terminal Katchery\", \"public_transport\": \"platform\"}"
      }
    },
    {
      "type": "Feature",
      "geometry": {
        "type": "Point",
        "coordinates": [
          72.9792223,
          33.7040562
        ]
      },
      "properties": {
        "osm_id": 5915317185,
        "osm_type": "node",
        "group": "transport",
        "primary_key": "highway",
        "primary_value": "bus_stop",
        "name": "Asian Broadcasting Pvt. Ltd",
        "addr_full": null,
        "all_tags_json": "{\"highway\": \"bus_stop\", \"name\": \"Asian Broadcasting Pvt. Ltd\", \"operator\": \"Radio Jeevay Pakistan FM\"}"
      }
    },
    {
      "type": "Feature",
      "geometry": {
        "type": "Point",
        "coordinates": [
          73.0204267,
          33.6819864
        ]
      },
      "properties": {
        "osm_id": 6195866385,
        "osm_type": "node",
        "group": "transport",
        "primary_key": "highway",
        "primary_value": "bus_stop",
        "name": "Wagon Stop",
        "addr_full": null,
        "all_tags_json": "{\"highway\": \"bus_stop\", \"name\": \"Wagon Stop\"}"
      }
    },
    {
      "type": "Feature",
      "geometry": {
        "type": "Point",
        "coordinates": [
          73.0336663,
          33.6853129
        ]
      },
      "properties": {
        "osm_id": 6199004087,
        "osm_type": "node",
        "group": "transport",
        "primary_key": "highway",
        "primary_value": "bus_stop",
        "name": "Bilal Travels Bus Service",
        "addr_full": null,
        "all_tags_json": "{\"highway\": \"bus_stop\", \"name\": \"Bilal Travels Bus Service\"}"
      }
    },
    {
      "type": "Feature",
      "geometry": {
        "type": "Point",
        "coordinates": [
          73.0338903,
          33.6891173
        ]
      },
      "properties": {
        "osm_id": 6199004485,
        "osm_type": "node",
        "group": "transport",
        "primary_key": "highway",
        "primary_value": "bus_stop",
        "name": "Mansehra Wagon Stop",
        "addr_full": null,
        "all_tags_json": "{\"highway\": \"bus_stop\", \"name\": \"Mansehra Wagon Stop\"}"
      }
    },
    {
      "type": "Feature",
      "geometry": {
        "type": "Point",
        "coordinates": [
          73.0559349,
          33.6899542
        ]
      },
      "properties": {
        "osm_id": 6201480785,
        "osm_type": "node",
        "group": "transport",
        "primary_key": "highway",
        "primary_value": "bus_stop",
        "name": "Sarya Chowk",
        "addr_full": null,
        "all_tags_json": "{\"highway\": \"bus_stop\", \"name\": \"Sarya Chowk\"}"
      }
    },
    {
      "type": "Feature",
      "geometry": {
        "type": "Point",
        "coordinates": [
          73.0828401,
          33.661358
        ]
      },
      "properties": {
        "osm_id": 6557146364,
        "osm_type": "node",
        "group": "transport",
        "primary_key": "highway",
        "primary_value": "bus_stop",
        "name": "Faizabad Station",
        "addr_full": null,
        "all_tags_json": "{\"bus\": \"yes\", \"highway\": \"bus_stop\", \"name\": \"Faizabad Station\", \"public_transport\": \"platform\", \"ref\": \"15\"}"
      }
    },
    {
      "type": "Feature",
      "geometry": {
        "type": "Point",
        "coordinates": [
          73.0870702,
          33.6646357
        ]
      },
      "properties": {
        "osm_id": 6741831186,
        "osm_type": "node",
        "group": "transport",
        "primary_key": "highway",
        "primary_value": "bus_stop",
        "name": "Faizabad - فیض آباد",
        "addr_full": null,
        "all_tags_json": "{\"highway\": \"bus_stop\", \"name\": \"Faizabad - فیض آباد\"}"
      }
    },
    {
      "type": "Feature",
      "geometry": {
        "type": "Point",
        "coordinates": [
          73.0834512,
          33.6623527
        ]
      },
      "properties": {
        "osm_id": 6849114486,
        "osm_type": "node",
        "group": "transport",
        "primary_key": "highway",
        "primary_value": "bus_stop",
        "name": null,
        "addr_full": null,
        "all_tags_json": "{\"bus\": \"yes\", \"highway\": \"bus_stop\", \"public_transport\": \"platform\"}"
      }
    },
    {
      "type": "Feature",
      "geometry": {
        "type": "Point",
        "coordinates": [
          73.0828598,
          33.6614417
        ]
      },
      "properties": {
        "osm_id": 9160142144,
        "osm_type": "node",
        "group": "transport",
        "primary_key": "highway",
        "primary_value": "bus_stop",
        "name": "Faizabad Station",
        "addr_full": null,
        "all_tags_json": "{\"bus\": \"yes\", \"highway\": \"bus_stop\", \"name\": \"Faizabad Station\", \"public_transport\": \"platform\", \"ref\": \"15\"}"
      }
    },
    {
      "type": "Feature",
      "geometry": {
        "type": "Point",
        "coordinates": [
          73.0829465,
          33.6613382
        ]
      },
      "properties": {
        "osm_id": 9160142166,
        "osm_type": "node",
        "group": "transport",
        "primary_key": "highway",
        "primary_value": "bus_stop",
        "name": "Metro Bus Terminal Faizabad",
        "addr_full": null,
        "all_tags_json": "{\"highway\": \"bus_stop\", \"internet_access\": \"wlan\", \"name\": \"Metro Bus Terminal Faizabad\", \"name:en\": \"Metro Bus Terminal IJP\", \"name:ur\": \"فیض آباد میٹرواسٹیشن\", \"public_transport\": \"platform\", \"trolleybus\": \"yes\"}"
      }
    },
    {
      "type": "Feature",
      "geometry": {
        "type": "Point",
        "coordinates": [
          73.0656739,
          33.6607922
        ]
      },
      "properties": {
        "osm_id": 9160142177,
        "osm_type": "node",
        "group": "transport",
        "primary_key": "highway",
        "primary_value": "bus_stop",
        "name": "Pothohar Station",
        "addr_full": null,
        "all_tags_json": "{\"bus\": \"yes\", \"highway\": \"bus_stop\", \"name\": \"Pothohar Station\", \"public_transport\": \"platform\", \"ref\": \"13\"}"
      }
    },
    {
      "type": "Feature",
      "geometry": {
        "type": "Point",
        "coordinates": [
          73.0592968,
          33.6690589
        ]
      },
      "properties": {
        "osm_id": 9160142184,
        "osm_type": "node",
        "group": "transport",
        "primary_key": "highway",
        "primary_value": "bus_stop",
        "name": "Khayaban-i-Johar Station",
        "addr_full": null,
        "all_tags_json": "{\"bus\": \"yes\", \"highway\": \"bus_stop\", \"name\": \"Khayaban-i-Johar Station\", \"public_transport\": \"platform\", \"ref\": \"12\"}"
      }
    },
    {
      "type": "Feature",
      "geometry": {
        "type": "Point",
        "coordinates": [
          73.0594075,
          33.6691136
        ]
      },
      "properties": {
        "osm_id": 9160142190,
        "osm_type": "node",
        "group": "transport",
        "primary_key": "highway",
        "primary_value": "bus_stop",
        "name": "Khayaban-i-Johar Station",
        "addr_full": null,
        "all_tags_json": "{\"bus\": \"yes\", \"highway\": \"bus_stop\", \"name\": \"Khayaban-i-Johar Station\", \"public_transport\": \"platform\", \"ref\": \"12\"}"
      }
    },
    {
      "type": "Feature",
      "geometry": {
        "type": "Point",
        "coordinates": [
          73.0545313,
          33.6753623
        ]
      },
      "properties": {
        "osm_id": 9160142199,
        "osm_type": "node",
        "group": "transport",
        "primary_key": "highway",
        "primary_value": "bus_stop",
        "name": "Faiz Ahmed Faiz Station",
        "addr_full": null,
        "all_tags_json": "{\"bus\": \"yes\", \"highway\": \"bus_stop\", \"name\": \"Faiz Ahmed Faiz Station\", \"public_transport\": \"platform\", \"ref\": \"11\"}"
      }
    },
    {
      "type": "Feature",
      "geometry": {
        "type": "Point",
        "coordinates": [
          73.0429062,
          33.6898759
        ]
      },
      "properties": {
        "osm_id": 9182481560,
        "osm_type": "node",
        "group": "transport",
        "primary_key": "highway",
        "primary_value": "bus_stop",
        "name": "Chaman Station",
        "addr_full": null,
        "all_tags_json": "{\"bus\": \"yes\", \"highway\": \"bus_stop\", \"name\": \"Chaman Station\", \"public_transport\": \"platform\", \"ref\": \"9\"}"
      }
    },
    {
      "type": "Feature",
      "geometry": {
        "type": "Point",
        "coordinates": [
          73.0430233,
          33.6899521
        ]
      },
      "properties": {
        "osm_id": 9182481565,
        "osm_type": "node",
        "group": "transport",
        "primary_key": "highway",
        "primary_value": "bus_stop",
        "name": "Chaman Station",
        "addr_full": null,
        "all_tags_json": "{\"bus\": \"yes\", \"highway\": \"bus_stop\", \"name\": \"Chaman Station\", \"public_transport\": \"platform\", \"ref\": \"9\"}"
      }
    },
    {
      "type": "Feature",
      "geometry": {
        "type": "Point",
        "coordinates": [
          73.0472337,
          33.6850311
        ]
      },
      "properties": {
        "osm_id": 9182481570,
        "osm_type": "node",
        "group": "transport",
        "primary_key": "highway",
        "primary_value": "bus_stop",
        "name": "Metro Bus Terminal Peshawar Mor",
        "addr_full": null,
        "all_tags_json": "{\"highway\": \"bus_stop\", \"internet_access\": \"wlan\", \"name\": \"Metro Bus Terminal Peshawar Mor\", \"public_transport\": \"platform\", \"trolleybus\": \"yes\"}"
      }
    },
    {
      "type": "Feature",
      "geometry": {
        "type": "Point",
        "coordinates": [
          73.0427633,
          33.6901836
        ]
      },
      "properties": {
        "osm_id": 9182481571,
        "osm_type": "node",
        "group": "transport",
        "primary_key": "highway",
        "primary_value": "bus_stop",
        "name": "Metro Bus Terminal Chaman",
        "addr_full": null,
        "all_tags_json": "{\"bus\": \"yes\", \"highway\": \"bus_stop\", \"internet_access\": \"wlan\", \"name\": \"Metro Bus Terminal Chaman\", \"public_transport\": \"platform\"}"
      }
    },
    {
      "type": "Feature",
      "geometry": {
        "type": "Point",
        "coordinates": [
          73.0386613,
          33.6957559
        ]
      },
      "properties": {
        "osm_id": 9182481583,
        "osm_type": "node",
        "group": "transport",
        "primary_key": "highway",
        "primary_value": "bus_stop",
        "name": "Ibne Sina Station",
        "addr_full": null,
        "all_tags_json": "{\"bus\": \"yes\", \"highway\": \"bus_stop\", \"name\": \"Ibne Sina Station\", \"public_transport\": \"platform\", \"ref\": \"8\"}"
      }
    },
    {
      "type": "Feature",
      "geometry": {
        "type": "Point",
        "coordinates": [
          73.0415875,
          33.7023064
        ]
      },
      "properties": {
        "osm_id": 9182481596,
        "osm_type": "node",
        "group": "transport",
        "primary_key": "highway",
        "primary_value": "bus_stop",
        "name": "Kachehri Station",
        "addr_full": null,
        "all_tags_json": "{\"bus\": \"yes\", \"highway\": \"bus_stop\", \"name\": \"Kachehri Station\", \"public_transport\": \"platform\", \"ref\": \"7\"}"
      }
    },
    {
      "type": "Feature",
      "geometry": {
        "type": "Point",
        "coordinates": [
          73.0415004,
          33.7023827
        ]
      },
      "properties": {
        "osm_id": 9182481609,
        "osm_type": "node",
        "group": "transport",
        "primary_key": "highway",
        "primary_value": "bus_stop",
        "name": "Kachehri Station",
        "addr_full": null,
        "all_tags_json": "{\"bus\": \"yes\", \"highway\": \"bus_stop\", \"name\": \"Kachehri Station\", \"public_transport\": \"platform\", \"ref\": \"7\"}"
      }
    },
    {
      "type": "Feature",
      "geometry": {
        "type": "Point",
        "coordinates": [
          73.0483565,
          33.7059884
        ]
      },
      "properties": {
        "osm_id": 9182481616,
        "osm_type": "node",
        "group": "transport",
        "primary_key": "highway",
        "primary_value": "bus_stop",
        "name": "PIMS Metro Bus Station",
        "addr_full": null,
        "all_tags_json": "{\"bus\": \"yes\", \"highway\": \"bus_stop\", \"name\": \"PIMS Metro Bus Station\", \"public_transport\": \"platform\", \"ref\": \"6\"}"
      }
    },
    {
      "type": "Feature",
      "geometry": {
        "type": "Point",
        "coordinates": [
          73.0718246,
          33.7182752
        ]
      },
      "properties": {
        "osm_id": 9182505876,
        "osm_type": "node",
        "group": "transport",
        "primary_key": "highway",
        "primary_value": "bus_stop",
        "name": "7th Avenue Station",
        "addr_full": null,
        "all_tags_json": "{\"bus\": \"yes\", \"highway\": \"bus_stop\", \"name\": \"7th Avenue Station\", \"public_transport\": \"platform\", \"ref\": \"4\"}"
      }
    },
    {
      "type": "Feature",
      "geometry": {
        "type": "Point",
        "coordinates": [
          73.0843277,
          33.7248014
        ]
      },
      "properties": {
        "osm_id": 9182505890,
        "osm_type": "node",
        "group": "transport",
        "primary_key": "highway",
        "primary_value": "bus_stop",
        "name": "Parade Ground Station",
        "addr_full": null,
        "all_tags_json": "{\"bus\": \"yes\", \"highway\": \"bus_stop\", \"name\": \"Parade Ground Station\", \"public_transport\": \"platform\", \"ref\": \"2\"}"
      }
    },
    {
      "type": "Feature",
      "geometry": {
        "type": "Point",
        "coordinates": [
          73.0162888,
          33.6675956
        ]
      },
      "properties": {
        "osm_id": 9182623542,
        "osm_type": "node",
        "group": "transport",
        "primary_key": "highway",
        "primary_value": "bus_stop",
        "name": "G10 Metro Station",
        "addr_full": null,
        "all_tags_json": "{\"bus\": \"yes\", \"highway\": \"bus_stop\", \"name\": \"G10 Metro Station\", \"operator\": \"Capital Mass Transit Authority\", \"public_transport\": \"platform\", \"ref\": \"2\"}"
      }
    },
    {
      "type": "Feature",
      "geometry": {
        "type": "Point",
        "coordinates": [
          73.0082531,
          33.6633611
        ]
      },
      "properties": {
        "osm_id": 9182623554,
        "osm_type": "node",
        "group": "transport",
        "primary_key": "highway",
        "primary_value": "bus_stop",
        "name": "Police Foundation Metro Station",
        "addr_full": null,
        "all_tags_json": "{\"bus\": \"yes\", \"highway\": \"bus_stop\", \"name\": \"Police Foundation Metro Station\", \"operator\": \"Capital Mass Transit Authority\", \"public_transport\": \"platform\", \"ref\": \"3\"}"
      }
    },
    {
      "type": "Feature",
      "geometry": {
        "type": "Point",
        "coordinates": [
          73.0303593,
          33.6897778
        ]
      },
      "properties": {
        "osm_id": 9931405017,
        "osm_type": "node",
        "group": "transport",
        "primary_key": "highway",
        "primary_value": "bus_stop",
        "name": null,
        "addr_full": null,
        "all_tags_json": "{\"highway\": \"bus_stop\", \"name:en\": \"Minivan #120 to E11\"}"
      }
    },
    {
      "type": "Feature",
      "geometry": {
        "type": "Point",
        "coordinates": [
          72.9794039,
          33.6884804
        ]
      },
      "properties": {
        "osm_id": 9931405117,
        "osm_type": "node",
        "group": "transport",
        "primary_key": "highway",
        "primary_value": "bus_stop",
        "name": null,
        "addr_full": null,
        "all_tags_json": "{\"highway\": \"bus_stop\", \"name:en\": \"minivan #120 to G9\"}"
      }
    },
    {
      "type": "Feature",
      "geometry": {
        "type": "Point",
        "coordinates": [
          73.0838516,
          33.6622841
        ]
      },
      "properties": {
        "osm_id": 10206989917,
        "osm_type": "node",
        "group": "transport",
        "primary_key": "highway",
        "primary_value": "bus_stop",
        "name": "Faizabad Adda (Mansehra terminal)",
        "addr_full": null,
        "all_tags_json": "{\"highway\": \"bus_stop\", \"name\": \"Faizabad Adda (Mansehra terminal)\"}"
      }
    },
    {
      "type": "Feature",
      "geometry": {
        "type": "Point",
        "coordinates": [
          73.0081776,
          33.6634758
        ]
      },
      "properties": {
        "osm_id": 10825690520,
        "osm_type": "node",
        "group": "transport",
        "primary_key": "highway",
        "primary_value": "bus_stop",
        "name": "Police Foundation Metro Station",
        "addr_full": null,
        "all_tags_json": "{\"bus\": \"yes\", \"highway\": \"bus_stop\", \"name\": \"Police Foundation Metro Station\", \"operator\": \"Capital Mass Transit Authority\", \"public_transport\": \"platform\", \"ref\": \"3\"}"
      }
    },
    {
      "type": "Feature",
      "geometry": {
        "type": "Point",
        "coordinates": [
          73.0162191,
          33.6676814
        ]
      },
      "properties": {
        "osm_id": 10825690521,
        "osm_type": "node",
        "group": "transport",
        "primary_key": "highway",
        "primary_value": "bus_stop",
        "name": "G10 Metro Station",
        "addr_full": null,
        "all_tags_json": "{\"bus\": \"yes\", \"highway\": \"bus_stop\", \"name\": \"G10 Metro Station\", \"operator\": \"Capital Mass Transit Authority\", \"public_transport\": \"platform\", \"ref\": \"2\"}"
      }
    },
    {
      "type": "Feature",
      "geometry": {
        "type": "Point",
        "coordinates": [
          73.0340007,
          33.6768319
        ]
      },
      "properties": {
        "osm_id": 10826292712,
        "osm_type": "node",
        "group": "transport",
        "primary_key": "highway",
        "primary_value": "bus_stop",
        "name": "NHA Metro Station",
        "addr_full": null,
        "all_tags_json": "{\"bus\": \"yes\", \"highway\": \"bus_stop\", \"name\": \"NHA Metro Station\", \"operator\": \"Capital Mass Transit Authority\", \"public_transport\": \"platform\", \"ref\": \"1\"}"
      }
    },
    {
      "type": "Feature",
      "geometry": {
        "type": "Point",
        "coordinates": [
          73.0339001,
          33.6769558
        ]
      },
      "properties": {
        "osm_id": 10826292713,
        "osm_type": "node",
        "group": "transport",
        "primary_key": "highway",
        "primary_value": "bus_stop",
        "name": "NHA Metro Station",
        "addr_full": null,
        "all_tags_json": "{\"bus\": \"yes\", \"highway\": \"bus_stop\", \"name\": \"NHA Metro Station\", \"operator\": \"Capital Mass Transit Authority\", \"public_transport\": \"platform\", \"ref\": \"1\"}"
      }
    },
    {
      "type": "Feature",
      "geometry": {
        "type": "Point",
        "coordinates": [
          73.0593234,
          33.7117133
        ]
      },
      "properties": {
        "osm_id": 10826298884,
        "osm_type": "node",
        "group": "transport",
        "primary_key": "highway",
        "primary_value": "bus_stop",
        "name": "Stock Exchange Station",
        "addr_full": null,
        "all_tags_json": "{\"bus\": \"yes\", \"highway\": \"bus_stop\", \"name\": \"Stock Exchange Station\", \"public_transport\": \"platform\", \"ref\": \"5\"}"
      }
    },
    {
      "type": "Feature",
      "geometry": {
        "type": "Point",
        "coordinates": [
          73.0655676,
          33.6607416
        ]
      },
      "properties": {
        "osm_id": 10827084442,
        "osm_type": "node",
        "group": "transport",
        "primary_key": "highway",
        "primary_value": "bus_stop",
        "name": "Pothohar Station",
        "addr_full": null,
        "all_tags_json": "{\"bus\": \"yes\", \"highway\": \"bus_stop\", \"name\": \"Pothohar Station\", \"public_transport\": \"platform\", \"ref\": \"13\"}"
      }
    },
    {
      "type": "Feature",
      "geometry": {
        "type": "Point",
        "coordinates": [
          73.0474815,
          33.6846081
        ]
      },
      "properties": {
        "osm_id": 10827084449,
        "osm_type": "node",
        "group": "transport",
        "primary_key": "highway",
        "primary_value": "bus_stop",
        "name": "Kashmir Highway Station",
        "addr_full": null,
        "all_tags_json": "{\"bus\": \"yes\", \"highway\": \"bus_stop\", \"name\": \"Kashmir Highway Station\", \"public_transport\": \"platform\", \"ref\": \"10\"}"
      }
    },
    {
      "type": "Feature",
      "geometry": {
        "type": "Point",
        "coordinates": [
          73.0475995,
          33.6846706
        ]
      },
      "properties": {
        "osm_id": 10827084450,
        "osm_type": "node",
        "group": "transport",
        "primary_key": "highway",
        "primary_value": "bus_stop",
        "name": "Kashmir Highway Station",
        "addr_full": null,
        "all_tags_json": "{\"bus\": \"yes\", \"highway\": \"bus_stop\", \"name\": \"Kashmir Highway Station\", \"public_transport\": \"platform\", \"ref\": \"10\"}"
      }
    },
    {
      "type": "Feature",
      "geometry": {
        "type": "Point",
        "coordinates": [
          73.0385524,
          33.6957043
        ]
      },
      "properties": {
        "osm_id": 10827084451,
        "osm_type": "node",
        "group": "transport",
        "primary_key": "highway",
        "primary_value": "bus_stop",
        "name": "Ibne Sina Station",
        "addr_full": null,
        "all_tags_json": "{\"bus\": \"yes\", \"highway\": \"bus_stop\", \"name\": \"Ibne Sina Station\", \"public_transport\": \"platform\", \"ref\": \"8\"}"
      }
    },
    {
      "type": "Feature",
      "geometry": {
        "type": "Point",
        "coordinates": [
          73.0782008,
          33.7215979
        ]
      },
      "properties": {
        "osm_id": 10827084452,
        "osm_type": "node",
        "group": "transport",
        "primary_key": "highway",
        "primary_value": "bus_stop",
        "name": "Shaheed-i-Millat Station",
        "addr_full": null,
        "all_tags_json": "{\"bus\": \"yes\", \"highway\": \"bus_stop\", \"name\": \"Shaheed-i-Millat Station\", \"public_transport\": \"platform\", \"ref\": \"3\"}"
      }
    },
    {
      "type": "Feature",
      "geometry": {
        "type": "Point",
        "coordinates": [
          73.0782813,
          33.7215243
        ]
      },
      "properties": {
        "osm_id": 10827084453,
        "osm_type": "node",
        "group": "transport",
        "primary_key": "highway",
        "primary_value": "bus_stop",
        "name": "Shaheed-i-Millat Station",
        "addr_full": null,
        "all_tags_json": "{\"bus\": \"yes\", \"highway\": \"bus_stop\", \"name\": \"Shaheed-i-Millat Station\", \"public_transport\": \"platform\", \"ref\": \"3\"}"
      }
    },
    {
      "type": "Feature",
      "geometry": {
        "type": "Point",
        "coordinates": [
          73.0844182,
          33.7247089
        ]
      },
      "properties": {
        "osm_id": 10827084454,
        "osm_type": "node",
        "group": "transport",
        "primary_key": "highway",
        "primary_value": "bus_stop",
        "name": "Parade Ground Station",
        "addr_full": null,
        "all_tags_json": "{\"bus\": \"yes\", \"highway\": \"bus_stop\", \"name\": \"Parade Ground Station\", \"public_transport\": \"platform\", \"ref\": \"2\"}"
      }
    },
    {
      "type": "Feature",
      "geometry": {
        "type": "Point",
        "coordinates": [
          73.0925131,
          33.7346232
        ]
      },
      "properties": {
        "osm_id": 10827084455,
        "osm_type": "node",
        "group": "transport",
        "primary_key": "highway",
        "primary_value": "bus_stop",
        "name": "Secretariat Station",
        "addr_full": null,
        "all_tags_json": "{\"bus\": \"yes\", \"highway\": \"bus_stop\", \"name\": \"Secretariat Station\", \"public_transport\": \"platform\", \"ref\": \"1\"}"
      }
    },
    {
      "type": "Feature",
      "geometry": {
        "type": "Point",
        "coordinates": [
          73.0926552,
          33.7346779
        ]
      },
      "properties": {
        "osm_id": 10827084456,
        "osm_type": "node",
        "group": "transport",
        "primary_key": "highway",
        "primary_value": "bus_stop",
        "name": "Secretariat Station",
        "addr_full": null,
        "all_tags_json": "{\"bus\": \"yes\", \"highway\": \"bus_stop\", \"name\": \"Secretariat Station\", \"public_transport\": \"platform\", \"ref\": \"1\"}"
      }
    },
    {
      "type": "Feature",
      "geometry": {
        "type": "Point",
        "coordinates": [
          73.0010898,
          33.689973
        ]
      },
      "properties": {
        "osm_id": 3761388557,
        "osm_type": "node",
        "group": "leisure",
        "primary_key": "leisure",
        "primary_value": "park",
        "name": null,
        "addr_full": null,
        "all_tags_json": "{\"leisure\": \"park\"}"
      }
    },
    {
      "type": "Feature",
      "geometry": {
        "type": "Point",
        "coordinates": [
          73.1523582,
          33.681986
        ]
      },
      "properties": {
        "osm_id": 4735701885,
        "osm_type": "node",
        "group": "leisure",
        "primary_key": "leisure",
        "primary_value": "park",
        "name": "sfafd",
        "addr_full": null,
        "all_tags_json": "{\"leisure\": \"park\", \"name\": \"sfafd\", \"name:ace\": \"fds\"}"
      }
    },
    {
      "type": "Feature",
      "geometry": {
        "type": "Point",
        "coordinates": [
          73.0505992,
          33.7081004
        ]
      },
      "properties": {
        "osm_id": 4956514624,
        "osm_type": "node",
        "group": "leisure",
        "primary_key": "leisure",
        "primary_value": "park",
        "name": "Fun City",
        "addr_full": "Nazim ud Din Road, اسلام آباد",
        "all_tags_json": "{\"addr:city\": \"اسلام آباد\", \"addr:city:ar\": \"إسلام آباد\", \"addr:city:en\": \"Islamabad\", \"addr:city:ks\": \"اِسلام آبادٖ\", \"addr:city:pnb\": \"اسلام آباد\", \"addr:city:ps\": \"اسلام آباد\", \"addr:city:sd\": \"اسلام آباد\", \"addr:city:ur\": \"اسلام آباد\", \"addr:street\": \"Nazim ud Din Road\", \"leisure\": \"park\", \"name\": \"Fun City\"}"
      }
    },
    {
      "type": "Feature",
      "geometry": {
        "type": "Point",
        "coordinates": [
          73.0509441,
          33.7414923
        ]
      },
      "properties": {
        "osm_id": 5365964605,
        "osm_type": "node",
        "group": "leisure",
        "primary_key": "leisure",
        "primary_value": "park",
        "name": "Airblue Crash Monument",
        "addr_full": null,
        "all_tags_json": "{\"leisure\": \"park\", \"name\": \"Airblue Crash Monument\"}"
      }
    },
    {
      "type": "Feature",
      "geometry": {
        "type": "Point",
        "coordinates": [
          73.0184542,
          33.672375
        ]
      },
      "properties": {
        "osm_id": 6452831180,
        "osm_type": "node",
        "group": "leisure",
        "primary_key": "leisure",
        "primary_value": "park",
        "name": "FG",
        "addr_full": null,
        "all_tags_json": "{\"leisure\": \"park\", \"name\": \"FG\", \"operator\": \"DSF\"}"
      }
    },
    {
      "type": "Feature",
      "geometry": {
        "type": "Point",
        "coordinates": [
          73.0133624,
          33.6760059
        ]
      },
      "properties": {
        "osm_id": 6452832189,
        "osm_type": "node",
        "group": "leisure",
        "primary_key": "leisure",
        "primary_value": "park",
        "name": "F;LKL;MKKM;",
        "addr_full": null,
        "all_tags_json": "{\"leisure\": \"park\", \"name\": \"F;LKL;MKKM;\"}"
      }
    },
    {
      "type": "Feature",
      "geometry": {
        "type": "Point",
        "coordinates": [
          73.0209926,
          33.7021194
        ]
      },
      "properties": {
        "osm_id": 7577900885,
        "osm_type": "node",
        "group": "leisure",
        "primary_key": "leisure",
        "primary_value": "park",
        "name": "فاطمہ جناح پارک",
        "addr_full": "اسلام آباد",
        "all_tags_json": "{\"addr:city\": \"اسلام آباد\", \"addr:city:ar\": \"إسلام آباد\", \"addr:city:ks\": \"اِسلام آبادٖ\", \"addr:city:pnb\": \"اسلام آباد\", \"addr:city:ps\": \"اسلام آباد\", \"addr:city:sd\": \"اسلام آباد\", \"addr:city:ur\": \"اسلام آباد\", \"alt_name\": \"ایف-9 پارک;ایف-9\", \"alt_name:ar\": \"متنزه إف-9;إف-9\", \"alt_name:ur\": \"ایف-9 پارک;ایف-9\", \"alt_name:zh-Hans\": \"F9公园\", \"leisure\": \"park\", \"name\": \"فاطمہ جناح پارک\", \"name:ar\": \"متنزه فاطمة جناح\", \"name:en\": \"Fatima Jinnah Park\", \"name:etymology\": \"فاطمة جناح\", \"name:etymology:wikidata\": \"Q464947\", \"name:etymology:wikipedia\": \"ar:فاطمة جناح\", \"name:hi\": \"फातिमा जिन्ना पार्क\", \"name:pnb\": \"کیپیٹل پارک اسلام آباد\", \"name:ur\": \"فاطمہ جناح پارک\", \"tourism\": \"attraction\", \"wikidata\": \"Q3305506\", \"wikimedia_commons\": \"Category:Fatima Jinnah Park\", \"wikipedia\": \"pnb:کیپیٹل پارک اسلام آباد\", \"wikipedia:pnb\": \"کیپیٹل پارک اسلام آباد\"}"
      }
    },
    {
      "type": "Feature",
      "geometry": {
        "type": "Point",
        "coordinates": [
          73.0456919,
          33.6638036
        ]
      },
      "properties": {
        "osm_id": 9287056961,
        "osm_type": "node",
        "group": "leisure",
        "primary_key": "leisure",
        "primary_value": "park",
        "name": null,
        "addr_full": null,
        "all_tags_json": "{\"leisure\": \"park\"}"
      }
    },
    {
      "type": "Feature",
      "geometry": {
        "type": "Point",
        "coordinates": [
          73.0221392,
          33.7017137
        ]
      },
      "properties": {
        "osm_id": 8058334,
        "osm_type": "way",
        "group": "leisure",
        "primary_key": "leisure",
        "primary_value": "park",
        "name": "فاطمہ جناح پارک",
        "addr_full": "اسلام آباد",
        "all_tags_json": "{\"addr:city\": \"اسلام آباد\", \"addr:city:ar\": \"إسلام آباد\", \"addr:city:ks\": \"اِسلام آبادٖ\", \"addr:city:pnb\": \"اسلام آباد\", \"addr:city:ps\": \"اسلام آباد\", \"addr:city:sd\": \"اسلام آباد\", \"addr:city:ur\": \"اسلام آباد\", \"alt_name\": \"ایف-9 پارک\", \"alt_name:ar\": \"متنزه إف-9\", \"alt_name:ur\": \"ایف-9 پارک\", \"leisure\": \"park\", \"name\": \"فاطمہ جناح پارک\", \"name:ar\": \"متنزه فاطمة جناح\", \"name:en\": \"Fatima Jinnah Park\", \"name:etymology\": \"فاطمة جناح\", \"name:etymology:wikidata\": \"Q464947\", \"name:etymology:wikipedia\": \"ar:فاطمة جناح\", \"name:pnb\": \"کیپیٹل پارک اسلام آباد\", \"name:ur\": \"فاطمہ جناح پارک\", \"wikidata\": \"Q3305506\", \"wikimedia_commons\": \"Category:Fatima Jinnah Park\", \"wikipedia\": \"pnb:کیپیٹل پارک اسلام آباد\", \"wikipedia:pnb\": \"کیپیٹل پارک اسلام آباد\"}"
      }
    },
    {
      "type": "Feature",
      "geometry": {
        "type": "Point",
        "coordinates": [
          73.006956,
          33.6736739
        ]
      },
      "properties": {
        "osm_id": 19094984,
        "osm_type": "way",
        "group": "leisure",
        "primary_key": "leisure",
        "primary_value": "park",
        "name": "Jogging Park",
        "addr_full": "اسلام آباد",
        "all_tags_json": "{\"addr:city\": \"اسلام آباد\", \"leisure\": \"park\", \"name\": \"Jogging Park\", \"operator\": \"CDA\"}"
      }
    },
    {
      "type": "Feature",
      "geometry": {
        "type": "Point",
        "coordinates": [
          73.0342797,
          33.6857169
        ]
      },
      "properties": {
        "osm_id": 19803219,
        "osm_type": "way",
        "group": "leisure",
        "primary_key": "leisure",
        "primary_value": "park",
        "name": "CDA Public Park",
        "addr_full": "Rohtas Road, اسلام آباد",
        "all_tags_json": "{\"addr:city\": \"اسلام آباد\", \"addr:city:ar\": \"إسلام آباد\", \"addr:city:en\": \"Islamabad\", \"addr:city:ks\": \"اِسلام آبادٖ\", \"addr:city:pnb\": \"اسلام آباد\", \"addr:city:ps\": \"اسلام آباد\", \"addr:city:sd\": \"اسلام آباد\", \"addr:city:ur\": \"اسلام آباد\", \"addr:street\": \"Rohtas Road\", \"leisure\": \"park\", \"name\": \"CDA Public Park\", \"sport\": \"cricket\"}"
      }
    },
    {
      "type": "Feature",
      "geometry": {
        "type": "Point",
        "coordinates": [
          73.0361891,
          33.696954
        ]
      },
      "properties": {
        "osm_id": 21057276,
        "osm_type": "way",
        "group": "leisure",
        "primary_key": "leisure",
        "primary_value": "park",
        "name": "Community Park",
        "addr_full": "Gali 128, اسلام آباد",
        "all_tags_json": "{\"addr:city\": \"اسلام آباد\", \"addr:city:ar\": \"إسلام آباد\", \"addr:city:en\": \"Islamabad\", \"addr:city:ks\": \"اِسلام آبادٖ\", \"addr:city:pnb\": \"اسلام آباد\", \"addr:city:ps\": \"اسلام آباد\", \"addr:city:sd\": \"اسلام آباد\", \"addr:city:ur\": \"اسلام آباد\", \"addr:street\": \"Gali 128\", \"area\": \"yes\", \"leisure\": \"park\", \"name\": \"Community Park\"}"
      }
    },
    {
      "type": "Feature",
      "geometry": {
        "type": "Point",
        "coordinates": [
          73.072942,
          33.6806525
        ]
      },
      "properties": {
        "osm_id": 22328902,
        "osm_type": "way",
        "group": "leisure",
        "primary_key": "leisure",
        "primary_value": "park",
        "name": "Kachnar Park",
        "addr_full": null,
        "all_tags_json": "{\"leisure\": \"park\", \"name\": \"Kachnar Park\"}"
      }
    },
    {
      "type": "Feature",
      "geometry": {
        "type": "Point",
        "coordinates": [
          73.0776323,
          33.735124
        ]
      },
      "properties": {
        "osm_id": 22337754,
        "osm_type": "way",
        "group": "leisure",
        "primary_key": "leisure",
        "primary_value": "park",
        "name": "Children's Park",
        "addr_full": "Street 3, اسلام آباد",
        "all_tags_json": "{\"addr:city\": \"اسلام آباد\", \"addr:city:ar\": \"إسلام آباد\", \"addr:city:en\": \"Islamabad\", \"addr:city:ks\": \"اِسلام آبادٖ\", \"addr:city:pnb\": \"اسلام آباد\", \"addr:city:ps\": \"اسلام آباد\", \"addr:city:sd\": \"اسلام آباد\", \"addr:city:ur\": \"اسلام آباد\", \"addr:street\": \"Street 3\", \"area\": \"yes\", \"leisure\": \"park\", \"name\": \"Children's Park\"}"
      }
    },
    {
      "type": "Feature",
      "geometry": {
        "type": "Point",
        "coordinates": [
          73.0062261,
          33.6876911
        ]
      },
      "properties": {
        "osm_id": 22741769,
        "osm_type": "way",
        "group": "leisure",
        "primary_key": "leisure",
        "primary_value": "park",
        "name": null,
        "addr_full": "اسلام آباد",
        "all_tags_json": "{\"addr:city\": \"اسلام آباد\", \"addr:city:ar\": \"إسلام آباد\", \"addr:city:ks\": \"اِسلام آبادٖ\", \"addr:city:pnb\": \"اسلام آباد\", \"addr:city:ps\": \"اسلام آباد\", \"addr:city:sd\": \"اسلام آباد\", \"addr:city:ur\": \"اسلام آباد\", \"leisure\": \"park\"}"
      }
    },
    {
      "type": "Feature",
      "geometry": {
        "type": "Point",
        "coordinates": [
          73.0173482,
          33.6848601
        ]
      },
      "properties": {
        "osm_id": 22777269,
        "osm_type": "way",
        "group": "leisure",
        "primary_key": "leisure",
        "primary_value": "park",
        "name": "Chota Park",
        "addr_full": "Street 1, اسلام آباد",
        "all_tags_json": "{\"addr:city\": \"اسلام آباد\", \"addr:city:ar\": \"إسلام آباد\", \"addr:city:en\": \"Islamabad\", \"addr:city:ks\": \"اِسلام آبادٖ\", \"addr:city:pnb\": \"اسلام آباد\", \"addr:city:ps\": \"اسلام آباد\", \"addr:city:sd\": \"اسلام آباد\", \"addr:city:ur\": \"اسلام آباد\", \"addr:street\": \"Street 1\", \"area\": \"yes\", \"leisure\": \"park\", \"name\": \"Chota Park\"}"
      }
    },
    {
      "type": "Feature",
      "geometry": {
        "type": "Point",
        "coordinates": [
          73.0176363,
          33.6844828
        ]
      },
      "properties": {
        "osm_id": 22777277,
        "osm_type": "way",
        "group": "leisure",
        "primary_key": "leisure",
        "primary_value": "park",
        "name": null,
        "addr_full": null,
        "all_tags_json": "{\"area\": \"yes\", \"created_by\": \"Potlatch 0.6c\", \"leisure\": \"park\"}"
      }
    },
    {
      "type": "Feature",
      "geometry": {
        "type": "Point",
        "coordinates": [
          73.0423623,
          33.7250292
        ]
      },
      "properties": {
        "osm_id": 22812010,
        "osm_type": "way",
        "group": "leisure",
        "primary_key": "leisure",
        "primary_value": "park",
        "name": null,
        "addr_full": null,
        "all_tags_json": "{\"leisure\": \"park\"}"
      }
    },
    {
      "type": "Feature",
      "geometry": {
        "type": "Point",
        "coordinates": [
          73.0488644,
          33.7164305
        ]
      },
      "properties": {
        "osm_id": 22812025,
        "osm_type": "way",
        "group": "leisure",
        "primary_key": "leisure",
        "primary_value": "park",
        "name": null,
        "addr_full": null,
        "all_tags_json": "{\"leisure\": \"park\"}"
      }
    },
    {
      "type": "Feature",
      "geometry": {
        "type": "Point",
        "coordinates": [
          73.0462727,
          33.7238123
        ]
      },
      "properties": {
        "osm_id": 22812891,
        "osm_type": "way",
        "group": "leisure",
        "primary_key": "leisure",
        "primary_value": "park",
        "name": null,
        "addr_full": null,
        "all_tags_json": "{\"leisure\": \"park\"}"
      }
    },
    {
      "type": "Feature",
      "geometry": {
        "type": "Point",
        "coordinates": [
          73.0479775,
          33.7158943
        ]
      },
      "properties": {
        "osm_id": 22813843,
        "osm_type": "way",
        "group": "leisure",
        "primary_key": "leisure",
        "primary_value": "park",
        "name": "Deer Enclosure",
        "addr_full": "Ismail Zabeeh Road, اسلام آباد",
        "all_tags_json": "{\"addr:city\": \"اسلام آباد\", \"addr:city:ar\": \"إسلام آباد\", \"addr:city:en\": \"Islamabad\", \"addr:city:ks\": \"اِسلام آبادٖ\", \"addr:city:pnb\": \"اسلام آباد\", \"addr:city:ps\": \"اسلام آباد\", \"addr:city:sd\": \"اسلام آباد\", \"addr:city:ur\": \"اسلام آباد\", \"addr:street\": \"Ismail Zabeeh Road\", \"leisure\": \"park\", \"name\": \"Deer Enclosure\"}"
      }
    },
    {
      "type": "Feature",
      "geometry": {
        "type": "Point",
        "coordinates": [
          73.0197034,
          33.686248
        ]
      },
      "properties": {
        "osm_id": 23006070,
        "osm_type": "way",
        "group": "leisure",
        "primary_key": "leisure",
        "primary_value": "park",
        "name": "Bara Park",
        "addr_full": "Street 54, اسلام آباد",
        "all_tags_json": "{\"addr:city\": \"اسلام آباد\", \"addr:city:ar\": \"إسلام آباد\", \"addr:city:en\": \"Islamabad\", \"addr:city:ks\": \"اِسلام آبادٖ\", \"addr:city:pnb\": \"اسلام آباد\", \"addr:city:ps\": \"اسلام آباد\", \"addr:city:sd\": \"اسلام آباد\", \"addr:city:ur\": \"اسلام آباد\", \"addr:street\": \"Street 54\", \"area\": \"yes\", \"leisure\": \"park\", \"name\": \"Bara Park\", \"shop\": \"G-10/3, Islamabad\"}"
      }
    },
    {
      "type": "Feature",
      "geometry": {
        "type": "Point",
        "coordinates": [
          73.0777346,
          33.6708814
        ]
      },
      "properties": {
        "osm_id": 23010384,
        "osm_type": "way",
        "group": "leisure",
        "primary_key": "leisure",
        "primary_value": "park",
        "name": null,
        "addr_full": null,
        "all_tags_json": "{\"area\": \"yes\", \"created_by\": \"Potlatch 0.7b\", \"leisure\": \"park\"}"
      }
    },
    {
      "type": "Feature",
      "geometry": {
        "type": "Point",
        "coordinates": [
          73.0747348,
          33.6703563
        ]
      },
      "properties": {
        "osm_id": 23010386,
        "osm_type": "way",
        "group": "leisure",
        "primary_key": "leisure",
        "primary_value": "park",
        "name": null,
        "addr_full": null,
        "all_tags_json": "{\"area\": \"yes\", \"created_by\": \"Potlatch 0.7b\", \"leisure\": \"park\"}"
      }
    },
    {
      "type": "Feature",
      "geometry": {
        "type": "Point",
        "coordinates": [
          73.0373288,
          33.6888718
        ]
      },
      "properties": {
        "osm_id": 23013668,
        "osm_type": "way",
        "group": "leisure",
        "primary_key": "leisure",
        "primary_value": "park",
        "name": "باغ",
        "addr_full": null,
        "all_tags_json": "{\"area\": \"yes\", \"leisure\": \"park\", \"name\": \"باغ\", \"name:en\": \"Park\", \"name:ur\": \"باغ\"}"
      }
    },
    {
      "type": "Feature",
      "geometry": {
        "type": "Point",
        "coordinates": [
          73.081801,
          33.665783
        ]
      },
      "properties": {
        "osm_id": 23028484,
        "osm_type": "way",
        "group": "leisure",
        "primary_key": "leisure",
        "primary_value": "park",
        "name": null,
        "addr_full": null,
        "all_tags_json": "{\"area\": \"yes\", \"created_by\": \"Potlatch 0.7b\", \"leisure\": \"park\"}"
      }
    },
    {
      "type": "Feature",
      "geometry": {
        "type": "Point",
        "coordinates": [
          73.0766223,
          33.6649909
        ]
      },
      "properties": {
        "osm_id": 23028638,
        "osm_type": "way",
        "group": "leisure",
        "primary_key": "leisure",
        "primary_value": "park",
        "name": null,
        "addr_full": null,
        "all_tags_json": "{\"area\": \"yes\", \"leisure\": \"park\"}"
      }
    },
    {
      "type": "Feature",
      "geometry": {
        "type": "Point",
        "coordinates": [
          73.0763464,
          33.6615861
        ]
      },
      "properties": {
        "osm_id": 23028700,
        "osm_type": "way",
        "group": "leisure",
        "primary_key": "leisure",
        "primary_value": "park",
        "name": null,
        "addr_full": null,
        "all_tags_json": "{\"area\": \"yes\", \"created_by\": \"Potlatch 0.7b\", \"leisure\": \"park\"}"
      }
    },
    {
      "type": "Feature",
      "geometry": {
        "type": "Point",
        "coordinates": [
          73.0784064,
          33.6626505
        ]
      },
      "properties": {
        "osm_id": 23028721,
        "osm_type": "way",
        "group": "leisure",
        "primary_key": "leisure",
        "primary_value": "park",
        "name": null,
        "addr_full": null,
        "all_tags_json": "{\"area\": \"yes\", \"created_by\": \"Potlatch 0.7b\", \"leisure\": \"park\"}"
      }
    },
    {
      "type": "Feature",
      "geometry": {
        "type": "Point",
        "coordinates": [
          73.0742135,
          33.6642256
        ]
      },
      "properties": {
        "osm_id": 23028744,
        "osm_type": "way",
        "group": "leisure",
        "primary_key": "leisure",
        "primary_value": "park",
        "name": null,
        "addr_full": null,
        "all_tags_json": "{\"area\": \"yes\", \"created_by\": \"Potlatch 0.7b\", \"leisure\": \"park\"}"
      }
    },
    {
      "type": "Feature",
      "geometry": {
        "type": "Point",
        "coordinates": [
          73.0665145,
          33.6631219
        ]
      },
      "properties": {
        "osm_id": 23028907,
        "osm_type": "way",
        "group": "leisure",
        "primary_key": "leisure",
        "primary_value": "park",
        "name": null,
        "addr_full": null,
        "all_tags_json": "{\"area\": \"yes\", \"created_by\": \"Potlatch 0.7b\", \"leisure\": \"park\"}"
      }
    },
    {
      "type": "Feature",
      "geometry": {
        "type": "Point",
        "coordinates": [
          73.068905,
          33.6625684
        ]
      },
      "properties": {
        "osm_id": 23029040,
        "osm_type": "way",
        "group": "leisure",
        "primary_key": "leisure",
        "primary_value": "park",
        "name": null,
        "addr_full": null,
        "all_tags_json": "{\"area\": \"yes\", \"created_by\": \"Potlatch 0.7b\", \"leisure\": \"park\"}"
      }
    },
    {
      "type": "Feature",
      "geometry": {
        "type": "Point",
        "coordinates": [
          73.0104447,
          33.6730633
        ]
      },
      "properties": {
        "osm_id": 23046541,
        "osm_type": "way",
        "group": "leisure",
        "primary_key": "leisure",
        "primary_value": "park",
        "name": null,
        "addr_full": null,
        "all_tags_json": "{\"area\": \"yes\", \"created_by\": \"Potlatch 0.8a\", \"is_in\": \"G-10/1, Islamabad\", \"leisure\": \"park\"}"
      }
    },
    {
      "type": "Feature",
      "geometry": {
        "type": "Point",
        "coordinates": [
          73.0136193,
          33.6707635
        ]
      },
      "properties": {
        "osm_id": 23046679,
        "osm_type": "way",
        "group": "leisure",
        "primary_key": "leisure",
        "primary_value": "park",
        "name": "Children Park",
        "addr_full": "Gali 17, اسلام آباد",
        "all_tags_json": "{\"addr:city\": \"اسلام آباد\", \"addr:city:ar\": \"إسلام آباد\", \"addr:city:en\": \"Islamabad\", \"addr:city:ks\": \"اِسلام آبادٖ\", \"addr:city:pnb\": \"اسلام آباد\", \"addr:city:ps\": \"اسلام آباد\", \"addr:city:sd\": \"اسلام آباد\", \"addr:city:ur\": \"اسلام آباد\", \"addr:street\": \"Gali 17\", \"area\": \"yes\", \"leisure\": \"park\", \"name\": \"Children Park\"}"
      }
    },
    {
      "type": "Feature",
      "geometry": {
        "type": "Point",
        "coordinates": [
          73.0121166,
          33.6722864
        ]
      },
      "properties": {
        "osm_id": 23046690,
        "osm_type": "way",
        "group": "leisure",
        "primary_key": "leisure",
        "primary_value": "park",
        "name": null,
        "addr_full": null,
        "all_tags_json": "{\"area\": \"yes\", \"is_in\": \"G-10/1, Islamabad\", \"leisure\": \"park\"}"
      }
    },
    {
      "type": "Feature",
      "geometry": {
        "type": "Point",
        "coordinates": [
          73.0128168,
          33.674535
        ]
      },
      "properties": {
        "osm_id": 23046714,
        "osm_type": "way",
        "group": "leisure",
        "primary_key": "leisure",
        "primary_value": "park",
        "name": null,
        "addr_full": null,
        "all_tags_json": "{\"area\": \"yes\", \"created_by\": \"Potlatch 0.8a\", \"is_in\": \"G-10/1, Islamabad\", \"leisure\": \"park\"}"
      }
    },
    {
      "type": "Feature",
      "geometry": {
        "type": "Point",
        "coordinates": [
          72.9944674,
          33.6696259
        ]
      },
      "properties": {
        "osm_id": 23052857,
        "osm_type": "way",
        "group": "leisure",
        "primary_key": "leisure",
        "primary_value": "park",
        "name": null,
        "addr_full": null,
        "all_tags_json": "{\"area\": \"yes\", \"created_by\": \"Potlatch 0.7b\", \"leisure\": \"park\"}"
      }
    },
    {
      "type": "Feature",
      "geometry": {
        "type": "Point",
        "coordinates": [
          72.9927842,
          33.6735248
        ]
      },
      "properties": {
        "osm_id": 23052950,
        "osm_type": "way",
        "group": "leisure",
        "primary_key": "leisure",
        "primary_value": "park",
        "name": null,
        "addr_full": null,
        "all_tags_json": "{\"area\": \"yes\", \"created_by\": \"Potlatch 0.7b\", \"leisure\": \"park\"}"
      }
    },
    {
      "type": "Feature",
      "geometry": {
        "type": "Point",
        "coordinates": [
          73.0209593,
          33.6802019
        ]
      },
      "properties": {
        "osm_id": 23056159,
        "osm_type": "way",
        "group": "leisure",
        "primary_key": "leisure",
        "primary_value": "park",
        "name": "Multipurpose Public Park",
        "addr_full": "Gali 57, اسلام آباد",
        "all_tags_json": "{\"addr:city\": \"اسلام آباد\", \"addr:city:ar\": \"إسلام آباد\", \"addr:city:en\": \"Islamabad\", \"addr:city:ks\": \"اِسلام آبادٖ\", \"addr:city:pnb\": \"اسلام آباد\", \"addr:city:ps\": \"اسلام آباد\", \"addr:city:sd\": \"اسلام آباد\", \"addr:city:ur\": \"اسلام آباد\", \"addr:street\": \"Gali 57\", \"area\": \"yes\", \"leisure\": \"park\", \"name\": \"Multipurpose Public Park\"}"
      }
    },
    {
      "type": "Feature",
      "geometry": {
        "type": "Point",
        "coordinates": [
          73.0224699,
          33.6797055
        ]
      },
      "properties": {
        "osm_id": 23056167,
        "osm_type": "way",
        "group": "leisure",
        "primary_key": "leisure",
        "primary_value": "park",
        "name": "kids Park",
        "addr_full": "Gali 48, اسلام آباد",
        "all_tags_json": "{\"addr:city\": \"اسلام آباد\", \"addr:city:ar\": \"إسلام آباد\", \"addr:city:en\": \"Islamabad\", \"addr:city:ks\": \"اِسلام آبادٖ\", \"addr:city:pnb\": \"اسلام آباد\", \"addr:city:ps\": \"اسلام آباد\", \"addr:city:sd\": \"اسلام آباد\", \"addr:city:ur\": \"اسلام آباد\", \"addr:street\": \"Gali 48\", \"area\": \"yes\", \"leisure\": \"park\", \"name\": \"kids Park\"}"
      }
    },
    {
      "type": "Feature",
      "geometry": {
        "type": "Point",
        "coordinates": [
          73.0235471,
          33.6790448
        ]
      },
      "properties": {
        "osm_id": 23056170,
        "osm_type": "way",
        "group": "leisure",
        "primary_key": "leisure",
        "primary_value": "park",
        "name": "Square Park",
        "addr_full": "Gali 73, اسلام آباد",
        "all_tags_json": "{\"addr:city\": \"اسلام آباد\", \"addr:city:ar\": \"إسلام آباد\", \"addr:city:en\": \"Islamabad\", \"addr:city:ks\": \"اِسلام آبادٖ\", \"addr:city:pnb\": \"اسلام آباد\", \"addr:city:ps\": \"اسلام آباد\", \"addr:city:sd\": \"اسلام آباد\", \"addr:city:ur\": \"اسلام آباد\", \"addr:street\": \"Gali 73\", \"area\": \"yes\", \"leisure\": \"park\", \"name\": \"Square Park\"}"
      }
    },
    {
      "type": "Feature",
      "geometry": {
        "type": "Point",
        "coordinates": [
          73.0253967,
          33.6763218
        ]
      },
      "properties": {
        "osm_id": 23056187,
        "osm_type": "way",
        "group": "leisure",
        "primary_key": "leisure",
        "primary_value": "park",
        "name": null,
        "addr_full": null,
        "all_tags_json": "{\"area\": \"yes\", \"created_by\": \"Potlatch 0.7b\", \"leisure\": \"park\"}"
      }
    },
    {
      "type": "Feature",
      "geometry": {
        "type": "Point",
        "coordinates": [
          73.0196561,
          33.683191
        ]
      },
      "properties": {
        "osm_id": 23062523,
        "osm_type": "way",
        "group": "leisure",
        "primary_key": "leisure",
        "primary_value": "park",
        "name": "باغ",
        "addr_full": null,
        "all_tags_json": "{\"area\": \"yes\", \"leisure\": \"park\", \"name\": \"باغ\", \"name:en\": \"Park\", \"name:ur\": \"باغ\"}"
      }
    },
    {
      "type": "Feature",
      "geometry": {
        "type": "Point",
        "coordinates": [
          73.0838947,
          33.7196297
        ]
      },
      "properties": {
        "osm_id": 23131229,
        "osm_type": "way",
        "group": "leisure",
        "primary_key": "leisure",
        "primary_value": "park",
        "name": "Argentina Park",
        "addr_full": null,
        "all_tags_json": "{\"is_in\": \"G-6, Islamabad\", \"leisure\": \"park\", \"name\": \"Argentina Park\"}"
      }
    },
    {
      "type": "Feature",
      "geometry": {
        "type": "Point",
        "coordinates": [
          73.0157917,
          33.689019
        ]
      },
      "properties": {
        "osm_id": 23153120,
        "osm_type": "way",
        "group": "leisure",
        "primary_key": "leisure",
        "primary_value": "park",
        "name": null,
        "addr_full": "اسلام آباد",
        "all_tags_json": "{\"addr:city\": \"اسلام آباد\", \"addr:city:ar\": \"إسلام آباد\", \"addr:city:ks\": \"اِسلام آبادٖ\", \"addr:city:pnb\": \"اسلام آباد\", \"addr:city:ps\": \"اسلام آباد\", \"addr:city:sd\": \"اسلام آباد\", \"addr:city:ur\": \"اسلام آباد\", \"leisure\": \"park\"}"
      }
    },
    {
      "type": "Feature",
      "geometry": {
        "type": "Point",
        "coordinates": [
          73.0717858,
          33.6762009
        ]
      },
      "properties": {
        "osm_id": 23366619,
        "osm_type": "way",
        "group": "leisure",
        "primary_key": "leisure",
        "primary_value": "park",
        "name": null,
        "addr_full": null,
        "all_tags_json": "{\"area\": \"yes\", \"leisure\": \"park\"}"
      }
    },
    {
      "type": "Feature",
      "geometry": {
        "type": "Point",
        "coordinates": [
          73.0442302,
          33.7009719
        ]
      },
      "properties": {
        "osm_id": 23552892,
        "osm_type": "way",
        "group": "leisure",
        "primary_key": "leisure",
        "primary_value": "park",
        "name": null,
        "addr_full": null,
        "all_tags_json": "{\"area\": \"yes\", \"leisure\": \"park\"}"
      }
    },
    {
      "type": "Feature",
      "geometry": {
        "type": "Point",
        "coordinates": [
          72.9970056,
          33.6758302
        ]
      },
      "properties": {
        "osm_id": 23554364,
        "osm_type": "way",
        "group": "leisure",
        "primary_key": "leisure",
        "primary_value": "park",
        "name": null,
        "addr_full": null,
        "all_tags_json": "{\"area\": \"yes\", \"created_by\": \"Potlatch 0.8a\", \"leisure\": \"park\"}"
      }
    },
    {
      "type": "Feature",
      "geometry": {
        "type": "Point",
        "coordinates": [
          72.9929398,
          33.6665969
        ]
      },
      "properties": {
        "osm_id": 23557496,
        "osm_type": "way",
        "group": "leisure",
        "primary_key": "leisure",
        "primary_value": "park",
        "name": null,
        "addr_full": null,
        "all_tags_json": "{\"area\": \"yes\", \"created_by\": \"Potlatch 0.8a\", \"leisure\": \"park\"}"
      }
    },
    {
      "type": "Feature",
      "geometry": {
        "type": "Point",
        "coordinates": [
          72.9877916,
          33.6709137
        ]
      },
      "properties": {
        "osm_id": 23570523,
        "osm_type": "way",
        "group": "leisure",
        "primary_key": "leisure",
        "primary_value": "park",
        "name": "CDA G-11/2 Park",
        "addr_full": "Street 51, اسلام آباد",
        "all_tags_json": "{\"addr:city\": \"اسلام آباد\", \"addr:city:ar\": \"إسلام آباد\", \"addr:city:en\": \"Islamabad\", \"addr:city:ks\": \"اِسلام آبادٖ\", \"addr:city:pnb\": \"اسلام آباد\", \"addr:city:ps\": \"اسلام آباد\", \"addr:city:sd\": \"اسلام آباد\", \"addr:city:ur\": \"اسلام آباد\", \"addr:street\": \"Street 51\", \"area\": \"yes\", \"leisure\": \"park\", \"name\": \"CDA G-11/2 Park\"}"
      }
    },
    {
      "type": "Feature",
      "geometry": {
        "type": "Point",
        "coordinates": [
          73.0172774,
          33.6826024
        ]
      },
      "properties": {
        "osm_id": 23678679,
        "osm_type": "way",
        "group": "leisure",
        "primary_key": "leisure",
        "primary_value": "park",
        "name": null,
        "addr_full": null,
        "all_tags_json": "{\"area\": \"yes\", \"created_by\": \"Potlatch 0.8a\", \"is_in\": \"G-10/2, Islamabad\", \"leisure\": \"park\"}"
      }
    },
    {
      "type": "Feature",
      "geometry": {
        "type": "Point",
        "coordinates": [
          73.0657276,
          33.7089893
        ]
      },
      "properties": {
        "osm_id": 23760247,
        "osm_type": "way",
        "group": "leisure",
        "primary_key": "leisure",
        "primary_value": "park",
        "name": null,
        "addr_full": null,
        "all_tags_json": "{\"area\": \"yes\", \"created_by\": \"Potlatch 0.8a\", \"is_in\": \"G-7/2, Islamabad\", \"leisure\": \"park\"}"
      }
    },
    {
      "type": "Feature",
      "geometry": {
        "type": "Point",
        "coordinates": [
          73.1215213,
          33.6924768
        ]
      },
      "properties": {
        "osm_id": 154459273,
        "osm_type": "way",
        "group": "leisure",
        "primary_key": "leisure",
        "primary_value": "park",
        "name": "Lake View Park",
        "addr_full": null,
        "all_tags_json": "{\"leisure\": \"park\", \"name\": \"Lake View Park\"}"
      }
    },
    {
      "type": "Feature",
      "geometry": {
        "type": "Point",
        "coordinates": [
          73.113006,
          33.6939986
        ]
      },
      "properties": {
        "osm_id": 154459274,
        "osm_type": "way",
        "group": "leisure",
        "primary_key": "leisure",
        "primary_value": "park",
        "name": "Ankara Park",
        "addr_full": null,
        "all_tags_json": "{\"leisure\": \"park\", \"name\": \"Ankara Park\"}"
      }
    },
    {
      "type": "Feature",
      "geometry": {
        "type": "Point",
        "coordinates": [
          73.0107024,
          33.7189097
        ]
      },
      "properties": {
        "osm_id": 158581154,
        "osm_type": "way",
        "group": "leisure",
        "primary_key": "leisure",
        "primary_value": "park",
        "name": "PAF Golf Course",
        "addr_full": null,
        "all_tags_json": "{\"leisure\": \"park\", \"name\": \"PAF Golf Course\"}"
      }
    },
    {
      "type": "Feature",
      "geometry": {
        "type": "Point",
        "coordinates": [
          73.0273748,
          33.6899074
        ]
      },
      "properties": {
        "osm_id": 205505090,
        "osm_type": "way",
        "group": "leisure",
        "primary_key": "leisure",
        "primary_value": "park",
        "name": null,
        "addr_full": null,
        "all_tags_json": "{\"leisure\": \"park\"}"
      }
    },
    {
      "type": "Feature",
      "geometry": {
        "type": "Point",
        "coordinates": [
          73.0301698,
          33.6940449
        ]
      },
      "properties": {
        "osm_id": 205505091,
        "osm_type": "way",
        "group": "leisure",
        "primary_key": "leisure",
        "primary_value": "park",
        "name": "Childrens Park",
        "addr_full": "Gali 1, اسلام آباد",
        "all_tags_json": "{\"addr:city\": \"اسلام آباد\", \"addr:city:ar\": \"إسلام آباد\", \"addr:city:en\": \"Islamabad\", \"addr:city:ks\": \"اِسلام آبادٖ\", \"addr:city:pnb\": \"اسلام آباد\", \"addr:city:ps\": \"اسلام آباد\", \"addr:city:sd\": \"اسلام آباد\", \"addr:city:ur\": \"اسلام آباد\", \"addr:street\": \"Gali 1\", \"leisure\": \"park\", \"name\": \"Childrens Park\"}"
      }
    },
    {
      "type": "Feature",
      "geometry": {
        "type": "Point",
        "coordinates": [
          73.0414088,
          33.7246416
        ]
      },
      "properties": {
        "osm_id": 226312411,
        "osm_type": "way",
        "group": "leisure",
        "primary_key": "leisure",
        "primary_value": "park",
        "name": null,
        "addr_full": null,
        "all_tags_json": "{\"leisure\": \"park\"}"
      }
    },
    {
      "type": "Feature",
      "geometry": {
        "type": "Point",
        "coordinates": [
          72.9809501,
          33.705179
        ]
      },
      "properties": {
        "osm_id": 4708456229,
        "osm_type": "node",
        "group": "natural",
        "primary_key": "natural",
        "primary_value": "tree",
        "name": null,
        "addr_full": null,
        "all_tags_json": "{\"natural\": \"tree\"}"
      }
    },
    {
      "type": "Feature",
      "geometry": {
        "type": "Point",
        "coordinates": [
          72.9809872,
          33.7051369
        ]
      },
      "properties": {
        "osm_id": 4708456230,
        "osm_type": "node",
        "group": "natural",
        "primary_key": "natural",
        "primary_value": "tree",
        "name": null,
        "addr_full": null,
        "all_tags_json": "{\"natural\": \"tree\"}"
      }
    },
    {
      "type": "Feature",
      "geometry": {
        "type": "Point",
        "coordinates": [
          72.9810863,
          33.7052492
        ]
      },
      "properties": {
        "osm_id": 4708456231,
        "osm_type": "node",
        "group": "natural",
        "primary_key": "natural",
        "primary_value": "tree",
        "name": null,
        "addr_full": null,
        "all_tags_json": "{\"natural\": \"tree\"}"
      }
    },
    {
      "type": "Feature",
      "geometry": {
        "type": "Point",
        "coordinates": [
          72.9808596,
          33.7053718
        ]
      },
      "properties": {
        "osm_id": 4708456232,
        "osm_type": "node",
        "group": "natural",
        "primary_key": "natural",
        "primary_value": "tree",
        "name": null,
        "addr_full": null,
        "all_tags_json": "{\"natural\": \"tree\"}"
      }
    },
    {
      "type": "Feature",
      "geometry": {
        "type": "Point",
        "coordinates": [
          72.9807871,
          33.7053368
        ]
      },
      "properties": {
        "osm_id": 4708456233,
        "osm_type": "node",
        "group": "natural",
        "primary_key": "natural",
        "primary_value": "tree",
        "name": null,
        "addr_full": null,
        "all_tags_json": "{\"natural\": \"tree\"}"
      }
    },
    {
      "type": "Feature",
      "geometry": {
        "type": "Point",
        "coordinates": [
          72.9813607,
          33.7050353
        ]
      },
      "properties": {
        "osm_id": 4708456234,
        "osm_type": "node",
        "group": "natural",
        "primary_key": "natural",
        "primary_value": "tree",
        "name": null,
        "addr_full": null,
        "all_tags_json": "{\"natural\": \"tree\"}"
      }
    },
    {
      "type": "Feature",
      "geometry": {
        "type": "Point",
        "coordinates": [
          72.9750368,
          33.6902989
        ]
      },
      "properties": {
        "osm_id": 5405296938,
        "osm_type": "node",
        "group": "natural",
        "primary_key": "natural",
        "primary_value": "tree",
        "name": null,
        "addr_full": null,
        "all_tags_json": "{\"natural\": \"tree\"}"
      }
    },
    {
      "type": "Feature",
      "geometry": {
        "type": "Point",
        "coordinates": [
          72.9868371,
          33.684602
        ]
      },
      "properties": {
        "osm_id": 6646347482,
        "osm_type": "node",
        "group": "natural",
        "primary_key": "natural",
        "primary_value": "tree",
        "name": null,
        "addr_full": null,
        "all_tags_json": "{\"natural\": \"tree\"}"
      }
    },
    {
      "type": "Feature",
      "geometry": {
        "type": "Point",
        "coordinates": [
          72.9869686,
          33.6845228
        ]
      },
      "properties": {
        "osm_id": 6646347483,
        "osm_type": "node",
        "group": "natural",
        "primary_key": "natural",
        "primary_value": "tree",
        "name": null,
        "addr_full": null,
        "all_tags_json": "{\"natural\": \"tree\"}"
      }
    },
    {
      "type": "Feature",
      "geometry": {
        "type": "Point",
        "coordinates": [
          72.9869035,
          33.684554
        ]
      },
      "properties": {
        "osm_id": 6646347484,
        "osm_type": "node",
        "group": "natural",
        "primary_key": "natural",
        "primary_value": "tree",
        "name": null,
        "addr_full": null,
        "all_tags_json": "{\"natural\": \"tree\"}"
      }
    },
    {
      "type": "Feature",
      "geometry": {
        "type": "Point",
        "coordinates": [
          72.9868774,
          33.6842985
        ]
      },
      "properties": {
        "osm_id": 6646368485,
        "osm_type": "node",
        "group": "natural",
        "primary_key": "natural",
        "primary_value": "tree",
        "name": null,
        "addr_full": null,
        "all_tags_json": "{\"natural\": \"tree\"}"
      }
    },
    {
      "type": "Feature",
      "geometry": {
        "type": "Point",
        "coordinates": [
          72.9869236,
          33.684419
        ]
      },
      "properties": {
        "osm_id": 6646368486,
        "osm_type": "node",
        "group": "natural",
        "primary_key": "natural",
        "primary_value": "tree",
        "name": null,
        "addr_full": null,
        "all_tags_json": "{\"natural\": \"tree\"}"
      }
    },
    {
      "type": "Feature",
      "geometry": {
        "type": "Point",
        "coordinates": [
          72.9868928,
          33.6843609
        ]
      },
      "properties": {
        "osm_id": 6646368487,
        "osm_type": "node",
        "group": "natural",
        "primary_key": "natural",
        "primary_value": "tree",
        "name": null,
        "addr_full": null,
        "all_tags_json": "{\"natural\": \"tree\"}"
      }
    },
    {
      "type": "Feature",
      "geometry": {
        "type": "Point",
        "coordinates": [
          72.9864254,
          33.683513
        ]
      },
      "properties": {
        "osm_id": 6646368488,
        "osm_type": "node",
        "group": "natural",
        "primary_key": "natural",
        "primary_value": "tree",
        "name": null,
        "addr_full": null,
        "all_tags_json": "{\"natural\": \"tree\"}"
      }
    },
    {
      "type": "Feature",
      "geometry": {
        "type": "Point",
        "coordinates": [
          72.9863789,
          33.6835633
        ]
      },
      "properties": {
        "osm_id": 6646368489,
        "osm_type": "node",
        "group": "natural",
        "primary_key": "natural",
        "primary_value": "tree",
        "name": null,
        "addr_full": null,
        "all_tags_json": "{\"natural\": \"tree\"}"
      }
    },
    {
      "type": "Feature",
      "geometry": {
        "type": "Point",
        "coordinates": [
          72.9863285,
          33.6836178
        ]
      },
      "properties": {
        "osm_id": 6646368490,
        "osm_type": "node",
        "group": "natural",
        "primary_key": "natural",
        "primary_value": "tree",
        "name": null,
        "addr_full": null,
        "all_tags_json": "{\"natural\": \"tree\"}"
      }
    },
    {
      "type": "Feature",
      "geometry": {
        "type": "Point",
        "coordinates": [
          72.9862671,
          33.6836843
        ]
      },
      "properties": {
        "osm_id": 6646368491,
        "osm_type": "node",
        "group": "natural",
        "primary_key": "natural",
        "primary_value": "tree",
        "name": null,
        "addr_full": null,
        "all_tags_json": "{\"natural\": \"tree\"}"
      }
    },
    {
      "type": "Feature",
      "geometry": {
        "type": "Point",
        "coordinates": [
          72.9862088,
          33.6837454
        ]
      },
      "properties": {
        "osm_id": 6646368492,
        "osm_type": "node",
        "group": "natural",
        "primary_key": "natural",
        "primary_value": "tree",
        "name": null,
        "addr_full": null,
        "all_tags_json": "{\"natural\": \"tree\"}"
      }
    },
    {
      "type": "Feature",
      "geometry": {
        "type": "Point",
        "coordinates": [
          72.9861343,
          33.6838279
        ]
      },
      "properties": {
        "osm_id": 6646368493,
        "osm_type": "node",
        "group": "natural",
        "primary_key": "natural",
        "primary_value": "tree",
        "name": null,
        "addr_full": null,
        "all_tags_json": "{\"natural\": \"tree\"}"
      }
    },
    {
      "type": "Feature",
      "geometry": {
        "type": "Point",
        "coordinates": [
          72.9860588,
          33.6839215
        ]
      },
      "properties": {
        "osm_id": 6646368494,
        "osm_type": "node",
        "group": "natural",
        "primary_key": "natural",
        "primary_value": "tree",
        "name": null,
        "addr_full": null,
        "all_tags_json": "{\"natural\": \"tree\"}"
      }
    },
    {
      "type": "Feature",
      "geometry": {
        "type": "Point",
        "coordinates": [
          72.9860135,
          33.6839734
        ]
      },
      "properties": {
        "osm_id": 6646368495,
        "osm_type": "node",
        "group": "natural",
        "primary_key": "natural",
        "primary_value": "tree",
        "name": null,
        "addr_full": null,
        "all_tags_json": "{\"natural\": \"tree\"}"
      }
    },
    {
      "type": "Feature",
      "geometry": {
        "type": "Point",
        "coordinates": [
          72.9859733,
          33.6840311
        ]
      },
      "properties": {
        "osm_id": 6646368496,
        "osm_type": "node",
        "group": "natural",
        "primary_key": "natural",
        "primary_value": "tree",
        "name": null,
        "addr_full": null,
        "all_tags_json": "{\"natural\": \"tree\"}"
      }
    },
    {
      "type": "Feature",
      "geometry": {
        "type": "Point",
        "coordinates": [
          72.9859337,
          33.6840909
        ]
      },
      "properties": {
        "osm_id": 6646368497,
        "osm_type": "node",
        "group": "natural",
        "primary_key": "natural",
        "primary_value": "tree",
        "name": null,
        "addr_full": null,
        "all_tags_json": "{\"natural\": \"tree\"}"
      }
    },
    {
      "type": "Feature",
      "geometry": {
        "type": "Point",
        "coordinates": [
          72.9858987,
          33.6841384
        ]
      },
      "properties": {
        "osm_id": 6646368498,
        "osm_type": "node",
        "group": "natural",
        "primary_key": "natural",
        "primary_value": "tree",
        "name": null,
        "addr_full": null,
        "all_tags_json": "{\"natural\": \"tree\"}"
      }
    },
    {
      "type": "Feature",
      "geometry": {
        "type": "Point",
        "coordinates": [
          72.9858627,
          33.6841872
        ]
      },
      "properties": {
        "osm_id": 6646368499,
        "osm_type": "node",
        "group": "natural",
        "primary_key": "natural",
        "primary_value": "tree",
        "name": null,
        "addr_full": null,
        "all_tags_json": "{\"natural\": \"tree\"}"
      }
    },
    {
      "type": "Feature",
      "geometry": {
        "type": "Point",
        "coordinates": [
          72.9858281,
          33.684234
        ]
      },
      "properties": {
        "osm_id": 6646368500,
        "osm_type": "node",
        "group": "natural",
        "primary_key": "natural",
        "primary_value": "tree",
        "name": null,
        "addr_full": null,
        "all_tags_json": "{\"natural\": \"tree\"}"
      }
    },
    {
      "type": "Feature",
      "geometry": {
        "type": "Point",
        "coordinates": [
          72.9857956,
          33.6842781
        ]
      },
      "properties": {
        "osm_id": 6646368501,
        "osm_type": "node",
        "group": "natural",
        "primary_key": "natural",
        "primary_value": "tree",
        "name": null,
        "addr_full": null,
        "all_tags_json": "{\"natural\": \"tree\"}"
      }
    },
    {
      "type": "Feature",
      "geometry": {
        "type": "Point",
        "coordinates": [
          72.9857556,
          33.6843322
        ]
      },
      "properties": {
        "osm_id": 6646368502,
        "osm_type": "node",
        "group": "natural",
        "primary_key": "natural",
        "primary_value": "tree",
        "name": null,
        "addr_full": null,
        "all_tags_json": "{\"natural\": \"tree\"}"
      }
    },
    {
      "type": "Feature",
      "geometry": {
        "type": "Point",
        "coordinates": [
          72.9857088,
          33.6843956
        ]
      },
      "properties": {
        "osm_id": 6646368503,
        "osm_type": "node",
        "group": "natural",
        "primary_key": "natural",
        "primary_value": "tree",
        "name": null,
        "addr_full": null,
        "all_tags_json": "{\"natural\": \"tree\"}"
      }
    },
    {
      "type": "Feature",
      "geometry": {
        "type": "Point",
        "coordinates": [
          72.9856176,
          33.6845192
        ]
      },
      "properties": {
        "osm_id": 6646368504,
        "osm_type": "node",
        "group": "natural",
        "primary_key": "natural",
        "primary_value": "tree",
        "name": null,
        "addr_full": null,
        "all_tags_json": "{\"natural\": \"tree\"}"
      }
    },
    {
      "type": "Feature",
      "geometry": {
        "type": "Point",
        "coordinates": [
          72.9856662,
          33.6844533
        ]
      },
      "properties": {
        "osm_id": 6646368505,
        "osm_type": "node",
        "group": "natural",
        "primary_key": "natural",
        "primary_value": "tree",
        "name": null,
        "addr_full": null,
        "all_tags_json": "{\"natural\": \"tree\"}"
      }
    },
    {
      "type": "Feature",
      "geometry": {
        "type": "Point",
        "coordinates": [
          72.9855496,
          33.6846084
        ]
      },
      "properties": {
        "osm_id": 6646368506,
        "osm_type": "node",
        "group": "natural",
        "primary_key": "natural",
        "primary_value": "tree",
        "name": null,
        "addr_full": null,
        "all_tags_json": "{\"natural\": \"tree\"}"
      }
    },
    {
      "type": "Feature",
      "geometry": {
        "type": "Point",
        "coordinates": [
          72.985511,
          33.6846591
        ]
      },
      "properties": {
        "osm_id": 6646368507,
        "osm_type": "node",
        "group": "natural",
        "primary_key": "natural",
        "primary_value": "tree",
        "name": null,
        "addr_full": null,
        "all_tags_json": "{\"natural\": \"tree\"}"
      }
    },
    {
      "type": "Feature",
      "geometry": {
        "type": "Point",
        "coordinates": [
          72.9854712,
          33.6847113
        ]
      },
      "properties": {
        "osm_id": 6646368508,
        "osm_type": "node",
        "group": "natural",
        "primary_key": "natural",
        "primary_value": "tree",
        "name": null,
        "addr_full": null,
        "all_tags_json": "{\"natural\": \"tree\"}"
      }
    },
    {
      "type": "Feature",
      "geometry": {
        "type": "Point",
        "coordinates": [
          72.985385,
          33.6848245
        ]
      },
      "properties": {
        "osm_id": 6646368509,
        "osm_type": "node",
        "group": "natural",
        "primary_key": "natural",
        "primary_value": "tree",
        "name": null,
        "addr_full": null,
        "all_tags_json": "{\"natural\": \"tree\"}"
      }
    },
    {
      "type": "Feature",
      "geometry": {
        "type": "Point",
        "coordinates": [
          72.9853515,
          33.6848684
        ]
      },
      "properties": {
        "osm_id": 6646368510,
        "osm_type": "node",
        "group": "natural",
        "primary_key": "natural",
        "primary_value": "tree",
        "name": null,
        "addr_full": null,
        "all_tags_json": "{\"natural\": \"tree\"}"
      }
    },
    {
      "type": "Feature",
      "geometry": {
        "type": "Point",
        "coordinates": [
          72.9853201,
          33.6849096
        ]
      },
      "properties": {
        "osm_id": 6646368511,
        "osm_type": "node",
        "group": "natural",
        "primary_key": "natural",
        "primary_value": "tree",
        "name": null,
        "addr_full": null,
        "all_tags_json": "{\"natural\": \"tree\"}"
      }
    },
    {
      "type": "Feature",
      "geometry": {
        "type": "Point",
        "coordinates": [
          72.9852759,
          33.6849677
        ]
      },
      "properties": {
        "osm_id": 6646368512,
        "osm_type": "node",
        "group": "natural",
        "primary_key": "natural",
        "primary_value": "tree",
        "name": null,
        "addr_full": null,
        "all_tags_json": "{\"natural\": \"tree\"}"
      }
    },
    {
      "type": "Feature",
      "geometry": {
        "type": "Point",
        "coordinates": [
          72.9850321,
          33.6852876
        ]
      },
      "properties": {
        "osm_id": 6646368513,
        "osm_type": "node",
        "group": "natural",
        "primary_key": "natural",
        "primary_value": "tree",
        "name": null,
        "addr_full": null,
        "all_tags_json": "{\"natural\": \"tree\"}"
      }
    },
    {
      "type": "Feature",
      "geometry": {
        "type": "Point",
        "coordinates": [
          72.9850834,
          33.6852202
        ]
      },
      "properties": {
        "osm_id": 6646368514,
        "osm_type": "node",
        "group": "natural",
        "primary_key": "natural",
        "primary_value": "tree",
        "name": null,
        "addr_full": null,
        "all_tags_json": "{\"natural\": \"tree\"}"
      }
    },
    {
      "type": "Feature",
      "geometry": {
        "type": "Point",
        "coordinates": [
          72.9851379,
          33.6851488
        ]
      },
      "properties": {
        "osm_id": 6646368515,
        "osm_type": "node",
        "group": "natural",
        "primary_key": "natural",
        "primary_value": "tree",
        "name": null,
        "addr_full": null,
        "all_tags_json": "{\"natural\": \"tree\"}"
      }
    },
    {
      "type": "Feature",
      "geometry": {
        "type": "Point",
        "coordinates": [
          72.9851855,
          33.6850863
        ]
      },
      "properties": {
        "osm_id": 6646368516,
        "osm_type": "node",
        "group": "natural",
        "primary_key": "natural",
        "primary_value": "tree",
        "name": null,
        "addr_full": null,
        "all_tags_json": "{\"natural\": \"tree\"}"
      }
    },
    {
      "type": "Feature",
      "geometry": {
        "type": "Point",
        "coordinates": [
          72.9852341,
          33.6850225
        ]
      },
      "properties": {
        "osm_id": 6646368517,
        "osm_type": "node",
        "group": "natural",
        "primary_key": "natural",
        "primary_value": "tree",
        "name": null,
        "addr_full": null,
        "all_tags_json": "{\"natural\": \"tree\"}"
      }
    },
    {
      "type": "Feature",
      "geometry": {
        "type": "Point",
        "coordinates": [
          72.9854236,
          33.6847737
        ]
      },
      "properties": {
        "osm_id": 6646368518,
        "osm_type": "node",
        "group": "natural",
        "primary_key": "natural",
        "primary_value": "tree",
        "name": null,
        "addr_full": null,
        "all_tags_json": "{\"natural\": \"tree\"}"
      }
    },
    {
      "type": "Feature",
      "geometry": {
        "type": "Point",
        "coordinates": [
          72.984867,
          33.6855159
        ]
      },
      "properties": {
        "osm_id": 6646368519,
        "osm_type": "node",
        "group": "natural",
        "primary_key": "natural",
        "primary_value": "tree",
        "name": null,
        "addr_full": null,
        "all_tags_json": "{\"natural\": \"tree\"}"
      }
    },
    {
      "type": "Feature",
      "geometry": {
        "type": "Point",
        "coordinates": [
          72.9848086,
          33.6855987
        ]
      },
      "properties": {
        "osm_id": 6646368520,
        "osm_type": "node",
        "group": "natural",
        "primary_key": "natural",
        "primary_value": "tree",
        "name": null,
        "addr_full": null,
        "all_tags_json": "{\"natural\": \"tree\"}"
      }
    },
    {
      "type": "Feature",
      "geometry": {
        "type": "Point",
        "coordinates": [
          72.9847587,
          33.6856695
        ]
      },
      "properties": {
        "osm_id": 6646368521,
        "osm_type": "node",
        "group": "natural",
        "primary_key": "natural",
        "primary_value": "tree",
        "name": null,
        "addr_full": null,
        "all_tags_json": "{\"natural\": \"tree\"}"
      }
    },
    {
      "type": "Feature",
      "geometry": {
        "type": "Point",
        "coordinates": [
          72.9847061,
          33.6857441
        ]
      },
      "properties": {
        "osm_id": 6646368522,
        "osm_type": "node",
        "group": "natural",
        "primary_key": "natural",
        "primary_value": "tree",
        "name": null,
        "addr_full": null,
        "all_tags_json": "{\"natural\": \"tree\"}"
      }
    },
    {
      "type": "Feature",
      "geometry": {
        "type": "Point",
        "coordinates": [
          72.9846484,
          33.6858259
        ]
      },
      "properties": {
        "osm_id": 6646368523,
        "osm_type": "node",
        "group": "natural",
        "primary_key": "natural",
        "primary_value": "tree",
        "name": null,
        "addr_full": null,
        "all_tags_json": "{\"natural\": \"tree\"}"
      }
    },
    {
      "type": "Feature",
      "geometry": {
        "type": "Point",
        "coordinates": [
          72.9845824,
          33.6859195
        ]
      },
      "properties": {
        "osm_id": 6646368524,
        "osm_type": "node",
        "group": "natural",
        "primary_key": "natural",
        "primary_value": "tree",
        "name": null,
        "addr_full": null,
        "all_tags_json": "{\"natural\": \"tree\"}"
      }
    },
    {
      "type": "Feature",
      "geometry": {
        "type": "Point",
        "coordinates": [
          72.9844738,
          33.6860655
        ]
      },
      "properties": {
        "osm_id": 6646368525,
        "osm_type": "node",
        "group": "natural",
        "primary_key": "natural",
        "primary_value": "tree",
        "name": null,
        "addr_full": null,
        "all_tags_json": "{\"natural\": \"tree\"}"
      }
    },
    {
      "type": "Feature",
      "geometry": {
        "type": "Point",
        "coordinates": [
          72.9844209,
          33.6861363
        ]
      },
      "properties": {
        "osm_id": 6646368526,
        "osm_type": "node",
        "group": "natural",
        "primary_key": "natural",
        "primary_value": "tree",
        "name": null,
        "addr_full": null,
        "all_tags_json": "{\"natural\": \"tree\"}"
      }
    },
    {
      "type": "Feature",
      "geometry": {
        "type": "Point",
        "coordinates": [
          72.9843626,
          33.6862094
        ]
      },
      "properties": {
        "osm_id": 6646368527,
        "osm_type": "node",
        "group": "natural",
        "primary_key": "natural",
        "primary_value": "tree",
        "name": null,
        "addr_full": null,
        "all_tags_json": "{\"natural\": \"tree\"}"
      }
    },
    {
      "type": "Feature",
      "geometry": {
        "type": "Point",
        "coordinates": [
          72.9843063,
          33.686287
        ]
      },
      "properties": {
        "osm_id": 6646368528,
        "osm_type": "node",
        "group": "natural",
        "primary_key": "natural",
        "primary_value": "tree",
        "name": null,
        "addr_full": null,
        "all_tags_json": "{\"natural\": \"tree\"}"
      }
    },
    {
      "type": "Feature",
      "geometry": {
        "type": "Point",
        "coordinates": [
          72.9842395,
          33.6863789
        ]
      },
      "properties": {
        "osm_id": 6646368529,
        "osm_type": "node",
        "group": "natural",
        "primary_key": "natural",
        "primary_value": "tree",
        "name": null,
        "addr_full": null,
        "all_tags_json": "{\"natural\": \"tree\"}"
      }
    },
    {
      "type": "Feature",
      "geometry": {
        "type": "Point",
        "coordinates": [
          72.9841843,
          33.6864528
        ]
      },
      "properties": {
        "osm_id": 6646368530,
        "osm_type": "node",
        "group": "natural",
        "primary_key": "natural",
        "primary_value": "tree",
        "name": null,
        "addr_full": null,
        "all_tags_json": "{\"natural\": \"tree\"}"
      }
    },
    {
      "type": "Feature",
      "geometry": {
        "type": "Point",
        "coordinates": [
          72.9841318,
          33.6865229
        ]
      },
      "properties": {
        "osm_id": 6646368531,
        "osm_type": "node",
        "group": "natural",
        "primary_key": "natural",
        "primary_value": "tree",
        "name": null,
        "addr_full": null,
        "all_tags_json": "{\"natural\": \"tree\"}"
      }
    },
    {
      "type": "Feature",
      "geometry": {
        "type": "Point",
        "coordinates": [
          72.9840655,
          33.6866115
        ]
      },
      "properties": {
        "osm_id": 6646368532,
        "osm_type": "node",
        "group": "natural",
        "primary_key": "natural",
        "primary_value": "tree",
        "name": null,
        "addr_full": null,
        "all_tags_json": "{\"natural\": \"tree\"}"
      }
    },
    {
      "type": "Feature",
      "geometry": {
        "type": "Point",
        "coordinates": [
          72.9840035,
          33.6866945
        ]
      },
      "properties": {
        "osm_id": 6646368533,
        "osm_type": "node",
        "group": "natural",
        "primary_key": "natural",
        "primary_value": "tree",
        "name": null,
        "addr_full": null,
        "all_tags_json": "{\"natural\": \"tree\"}"
      }
    },
    {
      "type": "Feature",
      "geometry": {
        "type": "Point",
        "coordinates": [
          72.9839356,
          33.6867852
        ]
      },
      "properties": {
        "osm_id": 6646368534,
        "osm_type": "node",
        "group": "natural",
        "primary_key": "natural",
        "primary_value": "tree",
        "name": null,
        "addr_full": null,
        "all_tags_json": "{\"natural\": \"tree\"}"
      }
    },
    {
      "type": "Feature",
      "geometry": {
        "type": "Point",
        "coordinates": [
          73.1263505,
          33.7052244
        ]
      },
      "properties": {
        "osm_id": 7921314,
        "osm_type": "way",
        "group": "natural",
        "primary_key": "natural",
        "primary_value": "water",
        "name": "راول جھیل",
        "addr_full": null,
        "all_tags_json": "{\"boat\": \"yes\", \"name\": \"راول جھیل\", \"name:ar\": \"بحيرة راول\", \"name:en\": \"Rawal Lake\", \"name:hi\": \"रावल झील\", \"name:ur\": \"راول جھیل\", \"natural\": \"water\", \"water\": \"lake\", \"wikidata\": \"Q5268374\", \"wikimedia_commons\": \"Category:Rawal Lake\", \"wikipedia\": \"ur:راول جھیل\"}"
      }
    },
    {
      "type": "Feature",
      "geometry": {
        "type": "Point",
        "coordinates": [
          72.9732729,
          33.6612382
        ]
      },
      "properties": {
        "osm_id": 233419003,
        "osm_type": "way",
        "group": "natural",
        "primary_key": "natural",
        "primary_value": "water",
        "name": null,
        "addr_full": null,
        "all_tags_json": "{\"area\": \"yes\", \"natural\": \"water\"}"
      }
    },
    {
      "type": "Feature",
      "geometry": {
        "type": "Point",
        "coordinates": [
          73.0239415,
          33.705401
        ]
      },
      "properties": {
        "osm_id": 320393000,
        "osm_type": "way",
        "group": "natural",
        "primary_key": "natural",
        "primary_value": "water",
        "name": null,
        "addr_full": null,
        "all_tags_json": "{\"natural\": \"water\", \"water\": \"lake\"}"
      }
    },
    {
      "type": "Feature",
      "geometry": {
        "type": "Point",
        "coordinates": [
          73.0234578,
          33.7052844
        ]
      },
      "properties": {
        "osm_id": 320393003,
        "osm_type": "way",
        "group": "natural",
        "primary_key": "natural",
        "primary_value": "water",
        "name": null,
        "addr_full": null,
        "all_tags_json": "{\"natural\": \"water\", \"water\": \"lake\"}"
      }
    },
    {
      "type": "Feature",
      "geometry": {
        "type": "Point",
        "coordinates": [
          73.1696802,
          33.7299764
        ]
      },
      "properties": {
        "osm_id": 450277812,
        "osm_type": "way",
        "group": "natural",
        "primary_key": "natural",
        "primary_value": "water",
        "name": "کورنگ ندی",
        "addr_full": null,
        "all_tags_json": "{\"name\": \"کورنگ ندی\", \"name:pnb\": \"کورنگ نالہ\", \"name:ur\": \"کورنگ ندی\", \"natural\": \"water\", \"water\": \"river\", \"wikidata\": \"Q6431403\", \"wikimedia_commons\": \"Category:Korang River\", \"wikipedia\": \"ur:کورنگ ندی\"}"
      }
    },
    {
      "type": "Feature",
      "geometry": {
        "type": "Point",
        "coordinates": [
          73.1018858,
          33.666414
        ]
      },
      "properties": {
        "osm_id": 452510140,
        "osm_type": "way",
        "group": "natural",
        "primary_key": "natural",
        "primary_value": "water",
        "name": null,
        "addr_full": null,
        "all_tags_json": "{\"natural\": \"water\", \"water\": \"pond\"}"
      }
    },
    {
      "type": "Feature",
      "geometry": {
        "type": "Point",
        "coordinates": [
          72.9906649,
          33.6812412
        ]
      },
      "properties": {
        "osm_id": 469552009,
        "osm_type": "way",
        "group": "natural",
        "primary_key": "natural",
        "primary_value": "water",
        "name": null,
        "addr_full": null,
        "all_tags_json": "{\"natural\": \"water\", \"water\": \"pond\"}"
      }
    },
    {
      "type": "Feature",
      "geometry": {
        "type": "Point",
        "coordinates": [
          73.0130918,
          33.7027804
        ]
      },
      "properties": {
        "osm_id": 469765602,
        "osm_type": "way",
        "group": "natural",
        "primary_key": "natural",
        "primary_value": "water",
        "name": null,
        "addr_full": null,
        "all_tags_json": "{\"natural\": \"water\"}"
      }
    },
    {
      "type": "Feature",
      "geometry": {
        "type": "Point",
        "coordinates": [
          73.0869133,
          33.7365364
        ]
      },
      "properties": {
        "osm_id": 472340186,
        "osm_type": "way",
        "group": "natural",
        "primary_key": "natural",
        "primary_value": "water",
        "name": null,
        "addr_full": null,
        "all_tags_json": "{\"natural\": \"water\"}"
      }
    },
    {
      "type": "Feature",
      "geometry": {
        "type": "Point",
        "coordinates": [
          73.0866033,
          33.7351841
        ]
      },
      "properties": {
        "osm_id": 472340187,
        "osm_type": "way",
        "group": "natural",
        "primary_key": "natural",
        "primary_value": "water",
        "name": null,
        "addr_full": null,
        "all_tags_json": "{\"natural\": \"water\"}"
      }
    },
    {
      "type": "Feature",
      "geometry": {
        "type": "Point",
        "coordinates": [
          73.086995,
          33.737181
        ]
      },
      "properties": {
        "osm_id": 472340192,
        "osm_type": "way",
        "group": "natural",
        "primary_key": "natural",
        "primary_value": "water",
        "name": null,
        "addr_full": null,
        "all_tags_json": "{\"natural\": \"water\"}"
      }
    },
    {
      "type": "Feature",
      "geometry": {
        "type": "Point",
        "coordinates": [
          73.0361851,
          33.7005189
        ]
      },
      "properties": {
        "osm_id": 472387384,
        "osm_type": "way",
        "group": "natural",
        "primary_key": "natural",
        "primary_value": "water",
        "name": null,
        "addr_full": null,
        "all_tags_json": "{\"natural\": \"water\"}"
      }
    },
    {
      "type": "Feature",
      "geometry": {
        "type": "Point",
        "coordinates": [
          73.0108686,
          33.703517
        ]
      },
      "properties": {
        "osm_id": 473069948,
        "osm_type": "way",
        "group": "natural",
        "primary_key": "natural",
        "primary_value": "water",
        "name": null,
        "addr_full": null,
        "all_tags_json": "{\"natural\": \"water\"}"
      }
    },
    {
      "type": "Feature",
      "geometry": {
        "type": "Point",
        "coordinates": [
          73.112551,
          33.6917666
        ]
      },
      "properties": {
        "osm_id": 473859435,
        "osm_type": "way",
        "group": "natural",
        "primary_key": "natural",
        "primary_value": "water",
        "name": null,
        "addr_full": null,
        "all_tags_json": "{\"natural\": \"water\"}"
      }
    },
    {
      "type": "Feature",
      "geometry": {
        "type": "Point",
        "coordinates": [
          73.078446,
          33.7354802
        ]
      },
      "properties": {
        "osm_id": 543830658,
        "osm_type": "way",
        "group": "natural",
        "primary_key": "natural",
        "primary_value": "water",
        "name": null,
        "addr_full": null,
        "all_tags_json": "{\"natural\": \"water\"}"
      }
    },
    {
      "type": "Feature",
      "geometry": {
        "type": "Point",
        "coordinates": [
          72.9734028,
          33.7040633
        ]
      },
      "properties": {
        "osm_id": 545313702,
        "osm_type": "way",
        "group": "natural",
        "primary_key": "natural",
        "primary_value": "water",
        "name": null,
        "addr_full": null,
        "all_tags_json": "{\"natural\": \"water\"}"
      }
    },
    {
      "type": "Feature",
      "geometry": {
        "type": "Point",
        "coordinates": [
          73.0774637,
          33.6942733
        ]
      },
      "properties": {
        "osm_id": 547345440,
        "osm_type": "way",
        "group": "natural",
        "primary_key": "natural",
        "primary_value": "water",
        "name": null,
        "addr_full": null,
        "all_tags_json": "{\"natural\": \"water\"}"
      }
    },
    {
      "type": "Feature",
      "geometry": {
        "type": "Point",
        "coordinates": [
          73.0607697,
          33.7323667
        ]
      },
      "properties": {
        "osm_id": 549368889,
        "osm_type": "way",
        "group": "natural",
        "primary_key": "natural",
        "primary_value": "water",
        "name": null,
        "addr_full": null,
        "all_tags_json": "{\"natural\": \"water\"}"
      }
    },
    {
      "type": "Feature",
      "geometry": {
        "type": "Point",
        "coordinates": [
          73.0621376,
          33.7311081
        ]
      },
      "properties": {
        "osm_id": 549369064,
        "osm_type": "way",
        "group": "natural",
        "primary_key": "natural",
        "primary_value": "water",
        "name": null,
        "addr_full": null,
        "all_tags_json": "{\"natural\": \"water\"}"
      }
    },
    {
      "type": "Feature",
      "geometry": {
        "type": "Point",
        "coordinates": [
          73.061401,
          33.7307099
        ]
      },
      "properties": {
        "osm_id": 549369065,
        "osm_type": "way",
        "group": "natural",
        "primary_key": "natural",
        "primary_value": "water",
        "name": null,
        "addr_full": null,
        "all_tags_json": "{\"natural\": \"water\"}"
      }
    },
    {
      "type": "Feature",
      "geometry": {
        "type": "Point",
        "coordinates": [
          73.0176058,
          33.6977972
        ]
      },
      "properties": {
        "osm_id": 549374469,
        "osm_type": "way",
        "group": "natural",
        "primary_key": "natural",
        "primary_value": "water",
        "name": null,
        "addr_full": null,
        "all_tags_json": "{\"natural\": \"water\"}"
      }
    },
    {
      "type": "Feature",
      "geometry": {
        "type": "Point",
        "coordinates": [
          73.0162304,
          33.6976347
        ]
      },
      "properties": {
        "osm_id": 549375801,
        "osm_type": "way",
        "group": "natural",
        "primary_key": "natural",
        "primary_value": "water",
        "name": null,
        "addr_full": null,
        "all_tags_json": "{\"natural\": \"water\"}"
      }
    },
    {
      "type": "Feature",
      "geometry": {
        "type": "Point",
        "coordinates": [
          73.0131952,
          33.6995743
        ]
      },
      "properties": {
        "osm_id": 549377999,
        "osm_type": "way",
        "group": "natural",
        "primary_key": "natural",
        "primary_value": "water",
        "name": null,
        "addr_full": null,
        "all_tags_json": "{\"natural\": \"water\"}"
      }
    },
    {
      "type": "Feature",
      "geometry": {
        "type": "Point",
        "coordinates": [
          73.0195916,
          33.7067585
        ]
      },
      "properties": {
        "osm_id": 549383880,
        "osm_type": "way",
        "group": "natural",
        "primary_key": "natural",
        "primary_value": "water",
        "name": null,
        "addr_full": null,
        "all_tags_json": "{\"natural\": \"water\"}"
      }
    },
    {
      "type": "Feature",
      "geometry": {
        "type": "Point",
        "coordinates": [
          73.0168234,
          33.7059299
        ]
      },
      "properties": {
        "osm_id": 549411577,
        "osm_type": "way",
        "group": "natural",
        "primary_key": "natural",
        "primary_value": "water",
        "name": null,
        "addr_full": null,
        "all_tags_json": "{\"natural\": \"water\"}"
      }
    },
    {
      "type": "Feature",
      "geometry": {
        "type": "Point",
        "coordinates": [
          73.0197052,
          33.7067738
        ]
      },
      "properties": {
        "osm_id": 549413822,
        "osm_type": "way",
        "group": "natural",
        "primary_key": "natural",
        "primary_value": "water",
        "name": null,
        "addr_full": null,
        "all_tags_json": "{\"natural\": \"water\"}"
      }
    },
    {
      "type": "Feature",
      "geometry": {
        "type": "Point",
        "coordinates": [
          73.0171995,
          33.7071998
        ]
      },
      "properties": {
        "osm_id": 549414706,
        "osm_type": "way",
        "group": "natural",
        "primary_key": "natural",
        "primary_value": "water",
        "name": null,
        "addr_full": null,
        "all_tags_json": "{\"natural\": \"water\"}"
      }
    },
    {
      "type": "Feature",
      "geometry": {
        "type": "Point",
        "coordinates": [
          73.0232543,
          33.7085955
        ]
      },
      "properties": {
        "osm_id": 549420205,
        "osm_type": "way",
        "group": "natural",
        "primary_key": "natural",
        "primary_value": "water",
        "name": null,
        "addr_full": null,
        "all_tags_json": "{\"natural\": \"water\", \"water\": \"Fountain\"}"
      }
    },
    {
      "type": "Feature",
      "geometry": {
        "type": "Point",
        "coordinates": [
          73.0222227,
          33.7067136
        ]
      },
      "properties": {
        "osm_id": 549422359,
        "osm_type": "way",
        "group": "natural",
        "primary_key": "natural",
        "primary_value": "water",
        "name": null,
        "addr_full": null,
        "all_tags_json": "{\"natural\": \"water\", \"water\": \"fountain\"}"
      }
    },
    {
      "type": "Feature",
      "geometry": {
        "type": "Point",
        "coordinates": [
          73.0248404,
          33.7061454
        ]
      },
      "properties": {
        "osm_id": 549696038,
        "osm_type": "way",
        "group": "natural",
        "primary_key": "natural",
        "primary_value": "water",
        "name": null,
        "addr_full": null,
        "all_tags_json": "{\"natural\": \"water\"}"
      }
    },
    {
      "type": "Feature",
      "geometry": {
        "type": "Point",
        "coordinates": [
          73.0230974,
          33.7100495
        ]
      },
      "properties": {
        "osm_id": 549993275,
        "osm_type": "way",
        "group": "natural",
        "primary_key": "natural",
        "primary_value": "water",
        "name": null,
        "addr_full": null,
        "all_tags_json": "{\"natural\": \"water\"}"
      }
    },
    {
      "type": "Feature",
      "geometry": {
        "type": "Point",
        "coordinates": [
          73.0249673,
          33.7026405
        ]
      },
      "properties": {
        "osm_id": 549998106,
        "osm_type": "way",
        "group": "natural",
        "primary_key": "natural",
        "primary_value": "water",
        "name": null,
        "addr_full": null,
        "all_tags_json": "{\"natural\": \"water\"}"
      }
    },
    {
      "type": "Feature",
      "geometry": {
        "type": "Point",
        "coordinates": [
          73.0248951,
          33.7037165
        ]
      },
      "properties": {
        "osm_id": 549999646,
        "osm_type": "way",
        "group": "natural",
        "primary_key": "natural",
        "primary_value": "water",
        "name": null,
        "addr_full": null,
        "all_tags_json": "{\"natural\": \"water\"}"
      }
    },
    {
      "type": "Feature",
      "geometry": {
        "type": "Point",
        "coordinates": [
          73.0257098,
          33.7029437
        ]
      },
      "properties": {
        "osm_id": 550000336,
        "osm_type": "way",
        "group": "natural",
        "primary_key": "natural",
        "primary_value": "water",
        "name": null,
        "addr_full": null,
        "all_tags_json": "{\"natural\": \"water\"}"
      }
    },
    {
      "type": "Feature",
      "geometry": {
        "type": "Point",
        "coordinates": [
          73.0230469,
          33.7052237
        ]
      },
      "properties": {
        "osm_id": 550000748,
        "osm_type": "way",
        "group": "natural",
        "primary_key": "natural",
        "primary_value": "water",
        "name": null,
        "addr_full": null,
        "all_tags_json": "{\"natural\": \"water\"}"
      }
    },
    {
      "type": "Feature",
      "geometry": {
        "type": "Point",
        "coordinates": [
          73.0263132,
          33.7026781
        ]
      },
      "properties": {
        "osm_id": 550001008,
        "osm_type": "way",
        "group": "natural",
        "primary_key": "natural",
        "primary_value": "water",
        "name": null,
        "addr_full": null,
        "all_tags_json": "{\"natural\": \"water\"}"
      }
    },
    {
      "type": "Feature",
      "geometry": {
        "type": "Point",
        "coordinates": [
          73.0237871,
          33.7081618
        ]
      },
      "properties": {
        "osm_id": 550211731,
        "osm_type": "way",
        "group": "natural",
        "primary_key": "natural",
        "primary_value": "water",
        "name": null,
        "addr_full": null,
        "all_tags_json": "{\"natural\": \"water\"}"
      }
    },
    {
      "type": "Feature",
      "geometry": {
        "type": "Point",
        "coordinates": [
          73.0244895,
          33.704289
        ]
      },
      "properties": {
        "osm_id": 550214203,
        "osm_type": "way",
        "group": "natural",
        "primary_key": "natural",
        "primary_value": "water",
        "name": null,
        "addr_full": null,
        "all_tags_json": "{\"natural\": \"water\"}"
      }
    },
    {
      "type": "Feature",
      "geometry": {
        "type": "Point",
        "coordinates": [
          72.9681255,
          33.6932216
        ]
      },
      "properties": {
        "osm_id": 551206366,
        "osm_type": "way",
        "group": "natural",
        "primary_key": "natural",
        "primary_value": "water",
        "name": null,
        "addr_full": null,
        "all_tags_json": "{\"intermittent\": \"no\", \"natural\": \"water\", \"salt\": \"no\", \"water\": \"pond\"}"
      }
    },
    {
      "type": "Feature",
      "geometry": {
        "type": "Point",
        "coordinates": [
          72.9791392,
          33.6893474
        ]
      },
      "properties": {
        "osm_id": 555154842,
        "osm_type": "way",
        "group": "natural",
        "primary_key": "natural",
        "primary_value": "water",
        "name": null,
        "addr_full": null,
        "all_tags_json": "{\"natural\": \"water\"}"
      }
    },
    {
      "type": "Feature",
      "geometry": {
        "type": "Point",
        "coordinates": [
          72.9877807,
          33.6887204
        ]
      },
      "properties": {
        "osm_id": 7944482,
        "osm_type": "relation",
        "group": "natural",
        "primary_key": "natural",
        "primary_value": "water",
        "name": null,
        "addr_full": null,
        "all_tags_json": "{\"natural\": \"water\", \"type\": \"multipolygon\"}"
      }
    },
    {
      "type": "Feature",
      "geometry": {
        "type": "Point",
        "coordinates": [
          73.0137624,
          33.7049442
        ]
      },
      "properties": {
        "osm_id": 12675146,
        "osm_type": "relation",
        "group": "natural",
        "primary_key": "natural",
        "primary_value": "water",
        "name": null,
        "addr_full": null,
        "all_tags_json": "{\"natural\": \"water\", \"type\": \"multipolygon\"}"
      }
    },
    {
      "type": "Feature",
      "geometry": {
        "type": "Point",
        "coordinates": [
          73.0154939,
          33.6974387
        ]
      },
      "properties": {
        "osm_id": 12726106,
        "osm_type": "relation",
        "group": "natural",
        "primary_key": "natural",
        "primary_value": "water",
        "name": null,
        "addr_full": null,
        "all_tags_json": "{\"natural\": \"water\", \"type\": \"multipolygon\"}"
      }
    },
    {
      "type": "Feature",
      "geometry": {
        "type": "Point",
        "coordinates": [
          73.1092046,
          33.6636411
        ]
      },
      "properties": {
        "osm_id": 16419154,
        "osm_type": "relation",
        "group": "natural",
        "primary_key": "natural",
        "primary_value": "water",
        "name": null,
        "addr_full": null,
        "all_tags_json": "{\"intermittent\": \"no\", \"natural\": \"water\", \"type\": \"multipolygon\", \"water\": \"river\"}"
      }
    },
    {
      "type": "Feature",
      "geometry": {
        "type": "Point",
        "coordinates": [
          73.0362653,
          33.6822331
        ]
      },
      "properties": {
        "osm_id": 275772610,
        "osm_type": "node",
        "group": "tourism",
        "primary_key": "tourism",
        "primary_value": "hotel",
        "name": "Laraib Inn",
        "addr_full": "Rohtas Road",
        "all_tags_json": "{\"addr:city:ar\": \"إسلام آباد\", \"addr:city:en\": \"Islamabad\", \"addr:city:ks\": \"اِسلام آبادٖ\", \"addr:city:pnb\": \"اسلام آباد\", \"addr:city:ps\": \"اسلام آباد\", \"addr:city:sd\": \"اسلام آباد\", \"addr:city:ur\": \"اسلام آباد\", \"addr:street\": \"Rohtas Road\", \"name\": \"Laraib Inn\", \"source\": \"Yahoo + Local Knowledge\", \"tourism\": \"hotel\"}"
      }
    },
    {
      "type": "Feature",
      "geometry": {
        "type": "Point",
        "coordinates": [
          73.0565451,
          33.7211151
        ]
      },
      "properties": {
        "osm_id": 977852301,
        "osm_type": "node",
        "group": "tourism",
        "primary_key": "tourism",
        "primary_value": "hotel",
        "name": "Hill View Hotel",
        "addr_full": "F 7 Markaz, اسلام آباد",
        "all_tags_json": "{\"addr:city\": \"اسلام آباد\", \"addr:city:ar\": \"إسلام آباد\", \"addr:city:en\": \"Islamabad\", \"addr:city:ks\": \"اِسلام آبادٖ\", \"addr:city:pnb\": \"اسلام آباد\", \"addr:city:ps\": \"اسلام آباد\", \"addr:city:sd\": \"اسلام آباد\", \"addr:city:ur\": \"اسلام آباد\", \"addr:street\": \"F 7 Markaz\", \"email\": \"info@hotelhillview.net\", \"fax\": \"+92-51-2608520\", \"internet_access\": \"yes\", \"name\": \"Hill View Hotel\", \"phone\": \"+92-51-8319000\", \"stars\": \"2\", \"tourism\": \"hotel\", \"website\": \"https://hotelhillview.net/\"}"
      }
    },
    {
      "type": "Feature",
      "geometry": {
        "type": "Point",
        "coordinates": [
          73.068271,
          33.728561
        ]
      },
      "properties": {
        "osm_id": 2142192669,
        "osm_type": "node",
        "group": "tourism",
        "primary_key": "tourism",
        "primary_value": "hotel",
        "name": "Fortalice Koshar",
        "addr_full": "26, F-6/2, 18, اسلام آباد",
        "all_tags_json": "{\"addr:city\": \"اسلام آباد\", \"addr:city:ar\": \"إسلام آباد\", \"addr:city:en\": \"Islamabad\", \"addr:city:ks\": \"اِسلام آبادٖ\", \"addr:city:pnb\": \"اسلام آباد\", \"addr:city:ps\": \"اسلام آباد\", \"addr:city:sd\": \"اسلام آباد\", \"addr:city:ur\": \"اسلام آباد\", \"addr:housenumber\": \"18\", \"addr:street\": \"26, F-6/2\", \"internet_access\": \"wlan\", \"internet_access:fee\": \"yes\", \"name\": \"Fortalice Koshar\", \"note\": \"kohsar@fortalice.com.pk\", \"phone\": \"+92 51 2820304\", \"smoking\": \"separated\", \"tourism\": \"hotel\", \"website\": \"www.fortalice.com.pk\", \"wheelchair\": \"limited\"}"
      }
    },
    {
      "type": "Feature",
      "geometry": {
        "type": "Point",
        "coordinates": [
          73.0520807,
          33.7195965
        ]
      },
      "properties": {
        "osm_id": 2169733225,
        "osm_type": "node",
        "group": "tourism",
        "primary_key": "tourism",
        "primary_value": "hotel",
        "name": "Comfort Residency",
        "addr_full": "College Road, Street 16, F-7/2, 47, اسلام آباد",
        "all_tags_json": "{\"addr:city\": \"اسلام آباد\", \"addr:city:ar\": \"إسلام آباد\", \"addr:city:en\": \"Islamabad\", \"addr:city:ks\": \"اِسلام آبادٖ\", \"addr:city:pnb\": \"اسلام آباد\", \"addr:city:ps\": \"اسلام آباد\", \"addr:city:sd\": \"اسلام آباد\", \"addr:city:ur\": \"اسلام آباد\", \"addr:housenumber\": \"47\", \"addr:province\": \"Punjab\", \"addr:street\": \"College Road, Street 16, F-7/2\", \"internet_access\": \"wlan\", \"internet_access:fee\": \"no\", \"name\": \"Comfort Residency\", \"note\": \"Very good accomondation in Islamabad close the shops and restaurants.\", \"phone\": \"+92 51 2609301\", \"smoking\": \"separated\", \"source\": \"local_knowledge\", \"tourism\": \"hotel\", \"website\": \"www.comfortresidencyisb.com\", \"wheelchair\": \"limited\"}"
      }
    },
    {
      "type": "Feature",
      "geometry": {
        "type": "Point",
        "coordinates": [
          73.0596301,
          33.7107225
        ]
      },
      "properties": {
        "osm_id": 2247154027,
        "osm_type": "node",
        "group": "tourism",
        "primary_key": "tourism",
        "primary_value": "hotel",
        "name": "ایلچی کانٹی نینٹل ہوٹل",
        "addr_full": "اسلام آباد",
        "all_tags_json": "{\"addr:city\": \"اسلام آباد\", \"addr:city:ar\": \"إسلام آباد\", \"addr:city:ks\": \"اِسلام آبادٖ\", \"addr:city:pnb\": \"اسلام آباد\", \"addr:city:ps\": \"اسلام آباد\", \"addr:city:sd\": \"اسلام آباد\", \"addr:city:ur\": \"اسلام آباد\", \"name\": \"ایلچی کانٹی نینٹل ہوٹل\", \"name:en\": \"Envoy Continental Hotel\", \"name:ur\": \"ایلچی کانٹی نینٹل ہوٹل\", \"tourism\": \"hotel\", \"wikidata\": \"Q112002432\"}"
      }
    },
    {
      "type": "Feature",
      "geometry": {
        "type": "Point",
        "coordinates": [
          73.0861695,
          33.7326104
        ]
      },
      "properties": {
        "osm_id": 3517205624,
        "osm_type": "node",
        "group": "tourism",
        "primary_key": "tourism",
        "primary_value": "hotel",
        "name": "Marriott Hotel",
        "addr_full": "Service Road West G5;Service Road West F5, اسلام آباد",
        "all_tags_json": "{\"addr:city\": \"اسلام آباد\", \"addr:city:ar\": \"إسلام آباد\", \"addr:city:en\": \"Islamabad\", \"addr:city:ks\": \"اِسلام آبادٖ\", \"addr:city:pnb\": \"اسلام آباد\", \"addr:city:ps\": \"اسلام آباد\", \"addr:city:sd\": \"اسلام آباد\", \"addr:city:ur\": \"اسلام آباد\", \"addr:street\": \"Service Road West G5;Service Road West F5\", \"name\": \"Marriott Hotel\", \"tourism\": \"hotel\"}"
      }
    },
    {
      "type": "Feature",
      "geometry": {
        "type": "Point",
        "coordinates": [
          73.0690439,
          33.7051387
        ]
      },
      "properties": {
        "osm_id": 3810190427,
        "osm_type": "node",
        "group": "tourism",
        "primary_key": "tourism",
        "primary_value": "hotel",
        "name": "Heaven Heights Hotel",
        "addr_full": null,
        "all_tags_json": "{\"name\": \"Heaven Heights Hotel\", \"tourism\": \"hotel\"}"
      }
    },
    {
      "type": "Feature",
      "geometry": {
        "type": "Point",
        "coordinates": [
          73.0714023,
          33.703488
        ]
      },
      "properties": {
        "osm_id": 4338385491,
        "osm_type": "node",
        "group": "tourism",
        "primary_key": "tourism",
        "primary_value": "hotel",
        "name": "Hotel Al-Habib",
        "addr_full": "Muhammad Buksh Road",
        "all_tags_json": "{\"addr:street\": \"Muhammad Buksh Road\", \"air_conditioning\": \"yes\", \"check_date\": \"2023-03-26\", \"internet_access\": \"wlan\", \"name\": \"Hotel Al-Habib\", \"opening_hours\": \"24/7\", \"phone\": \"923004137171\", \"reservation\": \"yes\", \"stars\": \"2\", \"tourism\": \"hotel\", \"wheelchair\": \"no\"}"
      }
    },
    {
      "type": "Feature",
      "geometry": {
        "type": "Point",
        "coordinates": [
          73.0677445,
          33.7246898
        ]
      },
      "properties": {
        "osm_id": 4427390889,
        "osm_type": "node",
        "group": "tourism",
        "primary_key": "tourism",
        "primary_value": "hotel",
        "name": "Avari",
        "addr_full": null,
        "all_tags_json": "{\"internet_access\": \"wlan\", \"name\": \"Avari\", \"name:cs\": \"Avari\", \"name:en\": \"Avari\", \"tourism\": \"hotel\"}"
      }
    },
    {
      "type": "Feature",
      "geometry": {
        "type": "Point",
        "coordinates": [
          73.0507661,
          33.688635
        ]
      },
      "properties": {
        "osm_id": 4503826800,
        "osm_type": "node",
        "group": "tourism",
        "primary_key": "tourism",
        "primary_value": "hotel",
        "name": "Bolan Hotel",
        "addr_full": "Street 12, اسلام آباد",
        "all_tags_json": "{\"addr:city\": \"اسلام آباد\", \"addr:city:ar\": \"إسلام آباد\", \"addr:city:en\": \"Islamabad\", \"addr:city:ks\": \"اِسلام آبادٖ\", \"addr:city:pnb\": \"اسلام آباد\", \"addr:city:ps\": \"اسلام آباد\", \"addr:city:sd\": \"اسلام آباد\", \"addr:city:ur\": \"اسلام آباد\", \"addr:street\": \"Street 12\", \"name\": \"Bolan Hotel\", \"tourism\": \"hotel\"}"
      }
    },
    {
      "type": "Feature",
      "geometry": {
        "type": "Point",
        "coordinates": [
          73.051873,
          33.6893182
        ]
      },
      "properties": {
        "osm_id": 4503826802,
        "osm_type": "node",
        "group": "tourism",
        "primary_key": "tourism",
        "primary_value": "hotel",
        "name": "Al Feroz Hotel",
        "addr_full": "Street 12, اسلام آباد",
        "all_tags_json": "{\"addr:city\": \"اسلام آباد\", \"addr:city:ar\": \"إسلام آباد\", \"addr:city:en\": \"Islamabad\", \"addr:city:ks\": \"اِسلام آبادٖ\", \"addr:city:pnb\": \"اسلام آباد\", \"addr:city:ps\": \"اسلام آباد\", \"addr:city:sd\": \"اسلام آباد\", \"addr:city:ur\": \"اسلام آباد\", \"addr:street\": \"Street 12\", \"name\": \"Al Feroz Hotel\", \"tourism\": \"hotel\"}"
      }
    },
    {
      "type": "Feature",
      "geometry": {
        "type": "Point",
        "coordinates": [
          73.109716,
          33.690461
        ]
      },
      "properties": {
        "osm_id": 4528315589,
        "osm_type": "node",
        "group": "tourism",
        "primary_key": "tourism",
        "primary_value": "hotel",
        "name": "DreamLand hotel",
        "addr_full": "Murree Road",
        "all_tags_json": "{\"addr:street\": \"Murree Road\", \"name\": \"DreamLand hotel\", \"tourism\": \"hotel\"}"
      }
    },
    {
      "type": "Feature",
      "geometry": {
        "type": "Point",
        "coordinates": [
          73.0675022,
          33.6600399
        ]
      },
      "properties": {
        "osm_id": 4564000425,
        "osm_type": "node",
        "group": "tourism",
        "primary_key": "tourism",
        "primary_value": "hotel",
        "name": "Chintoo's House",
        "addr_full": null,
        "all_tags_json": "{\"name\": \"Chintoo's House\", \"tourism\": \"hotel\"}"
      }
    },
    {
      "type": "Feature",
      "geometry": {
        "type": "Point",
        "coordinates": [
          73.0718996,
          33.7034369
        ]
      },
      "properties": {
        "osm_id": 4718634890,
        "osm_type": "node",
        "group": "tourism",
        "primary_key": "tourism",
        "primary_value": "hotel",
        "name": "Islamabad Premiere Inn",
        "addr_full": "Muhammad Buksh Road",
        "all_tags_json": "{\"addr:street\": \"Muhammad Buksh Road\", \"internet_access\": \"wlan\", \"name\": \"Islamabad Premiere Inn\", \"opening_hours\": \"24/7\", \"operator\": \"Private Residence\", \"phone\": \"+92512204800\", \"tourism\": \"hotel\"}"
      }
    },
    {
      "type": "Feature",
      "geometry": {
        "type": "Point",
        "coordinates": [
          73.0334995,
          33.7146191
        ]
      },
      "properties": {
        "osm_id": 4728011095,
        "osm_type": "node",
        "group": "tourism",
        "primary_key": "tourism",
        "primary_value": "hotel",
        "name": "Bismillah Tikka & Charga House",
        "addr_full": "Street 21, اسلام آباد",
        "all_tags_json": "{\"addr:city\": \"اسلام آباد\", \"addr:city:ar\": \"إسلام آباد\", \"addr:city:en\": \"Islamabad\", \"addr:city:ks\": \"اِسلام آبادٖ\", \"addr:city:pnb\": \"اسلام آباد\", \"addr:city:ps\": \"اسلام آباد\", \"addr:city:sd\": \"اسلام آباد\", \"addr:city:ur\": \"اسلام آباد\", \"addr:street\": \"Street 21\", \"name\": \"Bismillah Tikka & Charga House\", \"tourism\": \"hotel\"}"
      }
    },
    {
      "type": "Feature",
      "geometry": {
        "type": "Point",
        "coordinates": [
          72.9919737,
          33.6622887
        ]
      },
      "properties": {
        "osm_id": 4880262576,
        "osm_type": "node",
        "group": "tourism",
        "primary_key": "tourism",
        "primary_value": "hotel",
        "name": "نیا عباسی ہوٹل",
        "addr_full": "سروس روڈ ویسٹ جی-11, اسلام آباد",
        "all_tags_json": "{\"addr:city\": \"اسلام آباد\", \"addr:city:ar\": \"إسلام آباد\", \"addr:city:en\": \"Islamabad\", \"addr:city:ks\": \"اِسلام آبادٖ\", \"addr:city:pnb\": \"اسلام آباد\", \"addr:city:ps\": \"اسلام آباد\", \"addr:city:sd\": \"اسلام آباد\", \"addr:city:ur\": \"اسلام آباد\", \"addr:street\": \"سروس روڈ ویسٹ جی-11\", \"name\": \"نیا عباسی ہوٹل\", \"name:en\": \"New Abbasi Hotel\", \"name:ur\": \"نیا عباسی ہوٹل\", \"tourism\": \"hotel\"}"
      }
    },
    {
      "type": "Feature",
      "geometry": {
        "type": "Point",
        "coordinates": [
          72.9852148,
          33.6712029
        ]
      },
      "properties": {
        "osm_id": 4880297946,
        "osm_type": "node",
        "group": "tourism",
        "primary_key": "tourism",
        "primary_value": "hotel",
        "name": "Bismillah Hazara Hotel",
        "addr_full": "Service Road West G-11, اسلام آباد",
        "all_tags_json": "{\"addr:city\": \"اسلام آباد\", \"addr:city:ar\": \"إسلام آباد\", \"addr:city:en\": \"Islamabad\", \"addr:city:ks\": \"اِسلام آبادٖ\", \"addr:city:pnb\": \"اسلام آباد\", \"addr:city:ps\": \"اسلام آباد\", \"addr:city:sd\": \"اسلام آباد\", \"addr:city:ur\": \"اسلام آباد\", \"addr:street\": \"Service Road West G-11\", \"name\": \"Bismillah Hazara Hotel\", \"tourism\": \"hotel\"}"
      }
    },
    {
      "type": "Feature",
      "geometry": {
        "type": "Point",
        "coordinates": [
          72.9857647,
          33.670534
        ]
      },
      "properties": {
        "osm_id": 4880297947,
        "osm_type": "node",
        "group": "tourism",
        "primary_key": "tourism",
        "primary_value": "hotel",
        "name": "Bismillah Naan Centre",
        "addr_full": "Service Road West G-11, اسلام آباد",
        "all_tags_json": "{\"addr:city\": \"اسلام آباد\", \"addr:city:ar\": \"إسلام آباد\", \"addr:city:en\": \"Islamabad\", \"addr:city:ks\": \"اِسلام آبادٖ\", \"addr:city:pnb\": \"اسلام آباد\", \"addr:city:ps\": \"اسلام آباد\", \"addr:city:sd\": \"اسلام آباد\", \"addr:city:ur\": \"اسلام آباد\", \"addr:street\": \"Service Road West G-11\", \"name\": \"Bismillah Naan Centre\", \"tourism\": \"hotel\"}"
      }
    },
    {
      "type": "Feature",
      "geometry": {
        "type": "Point",
        "coordinates": [
          72.9874218,
          33.6685496
        ]
      },
      "properties": {
        "osm_id": 4880297949,
        "osm_type": "node",
        "group": "tourism",
        "primary_key": "tourism",
        "primary_value": "hotel",
        "name": "Usman's Hostel",
        "addr_full": "Service Road West G-11, اسلام آباد",
        "all_tags_json": "{\"addr:city\": \"اسلام آباد\", \"addr:city:ar\": \"إسلام آباد\", \"addr:city:en\": \"Islamabad\", \"addr:city:ks\": \"اِسلام آبادٖ\", \"addr:city:pnb\": \"اسلام آباد\", \"addr:city:ps\": \"اسلام آباد\", \"addr:city:sd\": \"اسلام آباد\", \"addr:city:ur\": \"اسلام آباد\", \"addr:street\": \"Service Road West G-11\", \"name\": \"Usman's Hostel\", \"tourism\": \"hotel\"}"
      }
    },
    {
      "type": "Feature",
      "geometry": {
        "type": "Point",
        "coordinates": [
          72.9795044,
          33.6826538
        ]
      },
      "properties": {
        "osm_id": 4880332835,
        "osm_type": "node",
        "group": "tourism",
        "primary_key": "tourism",
        "primary_value": "hotel",
        "name": "Dhabba Hotel",
        "addr_full": "Street 20, اسلام آباد",
        "all_tags_json": "{\"addr:city\": \"اسلام آباد\", \"addr:city:ar\": \"إسلام آباد\", \"addr:city:en\": \"Islamabad\", \"addr:city:ks\": \"اِسلام آبادٖ\", \"addr:city:pnb\": \"اسلام آباد\", \"addr:city:ps\": \"اسلام آباد\", \"addr:city:sd\": \"اسلام آباد\", \"addr:city:ur\": \"اسلام آباد\", \"addr:street\": \"Street 20\", \"name\": \"Dhabba Hotel\", \"tourism\": \"hotel\"}"
      }
    },
    {
      "type": "Feature",
      "geometry": {
        "type": "Point",
        "coordinates": [
          73.0435474,
          33.6854221
        ]
      },
      "properties": {
        "osm_id": 4889712016,
        "osm_type": "node",
        "group": "tourism",
        "primary_key": "tourism",
        "primary_value": "hotel",
        "name": "Hotel Royal Green",
        "addr_full": "Street 55, اسلام آباد",
        "all_tags_json": "{\"addr:city\": \"اسلام آباد\", \"addr:city:ar\": \"إسلام آباد\", \"addr:city:en\": \"Islamabad\", \"addr:city:ks\": \"اِسلام آبادٖ\", \"addr:city:pnb\": \"اسلام آباد\", \"addr:city:ps\": \"اسلام آباد\", \"addr:city:sd\": \"اسلام آباد\", \"addr:city:ur\": \"اسلام آباد\", \"addr:street\": \"Street 55\", \"name\": \"Hotel Royal Green\", \"tourism\": \"hotel\"}"
      }
    },
    {
      "type": "Feature",
      "geometry": {
        "type": "Point",
        "coordinates": [
          73.0304115,
          33.6844931
        ]
      },
      "properties": {
        "osm_id": 4889743707,
        "osm_type": "node",
        "group": "tourism",
        "primary_key": "tourism",
        "primary_value": "hotel",
        "name": "Haji Hotel",
        "addr_full": "Street 49, اسلام آباد",
        "all_tags_json": "{\"addr:city\": \"اسلام آباد\", \"addr:city:ar\": \"إسلام آباد\", \"addr:city:en\": \"Islamabad\", \"addr:city:ks\": \"اِسلام آبادٖ\", \"addr:city:pnb\": \"اسلام آباد\", \"addr:city:ps\": \"اسلام آباد\", \"addr:city:sd\": \"اسلام آباد\", \"addr:city:ur\": \"اسلام آباد\", \"addr:street\": \"Street 49\", \"name\": \"Haji Hotel\", \"tourism\": \"hotel\"}"
      }
    },
    {
      "type": "Feature",
      "geometry": {
        "type": "Point",
        "coordinates": [
          73.0341371,
          33.6876136
        ]
      },
      "properties": {
        "osm_id": 4889767113,
        "osm_type": "node",
        "group": "tourism",
        "primary_key": "tourism",
        "primary_value": "hotel",
        "name": "Hotel Al-Hira",
        "addr_full": "Mangla Road, اسلام آباد",
        "all_tags_json": "{\"addr:city\": \"اسلام آباد\", \"addr:city:ar\": \"إسلام آباد\", \"addr:city:en\": \"Islamabad\", \"addr:city:ks\": \"اِسلام آبادٖ\", \"addr:city:pnb\": \"اسلام آباد\", \"addr:city:ps\": \"اسلام آباد\", \"addr:city:sd\": \"اسلام آباد\", \"addr:city:ur\": \"اسلام آباد\", \"addr:street\": \"Mangla Road\", \"name\": \"Hotel Al-Hira\", \"tourism\": \"hotel\"}"
      }
    },
    {
      "type": "Feature",
      "geometry": {
        "type": "Point",
        "coordinates": [
          73.0340974,
          33.6881612
        ]
      },
      "properties": {
        "osm_id": 4889767114,
        "osm_type": "node",
        "group": "tourism",
        "primary_key": "tourism",
        "primary_value": "hotel",
        "name": "Hotel Al-Subhania",
        "addr_full": "Mangla Road, اسلام آباد",
        "all_tags_json": "{\"addr:city\": \"اسلام آباد\", \"addr:city:ar\": \"إسلام آباد\", \"addr:city:en\": \"Islamabad\", \"addr:city:ks\": \"اِسلام آبادٖ\", \"addr:city:pnb\": \"اسلام آباد\", \"addr:city:ps\": \"اسلام آباد\", \"addr:city:sd\": \"اسلام آباد\", \"addr:city:ur\": \"اسلام آباد\", \"addr:street\": \"Mangla Road\", \"name\": \"Hotel Al-Subhania\", \"tourism\": \"hotel\"}"
      }
    },
    {
      "type": "Feature",
      "geometry": {
        "type": "Point",
        "coordinates": [
          73.0339264,
          33.688356
        ]
      },
      "properties": {
        "osm_id": 4889767115,
        "osm_type": "node",
        "group": "tourism",
        "primary_key": "tourism",
        "primary_value": "hotel",
        "name": "Hotel City International",
        "addr_full": "Mangla Road, اسلام آباد",
        "all_tags_json": "{\"addr:city\": \"اسلام آباد\", \"addr:city:ar\": \"إسلام آباد\", \"addr:city:en\": \"Islamabad\", \"addr:city:ks\": \"اِسلام آبادٖ\", \"addr:city:pnb\": \"اسلام آباد\", \"addr:city:ps\": \"اسلام آباد\", \"addr:city:sd\": \"اسلام آباد\", \"addr:city:ur\": \"اسلام آباد\", \"addr:street\": \"Mangla Road\", \"name\": \"Hotel City International\", \"tourism\": \"hotel\"}"
      }
    },
    {
      "type": "Feature",
      "geometry": {
        "type": "Point",
        "coordinates": [
          73.0842589,
          33.6623472
        ]
      },
      "properties": {
        "osm_id": 4899250473,
        "osm_type": "node",
        "group": "tourism",
        "primary_key": "tourism",
        "primary_value": "hotel",
        "name": "AL Waqqas Hotel",
        "addr_full": "IJP Road, راولپنڈی",
        "all_tags_json": "{\"addr:city\": \"راولپنڈی\", \"addr:city:en\": \"Rawalpindi\", \"addr:city:fr\": \"Rawalpindi\", \"addr:city:pa\": \"ਰਾਵਲਪਿੰਡੀ\", \"addr:city:pnb\": \"راولپنڈی\", \"addr:city:ur\": \"راولپنڈی\", \"addr:street\": \"IJP Road\", \"name\": \"AL Waqqas Hotel\", \"tourism\": \"hotel\"}"
      }
    },
    {
      "type": "Feature",
      "geometry": {
        "type": "Point",
        "coordinates": [
          73.0844332,
          33.6621016
        ]
      },
      "properties": {
        "osm_id": 4899250474,
        "osm_type": "node",
        "group": "tourism",
        "primary_key": "tourism",
        "primary_value": "hotel",
        "name": "Hotel Travel Lodge",
        "addr_full": "Murree Road, راولپنڈی",
        "all_tags_json": "{\"addr:city\": \"راولپنڈی\", \"addr:city:en\": \"Rawalpindi\", \"addr:city:fr\": \"Rawalpindi\", \"addr:city:pa\": \"ਰਾਵਲਪਿੰਡੀ\", \"addr:city:pnb\": \"راولپنڈی\", \"addr:city:ur\": \"راولپنڈی\", \"addr:street\": \"Murree Road\", \"name\": \"Hotel Travel Lodge\", \"tourism\": \"hotel\"}"
      }
    },
    {
      "type": "Feature",
      "geometry": {
        "type": "Point",
        "coordinates": [
          73.0842052,
          33.6619453
        ]
      },
      "properties": {
        "osm_id": 4899250475,
        "osm_type": "node",
        "group": "tourism",
        "primary_key": "tourism",
        "primary_value": "hotel",
        "name": "Pearl Hotel",
        "addr_full": "Murree Road, راولپنڈی",
        "all_tags_json": "{\"addr:city\": \"راولپنڈی\", \"addr:city:en\": \"Rawalpindi\", \"addr:city:fr\": \"Rawalpindi\", \"addr:city:pa\": \"ਰਾਵਲਪਿੰਡੀ\", \"addr:city:pnb\": \"راولپنڈی\", \"addr:city:ur\": \"راولپنڈی\", \"addr:street\": \"Murree Road\", \"name\": \"Pearl Hotel\", \"tourism\": \"hotel\"}"
      }
    },
    {
      "type": "Feature",
      "geometry": {
        "type": "Point",
        "coordinates": [
          73.0845405,
          33.6615636
        ]
      },
      "properties": {
        "osm_id": 4899250476,
        "osm_type": "node",
        "group": "tourism",
        "primary_key": "tourism",
        "primary_value": "hotel",
        "name": "City View Hotel",
        "addr_full": "Murree Road, راولپنڈی",
        "all_tags_json": "{\"addr:city\": \"راولپنڈی\", \"addr:city:en\": \"Rawalpindi\", \"addr:city:fr\": \"Rawalpindi\", \"addr:city:pa\": \"ਰਾਵਲਪਿੰਡੀ\", \"addr:city:pnb\": \"راولپنڈی\", \"addr:city:ur\": \"راولپنڈی\", \"addr:street\": \"Murree Road\", \"name\": \"City View Hotel\", \"tourism\": \"hotel\"}"
      }
    },
    {
      "type": "Feature",
      "geometry": {
        "type": "Point",
        "coordinates": [
          73.0828662,
          33.6616247
        ]
      },
      "properties": {
        "osm_id": 4899250479,
        "osm_type": "node",
        "group": "tourism",
        "primary_key": "tourism",
        "primary_value": "hotel",
        "name": "Babri Hotel",
        "addr_full": "skyways, راولپنڈی",
        "all_tags_json": "{\"addr:city\": \"راولپنڈی\", \"addr:city:en\": \"Rawalpindi\", \"addr:city:fr\": \"Rawalpindi\", \"addr:city:pa\": \"ਰਾਵਲਪਿੰਡੀ\", \"addr:city:pnb\": \"راولپنڈی\", \"addr:city:ur\": \"راولپنڈی\", \"addr:street\": \"skyways\", \"name\": \"Babri Hotel\", \"tourism\": \"hotel\"}"
      }
    },
    {
      "type": "Feature",
      "geometry": {
        "type": "Point",
        "coordinates": [
          73.0834463,
          33.661912
        ]
      },
      "properties": {
        "osm_id": 4899250480,
        "osm_type": "node",
        "group": "tourism",
        "primary_key": "tourism",
        "primary_value": "hotel",
        "name": "Shahenshah Hotel",
        "addr_full": "skyways, راولپنڈی",
        "all_tags_json": "{\"addr:city\": \"راولپنڈی\", \"addr:city:en\": \"Rawalpindi\", \"addr:city:fr\": \"Rawalpindi\", \"addr:city:pa\": \"ਰਾਵਲਪਿੰਡੀ\", \"addr:city:pnb\": \"راولپنڈی\", \"addr:city:ur\": \"راولپنڈی\", \"addr:street\": \"skyways\", \"name\": \"Shahenshah Hotel\", \"tourism\": \"hotel\"}"
      }
    },
    {
      "type": "Feature",
      "geometry": {
        "type": "Point",
        "coordinates": [
          73.0964268,
          33.7238401
        ]
      },
      "properties": {
        "osm_id": 4945411878,
        "osm_type": "node",
        "group": "tourism",
        "primary_key": "tourism",
        "primary_value": "hotel",
        "name": "Hotel Grand Ambassador",
        "addr_full": "Constitution Avenue, اسلام آباد",
        "all_tags_json": "{\"addr:city\": \"اسلام آباد\", \"addr:city:ar\": \"إسلام آباد\", \"addr:city:en\": \"Islamabad\", \"addr:city:ks\": \"اِسلام آبادٖ\", \"addr:city:pnb\": \"اسلام آباد\", \"addr:city:ps\": \"اسلام آباد\", \"addr:city:sd\": \"اسلام آباد\", \"addr:city:ur\": \"اسلام آباد\", \"addr:street\": \"Constitution Avenue\", \"name\": \"Hotel Grand Ambassador\", \"tourism\": \"hotel\"}"
      }
    },
    {
      "type": "Feature",
      "geometry": {
        "type": "Point",
        "coordinates": [
          73.0790253,
          33.7209133
        ]
      },
      "properties": {
        "osm_id": 4954657327,
        "osm_type": "node",
        "group": "tourism",
        "primary_key": "tourism",
        "primary_value": "hotel",
        "name": "Hotel de Papáe (Intl)",
        "addr_full": "AKM Fazul Haq Road, اسلام آباد",
        "all_tags_json": "{\"addr:city\": \"اسلام آباد\", \"addr:city:ar\": \"إسلام آباد\", \"addr:city:en\": \"Islamabad\", \"addr:city:ks\": \"اِسلام آبادٖ\", \"addr:city:pnb\": \"اسلام آباد\", \"addr:city:ps\": \"اسلام آباد\", \"addr:city:sd\": \"اسلام آباد\", \"addr:city:ur\": \"اسلام آباد\", \"addr:street\": \"AKM Fazul Haq Road\", \"name\": \"Hotel de Papáe (Intl)\", \"tourism\": \"hotel\"}"
      }
    },
    {
      "type": "Feature",
      "geometry": {
        "type": "Point",
        "coordinates": [
          73.0852089,
          33.7161398
        ]
      },
      "properties": {
        "osm_id": 4954968372,
        "osm_type": "node",
        "group": "tourism",
        "primary_key": "tourism",
        "primary_value": "hotel",
        "name": "Taste & Taste",
        "addr_full": "Street 92, اسلام آباد",
        "all_tags_json": "{\"addr:city\": \"اسلام آباد\", \"addr:city:ar\": \"إسلام آباد\", \"addr:city:en\": \"Islamabad\", \"addr:city:ks\": \"اِسلام آبادٖ\", \"addr:city:pnb\": \"اسلام آباد\", \"addr:city:ps\": \"اسلام آباد\", \"addr:city:sd\": \"اسلام آباد\", \"addr:city:ur\": \"اسلام آباد\", \"addr:street\": \"Street 92\", \"name\": \"Taste & Taste\", \"tourism\": \"hotel\"}"
      }
    },
    {
      "type": "Feature",
      "geometry": {
        "type": "Point",
        "coordinates": [
          73.0953816,
          33.7179819
        ]
      },
      "properties": {
        "osm_id": 4956663344,
        "osm_type": "node",
        "group": "tourism",
        "primary_key": "tourism",
        "primary_value": "hotel",
        "name": "Khan Hotel",
        "addr_full": "Ataturk Avenue (Embassy Road);Ataturk Avenue, اسلام آباد",
        "all_tags_json": "{\"addr:city\": \"اسلام آباد\", \"addr:city:ar\": \"إسلام آباد\", \"addr:city:en\": \"Islamabad\", \"addr:city:ks\": \"اِسلام آبادٖ\", \"addr:city:pnb\": \"اسلام آباد\", \"addr:city:ps\": \"اسلام آباد\", \"addr:city:sd\": \"اسلام آباد\", \"addr:city:ur\": \"اسلام آباد\", \"addr:street\": \"Ataturk Avenue (Embassy Road);Ataturk Avenue\", \"name\": \"Khan Hotel\", \"tourism\": \"hotel\"}"
      }
    },
    {
      "type": "Feature",
      "geometry": {
        "type": "Point",
        "coordinates": [
          73.0942517,
          33.7110583
        ]
      },
      "properties": {
        "osm_id": 4956663355,
        "osm_type": "node",
        "group": "tourism",
        "primary_key": "tourism",
        "primary_value": "hotel",
        "name": "Marina Residency",
        "addr_full": "Street 67, اسلام آباد",
        "all_tags_json": "{\"addr:city\": \"اسلام آباد\", \"addr:city:ar\": \"إسلام آباد\", \"addr:city:en\": \"Islamabad\", \"addr:city:ks\": \"اِسلام آبادٖ\", \"addr:city:pnb\": \"اسلام آباد\", \"addr:city:ps\": \"اسلام آباد\", \"addr:city:sd\": \"اسلام آباد\", \"addr:city:ur\": \"اسلام آباد\", \"addr:street\": \"Street 67\", \"name\": \"Marina Residency\", \"tourism\": \"hotel\"}"
      }
    },
    {
      "type": "Feature",
      "geometry": {
        "type": "Point",
        "coordinates": [
          73.0872113,
          33.7072331
        ]
      },
      "properties": {
        "osm_id": 4956758368,
        "osm_type": "node",
        "group": "tourism",
        "primary_key": "tourism",
        "primary_value": "hotel",
        "name": "Country Inn",
        "addr_full": "Street 44, اسلام آباد",
        "all_tags_json": "{\"addr:city\": \"اسلام آباد\", \"addr:city:ar\": \"إسلام آباد\", \"addr:city:en\": \"Islamabad\", \"addr:city:ks\": \"اِسلام آبادٖ\", \"addr:city:pnb\": \"اسلام آباد\", \"addr:city:ps\": \"اسلام آباد\", \"addr:city:sd\": \"اسلام آباد\", \"addr:city:ur\": \"اسلام آباد\", \"addr:street\": \"Street 44\", \"name\": \"Country Inn\", \"tourism\": \"hotel\"}"
      }
    },
    {
      "type": "Feature",
      "geometry": {
        "type": "Point",
        "coordinates": [
          73.0853365,
          33.7061375
        ]
      },
      "properties": {
        "osm_id": 4956758380,
        "osm_type": "node",
        "group": "tourism",
        "primary_key": "tourism",
        "primary_value": "hotel",
        "name": "Hotel Royal City",
        "addr_full": "Street 33, اسلام آباد",
        "all_tags_json": "{\"addr:city\": \"اسلام آباد\", \"addr:city:ar\": \"إسلام آباد\", \"addr:city:en\": \"Islamabad\", \"addr:city:ks\": \"اِسلام آبادٖ\", \"addr:city:pnb\": \"اسلام آباد\", \"addr:city:ps\": \"اسلام آباد\", \"addr:city:sd\": \"اسلام آباد\", \"addr:city:ur\": \"اسلام آباد\", \"addr:street\": \"Street 33\", \"name\": \"Hotel Royal City\", \"tourism\": \"hotel\"}"
      }
    },
    {
      "type": "Feature",
      "geometry": {
        "type": "Point",
        "coordinates": [
          73.0797661,
          33.730371
        ]
      },
      "properties": {
        "osm_id": 4956981550,
        "osm_type": "node",
        "group": "tourism",
        "primary_key": "tourism",
        "primary_value": "hotel",
        "name": "Hotel One",
        "addr_full": "Agha Khan Road, اسلام آباد",
        "all_tags_json": "{\"addr:city\": \"اسلام آباد\", \"addr:city:ar\": \"إسلام آباد\", \"addr:city:en\": \"Islamabad\", \"addr:city:ks\": \"اِسلام آبادٖ\", \"addr:city:pnb\": \"اسلام آباد\", \"addr:city:ps\": \"اسلام آباد\", \"addr:city:sd\": \"اسلام آباد\", \"addr:city:ur\": \"اسلام آباد\", \"addr:street\": \"Agha Khan Road\", \"name\": \"Hotel One\", \"tourism\": \"hotel\"}"
      }
    },
    {
      "type": "Feature",
      "geometry": {
        "type": "Point",
        "coordinates": [
          73.0701592,
          33.721225
        ]
      },
      "properties": {
        "osm_id": 4958021434,
        "osm_type": "node",
        "group": "tourism",
        "primary_key": "tourism",
        "primary_value": "hotel",
        "name": "Hotel One 7th Avenue",
        "addr_full": "Service Road West F-6, اسلام آباد",
        "all_tags_json": "{\"addr:city\": \"اسلام آباد\", \"addr:city:ar\": \"إسلام آباد\", \"addr:city:en\": \"Islamabad\", \"addr:city:ks\": \"اِسلام آبادٖ\", \"addr:city:pnb\": \"اسلام آباد\", \"addr:city:ps\": \"اسلام آباد\", \"addr:city:sd\": \"اسلام آباد\", \"addr:city:ur\": \"اسلام آباد\", \"addr:street\": \"Service Road West F-6\", \"name\": \"Hotel One 7th Avenue\", \"tourism\": \"hotel\"}"
      }
    },
    {
      "type": "Feature",
      "geometry": {
        "type": "Point",
        "coordinates": [
          73.0702611,
          33.7211201
        ]
      },
      "properties": {
        "osm_id": 4958021435,
        "osm_type": "node",
        "group": "tourism",
        "primary_key": "tourism",
        "primary_value": "hotel",
        "name": "Hotel One Street 33",
        "addr_full": "Service Road West F-6, اسلام آباد",
        "all_tags_json": "{\"addr:city\": \"اسلام آباد\", \"addr:city:ar\": \"إسلام آباد\", \"addr:city:en\": \"Islamabad\", \"addr:city:ks\": \"اِسلام آبادٖ\", \"addr:city:pnb\": \"اسلام آباد\", \"addr:city:ps\": \"اسلام آباد\", \"addr:city:sd\": \"اسلام آباد\", \"addr:city:ur\": \"اسلام آباد\", \"addr:street\": \"Service Road West F-6\", \"name\": \"Hotel One Street 33\", \"tourism\": \"hotel\"}"
      }
    },
    {
      "type": "Feature",
      "geometry": {
        "type": "Point",
        "coordinates": [
          73.0689522,
          33.7228915
        ]
      },
      "properties": {
        "osm_id": 4958021437,
        "osm_type": "node",
        "group": "tourism",
        "primary_key": "tourism",
        "primary_value": "hotel",
        "name": "New King Mun",
        "addr_full": "Service Road West F-6, اسلام آباد",
        "all_tags_json": "{\"addr:city\": \"اسلام آباد\", \"addr:city:ar\": \"إسلام آباد\", \"addr:city:en\": \"Islamabad\", \"addr:city:ks\": \"اِسلام آبادٖ\", \"addr:city:pnb\": \"اسلام آباد\", \"addr:city:ps\": \"اسلام آباد\", \"addr:city:sd\": \"اسلام آباد\", \"addr:city:ur\": \"اسلام آباد\", \"addr:street\": \"Service Road West F-6\", \"name\": \"New King Mun\", \"tourism\": \"hotel\"}"
      }
    },
    {
      "type": "Feature",
      "geometry": {
        "type": "Point",
        "coordinates": [
          72.9843179,
          33.6723263
        ]
      },
      "properties": {
        "osm_id": 4958148409,
        "osm_type": "node",
        "group": "tourism",
        "primary_key": "tourism",
        "primary_value": "hotel",
        "name": "Al Madinah Hotel",
        "addr_full": "Service Road West F11, اسلام آباد",
        "all_tags_json": "{\"addr:city\": \"اسلام آباد\", \"addr:city:ar\": \"إسلام آباد\", \"addr:city:en\": \"Islamabad\", \"addr:city:ks\": \"اِسلام آبادٖ\", \"addr:city:pnb\": \"اسلام آباد\", \"addr:city:ps\": \"اسلام آباد\", \"addr:city:sd\": \"اسلام آباد\", \"addr:city:ur\": \"اسلام آباد\", \"addr:street\": \"Service Road West F11\", \"name\": \"Al Madinah Hotel\", \"tourism\": \"hotel\"}"
      }
    },
    {
      "type": "Feature",
      "geometry": {
        "type": "Point",
        "coordinates": [
          73.0207691,
          33.6729724
        ]
      },
      "properties": {
        "osm_id": 4958492933,
        "osm_type": "node",
        "group": "tourism",
        "primary_key": "tourism",
        "primary_value": "hotel",
        "name": "Hotel Faran",
        "addr_full": "Street 36, اسلام آباد",
        "all_tags_json": "{\"addr:city\": \"اسلام آباد\", \"addr:city:ar\": \"إسلام آباد\", \"addr:city:en\": \"Islamabad\", \"addr:city:ks\": \"اِسلام آبادٖ\", \"addr:city:pnb\": \"اسلام آباد\", \"addr:city:ps\": \"اسلام آباد\", \"addr:city:sd\": \"اسلام آباد\", \"addr:city:ur\": \"اسلام آباد\", \"addr:street\": \"Street 36\", \"name\": \"Hotel Faran\", \"tourism\": \"hotel\"}"
      }
    },
    {
      "type": "Feature",
      "geometry": {
        "type": "Point",
        "coordinates": [
          73.0125135,
          33.6946754
        ]
      },
      "properties": {
        "osm_id": 4961746371,
        "osm_type": "node",
        "group": "tourism",
        "primary_key": "tourism",
        "primary_value": "hotel",
        "name": "Naan Stop",
        "addr_full": "Sumbal Road, اسلام آباد",
        "all_tags_json": "{\"addr:city\": \"اسلام آباد\", \"addr:city:ar\": \"إسلام آباد\", \"addr:city:en\": \"Islamabad\", \"addr:city:ks\": \"اِسلام آبادٖ\", \"addr:city:pnb\": \"اسلام آباد\", \"addr:city:ps\": \"اسلام آباد\", \"addr:city:sd\": \"اسلام آباد\", \"addr:city:ur\": \"اسلام آباد\", \"addr:street\": \"Sumbal Road\", \"name\": \"Naan Stop\", \"tourism\": \"hotel\"}"
      }
    },
    {
      "type": "Feature",
      "geometry": {
        "type": "Point",
        "coordinates": [
          73.0609168,
          33.7156412
        ]
      },
      "properties": {
        "osm_id": 4965273744,
        "osm_type": "node",
        "group": "tourism",
        "primary_key": "tourism",
        "primary_value": "hotel",
        "name": "CHN hotel",
        "addr_full": "Street 42, اسلام آباد",
        "all_tags_json": "{\"addr:city\": \"اسلام آباد\", \"addr:city:ar\": \"إسلام آباد\", \"addr:city:en\": \"Islamabad\", \"addr:city:ks\": \"اِسلام آبادٖ\", \"addr:city:pnb\": \"اسلام آباد\", \"addr:city:ps\": \"اسلام آباد\", \"addr:city:sd\": \"اسلام آباد\", \"addr:city:ur\": \"اسلام آباد\", \"addr:street\": \"Street 42\", \"name\": \"CHN hotel\", \"tourism\": \"hotel\"}"
      }
    },
    {
      "type": "Feature",
      "geometry": {
        "type": "Point",
        "coordinates": [
          73.061187,
          33.7185054
        ]
      },
      "properties": {
        "osm_id": 4965273748,
        "osm_type": "node",
        "group": "tourism",
        "primary_key": "tourism",
        "primary_value": "hotel",
        "name": "Savoy Inn",
        "addr_full": "Street 51, اسلام آباد",
        "all_tags_json": "{\"addr:city\": \"اسلام آباد\", \"addr:city:ar\": \"إسلام آباد\", \"addr:city:en\": \"Islamabad\", \"addr:city:ks\": \"اِسلام آبادٖ\", \"addr:city:pnb\": \"اسلام آباد\", \"addr:city:ps\": \"اسلام آباد\", \"addr:city:sd\": \"اسلام آباد\", \"addr:city:ur\": \"اسلام آباد\", \"addr:street\": \"Street 51\", \"name\": \"Savoy Inn\", \"tourism\": \"hotel\"}"
      }
    },
    {
      "type": "Feature",
      "geometry": {
        "type": "Point",
        "coordinates": [
          73.0678205,
          33.7067469
        ]
      },
      "properties": {
        "osm_id": 4966360746,
        "osm_type": "node",
        "group": "tourism",
        "primary_key": "tourism",
        "primary_value": "hotel",
        "name": "Star Hotel",
        "addr_full": "Sultan Bahu Road, اسلام آباد",
        "all_tags_json": "{\"addr:city\": \"اسلام آباد\", \"addr:city:ar\": \"إسلام آباد\", \"addr:city:en\": \"Islamabad\", \"addr:city:ks\": \"اِسلام آبادٖ\", \"addr:city:pnb\": \"اسلام آباد\", \"addr:city:ps\": \"اسلام آباد\", \"addr:city:sd\": \"اسلام آباد\", \"addr:city:ur\": \"اسلام آباد\", \"addr:street\": \"Sultan Bahu Road\", \"name\": \"Star Hotel\", \"tourism\": \"hotel\"}"
      }
    },
    {
      "type": "Feature",
      "geometry": {
        "type": "Point",
        "coordinates": [
          73.0682376,
          33.7069403
        ]
      },
      "properties": {
        "osm_id": 4966360748,
        "osm_type": "node",
        "group": "tourism",
        "primary_key": "tourism",
        "primary_value": "hotel",
        "name": "Sitara Hotel",
        "addr_full": "Sultan Bahu Road, اسلام آباد",
        "all_tags_json": "{\"addr:city\": \"اسلام آباد\", \"addr:city:ar\": \"إسلام آباد\", \"addr:city:en\": \"Islamabad\", \"addr:city:ks\": \"اِسلام آبادٖ\", \"addr:city:pnb\": \"اسلام آباد\", \"addr:city:ps\": \"اسلام آباد\", \"addr:city:sd\": \"اسلام آباد\", \"addr:city:ur\": \"اسلام آباد\", \"addr:street\": \"Sultan Bahu Road\", \"name\": \"Sitara Hotel\", \"tourism\": \"hotel\"}"
      }
    },
    {
      "type": "Feature",
      "geometry": {
        "type": "Point",
        "coordinates": [
          73.0844125,
          33.71613
        ]
      },
      "properties": {
        "osm_id": 23381335,
        "osm_type": "way",
        "group": "tourism",
        "primary_key": "tourism",
        "primary_value": "hotel",
        "name": "Islamabad Hotel",
        "addr_full": "Street 92, اسلام آباد",
        "all_tags_json": "{\"addr:city\": \"اسلام آباد\", \"addr:city:ar\": \"إسلام آباد\", \"addr:city:en\": \"Islamabad\", \"addr:city:ks\": \"اِسلام آبادٖ\", \"addr:city:pnb\": \"اسلام آباد\", \"addr:city:ps\": \"اسلام آباد\", \"addr:city:sd\": \"اسلام آباد\", \"addr:city:ur\": \"اسلام آباد\", \"addr:street\": \"Street 92\", \"building\": \"yes\", \"name\": \"Islamabad Hotel\", \"tourism\": \"hotel\", \"wikidata\": \"Q112027268\"}"
      }
    },
    {
      "type": "Feature",
      "geometry": {
        "type": "Point",
        "coordinates": [
          73.0871207,
          33.7327125
        ]
      },
      "properties": {
        "osm_id": 23647414,
        "osm_type": "way",
        "group": "tourism",
        "primary_key": "tourism",
        "primary_value": "hotel",
        "name": "Islamabad Marriott Hotel",
        "addr_full": "Agha Khan Road, اسلام آباد",
        "all_tags_json": "{\"addr:city\": \"اسلام آباد\", \"addr:city:ar\": \"إسلام آباد\", \"addr:city:en\": \"Islamabad\", \"addr:city:ks\": \"اِسلام آبادٖ\", \"addr:city:pnb\": \"اسلام آباد\", \"addr:city:ps\": \"اسلام آباد\", \"addr:city:sd\": \"اسلام آباد\", \"addr:city:ur\": \"اسلام آباد\", \"addr:street\": \"Agha Khan Road\", \"building\": \"yes\", \"name\": \"Islamabad Marriott Hotel\", \"tourism\": \"hotel\", \"wikidata\": \"Q111401627\"}"
      }
    },
    {
      "type": "Feature",
      "geometry": {
        "type": "Point",
        "coordinates": [
          73.0718268,
          33.703573
        ]
      },
      "properties": {
        "osm_id": 158533811,
        "osm_type": "way",
        "group": "tourism",
        "primary_key": "tourism",
        "primary_value": "hotel",
        "name": "Al-Umer",
        "addr_full": null,
        "all_tags_json": "{\"name\": \"Al-Umer\", \"tourism\": \"hotel\"}"
      }
    },
    {
      "type": "Feature",
      "geometry": {
        "type": "Point",
        "coordinates": [
          73.069999,
          33.7218029
        ]
      },
      "properties": {
        "osm_id": 215308162,
        "osm_type": "way",
        "group": "tourism",
        "primary_key": "tourism",
        "primary_value": "hotel",
        "name": "New Cape Grace Guest House",
        "addr_full": "Service Road West F-6, اسلام آباد",
        "all_tags_json": "{\"addr:city\": \"اسلام آباد\", \"addr:city:ar\": \"إسلام آباد\", \"addr:city:en\": \"Islamabad\", \"addr:city:ks\": \"اِسلام آبادٖ\", \"addr:city:pnb\": \"اسلام آباد\", \"addr:city:ps\": \"اسلام آباد\", \"addr:city:sd\": \"اسلام آباد\", \"addr:city:ur\": \"اسلام آباد\", \"addr:street\": \"Service Road West F-6\", \"building\": \"yes\", \"name\": \"New Cape Grace Guest House\", \"tourism\": \"hotel\"}"
      }
    },
    {
      "type": "Feature",
      "geometry": {
        "type": "Point",
        "coordinates": [
          73.1020448,
          33.715347
        ]
      },
      "properties": {
        "osm_id": 228885553,
        "osm_type": "way",
        "group": "tourism",
        "primary_key": "tourism",
        "primary_value": "hotel",
        "name": "Serena Hotel",
        "addr_full": null,
        "all_tags_json": "{\"building\": \"yes\", \"name\": \"Serena Hotel\", \"tourism\": \"hotel\"}"
      }
    },
    {
      "type": "Feature",
      "geometry": {
        "type": "Point",
        "coordinates": [
          73.1005587,
          33.7171053
        ]
      },
      "properties": {
        "osm_id": 303716651,
        "osm_type": "way",
        "group": "tourism",
        "primary_key": "tourism",
        "primary_value": "hotel",
        "name": "Serena Hotel - Business Complex",
        "addr_full": "Service Road West G5;Service Road West F5, اسلام آباد",
        "all_tags_json": "{\"addr:city\": \"اسلام آباد\", \"addr:city:ar\": \"إسلام آباد\", \"addr:city:en\": \"Islamabad\", \"addr:city:ks\": \"اِسلام آبادٖ\", \"addr:city:pnb\": \"اسلام آباد\", \"addr:city:ps\": \"اسلام آباد\", \"addr:city:sd\": \"اسلام آباد\", \"addr:city:ur\": \"اسلام آباد\", \"addr:street\": \"Service Road West G5;Service Road West F5\", \"name\": \"Serena Hotel - Business Complex\", \"tourism\": \"hotel\"}"
      }
    },
    {
      "type": "Feature",
      "geometry": {
        "type": "Point",
        "coordinates": [
          73.1014004,
          33.7160408
        ]
      },
      "properties": {
        "osm_id": 303716652,
        "osm_type": "way",
        "group": "tourism",
        "primary_key": "tourism",
        "primary_value": "hotel",
        "name": "Serena Hotel",
        "addr_full": null,
        "all_tags_json": "{\"building\": \"yes\", \"name\": \"Serena Hotel\", \"tourism\": \"hotel\"}"
      }
    },
    {
      "type": "Feature",
      "geometry": {
        "type": "Point",
        "coordinates": [
          73.0988425,
          33.7084094
        ]
      },
      "properties": {
        "osm_id": 1003910175,
        "osm_type": "way",
        "group": "tourism",
        "primary_key": "tourism",
        "primary_value": "hotel",
        "name": "Hotel Margala",
        "addr_full": "M-2 Near Islamabad Convention Centre, اسلام آباد",
        "all_tags_json": "{\"addr:city\": \"اسلام آباد\", \"addr:street\": \"M-2 Near Islamabad Convention Centre\", \"air_conditioning\": \"yes\", \"bar\": \"no\", \"building\": \"no\", \"email\": \"isb@hotelmargala.com\", \"internet_access\": \"yes\", \"internet_access:fee\": \"customers\", \"is_in\": \"شکر پڑیاں\", \"name\": \"Hotel Margala\", \"name:ur\": \"ہوٹل مارگلہ\", \"phone\": \"+92-51-111901901\", \"smoking\": \"isolated\", \"stars\": \"3\", \"tourism\": \"hotel\"}"
      }
    },
    {
      "type": "Feature",
      "geometry": {
        "type": "Point",
        "coordinates": [
          73.0927403,
          33.7271071
        ]
      },
      "properties": {
        "osm_id": 23511160,
        "osm_type": "way",
        "group": "building",
        "primary_key": "building",
        "primary_value": "residential",
        "name": "Parliament Lodges",
        "addr_full": "AKM Fazul Haq Road, اسلام آباد",
        "all_tags_json": "{\"addr:city\": \"اسلام آباد\", \"addr:city:ar\": \"إسلام آباد\", \"addr:city:en\": \"Islamabad\", \"addr:city:ks\": \"اِسلام آبادٖ\", \"addr:city:pnb\": \"اسلام آباد\", \"addr:city:ps\": \"اسلام آباد\", \"addr:city:sd\": \"اسلام آباد\", \"addr:city:ur\": \"اسلام آباد\", \"addr:street\": \"AKM Fazul Haq Road\", \"building\": \"residential\", \"name\": \"Parliament Lodges\"}"
      }
    },
    {
      "type": "Feature",
      "geometry": {
        "type": "Point",
        "coordinates": [
          73.0938134,
          33.7269979
        ]
      },
      "properties": {
        "osm_id": 23511169,
        "osm_type": "way",
        "group": "building",
        "primary_key": "building",
        "primary_value": "residential",
        "name": null,
        "addr_full": null,
        "all_tags_json": "{\"building\": \"residential\"}"
      }
    },
    {
      "type": "Feature",
      "geometry": {
        "type": "Point",
        "coordinates": [
          73.0937191,
          33.7258838
        ]
      },
      "properties": {
        "osm_id": 23511261,
        "osm_type": "way",
        "group": "building",
        "primary_key": "building",
        "primary_value": "residential",
        "name": "Parliament Lodges",
        "addr_full": "Service Road West G5;Service Road West F5, اسلام آباد",
        "all_tags_json": "{\"addr:city\": \"اسلام آباد\", \"addr:city:ar\": \"إسلام آباد\", \"addr:city:en\": \"Islamabad\", \"addr:city:ks\": \"اِسلام آبادٖ\", \"addr:city:pnb\": \"اسلام آباد\", \"addr:city:ps\": \"اسلام آباد\", \"addr:city:sd\": \"اسلام آباد\", \"addr:city:ur\": \"اسلام آباد\", \"addr:street\": \"Service Road West G5;Service Road West F5\", \"building\": \"residential\", \"name\": \"Parliament Lodges\"}"
      }
    },
    {
      "type": "Feature",
      "geometry": {
        "type": "Point",
        "coordinates": [
          73.0205347,
          33.7228178
        ]
      },
      "properties": {
        "osm_id": 210059240,
        "osm_type": "way",
        "group": "building",
        "primary_key": "building",
        "primary_value": "residential",
        "name": "President NDU House",
        "addr_full": null,
        "all_tags_json": "{\"building\": \"residential\", \"name\": \"President NDU House\"}"
      }
    },
    {
      "type": "Feature",
      "geometry": {
        "type": "Point",
        "coordinates": [
          73.0104108,
          33.7100236
        ]
      },
      "properties": {
        "osm_id": 226312304,
        "osm_type": "way",
        "group": "building",
        "primary_key": "building",
        "primary_value": "residential",
        "name": null,
        "addr_full": null,
        "all_tags_json": "{\"building\": \"residential\"}"
      }
    },
    {
      "type": "Feature",
      "geometry": {
        "type": "Point",
        "coordinates": [
          73.0102681,
          33.7075547
        ]
      },
      "properties": {
        "osm_id": 226312306,
        "osm_type": "way",
        "group": "building",
        "primary_key": "building",
        "primary_value": "residential",
        "name": null,
        "addr_full": null,
        "all_tags_json": "{\"building\": \"residential\"}"
      }
    },
    {
      "type": "Feature",
      "geometry": {
        "type": "Point",
        "coordinates": [
          73.0102385,
          33.7082246
        ]
      },
      "properties": {
        "osm_id": 226312307,
        "osm_type": "way",
        "group": "building",
        "primary_key": "building",
        "primary_value": "residential",
        "name": null,
        "addr_full": null,
        "all_tags_json": "{\"building\": \"residential\"}"
      }
    },
    {
      "type": "Feature",
      "geometry": {
        "type": "Point",
        "coordinates": [
          73.0100149,
          33.7092642
        ]
      },
      "properties": {
        "osm_id": 226312308,
        "osm_type": "way",
        "group": "building",
        "primary_key": "building",
        "primary_value": "residential",
        "name": null,
        "addr_full": null,
        "all_tags_json": "{\"building\": \"residential\"}"
      }
    },
    {
      "type": "Feature",
      "geometry": {
        "type": "Point",
        "coordinates": [
          73.0102142,
          33.7107249
        ]
      },
      "properties": {
        "osm_id": 226312309,
        "osm_type": "way",
        "group": "building",
        "primary_key": "building",
        "primary_value": "residential",
        "name": null,
        "addr_full": null,
        "all_tags_json": "{\"building\": \"residential\"}"
      }
    },
    {
      "type": "Feature",
      "geometry": {
        "type": "Point",
        "coordinates": [
          73.009996,
          33.7095286
        ]
      },
      "properties": {
        "osm_id": 226312310,
        "osm_type": "way",
        "group": "building",
        "primary_key": "building",
        "primary_value": "residential",
        "name": null,
        "addr_full": null,
        "all_tags_json": "{\"building\": \"residential\"}"
      }
    },
    {
      "type": "Feature",
      "geometry": {
        "type": "Point",
        "coordinates": [
          73.0104997,
          33.7114641
        ]
      },
      "properties": {
        "osm_id": 226312311,
        "osm_type": "way",
        "group": "building",
        "primary_key": "building",
        "primary_value": "residential",
        "name": null,
        "addr_full": null,
        "all_tags_json": "{\"building\": \"residential\"}"
      }
    },
    {
      "type": "Feature",
      "geometry": {
        "type": "Point",
        "coordinates": [
          73.0104539,
          33.7110519
        ]
      },
      "properties": {
        "osm_id": 226312312,
        "osm_type": "way",
        "group": "building",
        "primary_key": "building",
        "primary_value": "residential",
        "name": null,
        "addr_full": null,
        "all_tags_json": "{\"building\": \"residential\"}"
      }
    },
    {
      "type": "Feature",
      "geometry": {
        "type": "Point",
        "coordinates": [
          73.0100338,
          33.7088743
        ]
      },
      "properties": {
        "osm_id": 226312314,
        "osm_type": "way",
        "group": "building",
        "primary_key": "building",
        "primary_value": "residential",
        "name": null,
        "addr_full": null,
        "all_tags_json": "{\"building\": \"residential\"}"
      }
    },
    {
      "type": "Feature",
      "geometry": {
        "type": "Point",
        "coordinates": [
          73.0103138,
          33.7079603
        ]
      },
      "properties": {
        "osm_id": 226312315,
        "osm_type": "way",
        "group": "building",
        "primary_key": "building",
        "primary_value": "residential",
        "name": null,
        "addr_full": null,
        "all_tags_json": "{\"building\": \"residential\"}"
      }
    },
    {
      "type": "Feature",
      "geometry": {
        "type": "Point",
        "coordinates": [
          73.0103974,
          33.7103598
        ]
      },
      "properties": {
        "osm_id": 226312316,
        "osm_type": "way",
        "group": "building",
        "primary_key": "building",
        "primary_value": "residential",
        "name": null,
        "addr_full": null,
        "all_tags_json": "{\"building\": \"residential\"}"
      }
    },
    {
      "type": "Feature",
      "geometry": {
        "type": "Point",
        "coordinates": [
          73.0101199,
          33.708619
        ]
      },
      "properties": {
        "osm_id": 226312317,
        "osm_type": "way",
        "group": "building",
        "primary_key": "building",
        "primary_value": "residential",
        "name": null,
        "addr_full": null,
        "all_tags_json": "{\"building\": \"residential\"}"
      }
    },
    {
      "type": "Feature",
      "geometry": {
        "type": "Point",
        "coordinates": [
          73.0924682,
          33.7263378
        ]
      },
      "properties": {
        "osm_id": 303719841,
        "osm_type": "way",
        "group": "building",
        "primary_key": "building",
        "primary_value": "residential",
        "name": null,
        "addr_full": null,
        "all_tags_json": "{\"building\": \"residential\"}"
      }
    },
    {
      "type": "Feature",
      "geometry": {
        "type": "Point",
        "coordinates": [
          73.1772222,
          33.7164655
        ]
      },
      "properties": {
        "osm_id": 379531856,
        "osm_type": "way",
        "group": "building",
        "primary_key": "building",
        "primary_value": "residential",
        "name": "Imran Khan's Residence",
        "addr_full": "Bani Gala Islamabad",
        "all_tags_json": "{\"addr:city\": \"Bani Gala Islamabad\", \"building\": \"residential\", \"name\": \"Imran Khan's Residence\"}"
      }
    },
    {
      "type": "Feature",
      "geometry": {
        "type": "Point",
        "coordinates": [
          73.0811796,
          33.7224874
        ]
      },
      "properties": {
        "osm_id": 505561701,
        "osm_type": "way",
        "group": "building",
        "primary_key": "building",
        "primary_value": "residential",
        "name": "Saleem Plaza",
        "addr_full": "Jinnah Avenue, اسلام آباد",
        "all_tags_json": "{\"addr:city\": \"اسلام آباد\", \"addr:city:ar\": \"إسلام آباد\", \"addr:city:en\": \"Islamabad\", \"addr:city:ks\": \"اِسلام آبادٖ\", \"addr:city:pnb\": \"اسلام آباد\", \"addr:city:ps\": \"اسلام آباد\", \"addr:city:sd\": \"اسلام آباد\", \"addr:city:ur\": \"اسلام آباد\", \"addr:street\": \"Jinnah Avenue\", \"building\": \"residential\", \"name\": \"Saleem Plaza\"}"
      }
    },
    {
      "type": "Feature",
      "geometry": {
        "type": "Point",
        "coordinates": [
          73.0742028,
          33.7185449
        ]
      },
      "properties": {
        "osm_id": 505578497,
        "osm_type": "way",
        "group": "building",
        "primary_key": "building",
        "primary_value": "residential",
        "name": "Fazal Plaza",
        "addr_full": "AKM Fazul Haq Road, اسلام آباد",
        "all_tags_json": "{\"addr:city\": \"اسلام آباد\", \"addr:city:ar\": \"إسلام آباد\", \"addr:city:en\": \"Islamabad\", \"addr:city:ks\": \"اِسلام آبادٖ\", \"addr:city:pnb\": \"اسلام آباد\", \"addr:city:ps\": \"اسلام آباد\", \"addr:city:sd\": \"اسلام آباد\", \"addr:city:ur\": \"اسلام آباد\", \"addr:street\": \"AKM Fazul Haq Road\", \"building\": \"residential\", \"name\": \"Fazal Plaza\"}"
      }
    },
    {
      "type": "Feature",
      "geometry": {
        "type": "Point",
        "coordinates": [
          73.092877,
          33.7443547
        ]
      },
      "properties": {
        "osm_id": 506020302,
        "osm_type": "way",
        "group": "building",
        "primary_key": "building",
        "primary_value": "residential",
        "name": null,
        "addr_full": null,
        "all_tags_json": "{\"building\": \"residential\", \"building:levels\": \"4\"}"
      }
    },
    {
      "type": "Feature",
      "geometry": {
        "type": "Point",
        "coordinates": [
          73.0649605,
          33.6684643
        ]
      },
      "properties": {
        "osm_id": 923266851,
        "osm_type": "way",
        "group": "building",
        "primary_key": "building",
        "primary_value": "residential",
        "name": null,
        "addr_full": null,
        "all_tags_json": "{\"building\": \"residential\"}"
      }
    },
    {
      "type": "Feature",
      "geometry": {
        "type": "Point",
        "coordinates": [
          73.0007122,
          33.6837037
        ]
      },
      "properties": {
        "osm_id": 964344796,
        "osm_type": "way",
        "group": "building",
        "primary_key": "building",
        "primary_value": "residential",
        "name": null,
        "addr_full": null,
        "all_tags_json": "{\"building\": \"residential\"}"
      }
    },
    {
      "type": "Feature",
      "geometry": {
        "type": "Point",
        "coordinates": [
          73.0058823,
          33.6798668
        ]
      },
      "properties": {
        "osm_id": 1385378536,
        "osm_type": "way",
        "group": "building",
        "primary_key": "building",
        "primary_value": "residential",
        "name": null,
        "addr_full": null,
        "all_tags_json": "{\"building\": \"residential\", \"source\": \"microsoft/BuildingFootprints\"}"
      }
    },
    {
      "type": "Feature",
      "geometry": {
        "type": "Point",
        "coordinates": [
          73.0365669,
          33.68174
        ]
      },
      "properties": {
        "osm_id": 1340908821,
        "osm_type": "node",
        "group": "historic",
        "primary_key": "historic",
        "primary_value": "monument",
        "name": "Federal Directorate of Education (FDE)‎",
        "addr_full": null,
        "all_tags_json": "{\"historic\": \"monument\", \"name\": \"Federal Directorate of Education (FDE)‎\", \"source\": \"Yahoo + Local knowledge\"}"
      }
    },
    {
      "type": "Feature",
      "geometry": {
        "type": "Point",
        "coordinates": [
          73.0683184,
          33.693438
        ]
      },
      "properties": {
        "osm_id": 4662888047,
        "osm_type": "node",
        "group": "historic",
        "primary_key": "historic",
        "primary_value": "monument",
        "name": "پاکستان یادگار",
        "addr_full": null,
        "all_tags_json": "{\"historic\": \"monument\", \"name\": \"پاکستان یادگار\", \"name:ar\": \"نصب باكستان التذكاري\", \"name:be\": \"Пакістанскі манумент\", \"name:de\": \"Pakistan-Monument\", \"name:en\": \"Pakistan Monument\", \"name:es\": \"Monumento de Pakistán\", \"name:fa\": \"یادبود پاکستان\", \"name:hi\": \"पाकिस्तान स्मारक\", \"name:pnb\": \"پاکستان مونومنٹ\", \"name:pt\": \"Monumento do Paquistão\", \"name:ro\": \"Monumentul Pakistanului\", \"name:ru\": \"Пакистанский монумент\", \"name:ur\": \"پاکستان یادگار\", \"wikidata\": \"Q3695640\", \"wikimedia_commons\": \"Category:Pakistan Monument Islamabad\", \"wikipedia\": \"ur:پاکستان یادگار\"}"
      }
    },
    {
      "type": "Feature",
      "geometry": {
        "type": "Point",
        "coordinates": [
          73.0691031,
          33.6933852
        ]
      },
      "properties": {
        "osm_id": 4665961374,
        "osm_type": "node",
        "group": "historic",
        "primary_key": "historic",
        "primary_value": "monument",
        "name": "Unity Faith Discipline Pillars",
        "addr_full": null,
        "all_tags_json": "{\"historic\": \"monument\", \"name\": \"Unity Faith Discipline Pillars\"}"
      }
    },
    {
      "type": "Feature",
      "geometry": {
        "type": "Point",
        "coordinates": [
          73.0899838,
          33.7078709
        ]
      },
      "properties": {
        "osm_id": 4956687770,
        "osm_type": "node",
        "group": "historic",
        "primary_key": "historic",
        "primary_value": "monument",
        "name": "Aabpara Chowk",
        "addr_full": null,
        "all_tags_json": "{\"historic\": \"monument\", \"name\": \"Aabpara Chowk\"}"
      }
    },
    {
      "type": "Feature",
      "geometry": {
        "type": "Point",
        "coordinates": [
          73.0174852,
          33.6968877
        ]
      },
      "properties": {
        "osm_id": 5042358676,
        "osm_type": "node",
        "group": "historic",
        "primary_key": "historic",
        "primary_value": "monument",
        "name": "Baradaré",
        "addr_full": null,
        "all_tags_json": "{\"historic\": \"monument\", \"name\": \"Baradaré\"}"
      }
    },
    {
      "type": "Feature",
      "geometry": {
        "type": "Point",
        "coordinates": [
          73.0118488,
          33.7038345
        ]
      },
      "properties": {
        "osm_id": 5307105045,
        "osm_type": "node",
        "group": "historic",
        "primary_key": "historic",
        "primary_value": "monument",
        "name": "Monument",
        "addr_full": null,
        "all_tags_json": "{\"historic\": \"monument\", \"name\": \"Monument\"}"
      }
    },
    {
      "type": "Feature",
      "geometry": {
        "type": "Point",
        "coordinates": [
          73.0178605,
          33.7060166
        ]
      },
      "properties": {
        "osm_id": 5307130497,
        "osm_type": "node",
        "group": "historic",
        "primary_key": "historic",
        "primary_value": "monument",
        "name": "Greek Monument",
        "addr_full": null,
        "all_tags_json": "{\"historic\": \"monument\", \"name\": \"Greek Monument\"}"
      }
    },
    {
      "type": "Feature",
      "geometry": {
        "type": "Point",
        "coordinates": [
          73.0219505,
          33.7089656
        ]
      },
      "properties": {
        "osm_id": 5307219206,
        "osm_type": "node",
        "group": "historic",
        "primary_key": "historic",
        "primary_value": "monument",
        "name": "Nawaz Sharif 1992 Innaugration Monument",
        "addr_full": null,
        "all_tags_json": "{\"historic\": \"monument\", \"name\": \"Nawaz Sharif 1992 Innaugration Monument\"}"
      }
    },
    {
      "type": "Feature",
      "geometry": {
        "type": "Point",
        "coordinates": [
          73.0721669,
          33.717974
        ]
      },
      "properties": {
        "osm_id": 6511668888,
        "osm_type": "node",
        "group": "historic",
        "primary_key": "historic",
        "primary_value": "monument",
        "name": "Monument to Allama Iqbal and Mihai Eminescu",
        "addr_full": null,
        "all_tags_json": "{\"historic\": \"monument\", \"inscription\": \"Built in collaboration with Romanian Embassy to commemorate Allama Iqbal and Mihai Eminescu's poetry\\n\\nhttp://www.mae.ro/node/36146\", \"name\": \"Monument to Allama Iqbal and Mihai Eminescu\"}"
      }
    },
    {
      "type": "Feature",
      "geometry": {
        "type": "Point",
        "coordinates": [
          72.9791392,
          33.6893471
        ]
      },
      "properties": {
        "osm_id": 555154843,
        "osm_type": "way",
        "group": "historic",
        "primary_key": "historic",
        "primary_value": "monument",
        "name": null,
        "addr_full": null,
        "all_tags_json": "{\"historic\": \"monument\"}"
      }
    },
    {
      "type": "Feature",
      "geometry": {
        "type": "Point",
        "coordinates": [
          73.0654376,
          33.694332
        ]
      },
      "properties": {
        "osm_id": 1425924584,
        "osm_type": "node",
        "group": "place",
        "primary_key": "place",
        "primary_value": "locality",
        "name": "صفر نقطہ",
        "addr_full": null,
        "all_tags_json": "{\"name\": \"صفر نقطہ\", \"name:en\": \"Zero Point\", \"name:es\": \"Punto Cero\", \"name:ur\": \"صفر نقطہ\", \"place\": \"locality\"}"
      }
    },
    {
      "type": "Feature",
      "geometry": {
        "type": "Point",
        "coordinates": [
          73.1081588,
          33.7225963
        ]
      },
      "properties": {
        "osm_id": 2352248121,
        "osm_type": "node",
        "group": "place",
        "primary_key": "place",
        "primary_value": "locality",
        "name": "ڈپلومیٹک انکلیو",
        "addr_full": null,
        "all_tags_json": "{\"name\": \"ڈپلومیٹک انکلیو\", \"name:ar\": \"المنطقة الدبلوماسية\", \"name:de\": \"Diplomatische Enklave\", \"name:en\": \"Diplomatic Enclave\", \"name:es\": \"Enclave Diplomático\", \"name:fr\": \"Enclave Diplomatique\", \"name:ur\": \"ڈپلومیٹک انکلیو\", \"place\": \"locality\"}"
      }
    },
    {
      "type": "Feature",
      "geometry": {
        "type": "Point",
        "coordinates": [
          73.1349336,
          33.7701394
        ]
      },
      "properties": {
        "osm_id": 9490362907,
        "osm_type": "node",
        "group": "place",
        "primary_key": "place",
        "primary_value": "locality",
        "name": "Rumli",
        "addr_full": null,
        "all_tags_json": "{\"name\": \"Rumli\", \"place\": \"locality\"}"
      }
    },
    {
      "type": "Feature",
      "geometry": {
        "type": "Point",
        "coordinates": [
          73.1694967,
          33.7780043
        ]
      },
      "properties": {
        "osm_id": 9490362908,
        "osm_type": "node",
        "group": "place",
        "primary_key": "place",
        "primary_value": "locality",
        "name": "Shahdara",
        "addr_full": null,
        "all_tags_json": "{\"name\": \"Shahdara\", \"place\": \"locality\", \"wikidata\": \"Q19682198\", \"wikimedia_commons\": \"Category:Shahdara, Islamabad\", \"wikipedia\": \"en:Shahdara, Islamabad\"}"
      }
    },
    {
      "type": "Feature",
      "geometry": {
        "type": "Point",
        "coordinates": [
          73.0076206,
          33.7768138
        ]
      },
      "properties": {
        "osm_id": 10819694746,
        "osm_type": "node",
        "group": "place",
        "primary_key": "place",
        "primary_value": "locality",
        "name": "Karwali",
        "addr_full": null,
        "all_tags_json": "{\"name\": \"Karwali\", \"place\": \"locality\"}"
      }
    },
    {
      "type": "Feature",
      "geometry": {
        "type": "Point",
        "coordinates": [
          72.9751078,
          33.7725432
        ]
      },
      "properties": {
        "osm_id": 10819694747,
        "osm_type": "node",
        "group": "place",
        "primary_key": "place",
        "primary_value": "locality",
        "name": "Rajdani",
        "addr_full": null,
        "all_tags_json": "{\"name\": \"Rajdani\", \"place\": \"locality\"}"
      }
    }
  ]
}