id,osm_id,osm_geom_type,osm_tag_key,osm_tag_value,name,name_ur,name_en,alt_name,description_raw,lat,lon,city,province,country,brand,operator,wikidata
73e57dea-b40a-5092-8410-bb5f8acc0acc,3279608797,node,place,suburb,Labor Colony,,,,,31.4034529,74.2141516,Lahore,Punjab,Pakistan,,,
122423f3-0b0c-532a-867d-f67ea70d3286,8597534130,node,healthcare,hospital,University of Lahore Teaching Hospital,,,,,31.4027301,74.2325973,Lahore,Punjab,Pakistan,,University of Lahore,
7096fdd2-f5c9-528d-aa1c-5d4e50340bb7,8852335051,node,place,village,Bhobtian,,,,,31.4016236,74.2273206,Lahore,Punjab,Pakistan,,,
24e359f6-5064-500a-a145-99fff6c16f73,4704791491,node,tourism,hostel,Sher Shah Colony Raiwend Road,,,,,31.4114292,74.2246924,Lahore,Punjab,Pakistan,,,
27bad547-25d1-5fbc-9625-99d4264a933d,10926749505,node,amenity,restaurant,Peeru’s cafe,,,,,31.4122864,74.2327037,Lahore,Punjab,Pakistan,,,
f0f11979-b732-5cc9-a3af-6917e5e8c497,9314663083,node,place,village,ناصرگنج,,Nasir Ganj,,,31.4248469,74.2008497,Lahore,Punjab,Pakistan,,,
2ddbf992-c110-5a22-96b3-f9549ffe45ae,4472915042,node,place,neighbourhood,Judicial Colony Phase III,,,,,31.4294388,74.2041334,Lahore,Punjab,Pakistan,,,
9b5b2926-24fb-53e2-badc-728d85a0ce77,9336698593,node,amenity,place_of_worship,Mosque A block,,,,,31.4320363,74.200123,Lahore,Punjab,Pakistan,,,
174e94ac-4018-5c85-a238-bd9c3a1716ff,1269561688,node,amenity,bank,,,,,,31.4281047,74.2103823,Lahore,Punjab,Pakistan,,,
05e1bd0d-b3cd-5e8c-8dab-c19cb4234b68,5965050924,node,amenity,place_of_worship,Jamia Masjid Darbar Wali,,,,,31.429361,74.2114621,Lahore,Punjab,Pakistan,,,
3bb2c1d2-5696-5a79-8de0-c79aa66ec14f,5965050925,node,amenity,place_of_worship,Jamia Masjid Ghulzar-e-Madina,,,,,31.4310592,74.2114031,Lahore,Punjab,Pakistan,,,
a919aa4d-1a64-5705-9367-7f53d9400178,9314663084,node,place,village,نوازش آباد,نوازش آباد,Nawazishabad,,,31.4309938,74.2112409,Lahore,Punjab,Pakistan,,,
64ffebaa-5e04-5ea5-a8d8-71e22f1a8694,9336693371,node,amenity,post_office,"Post office, EME",,,,,31.4281654,74.2102741,Lahore,Punjab,Pakistan,,,
26c36b03-16e4-5af8-8fb3-a6fe3fdd3193,8852335054,node,place,village,فتح آباد,,Fateh Abad,,,31.4249751,74.2216187,Lahore,Punjab,Pakistan,,,
73fc72e3-9c0a-5520-832b-9f9a47a55d35,1269536212,node,leisure,sports_centre,Sports Club,,,,,31.4343287,74.2138543,Lahore,Punjab,Pakistan,,,
e997e264-8825-51e2-972b-087ecca049c7,3350826599,node,amenity,place_of_worship,,,,,,31.4288391,74.2143397,Lahore,Punjab,Pakistan,,,
9c723dd8-a015-5709-8328-52f392e450a9,5965050926,node,amenity,place_of_worship,Jamaya Masjid Sadiq Ul Amin,,,,,31.4315398,74.2137849,Lahore,Punjab,Pakistan,,,
db0fb254-ec33-50c4-b9c5-55488aa8ae05,5965050928,node,leisure,sports_centre,Swimming Pool,,,,,31.4342014,74.2132807,Lahore,Punjab,Pakistan,,,
a288d74b-736a-5fbd-ad2b-a6fc01716498,9314663085,node,place,village,حسین آباد,,Hussainabad,,,31.4337487,74.221179,Lahore,Punjab,Pakistan,,,
e45a8508-6bbc-56c6-9bb0-597beda1a550,6285257986,node,tourism,hotel,Nadia catering marquees,,,,,31.4236727,74.230259,Lahore,Punjab,Pakistan,,,
23c1ba2d-ef9d-5934-a0d2-ef84b46246b8,9314663086,node,place,village,علی رضا آباد,,Ali Raza Abad,,,31.4330046,74.2310617,Lahore,Punjab,Pakistan,,,
a1e31ac7-38e5-54cf-bbce-6416a0c2fb67,1268325836,node,amenity,place_of_worship,Jamia Mosque,,,,,31.4394794,74.2135752,Lahore,Punjab,Pakistan,,,
0fbf9dfc-278e-5fd4-b5ab-6745825f0a36,3250253661,node,amenity,restaurant,Ze' Grill,,,,,31.4344097,74.2130844,Lahore,Punjab,Pakistan,,,
5d9ab0e0-12df-5ec0-9867-577f46ba0286,5965062506,node,healthcare,pharmacy,Dukes & Dukes Pharmacy,,,,,31.4357394,74.2156973,Lahore,Punjab,Pakistan,,,
4b77c70e-43dc-5abb-b396-e32ca7d7f62c,5965062507,node,healthcare,pharmacy,Rite Aid,,,,,31.4351581,74.2155364,Lahore,Punjab,Pakistan,,,
7bb3aa64-193c-56b0-adab-02661ad7d112,1268325837,node,leisure,playground,باغ,باغ,Park,,,31.4417145,74.213814,Lahore,Punjab,Pakistan,,,
7cdf4c10-30dd-57d4-9cca-6f17992fdc9c,3208104768,node,amenity,restaurant,"Banera, Rooftop Restaurant",,,,,31.4471718,74.215028,Lahore,Punjab,Pakistan,,,
766eb928-2250-5e3b-b79e-a3bdb40f2c57,1264429400,node,amenity,place_of_worship,,,,,,31.4419555,74.2232241,Lahore,Punjab,Pakistan,,,
9cd10853-4535-59a0-b725-ac382b335196,1264431406,node,amenity,townhall,,,,,,31.4414246,74.22493,Lahore,Punjab,Pakistan,,,
b3233dba-f50d-59b0-bada-14979478710f,1264437684,node,place,suburb,Agrics Town,,,,,31.44157,74.2244467,Lahore,Punjab,Pakistan,,,
d7170a44-31bb-5878-a418-7689b90a51de,8494502454,node,shop,supermarket,World Real Estate,,,,,31.4449672,74.2277887,Lahore,Punjab,Pakistan,,Maqbool Qadiri,
39d7d1b2-f87f-5088-a89c-8ff8fffb7230,9314663087,node,place,village,برکت پور,,Barkatpura,,,31.4424452,74.2273243,Lahore,Punjab,Pakistan,,,
47d93e5a-e196-5c7c-89c8-a426f3ffc678,9314663088,node,place,village,حسن آباد,,Hasanabad,,,31.4423643,74.2346076,Lahore,Punjab,Pakistan,,,
46ac090c-1f8d-59c1-b2cf-35b46203a673,3059325996,node,amenity,fuel,,,,,,31.4492146,74.2062011,Lahore,Punjab,Pakistan,,,
660169f8-58f9-53c3-b4af-8b93aef6e97d,3283269424,node,place,neighbourhood,Park View Villas,,,,,31.4526266,74.2023666,Lahore,Punjab,Pakistan,,,
4a535fa9-662d-5e1e-9ba4-f6a8cd96317c,3205335197,node,amenity,place_of_worship,,,,,,31.4506145,74.2114651,Lahore,Punjab,Pakistan,,,
236e65ff-e37b-5e21-bc3a-cc22425f3dc6,8852335171,node,place,village,خان پور,,Khanpur,,,31.4589093,74.2059975,Lahore,Punjab,Pakistan,,,
62f44886-7cc2-5256-ae4d-9d6f4f79393b,8856208328,node,place,village,خان پور,,Khanpur,,,31.4575507,74.2092713,Lahore,Punjab,Pakistan,,,
985fad6f-a24d-55d5-a8cb-7a4d34919387,8852335172,node,place,village,کانجرہ,,Kanjra,,,31.462133,74.2031875,Lahore,Punjab,Pakistan,,,
07223822-760e-5563-8108-f4b4763d9d6d,8856208329,node,place,village,شاہ پور کنجراہ,,Shahpur Kanjra,,,31.4655442,74.2007897,Lahore,Punjab,Pakistan,,,
c846ad8f-f3f4-52ec-9a08-cdc26ca61d56,304962662,node,place,suburb,DHA EME Sector,,,,,31.4476294,74.2142354,Lahore,Punjab,Pakistan,,,
5a7eb12c-2f6e-5cb6-8853-507a8829ae18,4743835123,node,amenity,fast_food,SFC,,,,,31.4526213,74.2181439,Lahore,Punjab,Pakistan,,,
e2e082db-c51c-5431-b27b-a5c1aebb9a6f,4743835222,node,shop,department_store,top ten store,,,,,31.4524155,74.2181406,Lahore,Punjab,Pakistan,,,
354297ea-2aca-5692-9472-85edb7998d5e,4743835223,node,shop,books,Ali book store,,,,,31.4524827,74.2180441,Lahore,Punjab,Pakistan,,,
7b510148-ce8c-5910-8935-f27292054734,4909041923,node,amenity,place_of_worship,Muhafiz Town Masjid,,Muhafiz Town Masjid,,,31.4525096,74.2184966,Lahore,Punjab,Pakistan,,,
e864b211-61d1-5662-843a-f6d68304d197,4909374022,node,office,lawyer,Law mart,,Law mart,,,31.4536467,74.2165708,Lahore,Punjab,Pakistan,,,
ac68880b-238a-56d2-a92e-8c7279f19366,4909417123,node,leisure,playground,,,,,,31.4511622,74.2212021,Lahore,Punjab,Pakistan,,,
4f352b22-2e3f-5d9d-955b-16ff0479b9fc,4945697024,node,amenity,place_of_worship,,,,,,31.453498,74.2222545,Lahore,Punjab,Pakistan,,,
9463b267-27ac-5135-850d-92edb24a9148,4945711321,node,tourism,attraction,E- Block Commercia,,E- Block Commercia,,,31.451171,74.222427,Lahore,Punjab,Pakistan,,,
75737dba-8532-5157-a35b-a643fc37c2fa,3059325995,node,amenity,fuel,پاکستان اسٹیٹ آئل,پاکستان اسٹیٹ آئل,Pakistan State Oil,,,31.4550585,74.2130783,Lahore,Punjab,Pakistan,پاکستان اسٹیٹ آئل,,
c32997d5-9c0b-5531-8552-fb7cae304aa1,3206567434,node,amenity,fuel,ٹوٹل,ٹوٹل,Total,,,31.4553637,74.2175039,Lahore,Punjab,Pakistan,طوطال,ٹوٹل پارکو,
0bebbe9d-015d-5f86-801e-932419d2eec4,4724967889,node,amenity,atm,,,,,,31.4553308,74.2170352,Lahore,Punjab,Pakistan,,HBL,
3b8e1acd-b483-51e4-b66f-189bc195c58d,4724967890,node,amenity,atm,,,,,,31.4553882,74.2169801,Lahore,Punjab,Pakistan,,Bank Alfalah,
23969912-0734-5fb2-b41e-8cc1f63b9109,4893313822,node,leisure,playground,,,,,,31.4541624,74.2151405,Lahore,Punjab,Pakistan,,,
c1f3afbc-6504-51a4-93ae-490a0b5b0139,4909093522,node,amenity,bank,Bank Alfalah.,,Bank Alfalah.,,,31.4551382,74.2158011,Lahore,Punjab,Pakistan,,,
b1329eb5-6b77-56d1-80c3-7858d1212937,4909105621,node,amenity,bank,ایچ بی ایل پاکستان,ایچ بی ایل پاکستان,Habib Bank Limited,,,31.4551643,74.2160233,Lahore,Punjab,Pakistan,ایچ بی ایل پاکستان,,
23a82519-bdbf-50d8-a619-baa6d58d25b1,3059325993,node,amenity,fuel,ٹوٹل,ٹوٹل,Total,,,31.460475,74.2218384,Lahore,Punjab,Pakistan,طوطال,ٹوٹل پارکو,
6e93a444-3267-51e4-b01b-61ca45489ca3,3059325994,node,amenity,fuel,Data Sahib Petroleum. u turn,,,,,31.4597383,74.2198911,Lahore,Punjab,Pakistan,,,
6765ae87-979a-537e-a7b5-272b52c04880,4855578821,node,shop,car_repair,Honda Gateway,,Honda Gateway,,,31.4603411,74.2224991,Lahore,Punjab,Pakistan,,,
738afef0-94de-545b-81b7-f923319c81dc,10764707095,node,amenity,cafe,Sweet Tea,,,,,31.4560978,74.2237452,Lahore,Punjab,Pakistan,,,
9db39095-53b2-5a53-b3ab-cff9a1ff1146,3237520616,node,place,neighbourhood,Eden Canal Villas,,,,,31.4589425,74.2307257,Lahore,Punjab,Pakistan,,,
8bc3b042-4dcb-58ce-b294-4d8b665ee103,3237633999,node,amenity,fuel,Attock Petrol Pump,,,,,31.4561441,74.2262829,Lahore,Punjab,Pakistan,,,
05af1417-c133-517d-a9e1-74dfd4d5496e,4493725989,node,shop,car_repair,CH Anwar Dhillion Farm,,CH Anwar Dhillion Farm,,,31.4585963,74.2277516,Lahore,Punjab,Pakistan,,,
c6318c1b-7561-5e38-a47a-21057161cecf,4945697025,node,amenity,atm,,,,,,31.4560425,74.2261853,Lahore,Punjab,Pakistan,,Habib Bank,
ce4ef971-a47b-50d0-829d-09bdc5cf006f,5591206974,node,shop,supermarket,Family Store,,,,,31.4546466,74.2274961,Lahore,Punjab,Pakistan,,,
573631d4-a04d-5d20-afcd-0b59d6b683e8,5591206975,node,shop,supermarket,Hassan Store,,,,,31.4546557,74.2284402,Lahore,Punjab,Pakistan,,,
156a4d4d-15b9-5f16-8af8-b3f058114122,5591206976,node,amenity,food_court,Tandoor,,,,"You can get roti, nan, salan, chiken etc.",31.454642,74.2280969,Lahore,Punjab,Pakistan,,,
db0bda7b-8999-59a9-8043-5dbe530744de,3059325992,node,amenity,fuel,ZAMAN PETROLEUM,,,,,31.4618707,74.2238178,Lahore,Punjab,Pakistan,Zoom Petrol Station,ZAMAN PETROLEUM,
2218814e-b9f8-5362-980d-a48c2011dc56,3231806000,node,office,government,City Traffic Police Lines / Driving School / License and Testing Authority,,,,,31.4637386,74.2252309,Lahore,Punjab,Pakistan,,,
af237418-9ed2-54d7-8976-15748c6c58ef,3206567435,node,amenity,fuel,سی این جی,سی این جی,CNG,,,31.4665333,74.2303088,Lahore,Punjab,Pakistan,,,
72d510bb-b89f-56b1-b2fa-3e492cee8cac,3231839395,node,office,government,National Highway Authority,,,,,31.4644985,74.2290621,Lahore,Punjab,Pakistan,,,
6eb8d951-ab5a-5bcc-a3bd-216dbf522f96,4416053891,node,office,government,Arbisoft,,Arbisoft,,,31.4661962,74.2364469,Lahore,Punjab,Pakistan,,,
377fe59c-60f1-50f5-9847-11ed553ebecd,5872970058,node,office,ngo,Khoj Society for People's Education,,,,,31.4607727,74.234618,Lahore,Punjab,Pakistan,,,
75c2cd60-fc56-5c9c-b133-55a2c1cf23fc,3059325991,node,amenity,fuel,,,,,,31.4681224,74.2325082,Lahore,Punjab,Pakistan,,,
0d324e2a-70c8-5774-9161-33a9485f28a7,3231839396,node,amenity,fast_food,ہارڈیز,ہارڈیز,Hardee's,,,31.4680076,74.2322824,Lahore,Punjab,Pakistan,ہارڈیز,,
8534c370-4895-54a7-8525-cf5e725a2415,4909029322,node,office,government,NAB Headquarters,,NAB Headquarters,,,31.4690015,74.2325874,Lahore,Punjab,Pakistan,,,
6617e69c-3df7-50ce-aa5b-043034d570c1,3059325986,node,amenity,fuel,,,,,,31.4695221,74.235971,Lahore,Punjab,Pakistan,,,
f3a9d1ed-f810-586b-b1df-ccbceb416db1,3059325987,node,amenity,fuel,,,,,,31.4698777,74.2382963,Lahore,Punjab,Pakistan,,,
76850405-057b-5c34-a895-4c90411601ef,3059325988,node,amenity,fuel,,,,,,31.4696833,74.2371792,Lahore,Punjab,Pakistan,,,
5ea422f3-b3a8-57d5-9fbe-7b11e24ff5c1,3059325989,node,amenity,fuel,,,,,,31.4684701,74.2333236,Lahore,Punjab,Pakistan,,,
7ad19ea6-c83b-5a13-bc1b-f93ab83961b1,3059325990,node,amenity,fuel,Caltex,,,,,31.4687172,74.2338654,Lahore,Punjab,Pakistan,,,
81e458cb-9668-5415-a841-0766c99e284d,3206567436,node,amenity,fuel,سی این جی,سی این جی,CNG,,,31.4704636,74.2367514,Lahore,Punjab,Pakistan,,,
ac2e2d3e-192c-5644-985e-7e343cad50a2,3231839397,node,amenity,fast_food,کینٹکی فرائیڈ چکن,کینٹکی فرائیڈ چکن,KFC,,,31.4682638,74.2326794,Lahore,Punjab,Pakistan,کینٹکی فرائیڈ چکن,,
532d1542-f621-5734-bf4e-184c4e9c6edb,3258828678,node,amenity,fuel,شیل,شیل,Shell,,,31.4695891,74.2364062,Lahore,Punjab,Pakistan,شیل,,
9d855acb-f0f1-541d-9ca5-c91048d78618,3279633677,node,place,suburb,Valencia,,,,,31.4066733,74.2582688,Lahore,Punjab,Pakistan,,,
05de741a-f807-566b-8db4-ff1768195347,3279633679,node,place,suburb,Naz Town,,,,,31.402809,74.2653712,Lahore,Punjab,Pakistan,,,
8bf078fa-8455-5e73-a9a6-9cc88f4f1ffb,11786607794,node,amenity,place_of_worship,Mosque/Imam Bargha Memoona,,,,,31.4119671,74.2479504,Lahore,Punjab,Pakistan,,,
c832c377-8e9f-5bc2-8188-62efea04ae14,8852335053,node,place,village,امیر پورہ جُگیاں,,Ameer Pura Juggian,,,31.4184742,74.246883,Lahore,Punjab,Pakistan,,,
8c653059-e8d2-5143-ac51-59639c3e03ce,5259654961,node,healthcare,hospital,Hameeda Memorial Hospital,,,,,31.4082029,74.2602678,Lahore,Punjab,Pakistan,,,
11f400b6-6b10-5fae-a321-de12302ab00e,5259654962,node,amenity,place_of_worship,Valencia Town Central Masjid,,,,,31.4083104,74.261212,Lahore,Punjab,Pakistan,,,
aeea46d6-09dc-5829-b175-df426863d3a8,7148090522,node,amenity,restaurant,Zee Grill,,,,,31.4096511,74.2616273,Lahore,Punjab,Pakistan,,,
87048b07-096d-59ce-8dbc-7afbf6245355,12748355442,node,shop,bakery,Jalal Sons - Valencia Town,,,,,31.4086891,74.2593681,Lahore,Punjab,Pakistan,,,
6c98b4f0-4ef0-529a-9810-47005a669d77,12748360082,node,amenity,restaurant,Broadway Pizza - Valencia Town,,,,,31.4086832,74.260351,Lahore,Punjab,Pakistan,,,
b48f9a6a-1622-545a-a057-3faf465c1a77,3279633676,node,place,suburb,Tariq Garden,,,,,31.4203642,74.2550225,Lahore,Punjab,Pakistan,,,
ddb4b634-6eb3-5fcc-aa8f-bff465621d2f,8006652217,node,natural,wood,house no 241,,,,,31.4209103,74.2601432,Lahore,Punjab,Pakistan,,,
64158bdf-ed10-537a-a53a-358595e807c8,8006697895,node,leisure,park,Rafique Park block K3,,,,family Park 2 year to 15 year children and female are allowed bonly,31.4210778,74.2597565,Lahore,Punjab,Pakistan,,whole K3,
ac9a8a61-2940-5ebd-9e44-b2e2ed9788bb,7144578705,node,leisure,park,B Block Park,,,,,31.4000041,74.271927,Lahore,Punjab,Pakistan,,,
f41144f9-d9ff-5f52-b2d9-79c1a21ef4cd,8006674385,node,shop,supermarket,Rafique Cloth House and fashion ghar,,,,,31.4196217,74.2654035,Lahore,Punjab,Pakistan,Fashion Ghar,Faisal Shahzad,
3cada59e-b157-58df-9794-f5874e466691,5088667723,node,tourism,artwork,Aslam Softaxe,,Aslam Softaxe,,,31.44145,74.241925,Lahore,Punjab,Pakistan,,,
f9036792-7b27-531f-a87c-11d7df594d80,9314663089,node,place,village,رحیم آباد,,Rahimabad,,,31.4441472,74.2394885,Lahore,Punjab,Pakistan,,,
e133c953-d59d-5cbb-96e8-93bbeb7c9527,9314663094,node,place,village,کھمبے,,Khumbe,,,31.4366213,74.2536817,Lahore,Punjab,Pakistan,,,
b36fa4f1-d4bb-58e5-985f-4386e044e71d,12167305301,node,tourism,hostel,Nooks,,,,,31.4462283,74.258267,Lahore,Punjab,Pakistan,,,
f3ef20a5-4f80-5650-9f73-ae1c90f0da8b,5273384342,node,office,company,Wapda Town Society Office,,,,,31.4340158,74.2669075,Lahore,Punjab,Pakistan,,,
ba34216d-94c3-546e-9bab-a167e02da69e,8362608059,node,amenity,cafe,Kiraz Coffee House,,,,,31.4340323,74.267841,Lahore,Punjab,Pakistan,,,
d407ec6c-a1ac-5285-be80-67b66659181e,304242090,node,place,suburb,Wapda Town,,,,,31.4368776,74.2699814,Lahore,Punjab,Pakistan,,,
4f8057c4-4901-5b5c-94d2-b04d2f764d91,5273384341,node,amenity,place_of_worship,Jama Masjid Ahle Hadees,,,,,31.4343912,74.2666125,Lahore,Punjab,Pakistan,,,
cff646ed-6922-512c-a5d0-0f9360974788,5628170921,node,shop,supermarket,Grace Market,,,,,31.43686,74.2684747,Lahore,Punjab,Pakistan,,,
ce37d069-f5c8-5942-82ea-0770d0e77d76,5628590123,node,amenity,place_of_worship,E-2 Majid,,,,,31.4374837,74.2668977,Lahore,Punjab,Pakistan,,,
bf717820-9beb-57ca-bbff-96db9bf6c39c,5628590124,node,shop,bakery,Cakes & Bakes,,,,,31.4372817,74.2713421,Lahore,Punjab,Pakistan,,,
34c8301a-27bf-53f3-b79e-02f9120e735f,7247490085,node,shop,car_repair,MEDLEY CAR CARE (oil and filter change service),,,,,31.4408005,74.2674681,Lahore,Punjab,Pakistan,,,
ebd14798-a247-53b0-8efd-71b3af3aaa87,5609006321,node,amenity,cafe,wapda town,,,,,31.4394132,74.2728764,Lahore,Punjab,Pakistan,,,
db6cd2d1-4ab2-52d3-bdb2-cf1d829d809e,5259837118,node,healthcare,hospital,Roshaan Hospital,,,,,31.4467396,74.2693053,Lahore,Punjab,Pakistan,,,
29d99900-bee5-551e-b32f-3934e084d3c6,5510293825,node,office,company,TCS,,,,,31.4447588,74.2731779,Lahore,Punjab,Pakistan,,,
af551bcc-f57d-5cb1-8599-ab0e39376a68,5510308721,node,shop,department_store,Al-Fatah Store,,,,,31.4446721,74.2733099,Lahore,Punjab,Pakistan,,,
52d054ac-cac9-5602-a128-e9db7bc96c59,12873040657,node,shop,car_repair,Petromin Express,,Petromin Express,,,31.4417627,74.2730257,Lahore,Punjab,Pakistan,,,
eb4c3843-0b88-5d63-b4e9-80a389d91f61,9314663090,node,place,village,کچی کوٹھی,,Katchi Kothi,,,31.4512179,74.2441338,Lahore,Punjab,Pakistan,,,
8cec67ab-6df7-50c9-8d66-984aaf0a7736,10812981242,node,tourism,hostel,Tariq Group Of Hostels,,,,,31.459935,74.2425746,Lahore,Punjab,Pakistan,,Tariq Sanghira,
ded968ae-f340-5a99-b6fc-86320ff8cb5f,5037148621,node,shop,supermarket,,,,,,31.4511576,74.2647478,Lahore,Punjab,Pakistan,,,
9883853d-7381-52d3-b670-850f6eaf2bc2,4788283727,node,tourism,hostel,,,,,,31.4583141,74.2573969,Lahore,Punjab,Pakistan,,,
1db68c16-45c6-53d5-b8ce-469269312376,9314663091,node,place,village,نصیراباد,,Nasirabad,,,31.4553839,74.2545799,Lahore,Punjab,Pakistan,,,
7eb7a15a-c915-5d2c-a5fa-3d96562652f3,11835257769,node,amenity,atm,,,,,,31.4582849,74.2599368,Lahore,Punjab,Pakistan,,,
94c7b4be-6586-513e-9283-9005cd1ba36e,5260103787,node,healthcare,hospital,Al Shifa Hospital,,,,,31.4620272,74.2448532,Lahore,Punjab,Pakistan,,,
33e8a6ec-db95-5bbf-8f75-3ddd658e79a2,5844889650,node,railway,station,علی ٹاؤن,علی ٹاؤن,Ali Town,,,31.464321,74.2438263,Lahore,Punjab,Pakistan,,Lahore Metro,
0a30825b-2c4e-539a-a53e-b54f258ae1ed,3279448768,node,amenity,fast_food,مکڈونلڈز,مکڈونلڈز,McDonald's,,,31.4669652,74.2518573,Lahore,Punjab,Pakistan,مکڈونلڈز,,
2027e4a7-daae-5f2f-9d23-c52c49ac30e4,5276934829,node,tourism,hotel,Safari Hotel Johar Town,,,,,31.4667736,74.2521329,Lahore,Punjab,Pakistan,,,
e33d2f42-ced5-557e-9c62-1a08e9b522a3,6115490685,node,office,company,Ali Town,,,,,31.4619378,74.2458603,Lahore,Punjab,Pakistan,,,
1ee4b10b-1e52-5f72-910c-93d0785a6762,6604380785,node,office,company,IES,,,,,31.4619749,74.2460736,Lahore,Punjab,Pakistan,,,
5f4e1a4c-a04b-5f4c-8342-01a5e97aeb81,8311354417,node,tourism,hostel,,,,,,31.4664166,74.2458118,Lahore,Punjab,Pakistan,,,
a4642035-2883-55b7-a1d6-611e3b7557cc,3231839398,node,amenity,fuel,,,,,,31.4700002,74.2397336,Lahore,Punjab,Pakistan,,,
1e249284-4600-5f4e-bd3a-f8634e3294f5,4909048221,node,office,government,Agriculture office,,Agriculture office,,,31.4720957,74.2421317,Lahore,Punjab,Pakistan,,,
1df8df17-6715-5ef9-bc35-5ef91cf8c640,5844889651,node,railway,station,ٹھوکر نیاز بیگ,ٹھوکر نیاز بیگ,Thokar Niaz Baig,,,31.4736422,74.2418249,Lahore,Punjab,Pakistan,,Lahore Metro,
a4c153b3-e08b-5169-bf2c-46c43209b68a,4396285396,node,tourism,hotel,Johar town,,Johar town,,,31.4693234,74.2511194,Lahore,Punjab,Pakistan,,,
c6001bf9-1957-5a2f-b871-a2e32e58636c,3279448769,node,amenity,fuel,شیل,شیل,Shell,,,31.4636273,74.2557277,Lahore,Punjab,Pakistan,شیل,,
a83383fb-6653-56d0-b8ce-728b308660ef,4159210591,node,tourism,artwork,home,,,,,31.4667075,74.2552941,Lahore,Punjab,Pakistan,,,
c41d412b-fa4e-5fc3-98c1-afc8ffd18609,4995115922,node,shop,car_repair,Honda Canal Bank,,Honda Canal Bank,,,31.4647271,74.25299,Lahore,Punjab,Pakistan,,,
235f4256-162a-5846-9bf0-2989863feeee,9314663092,node,place,village,رسول پور,,Rasoolpur,,,31.4623443,74.2550698,Lahore,Punjab,Pakistan,,,
1fbfd417-ec1c-5bc9-87ca-ab95e0252950,12719981501,node,tourism,hotel,The Rich Apartments and Hotel,,,,,31.4656505,74.2534761,Lahore,Punjab,Pakistan,,,
288c48e0-1eb8-56fd-8aa2-402ae0595ac8,6221318686,node,tourism,museum,Expo Center,,,,,31.4648663,74.2611479,Lahore,Punjab,Pakistan,,,
984ceb58-cd36-51db-b30f-17b82478d8ec,8434763077,node,shop,furniture,Artic Furniture and Interior,,,,,31.4670839,74.2601272,Lahore,Punjab,Pakistan,,,
4cfa7e0b-f622-5314-b19f-a75f28d3e017,3870712853,node,tourism,hotel,Hotel Royal Lahore,,,,,31.4727063,74.2587096,Lahore,Punjab,Pakistan,,,
016554b3-7352-547a-9e3f-20392fab25d8,5273680544,node,healthcare,clinic,Hafeez Eye Centre,,,,,31.4728929,74.2534801,Lahore,Punjab,Pakistan,,,
4633e923-8b49-543e-a720-a46176296f5f,5267980933,node,amenity,restaurant,Bundu Khan - Emporium Mall,,,,,31.4676748,74.2651405,Lahore,Punjab,Pakistan,,,
ff5dae6d-fd31-5e1b-94ce-ed64545a40ad,5267980934,node,shop,clothes,LifeStyle Collection - Emporium Mall,,,,,31.467667,74.2643997,Lahore,Punjab,Pakistan,,,
05e0f118-2969-5368-b03e-a614459d7222,5267980935,node,amenity,cafe,Mocca Coffee,,,,,31.4677331,74.2653876,Lahore,Punjab,Pakistan,,,
ef915b22-88a6-5f60-9baf-f40c8be824a8,5267980941,node,amenity,cafe,Second Cup - Emporium Mall,,,,,31.467628,74.2649418,Lahore,Punjab,Pakistan,,,
472b3190-05c1-5c9e-9dfe-d7f27d14e25e,5267980945,node,shop,clothes,Lala Textiles - Emporium Mall,,,,,31.4678736,74.2653204,Lahore,Punjab,Pakistan,,,
6b350608-fe19-558f-8625-fdfee8142c83,5267980948,node,shop,clothes,Royal Tag - Emporium Mall,,,,,31.4678403,74.2651735,Lahore,Punjab,Pakistan,,,
09a7d13d-1df2-593d-9b01-4c8f132726ac,5267980950,node,amenity,restaurant,Arcadian Cafe Signature - Emporium Mall,,,,,31.4677334,74.2646937,Lahore,Punjab,Pakistan,,,
c61bc44e-1fd4-539d-9c67-61ca39f579cc,5267980951,node,amenity,ice_cream,Ice Curl - Emporium Mall,,,,,31.4676982,74.2645377,Lahore,Punjab,Pakistan,,,
dc5681de-9e42-5e34-b819-5e2ec5fdd158,5267980952,node,amenity,fast_food,برگر کنگ,برگر کنگ,Burger King,,,31.4677985,74.2649819,Lahore,Punjab,Pakistan,برگر کنگ,,
11220716-c30a-5590-86ed-b525c33bbc9d,5267980955,node,shop,clothes,Giordano - Emporium Mall,,,,,31.4675144,74.2644602,Lahore,Punjab,Pakistan,,,
47ed2573-fe8b-5e65-9c22-1c29fc4ea0a2,5267980956,node,amenity,bank,MCB Emporium Mall Branch,,,,,31.467633,74.2642487,Lahore,Punjab,Pakistan,,,
b96b69fe-248a-57ff-8ef6-9801eff884e0,5273680543,node,amenity,place_of_worship,Minhaj ul Hussain Mosque,,,,,31.4719279,74.260913,Lahore,Punjab,Pakistan,,,
ea2f1f4e-b202-55a5-aab1-471f4c07b8d2,8557495468,node,leisure,fitness_centre,Momentum Fitness Lahore,,,,,31.4681568,74.2647971,Lahore,Punjab,Pakistan,,,
0ae21f0b-ab2c-51de-b0b1-faefae71401f,304962556,node,place,neighbourhood,PECHS,,,,,31.4484522,74.2661782,Lahore,Punjab,Pakistan,,,
c64c5379-62be-518a-afdb-d4462ecc6c3a,4659566189,node,amenity,restaurant,the restaurant,,the restaurant,,,31.4515669,74.2683403,Lahore,Punjab,Pakistan,,,
1e7375e9-d978-5685-b694-e5dd3aefd6b0,4693779295,node,amenity,bank,Bank of Punjab,,Bank of Punjab,,,31.4493333,74.2692563,Lahore,Punjab,Pakistan,,,
973e4265-6d2b-53d5-84dd-efaf34afdb57,4693788292,node,amenity,restaurant,Gourmet Restaurant,,,,,31.4500628,74.2707066,Lahore,Punjab,Pakistan,,,
8b8dfad9-7438-5133-85d4-f4d4a79de906,4693842390,node,shop,supermarket,Jalal Sons,,,,,31.4504855,74.2707875,Lahore,Punjab,Pakistan,,,
621006d7-4abe-5baa-9ec9-35d9b670b8f9,4693842391,node,amenity,cafe,Cafe & fine dining place,,Cafe & fine dining place,,,31.4493135,74.2695546,Lahore,Punjab,Pakistan,,,
1a592672-a1eb-5a11-945b-6d47c4b0c797,4693842392,node,tourism,hotel,Continental 15$,,Continental 15$,,,31.4485508,74.268375,Lahore,Punjab,Pakistan,,,
bad83119-8c59-5064-87e1-60d266aa16c0,4693845790,node,amenity,fast_food,KaKa,,KaKa,,,31.4487676,74.2687779,Lahore,Punjab,Pakistan,,,
26c57e9d-f32c-54d2-981d-3d34c0f0c999,4693846489,node,amenity,fast_food,Yasir Broast TakeAway & Delivery,,Yasir Broast TakeAway & Delivery,,,31.4509446,74.2702048,Lahore,Punjab,Pakistan,,,
723088fd-12c1-52d0-8585-7c7c079cb870,4693847989,node,amenity,restaurant,California Pizzeria,,California Pizzeria,,,31.4500366,74.2698197,Lahore,Punjab,Pakistan,,,
f9fab722-7e31-54e5-b55a-e829253fe9a6,5881448985,node,office,company,DirectFN,,,,,31.4499718,74.2690221,Lahore,Punjab,Pakistan,,,
fc5bef82-7540-59b4-807e-f73056ff2c72,10129929117,node,amenity,fast_food,Broadway Pizza,,,,,31.4498636,74.2691159,Lahore,Punjab,Pakistan,,,
0d35210c-521b-580b-b05f-25f7d421225f,8659331270,node,amenity,fast_food,Chai Rock,,,,,31.4528746,74.2726473,Lahore,Punjab,Pakistan,,,
95401031-79e5-5a8f-baf0-2b95db91ce29,13091899518,node,healthcare,hospital,GeroX®,,,,,31.4546131,74.266597,Lahore,Punjab,Pakistan,,geroxclinic.com,
567cc6c3-e6f6-5f7d-a2bd-8bf3a7af65d6,4403686789,node,amenity,bank,UBL Ameen,,UBL Ameen,,,31.4668904,74.2739234,Lahore,Punjab,Pakistan,,,
7400be6a-b941-57df-af79-8bff3d2f88eb,6215656886,node,shop,car_repair,Ahmed Autos,,,,,31.4609002,74.2729632,Lahore,Punjab,Pakistan,,,
4ef8a05d-2772-5c90-aa49-c16695d013f4,8018745638,node,healthcare,dentist,Smile Hub Clinics,,,,,31.4621823,74.2747392,Lahore,Punjab,Pakistan,,,
e3edb88e-5302-50ac-a3b8-6cfec719bba4,9370712588,node,amenity,restaurant,The Veranda,,,,,31.4665416,74.2740325,Lahore,Punjab,Pakistan,,,
d602c290-e9a4-5656-8286-a5b87a0272b7,4632114489,node,shop,mall,Emporium Mall,,,,,31.467189,74.2659803,Lahore,Punjab,Pakistan,,,
fd53089b-eb19-5933-b7d2-36ff643426be,5267980936,node,amenity,fast_food,Juiceland - Emporium Mall,,,,,31.468128,74.2664428,Lahore,Punjab,Pakistan,,,
32e87bc5-7993-5989-a768-a9ead5d447f6,5267980937,node,amenity,ice_cream,Magnum Ice Cream - Emporium Mall,,,,,31.4680715,74.2661934,Lahore,Punjab,Pakistan,,,
f98f6e6c-fd87-553b-ab7a-30ab9ca452e3,5267980938,node,amenity,fast_food,KFC - Emporium Mall,,,,,31.467901,74.2660995,Lahore,Punjab,Pakistan,,,
b22956db-8bcd-5fea-94ed-20c80b3e24af,5267980939,node,amenity,restaurant,Simply Sufi Express - Emporium Mall,,,,,31.4680264,74.2666314,Lahore,Punjab,Pakistan,,,
c2b9e7ca-47fb-5e3f-9a84-7053955ec24d,5267980940,node,amenity,fast_food,Chachajee - Emporium Mall,,,,,31.467848,74.265875,Lahore,Punjab,Pakistan,,,
74493139-d46f-593d-8c2c-baf783c45a3e,5267980942,node,amenity,restaurant,The Kebab Shop - Emporium Mall,,,,,31.4679203,74.2655265,Lahore,Punjab,Pakistan,,,
4adc0c83-cacc-569e-af57-407036a07a0c,5267980944,node,amenity,fast_food,مکڈونلڈز,مکڈونلڈز,McDonald's,,,31.4679734,74.2657606,Lahore,Punjab,Pakistan,مکڈونلڈز,,
f6f2631e-7051-51af-87fe-c6f82dfb47fc,5267980946,node,amenity,restaurant,Cone Heads - Emporium Mall,,,,,31.4680017,74.2658858,Lahore,Punjab,Pakistan,,,
53bdca9f-6371-5a23-89b0-2491295afaba,5267980947,node,shop,clothes,Hopscotch - Emporium Mall,,,,,31.4680401,74.2660551,Lahore,Punjab,Pakistan,,,
ae1166fa-725e-50a6-aaf8-99b97c4e0c66,5267980949,node,amenity,restaurant,Platter Junction - Emporium Mall,,,,,31.4678936,74.2654086,Lahore,Punjab,Pakistan,,,
c71a98c2-15fa-5aa0-9794-faddd5f97c1a,5267980953,node,shop,supermarket,Hyperstar - Emporium Mall,,,,,31.4681616,74.2665911,Lahore,Punjab,Pakistan,,,
46e038f1-7011-53bd-9cfb-0773a62e0ee8,7165556234,node,healthcare,hospital,Dental Experts Johar Town Lahore,,,,Best dentists in Lahore are working together under the umbrella of Dental Experts. It is a platform where specialized dentists collaborate to treat and cure all type of dental issues faced by patients.,31.4715382,74.2694031,Lahore,Punjab,Pakistan,,Dr. Sajjad Saeed Siddiqui,
a013776c-208e-5915-98d0-01a41b8a2baa,7297733031,node,leisure,playground,Funholics Laser Tag,,,,,31.4677578,74.2659861,Lahore,Punjab,Pakistan,,,
5d8d02e1-1a5a-5d8a-a850-162a9d8d8b4f,7297733032,node,leisure,playground,Funholics Cricket Simulator,,,,,31.4677899,74.2664349,Lahore,Punjab,Pakistan,,,
aa470c16-aa15-5c6b-bd21-074a3afd7a55,12803962575,node,shop,shoes,LEAURY,,,,,31.4692986,74.2716822,Lahore,Punjab,Pakistan,LEAURY,LEAURY,
8e4a7926-ff2e-553f-8502-9e1b8088eeb0,2576254244,node,amenity,bank,عسکری بینک,عسکری بینک,Askari Bank,,,31.4707026,74.2728452,Lahore,Punjab,Pakistan,عسکری بینک,,
a79ba540-5928-5797-83fc-1aabd058e9c9,2576262033,node,amenity,bank,United Bank Limited (UBL),,,,,31.4705532,74.2728823,Lahore,Punjab,Pakistan,,,
73cc0f26-c573-5c5d-a8e1-ecb2901a1d58,3269311552,node,amenity,bank,Dubai Islami Bank,,,,,31.469958,74.272939,Lahore,Punjab,Pakistan,,,
502cf2c3-1dc6-5940-be9d-42b919195aa6,4282462889,node,tourism,attraction,Khokhar Chowk,,,,,31.4698149,74.2728273,Lahore,Punjab,Pakistan,,,
e4e68827-ece4-5f78-b3ea-8fed68e78d7b,4978288794,node,place,neighbourhood,Johar Town L Block,,,,,31.4710405,74.2724564,Lahore,Punjab,Pakistan,,,
ff2dfd08-5e6b-5cec-814b-686693c24976,8852335173,node,place,village,گوپی روئے,,Gopi Rai,,,31.4741876,74.2261079,Lahore,Punjab,Pakistan,,,
a57057f0-9a5f-5369-bd97-aa2298974ef8,7834258556,node,amenity,restaurant,Qabail Restaurant Johar Town,,,,,31.474236,74.2712004,Lahore,Punjab,Pakistan,,,
24985f38-b1da-518d-a5ab-3ca409ffa91f,900425022,way,landuse,residential,NESPAK Housing Society Phase II,,,,,31.4223321,74.1923632,Lahore,Punjab,Pakistan,,,
f1585eef-0d59-5a2f-a18a-c2b50c21dc2f,900426401,way,landuse,residential,Iqbal Avenue - Phase 3,,,,,31.4251767,74.1924344,Lahore,Punjab,Pakistan,,,
e09d4d2b-685a-5056-a0d8-58bc89aea1ad,1038829935,way,landuse,residential,,,,,,31.4376877,74.2127636,Lahore,Punjab,Pakistan,,,
2eb69d9d-e0a6-5ec4-aca5-63654d68d374,325985770,way,amenity,place_of_worship,CIIT Mosque,,,,,31.4016862,74.2122785,Lahore,Punjab,Pakistan,,,
8a1a047b-9fda-5b06-9b50-56a214f9fa94,325985771,way,landuse,residential,CIIT Hostels,,,,,31.4029088,74.2122544,Lahore,Punjab,Pakistan,,,
ad07873a-507e-5784-a03f-ad9c34ccd004,900427609,way,landuse,residential,Awt Housing Scheme Phase 1,,,,,31.4035173,74.2034749,Lahore,Punjab,Pakistan,,,
b9bc175c-9c22-5616-9379-39667faa98e9,900432934,way,landuse,residential,Eden Lane Villas 1,,,,,31.4130718,74.2144421,Lahore,Punjab,Pakistan,,,
b390cfeb-b590-5056-8003-0e9b5a7e42a9,900433327,way,landuse,residential,Sher Shah Colony,,,,,31.4106622,74.2225385,Lahore,Punjab,Pakistan,,,
61160c02-782e-513d-b2d8-e2ff223e2257,712473623,way,leisure,park,,,,,,31.4104964,74.221199,Lahore,Punjab,Pakistan,,,
37c061d6-b0a1-5889-b819-076d32f6199e,712473627,way,leisure,park,,,,,,31.4089719,74.2210339,Lahore,Punjab,Pakistan,,,
c2e0dbcc-e6a8-5291-aabf-ff67d9c9cab7,712474909,way,leisure,park,,,,,,31.4091128,74.2243119,Lahore,Punjab,Pakistan,,,
a5a7e9e7-e492-5dc6-a249-97b08fcc096f,1152482494,way,landuse,construction,,,,,,31.4111599,74.2310143,Lahore,Punjab,Pakistan,,,
4a700235-ba5f-562e-9232-48a1c73607f6,1152482495,way,leisure,park,,,,,,31.411162,74.2281837,Lahore,Punjab,Pakistan,,,
ba9f0447-cc81-5a02-a9fa-3cc615d13649,310463559,way,landuse,residential,,,,,,31.4601688,74.1894669,Lahore,Punjab,Pakistan,,,
20ff2739-d38b-5af5-8201-2a53530e0c9e,900660172,way,landuse,residential,Green Forts 2,,,,,31.4364154,74.1985167,Lahore,Punjab,Pakistan,,,
6d94d51d-d9e7-5ddd-b1fe-3e4420322dd6,328268157,way,leisure,park,,,,,,31.4270791,74.2116843,Lahore,Punjab,Pakistan,,,
ab3c9ba0-889a-53e7-b69b-8e728d45a152,328268156,way,leisure,park,چمن پارک,,Chaman Park,,,31.4325193,74.2059927,Lahore,Punjab,Pakistan,,,
0e988f54-9abb-55c2-8d41-b67a7bf9b313,1009526076,way,leisure,park,بچوں کے پارک,,Children's Park,,,31.4302636,74.2066492,Lahore,Punjab,Pakistan,,,
9ca7a84e-84b6-5d62-9d32-1959e585e191,1012012394,way,landuse,retail,,,,,,31.4342493,74.201733,Lahore,Punjab,Pakistan,,,
6d8d3789-42a9-5941-b9e1-60ed1fa3af5b,1012009432,way,amenity,parking,,,,,,31.4280114,74.2102122,Lahore,Punjab,Pakistan,,,
5f395cf2-40a3-5b85-93cc-fd68bd864d51,1012011465,way,leisure,park,"A block Park, EME",,,,,31.4346765,74.1998628,Lahore,Punjab,Pakistan,,,
9a9b9f24-f6e9-50eb-9d48-8a5232a784c4,328262969,way,leisure,park,,,,,,31.4395282,74.2087355,Lahore,Punjab,Pakistan,,,
6961c09a-e9c3-5389-8120-7b7388aa9019,328262970,way,leisure,park,,,,,,31.4360428,74.2098925,Lahore,Punjab,Pakistan,,,
aa7d05ab-a969-56ec-9f9b-3b55b3c0a83a,314480113,way,leisure,park,J Block Park,,,,,31.446577,74.2128467,Lahore,Punjab,Pakistan,,,
87b33aad-b62e-5f69-b0b3-98e219820456,314622933,way,landuse,residential,J BLOCK,,,,,31.4462532,74.2111322,Lahore,Punjab,Pakistan,,,
f558fae7-c15a-5e0e-8948-18390dfbf96a,328265221,way,leisure,pitch,"Cricket Ground, Block D DHA EME",,,,,31.4350033,74.2126096,Lahore,Punjab,Pakistan,,,
0caad2b1-6f87-51fa-8575-9762bcb6b86b,1012007371,way,leisure,park,DHA Marriage ground,,,,,31.4357167,74.2134679,Lahore,Punjab,Pakistan,,,
880b82a7-f6e6-5ed6-8f59-c91f05afb4bf,1035963935,way,landuse,residential,Canal City,,,,,31.4408644,74.205269,Lahore,Punjab,Pakistan,,,
1353196e-3054-579a-8237-e8e6e15ac5ad,314479602,way,amenity,place_of_worship,"Masjid Quba, J Block",,,,,31.4472268,74.2125678,Lahore,Punjab,Pakistan,,,
2ca7c70e-5bff-5498-b489-9ddcdfec6c84,328262968,way,leisure,park,,,,,,31.4416942,74.2097689,Lahore,Punjab,Pakistan,,,
e7b88372-8350-5432-95c9-5fb540ecc8b2,319463208,way,amenity,parking,,,,,,31.4345224,74.2143028,Lahore,Punjab,Pakistan,,,
0892a49f-51bd-5cda-92fc-6d3948032bba,328265325,way,leisure,park,,,,,,31.4290771,74.2145676,Lahore,Punjab,Pakistan,,,
35473b84-9426-5ac7-977c-e957b1fd93a8,1012008408,way,leisure,park,,,,,,31.4335834,74.2148092,Lahore,Punjab,Pakistan,,,
66c44696-103a-5438-bcca-62c43be073d0,1012008821,way,leisure,park,"EME, D block extension",,,,,31.4314788,74.216381,Lahore,Punjab,Pakistan,,,
c9ae632b-e41b-5aba-ae0a-51200ab3b7cb,1101009829,way,leisure,pitch,Tennis Court EME Sports Complex,,,,,31.4338719,74.213609,Lahore,Punjab,Pakistan,,,
946f3951-3e06-5c27-a6e8-63e844dd42d1,1038829931,way,landuse,residential,,,,,,31.4370772,74.2375891,Lahore,Punjab,Pakistan,,,
2fd30bbe-3087-5a4e-9f53-b82cf7550c4c,1038829934,way,landuse,residential,,,,,,31.432645,74.2315511,Lahore,Punjab,Pakistan,,,
a67ffa4b-6b13-58c7-904d-0fc05fed2360,328262415,way,leisure,park,,,,,,31.4473529,74.2178775,Lahore,Punjab,Pakistan,,,
cafd0ae7-2e8b-5a4d-8bd5-487a58405f07,328262966,way,leisure,park,,,,,,31.4410874,74.2139615,Lahore,Punjab,Pakistan,,,
faed1ec6-78c9-5749-b057-49200122f18b,1038829933,way,landuse,residential,,,,,,31.4426707,74.2270935,Lahore,Punjab,Pakistan,,,
a2d4f486-23fa-5b55-a3c8-8002206c039d,328262430,way,leisure,park,,,,,,31.4448998,74.2147394,Lahore,Punjab,Pakistan,,,
3c917726-2793-532a-9725-27f9a1b2de1e,359397539,way,amenity,parking,,,,,,31.447106,74.2153699,Lahore,Punjab,Pakistan,,,
3e62818c-f59c-5f31-a714-b908c38b9bd0,1038829932,way,landuse,residential,,,,,,31.4423969,74.2345324,Lahore,Punjab,Pakistan,,,
4cb5e2a3-e1aa-5a66-b4d7-c91877c6867f,314478468,way,leisure,park,Lala Zar Park,,,,,31.4482306,74.2095086,Lahore,Punjab,Pakistan,,,
9d2df6f5-53a6-57d9-a749-8241c2c65b7d,328262413,way,leisure,park,,,,,,31.4505724,74.2115958,Lahore,Punjab,Pakistan,,,
efb3a9a3-93c5-534d-b9e8-4cb82c3e17ee,540177650,way,leisure,park,,,,,,31.4548032,74.2009513,Lahore,Punjab,Pakistan,,,
53f71c16-4a94-5ab5-af81-14bdeed010a6,316982596,way,landuse,residential,EDEN VALUE HOMES,,,,,31.4648311,74.2165462,Lahore,Punjab,Pakistan,,,
a154f8e4-ea51-5473-ad5d-e0913357adb5,328262414,way,leisure,park,,,,,,31.4483551,74.2145945,Lahore,Punjab,Pakistan,,,
2bec726e-c39c-5cd2-9351-eda2851a1a99,323369061,way,leisure,park,,,,,,31.4541718,74.2151267,Lahore,Punjab,Pakistan,,,
c5905545-053c-51a0-b58d-ff6b07c79188,584995940,way,amenity,fuel,Attock Petrol Pump,,,,,31.4562304,74.2262156,Lahore,Punjab,Pakistan,,,
2d560eaa-a2a4-59ad-92a1-134b5206089d,624763421,way,leisure,park,,,,,,31.4528278,74.225728,Lahore,Punjab,Pakistan,,,
f8beee14-9a1c-56f4-892d-c325848425fa,584994968,way,amenity,place_of_worship,جامع مسجد,جامع مسجد,Jamia Masjid,,,31.4551793,74.2283942,Lahore,Punjab,Pakistan,,,
a4442b54-8427-5dd3-afe2-b37137a4361f,584995939,way,amenity,place_of_worship,Fazil Masjid,,,,,31.4567171,74.2265602,Lahore,Punjab,Pakistan,,,
c13e51ba-b456-59b3-a193-36f94aa0f965,624763419,way,leisure,park,,,,,,31.4556773,74.2264738,Lahore,Punjab,Pakistan,,,
454d740b-b5ed-5828-b635-e17e1a74c907,624763420,way,leisure,park,,,,,,31.4548354,74.2321606,Lahore,Punjab,Pakistan,,,
3babc18f-0af0-54bf-a2e9-a30ffa044b79,624765911,way,leisure,park,,,,,,31.4550659,74.2278364,Lahore,Punjab,Pakistan,,,
f020780a-8153-505b-8ab4-3424c13537f9,961110559,way,landuse,commercial,,,,,,31.4627505,74.2226716,Lahore,Punjab,Pakistan,,,
40cd4e08-c5ab-581b-8691-89a8e670ff47,330437668,way,amenity,parking,,,,,,31.467039,74.2353061,Lahore,Punjab,Pakistan,,,
0fd15cf6-d68a-5360-b8bc-932955afce08,470148689,way,landuse,commercial,NLC HQ Dry Ports & Border Terminals,,,,,31.4655587,74.2320168,Lahore,Punjab,Pakistan,,,
acb7834d-24af-57b5-b5d1-2e36ee847090,751066931,way,tourism,hotel,12th Avenue,,,,,31.4695526,74.2378273,Lahore,Punjab,Pakistan,12th Avenue Lahore,,
e9edd894-93c8-5729-95bc-96ee7f5c59a2,900667644,way,landuse,residential,WAPDA Town,,,,,31.4316477,74.2624057,Lahore,Punjab,Pakistan,,,
c044fa49-832c-52e9-a516-0e7a09b9f56c,31248084,way,leisure,park,,,,,,31.4085594,74.2576456,Lahore,Punjab,Pakistan,,,
70869c52-bc08-553e-95cd-bb34511da2af,31248086,way,leisure,park,,,,,,31.4038269,74.2584684,Lahore,Punjab,Pakistan,,,
3d78b9ff-e90d-55d0-8a29-31f889ed3d55,540413606,way,landuse,residential,UET Housing Society Phase-1 Lahore,,,,,31.4066746,74.2699794,Lahore,Punjab,Pakistan,,,
e7846029-3f70-5b20-8439-37e1fd0cf9b1,31248085,way,leisure,park,,,,,,31.4065559,74.25558,Lahore,Punjab,Pakistan,,,
689d6368-549b-5244-90f1-022ed2e008c3,900668283,way,landuse,residential,Tariq Garden,,,,,31.4198591,74.2534754,Lahore,Punjab,Pakistan,,,
bd1e6f9a-dacc-5a83-b5fa-10a3029dafc8,31248087,way,leisure,park,,,,,,31.4088267,74.2528783,Lahore,Punjab,Pakistan,,,
10860410-0f9c-57aa-a48e-13519804e243,31248091,way,leisure,playground,,,,,,31.4130728,74.2582597,Lahore,Punjab,Pakistan,,,
d1933cd3-c63d-50c5-89d3-cd233e32943d,380283381,way,landuse,commercial,"Rehmat market, WAPDA Town",,,,,31.4192149,74.2653117,Lahore,Punjab,Pakistan,,,
0dcd8fa5-ff76-5969-8284-967a033d14c2,31248096,way,leisure,pitch,,,,,,31.4163135,74.259966,Lahore,Punjab,Pakistan,,,
772c5581-df7f-5342-ae59-094a35059353,627249926,way,place,neighbourhood,Johar Town,,,,,31.4641935,74.2774696,Lahore,Punjab,Pakistan,,,
9edcc02c-d8ab-599a-aef3-4c1fdfff7675,366926711,way,leisure,park,,,,,,31.4341388,74.261982,Lahore,Punjab,Pakistan,,,
144e16ed-c65f-5b51-a2b5-d63d53564d5e,366926712,way,leisure,park,,,,,,31.4363412,74.2637018,Lahore,Punjab,Pakistan,,,
6b41bb86-e32b-5076-b9cb-fe40aa2b3e19,620487257,way,landuse,cemetery,Christian Graveyard,,,,,31.4269743,74.2694295,Lahore,Punjab,Pakistan,,,
fdf068d1-8f64-5604-a447-d028088fbc99,366926709,way,amenity,place_of_worship,,,,,,31.434359,74.266492,Lahore,Punjab,Pakistan,,,
c3aba656-cf8a-5c6b-89eb-5583f031fc77,366926707,way,leisure,park,,,,,,31.4375335,74.2674803,Lahore,Punjab,Pakistan,,,
c81bc014-944a-58e0-b7ec-3538455363ad,362348369,way,amenity,place_of_worship,,,,,,31.4470331,74.2715525,Lahore,Punjab,Pakistan,,,
45813ff7-ea45-5615-80e7-8967c45bd0ee,1434464841,way,amenity,cafe,Food Street,,,,,31.4465524,74.2678706,Lahore,Punjab,Pakistan,,,
f34de5cf-0032-512a-8307-6c8110e86756,1434464842,way,amenity,cafe,Cafe A,,,,,31.4473607,74.267792,Lahore,Punjab,Pakistan,,,
c739d29d-f254-536e-91b4-d2449e681a1d,1434464846,way,leisure,park,Courtyard Park,,,,,31.4471614,74.268723,Lahore,Punjab,Pakistan,,,
f712deb7-dafc-529e-9f39-aabaf8434fa8,362348405,way,amenity,place_of_worship,,,,,,31.4461378,74.2730323,Lahore,Punjab,Pakistan,,,
9b80a36f-8d26-5529-a41c-b02e2f851950,1313081994,way,leisure,park,,,,,,31.4532149,74.2486879,Lahore,Punjab,Pakistan,,,
f985cfda-2418-5dae-877c-8282ae310d75,726040760,way,leisure,park,"Central Park, PUEHS Town-1",,,,,31.4540166,74.2413399,Lahore,Punjab,Pakistan,,,
121d6907-b0c7-5eac-bb2b-1958c4cd06eb,1313081995,way,leisure,park,,,,,,31.4535398,74.2527136,Lahore,Punjab,Pakistan,,,
3deee030-680a-5c12-a34e-efbde0fb5bba,321397495,way,leisure,park,Lalazar Park,,,,,31.4710665,74.2449071,Lahore,Punjab,Pakistan,,,
a1037955-f66e-51fd-9eae-76d5dec198c1,623002093,way,leisure,park,,,,,,31.4712702,74.2519739,Lahore,Punjab,Pakistan,,,
abb77ca4-743e-5413-b9fd-0141fb4684f0,1051398807,way,landuse,industrial,Grid Station,,,,,31.4617882,74.2637959,Lahore,Punjab,Pakistan,,,
f3f1a02b-b857-5b66-9aea-efe1fd21f12f,251404281,way,amenity,townhall,Lahore International Expo Centre,,,,,31.4648988,74.2598579,Lahore,Punjab,Pakistan,,,
06cb210c-2ca3-5b0c-9292-94c2bdcbbfbc,620739083,way,shop,mall,Emporium Mall,,,,,31.4670006,74.2658838,Lahore,Punjab,Pakistan,,,
da19aeb7-aa84-5e45-b6f8-9e80fec1ee3b,623002098,way,landuse,commercial,Emporium Mall,,,,,31.4670955,74.2656963,Lahore,Punjab,Pakistan,,,
eba9bc44-f78d-5227-856e-fe0cd3af8897,623002099,way,landuse,commercial,Lahore Expo Centre,,,,,31.4649427,74.259722,Lahore,Punjab,Pakistan,,,
c0d2fa47-d6cc-579b-a0a4-5fd82e7c476e,316615255,way,leisure,park,,,,,,31.4713169,74.2624433,Lahore,Punjab,Pakistan,,,
7bbd2c87-3688-5a1e-b130-08fbef5eec6d,164241538,way,amenity,parking,,,,,,31.4495709,74.271497,Lahore,Punjab,Pakistan,,,
873d0810-23c1-50b7-a3ab-5c7c40ac4fa7,322982609,way,leisure,park,,,,,,31.4488727,74.2701389,Lahore,Punjab,Pakistan,,,
2e76b777-a173-5c8e-96dd-a47ba7d8c850,996194511,way,amenity,parking,,,,,,31.4482269,74.2707142,Lahore,Punjab,Pakistan,,,
83403e2e-d5c1-5733-b563-b99f020b45d4,164241540,way,amenity,parking,,,,,,31.4491695,74.27235,Lahore,Punjab,Pakistan,,,
4310c960-6156-5db7-86ca-51d07be0584e,164241536,way,amenity,parking,,,,,,31.4491862,74.2719824,Lahore,Punjab,Pakistan,,,
2731e26d-e529-5c59-a1c1-7d1fa95ddfa5,164241539,way,amenity,parking,,,,,,31.4492747,74.2721922,Lahore,Punjab,Pakistan,,,
210a7b77-1614-59e3-9326-046b99228924,362298466,way,leisure,park,,,,,,31.4552405,74.2702007,Lahore,Punjab,Pakistan,,,
da41c3ba-4504-59a2-b89f-7e97b7997d0d,362298467,way,amenity,place_of_worship,,,,,,31.454931,74.2696673,Lahore,Punjab,Pakistan,,,
d255071a-d6dc-519a-9320-d7bf50939b2b,1051399190,way,landuse,commercial,,,,,,31.4665302,74.268013,Lahore,Punjab,Pakistan,,,
401e8818-f815-50a3-8ddd-8b7731c74973,1051399191,way,landuse,commercial,,,,,,31.4661731,74.2681167,Lahore,Punjab,Pakistan,,,
994cca1b-a42e-5590-824d-a75b5c8f05d7,1051399192,way,landuse,commercial,,,,,,31.4658007,74.2682259,Lahore,Punjab,Pakistan,,,
31778ea8-b9bd-5939-8bb3-fee6fb370c90,1051399245,way,landuse,commercial,,,,,,31.4653551,74.2683551,Lahore,Punjab,Pakistan,,,
1f32d120-505b-5500-981d-fd02edd64ce1,1051399246,way,landuse,commercial,,,,,,31.465022,74.2684496,Lahore,Punjab,Pakistan,,,
5950da9a-feb3-513d-882d-f6002062757b,316615257,way,leisure,park,,,,,,31.4645621,74.2718162,Lahore,Punjab,Pakistan,,,
8cfe329b-1ee6-5fb1-8bd9-dda11b1bf90b,1051399189,way,landuse,commercial,,,,,,31.4670153,74.267863,Lahore,Punjab,Pakistan,,,
2eb7c522-c8a0-577e-ac78-5a019e8c48f3,316615256,way,leisure,park,,,,,,31.4712544,74.2705649,Lahore,Punjab,Pakistan,,,
49f6baa5-e2b2-5e69-8dad-6be5be1a5665,1101009130,way,leisure,park,H1 Park,,,,,31.4721207,74.2659848,Lahore,Punjab,Pakistan,,,
4298d26c-bce0-57fa-975b-de63b1bb0afc,362298438,way,leisure,park,,,,,,31.4688649,74.2753211,Lahore,Punjab,Pakistan,,,
0081617d-3e07-53a5-b469-9edfe0d0b375,13908508,relation,landuse,residential,,,,,,31.5046763,74.3577265,Lahore,Punjab,Pakistan,,,
24b356f2-5d3d-5141-aa51-ee917dc6b79d,13909174,relation,landuse,residential,,,,,,31.4165988,74.2436642,Lahore,Punjab,Pakistan,,,
27ebbfab-8d00-588c-9542-b7164b1fa085,13908651,relation,landuse,residential,,,,,,31.4413155,74.2258676,Lahore,Punjab,Pakistan,,,
689781c7-4d8b-57f7-bb2c-f5803a7b8899,8678801,relation,leisure,park,,,,,,31.4542047,74.2286552,Lahore,Punjab,Pakistan,,,
b8f23bcd-2b1f-572f-9c30-be35e9a81522,13909189,relation,landuse,residential,,,,,,31.3967477,74.2725652,Lahore,Punjab,Pakistan,,,
3666485d-b4a4-524e-9809-d86a454f965c,304963204,node,place,suburb,نیاز بیگ,نیاز بیگ,Niaz Baig,,,31.4844343,74.2363949,Lahore,Punjab,Pakistan,,,
1b88c505-7341-5db3-9391-fbdf217c95a4,4119568389,node,amenity,atm,,,,,,31.4755619,74.2423874,Lahore,Punjab,Pakistan,,,
bebcdb43-c7c6-5251-b29f-336feaf1240f,5259747065,node,healthcare,hospital,پرل انٹرنیشنل ہسپتال,,,,,31.4764633,74.2441672,Lahore,Punjab,Pakistan,,,
5a9a0fae-dd88-57ef-b64f-516333337180,8398484967,node,amenity,place_of_worship,Bhadrakali Temple (abandoned),,,,,31.4831305,74.2398562,Lahore,Punjab,Pakistan,,,
a0364b12-de85-5b79-a807-75a273a5f192,8398484968,node,amenity,place_of_worship,Hindu shrine,,,,,31.4832929,74.2399594,Lahore,Punjab,Pakistan,,,
5b8b04a7-a642-55c5-a24e-59a86083d348,5844889652,node,railway,station,کینال ویو,کینال ویو,Canal View,,,31.4806954,74.249204,Lahore,Punjab,Pakistan,,Lahore Metro,
75460751-e9a3-5820-8086-6d281003bc45,5844889653,node,railway,station,ہنجروال,ہنجروال,Hanjarwal,ہنجر وال,,31.4862956,74.2583504,Lahore,Punjab,Pakistan,,Lahore Metro,
80b6eefa-183f-54ea-addb-4d24e22cfb7a,4481666591,node,leisure,park,Mansoora Hospital Multan Road,,,,,31.4919023,74.2642967,Lahore,Punjab,Pakistan,,,
1c715fe0-55ca-57e4-8bb4-0aeb46c67cfc,674141732,node,amenity,parking,Hospital Parking,,,,,31.4965424,74.2635725,Lahore,Punjab,Pakistan,,,
d2fc2dcd-78a7-5508-a6d9-5d3226ac40ba,3343635641,node,shop,bakery,Al-Awan Bakers,,,,,31.4993781,74.265375,Lahore,Punjab,Pakistan,,,
cecbcf5e-c021-5136-9ba1-d962ba1f1403,5255424742,node,healthcare,hospital,Cardiology Department,,,,,31.4974458,74.26345,Lahore,Punjab,Pakistan,,,
cee1ca32-8cd9-5034-9508-76561ecd2060,5844889654,node,railway,station,وحدت روڈ,وحدت روڈ,Wahdat Road,,,31.4946893,74.2633664,Lahore,Punjab,Pakistan,,Lahore Metro,
e5e30352-f25b-5e59-8b3e-517b9bc03dd4,5107428025,node,amenity,restaurant,Qabail restaurant,,,,,31.4753676,74.2708721,Lahore,Punjab,Pakistan,,,
d2d2d7ad-215d-59e1-8f8c-57451bd6d577,1656043955,node,amenity,place_of_worship,Modudi Masjid,,,,,31.4971385,74.2692646,Lahore,Punjab,Pakistan,,,
75df8d68-7603-51dd-8e63-93dba32cb107,304965552,node,place,suburb,مصطفی ٹاؤن,,Mustafa Town,,,31.4958155,74.2734738,Lahore,Punjab,Pakistan,,,
e2f893dd-b093-5762-bd8a-ec51a164183a,6886226986,node,amenity,fast_food,مکڈونلڈز,مکڈونلڈز,McDonald's,,,31.498422,74.2734102,Lahore,Punjab,Pakistan,مکڈونلڈز,,
bf7fe094-be86-5047-b3d9-205857976496,934985259,node,shop,supermarket,Awan Town Market,,,,,31.5044118,74.2618401,Lahore,Punjab,Pakistan,,,
b48575de-cf4a-5214-8847-a07d904c916c,934985263,node,place,suburb,اعوان ٹاؤن,,Awan Town,,,31.5042343,74.2631971,Lahore,Punjab,Pakistan,,,
1a1bcead-6e55-5f83-b34f-355fad03337c,935843926,node,amenity,place_of_worship,Kosar Masjid,,,,,31.500868,74.2604397,Lahore,Punjab,Pakistan,,,
e1b249cc-50a9-5de8-8e9b-7dd146428f77,935843930,node,leisure,playground,,,,,,31.5022036,74.2603646,Lahore,Punjab,Pakistan,,,
061330fc-376e-555b-ad75-c734e2ad1437,5259747070,node,healthcare,hospital,Al Noor Hospital,,,,,31.5038003,74.2653791,Lahore,Punjab,Pakistan,,,
5759bf31-65b7-5604-9622-3194888f6777,4447083189,node,leisure,playground,,,,,,31.5162076,74.256874,Lahore,Punjab,Pakistan,,,
8965a0f0-3734-59cd-a73d-f2ebd0f1d58d,6300661985,node,shop,bakery,ZamZam Bakers And Sweets,,,,,31.5192396,74.264701,Lahore,Punjab,Pakistan,,,
77c8936a-3d96-50f9-b1d2-43821cd63f74,5259747068,node,healthcare,hospital,Gondal Hospital,,,,,31.5028083,74.2682073,Lahore,Punjab,Pakistan,,,
d304d632-70b1-5e79-a143-8f029b63ced2,5259747069,node,healthcare,clinic,Hussain Clinic,,,,,31.5024515,74.2679873,Lahore,Punjab,Pakistan,,,
29b4c81f-d755-5a11-ba58-faa71768e02d,5844889655,node,railway,station,اعوان ٹاؤن,اعوان ٹاؤن,Awan Town,,,31.5033102,74.2682841,Lahore,Punjab,Pakistan,,Lahore Metro,
b3f79919-bee0-5c86-84d4-add36e3d5ebd,10816641506,node,amenity,fuel,Attock Petrol Pump,,,,,31.5045172,74.2686286,Lahore,Punjab,Pakistan,,,
22cd7536-799c-5e01-ae6d-cc6a93cde12d,5079984607,node,shop,clothes,Catalog Pakistan,,,,,31.5021726,74.2743131,Lahore,Punjab,Pakistan,,,
ab440239-d202-5dc6-819f-179f2a7b41ab,5844889656,node,railway,station,سبزہ زار,سبزہ زار,Sabzazar,,,31.5101229,74.2728442,Lahore,Punjab,Pakistan,,Lahore Metro,
2d0de26c-eb16-58d8-b531-647faa42f7cb,304963881,node,place,neighbourhood,Sabzazar,,,,,31.5217929,74.2701264,Lahore,Punjab,Pakistan,,,
16ab0bd0-eba7-5b0e-b901-0fe7b5d79fd6,4666715291,node,tourism,hotel,Shokat Hotel,,,,,31.5196676,74.2710894,Lahore,Punjab,Pakistan,,Abuzar Musavia,
368423ca-f940-5466-861d-08d4c2224aac,4666716590,node,shop,computer,Fam Point,,,,,31.5258149,74.270166,Lahore,Punjab,Pakistan,,,
15cede05-534c-50ad-8e0a-c7e62560b888,4666716591,node,amenity,cafe,Fam Flats,,,,,31.5206455,74.2712621,Lahore,Punjab,Pakistan,,,
a4dda016-f765-535a-a8ea-df2a1c1a0df8,5273441374,node,amenity,place_of_worship,Tajdar e Ambiya,,,,,31.5210631,74.2691164,Lahore,Punjab,Pakistan,,,
400dbd04-a65b-5946-8ae6-8fc73e8a66e5,5273441376,node,shop,bakery,Gourmet Bakers,,,,,31.5209053,74.2696958,Lahore,Punjab,Pakistan,,,
2e9f2402-8875-5e60-ad8f-5a8172a4bfec,5273441377,node,shop,bakery,Doce Bakers & Sweets,,,,,31.5207224,74.269626,Lahore,Punjab,Pakistan,,,
e7f1f543-3497-527b-ad28-c687eaa7f963,5241523840,node,office,company,Shalimar Steel,,,,,31.5364676,74.2653519,Lahore,Punjab,Pakistan,,,
dccd6ba8-a3d3-59ed-9e08-0b8d1dee6ada,13264504809,node,amenity,food_court,,,,,,31.5454397,74.2557622,Lahore,Punjab,Pakistan,,,
145369f4-1c4d-5a91-8534-6d221c076e3e,2419021216,node,shop,supermarket,,,,,,31.5460859,74.2547109,Lahore,Punjab,Pakistan,,,
bd45a959-0256-559c-a9ac-4ea825ea71a3,4538805089,node,tourism,guest_house,Mamu house,,Mamu house,,,31.5324904,74.2655019,Lahore,Punjab,Pakistan,,,
27e0abc5-425b-5445-a93b-ee62f2c648e0,2403371414,node,amenity,fuel,شیل,شیل,Shell,,,31.5376805,74.2680513,Lahore,Punjab,Pakistan,شیل,,
ade05ace-f3e7-59f0-aeb4-057ee9f8bf1d,304963863,node,place,neighbourhood,Yateem Khana,,,,,31.5358396,74.273903,Lahore,Punjab,Pakistan,,,
c1ba4937-54e2-5bbc-a9a4-cbee197fe2ff,3206591683,node,amenity,fuel,پاکستان اسٹیٹ آئل,پاکستان اسٹیٹ آئل,Pakistan State Oil,,,31.54457,74.2670416,Lahore,Punjab,Pakistan,پاکستان اسٹیٹ آئل,,
79fc3729-9108-5bcd-8b6e-ef3b870bb319,3206591684,node,amenity,fuel,ٹوٹل,ٹوٹل,Total,,,31.5439711,74.2669075,Lahore,Punjab,Pakistan,طوطال,ٹوٹل پارکو,
7edd7815-501e-52d1-9728-c0bf37e1dade,6612977385,node,tourism,guest_house,Five Giants Homestay,,,,,31.5477609,74.270514,Lahore,Punjab,Pakistan,,Hashaam,
6e418cb2-be0f-5aec-a5f5-72494c24b2ea,8407704719,node,amenity,place_of_worship,گلشنِ راوی,,Gulshan-e-Ravi,,,31.548953,74.2730641,Lahore,Punjab,Pakistan,,,
167a8d79-eee0-5d8e-9488-6937d263804d,9336745965,node,natural,tree,,,,,,31.5470014,74.2725649,Lahore,Punjab,Pakistan,,,
982bfb9c-3787-5230-9ca4-0357256638e4,9336745966,node,natural,wood,,,,,,31.5469953,74.2719668,Lahore,Punjab,Pakistan,,,
b144a424-6280-55c1-8042-c031c1811e8d,9336745967,node,natural,tree,,,,,,31.5463076,74.2732268,Lahore,Punjab,Pakistan,,,
f48a327d-0534-5d71-9f67-01007b830276,9336745968,node,natural,tree,,,,,,31.547119,74.273747,Lahore,Punjab,Pakistan,,,
a9cd1283-4674-5314-9b90-9096374f0636,9336745969,node,natural,tree,,,,,,31.5459065,74.2722358,Lahore,Punjab,Pakistan,,,
629dfd6e-a912-5c9f-8b05-7c83a3a6e1c8,9336745970,node,natural,tree,,,,,,31.5470888,74.2728622,Lahore,Punjab,Pakistan,,,
51c38888-9bb1-55a8-98b4-2dd64a74c58d,1278559151,way,landuse,cemetery,,,,,,31.4798839,74.2373777,Lahore,Punjab,Pakistan,,,
19536e14-0da6-5fd3-8260-f0ef579e9274,761649507,way,landuse,cemetery,,,,,,31.4811025,74.2376379,Lahore,Punjab,Pakistan,,,
5bf8c29c-d2d7-5f33-846c-dd79b31eda15,761649508,way,landuse,cemetery,,,,,,31.4813195,74.2387366,Lahore,Punjab,Pakistan,,,
cc731c27-4f46-555c-b4af-7016590fa3da,1215349351,way,leisure,park,Canal Berg Housing Scheme Park,,,,Map added by Muhammad Mohy Ud Deen,31.4767878,74.2475262,Lahore,Punjab,Pakistan,,,
1075b44c-f284-565e-b6b2-841950a5a30e,1215349352,way,amenity,place_of_worship,Jamia Masjid Khatam un Nabiyeen,,,,Map added by Muhammad Mohy Ud Deen,31.4762613,74.2471399,Lahore,Punjab,Pakistan,,,
8470b19b-6538-5ac4-a8de-1417221a109d,1215537794,way,amenity,place_of_worship,Jamia Masjid Noor e Mustafvi,,,,Map added by Muhammad Mohy Ud Deen,31.4762114,74.2493715,Lahore,Punjab,Pakistan,,,
180ce3ea-b20f-5eb7-a6f9-81526e3519c6,618614481,way,place,suburb,ہنجروال,,Hanjarwal,,,31.4865979,74.2557144,Lahore,Punjab,Pakistan,,,
3408174c-210c-5476-b245-efa152c46146,1009521435,way,place,suburb,علامہ اقبال ٹاؤن,علامہ اقبال ٹاؤن,Allama Iqbal Town,,,31.5111029,74.2841506,Lahore,Punjab,Pakistan,,,Q3694871
fb566aa7-45b9-5a60-a617-659de858e500,359149267,way,landuse,cemetery,,,,,,31.485773,74.2514919,Lahore,Punjab,Pakistan,,,
cc4363a3-2c24-568e-8d0b-402f28abf8cd,359326976,way,leisure,park,,,,,,31.478054,74.2553674,Lahore,Punjab,Pakistan,,,
72e7fe1a-8d41-5532-b56c-023d4e27f1b4,359326977,way,amenity,place_of_worship,,,,,,31.4786692,74.2549691,Lahore,Punjab,Pakistan,,,
648aaad4-b02f-507d-a435-085b20548f81,359326978,way,leisure,park,,,,,,31.4798084,74.2561412,Lahore,Punjab,Pakistan,,,
f8c2326c-21ca-5eaa-a8d6-7950a4338c82,359350880,way,amenity,place_of_worship,,,,,,31.4868393,74.2631243,Lahore,Punjab,Pakistan,,,
ae9dbd03-2beb-58ea-9727-e65838ea4014,359019618,way,amenity,place_of_worship,,,,,,31.4856338,74.264036,Lahore,Punjab,Pakistan,,,
d32d1bd4-e5bf-5957-8c36-a79e5e92ee93,359326983,way,leisure,park,,,,,,31.4822594,74.260375,Lahore,Punjab,Pakistan,,,
f0102050-e7d6-5951-b151-904e0cb3af70,359326984,way,amenity,place_of_worship,Al - Madina Masjid,,,,Map added by Muhammad Mohy Ud Deen,31.4820558,74.2600009,Lahore,Punjab,Pakistan,,,
92512900-c6b5-521e-a428-6c3aa23fd78b,250377358,way,natural,water,,,,,,31.4891328,74.2446537,Lahore,Punjab,Pakistan,,,
2f11d9c0-6b01-55f4-a0a4-1537966e19a3,359350884,way,amenity,place_of_worship,,,,,,31.4899912,74.2479653,Lahore,Punjab,Pakistan,,,
3a012da5-a1b7-55ef-9bbc-409351b3e427,445034917,way,leisure,park,Khayaban-e Quaid Park,,,,,31.4927512,74.2475363,Lahore,Punjab,Pakistan,,,
f4d66c78-c351-5c23-a7dd-074818733cf5,445034926,way,amenity,place_of_worship,Khayaban-e Quaid Mosque,,,,,31.492695,74.2466932,Lahore,Punjab,Pakistan,,,
e11f17bd-6f8e-5279-8f4e-6e0f774859ee,359144196,way,leisure,park,,,,,,31.4929014,74.2555171,Lahore,Punjab,Pakistan,,,
a92005bb-01af-5d73-ad0a-bb2f659ceae5,359144226,way,landuse,cemetery,,,,,,31.4904587,74.257024,Lahore,Punjab,Pakistan,,,
9cf927d3-87f0-5ed2-b024-51f155488b69,359149249,way,leisure,park,,,,,,31.4928537,74.2544944,Lahore,Punjab,Pakistan,,,
8c016196-eebe-57a9-9697-b56ffd8e5866,359149279,way,landuse,cemetery,,,,,,31.4918501,74.2565332,Lahore,Punjab,Pakistan,,,
f4f39253-fea4-56b7-9862-3925ca7b9f54,359149281,way,amenity,place_of_worship,,,,,,31.4896034,74.2552497,Lahore,Punjab,Pakistan,,,
0bf5ac01-d882-55cf-a626-c74759aa196c,359144199,way,amenity,place_of_worship,,,,,,31.4933013,74.2544841,Lahore,Punjab,Pakistan,,,
d6813e2a-18b6-50de-add2-23c8800dab74,1136946349,way,leisure,park,wall boundry,,,,,31.4931602,74.2636258,Lahore,Punjab,Pakistan,,wardaaniza,
ed190e24-0080-5c7b-81fc-01808b6d3799,359144245,way,amenity,place_of_worship,,,,,,31.4943067,74.2577424,Lahore,Punjab,Pakistan,,,
ce8ac715-4e2d-56de-bc99-c1a03d01dc4f,359005438,way,leisure,park,شہباز بلاک پارک,,Shahbaz Block Park,,,31.4893578,74.2710131,Lahore,Punjab,Pakistan,,,
1d990eac-bb06-50ce-a409-ffe6b564475f,359005461,way,leisure,park,عباس پارک,,Abbas Park,,,31.4910249,74.2702351,Lahore,Punjab,Pakistan,,,
368ad85e-ab62-5e2a-96b9-08c66b5a1990,359019620,way,amenity,place_of_worship,,,,,,31.4880012,74.2658481,Lahore,Punjab,Pakistan,,,
7852bed2-19d1-5878-a984-874a8f9a8be6,359019631,way,leisure,park,,,,,,31.4902226,74.2693192,Lahore,Punjab,Pakistan,,,
75bbd697-0de1-5848-a526-383dd8546092,359005449,way,leisure,park,,,,,,31.4899148,74.2736366,Lahore,Punjab,Pakistan,,,
89201134-46f1-5cc2-b4ce-3364b1aeb334,359005431,way,leisure,park,احمد یار بلاک پارک,,Ahmad Yar Block Park,,,31.4913559,74.2724828,Lahore,Punjab,Pakistan,,,
df55e786-c3eb-5007-9856-f954fd6af19b,359005433,way,leisure,playground,,,,,,31.4921047,74.272338,Lahore,Punjab,Pakistan,,,
8374e5a6-ae9b-525b-9fdd-c8bb814262d5,359007675,way,leisure,park,,,,,,31.4934222,74.271463,Lahore,Punjab,Pakistan,,,
936eac3d-86ae-5e8c-8fc4-1a0b5d7787e8,359025059,way,amenity,place_of_worship,طیبہ,,,,,31.4906111,74.2721687,Lahore,Punjab,Pakistan,,,
bc86e40f-0e09-5f09-ab2c-b363c66ccef0,619300180,way,place,neighbourhood,قیوم بلاک,قیوم بلاک,Qayyum Block,,,31.4934992,74.2778559,Lahore,Punjab,Pakistan,,,
9f938b79-5dbe-5cce-9aee-ef51813c38cd,619300181,way,place,neighbourhood,احمد یار بلاک,احمد یار بلاک,Ahmed Yar Block,,,31.4906562,74.2736852,Lahore,Punjab,Pakistan,,,
cce01445-4ec6-595d-81ff-e981f6a7a5e8,619300182,way,place,neighbourhood,عباس بلاک,عباس بلاک,Abbas Block,,,31.4906138,74.2698254,Lahore,Punjab,Pakistan,,,
f6018f22-89b2-53e4-89ab-b21f819b3fe6,619300183,way,place,neighbourhood,شہباز بلاک,,Shahbaz Block,,,31.4887482,74.2710639,Lahore,Punjab,Pakistan,,,
083b330b-5a9c-5798-b2d2-6e84397a72e2,619300184,way,place,neighbourhood,Civic Centre - Mustafa Town,,,,,31.4935229,74.2728089,Lahore,Punjab,Pakistan,,,
ab9a20a1-3795-5dff-85fd-91ebfbfa1381,619300185,way,place,neighbourhood,ہدایت اللہ بلاک,ہدایت اللہ بلاک,Hidayatullah Block,,,31.4966506,74.272699,Lahore,Punjab,Pakistan,,,
3261624f-719d-5159-8745-2879286f1d67,619300186,way,place,neighbourhood,ممدوٹ بلاک,ممدوٹ بلاک,Mamdot Block,,,31.4983986,74.2768305,Lahore,Punjab,Pakistan,,,
a9cd3d68-8c11-593f-b1ef-ac5cf427e3a9,1345869903,way,landuse,residential,Lower Mehran Block,,,,,31.5014008,74.2686088,Lahore,Punjab,Pakistan,,,
766061e1-0cdc-59b8-acb7-9f2474cf2b68,359025064,way,leisure,park,,,,,,31.4947185,74.2683606,Lahore,Punjab,Pakistan,,,
c4c39ef3-f9cc-570f-8ccd-b92de96cf46c,359354799,way,amenity,place_of_worship,,,,,,31.4971214,74.2692461,Lahore,Punjab,Pakistan,,,
91ceeaf8-e647-5b66-a69c-078e287ab034,359003013,way,leisure,park,ممدوٹ بلاک پارک,,Mamdoot Block Park,,,31.4981038,74.2756223,Lahore,Punjab,Pakistan,,,
c49ca469-fa58-5378-a65b-480340c5b852,359003018,way,leisure,park,,,,,,31.4965665,74.2731012,Lahore,Punjab,Pakistan,,,
19a1b18a-21bf-5fb8-bd3a-be3fc36465f1,359079558,way,amenity,place_of_worship,,,,,,31.5019022,74.2517666,Lahore,Punjab,Pakistan,,,
023baf0c-803b-55d2-9379-ed7189f2f322,359089351,way,amenity,place_of_worship,,,,,,31.503708,74.2481455,Lahore,Punjab,Pakistan,,,
139ad98a-8394-5bc1-88eb-14444008c9ac,231997159,way,leisure,park,,,,,,31.5020419,74.2544138,Lahore,Punjab,Pakistan,,,
348fc47d-38ce-5dc3-b184-26c1bac00a67,231997160,way,leisure,park,,,,,,31.5020429,74.2537229,Lahore,Punjab,Pakistan,,,
7c76e1a9-d3ed-5bae-9876-390a6ee4f168,359089371,way,leisure,park,,,,,,31.5025872,74.2537709,Lahore,Punjab,Pakistan,,,
7e886521-e878-5f00-ba9f-9c693f02a329,291621399,way,leisure,playground,,,,,,31.5022287,74.2603871,Lahore,Punjab,Pakistan,,,
7122941e-3f63-582c-88c9-fdb69bd27b5a,291621403,way,leisure,playground,,,,,,31.5047154,74.2618972,Lahore,Punjab,Pakistan,,,
467377c9-aaa4-5d53-8c72-845f4883dc0d,359089393,way,amenity,place_of_worship,Rizwan Masjid,,,,,31.5047137,74.2613589,Lahore,Punjab,Pakistan,,,
fc4d0287-91aa-5a2e-b437-10f2217b37e5,414264177,way,leisure,park,,,,,,31.5162075,74.2568737,Lahore,Punjab,Pakistan,,,
0e40d940-104d-5577-a306-c796b261ea6a,414264178,way,leisure,park,,,,,,31.5148463,74.2596033,Lahore,Punjab,Pakistan,,,
90632387-dd79-52ba-aeb6-97362b40c5f7,291527249,way,leisure,park,,,,,,31.5268015,74.2629777,Lahore,Punjab,Pakistan,,,
df7f530b-a656-5522-802a-ff7720c4e982,291527273,way,leisure,park,,,,,,31.5235413,74.2644964,Lahore,Punjab,Pakistan,,,
0bcc0b50-59b0-5c7b-9b31-0a0798169bd4,414264175,way,leisure,park,,,,,,31.5246283,74.2600891,Lahore,Punjab,Pakistan,,,
080df4d4-607c-55a6-87c9-53fe6e597bbe,414264176,way,leisure,park,,,,,,31.5201625,74.2597243,Lahore,Punjab,Pakistan,,,
eb26b89c-a014-50b9-8d67-4a40f12bb659,1012009320,way,healthcare,hospital,Al-Mansoor Pharmacy,,,,,31.505586,74.2692115,Lahore,Punjab,Pakistan,,,
844a7503-9b8d-558d-aa59-10f48e863c8f,1345937259,way,landuse,religious,Mosque,مسجد ابو بکر صدیق,,,,31.5016397,74.269423,Lahore,Punjab,Pakistan,,,
7d8fe49c-4360-5fd8-bc31-cbefb1672bc5,841022177,way,amenity,place_of_worship,,,,,,31.5043814,74.2731459,Lahore,Punjab,Pakistan,,,
707b3be7-9baa-555f-8de1-074b9d4b7d9f,619299999,way,place,neighbourhood,Rasool Park,,,,,31.5128252,74.2714065,Lahore,Punjab,Pakistan,,,
edbffb77-5249-5e42-bc03-0b0e5447c589,1009506901,way,place,neighbourhood,راوی بلاک,راوی بلاک,Ravi Block,,,31.5119214,74.2783456,Lahore,Punjab,Pakistan,,,
c1b6a5bb-2e42-5c78-907c-0ee6be98f67d,357188353,way,amenity,place_of_worship,,,,,,31.5123604,74.2680859,Lahore,Punjab,Pakistan,,,
2504af45-3f48-529a-82bf-8ba6f7392e37,622253467,way,leisure,park,,,,,,31.5154143,74.273144,Lahore,Punjab,Pakistan,,,
e9691a27-78e8-52b8-a4b2-0c90eaa80922,618370859,way,leisure,pitch,Sabsazar Cricket Stadium,,,,,31.5191331,74.2678984,Lahore,Punjab,Pakistan,,,
bcc0c0eb-97e3-521d-9633-a19bcd14427d,619299998,way,place,neighbourhood,Jamil Town,,,,,31.5185581,74.2702219,Lahore,Punjab,Pakistan,,,
49787cfc-e7d1-50f2-9b11-178df87e69c2,622253466,way,landuse,cemetery,,,,,,31.5161614,74.2724982,Lahore,Punjab,Pakistan,,,
5475ffb6-00ce-536d-96a0-367db62ada7c,622253485,way,landuse,cemetery,,,,,,31.525552,74.2750709,Lahore,Punjab,Pakistan,,,
8842dd07-fab8-5fb9-b193-751dc1c84de3,1009506911,way,place,suburb,سعید پُور,سعید پور,Saeed Pur,,,31.5205633,74.2775302,Lahore,Punjab,Pakistan,,,
3508027c-05b1-517e-8bcc-9770d51ca3c7,622253468,way,leisure,park,,,,,,31.5209192,74.2730414,Lahore,Punjab,Pakistan,,,
efcf0e72-a0f3-59a7-a0d2-6c931b48fc0e,611974784,way,place,suburb,گلشنِ راوی,گلشنِ راوی,Gulshan-e-Ravi,,,31.5492198,74.280038,Lahore,Punjab,Pakistan,,,
a6ec4e4c-680e-5ef1-ada6-6c6081d325e0,291527284,way,leisure,park,,,,,,31.5301122,74.2625557,Lahore,Punjab,Pakistan,,,
25405685-2f63-5572-882b-dfd80e75c3ed,1445707310,way,amenity,fast_food,,,,,,31.5454011,74.2557079,Lahore,Punjab,Pakistan,,,
dd5e717d-a0fb-5e4f-b657-f0efa4bcccab,1445707311,way,amenity,restaurant,,,,,,31.5454119,74.2555614,Lahore,Punjab,Pakistan,,,
aac05e08-09fe-5646-9e5c-aa059aad2e29,1012012508,way,natural,water,,,,,,31.5439898,74.2628161,Lahore,Punjab,Pakistan,,,
c7abdd75-150f-5bc8-8b8c-6a14b7c9d7b5,1012012509,way,natural,water,,,,,,31.5449967,74.2617269,Lahore,Punjab,Pakistan,,,
7af72a58-2055-584b-b16f-4a276e3badef,705727426,way,amenity,place_of_worship,Salkeen Lahore,,,,,31.5462029,74.2654687,Lahore,Punjab,Pakistan,,,
fe6f1cb8-6c49-51ab-a53b-0b9b9ef11243,1445707312,way,amenity,fuel,پاکستان اسٹیٹ آئل,پاکستان اسٹیٹ آئل,Pakistan State Oil,,,31.5458175,74.2551919,Lahore,Punjab,Pakistan,پاکستان اسٹیٹ آئل,,
ad34cb2f-c7fb-5d02-8380-4253a1b43832,233527846,way,shop,supermarket,,,,,,31.5462796,74.2545933,Lahore,Punjab,Pakistan,,,
47c715b0-2e43-5213-8541-9d9bf5a9972e,728961333,way,amenity,place_of_worship,Jamia Masjid Ghosia,,,,,31.5377749,74.2699482,Lahore,Punjab,Pakistan,,,
1e877186-a83b-5968-a167-63cb84a1812b,414264173,way,leisure,park,,,,,,31.5454506,74.2710031,Lahore,Punjab,Pakistan,,,
35fd1082-0047-50fc-926a-d966a8d2e99a,728961336,way,amenity,place_of_worship,Jamia Masjid Babu Sabu,,,,,31.5400682,74.2679414,Lahore,Punjab,Pakistan,,,
24d3293d-943b-5ae3-a85a-b0ba132558c4,414264174,way,leisure,park,,,,,,31.5447942,74.2725714,Lahore,Punjab,Pakistan,,,
fe8b20fe-b419-53ca-a10d-8c34dfa044ac,729068683,way,amenity,place_of_worship,Masjid Ibrahim,,,,,31.5428063,74.2722629,Lahore,Punjab,Pakistan,,,
783b825e-8718-5b47-85b4-51a6bc31cd54,729829636,way,amenity,place_of_worship,Abu Bakar Masjid,,,,,31.5403501,74.2728472,Lahore,Punjab,Pakistan,,,
d7464fe0-e38c-51c5-a5fc-cbcca3e0af89,319650901,way,leisure,park,,,,,,31.5461015,74.2753164,Lahore,Punjab,Pakistan,,,
2121b364-70fd-5a17-b59d-74cfdb92a476,905357068,way,landuse,commercial,WASA Office,,,,,31.5495912,74.2723982,Lahore,Punjab,Pakistan,,,
2d02733f-b38e-5f52-a54f-fbf0e4e71666,705727455,way,amenity,place_of_worship,,,,,,31.5496447,74.2665253,Lahore,Punjab,Pakistan,,,
e83c1754-f97c-5be2-974e-4484ce24d501,327492236,way,leisure,park,Madina Park,,,,,31.5485294,74.2743093,Lahore,Punjab,Pakistan,,,
aa79a060-33a3-5ea4-9ac9-a4e20f19735b,7088406,relation,natural,water,Ravi,دریائے راوی,,,,31.5734785,74.2677331,Lahore,Punjab,Pakistan,,,
90acf4bf-c962-501d-8a89-a2635c8016e5,13046752,relation,natural,water,دریائے راوی,دریائے راوی,Ravi River,,,31.5148279,74.2103037,Lahore,Punjab,Pakistan,,,Q317899
8b0ffd80-ec4a-55aa-95a3-48ca79737da0,8851400149,node,amenity,place_of_worship,Holy Family Church,,,,,31.5768275,74.2032794,Lahore,Punjab,Pakistan,,,
c792f73c-030c-54df-974d-c501e281d95e,3808193420,node,place,village,,,,,,31.5724844,74.2337876,Lahore,Punjab,Pakistan,,,
7c68ea88-98ae-5d53-91d1-be1e13f58f03,8851400147,node,place,village,رانا بھٹی,,Rana Bhatti,,,31.5794019,74.2002208,Lahore,Punjab,Pakistan,,,
e92af54d-7cff-5b58-bd98-a79b970b4596,2517085465,node,place,neighbourhood,Lahore Garden,,,,,31.5882762,74.2079304,Lahore,Punjab,Pakistan,,,
77eb8443-ad6a-5e98-895b-e266e92011a5,8851400146,node,place,village,کوٹ نور شاہ,,Kot Noor Shah,,,31.5903765,74.2129197,Lahore,Punjab,Pakistan,,,
4e8aaedb-76d8-50b1-a076-e17244f37504,3808193418,node,place,village,,,,,,31.5865411,74.2165558,Lahore,Punjab,Pakistan,,,
cbfe36d6-3a17-5034-8f62-8aeadad358d9,2517082379,node,place,village,فیض پور,,Faiz Pur,,,31.5943705,74.2210086,Lahore,Punjab,Pakistan,,,
e0431de3-991d-5dcd-9a45-9aa784c9f209,2517087113,node,place,suburb,Al Rehman Gardens 2,,,,,31.5981409,74.2303386,Lahore,Punjab,Pakistan,,,
91a29c73-5419-59e3-a217-c6edfd168c71,2517087112,node,place,village,سگیاں,,Saggian,,,31.5966646,74.2375052,Lahore,Punjab,Pakistan,,,
7129fc93-fa2f-5ff3-be6f-90ad77d87c5f,6422711385,node,amenity,atm,,,,,,31.6000098,74.2302227,Lahore,Punjab,Pakistan,,MCB Pakistan,
1b0da4c5-f70b-5ad0-8726-22e7c9ff9165,2517082373,node,amenity,fuel,,,,,,31.6026336,74.2355367,Lahore,Punjab,Pakistan,,,
b8f664e3-cf6c-5b80-8cef-96aef4db93d1,9393925152,node,place,village,بُھلّےاندرون,,Bhullay Androon,,,31.6057085,74.2121441,Lahore,Punjab,Pakistan,,,
c25f9fa6-a71a-502d-84d6-f2c68794bba7,9393925153,node,place,village,Thatha Khudayar,,,,,31.6161788,74.2115346,Lahore,Punjab,Pakistan,,,
59c60a7f-21eb-5e9d-aea1-76111b9a7837,2517404561,node,place,town,کوٹ عبد المالک,,Kot Abdul Malik,,,31.6234014,74.2339616,Lahore,Punjab,Pakistan,,,Q6433723
eeb79b70-b793-5ec5-8228-053295ef3429,3808193572,node,place,village,,,,,,31.5646781,74.2393642,Lahore,Punjab,Pakistan,,,
dd2c8b00-5694-5145-b79c-f33ec3d85586,3206591685,node,amenity,fuel,شیل,شیل,Shell,,,31.5543004,74.2729827,Lahore,Punjab,Pakistan,شیل,,
0a556e4e-51ab-51d4-b893-9ef6ab72ab45,3235374185,node,amenity,fuel,پاکستان اسٹیٹ آئل,پاکستان اسٹیٹ آئل,Pakistan State Oil,,,31.5864198,74.2583178,Lahore,Punjab,Pakistan,پاکستان اسٹیٹ آئل,,
488e8439-8c24-5890-be52-0e52c9552723,2517082369,node,amenity,fuel,,,,,,31.6038936,74.2405977,Lahore,Punjab,Pakistan,,,
63ed411c-d6a9-5086-8afe-5ccf61cd0c35,2517082371,node,amenity,fuel,,,,,,31.6044603,74.2412773,Lahore,Punjab,Pakistan,,,
e113a3bb-e0e4-5abb-b665-9b90bec33a07,7663016185,node,amenity,fuel,ٹوٹل,ٹوٹل,Total,,,31.6105056,74.2503064,Lahore,Punjab,Pakistan,طوطال,ٹوٹل پارکو,
ec00d526-0704-5653-b2f7-6d1d653e2e70,7663016285,node,amenity,fuel,ٹوٹل,ٹوٹل,Total,,,31.6101429,74.2493658,Lahore,Punjab,Pakistan,طوطال,ٹوٹل پارکو,
bfec3290-3b70-5cd8-b97f-e41c9a5d4fd1,10722536305,node,amenity,bank,,,,,,31.6077289,74.2509109,Lahore,Punjab,Pakistan,,,
a2928a63-d8b1-5a39-a39b-421033354fb4,12642934101,node,amenity,atm,ATM,,Meezan Bank,,,31.6104787,74.2507046,Lahore,Punjab,Pakistan,,,
776de4f2-3f43-5845-9d9f-fcee366e9160,12642940901,node,amenity,atm,ATM,,Allied Bank (ABL),,,31.6103463,74.2508286,Lahore,Punjab,Pakistan,,,
c30f8000-f250-55f7-ad0d-9d48acd4bddf,12642950001,node,amenity,fuel,Gas Station,,PSO,,,31.6100401,74.2574712,Lahore,Punjab,Pakistan,,,
98a1e555-3f6d-5821-9f9b-427fd8e81783,12645820301,node,shop,convenience,Ilyas Karyana Store,,,,,31.6102803,74.2552067,Lahore,Punjab,Pakistan,,,
63c8d59c-0175-529a-b3e9-14c5784227b5,12645826101,node,shop,convenience,Mohsin General Store & Bakers,,,,,31.6105657,74.2552618,Lahore,Punjab,Pakistan,,,
1662bf42-1d04-5b26-aace-908e709a0c3f,12645829302,node,shop,convenience,Al Naimat Super Market,,,,,31.611272,74.2601753,Lahore,Punjab,Pakistan,,,
0d573688-cdb8-5831-82be-e29932b4cd14,4910585778,node,amenity,fuel,Byco Petrol Pump,,,,,31.6159459,74.2581824,Lahore,Punjab,Pakistan,,,
81fb56bd-bf8d-5a16-b0a8-6cbf4d7070d2,3810877454,node,office,company,CAPITAL TRACTORS,,,,,31.614178,74.2616405,Lahore,Punjab,Pakistan,,,
b260208a-f3c4-5bc0-9993-433f338c0059,4910585779,node,amenity,fuel,پاکستان اسٹیٹ آئل,پاکستان اسٹیٹ آئل,Pakistan State Oil,,,31.6147162,74.2635372,Lahore,Punjab,Pakistan,پاکستان اسٹیٹ آئل,,
b6299eb8-c5bc-5518-be1a-6d4d13d651ea,4910585780,node,amenity,fast_food,Arabian Shawarma,,,,,31.6132951,74.2648769,Lahore,Punjab,Pakistan,,,
bb8237e0-e880-5ce9-b0a7-111c159a37c7,12645835901,node,shop,convenience,Pak Madina Super Mart,,,,,31.6125808,74.2630763,Lahore,Punjab,Pakistan,,,
1407abaf-cac1-5c0f-9d6a-6894b7ed1c4d,12645840502,node,office,company,Millat Tractors Limited,,,,,31.6167697,74.2607793,Lahore,Punjab,Pakistan,,,
54b04bed-5434-5e8a-95ca-c539c5b51727,4910585769,node,amenity,fuel,شیل,شیل,Shell,,,31.6202651,74.2468756,Lahore,Punjab,Pakistan,شیل,,
3657fc68-afb1-5ff6-8452-0eaae1c49db2,4910585770,node,amenity,fuel,Waleed CNG Station,,,,,31.6194239,74.2466622,Lahore,Punjab,Pakistan,,,
c2ccd434-af42-5ca4-909d-9375f74a7614,4910585777,node,amenity,place_of_worship,Jamia Masjid Madni,,,,,31.6200739,74.2472052,Lahore,Punjab,Pakistan,,,
296e1c3b-a497-52da-8a9e-a22105e1ba15,4910585782,node,amenity,bank,esahulat 63325,,,,,31.6133825,74.2662536,Lahore,Punjab,Pakistan,,,
86e3caff-2b16-50bd-913d-e4118ca96c06,4910585784,node,amenity,bank,The Bank of Punjab,,,,,31.6142885,74.2687332,Lahore,Punjab,Pakistan,,,
7c2a9a1c-4def-5aaa-bef0-ab4b1bbb43ab,4910585789,node,amenity,restaurant,Zauq Tonight Restaurant,,,,,31.6144672,74.2697633,Lahore,Punjab,Pakistan,,,
72883732-27f4-5c91-b980-fd2368c479e6,4910585790,node,shop,bakery,Krisco Bakers,,,,,31.614321,74.2688621,Lahore,Punjab,Pakistan,,,
a763b9ea-5fb6-541f-8d35-0b6366405ea1,4910585792,node,amenity,place_of_worship,Imam Bargah Ali Shah-e-Mardan,,,,,31.6150837,74.2701301,Lahore,Punjab,Pakistan,,,
6066622a-494d-5fa1-b6fa-9f66d6b54b29,4910585793,node,amenity,restaurant,Al Khan Restaurant,,,,,31.6148633,74.271495,Lahore,Punjab,Pakistan,,,
6945a5c5-4b68-50ed-b7db-1c92925cb37e,5259838821,node,healthcare,hospital,PrimeCare Medical Complex,,,,,31.614987,74.2695614,Lahore,Punjab,Pakistan,,,
22eb5c44-d8b0-559d-ba50-d3d4f3efda01,4910585794,node,amenity,fuel,MA International CNG,,,,,31.6157161,74.2731064,Lahore,Punjab,Pakistan,,,
7d357566-921a-5e89-853f-da4b75430296,4910585796,node,amenity,bank,Habib Metropolitan Bank,,,,,31.6158525,74.2739322,Lahore,Punjab,Pakistan,,,
e74bc64e-6072-5145-a3cc-7fa75c5538cd,4910585797,node,amenity,bank,بينک الحبيب,بينک الحبيب,Bank Al Habib,,,31.6157528,74.2733714,Lahore,Punjab,Pakistan,بينک الحبيب,,
588ca060-5740-5d1e-9d46-7cb70b811023,5259837120,node,healthcare,hospital,کلسوم سرجیکل ہسپتال,,,,,31.6155923,74.2724153,Lahore,Punjab,Pakistan,,,
663f67dc-e22a-5e8c-9ca9-dcd94a9f1aac,367791372,way,landuse,residential,Burj Attari,,,,,31.572022,74.1934887,Lahore,Punjab,Pakistan,,,
b0f7a7c6-5059-55b5-836a-04b56f752632,377449029,way,landuse,residential,,,,,,31.5645223,74.2394366,Lahore,Punjab,Pakistan,,,
9fc200a4-44ea-5229-8e65-75438f6a2fd7,1039722806,way,natural,scrub,,,,,,31.5763682,74.229894,Lahore,Punjab,Pakistan,,,
7b5902bf-fba8-5953-99aa-342c9209382e,1039722807,way,natural,scrub,,,,,,31.5759459,74.2285337,Lahore,Punjab,Pakistan,,,
37b8d1cd-4140-54b8-afa7-63eca14a3c0e,1039722808,way,natural,scrub,,,,,,31.5734927,74.2286946,Lahore,Punjab,Pakistan,,,
b706e694-6394-5132-88a4-7407b3f51082,1039722809,way,natural,scrub,,,,,,31.574619,74.2280854,Lahore,Punjab,Pakistan,,,
b5e9ee1f-d075-51b3-b0d8-34d934ac4c92,1245162546,way,landuse,residential,,,,,,31.5842775,74.211428,Lahore,Punjab,Pakistan,,,
1a286841-ea41-567a-8d91-f9a8b736b37e,1289254091,way,amenity,fuel,,,,,,31.5986351,74.2231816,Lahore,Punjab,Pakistan,,,
022154d6-c008-5290-9d32-a6e066ad22e8,725332775,way,amenity,fuel,Nazir CNG Station,,,,,31.602512,74.2355583,Lahore,Punjab,Pakistan,,,
a1d32003-0024-5fbd-8e5a-18b76b2cf7a5,759448293,way,natural,water,,,,,,31.6149962,74.2260823,Lahore,Punjab,Pakistan,,,
034f609e-984f-5483-9f2c-a63a50ee0b8e,1038834286,way,landuse,residential,,,,,,31.6154229,74.237089,Lahore,Punjab,Pakistan,,,
e8512333-e2f0-5601-addf-5b61e78011c1,961216048,way,landuse,industrial,,,,,,31.6251385,74.2254801,Lahore,Punjab,Pakistan,,,
240e7593-6e35-5e47-bb02-05568ffda6a6,705727461,way,amenity,place_of_worship,Al-Azizah Masjid,,,,,31.5507156,74.2663807,Lahore,Punjab,Pakistan,,,
8adb89a7-c2e6-52bc-952e-b39963b6f5d0,377449028,way,natural,water,,,,,,31.5643691,74.248857,Lahore,Punjab,Pakistan,,,
dd218c1e-72c0-53db-a617-d3a73bf354ee,377449030,way,natural,water,,,,,,31.5663775,74.2511117,Lahore,Punjab,Pakistan,,,
22e80dbc-d70a-5948-a382-7c452378770e,1447551772,way,natural,water,,,,,,31.5711874,74.2650371,Lahore,Punjab,Pakistan,,,
6d28611b-bc18-5777-9d64-7c8de8263c57,319616000,way,leisure,park,,,,,,31.5754456,74.2728351,Lahore,Punjab,Pakistan,,,
a37ca411-9367-5308-aff5-13685ccda9a0,1309965951,way,leisure,park,,,,,,31.5765887,74.2734591,Lahore,Punjab,Pakistan,,,
07b23446-85d8-5689-9f9a-2d4654ac2b56,377454183,way,landuse,residential,,,,,,31.6084062,74.2640375,Lahore,Punjab,Pakistan,,,
0457d506-74a3-5f84-b207-05d09d5012df,725748958,way,amenity,place_of_worship,Jamia Masjid Anwar-e-Madina,,,,,31.5980987,74.246477,Lahore,Punjab,Pakistan,,,
4ed45f20-f48e-5402-854e-a6712fd84fe1,725332770,way,amenity,fuel,Admore Pump,,,,,31.6038413,74.240621,Lahore,Punjab,Pakistan,,,
0989aabc-40ae-5fb8-91c9-50078deacfb2,725332773,way,amenity,place_of_worship,Noor Masjid,,,,,31.6015571,74.2396123,Lahore,Punjab,Pakistan,,,
3d98507e-35b2-5749-9c70-50c01a95f9fc,725267183,way,amenity,place_of_worship,Jamia Masjid Ghousia,,,,,31.6044978,74.2478043,Lahore,Punjab,Pakistan,,,
6aba3dde-aa9d-5857-8d92-8082d2983bdd,725748963,way,amenity,place_of_worship,Jamia Masjid Umer Farooq,,,,,31.5982829,74.2521903,Lahore,Punjab,Pakistan,,,
3422224f-ae97-5e2e-ae83-6e42e09543d1,1245162541,way,amenity,fuel,,,,,,31.62158,74.2403487,Lahore,Punjab,Pakistan,,,
a3783fee-6bdb-5552-b335-60a0153b2177,499860219,way,leisure,park,Firdos Minar Park,,,,,31.6187636,74.248159,Lahore,Punjab,Pakistan,,,
86476a94-5e3e-5ba4-ac50-ff010e759204,499860220,way,leisure,park,Local Park,,,,,31.6135626,74.2689599,Lahore,Punjab,Pakistan,,,
0a8fbcf7-a288-5c05-8530-bde84a5ddc38,8851614786,node,place,village,جھگیاں سیالاں,,Jhugian Sialan,,,31.633733,74.218344,Lahore,Punjab,Pakistan,,,
2a318eb2-b630-5240-8ec6-5e2c455dc6e1,8851614787,node,place,village,میسن,,Missan,,,31.6654554,74.2097214,Lahore,Punjab,Pakistan,,,
3eddfc87-e9ff-578f-a639-b79e5802c64f,9347938081,node,place,village,رنگیاں جھنگیاں,,Rangian Jhangian,,,31.6655061,74.2364465,Lahore,Punjab,Pakistan,,,
33e750a1-00ff-5061-90a9-bae70a4da58a,8851614789,node,place,village,کالر,,,,,31.6817496,74.2295916,Lahore,Punjab,Pakistan,,,
435af011-6f66-5090-94af-4613d7c925f0,7979890301,node,tourism,hostel,"Hostel A, UET New Campus",,,,,31.693853,74.2504332,Lahore,Punjab,Pakistan,,,
ff956fc8-0ef3-582f-876c-936074062572,7979890302,node,tourism,hostel,"Hostel B, UET New Campus",,,,,31.6942623,74.2512038,Lahore,Punjab,Pakistan,,,
f4fb4ff2-d412-50e4-8d0b-5525fc84da01,7981359569,node,amenity,cafe,UET New Campus Cafe,,,,,31.6945369,74.2490857,Lahore,Punjab,Pakistan,,,
557307a8-0eac-54b9-900a-a93c7609115d,7979890315,node,tourism,hostel,"Hostel C, UET New Campus",,,,,31.6986599,74.2511647,Lahore,Punjab,Pakistan,,,
11342339-7e92-5638-b1ef-6a116c5b9594,4907504318,node,amenity,fuel,شیل,شیل,Shell,,,31.6900294,74.2749093,Lahore,Punjab,Pakistan,شیل,,
421bffb4-74fa-5b54-ba17-3feb2402228e,961216047,way,landuse,industrial,,,,,,31.6264623,74.2253867,Lahore,Punjab,Pakistan,,,
30015680-1d71-5076-9bb7-bf9b92cdee0b,961216049,way,landuse,industrial,,,,,,31.626207,74.2263554,Lahore,Punjab,Pakistan,,,
ad4636bd-44a6-5960-9872-f9e3120d3e4d,961216050,way,landuse,industrial,,,,,,31.6296593,74.2163258,Lahore,Punjab,Pakistan,,,
132b49e8-f4fc-538c-abab-0284381959d1,612703079,way,landuse,residential,,,,,,31.6427951,74.20057,Lahore,Punjab,Pakistan,,,
ebab603f-44b1-5476-a8d5-437db959a23c,333764756,way,amenity,fuel,پاکستان اسٹیٹ آئل,پاکستان اسٹیٹ آئل,Pakistan State Oil,,,31.6360225,74.2041591,Lahore,Punjab,Pakistan,پاکستان اسٹیٹ آئل,,
97481fe5-0bb3-57a2-ad60-99b01aa9152e,568503992,way,landuse,residential,Lahore Motorway City,لاہور موٹر وے سٹی,,,,31.6429902,74.2167121,Lahore,Punjab,Pakistan,,,
b8caf477-563e-58ad-98d6-f06dd1da1a4d,1446212712,way,leisure,park,,,,,,31.6443435,74.2096483,Lahore,Punjab,Pakistan,,,
db1bc118-9d98-514c-b975-8859d05f812f,1446212730,way,natural,water,,,,,,31.6440065,74.2083071,Lahore,Punjab,Pakistan,,,
5027167e-7535-59c5-ac59-f406d5c237f9,1446212732,way,leisure,park,Park,,,,,31.643914,74.2082081,Lahore,Punjab,Pakistan,,,
1af18986-3834-570e-9e36-fb7930de64ba,1446212723,way,natural,water,,,,,,31.6437288,74.2083028,Lahore,Punjab,Pakistan,,,
6614c5c6-0399-536c-8a69-c9fb77b61b9e,1446212739,way,leisure,park,,,,,,31.6434126,74.2096453,Lahore,Punjab,Pakistan,,,
cdf4cd7f-b6c8-50c2-b2c7-e5c082cc931c,1446212710,way,natural,water,,,,,,31.6442777,74.2083199,Lahore,Punjab,Pakistan,,,
7ff22b82-67af-5767-849c-6da7d6559c09,855753346,way,tourism,hostel,"Faculty Hostels, UET New Campus",,,,,31.6931994,74.2410746,Lahore,Punjab,Pakistan,,,
5046c2f7-bed4-50c8-9fa1-51452d7543e7,1272672446,way,landuse,residential,Basit Town,,,,,31.6964116,74.2618131,Lahore,Punjab,Pakistan,,,
07c00dfe-9f0b-5b61-a769-cb30ecef6bec,17136647,relation,leisure,park,Dargai Gill Forest Park,,,,,31.6937832,74.2703078,Lahore,Punjab,Pakistan,,,
7ad70b66-5a55-59ef-83ae-f2e21b444d35,6779323886,node,leisure,fitness_centre,fitness jungle,,,,,31.4201209,74.2813617,Lahore,Punjab,Pakistan,,,
f936df25-51c4-53b0-a1a4-83bc4191aa40,2433376132,node,railway,station,کانا کاچھا,,Kana Kacha,,,31.4004944,74.3056202,Lahore,Punjab,Pakistan,,,
0eb4abf3-e421-5aa3-ab0b-4761785a1507,8852335199,node,place,neighbourhood,گُجر کالونی,,Gujjar Colony,,,31.4182005,74.3268257,Lahore,Punjab,Pakistan,,,
5a837097-f740-5123-9bc9-a767640bf78a,4151703090,node,amenity,restaurant,Marriage Hut,,,,,31.4256223,74.2848505,Lahore,Punjab,Pakistan,,,
da72ccfe-b988-50e0-8d7a-918d44bea44f,4891883921,node,leisure,playground,,,,,,31.4282307,74.281069,Lahore,Punjab,Pakistan,,,
8c79f7f9-de5a-5ebf-aec6-48e809a70f20,5248205527,node,amenity,place_of_worship,Jamia Masjid Gulzar-e-Madina,,,,,31.428154,74.2820961,Lahore,Punjab,Pakistan,,,
f3028e8c-4db5-5d8a-b04b-930f53583428,540766753,node,place,neighbourhood,PCSIR,,,,,31.4308381,74.2909498,Lahore,Punjab,Pakistan,,,
2b1f379a-1152-5cb2-8c1c-b222a2f3e0cb,304242400,node,place,suburb,PIA Housing Society,,,,,31.446112,74.2766774,Lahore,Punjab,Pakistan,,,
7e621a8f-1c35-5f09-82a5-d02c6cd93e5b,5255643554,node,healthcare,hospital,Liaqat Hospital,,,,,31.4441762,74.277819,Lahore,Punjab,Pakistan,,,
8d1c657b-6e45-5252-8909-eba9fdc99eb7,5510293621,node,office,company,Pakmoto,,,,,31.4440817,74.2778365,Lahore,Punjab,Pakistan,,,
ba02925e-0d1a-58c1-b9ed-c9d37ca7ae7f,5510293628,node,shop,department_store,Grocerz,,,,,31.443858,74.2775486,Lahore,Punjab,Pakistan,,,
1a3b05cc-9c99-53d8-92a0-4a9afe5eb38c,5510293629,node,shop,electronics,Shalimar Electronics,,,,,31.4437973,74.2781213,Lahore,Punjab,Pakistan,,,
2b745803-ecb8-527e-af12-cbaf04f2e685,5510293723,node,amenity,bureau_de_change,ویسٹرن یونین,ویسٹرن یونین,Western Union,,,31.4443958,74.2782896,Lahore,Punjab,Pakistan,ویسٹرن یونین,,
67000621-d943-5eb1-8a30-c313f5e0df4e,5510293823,node,shop,department_store,Ishtiaq Sons,,,,,31.4439736,74.2776649,Lahore,Punjab,Pakistan,,,
1521d594-8a72-54f8-b944-62a4acc13d98,5510293824,node,shop,bakery,Butt Sweets,,,,,31.4435525,74.2772313,Lahore,Punjab,Pakistan,,,
b6497908-4963-5f15-80fd-d0db1b7ed646,3646839481,node,amenity,bank,Suheniri Bank,,,,,31.4366844,74.2902294,Lahore,Punjab,Pakistan,,,
4d15fafa-9e15-5bfc-9203-0a3791ca43ab,3646839482,node,amenity,bank,فیصل بینک,فیصل بینک,Faysal Bank,,,31.4371167,74.2903494,Lahore,Punjab,Pakistan,فیصل بینک,,
0723a3ef-c4f8-57cf-b79f-992811cf1591,3646839483,node,amenity,bank,ایم سی بی بینک,ایم سی بی بینک,MCB Bank,,,31.4365872,74.2903003,Lahore,Punjab,Pakistan,ایم سی بی بینک,,
ae55f982-b82a-55a9-8521-a6c6804270b3,4386930101,node,amenity,atm,,,,,,31.4401309,74.2904464,Lahore,Punjab,Pakistan,,,
9558e9a9-0286-52dc-8ba0-d398623578eb,4387042492,node,tourism,hostel,Ali's Residence,,Ali's Residence,,,31.4383093,74.2911413,Lahore,Punjab,Pakistan,,,
a94f81cc-4606-5ff2-b462-3d98022ad424,5510293630,node,amenity,bank,میزان بینک,میزان بینک,Meezan Bank,,,31.4446965,74.2785099,Lahore,Punjab,Pakistan,میزان بینک,,
47150e14-8158-524b-a3af-c87706292d1d,5510293925,node,amenity,bank,ایچ بی ایل پاکستان,ایچ بی ایل پاکستان,Habib Bank Limited,,,31.4447316,74.2785531,Lahore,Punjab,Pakistan,ایچ بی ایل پاکستان,,
e392be9d-7d14-51d8-8775-9128e8355003,5510293927,node,amenity,restaurant,Karachi Silver Spoon,,,,,31.4444681,74.2789206,Lahore,Punjab,Pakistan,,,
f330908c-3323-59d1-aeaf-abb4e9af9ed6,5261468922,node,shop,car_repair,Mashallah Paint,,,,,31.4582175,74.2774097,Lahore,Punjab,Pakistan,,,
f5922afc-7fed-5f54-ad11-08cc097d8d20,9540148870,node,amenity,restaurant,Gossip Garden GG Café & Restaurant,,,,,31.4547577,74.2779142,Lahore,Punjab,Pakistan,,,
d8a41100-dcd9-513a-bad5-c25cf848bf7c,5803610153,node,office,company,Integrated Units,,,,,31.4495932,74.2803029,Lahore,Punjab,Pakistan,,,
f8a85f5d-283d-5a63-b96e-1050210b9c18,7244237491,node,amenity,fast_food,Dazzler,,,,,31.4508398,74.2854678,Lahore,Punjab,Pakistan,,,
2d711bac-9942-5f2d-8e4f-d00d977a1f51,12408630521,node,amenity,restaurant,"Pizza Da Napoli, Lahore",,,,,31.4517332,74.2898372,Lahore,Punjab,Pakistan,,,
5307f81b-eccf-55fc-bd93-73b2d3fd65d9,7130653492,node,amenity,cafe,Chaye Qawali,,,,,31.4575102,74.2798354,Lahore,Punjab,Pakistan,,,
9e8f2692-fdd5-5543-872f-eecbca3e2fdb,9382407240,node,amenity,cafe,Starry Night,,,,,31.4592354,74.2810906,Lahore,Punjab,Pakistan,,,
48e1cc4e-e0d7-5e0b-a9f3-3e603d0d4884,4303592393,node,tourism,hotel,Empire Marqee,,,,,31.4592669,74.2855187,Lahore,Punjab,Pakistan,,,
955e35fa-aab4-5617-beaa-7f349cb551cb,6253593492,node,tourism,hotel,Royal Fort Marquees by Mughal-e-Azam,,,,,31.4594119,74.2869844,Lahore,Punjab,Pakistan,,,
77df0595-572a-5fc7-a1e3-18c13ad12694,6574642585,node,office,company,TopSpot Inc.,,,,,31.4569098,74.2861276,Lahore,Punjab,Pakistan,,,
4fefbe99-4e92-5f0c-81b3-e5e0b9aa98de,9395409995,node,place,village,سمسانی کھوئی,,Samsani Khui,,,31.4660679,74.2771757,Lahore,Punjab,Pakistan,,,
aad81a57-6d2d-5f53-9236-70cd3f0f3dfa,9759360817,node,shop,supermarket,Green Apple,,,,,31.4614429,74.2751364,Lahore,Punjab,Pakistan,,,
224e60f1-3174-5a99-8394-f4cd903196cc,2599147835,node,amenity,fuel,پاکستان اسٹیٹ آئل,پاکستان اسٹیٹ آئل,Pakistan State Oil,,,31.4717966,74.2782982,Lahore,Punjab,Pakistan,پاکستان اسٹیٹ آئل,,
72a689cd-162b-5bf8-b800-31aba6544bb4,12748256062,node,amenity,restaurant,Cheezious,,,,,31.4710493,74.2766908,Lahore,Punjab,Pakistan,,,
b0ea33a6-427e-5f44-892b-e2dc197ed7d3,1357563769,node,shop,convenience,,,,,,31.4621366,74.2869657,Lahore,Punjab,Pakistan,,,
c0c0ceec-4c7f-53ae-bbf8-20230462d57b,1357563771,node,shop,supermarket,,,,,,31.4627589,74.2881673,Lahore,Punjab,Pakistan,,,
83ad81c3-122b-534d-8b3e-ca32b3f590f7,4787952026,node,amenity,restaurant,Johnny and Jugnu,,Johnny and Jugnu,,,31.4621614,74.2884209,Lahore,Punjab,Pakistan,,,
f75e674b-c8e7-570e-97fe-9723e505f03d,5371177376,node,amenity,restaurant,Wonder Pizza,,,,,31.4626255,74.2884251,Lahore,Punjab,Pakistan,,,
2d0cb54f-97e8-52ac-b199-a1131f906548,303950676,node,leisure,park,,,,,,31.4720547,74.280048,Lahore,Punjab,Pakistan,,,
8185231e-f40d-506f-8549-343777b001a2,4317999494,node,shop,department_store,Jalal Sons,,,,,31.4728455,74.2790059,Lahore,Punjab,Pakistan,,,
fd076608-ea63-5b0e-a18d-432a0ce365dc,1357561217,node,amenity,place_of_worship,,,,,,31.4721661,74.290731,Lahore,Punjab,Pakistan,,,
a2754bb5-b505-5e8f-b9d3-d254b9db9812,11619833783,node,place,suburb,Bagrian Dharam Chand,,,,,31.4259857,74.2935434,Lahore,Punjab,Pakistan,,,
99c4b4dc-415f-5acd-a76b-abc47a5ff5b7,8852335200,node,place,suburb,باگڑیاں,,Bagrian,,,31.4273345,74.298845,Lahore,Punjab,Pakistan,,,
c416fa94-9ffc-5181-bacf-7b8cc73aef58,540758222,node,amenity,place_of_worship,Noor-ul-Huda,,,,,31.4325738,74.293147,Lahore,Punjab,Pakistan,,,
1efb4f32-cc8e-5179-a507-d11f105f8a09,304962274,node,place,suburb,Green Town,,,,,31.4320546,74.3074652,Lahore,Punjab,Pakistan,,,
c97acf03-555a-59c4-8f44-2e293e38018b,6564773588,node,amenity,place_of_worship,Taqwaa Masjid,,,,,31.4392625,74.2936626,Lahore,Punjab,Pakistan,,,
00368ed2-4372-59ac-8930-52dbb70a7586,6564773490,node,amenity,place_of_worship,Umer Farooq Masjid,,,,,31.440148,74.3024219,Lahore,Punjab,Pakistan,,,
bb425151-e9aa-5aad-893e-c0a17abf1b32,11622422369,node,shop,mobile_phone,Friends Mobile Green Town Lahore,,,,,31.4358033,74.3044381,Lahore,Punjab,Pakistan,,,
3d260041-f7b8-5b4d-a7b6-c4fdc9196094,4402622495,node,amenity,fuel,HASCOL Petrol Pump,,HASCOL Petrol Pump,,,31.4469005,74.2964464,Lahore,Punjab,Pakistan,,,
e8ca7447-ffc8-5960-b60b-957fd5952382,4402724992,node,amenity,bank,Allied Bank LTD,,Allied Bank LTD,,,31.4469961,74.2965089,Lahore,Punjab,Pakistan,,,
ca5b5271-f94e-5f02-8a19-6e10a29eebea,5259958802,node,healthcare,hospital,Wazir Hospital,,,,,31.4426592,74.2957946,Lahore,Punjab,Pakistan,,,
69603a45-05da-576b-9cd6-527a5d426ef3,11018101305,node,healthcare,clinic,Noor Clinic,نور کلینک,,,,31.4420757,74.2970778,Lahore,Punjab,Pakistan,,Dr. Khalid,
5ac4302c-5ff0-5f52-b14c-5872b74353ca,4502277591,node,office,government,Umar chock,,Umar chock,,,31.4440182,74.3064253,Lahore,Punjab,Pakistan,,,
50f4e6bd-fc0b-55c5-ad75-26dd7a2e8bea,11192204737,node,office,company,Environmental Services Pakistan (ESPAK),,,,,31.4469043,74.3090654,Lahore,Punjab,Pakistan,,,
2f65c947-933d-56a4-83d8-e02eed4b818b,8386789917,node,amenity,fast_food,HFC Frozen Food Fectory,,,,,31.4411296,74.3176363,Lahore,Punjab,Pakistan,,,
eec2a4e6-0d39-5c7c-a0a4-7affd7c10ed2,5260103789,node,healthcare,hospital,Mufaza Tul Hayat Hospital,,,,,31.4248962,74.3378297,Lahore,Punjab,Pakistan,,,
7d059e04-79b7-5e39-b145-2a4cf586add3,304246635,node,place,suburb,Town Ship Industrial Estate,,,,,31.4346004,74.3206656,Lahore,Punjab,Pakistan,,,
1f1c3e44-88b1-50bb-b422-16a2ff3fcc7e,5285377222,node,office,company,EKL,,,,,31.4434863,74.3237396,Lahore,Punjab,Pakistan,,,
b840c643-58b4-5c6e-86cc-e6eacf87d596,5783026122,node,office,company,RV Textiles,,,,,31.4424167,74.3249645,Lahore,Punjab,Pakistan,,,
5af534c2-28b4-5bd9-88bf-6f6a290bbd27,5926497186,node,amenity,bank,میزان بینک,میزان بینک,Meezan Bank,,,31.4424854,74.3256376,Lahore,Punjab,Pakistan,میزان بینک,,
98a3fd4d-dc9e-5bcb-85a2-27b10ca2b05a,6810917885,node,tourism,attraction,Ishaq Sons Factory,,,,,31.441048,74.3249721,Lahore,Punjab,Pakistan,,,
3399dd41-bf0b-5935-933f-d78002b98f6a,1772536300,node,amenity,parking,TUSDEC Car Parking,,,,,31.4448967,74.3353091,Lahore,Punjab,Pakistan,,,
c1235427-865a-55cc-a30d-1632e33dbda0,4125400689,node,tourism,artwork,DARBAR 34 B Block B Faisal Garden Johar Town Lahore,,,,,31.4532006,74.2945308,Lahore,Punjab,Pakistan,,,
e8caa759-526d-518b-9886-c35d31fa5982,12567422459,node,tourism,hostel,Fairy Meadows Girls Hostel UMT,,,,,31.453205,74.295777,Lahore,Punjab,Pakistan,,Sultan,
ee50a4e5-16f0-57e4-91fd-57a99633f32f,8366440917,node,amenity,fuel,shell Petrol pump,,,,,31.453311,74.3001147,Lahore,Punjab,Pakistan,,,
beb706c3-7837-599a-9b68-3d70698b2f89,10961126209,node,leisure,park,,,,,,31.4529975,74.3034514,Lahore,Punjab,Pakistan,,,
ca42fdf2-77a9-5a1d-888d-8d7f432366c9,10961126214,node,amenity,restaurant,,,,,,31.452783,74.2998998,Lahore,Punjab,Pakistan,,,
9de08984-d739-5e83-bee5-ed55680ff609,12260788917,node,tourism,hostel,Bigway Girls Hostel,,,,"Best GIRLS HOSTEL (Bigway Executive Living) Furnished Sharing Rooms for WORKING Women, UMT, Bahria University, University of Education,, KIPS, NOA, STAR, JOBIAN Girls",31.4549908,74.2955946,Lahore,Punjab,Pakistan,,Fahd Anwaar,
e8b76a3b-b209-5fe4-a542-dba5b26869e0,4743363122,node,shop,department_store,Euro Store,,,,,31.4590923,74.3029787,Lahore,Punjab,Pakistan,,,
70fc378a-f02d-584d-8cfa-fec9c27b75be,5076913421,node,shop,bakery,Gourmet Bakery.,,,,,31.4604272,74.3037004,Lahore,Punjab,Pakistan,,,
01e83a65-8180-582b-bd7d-2fc841b36ab9,6354465989,node,shop,bakery,Fresh inn bakers,,,,,31.4590351,74.3026103,Lahore,Punjab,Pakistan,,,
4d9c0650-c5e9-5e9e-a955-d3f2faea490e,304245244,node,amenity,place_of_worship,Minhaj-ul-Quran,,,,,31.4485723,74.308409,Lahore,Punjab,Pakistan,,,
948d8619-e82d-5757-98cd-2fd924dea9cb,5259747066,node,healthcare,hospital,Chaudhry Rehmat Ali Memorial Hospital,چوہدری رحمت علی میموریل ہسپتال,,,,31.4498082,74.3076034,Lahore,Punjab,Pakistan,,,
9a1e5f89-b9f3-50e6-833c-2c0bb135182d,304209460,node,leisure,park,,,,,,31.4524888,74.3157603,Lahore,Punjab,Pakistan,,,
e3c0ab29-0a99-5d10-be01-dff1608c8122,8141499017,node,office,government,LAWASA Township,,,,,31.4481598,74.3122141,Lahore,Punjab,Pakistan,,,
e7760e33-a298-5463-9716-92c5f532b578,4362806391,node,amenity,place_of_worship,,,,,,31.4596919,74.3063743,Lahore,Punjab,Pakistan,,,
fdf545bf-a8e9-5ed3-bf68-92ef5370d903,4387273192,node,amenity,fast_food,BFC,,BFC,,,31.4580558,74.3080428,Lahore,Punjab,Pakistan,,,
3c4baa75-f6c3-55c7-a9d3-0bc4e7be4364,8184927017,node,tourism,guest_house,Kashif On Bike,,,,,31.4543792,74.3114528,Lahore,Punjab,Pakistan,,,
c193a8cc-fc42-5d24-949a-f79b66fdb540,8237892417,node,shop,electronics,Energy Savor Repairing Shop,,,,,31.4594634,74.3117888,Lahore,Punjab,Pakistan,,,
4f7e952a-2a65-563e-9a74-573199ef54b3,1357553199,node,shop,bakery,Gourmet Bakers,,,,,31.4662272,74.2937463,Lahore,Punjab,Pakistan,,,
f872dfd3-ab55-52c8-9597-e2cf9e927a13,2951032182,node,place,suburb,جوہر ٹاؤن,جوہر ٹاؤن,Johar Town,,,31.4631615,74.2939169,Lahore,Punjab,Pakistan,,,
5e939abe-8d81-5469-a2c5-725937a65d2d,5255578919,node,healthcare,hospital,جمیله فریدی روغتون,,,,,31.4666168,74.2942164,Lahore,Punjab,Pakistan,,,
fb51f2fe-2111-5877-8466-1dfe6485a84a,1357553158,node,shop,convenience,,,,,,31.4681673,74.2972546,Lahore,Punjab,Pakistan,,,
264643c8-76fe-5faf-af98-32205713c863,3263200322,node,amenity,fuel,Caltex Petrol,,,,,31.4673109,74.2956193,Lahore,Punjab,Pakistan,,,
29b65c36-c7af-5665-8aa0-599e884050c8,4880181621,node,tourism,attraction,home taya abu,,home taya abu,,,31.4697469,74.296642,Lahore,Punjab,Pakistan,,,
bb02a613-1e6c-5441-abf0-c6c4581a17fe,5276934833,node,tourism,hotel,New Pakeeza Hotel,,,,,31.4685072,74.297792,Lahore,Punjab,Pakistan,,,
e0bcf489-7b9f-5a4f-a777-487dc98fc201,8738526108,node,leisure,park,,,,,,31.4689783,74.2976025,Lahore,Punjab,Pakistan,,,
25096120-0104-58a5-b598-b548a75044ad,1357553204,node,shop,bakery,,,,,,31.468698,74.298188,Lahore,Punjab,Pakistan,,,
f1b76cfa-9538-5e62-b61f-3ff5f5c49dbf,1357563768,node,amenity,place_of_worship,,,,,,31.4712785,74.299454,Lahore,Punjab,Pakistan,,,
8771ad06-4bba-5812-a556-1ad9272058ec,4316812993,node,tourism,hostel,Doctors Hostel,,,,,31.4722594,74.3008496,Lahore,Punjab,Pakistan,,Ijaz & Ismail,
f2b438d9-ef34-5e58-82c6-690accd2f1c8,4658683189,node,leisure,playground,,,,,,31.4717866,74.2988317,Lahore,Punjab,Pakistan,,,
6c24072c-ec5e-5d9d-86d8-9576f6f9b378,4916785715,node,amenity,place_of_worship,,,,,,31.4733697,74.3006635,Lahore,Punjab,Pakistan,,,
1b591751-8405-5e59-8c89-2c6ad49c5d43,4916785716,node,amenity,bank,MCB Islamic Bank,,,,,31.472938,74.3022667,Lahore,Punjab,Pakistan,,,
cc45fac0-c71b-51dd-ad9b-5d03004cc599,4916785717,node,amenity,fuel,Shell Petrol Pump & CNG Station,,,,,31.4726422,74.3023977,Lahore,Punjab,Pakistan,,,
20a5b404-f6fa-51e2-a3ce-c2ff316fc436,4916785720,node,amenity,fuel,Total Parco Petrol Pump,,,,,31.4721609,74.3025742,Lahore,Punjab,Pakistan,,,
2b9c3611-0b5a-5553-b447-fe3e1cbe7c5a,4916786421,node,amenity,bank,Nafa Islamic Saving Centre Lahore,,,,,31.4723501,74.3030225,Lahore,Punjab,Pakistan,,,
0f5e78c5-cff0-5601-a16d-3ddd50b8fa2c,4916786422,node,amenity,bank,NRSP Microfinance Bank Limited,,,,,31.4715057,74.3032934,Lahore,Punjab,Pakistan,,,
81d54aa1-a1b8-5c91-aadd-2326d6fac91e,4916786424,node,amenity,restaurant,NFC,,,,,31.4697677,74.3033902,Lahore,Punjab,Pakistan,,,
e7d6cf81-0740-5cf8-8a0f-d101dc0e42bf,4916786425,node,amenity,restaurant,The Galaxy Restaurant (Pizza and Fast Foods),,,,,31.4699628,74.3032221,Lahore,Punjab,Pakistan,,,
409d62d1-112d-5e0d-ab3c-6d6b7a8f8223,4916786426,node,amenity,place_of_worship,مسجد بلال,مسجد بلال,Bilal Masjid,,,31.4692618,74.3025636,Lahore,Punjab,Pakistan,,,
949d3bbe-72fe-589f-aa5a-ac8978cbc757,4916786427,node,amenity,restaurant,Haji Sahib Nihari Waley,,,,,31.4686803,74.3037661,Lahore,Punjab,Pakistan,,,
1264c091-e092-5ca1-89f6-e150adccbdf7,4916786428,node,amenity,restaurant,Nadeem's Buffet,,,,,31.4692578,74.3042051,Lahore,Punjab,Pakistan,,,
2b6be667-91fd-528e-834a-c23b62aae104,4916786429,node,amenity,restaurant,Bashir Darul Mahi,,,,,31.4687838,74.3038875,Lahore,Punjab,Pakistan,,,
93d5adab-69da-5329-92ec-08e0663e335b,4916786430,node,amenity,fuel,Prime CNG,,,,,31.4683656,74.304574,Lahore,Punjab,Pakistan,,,
e0081403-ebc0-5e24-b2fe-89bac882b113,5255562362,node,healthcare,hospital,Niazi Hospital,,,,,31.4693274,74.2993999,Lahore,Punjab,Pakistan,,,
5c9553f1-c27b-5f55-8215-754a7dce66ff,5695321122,node,office,company,Bilytica,,,,,31.4702757,74.3001387,Lahore,Punjab,Pakistan,,,
ae018c69-f68e-5849-be97-ba9400e0e48a,9383530553,node,healthcare,hospital,Zeerak Matab (Herbal & Hijama),,,,,31.4710831,74.2986453,Lahore,Punjab,Pakistan,,,
be144a03-0762-59b6-a60b-978d8b0d96ce,4461229989,node,amenity,bank,نیشنل بینک آف پاکستان,نیشنل بینک آف پاکستان,National Bank of Pakistan,,,31.4627195,74.3104084,Lahore,Punjab,Pakistan,نیشنل بینک آف پاکستان,نیشنل بینک آف پاکستان,
b1383264-180d-5bf4-a53f-de99d81c871b,4523103689,node,shop,books,khokhar book depot,,,,,31.4615119,74.3097827,Lahore,Punjab,Pakistan,,,
74c058ab-30e6-5611-8843-adfc88d2389c,4916786434,node,shop,bakery,Fresh Inn Bakers,,,,,31.4669421,74.3070335,Lahore,Punjab,Pakistan,,,
360c0f8b-5d6c-5503-9e4e-8507a5196061,4916786435,node,amenity,bank,بینک الفلاح,بینک الفلاح,Bank Alfalah,,,31.4668823,74.3077176,Lahore,Punjab,Pakistan,بینک الفلاح,,
b1c37899-7382-5262-8c46-0578f4603ac1,4916786436,node,amenity,bank,میزان بینک,میزان بینک,Meezan Bank,,,31.4669361,74.3080959,Lahore,Punjab,Pakistan,میزان بینک,,
962e24a1-7e92-532b-afb2-e5c7725addc3,4916786441,node,amenity,bank,ایم سی بی بینک,ایم سی بی بینک,MCB Bank,,,31.4668425,74.3083504,Lahore,Punjab,Pakistan,ایم سی بی بینک,ایم سی بی بینک لمیٹڈ,
4fda3235-ab9a-5424-94f7-226401a586f1,4916786442,node,amenity,bank,عسکری بینک,عسکری بینک,Askari Bank,,,31.466956,74.3092821,Lahore,Punjab,Pakistan,عسکری بینک,,
e3c42dbf-e69f-5d70-ac07-820d53d51edd,4916786444,node,amenity,bank,Bank Of Punjab,,,,,31.4663446,74.3096603,Lahore,Punjab,Pakistan,,,
9befbc32-7dac-5680-992e-0b71aa0d3bdc,4916786446,node,amenity,bank,یونائیٹڈ بینک لمیٹڈ,یونائیٹڈ بینک لمیٹڈ,United Bank Limited,,,31.4661857,74.3112646,Lahore,Punjab,Pakistan,یونائیٹڈ بینک لمیٹڈ,,
f498b567-955d-5c32-a3ae-e3861bc7f9dc,4916786447,node,amenity,restaurant,Tosta,,,,,31.4662549,74.3111034,Lahore,Punjab,Pakistan,Tosta,,
db43cebe-2040-5009-a4be-95c15729b773,5273631736,node,tourism,hotel,Safari Hotel Township,,,,,31.4659167,74.3106494,Lahore,Punjab,Pakistan,,,
eb1981d7-8c55-550f-93db-363635b4272c,5552097023,node,shop,books,Khokhar book depot.,,,,,31.4614843,74.3095582,Lahore,Punjab,Pakistan,,,
8eacfef8-66c6-5529-a6dd-82314db21b17,8462683517,node,shop,computer,Warehouse,,EssentialDux,,,31.4657876,74.305957,Lahore,Punjab,Pakistan,,,
5d805385-b054-5a70-b322-5dda05437630,12489879545,node,shop,supermarket,Salam Dairy,,,,,31.4637218,74.308847,Lahore,Punjab,Pakistan,,Salam Dairy,
bd7ac08c-83c6-5625-80f1-ab560c895c1d,1715927555,node,shop,bakery,Fresh Inn Bakers,,,,,31.4660662,74.3161207,Lahore,Punjab,Pakistan,,,
3d3bd6b8-b7d4-511e-b582-c5c6b9dfddee,1715928621,node,shop,gift,,,,,,31.466144,74.3161905,Lahore,Punjab,Pakistan,,,
438cca93-14ca-5e3e-99b9-75f388cc68b1,4916786445,node,amenity,bank,Bank Al-Habib,,,,,31.4660916,74.3115213,Lahore,Punjab,Pakistan,,,
654aab48-c8b4-58ae-94ae-1da7db5d8c01,4916786448,node,amenity,bank,Silk Bank,,,,,31.4651237,74.3127028,Lahore,Punjab,Pakistan,,,
34141819-fa27-5f98-865d-0f837c3ae490,4916786451,node,amenity,bank,دبئی اسلامی بینک,دبئی اسلامی بینک,Dubai Islamic Bank,,,31.4647911,74.3136018,Lahore,Punjab,Pakistan,دبئی اسلامی بینک,,
458cd03b-60af-512c-96c0-3b9fe88ddb2b,4916786452,node,amenity,bank,Habib Metropolitan Bank limited,,,,,31.4648409,74.3150168,Lahore,Punjab,Pakistan,,,
aed19415-3359-53f7-85a7-004a73d6507f,7244237385,node,amenity,fast_food,Fine Pizza,,,,,31.4654514,74.3152339,Lahore,Punjab,Pakistan,,,
da529d56-faac-594a-bd3a-692503f1ca73,11044361323,node,shop,furniture,Desires Furnishers,,,,,31.4656738,74.3127448,Lahore,Punjab,Pakistan,,Anees Javaid,
69c18025-6a84-5a26-a698-654227f38fb4,11047178305,node,shop,furniture,Desires Furnishers,,,,,31.4657364,74.3125502,Lahore,Punjab,Pakistan,,,
76b68f98-cdad-54af-aa44-7e5daecf8d92,3408103647,node,amenity,fast_food,Manhattan Bites,,,,,31.4686471,74.3072439,Lahore,Punjab,Pakistan,,,
223bbafb-e1dd-5b17-ab2f-1b13fd0e0bbd,3864669057,node,office,company,Systek Marketing Lahore,,,,,31.468476,74.3068887,Lahore,Punjab,Pakistan,,,
61f1ed73-314d-573a-8d9c-87ec72319335,4282247691,node,tourism,attraction,Railway Reservation Office,,,,,31.4671849,74.3071579,Lahore,Punjab,Pakistan,,,
0cd6fc43-05a8-5030-9318-64265403c14e,4658683289,node,shop,bakery,Butt Bakers and Sweets,,Butt Bakers and Sweets,,,31.4706608,74.3086588,Lahore,Punjab,Pakistan,,,
076ad086-5dd6-5033-9963-77732a584a7e,4743363123,node,shop,supermarket,Pace,,,,,31.468202,74.3109232,Lahore,Punjab,Pakistan,,,
bb80b66e-3081-526b-832b-16191b55dbbe,4743373421,node,shop,supermarket,Metro Cash & Carry,,,,,31.4683563,74.3112005,Lahore,Punjab,Pakistan,,,
d131843a-2abd-5dcb-8273-2a84fe4b14fe,4743373422,node,shop,bakery,Gourmet Sweets & Bakers,,,,,31.4682879,74.310969,Lahore,Punjab,Pakistan,,,
063ad8fa-fcfb-5bea-a480-7c04a2bddc57,4916786431,node,amenity,bank,The Bank of Khyber,,,,,31.4683716,74.3056551,Lahore,Punjab,Pakistan,,,
76868a3c-276e-5707-809b-5f4efed6dbc7,4916786432,node,amenity,bank,الائیڈ بینک,الائیڈ بینک,Allied Bank,,,31.4679533,74.3054333,Lahore,Punjab,Pakistan,الائیڈ بینک,الائیڈ بینک لمیٹڈ,
0bd1be99-42f5-5ec7-8ffd-51c8263c84c4,4916786433,node,amenity,bank,Al Barka Bank,,,,,31.4680534,74.3064544,Lahore,Punjab,Pakistan,,,
c8ba8f90-2024-5648-a6a3-615a85ccc1bf,4916786437,node,amenity,bank,Standard Chartered Bank And ATM,,,,,31.4676132,74.3076079,Lahore,Punjab,Pakistan,,,
539adc22-be85-5703-80b0-c374ab43a994,4916786438,node,amenity,bank,Samba Bank Faisal Town Branch,,,,,31.4681968,74.3075635,Lahore,Punjab,Pakistan,,,
f544bb19-1237-5eac-955f-b8a5c732e50d,4916786440,node,amenity,bank,سمٹ بینک,سمٹ بینک,Summit Bank,,,31.4679179,74.3074094,Lahore,Punjab,Pakistan,سمٹ بینک,سمٹ بینک,
8dd9daf7-5148-51ab-9932-89e72a9d896f,6327701386,node,tourism,guest_house,,,,,,31.4676801,74.3051584,Lahore,Punjab,Pakistan,,,
da0ebc75-133b-537a-a815-735e7077d285,1715905537,node,amenity,bank,الائیڈ بینک,الائیڈ بینک,Allied Bank,,,31.4685507,74.3174887,Lahore,Punjab,Pakistan,الائیڈ بینک,الائیڈ بینک لمیٹڈ,
850bb089-a63c-5d1d-aa06-b7c5a997371b,1715929243,node,amenity,atm,,,,,,31.4685187,74.3174672,Lahore,Punjab,Pakistan,,ABL,
79b0b5b3-ee3d-5c13-adcd-d7cd32709c5c,1715933166,node,shop,clothes,Focus,,,,,31.4686651,74.3175369,Lahore,Punjab,Pakistan,,,
a35452bf-41c8-52f4-b9fc-0ffaa6c3ff72,4549468789,node,shop,computer,Bitzage,,Bitzage,,,31.4673864,74.316903,Lahore,Punjab,Pakistan,,,
fef30d41-ddf7-561f-afa9-28d7f86fe224,11043760005,node,office,company,Mindbridge Private Limited,,,,,31.4536748,74.3263567,Lahore,Punjab,Pakistan,,,
d2b46294-94af-5df4-95f2-a0fc6de5ba1b,304962104,node,place,suburb,Township,,,,,31.4565063,74.3200799,Lahore,Punjab,Pakistan,,,
afced29d-f4d3-5b23-a6aa-a832d3e24eba,4506559191,node,healthcare,hospital,Rahmatullah Eye Hospital,رحمت اللہ آئی ہسپتال,Rahmatullah Eye Hospital,,,31.4568298,74.3206252,Lahore,Punjab,Pakistan,,,
9db7c579-a8ea-585e-b667-032c1c9ba580,5926502485,node,amenity,bank,میزان بینک,میزان بینک,Meezan Bank,,,31.4547649,74.3182577,Lahore,Punjab,Pakistan,میزان بینک,,
73320c78-83ae-5df4-963c-fbb70dc38640,11229001203,node,amenity,place_of_worship,,,,,,31.4572464,74.3208398,Lahore,Punjab,Pakistan,,,
777c9411-cc4b-5f65-aab7-075ab36d6309,4916786466,node,amenity,bank,ایچ بی ایل پاکستان,ایچ بی ایل پاکستان,Habib Bank Limited,,,31.4600221,74.325658,Lahore,Punjab,Pakistan,ایچ بی ایل پاکستان,,
68a1483b-348c-57d0-b2b0-378e97e5df4e,4916786467,node,amenity,place_of_worship,Jamia Masjid Rahmania,,,,,31.4603965,74.3261787,Lahore,Punjab,Pakistan,,,
734dfbdf-237f-5950-8590-719d1c518652,4916786468,node,amenity,fuel,Askari CNG Station,,,,,31.4588051,74.3290438,Lahore,Punjab,Pakistan,,,
2d4368a2-12eb-5d2d-b6b6-0c8e7b060c17,4916786469,node,amenity,fuel,پاکستان اسٹیٹ آئل,پاکستان اسٹیٹ آئل,Pakistan State Oil,,,31.4587692,74.3304074,Lahore,Punjab,Pakistan,پاکستان اسٹیٹ آئل,,
130579c7-87e7-5981-b57c-81e65b851764,5994891985,node,office,insurance,TPL life insurance pvt. ltd.,,,,,31.4540684,74.3264876,Lahore,Punjab,Pakistan,,,
ec029ce7-3d08-542a-8ea7-e4819313b8dc,4916786472,node,amenity,fuel,ٹوٹل,ٹوٹل,Total,,,31.4579666,74.3324599,Lahore,Punjab,Pakistan,طوطال,ٹوٹل پارکو,
4140cc92-e6bb-5b9e-9ed0-5e92140ac4b6,4916786473,node,amenity,fuel,پاکستان اسٹیٹ آئل,پاکستان اسٹیٹ آئل,Pakistan State Oil,,,31.4566778,74.3358643,Lahore,Punjab,Pakistan,پاکستان اسٹیٹ آئل,,
89698f5a-d227-5a69-99cc-725c35b9e67b,6698403985,node,office,lawyer,Malik House,,,,,31.4604052,74.3319877,Lahore,Punjab,Pakistan,,,
67a68dc4-65eb-5783-8853-3e12ba713267,6698403986,node,office,lawyer,ADVOCATE HIGH COURT,,,,,31.4603909,74.3319877,Lahore,Punjab,Pakistan,,,
b5427576-4262-51a6-a78e-ba42a96f5c58,2433376123,node,railway,station,کوٹ لکھپت,,Kot Lakhpat,,,31.4596096,74.3385474,Lahore,Punjab,Pakistan,,,
07db7977-89fc-5cad-9320-5ea362da5eaa,4916786453,node,shop,bakery,Cakes & Bakes,,,,,31.4630288,74.3181802,Lahore,Punjab,Pakistan,,,
90e25f1c-54b5-5e31-b63d-4ff25cca74cc,4916786454,node,shop,bakery,Gourmet Bakery,,,,,31.4634431,74.3182876,Lahore,Punjab,Pakistan,,,
54c28702-f1e1-519b-ac9b-dca7f1a7edee,4916786455,node,amenity,bank,سندھ بینک,سندھ بینک,Sindh Bank,,,31.4631263,74.3191004,Lahore,Punjab,Pakistan,سندھ بینک,,
eb1aafd4-c4d2-5185-9818-191e85879cbb,4916786456,node,amenity,place_of_worship,Jamia Masjid Al Habib,,,,,31.4625453,74.319313,Lahore,Punjab,Pakistan,,,
adc2131a-3425-5ec8-a2b4-87541a3b793c,4916786457,node,amenity,cafe,Jinnah Islamia College for Girls,جناح اسلامیہ کالج فار گرلز,,,,31.4629526,74.3195672,Lahore,Punjab,Pakistan,,,
7bc9f3a2-f0a5-564e-be42-961ee756a413,4916786461,node,amenity,fuel,Caltex Patrol Pump,,,,,31.4612968,74.3238997,Lahore,Punjab,Pakistan,,,
4235c418-b5a1-5dca-8db7-9fb03fa9c1f9,4916786463,node,leisure,sports_centre,Mad Pace,,,,,31.4608646,74.3236149,Lahore,Punjab,Pakistan,,,
a73fabff-7a68-5999-967d-3badc91b31d0,5132538720,node,amenity,restaurant,Rafeh's Cuisine,,,,,31.4667967,74.3182801,Lahore,Punjab,Pakistan,,,
615903e7-6f56-5cf8-b369-a6ba54cf1453,5132539526,node,amenity,place_of_worship,,,,,,31.4667455,74.318303,Lahore,Punjab,Pakistan,,,
1e238c6e-163f-5460-802c-13a40986cc4c,6003177129,node,amenity,restaurant,Event Complex,,,,,31.4622346,74.3199518,Lahore,Punjab,Pakistan,,,
63ce05c7-e145-5607-b5ea-9d70af023617,835249633,node,amenity,parking,Jers Engineering Consultants,,,,,31.4700649,74.3186754,Lahore,Punjab,Pakistan,,,
95af69ba-1c37-5b8d-8df1-3ced0e1c35c3,3571497921,node,shop,bakery,Gourmet Bakers,,,,,31.4713529,74.3186865,Lahore,Punjab,Pakistan,,,
a3dcda65-657b-5ebe-a46f-5703f531af1a,7350412621,node,amenity,fast_food,کینٹکی فرائیڈ چکن,کینٹکی فرائیڈ چکن,KFC,,,31.4715077,74.3196268,Lahore,Punjab,Pakistan,کینٹکی فرائیڈ چکن,,
624f4056-1d04-5ab2-b4e9-1aeeb063517d,7406349266,node,amenity,fast_food,کینٹکی فرائیڈ چکن,کینٹکی فرائیڈ چکن,KFC,,,31.4713984,74.3193189,Lahore,Punjab,Pakistan,کینٹکی فرائیڈ چکن,,
10f9937c-dccc-55b9-8356-62fe73b33900,7406349267,node,amenity,fast_food,Papa John's,,,,,31.4717352,74.3198992,Lahore,Punjab,Pakistan,Papa John's,,
0c878106-7646-52d1-8289-b70ccf2a1fc3,8843300659,node,shop,bakery,Ijaz Bakery,,,,,31.467386,74.3219889,Lahore,Punjab,Pakistan,,Ijaz,
947b7c31-ed74-51ce-bae1-bcc2c4ce42eb,12950647333,node,amenity,place_of_worship,Masjid Eden Villas,,,,,31.4701642,74.3215992,Lahore,Punjab,Pakistan,,,
49eeb175-9ef8-5ea1-bffc-30aa27bbdf14,3224324820,node,place,suburb,کوٹ لکھپت,,Kot Lakhpat,,,31.4664189,74.3382571,Lahore,Punjab,Pakistan,,,
8f22f18b-eb22-5aa3-91eb-9f927f17df62,4920146654,node,amenity,post_office,Pakistan Post,,,,,31.4734998,74.3439388,Lahore,Punjab,Pakistan,,,
1376089a-06c5-5475-bed5-d40806f4cf80,4920146655,node,amenity,place_of_worship,Jamy Masjid Hasanaat-ul-Uloom,,,,,31.4733208,74.3430686,Lahore,Punjab,Pakistan,,,
44ca7832-62eb-5dab-aa1a-c8cfd5d84a42,9892911130,node,amenity,place_of_worship,The Salvation Army DHQ,,,,,31.4718077,74.3431233,Lahore,Punjab,Pakistan,,,
8a2b1349-d41a-57b9-81f5-5a474ac0a3e8,4655297089,node,tourism,guest_house,,,,,,31.428266,74.349431,Lahore,Punjab,Pakistan,,,
64ad3c6c-4b1a-50a5-82b9-8041c78d940d,4874819321,node,amenity,bank,Muslim Commercial Bank (MCB),,,,,31.4314413,74.348481,Lahore,Punjab,Pakistan,,MCB Pak Arab Society,
b3270e02-5b83-5272-b635-88356a7bde31,304961961,node,place,village,Ghawala Colony,,,,,31.4450106,74.3455887,Lahore,Punjab,Pakistan,,,
b21c02c3-7c4e-50f0-bc52-fa956ea3c40d,5583697628,node,historic,castle,Mian Azhar's Home,,,,,31.4748059,74.2942572,Lahore,Punjab,Pakistan,,,
40f7991a-42bf-50ff-8f4a-78a94798a814,5702523421,node,historic,castle,Mian Azhar’s Home,,,,,31.4748175,74.294207,Lahore,Punjab,Pakistan,,,
e2200aca-041a-5d4c-8c2a-151e64aeb61b,8205628886,node,healthcare,hospital,Shazia Zahid Medical Centre,شازیہ زاھد میڈیکل سینٹر,,,,31.473733,74.2956775,Lahore,Punjab,Pakistan,,Dr. Zahid,
0cb32604-553a-5fdb-94a8-44844a5af49a,4916785712,node,amenity,restaurant,Village Pizza,,,,,31.4749906,74.3025145,Lahore,Punjab,Pakistan,,,
d954f390-2c38-5e83-8992-bc675cf2c3c8,4916785713,node,amenity,restaurant,Pizza Place,,,,,31.4747823,74.30261,Lahore,Punjab,Pakistan,,,
90cda984-f207-521f-8f0a-aebc4645aaf6,5255424743,node,healthcare,hospital,Khairun Nisa Hospital,,,,,31.4741883,74.306422,Lahore,Punjab,Pakistan,,,
045f83bb-6a7f-54a1-8522-0d720d818d5c,7244237285,node,office,government,Bureau of Emigration & Overseas Employment Protector's Office,,,,,31.474279,74.3253662,Lahore,Punjab,Pakistan,,,
57cf8c5f-2907-57dc-ae7f-1bf00e8c7e41,4920146653,node,office,government,Director Social Security Model Town Lahore,,,,,31.4748505,74.3451096,Lahore,Punjab,Pakistan,,,
5d4f8efc-4735-59df-a6fd-e6be646a79a6,705676245,way,tourism,motel,Mayo Store,,,,,31.4189912,74.3270939,Lahore,Punjab,Pakistan,,,
ed5c5b49-b18d-58ba-bdb6-9fb2c3ab9d9b,620493892,way,amenity,place_of_worship,Shrine of Khaki Shah,,,,,31.4240807,74.2846912,Lahore,Punjab,Pakistan,,,
92b3b929-fc1c-55fa-b091-02532a034443,360087008,way,leisure,park,,,,,,31.4291899,74.2852808,Lahore,Punjab,Pakistan,,,
9fdb752b-8f32-5c1a-be86-b9be8fe65b51,620493891,way,landuse,cemetery,Khaki Shah Cemetery,,,,,31.4232761,74.2848278,Lahore,Punjab,Pakistan,,,
752a66a0-7e2f-57a3-b26d-d601126c1542,1180153102,way,leisure,park,"E Block Park, PCSIR Staff Society, Lahore",,,,,31.4276061,74.2818677,Lahore,Punjab,Pakistan,,,
c68dd9f1-0c48-5870-8487-28a2286ea3af,360087004,way,amenity,place_of_worship,,,,,,31.4298292,74.2794038,Lahore,Punjab,Pakistan,,,
84c08c10-3050-599a-9236-7a807304ad8a,360087005,way,leisure,park,,,,,,31.4298292,74.278855,Lahore,Punjab,Pakistan,,,
9f1a1a20-0004-5b50-9e5a-489f3e710b24,360087007,way,leisure,park,,,,,,31.4299635,74.2842164,Lahore,Punjab,Pakistan,,,
c0072145-a7cc-59f7-8870-be33e2a6e305,360087014,way,leisure,park,,,,,,31.430615,74.2821663,Lahore,Punjab,Pakistan,,,
4a920693-c2e8-5c50-a7a9-5ac16f144520,360087015,way,leisure,park,,,,,,31.4315614,74.2871982,Lahore,Punjab,Pakistan,,,
b6e60645-99da-51e1-867c-316e1a429907,366926705,way,amenity,place_of_worship,,,,,,31.442228,74.2770754,Lahore,Punjab,Pakistan,,,
7df2b4de-2b7b-551e-afa5-c37baf82301a,359469200,way,amenity,place_of_worship,Jamia Mosque Nespak D1,,,,,31.4362965,74.2809202,Lahore,Punjab,Pakistan,,,
61550813-f3f3-5c40-844f-84749b928fa9,359469201,way,leisure,park,Nespak D1,,,,,31.4357494,74.2812912,Lahore,Punjab,Pakistan,,,
869ec386-6d7b-5bc9-b8c0-be8f50d75c01,359469202,way,leisure,pitch,,,,,,31.4358682,74.280474,Lahore,Punjab,Pakistan,,,
066761be-33c4-5544-b5f5-06b4f222d33a,359469204,way,shop,department_store,Rahat Departmental Store,,,,,31.4371361,74.2798124,Lahore,Punjab,Pakistan,,,
1a6a32f2-bfba-5118-882c-97766c83c185,359469205,way,amenity,fuel,CALTEX,,,,,31.4382322,74.2806945,Lahore,Punjab,Pakistan,,,
d9fce50f-8436-568f-a9ea-bc945c4640f5,359469206,way,amenity,restaurant,پیزا ہٹ,پیزا ہٹ,Pizza Hut,,,31.4380709,74.2805225,Lahore,Punjab,Pakistan,پیزا ہٹ,,
7675a633-eb9d-556b-9ddc-ed46df01a0fa,360087017,way,leisure,park,,,,,,31.4405317,74.28431,Lahore,Punjab,Pakistan,,,
797638a8-b33a-5aac-8daa-c0cdb27104ca,360087019,way,amenity,place_of_worship,Madinah Masjid,,,,,31.438598,74.2828729,Lahore,Punjab,Pakistan,,,
eb82c24a-64c2-5cda-b142-d5104a6b9c36,360083248,way,leisure,park,,,,,,31.4393689,74.2908055,Lahore,Punjab,Pakistan,,,
b02e4419-bdbb-50f8-915b-0e6401a5d077,360083249,way,amenity,place_of_worship,,,,,,31.4392059,74.2912443,Lahore,Punjab,Pakistan,,,
74004b64-e129-5d3c-a890-65aba546e348,360083250,way,amenity,place_of_worship,Allah Hoo Masjid,,,,,31.4392753,74.2891898,Lahore,Punjab,Pakistan,,,
99022047-4c87-512b-bf86-9be373d4bd5a,360083253,way,amenity,place_of_worship,Kulsoom Mosque,,,,,31.4369201,74.2895197,Lahore,Punjab,Pakistan,,,
032fd6d3-a599-5c59-9f7a-757e06fd46e9,360083350,way,leisure,park,Awaisia Housing Society,,,,,31.4388207,74.2894406,Lahore,Punjab,Pakistan,,,
83cf64a6-8a31-544c-bbf9-f73b4cfd9462,360084009,way,amenity,bank,عسکری بینک,عسکری بینک,Askari Bank,,,31.4373421,74.2909026,Lahore,Punjab,Pakistan,عسکری بینک,,
f5952054-3a46-54be-a8e8-4ab320d6263d,306190517,way,leisure,park,Punjab C2,,,,,31.4377613,74.2853686,Lahore,Punjab,Pakistan,,,
1b40dad5-772d-5110-8656-52a563969a7a,360083998,way,landuse,cemetery,Christian Graveyard,,,,,31.4357914,74.2914533,Lahore,Punjab,Pakistan,,,
a03d4524-c94f-555f-8ef2-03106641d9b7,366922716,way,landuse,cemetery,Punjab Society Grave Yard,,,,,31.4474969,74.2847701,Lahore,Punjab,Pakistan,,,
e954d1eb-5b0d-5ce2-a352-cc06ca489ac9,291705159,way,leisure,park,Punjab Government Employees Housing Society,,,,,31.4414723,74.2861452,Lahore,Punjab,Pakistan,,,
b0848012-6ea9-5ac7-821d-7f6e442cf682,316615258,way,leisure,park,,,,,,31.4549139,74.2768033,Lahore,Punjab,Pakistan,,,
15e10f41-2bb0-5046-a3bb-c4e089789c72,362298450,way,leisure,park,,,,,,31.4600705,74.2795214,Lahore,Punjab,Pakistan,,,
3c3bdbd4-b381-571f-8d46-3e8fdd9d6ec3,362733764,way,leisure,park,,,,,,31.4482897,74.2912122,Lahore,Punjab,Pakistan,,,
8988d981-1742-5395-85f7-d1588e275a48,363743559,way,amenity,parking,,,,,,31.4515719,74.2916346,Lahore,Punjab,Pakistan,,,
cb7e6d9f-276f-504c-a5f3-f2a0741e963f,363743560,way,amenity,place_of_worship,,,,,,31.4511988,74.291754,Lahore,Punjab,Pakistan,,,
b54b9425-33cd-59ce-bff1-43458dd0b6c5,1176251241,way,landuse,residential,Gulzar-E-Mukhtar House,,,,,31.4603554,74.2850643,Lahore,Punjab,Pakistan,,,
e86acbb9-6963-5daa-a632-a39d8dd67ee5,316615259,way,leisure,park,,,,,,31.4566307,74.2813925,Lahore,Punjab,Pakistan,,,
42cb463f-8193-5fc5-ad04-f613e1d536af,316615260,way,leisure,stadium,sports complex,,sports complex,,,31.458457,74.2817731,Lahore,Punjab,Pakistan,,,
d2b4fdd5-a8a2-5adc-b8d4-dc8adea2aed2,362298435,way,amenity,place_of_worship,,,,,,31.4694207,74.2753371,Lahore,Punjab,Pakistan,,,
83009cf3-fd9e-5fc7-ac52-89c5e2f46d59,362298456,way,landuse,cemetery,,,,,,31.4638317,74.2799586,Lahore,Punjab,Pakistan,,,
984b563f-77be-5636-957f-99d1cf6804fa,362298457,way,amenity,place_of_worship,,,,,,31.4653738,74.2795804,Lahore,Punjab,Pakistan,,,
06ad0f90-9c17-5df1-b11b-f6fc11f644f4,362298458,way,amenity,place_of_worship,,,,,,31.4628937,74.2827025,Lahore,Punjab,Pakistan,,,
b5f70dba-21f9-5354-8415-d463590b45dc,363740311,way,leisure,park,,,,,,31.4634414,74.2847251,Lahore,Punjab,Pakistan,,,
96320385-0f9b-5ba9-b54f-e20ff8c219c7,291664942,way,leisure,park,,,,,,31.4631365,74.2898679,Lahore,Punjab,Pakistan,,,
f41ff734-2188-5955-b741-e4efab8417f9,363740313,way,leisure,park,,,,,,31.461754,74.2873242,Lahore,Punjab,Pakistan,,,
3aa54431-6ff6-5727-9b19-bc47479d8b7b,319848482,way,leisure,park,Sukhaa Baag,,,,,31.4734876,74.2858835,Lahore,Punjab,Pakistan,,,
0cb7ba1d-9588-51e4-ba57-1dd3b01b52c3,363740310,way,leisure,park,,,,,,31.4668307,74.2833706,Lahore,Punjab,Pakistan,,,
3314fb96-46aa-5f12-a7f2-28ff1335fecb,315834079,way,leisure,park,,,,,,31.4721618,74.2799088,Lahore,Punjab,Pakistan,,,
3563a421-1dce-5313-b6f3-b50315f10b2d,319845699,way,leisure,park,,,,,,31.4727808,74.2892638,Lahore,Punjab,Pakistan,,,
c0e6ff70-ecd3-5d9a-a4d4-5dc1dc52e030,319845700,way,leisure,park,Advocate Dhelo Park,,,,,31.47121,74.2889756,Lahore,Punjab,Pakistan,,,
56d2d883-dc1d-5f41-90a4-c880d086d54d,363740302,way,amenity,place_of_worship,,,,,,31.4730979,74.2866269,Lahore,Punjab,Pakistan,,,
eeee7ef7-cd9e-5883-a4ae-e2c96ceb3ab9,359513995,way,leisure,park,,,,,,31.4341604,74.2994588,Lahore,Punjab,Pakistan,,,
a24302ab-3a13-5ca2-bda8-43cd0d955b37,359514002,way,leisure,park,,,,,,31.4323423,74.2983541,Lahore,Punjab,Pakistan,,,
ed154860-ae54-5b92-bc64-11e07cf61155,359513997,way,amenity,place_of_worship,,,,,,31.4339852,74.2976578,Lahore,Punjab,Pakistan,,,
5e885163-2b9d-5445-86e9-f77cc1c07ad8,359513999,way,leisure,park,,,,,,31.4340168,74.2936239,Lahore,Punjab,Pakistan,,,
785b72b1-4ce4-5abd-a10d-9db12782a0c3,618178560,way,place,suburb,ماڈل ٹاؤن,,Model Town,,,31.4847339,74.3263314,Lahore,Punjab,Pakistan,,,
782a86c9-4017-54dc-85ec-b2c3425283e6,618178561,way,place,suburb,Model Town Extension,,,,,31.4808034,74.3121725,Lahore,Punjab,Pakistan,,,
d5c173f4-7469-5982-9723-8784a8c27cec,627246938,way,place,neighbourhood,Model Town,,,,,31.4840779,74.3244993,Lahore,Punjab,Pakistan,,,
4ec76200-4518-5fa6-b120-30e2e7a987f0,359513998,way,leisure,park,,,,,,31.4356537,74.2953242,Lahore,Punjab,Pakistan,,,
9a6ec9d8-4bd1-55ca-b839-939751e19ff0,363746771,way,leisure,park,,,,,,31.4400908,74.2963084,Lahore,Punjab,Pakistan,,,
77ced3f8-aea8-5ba9-988d-22c5899fee84,363746773,way,leisure,park,,,,,,31.4388181,74.2965879,Lahore,Punjab,Pakistan,,,
f1d9c12f-2690-56c3-8775-df99b6c4b627,359512272,way,leisure,park,,,,,,31.4390297,74.3024504,Lahore,Punjab,Pakistan,,,
00d50022-01fe-531e-8886-2a9164d8d68d,359513992,way,amenity,place_of_worship,,,,,,31.4359114,74.2983836,Lahore,Punjab,Pakistan,,,
ef33a700-a456-54b7-b591-0eecf2922d41,359513996,way,leisure,park,,,,,,31.4354525,74.2998085,Lahore,Punjab,Pakistan,,,
10066ec9-95de-5725-a4b7-6831c23ee1e0,359514015,way,leisure,park,,,,,,31.4378926,74.2997927,Lahore,Punjab,Pakistan,,,
5df871e1-ed5d-5325-91e5-4f499902ee03,359516923,way,leisure,park,,,,,,31.4375785,74.3012262,Lahore,Punjab,Pakistan,,,
88099765-ba8f-593b-a42d-de2cb0ff840d,359516935,way,amenity,place_of_worship,,,,,,31.4354783,74.3034646,Lahore,Punjab,Pakistan,,,
4a39bf25-3c94-553c-a4e9-8988957b4274,359513991,way,leisure,park,,,,,,31.4353269,74.2979458,Lahore,Punjab,Pakistan,,,
44ebe0f1-dab6-536e-a325-605dc7d1f245,360083996,way,leisure,park,,,,,,31.4409008,74.2949928,Lahore,Punjab,Pakistan,,,
26bf5fff-cffe-565f-8260-096fb105f1a6,360087219,way,leisure,park,,,,,,31.4453795,74.2982075,Lahore,Punjab,Pakistan,,,
7869312d-bcb5-5130-9940-0aa008856af1,363746772,way,leisure,park,,,,,,31.4392227,74.2978143,Lahore,Punjab,Pakistan,,,
8df72bb1-7c70-5a42-9347-6949c63102d9,366922724,way,leisure,park,,,,,,31.4412958,74.3024459,Lahore,Punjab,Pakistan,,,
82f444b4-b410-5307-adaf-537711ded519,1322660145,way,leisure,park,,,,,,31.4472473,74.2984661,Lahore,Punjab,Pakistan,,,
2fbc8967-c982-5893-a8db-a9c30930657a,360083355,way,amenity,fuel,,,,,,31.4431355,74.2939267,Lahore,Punjab,Pakistan,,,
fc1d78c8-a7c6-5a8b-adfc-7d9ae7f7c63b,360083356,way,amenity,fuel,پاکستان اسٹیٹ آئل,پاکستان اسٹیٹ آئل,Pakistan State Oil,,,31.4432385,74.2947099,Lahore,Punjab,Pakistan,پاکستان اسٹیٹ آئل,,
b1326ae0-8c79-5be5-87f5-17904bdbe26a,360083357,way,amenity,place_of_worship,,,,,,31.4413346,74.2946697,Lahore,Punjab,Pakistan,,,
739fafbc-2a3d-5457-a6e8-474fdc6719be,360087217,way,amenity,fuel,,,,,,31.4442479,74.2952497,Lahore,Punjab,Pakistan,,,
8f32d822-674a-5a9d-83a6-8f51f90282a9,362733762,way,amenity,place_of_worship,,,,,,31.4470632,74.2955788,Lahore,Punjab,Pakistan,,,
089f0e2b-54c8-5e13-864a-897363226438,360087220,way,shop,supermarket,Model Bazar,,,,,31.4439451,74.3011078,Lahore,Punjab,Pakistan,,,
913838f4-08fd-55de-aad8-df6d685f7244,363746768,way,leisure,park,,,,,,31.4423781,74.3001838,Lahore,Punjab,Pakistan,,,
68fbbfb8-a724-5b38-96b9-44bf02d52ee3,728044067,way,amenity,place_of_worship,Jamia Masjid Al-Bilal Ghausia,,,,,31.44007,74.3100067,Lahore,Punjab,Pakistan,,,
6c58991c-e65f-59e0-9074-c6178355d742,728040177,way,amenity,place_of_worship,Jamia Masjid Moti,,,,,31.4383934,74.314004,Lahore,Punjab,Pakistan,,,
4a22bf23-cae8-5f21-ad55-ee9f5a345a4e,728040180,way,leisure,park,,,,,,31.4385292,74.3143665,Lahore,Punjab,Pakistan,,,
f2bbea4d-3c89-5709-94c2-bc088011936f,728040194,way,amenity,place_of_worship,Jamia Masjid Kir Kalan,,,,,31.4405007,74.3141525,Lahore,Punjab,Pakistan,,,
b0bb2e25-0c71-5e4d-b91f-46fba4c79541,728042534,way,leisure,park,Sheer Ali Swings and SlidesPark,,,,,31.4426885,74.3116355,Lahore,Punjab,Pakistan,,,
85c63484-db22-5d19-a521-2dc0d543df9d,728043378,way,leisure,park,Boharr Wala Park,,,,,31.4410372,74.3112888,Lahore,Punjab,Pakistan,,,
1770845a-2b1d-55d2-ba98-4e6d77cdbc5a,727978402,way,amenity,place_of_worship,Jamia Masjid Noori,,,,,31.4425865,74.3166398,Lahore,Punjab,Pakistan,,,
0cfc3f64-2cf0-564c-9a9b-00564c1525f1,728040201,way,leisure,park,,,,,,31.4433193,74.3145147,Lahore,Punjab,Pakistan,,,
a03747cd-1b3a-53fa-8bb9-6400e0f80cee,728042305,way,leisure,park,Ali Park,,,,,31.4433838,74.3126061,Lahore,Punjab,Pakistan,,,
c1033dd6-905a-5294-a25c-d05851f02272,728042306,way,amenity,place_of_worship,Jamia Masjid Gulzar-e-Madina,,,,,31.443333,74.3120773,Lahore,Punjab,Pakistan,,,
fb82c4a7-c577-52fb-b3e7-6f0a9f5d8afb,1167974026,way,landuse,commercial,Cheetay Head Office,,,,,31.4377421,74.3249981,Lahore,Punjab,Pakistan,,,
00090c4f-8a03-5ffe-92e3-8bffdc4f77d7,165714602,way,landuse,industrial,Pakistan Steel - Specialised Machinery Complex,,,,,31.4429597,74.3359308,Lahore,Punjab,Pakistan,,,
b97a85b7-1321-575d-908a-7d5319e6a77f,351390755,way,leisure,park,UMT Park,,,,,31.4509929,74.2929421,Lahore,Punjab,Pakistan,,,
611cebd5-3d4a-58e9-b897-fb7f820d9370,362738708,way,amenity,fuel,,,,,,31.4491613,74.2971646,Lahore,Punjab,Pakistan,,,
4aec3faa-7f7e-570d-a938-033c6a7e7f27,363743547,way,leisure,park,,,,,,31.4512195,74.2955399,Lahore,Punjab,Pakistan,,,
a814a47e-372c-5b8b-bd50-cddf3790c016,363743550,way,leisure,park,,,,,,31.4503729,74.2952221,Lahore,Punjab,Pakistan,,,
4f2380e4-6763-5443-9b5c-b312e001841b,362736005,way,leisure,park,,,,,,31.4480036,74.2988864,Lahore,Punjab,Pakistan,,,
a95a8a34-a31c-57cf-b5e6-4ba3d260c6f1,1180157363,way,landuse,residential,BAWA G,,,,,31.4517904,74.2996545,Lahore,Punjab,Pakistan,,,
f7aa4ffb-bd38-525e-b24c-89c5262d7c8b,1180157365,way,landuse,commercial,,,,,,31.4527931,74.2998587,Lahore,Punjab,Pakistan,,,
ac4b2e28-0b08-5781-b97e-561c8082104f,291704117,way,leisure,park,,,,,,31.4551818,74.3044651,Lahore,Punjab,Pakistan,,,
315dbe25-116d-5f70-a671-9adf662a2b85,316614986,way,leisure,park,,,,,,31.4592711,74.3047246,Lahore,Punjab,Pakistan,,,
da74190b-ca09-583e-9cfe-9896fe2c93e9,362738707,way,amenity,fuel,,,,,,31.4499977,74.2983095,Lahore,Punjab,Pakistan,,,
75cc3f36-c81e-5622-920d-04c93195a4f3,405954424,way,leisure,park,Center Park,,,,,31.4538102,74.3018129,Lahore,Punjab,Pakistan,,,
bea1935d-a6d8-5027-b115-b9e5ee27aa80,316614989,way,leisure,park,,,,,,31.4595952,74.2972487,Lahore,Punjab,Pakistan,,,
cd7e373d-8646-57eb-817a-bd8cb1ff9685,316615024,way,leisure,park,,,,,,31.4585569,74.2952476,Lahore,Punjab,Pakistan,,,
74e156ad-f278-5805-8155-f88fe1f234d6,363740318,way,amenity,place_of_worship,,,,,,31.4577343,74.2923244,Lahore,Punjab,Pakistan,,,
ae2c44b4-20aa-5595-927d-60bca4d9dcb5,291704118,way,leisure,park,,,,,,31.4562861,74.3031112,Lahore,Punjab,Pakistan,,,
d5bc988e-9d48-5ce2-91ad-3ea9fb10e80e,316614987,way,leisure,park,,,,,,31.45835,74.3002624,Lahore,Punjab,Pakistan,,,
379b7135-bc7d-5171-bfc0-450bd7ec4fc2,348844558,way,leisure,park,,,,,,31.4578913,74.3039055,Lahore,Punjab,Pakistan,,,
851e26ec-86b6-5857-8327-0a5b983e77a2,405954319,way,leisure,park,,,,,,31.4591241,74.3000991,Lahore,Punjab,Pakistan,,,
2ea10276-5d49-56cb-b837-58b4f3f60f33,412606851,way,leisure,park,,,,,,31.4567008,74.3000422,Lahore,Punjab,Pakistan,,,
89105253-2a92-51e2-aea9-f1a5d6fe1e31,528056352,way,landuse,residential,,,,,,31.4589175,74.2984282,Lahore,Punjab,Pakistan,,,
f03666e2-fb65-5c88-abb1-0f12f837fff1,321229542,way,leisure,park,,,,,,31.4523915,74.3157583,Lahore,Punjab,Pakistan,,,
ac0bc8da-d2aa-5724-94d9-f1bec2a62bf0,360016542,way,leisure,park,,,,,,31.4566099,74.3176558,Lahore,Punjab,Pakistan,,,
fe172219-561e-5c98-9398-ce14e9cb398c,841322341,way,leisure,park,Sector A1 Children Park/Football Ground,,,,,31.4589776,74.3174414,Lahore,Punjab,Pakistan,,,
d740bfaa-f7c1-58a1-8858-9aaf9f9562e0,316614990,way,leisure,park,,,,,,31.4583647,74.3071072,Lahore,Punjab,Pakistan,,,
48e22080-571c-5fed-a8dc-49f3e29230ad,316615019,way,leisure,park,,,,,,31.459699,74.3132595,Lahore,Punjab,Pakistan,,,
104a62c2-3b97-5dc4-a96b-17b0b00467a8,316615020,way,leisure,park,,,,,,31.4584971,74.3126423,Lahore,Punjab,Pakistan,,,
fe30e134-13b6-57df-abc6-499648d84e5c,883898670,way,amenity,cafe,Cafe Baran,,,,,31.4664805,74.2944117,Lahore,Punjab,Pakistan,,,
22fd3b86-d5ed-5a08-8f45-54eb026b8fc4,316614983,way,leisure,park,,,,,,31.4634564,74.3030633,Lahore,Punjab,Pakistan,,,
94e9fad4-2168-5add-9a8d-ff7884df8a77,316614984,way,leisure,park,,,,,,31.4614973,74.3017682,Lahore,Punjab,Pakistan,,,
6a4759b0-d9e9-549f-9ca6-6999ed9c3c73,316614988,way,leisure,park,,,,,,31.4629553,74.2996275,Lahore,Punjab,Pakistan,,,
1388e74d-7f9a-516b-be97-b224db3a0e9e,316615025,way,leisure,park,,,,,,31.4657275,74.3040508,Lahore,Punjab,Pakistan,,,
74c2fb05-4a3d-5642-a097-391f4684d494,316615029,way,leisure,park,,,,,,31.4659774,74.2994439,Lahore,Punjab,Pakistan,,,
1230b958-40dd-53fb-bd3a-9dc0b889dd24,316615030,way,leisure,park,,,,,,31.4659087,74.3005289,Lahore,Punjab,Pakistan,,,
7327c547-8ce7-5ebc-a856-d254fc7a2c07,316615031,way,leisure,park,,,,,,31.4655976,74.3018311,Lahore,Punjab,Pakistan,,,
cbaa017f-7b05-5234-8c05-334cb95f1f64,412617215,way,landuse,commercial,,,,,,31.4620521,74.301648,Lahore,Punjab,Pakistan,,,
ca04ef6a-4d98-5506-ae3a-ceab45fd8e65,335558803,way,landuse,residential,,,,,,31.472697,74.304354,Lahore,Punjab,Pakistan,,,
8507b6c9-7a63-5769-aacf-9c91966553aa,335558804,way,landuse,residential,,,,,,31.4722597,74.3044861,Lahore,Punjab,Pakistan,,,
26111e22-c668-5398-9619-9ecfffb44888,335558805,way,landuse,residential,,,,,,31.4718393,74.3046294,Lahore,Punjab,Pakistan,,,
f3a49f8b-33e3-5361-8db0-b547159d4e8f,335558806,way,landuse,residential,,,,,,31.4714218,74.3047623,Lahore,Punjab,Pakistan,,,
ecdea87f-702a-5362-abf8-8398c47665b6,618188512,way,place,suburb,فیصل ٹاؤن,,Faisal Town,,,31.4772314,74.303469,Lahore,Punjab,Pakistan,,,
06cdebfe-1b31-56c8-a515-dd512503f508,623002126,way,leisure,park,,,,,,31.4742594,74.3052971,Lahore,Punjab,Pakistan,,,
b7108d56-e97b-567c-88bf-67222e61c792,627248241,way,place,neighbourhood,Faisal Town,,,,,31.4762292,74.3063567,Lahore,Punjab,Pakistan,,,
89aead7d-e6ea-57ae-868c-1f6333992885,291663383,way,leisure,park,Shouk Chowk Park,,,,,31.4705386,74.3025359,Lahore,Punjab,Pakistan,,,
03b03806-f952-57f5-a44f-40709eaf6573,316615026,way,leisure,park,,,,,,31.4689754,74.3020025,Lahore,Punjab,Pakistan,,,
24790a98-4c02-5929-8dc1-fd16f7de348f,316615027,way,leisure,park,,,,,,31.4684756,74.2994748,Lahore,Punjab,Pakistan,,,
6c879f2f-ca41-5a94-939f-6c31a0941396,1017334278,way,healthcare,hospital,Zeerak Matab (Herbal & Hijama,,,,,31.4710662,74.2985592,Lahore,Punjab,Pakistan,,,
f3d42c7f-cc20-5591-a96a-2f3cb01a2ce7,316614982,way,leisure,park,,,,,,31.4628434,74.3061864,Lahore,Punjab,Pakistan,,,
a67004bc-8b57-54f5-8217-b3a86bd8dd0d,316614985,way,leisure,park,,,,,,31.4608984,74.3057395,Lahore,Punjab,Pakistan,,,
ffdf6abd-2f93-5ea0-8edc-fd93814f2a07,316614991,way,leisure,park,,,,,,31.4649131,74.3077052,Lahore,Punjab,Pakistan,,,
1999a8a8-a421-5162-badb-0db9c75c3bbe,316615021,way,leisure,park,,,,,,31.4641617,74.3097083,Lahore,Punjab,Pakistan,,,
54ce4d83-d0ba-5a2c-8226-5421ce855945,333816136,way,leisure,park,,,,,,31.4630881,74.3088561,Lahore,Punjab,Pakistan,,,
e6c42ef6-7f8f-5146-a9e7-054768073aa6,360016534,way,amenity,fuel,ٹوٹل,ٹوٹل,Total,,,31.4665737,74.3085889,Lahore,Punjab,Pakistan,طوطال,ٹوٹل پارکو,
6c348347-0fc3-578e-92e9-e52baa3792d7,316614992,way,leisure,park,,,,,,31.4612848,74.313241,Lahore,Punjab,Pakistan,,,
abf108d2-6e19-5080-b3bf-dc1687bfcf45,316615022,way,leisure,park,,,,,,31.4625589,74.3141689,Lahore,Punjab,Pakistan,,,
a00260e0-62e2-5bf4-932b-0b38be2b1e1e,316615023,way,leisure,park,,,,,,31.461984,74.3155823,Lahore,Punjab,Pakistan,,,
1bb9dc88-59a2-562f-97af-1a353cedaea3,333822698,way,amenity,fast_food,مکڈونلڈز,مکڈونلڈز,McDonald's,,,31.4663003,74.3156032,Lahore,Punjab,Pakistan,مکڈونلڈز,,
09d394a2-4821-566d-8d03-df560f6f9434,359980466,way,amenity,place_of_worship,,,,,,31.4639685,74.3174852,Lahore,Punjab,Pakistan,,,
1ed52214-00f7-5717-8885-4f008f5b9c12,360016535,way,landuse,cemetery,,,,,,31.4639024,74.3124827,Lahore,Punjab,Pakistan,,,
9dd7a61a-14cf-5d20-b6fe-5c4df5c2ccd0,360016536,way,amenity,place_of_worship,,,,,,31.4634892,74.3120367,Lahore,Punjab,Pakistan,,,
b3da8dec-80c1-5287-bfc9-8679ef677c8e,360016537,way,amenity,place_of_worship,,,,,,31.4617012,74.3142547,Lahore,Punjab,Pakistan,,,
387e9e2f-5c2c-5653-bdba-3e8c1f3fb81c,623002131,way,natural,wood,,,,,,31.4650788,74.3134957,Lahore,Punjab,Pakistan,,,
8d604c3f-83f3-5df0-8d72-bb11c763a792,623002134,way,natural,wood,,,,,,31.4642312,74.3156843,Lahore,Punjab,Pakistan,,,
6a1d8cfc-7920-5646-809f-9ba1db371e4d,333726933,way,leisure,park,,,,,,31.4738651,74.3065449,Lahore,Punjab,Pakistan,,,
e62bd6e4-6594-5f86-b6dc-40dbc7955c3a,333763862,way,leisure,park,,,,,,31.4732252,74.3080915,Lahore,Punjab,Pakistan,,,
3458fd2b-9c4e-5de0-9e03-d60fd919bb98,544513084,way,amenity,place_of_worship,Jamia-e-Ashrafia,,,,,31.4671843,74.3170258,Lahore,Punjab,Pakistan,,,
3a6d4a78-b6b0-501b-b59e-75eaee7c0b18,544513085,way,shop,mall,Amanah Mall,,,,,31.467003,74.3157842,Lahore,Punjab,Pakistan,,,
d7b9e42d-04c6-527a-8fb8-68cad1c54f5f,618178554,way,place,neighbourhood,F Block,,,,,31.4774685,74.3198268,Lahore,Punjab,Pakistan,,,
1d537f55-d390-521a-8859-e51034cf567f,618178562,way,place,neighbourhood,N Block,,,,,31.4754443,74.3139539,Lahore,Punjab,Pakistan,,,
1e9e9204-9ec3-5a54-8589-fda8c583adbb,623002129,way,natural,wood,,,,,,31.4665656,74.3096302,Lahore,Punjab,Pakistan,,,
5986d5c2-bbb9-54c5-9aa1-f693d8c6db70,623002135,way,natural,wood,,,,,,31.4632756,74.3181304,Lahore,Punjab,Pakistan,,,
29d4ba6f-9c78-5fc9-b0aa-314e2cf20aa6,765212654,way,landuse,commercial,"72 MB Floor Zainab tower, Link road, Model town, Lahore, Punjab, Pakistan",,,,Shopping Centre,31.4689928,74.3174422,Lahore,Punjab,Pakistan,,,
b5cc6ce2-b547-5b5b-b0c6-0184340924c7,291704123,way,leisure,park,,,,,,31.470652,74.3061513,Lahore,Punjab,Pakistan,,,
4dadb89d-4168-54ba-b8f5-27b899a7d387,333712343,way,shop,bakery,Gourmet Bakers,,,,,31.4703364,74.308724,Lahore,Punjab,Pakistan,,,
eafab68b-d822-5dcd-a536-aa5bff8de1c8,333713244,way,amenity,restaurant,Gourmet Restaurant,,,,,31.4707977,74.3089959,Lahore,Punjab,Pakistan,,,
0d1d4894-0519-5b81-b492-0f5a66c46960,333713632,way,amenity,restaurant,Salt n Pepper,,,,,31.4684522,74.3078305,Lahore,Punjab,Pakistan,,,
b978b04f-6bda-58e1-a9df-037784694eca,333714031,way,amenity,place_of_worship,,,,,,31.4719079,74.3066078,Lahore,Punjab,Pakistan,,,
266961ac-b00d-581f-8f57-2fa884996706,333729953,way,landuse,residential,,,,,,31.4699904,74.3070712,Lahore,Punjab,Pakistan,,,
d4369a51-3790-541f-9acb-5ef8b2c5a543,333788662,way,amenity,restaurant,پیزا ہٹ,پیزا ہٹ,Pizza Hut,,,31.4695545,74.3076196,Lahore,Punjab,Pakistan,پیزا ہٹ,,
53cda430-a6e7-5286-8765-8f4d6b025f24,333790814,way,amenity,parking,,,,,,31.4717058,74.3066334,Lahore,Punjab,Pakistan,,,
f9aab9f6-0b50-5bac-a81e-12239efc4fba,333814244,way,amenity,fast_food,Fri Chicks,,,,,31.4694744,74.3083278,Lahore,Punjab,Pakistan,,,
9bd38d1d-bb1b-561d-8235-1337e92ccd36,333814728,way,amenity,bank,,,,,,31.47011,74.3086397,Lahore,Punjab,Pakistan,,,
eb0fd535-244e-5d9d-bcc0-a8786255b44c,333883428,way,leisure,park,,,,,,31.469658,74.3098954,Lahore,Punjab,Pakistan,,,
89fca2f5-3a81-57e9-908b-2f0cc5837ff0,333883429,way,leisure,park,,,,,,31.4694773,74.3096125,Lahore,Punjab,Pakistan,,,
8906269b-f78c-5341-9171-46478ee92adb,334122080,way,landuse,residential,,,,,,31.4712499,74.3070251,Lahore,Punjab,Pakistan,,,
0283479c-421b-5021-b1fe-15dcd470575e,334122188,way,landuse,residential,,,,,,31.4714685,74.3074596,Lahore,Punjab,Pakistan,,,
74bb1ca5-412b-5edd-bf57-ca1d88f49878,334122190,way,landuse,residential,,,,,,31.4724638,74.3065761,Lahore,Punjab,Pakistan,,,
a4a1bef6-07b9-5d00-8704-84f98184df75,334122327,way,landuse,residential,,,,,,31.4723474,74.3074448,Lahore,Punjab,Pakistan,,,
dc659c74-de55-5b00-b1ee-5857c67a9805,334122341,way,landuse,residential,,,,,,31.4725485,74.3055666,Lahore,Punjab,Pakistan,,,
943868bf-7d8f-5b26-8976-1621172fec69,334122371,way,landuse,residential,,,,,,31.4721461,74.3058063,Lahore,Punjab,Pakistan,,,
f0eeadc8-905a-5b40-9a32-52f84cd7465e,334122385,way,landuse,residential,,,,,,31.4717825,74.3060272,Lahore,Punjab,Pakistan,,,
676fdd0d-8832-5f9c-a738-80e8d5f8ef52,335558802,way,landuse,residential,,,,,,31.4730238,74.3055611,Lahore,Punjab,Pakistan,,,
58ea7f04-bd95-5550-a71d-5f1e79043ff7,360016531,way,amenity,place_of_worship,,,,,,31.4689532,74.3100871,Lahore,Punjab,Pakistan,,,
239f3a52-7ca4-51b4-a69d-c3da4704f806,412639937,way,amenity,restaurant,,,,,,31.4717726,74.3094449,Lahore,Punjab,Pakistan,,,
08ab62a9-c812-5950-82a1-a9e8d81f81b8,333867630,way,leisure,park,,,,,,31.4726701,74.3139136,Lahore,Punjab,Pakistan,,,
24720c99-437d-5f84-a398-1a7240934e47,333867705,way,leisure,park,,,,,,31.471781,74.312106,Lahore,Punjab,Pakistan,,,
f17f009b-d27e-57f5-95db-fbbce4140882,333872134,way,leisure,park,,,,,,31.47083,74.3150281,Lahore,Punjab,Pakistan,,,
d0e46b4f-f1f0-5c2b-99d0-7ddfc771cea1,333874821,way,leisure,park,,,,,,31.4702567,74.3128484,Lahore,Punjab,Pakistan,,,
1ec01200-3c4c-59a0-a03d-996d2f66445e,623002139,way,natural,wood,,,,,,31.4584659,74.3305324,Lahore,Punjab,Pakistan,,,
6d548793-971b-5850-8bfe-acc98d431325,1275376840,way,natural,wood,,,,,,31.4602553,74.3258885,Lahore,Punjab,Pakistan,,,
a5b7f437-b346-5f13-9907-94d8b27996af,841323269,way,leisure,park,"Jinnah Park, Sector A1, Township",,,,,31.4572166,74.3198724,Lahore,Punjab,Pakistan,,,
5114a742-1016-5721-b436-893f3910ec5a,842117850,way,leisure,sports_centre,Sector A1 Sports Complex,,,,,31.4596158,74.3219568,Lahore,Punjab,Pakistan,,,
1abb79f6-6488-5313-b794-4a476f490a42,623002138,way,natural,wood,,,,,,31.459159,74.3287347,Lahore,Punjab,Pakistan,,,
cc8193fe-4576-5087-84e6-16a1f08930b9,1316481401,way,natural,wood,,,,,,31.4572802,74.3344216,Lahore,Punjab,Pakistan,,,
989f2b74-d82e-5000-bd76-a5f8df8fe380,841263293,way,leisure,park,Joggin Track Sector A1 Township,جوگین ٹریک سیکٹر A1 ٹاؤن شپ,,,,31.4619853,74.3193667,Lahore,Punjab,Pakistan,,,
b354cdc8-ec95-57b3-b3bb-beac582122af,1275361723,way,natural,wood,,,,,,31.461864,74.3217429,Lahore,Punjab,Pakistan,,,
3ad4920e-af64-5168-a810-75d5f7b38488,317474464,way,leisure,park,Doongi Ground,,,,,31.4733131,74.3309282,Lahore,Punjab,Pakistan,,,
44bb9f41-3fcc-5048-8c0b-464730343703,360002394,way,landuse,cemetery,,,,,,31.4712315,74.3237522,Lahore,Punjab,Pakistan,,,
37282022-7564-58e4-ae8e-488006159a69,363598908,way,leisure,park,,,,,,31.4716659,74.3316393,Lahore,Punjab,Pakistan,,,
023ac781-a0d9-5584-b3a5-0239c50b0f7d,618178555,way,place,neighbourhood,G Block,,,,,31.4756589,74.324184,Lahore,Punjab,Pakistan,,,
1691fdfb-428a-5657-a5a2-6f98a2fc9a2c,317477455,way,shop,supermarket,Metro Cash & Carry,,,,,31.4720912,74.3203841,Lahore,Punjab,Pakistan,,Metro,
2acae821-614a-5333-b9f7-56566fff5e02,333820400,way,amenity,fuel,شیل,شیل,Shell,,,31.4707869,74.3183083,Lahore,Punjab,Pakistan,شیل,,
69bed823-cf71-56b8-aba1-8a40d4248788,333872136,way,amenity,fuel,Total Parco,,,,,31.4725072,74.3198771,Lahore,Punjab,Pakistan,,,
75639bfc-9c7b-5072-b65d-90442f4edf6b,359980456,way,amenity,fuel,PSO,,,,,31.4708147,74.3189579,Lahore,Punjab,Pakistan,,,
9470ea21-495a-546a-87bf-407e2b6a4d85,360002443,way,amenity,place_of_worship,,,,,,31.4674839,74.3252253,Lahore,Punjab,Pakistan,,,
7c6b9e63-b035-5f11-a222-99a7456d7edf,360002488,way,amenity,place_of_worship,,,,,,31.4717428,74.3259853,Lahore,Punjab,Pakistan,,,
6a588850-a485-58a9-a8d7-bfe14b53006a,360002491,way,leisure,park,,,,,,31.4720704,74.3265503,Lahore,Punjab,Pakistan,,,
0cb1ccc5-482a-5a86-8d88-a9bcaf091978,705408738,way,amenity,place_of_worship,Sabri Masjid,,,,,31.4629044,74.3391664,Lahore,Punjab,Pakistan,,,
789ac937-a45b-50fa-95e5-5010ba9bd93e,705408740,way,amenity,place_of_worship,Maki Madni Masjid,,,,,31.4625632,74.3376337,Lahore,Punjab,Pakistan,,,
f520b6e0-492b-5929-8798-30461445e651,317474518,way,leisure,park,R Block Park,,,,,31.4734523,74.3336436,Lahore,Punjab,Pakistan,,,
df7bef6d-2f36-591b-a41d-d4bb1e6d378c,1002899782,way,landuse,construction,museum site,,,,,31.4741262,74.3427071,Lahore,Punjab,Pakistan,,,
99f896b9-d68d-583d-915b-bb843ca15af2,317474582,way,amenity,place_of_worship,R Block Mosque,,,,,31.473072,74.334357,Lahore,Punjab,Pakistan,,,
5c211ca9-c589-57d4-8d75-808e390574cf,647515277,way,amenity,place_of_worship,St. Francis Catholic Church,,,,,31.4700754,74.3428242,Lahore,Punjab,Pakistan,,,
a98b3825-d2fd-528e-8baf-ac7fe3fe517f,647515288,way,landuse,cemetery,Bahar Colony Christian Graveyard,,,,,31.4699291,74.3395364,Lahore,Punjab,Pakistan,,,
592a2feb-7cfe-5c3d-8bb4-25d73585cc16,647515289,way,landuse,cemetery,Bahar Colony Muslim Graveyard,,,,,31.4706617,74.3394801,Lahore,Punjab,Pakistan,,,
9a8c1ed4-1a9c-503e-86e2-b804e7b0e2ae,705411352,way,leisure,park,,,,,,31.4687862,74.3384804,Lahore,Punjab,Pakistan,,,
5776f985-6f4d-51e6-90da-e82514e7415e,1079193520,way,amenity,place_of_worship,The Salvation Army DHQ,,,,,31.4718442,74.3431113,Lahore,Punjab,Pakistan,,,
d8f63086-2c06-50fe-91a8-c221baac14ae,764532033,way,leisure,garden,,,,,,31.4072306,74.3499096,Lahore,Punjab,Pakistan,,,
1bd2aeeb-6efb-5918-bc6d-7ec7df8a9776,764532035,way,leisure,park,,,,,,31.4087343,74.34739,Lahore,Punjab,Pakistan,,,
f3b06831-388b-5943-aba7-293cde001bc3,716680193,way,amenity,place_of_worship,Ayesha Masjid,,,,,31.4333957,74.3495849,Lahore,Punjab,Pakistan,,,
0fd8de3e-c2b0-5077-9822-0d3d33013d2f,1346746263,way,amenity,place_of_worship,Masjid Gulzar,,,,,31.4317041,74.3464855,Lahore,Punjab,Pakistan,,,
4d44d33e-7eab-58ad-9d4f-7600a80d05c3,716680182,way,amenity,place_of_worship,Jamia Masjid Umer Farooq,,,,,31.4346541,74.3499475,Lahore,Punjab,Pakistan,,,
024d7bec-dc37-5f6d-b5a1-87ca58773051,706888116,way,tourism,hostel,Doctors Hostel,,,,,31.4536499,74.3501375,Lahore,Punjab,Pakistan,,,
d37ce3f3-ede4-5da9-b047-75b465d46fc5,706932719,way,amenity,place_of_worship,Madina Masjid Ahl-e-Hadees,,,,,31.4499697,74.3490196,Lahore,Punjab,Pakistan,,,
a48acc64-b120-55e4-bf0b-ef7740c0579c,151735321,way,healthcare,hospital,Lahore General Hospital,,,,,31.4554353,74.3501024,Lahore,Punjab,Pakistan,,,Q6473374
df3ba129-87b5-507c-a6ed-1a5a66735d7d,706556442,way,leisure,park,,,,,,31.4604589,74.3481343,Lahore,Punjab,Pakistan,,,
10fcd1f3-9a45-57a0-9f47-ff1e589cecbf,706563801,way,amenity,place_of_worship,Masjid Noori Ghosia,,,,,31.459835,74.3470723,Lahore,Punjab,Pakistan,,,
2a8f7009-3241-574a-a727-c7f9c5980dbb,706563818,way,leisure,park,Malik Park,,,,,31.4578802,74.3444802,Lahore,Punjab,Pakistan,,,
3b06d236-a890-50a6-9e74-3ffc41fce577,706565642,way,amenity,place_of_worship,Jamia Masjid Bait-ul-Mukarram,,,,,31.4581878,74.3499473,Lahore,Punjab,Pakistan,,,
d34c47bc-2de0-59da-92ae-73a81eed4f20,706569004,way,amenity,place_of_worship,,,,,,31.4578768,74.3473367,Lahore,Punjab,Pakistan,,,
a79619c6-ed5d-5205-a608-1a3043b015f2,706572052,way,amenity,place_of_worship,Jamia Masjid Farooqia,,,,,31.4568167,74.3475417,Lahore,Punjab,Pakistan,,,
3eda17a5-d218-5e4b-8905-8dfa3300dee2,706858509,way,amenity,place_of_worship,Jamia Masjid Khalid Bin Waleed,,,,,31.4546919,74.347326,Lahore,Punjab,Pakistan,,,
e22a5cc8-7262-5212-b413-616065bf671d,1135034199,way,amenity,place_of_worship,The Salvation Army Church Awami Colony,,,,,31.4582758,74.346517,Lahore,Punjab,Pakistan,,,
8e80437a-a327-5a6d-aea8-b6ad1c929b5a,706302278,way,leisure,pitch,,,,,,31.4664727,74.3455312,Lahore,Punjab,Pakistan,,,
5034ff26-67b1-5a8a-9396-d56524fa23f5,706556437,way,amenity,place_of_worship,Shameem Masjid,,,,,31.4615395,74.3468416,Lahore,Punjab,Pakistan,,,
9cbdd7a4-8e4e-5997-816e-e0b48aa39cb0,333726780,way,amenity,place_of_worship,,,,,,31.4740564,74.3071468,Lahore,Punjab,Pakistan,,,
209901c3-fbd7-58d5-b5ba-bb2ea3810024,316694778,way,leisure,park,,,,,,31.4749237,74.3127909,Lahore,Punjab,Pakistan,,,
4f0a56b5-cbc3-5c90-b5ae-46a22d818b80,316694777,way,leisure,park,,,,,,31.4750965,74.3105099,Lahore,Punjab,Pakistan,,,
764a748b-2c8b-557d-9741-6852b1140c36,333816631,way,landuse,residential,,,,,,31.4744193,74.3108088,Lahore,Punjab,Pakistan,,,
731a8edf-3322-5ad5-9db9-cdc7a8403734,618178556,way,place,neighbourhood,H Block,,,,,31.4786756,74.3354618,Lahore,Punjab,Pakistan,,,
c91b0792-d986-51ba-873e-70e3d1a63e26,317474741,way,leisure,park,,,,,,31.4748165,74.3353393,Lahore,Punjab,Pakistan,,,
bb149356-52d8-57c4-af41-2561053721eb,316615261,way,leisure,park,Ittefaq Cricket Ground,,,,,31.4753982,74.3405867,Lahore,Punjab,Pakistan,,,
9dd80fb3-17cf-52a7-a7ce-46d3a4e7ad50,317477108,way,amenity,parking,Hospital Parking,,,,,31.4753295,74.339447,Lahore,Punjab,Pakistan,,,
143e0552-d7d8-5aa9-b823-30542eb8a291,6159780,relation,leisure,park,,,,,,31.4735456,74.319272,Lahore,Punjab,Pakistan,,,
6a047405-1593-5977-a675-b4d0c117a3f5,16385185,relation,tourism,hostel,Nurses Hostel,,,,,31.4555709,74.349295,Lahore,Punjab,Pakistan,,,
62af6a93-389e-5db7-be18-4bb2391d49d0,2599146858,node,amenity,fuel,شیل,شیل,Shell,,,31.4794738,74.2816845,Lahore,Punjab,Pakistan,شیل,,
44ee34c4-3457-5a2c-8430-8d9dfd256410,2599146863,node,amenity,place_of_worship,,,,,,31.4764371,74.2799219,Lahore,Punjab,Pakistan,,,
cf49be5a-c211-5409-bd6e-5df7a3ac2504,8366440817,node,amenity,restaurant,forks n knives,,,,,31.4778795,74.2819942,Lahore,Punjab,Pakistan,,,
57b0d83a-f9b8-51b6-be2c-4dba7a5aff0a,5271726910,node,amenity,police,Johar Town Police Station,,,,,31.4785763,74.2901017,Lahore,Punjab,Pakistan,,,
d0ec0c49-e930-58e9-ae46-701a29973303,5271726912,node,amenity,place_of_worship,Jama Masjid Abu Bakar Siddiq,,,,,31.4782732,74.2895519,Lahore,Punjab,Pakistan,,,
2168994c-850f-5100-912c-e70fa065a353,13201111543,node,healthcare,clinic,pimraCare Clinic by Dr.AliArshed,,,,,31.4838954,74.2842268,Lahore,Punjab,Pakistan,,,
a2006ae0-bbc9-5e7f-8bac-90990fb08421,13201111544,node,healthcare,clinic,Tech Medical Centre,,,,,31.485589,74.2820986,Lahore,Punjab,Pakistan,,,
02678439-8e97-5853-9e05-065e90238105,13201111550,node,amenity,bank,Meezan Bank,,,,,31.4856343,74.2830296,Lahore,Punjab,Pakistan,,,
8e3201b9-2be6-5226-a9ac-66d123c993ff,304965887,node,place,neighbourhood,Wafaqi Colony,,,,,31.4817346,74.2907734,Lahore,Punjab,Pakistan,,,
91fc6b94-da5d-574f-bda6-1dafc8214433,4472709290,node,tourism,hostel,,,Bachelor Male Teacher (BMT) Hostel,,,31.4844251,74.2868832,Lahore,Punjab,Pakistan,,University of the Punjab,
58e1c3d8-cf19-5378-8eb6-e52ca23cdab6,5581985321,node,office,company,Xpertise,,,,,31.4817225,74.2891965,Lahore,Punjab,Pakistan,,,
6cad4b7e-9957-566b-b737-374869a89e5e,11225530679,node,amenity,restaurant,BBQ Story,,,,,31.4931092,74.275357,Lahore,Punjab,Pakistan,,,
dcd99a90-0a4c-512a-b9d6-afd3d7e2a1ed,9317273904,node,amenity,place_of_worship,ابوبکر صدیق,,,,,31.4947979,74.2774724,Lahore,Punjab,Pakistan,,,
28328649-d2b6-5bb2-b9f5-7291419e5845,5259958810,node,healthcare,hospital,ممتاز بختاور ہسپتال,ممتاز بختاور ہسپتال,Mumtaz Bakhtawar Memorial Hospital,,,31.4943625,74.2792822,Lahore,Punjab,Pakistan,,,
8f1eb43f-61b3-5919-be96-c0d8d1148bdc,300864252,node,amenity,place_of_worship,Masjid AIT,,,,,31.5040575,74.2771212,Lahore,Punjab,Pakistan,,,
bdc7f426-d1f2-5e37-8bd4-8158eff70b7d,9355073160,node,place,neighbourhood,راوی بلاک,,,,,31.511969,74.2780625,Lahore,Punjab,Pakistan,,,
0c9539a7-42a2-5929-9fa6-19b389d6356e,4238888889,node,amenity,fuel,Caltex,,,,,31.5019082,74.281067,Lahore,Punjab,Pakistan,Caltex,,
c05b895e-d253-5aaf-8d2c-f1bcdb7397ef,9355073159,node,place,neighbourhood,رضا بلاک,,,,,31.5055563,74.2855993,Lahore,Punjab,Pakistan,,,
b054e6fc-d846-51c8-a4b2-e25d81e400c6,4238855892,node,amenity,fuel,پاکستان اسٹیٹ آئل,پاکستان اسٹیٹ آئل,Pakistan State Oil,,,31.5078527,74.2794877,Lahore,Punjab,Pakistan,پاکستان اسٹیٹ آئل,,
2d1c25ef-7e3b-5976-ad44-03d52bd918de,4255200291,node,shop,department_store,Diamond Room Cooler,,,,,31.5064816,74.2807153,Lahore,Punjab,Pakistan,,,
ebd8a671-03ab-5bf5-be70-6c9219757413,4839020418,node,shop,supermarket,Desi Dollar Store,,,,,31.5068587,74.2790328,Lahore,Punjab,Pakistan,,Desi Dollar,
88784aba-2f6a-5143-a917-40ba1925d5f3,9314491468,node,amenity,place_of_worship,ابوبکر صدیق,,,,,31.5104679,74.2786272,Lahore,Punjab,Pakistan,,,
7f6fd398-d942-55b5-8531-d5787e947e9c,9355073158,node,place,neighbourhood,عُمر بلاک,,,,,31.509337,74.2837512,Lahore,Punjab,Pakistan,,,
065e219b-a1c8-5c31-b8c8-900626d6649d,1512234917,node,leisure,sports_centre,Gymnesium,,,,,31.5128108,74.2870448,Lahore,Punjab,Pakistan,,,
198bd85a-5413-5c7b-b577-215f7dc737e9,3536188906,node,amenity,place_of_worship,Abu Bakr Masjid,,,,,31.5133191,74.2752185,Lahore,Punjab,Pakistan,,,
f17103b8-87bc-509a-b368-1acd77fcc582,5844889657,node,railway,station,شاہ نور,شاہ نور,Shahnoor,,,31.517424,74.2776467,Lahore,Punjab,Pakistan,,Lahore Metro,
73ab80cf-faf2-5f60-9a1e-2f62c208c932,5255578920,node,healthcare,hospital,Khushnood Hospital,,,,,31.5228586,74.2759464,Lahore,Punjab,Pakistan,,,
0a636875-9a4b-52f4-9f95-9be240e5cdce,9355073162,node,place,neighbourhood,سعید پُور,,,,,31.5199045,74.2768691,Lahore,Punjab,Pakistan,,,
268abf13-7427-506b-b388-0c7e6ea9eafd,3536188255,node,amenity,place_of_worship,,,,,,31.5184743,74.2826954,Lahore,Punjab,Pakistan,,,
cbc9cba0-cedf-5f78-b980-ac0cd8416ada,3626824696,node,amenity,fuel,پاکستان اسٹیٹ آئل,پاکستان اسٹیٹ آئل,Pakistan State Oil,,,31.5132234,74.281659,Lahore,Punjab,Pakistan,پاکستان اسٹیٹ آئل,,
48ad85fa-d1a6-5fca-a8d5-9e9c17f90120,4174096590,node,leisure,playground,,,,,,31.5149878,74.2808319,Lahore,Punjab,Pakistan,,,
8cbc6426-3e9d-56b9-8120-8ace8a07ca53,4174101489,node,shop,bakery,Docé Bakery,,,,,31.5146031,74.2816573,Lahore,Punjab,Pakistan,,,
5261d03c-cfff-5cff-8fbc-3d580827135d,9355073150,node,place,neighbourhood,نرگس بلاک,,,,,31.5162255,74.2818926,Lahore,Punjab,Pakistan,,,
2aba7de1-6eb2-5eaa-868d-7a40a2d3172d,9355073151,node,place,neighbourhood,رچنا بلاک,,,,,31.5148078,74.2844994,Lahore,Punjab,Pakistan,,,
c8462e80-7e92-5082-b2ab-90e85982b987,9355073161,node,place,neighbourhood,بدر بلاک,,,,,31.5169957,74.278891,Lahore,Punjab,Pakistan,,,
8a9acfde-2a79-56c6-8e39-fc66baf122bf,1539352937,node,amenity,police,Ait police station,,,,,31.5193661,74.2915723,Lahore,Punjab,Pakistan,,,
edc2b39a-451a-530a-ba12-ecdb1008a678,3536188215,node,amenity,place_of_worship,محمدی,,,,,31.5173855,74.2876595,Lahore,Punjab,Pakistan,,,
639342af-27a6-5a1d-9fd3-58dd8ef5f9bb,3536220900,node,amenity,place_of_worship,,,,,,31.5193269,74.2855394,Lahore,Punjab,Pakistan,,,
ddab2e55-8c49-5612-a5bf-8be021b23bd2,4531110090,node,amenity,fast_food,,,,,,31.5156254,74.2852165,Lahore,Punjab,Pakistan,,,
aef0fe52-11c0-53b4-837e-b2f1e3bf0060,4875773721,node,office,government,پنجاب بورڈ آف ٹیکنیکل ایجوکیشن,,Punjab Board of Technical Education Lahore,,,31.5185917,74.2912866,Lahore,Punjab,Pakistan,,,
33a3d6a0-c119-5876-91c7-d04b39fe12ac,4974663723,node,amenity,fast_food,Shehanshahi Fast Food,,Shehanshahi Fast Food,,,31.5194357,74.2870513,Lahore,Punjab,Pakistan,,,
120c939d-d43c-51e6-a7b3-b9d311034360,4974663922,node,shop,bakery,Midway Bakers,,Midway Bakers,,,31.5195493,74.2871944,Lahore,Punjab,Pakistan,,,
641cf3c9-4abb-56d4-89a5-4b87fbe70c4c,9355073152,node,place,neighbourhood,کشمیر بلاک,,,,,31.5180822,74.2875583,Lahore,Punjab,Pakistan,,,
61cc707d-8c97-5f95-8593-64462fc617cd,3536220942,node,amenity,fuel,,,,,,31.5256852,74.2847282,Lahore,Punjab,Pakistan,,,
893cc13b-c12e-5e6b-87c2-4a366625ccec,3536220947,node,amenity,fuel,پاکستان اسٹیٹ آئل,پاکستان اسٹیٹ آئل,Pakistan State Oil,,,31.5247304,74.2830188,Lahore,Punjab,Pakistan,پاکستان اسٹیٹ آئل,,
19b53ae8-c20f-58c2-aa13-2dfd168a6b7e,5430954223,node,tourism,hostel,Masood Ul Hassan Siddique,,,,,31.5230269,74.2806215,Lahore,Punjab,Pakistan,,,
82a0079d-6eb6-5d34-96ec-5b99e4805e96,5844889658,node,railway,station,صلاح الدین روڈ,صلاح الدین روڈ,Salahudin Road,,,31.5245991,74.2833141,Lahore,Punjab,Pakistan,,Lahore Metro,
f378a2e7-503d-5f88-a46b-3219ec7fdd3d,6591968797,node,shop,bakery,Gourmet Food,,,,,31.5228334,74.2821314,Lahore,Punjab,Pakistan,,,
46aba440-4a32-5949-8413-fc327aec2ded,9355073153,node,place,neighbourhood,زینت بلاک,,,,,31.5208337,74.2825581,Lahore,Punjab,Pakistan,,,
11d5f8ee-a939-5f66-b530-d91d196a34c9,1507373681,node,amenity,atm,,,,,,31.521592,74.2903961,Lahore,Punjab,Pakistan,,Habib Bank ATM,
e7333c7e-fd82-5506-8ef8-c03f4601f8ef,1557275970,node,amenity,fast_food,مکڈونلڈز,مکڈونلڈز,McDonald's,,,31.5197322,74.2906808,Lahore,Punjab,Pakistan,مکڈونلڈز,,
03f2c128-571a-56f8-a28a-56d60c03a9ba,1558238060,node,amenity,restaurant,Bundu khan,,,,,31.5209589,74.2907459,Lahore,Punjab,Pakistan,,,
458e13ba-4916-530e-b9a4-a6f9b4f01800,1585773811,node,shop,department_store,Rahim store,,,,,31.521694,74.2905303,Lahore,Punjab,Pakistan,,,
7b898966-4742-5c0e-91fd-e03630d8fd56,3536164079,node,shop,bakery,Nirala Sweets,,,,,31.5208501,74.2910578,Lahore,Punjab,Pakistan,,,
4edacbba-5d83-56f9-b3d3-0c53b4c72a4d,3536220943,node,amenity,fuel,شیل,شیل,Shell,,,31.5253611,74.2862366,Lahore,Punjab,Pakistan,شیل,,
ac2a578b-3f09-5c95-9ce1-af3f534dc8dc,3536264922,node,amenity,bank,نیشنل بینک آف پاکستان,نیشنل بینک آف پاکستان,National Bank of Pakistan,,,31.5200385,74.2914501,Lahore,Punjab,Pakistan,نیشنل بینک آف پاکستان,نیشنل بینک آف پاکستان,
85eb4893-fe91-52c9-9320-4dc309ca7a9c,4305464790,node,amenity,restaurant,BFC,,,,,31.5224376,74.2899783,Lahore,Punjab,Pakistan,,,
56614e78-01e1-51d9-bca7-99f200a24d89,4305469291,node,amenity,restaurant,Lahore Broast,,,,,31.5231523,74.2890749,Lahore,Punjab,Pakistan,,,
a326c1e1-4d10-52b9-aa6c-fabc70710f7d,4305471689,node,shop,shoes,Servis,,,,,31.5232944,74.2890562,Lahore,Punjab,Pakistan,,,
39a0d43c-7cce-5a2a-9d15-7173d223659f,4650608492,node,shop,convenience,,,,,,31.5211318,74.2856087,Lahore,Punjab,Pakistan,,,
0af523a5-2dbe-5ab9-b5a9-fb61c6dde620,4974663722,node,shop,books,Hafiz Old and New Books,,Hafiz Old and New Books,,,31.5197486,74.2873199,Lahore,Punjab,Pakistan,,,
e9e92169-9fb8-52d1-93b3-2f32db23c2bd,5273199189,node,office,company,NADRA,,,,,31.5209055,74.2915983,Lahore,Punjab,Pakistan,,,
7c2b7c9f-1a34-53f7-afc5-4b5e1489b34a,5273226553,node,amenity,restaurant,Karachi Master Biryani,,,,,31.5198308,74.2913354,Lahore,Punjab,Pakistan,,,
978f0a6e-bbbb-5131-9c3c-a37993829589,5273226554,node,shop,books,Bhai Bhai Book Store,,,,,31.5197302,74.2914105,Lahore,Punjab,Pakistan,,,
0bd307a8-b890-5a56-8d11-61e374cd804b,6433711122,node,amenity,parking,Parking plaza,,,,,31.5199474,74.2911748,Lahore,Punjab,Pakistan,,,
5ec40cfa-8961-5e5c-b210-3c8d9fdab0b0,6591968692,node,amenity,restaurant,Swadi restaurant,,,,,31.5209377,74.2909892,Lahore,Punjab,Pakistan,,,
6d541992-a10c-579d-ace9-040aa8596b05,9355073154,node,place,neighbourhood,ہما بلاک,,,,,31.522484,74.2858041,Lahore,Punjab,Pakistan,,,
d17deda0-81ba-5bd3-9104-3dd9e8d2c3b1,10922065188,node,amenity,restaurant,Pizza Online,,,,,31.5231183,74.2897251,Lahore,Punjab,Pakistan,,,
78498599-a1fa-535f-9339-7b61cbedf0a7,11082892505,node,amenity,restaurant,Delicious Chicken Biryani 220,,,,,31.5210988,74.2913756,Lahore,Punjab,Pakistan,,,
200d9ef4-2868-58e7-aedf-293d6deb63c1,4644550689,node,historic,memorial,Faisal town Block B Graveyard,,,,,31.4785917,74.3044483,Lahore,Punjab,Pakistan,,,
d807efd0-8431-52e0-8f97-d9c7260fa9b0,4916785687,node,amenity,ice_cream,Chaman Ice Cream,,,,,31.479489,74.3005538,Lahore,Punjab,Pakistan,,,
329b5fb8-414d-5c37-9415-91848d89351e,4916785688,node,amenity,fuel,Hascol Petrol Pump,,,,,31.4788632,74.3007803,Lahore,Punjab,Pakistan,,,
070f22dc-d3de-5696-ad9b-2625e4035174,4916785689,node,amenity,bank,SME Bank,,,,,31.4779668,74.3011377,Lahore,Punjab,Pakistan,,,
c4fb9c04-8769-516a-a0f7-5e26d9f50ee2,4916785690,node,amenity,bank,ایم سی بی بینک,ایم سی بی بینک,MCB Bank,,,31.4777645,74.3011873,Lahore,Punjab,Pakistan,ایم سی بی بینک,ایم سی بی بینک لمیٹڈ,
2199b879-73b4-56e7-aa9d-cd973c79d1db,4916785708,node,amenity,place_of_worship,Masjid Tauheed,,,,,31.4758056,74.3008086,Lahore,Punjab,Pakistan,,,
42cbc108-5bf2-5df5-98f2-e48e437650cb,4916785711,node,tourism,hostel,Shalimar Hostel,,,,,31.47653,74.3016509,Lahore,Punjab,Pakistan,,,
aa3bff43-92af-55de-8b61-bf24bf1bf707,5154091834,node,shop,car_repair,Ali Raza Liquimoly,,,,,31.4758793,74.3001395,Lahore,Punjab,Pakistan,,,
1192c6a7-5d8e-5949-95df-d52610d44aa6,4045299792,node,office,company,ITGenes,,,,,31.4820196,74.2986991,Lahore,Punjab,Pakistan,,,
36214df6-be5e-5e8d-b5c6-a42ba312c03a,4346636801,node,amenity,fast_food,Kuku's Grill and Family Restaurant,,,,,31.4816928,74.3021554,Lahore,Punjab,Pakistan,,,
d993847b-eff0-5e36-b180-a47e8abe54d0,4346636802,node,amenity,fast_food,Chicken & Bun,,,,,31.4815351,74.3019028,Lahore,Punjab,Pakistan,,,
bf561cef-e81f-5f93-8fa7-c33f97428164,4916641147,node,amenity,restaurant,سب وے,سب وے,Subway,,,31.4853165,74.3022642,Lahore,Punjab,Pakistan,سب وے,,
c5999657-7b80-5392-b883-565d0d31d66f,4916641151,node,amenity,bank,HBL Branch,,,,,31.4843396,74.2995106,Lahore,Punjab,Pakistan,,,
67b369f3-f261-5528-a100-77cec0893b33,4916641156,node,amenity,bank,بینک الفلاح,بینک الفلاح,Bank Alfalah,,,31.4812812,74.2989006,Lahore,Punjab,Pakistan,بینک الفلاح,,
8e291e36-2df2-5c9e-b948-cf405eaf170b,4916641157,node,amenity,bank,فیصل بینک,فیصل بینک,Faysal Bank,,,31.4809291,74.299258,Lahore,Punjab,Pakistan,فیصل بینک,,
055f24bb-b825-5121-9a61-270900b947ef,4916641158,node,amenity,restaurant,Al Madina Restaurant,,,,,31.4809764,74.2984415,Lahore,Punjab,Pakistan,,,
0a5826e5-c8de-58ee-90f9-c3d13b9cc856,10734314530,node,healthcare,hospital,The Dental Suite by Dr. Mujtaba Anwar,,,,"We do our best at The Dental Suite to put you and your dental needs first. Our dentist know that dentistry can be stressful for our patients due to all the noisy instruments, water in your mouth, and of course, the fear of pain. The Dental Suite have perf",31.4835473,74.2991692,Lahore,Punjab,Pakistan,,Dr. Mujtaba Anwar,
1fbb60bf-6d82-5c73-bfbe-119ba23e85b0,11927568069,node,tourism,hotel,Hotel Rose One Lahore,,,,,31.4806602,74.299963,Lahore,Punjab,Pakistan,,,
beeb7d8b-1de8-5092-90d6-6162184e4636,3408525493,node,shop,department_store,Sun Star,,,,,31.4758352,74.3064998,Lahore,Punjab,Pakistan,,,
3c1b63b1-22a4-5c66-8233-343e7ae9bcd1,3419206291,node,amenity,restaurant,Zakir Tikka,,,,,31.4750243,74.3053249,Lahore,Punjab,Pakistan,,,
6689c859-0eee-51bf-b88f-05b9bf404254,3419213197,node,amenity,restaurant,Krados,,,,,31.4757636,74.3062734,Lahore,Punjab,Pakistan,,,
1ab17a9e-47e4-5888-b11c-96d0b383c494,3419502094,node,shop,stationery,,,,,,31.4752257,74.3067144,Lahore,Punjab,Pakistan,,,
18bdbd12-b7b4-57b1-9fe3-834e5d4b9b3f,3860181937,node,tourism,hostel,Flat 169,,,,,31.4765939,74.3094552,Lahore,Punjab,Pakistan,,Private,
e0cf0a64-8329-55f8-8184-0ed76429ea1b,4469612792,node,amenity,restaurant,Muqadas & Biryani House,,,,,31.4770656,74.310378,Lahore,Punjab,Pakistan,,,
8c088d52-0685-59e6-990b-f8e5a7c61413,4528291514,node,office,company,Tracking World,,,,,31.4761634,74.3060534,Lahore,Punjab,Pakistan,,,
dac61cd4-059b-5c60-82cc-d7ba18864f35,5279069322,node,shop,shoes,Peshawer chapal house,,,,,31.47829,74.309953,Lahore,Punjab,Pakistan,,,
af795b14-9ce1-53ce-81dd-f0e2e22de3b5,7244237486,node,amenity,fast_food,Pizza Channel,,Pizza Channel,,,31.4797211,74.3058014,Lahore,Punjab,Pakistan,,,
98e60367-8155-5ea9-8c9f-54e8aa2fd4e5,4246311597,node,amenity,fast_food,Dher Aala,,,,,31.4856822,74.3076028,Lahore,Punjab,Pakistan,,,
fbcd2c26-e55e-5a88-9278-a44faac13242,4246311598,node,amenity,fuel,Total PetrolPump,,,,,31.4820859,74.3072303,Lahore,Punjab,Pakistan,,,
c33cedcf-d815-545f-9b9e-d060df958fb5,4246311795,node,amenity,restaurant,Maroo tandoor,,,,,31.4854405,74.3077095,Lahore,Punjab,Pakistan,,,
8c0bb334-537a-50ec-bf6a-bdcfdf9f6905,4246319800,node,shop,supermarket,Jalal Sons,,,,,31.4832971,74.3067229,Lahore,Punjab,Pakistan,,,
d289846a-1116-5349-8a71-338f3b68b04f,4246417494,node,office,government,Excise and Taxation Office,,,,,31.4826829,74.3069666,Lahore,Punjab,Pakistan,,,
9787be5e-bbf3-580a-bd05-e13a1427b603,4246417495,node,amenity,atm,,,,,,31.4821086,74.3072203,Lahore,Punjab,Pakistan,,,
b85caa9c-545e-5bae-803e-43f526aebadc,4246418097,node,amenity,fuel,پاکستان اسٹیٹ آئل,پاکستان اسٹیٹ آئل,Pakistan State Oil,,,31.4854748,74.3057946,Lahore,Punjab,Pakistan,پاکستان اسٹیٹ آئل,,
59263168-fee1-53d2-93e0-46a236a9fd60,4246418098,node,amenity,atm,,,,,,31.4820707,74.3068029,Lahore,Punjab,Pakistan,,,
f159908e-6b28-5087-a6d1-a063c17ed2c1,4246418099,node,amenity,atm,,,,,,31.4827312,74.3064944,Lahore,Punjab,Pakistan,,,
f9733460-0ef8-598b-9626-b720317f6ce4,4506318690,node,amenity,post_office,Multi Estate,,Multi Estate,,,31.4813422,74.3104473,Lahore,Punjab,Pakistan,,Shafiq Ahmad,
11a6fb11-5ba5-5e55-8038-44858cf33d3d,4916641140,node,tourism,hotel,Lotus Hotel and Cafe Zain,,,,,31.4856899,74.305661,Lahore,Punjab,Pakistan,,,
e836bb59-eb30-5c67-b1c5-483e748fb046,4916641145,node,amenity,bank,سندھ بینک,سندھ بینک,Sindh Bank,,,31.4854433,74.3054241,Lahore,Punjab,Pakistan,سندھ بینک,,
7dcc5321-1b4a-5679-a336-abd7ebab7d8b,5255461651,node,healthcare,hospital,National Medical Centre,,,,,31.4809113,74.3107957,Lahore,Punjab,Pakistan,,,
623cb017-6f8b-56e5-9853-5bd16534902c,5611908132,node,amenity,cafe,Perru's Cafe,,,,,31.4836246,74.3052175,Lahore,Punjab,Pakistan,,,
3292d758-59a6-55ac-a386-106bdaa65493,4365511193,node,amenity,restaurant,Hotpot Family Resturant,,Hotpot Family Resturant,,,31.4803463,74.3142544,Lahore,Punjab,Pakistan,,,
d0208081-7b0d-5e22-a1c1-74d91058b9b1,5255461650,node,healthcare,hospital,Saira Memorial Hospital,,,,,31.4812146,74.312232,Lahore,Punjab,Pakistan,,,
2f084904-f603-5f61-8815-4fbabe77571b,7245948766,node,amenity,place_of_worship,E Block Mosque,,,,,31.4862213,74.3166898,Lahore,Punjab,Pakistan,,,
0988e457-adb9-52b3-b84d-3aa87915703d,526687874,node,tourism,hostel,Rahmat Ali Hall No.14,,,,,31.4943246,74.3042778,Lahore,Punjab,Pakistan,,Waris Ali,
20a1c204-678e-5ba3-b217-8f611325c5bc,526691835,node,historic,castle,,,,,,31.4893057,74.310768,Lahore,Punjab,Pakistan,,,
24309f92-fedc-5982-bd78-d2c4160d688f,4246318791,node,amenity,restaurant,Grill and bake Restaurant,,,,,31.4883857,74.3081519,Lahore,Punjab,Pakistan,,,
228f79c1-beae-53a1-a8c5-51b8b2e7d45c,4916641143,node,amenity,place_of_worship,Jamy Masjid Dar-ul-Huda,,,,,31.4876171,74.3071283,Lahore,Punjab,Pakistan,,,
ac5e32ad-aff9-51ec-8375-f472744e8251,4539426689,node,tourism,guest_house,Dr Hassan Ibrar,,Dr Hassan Ibrar,,,31.4871094,74.3123152,Lahore,Punjab,Pakistan,,,
916d5710-b8d3-533c-9ddb-8911a8d39d23,526681744,node,tourism,hostel,Sir Syed Hostel No.1,,,,,31.4981791,74.3093383,Lahore,Punjab,Pakistan,,Punjab University,
eb73ac5d-b398-5dd5-bffd-12c451e354c3,526690133,node,amenity,restaurant,Main Cafeteria,,,,,31.4971045,74.3068676,Lahore,Punjab,Pakistan,,,
d778f4a9-abd0-5fe8-92cc-69b33c20b3f0,835253118,node,amenity,post_office,Hostel Post Office,,,,,31.4970283,74.3066591,Lahore,Punjab,Pakistan,,Pakistan Post,
83cb13df-c79b-581e-90a0-d4f0a7be43e4,4451509809,node,shop,supermarket,Shopping Market,,,,,31.497402,74.3071236,Lahore,Punjab,Pakistan,,,
3e76881a-f8de-5045-8126-1ee462997dc8,6263710236,node,tourism,hostel,Aurangzeb Alamgir Hostel No. 07,,,,,31.4989208,74.309993,Lahore,Punjab,Pakistan,,,
77a09349-c7bd-5af5-94d8-1c91d797765b,4916641141,node,amenity,fuel,ٹوٹل,ٹوٹل,Total,,,31.4956959,74.3133075,Lahore,Punjab,Pakistan,طوطال,ٹوٹل پارکو,
71bba261-b73d-5ec9-9f09-2d0a38c22c25,5259958806,node,healthcare,hospital,Lahore Speciality Hospital,,,,,31.4941177,74.3118532,Lahore,Punjab,Pakistan,,,
3839eca3-e37f-5575-8aa1-9d8a874495eb,12465377709,node,amenity,restaurant,PC Dhaba,,,,,31.4994991,74.3155467,Lahore,Punjab,Pakistan,,,
b9e5d57f-bb1e-53bf-82aa-bba2b19687d8,4362773892,node,amenity,place_of_worship,G Block Masjid,,,,,31.4765656,74.324295,Lahore,Punjab,Pakistan,,,
1dfa30b7-9f38-5d2f-93ea-1a65c6304452,6562819185,node,tourism,attraction,24-F,,,,,31.4760928,74.3204609,Lahore,Punjab,Pakistan,,,
4e898a4a-1eb0-5a3d-b657-6c1853c895f5,4916250623,node,amenity,place_of_worship,DPS Masjid,,,,,31.4800985,74.3254177,Lahore,Punjab,Pakistan,,,
42b39948-266c-56e2-9b9e-ca48129457d7,6533084124,node,office,government,Model Town Society Office,,,,,31.481235,74.3235907,Lahore,Punjab,Pakistan,,,
9871c818-cd6f-5148-9a0e-09dad516dc8e,304572487,node,place,suburb,ماڈل ٹاون,ماڈل ٹاون,Model Town,,,31.4851048,74.3262044,Lahore,Punjab,Pakistan,,,
d4fcf8d2-c3b8-5872-bcb6-98f04400dcd1,1374726049,node,leisure,park,Model Town Central Park,,,,,31.4845634,74.3261523,Lahore,Punjab,Pakistan,,,Q6888296
90a5ce2a-ac99-5779-abaf-d290df969b76,1720551758,node,leisure,playground,,,,,,31.4841275,74.3298439,Lahore,Punjab,Pakistan,,,
73c8e235-1490-51cf-b248-8ec6f744fc9e,4916250308,node,tourism,hotel,Ghareeb Nawaz Hotel,,,,,31.4830768,74.3297779,Lahore,Punjab,Pakistan,,,
13a4870f-754b-5cb1-bf33-974f81c4f1cb,4916250309,node,amenity,restaurant,Goga Murgh Chanay,,,,,31.4828367,74.3306515,Lahore,Punjab,Pakistan,,,
fc58e95d-bfd1-59be-9237-3ca5585c95da,4916250310,node,amenity,restaurant,Amjad Sweets & Restaurant,,,,,31.482919,74.3301926,Lahore,Punjab,Pakistan,,,
46ef2f61-8374-58bf-85b0-0ecdfced6d2e,4916250311,node,amenity,restaurant,Karachi Naseer Biryani,,,,,31.4828046,74.330526,Lahore,Punjab,Pakistan,,,
d144c6d5-db27-5f3d-8ceb-85fc769ba3a3,4916250312,node,amenity,restaurant,Al Qaim Restaurant,,,,,31.4826,74.3303796,Lahore,Punjab,Pakistan,,,
68c62b33-33cd-5d4d-8d5e-7c0933a8c4b3,4916250313,node,amenity,restaurant,Fancy Sweets & Restaurant,,,,,31.4826364,74.3307341,Lahore,Punjab,Pakistan,,,
ad55d9a2-3f89-545b-a0e0-7d86793bb65b,4916250314,node,amenity,fast_food,ڈنکن ڈونٹس,ڈنکن ڈونٹس,Dunkin' Donuts,,,31.4823712,74.3308248,Lahore,Punjab,Pakistan,ڈنکن ڈونٹس,,
2b0eb519-a5f1-54fc-ba32-bf65a2dc41f6,4916250315,node,amenity,bank,Apna Microfinance Bank,,,,,31.4822484,74.3303453,Lahore,Punjab,Pakistan,,,
79cf7abf-b6e8-59e7-9909-b3099dbfd037,4916250316,node,healthcare,pharmacy,Aziz Son's Pharma Plus,,,,,31.4821708,74.3302638,Lahore,Punjab,Pakistan,,,
1efb61c1-be47-54bf-9f7b-4f197b1cef95,4916250317,node,amenity,restaurant,Nafees Dahi Bhallay,,,,,31.4818708,74.3301801,Lahore,Punjab,Pakistan,,,
bc6eb038-9b8c-5134-923a-9c8b097e3782,4916250318,node,amenity,bank,ایچ بی ایل پاکستان,ایچ بی ایل پاکستان,Habib Bank Limited,,,31.4808437,74.3290813,Lahore,Punjab,Pakistan,ایچ بی ایل پاکستان,,
2993b47f-d721-58fa-bb87-2386a150254a,4916250320,node,amenity,cafe,Senior Boys Café,,,,,31.4811248,74.3278408,Lahore,Punjab,Pakistan,,,
e7b963d0-c007-5848-8e80-1cf9d70ab9e4,4916250621,node,amenity,cafe,Junior Boys Café,,,,,31.480974,74.32742,Lahore,Punjab,Pakistan,,,
8eb67d9f-97d2-5aca-b7ed-83f4fac11e8b,5263679933,node,amenity,place_of_worship,A Block Mosque,,,,,31.482755,74.3301119,Lahore,Punjab,Pakistan,,,
7d2ab56f-38e2-5b7f-838f-721339401083,7307115690,node,shop,department_store,Sarmad Departmental Store,,,,,31.4828242,74.330784,Lahore,Punjab,Pakistan,,,
ad5e1227-b738-5501-8de4-827bcc29704d,7307115692,node,office,company,Uber Registration Centre,,,,,31.4822858,74.3304886,Lahore,Punjab,Pakistan,,,
354d77ea-0a2f-55db-8e8c-832e2e3e8974,4189474589,node,amenity,place_of_worship,Jamia-Tul-Muntazar,,,,,31.4793553,74.3335523,Lahore,Punjab,Pakistan,,,
4464f149-83c7-55be-aa3b-abc41ba02149,2697459271,node,office,company,SevenCentric,,,,,31.4760686,74.342479,Lahore,Punjab,Pakistan,,,
c8fc77f4-01cc-570f-8b40-9075a10f53a5,3237660889,node,healthcare,hospital,Ittefaq Hospital,,,,,31.4756654,74.3375093,Lahore,Punjab,Pakistan,,,
9ee09585-b9a8-57a3-b7f7-e2a4fad199a7,4421575389,node,amenity,bank,Bank of Punjab,,,,,31.4759628,74.3429101,Lahore,Punjab,Pakistan,,,
a2e42bfd-fa8f-5de6-b2f0-790679578969,4920146649,node,amenity,fuel,ٹوٹل,ٹوٹل,Total,,,31.4774901,74.3432008,Lahore,Punjab,Pakistan,طوطال,ٹوٹل پارکو,
6500bec2-38c5-5629-ba89-e8199dae7c02,4920146651,node,office,government,Punjab Information Technology Board,,,,,31.4758512,74.3430052,Lahore,Punjab,Pakistan,,,
bf5bb4b5-b0b6-5f47-8618-61415432aa45,6612882186,node,amenity,place_of_worship,Chidren Hospital Mosque,,,,,31.4786051,74.342916,Lahore,Punjab,Pakistan,,,
9e616a5c-3d2a-571a-9f61-cfbdf896fa17,7150391929,node,amenity,place_of_worship,,,,,,31.4757932,74.3422579,Lahore,Punjab,Pakistan,,,
ffcf9beb-6bc6-5f3b-8857-d74faea1d458,4914838139,node,amenity,post_office,Pakistan Post,,,,,31.4859439,74.3310336,Lahore,Punjab,Pakistan,,,
94f60294-ef8e-54b8-8b5f-77b2218e9019,4914838143,node,shop,bakery,Gourmet Bakers & Sweets,,,,,31.4830737,74.3311823,Lahore,Punjab,Pakistan,,,
55c9e8d2-d06e-5d2c-934e-8c8e552737c2,5263630034,node,leisure,pitch,Model Town Club Ground,,,,,31.4865857,74.3325291,Lahore,Punjab,Pakistan,,,
a0565952-1aa7-54f9-b9da-fe8228111a0a,5357683404,node,office,company,Careem Registration Centre,,,,,31.4829745,74.331084,Lahore,Punjab,Pakistan,,,
c8380c26-11f8-53bf-9df2-59e18be2dc35,7307115689,node,healthcare,laboratory,Shaukat Khanum Laboratory,,,,,31.4828454,74.3310639,Lahore,Punjab,Pakistan,,,Q3695588
c1dc9e56-6ddb-588f-a651-fe8293d7f643,4920146646,node,shop,bakery,Doce Bakers,,,,,31.4867569,74.3391927,Lahore,Punjab,Pakistan,,,
2d494bf0-b1b8-55d8-845c-8c284e493fbe,4920146647,node,amenity,place_of_worship,Naseerabad Mosque,,,,,31.4865493,74.3392759,Lahore,Punjab,Pakistan,,,
c8e4647b-8ad7-5ce9-bb9d-7d776fde8866,5254181756,node,healthcare,hospital,Ghulab Devi Chest Hospital,,,,,31.4825003,74.3422146,Lahore,Punjab,Pakistan,,,
f4f9e3f2-ae82-525a-ba99-debb92885650,3339577555,node,amenity,restaurant,Siddique Kebab,,,,,31.4896427,74.3192567,Lahore,Punjab,Pakistan,,,
2de25cc6-1142-57fb-bb96-69141c8b3409,4172019703,node,amenity,restaurant,Bhaiya Kebab,,,,,31.4904264,74.3191135,Lahore,Punjab,Pakistan,,,
62d017bb-208f-543c-ba41-684b257fef8e,5285767845,node,amenity,place_of_worship,بیت النور,,Bait-un-Noor,,,31.492218,74.3241845,Lahore,Punjab,Pakistan,,,
cae7db2e-1934-5a49-b191-2a75304bf918,4916250627,node,amenity,bank,NIB Bank,,,,,31.4884189,74.3274009,Lahore,Punjab,Pakistan,,,
b6c1494d-0007-5d3d-8e4c-f9d0a0f99311,4916250628,node,amenity,bank,بینک الفلاح,بینک الفلاح,Bank Alfalah,,,31.4882709,74.3273091,Lahore,Punjab,Pakistan,بینک الفلاح,,
fbff1d9b-7dc5-5c5f-b6f2-5340141db749,4916250629,node,amenity,bank,ایچ بی ایل پاکستان,ایچ بی ایل پاکستان,Habib Bank Limited,,,31.4889463,74.3277073,Lahore,Punjab,Pakistan,ایچ بی ایل پاکستان,,
cd9ddd27-e433-57bd-8c92-d77b0393f7e5,4916250630,node,amenity,bank,اسٹینڈرڈ چارٹرڈ,اسٹینڈرڈ چارٹرڈ,Standard Chartered,,,31.4884519,74.3268753,Lahore,Punjab,Pakistan,اسٹینڈرڈ چارٹرڈ,اسٹینڈرڈ چارٹرڈ,
c3124dba-78d0-556a-b33c-58d6826916de,4916250631,node,amenity,bank,سونیری بینک,سونیری بینک,Soneri Bank,,,31.4891285,74.3280698,Lahore,Punjab,Pakistan,سونیری بینک,سونیری بینک,
77df61d4-5cb6-591b-84eb-33b12aeeba92,4916250632,node,shop,bakery,Cakes & Bakes,,,,,31.4890562,74.3266707,Lahore,Punjab,Pakistan,,,
039ddd24-f16e-5552-afae-8faad1f6f640,4916250633,node,shop,bakery,Shezan Bakers & Confectioners,,,,,31.4890524,74.3263671,Lahore,Punjab,Pakistan,,,
c50a22ea-d43f-55ef-94c6-ecfd2dc0ba4c,4916250634,node,healthcare,pharmacy,Fazal Din Pharma Plus,,,,,31.4888534,74.32644,Lahore,Punjab,Pakistan,,,
6392f32e-4eb3-5b95-97a0-74771f448e8e,4916250636,node,shop,bakery,Kitchen Cuisine,,,,,31.4890078,74.3260643,Lahore,Punjab,Pakistan,,,
b277d87e-6c48-53fe-bce4-ea339ada883f,4916250637,node,amenity,bank,میزان بینک,میزان بینک,Meezan Bank,,,31.4889403,74.3262858,Lahore,Punjab,Pakistan,میزان بینک,,
2ca0be72-3d23-50ab-b998-ec6c5e382905,4916250638,node,amenity,bank,یونائیٹڈ بینک لمیٹڈ,یونائیٹڈ بینک لمیٹڈ,United Bank Limited,,,31.4889214,74.325959,Lahore,Punjab,Pakistan,یونائیٹڈ بینک لمیٹڈ,,
0f1e14d2-a691-5f95-974d-881b02f1b816,4916250639,node,amenity,bank,The Bank Of Punjab,,,,,31.4890177,74.3254925,Lahore,Punjab,Pakistan,,,
1ff5ade5-7eca-5900-88cf-e9c8f3728823,4916250640,node,amenity,bank,ایم سی بی بینک,ایم سی بی بینک,MCB Bank,,,31.4889794,74.3258178,Lahore,Punjab,Pakistan,ایم سی بی بینک,,
f85b8b88-d213-5cf7-b16c-9c2a1f818cc7,4916250641,node,amenity,restaurant,,,,,,31.4887445,74.3261277,Lahore,Punjab,Pakistan,,,
279d2b72-7ed7-5769-836f-13f65a7f6a7c,4916250642,node,amenity,bank,جے ایس بینک,جے ایس بینک,JS Bank,,,31.4887233,74.3258419,Lahore,Punjab,Pakistan,جے ایس بینک,جے ایس بینک,
f09d12cf-cb07-51a9-b0dd-7a4971ca52be,4916250643,node,amenity,cafe,Cafe Delice,,,,,31.4888267,74.3256709,Lahore,Punjab,Pakistan,,,
eda48136-8a89-5a1d-91e5-6a29adc8d6d4,4916250644,node,amenity,ice_cream,Happy Ending,,,,,31.4885199,74.3255482,Lahore,Punjab,Pakistan,,,
8027064e-9ff0-55ec-ad18-77c6dc6fb878,4916250645,node,amenity,restaurant,Goshi,,,,,31.4886779,74.3260195,Lahore,Punjab,Pakistan,,,
698b9313-32ba-56a1-9099-7ab750b5fb7b,4916250646,node,amenity,bank,Burj Bank Limited,,,,,31.4885932,74.3262495,Lahore,Punjab,Pakistan,,,
f8101f91-2366-5025-a836-b1648778bc71,4916250647,node,amenity,bank,الائیڈ بینک لمیٹڈ,الائیڈ بینک لمیٹڈ,ABL,,,31.4890568,74.3250927,Lahore,Punjab,Pakistan,الائیڈ بینک لمیٹڈ,,
43e28c10-bc1c-560a-aab3-a0bb2d935197,4916250648,node,amenity,bank,Silk Bank,,,,,31.48885,74.3253446,Lahore,Punjab,Pakistan,,,
e0f94751-c5db-50b9-9e58-c96739e68b0d,4916250649,node,shop,supermarket,Anchor Super Market,,,,,31.4889732,74.3252328,Lahore,Punjab,Pakistan,,,
156a47e4-51b2-5154-948c-3ea67e210c82,4916250650,node,amenity,restaurant,,,,,,31.4887613,74.3251721,Lahore,Punjab,Pakistan,,,
35f14d8b-b1f2-5608-8ec4-a5718b87a3eb,4916250651,node,amenity,restaurant,Pizzario,,,,,31.4879603,74.3258822,Lahore,Punjab,Pakistan,,,
31fb44a6-c8ab-56a8-943d-e073e751e548,4916250653,node,amenity,restaurant,,,,,,31.4883413,74.3263772,Lahore,Punjab,Pakistan,,,
95884b30-09a9-5e3f-99f8-ac71fa673f4d,4916250654,node,amenity,fast_food,Ice Food,,,,,31.4884268,74.3255404,Lahore,Punjab,Pakistan,,,
34662806-080f-59a4-bc6a-10a9317468a3,4916250655,node,amenity,cafe,,,,,,31.4880718,74.3259622,Lahore,Punjab,Pakistan,,,
c18b1a98-4d61-5893-8289-61d894b8a42a,4916250656,node,amenity,fast_food,Arabic Shawarma,,,,,31.4883325,74.3255611,Lahore,Punjab,Pakistan,,,
1e3e5f8c-6ed5-59d5-b420-e532ab3a020a,4916250657,node,amenity,restaurant,Sholay Restaurant,,,,,31.48821,74.3259078,Lahore,Punjab,Pakistan,,,
473ad9b4-ba39-5f5a-ae05-368c328d1438,5253925864,node,healthcare,dentist,Dental Hub,,,,,31.4879716,74.3261076,Lahore,Punjab,Pakistan,,,
957636f0-8e2e-5bbd-9bb4-4b54bcd90568,5263454897,node,amenity,bank,دبئی اسلامی بینک,دبئی اسلامی بینک,Dubai Islamic Bank,,,31.4887824,74.3263117,Lahore,Punjab,Pakistan,دبئی اسلامی بینک,,
a7407cc8-c105-5c48-8d16-1e214ba515a0,5263546232,node,amenity,place_of_worship,Shah Ismail Masjid,,,,,31.487991,74.3269715,Lahore,Punjab,Pakistan,,,
bac18ffd-3811-5fa2-bba4-ceb699775c13,7222242419,node,amenity,cafe,گلوریا جینز,گلوریا جینز,Gloria Jean's,,,31.488266,74.3260735,Lahore,Punjab,Pakistan,گلوریا جینز,,
3a165aa4-b677-599f-879b-ef5ecd467f3e,7222242420,node,amenity,fast_food,سب وے,سب وے,Subway,,,31.4882193,74.3257077,Lahore,Punjab,Pakistan,سب وے,,
51e5f500-fc0c-5eb6-a5ae-509a7e1da1e3,7222242421,node,amenity,restaurant,Karachi Chatkhara,,,,,31.4882535,74.3256109,Lahore,Punjab,Pakistan,,,
2404757d-1c49-5ba6-be25-fc8435c5c8cc,7222242422,node,shop,bakery,Gourmet,,,,,31.4888889,74.3262264,Lahore,Punjab,Pakistan,,,
63660a2b-d57f-5fc9-b6f0-4ada0a01deb0,7222242423,node,amenity,bank,Habib Metropolitan Bank,,,,,31.4885104,74.326369,Lahore,Punjab,Pakistan,,,
39a2ef18-bf31-5d21-966a-671f6239c7a0,7222242424,node,leisure,fitness_centre,Matrix Health & Fitness,,,,,31.4886819,74.3253741,Lahore,Punjab,Pakistan,,,
fa293e21-4727-5584-aefd-c2c043576217,7222242425,node,amenity,bank,فیصل بینک,فیصل بینک,Faysal Bank,,,31.4890801,74.3257013,Lahore,Punjab,Pakistan,فیصل بینک,,
8e622ab3-5c9f-5844-a52a-13d38f3d184f,7222242426,node,healthcare,pharmacy,Servaid Pharmacy,,,,,31.4890915,74.3261629,Lahore,Punjab,Pakistan,,,
188ba088-5555-51d2-916f-b03243b2c9db,7243781636,node,amenity,restaurant,Delish Pizza Bar,,,,,31.4888191,74.3261697,Lahore,Punjab,Pakistan,,,
edf21864-756a-53c1-9fc4-1662bb441b50,7245948767,node,amenity,place_of_worship,C Block Mosque,,,,,31.4931148,74.3273243,Lahore,Punjab,Pakistan,,,
deebc092-e4a5-5bdb-99a9-8c4c44f3bca9,7252307858,node,healthcare,pharmacy,Shifa Pharmacy,,,,,31.4888577,74.3287651,Lahore,Punjab,Pakistan,,,
0c546509-d574-5e05-9990-7fccdf1e3598,7252307859,node,amenity,money_transfer,ویسٹرن یونین,ویسٹرن یونین,Western Union,,,31.4883071,74.3268817,Lahore,Punjab,Pakistan,ویسٹرن یونین,,
73207473-d43b-5c95-906d-3d7b62e58c0d,7252307860,node,amenity,bank,میزان بینک,میزان بینک,Meezan Bank,,,31.4889088,74.3268809,Lahore,Punjab,Pakistan,میزان بینک,,
ab9c8c10-723a-5890-bd01-d3cc27683a1c,7270474699,node,amenity,restaurant,114 by Insomnia Kitchen,,,,,31.4886944,74.3265487,Lahore,Punjab,Pakistan,,,
fb0e5e97-a16a-5fbe-83ee-9164f0b404f3,7270474700,node,amenity,bank,بینک اسلامی,بینک اسلامی,Bank Islami,,,31.4889149,74.3266071,Lahore,Punjab,Pakistan,بینک اسلامی,بینک اسلامی,
3ee285f7-df12-5877-a12d-0eb3b6915c5e,7270474701,node,shop,shoes,باٹا,باٹا,Bata,,,31.4887481,74.3266853,Lahore,Punjab,Pakistan,باٹا,,
364210aa-d420-595d-80aa-9f876e032f9b,7297733035,node,amenity,money_transfer,ویسٹرن یونین,ویسٹرن یونین,Western Union,,,31.4888603,74.3276025,Lahore,Punjab,Pakistan,ویسٹرن یونین,,
2764e64f-2224-5f8b-a319-cd0ab0b40e65,7297733036,node,amenity,bank,عسکری بینک,عسکری بینک,Askari Bank,,,31.4887604,74.327561,Lahore,Punjab,Pakistan,عسکری بینک,,
65a64cf8-09c9-53b8-b313-dae89d1325cc,7297733037,node,amenity,money_transfer,Link International Exchange,,,,,31.4886871,74.3275232,Lahore,Punjab,Pakistan,,,
a4ea40ee-7c64-5e9c-8424-bb15cdc36aa5,7297733038,node,healthcare,laboratory,Agha Khan Laboratory,,,,,31.4885682,74.3274634,Lahore,Punjab,Pakistan,,,
7f094871-6b33-593c-86dd-23f81d5f130d,7307115688,node,healthcare,pharmacy,,,,,,31.4887231,74.3262445,Lahore,Punjab,Pakistan,,,
37ba58e9-ae95-5216-baef-333230f65904,7307115698,node,shop,department_store,Utility Store,,,,,31.4891211,74.3289351,Lahore,Punjab,Pakistan,,,
fbae1791-600b-5f6d-b0a2-026c180e65af,7307115699,node,healthcare,laboratory,Chughtai Lab,,,,,31.4890035,74.328832,Lahore,Punjab,Pakistan,,,
9f4e8bda-ef99-5c9d-b873-2a5de7fa5e20,7307115700,node,amenity,bank,سمٹ بینک,سمٹ بینک,Summit Bank,,,31.489064,74.3268972,Lahore,Punjab,Pakistan,سمٹ بینک,سمٹ بینک,
715c9cb0-7aff-5391-8975-292d85605736,7373503699,node,amenity,bank,بينک الحبيب,بينک الحبيب,Bank Al Habib,,,31.4886083,74.3268764,Lahore,Punjab,Pakistan,بينک الحبيب,,
4cb4b940-7114-5ab6-b717-ca67bc1820be,7656889200,node,amenity,fast_food,OPTP,,,,,31.4887718,74.3265151,Lahore,Punjab,Pakistan,,,
b1f4e87e-cea6-568f-97e1-5b3462e505ba,8872015421,node,shop,department_store,Jalal Sons,,,,,31.4891043,74.328161,Lahore,Punjab,Pakistan,,,
bc0331fc-c918-58ef-8721-b380b0c6b030,2872010332,node,office,company,GameView Studios,,,,,31.4966798,74.3191846,Lahore,Punjab,Pakistan,,,
a9131087-ca4b-5ac1-a4c7-8d5931089bd8,4457978619,node,office,government,Government Passport Visa Office,,,,,31.4965065,74.3199727,Lahore,Punjab,Pakistan,,,
381334bd-6c0d-588a-9858-f269b05c61e1,4595910890,node,office,government,Regional Passport Office,,,,,31.4965068,74.3200821,Lahore,Punjab,Pakistan,,,
b5585424-c4e6-58f7-a779-fc0ad8515261,4916640117,node,amenity,bank,نیشنل بینک آف پاکستان,نیشنل بینک آف پاکستان,National Bank of Pakistan,,,31.4995425,74.3200394,Lahore,Punjab,Pakistan,نیشنل بینک آف پاکستان,نیشنل بینک آف پاکستان,
26b00366-315b-5b85-a38a-bf2b53182561,5265541011,node,amenity,place_of_worship,Barkat Market Masjid,,,,,31.4991583,74.3227049,Lahore,Punjab,Pakistan,,,
624ba034-a93b-5717-bccc-b81d028aab37,5964825085,node,office,government,Pakistan Engineering Council PEC Regional office,,,,,31.4974004,74.3208568,Lahore,Punjab,Pakistan,,,
1b6ad4a8-a7a7-5adc-9ae7-a0afdfec3b05,6568756557,node,amenity,fast_food,Grill Perfection,,,,,31.4991984,74.3203023,Lahore,Punjab,Pakistan,,,
7dcf4bea-32cd-5a6e-82bc-2a43b24fa598,12466648981,node,leisure,park,Kashif Ali Ghouri Park,,,,,31.4984568,74.3190949,Lahore,Punjab,Pakistan,,,
9087f35a-ad2e-52ba-9a60-adf446a36ab2,5273572702,node,tourism,hotel,Hotel Corporate Inn,,,,,31.4985373,74.3263396,Lahore,Punjab,Pakistan,,,
91499e13-09a6-524a-8f0d-4ee8643a49eb,4916900831,node,amenity,bank,UBL Ameen,,,,,31.4927336,74.3367655,Lahore,Punjab,Pakistan,,,
a3883190-3b46-51c7-bb3d-13c663b968cc,4916900832,node,amenity,bank,FINCA Microfinance Bank Limited,,,,,31.4925544,74.3368262,Lahore,Punjab,Pakistan,,,
344254e0-e866-51e0-9dd6-953f54c10b6f,4916900833,node,amenity,restaurant,Bundu Khan Sweets,,,,,31.491584,74.3371987,Lahore,Punjab,Pakistan,,,
c50b92eb-50a0-5b2c-9b6c-015c5bafcd02,4916900834,node,amenity,bank,الائیڈ بینک لمیٹڈ,الائیڈ بینک لمیٹڈ,ABL,,,31.4914476,74.337253,Lahore,Punjab,Pakistan,الائیڈ بینک لمیٹڈ,,
d899a0cc-dbee-5ff1-a111-a9b6d83968e2,4716530191,node,tourism,guest_house,,,,,,31.4926187,74.3390737,Lahore,Punjab,Pakistan,,,
d8ebe98a-b8a0-514f-95a3-48364d7bd45b,4916900835,node,amenity,fast_food,Shawarma Time Arabian Food,,,,,31.4908543,74.3374981,Lahore,Punjab,Pakistan,,,
4b04d906-9787-5780-b13c-ebac849066fc,4920146641,node,amenity,bank,میزان بینک,میزان بینک,Meezan Bank,,,31.4891203,74.3382506,Lahore,Punjab,Pakistan,میزان بینک,,
c70b841a-ee2c-5250-ab9b-9d1556a2d70f,4920146642,node,amenity,cafe,Gravity The Gaming Cafe,,,,,31.4890014,74.3383016,Lahore,Punjab,Pakistan,,,
b6f5ff0a-5b1c-54ef-bde6-f67e5e47194d,4920146643,node,amenity,fast_food,Chicken Kozi Haleem,,,,,31.488409,74.3385403,Lahore,Punjab,Pakistan,,,
b83781d6-0645-5d92-83de-f1ce4d4fd85a,4920146644,node,amenity,cafe,Alif Milk Waly,,,,,31.4873165,74.3389801,Lahore,Punjab,Pakistan,,,
092bc293-bddd-52b2-b6a2-7748f0ea34a3,4920146645,node,amenity,bank,ایچ بی ایل پاکستان,ایچ بی ایل پاکستان,Habib Bank Limited,,,31.4870012,74.3391157,Lahore,Punjab,Pakistan,ایچ بی ایل پاکستان,,
b5592846-4cbc-5cdd-b974-2c2176ef5cd6,9395404996,node,place,neighbourhood,بھابڑہ,,Bhabra,,,31.4892068,74.3413072,Lahore,Punjab,Pakistan,,,
1f508fad-ce58-53f5-8ee8-809247e8c4b6,617126833,node,amenity,fuel,شیل,شیل,Shell,,,31.4980621,74.3333046,Lahore,Punjab,Pakistan,شیل,,
69c9924f-58a9-5139-ad24-c22dd1b448c7,3254485561,node,public_transport,platform,FR-16 Model Town Mor Stop,,,,,31.4961363,74.3326395,Lahore,Punjab,Pakistan,,Punjab Mass Transit Authority,
99663cfd-3c10-5d0b-9842-81207cd26f92,4916900821,node,amenity,bank,National Savings Centre,,,,,31.4993437,74.3340522,Lahore,Punjab,Pakistan,,,
8cb83097-a0bb-572b-a238-503dbbaa7add,4916900822,node,amenity,place_of_worship,Jamia Mohammadia,,,,,31.4984557,74.3336039,Lahore,Punjab,Pakistan,,,
4a1e6043-302a-51e2-baf9-8e8b8d02bb8d,4916900825,node,amenity,restaurant,Coko Bell,,,,,31.4986349,74.3342951,Lahore,Punjab,Pakistan,,,
ac06ea2d-6f40-5529-a28e-8e64e73f7f05,4916900827,node,office,insurance,Jubilee Life Insurance,,,,,31.4960984,74.3353411,Lahore,Punjab,Pakistan,,,
8ec6f06c-27ba-5576-97bf-a77df8130ce2,4916900830,node,amenity,fuel,ٹوٹل,ٹوٹل,Total,,,31.4948082,74.3359015,Lahore,Punjab,Pakistan,طوطال,ٹوٹل پارکو,
40381e14-420d-5ef3-b6d0-417a3f061011,304964818,node,place,neighbourhood,گلبرگ,گلبرگ,Gulberg,,,31.4944249,74.3407651,Lahore,Punjab,Pakistan,,,
4f9179fd-a9f7-5d56-81d7-ca79914999cb,526681857,node,tourism,guest_house,PU Guest House,,,,,31.5039578,74.3000131,Lahore,Punjab,Pakistan,,,
cae06fa8-f047-5fec-a2e3-55b34976183f,3582187609,node,place,neighbourhood,Professor Colony,,,,,31.5059446,74.300284,Lahore,Punjab,Pakistan,,,
e4589cf6-e262-56fd-88c0-30f3b11dcc09,3582187610,node,amenity,place_of_worship,,,,,,31.5047183,74.3018855,Lahore,Punjab,Pakistan,,,
62754aa3-936c-5432-b6b2-5d2c3ac0468a,5463483926,node,amenity,restaurant,Manzoor PC Hotel,,,,,31.5047769,74.3027019,Lahore,Punjab,Pakistan,,,
5e3f37b3-93f0-5726-8284-0f688818aa8e,5464723336,node,shop,supermarket,Colony Market,,,,,31.5061918,74.3032139,Lahore,Punjab,Pakistan,,,
93ac94cb-4e1c-587b-bc60-14472d62841c,3626689261,node,amenity,place_of_worship,,,,,,31.5121429,74.2953599,Lahore,Punjab,Pakistan,,,
7734ac34-651d-57e3-9ac8-de4f6a27f494,9355073156,node,place,neighbourhood,نجف کالونی,,,,,31.5122358,74.2949969,Lahore,Punjab,Pakistan,,,
5f49673e-2890-5227-804a-1c45f2813557,4238854806,node,amenity,fuel,PSO (Arrow Head),,,,,31.511108,74.3042402,Lahore,Punjab,Pakistan,,,
509f8796-6bf4-515a-ba03-cfced1ceca56,4938305323,node,amenity,restaurant,YASIR BROAST,,,,,31.5107571,74.3005553,Lahore,Punjab,Pakistan,,,
8cbcbfa2-57fd-5d62-b24b-68fc1cc2b7c6,4974663121,node,amenity,fuel,ٹوٹل,ٹوٹل,Total,,,31.5122966,74.2999122,Lahore,Punjab,Pakistan,طوطال,ٹوٹل پارکو,
239d1b62-f17c-5bdf-a510-5bf400526c36,9355073157,node,place,neighbourhood,کالج بلاک,,,,,31.5105362,74.2984899,Lahore,Punjab,Pakistan,,,
cc94c511-f330-5cbf-a58f-f0b824edeabd,526681492,node,amenity,parking,Parking for Department of Geography,,,,,31.50234,74.3095875,Lahore,Punjab,Pakistan,,,
a0c9151c-1a53-537c-842e-f8d47916f2b5,526681563,node,amenity,cafe,Main Cafeteria,,,,,31.5036865,74.3078108,Lahore,Punjab,Pakistan,,,
4f05bd6d-b315-5343-aeaf-1812172ad885,3581624144,node,amenity,parking,,,,,,31.5040168,74.3085662,Lahore,Punjab,Pakistan,,,
6148f843-044a-5215-a6e8-4aea979f2343,4640125690,node,tourism,hostel,Hostle No 11,,Hostle No 11,,,31.5009378,74.3107433,Lahore,Punjab,Pakistan,,,
0c531a73-0cb4-5c66-bb7b-f7c010755369,3356336412,node,amenity,place_of_worship,مسجد بلال,مسجد بلال,Bilal Masjid,,,31.5051526,74.3153684,Lahore,Punjab,Pakistan,,,
4b0e3291-4b98-5382-9649-c699b5153156,3356373676,node,shop,convenience,Ahmed Block Market,,,,,31.5043432,74.3153334,Lahore,Punjab,Pakistan,,,
ff20e508-d968-5026-8fd6-8db22c464d5d,5254181752,node,healthcare,hospital,Salma Sarfraz Hospital,,,,,31.5117148,74.3058327,Lahore,Punjab,Pakistan,,,
11a45775-c2fb-5b67-8ded-c71c182d2622,11223048610,node,tourism,hotel,Green View Hotel,,,,,31.5105883,74.3066694,Lahore,Punjab,Pakistan,,,
faad53cd-18cf-5211-a47f-f8ffb930484d,304951041,node,place,suburb,مسلم ٹاؤن,مسلم ٹاؤن,Muslim Town,,,31.5114957,74.3133355,Lahore,Punjab,Pakistan,,,
e4eac6a4-b3ec-58bd-998f-9e201f8a1416,5273344635,node,shop,bakery,Gourmet Foods,,,,,31.5113375,74.3139791,Lahore,Punjab,Pakistan,,,
fce8ca7c-839f-5125-b314-65efa417a518,5273344636,node,shop,butcher,Al Halal Meat Mart,,,,,31.5112346,74.3138906,Lahore,Punjab,Pakistan,,,
f887fa63-2845-5c5e-9a3c-330bf92c5997,1507367612,node,amenity,place_of_worship,مدینہ,,,,,31.5192415,74.2920912,Lahore,Punjab,Pakistan,,,
b776abfe-f7a1-57e0-bb32-17040ad07ca3,1539350746,node,shop,electronics,Sony Electronics,,,,,31.517712,74.2919676,Lahore,Punjab,Pakistan,,,
e9871ede-a250-5a4e-bb61-8c9bd1d005c4,4107253398,node,office,government,GAMCA Lahore Office,,,,,31.5185929,74.2919918,Lahore,Punjab,Pakistan,,,
9cca74a3-2fca-55ee-b903-e1dd8734f585,5253925861,node,healthcare,hospital,Al Shafi Hospital,,,,,31.517206,74.2933029,Lahore,Punjab,Pakistan,,,
c948b92d-b8f2-5e08-bad2-8d62965ac6bd,5255673575,node,healthcare,hospital,Al Razi Healthcare,,,,,31.5179704,74.2925226,Lahore,Punjab,Pakistan,,,
9c1e6801-1166-5ee3-8cb4-25a3f7c11953,5259654963,node,healthcare,hospital,Singapore Medical Centre,,,,,31.5168576,74.2937325,Lahore,Punjab,Pakistan,,,
1ea1e433-9e52-54a3-b598-e5700b4d4361,9355073155,node,place,neighbourhood,ہُنزہ بلاک,,,,,31.5138329,74.2960612,Lahore,Punjab,Pakistan,,,
697b47a3-92c2-5172-b298-6fbf17189d61,3536164080,node,amenity,restaurant,Al-Rehmat,,,,,31.5211246,74.2920983,Lahore,Punjab,Pakistan,,,
a1340b12-e355-5a6b-9942-0a53baa8426e,3536164081,node,shop,supermarket,,,,,,31.520129,74.2921479,Lahore,Punjab,Pakistan,,,
5cc58ea1-ab9d-5550-9c5b-950a632aa0d0,3536264908,node,office,government,Federal Board of Revenue,,,,,31.5220447,74.2946828,Lahore,Punjab,Pakistan,,,
5f68b56d-0273-5a87-9b97-7b1c1a93673c,3536264921,node,amenity,fuel,پاکستان اسٹیٹ آئل,پاکستان اسٹیٹ آئل,Pakistan State Oil,,,31.5221128,74.2968144,Lahore,Punjab,Pakistan,پاکستان اسٹیٹ آئل,,
10043908-4912-522a-82f0-dae481f2dd3e,5273226555,node,amenity,bank,ایم سی بی بینک,ایم سی بی بینک,MCB Bank,,,31.5198125,74.2924941,Lahore,Punjab,Pakistan,ایم سی بی بینک,,
0ea92aae-56ec-5c20-a30f-e99ab944d012,8406856794,node,amenity,place_of_worship,Bait ul Huzn,,,,,31.5251826,74.2952952,Lahore,Punjab,Pakistan,,,
4b3823ae-e6fc-54cd-8617-42361d8f2b70,3277782856,node,leisure,park,Gol Bagh,,,,,31.5163305,74.3089758,Lahore,Punjab,Pakistan,,,
aba8a017-9f9b-53fd-85e4-bf9cc65d925f,4239103099,node,amenity,police,تھانہ,تھانہ,Police Station,,,31.5149761,74.3108231,Lahore,Punjab,Pakistan,,,
b26f765d-d033-5ad8-ac8b-54bcf157deef,9355073149,node,place,suburb,وحدت کالونی,,Wahdat Colony,,,31.5164952,74.3074451,Lahore,Punjab,Pakistan,,,
a7933efc-4576-5894-a945-06744386e750,4238855496,node,amenity,restaurant,Lahore Brost,,,,,31.5178524,74.3175165,Lahore,Punjab,Pakistan,,,
4e3b130b-aa4a-5484-923a-2cb45f6cb453,4226194090,node,shop,electronics,Madina Electric & Electronics,,,,,31.5236834,74.3175527,Lahore,Punjab,Pakistan,,,
97e02f60-7cdf-528a-8a7e-c4d7c01d89b0,4255253389,node,shop,bakery,Doce Bakers,,,,,31.5199665,74.3148697,Lahore,Punjab,Pakistan,,,
600054b7-3b7d-5207-9d3f-92dd8332b705,5102292921,node,shop,stationery,City Books,,,,,31.5205629,74.3146747,Lahore,Punjab,Pakistan,,,
444fb965-1bc8-5538-82b0-727dbed0056c,6360959516,node,amenity,restaurant,Al Ghazi Restaurant,,,,,31.5260614,74.3174102,Lahore,Punjab,Pakistan,,,
a9769080-0184-57ca-b8fa-a4c901122389,9355069132,node,amenity,place_of_worship,Barkaat-e-Madina,,,,,31.5231739,74.3138341,Lahore,Punjab,Pakistan,,,
9f8f470a-869f-5953-8c52-2c1943bb6bc9,4641905510,node,amenity,restaurant,Options,,,,,31.5014137,74.3227798,Lahore,Punjab,Pakistan,,,
4ff4271c-2a0b-5b42-8b95-b944a8f5b996,4916640103,node,amenity,fuel,ٹوٹل,ٹوٹل,Total,,,31.502486,74.3243655,Lahore,Punjab,Pakistan,طوطال,ٹوٹل پارکو,
c35afe16-139c-5c89-a9eb-230a495772e4,4916640104,node,amenity,restaurant,Lal Qila,,,,,31.5013939,74.3231039,Lahore,Punjab,Pakistan,,,
8bf47c29-33fd-5faa-b278-2ef87bb3030e,4916640105,node,amenity,bank,ایچ بی ایل پاکستان,ایچ بی ایل پاکستان,Habib Bank Limited,,,31.502189,74.3232247,Lahore,Punjab,Pakistan,ایچ بی ایل پاکستان,,
e138a63a-8555-58a4-8153-63f5972e0cfd,4916640106,node,amenity,bank,سمٹ بینک,سمٹ بینک,Summit Bank,,,31.5021528,74.3231114,Lahore,Punjab,Pakistan,سمٹ بینک,سمٹ بینک,
1fb3947a-cb34-5d3e-930d-a6b8c2cb4ce0,4916640107,node,amenity,bank,Samba Bank,,,,,31.5017092,74.3215896,Lahore,Punjab,Pakistan,,,
c3e99d7d-c66d-5edd-ab18-d9381c706310,4916640108,node,amenity,fuel,شیل,شیل,Shell,,,31.501163,74.3219683,Lahore,Punjab,Pakistan,شیل,,
97fa899e-64e9-5fb3-8a72-b8050f70526a,4916640109,node,amenity,fast_food,Subway - Garden Town,,,,,31.5017635,74.3217135,Lahore,Punjab,Pakistan,,,
99de526e-b5c4-573c-a0ad-e3eb3ccc8af1,4916640110,node,amenity,restaurant,Grill Hut,,,,,31.5007103,74.3212604,Lahore,Punjab,Pakistan,,,
067db055-f095-52e8-8ba9-af7171b7bca9,4916640111,node,shop,bakery,Gourmet Bakers & Sweets,,,,,31.5005655,74.3213171,Lahore,Punjab,Pakistan,,,
b72b9476-db07-5669-94cb-9873ff708eb6,4916640112,node,amenity,fast_food,Karachi Biryani,,,,,31.500312,74.3227186,Lahore,Punjab,Pakistan,,,
5f660df1-262a-501f-82a7-54db767277af,4916640113,node,amenity,restaurant,Mei Kong,,,,,31.5000163,74.322846,Lahore,Punjab,Pakistan,,,
dcf6a17c-1a32-504c-81a7-d5d9db3e5a7d,4916640115,node,amenity,bank,Meezan Bank Ltd,,,,,31.5004569,74.3194802,Lahore,Punjab,Pakistan,,,
59453628-47e3-5c97-9b0d-1c8d86866807,4916640116,node,amenity,bank,Habib Metropolitan Bank,,,,,31.5005202,74.3196395,Lahore,Punjab,Pakistan,,,
51830370-ccdd-5cde-a50b-81d01aa85e1d,4916640120,node,amenity,fast_food,کینٹکی فرائیڈ چکن,کینٹکی فرائیڈ چکن,KFC,,,31.5012203,74.320004,Lahore,Punjab,Pakistan,کینٹکی فرائیڈ چکن,,
968ac299-03e1-554e-86b5-ec75345bd28c,4916641121,node,amenity,bank,یونائیٹڈ بینک لمیٹڈ,یونائیٹڈ بینک لمیٹڈ,United Bank Limited,,,31.501163,74.319728,Lahore,Punjab,Pakistan,یونائیٹڈ بینک لمیٹڈ,,
f3bf921c-6c59-580f-b73b-fd9c2afce1e1,4916641122,node,amenity,bank,Tameer Bank,,,,,31.5010181,74.3192537,Lahore,Punjab,Pakistan,,,
06d25561-962b-53a3-9297-9b779fc3bd84,4916641123,node,amenity,bank,Royal Bank of Scotland,,,,,31.5009246,74.3188325,Lahore,Punjab,Pakistan,,,
a41f2edf-f315-566f-b64e-517fdb1884c3,4916641124,node,amenity,bank,فیصل بینک,فیصل بینک,Faysal Bank,,,31.5008099,74.3184185,Lahore,Punjab,Pakistan,فیصل بینک,,
8fd7236c-eef4-548f-bf12-f0091528c533,4916641125,node,amenity,bank,بينک الحبيب,بينک الحبيب,Bank Al Habib,,,31.5007737,74.3181813,Lahore,Punjab,Pakistan,بينک الحبيب,,
39debafe-880c-5a4a-bce0-1de82f70892e,4916641126,node,amenity,restaurant,Options - An Exotic,,,,,31.5000646,74.3179831,Lahore,Punjab,Pakistan,,,
77195d08-dbf1-5ceb-af8a-4b43b2270d5b,5604441621,node,amenity,fuel,شیل,شیل,Shell,,,31.5006331,74.3206286,Lahore,Punjab,Pakistan,شیل,,
75c84d32-2b38-509a-bb51-03a99f26b7ff,5646375221,node,amenity,atm,,,,,,31.5047684,74.3215896,Lahore,Punjab,Pakistan,,,
757ea47b-b2d0-5d3b-9b55-74d47be5c511,6323363487,node,amenity,bureau_de_change,,,,,,31.5005442,74.3219024,Lahore,Punjab,Pakistan,,,
744ae6a2-d952-53ff-8644-912762c81945,6327701387,node,office,company,supernet Lahore,,,,,31.5010209,74.3188456,Lahore,Punjab,Pakistan,,,
ed200f34-8dbc-5002-b52a-e4afc5d91539,6591968694,node,office,company,Slashnext Pvt Limited,,,,,31.5009242,74.3226293,Lahore,Punjab,Pakistan,,,
f4a5f4a9-bb62-58cc-8545-d8b2ec72bd5e,304963565,node,place,suburb,گارڈن ٹاؤن,گارڈن ٹاؤن,Garden Town,,,31.5016678,74.3247728,Lahore,Punjab,Pakistan,,,
31d706fa-6a8b-52c8-a736-efb599d238d2,4916640088,node,shop,bakery,The Cakery Bakery,,,,,31.5046978,74.3290974,Lahore,Punjab,Pakistan,,,
19432374-f9af-5cfc-9da7-bf799a348913,4916640090,node,tourism,museum,Abdul Rehman Chughtai Museum,,,,,31.5057811,74.3304671,Lahore,Punjab,Pakistan,,,
e7bdd3c3-7b8a-5962-814e-d8fc3df4cca2,4916640093,node,amenity,bank,Allied Bank Head Office,,,,,31.5032403,74.3294154,Lahore,Punjab,Pakistan,,,
771f931d-dd51-53cc-99b8-a57707b15c6b,4916640102,node,amenity,bank,عسکری بینک,عسکری بینک,Askari Bank,,,31.5025584,74.324546,Lahore,Punjab,Pakistan,عسکری بینک,,
65ea4678-4f11-5608-8821-d35b3874c1d2,5255279613,node,healthcare,hospital,زینب میموریل ہسپتال,,,,,31.5041237,74.3295275,Lahore,Punjab,Pakistan,,,
5c340d9f-a0d9-54d2-9877-87bdab977316,5255279603,node,healthcare,hospital,Hameed Latif Hospital,حمید لطیف ہسپتال آنکھوں کا ہسپتال,,,,31.5118667,74.3275649,Lahore,Punjab,Pakistan,,,
b84ed18d-6912-5484-98f9-9df37a55c91e,6104228786,node,office,government,Pakistan Mineral Center,,,,,31.5128381,74.3275869,Lahore,Punjab,Pakistan,,,
10a5ec64-5521-50a9-abed-4decab7eb515,8027320885,node,shop,electronics,Haire service center,,,,,31.5129435,74.3252374,Lahore,Punjab,Pakistan,,,
c01b3a68-8ba2-5b01-adb1-c0f6951b2c56,4916899715,node,amenity,place_of_worship,Bab-ul-Mustjab,,,,,31.5030687,74.3314694,Lahore,Punjab,Pakistan,,,
46397ffc-c44f-5340-a14c-1a1bc72033f1,4916899717,node,amenity,bank,Silk Bank,,,,,31.502316,74.3319408,Lahore,Punjab,Pakistan,,,
72109585-f2a5-5166-963e-3d294c337ca7,5833759385,node,office,company,Izhar Group of Companies,,,,,31.5000279,74.3328329,Lahore,Punjab,Pakistan,,,
cb80ea20-26f5-53ea-9907-8a4f12338541,5255673577,node,healthcare,hospital,IOM Health Assessment Centre,,,,,31.5014054,74.3425527,Lahore,Punjab,Pakistan,,,
9338798b-37bf-55bb-9cdb-34b23f103a31,6204949088,node,office,company,Akhuwat Offices,,,,,31.5040636,74.3391546,Lahore,Punjab,Pakistan,,,
6d0a22dd-5aea-5844-95f8-b7ca0261bdc4,3536372093,node,shop,mall,Centre Point Plaza,,Centre Point Plaza,,,31.5071305,74.3360644,Lahore,Punjab,Pakistan,,,
b111175b-d55e-5201-842e-3e91c68f611d,3536372102,node,amenity,place_of_worship,,,,,,31.5070386,74.3353958,Lahore,Punjab,Pakistan,,,
6ac07331-c5c0-5397-bfaa-0f19d024c654,4163347691,node,office,government,R&D youth connect Punjab,,,,,31.5112188,74.3313186,Lahore,Punjab,Pakistan,,,
13fe8025-8924-5425-8076-bca875ae8681,6130904085,node,amenity,restaurant,Butt Karahi,,,,,31.5123047,74.3326843,Lahore,Punjab,Pakistan,,,
b9043e17-c8d6-56b9-a946-1a2d69e9c883,7111755603,node,office,company,Mohsin Shaheen Construction Company,,,,,31.5078367,74.3373697,Lahore,Punjab,Pakistan,,,
82df7f92-61be-5a77-84df-91fcb83812f3,9522844203,node,office,government,پاکستان کرکٹ بورڈ,پاکستان کرکٹ بورڈ,Pakistan Cricket Board,,,31.5122396,74.3336487,Lahore,Punjab,Pakistan,,,
5984dafc-a203-5356-befb-6e94e137bbdd,9522902476,node,office,government,PAKISTAN HOCKEY FEDERATION,,,,,31.5111677,74.3342525,Lahore,Punjab,Pakistan,,,
e2d42f9c-5507-548c-88b8-fd5f50455b7d,563684371,node,healthcare,hospital,متحده مسیحي روغتون.,یونائیٹڈ کرسچن ہسپتال,United Christian Hospital,,,31.5086817,74.340491,Lahore,Punjab,Pakistan,,,
4c00ce67-87d3-58e7-98e4-5593b05cf7fa,762936150,node,shop,supermarket,H Karim Baksh,,,,,31.5093842,74.342343,Lahore,Punjab,Pakistan,,,
46786ea9-14d8-5e6b-a1b6-f6b16e84fb15,2948760205,node,place,suburb,گلبرگ,گلبرگ,Gulberg,,,31.5119955,74.3430178,Lahore,Punjab,Pakistan,,,Q3694745
14e9be2c-7fe0-50ee-b4cd-fd0a4339f8d8,2953399014,node,shop,mall,Big City Tower,,,,,31.5103601,74.3396179,Lahore,Punjab,Pakistan,,,
5cea6921-b9a8-59d9-a6e5-9e062e27d36e,4151703691,node,office,government,Punjab Text book Board,,,,,31.5112984,74.3375744,Lahore,Punjab,Pakistan,,,
61497d99-6e31-5e66-bca6-593337a9ea0c,4470083414,node,amenity,restaurant,Monal restaurant Lahore,,Monal restaurant,,,31.5097528,74.3410388,Lahore,Punjab,Pakistan,,,
a9516a7b-f520-51db-b063-90820f483d20,4705990489,node,shop,electronics,Jazz Franchise,,,,,31.5097017,74.3426161,Lahore,Punjab,Pakistan,,,
6d8b0fd9-aed3-5ccf-9021-2aee647fbfb6,4936480726,node,shop,department_store,Liberty Heights,,Liberty Heights,,,31.511417,74.3418842,Lahore,Punjab,Pakistan,,,
e1b80efd-4c55-5bb5-9759-565f50c7c00c,4938305324,node,shop,jewelry,ARSHAD JEWELER,,,,,31.5098405,74.3434962,Lahore,Punjab,Pakistan,,,
3f7ddddb-0fd4-5d2e-bd24-651363de36cd,4977580622,node,shop,mobile_phone,AJ Electronics,,AJ Electronics,,,31.5116578,74.341599,Lahore,Punjab,Pakistan,,,
e3cd368f-63c3-5d4e-aeac-c780a29db7dd,5208673449,node,office,company,Gold Centre,,Gold Centre,,,31.5105996,74.3436268,Lahore,Punjab,Pakistan,,,
11890187-dc47-560c-a23d-aa17d208c0d5,5267608741,node,shop,clothes,ENEM Store,,,,,31.510329,74.3435029,Lahore,Punjab,Pakistan,,,
06345a8f-21f3-56d3-8df3-30d27e425146,5273504516,node,tourism,hotel,Sunfort Hotel,,,,,31.5120844,74.343545,Lahore,Punjab,Pakistan,,,
ecf95d05-3f42-58bf-9b32-b29f83b0eaa0,5273518619,node,tourism,hotel,Best Western,,,,,31.511874,74.343832,Lahore,Punjab,Pakistan,,,
1e0e330d-18fb-5b6d-b2f8-a90974867239,5273541662,node,tourism,hotel,Smart Hotel,,,,,31.5099761,74.3429681,Lahore,Punjab,Pakistan,,,
bcf1c195-aa43-57eb-b84c-b73fcfb37bed,7244238287,node,office,company,ABB,,,,,31.5104901,74.3416458,Lahore,Punjab,Pakistan,,,
1475bb00-39f0-5b3a-9639-6c61d609109f,8507534338,node,tourism,hotel,,,,,,31.5099077,74.3386218,Lahore,Punjab,Pakistan,,,
b69edb6e-f978-598f-9d04-5e27efb8f162,8564917476,node,office,lawyer,Ahsan Legal Services,,,,,31.5104629,74.3435802,Lahore,Punjab,Pakistan,,,
c0e59268-7b98-5975-9d39-3893e8ac4650,2874246127,node,amenity,fuel,,,,,,31.5195353,74.3205729,Lahore,Punjab,Pakistan,,,
421b6e58-46bf-5889-938d-aa67ca1319bb,4238855003,node,amenity,bank,یونائیٹڈ بینک لمیٹڈ,یونائیٹڈ بینک لمیٹڈ,United Bank Limited,,,31.5185889,74.3188198,Lahore,Punjab,Pakistan,یونائیٹڈ بینک لمیٹڈ,,
b582915b-ff7c-5d5a-8016-2b2c95e4cbd6,4238855194,node,amenity,bank,The Bank of Punjab,,,,,31.5182698,74.3193466,Lahore,Punjab,Pakistan,,,
31d37891-70b2-5795-a578-106d95e6ad4d,4238927418,node,amenity,bank,یونائیٹڈ بینک لمیٹڈ,یونائیٹڈ بینک لمیٹڈ,United Bank Limited,,,31.5186027,74.3188164,Lahore,Punjab,Pakistan,یونائیٹڈ بینک لمیٹڈ,,
210bae5c-9d33-5cb5-b4c1-a84ad11e9c91,4238927723,node,shop,bakery,Goodluck Baker,,,,,31.5184947,74.3191771,Lahore,Punjab,Pakistan,,,
ea6c5b27-2c08-504f-a5b1-ce0f07f6fa0c,4238927931,node,amenity,bank,The Bank of Punjab,,,,,31.5182606,74.3193704,Lahore,Punjab,Pakistan,,,
5c6c3cee-7348-51c4-8d5b-97950bffdcf7,4255143191,node,shop,books,Iqbal Book Centrt,,,,,31.5185426,74.3187218,Lahore,Punjab,Pakistan,,,
8c8eaea7-bcbc-5d61-b9d1-e27bdefdf7d7,4295700907,node,shop,supermarket,Abrar Busniss Center,,,,,31.5192649,74.3194887,Lahore,Punjab,Pakistan,,,
fc135c92-3736-5385-8b14-037441923a73,4450259554,node,amenity,fast_food,Majarica,,,,,31.5187609,74.324019,Lahore,Punjab,Pakistan,,,
c23fb719-e281-5a4d-98c7-af3443229db1,5899922085,node,tourism,hostel,Empire Boys Hostel,,,,,31.5192133,74.3221323,Lahore,Punjab,Pakistan,,,
3b8631b7-59b6-56c6-9910-0c69f841c38b,4238855991,node,amenity,fire_station,Rescue 1122,,,,,31.5193651,74.3274403,Lahore,Punjab,Pakistan,,,
c81d65fa-2487-5343-9a87-405b5ecb2a34,4242300891,node,amenity,restaurant,IN Canal Resturant,,,,,31.5190478,74.3266936,Lahore,Punjab,Pakistan,,,
c512ebf6-0b41-5fff-beda-3e8afa1c16ed,4918998544,node,amenity,restaurant,Canal Resturant,,,,,31.5178322,74.3266985,Lahore,Punjab,Pakistan,,,
21b23b9f-0270-5c75-bf13-cb355bab775d,4918998545,node,office,government,National Productivity Organization - Lahore Office,,,,,31.5180949,74.3261531,Lahore,Punjab,Pakistan,,,
a1879e35-286e-5c28-bb22-37173bbaea21,4918998546,node,amenity,post_office,Pakistan Post,,,,,31.5194554,74.327327,Lahore,Punjab,Pakistan,,,
d33be357-068d-5b59-b668-a5f21c5cb8b6,5248354826,node,office,government,PITAC,,,,,31.5171901,74.3267333,Lahore,Punjab,Pakistan,,,
4cd11312-87c3-5312-987b-6c85ee2ea28e,5255279604,node,healthcare,hospital,Medicare Hospital,,,,,31.5131929,74.3276328,Lahore,Punjab,Pakistan,,,
419eed0d-7937-5176-9d23-ffa43130f86a,5255279606,node,amenity,restaurant,Naan Bun Paneer,,,,,31.5142128,74.3280834,Lahore,Punjab,Pakistan,,,
3e8aa8ff-c2df-511b-8243-47aee4a88723,6123416886,node,office,government,Mineral Centre Lahore,,,,,31.517678,74.3305877,Lahore,Punjab,Pakistan,,,
f7afbc5a-c3bf-5034-bfed-9f34c317b3c6,304951119,node,place,suburb,رحمان پورہ,رحمان پورہ,Rehman Pura,,,31.5224711,74.3215752,Lahore,Punjab,Pakistan,,,
6d82c25b-5da1-5bb8-ae37-ee885871425a,2874058688,node,amenity,restaurant,Foods Gallery,,,,,31.520773,74.3240049,Lahore,Punjab,Pakistan,,,
0e4fba97-e7d0-5d1a-b282-77c813893086,2874061011,node,amenity,restaurant,Dine Out,,,,,31.5206707,74.3230175,Lahore,Punjab,Pakistan,,,
ea5caa96-5018-54e9-a087-ecb9998fd343,2874224564,node,shop,department_store,Decent Departmental Store,,,,,31.519832,74.3213975,Lahore,Punjab,Pakistan,,,
8be68abc-e4cb-5bf2-817e-48500dfed8cf,2874227813,node,amenity,restaurant,Fazel Haq,,,,,31.5202557,74.3237246,Lahore,Punjab,Pakistan,,,
3e8dfb95-7d9d-57cd-a08a-beb6167e8a01,2874228978,node,amenity,bank,ایم سی بی بینک,ایم سی بی بینک,MCB Bank,,,31.5204562,74.3213808,Lahore,Punjab,Pakistan,ایم سی بی بینک,,
177ef6e7-6182-5db6-8cec-733ef3667bf1,4238854505,node,shop,bakery,Gourmet,,,,,31.5254896,74.3190398,Lahore,Punjab,Pakistan,,,
d2289b9a-78e7-5a50-bbcd-6573b00babf2,4238854507,node,shop,electronics,الفتح الیکٹرونکس,,,,,31.5244487,74.3185436,Lahore,Punjab,Pakistan,,,
591ac808-cdbd-5dfc-9be2-a83ecfa804c2,4238854714,node,amenity,restaurant,جاوا ریسٹورانٹ,,Jawa Restaurant,,,31.5239698,74.3235983,Lahore,Punjab,Pakistan,,,
494ef282-22bc-5309-85c4-2cae253cd7ce,4238854913,node,amenity,restaurant,بھٹی تکہ شاپ,,,,,31.5243762,74.3184866,Lahore,Punjab,Pakistan,,,
77876fbf-df03-5493-91ed-1c93d6294afa,4238855494,node,office,estate_agent,SCB,,,,,31.5245099,74.3233703,Lahore,Punjab,Pakistan,,,
4e4d3289-65fb-59f3-9033-53d350fffa91,4238855708,node,shop,butcher,مشتاق میٹ شاپ,,,,,31.5248538,74.3187993,Lahore,Punjab,Pakistan,,,
6f996ea0-f5cd-5922-8116-6f2f9d4a47a6,4238855890,node,amenity,bank,Bank Al-Habib Ltd,,,,,31.5225543,74.324059,Lahore,Punjab,Pakistan,,,
5ea22402-a157-5e48-b3fa-7d5aa1152dbb,4238855891,node,amenity,bank,Askari Bank Ltd,,,,,31.5204639,74.3225252,Lahore,Punjab,Pakistan,,,
0039ec00-2c89-5285-a2f3-b55517d9f534,4238855893,node,shop,books,National Book Centre ,,,,,31.520468,74.3224061,Lahore,Punjab,Pakistan,,,
24bea3b4-193c-5a3f-9bdb-583cb7c16b41,4238855992,node,shop,bakery,Gourmet,,,,,31.5254677,74.3190099,Lahore,Punjab,Pakistan,,,
7e2859ae-c80d-563e-bdae-4437d6cf548f,4238888890,node,shop,books,Azher Book Centre,,,,,31.5202753,74.3211916,Lahore,Punjab,Pakistan,,,
924343fa-567e-5e58-bb2a-a6a46cc0debd,4238888892,node,shop,electronics,Al-Fateh Electric Store,,,,,31.5244753,74.318605,Lahore,Punjab,Pakistan,,,
eea57dcd-3eea-55a0-93fa-cc43daf6fc12,4238890789,node,amenity,bank,Bank Al-Habib Ltd,,,,,31.5226212,74.3240553,Lahore,Punjab,Pakistan,,,
f1a52f10-8a92-52ac-8ee8-25bb62843bce,4240183492,node,amenity,bank,نیشنل بینک آف پاکستان,نیشنل بینک آف پاکستان,National Bank of Pakistan,,,31.5198579,74.3202375,Lahore,Punjab,Pakistan,نیشنل بینک آف پاکستان,نیشنل بینک آف پاکستان,
1ef7bb8b-f190-581a-8436-8ab66be762f6,4240209990,node,amenity,bank,سمٹ بینک,سمٹ بینک,Summit Bank,,,31.5197872,74.3201203,Lahore,Punjab,Pakistan,سمٹ بینک,سمٹ بینک,
c51d8853-11c3-5ef9-b1f0-ef60cb304975,4255253589,node,amenity,restaurant,Jawa Family Restaurant,,,,,31.5239966,74.3234883,Lahore,Punjab,Pakistan,,,
08e189c0-510e-5830-b617-7beb650c96c7,4295700908,node,shop,bakery,Butt Sweets,,,,,31.5201819,74.3231305,Lahore,Punjab,Pakistan,,,
da631dd6-a875-58e3-aa0b-c0cb8a062ce7,4303562290,node,amenity,place_of_worship,جامعہ مسجد محمدیہ حنفیہ,,,,,31.5245584,74.3193616,Lahore,Punjab,Pakistan,,,
a078f566-a397-5f1e-907f-4e9eaec3306d,4303579301,node,amenity,place_of_worship,جامعہ مسجد توحید الحدیٽ,,,,,31.5246029,74.3181855,Lahore,Punjab,Pakistan,,,
26ee9f41-20f3-5810-aa60-3d4718025f90,4363195289,node,tourism,artwork,Mamu home,,,,,31.5199623,74.3199751,Lahore,Punjab,Pakistan,,,
5e4c7f9f-b311-51b7-9f00-ff31bc7124d7,5349712331,node,shop,department_store,Rahman Atta Chaki,,,,,31.5245254,74.3182739,Lahore,Punjab,Pakistan,,,
b06e3b73-1b23-507b-955d-25e47a4f7b0f,5349712922,node,shop,gift,Paradise Gift Shop,,,,,31.5249071,74.3186921,Lahore,Punjab,Pakistan,,,
798e7980-222b-5e5e-b9ad-4df419f130b4,9355069118,node,amenity,place_of_worship,سعید,,,,,31.521374,74.3215041,Lahore,Punjab,Pakistan,,,
1b026a0b-2b5e-5293-8d87-c11da0563ee5,9355069124,node,amenity,place_of_worship,Bethany,,,,,31.5214045,74.3207376,Lahore,Punjab,Pakistan,,,
59bfd1ab-3c5b-5edc-9a1e-6f75aee40ec7,272369604,node,amenity,fuel,,,,,,31.5199163,74.3253966,Lahore,Punjab,Pakistan,,,
fba7fec6-b7bf-599c-b113-5b1e42b4860c,2874058680,node,amenity,cafe,Baba Ji Qulfi,,,,,31.5212663,74.3253421,Lahore,Punjab,Pakistan,,,
f3f77787-2104-5567-b7e3-4628e7c68e3d,2874226633,node,amenity,bank,الائیڈ بینک لمیٹڈ,الائیڈ بینک لمیٹڈ,ABL,,,31.5203561,74.3245138,Lahore,Punjab,Pakistan,الائیڈ بینک لمیٹڈ,,
00d435b2-5238-5838-b355-16c5138f0af5,4238888690,node,tourism,hotel,City Hotel,,,,,31.5203879,74.3248108,Lahore,Punjab,Pakistan,,,
0af9eaeb-e3c7-5ccb-a09b-26e4b7c86717,4238954189,node,tourism,hotel,City Hotel,,,,,31.5205231,74.3248474,Lahore,Punjab,Pakistan,,,
a2f098b9-b574-5ff6-a1cf-1e624654e281,4242313089,node,amenity,bank,نیشنل بینک آف پاکستان,نیشنل بینک آف پاکستان,National Bank of Pakistan,,,31.5196395,74.3274113,Lahore,Punjab,Pakistan,نیشنل بینک آف پاکستان,نیشنل بینک آف پاکستان,
87b10f81-5818-55ba-8b44-616cd32087ee,4470129402,node,tourism,hostel,Makkah  boys hostel,,Makkah  boys hostel,,,31.5198517,74.3248341,Lahore,Punjab,Pakistan,,,
761bc189-6520-5f61-872d-4734cd4d1da9,8406856735,node,amenity,place_of_worship,Hassan,,,,,31.5227119,74.3265451,Lahore,Punjab,Pakistan,,,
6cda3641-cb97-5296-bcc6-62544cdd5966,3536372121,node,amenity,place_of_worship,,,,,,31.5150593,74.3340432,Lahore,Punjab,Pakistan,,,
802ffd9d-de11-5f91-9db3-bb77ebb2f086,5276934830,node,tourism,hotel,Lion Hotel Lahore,,,,,31.5167341,74.3311358,Lahore,Punjab,Pakistan,,,
f85b8590-d01e-505b-bcc1-a2cd93de6d32,2953398986,node,shop,mall,Pace Shopping Mall,,,,,31.5153423,74.3424113,Lahore,Punjab,Pakistan,,Salman Taseer Family Former governer Punjab,
3a7a3a79-7de8-598f-8878-8cd94ec22647,2953398991,node,shop,mall,Hafeez Centre,,Hafeez Centre,,,31.5160935,74.3428981,Lahore,Punjab,Pakistan,,,
764479e0-bbb4-5c5a-b1a4-5ecabb863cd9,2953398992,node,shop,supermarket,Chen one,,,,,31.5162632,74.3423252,Lahore,Punjab,Pakistan,,,
5212bc75-ac20-59b3-93b9-efc4a380e92e,3509020930,node,amenity,restaurant,chen one resturant,,,,,31.5165498,74.3423889,Lahore,Punjab,Pakistan,,,
35fde2cc-0c4c-5c50-b570-c81cf320eb87,3509028474,node,shop,mall,IT Tower,,,,,31.5158738,74.3410771,Lahore,Punjab,Pakistan,,,
dd682357-47e1-5c5b-a276-c992ea0a60c9,3509028479,node,shop,mall,Hasan Centre,,Hasan Centre,,,31.5155307,74.3419797,Lahore,Punjab,Pakistan,,,
fe9de833-9e81-5e98-a3d4-e1853d3b075d,3509028484,node,shop,mall,Fazal Centre,,Fazal Centre,,,31.5157005,74.341691,Lahore,Punjab,Pakistan,,,
761d352e-b296-583a-b396-5c7fe29741bf,3509028489,node,amenity,bank,Bank Al-Falah,,,,,31.5150524,74.3422317,Lahore,Punjab,Pakistan,,,
4dc2b8f3-21e6-5adb-aa3d-3730b603fa0a,4490133790,node,shop,computer,laptop repairing store,,,,,31.5162745,74.3427484,Lahore,Punjab,Pakistan,,,
822a8499-77ae-5fe5-afb9-984599d5f078,4558031291,node,amenity,restaurant,LA ATRIUM,,,,,31.5169274,74.3420874,Lahore,Punjab,Pakistan,,,
cf090fdd-6eac-5d79-85c3-d40721f7428b,4658646190,node,shop,computer,,,,,,31.517064,74.3437635,Lahore,Punjab,Pakistan,,,
edbf7951-0da8-5fd7-a746-6b9bfbcaa087,5226824422,node,office,company,Silicon Technologies Channel Office Lahore,,,,,31.5156463,74.3431063,Lahore,Punjab,Pakistan,,,
63d5fe0d-90e6-5711-bcb8-af7b0dc73403,5255673574,node,healthcare,hospital,Amanat Eye Hospital,,,,,31.5183213,74.3404069,Lahore,Punjab,Pakistan,,,
4d4e6466-80c3-545f-b51c-e8dc2d9bb0d7,9675867917,node,shop,computer,Jeff Heights,,,,,31.5169642,74.3437167,Lahore,Punjab,Pakistan,,,
009ba07c-a11b-5600-a9a6-9e2cd76ff474,4470029895,node,tourism,hostel,Newton hall fc college,,Newton hall fc college,,,31.5208755,74.3370272,Lahore,Punjab,Pakistan,,,
3947fda2-c5f5-5574-b587-de45f7ac1529,4470129901,node,amenity,cafe,Fc university cafe,,Fc university cafe,,,31.5196324,74.3347358,Lahore,Punjab,Pakistan,,,
e3d95e31-2c8b-58f7-9a70-53210e2e8876,4484480229,node,tourism,hostel,نیوٹن ہال,نیوٹن ہال,Newton Hall,,,31.5208573,74.3370345,Lahore,Punjab,Pakistan,,,
e0ca4ac7-f961-55ec-ba45-2879f81048d2,5132537226,node,leisure,park,,,,,,31.5216592,74.3328052,Lahore,Punjab,Pakistan,,,
f56bb86f-9038-5906-87a0-c704dacb18fe,5132537233,node,leisure,park,Hockey Ground,,,,,31.5219742,74.335138,Lahore,Punjab,Pakistan,,,
69a7706a-d4d7-5c04-ad92-6bfcaffca381,1749449951,node,amenity,place_of_worship,B Block Mosque,,,,,31.5216628,74.3425813,Lahore,Punjab,Pakistan,,,
247b6301-7d4d-5ea9-93a7-78e4b2fbf552,4617670889,node,office,lawyer,Tax Forum,,,,,31.5250169,74.3385997,Lahore,Punjab,Pakistan,,,
0247c317-0295-5d77-8a36-8fcb05f35f98,5226839321,node,office,company,"Silicon Technologies, Corporate Office, Lahore",,,,,31.5197419,74.3404431,Lahore,Punjab,Pakistan,,,
e5a89559-c9e5-5c24-8f9c-1cbdeda8aa82,5301399430,node,tourism,artwork,O Art Space,,,,,31.5249293,74.3395393,Lahore,Punjab,Pakistan,,,
b3b3b921-9de0-5929-91b8-d410b3aeaea6,5513951122,node,office,company,Platinum marketing Co.,,,,,31.5222751,74.3438452,Lahore,Punjab,Pakistan,,,
1ab33170-923e-55ed-9566-20e6aa5e503b,9996830485,node,landuse,residential,Alvi Building,,,,,31.5251065,74.3420089,Lahore,Punjab,Pakistan,,,
6165c616-ec6c-5177-b40f-3953cb9e8a66,3339321728,node,historic,monument,Grand Battery,,,,,31.5280728,74.2850527,Lahore,Punjab,Pakistan,,,
8ca14515-810f-56c5-8836-6cf74bd94a2e,3339298189,node,historic,monument,Bait Raza,,,,,31.5307364,74.2887379,Lahore,Punjab,Pakistan,,,
cb5011a9-8fd3-5e3d-9ca6-6b21a2a24500,3339319416,node,amenity,place_of_worship,Masjid Al-Firoz,,,,,31.5290582,74.2884428,Lahore,Punjab,Pakistan,,,
59fe3e4f-17aa-5b3e-b750-c61dfd0bf60f,3339321152,node,place,neighbourhood,Sharif Park,,,,,31.5294173,74.2873834,Lahore,Punjab,Pakistan,,,
5ccd2d79-9f3b-5cad-b0d0-e33b8166d8cf,5531842583,node,amenity,bank,Al Habib,,,,,31.530028,74.2862216,Lahore,Punjab,Pakistan,,,
b1e86534-9c23-54c6-9312-e057db5962b1,5844879611,node,railway,station,بند روڈ,بند روڈ,Bund Road,,,31.5322399,74.287648,Lahore,Punjab,Pakistan,,Lahore Metro,
6b921e19-6e74-5294-8dae-44bdaa936eb1,9314640284,node,amenity,place_of_worship,انجمن حمایتِ اسلام,,,,,31.5319481,74.2879845,Lahore,Punjab,Pakistan,,,
935a8470-9a0b-50dc-aafe-7390ceaf94b7,4666711489,node,shop,convenience,ismaeel paint house,,,,,31.5377126,74.2811486,Lahore,Punjab,Pakistan,,,
cb280234-6f95-597e-88a5-3583aed5ce8a,12730371279,node,tourism,hotel,Taj,,,,,31.5337228,74.2823825,Lahore,Punjab,Pakistan,Taj,,
958eb53a-b3bd-5cb4-a94b-846a57c489b2,5255461641,node,healthcare,hospital,Lahore Psychiatric Hospital,,,,,31.5371209,74.2905023,Lahore,Punjab,Pakistan,,,
289f26f6-49cb-5833-8e4b-b65f5811b72d,3599952701,node,shop,supermarket,Malik Rice Traders,,,,,31.5434449,74.2784422,Lahore,Punjab,Pakistan,,Malik Kamran and Malik Waseem,
51678b5e-f72b-58f5-8214-cd5e3c436721,4447083190,node,amenity,post_office,St no 12 New Shalimar colony Multan road Lahore,,St no 12 New Shalimar colony Multan road Lahore,,,31.5427821,74.2814619,Lahore,Punjab,Pakistan,,,
e2d01ccd-3a85-5a33-aa18-371e1c439902,304963846,node,place,neighbourhood,Sodhiwal,,,,,31.5402908,74.2864016,Lahore,Punjab,Pakistan,,,
8f74b799-e268-5cb3-baa4-abc720bb7ed0,8407704779,node,amenity,place_of_worship,مسجد بلال,مسجد بلال,Bilal Masjid,,,31.5419414,74.289417,Lahore,Punjab,Pakistan,,,
3d795ad7-26d1-544e-b24c-283a61ba640d,5518180622,node,shop,mobile_phone,grey parriot house,,Grey parriot house,,,31.5464693,74.279867,Lahore,Punjab,Pakistan,,Muhammad Abu Bakar Usman,
706b0e09-27fe-5556-9ca3-efb48a94ae2f,8407704712,node,amenity,place_of_worship,Gulzar-e-Madina,,,,,31.546851,74.289077,Lahore,Punjab,Pakistan,,,
521c6aad-f237-5b01-a131-096edc9abbc9,7113876967,node,place,suburb,پاککی ٹھٹھی,پاککی ٹھٹھی,Pakki Thatti,,,31.5305406,74.296527,Lahore,Punjab,Pakistan,,,
11ea8ea3-c81a-5ce3-bf9a-0a74b5f2205a,9314640287,node,amenity,place_of_worship,فاروقیہ,,,,,31.5261141,74.2937722,Lahore,Punjab,Pakistan,,,
95848ab0-9ac7-5747-9b6a-0829e13b9e2c,7113884445,node,place,suburb,نواں کوٹ,نواں کوٹ,Nawan Kot,,,31.5385429,74.293951,Lahore,Punjab,Pakistan,,,
f5c0f595-7d1d-58ae-b644-758be931813b,1328229005,node,amenity,fuel,,,,,,31.538349,74.3030967,Lahore,Punjab,Pakistan,,,
95f99629-a061-5636-8c7e-2407c7eb148d,4234002501,node,tourism,guest_house,Baloch House,,Baloch Guest House,,,31.5372527,74.3040553,Lahore,Punjab,Pakistan,,,
4a7a416f-a61f-5b4f-8381-68df71a6dcdb,4883423723,node,leisure,playground,,,,,,31.5339355,74.2986988,Lahore,Punjab,Pakistan,,,
54064022-2d3d-56c1-82af-2c0c79160f84,4584243790,node,shop,convenience,Babar General Store,,Babar General Store,,,31.5304295,74.3106591,Lahore,Punjab,Pakistan,,,
eb23b6d1-fb6e-58b9-96ee-6ac338fd878a,7113846731,node,place,suburb,شاہ کمال,شاہ کمال,Shah Kamal,,,31.5270458,74.3057495,Lahore,Punjab,Pakistan,,,
23d7b4ac-c32d-5d1a-bc9b-f070e85b3503,8406856809,node,amenity,place_of_worship,عکس نبوی,عکس نبوی,Aqsa-e-Nabvi,,,31.5308566,74.3073643,Lahore,Punjab,Pakistan,,,
6c839209-e027-5fff-8f83-17c3a67bea76,8406856810,node,amenity,place_of_worship,Sharif,,,,,31.5312832,74.3094801,Lahore,Punjab,Pakistan,,,
ee4611b8-121e-5717-bd36-831b65b1e3fb,9355069142,node,amenity,place_of_worship,Hanfia Ghosia,,,,,31.5296542,74.3088282,Lahore,Punjab,Pakistan,,,
81412f67-212c-5c2b-8b4d-e33b145e4ee2,9355069144,node,amenity,place_of_worship,Shrine of Khajoor Wali Sarkar,,,,,31.5294486,74.3048961,Lahore,Punjab,Pakistan,,,
e750487f-07a9-5cfa-bca7-5bea668a0fa2,4584243591,node,amenity,atm,,,,,,31.5306933,74.3125914,Lahore,Punjab,Pakistan,,Meezan Bank,
55199802-171d-56bd-8fba-c974856b7b91,4584243691,node,amenity,atm,,,,,,31.5306237,74.3126103,Lahore,Punjab,Pakistan,,UBL,
7b2a29c3-7ae1-59b3-97d4-4481d54867a3,4623208189,node,amenity,bank,یونائیٹڈ بینک لمیٹڈ,یونائیٹڈ بینک لمیٹڈ,United Bank Limited,,,31.5305912,74.3126485,Lahore,Punjab,Pakistan,یونائیٹڈ بینک لمیٹڈ,,
1ee5672d-6e21-5eda-b297-953a0e50c547,5296680721,node,shop,beauty,,,,,,31.5297048,74.3162956,Lahore,Punjab,Pakistan,,,
7cab7dc4-2990-5e66-86ad-b506f4cb43ba,6044883944,node,amenity,post_office,Chowk Baba Azam Post Office,,,,,31.5310284,74.3125379,Lahore,Punjab,Pakistan,,Pakistan Post,
29a32f6e-8369-5f13-a180-a50ee80ddc4e,6044883947,node,amenity,bank,میزان بینک,,Meezan Bank Limited,,,31.5306762,74.3125481,Lahore,Punjab,Pakistan,,,
3913b0f1-43b8-54a6-980a-f0554eb511ba,8406856791,node,amenity,place_of_worship,Miraj Din,,,,,31.5318503,74.3119516,Lahore,Punjab,Pakistan,,,
938dd8b7-b895-5ed8-86ae-5990c47ac231,8406856792,node,amenity,place_of_worship,Jattan Waali,,,,,31.5308583,74.3154641,Lahore,Punjab,Pakistan,,,
d582f005-bb59-5ca3-94a6-feef21fa281a,9355069141,node,amenity,place_of_worship,Darbar Shahanshah Wali,,,,,31.5303953,74.3144376,Lahore,Punjab,Pakistan,,,
cb717d2c-d45c-5d22-8b9c-a7a8c5253bda,5422479510,node,amenity,place_of_worship,,,,,,31.5364048,74.3090248,Lahore,Punjab,Pakistan,,,
c9a88ac8-eae7-5669-bea0-4d7530718a37,6597478889,node,amenity,place_of_worship,Jamia Ghous ul Uloom,,,,,31.5348136,74.3084443,Lahore,Punjab,Pakistan,,,
870945a3-63ae-5f1a-92cc-395484b350ef,10816641505,node,healthcare,hospital,Asghar Hospital,اصغر ہسپتال,,,,31.5382616,74.3058757,Lahore,Punjab,Pakistan,,,
4e4404c0-a4a7-5188-b75c-50f8d63afc24,8406856777,node,amenity,place_of_worship,Janazgah,,,,,31.5356431,74.3169792,Lahore,Punjab,Pakistan,,,
b9838825-8eea-57a6-a666-4e0453d0f976,8406856778,node,amenity,place_of_worship,مسجد بلال,مسجد بلال,Bilal Masjid,,,31.5348177,74.3161758,Lahore,Punjab,Pakistan,,,
67dda9d0-13fb-53bd-a820-0a45df7e1884,8406856779,node,amenity,place_of_worship,Pir Ghazi,,,,,31.5356573,74.3153311,Lahore,Punjab,Pakistan,,,
36e710e6-c99e-5b7a-8a38-a24cac6e858b,5844879609,node,railway,station,گلشنِ راوی,گلشنِ راوی,Gulshan-e-Ravi,,,31.5448979,74.2952995,Lahore,Punjab,Pakistan,,Lahore Metro,
5d5dd505-208f-5bd7-9d21-6964768ebc40,5844879610,node,railway,station,سمن آباد,سمن آباد,Samanabad,,,31.5397538,74.2928181,Lahore,Punjab,Pakistan,,Lahore Metro,
41ccf905-e567-57fd-8d7a-acbe3903193d,8407704775,node,amenity,place_of_worship,عالی,,Aali,,,31.5456416,74.2948195,Lahore,Punjab,Pakistan,,,
818986ca-36ba-5bdc-b10b-fa1236d15ed8,8407704777,node,amenity,place_of_worship,Mubarik,,,,,31.54379,74.2929196,Lahore,Punjab,Pakistan,,,
ddc5496e-97b3-5c46-b8e4-7b5ba91ca6a6,8407704778,node,amenity,place_of_worship,Gulzar-e-Madina,,,,,31.5423302,74.291817,Lahore,Punjab,Pakistan,,,
0ac8709f-359b-58a6-8b22-33b12302abf8,8407704783,node,amenity,place_of_worship,Darbar Haji Abdul Kareem,,,,,31.5414608,74.2960841,Lahore,Punjab,Pakistan,,,
6bde2278-893d-51a8-aca5-e8839e77cc6a,2955901856,node,place,suburb,سمن آباد,سمن آباد,Samanabad,,,31.5395453,74.3016998,Lahore,Punjab,Pakistan,,,
f62ac40d-dedb-5009-bc5d-f62295083578,4397119393,node,amenity,police,Samanabad Police Station,,Samanabad Police Station,,,31.5402578,74.2994103,Lahore,Punjab,Pakistan,,,
0a8f0a4d-234b-5517-8c2f-077c22d0ec79,4397148692,node,shop,convenience,Khalid General Store,,Khalid General Store,,,31.5410369,74.2997247,Lahore,Punjab,Pakistan,,,
b5b6252e-e32a-5c43-9ed1-86e5ea7f9be7,4397171890,node,amenity,restaurant,Topsy Burger,,Topsy Burger,,,31.5418285,74.3016005,Lahore,Punjab,Pakistan,,,
4e13dff4-b7c0-5da6-ad8c-21b525a78b62,4397173589,node,amenity,bank,Habib Bank Ltd,,Habib Bank Ltd,,,31.5418583,74.3015635,Lahore,Punjab,Pakistan,,,
8fa978f0-8f25-599c-a97e-67633c68658f,5255745910,node,healthcare,hospital,Samanabad Hospital,,,,,31.5410158,74.3024188,Lahore,Punjab,Pakistan,,,
42c861ab-dcfc-508a-9570-6d5b8ab81804,7113819402,node,place,neighbourhood,Arya Nagar,,,,,31.5448177,74.3009525,Lahore,Punjab,Pakistan,,,
b278354d-566d-5f54-9cf1-a5551f7ebc6a,8406856811,node,amenity,place_of_worship,مسجد بلال,مسجد بلال,Bilal Masjid,,,31.5418098,74.3007841,Lahore,Punjab,Pakistan,,,
d5597159-dc9d-50d1-9b99-4cb5f08d576f,8407704767,node,amenity,place_of_worship,P&T,,,,,31.5480405,74.2963888,Lahore,Punjab,Pakistan,,,
75684e2c-318e-5d3b-9c55-eca0153a540c,8407704772,node,place,neighbourhood,Post & Telegraph Colony,,,,,31.5489078,74.2970404,Lahore,Punjab,Pakistan,,,
02531c24-85a0-5ae1-8108-c6025c9dc416,8407704774,node,place,neighbourhood,Gulfishan Colony,,,,,31.5465559,74.292981,Lahore,Punjab,Pakistan,,,
4775b496-0fd0-5205-a493-5d58a0d0e940,7113910048,node,place,suburb,چوبرجی گارڈنز,چوبرجی گارڈنز,Chauburji Garden,,,31.5472652,74.2991205,Lahore,Punjab,Pakistan,,,
a9a29322-edec-54ca-97d9-5f0d37bd0c01,4414011690,node,amenity,bank,Muslim Commercial Bank,,Muslim Commercial Bank,,,31.5394989,74.3058577,Lahore,Punjab,Pakistan,,,
e02f6546-b5e2-5195-bbb0-8431b456407b,8406856812,node,amenity,place_of_worship,Sharif,,,,,31.5411672,74.3055026,Lahore,Punjab,Pakistan,,,
3ba7221f-6573-5c8a-917a-3e119daee160,4450251948,node,shop,bakery,Gourmet Bakery,,,,,31.5397658,74.3175829,Lahore,Punjab,Pakistan,,,
1ee6364b-d71a-547c-91d4-1deff45b85e3,4652247689,node,amenity,post_office,OCS Express centre,,OCS Express centre,,,31.5433666,74.317678,Lahore,Punjab,Pakistan,,,
1f9a91b5-7b56-53f6-bdbf-a1c49a45772d,4671100191,node,amenity,fuel,Shell petrol pump,,Shell petrol pump,,,31.5445588,74.3164093,Lahore,Punjab,Pakistan,,,
e8d14de9-af01-526e-90eb-0e3a678c40a3,4902171521,node,shop,car_repair,Suzuki Khalid Motors,,Suzuki Khalid Motors,,,31.5426541,74.3160931,Lahore,Punjab,Pakistan,,,
79c3a50a-fa40-538e-b1e6-0a2a8771739a,10686729002,node,tourism,hotel,King's Palace Hotel,,,,,31.5428729,74.3139824,Lahore,Punjab,Pakistan,,,
6b3de527-8ac8-536f-8b46-5b2a64d0988f,7113819403,node,place,suburb,اسلامیہ پارک,اسلامیہ پارک,Islamia Park,,,31.5494053,74.3047714,Lahore,Punjab,Pakistan,,,
c263498f-8dd5-53f4-bf12-dcfba925fce8,2873271488,node,amenity,bank,Mezan Bank,,,,,31.5492795,74.3150817,Lahore,Punjab,Pakistan,,,
05478733-5570-5be4-a15e-81217e33dd96,2873280224,node,amenity,bank,Faisal Bank,,,,,31.5473523,74.3167194,Lahore,Punjab,Pakistan,,,
cfb0c5b7-eee5-5ab4-bd04-8cce1d613985,2873280230,node,amenity,bank,Habib Bank,,,,,31.5469569,74.3163962,Lahore,Punjab,Pakistan,,,
70d02bcb-ab54-5264-a9f2-0afa7fa60ff7,4583329890,node,shop,shoes,ECS head office,,,,,31.5483179,74.3165402,Lahore,Punjab,Pakistan,,,
d98bb227-d148-5195-91b9-db028a9f3308,4949782984,node,place,neighbourhood,Mozang Chungi,,,Mozang,,31.5488201,74.3149705,Lahore,Punjab,Pakistan,,,
55e1e1dd-801e-5d02-9809-6fae529b2654,5255461649,node,healthcare,hospital,Chinese Heart & General Hospital (CHGH),,,,,31.5484926,74.3159814,Lahore,Punjab,Pakistan,,,
aa2afcf0-2885-5f90-abcd-e97e1195a91f,6206468785,node,amenity,restaurant,Halva Channa Puri Restaurant,,,,,31.5476595,74.3158784,Lahore,Punjab,Pakistan,,,
c82e9a3a-aac1-52b0-afb5-97099f75da15,8450799913,node,office,estate_agent,UK Builders & Property Advisor,,,,,31.548176,74.3157737,Lahore,Punjab,Pakistan,,,
1ca0f7d9-d01c-5e1f-9d8a-cc4f9b9ecab3,9890962227,node,amenity,place_of_worship,Haji Meraj Din,,,,,31.5497474,74.3115585,Lahore,Punjab,Pakistan,,,
d4fac28d-e7c9-5451-9c16-91f7de3a6193,304951488,node,place,suburb,اچھرہ‎,اچھرہ‎,Ichhra,Ichara,,31.5305555,74.3190003,Lahore,Punjab,Pakistan,,,
d2af6f68-3d2d-5916-a189-64d50cf64511,4238855495,node,amenity,fuel,PNI -Attock Refinery,,,,,31.5262855,74.3225435,Lahore,Punjab,Pakistan,,,
3857398d-4497-5ba2-bfc9-f4e896253e00,4238888689,node,amenity,fuel,Glaxy Filling Saltation,,,,,31.5278568,74.3229757,Lahore,Punjab,Pakistan,,,
dc224ed6-c766-54e5-8211-1b404876793b,4301202021,node,shop,bakery,gourmet ,,,,,31.5289376,74.320722,Lahore,Punjab,Pakistan,,,
a3f5a93d-bdd7-5644-86d1-829219036b56,4446047590,node,shop,bakery,Chacha Bassa Sweets,,,,,31.531346,74.318353,Lahore,Punjab,Pakistan,,,
c7e8e334-0472-5ee5-a8f9-edb5da31b572,4584231991,node,shop,supermarket,Ichhra Bazar,,Ichhra Bazar,,,31.532047,74.3204658,Lahore,Punjab,Pakistan,,,
8727fb24-fdda-5c23-97ab-e0495af746f6,4660717556,node,education,university,پنجاب یونیورسٹی شعبہ قانون,,,,,31.5278254,74.3179555,Lahore,Punjab,Pakistan,,,
d170d236-4caf-54f3-9aaa-e188004fa307,4773217026,node,amenity,police,Ichra Police Station,,,,,31.5303505,74.322854,Lahore,Punjab,Pakistan,,,
03b41ce1-dd5e-564f-822e-793f8947dbb9,5260103791,node,healthcare,hospital,Pakistan Society for Rehabilitation of The Disabled,پاکستان سوسائٹی برائے بحالی معذور افراد,,,,31.5289089,74.322554,Lahore,Punjab,Pakistan,,,
522c7da3-7aaf-5665-8781-fc54a5cb10ed,8406856793,node,place,neighbourhood,Sardarpura,,,,,31.5320875,74.3186099,Lahore,Punjab,Pakistan,,,
0330f604-b6ca-5085-9fa8-76ed88aca52b,304963605,node,place,suburb,شاہ جمال,شاہ جمال,Shah Jamal,,,31.528341,74.3274613,Lahore,Punjab,Pakistan,,,
f5b38a8f-a4fd-5e05-b1d2-405aa547993a,4773189126,node,tourism,hostel,Umair's House,,Umair's Home,,,31.5291803,74.3247022,Lahore,Punjab,Pakistan,,,
b1d3becf-4af8-5225-941f-6a24dddbaac7,7121826776,node,place,neighbourhood,Zaildar Park,,,,,31.5265573,74.3247983,Lahore,Punjab,Pakistan,,,
4bf777be-b4b9-50f2-8771-49757de65421,4671100491,node,amenity,post_office,TCS,,TCS,,,31.5373863,74.3197866,Lahore,Punjab,Pakistan,,,
ecfa1f7b-fa1e-56c1-8178-4768771e1315,8406856775,node,amenity,place_of_worship,Nagina,,,,,31.536055,74.3193352,Lahore,Punjab,Pakistan,,,
cf7a9d43-7368-5c1b-8665-a956bf8d4016,2448131728,node,amenity,restaurant,Baghdadi Restaurant,,,,,31.539192,74.3309128,Lahore,Punjab,Pakistan,,,
afcfc11c-da00-501a-9bc1-9ca13226ab40,2448135095,node,shop,clothes,Jafree's Garments & Accessories,,,,,31.5391623,74.3309088,Lahore,Punjab,Pakistan,,,
0b98fa61-c37e-5d9b-bf00-94c9aa0aacdc,2448139032,node,amenity,restaurant,MeatEx,,,,,31.5391468,74.3306392,Lahore,Punjab,Pakistan,,,
7e777cca-1e47-5ff2-8693-9c8f69138695,4387255592,node,healthcare,clinic,Alnoor Clinical Laboratory,النور کلینیکل لیبارٹری,Alnoor Clinical Laboratory,,,31.534592,74.3284011,Lahore,Punjab,Pakistan,,,
fa90dd9f-548c-56b3-85b2-a7ada962a77d,4481666594,node,shop,books,Bilal Book Center mini market Shadman,,Bilal Book Center mini market Shadman,,,31.5354526,74.3294782,Lahore,Punjab,Pakistan,,,
9627c0f7-adb6-51c9-b661-f988861f773a,5253925865,node,healthcare,hospital,Fatima Memorial Hospital,,,,,31.53562,74.3279812,Lahore,Punjab,Pakistan,,,Q5437860
87ded514-d73d-5820-a91a-cf77543f946a,5259838825,node,healthcare,hospital,شادمان جنرل ہسپتال,,,,,31.5337593,74.3284349,Lahore,Punjab,Pakistan,,,
26b30907-c119-5e69-bddd-bbbf57e07528,5259838826,node,healthcare,hospital,Amina Medical Complex,,,,,31.5353527,74.3286172,Lahore,Punjab,Pakistan,,,
08f5c9f1-c43a-5520-87a4-f1545d664aa1,10047471386,node,office,company,Cinco Rios,,,,,31.5290167,74.3335642,Lahore,Punjab,Pakistan,,,
6e16cf36-3754-595c-94f1-08801b1db9f1,8407457863,node,amenity,place_of_worship,Imrania,,,,,31.5291958,74.3427397,Lahore,Punjab,Pakistan,,,
cba6aafb-6e3e-5b47-969f-af354eb928c1,4262472191,node,office,government,Ministry of Foreign Affairs Regional Office,,,,,31.5329969,74.3367126,Lahore,Punjab,Pakistan,,,
3261cea1-a837-5fdb-a25c-e519feffc3b1,5075276321,node,amenity,fast_food,مکڈونلڈز,مکڈونلڈز,McDonald's,,,31.538718,74.3365229,Lahore,Punjab,Pakistan,مکڈونلڈز,,
aa32187b-a3b0-5c11-9464-b0fe2f932193,5254181759,node,healthcare,hospital,مید سېټي روغتون,,,,,31.5376013,74.3373639,Lahore,Punjab,Pakistan,,,
5cb60f5e-f542-5b19-bcbe-4b4ff532f657,5259747061,node,healthcare,hospital,د پنجاب ذهني روغتیا انسټیټیوټ,,,,,31.5351972,74.3348009,Lahore,Punjab,Pakistan,,,
915df3d7-95c0-5e17-8c36-b2cfc3a8b450,4174096591,node,office,government,Trafco House,,,,,31.532757,74.3396935,Lahore,Punjab,Pakistan,,,
d42dd7d7-d753-5d54-8015-6a518bf238f5,5253925862,node,healthcare,hospital,Ammar Medical Complex,عمار میڈیکل کمپلیکس,,,,31.5350331,74.3430323,Lahore,Punjab,Pakistan,,,
be48abb0-5133-59d2-be7e-5c1dac9ff67a,5254181760,node,healthcare,hospital,Omar Hospital,عمر ہسپتال,,,,31.5370847,74.3380559,Lahore,Punjab,Pakistan,,,
e86d4b91-36f3-5c70-a354-ec6f8b91a84e,5254181761,node,healthcare,hospital,O M C Hospital,او ایم سی ہسپتال,,,,31.5365909,74.3389089,Lahore,Punjab,Pakistan,,,
251347fd-d8ec-5cd3-82fa-d04af383e888,5254181763,node,healthcare,hospital,Akram Complex Hospital,,,,,31.5334498,74.343651,Lahore,Punjab,Pakistan,,,
34318055-942e-5f3d-94aa-965d22392d3c,5254181764,node,amenity,restaurant,Shalimar Tower Restaurant,,,,,31.5341905,74.3434579,Lahore,Punjab,Pakistan,,,
f9036147-bc73-5bb4-86fc-a3ec677064fa,5276934826,node,tourism,hotel,Safari Hotel Jail Road,,,,,31.5359423,74.3398596,Lahore,Punjab,Pakistan,,,
1a69441e-455a-531b-a1c8-2ce595a21103,5276934827,node,healthcare,hospital,Mian Medical Complex,میاں میڈیکل کمپلیکس,,,,31.5350141,74.3399776,Lahore,Punjab,Pakistan,,,
244d4fce-8adc-5ee3-88a4-af22e95caddc,5276934828,node,healthcare,hospital,Rana Laser Ent Centre,رانا لیزر این ٹی سنٹر,,,,31.5364886,74.3390281,Lahore,Punjab,Pakistan,,,
3c1b323f-ce35-5364-98ec-5200e7d6f674,5324954221,node,office,company,Servis House,,,,,31.5335948,74.3432795,Lahore,Punjab,Pakistan,,,
4f6b8897-d3e5-53e3-a9a9-9195100b9153,3230684355,node,amenity,place_of_worship,,,,,,31.5426156,74.3225749,Lahore,Punjab,Pakistan,,,
335517ae-7eb2-5efc-abf3-c45f039833f2,4238889189,node,healthcare,hospital,Naz Hospital,ناز ہسپتال,,,,31.5394654,74.3197705,Lahore,Punjab,Pakistan,,,
1163d755-ce07-5bfb-be52-32cbf79cf9ae,4584231891,node,shop,bakery,Bundu Khan,,Bundu Khan,,,31.5394115,74.3191935,Lahore,Punjab,Pakistan,,,
ae551895-ed47-5fe8-bb57-474449c5a275,4628972690,node,amenity,police,District camp jail ichhra,,,,,31.5417201,74.3184353,Lahore,Punjab,Pakistan,,,
5779ace6-f436-55fb-8627-667ce27ac669,4966965772,node,tourism,hostel,Hostel Zilay Fazal For Boys,,,,,31.5438513,74.3195137,Lahore,Punjab,Pakistan,,,
62b1e67d-3349-5c8d-b29a-59e55792b45e,5273551746,node,tourism,hotel,Quick continental Hotel,,,,,31.5420175,74.3182365,Lahore,Punjab,Pakistan,,,
7daab0a2-7869-5939-b1fc-a9d5a7de7d12,5618281575,node,shop,bakery,Malmo,,,,,31.5393791,74.3192196,Lahore,Punjab,Pakistan,,,
cce3ffe1-4f48-593f-a8a4-d5f3971172cf,7121833645,node,amenity,place_of_worship,Shama,,,,,31.539988,74.319284,Lahore,Punjab,Pakistan,,,
33d5a911-16fa-56d4-b507-a89d6cd6b9e8,2448143365,node,amenity,place_of_worship,Qasr-e-Batool Mosque & Imambargah,,,,,31.5393606,74.3259805,Lahore,Punjab,Pakistan,,,
64b66e77-8fd1-51e8-a0d0-cac528b27ce6,3230552145,node,amenity,place_of_worship,جامع مسجد,جامع مسجد,Jamia Masjid,,,31.5429926,74.3290895,Lahore,Punjab,Pakistan,,,
a9d4f419-fe7e-5c39-80a8-ba6c241e62cb,4107300389,node,healthcare,clinic,Advanced Medical Centre,ایڈوانسڈ میڈیکل سینٹر,,,,31.540731,74.3300801,Lahore,Punjab,Pakistan,,,
c865fb60-67e5-5cb6-a96e-a3bf60612991,4547386890,node,amenity,bank,khushhali bank,,khushhali bank,,,31.542379,74.330807,Lahore,Punjab,Pakistan,,,
60e4df01-5d02-50c8-9ef8-151ba59a08c1,4658649391,node,shop,bakery,Gourmet Marriage Marquee,,Gourmet Marriage Marquee,,,31.5429995,74.3308108,Lahore,Punjab,Pakistan,,,
224fb9ab-24ec-5fd0-9c93-d84e61c7b5f4,6046628065,node,healthcare,laboratory,Test Vision Lab,,,,,31.5450392,74.3295262,Lahore,Punjab,Pakistan,,,
12040522-15ac-5e52-88c1-08709aab660d,7118906916,node,place,suburb,شادمان,شادمان,Shadman,,,31.5402111,74.3269705,Lahore,Punjab,Pakistan,,,
f75c9fc3-faf0-5546-ace4-3b94786cc0cf,4469609891,node,office,government,Civil Secretariat Office,,,,,31.5487242,74.3239059,Lahore,Punjab,Pakistan,,,
546738e1-e926-5f55-8fa7-fdce2031f8f2,7121833621,node,amenity,place_of_worship,Shrine of Taqqia Yaqoob Shah,,,,,31.548825,74.3211147,Lahore,Punjab,Pakistan,,,
e8c2b87b-aaae-5e80-bb4c-6fdb3fa8d423,4322685993,node,tourism,hotel,Lawrence view Hotel,,,,,31.5488271,74.3286984,Lahore,Punjab,Pakistan,,,
5b671cab-8e19-502f-98e8-7aa866d7a75f,4699120304,node,office,government,Board of Intermediate & Secondary Education Lahore Examination Centres,,Board of Intermediate & Secondary Education Lahore Examination Centres,,,31.5475727,74.3296778,Lahore,Punjab,Pakistan,,,
81214f28-60c2-52af-b3bb-9ecea9fd3dc9,4766298554,node,office,government,"NAVTTC, Punjab",,,,,31.5494371,74.3286151,Lahore,Punjab,Pakistan,,,
a58c547d-2342-5325-89d5-608893fe7e7d,8377629298,node,tourism,hotel,Saffron D'or Hotel,,,,,31.54902,74.3286542,Lahore,Punjab,Pakistan,International,,
1acb6c35-be03-562c-9163-c76fd1108898,5255279609,node,healthcare,hospital,Lahore Medical Complex,لاہور میڈیکل کمپلیکس,,,,31.5421941,74.3314304,Lahore,Punjab,Pakistan,,,
e09de747-0bd7-5732-bcc2-eeb4690089e3,5255279610,node,healthcare,hospital,Diabetic's Institute of Pakistan,ذیابیطس انسٹی ٹیوٹ آف پاکستان,,,,31.5424821,74.3329753,Lahore,Punjab,Pakistan,,,
afdd68e9-5094-517c-994a-d7d6fd4408c1,5255279611,node,healthcare,hospital,Race View Maternity Hospital,ریس ویو میٹرنٹی ہسپتال,,,,31.5422444,74.3336647,Lahore,Punjab,Pakistan,,,
780c3630-a2a5-57ff-ae10-2c41a1723341,5273504515,node,tourism,hotel,Herfa Inn Hotel,,,,,31.5453012,74.3314935,Lahore,Punjab,Pakistan,,,
aae54ef5-089b-5845-a1a1-b85322119ddf,4348417989,node,place,suburb,جی او آر,جی او آر,G.O.R.,,,31.5450221,74.3417935,Lahore,Punjab,Pakistan,,,
f6aab2e4-1ca0-5780-9ff3-35a8a5a7ab32,5881448986,node,tourism,guest_house,Punjab Club,,,,,31.5414408,74.3420272,Lahore,Punjab,Pakistan,,,
c0459263-36f6-5625-adbf-850cfadac15e,4579511589,node,tourism,guest_house,"Federal Lodges, Chamba House",,,,,31.549758,74.3368698,Lahore,Punjab,Pakistan,,,
4b0d8b98-1490-506f-9148-648de01f0614,8411198193,node,office,government,Lahore Chamber of Commerce & Industry,,,,,31.5476953,74.3320303,Lahore,Punjab,Pakistan,,,
94f0f3af-24ec-5f5a-bc0b-db31e4a5c4c8,5866489708,node,natural,tree,,,,,,31.5485763,74.3387365,Lahore,Punjab,Pakistan,,,
07a7efc4-aafe-5587-a360-e5c19f3ea7a6,5866489709,node,natural,tree,,,,,,31.54863,74.3389234,Lahore,Punjab,Pakistan,,,
e45aecbc-1d20-560d-a7c7-673985d9f716,5866489710,node,natural,tree,,,,,,31.5485274,74.3390931,Lahore,Punjab,Pakistan,,,
2339dd7d-4d6e-5f88-9d90-f26e2fd39e04,5866489711,node,natural,tree,,,,,,31.5487903,74.3383271,Lahore,Punjab,Pakistan,,,
8c7cd50d-6e86-5696-a975-defe0d299eac,5866489712,node,natural,tree,,,,,,31.5489241,74.3381586,Lahore,Punjab,Pakistan,,,
63cdbfee-0776-5067-82b6-ff06b95ac82d,5866489713,node,natural,tree,,,,,,31.5486501,74.3391848,Lahore,Punjab,Pakistan,,,
864df2ac-e124-5bb4-aaff-2451890b6b80,4720340695,node,aeroway,aerodrome,والٹن ہوائی اڈا,والٹن ہوائی اڈا,Walton Airport,,,31.4911676,74.3494171,Lahore,Punjab,Pakistan,,پاکستان سول ایوی ایشن اتھارٹی,Q3696119
58abb519-e209-5ab7-9c9a-b36e92e9176a,9395407174,node,place,neighbourhood,گوپال نگر,گوپال نگر,Gopal Nagar,,,31.4876667,74.3455811,Lahore,Punjab,Pakistan,,,
523b31ac-637a-57e4-8959-dce7643acf54,7297745906,node,amenity,place_of_worship,Central Mosque Falcon Housing Complex,,,,,31.4946842,74.349816,Lahore,Punjab,Pakistan,,,
40341cc7-6a95-5771-92c6-1c325ee6eff8,7307120050,node,amenity,bank,ایم سی بی بینک,ایم سی بی بینک,MCB Bank,,,31.4940443,74.3494163,Lahore,Punjab,Pakistan,ایم سی بی بینک,,
ea7ba6cf-1a02-5f12-b6f4-4f4f4451f4b5,7307120051,node,shop,department_store,Lala Jee Superstore,,,,,31.4942558,74.3491849,Lahore,Punjab,Pakistan,,,
a33fa9c5-1bf3-5547-9572-065ab81bb1d9,7307120052,node,amenity,fast_food,Nainu's Pizza,,,,,31.4943164,74.3492454,Lahore,Punjab,Pakistan,,,
85f3d4c2-fabe-5048-bab5-95f66c9f240e,7307154066,node,amenity,bank,میزان بینک,میزان بینک,Meezan Bank,,,31.4941701,74.349281,Lahore,Punjab,Pakistan,میزان بینک,,
d2d81f92-314d-5ac4-a947-17befc584b9f,563684372,node,amenity,fuel,GO,,,,,31.5031055,74.3476149,Lahore,Punjab,Pakistan,,,
ac7fa4e9-5795-50ba-9c23-01579812d552,5006748855,node,shop,supermarket,Firdous Market,,,,,31.502731,74.3486386,Lahore,Punjab,Pakistan,,,
6c166993-4093-59ae-9394-4f3280148f8f,5255673576,node,healthcare,hospital,Bari Clinic & Hospital,باری کلینک اینڈ ہسپتال,,,,31.5021767,74.3448274,Lahore,Punjab,Pakistan,,,
60d43bb9-7590-5f9b-9c84-2f565449ccc5,5271844123,node,amenity,restaurant,Thai Express Way,,,,,31.5060761,74.3497855,Lahore,Punjab,Pakistan,,,
7007ff30-7700-5f21-b89e-2fcb7096db85,5276896860,node,tourism,hotel,Park Lane Hotel,,,,,31.5035772,74.3494238,Lahore,Punjab,Pakistan,,,
5a69201e-8c39-5d3b-8f00-2a831f5534ed,5276934834,node,tourism,hotel,Hotel 12J,,,,,31.5026092,74.349767,Lahore,Punjab,Pakistan,,,
b106bde8-3407-5d0e-857c-d422fd12b776,5276934835,node,amenity,restaurant,SAM Restaurant,,,,,31.5024263,74.3490214,Lahore,Punjab,Pakistan,,,
30ee2a4d-186f-5b83-b113-dbc443e3b14c,5276934836,node,historic,monument,Baba Qutab Shah Mazar,,,,,31.5019826,74.3489946,Lahore,Punjab,Pakistan,,,
7cbe59d1-ad72-5d0b-8138-122cdf9f3a40,12442461778,node,tourism,hotel,Best Western Premier Hotel Gulberg Lahore,,,,,31.5032706,74.3493724,Lahore,Punjab,Pakistan,,,
1c6ba5c1-12c2-5a11-9555-2129fa001171,13326050824,node,tourism,hostel,Baloch Hostel,بلوچ ہاسٹل,,,,31.5016519,74.3485899,Lahore,Punjab,Pakistan,,,
e5bde269-9109-5921-8020-af1b59e85093,1534027490,node,amenity,fast_food,,,,,,31.5076336,74.347735,Lahore,Punjab,Pakistan,,,
4c4beeab-eddd-5059-b430-5fc3f9f2d768,1665859201,node,shop,gift,,,,,,31.508185,74.3474835,Lahore,Punjab,Pakistan,,,
6036ccc2-87a8-52e8-88a1-3139f5a40346,2953399005,node,amenity,fast_food,سب وے,سب وے,Subway,,,31.510759,74.3458555,Lahore,Punjab,Pakistan,سب وے,,
ccbeceea-2063-5498-9713-46866df08535,3571476393,node,amenity,restaurant,Vouge Towers,,,,,31.5087517,74.3498654,Lahore,Punjab,Pakistan,,,
d4e60944-b03f-5182-92fd-b90129ddb0ee,4291420243,node,shop,shoes,E C S liberty ,,,,,31.5112123,74.3451553,Lahore,Punjab,Pakistan,,,
6ea3ea76-4302-5404-bb91-6cbad95ceebb,4291420244,node,shop,shoes,E C S Hussain chowk ,,,,,31.5077256,74.3496036,Lahore,Punjab,Pakistan,,,
29e766ef-4642-553f-89f8-4aa3ce3eecde,4977584021,node,shop,books,Variety Books,,Variety Books,,,31.5089757,74.3452027,Lahore,Punjab,Pakistan,,,
542d661a-fb11-5971-b0b8-a013d4ab9b8c,5251520093,node,amenity,fast_food,Fat Burger,,,,,31.5084105,74.3497294,Lahore,Punjab,Pakistan,,,
89af575c-881d-5728-b627-bd314f52c43b,5251520095,node,amenity,fast_food,Burger Hub,,,,,31.508662,74.3498904,Lahore,Punjab,Pakistan,,,
319579a0-910c-587e-8e39-6dbf616884d1,5251520099,node,tourism,hotel,Chancery,,,,,31.5091308,74.3491662,Lahore,Punjab,Pakistan,,,
b92e214d-d7eb-561d-a902-2d7e206dc400,5259747059,node,healthcare,hospital,Fazal Cardiac Hospital,,,,,31.5087782,74.3458034,Lahore,Punjab,Pakistan,,,
51fffce0-bcb8-591f-9eb9-5124c3d45eec,5271844122,node,amenity,cafe,The Chocolate Room,,,,,31.506785,74.3499464,Lahore,Punjab,Pakistan,,,
ad5d1889-23cd-5848-86db-136600fa3f25,5277167707,node,tourism,hotel,Maisonette Hotel Liberty,,,,,31.5091582,74.3459147,Lahore,Punjab,Pakistan,,,
9cd3aa55-b9d6-564e-809b-7a4abdab13f3,6164355885,node,amenity,restaurant,Meat the cheese,,,,,31.5073863,74.3486167,Lahore,Punjab,Pakistan,,,
327cba93-bcd5-5cfc-b003-d385ceec4ce4,6455971771,node,amenity,cafe,Butlers Chocolate Café,,,,,31.5065214,74.3499085,Lahore,Punjab,Pakistan,,,
1d2de160-aa9d-5bb8-b3c6-a5c5c668ad22,6651636386,node,amenity,ice_cream,Benazir Kulfa,,,,,31.5085561,74.3455544,Lahore,Punjab,Pakistan,,,
7a7ecb24-1d44-5e9a-8073-637d5a609e55,7270474718,node,amenity,cafe,Butlers,,,,,31.5065704,74.349576,Lahore,Punjab,Pakistan,,,
c834b47e-88ac-543b-8b56-beb569e6a292,7270474719,node,amenity,restaurant,NOVU,,,,,31.507354,74.3485633,Lahore,Punjab,Pakistan,,,
a744fba0-c918-54de-a980-04d0c2fa532a,9544553996,node,shop,mall,Liberty Plaza,,,,,31.5098082,74.3465906,Lahore,Punjab,Pakistan,,,
776a68ce-1e61-5dd3-a8f6-dbde3a7b24df,11786609108,node,amenity,restaurant,Kruncheese,,,,,31.5069782,74.3485789,Lahore,Punjab,Pakistan,Kruncheese,,
47f213ca-3910-54d9-b92b-38197400e61a,12576914514,node,shop,beauty,Revive Beauty Salon & Institute,,,,,31.508749,74.3490516,Lahore,Punjab,Pakistan,,,
688ce5b6-6c75-5065-a549-e8b8e2a1f267,1539581885,node,amenity,atm,,,,,,31.5159353,74.3440699,Lahore,Punjab,Pakistan,,,
d40b702a-4a74-572e-b83f-a19c1ec6ebef,1750454167,node,healthcare,dentist,Dr. Qazi and Associates,,,,,31.5186253,74.3485791,Lahore,Punjab,Pakistan,,,
71bfaa9b-45f1-5558-8a9b-4e604a41d550,3272961299,node,tourism,hotel,رویاٹ لگژری ہوٹل,رویاٹ لگژری ہوٹل,Royaute Luxury Hotel,,,31.5142951,74.3489994,Lahore,Punjab,Pakistan,,,
cc948348-7bd4-55ef-b579-4b0daf041437,4272960896,node,amenity,restaurant,Eataly Ristorante,,,,,31.5191763,74.3460254,Lahore,Punjab,Pakistan,,,
d8918c04-e0f3-532d-bf77-c94dcc099acf,5033145694,node,amenity,restaurant,Gauchos Steak House,,,,,31.5187787,74.3458421,Lahore,Punjab,Pakistan,,,
0171d25c-76db-506e-b7ba-69a5b5d56e5b,5130636935,node,amenity,restaurant,The Brasserie Lahore,,,,,31.5186924,74.3457792,Lahore,Punjab,Pakistan,,,
9168cd8d-e217-5889-be50-951f7e8b5fed,5254181765,node,healthcare,hospital,Hijaz Hospital Lahore,,,,,31.5153125,74.3456471,Lahore,Punjab,Pakistan,,,
fa683cf7-ef07-5992-a48f-0dda502e7959,5277167708,node,tourism,hotel,Hotel 7 Days,,,,,31.5189823,74.3463812,Lahore,Punjab,Pakistan,,,
e6fd28c5-4717-5673-a3e7-0e72e2343e33,5277167709,node,amenity,restaurant,Bamboo Union,,,,,31.5189894,74.3460743,Lahore,Punjab,Pakistan,,,
32f594c2-0fd6-530e-81be-4050ab27e373,5737008721,node,office,company,Direction Holidays,,,,,31.5164027,74.3450487,Lahore,Punjab,Pakistan,,,
d3f66469-8ffc-5e44-9182-5ec96acc8c7a,6449265485,node,amenity,restaurant,The Wok,,,,,31.5187203,74.3459702,Lahore,Punjab,Pakistan,,,
f9e57110-246e-5a77-8772-7df03ba2ee55,7255015812,node,amenity,restaurant,The Pantry,,,,,31.5187616,74.3459154,Lahore,Punjab,Pakistan,,,
ca84ab6d-dd5a-5fd7-90ec-e8233d0159f5,7255015813,node,amenity,restaurant,The Brasserie,,,,,31.5187265,74.3458755,Lahore,Punjab,Pakistan,,,
c2c610b8-0c7a-5bb3-868c-8cc4d39a9b81,7255015814,node,amenity,restaurant,The Balcony,,,,,31.5186837,74.3459302,Lahore,Punjab,Pakistan,,,
47296234-5376-53e7-8295-0562e3a4c657,7255015815,node,amenity,restaurant,Sweet Tooth,,,,,31.5186764,74.346079,Lahore,Punjab,Pakistan,,,
ab938af8-4479-5f1d-a45e-0afa33818049,7255015820,node,shop,clothes,PFDC,,,,,31.5185137,74.3457161,Lahore,Punjab,Pakistan,,,
f48b256e-8779-5af8-94fa-fba4a5991430,7255015821,node,amenity,cafe,Mocca,,,,,31.5186351,74.3461985,Lahore,Punjab,Pakistan,,,
84a50555-937f-5ac5-98e9-ecb15e5d8e7e,7255015822,node,amenity,restaurant,Ganache Cafe,,,,,31.5185279,74.3463969,Lahore,Punjab,Pakistan,,,
0c53e816-9d9a-567d-961c-d0b5201ff01d,7255015823,node,amenity,restaurant,The Burning Giraffe,,,,,31.5186077,74.3462616,Lahore,Punjab,Pakistan,,,
9232ea6a-92c8-52fa-880b-2bfb74a33f8c,7255015824,node,amenity,restaurant,Molecule Coffee,,,,,31.5187975,74.3465942,Lahore,Punjab,Pakistan,,,
5907c241-b2cb-59c6-ab7c-470d81665d72,7255015825,node,amenity,cafe,Second Cup,,,,,31.5190371,74.345931,Lahore,Punjab,Pakistan,Second Cup,,
506eced0-cd0b-54bf-835c-c4ab56a20576,7255015826,node,amenity,restaurant,Cafe Beirut,,,,,31.5192744,74.346089,Lahore,Punjab,Pakistan,,,
db215952-216f-5c4c-ad00-97ba8791b3af,7255015827,node,amenity,restaurant,Rice Bowl,,,,,31.5189414,74.3462094,Lahore,Punjab,Pakistan,,,
3f4460a7-c73a-5650-90f1-d592d079b0fb,7255015828,node,amenity,restaurant,The Delicatessen,,,,,31.5187017,74.3460221,Lahore,Punjab,Pakistan,,,
15c64d6b-4db5-50a9-8ae9-989d1f220782,7255015829,node,amenity,cafe,گلوریا جینز,گلوریا جینز,Gloria Jean's,,,31.5186453,74.3457666,Lahore,Punjab,Pakistan,گلوریا جینز,,
8dd6edee-13ed-55fe-a7be-0fc6f90890db,7255061454,node,amenity,restaurant,Penthouse,,,,,31.5186263,74.345868,Lahore,Punjab,Pakistan,,,
eff30fcb-86bd-56de-b3fc-7798714035fd,7276489471,node,amenity,restaurant,Sashas,,,,,31.5185921,74.3463252,Lahore,Punjab,Pakistan,,,
2dec472e-8987-5798-9c7a-9c8dafbfbee8,7276489472,node,shop,clothes,Suffuse,,,,,31.5185735,74.3457964,Lahore,Punjab,Pakistan,,,
ef33093c-f573-5c94-b50e-c5e598b1fbad,7276489473,node,amenity,restaurant,MariBelle,,,,,31.5186124,74.3459575,Lahore,Punjab,Pakistan,,,
1d63a320-b06b-5d1a-940b-b6d29be6a235,300856816,node,shop,mall,Main Market Gulberg,,,,,31.5242296,74.3461065,Lahore,Punjab,Pakistan,,,
d5b9f0b6-59d2-5d02-babc-2a53ec1a5066,1665866322,node,amenity,restaurant,,,,,,31.5212969,74.3478278,Lahore,Punjab,Pakistan,,,
627e87e1-e9ac-5813-898d-fc1318b7ee1b,1749449949,node,shop,supermarket,UTILITY STORES,,,,,31.5238211,74.344652,Lahore,Punjab,Pakistan,,,
11a7d646-1794-560a-b3b4-6286d6989f8d,1749449950,node,amenity,place_of_worship,Main Market Mosque,,,,,31.5240223,74.3450597,Lahore,Punjab,Pakistan,,,
5589c267-d450-58b7-bf53-5692deea0c02,2872067742,node,amenity,bank,عسکری بینک,عسکری بینک,Askari Bank,,,31.5236262,74.3468758,Lahore,Punjab,Pakistan,عسکری بینک,,
3d863a82-f7c3-53a3-bbe6-27f785a9c213,2953398997,node,shop,mall,Gulberg Centre,,Gulberg Centre,,,31.5208966,74.3468738,Lahore,Punjab,Pakistan,,,
24077801-f04d-5733-a888-08459b58d241,3692740646,node,shop,supermarket,Jalal Sons,,,,,31.5238018,74.3455904,Lahore,Punjab,Pakistan,,,
3d3e65fa-48f6-5320-b382-b677b353b0b0,4697138889,node,office,government,col saeed office,,col saeed office,,,31.5239291,74.3471111,Lahore,Punjab,Pakistan,,,
530c8332-f045-5233-b037-9b430f08973c,4722078989,node,shop,electronics,Aziz Sons Electric,,Aziz Sons Electric,,,31.5243799,74.3457132,Lahore,Punjab,Pakistan,,,
1fb22121-8eea-5e51-95c2-fd19170d6cb9,5252199958,node,shop,clothes,Generation Flagship Strore,,,,,31.5210591,74.3491313,Lahore,Punjab,Pakistan,,,
1bc932fe-8e71-51fc-b6f5-30ce29b2198a,5252199959,node,amenity,cafe,Sweet Affairs Bakery Cafe,,,,,31.5213014,74.3491098,Lahore,Punjab,Pakistan,,,
bf253270-6c33-5043-ab86-a9dfba8fecab,5252199960,node,shop,clothes,BEECHTREE,,,,,31.5206749,74.3488738,Lahore,Punjab,Pakistan,,,
af9a27ed-4862-53db-ae73-3d35cea48780,5252199961,node,amenity,restaurant,Veranda Bistro,,,,,31.5204646,74.3486592,Lahore,Punjab,Pakistan,,,
5f45897d-9f6e-5f13-9025-0faa4ad16f58,5252199962,node,shop,clothes,Sapphire Retail Store Gulberg,,,,,31.5211779,74.3485198,Lahore,Punjab,Pakistan,,,
dc091a45-8594-5871-9501-1e83d9be6568,5252199963,node,amenity,restaurant,Yum Chinese & Thai,,,,,31.5214523,74.3487182,Lahore,Punjab,Pakistan,,,
57b7ad46-39a6-5b4a-b28f-fd8dd0a9d5f5,5252199964,node,amenity,cafe,English Tea House,,,,,31.521713,74.3488255,Lahore,Punjab,Pakistan,,,
6a662f6c-4051-5bd4-a6d2-dd0109bfa39e,5252211923,node,office,company,Jazz Head Office,,,,,31.5225782,74.3497831,Lahore,Punjab,Pakistan,,,
cc0eb198-59a9-5cf7-bff2-3293012806b3,5253488155,node,amenity,cafe,Arcadian Café,,,,,31.5226637,74.3495417,Lahore,Punjab,Pakistan,,,
1bba228c-94ea-5bf6-9ff2-665919051828,5253488156,node,amenity,cafe,The Otus Rooftop,,,,,31.5227369,74.3494585,Lahore,Punjab,Pakistan,,,
f622122e-5cc0-55a9-b48d-9ba9ca1041fe,5253494077,node,amenity,bank,The Bank of Punjab,,,,,31.5230067,74.3487531,Lahore,Punjab,Pakistan,,,
626ac645-0777-596d-b871-469d69f8059f,5253494078,node,office,company,Sapphire Textile Mills Limited,,,,,31.5223231,74.3482784,Lahore,Punjab,Pakistan,,,
805dff4f-0da1-520c-8020-cb8ccf9beb63,5253494079,node,shop,clothes,Ideas by Gul Ahmed,,,,,31.5230501,74.3486431,Lahore,Punjab,Pakistan,,,
1df5e67c-ae4c-5327-b227-b61aafa70707,5253494080,node,shop,shoes,Hush Puppies,,,,,31.5231713,74.3483374,Lahore,Punjab,Pakistan,,,
be1df898-3863-5cfa-a62d-57e980ba462d,5259747062,node,healthcare,hospital,Hospital Hudson Silva Lions Eye Hospital,,,,,31.5229354,74.344399,Lahore,Punjab,Pakistan,,,
4b22dd04-42b4-5a6a-9c7d-0b211b72735b,5279433229,node,tourism,hotel,Gulberg View Hotel,,,,,31.5235059,74.3459822,Lahore,Punjab,Pakistan,,,
665ab382-51d2-5ba0-9396-c37bd0bcf935,6204958685,node,office,company,Prince Automation,,,,,31.5213239,74.349107,Lahore,Punjab,Pakistan,,,
2391da5a-08c5-58f6-864d-f8814f795fd2,6731964385,node,office,company,allied engineering consultant,,,,,31.5212968,74.3447741,Lahore,Punjab,Pakistan,,,
02168a76-e441-5254-ae43-e3faf63c5129,9411625789,node,shop,mall,Auriga,,,,,31.5244424,74.3476385,Lahore,Punjab,Pakistan,,,
07557e47-b5e3-5dc3-a4f7-20ab27311a1a,10064128561,node,tourism,hotel,City View Hotel,,,,,31.5258424,74.3477883,Lahore,Punjab,Pakistan,,,
fa432423-b0a8-5601-bdf2-1c5cba4d8466,11358109306,node,shop,supermarket,CyberMart PK,,,,,31.5226948,74.3486896,Lahore,Punjab,Pakistan,,CyberMart PK,
f450ad7d-f7b2-5dbb-8a01-28385d5528eb,13112769701,node,shop,books,Readings,,,,,31.519828,74.346436,Lahore,Punjab,Pakistan,,,
0c83ed39-85d6-57a6-85e0-280d9c789816,13151819907,node,healthcare,pharmacy,CSH Pharmacy,,,,,31.5237126,74.3461919,Lahore,Punjab,Pakistan,,,
f1fbbe91-6848-579c-814d-226f413d0a70,13256474694,node,amenity,fast_food,McDonald's,,,,,31.5252837,74.3494688,Lahore,Punjab,Pakistan,McDonald's,,
c3be9520-0b36-5777-bed4-4fdd90d2f0a4,6190484087,node,shop,beauty,Mediha's,,,,,31.5279169,74.3480976,Lahore,Punjab,Pakistan,,,
d562dd9a-f883-542d-8fd6-62788ed60f62,13255721632,node,amenity,parking,,,,,,31.5273771,74.3496567,Lahore,Punjab,Pakistan,,,
13900f55-77e2-5ade-a990-42a7ad6cce7f,13256234191,node,amenity,restaurant,Tao Pan - Lahore,,,,,31.5274817,74.3491469,Lahore,Punjab,Pakistan,,,
be809e94-92b0-5f0d-b194-9304cdc822f1,13256234192,node,shop,bakery,Baked,,,,,31.527535,74.3489719,Lahore,Punjab,Pakistan,,,
300af664-c62f-58ff-83ae-70629c5f52d5,4927386021,node,office,government,Quetta textiles mills lahore office,,QTML LAHORE OFFICE,,,31.5357701,74.347294,Lahore,Punjab,Pakistan,,,
a86ad114-989b-5649-83c7-f4c9981c235d,5254181762,node,healthcare,hospital,Punjab Medical Center,,,,,31.5344082,74.3448097,Lahore,Punjab,Pakistan,,,
620c4680-ff03-5443-bc86-8c73cffd355a,5277138885,node,tourism,hotel,Royal Elegance,,,,,31.5375559,74.3484431,Lahore,Punjab,Pakistan,,,
1003b54c-c509-5f6a-81fa-cb2bd0a3b54f,7244237493,node,office,company,DWP Technologies,,,,,31.5368558,74.3497706,Lahore,Punjab,Pakistan,,,
03c455ea-a22b-5efa-91b6-de6eaa12d4c7,152214520,way,amenity,parking,,,,,,31.4793216,74.2797785,Lahore,Punjab,Pakistan,,,
7a22e512-6bb9-53e7-a219-e11ee4662d78,254090494,way,leisure,park,,,,,,31.4759015,74.2795173,Lahore,Punjab,Pakistan,,,
0382163f-2e04-5dac-bf09-25df3eab06ef,363846604,way,amenity,place_of_worship,,,,,,31.4769715,74.284147,Lahore,Punjab,Pakistan,,,
29f5a6ae-da8b-5342-83a0-06b1f9dab951,362731306,way,amenity,place_of_worship,,,,,,31.4782448,74.2895215,Lahore,Punjab,Pakistan,,,
77696f6e-875e-5eca-a0d3-14c9aee13ed1,362731307,way,amenity,police,,,,,,31.4785527,74.2901957,Lahore,Punjab,Pakistan,,,
1960b4f1-b700-5c66-89a7-4f8a35840923,1224634382,way,amenity,parking,,,,,,31.4865889,74.2909403,Lahore,Punjab,Pakistan,,,
ddd4023a-302e-5aa4-bdd0-02a391e330e4,362292905,way,leisure,park,"Tech Society, Main Park, B-Block",,,,,31.4848935,74.2818119,Lahore,Punjab,Pakistan,,,
582d3435-5fd6-54af-9a79-b0c8c000da96,362292910,way,amenity,place_of_worship,Tech. Society Jamia Mosque,,,,,31.4858274,74.2813939,Lahore,Punjab,Pakistan,,,
1539b06f-c8c3-57d9-9622-ebd1482851f9,394362525,way,amenity,bank,بینک الفلاح,بینک الفلاح,Bank Alfalah,,,31.4856969,74.2828927,Lahore,Punjab,Pakistan,بینک الفلاح,,
511f8bb6-96ea-5fb8-a6d3-029b8766f406,394362526,way,shop,convenience,Tech Mart,,,,,31.4856977,74.2830034,Lahore,Punjab,Pakistan,,,
1cb800ad-2849-5a4f-8569-488349edb3c7,394362527,way,amenity,bank,"National Bank of Pakistan, Tech Society Branch",,,,,31.4854123,74.2831755,Lahore,Punjab,Pakistan,,,
241e4c51-f96b-58b0-a8cd-1b21c2ccd0c4,394362528,way,shop,bakery,"Cakes & Bakes, Tech Society Brankch",,,,,31.485264,74.2831771,Lahore,Punjab,Pakistan,,,
a59eb8a0-778f-5e4a-ae13-b49391020d0a,1436233119,way,amenity,parking,,,,,,31.4854794,74.2827874,Lahore,Punjab,Pakistan,,Tech Main Market Parking,
689e224b-358c-5478-8f46-2c58a957e29a,1436233121,way,amenity,parking,,,,,,31.484965,74.2827864,Lahore,Punjab,Pakistan,,Tech Mini Market Parking,
f693e00d-c5ef-58a4-82f6-a640598a2366,362731310,way,amenity,place_of_worship,,,,,,31.4820811,74.2907177,Lahore,Punjab,Pakistan,,,
7eefed83-1842-54d3-8958-7a03c4c68328,362731311,way,amenity,place_of_worship,,,,,,31.4813175,74.2913123,Lahore,Punjab,Pakistan,,,
dbd0a34b-f6d3-5a12-b6ee-72fc4357b560,366919927,way,landuse,cemetery,,,,,,31.4824511,74.2876629,Lahore,Punjab,Pakistan,,,
48c8b90a-ed7e-5a6b-9ded-8acc8e98cc36,359005429,way,leisure,park,,,,,,31.4918366,74.2768163,Lahore,Punjab,Pakistan,,,
e1680dec-9703-5b74-a57b-9290c0c2cef4,359003012,way,leisure,park,,,,,,31.4993469,74.2782742,Lahore,Punjab,Pakistan,,,
ccd6ffb1-9d53-56f9-b8ed-ee7c034ec080,1009823626,way,leisure,park,قیوم بلاک پارک,,Qayum Block Park,,,31.4945583,74.2783364,Lahore,Punjab,Pakistan,,,
1023b160-8e10-56dc-bab0-cadba0bc4283,359359973,way,leisure,park,,,,,,31.4939176,74.2759859,Lahore,Punjab,Pakistan,,,
29158ecc-077d-58a6-84ab-f011cae669fd,362292916,way,leisure,park,"B-Block Park, Tech Society",,,,,31.4891899,74.2862158,Lahore,Punjab,Pakistan,,,
4e095bf9-07ce-50ed-9dd2-1e324a4fe64f,1224634386,way,amenity,parking,,,,,,31.4877156,74.291262,Lahore,Punjab,Pakistan,,,
5cebfd28-d80a-50ca-a9f0-b469f62e491a,359360812,way,leisure,park,,,,,,31.4997727,74.2787736,Lahore,Punjab,Pakistan,,,
5da6d912-9603-59fa-b3e0-77c7e112f559,841022039,way,amenity,place_of_worship,Allah wali Masjid(Mosque),,,,,31.5041181,74.2772645,Lahore,Punjab,Pakistan,,,
c1014f6a-42c7-5bf9-83a7-35492abcc368,357189322,way,landuse,industrial,LESCO Grid Station,,,,,31.5137945,74.2777712,Lahore,Punjab,Pakistan,,,
d6eef5df-9e0e-5b24-9ecf-a8c210b64d73,316580873,way,leisure,park,,,,,,31.5056715,74.279783,Lahore,Punjab,Pakistan,,,
3e267e64-429c-58ec-a5a8-03bcf28c6789,359360814,way,amenity,place_of_worship,Masjid Abu Huraira (Mosque),,,,,31.5049343,74.2798968,Lahore,Punjab,Pakistan,,,
159fd669-1b5e-5d4c-8ae3-361ac42fd837,1245162548,way,landuse,commercial,Kareem Market,,,,,31.5035726,74.2810312,Lahore,Punjab,Pakistan,,,
b1993159-2b94-5be6-ae2f-6b5cc9e48114,1245162549,way,amenity,fuel,,,,,,31.501935,74.2810501,Lahore,Punjab,Pakistan,,,
cc2fb748-3f2f-5c13-9b8d-4920db7adff1,357305733,way,landuse,cemetery,Grave Yard,,,,,31.504722,74.2887472,Lahore,Punjab,Pakistan,,,
1d3e9ddc-66a9-5391-8e29-e226caadfb02,359363026,way,leisure,park,رضا بلاک پارک,,Reza Block Park,,,31.5052174,74.2860002,Lahore,Punjab,Pakistan,,,
2b0dd4b0-4b8c-51bf-949f-2f18f41e603f,291684963,way,leisure,park,گلشنِ اقبال پارک,گلشن اقبال پارک,Gulshan-e-Iqbal Park,,,31.5136283,74.2889924,Lahore,Punjab,Pakistan,,,Q15222292
589cd813-152d-5c5b-8d10-bbac39dcd261,316460847,way,leisure,park,عمر بلاک پارک,,Umer Block Park,,,31.5083086,74.2842777,Lahore,Punjab,Pakistan,,,
cad9c1bc-d610-57eb-8f03-b4668e08a542,1009506892,way,place,village,بھیکےوال,بھیکےوال,Bhekewal,,,31.5077107,74.2912404,Lahore,Punjab,Pakistan,,,
50295da0-19b9-57ca-aeaf-b7a9d18e86ad,1009506897,way,place,neighbourhood,عُمر بلاک,عمر بلاک,Umer Block,,,31.509396,74.2837665,Lahore,Punjab,Pakistan,,,
34fe9865-1a61-5804-98f5-8d80fced6ab0,1009506898,way,place,neighbourhood,رضا بلاک,رضا بلاک,Reza Block,,,31.5056611,74.2851371,Lahore,Punjab,Pakistan,,,
8c2bd7d7-18d4-5987-9200-776cc902d8a8,1009506906,way,place,neighbourhood,رچنا بلاک,رچنا بلاک,Rachna Block,,,31.5149755,74.2847072,Lahore,Punjab,Pakistan,,,
4602273d-b6af-5669-8625-e665201ee3cc,291684964,way,natural,water,,,,,,31.5114685,74.28802,Lahore,Punjab,Pakistan,,,
ffddc6a6-a6fd-5566-9539-6f7e0ed66857,291684965,way,natural,water,,,,,,31.5122853,74.2908191,Lahore,Punjab,Pakistan,,,
e918beb7-0b58-538d-ab15-076380bd9e35,359363028,way,amenity,place_of_worship,Assemblies of God,,,,,31.5075419,74.2876241,Lahore,Punjab,Pakistan,,,
a4782791-4977-5fab-b35c-e73fd6a7d8f2,359363032,way,amenity,place_of_worship,,,,,,31.5070342,74.290129,Lahore,Punjab,Pakistan,,,
4ddc2aae-d25b-5213-924c-77060e8dd5b5,1009506904,way,place,neighbourhood,بدر بلاک,بدر بلاک,Badar Block,,,31.5164919,74.2794729,Lahore,Punjab,Pakistan,,,
12d6461e-d69c-5cc5-9bfb-dc53c8fd4e78,347272993,way,leisure,park,,,,,,31.5149907,74.2806696,Lahore,Punjab,Pakistan,,,
27fa2426-de91-5c30-965c-26721738dad5,347276770,way,leisure,park,,,,,,31.5167751,74.2820643,Lahore,Punjab,Pakistan,,,
79df5a8a-a65f-56df-9709-decaca6e1ee1,357429422,way,amenity,fuel,,,,,,31.5132463,74.2817261,Lahore,Punjab,Pakistan,,,
45036388-a348-5e6b-bb5d-368718fcc42b,1009506905,way,place,neighbourhood,نرگس بلاک,نرگس بلاک,Nargis Block,,,31.5158998,74.2818454,Lahore,Punjab,Pakistan,,,
58b137d2-96ad-5bc6-81a1-35729d3369c6,1009506907,way,leisure,park,کشمیر بلاک ﮔﺮﺍﮨﻮﻧﮉ,,Kashmir Block Ground,,,31.5177009,74.2886196,Lahore,Punjab,Pakistan,,,
64c846c0-98a0-54e7-bc8a-0badc7d58c15,347270361,way,leisure,park,مون مارکیٹ پارک,,,,,31.5205702,74.2919399,Lahore,Punjab,Pakistan,,,
d42495b7-5eb7-5550-8e0a-4099858a106b,347276781,way,leisure,park,,,,,,31.5197977,74.2865827,Lahore,Punjab,Pakistan,,,
f6824f5e-0150-5d46-b560-049b9942a535,359363040,way,amenity,place_of_worship,,,,,,31.5260145,74.2878876,Lahore,Punjab,Pakistan,,,
7110249e-6d14-5701-9d89-e027d730eec4,1009506908,way,place,neighbourhood,کشمیر بلاک,کشمیر بلاک,Kashmir Block,,,31.5176633,74.2877842,Lahore,Punjab,Pakistan,,,
13e7ee83-d9dd-5e88-875f-bce4ef1327ae,1009506909,way,place,neighbourhood,زینت بلاک,,Zeenat Block,,,31.5201229,74.2828363,Lahore,Punjab,Pakistan,,,
c61b5fbe-3348-5042-be00-137f3d54e300,1009506910,way,place,neighbourhood,ہما بلاک,ہما بلاک,Huma Block,,,31.5225917,74.2862775,Lahore,Punjab,Pakistan,,,
261218ed-0dd3-5064-9456-05e9d3eadbe2,1009521436,way,place,neighbourhood,جہانزیب بلاک,,Jahanzeb Block,,,31.5241105,74.2907421,Lahore,Punjab,Pakistan,,,
fe6e42d9-e788-508d-9dff-2bf51f2ca3d3,1009521437,way,place,neighbourhood,Iftekhar Street,ستلج بلاک,Satluj Block,,,31.52176,74.2934346,Lahore,Punjab,Pakistan,,,
e02ca28e-3f0a-5fd3-b278-dd02656647cc,1009521440,way,place,neighbourhood,اتحاد کالونی,,Ittehad Colony,,,31.5277454,74.2882675,Lahore,Punjab,Pakistan,,,
98795020-7f5d-5820-ba7f-daae6cb59aed,255490497,way,leisure,park,باغ,باغ,Park,,,31.5235715,74.2873912,Lahore,Punjab,Pakistan,,,
17f72ed9-e941-5164-98ab-ed931eb304a3,347276807,way,leisure,park,,,,,,31.5221699,74.2859494,Lahore,Punjab,Pakistan,,,
8c524231-d85b-5f05-b7f5-c4f64137cace,359363039,way,landuse,cemetery,,,,,,31.5252537,74.2888535,Lahore,Punjab,Pakistan,,,
61079260-1dd3-5b2c-baef-d27d31f227b1,682349335,way,amenity,place_of_worship,,,,,,31.5234532,74.2866369,Lahore,Punjab,Pakistan,,,
3df557f2-673e-5da9-9520-d2acfc86c9ba,500690000,way,leisure,park,Tauheed Park,,,,,31.4765406,74.3001644,Lahore,Punjab,Pakistan,,,
b1f34f0d-a011-5ec0-83f3-f0ad6e8e8766,360102325,way,leisure,pitch,,,,,,31.4863965,74.2974939,Lahore,Punjab,Pakistan,,,
291b8f74-f69e-5eeb-8e57-f04a20ff0498,500980112,way,tourism,hostel,AIMC Hostel,,,,,31.4868389,74.2948092,Lahore,Punjab,Pakistan,,,
a7478e57-40a1-51d7-9c75-41f6df6bf331,623002122,way,landuse,cemetery,,,,,,31.4774221,74.3044139,Lahore,Punjab,Pakistan,,,
ebb68d83-9215-5282-a8e4-8b5fadf9196a,841040149,way,leisure,park,Football Ground,,,,,31.4803235,74.3031727,Lahore,Punjab,Pakistan,,,
2e754f8c-3c74-583c-828c-4d1225cb8596,996202524,way,amenity,parking,,,,,,31.4835625,74.297719,Lahore,Punjab,Pakistan,,,
6b0a9ecc-37be-5f14-aaea-b77bbd02f51d,996202526,way,healthcare,hospital,Jinnah Hospital Lahore,,,,,31.4844525,74.2970181,Lahore,Punjab,Pakistan,,,
a69df3eb-a878-5022-bde4-ee4a0ce11ab7,500980109,way,tourism,hostel,Jinnah Hospital Nurses Hostel,,,,,31.4859229,74.2952959,Lahore,Punjab,Pakistan,,,
664057f6-0f7c-55bf-8761-78847cdab522,996202523,way,amenity,parking,,,,,,31.4847624,74.2964755,Lahore,Punjab,Pakistan,,,
60bc0e28-5dce-5ca8-84fc-b9ccd3f996fa,612407783,way,place,neighbourhood,Ichhra,,,,,31.5298857,74.3107157,Lahore,Punjab,Pakistan,,,
376f68ec-131d-546a-aefb-4fdb4f3a5009,617292769,way,place,neighbourhood,والٹن فیلڈ,والٹن فیلڈ,Walton Field,,,31.4910943,74.3454626,Lahore,Punjab,Pakistan,,,
bdf04f61-53d8-5e30-a88f-67206ca9c8a8,626978713,way,place,neighbourhood,Model Town,,,,,31.4951644,74.3230996,Lahore,Punjab,Pakistan,,,
87e72c7e-9b70-5cc3-bb1d-e90c0971923a,627250829,way,place,neighbourhood,Garden Town,,,,,31.5050235,74.3214186,Lahore,Punjab,Pakistan,,,
d8e0cd6d-39ab-51f5-b952-d8a4dec6986f,1363773108,way,landuse,construction,,,,,,31.4928402,74.3454493,Lahore,Punjab,Pakistan,,,
53d3b3bf-a8ce-5e1e-b341-c117e0a36ace,333728827,way,leisure,park,,,,,,31.4835722,74.2999673,Lahore,Punjab,Pakistan,,,
aad1bc28-f7db-5818-bcf5-fe002468007d,360102320,way,amenity,place_of_worship,GOR V Masjid,,,,,31.4830333,74.3003774,Lahore,Punjab,Pakistan,,,
da70f581-5218-5cb3-a6fc-a06b84669543,360102329,way,leisure,park,Motia Park,,,,,31.4830501,74.3013146,Lahore,Punjab,Pakistan,,,
32e39538-e5ea-58f4-a36e-dcb9a4a80403,360102332,way,leisure,park,,,,,,31.4854597,74.3042159,Lahore,Punjab,Pakistan,,,
2247ff25-8082-5c2c-95a3-043bd53c8b1d,360102335,way,amenity,restaurant,College Canteen,,,,,31.4860802,74.2991145,Lahore,Punjab,Pakistan,,,
1b0caf6b-7a1e-590e-8296-60f8038a54d8,561233054,way,leisure,park,Love Garden,,,,"It is a place where devastated fastian can play thulla,rang rang,bluff,poker,etc. as boys don`t have any common room. This is also a meetup point for lovebirds mostly BBA.",31.4818234,74.3030038,Lahore,Punjab,Pakistan,,,
c7d1ca73-c455-5080-8e7a-e7a867e3540a,841040148,way,landuse,commercial,Cafeteria,,,,,31.48107,74.3039706,Lahore,Punjab,Pakistan,,,
2e955b55-4ce2-543d-a2ff-d84a5b365f3b,841040150,way,amenity,place_of_worship,,,,,,31.4826852,74.3033347,Lahore,Punjab,Pakistan,,,
b5f8c30e-ed47-50e3-9e08-e9aa2aa55acc,996202525,way,amenity,parking,,,,,,31.484818,74.2984769,Lahore,Punjab,Pakistan,,,
63f040b8-dd51-5dec-8882-f67f93576658,333727838,way,leisure,park,,,,,,31.4755321,74.305859,Lahore,Punjab,Pakistan,,,
77fd1f7a-87af-5864-8e97-a1c619123b2c,333869203,way,landuse,residential,,,,,,31.4758299,74.309919,Lahore,Punjab,Pakistan,,,
c191ac3e-3051-514f-9c7d-e062813d9060,333869204,way,landuse,residential,,,,,,31.4760459,74.31063,Lahore,Punjab,Pakistan,,,
c12b9f49-5b43-5c52-b9bb-bb696e9f39fc,333869205,way,landuse,residential,,,,,,31.4767624,74.3101658,Lahore,Punjab,Pakistan,,,
595000f9-0f2d-58a3-839f-23eee9920a92,333869206,way,landuse,residential,,,,,,31.4765427,74.3094386,Lahore,Punjab,Pakistan,,,
9055373e-29a3-5f81-ab13-896e4a840278,333869207,way,landuse,residential,,,,,,31.4773692,74.309292,Lahore,Punjab,Pakistan,,,
0e06fd58-88ae-5da0-950f-9c982fb80f18,333869208,way,landuse,residential,,,,,,31.4775826,74.3099694,Lahore,Punjab,Pakistan,,,
b4193824-2338-5f42-9d08-221a482f23a0,333869209,way,landuse,residential,,,,,,31.4783055,74.3095323,Lahore,Punjab,Pakistan,,,
ddc21b00-4e3a-5bce-be99-631780a611a3,333869265,way,landuse,residential,,,,,,31.4780851,74.3088259,Lahore,Punjab,Pakistan,,,
d098d5a9-0df9-510b-a673-5dfbe222121c,333869497,way,leisure,park,,,,,,31.4781836,74.3091263,Lahore,Punjab,Pakistan,,,
08445347-1f5a-58a4-bb48-da800b384533,333869498,way,leisure,park,,,,,,31.4775043,74.3097151,Lahore,Punjab,Pakistan,,,
704ade1a-6725-56b8-9d49-25ab2116493d,333869499,way,leisure,park,,,,,,31.4766355,74.3097322,Lahore,Punjab,Pakistan,,,
28c42410-6e12-594c-9051-2721165974da,333869500,way,leisure,park,,,,,,31.4759642,74.310362,Lahore,Punjab,Pakistan,,,
d9f04311-9634-5f6b-8f96-0cd75556428e,333883784,way,leisure,park,,,,,,31.4764605,74.3059212,Lahore,Punjab,Pakistan,,,
88a89f09-e940-57e5-9fce-aedf03d10cd8,333884239,way,amenity,fuel,پاکستان اسٹیٹ آئل,پاکستان اسٹیٹ آئل,Pakistan State Oil,,,31.4776204,74.3083161,Lahore,Punjab,Pakistan,پاکستان اسٹیٹ آئل,,
36a0278e-109e-5d17-b920-f7e5210b5e5c,360113302,way,leisure,park,,,,,,31.4792909,74.3088022,Lahore,Punjab,Pakistan,,,
60e507c2-e130-51c6-bf54-ce90e7127b4a,360113316,way,leisure,park,,,,,,31.4775439,74.3122247,Lahore,Punjab,Pakistan,,,
f480fc7f-c993-53e0-bcb6-c9b88282ebbb,360114866,way,amenity,place_of_worship,,,,,,31.4763789,74.3127148,Lahore,Punjab,Pakistan,,,
49cc6aa6-1cb2-5a7c-baf1-803eca646a35,360114869,way,amenity,place_of_worship,,,,,,31.4794364,74.3147092,Lahore,Punjab,Pakistan,,,
7b041a28-8e9f-5002-abb9-dc64dec271c2,291840755,way,leisure,park,West Garden,,,,,31.48184,74.3170482,Lahore,Punjab,Pakistan,,,
3f3de904-fba4-5354-b5e1-958e45fef91a,316694779,way,leisure,park,L Block Model Town Children Park,,,,,31.4869093,74.3076642,Lahore,Punjab,Pakistan,,,
8c98b0db-341a-5fc0-aadb-9b5ab68109b2,333872548,way,leisure,park,,,,,,31.4815603,74.3110008,Lahore,Punjab,Pakistan,,,
305c05f4-d728-5087-a0e6-762a3ffcb8c3,360113301,way,leisure,pitch,Cricket Ground,,,,,31.4800727,74.311341,Lahore,Punjab,Pakistan,,,
7496610f-da89-5108-9838-556434a699ea,360113312,way,amenity,parking,,,,,,31.4809861,74.3112461,Lahore,Punjab,Pakistan,,,
34af6fb1-e41f-5f67-a8db-3782f3bba11c,360114879,way,leisure,park,,,,,,31.4832729,74.3110297,Lahore,Punjab,Pakistan,,,
36f1ecb8-d551-5b75-9f4c-e66264b02208,618178549,way,place,neighbourhood,D Block,,,,,31.4899962,74.3179609,Lahore,Punjab,Pakistan,,,
75dcab6c-5c95-575f-bc01-a770262aae24,618178550,way,place,neighbourhood,E Block,,,,,31.4861479,74.3167769,Lahore,Punjab,Pakistan,,,
31c15117-5f6e-5aec-bc1d-b486689171a4,618178557,way,place,neighbourhood,K Block,,,,,31.4856925,74.3125686,Lahore,Punjab,Pakistan,,,
4e328552-644c-5fcc-ab37-885640dc1c82,1046023023,way,place,neighbourhood,M Block,,,,,31.4832619,74.3093674,Lahore,Punjab,Pakistan,,,
1cdd5b93-ff1b-59e1-aa13-b05bd3a083d7,1046028367,way,place,neighbourhood,L Block,,,,,31.4876491,74.3077998,Lahore,Punjab,Pakistan,,,
a57334e4-aab2-5165-a2a9-66011d50cbbe,316694780,way,leisure,park,,,,,,31.4845137,74.3088484,Lahore,Punjab,Pakistan,,,
ec8877e1-218d-59b1-91b6-db9c80ce9707,333872201,way,leisure,park,,,,,,31.4844065,74.3070283,Lahore,Punjab,Pakistan,,,
e7be0702-1cf5-5823-a65c-c453a1c25d3e,333872202,way,leisure,park,,,,,,31.4852084,74.3096114,Lahore,Punjab,Pakistan,,,
ee76da28-b863-547b-8958-7aa32410db6a,360113308,way,leisure,pitch,Cricket Ground,,,,,31.4821079,74.309517,Lahore,Punjab,Pakistan,,,
618a24fe-415e-52b7-b0c4-85df1f9ed064,360113309,way,leisure,park,,,,,,31.4808969,74.3099885,Lahore,Punjab,Pakistan,,,
cc740c02-0d54-5eb6-b041-bd9a67aa8af1,333872550,way,amenity,parking,,,,,,31.4812523,74.3116136,Lahore,Punjab,Pakistan,,,
0ce91465-faee-5cab-9b78-19690a8befd8,390901653,way,leisure,park,,,,,,31.4859644,74.3159988,Lahore,Punjab,Pakistan,,,
ccad5099-584a-5aa1-afb4-4e7495e11d1f,650942140,way,leisure,pitch,,,,,,31.4808557,74.315192,Lahore,Punjab,Pakistan,,,
6c89a9c9-4748-5705-97e8-6a2f09df0cc0,359823764,way,amenity,place_of_worship,,,,,,31.4924695,74.2936941,Lahore,Punjab,Pakistan,,,
bdcce0f3-0a36-58bc-878f-870c0f2801e9,500980113,way,tourism,hostel,JH Doctors Hostel,,,,,31.4874676,74.2976833,Lahore,Punjab,Pakistan,,,
813cbf26-ef90-5ada-9d8a-0a5a9c6b057a,500980114,way,leisure,park,Eice Muhammad Garden,,,,,31.4882407,74.2976264,Lahore,Punjab,Pakistan,,,
680d622a-7e7b-5629-8549-33034cdae6df,500980115,way,tourism,hostel,AIMC Hostel 3,,,,,31.4883291,74.2968803,Lahore,Punjab,Pakistan,,,
9487e98a-51b9-5eea-b4d3-26acdecb160b,352414686,way,leisure,swimming_pool,,,,,,31.4878911,74.2992061,Lahore,Punjab,Pakistan,,,
8f54f4a6-8e95-5530-848d-7ac6813c3dad,359823747,way,amenity,place_of_worship,Colony Masjid,,,,,31.4889791,74.3004765,Lahore,Punjab,Pakistan,,,
3c884bc8-316c-5320-8480-dfbf4c66ba38,360102337,way,tourism,hostel,C&W Rest House,,,,,31.4877202,74.3025437,Lahore,Punjab,Pakistan,,,
83274a3f-4790-5b20-bbf6-e2fe38035134,360102341,way,office,government,Special Managment Unit,,,,,31.486996,74.3017639,Lahore,Punjab,Pakistan,,,
be7588e7-6f84-5d83-8016-599153149c08,319504949,way,amenity,place_of_worship,جامع مسجد,جامع مسجد,Jamia Masjid,,,31.4982463,74.3046425,Lahore,Punjab,Pakistan,,,
1003bf5c-a087-539b-a757-04369de4fc2d,352414673,way,amenity,place_of_worship,AIMC Mosque,,,,,31.4870665,74.2981774,Lahore,Punjab,Pakistan,,,
37d0c388-2da3-55d1-8562-6e122d89b383,500980116,way,tourism,hostel,AIMC Hostel 2,,,,,31.4888769,74.2977565,Lahore,Punjab,Pakistan,,,
4e53577b-3f6c-5f68-b1a3-cfd6581906fb,500980117,way,tourism,hostel,AIMC Hostel 1,,,,,31.4880674,74.2984151,Lahore,Punjab,Pakistan,,,
94a67075-cf1c-584a-adfa-694edf3ace33,333874220,way,leisure,park,,,,,,31.4886686,74.3080835,Lahore,Punjab,Pakistan,,,
eaf86f32-306e-5875-8dad-368bee9d921a,359826097,way,amenity,place_of_worship,,,,,,31.491272,74.3092948,Lahore,Punjab,Pakistan,,,
1aa37044-0284-5d6c-b026-ad36e6242aa1,359917729,way,amenity,place_of_worship,,,,,,31.4907502,74.3106801,Lahore,Punjab,Pakistan,,,
8352d775-8685-59b6-a240-bb2e60a3840f,359917730,way,leisure,garden,Punjab Univerisity Botenical Gardens,,,,,31.4888726,74.3074695,Lahore,Punjab,Pakistan,,,
cf4d730d-7d65-5b48-962e-f962200a1ccf,359917728,way,amenity,fuel,,,,,,31.4901529,74.3117858,Lahore,Punjab,Pakistan,,,
a399f857-1e83-5ca1-8f54-f18928608db6,360113296,way,leisure,park,,,,,,31.4904694,74.313337,Lahore,Punjab,Pakistan,,,
d429691a-7383-58d7-83cf-3d0c3896243a,360113297,way,leisure,park,,,,,,31.4894036,74.312712,Lahore,Punjab,Pakistan,,,
41da6c61-0e21-5da5-aea1-36e885010b98,363567255,way,leisure,park,طارق بلاک,,,,,31.4927057,74.3135206,Lahore,Punjab,Pakistan,,,
75cc78c5-6091-5fd1-ba15-219eb14f5b4f,352416933,way,leisure,sports_centre,University of Punjab Sports Complex,,,,,31.4953012,74.3111368,Lahore,Punjab,Pakistan,,,
454ab908-fa33-52b2-8260-e023a5125ad6,352416935,way,leisure,pitch,Cricket Ground,,,,,31.4999036,74.3145168,Lahore,Punjab,Pakistan,,,
8993509d-f3e0-55e7-a12a-07629e828f30,352416936,way,leisure,pitch,Punjab University Football Ground,,,,,31.4995217,74.3124499,Lahore,Punjab,Pakistan,,,
4c28899b-4f95-5c44-a830-6821b62af9cb,352416937,way,leisure,pitch,,,,,,31.4977151,74.310951,Lahore,Punjab,Pakistan,,,
5efeb4a6-4f28-5bf9-b09f-35f9f6e72a6e,363567256,way,leisure,playground,,,,,,31.4978776,74.3180742,Lahore,Punjab,Pakistan,,,
f5750b4b-fdcf-5ac6-ae5d-19632aeca070,618178546,way,place,neighbourhood,اورنگزیب بلاک,اورنگزیب بلاک,Aurangzeb Block,,,31.4962945,74.3155061,Lahore,Punjab,Pakistan,,,
c2704afe-33df-5305-a9a7-635ff5bf521b,618178547,way,place,neighbourhood,اتاتُرک بلاک,اتاتُرک بلاک,Attaturk Block,,,31.4944678,74.31768,Lahore,Punjab,Pakistan,,,
1c95b0c2-f253-5ea7-be4d-1ba8fd490926,618178548,way,place,neighbourhood,طارق بلاک,,Tariq Block,,,31.4927817,74.3126764,Lahore,Punjab,Pakistan,,,
1367e717-6008-5333-9960-4bec50018a5c,1009823627,way,place,neighbourhood,ایبک بلاک,ایبک بلاک,Aibak Block,,,31.4989725,74.3185,Lahore,Punjab,Pakistan,,,
e6f841a7-6acc-5f4a-b269-7f85fab0e800,360102319,way,leisure,swimming_pool,Univerisity Swimming Pool,,,,,31.497168,74.3085507,Lahore,Punjab,Pakistan,,,
e8d255eb-f30d-5ebd-826d-d7cfab4943a9,360108924,way,leisure,park,Aurangzeb Block Park,,,,,31.4953427,74.3152508,Lahore,Punjab,Pakistan,,,
d6ce2414-427b-5221-88d0-feadd8d90aad,360108925,way,leisure,park,,,,,,31.496652,74.3164297,Lahore,Punjab,Pakistan,,,
cf832456-0a9e-5896-95ac-4663b7d939e4,772249715,way,office,company,Ghani Group,,,,,31.4977584,74.3172063,Lahore,Punjab,Pakistan,,Yes,Q17021674
59ec2f11-cc6c-543d-b233-c4216fca02ce,360114875,way,amenity,place_of_worship,F Block Mosque,,,,,31.4782076,74.3199003,Lahore,Punjab,Pakistan,,,
e2f2a79e-7429-50f7-a652-5062f21db874,283424596,way,leisure,park,,,,,,31.476812,74.3294638,Lahore,Punjab,Pakistan,,,
88e02337-41b6-5703-9015-8c96b01067c2,173961470,way,leisure,park,Model Town Park,,,,,31.484636,74.3262318,Lahore,Punjab,Pakistan,,,
2b1407f0-9c12-5767-8b96-a18b5930c378,283424588,way,leisure,playground,South Garden,,,,cricket; hockey and football fields,31.479102,74.3285204,Lahore,Punjab,Pakistan,,,
8c9df748-0e1c-58b0-8048-277cef1032f0,360114874,way,leisure,pitch,West Garden,,,,,31.4824955,74.3191562,Lahore,Punjab,Pakistan,,,
665a5810-3196-5c2d-9da3-0ae0ae5cd68f,507935736,way,leisure,sports_centre,,,,,,31.4815064,74.3226883,Lahore,Punjab,Pakistan,,Model Town Swimming Club,
e995a720-1b0f-527b-bad8-5acb32e3e4af,507935737,way,leisure,pitch,,,,,,31.4818272,74.323037,Lahore,Punjab,Pakistan,,,
39518ac1-fd2d-5d88-b76c-4a1864002124,507935738,way,leisure,pitch,,,,,,31.4818265,74.3234279,Lahore,Punjab,Pakistan,,,
60136b35-2f88-5e6b-836f-cdd88d547c0c,507935739,way,leisure,pitch,,,,,,31.4818208,74.3232331,Lahore,Punjab,Pakistan,,,
42911740-2e3d-506f-b479-d79ff48eec8a,351390772,way,leisure,park,,,,,,31.4853923,74.3304068,Lahore,Punjab,Pakistan,,,
5edcd39f-a9b5-505b-b4f9-68bf389bd4fe,360114889,way,amenity,place_of_worship,A Block Mosque,,,,,31.4827107,74.3300777,Lahore,Punjab,Pakistan,,,
a9fd71a3-ab96-5993-8b31-16fbec76472f,784735027,way,amenity,bank,ایچ بی ایل پاکستان,ایچ بی ایل پاکستان,Habib Bank Limited,,,31.48086,74.3290635,Lahore,Punjab,Pakistan,ایچ بی ایل پاکستان,,
3351a490-05db-5907-b632-44de810296fa,363598895,way,amenity,parking,,,,,,31.4763411,74.3367813,Lahore,Punjab,Pakistan,,,
4c295f71-1cb2-5433-b1c1-716ebbc7c014,363598893,way,leisure,park,,,,,,31.4763385,74.3421028,Lahore,Punjab,Pakistan,,,
e75ca654-54e5-5c7f-9e09-92390115c512,363603203,way,landuse,industrial,ICI Paints,,,,,31.4769862,74.3407437,Lahore,Punjab,Pakistan,,,
323546a4-4161-5f30-9696-3b333c45687c,363603205,way,leisure,park,,,,,,31.4787728,74.3392872,Lahore,Punjab,Pakistan,,,
aeea4c25-19b1-5c06-9777-fd342240b1c2,363603206,way,leisure,park,,,,,,31.4782924,74.3412023,Lahore,Punjab,Pakistan,,,
c4211555-b31c-56b3-b254-a33f521a6478,173961331,way,leisure,park,,,,,,31.4879482,74.3376105,Lahore,Punjab,Pakistan,,,
087bcdd4-3353-5e22-bce2-ab4de682905a,291840754,way,leisure,park,East Garden,,,,,31.487498,74.335353,Lahore,Punjab,Pakistan,,,
88e8e7f5-404e-5382-a005-a880388da204,317476381,way,leisure,park,Ittefaq Hospital Park,,,,,31.476359,74.3381445,Lahore,Punjab,Pakistan,,,
882a60aa-4c33-56a2-87c7-b94b7a16213e,383245067,way,healthcare,hospital,Gulab Devi Memorial Hospital,,,,,31.4821456,74.3439002,Lahore,Punjab,Pakistan,,,
fafe42bd-58fe-53d3-b877-a3aac6283e7d,618178553,way,place,neighbourhood,A Block,,,,,31.483067,74.3357446,Lahore,Punjab,Pakistan,,,
af6caf2e-f092-5d11-b775-09184df81775,618188513,way,place,neighbourhood,Gopal Nagar,,,,,31.4866537,74.3439839,Lahore,Punjab,Pakistan,,,
2982cb57-0ada-590e-8cc7-f15b00b8f7b5,618188514,way,place,neighbourhood,Bhabra,,,,,31.4889921,74.3416645,Lahore,Punjab,Pakistan,,,
48e128bc-053b-5456-a799-d441379413e8,695750708,way,amenity,place_of_worship,Block A Mosque,,,,,31.4830181,74.3355223,Lahore,Punjab,Pakistan,,,
59dbd621-34da-5a2c-bc92-d8cfa96497a5,363598878,way,amenity,place_of_worship,Jameya Masjid and Graveyard,,,,,31.4861953,74.3433693,Lahore,Punjab,Pakistan,,,
4f986421-ec68-5461-8829-0738a2ed8993,283423876,way,leisure,pitch,Cricket Ground,,,,,31.492109,74.3230654,Lahore,Punjab,Pakistan,,,
48e10349-3f23-5452-b013-0f91bf304694,359917731,way,amenity,place_of_worship,D Block Mosque,,,,,31.4901757,74.3185725,Lahore,Punjab,Pakistan,,,
856fd39f-d345-5244-89a9-daf5a6dcf1bb,695750372,way,tourism,attraction,Block D Temple (Abandoned),,,,,31.4898915,74.3187525,Lahore,Punjab,Pakistan,,,
bee6b217-bf00-599c-bb0a-9a35005ba271,334968954,way,amenity,parking,,,,,,31.4880394,74.328113,Lahore,Punjab,Pakistan,,,
b6d1efea-45ff-5baf-88c5-026db99c9865,360113290,way,amenity,place_of_worship,Shah Ismail Masjid,,,,,31.4879513,74.3271007,Lahore,Punjab,Pakistan,,,
bcd3a5a4-517b-51a1-9f47-008c095ea637,283423893,way,leisure,pitch,Cricket Ground,,,,,31.4904702,74.3237403,Lahore,Punjab,Pakistan,,,
328e7db1-d55d-50f0-8271-e7295b6fcab1,360108934,way,leisure,pitch,,,,,,31.493179,74.3226747,Lahore,Punjab,Pakistan,,,
2e3900cb-61e3-56da-9837-419a358f7c69,360108935,way,leisure,park,North Garden,,,,,31.4893688,74.3241948,Lahore,Punjab,Pakistan,,,
75fcd5fc-4505-5f84-9c0d-6548f62df4d6,363567248,way,leisure,park,,,,,,31.4996621,74.3213056,Lahore,Punjab,Pakistan,,,
fdaf7071-195e-5ab5-9d32-2ac4b2b06e8f,544501216,way,amenity,place_of_worship,,,,,,31.4995092,74.3241975,Lahore,Punjab,Pakistan,,,
74a54ee9-4b12-50ee-ac93-7a386a470a50,618178551,way,place,neighbourhood,C Block3,,,,,31.492833,74.3280178,Lahore,Punjab,Pakistan,,,
598b2a46-cf0f-5bb8-9dd2-ba6235648618,618178552,way,place,neighbourhood,B Block,,,,,31.4918153,74.3324349,Lahore,Punjab,Pakistan,,,
d32d300d-b6c8-5373-9450-108239384d09,1009823628,way,place,neighbourhood,بابر بلاک,بابر بلاک,Babar Block,,,31.4988793,74.3248662,Lahore,Punjab,Pakistan,,,
37f170d4-8f74-5ca5-856e-2fc1ac2d8812,1009823629,way,place,neighbourhood,ٹیپوُ بلاک,,Tipu Block,,,31.5015238,74.3298011,Lahore,Punjab,Pakistan,,,
09404d07-ddd4-5d3b-97d4-924dd901b0d8,1009823630,way,place,neighbourhood,شیر شاہ بلاک,شیر شاہ بلاک,Sher Shah Block,,,31.496,74.3215301,Lahore,Punjab,Pakistan,,,
7ec3a4a1-4c80-5f18-921f-3b923650796d,283328557,way,leisure,park,,,,,,31.4974063,74.3209342,Lahore,Punjab,Pakistan,,,
81d4b35c-bb70-5cab-a8e1-c40966550df3,283330149,way,office,company,PSEB,,,,,31.4966836,74.3192389,Lahore,Punjab,Pakistan,,,
39d0b5cf-6ef2-5f25-863d-2a31750a032e,283330419,way,amenity,place_of_worship,شیر شاہ,,,,,31.4939682,74.3203259,Lahore,Punjab,Pakistan,,,
ece5e7db-d250-556c-bd4e-54156717d3d5,283330959,way,leisure,park,,,,,,31.4950308,74.3206663,Lahore,Punjab,Pakistan,,,
427d0821-587c-5233-921c-4c3aabbc604d,360108926,way,leisure,park,,,,,,31.4959228,74.3181141,Lahore,Punjab,Pakistan,,,
20bdd26c-051c-5952-b28d-d26e009e72db,363567246,way,amenity,place_of_worship,,,,,,31.4991153,74.3227655,Lahore,Punjab,Pakistan,,,
04ecb456-c137-5c51-b9ad-d17130e4e387,695750629,way,amenity,place_of_worship,Block B Gurdwara (Abandoned),,,,,31.4910216,74.3322514,Lahore,Punjab,Pakistan,,,
8a4f81ce-2d53-53cc-a14f-2e513e689e95,363598868,way,landuse,cemetery,,,,,,31.4909582,74.3398703,Lahore,Punjab,Pakistan,,,
f9a0756d-d082-55fb-983f-485d8bd1e28b,363598875,way,leisure,park,,,,,,31.4879255,74.3419169,Lahore,Punjab,Pakistan,,,
dabaac88-3789-5148-a5a5-89b65d36fe13,363598877,way,leisure,park,,,,,,31.4871547,74.3427752,Lahore,Punjab,Pakistan,,,
58b91dfd-145c-5031-960e-473a51d6f1fc,357423515,way,leisure,park,,,,,,31.5114783,74.298035,Lahore,Punjab,Pakistan,,,
93f14be6-1161-5cf9-a95f-6815d400c90a,523610752,way,leisure,park,Professors' Colony Jogging Track,,,,,31.5031114,74.3034434,Lahore,Punjab,Pakistan,,,
6e457a0e-ac19-5079-abe5-4fd93a195732,1009392572,way,place,neighbourhood,وحدت کالونی,,Wahdat Colony,,,31.5154988,74.3079623,Lahore,Punjab,Pakistan,,,
d74d673c-30ea-5c30-890c-5c18a0a5b753,1009506893,way,place,neighbourhood,کالج بلاک,کالج بلاک,College Block,,,31.5105129,74.2989376,Lahore,Punjab,Pakistan,,,
68a80239-e6f4-57cf-bd28-5958a8648432,1009506895,way,place,neighbourhood,ہُنزہ بلاک,ہنزہ بلاک,Hunza Block,,,31.5137296,74.2962921,Lahore,Punjab,Pakistan,,,
0b956dad-c50c-5ea2-a09e-1b3ca39a38e2,1009506896,way,place,neighbourhood,نجف کالونی,نجف کالونی,Najaf Colony,,,31.5123573,74.2949208,Lahore,Punjab,Pakistan,,,
f2a59802-e829-5dd1-9228-eed0115c0d8b,1009506900,way,place,neighbourhood,آصف بلاک,آصف بلاک,Asif Block,,,31.5144564,74.3001515,Lahore,Punjab,Pakistan,,,
86ffa906-d4d2-53b8-af36-c75edb58c1df,1009506894,way,leisure,park,تکونی پارک,,,,,31.5125299,74.2965093,Lahore,Punjab,Pakistan,,,
dfef04a5-513a-50b7-8122-51e1991b621a,359363038,way,amenity,fuel,ٹوٹل,ٹوٹل,Total,,,31.5109509,74.3002016,Lahore,Punjab,Pakistan,طوطال,ٹوٹل پارکو,
b98b0267-8936-531d-80d6-355d0be0538d,352383718,way,amenity,bank,ایچ بی ایل پاکستان,ایچ بی ایل پاکستان,Habib Bank Limited,,,31.5038368,74.3072951,Lahore,Punjab,Pakistan,ایچ بی ایل پاکستان,,
98dcdc51-73c1-55cc-adf0-a7cac68cbaba,352383719,way,amenity,place_of_worship,,,,,,31.5046642,74.3077018,Lahore,Punjab,Pakistan,,,
c7c64046-d213-5b07-b67c-45a724cf1f2d,328815307,way,landuse,cemetery,Garden Town Cemetry,,,,,31.5039485,74.3158561,Lahore,Punjab,Pakistan,,,
b7555d31-09a9-5f8b-b8d0-ff3e02c14d4c,352416934,way,leisure,pitch,,,,,,31.501361,74.3143846,Lahore,Punjab,Pakistan,,,
66ac253e-be2a-5312-bc54-6be1d7de0877,230676451,way,healthcare,hospital,Shaikh Zayed Medical Complex,,,,,31.5091116,74.3089963,Lahore,Punjab,Pakistan,,,
d4c17734-3ee0-5ef5-97f1-28f8e1a91d58,283585798,way,leisure,park,,,,,,31.5104637,74.3125273,Lahore,Punjab,Pakistan,,,
b7419618-ed7d-5dc4-bd4d-c4279ccdb848,1009392568,way,place,neighbourhood,احمد بلاک,,Ahmed Block,,,31.5077651,74.3189522,Lahore,Punjab,Pakistan,,,
d7825969-849e-575e-87ef-d7950ea8b2e3,1009392571,way,place,neighbourhood,عثمان بلاک,عثمان بلاک,Usman Block,,,31.5023858,74.3179708,Lahore,Punjab,Pakistan,,,
9442d3a8-5fb0-55a4-bfc4-a8acfb070f56,357400964,way,leisure,park,,,,,,31.5156257,74.2934857,Lahore,Punjab,Pakistan,,,
50be2aa3-3525-5179-9684-7c68bb47b294,296565337,way,leisure,park,,,,,,31.5182203,74.2978076,Lahore,Punjab,Pakistan,,,
1a050412-6063-5930-a5f5-637b95d8c158,1009506899,way,place,neighbourhood,پاک بلاک,پاک بلاک,Pak Block,,,31.5177259,74.2970627,Lahore,Punjab,Pakistan,,,
928761b0-b977-5128-a97c-c259576852c0,1009521439,way,place,neighbourhood,چناب بلاک,,Chenab Block,,,31.5200715,74.2948088,Lahore,Punjab,Pakistan,,,
aa2288bd-d907-5f97-827b-9cc5a8ab6bf7,1273107563,way,leisure,park,Tikoni Park,,,,,31.5165546,74.2981325,Lahore,Punjab,Pakistan,,,
cef326e9-7512-5a47-962d-78f4012192cf,1009521438,way,leisure,park,چناب بلاک پارک,,Chenab Block Park,,,31.52158,74.2964386,Lahore,Punjab,Pakistan,,,
fd0d6dcd-a896-5b31-bee6-5fb21309cf2b,296565303,way,leisure,park,,,,,,31.5237801,74.2987318,Lahore,Punjab,Pakistan,,,
4047edb5-31cc-5901-96e9-52309f187f2b,618216993,way,leisure,park,علی پارک,علی پارک,Ali Park,,,31.5212954,74.3011045,Lahore,Punjab,Pakistan,,,
6e723063-732b-5889-9a10-659baa91b775,321064820,way,leisure,park,,,,,,31.51624,74.3089652,Lahore,Punjab,Pakistan,,,
e3273382-8e69-5d62-a719-ff5a735e4765,321064821,way,leisure,pitch,,,,,,31.5150512,74.3098004,Lahore,Punjab,Pakistan,,,
951874f0-fc26-5f8b-8d90-9a4f29acc98e,283583667,way,leisure,park,,,,,,31.5159231,74.3170364,Lahore,Punjab,Pakistan,,,
238ee8b6-96ab-555d-ad7c-cf3ced447ae1,283584143,way,leisure,park,,,,,,31.5134269,74.312257,Lahore,Punjab,Pakistan,,,
73eb0cce-466c-552d-be4a-a68a3e5f354d,283321162,way,leisure,park,,,,,,31.5213373,74.3180993,Lahore,Punjab,Pakistan,,,
a056a3b8-9bf2-5f35-b071-265cee8e0537,612407251,way,landuse,cemetery,Shah Kamal Cemetery,,,,,31.5234065,74.3115642,Lahore,Punjab,Pakistan,,,
0ce25438-0c84-5f99-a24a-cd5ab64f875c,612407252,way,amenity,place_of_worship,Shrine of Baba Shah Kamal,,,,,31.5234035,74.3113288,Lahore,Punjab,Pakistan,,,
832919b6-94df-5e6e-9f68-04547a26bf7f,321065894,way,leisure,park,Usman Block Park,,,,,31.5023649,74.3188242,Lahore,Punjab,Pakistan,,,
cb7f78da-b860-5d2e-8ca2-abf4c535054d,321065895,way,leisure,park,Ghousia Triangle Park,,,,,31.5019474,74.3204066,Lahore,Punjab,Pakistan,,,
ec90048d-ce42-582e-a9e1-d650cf54e1f3,363567247,way,amenity,parking,,,,,,31.500559,74.3209015,Lahore,Punjab,Pakistan,,,
0b202583-85aa-5461-a2bd-8a644fd19ae7,618188832,way,place,village,جیون ھانہ,,Jevan Hana,,,31.5037072,74.3215419,Lahore,Punjab,Pakistan,,,
42fd9830-d601-5167-b4bd-100c99e343ed,1009392570,way,place,village,جیون ہانہ,جیون ہانہ,Jevan Hana,,,31.5037197,74.3215419,Lahore,Punjab,Pakistan,,,
8f7b8ec3-b2fb-5214-b0ae-4e8ed87dd11a,321065892,way,leisure,park,Ali Block Park,,,,,31.503183,74.3265788,Lahore,Punjab,Pakistan,,,
11a12e9b-3689-54a7-be11-b98b8d6ffe76,363567235,way,healthcare,hospital,Masood Hospital,,,,,31.5052927,74.3304229,Lahore,Punjab,Pakistan,,,
25f3df0b-3844-5bb8-a277-0a942ab3d38d,899824155,way,amenity,bank,الائیڈ بینک,الائیڈ بینک,Allied Bank,,,31.5031151,74.3294981,Lahore,Punjab,Pakistan,الائیڈ بینک,الائیڈ بینک لمیٹڈ,
ce3ac1c0-6984-5356-9f5c-f1c8fad057d1,993822060,way,amenity,parking,,,,,,31.505342,74.3305996,Lahore,Punjab,Pakistan,,,
204eab37-bb42-58d7-ae07-93d0c435a135,233583349,way,leisure,sports_centre,,,,,,31.5130818,74.3295724,Lahore,Punjab,Pakistan,,Punjab Sports Board,
4fe4aa66-e04b-5911-b7b0-2bbc9c44d363,233583350,way,leisure,sports_centre,,,,,,31.5129624,74.3301573,Lahore,Punjab,Pakistan,,,
ffc2d1f9-296d-56a4-bc58-24970a7eb8ec,283326638,way,leisure,park,Ibsta Tech,,,,,31.5117096,74.3245149,Lahore,Punjab,Pakistan,,,
c2cf7073-58c2-5eed-b88a-d1cb233e5546,283586373,way,leisure,park,,,,,,31.5065301,74.3194951,Lahore,Punjab,Pakistan,,,
eeaa5aec-b2f2-5f0b-bb5b-98b77f84e604,664356579,way,leisure,swimming_pool,,,,,,31.5130228,74.3295737,Lahore,Punjab,Pakistan,,,
3a457457-9494-5b78-9759-0fe7ff88c6ac,664356580,way,leisure,swimming_pool,,,,,,31.5129867,74.3301416,Lahore,Punjab,Pakistan,,,
63cb4a18-598a-5a0d-b7f3-b154d91540da,1009392567,way,place,neighbourhood,ابوبکر بلاک,,Abu Bakar Block,,,31.5146048,74.324672,Lahore,Punjab,Pakistan,,,
16995cf0-f9ad-54d9-995d-2ef27a7a40ca,1009392569,way,place,neighbourhood,گارڈن بلاک,گارڈن بلاک,Garden Block,,,31.5063708,74.3261739,Lahore,Punjab,Pakistan,,,
906493a5-82e7-5589-be04-e41bb710ccd7,283327145,way,amenity,place_of_worship,,,,,,31.509865,74.3246624,Lahore,Punjab,Pakistan,,,
0735f92f-74b2-558a-966f-168a957a08ca,1213130453,way,leisure,pitch,,,,,,31.5112355,74.3305321,Lahore,Punjab,Pakistan,,,
994ef356-492a-5da0-845e-9cef1bab7132,1213130454,way,leisure,pitch,,,,,,31.5111895,74.3303411,Lahore,Punjab,Pakistan,,,
6934c546-6817-55a8-b767-df21635c7f44,1213130455,way,leisure,pitch,,,,,,31.5111448,74.3301587,Lahore,Punjab,Pakistan,,,
636d6b63-3207-5c3d-b54b-0e7a93217d32,1213130456,way,leisure,pitch,,,,,,31.5111031,74.3299761,Lahore,Punjab,Pakistan,,,
d031c8b6-4f08-51a4-afa5-6ef4612b80c6,1213130457,way,leisure,pitch,,,,,,31.5110562,74.329786,Lahore,Punjab,Pakistan,,,
21b42102-5a84-55a1-9a23-cfa1e6545eca,363567232,way,shop,car_repair,HONDA,,,,,31.5056636,74.3316483,Lahore,Punjab,Pakistan,,,
b4c9faa5-f356-5316-88e3-c79dd9e3f6fe,172700971,way,leisure,stadium,قذافی اسٹیڈیم,قذافی اسٹیڈیم,Gaddafi Stadium,,,31.5133941,74.3334631,Lahore,Punjab,Pakistan,,پاکستان کرکٹ بورڈ,Q1490881
a76bdf3e-373e-59e6-9dfa-f33f356dbadb,233583347,way,amenity,parking,Liberty Markit Parking,,,,,31.5101025,74.3445838,Lahore,Punjab,Pakistan,,,
64e6f678-2fc2-5f19-99b1-71492727e38d,234238657,way,leisure,park,,,,,,31.5099785,74.3445353,Lahore,Punjab,Pakistan,,,
db01d6f8-600e-59c7-bbb8-2f4cd9056cb1,234238658,way,landuse,commercial,,,,,,31.5101797,74.3446025,Lahore,Punjab,Pakistan,,,
3615f376-6f00-5a77-92ba-1867ce222208,283334387,way,leisure,pitch,National Cricket Academy Ground,,,,,31.5128355,74.3360914,Lahore,Punjab,Pakistan,,,
f8bcb2d9-9a5a-50c2-92d8-43b2fd7492fe,291407238,way,leisure,park,National Bank Park,,,,,31.5060369,74.3340372,Lahore,Punjab,Pakistan,,,
384a99f5-ecb5-5c47-a2d4-158159575396,291409483,way,leisure,park,Jam-e-Shireen Park,,,,,31.5067897,74.3430537,Lahore,Punjab,Pakistan,,,
8b81dfad-349c-5b87-98b4-41e475dae8e5,618180107,way,place,neighbourhood,لبرٹی مارکیٹ,لبرٹی مارکیٹ,Liberty Market,,,31.5113332,74.3459228,Lahore,Punjab,Pakistan,,,
39908317-49df-542b-b9d3-3ff3158b00ad,626975669,way,place,neighbourhood,گلبرگ,گلبرگ,Gulberg,,,31.5132312,74.3466266,Lahore,Punjab,Pakistan,,,
72e5f611-b7e5-5c14-abe8-8d0cfd428517,824901962,way,leisure,pitch,,,,,,31.513379,74.33347,Lahore,Punjab,Pakistan,,,
0b6ffcfb-5e7d-51a9-8f76-b5835a4cf5fe,824901963,way,leisure,stadium,قذافی اسٹیڈیم,قذافی اسٹیڈیم,Gaddafi stadium,,,31.5133941,74.3334631,Lahore,Punjab,Pakistan,,پاکستان کرکٹ بورڈ,Q1490881
200ae00f-6c65-55f2-90be-4bc9514f81ae,905333178,way,landuse,commercial,Liberty Market,,,,,31.5101743,74.3445743,Lahore,Punjab,Pakistan,,,
8545f71e-5391-54d7-8641-c854d63af5cb,27736281,way,leisure,pitch,,,,,,31.5112476,74.3367541,Lahore,Punjab,Pakistan,,,
6d1759c9-c162-519e-8ac4-76283ec6a073,27736338,way,leisure,stadium,Punjab Stadium,,,,,31.5107861,74.3319594,Lahore,Punjab,Pakistan,,,Q2741438
155acd77-6c91-54bd-86fa-4f380f8f192d,171870176,way,leisure,pitch,,,,,,31.5110119,74.3351457,Lahore,Punjab,Pakistan,,,
77ac7163-a8ca-51d2-bc22-7128f92c029a,171872784,way,leisure,pitch,,,,,,31.510778,74.3320359,Lahore,Punjab,Pakistan,,,
591ee47a-2ab2-5e49-b21b-3b0c54f34218,172700972,way,leisure,stadium,National Hockey Stadium,,,,,31.5109863,74.3351503,Lahore,Punjab,Pakistan,,PAKISTAN HOCKEY FEDERATION,Q6973390
dca063c3-c02a-5c89-9fd8-f489c3d632e5,347293905,way,shop,mall,,,,,,31.5071555,74.336066,Lahore,Punjab,Pakistan,,,
0c5b74c5-51cb-581b-bcd7-1c68e7f27ac1,1213130458,way,leisure,pitch,,,,,,31.5122541,74.3310926,Lahore,Punjab,Pakistan,,,
e0e6150e-d54b-5cbb-a91e-7f9b35b85e25,333802271,way,amenity,parking,,,,,,31.509741,74.34098,Lahore,Punjab,Pakistan,,,
77c5ac1f-f5bc-5583-b7ee-19133b0985e6,333802972,way,amenity,fuel,شیل,شیل,Shell,,,31.5099948,74.341752,Lahore,Punjab,Pakistan,شیل,,
ee6d137b-b4a9-5bfc-951c-beeb07c0c925,363567266,way,healthcare,hospital,یونائیٹڈ کرسچن ہسپتال,یونائیٹڈ کرسچن ہسپتال,United Christian Hospital,,,31.5083259,74.3410879,Lahore,Punjab,Pakistan,,,
e7ff3ad5-fd2c-58af-92f3-4c185ab6eb59,670305883,way,shop,mall,Aashiana Shopping Centre,,,,,31.5125634,74.3426296,Lahore,Punjab,Pakistan,,,
beb4cc95-c485-5788-bf34-76813baa0020,800373034,way,amenity,post_office,,,,,,31.5108582,74.3431681,Lahore,Punjab,Pakistan,,,
18e79a24-db21-5057-98c4-db80b168608d,800373035,way,amenity,police,Gulberg Police Station,,,,,31.5111809,74.3427391,Lahore,Punjab,Pakistan,,,
ac999ed5-7260-5923-8454-9ed8ea47fd8d,967242976,way,leisure,park,Liberty Fountain,,,,,31.5106163,74.3407378,Lahore,Punjab,Pakistan,,,
4303b1c0-d1c7-5b54-a815-99583032d578,283555759,way,amenity,fuel,,,,,,31.5209422,74.3242489,Lahore,Punjab,Pakistan,,,
64accf54-633d-5652-954f-253d7eb5d819,528054377,way,amenity,parking,FCC car parking,,,,Car parking used by students and teachers of FCC,31.5220033,74.3304627,Lahore,Punjab,Pakistan,,,
cbc677d2-96c4-5f3c-81a9-971cecbd1599,607859558,way,place,neighbourhood,Fazalia Colony,,,,,31.5253061,74.3271268,Lahore,Punjab,Pakistan,,,
b1d685c1-c984-5a0f-827d-6f71c40ec212,612407784,way,place,neighbourhood,Shah Jamal,,,,,31.5250939,74.3275694,Lahore,Punjab,Pakistan,,,
55cf325a-7838-5bac-8c04-3f87be031ec8,283320909,way,leisure,park,Cricket Ground,,,,,31.5198084,74.3190878,Lahore,Punjab,Pakistan,,,
ae7e3af9-a86c-5635-949e-7e2111f92f8d,283321298,way,leisure,park,D-Block Park,,,,,31.5213203,74.3200011,Lahore,Punjab,Pakistan,,,
339ddb02-0b14-53b9-adee-884326ffa787,1013989912,way,leisure,park,عطاری قادری گراؤنڈ,,Attari Qadri Ground,,,31.5238066,74.3200166,Lahore,Punjab,Pakistan,,,
54964d1d-b479-5c67-91cb-14df2b167dda,841051836,way,tourism,hostel,,,,,,31.5230729,74.3308323,Lahore,Punjab,Pakistan,,,
b05e9ac5-9767-55b5-a74a-1d98e2ff7b88,347293919,way,leisure,sports_centre,National Cricket Acaddemy,,,,,31.514478,74.3353134,Lahore,Punjab,Pakistan,,,
3034fb2a-70df-53b9-845e-d8468ef810d2,528052766,way,amenity,place_of_worship,فورمن کرسچین کالج مسجد,فورمن کرسچین کالج مسجد,Forman Christian College Masjid,,,31.5192306,74.3364237,Lahore,Punjab,Pakistan,,,
e4f25ca5-a008-570e-bf74-1da8d7e88852,291831345,way,shop,mall,Pace Mall,,,,,31.5153227,74.3425238,Lahore,Punjab,Pakistan,,,
9b3bdac0-c7be-57a5-9c6f-6c17a16f31fb,344143547,way,shop,mall,Asif Computers,,,,,31.5158669,74.3409816,Lahore,Punjab,Pakistan,,Asif,
869fba2a-dd4a-53f2-8e80-ff0e5d410726,344143548,way,shop,mall,,,,,,31.5155485,74.3420207,Lahore,Punjab,Pakistan,,,
ade57039-1c8b-5685-b7f0-c4b1e2d4b721,344143549,way,shop,mall,,,,,,31.5156814,74.3416808,Lahore,Punjab,Pakistan,,,
6459411b-3c91-5f05-b929-7da2096ddd12,344143550,way,amenity,bank,,,,,,31.5151329,74.3419717,Lahore,Punjab,Pakistan,,,
88636434-7121-5811-83db-f2220ac79d58,618210812,way,leisure,park,FCC Park,,,,,31.5261625,74.3369582,Lahore,Punjab,Pakistan,,,
2519598d-ff0c-57ff-922e-641f9d32e2df,800536539,way,amenity,bank,Habib Metro Bank,,,,,31.5154047,74.3442403,Lahore,Punjab,Pakistan,,,
4712c819-58e2-5b94-bbfc-f6aab67a4b8e,1009392760,way,place,neighbourhood,کینال پارک,,Canal Park,,,31.5266361,74.3430623,Lahore,Punjab,Pakistan,,,
93b99fb4-5a1e-5350-894a-1e18c4160277,453962924,way,leisure,park,,,,,,31.5218992,74.3332394,Lahore,Punjab,Pakistan,,,
ec9ae5bd-a324-59c9-b7c8-2b2dea12bdd9,453963450,way,leisure,pitch,Fccu basket ball court,,,,,31.5228548,74.3324008,Lahore,Punjab,Pakistan,,,
55ea7a56-e71d-5822-8087-4708081e14b6,453964390,way,leisure,swimming_pool,FCCU swimingpool,,,,,31.5230908,74.3320484,Lahore,Punjab,Pakistan,,,
72a8c1ae-574f-5184-874a-b364aff61156,528052763,way,leisure,park,London Bridge,,,,,31.5215497,74.3331277,Lahore,Punjab,Pakistan,,,
9284fef6-f2e6-53c7-a231-57fa1ab56bbd,528054977,way,tourism,hostel,Griswold Hall,,,,,31.5213237,74.3358833,Lahore,Punjab,Pakistan,,,
9ffc5684-2d8a-5467-ade2-204c36ca601e,841051837,way,tourism,hostel,,,,,,31.5241221,74.331817,Lahore,Punjab,Pakistan,,,
6b870835-2ec2-5b0a-9abb-747949eaa0f0,1011995665,way,leisure,pitch,"Tennis court, FCC",,,,,31.5248106,74.3341123,Lahore,Punjab,Pakistan,,,
24343bcc-561d-50e4-a552-f65ca912fd68,878211389,way,landuse,commercial,,,,,,31.5363196,74.2787904,Lahore,Punjab,Pakistan,,,
d70e6225-0c47-54af-9fb7-d4df3a6f78e4,729915547,way,amenity,place_of_worship,Masjid Jamia Rasool,,,,,31.5376738,74.2763027,Lahore,Punjab,Pakistan,,,
7aa2302d-2ce4-5033-aab7-7df441629e8e,878211390,way,landuse,residential,,,,,,31.5383352,74.2808792,Lahore,Punjab,Pakistan,,,
d468266f-8ee7-5703-ad81-49dafa6d0c2d,1009521442,way,leisure,park,زبیدہ پارک,,Zubaida Park,,,31.5326409,74.2899519,Lahore,Punjab,Pakistan,,,
1f032152-7ee7-501e-a0d6-16fa70189085,878211355,way,landuse,religious,Jaffria Imam Bargah,,,,,31.5383456,74.281088,Lahore,Punjab,Pakistan,,,
cb1717ce-59f9-5f50-a4d3-224ad3711f49,878211367,way,landuse,cemetery,,,,,,31.5380058,74.2815328,Lahore,Punjab,Pakistan,,,
a5482f7a-ddb1-568e-ab9f-a5924c3566d9,878211368,way,leisure,park,,,,,,31.5379153,74.2807181,Lahore,Punjab,Pakistan,,,
dff19201-a5e2-5900-8726-801ac4c3578d,878211387,way,amenity,place_of_worship,,,,,,31.5384148,74.2809648,Lahore,Punjab,Pakistan,,,
97b2ad5d-c0a1-59dc-b1c5-131f6f1d644b,878211388,way,amenity,place_of_worship,,,,,,31.5382434,74.2811822,Lahore,Punjab,Pakistan,,,
bfa67b5b-2d8f-5397-9cb5-1e0d8efaa6d3,291527255,way,leisure,park,Usman Park,,,,,31.5466012,74.2785076,Lahore,Punjab,Pakistan,,,
2b4b5b9a-94de-51f1-a0bf-950e5b4d09d7,620504057,way,landuse,cemetery,,,,,,31.5431801,74.2787689,Lahore,Punjab,Pakistan,,,
8dc7e98c-0167-56e0-a0b7-a30866a07058,327492235,way,leisure,park,Makkah Park,,,,,31.5485248,74.2763914,Lahore,Punjab,Pakistan,,,
efac149f-0c72-59ff-b41c-2b872fc74385,354138759,way,leisure,park,water filter parc,,Rafia Park,,,31.5441601,74.2797682,Lahore,Punjab,Pakistan,,,
a34a5663-2db5-5e96-a766-41365d03914a,1078951950,way,place,neighbourhood,Gulfishan Colony,,,,,31.546108,74.293556,Lahore,Punjab,Pakistan,,,
95e72ffe-e139-50c2-87ac-f7ea101cf8ab,319650893,way,leisure,park,,,,,,31.549084,74.2827262,Lahore,Punjab,Pakistan,,,
5ebbe245-5900-50a8-b7e0-638707eebb8d,545754600,way,leisure,park,Mian Muhammad Hassan Park,,,,,31.5499304,74.2883781,Lahore,Punjab,Pakistan,,,
17eaaa2f-a580-56bf-8984-981b5a13b46d,905357066,way,leisure,park,Nadeem Park,,,,,31.5460724,74.2859346,Lahore,Punjab,Pakistan,,,
78fb2144-7626-5ab6-b31c-2334ee348b13,1013989920,way,leisure,park,Ali Park,,,,,31.5282098,74.3027639,Lahore,Punjab,Pakistan,,,
ce7de193-0769-5ae5-b523-70d313d6a9f5,316884476,way,leisure,pitch,Hanif Cricket Ground,,,,,31.538935,74.3043146,Lahore,Punjab,Pakistan,,,
4b7499d2-7d55-5d08-877a-ac8826e2756e,607871654,way,place,neighbourhood,Nawankot,,,,,31.5409455,74.29593,Lahore,Punjab,Pakistan,,,
9b280492-1cb4-500b-a8cd-73df250b4a61,607872344,way,place,neighbourhood,Samanabad,,,,,31.5401337,74.3044242,Lahore,Punjab,Pakistan,,,
55089cd1-35aa-5e34-b2d4-2320251f8b0f,619007892,way,leisure,park,,,,,,31.5383969,74.305279,Lahore,Punjab,Pakistan,,,
820c2cb5-e8a0-5380-981a-35c1ce2198b3,619296825,way,leisure,park,,,,,,31.5326903,74.302457,Lahore,Punjab,Pakistan,,,
25d29ed4-4208-50da-814d-b007f5b166cc,528054974,way,landuse,residential,,,,,,31.5343466,74.2956722,Lahore,Punjab,Pakistan,,,
a33ecba8-3b49-58af-b6a5-64edbf94e1d5,1417206449,way,leisure,park,Jinnah Park,,,,,31.5371887,74.2950514,Lahore,Punjab,Pakistan,,,
b4de03af-ba19-5115-af3c-e79f05b2b28a,1417207089,way,leisure,park,New Children Park,,,,,31.5379102,74.2957495,Lahore,Punjab,Pakistan,,,
15aa1274-4c93-5c97-9377-4bd685dfca02,619296818,way,leisure,park,,,,,,31.5348647,74.3010604,Lahore,Punjab,Pakistan,,,
1f091dd4-608c-562d-a174-f330f5dd55b2,619296820,way,leisure,park,,,,,,31.5361258,74.3007636,Lahore,Punjab,Pakistan,,,
eae8cd05-b769-5b27-8776-fff1b9c2dce6,619296821,way,leisure,park,,,,,,31.5361413,74.3018488,Lahore,Punjab,Pakistan,,,
0a454a48-7339-5262-a268-78476aacca9c,619296822,way,leisure,park,,,,,,31.5368894,74.303645,Lahore,Punjab,Pakistan,,,
896554a9-0686-5327-9030-5d4044941a0a,619296823,way,leisure,park,,,,,,31.5375134,74.3018964,Lahore,Punjab,Pakistan,,,
13fede52-390b-57c5-bd36-cc04849b55b1,619296824,way,leisure,park,,,,,,31.5380309,74.3007441,Lahore,Punjab,Pakistan,,,
6622a559-5abc-5bb5-86a0-fafc4ff31945,764543464,way,leisure,pitch,,,,,,31.5388766,74.3043302,Lahore,Punjab,Pakistan,,,
1736c912-3553-505d-a2bc-ec317f24e9e8,764543468,way,leisure,park,,,,,,31.5344889,74.3039293,Lahore,Punjab,Pakistan,,,
546b3564-28fd-5074-b49b-081d306b1e24,764543469,way,leisure,park,,,,,,31.534529,74.3028238,Lahore,Punjab,Pakistan,,,
bf88d95c-984d-5a54-b714-f1bfbc848409,764529717,way,amenity,place_of_worship,Takia Lehri Shah,,,,,31.5315024,74.3126522,Lahore,Punjab,Pakistan,,,
80ffef5e-15fc-5b64-899b-11950e8fee25,764529718,way,amenity,place_of_worship,Kamboh,,,,,31.5324587,74.3136011,Lahore,Punjab,Pakistan,,,
e2780cf6-8728-5a48-b03d-0da42c6f49eb,366032263,way,landuse,residential,Icchra Apartments,,,,State bank colony,31.5391598,74.314471,Lahore,Punjab,Pakistan,,,
c54d4b9d-3911-5efb-99b1-aa360503fce6,366033510,way,leisure,park,,,,,,31.5391664,74.3153037,Lahore,Punjab,Pakistan,,,
ae61648d-c8c0-57c7-bf12-f59ebd045f72,905264802,way,landuse,cemetery,Icchra Qabristan,,,,,31.5356833,74.3174682,Lahore,Punjab,Pakistan,,,
2ab6716c-7b6f-58e9-86ed-62ec769d04e4,1013989918,way,landuse,cemetery,,,,,,31.5303692,74.3175292,Lahore,Punjab,Pakistan,,,
ff0dd2e9-92ec-593d-8ce8-86f69d48769c,764543465,way,leisure,pitch,,,,,,31.5389142,74.3049003,Lahore,Punjab,Pakistan,,,
b3a0aeee-49fa-542e-836e-4c1afd9aef53,764543472,way,leisure,park,,,,,,31.5376075,74.3072988,Lahore,Punjab,Pakistan,,,
1cb42245-2e89-5ae8-9c1c-c8bd9eb4e755,764543473,way,leisure,park,,,,,,31.5344732,74.3095489,Lahore,Punjab,Pakistan,,,
8bce3552-6b32-50fd-a2f0-419dc03b1e2e,764543474,way,leisure,park,,,,,,31.5347357,74.3086793,Lahore,Punjab,Pakistan,,,
eca77950-de4f-5996-a41c-a70b90286350,366033512,way,leisure,park,,,,,,31.5388097,74.3151463,Lahore,Punjab,Pakistan,,,
4bace004-4421-5a45-bff1-d03f4cb0bf90,366033514,way,amenity,place_of_worship,Rehman Masjid,,,,,31.5391031,74.3134137,Lahore,Punjab,Pakistan,,,
f8176ce7-a344-5cfd-a059-ab87450b259f,905264803,way,landuse,cemetery,Pir Ghazi Graveyard,,,,,31.535957,74.3146306,Lahore,Punjab,Pakistan,,,
522d41cc-1d50-52e2-9a54-a339e828687a,905264804,way,amenity,place_of_worship,Shrine of Pir Ghazi Baba,,,,,31.5355324,74.3152308,Lahore,Punjab,Pakistan,,,
6fff840f-6505-5aca-a8ba-3c3d9ecd6000,905357077,way,leisure,park,Rustam Park,,,,,31.5440507,74.2927322,Lahore,Punjab,Pakistan,,,
75aece48-d04c-51be-ba73-5e0f3b006b57,1135042730,way,amenity,place_of_worship,The Salvation Army Church Samanabad,,,,,31.5421487,74.293424,Lahore,Punjab,Pakistan,,,
f61cf668-853a-580b-ba16-62c41d891eec,610894429,way,leisure,park,,,,,,31.5452659,74.3029861,Lahore,Punjab,Pakistan,,,
6f40e6d2-5110-5ff1-b371-a668e49dc982,618625415,way,leisure,park,Arya Nagar Park,,,,,31.5447656,74.3006467,Lahore,Punjab,Pakistan,,,
66318572-f523-52c3-bb7a-dccaceb98c75,660880484,way,leisure,park,,,,,,31.5396893,74.3002819,Lahore,Punjab,Pakistan,,,
79509462-42b1-5aa5-867f-155815918682,607871653,way,place,neighbourhood,Chauburji Garden Estate,,,,,31.5471595,74.2989777,Lahore,Punjab,Pakistan,,,
c1c3c076-c6df-5c61-9033-f277dca345b5,618625417,way,leisure,pitch,Chauburji Ground,,,,,31.5475656,74.2982275,Lahore,Punjab,Pakistan,,,
e484c2a5-5e5e-525a-942c-de67a045a4c7,618997156,way,place,neighbourhood,آریا نگر,آریا نگر,Arya Nagar,,,31.5448565,74.3005137,Lahore,Punjab,Pakistan,,,
38a1ac0c-1019-5b29-8e8e-71b8786052a9,619009713,way,place,neighbourhood,Old Rifle Range,,,,,31.5514384,74.2989237,Lahore,Punjab,Pakistan,,,
3621fe97-96ea-5129-9cc9-6d28153c85b1,764543466,way,amenity,place_of_worship,Aqsa Jameel,,,,,31.5396613,74.3044709,Lahore,Punjab,Pakistan,,,
5affcf94-b931-5a8f-9b54-68802ef0d5f5,764543467,way,leisure,park,,,,,,31.5419444,74.3047033,Lahore,Punjab,Pakistan,,,
74a4258f-22fc-57e1-b3a2-8ace1b5f827e,905357076,way,leisure,park,P&T Colony Park,,,,,31.5493204,74.2976708,Lahore,Punjab,Pakistan,,,
b9bb4f39-840e-5cd7-a90a-ba4fb652ef34,1078951948,way,place,suburb,New Chauburji Park,,,,,31.5514642,74.2980205,Lahore,Punjab,Pakistan,,,
037a1e6b-200f-5c70-9632-7ad1962e7401,1078951949,way,place,neighbourhood,Post & Telegraph Colony,,,,,31.5486016,74.2965119,Lahore,Punjab,Pakistan,,,
227415fe-9d56-5656-949f-d29ea5131a64,319650873,way,leisure,park,Gulfishan Colony Park,,,,,31.5462755,74.293431,Lahore,Punjab,Pakistan,,,
2ef133c1-b576-5c3b-9d68-d02514955b70,905357074,way,landuse,commercial,Poonch House,,,,,31.5506368,74.3018926,Lahore,Punjab,Pakistan,,,
073aed82-fcf5-59b5-b105-b608e40c1658,607872345,way,place,neighbourhood,Nawan Mozang,,,,,31.5411692,74.3074511,Lahore,Punjab,Pakistan,,,
7b346fa0-d1d3-5343-a239-a058ffa8fd9a,618218005,way,leisure,park,Rasool Park,,,,,31.5407212,74.312735,Lahore,Punjab,Pakistan,,,
80117de1-4b98-5e25-b09a-ac0492c2525d,291407223,way,landuse,cemetery,Miani Sahab Graveyard,,,,,31.5479161,74.3084619,Lahore,Punjab,Pakistan,,,
8dc71ccb-0d28-58e1-a8da-ab780a665c79,447966523,way,amenity,fire_station,Rescue 1122,,,,,31.5415998,74.3164748,Lahore,Punjab,Pakistan,,,
e27dd918-7073-5c95-b2e2-c3dcc9f98047,618626206,way,place,neighbourhood,سعدی پارک,سعدی پارک,Saadi Park,,,31.5511634,74.3124738,Lahore,Punjab,Pakistan,,,
a4bfc214-5cec-576b-b556-897f470af4be,620449071,way,place,neighbourhood,Bhundpura,,,,,31.5511574,74.3170896,Lahore,Punjab,Pakistan,,,
96227c5a-76f0-5b9b-8b4e-06b18dbf2c7a,1079192573,way,amenity,place_of_worship,The Salvation Army Territorial Headquarters Pakistan,,,,,31.5493847,74.316894,Lahore,Punjab,Pakistan,,,
0eb2c405-be01-5ecc-bcf1-308ca0a9c8dc,529725088,way,landuse,residential,,,,,,31.5463956,74.3102765,Lahore,Punjab,Pakistan,,,
be739c62-848b-52ff-a43e-7311ddf16311,611906755,way,amenity,place_of_worship,Shrine of Khawaja Feroz-ud-Din,,,,"A 1630 shrine dedicated to Hazrat Muhammad Tahir Bandagi Lahori of the Qadri Sufi Order
",31.5500275,74.3089018,Lahore,Punjab,Pakistan,,,
9e016c05-e30d-58b8-aa98-4f5f8804b5bf,611906758,way,amenity,place_of_worship,Shrine of Hazrat Wasif Ali Wasif,,,,,31.5498505,74.3109817,Lahore,Punjab,Pakistan,,,
1fcffd02-7744-5c05-8d64-6adeab0a0590,611906759,way,leisure,park,Gul Begum Bagh,,,,"Dedicated to Gul Begum, a concubine of the Sikh Emperor Maharaja Ranjit Singh",31.5481473,74.3084659,Lahore,Punjab,Pakistan,,,
ced1634a-8c2f-55e1-b3cb-75dfc6348e97,611906761,way,place,neighbourhood,Bagh Gul Begum,,,,,31.547865,74.3091077,Lahore,Punjab,Pakistan,,,
5909f1ab-db8f-518e-84bc-607168e02d1b,1078951946,way,amenity,place_of_worship,Shrine of Hazrat Tahir Bandagi,,,,,31.5491965,74.3084483,Lahore,Punjab,Pakistan,,,
164349a7-0c79-51f7-99d3-a44c2f263a55,910163201,way,shop,mall,Lucky Centre Jail Road,,,,,31.5481231,74.3159676,Lahore,Punjab,Pakistan,,Usman Khalid,
3b5a8719-f4ae-56ec-a472-bb5773e5202b,986254323,way,natural,scrub,,,,,,31.5273787,74.3203984,Lahore,Punjab,Pakistan,,,
bb416f5c-5a97-5682-8e3c-b0ada6a3588d,475524569,way,amenity,place_of_worship,Shrine of Shah Jamal,,Shah Jamal Tomb,,,31.5280917,74.3289324,Lahore,Punjab,Pakistan,,,
33ee954c-9eca-5134-acd1-76b0f9e4af72,621948316,way,landuse,cemetery,,,,,,31.5279831,74.3289301,Lahore,Punjab,Pakistan,,,
129e3e1e-316b-593a-9ed7-2978b992ee02,1011999555,way,landuse,residential,Fazlia Colony Flats,,,,Flats for Family,31.5261878,74.3259143,Lahore,Punjab,Pakistan,,Faraz,
9d3419bc-6aa2-5c68-9ff0-a5fbe33e5a2c,1011999556,way,landuse,residential,Faraz's Flats,,,,,31.5261878,74.3259143,Lahore,Punjab,Pakistan,,,
2c93d9ff-9f81-5d1a-b2f6-016573120f32,236976460,way,leisure,park,Shadman Market Park,,,,,31.539055,74.3298611,Lahore,Punjab,Pakistan,,,
cc18410a-d23c-5fab-9176-9ca46190f55e,612407934,way,place,neighbourhood,Shadman Colony,,,,,31.5382454,74.3308225,Lahore,Punjab,Pakistan,,,
3bae3612-8e8e-5773-8e4e-dd1cd19d1555,762204848,way,leisure,park,,,,,,31.5274249,74.3309931,Lahore,Punjab,Pakistan,,,
cf2f4784-d2cb-5414-9ee5-fa3d51c82a2d,1344893480,way,landuse,commercial,Shadman Main Market,,,,,31.5391727,74.3304357,Lahore,Punjab,Pakistan,,,
63d79353-e062-54eb-bfaa-4fa164ad9608,1344893482,way,leisure,park,,,,,,31.5354306,74.3304393,Lahore,Punjab,Pakistan,,,
0851cf8f-d7dd-574f-a58e-9f46dfc95ec9,904379372,way,amenity,place_of_worship,Shrine of Shershah Wali,,,,,31.5374469,74.3227952,Lahore,Punjab,Pakistan,,,
2b8f20e9-ab1d-5e97-9064-daa08569ec11,904379373,way,landuse,cemetery,Shershah Wali,,,,,31.5373963,74.3224438,Lahore,Punjab,Pakistan,,,
90a5e7cf-2ad5-54d7-9468-99988c490a46,661696624,way,landuse,commercial,IGI General Insurance,,,,,31.528642,74.3383077,Lahore,Punjab,Pakistan,,,
aac00109-9d7c-5b04-a303-3abb8a99a1a0,152319376,way,healthcare,hospital,سروسز ہسپتال,,,,,31.5393945,74.3340449,Lahore,Punjab,Pakistan,,,
fbd6a703-e709-512d-9d93-b33bdf051204,246128683,way,leisure,park,Race Course Park,,,,,31.5439369,74.3367272,Lahore,Punjab,Pakistan,,,Q6192654
f2ec25ab-53af-5b91-a68e-388bfd0774ba,316873735,way,healthcare,hospital,Punjab Institute of Cardiology,پنجاب انسٹی ٹیوٹ آف کارڈیالوجی,,,Hospital,31.5378404,74.3354843,Lahore,Punjab,Pakistan,,,
8e782e6a-658b-5c51-b469-21e31a5e59cb,996536674,way,amenity,parking,,,,,,31.5385639,74.3350249,Lahore,Punjab,Pakistan,,,
0d52f1c1-3c1a-5f49-9ade-07c1d6968210,1344893481,way,landuse,cemetery,,,,,,31.5369653,74.3322916,Lahore,Punjab,Pakistan,,,
b67a1637-c7a4-589c-a00c-41fa6a0fc983,1344893484,way,leisure,park,,,,,,31.534625,74.3329095,Lahore,Punjab,Pakistan,,,
51bb84e8-cd75-5db2-b78f-080dc4a78dcc,762198687,way,landuse,commercial,District Jail,,,,,31.5409123,74.320595,Lahore,Punjab,Pakistan,,,
dd965378-0511-519e-802d-f58b8c27086f,291407227,way,leisure,park,,,,,,31.5409123,74.3261093,Lahore,Punjab,Pakistan,,,
1d0af412-336c-5fe9-8fd3-efda536ebbe9,291407228,way,leisure,park,Khursheed Park,,,,,31.5407398,74.3276087,Lahore,Punjab,Pakistan,,,
396992da-901a-50eb-b481-5c258bc90dbb,586294005,way,amenity,restaurant,Gourmet Marriage,,,,,31.5430404,74.3307145,Lahore,Punjab,Pakistan,,,
80d780ca-7dc9-5d56-90f2-c16b60518cef,290937635,way,leisure,park,Jinnah Gardens,,,,,31.5523667,74.3309671,Lahore,Punjab,Pakistan,,,Q3694552
7e9f5a9f-864a-5599-b5ed-2474147f12ef,316873733,way,leisure,park,Shadman Colony Park,,,,,31.5402131,74.3305189,Lahore,Punjab,Pakistan,,,
283e0eb7-63b1-5296-8784-5b6124d988e9,745536918,way,landuse,construction,china Chowk Tower Site,,,,,31.5465861,74.3317273,Lahore,Punjab,Pakistan,,Hashoo Group,
5b2c7f63-074f-5d09-a979-1975238e62f8,905737763,way,landuse,commercial,Anti-Terrorism Court,,,,,31.544906,74.3307556,Lahore,Punjab,Pakistan,,,
272a8f71-53d3-584d-9730-6c5222fbd998,996536673,way,amenity,parking,,,,,,31.5407212,74.3330385,Lahore,Punjab,Pakistan,,,
1a495d48-3eb4-5aea-9690-e7b2eb6cce44,620976932,way,place,neighbourhood,Shah Shams Qari,,,,,31.5490983,74.33851,Lahore,Punjab,Pakistan,,,
abbf332a-9d14-59e6-b1bd-5f24b68373a6,620976933,way,amenity,place_of_worship,Shrine of Shah Shams-ud-Din Qadri,,,,Dating from 1613 - Built for the spiritual advisor of the Mughal Emperor Jahangir,31.5485432,74.3389167,Lahore,Punjab,Pakistan,,,
ba55a237-c752-56d1-ba42-9acfebf09974,781643993,way,leisure,park,Ladies Park,,,,,31.4931845,74.3496395,Lahore,Punjab,Pakistan,,,
fa4b5cf8-4b57-58d9-83e2-c9d3b57a4613,785053321,way,leisure,park,,,,,,31.4947065,74.3503248,Lahore,Punjab,Pakistan,,,
9e33a7ca-9de9-51f5-a812-a92e20f9261f,782521820,way,leisure,park,,,,,,31.4989115,74.3448977,Lahore,Punjab,Pakistan,,,
40dd5e4b-740a-5421-b722-3eca92417a4a,782521822,way,leisure,playground,,,,,,31.4961772,74.349218,Lahore,Punjab,Pakistan,,,
285a494c-6203-56ad-8c36-92af98636d07,607872346,way,place,neighbourhood,Theh,,,,,31.5017,74.3476901,Lahore,Punjab,Pakistan,,,
069d5a67-63c4-540e-bff9-d81a6bfc3678,1245233178,way,amenity,fuel,,,,,,31.5056629,74.3491367,Lahore,Punjab,Pakistan,,,
b5195aeb-119d-5244-877d-d9f1e1ca9493,1344893486,way,landuse,cemetery,,,,,,31.5032883,74.3450176,Lahore,Punjab,Pakistan,,,
036a855d-5294-5a57-ac4f-2b123d229db1,1344893487,way,landuse,commercial,Firdous Market,,,,,31.5029307,74.3480077,Lahore,Punjab,Pakistan,,,
d622b36c-1455-5925-b454-f09fbafdd9e4,795537047,way,landuse,commercial,,,,,,31.511632,74.3503678,Lahore,Punjab,Pakistan,,,
c5995638-dcfa-51d9-8c37-28e43e85a729,799759929,way,tourism,hotel,Heritage Luxury Suites,,,,,31.5092783,74.3481363,Lahore,Punjab,Pakistan,,,
3929a0ff-67fc-55ec-8ec1-4b62796771b5,799764069,way,leisure,park,,,,,,31.5091579,74.3474444,Lahore,Punjab,Pakistan,,,
451d6a0d-2714-5548-a623-5316a5cc01af,799764071,way,healthcare,clinic,الشوکات میڈیکل اینڈ کڈنی سینٹر,,Al Shaukat Medical & Kidney Centre,,,31.5101507,74.3489271,Lahore,Punjab,Pakistan,,,
815831a1-1312-5818-9602-b016838e517c,799772439,way,leisure,park,,,,,,31.5097802,74.347702,Lahore,Punjab,Pakistan,,,
ebea4c1b-292e-5ecb-9938-c7596a160f17,800339260,way,leisure,park,C2 Park,,,,,31.5120814,74.3477672,Lahore,Punjab,Pakistan,,,
26b74c9b-40e3-5658-8a65-ba44b514bb22,515355372,way,shop,mall,Mall 1,,,,,31.5185989,74.3458849,Lahore,Punjab,Pakistan,,,
48bf335a-03f9-5a8d-8062-ee5b7a47ff20,777459472,way,shop,mall,Mall 94,,,,,31.5185129,74.3462601,Lahore,Punjab,Pakistan,,,
c9fc3556-442c-50bb-8785-1b20200f100d,800327992,way,amenity,bank,First Women Bank,,,,,31.5131747,74.3480867,Lahore,Punjab,Pakistan,,,
e0ce1a30-1364-5a59-88e6-aa43350c4555,800376127,way,amenity,bank,جے ایس بینک,جے ایس بینک,JS Bank,,,31.5139222,74.3460362,Lahore,Punjab,Pakistan,جے ایس بینک,جے ایس بینک,
0c0c34e3-490f-5ac2-8517-944c13634ce0,800534458,way,amenity,bank,Samba Bank,,,,,31.5175519,74.3452628,Lahore,Punjab,Pakistan,,,
7e8508bd-9acd-51a0-8ed2-8e2dbab99900,800536537,way,amenity,bank,اسٹینڈرڈ چارٹرڈ,اسٹینڈرڈ چارٹرڈ,Standard Chartered,,,31.5156674,74.3442936,Lahore,Punjab,Pakistan,اسٹینڈرڈ چارٹرڈ,اسٹینڈرڈ چارٹرڈ,
a4a4e239-8b8b-5b85-8aac-0f86383c7f24,800536542,way,amenity,bank,بينک الحبيب,بينک الحبيب,Bank Al Habib,,,31.5151703,74.3447197,Lahore,Punjab,Pakistan,بينک الحبيب,,
f8f2c0d3-40dc-50be-ab8d-8b455fd3f742,800536543,way,amenity,bank,عسکری بینک,عسکری بینک,Askari Bank,,,31.5149794,74.3449692,Lahore,Punjab,Pakistan,عسکری بینک,,
aa46a94e-0b0e-5db0-a555-0e7cc6600f6c,800688533,way,amenity,place_of_worship,Hijaz Mosque,,,,,31.5155621,74.3459379,Lahore,Punjab,Pakistan,,,
93ee6ff6-21f8-5eeb-bdb9-afc745922f98,800690994,way,leisure,park,,,,,,31.5157942,74.3497113,Lahore,Punjab,Pakistan,,,
5c614715-11ce-529e-9f14-c97246ebf676,781645243,way,shop,mall,Wilson's Specialty Mall,,,,,31.5214446,74.3474567,Lahore,Punjab,Pakistan,,,
274ff800-4fd5-5837-9aa7-2aafaeb5cabc,795113930,way,office,company,Jazz Head Office,,,,,31.5223963,74.3498863,Lahore,Punjab,Pakistan,,,
dfc360ca-5325-5dcf-bbbc-77b112bbc773,795113933,way,shop,mall,City Mall,,,,,31.5235311,74.3485261,Lahore,Punjab,Pakistan,,,
40dcdc66-f8fc-54fe-951b-28798d45c194,795117468,way,shop,clothes,Puma,,,,,31.5222827,74.3500959,Lahore,Punjab,Pakistan,Puma,,
f0397fef-3fe0-5f2d-ae17-91a68a8ba158,795117478,way,amenity,place_of_worship,Jamia Hanfiyah Masjid,,,,,31.5210735,74.3501991,Lahore,Punjab,Pakistan,,,
cc4a84a8-ad2f-5e97-9e47-80c83318db25,795161957,way,shop,clothes,BEECHTREE,,,,,31.5212415,74.3485358,Lahore,Punjab,Pakistan,,,
b5e7baf1-0af4-5a71-8f01-c7bc84a6fb4b,800530275,way,amenity,bank,دبئی اسلامی بینک,دبئی اسلامی بینک,Dubai Islamic Bank,,,31.5207688,74.3473245,Lahore,Punjab,Pakistan,دبئی اسلامی بینک,,
0cfe9119-2d9e-51c8-98fc-f2f4e625e668,800530279,way,amenity,bank,الائیڈ بینک لمیٹڈ,الائیڈ بینک لمیٹڈ,ABL,,,31.5200631,74.3478468,Lahore,Punjab,Pakistan,الائیڈ بینک لمیٹڈ,,
995ced8d-89f4-5251-9097-eb17e308dbfb,905331005,way,shop,mall,New Auriga Shopping Mall,,,,,31.5248833,74.3478429,Lahore,Punjab,Pakistan,,,
2256d0e8-98ec-59a8-b719-18b7b574d80b,490004747,way,leisure,park,,,,,,31.5271762,74.3491054,Lahore,Punjab,Pakistan,,,
25be881b-8d0b-5b04-9c74-d39acddcc73e,905331009,way,leisure,park,Aslam Riaz Park,,,,,31.5308724,74.3479097,Lahore,Punjab,Pakistan,,,
fb044f5c-cbd4-5221-a50b-9e1c4ec76ef0,1444676039,way,amenity,fast_food,KFC,کے ایف سی,KFC,Kentucky Fried Chicken,,31.5274893,74.3494403,Lahore,Punjab,Pakistan,KFC,,
6ed17059-4f90-5e2f-907b-c9fce4b4a9f2,492091124,way,landuse,commercial,ایم سی بی ہاؤس,ایم سی بی ہاؤس,MCB House,,,31.5324583,74.3498761,Lahore,Punjab,Pakistan,,,
cda9fc1a-274c-5564-b059-1962250bfba8,492091273,way,landuse,commercial,Landmark Plaza,,,,,31.5350645,74.3469256,Lahore,Punjab,Pakistan,,,
fd51e696-0c4b-5ac5-9683-c033dbce7f8a,12293314,relation,landuse,commercial,Main Market,,,,,31.5242171,74.3460903,Lahore,Punjab,Pakistan,,,
cc8de3e5-c734-5075-ad29-941b021bae69,4406320990,node,leisure,playground,,,,,,31.5507936,74.2782174,Lahore,Punjab,Pakistan,,,
1d625149-13f2-599a-b578-963367cbf978,272362861,node,amenity,parking,,,,,,31.5508084,74.2823439,Lahore,Punjab,Pakistan,,,
f06f4d3b-6b0c-51ea-985f-da0898f6f83d,6614535486,node,amenity,restaurant,Hot Roast (2nd floor),,,,,31.5516501,74.2828726,Lahore,Punjab,Pakistan,,,
f38be81e-0fb6-5060-9a44-9f39d63ebfe8,5734615819,node,shop,shoes,Metro Selection Shoes,,,,,31.5501727,74.2855765,Lahore,Punjab,Pakistan,,,
9909808a-895b-5331-92b4-b56724053bd9,8407704703,node,amenity,place_of_worship,Hayat-un-Nabi,,,,,31.5519099,74.2866569,Lahore,Punjab,Pakistan,,,
ea73e553-a208-55dd-8699-76a99fe3b51d,8407704704,node,amenity,place_of_worship,Muqadas,,,,,31.5501019,74.2878697,Lahore,Punjab,Pakistan,,,
28c754d2-52f2-5778-ab53-90fb9609281b,8407704705,node,amenity,place_of_worship,مسجد بلال,مسجد بلال,Bilal Masjid,,,31.5503784,74.2906663,Lahore,Punjab,Pakistan,,,
c23e46f3-a273-5d94-b602-850f52024d65,8407704721,node,amenity,place_of_worship,BIlal,,,,,31.5532052,74.2764887,Lahore,Punjab,Pakistan,,,
12e93008-b1e6-5773-943b-ad9cc6be5bbf,304963917,node,place,neighbourhood,Dhoop Sari,,,,,31.5558088,74.2819201,Lahore,Punjab,Pakistan,,,
92b3f14d-719d-57f8-9f95-891703811bc7,2994969989,node,amenity,parking,,,,,,31.5535586,74.2795357,Lahore,Punjab,Pakistan,,,
030dde1d-ac7a-55d2-b95e-3ba2fa856be8,4154345102,node,amenity,place_of_worship,TYa Rasool Allah,,,,,31.5523539,74.2829111,Lahore,Punjab,Pakistan,,,
f3f4c44f-0e61-5479-b8d2-2b4a5113f7eb,4406320293,node,historic,memorial,Gulshan-e-Ravi graveyard,,Gulshan-e-Ravi graveyard,,,31.5547608,74.2795335,Lahore,Punjab,Pakistan,,,
d08d0a71-f603-5831-a985-aa764c59e287,4406321891,node,amenity,place_of_worship,Umar (Unchi Masjid),,,,,31.5583743,74.2801402,Lahore,Punjab,Pakistan,,,
a03f3d41-cd1e-5f46-9f76-57958c8d8ce8,4406331792,node,amenity,place_of_worship,Ayesha (Choti Masjid),,Masjid Ayesha (Choti Masjid),,,31.5586569,74.2798489,Lahore,Punjab,Pakistan,,,
fdc46d84-e608-573a-b650-c79116a8db90,4447443290,node,amenity,fast_food,Heera dahi bhallay,,,,,31.5579221,74.2810635,Lahore,Punjab,Pakistan,,,
e2651c3b-2162-5ae4-8365-5515fe4d480f,8407704701,node,amenity,place_of_worship,Qubba (Ahle Hadees),,,,,31.555572,74.2823338,Lahore,Punjab,Pakistan,,,
b9faddca-44b9-58f6-adc3-600e317b475f,8407704702,node,amenity,place_of_worship,Taleem ul Quran,,,,,31.554001,74.2821277,Lahore,Punjab,Pakistan,,,
bcad9c18-ad41-590a-8b8d-27ee196cae4c,304952172,node,place,neighbourhood,Sanda,,,,,31.558242,74.2884446,Lahore,Punjab,Pakistan,,,
caa0b059-7449-56e6-bde8-f279fc6d0f6a,8407704662,node,amenity,place_of_worship,Abu Bakr,,,,,31.5576606,74.2859982,Lahore,Punjab,Pakistan,,,
710c16cf-6a86-55e3-9f57-978d450950a8,8407704663,node,amenity,place_of_worship,Taj,,,,,31.5587184,74.2871586,Lahore,Punjab,Pakistan,,,
565467d0-fad8-5d83-8c5a-5ee485f6021c,8407704707,node,amenity,place_of_worship,Ghousia Ashrafia,,,,,31.5546155,74.2895598,Lahore,Punjab,Pakistan,,,
95660ee8-c59d-5c49-8c63-2b24fe0aa331,3824341468,node,amenity,place_of_worship,Sabri,صابری مسجد,,,,31.5598971,74.283957,Lahore,Punjab,Pakistan,,,
83d21d84-43f8-521c-a61d-c4f643820946,4406321096,node,shop,bakery,Rizwan Bakery,,Rizwan Bakery,,,31.5597314,74.2840944,Lahore,Punjab,Pakistan,,,
03213ce4-4c9a-5032-af0c-bfa17c44cd94,4406321892,node,historic,memorial,Main Sanda Kalan Graveyard,,Main Sanda Kalan Graveyard,,,31.5608722,74.2807159,Lahore,Punjab,Pakistan,,,
d3e96db7-4ac7-570f-bb72-966e2d6accb0,8407704693,node,amenity,place_of_worship,Abu Bakar Siddiqui,,,,,31.5606069,74.2832302,Lahore,Punjab,Pakistan,,,
8f338199-6704-502a-9683-6b3f95424c50,8407704696,node,amenity,place_of_worship,Takiya Rajan,,,,,31.5619533,74.2841747,Lahore,Punjab,Pakistan,,,
fa16f4b4-5be1-5d16-8690-dd17fac15caf,8407704697,node,amenity,place_of_worship,Sher-e-Rabbani,,,,,31.5622687,74.2819258,Lahore,Punjab,Pakistan,,,
44695198-0f44-5d91-9373-1605bee8e7d7,8407704654,node,amenity,place_of_worship,Anwar-e-Toheed,,,,,31.5603166,74.2915649,Lahore,Punjab,Pakistan,,,
7ae29bcb-bbfa-5bbb-bddb-2cfaa0c117ac,8407704655,node,amenity,place_of_worship,Ghousia,,,,,31.5607909,74.2903957,Lahore,Punjab,Pakistan,,,
2b8a6efd-ec12-50ed-8b56-744ed704edca,5260103795,node,healthcare,hospital,Faran Hospital,,,,,31.566729,74.2909238,Lahore,Punjab,Pakistan,,,
3d2847c1-f5de-5469-8349-3bc0caddcb12,7129618817,node,amenity,place_of_worship,Abdali,,,,,31.5678655,74.2913921,Lahore,Punjab,Pakistan,,,
a047fe31-75e6-525f-91d8-99d596f35e08,7684934244,node,shop,bakery,But Sweets and Bakers,,,,,31.5674853,74.2910465,Lahore,Punjab,Pakistan,,,
857f679b-f0d3-5f19-9e02-4b5118fd6e23,7129618845,node,amenity,place_of_worship,Khalida,,,,,31.5754634,74.2869826,Lahore,Punjab,Pakistan,,,
67a47da6-20f4-5933-be8d-0388c13558f2,11347712446,node,amenity,place_of_worship,Munshi,,,,,31.5770127,74.2915309,Lahore,Punjab,Pakistan,,,
819093ee-417e-58d1-ae64-6ae33cf60886,9890962241,node,place,suburb,نیو چوبرجی پارک,,New Chauburji Park,نیو چوبر جی پارک;نیا چوبرجی پارک,,31.5522518,74.2970303,Lahore,Punjab,Pakistan,,,
eadefcb4-2d97-5914-a65c-feb728548cce,9890962244,node,amenity,place_of_worship,Khajoor Wali,,,,,31.5509047,74.2949611,Lahore,Punjab,Pakistan,,,
c17e87ce-6f22-59bc-bb48-c0b7b17ecd52,8060376252,node,railway,station,چوبرجی,چوبرجی,Chauburji,,,31.5522961,74.302941,Lahore,Punjab,Pakistan,,Lahore Metro,
278665bc-697e-5232-a6ce-5040a5dd2fc5,8407704734,node,office,government,"Directorate of Industries, Prices, Weights & Measures Punjab",,,,,31.5509543,74.3018835,Lahore,Punjab,Pakistan,,,
7fb8ab91-9a72-50ab-9f2b-002507be0eb4,8407704735,node,office,government,Punjab Health Foundation,,,,,31.5508777,74.301491,Lahore,Punjab,Pakistan,,,
c2e25c87-6116-5e5d-8764-72b4a1d6d1ce,8407704736,node,amenity,place_of_worship,Ghousia,,,,,31.5507122,74.3012485,Lahore,Punjab,Pakistan,,,
5fc4f495-8892-502b-9967-e1072b78af27,8407704737,node,office,government,"Directorate General of Mines & Minerals, Punjab",,,,,31.5504412,74.3019044,Lahore,Punjab,Pakistan,,,
61eed757-a849-5e4b-b4df-00fbbf9e8a35,8407704738,node,amenity,place_of_worship,Mamoor,,,,,31.5500891,74.3018132,Lahore,Punjab,Pakistan,,,
0f8fda82-3afa-5eba-a197-17413edfbf27,9890962232,node,historic,monument,Tomb of Mian Wazir Ali,,,,,31.5507114,74.3061607,Lahore,Punjab,Pakistan,,,
2dec326a-57d1-5f69-b73e-5dc8fe13a8d5,7113819404,node,place,suburb,سعدی پارک,سعدی پارک,Saadi Park,,,31.5511911,74.3124658,Lahore,Punjab,Pakistan,,,
a45c6ebb-c380-5983-aedf-e413f349a194,9890962218,node,place,neighbourhood,Shahdab Colony,,,,,31.5508689,74.316471,Lahore,Punjab,Pakistan,,,
877a3e49-41f9-5024-a381-16d1a72d8ff8,9890962226,node,amenity,place_of_worship,Saadi Park,,,,,31.5514789,74.312331,Lahore,Punjab,Pakistan,,,
4a0a1faa-4e78-5c0c-afbb-fb209df05879,12165032866,node,shop,supermarket,Shopping Jin,,,,,31.550758,74.3158212,Lahore,Punjab,Pakistan,,,
e49161a9-ed9a-593a-82cf-e6169f75fcaf,5844796985,node,amenity,fuel,ٹوٹل,ٹوٹل,Total,,,31.5503148,74.3184275,Lahore,Punjab,Pakistan,طوطال,ٹوٹل پارکو,
70d4c1ed-3727-566f-bef4-f87a9a1172cc,7121833618,node,amenity,place_of_worship,Ibrahim,,,,,31.5515978,74.3228266,Lahore,Punjab,Pakistan,,,
067ffc84-5d9c-5b65-9435-8a7c911e3564,5276934832,node,office,company,Kohinoor Maple Leaf Group,,,,,31.5503431,74.326969,Lahore,Punjab,Pakistan,,,
53b19403-96f0-5c77-8944-5d280441a80a,5847359874,node,amenity,place_of_worship,Garden Mosque,,,,,31.5521889,74.3289042,Lahore,Punjab,Pakistan,,,
c9d6f979-8454-5a57-8e51-c4335d00c524,4700549396,node,amenity,bank,بینک اسلامی,بینک اسلامی,Bank Islami,,,31.5518681,74.3409935,Lahore,Punjab,Pakistan,بینک اسلامی,بینک اسلامی,
207aea00-6737-5324-b65d-985a07162124,8399022568,node,office,government,Punjab Land Development Company,,,,,31.5507326,74.3396048,Lahore,Punjab,Pakistan,,,
4ca7f657-3cf9-5b78-9503-b861a046c8b2,11307563477,node,amenity,cafe,,,,,,31.5506167,74.3395937,Lahore,Punjab,Pakistan,,,
48a31fc4-91d2-59a1-af80-f8c2b7575062,5259837117,node,healthcare,hospital,Ishaq Haroon Hospital,,,,,31.5537125,74.2981412,Lahore,Punjab,Pakistan,,,
e013cfab-4668-595a-85c3-8ef1105999ad,7113910257,node,place,suburb,راج گڑھ,,Raj Garh,,,31.5559895,74.2969079,Lahore,Punjab,Pakistan,,,
aa4e3d1e-af3b-557a-8090-c63499195ce5,5757363339,node,historic,monument,Chauburji,,,,,31.5539332,74.3045935,Lahore,Punjab,Pakistan,,,Q1777292
f936a583-9e92-5357-b468-31aa7f16575a,7121831868,node,amenity,place_of_worship,Ehsan,,,,,31.5565293,74.3033173,Lahore,Punjab,Pakistan,,,
7b21a63c-fdde-5eaa-bb44-8647da111afd,7121831869,node,amenity,place_of_worship,Imam Bargah Gulistan Panjitan,,,,,31.556089,74.3024809,Lahore,Punjab,Pakistan,,,
ca9cd428-d70a-59e4-9d8b-c3ef7af27e1e,9890962236,node,amenity,place_of_worship,کھوکھر,,Khokhar,,,31.5550399,74.3020857,Lahore,Punjab,Pakistan,,,
894b27ed-c1f7-51f6-b2ca-ed603a9b576e,9890962237,node,amenity,place_of_worship,نورانی,,Noorani,,,31.5544209,74.3002691,Lahore,Punjab,Pakistan,,,
bf282beb-9cf4-543f-b8fb-7bc9f2cf9561,4178731089,node,tourism,hotel,,,,,,31.5641704,74.2955872,Lahore,Punjab,Pakistan,,,
747ec575-be39-5a3f-b241-98e4b0fc621d,4832931222,node,tourism,hotel,Diomand Marriage Hall,,Diomand Marriage Hall,,,31.5613895,74.2921993,Lahore,Punjab,Pakistan,,,
9646c3cd-7724-588a-a121-4c1acc258660,4932148223,node,amenity,place_of_worship,Madeena,,Jaamia Madeena Masjid,,,31.562031,74.2928283,Lahore,Punjab,Pakistan,,,
13951962-9c40-534d-9490-3bf0e2f9d4aa,8407704660,node,amenity,place_of_worship,Noorani,,,,,31.5589092,74.2925113,Lahore,Punjab,Pakistan,,,
4d0bdec8-7ca5-5c65-b8da-2e299d980b00,11347712458,node,amenity,place_of_worship,Hassan bin Ali,,,,,31.5629014,74.2980714,Lahore,Punjab,Pakistan,,,
919196e3-b5ca-5c56-813d-3734f18303c3,3224289911,node,place,suburb,لیاقت آباد,,Liaqatabad,,,31.5647005,74.3043702,Lahore,Punjab,Pakistan,,,
c1aa6eb5-5a26-5018-8bc7-cdd6b53833dd,5259838822,node,healthcare,hospital,Rahim Hospital,,,,,31.5619056,74.3028718,Lahore,Punjab,Pakistan,,,
e5040987-83dd-5c89-bc5f-1171d5709d99,5259838823,node,healthcare,hospital,Haq Orthopedic Hospital,,,,,31.5619307,74.3006778,Lahore,Punjab,Pakistan,,,
504b3e76-7f75-5cdc-8e18-653aacd84f98,5273489539,node,tourism,hotel,Amer Hotel,,,,,31.5652263,74.3043567,Lahore,Punjab,Pakistan,,,
ee87feb7-6102-5dde-9166-3c531c59c1ea,5684856922,node,healthcare,hospital,National Eye Centre,,National Eye Centre,,,31.5615672,74.2997606,Lahore,Punjab,Pakistan,,,
b4fb9933-fa24-5e0f-b69d-8b1a44e36f37,7121831849,node,amenity,place_of_worship,Bait-ul Mukarram,,,,,31.559525,74.3028141,Lahore,Punjab,Pakistan,,,
28d3c00c-93e5-5680-b212-1ea577e97478,4269998193,node,shop,bakery,Cakes and bakes,,,,,31.5564019,74.3059902,Lahore,Punjab,Pakistan,,,
116d022b-1f10-50e0-b9f8-c6338be7cc6e,7121831870,node,amenity,place_of_worship,Qadsia,,,,,31.5562071,74.3062493,Lahore,Punjab,Pakistan,,,
9d811efb-911a-5178-9588-44e14619bab5,11079068406,node,tourism,attraction,Airplane,,,,,31.5578313,74.3057893,Lahore,Punjab,Pakistan,,,
8f250625-6532-54f3-9166-98349dc22c99,110862294,node,place,suburb,مزنگ,مزنگ,Mozang,,,31.553745,74.3141492,Lahore,Punjab,Pakistan,,,Q15260129
f19f5293-96cb-502c-b017-4394571f6d46,4946147623,node,shop,computer,Internet cafe,,Internet cafe,,,31.5567693,74.3160791,Lahore,Punjab,Pakistan,,,
41a0a8be-ebff-5677-9f5c-b4d51e45096f,5255461642,node,healthcare,hospital,Kazi Hospital,,,,,31.5585998,74.3174214,Lahore,Punjab,Pakistan,,,
2e8a14a4-ec81-51c7-af84-2925cc7d14d7,5255461643,node,healthcare,hospital,Ramzan Ali Syed Memorial Hospital,,,,,31.5582981,74.317223,Lahore,Punjab,Pakistan,,,
86cf77f9-5e00-5fb1-84ca-718bcaa184a3,5255461644,node,healthcare,hospital,Bismillah Hospital,,,,,31.5566737,74.3164425,Lahore,Punjab,Pakistan,,,
11e76a63-8195-5dfe-a091-634c52524121,5255461645,node,amenity,police,Mozang Police Station,,,,,31.5564954,74.3164586,Lahore,Punjab,Pakistan,,,
8f395bde-24c6-5053-890a-a09fa3d81b68,5847052232,node,natural,tree,,,,,,31.5555525,74.3158379,Lahore,Punjab,Pakistan,,,
f79fa18a-8597-5fe3-871f-0fed4d8a0e22,5847052233,node,natural,tree,,,,,,31.5554895,74.3158488,Lahore,Punjab,Pakistan,,,
46a39f55-f860-535a-b8f6-14707dab94b1,6124838586,node,shop,supermarket,Gourmet food - temple road,,,,,31.5547962,74.3158633,Lahore,Punjab,Pakistan,,,
14ec6b55-f181-55f6-9adf-28fafebf8ea5,6124863685,node,amenity,cafe,Yaku tea stall,,,,,31.5531309,74.3152585,Lahore,Punjab,Pakistan,,,
4e3c1588-40e3-5b54-b1e9-14e2e401a5ec,8398803960,node,amenity,place_of_worship,Hanfia,,,,,31.5573309,74.3132035,Lahore,Punjab,Pakistan,,,
0137a89a-b370-55ad-a6a1-bdcc50a30beb,9890928616,node,place,neighbourhood,تکیہ سردار شاہ,,Takiya Sardar Shah,,,31.5533302,74.3136602,Lahore,Punjab,Pakistan,,,
a9e8a149-6abb-5a26-9fb8-e526513f3619,11394797811,node,tourism,hostel,Hajveryinn hotel,,,,,31.5576616,74.3160751,Lahore,Punjab,Pakistan,,,
d360381b-b73d-54d4-b88b-32a565e3b162,3230685407,node,amenity,place_of_worship,New Jain Temple,,,,,31.561892,74.3083749,Lahore,Punjab,Pakistan,,,
f3516cd9-2f25-5df6-a59b-dd477de150fe,4269997991,node,shop,bakery,Gourmet bakers,,,,,31.5594066,74.3051096,Lahore,Punjab,Pakistan,,,
d05d7290-aebd-5400-9d0c-417d47cacd46,4830481631,node,amenity,police,سنٹرل پولیس آفس,,Central Police Office,,,31.5652114,74.3064501,Lahore,Punjab,Pakistan,,,
021553b4-2e74-588f-969a-b5611846208b,4893314022,node,office,lawyer,Yousaf Islam Associates,,Yousaf Islam Associates,,,31.5623271,74.3112235,Lahore,Punjab,Pakistan,,,
d414b74b-243b-525d-80d9-7122adcce611,4957438622,node,office,lawyer,office of Adv. Sayd Almdar Hussain,,,,,31.561459,74.3098684,Lahore,Punjab,Pakistan,,,
5ef526dd-d3af-5b91-9847-8ac4f9ba5ba5,5641988980,node,office,company,Centre for Halal Assurance,,Centre for Halal Assurance,,,31.5651217,74.3103171,Lahore,Punjab,Pakistan,,,
dc57c40e-a4e3-5567-8e82-2d972b5efb63,5752543097,node,railway,station,انارکلی,انارکلی‎,Anarkali,,,31.56248,74.3093567,Lahore,Punjab,Pakistan,,Lahore Metro,
31b1eef5-2814-53e6-aa4d-a46dd92c3653,5804066153,node,amenity,bank,Samar & Samar prize bond,,,,,31.5649045,74.3112127,Lahore,Punjab,Pakistan,,,
ba44d056-6ab3-579d-9de3-4041bfb06c7e,5844797022,node,office,government,Excise and Taxation Office,,,,,31.5610354,74.3110477,Lahore,Punjab,Pakistan,,,
c8dcdd2a-aceb-586c-9c47-2ba5435e0b4c,9898529120,node,historic,monument,Darbar Bibi Fatima Kalan,,,,,31.5626683,74.309008,Lahore,Punjab,Pakistan,,,
48c775e1-57eb-585b-9e03-f85e5ebe7502,12245167746,node,place,neighbourhood,پرانی انارکلی,,Old Anarkali,,,31.5645997,74.3076404,Lahore,Punjab,Pakistan,,,
d89c9f44-94f3-5db6-a638-ce9389453ae4,12245167747,node,amenity,place_of_worship,مبارک,,,,,31.5644047,74.3080375,Lahore,Punjab,Pakistan,,,
e5d07a78-dcef-5ca3-b787-a6f34d28d4b7,12606279799,node,tourism,hotel,Hotel Tourist Inn Lahore,,,,,31.5649629,74.3109149,Lahore,Punjab,Pakistan,,,
5e63825d-a49e-5be4-85f5-25c9a39b63ca,2953146416,node,amenity,courthouse,Lahore High Court,,,,,31.5637229,74.314805,Lahore,Punjab,Pakistan,,,
94c5ad82-702a-5bee-8965-0bf451d626d7,2953146417,node,amenity,courthouse,Supreme Court,,,,,31.5648299,74.3128658,Lahore,Punjab,Pakistan,,,
d445ac5c-1678-567a-93e2-974343eafc3e,3237253898,node,amenity,bank,State Bank of Pakistan,,,,,31.5629058,74.3160657,Lahore,Punjab,Pakistan,,,
fa2133ab-85b9-5e85-91ff-1fbceb3f4a14,4618720689,node,office,lawyer,Farooq Sh Law Associate,,,,,31.561013,74.3158066,Lahore,Punjab,Pakistan,,,
d04f8434-1c16-58a9-96e6-70a2a81d7f89,4634336789,node,office,lawyer,Tax Office RTO,,Tax Office RTO,,,31.5643356,74.3112754,Lahore,Punjab,Pakistan,,,
15d9bd7d-8266-5964-b9a2-f2a216960c18,4893957822,node,office,lawyer,S.A.H Law Associates,,S.A.H Law Associates,,,31.5618405,74.3126505,Lahore,Punjab,Pakistan,,,
9b4ef151-02f0-571d-8f0f-d39fbe111995,4893958421,node,office,lawyer,Law mart,,Law mart,,,31.5615925,74.3125112,Lahore,Punjab,Pakistan,,,
fee5cca9-340f-5a6a-85cd-06cd5ff73282,4896573622,node,office,government,A. G. Office,,A. G. Office,,,31.5639071,74.3115908,Lahore,Punjab,Pakistan,,,
29244216-5b79-5066-8a91-51f18916d740,4903162121,node,office,lawyer,Yousaf Islam Associates,,Yousaf Islam Associates,,,31.5624541,74.3113521,Lahore,Punjab,Pakistan,,,
8190bce4-944d-5d7f-9026-6146dcefa347,4965498521,node,office,lawyer,Fazal e Meeran Law Chambers,,Fazal e Meeran Law Chambers,,,31.5613492,74.3126967,Lahore,Punjab,Pakistan,,,
bb28c837-fd83-500a-b744-adbca64ef38a,4965498821,node,shop,books,Manzoor Law Book House,,Manzoor Law Book House,,,31.5617147,74.3126231,Lahore,Punjab,Pakistan,,,
b65a2e7b-3d8c-5164-80fd-d204d00a240f,5260103793,node,healthcare,hospital,Badar Medical Complex,,,,,31.559244,74.3125849,Lahore,Punjab,Pakistan,,,
818c021a-5d98-5da3-b43b-8899eb910a7e,5273541663,node,tourism,hotel,Best Western Hotel,,,,,31.5615014,74.3147352,Lahore,Punjab,Pakistan,,,
ba44e36e-7545-55d2-8360-16171b1ad48b,5862244090,node,historic,memorial,Cathedral Monument,,,,,31.5641754,74.3162867,Lahore,Punjab,Pakistan,,,
e168cfe9-437f-54ff-8a5e-b2894d7a53b8,6451684985,node,amenity,restaurant,Babar Restaurant,,,,,31.5611841,74.3129496,Lahore,Punjab,Pakistan,,,
7390d9e5-102d-53ce-ae34-d675dcec3acf,6457435305,node,amenity,atm,,,,,,31.5626932,74.317295,Lahore,Punjab,Pakistan,,MCB Bank,
86f66dbe-d298-522f-ab38-ca0c747c038f,6457435306,node,amenity,bank,ایم سی بی بینک,ایم سی بی بینک,MCB Bank,,,31.5626749,74.3173448,Lahore,Punjab,Pakistan,ایم سی بی بینک,ایم سی بی بینک لمیٹڈ,
a936ddb3-3067-56ba-a2ce-7f2464c3684d,7121833600,node,amenity,place_of_worship,Hazrat Ataullah,,,,,31.5590607,74.3120683,Lahore,Punjab,Pakistan,,,
9f8cbe11-f0cd-50ae-8701-4bd2a768e011,11395512714,node,shop,electronics,DIGILOG.PK,,,,,31.5613344,74.3178097,Lahore,Punjab,Pakistan,Digilog,DIGILOG ELECTRONICS,
6d84aa5b-a4aa-52b7-b402-d828a44016ba,5172841521,node,shop,bakery,cake's and bakes,,,,,31.5678007,74.2918188,Lahore,Punjab,Pakistan,,,
dcebea49-f7b3-5117-aa5a-5d7c291aba1c,5259747067,node,healthcare,hospital,Muhammadi Hospital,,,,,31.5710909,74.2981105,Lahore,Punjab,Pakistan,,,
a44df9ee-ce19-5bdd-80cd-388522f944e6,5866573359,node,amenity,place_of_worship,Ashrafia,,,,,31.5704697,74.2952228,Lahore,Punjab,Pakistan,,,
8631fbad-d6a1-5ba2-b5fa-6f95b2436289,7113791507,node,place,suburb,اسلام پُورہ,اسلام پورہ,Islampura,,,31.5657186,74.2937706,Lahore,Punjab,Pakistan,,,
360ade14-3396-53cb-b0a2-43843452391b,7121831833,node,amenity,place_of_worship,Hamdia Rizvia,,,,,31.5657338,74.2946387,Lahore,Punjab,Pakistan,,,
581b2e6f-bda3-57a3-ac59-34de3cd51211,8407680113,node,amenity,place_of_worship,Noor,,,,,31.5676392,74.2961234,Lahore,Punjab,Pakistan,,,
bb78b269-9569-5bcb-9182-19f2456615e4,8407680114,node,amenity,place_of_worship,Siddiqiya,,,,,31.5673797,74.2973279,Lahore,Punjab,Pakistan,,,
24a4c527-e6cc-54b0-aa73-99b0e49859ca,8407704643,node,amenity,place_of_worship,Fazlia Usmania,,,,,31.5696169,74.2975457,Lahore,Punjab,Pakistan,,,
ec5e6153-d5c2-5bf3-9c3d-6df14c485ef4,8407704644,node,amenity,place_of_worship,Sahib-Uz-Zaman,,,,,31.5672798,74.2937194,Lahore,Punjab,Pakistan,,,
aec71fd7-b071-5eb6-839f-0e830f51b636,3588554269,node,amenity,parking,,,,,,31.5684009,74.3005676,Lahore,Punjab,Pakistan,,,
3c8aaeeb-749a-5eaf-88a2-57e6680a35c6,4537274396,node,office,government,Civil Secreteriat,,,,,31.5671519,74.3016352,Lahore,Punjab,Pakistan,,,
783d4a16-0faa-538a-83c5-ffac4cdfd376,4893958021,node,amenity,courthouse,Aiwan e Adal,,Aiwan e Adal,,,31.5693202,74.303611,Lahore,Punjab,Pakistan,,,
c4e6f549-c7f8-533a-9552-72ce0a450673,4906415721,node,amenity,courthouse,3,,Civil Courts,,,31.5695456,74.3036945,Lahore,Punjab,Pakistan,,,
5c1a1afc-8e11-5073-a31d-b0b7993cf359,4909092324,node,office,government,Provincial Election Commission,,Provincial Election Commission,,,31.5689289,74.3025236,Lahore,Punjab,Pakistan,,,
f82da750-aac4-502d-af73-920c66cac44a,4914789573,node,amenity,courthouse,Sessions Court Lahore,,,,,31.5657172,74.2998603,Lahore,Punjab,Pakistan,,,
e0a64b75-5045-5d5a-b741-b4de691dc863,5864382561,node,office,government,Planning and Development Board,,,,,31.566667,74.3042613,Lahore,Punjab,Pakistan,,,
d98b3d81-d64e-5da1-beb2-3d7971280795,8398827219,node,amenity,place_of_worship,Anwar,,,,,31.5716477,74.3022129,Lahore,Punjab,Pakistan,,,
409bb43e-ada1-5cf3-8374-d9a689506e78,8407704622,node,office,government,پرانا کمشنر لاہور آفس,,Commissioner Lahore Office,,,31.5695984,74.3016819,Lahore,Punjab,Pakistan,,,
5c06bffa-4264-5b3e-970c-df1a29afc896,8407704623,node,amenity,place_of_worship,Noor-e-Mustafa,,,,,31.5698889,74.3016748,Lahore,Punjab,Pakistan,,,
3089c53b-d452-5c0a-93ea-cfe7bfb2e34b,12245169964,node,office,company,Vedic Laboratories Corporate Office,,,,,31.5660315,74.3033788,Lahore,Punjab,Pakistan,,,
3ed18f41-81d0-5654-a428-d76e2933e899,12245169965,node,office,government,ہائر ایجوکیشن ڈیپارٹمنٹ,,Higher Education Department,,,31.5675883,74.3034992,Lahore,Punjab,Pakistan,,,
63421dbf-e46d-5a98-a94f-613c2e1ae7a2,12245169966,node,office,government,Govt. of Punjab Finance Department,,,,,31.5683839,74.302097,Lahore,Punjab,Pakistan,,,
4399d535-fe56-5dbe-81d3-becb4bb5cb0e,12245169967,node,office,government,قانون اور پارلیمانی امور کے محکمہ,,Law & Parliamentary Affairs Department,,,31.5678615,74.3007146,Lahore,Punjab,Pakistan,,,
11c75b0c-66d6-5e75-95db-903c747d0e1e,4265636090,node,shop,bakery,Cakes and bakes,,,,,31.5739556,74.2930253,Lahore,Punjab,Pakistan,,,
9a8eca8b-391a-55ff-bdcf-6adc10dc0803,4914789562,node,amenity,place_of_worship,Tauheed Masjid,,,,,31.5741117,74.2976023,Lahore,Punjab,Pakistan,,,
0b56f2a6-c61b-5faa-8333-b47047d47781,4914789563,node,amenity,restaurant,Sea Hawk Family Restaurant,,,,,31.5739963,74.2959678,Lahore,Punjab,Pakistan,,,
ecb5ee14-cabf-545b-ac99-5947517da207,4914789568,node,amenity,place_of_worship,Masjid Ahle Hadees,,,,,31.5731501,74.2947771,Lahore,Punjab,Pakistan,,,
31634521-fafa-5259-83e4-9b41e0364edc,4914789569,node,amenity,fuel,شیل,شیل,Shell,,,31.5734587,74.2925928,Lahore,Punjab,Pakistan,شیل,,
4d6d647a-89f5-5afe-9b55-f03e1a16dde9,4914789570,node,amenity,fuel,پاکستان اسٹیٹ آئل,پاکستان اسٹیٹ آئل,Pakistan State Oil,,,31.5734125,74.2919688,Lahore,Punjab,Pakistan,پاکستان اسٹیٹ آئل,,
ed99fdbd-9c08-50d4-abee-81e10b8aeeb6,4914789571,node,amenity,place_of_worship,Lateefiah,,,,,31.5729221,74.2925485,Lahore,Punjab,Pakistan,,,
af8f0c21-ee33-5404-8a25-57dd4d345da0,11347712447,node,amenity,place_of_worship,Karamwali,,,,,31.5776991,74.2946503,Lahore,Punjab,Pakistan,,,
68a9e2c8-7cf6-5504-be36-184997b34397,4912291897,node,amenity,cafe,Hafiz Tea Stall,,,,,31.578153,74.3029783,Lahore,Punjab,Pakistan,,,
c551bc9b-66a0-59a8-a9fc-516679ba9d04,4912291905,node,amenity,bank,NIB Bank,,,,,31.5781608,74.2991728,Lahore,Punjab,Pakistan,,,
8bdbbbea-31f9-550d-a851-93e82b926d15,4912439079,node,amenity,police,City Traffic Police Office,,,,,31.5735958,74.3039047,Lahore,Punjab,Pakistan,,,
314c2cad-d687-5633-b70e-0dbc494f04a4,4914789558,node,amenity,bank,Habib Bank,,,,,31.57367,74.3025198,Lahore,Punjab,Pakistan,,,
725dbaf9-3b09-5d14-8ff6-66e2e74e07dd,4914789559,node,tourism,hostel,U.V.A.S Boys Hostel,,,,,31.5724605,74.3009974,Lahore,Punjab,Pakistan,,,
cb4bbc0b-c069-5934-bcae-3843ebdda1af,4914789560,node,office,government,District Civil Defence Office,,,,,31.5731926,74.2982188,Lahore,Punjab,Pakistan,,,
198d4121-9c4d-5395-adb5-40807f01604b,9898541955,node,historic,monument,Samadhis of three Sikh Queens,,,,,31.5726828,74.3026269,Lahore,Punjab,Pakistan,,,
4048a5b2-8626-5410-a597-e2ce7a64e7b0,304965368,node,place,suburb,انارکلی‎,انارکلی‎,Anarkali,,,31.5679445,74.3074319,Lahore,Punjab,Pakistan,,,
1b2e65ba-7b08-5d8b-8b9c-6cd52997e7ec,2952892676,node,amenity,fuel,ٹوٹل,ٹوٹل,Total,,,31.5717999,74.3052136,Lahore,Punjab,Pakistan,طوطال,ٹوٹل پارکو,
b2a55233-eff4-5757-b013-de4af0225354,3260928499,node,tourism,museum,Lahore City Museum,,,,,31.5681162,74.3094235,Lahore,Punjab,Pakistan,,,
f4b0d63a-f5d8-53b4-9772-51791129691a,3544929829,node,amenity,cafe,Hafiz Juice Corner,,,,,31.5678728,74.3100152,Lahore,Punjab,Pakistan,,,
989e24d0-ce28-585b-81be-04567efed726,4170048191,node,tourism,artwork,Minhas Art Gallery,,,,,31.571308,74.3086614,Lahore,Punjab,Pakistan,,,
b73c9c43-9c4e-5055-a89c-3f9d4a57193f,4170048289,node,amenity,bank,ایچ بی ایل پاکستان,ایچ بی ایل پاکستان,Habib Bank Limited,,,31.5713791,74.308418,Lahore,Punjab,Pakistan,ایچ بی ایل پاکستان,,
a69ecc5a-240b-59e6-8750-5f4083f9d5c2,4170048389,node,amenity,atm,,,,,,31.571473,74.3081522,Lahore,Punjab,Pakistan,,,
e6668101-7fbb-50b9-91ac-24e780124aa5,4170048489,node,amenity,atm,,,,,,31.5712237,74.3079106,Lahore,Punjab,Pakistan,,,
0c1d8ed0-1ff4-5f6b-9f48-7f9e7f63f7b8,4170048589,node,tourism,artwork,Anarkali Bazar,,,,,31.5683818,74.3101484,Lahore,Punjab,Pakistan,,,
b2fdf7e4-17ca-550b-ada5-a093bd5eaaef,4229615889,node,amenity,bank,UBL BANK,,,,,31.5712795,74.307921,Lahore,Punjab,Pakistan,,,
e1d3c88b-4e6b-5fa6-a063-91ff39d304d2,4559353390,node,tourism,hotel,sunset,,,,,31.5662382,74.3092015,Lahore,Punjab,Pakistan,,,
558cc5d4-a8f0-5df6-8d26-5913df4e7851,4934864622,node,historic,memorial,Kim's Gun,,,,,31.5689699,74.3073834,Lahore,Punjab,Pakistan,,,
650a6b9e-df6f-5603-8e75-e78fb3ce3e9d,5001452727,node,tourism,attraction,Bashir p/s,,Bashir p/s,,,31.5702242,74.3111817,Lahore,Punjab,Pakistan,,,
095d8b47-a8dc-5a74-b58f-87fd344421e7,5001453228,node,tourism,attraction,Molvi jameel k/s,,Molvi jameel k/s,,,31.5702717,74.311044,Lahore,Punjab,Pakistan,,,
e79bcc55-1278-564c-9e9f-0eb58aaf43ab,5001453229,node,tourism,attraction,Arbaz g/s,,Arbaz g/s,,,31.570806,74.3096428,Lahore,Punjab,Pakistan,,,
bddb4937-152b-5920-88ce-07603888373f,5276896858,node,tourism,hotel,Hotel Anarkali Inn,,,,,31.565982,74.3071207,Lahore,Punjab,Pakistan,,,
e43e6e81-6ac5-5b62-9a41-0871a137e973,5862244089,node,historic,memorial,M.M. Alam's F-86 Fighter Jet,,,,,31.5690492,74.3070143,Lahore,Punjab,Pakistan,,,
fa02a337-ddbd-5d86-af5e-d2eb5928471f,5862364462,node,amenity,place_of_worship,Shrine of Shahabuddin Shah Bukhari Punj Pir,,,,,31.5717962,74.3094071,Lahore,Punjab,Pakistan,,,
9c110f85-a9c1-5a4f-be04-0ef9c37b3a6a,5866497027,node,natural,tree,,,,,,31.5696816,74.3112529,Lahore,Punjab,Pakistan,,,
e696e05d-e2d2-5918-bee8-f9e39e409e96,6808341786,node,tourism,attraction,Anarkali Street Market,,,,,31.5702106,74.3111428,Lahore,Punjab,Pakistan,,,
f3576220-e5f0-5626-94a5-9c05dcf42507,7113923799,node,place,neighbourhood,Dhobi Mandi,,,,,31.5663377,74.3103211,Lahore,Punjab,Pakistan,,,
fd2dc65d-d327-536f-bddb-82321bfb0e84,1241932083,node,amenity,restaurant,Bundu Khan,,,,,31.5654607,74.3155192,Lahore,Punjab,Pakistan,,,
1ceebd08-4e61-565a-a5af-95d9ba97c155,1886594378,node,place,city,لاہور,لاہور,Lahore,,,31.5656822,74.3141829,Lahore,Punjab,Pakistan,,,Q11739
b76e7222-7841-5389-bf1c-18d894a195c5,2944029700,node,amenity,post_office,General Post Office,,,,,31.5656648,74.3134333,Lahore,Punjab,Pakistan,,,
2c53b8e3-d8c7-5864-8a4a-4dcacdd3f6b6,5183264823,node,amenity,cafe,Pak Tea House,,,,,31.5673113,74.3127135,Lahore,Punjab,Pakistan,,,
a24de30e-d354-51b9-a416-7f8d696ff089,5844819916,node,healthcare,hospital,Centre for Nuclear Medicine,,,,,31.5704213,74.3169553,Lahore,Punjab,Pakistan,,,
b3fbdab9-6f73-55b6-803e-99726518c1d5,5844819917,node,healthcare,hospital,Neurology Department,,,,,31.5702316,74.3173681,Lahore,Punjab,Pakistan,,,
be3c4f28-94f0-523d-be9a-f5783192a199,5844819918,node,healthcare,hospital,Department of Psychiatry,,,,,31.5696419,74.3176814,Lahore,Punjab,Pakistan,,,
e0ce65b6-b4d8-5acb-8b02-e078c1fdcd8f,5844911973,node,amenity,place_of_worship,Valmiki Temple,,,,,31.5685002,74.3113364,Lahore,Punjab,Pakistan,,,Q24952159
7ea6e10b-4814-5dbe-987d-12cc91c564af,5862129050,node,historic,memorial,Donald McLeod Memorial,,,,,31.5659495,74.3173325,Lahore,Punjab,Pakistan,,,
19d62cb0-ce9c-5704-9769-082df28475be,5866497028,node,natural,tree,,,,,,31.5693282,74.3114338,Lahore,Punjab,Pakistan,,,
adf376b0-3efd-5272-9ecf-35dfa375eb59,5866497029,node,natural,tree,,,,,,31.5693444,74.3113628,Lahore,Punjab,Pakistan,,,
85580e29-66d0-543a-84a0-99920b65a866,5866497030,node,natural,tree,,,,,,31.56845,74.3113206,Lahore,Punjab,Pakistan,,,
8893b721-854d-538f-9cc6-f00dd22cb286,5866497031,node,natural,tree,,,,,,31.5700961,74.3122222,Lahore,Punjab,Pakistan,,,
0d1eba30-4c12-55a2-8def-ba38061d2ab9,5866497032,node,natural,tree,,,,,,31.5699395,74.312029,Lahore,Punjab,Pakistan,,,
fd73de53-0bc4-5575-b162-102f232829f5,5866497033,node,natural,tree,,,,,,31.5702728,74.3127374,Lahore,Punjab,Pakistan,,,
53247f1f-bd51-59b0-bf4a-86c409234a11,5866497034,node,natural,tree,,,,,,31.5705672,74.3129165,Lahore,Punjab,Pakistan,,,
d34d5b82-fa9e-577d-a44a-cb6d20dab83a,5866497040,node,natural,tree,,,,,,31.5689084,74.3113737,Lahore,Punjab,Pakistan,,,
cb4cac02-d5cd-53fe-be9c-63c3c069e4cd,6167398985,node,amenity,cafe,Pak Tea House Actual Location,,,,,31.5674626,74.3118284,Lahore,Punjab,Pakistan,,,
a84379ac-7d5b-5283-bf3d-0312fcc9eb88,8639831831,node,amenity,atm,,,,,,31.5669795,74.3118164,Lahore,Punjab,Pakistan,,Standard Chartered Bank,
cc845f3a-b648-5527-bc50-dfdfd7cf17b9,8639831832,node,amenity,bank,اسٹینڈرڈ چارٹرڈ,اسٹینڈرڈ چارٹرڈ,Standard Chartered,,,31.5669667,74.3118692,Lahore,Punjab,Pakistan,اسٹینڈرڈ چارٹرڈ,اسٹینڈرڈ چارٹرڈ,
1ba3a1b0-75dd-5627-9d8c-0b74dd39fa43,9564940684,node,railway,station,جی-پی-او,جی-پی-او,G.P.O,,,31.5655542,74.314236,Lahore,Punjab,Pakistan,,Lahore Metro,Q108689645
3976217a-a94c-5456-82f2-1fbf927caba9,11079068405,node,tourism,attraction,Kazakhstan House,,,,,31.5655532,74.3152266,Lahore,Punjab,Pakistan,,,
1d1bfeb7-1f06-50cb-9d30-9657de9bb8ff,304965343,node,place,suburb,اُردو بازار,اُردو بازار,Urdu Bazaar,,,31.5749997,74.3096226,Lahore,Punjab,Pakistan,,,
464751f6-f6c9-509d-b389-181f26e55921,4170047791,node,tourism,attraction,Oval,,,,,31.5727912,74.3067963,Lahore,Punjab,Pakistan,,,
8e51ab22-effb-5092-8ba9-31365a5d6d79,4170048089,node,amenity,cafe,PG Cafe,,,,,31.5753588,74.3072304,Lahore,Punjab,Pakistan,,,
0899e3e6-a697-5b1e-a405-1fdbba97549d,4229616089,node,tourism,hostel,Iqbal Hostel,,,,,31.5745837,74.308473,Lahore,Punjab,Pakistan,,,
003eb59a-9507-55b9-8bc9-028a4305d8f6,4230205789,node,tourism,guest_house,Gcu Guest House,,,,,31.5728532,74.3095885,Lahore,Punjab,Pakistan,,,
55f9764b-4f8a-5558-8fce-218ec8b3dcbe,4257807802,node,tourism,hostel,Khaid bin Waleed Hall,,Khalid Bin Waleed Hall,,,31.5731059,74.3098111,Lahore,Punjab,Pakistan,,,
fe84278f-e5b0-53d0-a65a-10113a5fc7ce,4261530990,node,tourism,hostel,,,,,,31.5721795,74.309914,Lahore,Punjab,Pakistan,,,
5339b36f-d7f1-5dfa-af47-8511f307dbc5,4336561093,node,tourism,hotel,Hotel One,,,,,31.5743553,74.3088403,Lahore,Punjab,Pakistan,,,
81dc09b2-2918-5c2c-85bf-4e15de0b60e4,4340777189,node,historic,monument,Sesquicentennial Hall,,,,,31.5725671,74.3089511,Lahore,Punjab,Pakistan,,,
2c079644-0052-5975-bec2-f9a7d497a2d0,4340777289,node,amenity,atm,,,,,,31.5746471,74.3067689,Lahore,Punjab,Pakistan,,UBL,
a3ad7e96-d274-5f97-9482-395a1486bdc2,4340777290,node,tourism,attraction,Love Garden ❤,,,,,31.573453,74.3062943,Lahore,Punjab,Pakistan,,,
1f379062-3d17-5bc1-9843-5195a9470617,4340777291,node,amenity,cafe,Inter Cafe,,,,,31.5720725,74.3086478,Lahore,Punjab,Pakistan,,,
acd74f85-5f6c-52d2-a394-b911fc5180c6,4487710144,node,shop,stationery,Saeed Paper Mart,,,,,31.5761049,74.3090828,Lahore,Punjab,Pakistan,,,
804e5849-ed13-50c4-8f0d-1117c448a796,4912291926,node,amenity,atm,الائیڈ بینک لمیٹڈ,الائیڈ بینک لمیٹڈ,ABL,,,31.5780603,74.307735,Lahore,Punjab,Pakistan,الائیڈ بینک لمیٹڈ,,
3dc3ff5a-b586-5146-9c40-5a5c756410a3,4912291929,node,shop,bakery,Pilot Bakers,,,,,31.5776125,74.306586,Lahore,Punjab,Pakistan,,,
53356c08-82e0-58df-8edc-6c093191ff59,4912291930,node,shop,bakery,Ali Baba Bakery,,,,,31.5772115,74.3068726,Lahore,Punjab,Pakistan,,,
785e99ec-4c15-5a0a-b4c0-adc65283b9f1,5188697221,node,office,ngo,Centre For Special Students,,,,,31.5735846,74.3073872,Lahore,Punjab,Pakistan,,,
78461fee-a9fd-5daa-a03a-e9beb2a2cb0e,9886407885,node,amenity,place_of_worship,Ghous al Azam,,,,,31.5732482,74.3096027,Lahore,Punjab,Pakistan,,,
8e9cedc3-caf6-530c-a072-631b7b46605e,2394131445,node,historic,monument,Tomb of Qutbuddin Aibek,,,,,31.5747094,74.3135016,Lahore,Punjab,Pakistan,,,
08020d86-e3b9-5cf6-bef8-e28f277a92b0,2401515324,node,healthcare,hospital,Lady Aitchison Hospital,لیڈی ایچی سن ہسپتال,,,,31.5735465,74.3154607,Lahore,Punjab,Pakistan,,,
c486944d-8010-5230-80f1-d3d237d4b9d2,4476788693,node,shop,clothes,Sohail Tower,,Sohail Tower,,,31.57591,74.3131626,Lahore,Punjab,Pakistan,,,
a90859bf-7090-5290-bcf2-0b4dfa555d3b,4912814981,node,amenity,bank,Meezan Bank Limited,,,,,31.575123,74.3173378,Lahore,Punjab,Pakistan,,,
8b1084ea-5349-5b42-9502-8ba56a918f3d,4914789553,node,amenity,bank,National Bank - NBP,,,,,31.5768616,74.3175688,Lahore,Punjab,Pakistan,,,
4918e66c-5e08-50f7-bc87-dd7638b57a4a,4914789554,node,amenity,place_of_worship,Lal,,,,,31.5764402,74.3171764,Lahore,Punjab,Pakistan,,,
8e5378c0-4534-50c7-9ada-f099054306ce,4914789555,node,amenity,ice_cream,Baba Kulfi Wala,,,,,31.576857,74.3173274,Lahore,Punjab,Pakistan,,,
8b69ed34-c2bc-514c-be73-98f8432a124e,4914789556,node,amenity,bank,فیصل بینک,فیصل بینک,Faysal Bank,,,31.5759476,74.3165871,Lahore,Punjab,Pakistan,فیصل بینک,,
d9008936-c7f7-5155-9832-34d8f1b41f46,4946147621,node,amenity,fast_food,,,,,,31.5763795,74.3130972,Lahore,Punjab,Pakistan,,,
e65745a5-900d-59c3-a24e-34b9fe70bc76,5013337825,node,tourism,attraction,Islam g/s,,Islam g/s,,,31.5736426,74.3152075,Lahore,Punjab,Pakistan,,,
4aac8bf6-6501-554d-9377-f2534159652b,5835322544,node,tourism,attraction,Old Bansi Temple,,,,,31.5750713,74.3132456,Lahore,Punjab,Pakistan,,,
c983770c-caaa-54f4-9cf9-67bbcbc1b46a,5866497035,node,natural,tree,,,,,,31.5724596,74.3125481,Lahore,Punjab,Pakistan,,,
16035237-1d6f-59f3-a3ff-5995df5ef75b,5866497036,node,natural,tree,,,,,,31.5730557,74.3132671,Lahore,Punjab,Pakistan,,,
11122a04-d30c-53a5-964f-790defcc03c9,5866497037,node,natural,tree,,,,,,31.5740781,74.3123629,Lahore,Punjab,Pakistan,,,
6e8eb38b-58d8-5680-9dd4-ade3913f5ef3,5866497038,node,natural,tree,,,,,,31.5746765,74.3121582,Lahore,Punjab,Pakistan,,,
91440037-0bfa-5083-a239-828d7f4415ba,5866497039,node,natural,tree,,,,,,31.5746082,74.3121444,Lahore,Punjab,Pakistan,,,
ee69f911-1544-5195-9461-78d1d51408e9,5875349523,node,amenity,place_of_worship,Shrine of Syed Yaqub Zanjani,,,,,31.5738575,74.3158572,Lahore,Punjab,Pakistan,,,
3d1fb001-3ef3-571b-886d-476761617f6a,7118262236,node,tourism,attraction,Rattan Chand Temple (abandoned),,,,,31.5740951,74.3166315,Lahore,Punjab,Pakistan,,,
c1b37e87-a6a0-5640-9f37-81168788f665,7118262237,node,amenity,place_of_worship,موتی,,Moti,,,31.5731934,74.3162229,Lahore,Punjab,Pakistan,,,
8807acdf-778a-5814-ac76-d740ade12580,8388859009,node,amenity,place_of_worship,Tarro Moran,,,,,31.5773357,74.3163057,Lahore,Punjab,Pakistan,,,
01d4cc97-ea93-5ff5-9a03-95f72f23b138,8389097179,node,amenity,place_of_worship,شیر ربانی,,Sher Rabbani,,,31.5774744,74.3133734,Lahore,Punjab,Pakistan,,,
35daab80-697d-59ae-8cb4-40532bee8a6a,8389107953,node,amenity,place_of_worship,Muslim,,,,,31.5767082,74.3134071,Lahore,Punjab,Pakistan,,,
d619a7ee-a183-5d5e-8ef1-b8e1785d9265,8389730144,node,place,neighbourhood,Bairoon Lohari Gate,,,,,31.5768478,74.3132985,Lahore,Punjab,Pakistan,,,
70b55eb9-0c9b-5887-a0e8-bf48331a14a6,8389781580,node,place,neighbourhood,Bairoon Mori Gate,,,,,31.5772276,74.3114477,Lahore,Punjab,Pakistan,,,
b03d3770-49c5-53b3-9a31-ac5424a77302,8389868116,node,amenity,place_of_worship,Shrine of Baba Matti Wali Sarkar (Sakhi Manzoor Hussain Shah Qalandari Lahori),,,,,31.5778447,74.3117998,Lahore,Punjab,Pakistan,,,
06aaedd4-22df-595b-8611-8941926f4ba9,8411179511,node,amenity,place_of_worship,Sabeel Wali,,,,,31.575975,74.3174091,Lahore,Punjab,Pakistan,,,
3b81e1ee-adb1-56da-8199-e71086d51225,8411271872,node,amenity,place_of_worship,Talwar,,,,,31.5736162,74.3123805,Lahore,Punjab,Pakistan,,,
99a141c8-da7d-508d-86c6-d0c43aa9f1d2,8411271873,node,place,neighbourhood,Mohallah Biyopiyaran,,,,,31.5741934,74.3113346,Lahore,Punjab,Pakistan,,,
3a8029b1-58aa-54ed-a34b-2c6e5d05ebda,8955329810,node,place,neighbourhood,Naiza Moran,,,,,31.5777537,74.314984,Lahore,Punjab,Pakistan,,,
825f5fdb-baef-55f6-85fe-4b9e3384c876,8955329811,node,place,neighbourhood,Kucha Haji Khuda Bakhash,,,,,31.577876,74.3146111,Lahore,Punjab,Pakistan,,,
23548c39-d3dc-5dfe-bf40-62a1a0bf5a90,8955333221,node,place,neighbourhood,Gali Munj Kuttan,,,,,31.5776901,74.3139197,Lahore,Punjab,Pakistan,,,
8d25cb05-7c85-5b60-845f-f9783af4c68f,8955333222,node,place,neighbourhood,Katra Taar Kashan,,,,,31.5774839,74.314293,Lahore,Punjab,Pakistan,,,
bd34a36d-a66d-56c6-b853-2bc3d0ee5c30,8955333224,node,place,neighbourhood,Chaapa Khana,,,,,31.5773682,74.3147385,Lahore,Punjab,Pakistan,,,
d26a0a4b-c9b0-5b33-bc5f-3d89086ec47d,8955333226,node,place,neighbourhood,Kucha Dogaran,,,,,31.5770099,74.3162865,Lahore,Punjab,Pakistan,,,
948ee19a-96b5-58de-91d7-d956aec9d520,8955333227,node,place,neighbourhood,Kucha Ghousia,,,,,31.5770491,74.3155968,Lahore,Punjab,Pakistan,,,
b8848091-1dac-502f-98f5-9c2c5e8bc5f1,8955438521,node,place,neighbourhood,Nawab Abdul Majeed,,,,,31.577814,74.3158735,Lahore,Punjab,Pakistan,,,
bb89ec95-bbdc-526e-b3c4-36fddfcc24e5,8955438528,node,place,neighbourhood,Kucha Gopi Chand,,,,,31.5776296,74.3166451,Lahore,Punjab,Pakistan,,,
7e7a5c40-c26c-54f9-b2f9-bdab5bd57316,8955438530,node,place,neighbourhood,Kucha Baal Mata,,,,,31.5777267,74.3166166,Lahore,Punjab,Pakistan,,,
ba957bac-d786-5f08-9ff4-825fcc0f67d0,8955438531,node,place,neighbourhood,کوچہ کِرپا رام,کوچہ کرپا رام,Kucha Kirpa Ram,,,31.5781408,74.3168179,Lahore,Punjab,Pakistan,,,
fc122d0b-b733-52e4-ab60-f0379da77fdc,8955438548,node,place,neighbourhood,Jora Mandi,,,,,31.5784333,74.315964,Lahore,Punjab,Pakistan,,,
b4d42479-d560-5e38-824d-b90c113206b8,8955438589,node,place,neighbourhood,Haveli Araiyan,,,,,31.5781066,74.3160505,Lahore,Punjab,Pakistan,,,
23ecddc6-58b4-5eb5-af6f-6ce8fb988192,9356765059,node,amenity,place_of_worship,Shahalmi Laal,,,,,31.5772641,74.3174066,Lahore,Punjab,Pakistan,,,
089c7bbd-2bdf-58bd-8aae-d82b272db6cc,9390957119,node,historic,monument,صوفی مولوی محمد نواب علی قبر,,,,,31.5775372,74.3134273,Lahore,Punjab,Pakistan,,,
7422752a-0b73-5433-adfb-9d57189662a3,9885925156,node,amenity,place_of_worship,,,,,,31.5768287,74.3155822,Lahore,Punjab,Pakistan,,,
af51b17b-81bf-57bd-a4b7-f11016e8c514,9885925157,node,amenity,place_of_worship,,,,,,31.5777692,74.3138254,Lahore,Punjab,Pakistan,,,
44584c6e-d336-51df-b4c4-ab5123a44031,9886314797,node,amenity,place_of_worship,نور,,Noor,,,31.5738763,74.3176286,Lahore,Punjab,Pakistan,,,
078693d4-39c4-5fcc-8983-3c4fbdb2baf4,9890918744,node,place,neighbourhood,سرائے رتن چند,,Sarai Rattan Chand,,,31.5742967,74.3166668,Lahore,Punjab,Pakistan,,,
8504a07d-896d-5ba9-9190-cffb860bff0f,2944220295,node,amenity,police,Civil Lines Police Station,,,,,31.5580171,74.3236628,Lahore,Punjab,Pakistan,,,
442af54d-8ba3-52d1-8ba6-ad2561afdf83,3230619156,node,shop,books,Pak Book,,,,,31.5524975,74.3193863,Lahore,Punjab,Pakistan,,,
d1ba3cbd-16e0-5335-9e2b-b2657844aa41,4618634691,node,office,lawyer,Tanvir Law Associate,,,,,31.5560108,74.3185179,Lahore,Punjab,Pakistan,,,
b0ceba6e-0b1c-558b-992a-2a25a531c733,5259958804,node,healthcare,hospital,Rasheed Hospital,رشید ہسپتال,,,,31.5570942,74.3236314,Lahore,Punjab,Pakistan,,,
126945ef-0d57-59b2-b418-d20dcb5432a8,5835248666,node,amenity,place_of_worship,لاہور بہائی مرکز,لاہور بہائی مرکز,Lahore Bahai Centre,,,31.5528217,74.3208645,Lahore,Punjab,Pakistan,,,
eb767688-f8a0-55ff-96a5-0a4df8e94cb2,5844797019,node,amenity,place_of_worship,Nimrah,,,,,31.5563288,74.3189297,Lahore,Punjab,Pakistan,,,
b15ef9c5-66c0-5442-ba8e-116c191ede2d,5847359842,node,amenity,fuel,پاکستان اسٹیٹ آئل,پاکستان اسٹیٹ آئل,Pakistan State Oil,,,31.5569473,74.3226818,Lahore,Punjab,Pakistan,پاکستان اسٹیٹ آئل,,
d7dd332d-4637-53f3-a20d-dba59a122037,6552301985,node,office,company,AHL Lahore Regional Office,,,,,31.5558367,74.3196064,Lahore,Punjab,Pakistan,,,
efbdc08c-9e13-5895-91fc-9768087c395e,3230619154,node,leisure,garden,GCU Botanical Garden,,,,,31.5566953,74.3280119,Lahore,Punjab,Pakistan,,,
2bda9ea6-2bcc-557a-acfc-64e273a7e6ba,8399022562,node,amenity,restaurant,Fujiayama,,,,,31.5586053,74.3279147,Lahore,Punjab,Pakistan,,,
65cb18b0-712d-50a3-84af-567b43db1da1,2953146408,node,shop,clothes,H. Karim Buksh,,,,,31.5614938,74.3193386,Lahore,Punjab,Pakistan,,,
748449ac-6c52-5bce-8947-b22de60403b8,2953146438,node,amenity,fast_food,کینٹکی فرائیڈ چکن,کینٹکی فرائیڈ چکن,KFC,,,31.5621214,74.3180407,Lahore,Punjab,Pakistan,کینٹکی فرائیڈ چکن,,
813ed50f-3d78-5aee-a743-d7e1db9e80f8,2953190103,node,amenity,ice_cream,Chaman Ice Cream,,,,,31.5622749,74.3200174,Lahore,Punjab,Pakistan,,,
98ead81f-a7f3-5aa1-879e-70258e3dff55,2953190108,node,shop,mall,Panorama Shopping Centre,,Panorama Shopping Centre,,,31.5620098,74.3211976,Lahore,Punjab,Pakistan,,,
cad6f1fd-a00b-5604-ad67-2b0036d6da0d,2953190109,node,amenity,bank,سونیری بینک,سونیری بینک,Soneri Bank,,,31.5604009,74.3222543,Lahore,Punjab,Pakistan,سونیری بینک,سونیری بینک,
a1ec1c8f-3ae9-54ac-a525-f09cc6540e06,4387382890,node,tourism,hostel,King Edward's Medical University Hostel,,,,,31.5648927,74.3193133,Lahore,Punjab,Pakistan,,,
a6546115-4091-5020-993a-82cd3c799249,4425553490,node,tourism,guest_house,sunny house,,sunny house,,,31.5622447,74.3192735,Lahore,Punjab,Pakistan,,,
8b8e1689-7f45-5607-b914-054a5cf26270,4436438889,node,amenity,bureau_de_change,,,,,,31.5609179,74.3204864,Lahore,Punjab,Pakistan,,,
d00f6d8c-6c48-5a46-92bd-6f85edd3dcb0,4457397491,node,tourism,hostel,Lahore Backpackers,,Lahore Backpackers,,,31.5618327,74.3185317,Lahore,Punjab,Pakistan,,,
2e33d4a8-85ea-5d22-9375-64aeb5f3c8d4,4613737392,node,shop,mobile_phone,Daata mobile,,,,,31.5633396,74.3192263,Lahore,Punjab,Pakistan,,,
d0af9d08-10e9-5097-b4a1-749170752b5d,4613952192,node,shop,mobile_phone,Daata mobile,,Daata mobile,,,31.56305,74.319276,Lahore,Punjab,Pakistan,,,
ca55fc32-a328-5f6a-b734-dff825c8860a,4830902823,node,tourism,attraction,Laxmi Mansion,,Laxmi Mansion,,,31.5632014,74.3202466,Lahore,Punjab,Pakistan,,,
e3b70df4-0fea-540f-8ec1-8ef21005f314,4860024221,node,amenity,restaurant,Goonga Kabab Shop,,,,,31.5623763,74.3201608,Lahore,Punjab,Pakistan,,Deaf n Dumb,
45902f2f-85bb-5e94-9b41-56f50ae3ab0e,4865825721,node,shop,mobile_phone,hkt,,,,,31.563364,74.3190017,Lahore,Punjab,Pakistan,,Sunny,
10bcbb23-0713-5c72-9f5b-1a2e4501954a,5277167705,node,tourism,hotel,Panoramic Hotel Lahore,,,,,31.5618217,74.3217598,Lahore,Punjab,Pakistan,,,
87443862-948e-5c15-992b-0f4482412dc1,5544451022,node,tourism,hostel,regal internet inn,,,,,31.5614483,74.3187454,Lahore,Punjab,Pakistan,,,
c70db11b-3b16-5d55-a780-58fc714e20c9,5775935653,node,shop,mobile_phone,The Originals Mobile Shop,,,,,31.5627281,74.3196405,Lahore,Punjab,Pakistan,,,
fd7ff714-24af-598c-a47e-3f6168ec1099,5793097159,node,amenity,restaurant,Waqas Biryani,,,,,31.5643017,74.3207201,Lahore,Punjab,Pakistan,,,
f111740d-cede-5e3b-9785-717f059995fa,5793261354,node,amenity,place_of_worship,Sacred Heart Cathedral,,,,,31.5595738,74.3197548,Lahore,Punjab,Pakistan,,,
1d4dfbb5-4189-5e30-874b-c46b5ff011f4,6279030322,node,shop,electronics,G.H.Butt & Sons,,,,,31.5638372,74.3180824,Lahore,Punjab,Pakistan,,,
d992b4a9-1aeb-5752-b998-0daab61a5f9d,6441334885,node,amenity,bank,Allied Bank Ltd,,,,,31.5621496,74.3181158,Lahore,Punjab,Pakistan,,,
017aba20-1b1c-5585-9376-379c07bd1bff,6951012285,node,amenity,bureau_de_change,Union Exchange Company (fair rate!),,,,,31.5610115,74.3208157,Lahore,Punjab,Pakistan,,,
e542dbc1-0372-5aab-9893-9c7fd7979b5f,10619296305,node,shop,electronics,Tetralink Technologies,,,,,31.5629083,74.3179213,Lahore,Punjab,Pakistan,,,
8005f3fd-d178-5396-b10d-b243e3ef1976,10759811377,node,shop,supermarket,Jalal Sons,,,,,31.5599589,74.3232814,Lahore,Punjab,Pakistan,,,
2944d805-47d8-5026-a163-cae5baccad79,13183415801,node,shop,computer,AB Traders Game Point,,,,,31.5643209,74.3188501,Lahore,Punjab,Pakistan,,,
d7ddc36a-acf0-5d1f-ac41-8efc92bf61b8,272382057,node,amenity,fuel,,,,,,31.5590146,74.3263837,Lahore,Punjab,Pakistan,,,
97422068-d792-5122-b440-66c46a367309,2944031558,node,historic,monument,,,,,,31.5602742,74.3250262,Lahore,Punjab,Pakistan,,,
f20896c9-a5c8-5ce3-99a0-85af2057dc61,4469609892,node,office,government,Passport Office,,,,,31.5640566,74.3292322,Lahore,Punjab,Pakistan,,,
873755a4-e64a-57e8-8748-ccdaae0a8ac3,4590636991,node,office,government,PIA Town Booking Office,,PIA Town Booking Office,,,31.5602105,74.3267183,Lahore,Punjab,Pakistan,,,
a8a73eb1-6fdd-56e0-bc62-e93cb7d2d759,5259958803,node,office,company,WAPDA,,,,,31.5596705,74.3256472,Lahore,Punjab,Pakistan,,,
481abfbe-3259-5e99-8fc1-45be64c9afe1,5273583558,node,amenity,restaurant,Koyla Restaurant,,,,,31.561507,74.3295923,Lahore,Punjab,Pakistan,,,
a98246ee-5be5-598c-96b4-fa5c978a2747,5273585131,node,amenity,bank,ایم سی بی بینک,ایم سی بی بینک,MCB Bank,,,31.5616076,74.330338,Lahore,Punjab,Pakistan,ایم سی بی بینک,,
9ce02934-518a-54ca-ba0c-74dde142349f,5273631735,node,tourism,hotel,Hotel Falettis,,,,,31.5612513,74.3280073,Lahore,Punjab,Pakistan,,,
5d426061-ff0f-580d-803e-af6ec15ebdac,5866383225,node,office,government,Public Works Department,,,,,31.5599713,74.3292729,Lahore,Punjab,Pakistan,,,
08d46596-37b5-56ac-97b9-2845da20887e,6651016187,node,amenity,money_transfer,ویسٹرن یونین,ویسٹرن یونین,Western Union,,,31.5653313,74.3273874,Lahore,Punjab,Pakistan,ویسٹرن یونین,,
7777efc5-afb1-55e9-96b2-52549cd1f65f,8399022545,node,amenity,restaurant,Red Lotus,,,,,31.561541,74.3300432,Lahore,Punjab,Pakistan,,,
8baf2001-f491-503f-a434-55516d54b2c7,8399022558,node,office,government,Pakistan Software Export Board,,,,,31.5607926,74.3303067,Lahore,Punjab,Pakistan,,,
f380dc54-1ced-55ac-8d01-cb76bc852120,8399022559,node,office,government,SMEDA,,,,,31.5605401,74.3303127,Lahore,Punjab,Pakistan,,,
b1be540b-d3e0-5349-9ed8-28b7fe4cec08,8399022561,node,office,government,PTCL Provincial Headquarters,,,,,31.560396,74.329619,Lahore,Punjab,Pakistan,,,
5db687aa-aa6e-597c-ad65-abf3f47eb121,8399022563,node,amenity,restaurant,The Lakhanvi,,,,,31.5589889,74.3273933,Lahore,Punjab,Pakistan,,,
ba7f3f16-99aa-50df-b780-0c619d85e60e,9477917673,node,amenity,place_of_worship,سنی حنفی,,,,,31.5630937,74.3288685,Lahore,Punjab,Pakistan,,,
a44aa166-4aa5-50db-9618-d1ed16964473,4426393696,node,historic,monument,Akhavan House,,,,,31.5562815,74.3397503,Lahore,Punjab,Pakistan,,,
2240ad36-3357-56d0-8b35-909136048f90,4426395692,node,amenity,fuel,Attock Petrol Pump,,,,,31.5559984,74.3401329,Lahore,Punjab,Pakistan,,,
f4528991-43a9-5c07-a780-539d044a737d,5273551747,node,tourism,hotel,Hotel Pak Heritage,,,,,31.5585729,74.3386768,Lahore,Punjab,Pakistan,,,
1a4256f8-fac8-5603-89cc-8da7056b875e,5273551748,node,office,company,Govt. of Punjab Agriculture Marketing Department,,,,,31.5582507,74.3395458,Lahore,Punjab,Pakistan,,,
dc78584a-2284-5653-8fd8-e6602a1500ce,5616801221,node,amenity,restaurant,Shahjahan,,,,,31.5584767,74.3387717,Lahore,Punjab,Pakistan,,,
85002a19-2765-59f5-bd3d-274776e91161,7099341485,node,office,lawyer,Customs appelate triunel davis road lahore,,,,,31.5565629,74.3412476,Lahore,Punjab,Pakistan,,,
0f8164e8-f4a1-50b4-8d1f-5232fdd6dcf1,7100869887,node,amenity,fast_food,Fast food shop photo copy,,,,,31.5577411,74.339282,Lahore,Punjab,Pakistan,,,
e25ca70d-e0d4-5476-bb52-220e8f6e6910,8399022564,node,amenity,restaurant,Taipan Chinese,,,,,31.5530146,74.3379788,Lahore,Punjab,Pakistan,,,
91393433-c0f6-5bcd-8184-38f9b4d04ed3,8399022565,node,amenity,restaurant,Bukhara,,,,,31.5528976,74.3382373,Lahore,Punjab,Pakistan,,,
2bb4ae26-9b0d-5748-a951-96f4f83df2f2,8399022566,node,amenity,restaurant,Marco Polo Restaurant,,,,,31.5528385,74.3384208,Lahore,Punjab,Pakistan,,,
a632bae2-7be2-54dd-a0a3-b533bde5bc05,8406860225,node,amenity,place_of_worship,Habibullah,,,,,31.5583472,74.3426071,Lahore,Punjab,Pakistan,,,
14f209ca-4f0d-5aeb-b9ac-5797dd1e7661,272428081,node,place,town,سول لائن,سول لائن,Civil Lines,,,31.5615919,74.3354559,Lahore,Punjab,Pakistan,,,
7c60acdd-864b-5b9e-9750-2ae971e49fb4,4270572189,node,amenity,post_office,Fedex,,,,,31.5621727,74.3369831,Lahore,Punjab,Pakistan,,,
67ae5ee6-dc51-58b1-a11f-eeb2a9de0373,5844869426,node,amenity,fuel,پاکستان اسٹیٹ آئل,پاکستان اسٹیٹ آئل,Pakistan State Oil,,,31.5651622,74.3357717,Lahore,Punjab,Pakistan,پاکستان اسٹیٹ آئل,,
a77930a7-28b9-5208-bc09-28e1dd7ba26f,5847387508,node,office,government,Lahore Development Authority,,,,,31.5612667,74.3322895,Lahore,Punjab,Pakistan,,,
1acc5068-f407-5de5-a503-097ea224b36c,5847387509,node,amenity,bank,Bank of Punjab - Lahore Head Office,,,,,31.5620644,74.3340951,Lahore,Punjab,Pakistan,,,
81548dab-b65b-566c-840b-86403e8fc1d5,5847387510,node,office,government,NADRA,,,,,31.5619295,74.3345421,Lahore,Punjab,Pakistan,,,
7f220d61-db9d-5213-a618-17b6f7639e1e,5866384196,node,amenity,restaurant,Lung Fung Chinese,,,,,31.5595596,74.3321317,Lahore,Punjab,Pakistan,,,
9673cfc3-4047-5eb2-8f23-3c19624d8681,5866384201,node,amenity,bank,Atlas Bank,,,,,31.5606625,74.3323129,Lahore,Punjab,Pakistan,,,
5733a60e-7c41-5755-9ff7-108ed8d285cb,5866386785,node,amenity,fuel,,,,,,31.5631192,74.3356855,Lahore,Punjab,Pakistan,,,
eb7d3977-94cb-5a96-8a66-f6af21c51b5e,6612977485,node,shop,convenience,,,,,,31.5616053,74.3373444,Lahore,Punjab,Pakistan,,,
7a259126-5183-51f2-954f-16a773e13dbd,6612977585,node,shop,bakery,Cakes and Baked,,,,,31.5614391,74.3373279,Lahore,Punjab,Pakistan,,,
dcc28db5-f8ed-5fa7-a9d8-95091f79e85b,7244238686,node,office,government,NADRA Mega Centre,,NADRA Mega Centre,,,31.5620265,74.3345245,Lahore,Punjab,Pakistan,,,
bb0bde3a-b1a6-576d-b6c0-c7c10f626b80,7733223886,node,office,government,"DGPR, HQ, Office, Lahore",,,,,31.5644154,74.3318636,Lahore,Punjab,Pakistan,,,
dd8a5232-d6b5-58eb-959b-585653ad7125,8398513042,node,amenity,place_of_worship,شملہ پہاڑی,,Shimla Pahari,,,31.5621217,74.3365138,Lahore,Punjab,Pakistan,,,
69d774f8-d94f-50d7-bbe1-1bbe94357c10,8398960857,node,amenity,place_of_worship,Riaz ul Jannah (Ahl e Sunnat),,,,,31.5645278,74.3320859,Lahore,Punjab,Pakistan,,,
858f2cbe-7b02-5f1e-ab05-598039594d3b,11042378505,node,office,company,Mindbridge,,Mindbridge Private Limited,,,31.5647397,74.3351343,Lahore,Punjab,Pakistan,,,
d63ac015-feb7-56e7-a045-ccdabe639a50,11042379405,node,office,company,Mindbridge Private Limited,,,,,31.5612709,74.3331865,Lahore,Punjab,Pakistan,,,
8acd92a3-4f60-53e7-bd06-6f43645d7f34,5273551750,node,office,company,Telenor,,,,,31.5588898,74.3385937,Lahore,Punjab,Pakistan,,,
fa776bcc-c7f5-5203-88a8-b8ae495c4d6d,8398513041,node,amenity,place_of_worship,Irfania,,,,,31.564504,74.3401286,Lahore,Punjab,Pakistan,,,
3236f517-6fda-5e98-9134-91b670e3d3ff,8406860256,node,amenity,fast_food,Burger King,,,,,31.5626179,74.3404911,Lahore,Punjab,Pakistan,Burger King,,
563cc18c-d3fc-5e01-be1f-27abf5d53157,8406860257,node,amenity,fuel,شیل,شیل,Shell,,,31.5632379,74.3437259,Lahore,Punjab,Pakistan,شیل,,
18be9dab-535a-5385-943b-20f9dec0b653,9887922792,node,place,suburb,بی بی پاک دامن,,Bibi Pak Daman,,,31.5647147,74.3381902,Lahore,Punjab,Pakistan,,,
29a3dfd2-6ff7-55d8-9fdf-db47747e9cd4,4655160890,node,office,lawyer,Billaure Palace,,Billaure Palace,,,31.5668548,74.3224632,Lahore,Punjab,Pakistan,,,
f915dc69-dc65-5b17-ae3a-2b9a110b61ee,4930327321,node,amenity,bank,Habib Bank,,Habib Bank,,,31.571068,74.3187444,Lahore,Punjab,Pakistan,,HBL,
efee31d8-f972-5252-af0a-2a40e6c60287,5027815029,node,tourism,attraction,Qasim p/s,,Qasim p/s,,,31.5710884,74.3185554,Lahore,Punjab,Pakistan,,,
7ac383f9-8b34-5b8a-aa31-3f1ac6535788,5027822024,node,tourism,attraction,Malik Barkat,,Malik Barkat,,,31.5698902,74.3184209,Lahore,Punjab,Pakistan,,,
bdbfd2de-5687-58c0-82e0-41111bfd477f,5027823521,node,tourism,attraction,kashif p/s,,kashif p/s,,,31.5714969,74.321997,Lahore,Punjab,Pakistan,,,
7f5a79f4-673a-5879-b667-e28ece1cf823,5844819915,node,leisure,swimming_pool,KEMU Swimming Pool,,,,,31.5693078,74.3185323,Lahore,Punjab,Pakistan,,,
443677a9-2bbb-5a9b-86a3-b3062b023de3,5844869500,node,amenity,fuel,ٹوٹل,ٹوٹل,Total,,,31.5669069,74.3217146,Lahore,Punjab,Pakistan,طوطال,ٹوٹل پارکو,
96e8bba2-a366-5d50-83e5-fab2282cc5fe,5852305577,node,amenity,place_of_worship,Anwar Majeed,,,,,31.571212,74.3192156,Lahore,Punjab,Pakistan,,,
8164e83f-a80d-5d0c-b5a7-deaa546a8fa1,5852315274,node,natural,tree,,,,,,31.5713142,74.3242474,Lahore,Punjab,Pakistan,,,
f218fe29-a9ce-5a2b-bbaf-f873f533e9c2,5852315275,node,natural,tree,,,,,,31.5715628,74.3233809,Lahore,Punjab,Pakistan,,,
db40212b-bd42-5a89-8a7f-31add1399753,6204956386,node,amenity,restaurant,Butt Karachi,,,,,31.5671973,74.3235845,Lahore,Punjab,Pakistan,,,
236f3a4d-3cd0-560c-b494-7817800b91b9,6613015585,node,shop,bakery,Butt Sweets & Bakers,,,,,31.5671918,74.3233993,Lahore,Punjab,Pakistan,,,
ed89f16a-22df-5d96-a369-6b0fccad766c,6613015685,node,amenity,restaurant,,,,,,31.5675057,74.3235718,Lahore,Punjab,Pakistan,,,
0f734439-b0a1-5cf6-92f6-1921d5030430,7121753840,node,amenity,place_of_worship,KEMNU,,,,,31.5656062,74.3196022,Lahore,Punjab,Pakistan,,,
1fe3ee60-75da-5f05-93a7-867201348917,7121753844,node,place,neighbourhood,Royal Park,,,,,31.5658268,74.3234152,Lahore,Punjab,Pakistan,,,
80cafd11-f310-5a9a-8ab2-c93054dd2bf5,8393359472,node,amenity,place_of_worship,Samadhi of Mahan Singh,,,,,31.5679459,74.3204021,Lahore,Punjab,Pakistan,,,
226fef9e-b525-5b18-9a4f-0bbec5681126,8401592431,node,amenity,place_of_worship,Noor,,,,,31.5685707,74.3222886,Lahore,Punjab,Pakistan,,,
02570d75-72b6-537b-a768-2c90ef2dcef1,8411339118,node,amenity,place_of_worship,Aman,,,,,31.5706216,74.3240008,Lahore,Punjab,Pakistan,,,
8e3859c7-0dc9-58d9-9881-4d253cdb83f6,9477312074,node,amenity,place_of_worship,معظم حنفیہ غوثیہ,معظم حنفیہ غوثیہ,Moazzam Hanafia Ghousia,,,31.5694615,74.3224784,Lahore,Punjab,Pakistan,,,
8f995e7d-673d-5641-a87f-91a646a3a9b1,9884398890,node,place,neighbourhood,احاطہ کشن کشور,,,,,31.5699098,74.3191046,Lahore,Punjab,Pakistan,,,
0145a31d-1167-5318-bbf1-e87fea7e17ee,9886400573,node,amenity,place_of_worship,المکرم,,Al-Mukarram,,,31.5697577,74.320178,Lahore,Punjab,Pakistan,,,
ed98e98d-8a05-57e5-8c96-76316dc0e169,4407315996,node,amenity,atm,,,,,,31.5701713,74.3299454,Lahore,Punjab,Pakistan,,,
9b8874c9-0554-59be-b8af-c2c6e5840167,4420439691,node,tourism,hotel,Shifa Hotel,,Shifa Hotel,,,31.5693417,74.3285979,Lahore,Punjab,Pakistan,,,
89b5508c-1978-567a-ab2d-a4f0e4e86fe2,4503854195,node,shop,copyshop,Royal Park,,Royal Park,,,31.5665687,74.3245412,Lahore,Punjab,Pakistan,,,
4c5533d9-659a-509d-9103-8c7dcd76166f,4684696893,node,shop,car_parts,Suzuki Master Motor Engineers,,,,,31.5654857,74.327137,Lahore,Punjab,Pakistan,,,
bd9c40d8-e4fc-5fdc-a2a7-6a7e93c11ba4,5027808026,node,tourism,attraction,Shoaib p/s,,Shoaib p/s,,,31.570347,74.3254205,Lahore,Punjab,Pakistan,,,
41c07076-6629-5ef0-91df-70bd89529def,5027815028,node,tourism,attraction,Majid k/s,,Majid k/s,,,31.5710715,74.3276773,Lahore,Punjab,Pakistan,,,
ff462bec-e21d-56a4-aa30-8311821d8402,5276896856,node,tourism,hotel,Hotel Sanai,,,,,31.5668845,74.3256954,Lahore,Punjab,Pakistan,,,
ece88a61-0ac3-5c85-897c-6e65d079f5db,5844869404,node,amenity,place_of_worship,Amjad Sahib,,,,,31.5675047,74.3291062,Lahore,Punjab,Pakistan,,,
59300a8c-f6a4-553c-b769-7f2175e3fe75,5844869408,node,amenity,place_of_worship,Rehmania,,,,,31.5673543,74.3291827,Lahore,Punjab,Pakistan,,,
e1658564-b0b7-5893-94a4-d2e21ea980b0,5844869409,node,amenity,place_of_worship,Allah Wali,,,,,31.5664181,74.3300527,Lahore,Punjab,Pakistan,,,
f2be3e60-4caa-5fac-b7d0-33d5512a2298,5852315247,node,natural,tree,,,,,,31.5700513,74.3260219,Lahore,Punjab,Pakistan,,,
e40c5df9-bc3d-52d5-8489-d9e006e9ecff,5852315248,node,natural,tree,,,,,,31.5697765,74.3260548,Lahore,Punjab,Pakistan,,,
316ff1c3-4535-51bc-bdc4-26575c285c4e,5852315249,node,natural,tree,,,,,,31.5702939,74.3264306,Lahore,Punjab,Pakistan,,,
d8912542-0e04-546d-baaf-e00e9656c38e,5852315250,node,natural,tree,,,,,,31.5704776,74.3254378,Lahore,Punjab,Pakistan,,,
a5575566-c944-5263-a192-f6ecf1a5db5c,5852315251,node,natural,tree,,,,,,31.570083,74.3253984,Lahore,Punjab,Pakistan,,,
e876bf1b-ecd5-508d-a870-85706670f647,5852315252,node,natural,tree,,,,,,31.5703209,74.325099,Lahore,Punjab,Pakistan,,,
98b876d3-c460-52ba-afa5-cdf426356587,5852315253,node,natural,tree,,,,,,31.5702276,74.3251652,Lahore,Punjab,Pakistan,,,
8a98bd1a-e15d-5391-889c-a06cd6fa7355,5852315254,node,natural,tree,,,,,,31.5701474,74.3248878,Lahore,Punjab,Pakistan,,,
e9286934-e448-5361-bcf9-b9cde6fb4b66,5852315255,node,natural,tree,,,,,,31.570013,74.3249629,Lahore,Punjab,Pakistan,,,
b2617c57-61cd-5cd6-8766-2b457459df8e,5852315256,node,natural,tree,,,,,,31.5699209,74.324884,Lahore,Punjab,Pakistan,,,
864d573b-bd9e-5385-abb2-a665c9480362,5852315257,node,natural,tree,,,,,,31.5700183,74.3250109,Lahore,Punjab,Pakistan,,,
7e6a5170-a7bf-5391-99e6-cbb0510bfbc5,5852315258,node,natural,tree,,,,,,31.5696113,74.3257942,Lahore,Punjab,Pakistan,,,
c6273d60-3321-5623-afff-12d632eca8c9,5852315259,node,natural,tree,,,,,,31.5698447,74.3253165,Lahore,Punjab,Pakistan,,,
97917323-9d50-5d28-a630-0394a2ce52ad,5852315260,node,natural,tree,,,,,,31.5696309,74.3267778,Lahore,Punjab,Pakistan,,,
ddb13de4-555c-5d06-b913-7d8b9ffb53de,5852315261,node,natural,tree,,,,,,31.5697188,74.3268186,Lahore,Punjab,Pakistan,,,
c4235596-f16d-5004-8495-78fb939b1a3c,5852315262,node,natural,tree,,,,,,31.5699934,74.3271957,Lahore,Punjab,Pakistan,,,
ce8e27a0-86e8-53c6-b528-9f2cfd51bd84,5852315263,node,natural,tree,,,,,,31.5694691,74.3275231,Lahore,Punjab,Pakistan,,,
2b2fb8ac-8c80-57e4-9aa1-3ac80d05599a,5852315264,node,natural,tree,,,,,,31.5704825,74.3267387,Lahore,Punjab,Pakistan,,,
1c7075fd-3498-5955-8657-f58352f88cd0,5852315265,node,natural,tree,,,,,,31.5709191,74.3262195,Lahore,Punjab,Pakistan,,,
2681b611-42e0-5a4a-a5dc-6e832656a612,5852315266,node,natural,tree,,,,,,31.5708567,74.3266008,Lahore,Punjab,Pakistan,,,
e2a05993-5633-5f10-bbb8-dab348637938,5852315267,node,natural,tree,,,,,,31.5707682,74.3268289,Lahore,Punjab,Pakistan,,,
4df4d261-06c2-584e-b181-0dfcc03e09e6,5852315268,node,natural,tree,,,,,,31.5708016,74.3267148,Lahore,Punjab,Pakistan,,,
ddccae31-7428-5ce8-9e25-7ecc3a905284,5852315269,node,natural,tree,,,,,,31.5709909,74.3276171,Lahore,Punjab,Pakistan,,,
cc762afe-0070-5f13-8598-db6678e5316f,5852315270,node,natural,tree,,,,,,31.5715255,74.3269787,Lahore,Punjab,Pakistan,,,
b618de04-452e-5e19-8eac-c408408505cc,5852315271,node,natural,tree,,,,,,31.5717497,74.3274174,Lahore,Punjab,Pakistan,,,
16f73116-d1c7-5935-9fb6-70882e6eb1d3,6646075698,node,tourism,hotel,Al Safina,,,,,31.5656222,74.3272441,Lahore,Punjab,Pakistan,,,
4ce28f40-1d46-5a38-a335-c43212556440,7113816680,node,place,suburb,قلعہ گجر سنگھ,قلعہ گجر سنگھ,Qila Gujjar Singh,,,31.5693486,74.329448,Lahore,Punjab,Pakistan,,,
c810caf8-bb40-5191-823e-93e66568acad,8374244574,node,amenity,restaurant,shahbaz tikka house,,,,,31.5675351,74.3249438,Lahore,Punjab,Pakistan,,,
79dd6308-a7f6-5663-bf96-0e8c7a78e19b,8374299311,node,amenity,restaurant,shahbaz tikka house,,,,,31.5675564,74.3249651,Lahore,Punjab,Pakistan,,,
61407c7e-9635-5b68-bb51-4a5d925aba4b,8374311898,node,amenity,restaurant,shahbaz tikka house,,,,,31.5674859,74.3249561,Lahore,Punjab,Pakistan,,,
f3403149-653c-5665-8e0b-cd3d8464dfd8,8398960897,node,tourism,hotel,Hotel Marcopolo,,,,,31.5654996,74.3293405,Lahore,Punjab,Pakistan,,,
8850ddda-1742-5b44-af3b-6482db61f3c8,8401592432,node,amenity,place_of_worship,Usmania,,,,,31.5703201,74.3257471,Lahore,Punjab,Pakistan,,,
1e09262e-843d-5e60-b3f6-c791e24c0ef9,8406860269,node,amenity,place_of_worship,Ghousia,,,,,31.5672834,74.3307785,Lahore,Punjab,Pakistan,,,
39e0e867-6e0d-5743-8717-99e57204fb97,8406860270,node,tourism,attraction,Arya Samaj Temple (abandoned),,,,,31.5668661,74.3307195,Lahore,Punjab,Pakistan,,,
0616a2bc-e8d3-58c5-98ee-c48ea3a1abf8,8411057822,node,amenity,bank,The Bank of Punjab,,,,,31.5667832,74.3261469,Lahore,Punjab,Pakistan,,The Bank of Punjab,
b97880ab-2ce5-5ec4-819b-4585d200a98b,8411057881,node,shop,motorcycle,Honda Saleem Autos,,,,,31.5697262,74.3286239,Lahore,Punjab,Pakistan,Honda,,
a6d34bf1-2e01-569e-99e6-a3486be87310,8411057901,node,shop,car_parts,Shan Autos,,,,,31.5696639,74.3284773,Lahore,Punjab,Pakistan,,,
2960b655-08d1-52b3-881b-60accf64797f,9564940683,node,railway,station,لکشمی,لکشمی,Lakshmi,,,31.5686121,74.3272129,Lahore,Punjab,Pakistan,,Lahore Metro,
9b4be122-2bb0-5af2-8407-ee561b54288d,9886467889,node,place,neighbourhood,امرت پارک,,Amrit Park,,,31.5674577,74.3302918,Lahore,Punjab,Pakistan,,,
80bcb20f-cff3-5b20-90bd-fdf5ccd3d1a4,9886467893,node,place,neighbourhood,میلا رام پارک,,Mela Ram Park,,,31.5660532,74.3307628,Lahore,Punjab,Pakistan,,,
7c7d6225-3c52-5f6d-9849-d67d69477990,10759823287,node,amenity,fuel,Shell,,,,,31.56614,74.3276839,Lahore,Punjab,Pakistan,,,
c2e3fc1f-0637-5e5c-a5d2-fa91bd01bdc3,11428855442,node,amenity,restaurant,Savour Foods,,,,,31.5682295,74.3257415,Lahore,Punjab,Pakistan,,,
66c227d0-f5ae-5d37-a8d8-531498f16ef0,11955555508,node,amenity,restaurant,Restaurant Lahore City,,,,,31.5666611,74.3263612,Lahore,Punjab,Pakistan,,,
56b7d670-fa84-5ea3-a71a-d944531d97ec,304965261,node,place,suburb,گوالمنڈی,گوالمنڈی,Gawalmandi,,,31.5723725,74.31803,Lahore,Punjab,Pakistan,,,
e3e56eac-34ab-5b2c-bfb6-8747bf7edca8,1097710476,node,amenity,police,Gawalmandi Police Station,,,,,31.5722424,74.3200365,Lahore,Punjab,Pakistan,,,
879d4d14-5d23-53a4-8add-9fce2a65e2b9,2953015786,node,amenity,restaurant,Gawal Mandi Food Street,,,,,31.5721495,74.3188112,Lahore,Punjab,Pakistan,,,
1604dfae-9fee-5a32-a59b-0284dcfda485,4533509193,node,shop,beauty,Madni Traders,,,,,31.5783613,74.3186614,Lahore,Punjab,Pakistan,,,
fc904335-a94f-5438-ace2-49f1960ff0cb,4706152094,node,shop,copyshop,New Friends Chemical,,,,,31.5759061,74.3190696,Lahore,Punjab,Pakistan,,,
1fb82ecb-a792-58fd-9d49-e4226c869021,4794991321,node,shop,electronics,Iqbal Saeed & Co Pumps,,,,,31.5760439,74.3236731,Lahore,Punjab,Pakistan,,,
4c8e4a4f-97ba-5451-8c9c-d2e80b2fd0b8,5727083972,node,amenity,bank,ایم سی بی بینک,ایم سی بی بینک,MCB Bank,,,31.57794,74.3186431,Lahore,Punjab,Pakistan,ایم سی بی بینک,ایم سی بی بینک لمیٹڈ,
0afd7991-9781-5dd4-86d7-b2acb029feb2,7121699534,node,amenity,place_of_worship,Sohail,,,,,31.5735594,74.3204841,Lahore,Punjab,Pakistan,,,
d0cf1f52-411d-58f2-9f7e-20ed54504ee5,8396411710,node,amenity,place_of_worship,Baqar Ali Imambara,,,,,31.578467,74.3218048,Lahore,Punjab,Pakistan,,,
2b37138a-0a5a-5b2c-bfb8-b6c4864f43c7,8952413943,node,place,neighbourhood,کوچہ لوہاراں,کوچہ لوہاراں,Kucha Loharan,,,31.5776341,74.321384,Lahore,Punjab,Pakistan,,,
ee32ee5d-a3d6-56cd-9eaa-986d20239938,8952413960,node,place,neighbourhood,Mohalla Mughal Haveli,,,,,31.5782783,74.321819,Lahore,Punjab,Pakistan,,,
c0b15caa-455c-57ac-92f5-2671e49239f4,8954759571,node,place,neighbourhood,Pari Mahal,,,,,31.5769765,74.3181016,Lahore,Punjab,Pakistan,,,
845e56d8-1a6f-512e-b7d6-e43ae3d411b8,8954759572,node,place,neighbourhood,Kucha Hawa Garan,,,,,31.5766993,74.3190718,Lahore,Punjab,Pakistan,,,
b9c53e1c-bf50-5059-8987-62c359207922,8954759591,node,place,neighbourhood,Dhal Mohallah,,,,,31.5776596,74.318609,Lahore,Punjab,Pakistan,,,
0f690406-6210-5cc4-9963-df6e2ee3ce9e,8954759592,node,place,neighbourhood,Haveli Pathraan Wali,,,,,31.5775063,74.3203625,Lahore,Punjab,Pakistan,,,
7c0ee247-2f53-5f2e-9a3f-5fad18b3eb7e,9291514157,node,place,neighbourhood,Nawan Mohalla,,,,,31.5781858,74.3194412,Lahore,Punjab,Pakistan,,,
d3a965ba-448c-5a8c-8053-184f9c37f66e,9357588038,node,place,neighbourhood,محلہ تیر گراں,,Mohallah Teer Garan,,,31.5783908,74.3201941,Lahore,Punjab,Pakistan,,,
b16ce608-5d79-50b1-850f-e04bc7ee53f5,9357588039,node,place,neighbourhood,لال کھوہ,,Lal Khu,,,31.5776369,74.3221154,Lahore,Punjab,Pakistan,,,
ef3485b7-b4ec-5b88-9788-418bc056c1ee,9473035779,node,amenity,place_of_worship,بکن خان,مسجد بکن خان,Bukan Khan,,"This mosque was constructed by Bukan Khan, Superintendent of the stable of Maharaja Ranjit Singh. It has continued to survive with a sound original structure and most of the decoration intact. Part of the decoration has been replaced by cement plaster and",31.5774142,74.3195979,Lahore,Punjab,Pakistan,,,
02c74111-648c-55bd-a13c-51030fcc24fb,9885934497,node,amenity,place_of_worship,جموں,,Jammu,,,31.5781826,74.3203082,Lahore,Punjab,Pakistan,,,
7abc4f5d-cc81-5eff-8707-93e2fbe3f096,9885940282,node,amenity,place_of_worship,حق چار یار-  لال کھوہ,,Lal Khoo,Haq Char Yar,,31.5778197,74.3220534,Lahore,Punjab,Pakistan,,,
581b30e4-ee47-5507-921e-0b43eebf8807,9886314798,node,amenity,place_of_worship,تاجے شاہ,,Tajay Shah,,,31.5736107,74.3194614,Lahore,Punjab,Pakistan,,,
5fa4fb22-d6e7-5a4c-ac91-b3472462b9f7,9886372515,node,place,neighbourhood,گرو ارجن نگر,,Guru Arjan Nagar,,,31.5749458,74.3193648,Lahore,Punjab,Pakistan,,,
ebf33075-8fbb-5461-b80e-e95605409453,12148163176,node,office,company,Ali Electro traders,,,,,31.5753128,74.3236839,Lahore,Punjab,Pakistan,,,
e20654ac-82b7-564b-976d-28fbef7afb9f,12223064416,node,amenity,place_of_worship,,,,,,31.5724612,74.3199588,Lahore,Punjab,Pakistan,,,
f5387707-c5c3-5a28-b387-2e0191bdac7b,12245155223,node,amenity,place_of_worship,Hanfia Farooqia,,,,,31.5735346,74.3220713,Lahore,Punjab,Pakistan,,,
54abf1cc-f249-58a2-aae1-4041aa5e0252,5027822023,node,tourism,attraction,Baba Sadiq p/s,,Baba Sadiq p/s,,,31.5720849,74.3266927,Lahore,Punjab,Pakistan,,,
9acd43f1-8ea6-5d6a-a2fe-e5021d0ccac5,5852315272,node,natural,tree,,,,,,31.5721198,74.325024,Lahore,Punjab,Pakistan,,,
54dc21bb-55d3-5daa-8ee0-4430614091bb,5852315273,node,natural,tree,,,,,,31.57206,74.3250372,Lahore,Punjab,Pakistan,,,
168a0331-079d-5d59-b05d-118fed0cc410,6043384185,node,tourism,guest_house,atiq room,,,,,31.5763061,74.3297052,Lahore,Punjab,Pakistan,,,
dffdb8bc-aa05-58ef-aca4-1ba97cf254b4,6366289896,node,shop,hardware,Azaan & Co.,,,,,31.5759305,74.3257968,Lahore,Punjab,Pakistan,,,
f64cb134-566d-524c-a10c-89cfbe5fdfd1,7113813503,node,place,neighbourhood,Rehman Gali,,,,,31.5772455,74.3268807,Lahore,Punjab,Pakistan,,,
1625cd23-e33c-54ab-bf6e-9df4da9f4cfb,7118181848,node,amenity,place_of_worship,Imam Bargah Aliya Khatoon,,,,,31.575431,74.3301022,Lahore,Punjab,Pakistan,,,
b638da24-97ec-53cf-9f1f-246174b681a4,8398430294,node,amenity,place_of_worship,المبارک,,Mubarak,,,31.5753441,74.3246432,Lahore,Punjab,Pakistan,,,
79208434-b3c1-50ce-89b1-c16c1287fb27,9477445953,node,amenity,place_of_worship,مازارعبدالجلیل چوہڑ شاہ بندگی,مازارعبدالجلیل چوہڑ شاہ بندگی,Shrine of Sheikh Chuhar Bandgi,,,31.5722757,74.3305001,Lahore,Punjab,Pakistan,,,
055a558b-b383-5241-a436-9371f74a5505,12223017123,node,place,neighbourhood,پریم سٹریٹ,,Prem Street,,,31.5737511,74.3268019,Lahore,Punjab,Pakistan,,,
97eddad9-8e32-5d99-9efd-ee2e3e0f904f,12223034782,node,place,neighbourhood,Pathi Ground,,,,,31.5734408,74.3288703,Lahore,Punjab,Pakistan,,,
c35c00f7-d9b2-53c9-b4f4-75843d5cd2d9,12223056333,node,amenity,place_of_worship,Allah Wali,,,,,31.5724091,74.3250163,Lahore,Punjab,Pakistan,,,
1ec19328-909f-5ea5-b2fe-9a0524303849,12223074518,node,amenity,place_of_worship,Quds,,,,,31.5768129,74.3285197,Lahore,Punjab,Pakistan,,,
3dcf82d0-4c00-55e7-8cd1-ad36b72f08b1,4693845489,node,shop,car_parts,Auto repair shop,,Auto repair shop,,,31.5719667,74.3315798,Lahore,Punjab,Pakistan,,,
33ba5746-2565-5fcc-b348-f6fdc792181f,4693845789,node,shop,car_repair,Yamaha Motorcycle,,Yamaha Motorcycle,,,31.571567,74.3314234,Lahore,Punjab,Pakistan,,,
9d2a0de4-3368-5d4b-9a71-6891655b6699,4718339090,node,office,company,Railway Headquarters,,,,,31.5683385,74.3359382,Lahore,Punjab,Pakistan,,,
efea0d7c-7ce1-5d73-bc30-1975da152bc1,5847391348,node,amenity,fuel,Caltex,,,,,31.5665465,74.3358833,Lahore,Punjab,Pakistan,,,
9d346da8-188d-5c43-b9d1-5d8e61003e98,8398960855,node,amenity,place_of_worship,Police Lines,,,,,31.5680465,74.3327538,Lahore,Punjab,Pakistan,,,
4b19c64e-be65-5145-8460-b0d3b6987c86,8406860238,node,amenity,place_of_worship,Farishton Wali,,,,,31.5677612,74.337049,Lahore,Punjab,Pakistan,,,
ba67165f-e6db-5516-be6d-1dd628747d1c,8406860239,node,place,neighbourhood,Empress Park,,,,,31.5670887,74.3372947,Lahore,Punjab,Pakistan,,,
71bc1374-6cfa-582d-b5c7-ee3157c19f3f,8406860267,node,amenity,place_of_worship,Takiya Wali,,,,,31.5686449,74.3311756,Lahore,Punjab,Pakistan,,,
34dfc3d0-eb0c-5c1b-a272-38a0bd677cdb,8406860268,node,amenity,place_of_worship,Subhania Rizvia,,,,,31.5684285,74.331452,Lahore,Punjab,Pakistan,,,
92c36df0-4bed-5a63-83e1-888711687ffe,8411057962,node,historic,monument,Gunbad Kambohan,,,,,31.5700287,74.3368092,Lahore,Punjab,Pakistan,,,
f7a631a4-b31c-5a13-9fa4-2d734bef3a44,9886467896,node,place,neighbourhood,عثمانیہ کالونی,,Usmania Colony,,,31.5654401,74.3329867,Lahore,Punjab,Pakistan,,,
5ef79518-aa33-5ff1-b8da-8d90f55c19a5,9886467898,node,place,neighbourhood,محمد نگر,,Muhammad Nagar,,,31.5668105,74.3346959,Lahore,Punjab,Pakistan,,,
fbc26a7e-e125-5ffb-8f73-3803a4cd9049,12223103630,node,amenity,place_of_worship,,,,,,31.5698881,74.3321549,Lahore,Punjab,Pakistan,,,
b3da0f9b-c257-5b21-aeb9-54170df58b47,5273631734,node,healthcare,hospital,کېرنس رېلوې روغتون,,,,,31.5698719,74.3384901,Lahore,Punjab,Pakistan,,,
539f9668-0d81-564e-aec9-8f9819d5e518,7118815828,node,place,neighbourhood,Muhammad Nagar,,,,,31.5671292,74.3398946,Lahore,Punjab,Pakistan,,,
8c654e97-cbb3-5f3f-acef-e13790a1f990,7244239485,node,tourism,hotel,Khalifa Baloch Sajji,,,,,31.5670011,74.3412885,Lahore,Punjab,Pakistan,,,
b0f7f008-bf3e-578e-8a6a-4e08583f4c71,8401592475,node,amenity,place_of_worship,Hanfia Ghousia,,,,,31.5717672,74.3417899,Lahore,Punjab,Pakistan,,,
a9c88baf-5c8b-5cef-ab6c-8afee7e60ba0,8406860240,node,amenity,place_of_worship,Bagh Wali,,,,,31.5668153,74.3378328,Lahore,Punjab,Pakistan,,,
74bfcb65-a8ae-587d-b30b-c05d224e9a73,8406860263,node,tourism,museum,Iqbal Museum,,,,,31.5691499,74.3403239,Lahore,Punjab,Pakistan,,,
ca246157-f5b9-593d-a874-00385ce21317,4621555190,node,tourism,hotel,Al Munawar Hotel,,Al munawar hotel,,,31.5765373,74.3335823,Lahore,Punjab,Pakistan,,,
678d1b0d-eeba-5bc2-9fd2-d589c175c82f,4693845589,node,shop,car_parts,Honda Auto parts,,Honda Auto parts,,,31.5725615,74.3319079,Lahore,Punjab,Pakistan,,,
ba848cbf-490f-5682-815a-267e193a64ce,5273518620,node,tourism,hotel,Parkway Hotel,,,,,31.5760522,74.3338712,Lahore,Punjab,Pakistan,,,
d5dcc021-0c3a-5cd5-9476-82d13ac02d51,5273537821,node,tourism,hotel,Kamran Hotel,,,,,31.5763014,74.3339983,Lahore,Punjab,Pakistan,,,
c470f240-6169-5947-826b-df65ed2cfecd,5273537822,node,tourism,hotel,Metro Hotel,,,,,31.5765985,74.3340278,Lahore,Punjab,Pakistan,,,
f64b9d90-7a71-5de5-a57c-122a4c1b59cf,5273537823,node,tourism,hotel,Clifton Hotel,,,,,31.5755395,74.3338437,Lahore,Punjab,Pakistan,,,
8aab27d9-c3d5-52ef-bf81-b87676919668,5273537824,node,amenity,cafe,Royal City Hotel,,,,,31.5755359,74.3339978,Lahore,Punjab,Pakistan,,,
a4ee4669-6750-55e2-b78e-602683a167e2,5273537825,node,tourism,hotel,Al Imran Hotel,,,,,31.5757667,74.3340305,Lahore,Punjab,Pakistan,,,
5a5d8004-11b8-565e-9f6a-f87d092ef11b,5273537826,node,tourism,hotel,Hotel Night Stay,,,,,31.575689,74.334532,Lahore,Punjab,Pakistan,,,
68bb2dc8-8848-5e44-a1d2-cb9f62f07f37,5273537828,node,amenity,restaurant,Locanta Restautant,,,,,31.5749211,74.3364734,Lahore,Punjab,Pakistan,,,
bc772ce8-cb62-5068-9550-c45b51b129f5,5844869516,node,amenity,place_of_worship,اسٹریلیا,اسٹریلیا,Australia,,,31.576166,74.3335009,Lahore,Punjab,Pakistan,,,
a819d756-f8a7-55bb-97ab-b3577105c5d6,7118224061,node,place,neighbourhood,ٹیگور پارک,ٹیگور پارک,Tegore Park,,,31.5730788,74.3332892,Lahore,Punjab,Pakistan,,,
31072aa1-31f3-563f-bf6f-01fe0c323138,7118224062,node,amenity,restaurant,Molvi Sahab Golgappay Walay,,,,,31.5725442,74.3333552,Lahore,Punjab,Pakistan,,,
22307e05-fbf3-5c20-8107-c3173d5e0180,8058806356,node,railway,station,ریلوے اسٹیشن,ریلوے اسٹیشن,Railway Station,,About 550 meters distance to Lahore railway station of Pakistan Railways,31.5722982,74.3361528,Lahore,Punjab,Pakistan,,Lahore Metro,Q107018763
5981b163-dd0f-55e6-95f6-17cdbca21fdb,8401592464,node,tourism,hotel,Grand Hotel,,,,,31.5747274,74.3332811,Lahore,Punjab,Pakistan,,,
1ca9d92c-b980-50bf-9f1b-b89068dd402e,8413332139,node,amenity,ice_cream,BaBa Jee Kulfi Walay,,,,,31.5779944,74.3342436,Lahore,Punjab,Pakistan,,,
f24576f1-8522-52ad-86bf-2d2f0e105fc6,8413354190,node,shop,fabric,Madina Lace Center,,,,,31.5725365,74.3335727,Lahore,Punjab,Pakistan,,,
2a94a17b-3ecf-5de2-870a-94bed197ddab,8413357363,node,tourism,hotel,Royal Hotel,,,,,31.5771207,74.3339728,Lahore,Punjab,Pakistan,,,
68073722-4576-5c0f-9591-145ebeff5118,8413357364,node,tourism,hotel,Karachi Hotel,,,,,31.5771935,74.3339289,Lahore,Punjab,Pakistan,,,
ff4e576f-074c-5a20-b257-23eda3054644,8413357365,node,amenity,cafe,Cafe Karachi,,,,,31.5771853,74.3339036,Lahore,Punjab,Pakistan,,,
3e22667c-48fe-569f-a31d-1ff78ad00221,8413357366,node,tourism,hotel,Nasheman Hotel,,,,,31.5771712,74.3341283,Lahore,Punjab,Pakistan,,,
49537a8a-20b2-50ce-9ef4-43e7e275374c,8413357367,node,amenity,fast_food,Bites Sandwich Burger & Shawarma,,,,,31.5770492,74.3341902,Lahore,Punjab,Pakistan,,,
941bfe67-a47b-5363-b9cd-48fee1f55fa2,8413357368,node,tourism,hotel,Ali Umar Hotel & Restaurant,,,,,31.5773224,74.3341146,Lahore,Punjab,Pakistan,,,
a7bdcf91-7a5b-55f8-88ac-3a535b02132c,8413357369,node,tourism,hotel,Pakistan Hotel,,,,,31.577067,74.3339113,Lahore,Punjab,Pakistan,,,
9d24f50c-197a-55aa-a371-c876bd135595,11927909701,node,railway,station,لاہور جنکشن,لاہور جنکشن,Lahore Junction,,,31.5774003,74.3364805,Lahore,Punjab,Pakistan,,Pakistan Railways,Q3695748
ab795389-b8a5-5619-96ce-549bba7fb641,12219898212,node,shop,chemist,Ghousia Dispensary,,,,,31.5782376,74.3325018,Lahore,Punjab,Pakistan,,,
5c004910-79d1-5e85-aaba-ba2d34d0cf65,12231062975,node,amenity,place_of_worship,شہیداں,شہیداں,Shaheedan,,,31.5743007,74.3334346,Lahore,Punjab,Pakistan,,,
9f0ecf81-8b9f-507c-a9af-a9d3544635ca,7113813504,node,place,suburb,میّو گارڈنز,میّو گارڈنز,Mayo Gardens,,,31.5559117,74.3481672,Lahore,Punjab,Pakistan,,,
8f1b6aef-5ec6-5054-a94f-63a54c8339a7,8955079676,node,tourism,attraction,Old Jain Temple,,,,,31.553465,74.3442311,Lahore,Punjab,Pakistan,,,
9d8950be-2d67-5a8e-9bbc-29d6772c5cc9,4270017789,node,shop,bakery,Shezan Bakers Garhi Shahu,,,,,31.5645042,74.3446696,Lahore,Punjab,Pakistan,,,
c2f115ee-fc30-5621-b8ac-8f5fcf335002,5259958807,node,healthcare,hospital,Mother Care Center,,,,,31.5624332,74.3444831,Lahore,Punjab,Pakistan,,,
169038d2-0995-5c55-8312-02d974f12a06,5844869313,node,amenity,place_of_worship,Qadariya,,,,,31.5626147,74.3489196,Lahore,Punjab,Pakistan,,,
e8cd6a2b-c2b1-5cb2-9a4d-30f8bdc918bc,5844869322,node,amenity,place_of_worship,Madni,,,,,31.5613961,74.3487585,Lahore,Punjab,Pakistan,,,
3837f313-e9aa-5ab4-92be-72752c063115,5844869323,node,amenity,fuel,پاکستان اسٹیٹ آئل,پاکستان اسٹیٹ آئل,Pakistan State Oil,,,31.5622561,74.3476272,Lahore,Punjab,Pakistan,پاکستان اسٹیٹ آئل,,
bcf3ee98-4115-5d08-8c28-762ba989286e,7118815844,node,place,neighbourhood,گڑہی شاہو,,Garhi Shahu,,,31.5617988,74.3481605,Lahore,Punjab,Pakistan,,,
f19617ff-d47e-52be-96ef-395fbbbeb705,5844869527,node,amenity,place_of_worship,Farooq-e-Azam,,,,,31.5703296,74.3451174,Lahore,Punjab,Pakistan,,,
1227800d-d1b5-565e-98cf-690eb100d940,7129618847,node,amenity,place_of_worship,Farooq-e-Azam,,,,,31.5808028,74.2915241,Lahore,Punjab,Pakistan,,,
2639246b-6e21-556d-9f27-572abe0f714c,1336460118,node,amenity,fuel,ٹوٹل,ٹوٹل,Total,,,31.6162058,74.2754326,Lahore,Punjab,Pakistan,طوطال,ٹوٹل پارکو,
a7db4b90-c03b-5610-96db-fbb355b79b26,4910585799,node,amenity,bank,Apna Bank,,,,,31.6164686,74.2770032,Lahore,Punjab,Pakistan,,,
3817dcfa-9996-5e1a-b2d1-9301f7f96746,4910585801,node,tourism,hotel,Hotel Paradise Inn,,,,,31.6161626,74.2777033,Lahore,Punjab,Pakistan,,,
700b216f-8103-54e2-a89d-e49ca92f6730,4910585802,node,amenity,bank,Khushali Bank Pvt,,,,,31.61619,74.2778267,Lahore,Punjab,Pakistan,,,
e207b5da-ab2c-5914-91e8-479c30c6459c,8720980178,node,amenity,place_of_worship,Masoom Shah,,,,,31.6063431,74.2834768,Lahore,Punjab,Pakistan,,,
c54f29e0-789f-5ff8-99ab-ae105ce6a66a,8720980179,node,historic,monument,Tomb of Masoom Shah,,,,,31.6063977,74.2833168,Lahore,Punjab,Pakistan,,,
2916ce72-ff4a-5a7e-ae92-cb8a43d29286,1336460117,node,amenity,atm,,,,,,31.616813,74.2786661,Lahore,Punjab,Pakistan,,Askari Link 1,
799c4e39-e133-57a2-b9b6-e1d3b7490980,4416293590,node,shop,bakery,Meher bakery,,Meher bakery,,,31.6178333,74.2829817,Lahore,Punjab,Pakistan,,,
aaea3b9e-1df9-503b-ae26-1cd59f9b99bd,4910585803,node,amenity,bank,نیشنل بینک آف پاکستان,نیشنل بینک آف پاکستان,National Bank of Pakistan,,,31.616624,74.2800556,Lahore,Punjab,Pakistan,نیشنل بینک آف پاکستان,نیشنل بینک آف پاکستان,
f428ed0c-aa83-5367-bebf-f902125db469,4910585805,node,amenity,place_of_worship,Muhammadia,,,,,31.6174417,74.2822872,Lahore,Punjab,Pakistan,,,
a484f262-1195-580f-8a45-2bb7a1a935f6,4910585807,node,amenity,place_of_worship,Faisal,,,,,31.6170305,74.2831133,Lahore,Punjab,Pakistan,,,
e4b550e7-c662-57a2-8e72-e3b9e107330b,13116348903,node,shop,convenience,Imran Plastic Store (Shopping Bags),,,,,31.6164465,74.2792874,Lahore,Punjab,Pakistan,,,
c7be65b4-5106-5014-9b8e-e5e8a5f70720,2442899040,node,amenity,place_of_worship,Tayyaba Masjid,,,,,31.613555,74.2912635,Lahore,Punjab,Pakistan,,,
75a67b32-2244-576b-8361-31a1f7cf92f3,4910219635,node,amenity,restaurant,Instant Burgers,,,,,31.6159444,74.2904323,Lahore,Punjab,Pakistan,,,
4761a156-67ff-57c0-a111-4ecabdf00442,4910219637,node,amenity,bank,الائیڈ بینک,الائیڈ بینک,Allied Bank,,,31.6150161,74.2904181,Lahore,Punjab,Pakistan,الائیڈ بینک,الائیڈ بینک لمیٹڈ,
bd9eb86a-dee8-563f-b7c6-ef27623fb327,4910219641,node,amenity,place_of_worship,Jamia Masjid Zanib,,,,,31.6142747,74.2907084,Lahore,Punjab,Pakistan,,,
0292106c-bf47-5b09-8eae-0f340f738503,4910219642,node,amenity,fuel,پاکستان اسٹیٹ آئل,پاکستان اسٹیٹ آئل,Pakistan State Oil,,,31.6138346,74.2908747,Lahore,Punjab,Pakistan,پاکستان اسٹیٹ آئل,,
9ed5b552-3214-5058-99fb-690c0521d944,4910219644,node,amenity,fuel,Ali CNG Station,,,,,31.6147147,74.2904783,Lahore,Punjab,Pakistan,,,
ab33e154-495e-5d59-86e0-0681abfc2883,4910219645,node,amenity,townhall,Basharat Banquet Hall,,,,,31.6147117,74.2916002,Lahore,Punjab,Pakistan,,,
d5587d2d-59d5-522d-a0c7-ea104381f085,4910219648,node,amenity,restaurant,Sheesh Mahal,,,,,31.6148564,74.2915401,Lahore,Punjab,Pakistan,,,
c89a4ca6-84c5-50f7-b440-0f5658379d4a,4910585812,node,amenity,restaurant,Siddique Fish Corner,,,,,31.617613,74.2856292,Lahore,Punjab,Pakistan,,,
aab4437c-a082-5c84-8fdd-ea5251d97582,8406382019,node,amenity,fast_food,Pickup Burger,,,,,31.6151234,74.291539,Lahore,Punjab,Pakistan,,,
1d61747c-8bc9-5b9a-a454-a37ef7d8286c,4416291792,node,amenity,fast_food,chili food point,,chili food point,,,31.619892,74.2821244,Lahore,Punjab,Pakistan,,,
a98430b5-a3ee-50cd-b91b-0709fd006160,2517404564,node,place,town,شاہدره باغ,شاہدره باغ,Shahdara Bagh,,,31.6193373,74.2879839,Lahore,Punjab,Pakistan,,,
647a8d59-e7aa-5ce8-884c-186ecc231233,2955181261,node,amenity,fuel,شیل,شیل,Shell,,,31.6183917,74.2909146,Lahore,Punjab,Pakistan,شیل,,
81072f3f-7d5d-525c-8ee9-24d036a4dc1f,4339381992,node,amenity,police,Shahdara Police Station,,,,,31.6206635,74.2895338,Lahore,Punjab,Pakistan,,,
06faa483-0ca2-594d-a4cb-d2a711bf92e9,4910219511,node,shop,shoes,Service Shoes,,,,,31.6241871,74.2887689,Lahore,Punjab,Pakistan,,,
b0d44a8f-d922-53cd-ba41-b8c394420054,4910219512,node,amenity,fire_station,Fire Brigade Shahdara,,,,,31.6240334,74.2893351,Lahore,Punjab,Pakistan,,,
3b0ffadd-2f83-5e50-94c0-b2499de05976,4910219513,node,amenity,restaurant,Too Hot Too Spicy,,,,,31.6231745,74.2889565,Lahore,Punjab,Pakistan,,,
330b4e1f-6778-5b6a-8590-c23ccb887d18,4910219514,node,amenity,place_of_worship,Jamia Masjid Noori,,,,,31.6229515,74.2890202,Lahore,Punjab,Pakistan,,,
5daf026c-bd7c-5b08-abb1-24456f9bcd94,4910219515,node,amenity,fuel,پاکستان اسٹیٹ آئل,پاکستان اسٹیٹ آئل,Pakistan State Oil,,,31.6228792,74.2895758,Lahore,Punjab,Pakistan,پاکستان اسٹیٹ آئل,,
1993c1e2-b74c-5816-8406-037fc2efd766,4910219516,node,amenity,post_office,Post Office Shahdara Bagh,,,,,31.6220383,74.2891971,Lahore,Punjab,Pakistan,,,
43e7ac83-47b7-5217-bcee-13cd205bcf3c,4910219517,node,amenity,bank,Al Baraka Bank,,,,,31.6222523,74.2891688,Lahore,Punjab,Pakistan,,,
dfa07f42-0016-5ea6-9cd6-16f4bf7a8768,4910219518,node,amenity,courthouse,Ferozwala Tehsil Courts,,,,,31.622189,74.2902093,Lahore,Punjab,Pakistan,,,
b70d0eba-c819-5089-a4d2-4e8df2a7a39d,4910219519,node,shop,bakery,Gourmet Bakers & Sweets,,,,,31.6212216,74.2893882,Lahore,Punjab,Pakistan,,,
5ac45222-b14b-5e11-a85b-b35e4c714645,4910219520,node,amenity,place_of_worship,Jamat-I-Islami,,,,,31.6207816,74.2886627,Lahore,Punjab,Pakistan,,,
2ca58119-cc7f-519b-87e6-57ca0b5e0da1,4910219623,node,amenity,restaurant,Dhaka Bhaya Biryani Point,,,,,31.6195218,74.2897351,Lahore,Punjab,Pakistan,,,
d8abc186-8789-54e8-9ed1-4bab025f1c21,4910219625,node,amenity,bank,Habib Bank,,,,,31.6183073,74.289229,Lahore,Punjab,Pakistan,,,
ede5438f-1284-51b5-85d5-3603a3720449,4910219629,node,amenity,bank,بینک الفلاح,بینک الفلاح,Bank Alfalah,,,31.6179878,74.2888538,Lahore,Punjab,Pakistan,بینک الفلاح,,
2b723d3a-ff26-58fa-a334-2e985b6faff6,4910219631,node,amenity,bank,اسٹینڈرڈ چارٹرڈ,اسٹینڈرڈ چارٹرڈ,Standard Chartered,,,31.6181747,74.2875939,Lahore,Punjab,Pakistan,اسٹینڈرڈ چارٹرڈ,اسٹینڈرڈ چارٹرڈ,
978ead3e-cc64-500d-b87f-ce8201979be1,4910219632,node,amenity,bank,ایم سی بی بینک,ایم سی بی بینک,MCB Bank,,,31.6178853,74.2882168,Lahore,Punjab,Pakistan,ایم سی بی بینک,ایم سی بی بینک لمیٹڈ,
609d4ee0-43c2-5631-93cf-6d024cb2d747,4910585813,node,amenity,bank,میزان بینک,میزان بینک,Meezan Bank,,,31.6180629,74.2863132,Lahore,Punjab,Pakistan,میزان بینک,,
9bb32f03-5eb5-5605-a9e0-4b05f7951a60,6239593488,node,shop,bakery,Hamza Sweet,,,,,31.5792116,74.2976125,Lahore,Punjab,Pakistan,,,
15c4ebc1-bafe-5b12-b9dd-496ef3cc5f45,7113801057,node,place,suburb,امين پارک,امين پارک,Ameen Park,,,31.5849289,74.2950947,Lahore,Punjab,Pakistan,,,
6686d421-f3f5-512b-bd6e-ad3915ff15c9,7129618846,node,amenity,place_of_worship,Quba,,,,,31.5810594,74.293034,Lahore,Punjab,Pakistan,,,
6d40beb0-3f0f-535d-b151-472fdd5efdb1,7129618850,node,amenity,place_of_worship,Gumbad-e-Khizra,,,,,31.5846977,74.2924518,Lahore,Punjab,Pakistan,,,
b66532a1-3727-5c45-829b-bd0fe807a8e9,7129619385,node,amenity,place_of_worship,Kareemia,,,,,31.5821523,74.2981412,Lahore,Punjab,Pakistan,,,
0e8fe96b-6f21-5e5c-9680-7d2c98cd4b0b,8407680112,node,amenity,place_of_worship,Riaz,,,,,31.5792125,74.2951368,Lahore,Punjab,Pakistan,,,
7d56b8e4-644a-5fc2-a8e9-0affadeab51d,4245889989,node,shop,car_parts,Bilal Gunj,,,,,31.5811371,74.2988974,Lahore,Punjab,Pakistan,,,
6e219031-cc71-5ddb-afa7-92b5f95a3149,4912291893,node,amenity,bank,Hazrat Data Ali Hajveri,,,,,31.5792612,74.3038774,Lahore,Punjab,Pakistan,,,
adf78f4f-2c54-5bd9-9f73-f576cbbc592b,4912291894,node,amenity,atm,Bankislami ATM,,,,,31.5785455,74.3028905,Lahore,Punjab,Pakistan,,,
ec049747-b7b2-5455-bdad-2670474fd506,4912291895,node,amenity,bank,esahulat 60591,,,,,31.5788998,74.3029367,Lahore,Punjab,Pakistan,,,
e774120a-e546-5f90-a529-da741de330d8,4912291896,node,amenity,bank,یونائیٹڈ بینک لمیٹڈ,یونائیٹڈ بینک لمیٹڈ,United Bank Limited,,,31.5790678,74.3029305,Lahore,Punjab,Pakistan,یونائیٹڈ بینک لمیٹڈ,,
bec7da9e-46d5-59c3-a9cb-3acfbefd67b4,4912291916,node,amenity,bank,الائیڈ بینک,الائیڈ بینک,Allied Bank,,,31.5800465,74.3009427,Lahore,Punjab,Pakistan,الائیڈ بینک,الائیڈ بینک لمیٹڈ,
64ca7624-9435-551c-8e0f-9991fa6c6697,4912291923,node,amenity,restaurant,Chaudary Chargha House,,,,,31.5816017,74.3026178,Lahore,Punjab,Pakistan,,,
6b1a1bb6-7d6e-5f7a-9307-d1eb1cfa60a7,4912291924,node,amenity,restaurant,Ashoka Kabab Wala,,,,,31.5813213,74.3031699,Lahore,Punjab,Pakistan,,,
a0223f07-a393-560a-aac3-9dee4c1cf214,4935296421,node,shop,electronics,Muhammad Yousaf and Sons,,Muhammad Yousaf and Sons,,,31.5790396,74.3029795,Lahore,Punjab,Pakistan,,CE Nadeem Yousaf Chheena,
afab693e-d363-5d9c-be06-52b6aa2f04a3,4957438822,node,shop,electronics,Muhammad Yousaf and Sons,,,,,31.5790353,74.3031266,Lahore,Punjab,Pakistan,,,
6cf11a17-b38f-5f0e-8304-2180b5ea6fdb,5255461648,node,healthcare,hospital,TB Hospital,,,,,31.5807937,74.2997071,Lahore,Punjab,Pakistan,,,
72f89619-6bca-5bd1-913a-2af8f1ab3aa1,7113801058,node,place,suburb,بلال گنج,بلال گنج,Bilal Ganj,,,31.5817392,74.30106,Lahore,Punjab,Pakistan,,,
34acbab1-e179-5732-bb11-587a28d6405f,7129618882,node,amenity,place_of_worship,Al-Rai,,,,,31.5831278,74.3001438,Lahore,Punjab,Pakistan,,,
e54e2ec1-4cf0-5c5c-ba2f-4bacac84c497,9973538653,node,shop,car_parts,Ali Enterprises,,,,,31.5810741,74.3007168,Lahore,Punjab,Pakistan,,,
b005c44e-9779-501f-9b63-b99ba71bf8d6,7129618852,node,amenity,place_of_worship,Rehmat-e-Rahimia,,,,,31.5871045,74.2934482,Lahore,Punjab,Pakistan,,,
ec550018-283f-5bdf-ba13-75e1b22af7c9,7129618855,node,amenity,place_of_worship,Tajdar-e-Madina,,,,,31.5876127,74.2946531,Lahore,Punjab,Pakistan,,,
e1ca63bc-7c69-57a2-84ff-7604c3f16b62,7129618860,node,amenity,place_of_worship,اللہ والی,,Allah Wali,,,31.5863884,74.2975539,Lahore,Punjab,Pakistan,,,
e23742f6-7f2d-5b2c-bbe7-778570aa0be9,8955079672,node,amenity,place_of_worship,بابا جھنڈے شاہ,,Baba Jhanday Shah,,,31.5913537,74.2941746,Lahore,Punjab,Pakistan,,,
cdfa66a4-a913-5570-ad2d-1ab28d8364d9,8955079673,node,amenity,place_of_worship,دربار بابا جھنڈے شاہ اور بابا سائیں تاج دین,,,,,31.5913362,74.2944068,Lahore,Punjab,Pakistan,,,
c299a13c-5c21-5e23-88aa-15c1769a3445,4912291860,node,amenity,fast_food,Al Masoom Juice Corner,,,,,31.5896665,74.3039039,Lahore,Punjab,Pakistan,,,
1682e167-ca07-57df-b301-d4775ec50c42,4912291862,node,amenity,place_of_worship,Darbar-e-Waris,,,,,31.5903804,74.3036438,Lahore,Punjab,Pakistan,,,
84774075-4f1a-55e9-be82-cd080c31077c,5102502706,node,tourism,attraction,,,,,,31.5857218,74.3033505,Lahore,Punjab,Pakistan,,,
c56d1e80-c6de-58d6-85be-21920af4c6a1,7113801056,node,place,suburb,کریم پارک,کریم پارک,Karim Park,,,31.5909699,74.2988606,Lahore,Punjab,Pakistan,,,
0c827614-634c-5f32-903f-d31b03bae4e2,7129618874,node,amenity,place_of_worship,Abu Bakr,,,,,31.5886943,74.2996586,Lahore,Punjab,Pakistan,,,
9e01e18b-60f8-54d5-97dc-316bd5c3c655,7129618877,node,amenity,place_of_worship,Barkat Bibi Hanfia Barelvia,,,,,31.5872751,74.3040068,Lahore,Punjab,Pakistan,,,
7f08c30e-f1bf-522d-82a3-883b8fc46d4a,7129618878,node,amenity,place_of_worship,Imam Bargha Zainat-al-Hussain,,,,,31.5868563,74.304065,Lahore,Punjab,Pakistan,,,
a489f40f-a5c0-5730-bfec-f83de85f9837,8407680098,node,amenity,place_of_worship,,,,,,31.5893583,74.3009234,Lahore,Punjab,Pakistan,,,
1bbf4678-8d38-507b-a31c-ce106f229289,11347688506,node,amenity,place_of_worship,نگینہ,,,,,31.586003,74.3009879,Lahore,Punjab,Pakistan,,,
e1a9bd75-4e18-5bd8-8735-9914908b6c52,4912291883,node,amenity,place_of_worship,Cathedral Church,,,,,31.5833999,74.3063331,Lahore,Punjab,Pakistan,,,
bd19d534-875a-5ada-94b9-ab28b1d03558,4912291884,node,amenity,bank,ایچ بی ایل پاکستان,ایچ بی ایل پاکستان,Habib Bank Limited,,,31.5823118,74.3062794,Lahore,Punjab,Pakistan,ایچ بی ایل پاکستان,,
ae5b6ff5-b1fb-53e1-9faa-cd9f595bbed5,4912291886,node,amenity,place_of_worship,قباء,,Quba,,,31.5810407,74.30699,Lahore,Punjab,Pakistan,,,
a8fb76d3-11db-50a5-8868-e5f7ea4578b5,4912291887,node,amenity,place_of_worship,المجاہد,,Al-Mujahid,,,31.5814788,74.3074473,Lahore,Punjab,Pakistan,,,
7d793825-162b-5faa-ac3f-fd8078b9cde7,4912291889,node,amenity,post_office,,,,,,31.580584,74.3058989,Lahore,Punjab,Pakistan,,,
be29b7ab-ec75-5b08-aa80-4320118eb3c8,4912291890,node,amenity,ice_cream,Baba Kulfi,,,,,31.5801222,74.3059541,Lahore,Punjab,Pakistan,,,
d1a804dc-419e-5eb6-ba5d-0ca81b655237,4912291891,node,tourism,hotel,Data Hotel,,,,,31.5799644,74.3059384,Lahore,Punjab,Pakistan,,,
60ed265d-7810-5531-88b3-67c510392199,4912291892,node,amenity,restaurant,Butt Resturant,,,,,31.5798681,74.305761,Lahore,Punjab,Pakistan,,,
40b87a4b-4f96-5419-8f06-15db05e5adfd,4912291928,node,amenity,place_of_worship,بلیوں والی سرکار,,Shrine of Billian Wali Sarkar,,mosque and shrine of Ghulam Rasool,31.5787453,74.3086167,Lahore,Punjab,Pakistan,,,
d7c5739e-59b2-575c-ac0f-03d4b6e20e81,5754971048,node,amenity,place_of_worship,Shrine of Baba Masoom Shah,,,,,31.5840113,74.3081957,Lahore,Punjab,Pakistan,,,
528b1c5d-ff82-5f63-b7a3-201099bde3a8,5847271225,node,amenity,place_of_worship,Shrine of Sheikh Saadu,,,,,31.5831139,74.3094574,Lahore,Punjab,Pakistan,,,
99787316-98a8-5f4f-a1ff-a63b7550f11a,8388859008,node,amenity,place_of_worship,مولانا روحی,,Maulana Roohi,,,31.5785677,74.3104197,Lahore,Punjab,Pakistan,,,
bad5084d-5982-59ab-a6a6-9cddbcd50036,8388988244,node,amenity,place_of_worship,حاجی رحمت علی قادری طرطوسی مزار,,Shrine of Haji Rehmat Ali Qadri Tartusi,,,31.5829291,74.3080873,Lahore,Punjab,Pakistan,,,
4b970af1-25fd-5563-8adc-35dd94278076,8400738147,node,amenity,place_of_worship,Shrine of Mama Bhanja,,,,,31.5797851,74.3070657,Lahore,Punjab,Pakistan,,,
0b4c9d95-068a-5450-816b-4f311b0f4f7b,8952636156,node,place,neighbourhood,اسلام خان,,,,,31.5795565,74.3084469,Lahore,Punjab,Pakistan,,,
cf9f89c6-1a5d-514d-aec3-f500bff56760,8952636170,node,place,neighbourhood,محلہ پٹرنگاں,,Mohallah Patrangan,,,31.5803154,74.308846,Lahore,Punjab,Pakistan,,,
e48f32d3-d3fa-5581-9215-e2416d47e693,8952636178,node,place,neighbourhood,محلہ چومالہ,,Mohallah Chomala,,,31.5805911,74.3079262,Lahore,Punjab,Pakistan,,,
f426291c-63e6-5f93-80dd-3fcc7d28eabe,8952636181,node,place,neighbourhood,Mohallah Taveela Sheikhan,,,,,31.5808866,74.3088652,Lahore,Punjab,Pakistan,,,
769ecb79-8caf-5482-9e9a-fecb41fa53fb,8952640737,node,place,neighbourhood,Mohallah Zameer Shaheed,,,,,31.5819936,74.309076,Lahore,Punjab,Pakistan,,,
f80cb55b-8549-5e3c-9f32-c9672fb15109,8952640742,node,place,neighbourhood,محلہ جوگی,محلہ جوگی,Mohallah Jogi,,,31.5825695,74.3089966,Lahore,Punjab,Pakistan,,,
1cfef124-e59d-53a9-8a30-908315aee21c,8952640751,node,place,neighbourhood,Mohallah Samiyan,,,,,31.5832218,74.307889,Lahore,Punjab,Pakistan,,,
5d64a923-f0a2-57d7-a19c-1c6e6be1f6b0,8952699740,node,place,neighbourhood,Mohallah Molana Roohi,,,,,31.5791418,74.3092751,Lahore,Punjab,Pakistan,,,
21b75b59-2fd7-51f6-ab6e-87b1802b525c,8952699743,node,place,neighbourhood,Kucha Zail Daran,,,,,31.578808,74.3105212,Lahore,Punjab,Pakistan,,,
38242742-130f-500d-ba56-d402897aa06e,8952699749,node,place,neighbourhood,Kucha Kamboh Vehra,,,,,31.5789403,74.3110019,Lahore,Punjab,Pakistan,,,
e5f05468-eb6b-56b2-a850-d3372ad30848,8952746649,node,place,neighbourhood,محلہ اورنگزیب,محلہ اورنگزیب,Mohallah Aurangzeb,,,31.5795323,74.310496,Lahore,Punjab,Pakistan,,,
6708e0c4-b452-5619-9ee3-f17c9e32f4cf,8952746682,node,place,neighbourhood,Maidan Bhaiyan,,,,,31.579674,74.3111279,Lahore,Punjab,Pakistan,,,
7fb506cc-d454-51cf-92e6-b6283ad2b802,8952959128,node,place,neighbourhood,محلہ جلوٹیاں,,Mohallah Jalotian,,,31.5802853,74.3099566,Lahore,Punjab,Pakistan,,,
a3740766-5dc0-5d83-91f9-1537bca397a0,8953157654,node,place,neighbourhood,Mohallah Kasurian,,,,,31.5841956,74.3087868,Lahore,Punjab,Pakistan,,,
4180071c-2651-5811-8931-aeafdcba1c6a,8953157658,node,place,neighbourhood,محلہ سمیاں,,Mohallah Samian,,,31.5846069,74.3087152,Lahore,Punjab,Pakistan,,,
36a36acf-4941-5cb2-9d58-a8379c234bfd,8953162104,node,amenity,place_of_worship,Shrine of Pir Raza Shah Qadri,,,,,31.584382,74.3096484,Lahore,Punjab,Pakistan,,,
b5ab4fac-50a8-548a-a743-e6487cdca8fe,8955459679,node,place,neighbourhood,Kucha Muhammad Saleh,,,,,31.5811587,74.3101678,Lahore,Punjab,Pakistan,,,
1346e139-b29c-5220-921a-a5f506836aac,8955551628,node,place,neighbourhood,Kucha Shah Inayat,,,,,31.5807205,74.310684,Lahore,Punjab,Pakistan,,,
6e1a7261-59c3-5c15-9c8c-c2d9a1af8dd8,8955601818,node,place,neighbourhood,محلہ حکیماں,,Mohallah Hakeema,,,31.5836678,74.3100082,Lahore,Punjab,Pakistan,,,
a05683f5-353f-5324-ab98-cc4e04b58682,8955601819,node,place,neighbourhood,Jogi Teer Khana,,,,,31.5832551,74.3099687,Lahore,Punjab,Pakistan,,,
f02b4f55-a09e-52bb-86cb-99df208d7efe,9356765064,node,amenity,place_of_worship,نورانی,,Noorani,,,31.5829232,74.3089656,Lahore,Punjab,Pakistan,,,
dc4a9f3d-0665-51d4-bec6-afdc419c7014,9438700392,node,place,neighbourhood,موتی ٹبہ,موتی ٹبہ,Moti Tibba,,,31.5819717,74.3095337,Lahore,Punjab,Pakistan,,,
97d6cea8-2b81-5e19-be7d-3044ffef6904,9885925162,node,amenity,place_of_worship,ملا الہی,,Mullah Ilahi,,,31.5801307,74.3080684,Lahore,Punjab,Pakistan,,,
3de1c0c2-7238-5170-9948-8b3a647e61d7,9885925163,node,amenity,place_of_worship,محمدی,,Muhammadi,,,31.579557,74.3082605,Lahore,Punjab,Pakistan,,,
9036aa38-16a9-5b56-9d78-e738c97c3b58,9885925164,node,amenity,place_of_worship,Dhobi Mashki,,,,,31.5805664,74.3106003,Lahore,Punjab,Pakistan,,,
588402de-8970-5004-a61f-02a32a6877d7,12264993832,node,amenity,atm,,,,,,31.5833082,74.3095477,Lahore,Punjab,Pakistan,,Allied Bank Limited,
cc60c059-c28b-5619-af50-30d2356a5594,4914789548,node,amenity,bank,Meezan Bank Ltd,,,,,31.5793217,74.3177597,Lahore,Punjab,Pakistan,,,
d2258544-c905-5230-8066-997ad884a323,4914789549,node,amenity,bank,Allied Bank Ltd,,,,,31.5795553,74.3177689,Lahore,Punjab,Pakistan,,,
de973313-1cf0-5e76-ac39-6a73fa8444fd,4914789550,node,amenity,bank,Bank Al-Habib,,,,,31.5794582,74.317772,Lahore,Punjab,Pakistan,,,
0fa19a64-9ef8-550c-af50-042937109b5f,5027798124,node,tourism,attraction,Acha p/s,,Acha p/s,,,31.5796075,74.3178061,Lahore,Punjab,Pakistan,,,
9baf7a53-597c-545a-96a6-09c9728ae8ba,5102442992,node,tourism,attraction,Mehar Das Qulcha,,,,,31.5823395,74.3176742,Lahore,Punjab,Pakistan,,,
3278d503-2ec1-5620-bcec-da96dd14fdaa,5782807948,node,place,neighbourhood,Kucha Ghangoo Shah,,,,,31.5804525,74.3147901,Lahore,Punjab,Pakistan,,,
43c02b26-dfd9-5ebd-99bc-f3aebb0fc486,8388859001,node,amenity,place_of_worship,کریم بخش,کریم بخش,Kareem Bakhsh,,,31.5842169,74.3154031,Lahore,Punjab,Pakistan,,,
e5bd5de0-5c6f-520d-aaa0-3858084f0748,8388859003,node,amenity,place_of_worship,عثمان,,Usman,,,31.5831227,74.3138659,Lahore,Punjab,Pakistan,,,
7d2233de-386c-580c-bc78-08e462b54497,8388859011,node,amenity,place_of_worship,شیخ امام الدین خان,,Sheikh Imamuddin Khan,,,31.581149,74.3149926,Lahore,Punjab,Pakistan,,,
bde88bd4-7d88-54e6-b9e6-80dce693eb62,8389095464,node,amenity,place_of_worship,نظامیہ رضویہ,,Nizamia Rizvia,,,31.5793455,74.3133799,Lahore,Punjab,Pakistan,,,
774cbb2d-ba5d-5895-9f15-ce6f53b70ef5,8389095477,node,amenity,place_of_worship,Abdia Gulab,,,,,31.5790606,74.3140968,Lahore,Punjab,Pakistan,,,
8105dac5-2fac-5aec-aa18-5b5bad6a9bbf,8389210037,node,amenity,place_of_worship,Ghousia Gujjran,,,,,31.5830135,74.3169703,Lahore,Punjab,Pakistan,,,
618d5485-66b2-5b56-9f45-29368bd0ff92,8389693171,node,amenity,place_of_worship,Tauheed,,,,,31.5832807,74.3170793,Lahore,Punjab,Pakistan,,,
8d9ad327-6583-5c52-9457-0535d0da54b3,8389730158,node,tourism,attraction,Nihal Chand Temple (abandoned),,,,,31.5792801,74.3136792,Lahore,Punjab,Pakistan,,,
c5149262-7f36-58db-91bd-b3ff5f87cf88,8952699779,node,place,neighbourhood,Kucha Muhammadian,,,,,31.5798616,74.3119178,Lahore,Punjab,Pakistan,,,
eca25db9-557b-5080-93a0-24704140dcf5,8952699806,node,place,neighbourhood,Kucha Rang Raizan,,,,,31.5800862,74.3120033,Lahore,Punjab,Pakistan,,,
cf965dc5-3174-5bab-84d7-98894a041750,8952745580,node,place,neighbourhood,Kucha Kallu,,,,,31.5794416,74.312711,Lahore,Punjab,Pakistan,,,
fc301220-ad68-5e70-a7b2-9053b4ef0cb2,8952745606,node,place,neighbourhood,Kucha Illahi Buksh,,,,,31.5787579,74.3133453,Lahore,Punjab,Pakistan,,,
cdeabcc4-bfa1-5817-a64e-25ed667bc9b8,8952783547,node,place,neighbourhood,Kucha Darogah Nazol,,,,,31.5828346,74.3132795,Lahore,Punjab,Pakistan,,,
c5da63cc-b4ef-522d-b1bd-ae9b9d703ec0,8952783563,node,place,neighbourhood,Guggar Vehra,,,,,31.583072,74.3126578,Lahore,Punjab,Pakistan,,,
b815216d-cc08-5e2d-aefd-35a09b5943ca,8952783570,node,place,neighbourhood,کوچہ پنج پیر,کوچہ پنج پیر,Kucha Panj Pir,,,31.5821339,74.312878,Lahore,Punjab,Pakistan,,,
3dec9da9-e744-5135-ba99-421aebe5ec73,8952959163,node,place,neighbourhood,کوچہ خراسیاں,کوچہ خراسیاں,Kucha Kharasian,,,31.5797076,74.3136457,Lahore,Punjab,Pakistan,,,
c6586670-feb6-510c-bdb4-f07b592427ce,8952959181,node,place,neighbourhood,Naya Mohallah,,,,,31.5800112,74.3146465,Lahore,Punjab,Pakistan,,,
bad67575-9213-591a-914d-11bc11f305f6,8952959183,node,place,neighbourhood,Kucha Mian Ashiq,,,,,31.5803252,74.3131469,Lahore,Punjab,Pakistan,,,
73778048-5d0a-5302-bb89-6983d27d0fe2,8953105322,node,place,neighbourhood,مجلہ رادها كِشن,مجلہ رادها كِشن,Mohallah Radha Kishan,,,31.5832362,74.3141067,Lahore,Punjab,Pakistan,,,
c48a4431-78cb-53f3-a14d-cab283c8cd2b,8953105342,node,place,neighbourhood,Kucha Maqsooden,,,,,31.5827253,74.314234,Lahore,Punjab,Pakistan,,,
259abb22-0fcd-50be-ab5d-9dd42c097b74,8953105343,node,place,neighbourhood,Kucha Haider Pehlwan,,,,,31.5827297,74.3145717,Lahore,Punjab,Pakistan,,,
3dd9c264-e971-5068-b975-b03965b54fab,8953105361,node,place,neighbourhood,Kucha Qadri,,,,,31.5825089,74.3148935,Lahore,Punjab,Pakistan,,,
8abced5c-82d3-5b4d-b294-c27a51c4df3e,8953105372,node,place,neighbourhood,Kucha Peer Mohammad Ali Shah,,,,,31.5836368,74.3156757,Lahore,Punjab,Pakistan,,,
955e16fa-05da-57c1-8b89-13d516288b6c,8953105378,node,place,neighbourhood,Gujjar Gali,,,,,31.5830675,74.3161624,Lahore,Punjab,Pakistan,,,
46503df3-cdcb-5517-9a2c-09d65129b5fe,8953105405,node,place,neighbourhood,کناری بازار,,Kinari Bazaar,,,31.5831972,74.3177342,Lahore,Punjab,Pakistan,,,
630c9cad-e572-5bb6-92eb-439893f145f9,8955329807,node,place,neighbourhood,Mohallah Moalian,,,,,31.5785469,74.314861,Lahore,Punjab,Pakistan,,,
8e84e269-8a4d-5cf9-afb2-49ee0fc4f94d,8955329808,node,place,neighbourhood,Kucha Shami Hoqan,,,,,31.5786015,74.3139087,Lahore,Punjab,Pakistan,,,
cc8db689-38c8-5468-8a30-57090a9ae44e,8955329809,node,place,neighbourhood,Mohallah Chapay Garan,,,,,31.5788088,74.3152784,Lahore,Punjab,Pakistan,,,
7eb6ee70-3700-508f-875f-a8ddef7eb1f8,8955333233,node,place,neighbourhood,Kucha Khwaja Farid,,,,,31.5793151,74.3149259,Lahore,Punjab,Pakistan,,,
f46b04c2-716e-5dec-9883-ed6d6ec87247,8955459677,node,place,neighbourhood,Kucha Phalan Nanak,,,,,31.58075,74.3115217,Lahore,Punjab,Pakistan,,,
a833645d-3102-5be6-ae93-f61ff5aa4c23,8955459678,node,place,neighbourhood,Ounchi Gali,,,,,31.5803259,74.3124942,Lahore,Punjab,Pakistan,,,
e0876d02-1188-5027-b173-fa6dcb031737,8955503819,node,place,neighbourhood,Kucha Katyalan,,,,,31.5819955,74.3172383,Lahore,Punjab,Pakistan,,,
c0fb0246-585d-5b1b-b4a4-2486405d2997,8955503820,node,place,neighbourhood,Kucha Chah Telian,,,,,31.5813676,74.3173554,Lahore,Punjab,Pakistan,,,
1f2c78ec-2ba1-5cb0-b8a7-cb7737dbd7fa,8955503821,node,place,neighbourhood,Kucha Sidhu Misri,,,,,31.5792241,74.3171951,Lahore,Punjab,Pakistan,,,
9ba1c4df-af74-51da-ba66-bf1e4f772893,8955503850,node,place,neighbourhood,Kucha Dai Bholi,,,,,31.579397,74.3166516,Lahore,Punjab,Pakistan,,,
8fa781c3-b610-5ef9-a737-e61aed8fd90c,8955503902,node,place,neighbourhood,Kucha Gulzariwala,,,,,31.5806867,74.3172375,Lahore,Punjab,Pakistan,,,
83e96834-ff16-52d5-b403-b7f0c925aa71,8955503903,node,place,neighbourhood,کوچہ بہادر کالی,کوچہ بہادر کالی,Kucha Bahadur Kali,,,31.5797784,74.316986,Lahore,Punjab,Pakistan,,,
2b4d5d1e-a7a7-5bab-9063-062fc547f857,8955514534,node,place,neighbourhood,Kucha Bhagwan Das,,,,,31.5808469,74.312769,Lahore,Punjab,Pakistan,,,
0f74409d-131d-5cd6-9c3e-3eaa1f02f271,8955514535,node,place,neighbourhood,Mohallah Daran,,,,,31.5809824,74.3131773,Lahore,Punjab,Pakistan,,,
438404dc-e873-5762-aab0-57f94c208e0e,8955514539,node,place,neighbourhood,Khoi Vehra,,,,,31.5815339,74.3127124,Lahore,Punjab,Pakistan,,,
e3fc9c0b-5f2f-501f-9c00-9b94e0d7efe2,8955514549,node,place,neighbourhood,محلہ ستھاں,محلہ ستھاں,Mohallah Sathaan,,,31.5821641,74.31221,Lahore,Punjab,Pakistan,,,
a010ab64-1bf5-5242-befd-83703f1de755,8955514572,node,place,neighbourhood,Kucha Dhobian,,,,,31.582612,74.3138286,Lahore,Punjab,Pakistan,,,
0b7d28da-09d2-5799-9f24-4078c0d69ef3,8955514573,node,place,neighbourhood,کوچہ ہنومان,کوچہ ہنومان,Kucha Hanuman,,,31.5820775,74.3148839,Lahore,Punjab,Pakistan,,,
c49b1951-4b29-5aee-8f14-2f8bcca68c7c,8955514574,node,place,neighbourhood,کوچہ اورنگزیب,کوچہ اورنگزیب,Kucha Aurangzeb,,,31.5820074,74.3142321,Lahore,Punjab,Pakistan,,,
baf5c09d-3650-55d4-914b-b4e750cce57a,8955514575,node,place,neighbourhood,Kucha Beli Ram,,,,,31.5820597,74.3137706,Lahore,Punjab,Pakistan,,,
938424c2-a44f-5681-8345-a28310f5863f,8955514589,node,place,neighbourhood,کوٹلی کپورہ,کوٹلی کپورہ,Kotli Kapura,,,31.5817797,74.316634,Lahore,Punjab,Pakistan,,,
22b0d254-16e9-5f59-8a48-4aa69fb4e5c6,8955514601,node,place,neighbourhood,کوچہ ہری سنگھ,کوچہ ہری سنگھ,Kucha Hari Singh,,,31.5819571,74.3160447,Lahore,Punjab,Pakistan,,,
ec90a162-47dd-534c-bf10-4aef1120f7af,8955514602,node,place,neighbourhood,Gali Garanthian,,,,,31.5820463,74.3155557,Lahore,Punjab,Pakistan,,,
20b5f491-624a-57c4-8a14-5000cb5c806b,8955514603,node,place,neighbourhood,کوچہ درگا داس,کوچہ درگا داس,Kucha Durga Das,,,31.581564,74.3155755,Lahore,Punjab,Pakistan,,,
cc2b9a26-077c-5411-85c8-1cea6fede361,8955514604,node,place,neighbourhood,Kucha Chaudhrian,,,,,31.5812676,74.3156653,Lahore,Punjab,Pakistan,,,
cc88f7af-6a3b-5a36-b202-8ffe44a0ff32,8955565598,node,place,neighbourhood,Kucha Madni,,,,,31.5801555,74.3137391,Lahore,Punjab,Pakistan,,,
dfb2f9c0-94a6-5bca-aa9b-c78abb902ad7,8955601867,node,place,neighbourhood,Neween Gali,,,,,31.5850237,74.314965,Lahore,Punjab,Pakistan,,,
1aecb1a2-f023-51ae-b6bb-1597f61f582a,8955601889,node,place,neighbourhood,Mohallah Shamsuddin,,,,,31.5846813,74.3158431,Lahore,Punjab,Pakistan,,,
9aba30ae-8756-520e-90f2-edfabbff1fdd,8955601953,node,place,neighbourhood,Kucha Mian Juma,,,,,31.5847601,74.3166528,Lahore,Punjab,Pakistan,,,
d864b107-6b34-59de-b8fe-d369f121802f,8961159941,node,place,neighbourhood,Kucha Mehtay,,,,,31.581007,74.3164772,Lahore,Punjab,Pakistan,,,
bd5e8a81-74b1-53b0-8d06-f72e7817dc25,9292561442,node,place,neighbourhood,Kucha Gasaiyan,,,,,31.5803708,74.3159645,Lahore,Punjab,Pakistan,,,
f8664eaa-5221-5c18-b268-8e21ff8bfebc,9390764536,node,amenity,place_of_worship,پٹولیاں والی,,,,,31.5806197,74.3128899,Lahore,Punjab,Pakistan,,,
c3ad2a3a-8c33-5525-91db-c0aec78998ca,9391017610,node,place,neighbourhood,Mohallah Pir Bhola,,,,,31.5807792,74.3148208,Lahore,Punjab,Pakistan,,,
6f79e49e-61e6-577e-828c-038aea598d8e,9469454758,node,amenity,place_of_worship,پتھرانوالی,,Pathranwali,,,31.5814866,74.3131385,Lahore,Punjab,Pakistan,,,
e594935c-de03-59c7-8a70-db8f9e822a94,9862943805,node,tourism,attraction,Colonial Haveli,,,,,31.5808194,74.3114374,Lahore,Punjab,Pakistan,,,
b9cb122a-f7a2-5c58-a340-3fc3948dddfa,9862965631,node,amenity,place_of_worship,مدینہ,,Madina,,,31.5839524,74.3150012,Lahore,Punjab,Pakistan,,,
119cfdb9-d345-5be9-bcf4-fb4ed596cbbb,9885925158,node,amenity,place_of_worship,,,,,,31.5799607,74.3148651,Lahore,Punjab,Pakistan,,,
57421af2-a10e-5ecf-a721-03c5623c61af,9885925159,node,amenity,place_of_worship,,,,,,31.5800882,74.3166696,Lahore,Punjab,Pakistan,,,
542a82b3-512b-548f-a10c-1a55febaa924,9885925161,node,amenity,place_of_worship,مہاجر,,Mahajir,,,31.5804541,74.3172396,Lahore,Punjab,Pakistan,,,
e5765d08-2f40-583d-9e7b-84e0799622e7,9885925171,node,amenity,place_of_worship,,,,,,31.5847603,74.3178093,Lahore,Punjab,Pakistan,,,
816939ad-5124-56f3-ad52-88b4749ddfaa,9885925175,node,amenity,place_of_worship,,,,,,31.5824269,74.3138713,Lahore,Punjab,Pakistan,,,
8689b0b7-7f2e-56c4-a228-f3376eac1782,9898394264,node,place,neighbourhood,Kucha Vahrian,,,,,31.5817073,74.3145647,Lahore,Punjab,Pakistan,,,
b5408d6e-0361-563c-89d9-270e8bd37e5a,9898430577,node,natural,tree,,,,,,31.5797703,74.312795,Lahore,Punjab,Pakistan,,,
6c5ec606-620d-548c-806e-c87acee8ef66,9898430578,node,natural,tree,,,,,,31.5798175,74.3128951,Lahore,Punjab,Pakistan,,,
acf3847e-338f-5a88-95f3-b048644f529b,10813932709,node,tourism,attraction,,,Former Hindu Temple,,,31.5816345,74.3167952,Lahore,Punjab,Pakistan,,,
478ef900-3b7e-541f-a433-83400ca73a62,12264936355,node,amenity,restaurant,Bashir Nan Pakoray,,,,,31.5850609,74.3129778,Lahore,Punjab,Pakistan,,,
7f3f38d8-877c-5161-95de-724de691e30a,4912291854,node,amenity,bank,ایچ بی ایل پاکستان,ایچ بی ایل پاکستان,Habib Bank Limited,,,31.5914146,74.3049471,Lahore,Punjab,Pakistan,ایچ بی ایل پاکستان,,
6736701f-d292-518f-af93-a01c0c5df8be,4912291855,node,amenity,bureau_de_change,Habib Qatar International Exchange Pakistan,,,,,31.5902545,74.3062663,Lahore,Punjab,Pakistan,,,
435575cc-3974-5982-9ca2-21d7fb4f8981,4912291859,node,amenity,restaurant,Grand Trunk Road گرینڈ ٹرنک روڈ,,,,,31.5891194,74.3063064,Lahore,Punjab,Pakistan,,,
bb770dc5-ba9a-53bb-b23c-bb3a1a932cd3,4912291868,node,amenity,fast_food,Bola Chany Wala,,,,,31.5880105,74.3053701,Lahore,Punjab,Pakistan,,,
c4f3e3f5-1ef3-56cb-a5ba-7e56291005b8,4912291869,node,amenity,fast_food,Rangeela Kukkar,,,,,31.5876018,74.305795,Lahore,Punjab,Pakistan,,,
9b67360e-f203-57cf-86c3-d73afa29a874,4912291876,node,amenity,fast_food,Pizza Hot,,,,,31.5869219,74.306323,Lahore,Punjab,Pakistan,,,
45ab7a98-5b39-5c23-a8af-d40f26b84c10,4912291880,node,shop,shoes,Servis Shoes,,,,,31.5854049,74.3065759,Lahore,Punjab,Pakistan,,,
f23e476e-f7a4-5aa1-839c-96369818d274,5254181753,node,healthcare,hospital,Grand Trunk Road گرینڈ ٹرنک روڈ,,,,,31.5880271,74.3071164,Lahore,Punjab,Pakistan,,,
2a007396-556d-558c-8320-2aa661321650,5733415460,node,historic,monument,بادشاہی گیٹ وے,,Badshahi Gateway,,,31.588276,74.3110595,Lahore,Punjab,Pakistan,,,
07d5495f-2172-5e67-b50f-0b79c0898b5b,7129618879,node,amenity,place_of_worship,Shameem,,,,,31.5862459,74.3047758,Lahore,Punjab,Pakistan,,,
e90f4cfd-4acc-5dcd-b639-35ed423a5348,7129618881,node,amenity,place_of_worship,Shrine of Baba Manna Sai Sarkar,,,,,31.5863198,74.3051523,Lahore,Punjab,Pakistan,,,
a9bd8200-7888-50b0-a57a-4e2f2b0557fa,8366441217,node,tourism,attraction,Nazim Banquet Hall,,,,,31.5901106,74.3062222,Lahore,Punjab,Pakistan,,,
5f35ca61-3746-524a-ab19-f1bd5392ea98,8396145036,node,place,neighbourhood,ہیرا منڈی,ہیرا منڈی,Heera Mandi,,,31.5856618,74.3091016,Lahore,Punjab,Pakistan,,,
971fe453-c207-58b8-b2b0-05e70c28930e,8952779745,node,place,neighbourhood,Gaddi Mohallah,,,,,31.5856219,74.3097265,Lahore,Punjab,Pakistan,,,
c0e032ad-757c-5947-bfe0-cc1089a58cfe,9885888614,node,amenity,place_of_worship,جامعہ نعمانیہ رضویہ,,Jamia Noumania Rizvia,,,31.5853918,74.3099627,Lahore,Punjab,Pakistan,,,
7f1dab7a-31f2-5a50-bb56-a8e16b6d48ee,12264918876,node,amenity,place_of_worship,Bairi Wali,,,,,31.5852603,74.3086688,Lahore,Punjab,Pakistan,,,
cbfcbd33-7626-50f7-84ee-3961f7f9de35,3237186335,node,amenity,restaurant,Fort View Hotel & Restaurant,,,,,31.5873195,74.3119051,Lahore,Punjab,Pakistan,,,
ea7305ce-3f3d-5e6e-80a6-c1b23b3fa69b,3237190804,node,amenity,restaurant,کوکوز ڈین,,Cooco's Den,,,31.5870545,74.3115511,Lahore,Punjab,Pakistan,,,
5398ff6a-67f4-5191-ba6f-be3113e744ea,4946147521,node,amenity,restaurant,حویلی ریسٹورانٹ,,Haveli Restaurant,,,31.5870129,74.3114255,Lahore,Punjab,Pakistan,,,
36ffff40-13d6-538a-9da8-66892059400a,5733415459,node,historic,monument,دیوان عام,,Diwan-i-Aam,,,31.5881288,74.3153323,Lahore,Punjab,Pakistan,,,
5a9ebca6-bc1d-5b6a-a63d-4beaa0c4758b,5735236445,node,historic,monument,نولکھا پویلین,,Naulakha Pavilion,,,31.589802,74.312872,Lahore,Punjab,Pakistan,,,
57e27e97-ce80-56f1-a279-89ff2162b498,5735656290,node,tourism,attraction,شاہ برج چوکور,,Shah Burj Quadrangle,,,31.5897466,74.3131164,Lahore,Punjab,Pakistan,,,
1226497d-0de0-540c-a680-31f4b856b159,5735656295,node,historic,monument,سہ دری,,Sehdari Pavilion,,,31.5892735,74.3160451,Lahore,Punjab,Pakistan,,,
37202eb0-fc42-54d3-b72e-5f29c7e981f8,5735656296,node,tourism,attraction,Diwan-i-Aam Quadrangle,,,,,31.5874916,74.3151782,Lahore,Punjab,Pakistan,,,
8f3f0de2-4603-5457-86d1-3cf5dd839354,5738447691,node,tourism,attraction,Shah Jahan Quadrangle,,,,,31.5892883,74.3146202,Lahore,Punjab,Pakistan,,,
63aef49e-cc87-5687-80e4-3b237ef6de6e,5738493233,node,tourism,attraction,جہانگیر بارہ دری,,Jehangir Quadrangle,,,31.5888848,74.3155787,Lahore,Punjab,Pakistan,,,
bd8150c0-7bca-5d31-a4ad-55272b103963,5744984258,node,tourism,attraction,Ranjit Singh Court,,,,,31.5896578,74.3135741,Lahore,Punjab,Pakistan,,,
690b0e57-17f9-53c1-88c0-3a6ad9e8a5d4,5754971038,node,amenity,place_of_worship,Roshnai Gate Presbyterian Church,,,,,31.5854918,74.3124784,Lahore,Punjab,Pakistan,,,
3d2f9b6c-1b51-5ea0-b5f9-b22f84cc1878,8388859012,node,amenity,place_of_worship,Shine of Baba Nathay Shah Bukhari,,,,,31.5857168,74.3162445,Lahore,Punjab,Pakistan,,,
69fd1332-151e-50b1-aba0-614a9bd5280c,8389964097,node,place,neighbourhood,Katri Sikandar Khan,,,,,31.5855204,74.3174869,Lahore,Punjab,Pakistan,,,
ff114f56-caac-56cd-ae79-770818971aa8,8392160835,node,historic,monument,کالا برج,,Kala Burj,,,31.5897478,74.3139072,Lahore,Punjab,Pakistan,,,
ae68133a-952d-574c-b6c3-44419eb5829b,8392160836,node,historic,monument,لال برج,,Lal Burj,,,31.5896147,74.314526,Lahore,Punjab,Pakistan,,,
54521862-3fc4-5c74-9321-035bc9b9a025,8393323857,node,tourism,attraction,Hanuman Temple (abandoned),,,,,31.5853541,74.3174065,Lahore,Punjab,Pakistan,,,
1db2a376-7ca4-5869-814b-0b27c323a205,8396145035,node,place,neighbourhood,شاہی محلہ,شاہی محلہ,Shahi Mohallah,,,31.5861434,74.3121917,Lahore,Punjab,Pakistan,,,
7f7a905a-24b2-58db-aa33-05a47890a7fc,8952855499,node,place,neighbourhood,Khoi Borh Wali,,,,,31.585954,74.3174288,Lahore,Punjab,Pakistan,,,
230a3d9f-a627-5ac7-8f43-83195f7ee7cf,8952855668,node,place,neighbourhood,Mohallah Barood Khana,,,,,31.5852739,74.3165943,Lahore,Punjab,Pakistan,,,
7b046a7d-efa8-5266-a854-a0b9e26cbecb,8952855688,node,place,neighbourhood,Kucha Lub Shah Wali,,,,,31.5851101,74.3176499,Lahore,Punjab,Pakistan,,,
a4845776-a146-53de-8f26-e6492a47f5a4,8955601865,node,place,neighbourhood,Langa Mandi,,,,,31.5852104,74.3134734,Lahore,Punjab,Pakistan,,,
4c463b1d-f4a7-56e5-be26-cfb91a4005a8,8955601866,node,place,neighbourhood,Haveli Topi Maashqi,,,,,31.5851433,74.3141472,Lahore,Punjab,Pakistan,,,
48e0efe0-3eda-5119-9190-212320d262ee,9392770609,node,amenity,restaurant,المشہور پھجے کے پائے,,,,,31.5851107,74.3127784,Lahore,Punjab,Pakistan,,,
84359604-7b76-550d-947c-d6c35cdbe3af,9438308266,node,amenity,place_of_worship,Shrine of Syed Jaffer Hussain Shah,,,,,31.5868158,74.3170577,Lahore,Punjab,Pakistan,,,
c7c2253f-d2ed-50ab-b733-9a59f00b9914,9438371460,node,amenity,place_of_worship,Shrine of Mutawalli Sufi Siraj Din,,,,,31.5854574,74.3153579,Lahore,Punjab,Pakistan,,,
e4eb1309-559d-5b63-bac8-e6db92be7ce5,9469453149,node,amenity,place_of_worship,مزار سید میراں سخی,,Shrine of  Syed Meeran Sakhi,,,31.5851646,74.316688,Lahore,Punjab,Pakistan,,,
64d39e20-b05b-5b2f-9a93-11fa418ba3d3,9478427878,node,historic,monument,سکھ برج,,Sikh Burj,,,31.5899057,74.3133981,Lahore,Punjab,Pakistan,,,
0a6af1ed-2960-5e66-8950-251bb7d25f14,9482773257,node,amenity,place_of_worship,مازار بابا غلام حیدر سائِین,,Shrine of Ghulam Haider Saeen,,,31.591154,74.3158379,Lahore,Punjab,Pakistan,,,
1556dd8a-9a20-570a-a83b-b9db214c218c,9884504274,node,historic,monument,سبز برج,,Sabz Burj,,,31.5853001,74.3113706,Lahore,Punjab,Pakistan,,,
88942dd0-f6d0-568e-ab9d-8b21deb041c0,12264936356,node,amenity,restaurant,عارف ھوٹل اینڈ ریسٹورنٹ,,Arif Hotel Restaurant,,,31.5852626,74.3126871,Lahore,Punjab,Pakistan,,,
c05f0917-8192-5ae7-8a6c-2363d9381925,12264936357,node,amenity,restaurant,Fazal Din Phajja Siri Paye - Since 1953,,,,,31.5852866,74.312541,Lahore,Punjab,Pakistan,,,
2f5df1f3-55a9-5119-809c-78b1f21dc670,12264936358,node,amenity,restaurant,عارف چٹخارہ ہاؤس,,Arif Chatkhara,,,31.5853764,74.3122726,Lahore,Punjab,Pakistan,,,
65750458-9adb-59c1-9c48-e0afadc80ac8,12264936359,node,amenity,restaurant,Shah Chicken Tawa Roast,,,,,31.5855013,74.3122166,Lahore,Punjab,Pakistan,,,
8a40fd6c-3b18-56e4-9b73-1674c28dd548,12264936360,node,amenity,restaurant,Al Rehman BBQ And Grill Chargha,,,,,31.5855101,74.3119649,Lahore,Punjab,Pakistan,,,
cc4da8a6-843a-5eb1-8e18-7e77fc7512a3,6312177985,node,shop,department_store,CEAQ Trading Co.,,,,,31.5938743,74.2970405,Lahore,Punjab,Pakistan,,,
ace7e5f0-4aa0-5b12-a954-9c1bc2bde04c,4912291829,node,amenity,bank,Bank Al Habib Limited,,,,,31.5979829,74.2997776,Lahore,Punjab,Pakistan,,,
f3e9ef75-dd5b-53dd-901e-0a6a111e1679,4912291841,node,shop,clothes,Unifoam Factory Outlet,,,,,31.5968609,74.2996255,Lahore,Punjab,Pakistan,,,
62b140bf-1348-5e91-80a8-d4c92ed42f4a,4912291843,node,amenity,bank,MCB Timber Market Branch,,,,,31.5974041,74.3000856,Lahore,Punjab,Pakistan,,,
4f1d3b2d-dfae-5d91-8203-f00e92a174b1,4912291844,node,amenity,bank,الائیڈ بینک,الائیڈ بینک,Allied Bank,,,31.5970333,74.3006094,Lahore,Punjab,Pakistan,الائیڈ بینک,الائیڈ بینک لمیٹڈ,
ea8a8374-6c13-5185-b043-c213ecb27749,4912291846,node,shop,furniture,Woodnstyle,,,,,31.5971871,74.3008252,Lahore,Punjab,Pakistan,,,
a84bd15d-c13a-5581-8192-762ffde3a5ce,4912291847,node,amenity,fuel,ٹوٹل,ٹوٹل,Total,,,31.5940519,74.3029558,Lahore,Punjab,Pakistan,طوطال,ٹوٹل پارکو,
af38cd1b-6331-5eb3-ae88-d29f510c461f,4912291848,node,amenity,fuel,پاکستان اسٹیٹ آئل,پاکستان اسٹیٹ آئل,Pakistan State Oil,,,31.5942594,74.3017777,Lahore,Punjab,Pakistan,پاکستان اسٹیٹ آئل,,
347d3226-c852-57f5-842f-1b6a37247448,4912291849,node,amenity,atm,Meezan Bank Ltd,,,,,31.5942087,74.3020604,Lahore,Punjab,Pakistan,,,
7f6eaa80-2e82-5bbc-9d72-3f4489522187,4912291850,node,amenity,place_of_worship,لال,,Lal,,,31.5935505,74.3012953,Lahore,Punjab,Pakistan,,,
88f2ff05-3713-5222-8898-2284c02827f2,4912291851,node,amenity,bank,esahulat 63799,,,,,31.5934226,74.301102,Lahore,Punjab,Pakistan,,,
de47f3eb-1045-569e-90ef-2e9deeeb81b0,4912291853,node,amenity,bank,بینک الفلاح,بینک الفلاح,Bank Alfalah,,,31.5916812,74.3045812,Lahore,Punjab,Pakistan,بینک الفلاح,,
cac0ca8f-7c4e-5e40-bd0e-19c903ee4a43,7113868252,node,place,neighbourhood,Mominpura,,,,,31.5934957,74.30019,Lahore,Punjab,Pakistan,,,
a61c44fc-4998-56e2-8954-6d39264ae68b,8407680094,node,amenity,place_of_worship,وزیر الاسلام,,Wazir-al-Islam,,,31.593815,74.2985247,Lahore,Punjab,Pakistan,,,
1e2ad54d-08ac-5e2b-b7ca-41871e91e317,8955079671,node,amenity,place_of_worship,عمر فاروق,,Umar Farooq,,,31.594392,74.2995044,Lahore,Punjab,Pakistan,,,
9ca64b9b-2cdf-57e2-b64a-409f532e5906,9313272808,node,place,suburb,قصورپورہ,قصورپورہ,Qasurpura,,,31.5960692,74.2983222,Lahore,Punjab,Pakistan,,,
3e0749df-28e5-50d4-a8c6-1fa66d186e9f,4912291825,node,tourism,hotel,Ahmad Hotel,,,,,31.600099,74.2972259,Lahore,Punjab,Pakistan,,,
8e953c44-7da1-530d-ad41-01515df50107,8955079625,node,amenity,place_of_worship,Krishna Temple,,,,,31.5995702,74.2977452,Lahore,Punjab,Pakistan,,,Q6437453
df35dc4d-d3b0-52f2-b61e-fe26b32366d5,8955079653,node,amenity,place_of_worship,Shrine of Haji Qamar Deen,,,,,31.6014821,74.2941113,Lahore,Punjab,Pakistan,,,
dcd51aa4-2a7f-5914-bcd3-cf9ef78fbb86,4912290920,node,amenity,place_of_worship,Ahle Hadees,,,,,31.6025618,74.3010057,Lahore,Punjab,Pakistan,,,
4f2c3846-048e-532b-9a5f-550b50d49e60,4912291821,node,tourism,hotel,Naeem Hotel,,,,,31.6013892,74.2996608,Lahore,Punjab,Pakistan,,,
6070c575-9a75-5c6a-8b57-6aa200d75b47,4912291822,node,amenity,fuel,ٹوٹل,ٹوٹل,Total,,,31.6005331,74.2987336,Lahore,Punjab,Pakistan,طوطال,ٹوٹل پارکو,
14a3a65d-1abf-5af9-b572-2b407259c0e4,4912291823,node,amenity,fuel,پاکستان اسٹیٹ آئل,پاکستان اسٹیٹ آئل,Pakistan State Oil,,,31.600093,74.2985602,Lahore,Punjab,Pakistan,پاکستان اسٹیٹ آئل,,
7cfce6be-d383-54ba-a75e-bdd9dafe0852,4912291827,node,amenity,bank,MCB,,,,,31.5982602,74.2993459,Lahore,Punjab,Pakistan,MCB,,
1e00191e-cebc-5370-8247-275c0893cb3e,7121851912,node,place,neighbourhood,Timber Market,,,,,31.5990964,74.3009152,Lahore,Punjab,Pakistan,,,
678e06eb-1baf-5d1d-902b-42bf0aefbe6a,8398430271,node,amenity,place_of_worship,Muqaddas Hanfia,,,,,31.6033963,74.3042732,Lahore,Punjab,Pakistan,,,
5773eb0d-e791-5d30-ae99-29bb73663945,8398430272,node,amenity,place_of_worship,Anwar-e-Madina,,,,,31.6020886,74.3029393,Lahore,Punjab,Pakistan,,,
c2dfc1d1-01ed-5d87-9a76-3d2007287fe0,4912291852,node,amenity,restaurant,Ravi Chargha,,,,,31.5917394,74.3059083,Lahore,Punjab,Pakistan,,,
ad907800-ed75-5804-8040-bcd9a3c94ef8,4912575657,node,shop,supermarket,Ravi Super Store,,,,,31.5963074,74.3065748,Lahore,Punjab,Pakistan,,,
a80cb145-e19e-5f3c-a268-044f77d52b32,4912575661,node,amenity,bank,یونائیٹڈ بینک لمیٹڈ,یونائیٹڈ بینک لمیٹڈ,United Bank Limited,,,31.5926274,74.3068608,Lahore,Punjab,Pakistan,یونائیٹڈ بینک لمیٹڈ,,
f54d7c06-b1db-5ff6-9260-ede9950339d1,4912575662,node,shop,bakery,Gourmet Bakery,,,,,31.5935814,74.3065905,Lahore,Punjab,Pakistan,,,
e2348db3-1883-55d4-b25e-8c58ef25289f,4912575664,node,amenity,restaurant,Rajput Pakwan,,,,,31.5930014,74.3066494,Lahore,Punjab,Pakistan,,,
b6dfa983-1c18-50bc-948e-aa33c1e8c2f9,8398430232,node,place,neighbourhood,Ravi Park,,,,,31.594578,74.3074317,Lahore,Punjab,Pakistan,,,
dc562d72-bb2b-5d1a-b976-0f78b21dc800,8398430233,node,amenity,place_of_worship,Bait-ur-Rehman,,,,,31.5967396,74.3070047,Lahore,Punjab,Pakistan,,,
dea54e5c-3cab-5637-b6e9-f30304db8cff,2433364438,node,railway,station,بادامی باغ,,Badami Bagh,,,31.5960294,74.3171869,Lahore,Punjab,Pakistan,,,Q18346557
c4bb6b1f-e7cb-58bd-804c-f2161e5956af,4912575643,node,amenity,place_of_worship,Ghousia Masjid Lari Adda,,,,,31.5960038,74.3148795,Lahore,Punjab,Pakistan,,,
f5967785-e7d3-5c33-993b-abdcc4c3e127,7482071396,node,amenity,place_of_worship,مزار ابو الاثر حفیظ جالندھری,,Hafeez Jalandhari Shrine,,,31.5925527,74.313626,Lahore,Punjab,Pakistan,,,
492d7562-ce47-55ca-9c1a-291a71e03ab4,8398430231,node,amenity,place_of_worship,Ganj Bakhsh,,,,,31.5957081,74.3169624,Lahore,Punjab,Pakistan,,,
b762e42a-a27a-5fec-95a0-99766b5019a8,4912575632,node,amenity,bank,Habib Metropolitan Bank,,,,,31.6042359,74.3082271,Lahore,Punjab,Pakistan,,,
7a47b4e4-150f-5eb4-b653-7300e6c47d49,4912575633,node,amenity,bank,میزان بینک,میزان بینک,Meezan Bank,,,31.6037494,74.3086187,Lahore,Punjab,Pakistan,میزان بینک,,
72d07ced-5fb7-5eee-a65e-9e483cc01e72,4912575634,node,amenity,bank,Bank Alfalah Limited,,,,,31.603064,74.3092356,Lahore,Punjab,Pakistan,,,
65ea76e7-e4cf-5f66-b984-3f94a3bc7869,8398430240,node,amenity,place_of_worship,Grand,,,,,31.5986034,74.3083001,Lahore,Punjab,Pakistan,,,
11064f9b-1159-5057-8e60-650e5caaa8c2,8398430245,node,amenity,place_of_worship,Al Baqiyat Al Salihat,,,,,31.5990172,74.310918,Lahore,Punjab,Pakistan,,,
3ab2cb5d-ad9a-53a5-ba66-a754e03f24bd,8398430246,node,amenity,place_of_worship,,,,,,31.5999595,74.3087168,Lahore,Punjab,Pakistan,,,
dde20829-9d5e-53cd-b2ed-3fea724b5e6b,9313272809,node,place,village,قلعہ لچمن سنگھ,قلعہ لچمن سنگھ,Qila Lachman Singh,,,31.6003883,74.3102567,Lahore,Punjab,Pakistan,,,
f33014cb-40a8-518d-ae71-9f0d8a585205,4912575640,node,amenity,place_of_worship,Jamia Masjid Hanfia Siddiqia,,,,,31.6007695,74.3138135,Lahore,Punjab,Pakistan,,,
b1262299-510b-5c43-8805-ae1589cdbcce,4262432696,node,shop,bakery,Khalifa Bakers,,,,,31.5814461,74.322916,Lahore,Punjab,Pakistan,,,
0d25c3bc-c2df-566a-bd3f-471940124f25,4914789543,node,amenity,bank,The Bank of Punjab,,,,,31.5821775,74.3185762,Lahore,Punjab,Pakistan,,,
7b544f1e-4fb0-5425-a4d1-58f5a873b150,4914789544,node,amenity,post_office,,,,,,31.5818809,74.3187949,Lahore,Punjab,Pakistan,,,
054abc7a-af5c-5241-9d3c-2844e85ecd73,4914789545,node,amenity,bank,یونائیٹڈ بینک لمیٹڈ,یونائیٹڈ بینک لمیٹڈ,United Bank Limited,,,31.5795973,74.3182003,Lahore,Punjab,Pakistan,یونائیٹڈ بینک لمیٹڈ,,
220b9a45-6ac8-5377-841e-c25627a23cdf,4914789546,node,amenity,bank,The Bank of Khyber,,,,,31.5794425,74.3183451,Lahore,Punjab,Pakistan,,,
21458440-fc56-553e-9efd-74d280f69fe3,4914789547,node,amenity,bank,Askari Bank Ltd,,,,,31.5790487,74.3180832,Lahore,Punjab,Pakistan,,,
e65f9744-1589-5b15-bc2c-3bf46c5b9c7a,4914789551,node,amenity,bank,سمٹ بینک,سمٹ بینک,Summit Bank,,,31.5790199,74.3182711,Lahore,Punjab,Pakistan,سمٹ بینک,سمٹ بینک,
a49f94af-47ba-59d7-9aeb-e7d168cf3672,4938305322,node,shop,jewelry,Afzal Jeweler,,,,,31.5828312,74.3184224,Lahore,Punjab,Pakistan,,,
e8929b5e-eaec-523d-ab53-f5fcbcc01ae5,5027798123,node,tourism,attraction,Hajvary h/w,,Hajvary h/w,,,31.5795684,74.3180018,Lahore,Punjab,Pakistan,,,
cb53d31e-ec7a-5573-8fe7-9a2c25166401,5027816825,node,tourism,attraction,Tayya Majeed,,Tayya Majeed,,,31.5788351,74.3196285,Lahore,Punjab,Pakistan,,,
6ab4e77b-f38e-5e96-b6b9-bac8736e5cdc,7113819996,node,place,town,اندرون شہر,,Walled City,,,31.5831841,74.3184836,Lahore,Punjab,Pakistan,,,
c6f44dd9-848e-5827-b58f-d98302d72fd3,7123953185,node,shop,beauty,Bismillah Cosmetics,,,,,31.5787109,74.3184615,Lahore,Punjab,Pakistan,,,
8d78ac09-7afd-564b-87ea-43c0689b6f96,7824246103,node,amenity,place_of_worship,Nimaad Graan,,,,,31.5824691,74.3243063,Lahore,Punjab,Pakistan,,,
3f27cd66-e7c8-55e6-af0b-423c160e2e63,8389095476,node,tourism,attraction,Rang Mahal,,,,,31.5820691,74.3189435,Lahore,Punjab,Pakistan,,,
b07773ec-abb1-5b33-89bf-3c78b362a7f0,8389210061,node,amenity,place_of_worship,فاروق اعظم,,Farooq-e-Azam,,,31.5795046,74.3196891,Lahore,Punjab,Pakistan,,,
1e4c8e0d-52c7-5dab-87a8-f2fe3b622773,8396441325,node,amenity,place_of_worship,Ibrahim,,,,,31.5809804,74.3239304,Lahore,Punjab,Pakistan,,,
628fe2cf-dfb7-502c-a2ac-7b09a0bccbde,8398430273,node,amenity,place_of_worship,مزار سید احمد توختہ ترمذی,Shrine of  Syed Ahmed Tokhta Tirmizi,Shrine of Syed Ahmed Tokhta Tirmizi,,,31.5800806,74.3226079,Lahore,Punjab,Pakistan,,,
6082ff3a-a13c-5c52-88f3-7287e7ee6a89,8398430274,node,place,neighbourhood,محلہ شیعاں کشمیریاں,محلہ شیعاں کشمیریاں,Mohallah Shia’an Kashmirian,,,31.5798783,74.3228087,Lahore,Punjab,Pakistan,,,
bb009dd4-b798-5083-a5c5-a9c4e8eecd17,8400212939,node,place,neighbourhood,Mohalla Buzurg Shah,,,,,31.5846847,74.322158,Lahore,Punjab,Pakistan,,,
7ba15aa4-67d7-51bd-86df-265fc63d7501,8952413923,node,place,neighbourhood,Kucha Molvi Mohammad Bakhsh,,,,,31.5796657,74.3241611,Lahore,Punjab,Pakistan,,,
3ae9467f-c458-51f6-aa70-a669c0e29aed,8952413939,node,place,neighbourhood,Mohalla Pir Makki,,,,,31.5796048,74.3235538,Lahore,Punjab,Pakistan,,,
c71aebba-93d1-553a-844e-adc783be25e6,8952413975,node,place,neighbourhood,باغیچی صمدو,باغیچی صمدو,Bagheechi Samdho,,,31.5790348,74.3234316,Lahore,Punjab,Pakistan,,,
c5a0c80c-9fa8-5590-b798-a58b1d30e038,8952895094,node,place,neighbourhood,Kucha Khak Ruban,,,,,31.5850046,74.3214324,Lahore,Punjab,Pakistan,,,
40875003-dee6-5c24-b70f-6cbbb03e56f7,8953105406,node,place,neighbourhood,Kucha Tibbian,,,,,31.5829356,74.3181444,Lahore,Punjab,Pakistan,,,
15c0db75-39d3-5abe-ad5d-1fdf8321b1fe,8955503817,node,place,neighbourhood,Haingnan Gali,,,,,31.5825037,74.318067,Lahore,Punjab,Pakistan,,,
59df7cdf-d669-53a1-b733-437455e223b9,8955503818,node,place,neighbourhood,Kucha Dhoona,,,,,31.5822641,74.3181031,Lahore,Punjab,Pakistan,,,
b0eedee3-bc3b-52c8-9b41-7d2cbe6e06e6,8961046822,node,place,neighbourhood,کٹرہ والی شاہ,کٹرہ والی شاہ,Katra Wali Shah,,,31.5814708,74.3218887,Lahore,Punjab,Pakistan,,,
d1366020-353f-51a0-9450-818f48eb2b1b,8961046824,node,place,neighbourhood,Kucha Allah Wala Khan,,,,,31.5808985,74.3217918,Lahore,Punjab,Pakistan,,,
20cc6852-0213-5b1c-b996-be82193cb7cd,8961121824,node,place,neighbourhood,محلہ چلّہ بی بیاں,محلہ چلّہ بیبیاں,Mohallah Chehal Bibiyaan,,,31.5806213,74.3225296,Lahore,Punjab,Pakistan,,,
9c5db9ac-7c16-5fb0-977d-8451530daef4,8961121841,node,place,neighbourhood,Kucha Sheikh Wasawan,,,,,31.5814343,74.323252,Lahore,Punjab,Pakistan,,,
8065ea31-ff18-53df-89fe-2168d93909d4,8961121874,node,place,neighbourhood,چوہٹہ مفتی باقر,,Chohattah Mufti Baqar,,,31.5816595,74.323444,Lahore,Punjab,Pakistan,,,
1cc50834-062a-5b0b-8108-70b5fff20e84,8961121891,node,place,neighbourhood,Kucha Allah Jawaya,,,,,31.582128,74.3235857,Lahore,Punjab,Pakistan,,,
f066175f-ffc4-5f9f-abf8-28ddaa650be1,8961121892,node,place,neighbourhood,کوچہ حسین شاہ,,Kucha Hussain Shah,,,31.5827924,74.3239109,Lahore,Punjab,Pakistan,,,
b7bdb3de-8971-5d70-9f49-f1fc5262cb43,8961518748,node,place,neighbourhood,Kucha Kachiwan,,,,,31.5814954,74.3237853,Lahore,Punjab,Pakistan,,,
ebc108e9-295d-5f4f-ae23-7414b52ba6ec,8961518749,node,place,neighbourhood,خرادی محلہ,خرادی محلہ,Kharadi Mohallah,,,31.5816937,74.3240627,Lahore,Punjab,Pakistan,,,
2dc95fec-41fd-52e3-9aa4-38b3b5be785b,8961518750,node,place,neighbourhood,کٹرہ رحمان شاہ,کٹرہ رحمان شاہ,Katra Rehman Shah,,,31.5824956,74.3204548,Lahore,Punjab,Pakistan,,,
a21a6e03-4dcb-5f5e-b5f0-601e0db7219d,8961518751,node,place,neighbourhood,Katra Cheetewala,,,,,31.5821419,74.320577,Lahore,Punjab,Pakistan,,,
141e891f-d96c-5877-8dc3-e4d8d229a97d,8961518752,node,amenity,place_of_worship,قبر والی گلی,,,,,31.5819704,74.3208381,Lahore,Punjab,Pakistan,,,
874e8c6e-1bb8-59fb-a34a-3c181b27825a,8961518753,node,amenity,place_of_worship,,,,,,31.5820458,74.3203316,Lahore,Punjab,Pakistan,,,
0bd4ddc7-0b99-501c-9a89-6eb542a36d1e,8961518754,node,amenity,place_of_worship,,,,,,31.5827279,74.3195388,Lahore,Punjab,Pakistan,,,
fd415ca5-7a2c-5bb6-9623-3394709c6a3f,8961518755,node,amenity,place_of_worship,,,,,,31.5822441,74.3197628,Lahore,Punjab,Pakistan,,,
7f5b26eb-01e5-51e8-b5a2-73d353beed40,8961518756,node,amenity,place_of_worship,Allah Jawaya,,,,,31.58207,74.3235883,Lahore,Punjab,Pakistan,,,
f57d55c0-0b62-5441-b9bd-265d8ac68194,8961518757,node,amenity,place_of_worship,احسن,,Ahsan,,,31.5812602,74.3231605,Lahore,Punjab,Pakistan,,,
b5c88ea8-f3cb-59fe-a2e1-f0a360ec6242,8961518758,node,amenity,place_of_worship,ابراہیم خلیل,ابراہیم خلیل,Ibrahim Khalil,,,31.5813361,74.3234473,Lahore,Punjab,Pakistan,,,
c012b96c-44ed-5da3-9ac7-46198c3e7809,8961518759,node,amenity,place_of_worship,نمرہ,نمرہ,Nimrah,,,31.581431,74.3243185,Lahore,Punjab,Pakistan,,,
09bc2ab0-527f-5c80-9526-31d0e9d5a714,8961518760,node,amenity,place_of_worship,,,,,,31.5829159,74.3206628,Lahore,Punjab,Pakistan,,,
31c25c17-fbbf-5404-9ccd-4d987f143e6c,8961518761,node,amenity,place_of_worship,بابا رحمان شاہ,,,,,31.5824075,74.3203551,Lahore,Punjab,Pakistan,,,
eb8c8205-e8ac-5034-9ff6-a0cd135e183f,8961518762,node,amenity,place_of_worship,Sonewala,,,,,31.5823291,74.3205326,Lahore,Punjab,Pakistan,,,
a4ae05b3-3bc1-5776-b80b-1430fb5f4a4c,8961518763,node,amenity,place_of_worship,Katri Wasi,,,,,31.5831507,74.321415,Lahore,Punjab,Pakistan,,,
882edbd9-1322-5c8b-b72b-0ca11b5d28d8,8961518764,node,amenity,place_of_worship,,,,,,31.5831664,74.3219148,Lahore,Punjab,Pakistan,,,
8919f403-620b-50fb-964b-02b4a3969386,8961518765,node,amenity,place_of_worship,Nivi Gali,,,,,31.5831456,74.3222428,Lahore,Punjab,Pakistan,,,
ccd890cf-9a95-55af-b72b-9a16bb8e2d5a,8961518766,node,amenity,place_of_worship,,,,,,31.5830904,74.3225496,Lahore,Punjab,Pakistan,,,
3b9b407f-4ac2-5317-9cda-31b8df23e966,8961518767,node,amenity,place_of_worship,,,,,,31.5825409,74.3217159,Lahore,Punjab,Pakistan,,,
92b5546c-a7d5-5992-bd79-ff0584706bbd,8961518770,node,amenity,place_of_worship,Shah Murad,,,,,31.5820573,74.3223319,Lahore,Punjab,Pakistan,,,
8524c05e-ba8c-515b-bacd-a9d0c7d5d7ab,8961518771,node,amenity,place_of_worship,,,,,,31.5825541,74.3223159,Lahore,Punjab,Pakistan,,,
899af238-9a96-5f17-8057-b70eb0070763,8961518776,node,place,neighbourhood,Katra Wasi,,,,,31.5832261,74.3215635,Lahore,Punjab,Pakistan,,,
78b01474-2130-5a3b-a2ef-bd065f75aa1b,8961536045,node,place,neighbourhood,Katra Soneawala,,,,,31.5823868,74.3207347,Lahore,Punjab,Pakistan,,,
4630cc9a-a64e-5e95-a0b7-1b6ddf81a9ba,8961536076,node,place,neighbourhood,Marzayan Di Katri,,,,,31.5818034,74.32117,Lahore,Punjab,Pakistan,,,
f44e32fd-f3db-501e-b5e5-c11c51427193,8961584235,node,amenity,place_of_worship,حنفیہ تکیہ سادھواں,,Hanafira Takia Sadhuan,,,31.5813883,74.3213821,Lahore,Punjab,Pakistan,,,
5ef3dbc3-de49-5c49-93bc-b288d70cf899,8961584263,node,place,neighbourhood,Kucha Killi Khana,,,,,31.5818162,74.3194982,Lahore,Punjab,Pakistan,,,
b949dd96-2fa3-5bda-b6a1-1c69efa3920e,8961588463,node,place,neighbourhood,Kucha Mian Gaman,,,,,31.5797027,74.3213615,Lahore,Punjab,Pakistan,,,
2730b032-1ba0-5491-b613-945c4cf67404,8961808291,node,place,neighbourhood,Ahata Sarbuland,,,,,31.5835752,74.3240629,Lahore,Punjab,Pakistan,,,
bf9a7dc5-3b81-5ac4-ad6b-6d47a0b929be,9031673145,node,place,neighbourhood,Bazaar Billa Kabotarbaaz,,,,,31.5836731,74.3189573,Lahore,Punjab,Pakistan,,,
c2989b66-4a8f-53f9-83fe-7901217e7bec,9354965761,node,place,neighbourhood,تکیۂ سادھواں,تکیہ سادھواں,Takia Sadhuan,,,31.581301,74.3212066,Lahore,Punjab,Pakistan,,,
712bddb5-a752-5758-bbaf-a77379973828,9356746209,node,amenity,place_of_worship,,,,,,31.5785906,74.3232753,Lahore,Punjab,Pakistan,,,
91bd0442-8749-555f-a3a0-28b954429fa9,9356765060,node,amenity,post_office,رنگ محل پوسٹ آفس,رنگ محل ڈاک خانہ,Rang Mahal Post Office,,,31.5820573,74.3188684,Lahore,Punjab,Pakistan,,,
eddaa25c-2236-5d1e-9261-bcd625971ff4,9356765062,node,amenity,place_of_worship,چینیاں والی,چینیاں والی,Chinian Wali,,,31.5816166,74.3208265,Lahore,Punjab,Pakistan,,,
24cf2c45-8c2c-547f-a6b4-8e8a58e1ad4a,9357710312,node,place,neighbourhood,کوچہ ماشکیاں,,,,,31.5795682,74.3209058,Lahore,Punjab,Pakistan,,,
5f279b27-8836-5d46-bd11-65675d42f0e6,9390999609,node,place,neighbourhood,گوندی گلی,,Gondi Gali,,,31.5826034,74.3242258,Lahore,Punjab,Pakistan,,,
fb64d1d2-bc9c-559a-b7ff-a9fb10cf53bd,9391022970,node,place,neighbourhood,محلہ ککے زیاں,محلہ ککے زیاں,Mohalla Kakezian,,,31.5826316,74.3224366,Lahore,Punjab,Pakistan,,,
14340110-9726-54b6-8021-d97e333f3cde,9473038635,node,amenity,place_of_worship,عاشقان رسول,عاشقان رسول,Ashiqan-e-Rasool,,,31.5806114,74.3234845,Lahore,Punjab,Pakistan,,,
777acb0a-c7de-5854-a941-df12240d1433,9473038636,node,amenity,place_of_worship,خانقاہ جمال نفیس,خانقاہ جمال نفیس,Khanqah Jameel Nafees,,,31.5814333,74.3243577,Lahore,Punjab,Pakistan,,,
b4811f5d-f429-55db-a6cb-cb723149042a,9482795897,node,amenity,place_of_worship,مولانا تاج دین,,Maulana Taj Din,,,31.5835266,74.324249,Lahore,Punjab,Pakistan,,,
58e5dd8b-8f74-55ca-b4f8-e180d82c8a37,9885925160,node,amenity,place_of_worship,,,,,,31.5806863,74.3178875,Lahore,Punjab,Pakistan,,,
1fc5499d-b944-5472-8d79-35035a7b37ec,9885925169,node,amenity,place_of_worship,,,,,,31.5847025,74.3236887,Lahore,Punjab,Pakistan,,,
57b3b6bd-7abd-55b4-a9fd-649eae85ba68,9885925174,node,amenity,place_of_worship,,,,,,31.5836364,74.3182797,Lahore,Punjab,Pakistan,,,
493ebde6-9ee1-53ee-8d5c-04b20630ffe1,9885929129,node,amenity,place_of_worship,بلال,,Bilal,,,31.5795841,74.3232081,Lahore,Punjab,Pakistan,,,
ec5e9470-f515-5c75-9a4e-c0f530058129,9885929130,node,amenity,place_of_worship,جلال,,Jalal,,,31.5808956,74.3209651,Lahore,Punjab,Pakistan,,,
f300ba27-00f9-517d-a31e-deba670f8de9,9885929131,node,amenity,place_of_worship,,,,,,31.580456,74.3211986,Lahore,Punjab,Pakistan,,,
9316a4bc-ac02-557a-a381-a5af65954486,9885934498,node,amenity,place_of_worship,Imambara Bibi Saira,,,,,31.5787733,74.3221143,Lahore,Punjab,Pakistan,,,
70611238-f5f0-5072-9660-efa0b0a604d0,9898315716,node,shop,bakery,Khalifa Naan Shop,,,,,31.5834877,74.3240738,Lahore,Punjab,Pakistan,,,
f6a775bb-41c9-514a-a9f1-a5507630963b,4912814988,node,amenity,bank,جے ایس بینک,جے ایس بینک,JS Bank,,,31.5791213,74.3257525,Lahore,Punjab,Pakistan,جے ایس بینک,جے ایس بینک,
ea298552-1d84-5c77-8d6f-bb6f5423e5d7,4912814989,node,amenity,bank,NIB Bank,,,,,31.5792569,74.3258481,Lahore,Punjab,Pakistan,,,
1d9a25a1-8829-58c1-94b4-7410a05395de,4914581261,node,amenity,bank,ایچ بی ایل پاکستان,ایچ بی ایل پاکستان,Habib Bank Limited,,,31.5787285,74.3252528,Lahore,Punjab,Pakistan,ایچ بی ایل پاکستان,,
e123376f-2653-50f0-9c36-f96b2631a902,4914581262,node,amenity,bank,اسٹینڈرڈ چارٹرڈ,اسٹینڈرڈ چارٹرڈ,Standard Chartered,,,31.5785778,74.3251254,Lahore,Punjab,Pakistan,اسٹینڈرڈ چارٹرڈ,اسٹینڈرڈ چارٹرڈ,
6ecd7850-8747-5673-b955-38d31be5bf37,4914581263,node,amenity,bank,Summit Bank,,,,,31.5793165,74.3254227,Lahore,Punjab,Pakistan,,,
c0920b1d-d772-5a9e-a3a5-ef87208d4fd3,4914581264,node,amenity,bank,بينک الحبيب,بينک الحبيب,Bank Al Habib,,,31.5792185,74.3253325,Lahore,Punjab,Pakistan,بينک الحبيب,,
33927bda-d74b-5e13-b6df-fe310d1ffc30,4914581265,node,amenity,place_of_worship,Shrine of Shah Muhammad Ghous,,,,,31.5802855,74.326206,Lahore,Punjab,Pakistan,,,
d02b7943-7ba0-5353-947f-accd8acb7dbf,4914581266,node,amenity,bank,بینک الفلاح,بینک الفلاح,Bank Alfalah,,,31.5800582,74.3264969,Lahore,Punjab,Pakistan,بینک الفلاح,,
294ee705-7892-56a1-a048-36a090e91f96,4914581267,node,amenity,bank,The Bank Of Punjab,,,,,31.580622,74.3269747,Lahore,Punjab,Pakistan,,,
4c63c836-a31e-5e41-815f-e00b4c125d5b,4914581268,node,tourism,hotel,Khyber Hotel/Afridi Younas,,,,,31.5798607,74.3263641,Lahore,Punjab,Pakistan,,,
e8e386b0-9fb1-58c2-a746-71f6d3beb640,5013338021,node,tourism,attraction,ناصر پی/ایس,ناصر پی/ایس,Nasir P/S,,,31.5798834,74.3261464,Lahore,Punjab,Pakistan,,,
e97437bd-bc85-5dd6-8fc8-b897965c34b6,5259593880,node,healthcare,hospital,Mian Muhammad Nawaz Sharif Hospital,,,,,31.5845909,74.3269866,Lahore,Punjab,Pakistan,,,
88ea47cd-e0b2-5c0a-a1b6-d297e7ba5915,7244238685,node,shop,clothes,Landa Bazar Cloth Market,,,,,31.5807965,74.3301521,Lahore,Punjab,Pakistan,,,
3e2abafd-6c3d-5240-b2fb-12d9013cc85e,7482472682,node,amenity,police,Yakki Gate Police Station,,,,,31.5829738,74.3283227,Lahore,Punjab,Pakistan,,Punjab Police,
7b5cdd21-4430-5b8e-82e1-8c0594264488,8391186370,node,place,neighbourhood,محمدی محلہ,محمدی محلہ,Muhammadi Mohallah,,,31.5825473,74.3251602,Lahore,Punjab,Pakistan,,,
716be2d9-d4b6-535a-b526-492683a2bd08,8392441083,node,amenity,place_of_worship,,,,,,31.5815936,74.327467,Lahore,Punjab,Pakistan,,,
e362b9d5-82b1-5f8d-8dd5-7292b89f305d,8396341121,node,amenity,place_of_worship,Shrine of Sufi Din Muhammad,,,,,31.5830747,74.3257059,Lahore,Punjab,Pakistan,,,
bdf95e23-78c6-5b98-970d-c92576f619d5,8396341122,node,place,neighbourhood,چرخ گراں,چرخ گراں,Charkh Garan,,,31.5826932,74.3258744,Lahore,Punjab,Pakistan,,,
550e695f-7ee8-5f52-8af4-6ec1eba82a30,8398430292,node,amenity,place_of_worship,Shah Hamdan,,,,,31.5814875,74.3248761,Lahore,Punjab,Pakistan,,,
b7e4c5f5-4a4e-53d9-b232-184c515985e5,8400170347,node,amenity,place_of_worship,مدینہ,,Madina,,,31.5833125,74.3278991,Lahore,Punjab,Pakistan,,,
25fbab63-1387-54ef-b791-e7efcd0a3555,8400170348,node,amenity,place_of_worship,پیر ذکی شہید کے مزار,,Shrine of Zakki Pir Shaheed (body),,,31.5832189,74.3278584,Lahore,Punjab,Pakistan,,,
233ea326-e492-5740-bcc1-880ccd412864,8400170349,node,amenity,place_of_worship,Shrine of Zakki Pir Shaheed (head),,,,,31.583614,74.3279638,Lahore,Punjab,Pakistan,,,
58bd4216-71db-55ca-8aee-71bf1756b5ca,8413287658,node,amenity,place_of_worship,Hasneen,,,,,31.5798504,74.3285609,Lahore,Punjab,Pakistan,,,
44947e11-512d-5231-a2af-1a2660e841d6,8413287659,node,office,government,CIA Crime Investigation Office,,,,,31.5818545,74.3280814,Lahore,Punjab,Pakistan,,,
63d47738-93d6-57a5-aa26-86b72bee6813,8413287667,node,amenity,place_of_worship,Hanfia Nabwia,,,,,31.5822099,74.3282898,Lahore,Punjab,Pakistan,,,
0888659b-07f4-52b3-a704-978698fc3a1b,8413287668,node,shop,mobile_phone,Telenor Franchise,,,,,31.5827379,74.3288512,Lahore,Punjab,Pakistan,,Telenor,
946ff1a2-df12-51c1-b28e-b28d77643d23,8413287681,node,amenity,place_of_worship,Sabz,,,,,31.5828899,74.3302464,Lahore,Punjab,Pakistan,,,
e8357b57-0a2d-5e7e-8140-62d477508496,8952413855,node,place,neighbourhood,Kucha Maali Taili,,,,,31.5835588,74.3261402,Lahore,Punjab,Pakistan,,,
15d96a31-6aeb-5723-9e59-c9a69567c7bd,8952413867,node,place,neighbourhood,Haveli Mian Khan,,,,,31.5828556,74.3253779,Lahore,Punjab,Pakistan,,,
a0b40268-0636-58ac-ba9c-27e9b9d41438,8952413870,node,place,neighbourhood,Bairoon Dehli Gate,,,,,31.5819071,74.3269563,Lahore,Punjab,Pakistan,,,
eeeb1e7b-78a0-54f2-b12b-5c19de32b44f,8952413871,node,place,neighbourhood,Kucha Mian Khair Din,,,,,31.5839406,74.3279558,Lahore,Punjab,Pakistan,,,
0e04b44b-aae2-54c5-84e2-80ce5a0b3766,8952413872,node,place,neighbourhood,Anderoon Yakki Gate,,,,,31.5834429,74.3277685,Lahore,Punjab,Pakistan,,,
e04abaf4-6947-5006-81c6-f5dfd596b78d,8952413880,node,place,neighbourhood,Katra Neem Wala,,,,,31.5825889,74.3266657,Lahore,Punjab,Pakistan,,,
3e52d0eb-cf40-5e0b-b9b5-e2b3fbf49038,8952413881,node,place,neighbourhood,Kucha Deputy Aslam Shah,,,,,31.5833459,74.3273803,Lahore,Punjab,Pakistan,,,
6ee8d188-8887-517b-9d44-eee0597f3d86,8952895533,node,place,neighbourhood,Katri Mian Mohammad Nadir,,,,,31.5840165,74.3261369,Lahore,Punjab,Pakistan,,,
ea9d70a0-32ef-5f71-9c83-8b928e46a672,9322432361,node,amenity,place_of_worship,سفید,,Sufaid,,,31.5826816,74.3255386,Lahore,Punjab,Pakistan,,,
d6f5e0d6-d71c-5c49-99f1-75583098e6b0,9326438239,node,natural,tree,Nauchandi Jumerat Tree,,,,,31.5831637,74.325756,Lahore,Punjab,Pakistan,,,
0c2f50ea-f883-598c-b804-b71c74ac8708,9378552698,node,amenity,cafe,آغاٹی سٹور,,Agha Tea Store,,,31.5823611,74.3259162,Lahore,Punjab,Pakistan,,,
49f51142-924e-58e4-9c4a-4817d191ae8d,9378552699,node,shop,fabric,Atif Mushtaq Fabrics,,,,,31.5831026,74.3247008,Lahore,Punjab,Pakistan,,,
c2ffdbb5-3ca6-5547-a4dc-603e71c2b01c,9378565463,node,tourism,attraction,پتلی گلی,,Patli Gali,,,31.5826732,74.3259592,Lahore,Punjab,Pakistan,,,
1df17fd9-0abf-5d64-a808-af6851db15b9,9378565464,node,tourism,attraction,گلی سورجن سنگھ,,Gali Surjan Singh,,,31.5827404,74.3258062,Lahore,Punjab,Pakistan,,,
d8e19df4-04d6-5a81-b0e2-b975681f83d9,9482795898,node,amenity,place_of_worship,نلکے والی,,Nalkay Wali,,,31.5833235,74.3264502,Lahore,Punjab,Pakistan,,,
116189b9-0001-5f3f-9b1a-e1e616eea453,9482795899,node,amenity,place_of_worship,آستانہ عالیہ قادریہ عثمانیہ,,,,,31.5831044,74.3261935,Lahore,Punjab,Pakistan,,,
94efd2a9-64f9-5048-aae3-c89635955df9,9884420613,node,place,neighbourhood,Haveli Misran,,,,,31.5807942,74.3250733,Lahore,Punjab,Pakistan,,,
2a944aa6-4587-5a61-8a19-d03eb10c1bef,9885875161,node,amenity,place_of_worship,حکیم پیر بخش,,Hakim Pir Bakhsh,,,31.583576,74.3247816,Lahore,Punjab,Pakistan,,,
02f5ed18-57ba-501e-9c11-5449001d7e09,9885889698,node,amenity,place_of_worship,بی بی,,,,,31.584185,74.327541,Lahore,Punjab,Pakistan,,,
ddd9491c-ac71-5adb-add5-98bd47fa502c,12219898610,node,place,neighbourhood,سرائے سلطان,,Sarai Sultan,,,31.5787825,74.3306712,Lahore,Punjab,Pakistan,,,
185fbd08-678d-529c-a0ca-b70a664b651f,2952892667,node,amenity,police,Lari Adda Police Station,,,,,31.5912644,74.3188773,Lahore,Punjab,Pakistan,,,
558b56f8-89a2-53c0-859b-82c31cbc91aa,3275758381,node,amenity,place_of_worship,اقصی,اقصی,,,,31.5870382,74.3236244,Lahore,Punjab,Pakistan,,,
9e8bcdff-f41a-566c-ae32-cc882974423a,4341360948,node,shop,car_parts,Badami bagh auto market,,,,,31.5891256,74.3208821,Lahore,Punjab,Pakistan,,,
c5f84146-f67b-57a2-bdf3-74e34e5c001a,4914581282,node,amenity,place_of_worship,مولانا احمد علی لاہوری,,Maulana Ahmed Ali Lahori,,,31.5863538,74.3237393,Lahore,Punjab,Pakistan,,,
dcc5bdab-e752-5551-91d0-60cc8f9869cd,4914581283,node,amenity,bank,فیصل بینک,فیصل بینک,Faysal Bank,,,31.5881257,74.3203927,Lahore,Punjab,Pakistan,فیصل بینک,,
8f1e49fd-1781-594e-800d-cc2dfc5eadba,4914581284,node,amenity,bank,Askari Bank Limited,,,,,31.5886171,74.3190371,Lahore,Punjab,Pakistan,,,
b6b86365-218f-5bd7-b0b9-cbf34e82d787,5424208326,node,office,company,Sufi Steel Industries (Private) Limited,,,,,31.5915015,74.323404,Lahore,Punjab,Pakistan,,,
10941f42-8242-5db7-984a-fd99cd283dba,8389964098,node,place,neighbourhood,کٹری باوا,کٹری باوا,Katri Bawa,,,31.5868975,74.3194264,Lahore,Punjab,Pakistan,,,
487d87bd-d225-55d6-8451-b08468178dcb,8389964102,node,tourism,attraction,Chuna Mandi Havelis,,,,,31.5862771,74.3188485,Lahore,Punjab,Pakistan,,,
2e3c35c7-5c8e-5f30-b51b-e3ea8d59f472,8393323858,node,tourism,attraction,Mai Temple (abandoned),,,,,31.5870593,74.318272,Lahore,Punjab,Pakistan,,,
e0b70e80-3135-5bc3-acfd-0fcb5e5f4ed4,8400125458,node,amenity,place_of_worship,Ramazan,,,,,31.5863941,74.3208533,Lahore,Punjab,Pakistan,,,
995f3e08-79e5-54fb-a517-1e898dfa9a82,8400212937,node,amenity,place_of_worship,Kabootar Shah,,,,,31.5858359,74.3204407,Lahore,Punjab,Pakistan,,,
5062e209-bbcd-5813-a774-1f813d699e0e,8400212940,node,tourism,attraction,Remnants of Lahore City Wall,,,,,31.586682,74.3224144,Lahore,Punjab,Pakistan,,,
fb27b885-7eba-5c58-a528-80379c03fa1e,8952395642,node,place,neighbourhood,Line Subhan Khan,,,,,31.5860502,74.3235021,Lahore,Punjab,Pakistan,,,
f24f0ae5-0f4d-5771-84a0-6f6e98904c14,8952416382,node,place,neighbourhood,Kucha Rajputan,,,,,31.5861135,74.3208247,Lahore,Punjab,Pakistan,,,
92b2cd96-5acb-5c4a-b923-d71ff319c593,8952416390,node,place,neighbourhood,Mohalla Khizri,,,,,31.5854717,74.3232401,Lahore,Punjab,Pakistan,,,
eae34156-3021-5baa-9fd7-d34effb82549,8952855444,node,place,neighbourhood,Murad Ali Shah,,,,,31.5874247,74.3184519,Lahore,Punjab,Pakistan,,,
94f696c0-2154-530f-b9fd-e83b741884de,8952855455,node,place,neighbourhood,Kucha Masoom Ali Shah,,,,,31.5871975,74.3190682,Lahore,Punjab,Pakistan,,,
38a60a94-0726-52e9-83b2-89078d383c7b,8952855667,node,place,neighbourhood,Kucha Bahadurdin,,,,,31.5855091,74.3180306,Lahore,Punjab,Pakistan,,,
412e9807-84c3-509f-8fb9-665f54a07fe0,8952895091,node,place,neighbourhood,Rara Tailiyaan,,,,,31.5855212,74.3214911,Lahore,Punjab,Pakistan,,,
45c519ad-33b6-5b0f-b2ad-57786e59d31e,9391612842,node,historic,ruins,Bangla Ayub Shah,,,,,31.5866328,74.3214215,Lahore,Punjab,Pakistan,,,
2c4bf84e-fad7-5255-8002-af07542a432a,9885925173,node,amenity,place_of_worship,,,,,,31.5856033,74.3196474,Lahore,Punjab,Pakistan,,,
f6081ed5-ea8a-57a2-b860-ba8b347dbd3a,9898528542,node,amenity,place_of_worship,Ibrahim,,,,,31.5893964,74.3209716,Lahore,Punjab,Pakistan,,,
5233e687-eb6e-549c-ab5d-336ad3207370,304952901,node,place,neighbourhood,,,,,,31.5888815,74.3277563,Lahore,Punjab,Pakistan,,,
a44063ae-f85a-5a92-b7c5-a7f415bc7d25,4914581281,node,amenity,fuel,شیل,شیل,Shell,,,31.5862695,74.3257369,Lahore,Punjab,Pakistan,شیل,,
9291cb55-659c-5c96-9394-6f9939cde346,5260182540,node,healthcare,hospital,Rabia Welfare Hospital,,,,,31.589899,74.3287333,Lahore,Punjab,Pakistan,,,
7af067aa-76f1-5c97-b1a1-0c95bb270441,7113793028,node,place,suburb,مصری شاہ,مصری شاہ,Misri Shah,,,31.5876734,74.3270395,Lahore,Punjab,Pakistan,,,
96b0d7b3-afa1-5f11-9eac-c03ed73c0586,8396280052,node,amenity,place_of_worship,Maulana Ahmad Ali Lahori,,,,,31.5863168,74.3301999,Lahore,Punjab,Pakistan,,,
2ca8c90e-fce1-5d41-ac37-eeda17f1de0d,8396280053,node,amenity,place_of_worship,Nimrah,,,,,31.5855219,74.3302259,Lahore,Punjab,Pakistan,,,
7f227496-5fdf-5c09-a1bf-6fa5dd60d8ad,8396280054,node,amenity,place_of_worship,Shrine of Baba Chutanki Peer Sarkar,,,,,31.5858943,74.3293583,Lahore,Punjab,Pakistan,,,
a9f323c6-8dab-572d-990e-07ac81b82874,8952416411,node,place,neighbourhood,Nawan Mohalla,,,,,31.5858081,74.3248229,Lahore,Punjab,Pakistan,,,
9aa64b62-ceb0-57d0-a319-10219c40f2f6,9885925170,node,amenity,place_of_worship,,,,,,31.5855262,74.3250981,Lahore,Punjab,Pakistan,,,
d74817a9-b083-54c4-821e-6f6d4e57d70d,7113812207,node,place,suburb,نولکھا,نولکھا,Naulakha,,,31.5790278,74.3314726,Lahore,Punjab,Pakistan,,,
563a4ba8-a59a-5e62-9c3d-ef28483e9737,7113817110,node,place,suburb,فیض باغ,فیض باغ,Faiz Bagh,,,31.582972,74.3362347,Lahore,Punjab,Pakistan,,,
d6f90884-3463-583b-9b4f-ee18571e9d16,8396280066,node,amenity,place_of_worship,Bab-e-Jannat,,,,,31.5841071,74.3328728,Lahore,Punjab,Pakistan,,,
50e97954-19ad-5bc3-8414-01b4e4e47a7c,8396280067,node,amenity,place_of_worship,Salvation Army Church,,,,,31.5818921,74.3346992,Lahore,Punjab,Pakistan,,,
8cdf4f91-4bff-5ff1-af0e-903f0c6b06e1,8396280068,node,amenity,place_of_worship,ضیاء,,Zia,,,31.5823956,74.3348344,Lahore,Punjab,Pakistan,,,
3f173408-7072-5633-9ce5-52040fceed30,8396280086,node,amenity,post_office,Faiz Bagh GPO,,,,,31.5840591,74.3354627,Lahore,Punjab,Pakistan,,,
789b0df0-1750-5e03-ba57-b056e896611c,8396280094,node,amenity,place_of_worship,Sultani,,,,,31.5832737,74.3424733,Lahore,Punjab,Pakistan,,,
67f447c4-05dc-5d3c-a485-7ec3d01d581c,8396280095,node,amenity,police,Misri Shah Police Station,,,,,31.5842145,74.34232,Lahore,Punjab,Pakistan,,,
5c733a8e-d7e1-53de-ace7-26ecceb13dfa,5255562364,node,healthcare,hospital,Tariq Hospital,,,,,31.5854742,74.3361973,Lahore,Punjab,Pakistan,,,
f118468b-74f4-5986-84e5-16ee17e94971,5255562365,node,healthcare,hospital,قومی ہسپتال اور میڈیکل سینٹر,,,,,31.5869836,74.3370342,Lahore,Punjab,Pakistan,,,
7c5aaf12-83af-50d9-82b4-4451bd93e8a8,8396280055,node,amenity,place_of_worship,Lal,,,,,31.5870701,74.3313281,Lahore,Punjab,Pakistan,,,
15bb118c-6c69-51d2-ace9-0106c119fa52,11347645228,node,amenity,place_of_worship,سفید,,,,,31.5888583,74.3311757,Lahore,Punjab,Pakistan,,,
05d575b4-7fc2-5272-8e53-63efc013a0c7,11347667246,node,amenity,place_of_worship,مدینہ,,,,,31.5893548,74.33272,Lahore,Punjab,Pakistan,,,
09b3692b-4d27-537f-9af0-9b76ab6428ee,11347667247,node,amenity,place_of_worship,حنیفیہ,,,,,31.5888578,74.3354399,Lahore,Punjab,Pakistan,,,
c45d2cb1-0df2-5167-9d7c-904ac63c6175,11347667248,node,amenity,place_of_worship,Sufi Allah Dita,,,,,31.5884101,74.3362628,Lahore,Punjab,Pakistan,,,
a6ef8ba5-363a-568d-b33a-7c2ac3016d76,3436278358,node,amenity,cafe,,,,,,31.5873751,74.339805,Lahore,Punjab,Pakistan,,,
c092d50e-6d0b-5054-9741-8df4944c7f68,5255562363,node,healthcare,hospital,Hameed Latif Hospital Misri Shah Branch,,,,,31.5855462,74.3378224,Lahore,Punjab,Pakistan,,,
254c8bfb-95f8-56c6-bf14-d075a322f9e4,5323556322,node,tourism,attraction,asad tobecco atif sm,,,,,31.5906013,74.3386489,Lahore,Punjab,Pakistan,,,
9ee33657-9c15-5cc9-9bdc-cb59150f63cd,7113832906,node,place,suburb,چاہ میراں,چاہ میراں,Chah Miran,,,31.5869365,74.3429976,Lahore,Punjab,Pakistan,,,
5101871b-b812-5e6d-97fa-d4261f75640a,7113920472,node,place,suburb,وسن پورہ,وسن پورہ,Wassanpura,,,31.5909374,74.3392199,Lahore,Punjab,Pakistan,,,
d1e5cee2-6767-530f-9e71-40862aae7017,8319114817,node,tourism,artwork,Abrar Racks,,,,,31.5885129,74.3416351,Lahore,Punjab,Pakistan,,,
e6534224-38f5-59a0-8d53-9e4ed1be9183,8396280113,node,amenity,place_of_worship,The Lord Jesus Christ Ministries Church,,,,,31.5857038,74.3398778,Lahore,Punjab,Pakistan,,,
7bd10e07-27e6-509c-a137-bfb3395a0f0f,5862365616,node,amenity,place_of_worship,Panj Pir Mosque,,,,,31.5974667,74.3190379,Lahore,Punjab,Pakistan,,,
8de4e03b-2028-5210-bd5c-83213d5b23e8,5862365617,node,historic,monument,Old Lal Temple,,,,,31.5979198,74.3188948,Lahore,Punjab,Pakistan,,,
833558d9-d337-517c-95ba-1f4f8a613247,304952759,node,place,suburb,بادامی باغ,بادامی باغ,Badami Bagh,,,31.6024546,74.3194736,Lahore,Punjab,Pakistan,,,
a7c0fb4e-baca-50f3-8e16-84491ce9e660,11620234731,node,place,suburb,بیلہ بستی رام,بیلہ بستی رام,Bela Basti Ram,,,31.5994178,74.3200813,Lahore,Punjab,Pakistan,,,
4ebf58e9-65d9-5249-be0b-76736b9c1240,11621433836,node,place,neighbourhood,داتا نگر,,Data Nagar,,,31.5986328,74.3190645,Lahore,Punjab,Pakistan,,,
c14b4368-7e35-505d-a657-a2380767bda3,7608749685,node,shop,car_repair,Ashraf Machinery,,,,,31.5997083,74.3267961,Lahore,Punjab,Pakistan,,,
761f01a3-182e-5d7b-9bde-b1d57b2b7ea4,304952983,node,amenity,parking,Shad Bagh,,,,,31.5981297,74.3341065,Lahore,Punjab,Pakistan,,,
72bc3e5a-cd46-5fe3-8540-6a7e5b4c20eb,7113935997,node,place,suburb,تاج پورہ,تاج پورہ,Tajpura,,,31.5952829,74.3367586,Lahore,Punjab,Pakistan,,,
b5eedc95-687f-5cc9-9fb6-d33367f2aff7,4537330494,node,tourism,guest_house,Api house,,,,,31.5977889,74.3394917,Lahore,Punjab,Pakistan,,,
d6c6d686-1584-5ca9-b0bb-af8777a48c31,3022250194,node,place,suburb,شاد باٰغ,شاد باغ,Shad Bagh,,,31.5994529,74.3379943,Lahore,Punjab,Pakistan,,,
c6e194be-4f48-5f89-9ee0-d0a2c4dd9fb2,4447044390,node,shop,electronics,,,,,,31.5994739,74.3434863,Lahore,Punjab,Pakistan,,,
5a72ec13-5c73-582b-ac94-f3a387f5722d,8397668490,node,amenity,restaurant,Tanali Food,,,,,31.5992038,74.3422556,Lahore,Punjab,Pakistan,,,
d810074c-d26d-5555-9bd0-e81063136df9,8397668494,node,amenity,place_of_worship,Firdous,,,,,31.6020231,74.3396554,Lahore,Punjab,Pakistan,,,
16da77d6-8228-5e6a-8776-0e920f4bfd7c,2442864794,node,shop,clothes,Mayur Jeans,,,,,31.6099039,74.2930916,Lahore,Punjab,Pakistan,,,
ea291e38-8d65-5604-b8c1-77ab9249fb81,3823155131,node,tourism,attraction,Kamran Bara Dari,,,,,31.6066751,74.2933514,Lahore,Punjab,Pakistan,,,
eb08e7ff-dd56-5b3f-bd31-5c2dd68bab20,7482806583,node,amenity,place_of_worship,Sultania,,,,,31.6057005,74.2917459,Lahore,Punjab,Pakistan,,,
6591b42b-31cf-5602-8e09-282cc465fdbc,8720980180,node,historic,monument,Shrine of Ghulam Muhammad Awan,,,,,31.605847,74.2917659,Lahore,Punjab,Pakistan,,,
8584b293-0dea-5bc8-918f-b1557a975448,4912575621,node,amenity,place_of_worship,مسجد بلال,مسجد بلال,Bilal Masjid,,,31.6073853,74.3032805,Lahore,Punjab,Pakistan,,,
7c9de865-eafd-5268-b632-408d311d8000,4910219646,node,amenity,fuel,Al Raza Filling Station,,,,,31.6144103,74.2918055,Lahore,Punjab,Pakistan,,,
5ed298d8-70bb-5a91-a04b-f65bf7e423ed,4910219647,node,amenity,place_of_worship,Jamia Masjid Nimrah Hanfi,,,,,31.6145731,74.2929982,Lahore,Punjab,Pakistan,,,
e791a1b7-8e35-5c4d-b309-2be6148e5728,4910219649,node,tourism,hostel,Hotel Ravi View,,,,,31.6146273,74.2916639,Lahore,Punjab,Pakistan,,,
ae41a917-2940-500e-b73d-5c6ebc95a9d2,4910219650,node,amenity,place_of_worship,Jamia Masjid Fatima,,,,,31.612412,74.2936388,Lahore,Punjab,Pakistan,,,
4e396b20-e76e-5b59-ab5a-fcf3cdc6dd00,4910219685,node,amenity,place_of_worship,Amar Bil Maroof,,,,,31.6141086,74.2996934,Lahore,Punjab,Pakistan,,,
17b3ca96-9108-596d-9df7-324a49ccb4ac,4912575624,node,amenity,restaurant,Qadri Charsi Tikka Dumba Karahi,,,,,31.6061299,74.3065787,Lahore,Punjab,Pakistan,,,
d7155390-1f8a-598b-b0a6-cec8eeb6899e,4912575625,node,amenity,restaurant,Shinwari Dumba karahi & Tikka,,,,,31.606062,74.3072742,Lahore,Punjab,Pakistan,,,
271d4675-89eb-5cbc-af2e-0bb748902bbd,4912575626,node,amenity,restaurant,Ilyas Dumba Karahi,,,,,31.6056521,74.3067734,Lahore,Punjab,Pakistan,,,
e68ea1ce-24a9-58b4-95f8-9757029f446b,4912575627,node,amenity,restaurant,Dumba Karahi - Truck Adda,,,,,31.6054577,74.3069468,Lahore,Punjab,Pakistan,,,
531a87ea-3239-556f-a7ab-5aecc2980d97,4912575628,node,amenity,restaurant,Jamshed Karahi,,,,,31.6056174,74.3076582,Lahore,Punjab,Pakistan,,,
473f87d9-7606-532f-9098-ed4336f5f318,4912575629,node,amenity,restaurant,Lasani Plaza,,,,,31.6054471,74.3077626,Lahore,Punjab,Pakistan,,,
11ada607-d963-5e1c-ab01-69a4ef38e458,4912575630,node,amenity,restaurant,Shinvari Hotel,,,,,31.6055472,74.3057889,Lahore,Punjab,Pakistan,,,
26a9a96d-0648-5ede-ae87-50469be56da9,4912575631,node,amenity,restaurant,Ghani Shinwari,,,,,31.6055358,74.3056173,Lahore,Punjab,Pakistan,,,
28a12374-b160-52ae-8122-947a441804b3,9313272810,node,place,neighbourhood,حنیف پارک,حنیف پارک,Hanif Park,,,31.6058851,74.3129511,Lahore,Punjab,Pakistan,,,
1ccdf9cf-2706-5017-baff-25431f0f8d67,8059385849,node,tourism,guest_house,Forest Rest House,,,,,31.6162772,74.3047711,Lahore,Punjab,Pakistan,,,
fe585a46-8bdf-5f19-9ae9-c8d1a8bf90ea,4355184489,node,shop,car_repair,Bike mechanics,,,,,31.6229686,74.2947653,Lahore,Punjab,Pakistan,,,
79649673-82c5-5253-a737-c62f039830cd,4910585747,node,amenity,townhall,Sangeet Banquet Hall,,,,,31.6234557,74.2950082,Lahore,Punjab,Pakistan,,,
c4d4d5e6-fad5-51f1-8b8f-e7cb6fbb024d,4910585748,node,amenity,cafe,Dory Bakers and Sweets,,,,,31.6233429,74.2943826,Lahore,Punjab,Pakistan,,,
65865152-73ec-5ff4-ab73-f6ed8836594c,4910585751,node,amenity,restaurant,BBQ Take Away,,,,,31.6235611,74.2956488,Lahore,Punjab,Pakistan,,,
aa6f4b00-f8c4-55b2-837c-4a42cdf4751d,4933932122,node,tourism,attraction,Entry gate,,Entry gate,,,31.6226135,74.2932509,Lahore,Punjab,Pakistan,,,
3e162a42-c7ca-56e2-9299-22a800d9d537,7482771648,node,amenity,parking,,,,,,31.6213311,74.2998121,Lahore,Punjab,Pakistan,,,
1a68aebb-20f5-56e5-bd26-7b17b176ed1c,9738903417,node,tourism,attraction,Wall of tomb complex (not an entrance),,,,,31.6226121,74.3057308,Lahore,Punjab,Pakistan,,,
7afb1c92-f8e4-5977-b6b8-8a7427d8ebac,3070087747,node,amenity,fuel,,,,,,31.6089648,74.3207663,Lahore,Punjab,Pakistan,,,
48bde0da-7797-5209-b947-38c3d64afd48,7116390674,node,amenity,place_of_worship,Shrine of Pir Ronki,,,,,31.6077446,74.3382399,Lahore,Punjab,Pakistan,,,
370c16e9-88a0-5771-b635-e8a148278e53,5323556321,node,tourism,artwork,bismilah ks. atif area start,,,,,31.5833469,74.3463015,Lahore,Punjab,Pakistan,,,
c5a04476-74ae-5122-8089-0a3e86ba6fc4,5869419582,node,amenity,place_of_worship,Shrine of Ghoray Shah,,,,,31.5835245,74.3496375,Lahore,Punjab,Pakistan,,,
3c553851-17af-5050-a0d3-b716354ed549,12251597195,node,place,suburb,سوامی نگر,سوامی نگر,Swami Nagar,,,31.5798703,74.3478772,Lahore,Punjab,Pakistan,,,
17d2cd96-7688-5fdf-a862-97549cdb2fea,5260103794,node,healthcare,hospital,City Hospital,,,,,31.5868674,74.346845,Lahore,Punjab,Pakistan,,,
b6aed32a-a386-5535-b021-642973930c39,8396280114,node,amenity,place_of_worship,Nomania,,,,,31.58636,74.3454272,Lahore,Punjab,Pakistan,,,
a384c96c-a0cb-558b-9955-1e7a596a2a7a,7116396117,node,amenity,place_of_worship,Ghousia,,,,,31.5948422,74.3489732,Lahore,Punjab,Pakistan,,,
796a719f-758e-5069-be85-8095f9fc5b45,11621601892,node,place,neighbourhood,Bhaman,,,,,31.6062538,74.3496328,Lahore,Punjab,Pakistan,,,
3ba8451d-edaa-5a73-8a2f-e104907716ba,11620211633,node,place,suburb,جُھگیاں جوڈھا,,Jhuggian Jodha,,,31.6177436,74.3455348,Lahore,Punjab,Pakistan,,,
d34f2df7-7bba-5612-8013-f97f02a2c4b2,334400304,way,leisure,park,Main Park Gulshan-e-Ravi,,,,,31.5512355,74.2782959,Lahore,Punjab,Pakistan,,,
59c9d89a-870c-5bb0-9dfb-9d7bf81a81f8,334400306,way,leisure,park,Moon Market Park,,,,,31.5506458,74.2815883,Lahore,Punjab,Pakistan,,,
e91eebb2-ecc8-599d-a5c2-fb371540bc6d,905357069,way,landuse,commercial,PTCL Exchange,,,,,31.5518239,74.2826845,Lahore,Punjab,Pakistan,,,
828dc958-f25e-5cd9-a9e6-404db7775a7d,1417455185,way,shop,supermarket,Imtiaz Mega Gulshan-e-Ravi,,,,,31.5507708,74.2806047,Lahore,Punjab,Pakistan,,,
30cc20bb-0b48-5766-b3ab-17d0f288e500,260252197,way,amenity,place_of_worship,Jamia Masjid Barkhurdaran,,,,,31.5512606,74.2914713,Lahore,Punjab,Pakistan,,,
3538febf-b0b5-5f55-b343-a59882c04c23,414263561,way,leisure,park,Ya Rasool Allah Park,,,,,31.5529937,74.2829354,Lahore,Punjab,Pakistan,,,
285c5a24-243f-5adc-9e41-187575d6c0b9,545754582,way,leisure,park,Tauheed Park,,,,,31.5532207,74.2896334,Lahore,Punjab,Pakistan,,,
3c63c20b-4b57-51f4-85a4-ff2453a2097a,620987147,way,landuse,cemetery,Panj Pir Cemetery,,,,,31.5552677,74.2860501,Lahore,Punjab,Pakistan,,,
cecbe47a-7807-5a8d-a072-18bfdaa5bede,620987148,way,amenity,place_of_worship,Panj Pir Shrine,,,,,31.5553207,74.2859607,Lahore,Punjab,Pakistan,,,
87830b3c-46d6-5a24-8345-68b37947b2da,620987149,way,amenity,place_of_worship,Shrine of Bari Pir,,,,,31.5564372,74.2869773,Lahore,Punjab,Pakistan,,,
409bae8c-9a5a-5084-a762-b02da01fe3ce,620987150,way,amenity,place_of_worship,Shrine of Joy Shah,,,,,31.5563651,74.2898834,Lahore,Punjab,Pakistan,,,
2f76d25b-df9e-5765-b6b5-2456ec00146b,618373690,way,place,suburb,اسلام پورہ,اسلام پورہ,Islampura,,,31.5659588,74.2957314,Lahore,Punjab,Pakistan,,,
6a538772-2b61-59d2-bb0a-72aa511063e2,620985807,way,amenity,place_of_worship,Shrine of Baba Syed Mehmood Shah Wali Bukhari,,,,,31.5637292,74.2849444,Lahore,Punjab,Pakistan,,,
1d8e9223-fd54-559d-b899-6215de223df8,905357045,way,landuse,cemetery,Sanda Graveyard,,,,,31.5616556,74.2911311,Lahore,Punjab,Pakistan,,,
a848c3eb-85cc-5819-9eed-21a9f8da8ae9,905357046,way,leisure,park,National Park,,,,,31.5605277,74.2909959,Lahore,Punjab,Pakistan,,,
fa28f091-45d1-5b81-826d-507b713b717b,905357047,way,leisure,park,Jahangir Town Park,,,,,31.5597976,74.2905607,Lahore,Punjab,Pakistan,,,
3f2c441a-34f9-5cbc-87ea-0fcafd60e008,618373659,way,place,suburb,سنت نگر,,Sant Nagar,,,31.5713723,74.2953865,Lahore,Punjab,Pakistan,,,
b421a0cf-9e3d-5ef6-aa99-c2bff365a7ab,620985437,way,leisure,park,Rehman Park,,,,,31.5670864,74.2918777,Lahore,Punjab,Pakistan,,,
c1243fbd-58b7-5aca-a53a-7960105648c0,762987123,way,landuse,industrial,OzPak Workshop,,,,,31.5730412,74.2919184,Lahore,Punjab,Pakistan,,,
e9e819e5-9ded-5ea0-a452-5c1bee731888,762987124,way,landuse,commercial,WASA LDA Hydrology Directorate,,,,,31.5723073,74.2904496,Lahore,Punjab,Pakistan,,,
c6d031b0-359d-52ca-9561-beebf8e222ec,708463868,way,leisure,park,,,,,,31.5753243,74.2810092,Lahore,Punjab,Pakistan,,,
1cce4695-ab46-5991-8d25-668b9b91c398,334404407,way,landuse,cemetery,Shah Saleh Muhammad Cemetery,,,,,31.5747273,74.2875347,Lahore,Punjab,Pakistan,,,
7576e440-965f-5542-87bd-4848212344ae,620988200,way,amenity,place_of_worship,Shrine of Shah Saleh Muhammad,,,,,31.5752143,74.2882666,Lahore,Punjab,Pakistan,,,
8df24818-428d-5dd7-8eb8-def438cd0906,620988201,way,leisure,park,Masum Park,,,,,31.575004,74.2886398,Lahore,Punjab,Pakistan,,,
65f90451-4ba0-5006-b0cb-2c05bdc40eb6,762987125,way,healthcare,hospital,Mian Munshi Hospital Lahore,,,,,31.5763466,74.2876514,Lahore,Punjab,Pakistan,,,
b9e5d3a9-27b1-558e-a674-1f06bd0fb172,611926128,way,railway,station,Chauburji,,,,,31.5523541,74.302779,Lahore,Punjab,Pakistan,,Lahore Metro,
cfef34d5-122c-54e9-8931-49c4a78f2f17,905357071,way,leisure,park,Rahmat Garden,,,,,31.5525577,74.3003205,Lahore,Punjab,Pakistan,,,
9d61af41-8209-5ec1-9b35-081d84030c79,905357070,way,amenity,place_of_worship,Al-Hilal,,,,,31.5516071,74.2985819,Lahore,Punjab,Pakistan,,,
aff6b86a-2466-5a36-aedb-5fb0d62cc35f,905357072,way,leisure,park,Poonch House Ground,,,,,31.55172,74.3034397,Lahore,Punjab,Pakistan,,,
1ba40373-323f-5c49-9711-51853297e141,1078951947,way,amenity,place_of_worship,Miani Sahib Eidgah and Janazgah,,,,,31.5514023,74.3074147,Lahore,Punjab,Pakistan,,,
3becbca5-e017-57d6-873e-122cab2f87be,617277466,way,amenity,place_of_worship,Badri (Dawoodi Bohra),,,,,31.5509202,74.3243959,Lahore,Punjab,Pakistan,,,
a739340d-08a8-58c7-8d78-3d03c77981ca,290079715,way,amenity,place_of_worship,Central Cathedral of Praying Hands,,,,,31.5502977,74.3203949,Lahore,Punjab,Pakistan,,,
20dc10b7-45cc-5e85-9046-e8ba8598d867,383931836,way,leisure,park,Rameeza Park,,,,,31.5510985,74.3236247,Lahore,Punjab,Pakistan,,,
d00f8315-a254-5c82-b3c1-e4e9c267423a,762198682,way,amenity,place_of_worship,Bishop Rockey,,,,,31.5508145,74.3200985,Lahore,Punjab,Pakistan,,,
48b41b68-c3b4-565d-9e48-24594ce20634,904354203,way,amenity,place_of_worship,Tauheed,,,,,31.5518175,74.3187365,Lahore,Punjab,Pakistan,,,
138ae225-6ff4-5477-aab3-b733f1df815d,234411556,way,leisure,swimming_pool,,,,,,31.5522821,74.3384808,Lahore,Punjab,Pakistan,,,
6e68bcb0-c324-5417-aa19-4c5840e0d1d5,234411557,way,amenity,parking,,,,,,31.5515934,74.339166,Lahore,Punjab,Pakistan,,,
745a81a9-b5a8-510a-bde6-24de779f6f8a,234411558,way,tourism,hotel,Pearl Continental Hotel,,,,,31.5522711,74.3381355,Lahore,Punjab,Pakistan,,,
a68ec131-ff07-5a63-bfab-cf0aec3cf71f,618635251,way,leisure,pitch,Lawrence Cricket Ground,,,,,31.5521202,74.3326997,Lahore,Punjab,Pakistan,,,
4d1695bd-3382-5466-bf86-92837127c1e6,620976934,way,place,neighbourhood,Patiala House Colony,,,,,31.5513073,74.3369418,Lahore,Punjab,Pakistan,,,
ed868aea-cc6b-5be5-a7ab-9a5abb9ddf2c,334123481,way,leisure,park,Muhammadi Park,,,,,31.5584626,74.2945081,Lahore,Punjab,Pakistan,,,
b0006a0e-0871-5f76-922d-be76a6f9b3ca,613593195,way,amenity,place_of_worship,Shrine of Shadi Shah,,,,,31.5571869,74.2971787,Lahore,Punjab,Pakistan,,,
f19275b8-6562-5c98-bada-4e87c7a61dc8,660880481,way,leisure,park,Bilal Park,,,,,31.5560122,74.2966165,Lahore,Punjab,Pakistan,,,
9faaa772-0a02-5f0e-96e9-80db42ec60cf,660880482,way,leisure,park,Bilal Park,,,,,31.5552299,74.2973781,Lahore,Punjab,Pakistan,,,
1d9da2e8-3596-5120-82d7-5e50bb2a9461,762198666,way,leisure,park,Munnu Bhai Park,,,,,31.5582549,74.3034338,Lahore,Punjab,Pakistan,,,
82dd1675-6e1d-5d39-bf48-57202466cfb3,762198672,way,landuse,commercial,Anjuman Himayat-e-Islam Orphanage,,,,,31.5566229,74.3027609,Lahore,Punjab,Pakistan,,,
31173529-96b6-5d83-ae8b-f980e294a14b,291407215,way,leisure,park,,,,,,31.5541288,74.304866,Lahore,Punjab,Pakistan,,,
60fd401a-9bde-5063-bf90-131db476036a,334123920,way,amenity,place_of_worship,Ahle Hadees,,,,,31.5587758,74.2942211,Lahore,Punjab,Pakistan,,,
c758274b-f98e-587f-b397-9f0e7427511b,607507684,way,historic,monument,,,,,,31.5539912,74.3046675,Lahore,Punjab,Pakistan,,,
30a4b149-7675-5286-91c8-443da53b6f1c,607871651,way,place,neighbourhood,Rajgarh,,,,,31.5592314,74.2981348,Lahore,Punjab,Pakistan,,,
03e8fabd-b96b-51b2-b817-825d8a55aae1,607871652,way,place,neighbourhood,ریواز گارڈن,ریواز گارڈن,Rivaz Garden,,,31.5588817,74.3031998,Lahore,Punjab,Pakistan,,,
b0415888-4fea-53e6-a157-b8302db21655,611907246,way,place,neighbourhood,راج گڑھ,راج گڑھ,Rajgarh,,,31.5595531,74.2984969,Lahore,Punjab,Pakistan,,,
158e4de3-ac8c-55ff-94e6-c5616d221de1,611907249,way,amenity,courthouse,Lahore Sessions Court,,,,,31.5655444,74.3006587,Lahore,Punjab,Pakistan,,,
d21b4086-f3c7-51e7-9c90-8f91e34dd5b4,613588608,way,leisure,park,Ladies' Park,,,,,31.5626389,74.2976753,Lahore,Punjab,Pakistan,,,
32c09e19-93f1-573c-962f-11fe344d5f9f,760901585,way,leisure,park,,,,,,31.5619503,74.2932294,Lahore,Punjab,Pakistan,,,
270a73e8-cb19-52fc-aedd-d4b107aa6825,524304150,way,leisure,park,,,,,,31.5607761,74.3023286,Lahore,Punjab,Pakistan,,,
0fe30f8c-ee2f-5031-a28f-57e1515a2468,611907250,way,landuse,industrial,Punjab Printing Press,,,,,31.5647045,74.3008159,Lahore,Punjab,Pakistan,,,
31f4be74-7cb4-586c-b720-e7171ad1b7bf,620720973,way,landuse,cemetery,,,,,,31.5634597,74.3009522,Lahore,Punjab,Pakistan,,,
9e3c69b8-cc18-5983-aebd-553016d33cfb,762198667,way,leisure,park,,,,,,31.5596242,74.3038816,Lahore,Punjab,Pakistan,,,
c534b78e-966a-557e-ac6a-2d9fe1a9aa99,319650864,way,tourism,museum,,,,,,31.5578596,74.3059657,Lahore,Punjab,Pakistan,,,
26ecc283-7f6e-5349-82f5-13da66fe655f,611906753,way,amenity,place_of_worship,Pir Sarkar Shrine,,,,,31.5538024,74.3092649,Lahore,Punjab,Pakistan,,,
42fd2970-30b3-55ac-8ab3-fb9702c37f88,611907666,way,place,neighbourhood,Muslim Gunj,,,,,31.5562928,74.3083784,Lahore,Punjab,Pakistan,,,
93c2769f-429a-5e5c-8453-5de5945305a9,1009490638,way,healthcare,hospital,بشیر میموریل ٹرسٹ ہسپتال آنکھ,,,,,31.55814,74.3086301,Lahore,Punjab,Pakistan,,unknown,
98c171f8-51d2-5f9e-af24-db860524a5dd,617274670,way,amenity,place_of_worship,Shrine of Abu Ishaq,,,,,31.5553683,74.3153062,Lahore,Punjab,Pakistan,,,
a702ab55-982f-52a2-b66a-016e1d3c6aa5,617274671,way,healthcare,hospital,Mozang Teaching Hospital,,,,,31.5548344,74.3152148,Lahore,Punjab,Pakistan,,,
ef551945-70c4-5cde-9c70-196506c349ec,618622153,way,amenity,place_of_worship,Old Gurudwara Chhevin Patshahi,,,,,31.5555003,74.3160051,Lahore,Punjab,Pakistan,,,
c83f0e26-1f40-52e8-96b3-0910ea21add0,618622154,way,amenity,place_of_worship,Old Gurudwara Chhevin Patshahi,,,,,31.5554734,74.315989,Lahore,Punjab,Pakistan,,,
89b66019-3b3d-5d78-9f72-c192a7fe6db5,904354201,way,amenity,place_of_worship,Shrine of Pir Abdullah Shah Baloch,,,,,31.5572482,74.3117764,Lahore,Punjab,Pakistan,,,
bb70b034-1cd8-5556-a12a-d6cbb83c019f,904354202,way,amenity,place_of_worship,سردار جہان,سردار جہان,Sardar Jahan,,,31.5572479,74.3117655,Lahore,Punjab,Pakistan,,,
a897763e-ad6e-54ee-b969-b611ecfe7937,290912171,way,amenity,bank,Postal Life Insurance Building,,,,,31.5653664,74.3123489,Lahore,Punjab,Pakistan,,,
48756c55-7adf-5d94-80a4-ae02bd531a87,474918453,way,amenity,bank,نیشنل بینک آف پاکستان,نیشنل بینک آف پاکستان,National Bank of Pakistan,,,31.5657408,74.3119355,Lahore,Punjab,Pakistan,نیشنل بینک آف پاکستان,نیشنل بینک آف پاکستان,
fc0fe872-3c61-511b-85dd-26b26089b624,611914799,way,place,neighbourhood,Regal Chowk,,,,,31.5616481,74.3194262,Lahore,Punjab,Pakistan,,,
f188bcaa-c8f0-5835-b960-0bb9c4db5976,611921782,way,railway,station,جی پی او,جی پی او,GPO,,,31.5655549,74.3142457,Lahore,Punjab,Pakistan,,,Q108689645
79327004-2943-5bfa-9fcf-aa8c5969a162,611953501,way,amenity,place_of_worship,Cathedral Church of The Resurrection,,,,,31.5653424,74.3174002,Lahore,Punjab,Pakistan,,,
3327b669-25bc-5295-988c-5e66b28c5481,619297341,way,leisure,park,,,,,,31.5620801,74.3114528,Lahore,Punjab,Pakistan,,,
28a2cf5b-fa60-52c1-a8ad-9ea7066bf9aa,620720980,way,leisure,pitch,University Football Pitch,,,,,31.5587921,74.3060214,Lahore,Punjab,Pakistan,,,
7564aa73-67d0-5e2c-a3d5-e33bf7579970,621308916,way,leisure,garden,,,,,,31.5656461,74.3136401,Lahore,Punjab,Pakistan,,,
3b0c3030-bd56-51de-b88a-1151cfd2b9e1,319650863,way,leisure,pitch,,,,,,31.5605526,74.3068222,Lahore,Punjab,Pakistan,,,
7d382720-cfc3-5e73-af70-5394caff4720,611921783,way,railway,station,Anarkali,,,,,31.5624809,74.309333,Lahore,Punjab,Pakistan,,Lahore Metro,
03658afc-9583-5187-8789-904ef7f7d7b4,618358798,way,amenity,place_of_worship,Imambargah Khaima-e-Sadaat,,,,,31.5616322,74.3093715,Lahore,Punjab,Pakistan,,,
5cf8318f-8a71-5c92-b08d-51a9e8499e87,618358808,way,amenity,place_of_worship,Shrine of Mauj Darya,,,,,31.5641019,74.3107219,Lahore,Punjab,Pakistan,,,
5b5dcf6a-c24b-55db-8d13-30b08615e856,620720971,way,leisure,park,,,,,,31.5637422,74.3051708,Lahore,Punjab,Pakistan,,,
e7fc1b94-9187-592c-beeb-3c0d5bedd600,620720978,way,leisure,pitch,Punjab University Women's Sports Field,,,,,31.5612633,74.305589,Lahore,Punjab,Pakistan,,,
6a3a7f11-92ae-5c17-9d37-f27add215ec0,620720979,way,leisure,pitch,Hockey Field,,,,,31.5593943,74.3062132,Lahore,Punjab,Pakistan,,,
efab9ee9-fe1a-5e92-824d-bba209c88223,1079883857,way,amenity,place_of_worship,حدیبہ,,Hudaiba,,,31.5626752,74.3087593,Lahore,Punjab,Pakistan,,,
588e2b70-ae7a-5aef-ad96-bd603d87a986,613586119,way,amenity,courthouse,Shorish Law Firm,,,,,31.5651737,74.3157384,Lahore,Punjab,Pakistan,,,
bf3fe4c2-7121-5c9c-9fb1-0326a832dc1b,762198673,way,landuse,commercial,Lahore High Court,,,,,31.5634868,74.3144221,Lahore,Punjab,Pakistan,,,
cf6c03fa-c97d-51bd-8721-514485990232,762198675,way,amenity,place_of_worship,شاہ چراغ,,Shah Chiragh,,,31.5646547,74.313736,Lahore,Punjab,Pakistan,,,
335204b1-0cce-5576-91d9-1ad0696ed96a,762198677,way,landuse,commercial,Supreme Court of Pakistan - Lahore Bench,,,,,31.5646318,74.3129301,Lahore,Punjab,Pakistan,,,
56c8f130-8870-5055-a7ac-5e59f1346b2b,1190520330,way,office,lawyer,Fazal-e-Meeran Building,,,,,31.5617228,74.3123022,Lahore,Punjab,Pakistan,,,
423e9894-c725-58ad-8a78-115cfb4cebe2,295738680,way,leisure,park,افغان پارک,افغان پارک,Afghan Park,,,31.5685898,74.2938847,Lahore,Punjab,Pakistan,,,
d40b1a0e-1e42-5a3a-8fa8-992373e5bffa,618684900,way,leisure,park,نور پارک,نور پارک,Noor Park,,,31.5678246,74.2953515,Lahore,Punjab,Pakistan,,,
0cbcdeed-195a-54e6-b324-fcff37448be0,762198659,way,leisure,park,Ahmed Din Park,,,,,31.5667009,74.2933009,Lahore,Punjab,Pakistan,,,
a0020690-e40a-522d-ae5f-f5b8ba1e218d,295738679,way,amenity,place_of_worship,Secretariat,,,,,31.5679254,74.3003426,Lahore,Punjab,Pakistan,,,
959d7fe6-f2b7-5ce9-888b-e0965f81f8c0,500420267,way,leisure,park,Chistia Park,,,,,31.5681141,74.2994497,Lahore,Punjab,Pakistan,,,
33fabb24-6c1b-5721-8b06-8869f6de8549,611907247,way,office,government,Punjab Civil Secreteriat,,,,,31.5678107,74.3019087,Lahore,Punjab,Pakistan,,,
e534a2e5-dc50-525e-b66f-643fad90b207,620720975,way,amenity,parking,Secretariat,,,,,31.5663002,74.3008609,Lahore,Punjab,Pakistan,,,
eff98c12-6584-57e7-b7d8-9aae48fb4dad,620734507,way,leisure,park,,,,,,31.569071,74.2997385,Lahore,Punjab,Pakistan,,,
779c3bac-60db-5618-99d0-d93ac7cfc72b,620737096,way,leisure,garden,,,,,,31.5674365,74.3006267,Lahore,Punjab,Pakistan,,,
1688a3cd-2b1c-56db-a09d-8609e831f1f3,620737097,way,amenity,parking,,,,,,31.5685588,74.3006229,Lahore,Punjab,Pakistan,,,
d836acb4-8426-560d-99c6-49e7ba384f6a,904355746,way,landuse,commercial,Civil Courts,,,,,31.5700211,74.3036729,Lahore,Punjab,Pakistan,,,
4764cbc5-d8f2-5668-a422-37ac8d6c5ef9,474918455,way,leisure,park,,,,,,31.5690925,74.3056428,Lahore,Punjab,Pakistan,,,
c39dfc7a-338a-5251-afc1-4b488ceaada6,606624974,way,landuse,commercial,District Courts,,,,,31.5743013,74.3055321,Lahore,Punjab,Pakistan,,,
ff8b0c46-dab1-5cc0-8752-20a915a59884,606849269,way,healthcare,hospital,داتا دربار ہسپتال,,Data Darbar Hospital,,,31.5780358,74.3018245,Lahore,Punjab,Pakistan,,,
6387a80b-cf03-5749-bc49-17a4540302f6,611907251,way,place,neighbourhood,ہندو ہاسٹل,ہندو ہاسٹل,Hindu Hostel,,,31.5713088,74.3028649,Lahore,Punjab,Pakistan,,,
aa42edd0-afab-5c80-85c9-44bc17382567,621946333,way,amenity,parking,District Courts,,,,,31.5749378,74.304845,Lahore,Punjab,Pakistan,,,
494d7bef-b4e6-5b52-a3b0-6afc013178fe,1223365956,way,landuse,commercial,دربار مارکیٹ,,Darbar Market,,,31.5777645,74.305504,Lahore,Punjab,Pakistan,,,
3c246096-be47-532a-a3b7-37eb8d83c0bd,500420266,way,leisure,park,فردوس پارک,,Firdous Park,,,31.5732574,74.2959818,Lahore,Punjab,Pakistan,,,
ecc997f2-3849-5db2-9166-cc8237df4a65,618684952,way,leisure,park,,,,,,31.5733699,74.2940888,Lahore,Punjab,Pakistan,,,
87f060a9-7196-53ef-9b9f-a01ebe44ca74,606849270,way,amenity,place_of_worship,کربلا گامے شاہ,,Imambargah Karbala Gamay Shah,,,31.5774557,74.3038669,Lahore,Punjab,Pakistan,,,
0e2c3353-55a2-5670-b1e7-dcba8af6ae34,620734506,way,amenity,place_of_worship,Tibbah of Baba Fareed Ganj Shakar,,,,,31.5740212,74.3040106,Lahore,Punjab,Pakistan,,,
7f2819a9-32ce-5867-a6d0-3ee0782484aa,1436259181,way,leisure,park,,,,,,31.5762128,74.3033061,Lahore,Punjab,Pakistan,,,
d4231eb5-c84c-502f-af26-fc1b29944afd,1436259187,way,leisure,park,nearby PARK,,,,,31.575626,74.3028695,Lahore,Punjab,Pakistan,,,
57bfbbc0-2613-549f-98e2-7e4321675489,1436259190,way,landuse,commercial,Hardware shops,,,,,31.5757359,74.3034665,Lahore,Punjab,Pakistan,,,
6019d553-3add-54f2-850f-93a86355f4d7,191817005,way,office,government,Punjab Irrigation Department Building,,,,,31.5666953,74.3085432,Lahore,Punjab,Pakistan,,,
972c7022-a46d-5478-a323-f8283ad849cc,319651875,way,historic,monument,Baradari of Wazir Khan,,,,,31.5677399,74.3077346,Lahore,Punjab,Pakistan,,,
8933eb3f-a425-51ef-a126-2c5081c7a644,610632549,way,amenity,townhall,Historic Town Hall,,,,"Formerly the ""Victoria Jubilee Hall""",31.5685565,74.3056122,Lahore,Punjab,Pakistan,,,
d572f3a4-49a8-5257-a876-af9ddcc70ee3,611908977,way,natural,water,,,,,,31.5706827,74.3063925,Lahore,Punjab,Pakistan,,,
8da688dd-f6ee-5870-9bdc-20afe3cac2c5,620433198,way,natural,water,,,,,,31.5690292,74.3057422,Lahore,Punjab,Pakistan,,,
e50d8d14-06d4-5dc0-b9b6-e497224d0342,792447292,way,tourism,museum,لاہور عجائب خانه,,Lahore Museum,,,31.568181,74.3082243,Lahore,Punjab,Pakistan,,,
0056c250-29ed-5977-8eac-1cb9a00313e3,292012220,way,leisure,park,,,,,,31.5700002,74.3157711,Lahore,Punjab,Pakistan,,,
94a6e406-5462-5b8c-8ea9-e94792682c04,611907844,way,amenity,place_of_worship,Nila Gumbad Shrine,,,,Dedicated to Sheikh Abdul Razzaq,31.569415,74.3116536,Lahore,Punjab,Pakistan,,,
01d997ad-9a6d-5eb9-b543-cd9a8592eda9,619297854,way,landuse,cemetery,,,,,,31.5687524,74.3141268,Lahore,Punjab,Pakistan,,,
5dd358bf-872d-5e26-aca5-3b43351ecd89,620722752,way,amenity,place_of_worship,Holy Trinity Church,,,,,31.5678225,74.31223,Lahore,Punjab,Pakistan,,,
ccf02a38-9dd2-505a-9822-071371c58e92,621308919,way,amenity,parking,نیشنل بینک آف پاکستان,نیشنل بینک آف پاکستان,National Bank of Pakistan,,,31.56651,74.3127322,Lahore,Punjab,Pakistan,نیشنل بینک آف پاکستان,نیشنل بینک آف پاکستان,
28b5c9f6-590e-5841-9f6a-aec14e835aa7,1099333831,way,amenity,parking,,,,,,31.5660004,74.3142677,Lahore,Punjab,Pakistan,,,
7fe4e017-cdd1-5241-a216-e9de2e50061c,151736920,way,healthcare,hospital,مایو روغتون,,,,,31.572292,74.3150063,Lahore,Punjab,Pakistan,,,
d28365ec-1cec-5085-9e3e-59274eea7121,231821450,way,leisure,pitch,GC Oval,,,,,31.5726339,74.3067961,Lahore,Punjab,Pakistan,,,
6d980bbb-b60a-52d1-bf44-a1a0efd2bb40,290775913,way,leisure,park,ناصر باغ,ناصر باغ,Nisar Bagh,Band Stand Garden,,31.5708966,74.3062156,Lahore,Punjab,Pakistan,,,
f0659948-3958-5dc1-a2dd-1d0e1b42570a,618200116,way,amenity,parking,,,,,,31.571762,74.3162802,Lahore,Punjab,Pakistan,,,
efae24d4-a312-5639-a5ed-c1d85f750a97,618362506,way,leisure,park,Patiala Ground,,,,,31.5672666,74.3176241,Lahore,Punjab,Pakistan,,,
5f13778b-768e-5d39-a941-7341ab506efe,618362507,way,amenity,parking,Patiala Ground,,,,,31.5672666,74.3176036,Lahore,Punjab,Pakistan,,,
e026a4fe-2819-59c2-b9d2-3ca717e60f17,619293738,way,place,neighbourhood,Gandhi Square,,,,,31.5720015,74.3180187,Lahore,Punjab,Pakistan,,,
679601ad-f335-52b1-8cb8-ec2ff01cc1fc,620735481,way,place,suburb,اندرون لہور,,Inner City of Lahore,,,31.5835701,74.3177142,Lahore,Punjab,Pakistan,,,Q3694662
284748cc-3c77-56b1-9bc4-f45027037af4,761865320,way,leisure,park,Mori Gate Park,,,,,31.5776403,74.3107607,Lahore,Punjab,Pakistan,,,
cbc86c78-7bdd-5883-9636-c08bc08cd56a,903318953,way,landuse,commercial,Bairoon Mori Gate Bazaar,,,,,31.5774191,74.3113796,Lahore,Punjab,Pakistan,,,
f41b9bd0-8066-5ea9-b0fe-82a3fc5e76aa,905737701,way,landuse,commercial,Madina Electric Market,,,,,31.5758956,74.3178247,Lahore,Punjab,Pakistan,,,
53a6c75e-c35b-508d-9179-a786a72b8239,967944338,way,landuse,commercial,Sheikh Hindi Market,,,,,31.5782899,74.3087116,Lahore,Punjab,Pakistan,,,
078bfe98-5a8e-54cb-b91c-e1c7afada0dc,1080122653,way,place,neighbourhood,Mohallah Maulian,,,Mohallah Mollian,,31.5783753,74.3147821,Lahore,Punjab,Pakistan,,,
8c036638-0da4-5508-9d6a-18c52194d052,191817035,way,leisure,pitch,,,,,,31.5729113,74.3083314,Lahore,Punjab,Pakistan,,,
792a8887-80f8-57f4-b95a-293644f84338,285020456,way,amenity,place_of_worship,,,,,,31.5771388,74.3066734,Lahore,Punjab,Pakistan,,,
8258b450-baf6-5677-b605-787923dda4ea,606618863,way,landuse,industrial,Government Printing Press,,,,,31.5755575,74.308605,Lahore,Punjab,Pakistan,,,
e0dd07b1-6790-5794-9b41-37c1994e8e4d,620727736,way,leisure,garden,,,,,,31.5735352,74.3084566,Lahore,Punjab,Pakistan,,,
170d36a6-d7c6-5c24-9c33-177746fee86e,620732524,way,amenity,place_of_worship,St. Mary's Church,,,,,31.5723983,74.3110263,Lahore,Punjab,Pakistan,,,
eb5116a9-4b02-5f03-b858-bcec10042728,620960490,way,amenity,place_of_worship,GCU Mosque,,,,,31.5737652,74.3067725,Lahore,Punjab,Pakistan,,,
d7de3ab0-196b-5e73-80ec-3dce4a6bef48,621948687,way,amenity,place_of_worship,Shrine of Syed Shahabuddin Shah,,,,,31.5751786,74.3102652,Lahore,Punjab,Pakistan,,,
be16783b-f077-5bb6-a8f0-b6da7adaab91,761865319,way,amenity,police,Lower Mall Police Station,,,,,31.5761585,74.3074335,Lahore,Punjab,Pakistan,,,
3832bf0a-a917-58a4-b21d-3286d4089e22,904355744,way,amenity,place_of_worship,Muhammadiya,,,,,31.5752204,74.3056357,Lahore,Punjab,Pakistan,,,
df7fdb63-0b67-5e5e-8cfc-44320a5cb24c,967944337,way,landuse,commercial,Hajveri Market,,,,,31.5775633,74.3093913,Lahore,Punjab,Pakistan,,,
cce06808-e69a-5fba-bc16-3d27a7dcb7d3,469224899,way,amenity,place_of_worship,جامعہ کریمیہ نیویں مسجد,,Neevin Mosque,نیویں مسجد,,31.577421,74.3151975,Lahore,Punjab,Pakistan,,,Q28221851
0cd37928-109a-5a68-8fc8-d4548a13d93d,619293177,way,amenity,place_of_worship,Shab Bhar,,,,,31.5752204,74.3174998,Lahore,Punjab,Pakistan,,,Q6801837
24e8a09b-19a4-5733-893d-838b4a211e90,761865321,way,leisure,park,Azad Park,,,,,31.5745688,74.3166442,Lahore,Punjab,Pakistan,,,
8191498b-2c85-578c-883b-6cad55787bd0,903302747,way,landuse,commercial,Bairoon Lohari Gate Bazaar,,,,,31.57693,74.3133023,Lahore,Punjab,Pakistan,,,
496d014f-ed71-5580-adf5-11f336861e82,903324722,way,amenity,place_of_worship,جمال مصطفی,,Jamal Mustafa,,,31.5776562,74.3114683,Lahore,Punjab,Pakistan,,,
4d026b92-0a51-52b3-b4cd-7ae68d5811a1,967933000,way,landuse,commercial,Super Shah Alam Market,,,,,31.5763294,74.3162639,Lahore,Punjab,Pakistan,,,
f1f7f2cc-048c-5157-bcd0-fb5ab4e9e653,967944334,way,landuse,commercial,Zam Zam Market,,,,,31.5765179,74.3148575,Lahore,Punjab,Pakistan,,,
a07f0793-1636-5d41-b4bf-f688b619388f,1078378369,way,place,neighbourhood,سرائے رتن چند,,Sarai Rattan Chand,,,31.5743001,74.316678,Lahore,Punjab,Pakistan,,,
5ed261f2-35b1-57c2-891b-6a5c0d56a6b1,1323300945,way,landuse,commercial,Namak Mandi,,,,,31.5739924,74.3165691,Lahore,Punjab,Pakistan,,,
e41ebbf3-5d2e-5d52-b37d-5ea7fba50a8f,231838075,way,healthcare,hospital,سر گنگا رام ہسپتال,,,,,31.554194,74.3219281,Lahore,Punjab,Pakistan,,,
0f05cfd9-62fc-554d-aa01-f88165bd1785,618635242,way,amenity,parking,Plaza Cinema,,,,,31.5581757,74.3231454,Lahore,Punjab,Pakistan,,,
25e0b861-2382-50a2-b511-8d9227b647ca,618635245,way,healthcare,hospital,,,,,,31.5557136,74.3218857,Lahore,Punjab,Pakistan,,,
e8e0f19c-42a8-559b-be6d-69260dd6c7e3,618635246,way,office,government,British Council,,,,,31.555183,74.3231662,Lahore,Punjab,Pakistan,,,
6953c56f-988c-5aac-8473-82c81734e47c,762198678,way,amenity,place_of_worship,Shrine of Shah Inayat Ullah Qadri Shitari,,,,,31.5570662,74.3215302,Lahore,Punjab,Pakistan,,,
4c7d041b-bc8d-5df7-83a0-44c7297b56ab,290079707,way,office,government,Board of Intermediate and Secondary Education,,,,,31.5539011,74.3248035,Lahore,Punjab,Pakistan,,,
a5b41d01-3d83-5fb7-9768-bab4f3d6af47,618358793,way,amenity,place_of_worship,Shrine of Sakhi Turt Murad Shah,,,,,31.5551679,74.3275394,Lahore,Punjab,Pakistan,,,
9746d578-fc3e-51db-9c4a-9b54305831bf,618635247,way,leisure,garden,Gulistan-e-Fatima,,,,,31.5531868,74.3280821,Lahore,Punjab,Pakistan,,,
e535a108-0b04-5152-b1f4-3f006e927f64,618645061,way,amenity,parking,,,,,,31.5568896,74.3300136,Lahore,Punjab,Pakistan,,,
0a3a4331-1ba4-50f6-ab42-2e1e66325b09,619296289,way,leisure,garden,Burny Garden,,,,,31.5574553,74.3298081,Lahore,Punjab,Pakistan,,,
1344d3a8-7e03-5ee8-9661-8b55a2f33e28,621310301,way,amenity,place_of_worship,Qudsia,,,,,31.5582165,74.3250149,Lahore,Punjab,Pakistan,,,
33f5c2f4-c755-5ed7-81a0-b31e244c4ce9,621310304,way,amenity,parking,,,,,,31.5578433,74.3252477,Lahore,Punjab,Pakistan,,,
b628fd1c-713a-58ec-a982-b1d0e4ee6966,905737757,way,natural,wood,,,,,,31.5530087,74.3259218,Lahore,Punjab,Pakistan,,,
dd9468b0-5059-5262-af23-f77af459c72e,234109905,way,tourism,hotel,Avari Hotel,,,,,31.5591328,74.3273212,Lahore,Punjab,Pakistan,,,
5c2c661e-5434-52dc-ab3c-fc0627de124c,234109908,way,leisure,park,,,,,,31.5587795,74.3277428,Lahore,Punjab,Pakistan,,,
7cdf6252-8b11-5a73-ac8e-5e0ce146202f,290937633,way,leisure,garden,Governor House,,,,,31.5566123,74.3345106,Lahore,Punjab,Pakistan,,,
37327699-2b1d-5654-a49f-3de27a31a955,611326939,way,office,government,پنجاب اسمبلی,پنجاب اسمبلی,Punjab Assembly,,,31.5619547,74.3258276,Lahore,Punjab,Pakistan,,,
e18cca8a-9060-5f21-9100-aacae97e38ca,611695199,way,place,neighbourhood,Royal Park,,,,,31.5652565,74.324376,Lahore,Punjab,Pakistan,,,
6b8d682d-e207-5529-a1b8-005737803e85,611914187,way,place,suburb,چیئرنگ کراس,,Charing Cross,,,31.5606922,74.3255604,Lahore,Punjab,Pakistan,,,
7fc9271a-09f3-57da-bb39-06ee7d686cea,613586107,way,leisure,garden,,,,,,31.5619716,74.3252189,Lahore,Punjab,Pakistan,,,
9699533e-6a8e-567f-b47d-e8c07bdfeab3,618202774,way,healthcare,hospital,,,,,,31.5568,74.3235524,Lahore,Punjab,Pakistan,,,
ae85cac7-b739-5578-8f4a-0a3d2e9b515f,620964944,way,amenity,parking,Noorbakhshia Mosque,,,,,31.559221,74.330672,Lahore,Punjab,Pakistan,,,
e87c19c6-9ae9-531f-aa55-e20c0e3ba82e,1078384819,way,place,neighbourhood,Mela Ram Park,,,,,31.5660927,74.3308059,Lahore,Punjab,Pakistan,,,
89093554-99f9-52d6-88b9-99932c45fbd7,291807527,way,amenity,place_of_worship,شہداء,,Shuhada,,,31.5612365,74.3199905,Lahore,Punjab,Pakistan,,,Q6801883
9850a7cc-86a6-5224-900f-25894494df81,291811185,way,shop,mall,,,,,,31.5621879,74.3215522,Lahore,Punjab,Pakistan,,,
3ca99ccf-c7bb-56b7-ad4f-8c7b51242411,613586108,way,leisure,garden,,,,,,31.5617375,74.3235054,Lahore,Punjab,Pakistan,,,
e0163e86-14af-5952-9da0-022f60af0ded,618375914,way,leisure,pitch,,,,,,31.5592396,74.3203255,Lahore,Punjab,Pakistan,,,
9e77f83a-2248-5f44-9a86-f7e43fef70ae,618633379,way,amenity,place_of_worship,Sacred Heart Cathedral,,,,,31.5595847,74.3198575,Lahore,Punjab,Pakistan,,,
7d52335c-b802-5af3-9d3c-cd7d4629b057,620967555,way,tourism,hotel,Indus Hotel,,,,,31.5611041,74.3225866,Lahore,Punjab,Pakistan,,,
5a67d9a9-2de8-50bc-95d6-0e121215d911,904372936,way,amenity,place_of_worship,Shams,,,,,31.5592287,74.3211339,Lahore,Punjab,Pakistan,,,
75167da6-2326-5756-97ba-e2d69258e47e,234109906,way,leisure,swimming_pool,,,,,,31.5594713,74.327306,Lahore,Punjab,Pakistan,,,
81735815-cb15-5512-9be3-203b26d00b01,234109907,way,amenity,parking,,,,,,31.5595329,74.3269533,Lahore,Punjab,Pakistan,,,
b14890ac-f472-5c83-b7f2-ff98c1a1d618,234109910,way,tourism,hotel,Four Points by Sheraton,,,,,31.5615516,74.3298011,Lahore,Punjab,Pakistan,Four Points by Sheraton,,
f8cd4d3c-2c51-54eb-bf71-c3a08ecf4236,611950728,way,leisure,park,,,,,,31.5603963,74.3248339,Lahore,Punjab,Pakistan,,,
c596b962-9c8e-504e-9ef9-afa15078078b,611950729,way,leisure,park,,,,,,31.5604445,74.3252016,Lahore,Punjab,Pakistan,,,
6a0b2b40-2eef-5030-98d5-03eeb2362cdc,611950730,way,leisure,park,,,,,,31.5601578,74.3252355,Lahore,Punjab,Pakistan,,,
7617a132-ae08-5b3c-8f14-d0eba40caa53,611950731,way,leisure,park,,,,,,31.5599425,74.3247778,Lahore,Punjab,Pakistan,,,
015e05bf-64e0-57c8-b282-e51c046bd6b3,611950733,way,historic,monument,Queen Victoria Memorial,,,,,31.5600723,74.3246956,Lahore,Punjab,Pakistan,,,
5492c174-ea29-507b-9e7d-9836b76ce39e,611950744,way,historic,monument,Islamic Summit Minar,,,,,31.5602725,74.3250293,Lahore,Punjab,Pakistan,,,
052178db-a976-56ef-b192-adbb3be8cedb,611953492,way,office,government,,,,,,31.5614264,74.3259862,Lahore,Punjab,Pakistan,,,
f840e1f8-6cff-5771-9fdc-e89151f3b1dd,611953494,way,tourism,hotel,Faletti's Hotel,,,,,31.5614714,74.3281755,Lahore,Punjab,Pakistan,,,
4426068b-0c12-534e-9336-b5f1caada8b9,620964943,way,amenity,place_of_worship,Noorbakhshia Mosque,,,,,31.5592917,74.3303827,Lahore,Punjab,Pakistan,,,
a0cfda28-3088-5a72-a164-26dd09489a1b,761664420,way,leisure,park,Queen Victoria Park,,,,,31.5625422,74.325593,Lahore,Punjab,Pakistan,,,
44504c6c-1202-58cb-ac9d-a34208f30c2e,904372935,way,amenity,place_of_worship,Imambargah Gulistan-e-Zahra,,,,,31.5646502,74.3288227,Lahore,Punjab,Pakistan,,,
6d0243c0-a19c-5a5d-ac65-9cbb1bb63f7e,904379371,way,tourism,hotel,Luxus Grand Hotel,,,,,31.561943,74.3302734,Lahore,Punjab,Pakistan,,,
b8094250-b699-529a-8934-ffec9342467a,905722927,way,tourism,hotel,Ramada Hotel and Suites,,,,,31.5629202,74.3280101,Lahore,Punjab,Pakistan,Ramada,,
7e95035e-a314-54ea-9730-69e2ed74fb13,905722928,way,amenity,place_of_worship,Faletti's,,,,,31.5626471,74.3274206,Lahore,Punjab,Pakistan,,,
96961ed7-11a6-5c8d-8525-3fee792e6dbb,905722945,way,amenity,place_of_worship,مازار پیر حسن علی شاہ,مازار پیر حسن علی شاہ,Shrine of Peer Hassan Ali Shah,,,31.5637183,74.3299177,Lahore,Punjab,Pakistan,,,
8ca61b24-29c2-591c-88c3-360d4100ca76,377448115,way,leisure,pitch,,,,,,31.5561853,74.3321429,Lahore,Punjab,Pakistan,,,
45305c07-bd71-5273-b27e-784512b8cb3f,607867497,way,place,neighbourhood,Mayo Gardens,,,,,31.555155,74.3496385,Lahore,Punjab,Pakistan,,,
35e5c945-d6c0-58bd-ac10-f2c01bb47260,611956187,way,place,suburb,Bibi Pak Daman,,,,,31.5653138,74.3399126,Lahore,Punjab,Pakistan,,,
b601fae8-8015-5b83-8965-128eaaeae860,611956191,way,landuse,cemetery,Bibi Pak Daman Cemetery,,,,,31.5651086,74.3397209,Lahore,Punjab,Pakistan,,,
4397b081-c045-50f7-8153-d9cc74c5b1d0,611961916,way,place,neighbourhood,شملہ پہاڑی,شملہ پہاڑی,Shimla Hill,,,31.5620983,74.3375487,Lahore,Punjab,Pakistan,,,
7332039d-0267-5066-aa0d-e3ee164824cd,617293710,way,landuse,cemetery,Musafir Khana Cemetery,,,,,31.5626962,74.3435414,Lahore,Punjab,Pakistan,,,
e9cfae88-c8fe-59a0-a6b4-609f719b774f,618363259,way,place,suburb,گڑہی شاہو,گڑہی شاہو,Garhi Shahu,,,31.5613358,74.3478978,Lahore,Punjab,Pakistan,,,
936cd1e6-f2ac-505f-9a31-88aeb4b59b72,618368058,way,landuse,cemetery,Jan Muhammad Hazoori Cemetery,,,,,31.5638493,74.3445675,Lahore,Punjab,Pakistan,,,
80203e16-363e-5304-b6da-e374bb56e7d7,618645066,way,amenity,parking,,,,,,31.5611215,74.3376861,Lahore,Punjab,Pakistan,,,
0c91bc8b-f4d2-5767-bf40-63e34240f7a7,620964950,way,amenity,parking,کشمیر روڈ,کشمیر روڈ,Kashmir Road,,,31.5587161,74.331632,Lahore,Punjab,Pakistan,,,
03c0792b-bcd7-59b2-9fa8-6548bb12dd09,620980718,way,amenity,place_of_worship,Ismaili Jamaat Khana,,,,,31.5588227,74.3371039,Lahore,Punjab,Pakistan,,,
9972f728-fda1-540d-b18b-ff4e8ced95cd,905722992,way,landuse,cemetery,,,,,,31.5654523,74.3426836,Lahore,Punjab,Pakistan,,,
0612568d-d977-535c-b838-d944c3ed1e88,1078384820,way,place,neighbourhood,Usmania Colony,,,,,31.5653627,74.3331863,Lahore,Punjab,Pakistan,,,
ebdac455-8c3f-5ab1-9ac3-aabfab538601,232952807,way,leisure,park,Simla Hill,,,,,31.5622699,74.3359259,Lahore,Punjab,Pakistan,,,
4acb5316-c04e-5891-9c3f-52e6b774bf05,618368070,way,landuse,commercial,Pakistan Television,,,,,31.5644255,74.3331558,Lahore,Punjab,Pakistan,,,
8b377ee8-7688-59a4-842e-30a9f65c20b3,618368071,way,landuse,commercial,پاکستان براڈکاسٹنگ کارپوریشن,پاکستان براڈکاسٹنگ کارپوریشن,Pakistan Broadcasting Corporation,,,31.5641885,74.3343394,Lahore,Punjab,Pakistan,,,
d5286768-513c-50e3-b740-bcbde7135167,620964955,way,landuse,commercial,WAPDA,,,,,31.5601706,74.3336702,Lahore,Punjab,Pakistan,,,
2f7b5cfd-2163-57a5-95e6-833545aef280,706920223,way,office,company,Techlogix Head Office,,,,,31.5607654,74.3348401,Lahore,Punjab,Pakistan,,,
5466eaa8-dd9f-5ad4-a23d-90aba99c1530,904372928,way,landuse,commercial,Directorate General Public Relations,,,,,31.5647256,74.3324185,Lahore,Punjab,Pakistan,,,
03179aa6-9272-50c6-b485-6a896bafc5c6,905264809,way,landuse,commercial,Director General of Social Welfare,,,,,31.5611027,74.3358244,Lahore,Punjab,Pakistan,,,
21b7a9fd-609a-5282-afbc-a34375a40e3a,905264810,way,landuse,commercial,Punjab Public Service Commission,,,,,31.5610871,74.3368237,Lahore,Punjab,Pakistan,,,
e2a11ab6-e060-5aa5-9b11-24f641019578,905700025,way,amenity,parking,,,,,,31.5628558,74.3347624,Lahore,Punjab,Pakistan,,,
97a2888f-817f-53b4-9b75-74cab6aeea69,905700039,way,amenity,parking,,,,,,31.5623565,74.3329057,Lahore,Punjab,Pakistan,,,
5208bf40-a6a4-512b-b5a9-dae2fd19a733,905700041,way,amenity,parking,,,,,,31.5635883,74.3329219,Lahore,Punjab,Pakistan,,,
cd6d209c-492c-5c11-bdeb-92b1efbfa5dd,905700054,way,amenity,parking,,,,,,31.5620587,74.3320809,Lahore,Punjab,Pakistan,,,
c8029ef2-4af1-5a55-ad0f-e9f00c8e79fe,905700056,way,amenity,parking,,,,,,31.5620147,74.3318142,Lahore,Punjab,Pakistan,,,
ef529032-aeba-59ca-a317-d2c2dd6d8aa5,905700064,way,amenity,parking,,,,,,31.5641234,74.3329964,Lahore,Punjab,Pakistan,,,
f043ee6f-ea24-5f86-8685-8fa20adab90c,611956194,way,amenity,place_of_worship,Shrine of Bibi Pak Daman,,,,,31.564413,74.3399304,Lahore,Punjab,Pakistan,,,
625c0e19-6efb-55cd-919c-9c4ddc24c376,611956197,way,landuse,cemetery,,,,,,31.5642505,74.3400575,Lahore,Punjab,Pakistan,,,
1ce73f24-9288-5e7d-adde-f8fd0a5522f8,617293252,way,tourism,hotel,Ambassador Hotel,,,,,31.5612681,74.337903,Lahore,Punjab,Pakistan,,,
60bdac06-da67-54c2-b67b-0be6e34d8812,617293254,way,tourism,hotel,Grand Millenium Hotel,,,,,31.5606678,74.3382895,Lahore,Punjab,Pakistan,,,
0001e2c2-7f3e-5430-83c1-f7761b6539db,618368061,way,amenity,place_of_worship,Musafir Khana,,,,,31.5629328,74.3435408,Lahore,Punjab,Pakistan,,,
cdc5da68-4504-575f-8cc2-4dcf4998c8b2,231838092,way,leisure,playground,KEMU Hostel Ground,,,,,31.5689595,74.3186453,Lahore,Punjab,Pakistan,,,
ce05f3f4-0c5d-56b6-9328-78ef21e8f398,620971286,way,amenity,parking,Naz and Nagina Cinemas,,,,,31.5678369,74.3206392,Lahore,Punjab,Pakistan,,,
25303b06-8a85-5b31-88da-aa7c6ebea42c,762189972,way,landuse,commercial,Camera Market,,,,,31.5702983,74.3184614,Lahore,Punjab,Pakistan,,,
c07757ea-48c2-57b6-a10f-3f72afacd9d8,905737740,way,amenity,place_of_worship,St. John's Church,,,,,31.5682938,74.3200366,Lahore,Punjab,Pakistan,,,
d969816f-3441-52b6-92f3-92163ef8aa42,1078124395,way,amenity,place_of_worship,دائی لاڈو,,Dai Lado,,,31.5696894,74.3182181,Lahore,Punjab,Pakistan,,,
9c2af2bc-0b27-5711-b93b-7f4c7c780623,611921100,way,railway,station,لکشمی,لکشمی,Lakshmi,,,31.5686611,74.3270935,Lahore,Punjab,Pakistan,,Lahore Metro,Q108689642
b8634c5d-2cbc-5a70-b659-58e4ba88c7d2,611963336,way,amenity,place_of_worship,Darbar Mian Sahib Shrine,,,,,31.5709128,74.3260839,Lahore,Punjab,Pakistan,,,
6c2b80e0-da92-5da9-ab3b-95db48331af1,611963337,way,amenity,place_of_worship,Shrine of Shah Abu al Mali,,,,,31.5699765,74.3259599,Lahore,Punjab,Pakistan,,,
c5e8f4fd-a288-5be7-a61f-af267c5ca239,611963339,way,amenity,place_of_worship,Dargah Mosque,,,,,31.5699965,74.3258172,Lahore,Punjab,Pakistan,,,
cd6a5b0d-f386-574e-9ebd-26609acfaef5,617293801,way,landuse,cemetery,Mominpura Cemetery,,,,,31.567769,74.3273299,Lahore,Punjab,Pakistan,,,
0f1de451-90c9-5f57-9651-a8b89ba401e7,621949335,way,amenity,place_of_worship,Shrine of Sheikh Musa Ahangar,,,,,31.5712524,74.330704,Lahore,Punjab,Pakistan,,,
8aa472a9-5d49-56a7-a776-4f9e5790ac55,904321840,way,amenity,place_of_worship,Shahai,,,,,31.5712343,74.3290506,Lahore,Punjab,Pakistan,,,
ce63498d-413f-59d1-a663-813b875093c1,905722956,way,amenity,place_of_worship,Qudsia,,,,,31.5664399,74.3271571,Lahore,Punjab,Pakistan,,,
c07fa883-84d0-5f3f-8a59-2d072f8f09ca,905722961,way,shop,convenience,شیل,شیل,Shell,,,31.5661522,74.3276939,Lahore,Punjab,Pakistan,شیل,,
332cac21-ac49-5e3c-be07-9bedd69ba964,905722969,way,tourism,hotel,National Hotel,,,,,31.5669644,74.3263525,Lahore,Punjab,Pakistan,,,
c855fab7-4d29-5cf7-a992-8b11e737ed93,905722986,way,tourism,hotel,Lahore Hotel,,,,,31.5700217,74.3288609,Lahore,Punjab,Pakistan,,,
55b63baf-82f7-5175-800f-f33f83a0cf74,606618801,way,landuse,residential,Saghir Railway Police Lines,,,,,31.5742648,74.3317859,Lahore,Punjab,Pakistan,,,
70ea07b7-132d-5c50-84b0-9bb218041bfb,611920732,way,place,suburb,قلعہ گُجر سنگھ,قلعہ گجر سنگھ,Qila Gujjar Singh,,,31.5695559,74.329484,Lahore,Punjab,Pakistan,,,
7040ec55-ad4e-58de-9c9a-8a410e9a49f2,611963744,way,tourism,attraction,Lakshmi Building,,,,,31.5674584,74.3245393,Lahore,Punjab,Pakistan,,,
db26c8ac-5f06-5cc7-b8cf-0dde7c8df70e,611963745,way,place,neighbourhood,Lakshmi Chowk,,,,,31.5673103,74.3247612,Lahore,Punjab,Pakistan,,,
7b93005c-8857-5f2d-81c2-3efabba78563,617283046,way,place,neighbourhood,رام گلی,رام گلی,Ram Gali,,,31.5771043,74.3278238,Lahore,Punjab,Pakistan,,,
6d3b2bfe-7218-513a-a16e-c262454474e2,618368067,way,place,neighbourhood,Amrit Park,,,,,31.5672765,74.3303112,Lahore,Punjab,Pakistan,,,
c391093a-ef80-5e0e-b1cd-306c34d3866f,618368068,way,leisure,park,Madina Park (Mela Ram Park),,,,,31.5659918,74.3309848,Lahore,Punjab,Pakistan,,,
e3a51060-89e1-54a0-bbcd-bcf7df415aa5,1320516231,way,landuse,commercial,پتھر مارکیٹ,پتھر مارکیٹ,Pathar Market,,,31.5775559,74.3311086,Lahore,Punjab,Pakistan,,,
c6838ce6-ea5b-509d-986a-e76ff0fc9829,1320813859,way,landuse,commercial,Azeem Electric Market,,,,,31.5758803,74.3244741,Lahore,Punjab,Pakistan,,,
5af1ad6e-50cd-5ed1-9463-03a05fb2f038,1320814419,way,landuse,commercial,Punjab Mukhtar Electric Market,,,,,31.5760814,74.3242619,Lahore,Punjab,Pakistan,,,
c49d1df9-edb2-5726-ba69-2ebeda163f82,316565601,way,leisure,park,موچی باغ,موچی باغ,Mochi Bagh,,,31.5770457,74.3228379,Lahore,Punjab,Pakistan,,,
cc7ed264-81b4-5c80-b7f1-7ed9abe1accb,320898452,way,amenity,police,تھانہ رنگ محل,تھانہ رنگ محل,,,,31.5765833,74.3211251,Lahore,Punjab,Pakistan,,,
cd481f23-6337-563c-a3cc-3a77e1076af1,619293346,way,place,neighbourhood,گرو ارجن نگر,,Guru Arjun Nagar,,,31.5751196,74.3194351,Lahore,Punjab,Pakistan,,,
deba8714-0a0c-561f-bc8e-2d8810165e0a,904074731,way,amenity,place_of_worship,Saleh Kamboh,,,,,31.5773198,74.3214869,Lahore,Punjab,Pakistan,,,
fac005d7-03be-52c9-b9e6-4d779e5a8cdd,905737705,way,leisure,park,Mian Hamid Bin Hameed Park,,,,,31.5764202,74.3194708,Lahore,Punjab,Pakistan,,,
79b39935-4502-5c4a-9e5a-f7a19d28be64,905737706,way,amenity,place_of_worship,باغ والی,,Bagh Wali,,,31.5757231,74.3188416,Lahore,Punjab,Pakistan,,,
2b15e698-2a0a-5cfb-bd9d-1b47483c3ac3,905737714,way,amenity,place_of_worship,Thanddi Khoi,,,,,31.576368,74.3229234,Lahore,Punjab,Pakistan,,,
c42af29f-a484-5ea0-8460-37e0f2580a4c,761860753,way,healthcare,hospital,Government Nawaz Sharif Hospital,,,,,31.5738554,74.3296375,Lahore,Punjab,Pakistan,,,
c66f742d-5959-5371-9134-f6155dd877dc,611957504,way,amenity,place_of_worship,Saint Andrew's,,,,,31.5697803,74.3363095,Lahore,Punjab,Pakistan,,,
3d33b505-8418-5b6c-8201-5c6453def009,611958740,way,tourism,hotel,Carlton Tower Hotel,,,,,31.5699209,74.3349973,Lahore,Punjab,Pakistan,,,
049be281-c0ac-50e4-850a-b70b582430e3,611958741,way,landuse,commercial,حاجی کیمپ,,Haji Camp,,,31.5711082,74.3344059,Lahore,Punjab,Pakistan,,,
01bcc9c4-c912-506f-b917-9d83551117fe,618368062,way,amenity,place_of_worship,Saint Don Bosco Church,,,,,31.5671701,74.3350364,Lahore,Punjab,Pakistan,,,
5d91e4c6-9d2a-5058-b466-b8936ef28a8c,618368064,way,amenity,place_of_worship,St. Don Bosco,,,,,31.5673797,74.3349116,Lahore,Punjab,Pakistan,,,
2f17f611-b697-5d10-807c-4ed3e512962d,618368065,way,amenity,place_of_worship,Saleh Sindhi Mosque,,,,"Shah Jahan-era Mosque from the 17th century. Builty by Muhammed Saleh Sindhi, a wealthy amir (noble) of the Mughal court.",31.5684345,74.3339816,Lahore,Punjab,Pakistan,,,
7b1b1b80-eaae-53eb-b58e-69e1e2ec757e,618368066,way,amenity,place_of_worship,,,,,,31.5684345,74.3339816,Lahore,Punjab,Pakistan,,,
b1c08a21-686f-5cc2-82c8-61d8f9cdbfac,618648394,way,amenity,parking,,,,,,31.5665454,74.3362413,Lahore,Punjab,Pakistan,,,
24270094-2e77-5585-b649-aac6f2177f08,904372927,way,landuse,residential,پولیس لائنز,پولیس لائنز,Police Lines,,,31.5669177,74.3333497,Lahore,Punjab,Pakistan,,,
0489a98c-1ec9-5c0a-a744-9deb7679a973,905990563,way,tourism,hotel,Shobra Hotel,,,,,31.5716586,74.3335994,Lahore,Punjab,Pakistan,,,
cb7bc334-bf54-586d-8ec6-85375f6e0593,1078384821,way,place,neighbourhood,Muhammad Nagar,,,,,31.5666739,74.3347478,Lahore,Punjab,Pakistan,,,
dd28c7bd-e6d2-5fb3-bf4e-456727f7e7b9,611960627,way,tourism,museum,Javed Manzil,,,,,31.5691865,74.340421,Lahore,Punjab,Pakistan,,,
cb1b9b5c-e806-56b0-bf11-9773f5950886,611960631,way,leisure,sports_centre,Burt Hall,,,,,31.5688514,74.3427601,Lahore,Punjab,Pakistan,,,
191643d8-607f-5e8f-9dc5-b8fdceb48a9c,905722996,way,amenity,place_of_worship,Shrine of Syed Nizam Uddin Chishti,,,,,31.5667151,74.3428081,Lahore,Punjab,Pakistan,,,
bd5758a8-d282-5c68-a8fe-df4e17a4f9b2,234077346,way,public_transport,platform,لاہور جنکشن,,,,,31.5771291,74.3364639,Lahore,Punjab,Pakistan,,Pakistan Railways,
89242e88-ea21-532d-875e-a4c2e546035a,409048403,way,public_transport,platform,,,,,,31.5772426,74.3368847,Lahore,Punjab,Pakistan,,,
951dfb45-97c1-5fc1-ba99-396924a6eda4,605819635,way,amenity,place_of_worship,Shaheed Ganj Gurdwara,,,,,31.5785583,74.332167,Lahore,Punjab,Pakistan,,,
f6f2ea9e-0fbe-5443-9779-671f2d57373a,612408503,way,place,neighbourhood,سوامی نگر,سوامی نگر,Swami Nagar,,,31.5796368,74.3470912,Lahore,Punjab,Pakistan,,,
6427a43f-fc36-5430-945c-4f8d5e69904c,618368082,way,leisure,pitch,Lahore Railway Cricket Grounds,,,,,31.5715939,74.3429786,Lahore,Punjab,Pakistan,,,
ce1d6c57-6f78-5d5e-be1c-3177f759a96e,618368083,way,leisure,pitch,Burt Ground,,,,,31.5698497,74.3432968,Lahore,Punjab,Pakistan,,,
e64eb45d-c456-50c1-875e-df4bf4a47a01,619288176,way,place,neighbourhood,Tagore Park,,,,,31.5725364,74.3329054,Lahore,Punjab,Pakistan,,,
330dbc2f-f856-5be3-b034-6c7e916a70cd,619290344,way,amenity,place_of_worship,Shaheed Ganj Gurdwara,,,,,31.5785573,74.3320567,Lahore,Punjab,Pakistan,,,
d4a773c1-710f-5aee-bc31-f206861f38d4,761860752,way,amenity,police,Naulakha Police Station,,,,,31.5783334,74.333579,Lahore,Punjab,Pakistan,,,
53f87d95-fe3c-56d0-814e-ef35534523c5,1320820342,way,landuse,commercial,حاجی یوسف مارکیٹ,حاجی یوسف مارکیٹ,Haji Yusuf Market,,,31.5718665,74.3331983,Lahore,Punjab,Pakistan,,,
a3c09071-3222-596a-8eff-dd6f66668eb3,611958748,way,amenity,place_of_worship,Naulakha Presbyterian Church,,,,,31.5723331,74.3339737,Lahore,Punjab,Pakistan,,,
cfcad380-7b76-58e3-af14-03f29463eb39,611958988,way,amenity,parking,Lahore Transport Company Bus Depot,,,,,31.5745183,74.336021,Lahore,Punjab,Pakistan,,,
16953b08-005e-5529-8108-8ba822dd9d69,611962679,way,amenity,place_of_worship,نوری,نوری,Noori,,,31.576154,74.3344749,Lahore,Punjab,Pakistan,,,
1ad3d725-7d8f-5bb0-9e66-03f03fc53935,691541836,way,tourism,attraction,Lala Moolchand Temple (Abandoned),,,,"Abandoned Hindu temple, previously part of a caravanserai complex.",31.5783359,74.3326582,Lahore,Punjab,Pakistan,,,
589be6ef-d742-5203-85bf-065371626bb9,904662411,way,office,government,Office of The Inspector General Railway Police,,,,,31.5741149,74.3331139,Lahore,Punjab,Pakistan,,,
9a0f1b16-c93a-5bf7-b41a-554a7698566b,905989171,way,leisure,park,,,,,,31.5773989,74.3348413,Lahore,Punjab,Pakistan,,,
49af84fa-729a-57bd-87b5-dea5579fccba,905989183,way,amenity,parking,,,,,,31.5759494,74.3364598,Lahore,Punjab,Pakistan,,Railway Station Parking,
23cb74a9-cdd9-57b5-9133-7c44ae2c4e56,905990558,way,amenity,fuel,پاکستان اسٹیٹ آئل,پاکستان اسٹیٹ آئل,Pakistan State Oil,,,31.5750512,74.3327807,Lahore,Punjab,Pakistan,پاکستان اسٹیٹ آئل,PSO,
99f56233-3247-53a2-9d9c-14dee21c8507,905990560,way,amenity,place_of_worship,حضرت بلال,,Hazrat Bilal,,,31.5728062,74.3330347,Lahore,Punjab,Pakistan,,,
e9725c26-f40c-5716-9a8b-2eab5d2d0c93,1320820989,way,landuse,commercial,Sewing Machine Market,,,,,31.5728356,74.3331807,Lahore,Punjab,Pakistan,,,
c1fcae34-1eee-5371-8bc9-c1af19f782eb,606845244,way,amenity,place_of_worship,Dai Anga Mosque,,,,,31.5748883,74.3391139,Lahore,Punjab,Pakistan,,,
1ef92680-d403-5330-a24a-e401d03d0b69,378746080,way,landuse,industrial,Mughalpura Railway Workshops,,,,,31.5659826,74.3601628,Lahore,Punjab,Pakistan,,,
c1b8e612-4467-576d-a993-7a3bbbe57e18,620974433,way,amenity,place_of_worship,,,,,,31.5585347,74.3468769,Lahore,Punjab,Pakistan,,,
fd9daf80-51ac-5745-b47f-c29df1e50173,620974434,way,amenity,place_of_worship,Shrine of Bagh-e-Shah,,,,,31.5585505,74.3468717,Lahore,Punjab,Pakistan,,,
7a120c6c-ba3f-5ea3-9767-0e8cf4777f03,620974669,way,landuse,cemetery,Garhi Shahu Cemetery,,,,,31.5581861,74.3500184,Lahore,Punjab,Pakistan,,,
5eb62b96-059c-518f-a52e-ed433cdbb805,234077331,way,leisure,park,,,,,,31.5656084,74.3505769,Lahore,Punjab,Pakistan,,,
dba3301f-1a16-5be3-bd14-dd0f811b080f,234077332,way,leisure,stadium,Railway Stadium,,,,,31.565629,74.3506546,Lahore,Punjab,Pakistan,,,
6ed59ad5-9fec-5823-9efe-40046745e62c,618368052,way,leisure,park,Kisi Bagh,,,,,31.5631912,74.3498685,Lahore,Punjab,Pakistan,,,
40ab33a2-887a-5804-8dab-0b1ea2d5b7b9,618368054,way,amenity,place_of_worship,Shah Abu al-Khair,,,,,31.5638812,74.3458423,Lahore,Punjab,Pakistan,,,
84ed1579-6589-50bd-a5eb-daa19b3ccc43,618368057,way,amenity,place_of_worship,Shrine of Jan Muhammad Hazoori,,,,,31.5639756,74.3444994,Lahore,Punjab,Pakistan,,,
a34dd67a-0495-5160-829b-2a26d29600cd,618368333,way,amenity,place_of_worship,Shrine of Shah Gada,,,,,31.5680405,74.3451319,Lahore,Punjab,Pakistan,,,
11ef878c-a910-5720-8c69-7b4ec58bd367,620992257,way,amenity,place_of_worship,Waan Peer Shrine,,,,,31.5674716,74.3484782,Lahore,Punjab,Pakistan,,,
87c90236-cfd1-5a37-a47b-175de5cbaf3f,611899884,way,landuse,industrial,Modern Flour and General Mills,,,,,31.5741815,74.3502455,Lahore,Punjab,Pakistan,,,
cd306921-5a9c-5754-ba79-616d462ee051,611900576,way,place,neighbourhood,Railway Colony,,,,,31.5724553,74.3509465,Lahore,Punjab,Pakistan,,,
181ac383-aa5e-56aa-aefe-637e26c0c935,618368511,way,leisure,pitch,Railway Colony Playground,,,,,31.5727287,74.3472691,Lahore,Punjab,Pakistan,,,
9b3df817-fe74-5980-bccf-7868d7a48c9e,377454182,way,landuse,residential,,,,,,31.6062453,74.2824595,Lahore,Punjab,Pakistan,,,
77a2ea4d-a860-5460-8581-2abcb0d91e1a,377452490,way,landuse,residential,,,,,,31.5969493,74.2935674,Lahore,Punjab,Pakistan,,,
aefbef63-e425-5a09-8009-1c167fc7accb,292005560,way,leisure,park,Farkhabad Park,,,,,31.6081999,74.2884401,Lahore,Punjab,Pakistan,,,
f4619e76-2a19-5473-8190-7ba7670d8168,292007727,way,natural,wood,,,,,,31.6196228,74.292316,Lahore,Punjab,Pakistan,,,
f37b0eb5-915c-5ddd-ad71-3e6d1dfd7e24,1391492008,way,landuse,residential,Kamran Park,,,,,31.6099887,74.291122,Lahore,Punjab,Pakistan,,,
f7034ffa-324d-58f4-b7cc-2a2b8ba3a941,232301590,way,landuse,commercial,Shahdra Terminal,,,,,31.6165106,74.2906885,Lahore,Punjab,Pakistan,,,
7374828a-2eab-5f96-8e38-b2b7fe773a9a,499807313,way,leisure,playground,Abdul Razzaq Stadium,,,,,31.6246918,74.2903809,Lahore,Punjab,Pakistan,,,
578952af-9ad8-5ba0-98d0-82fcbaca742f,605413063,way,amenity,place_of_worship,Shrine of Ali Hajveri,,,,,31.5787254,74.3044091,Lahore,Punjab,Pakistan,,,
942c9c4b-ea43-5a9e-818d-d11c12296eef,605413065,way,leisure,park,,,,,,31.5790484,74.3042703,Lahore,Punjab,Pakistan,,,
2f7b38f0-7f5e-51aa-91ac-e9b5a93d5858,607141169,way,healthcare,hospital,Infectious Diseases Hospital,,,,,31.5807071,74.2997576,Lahore,Punjab,Pakistan,,,
ecbee037-85b9-5ab5-92e5-3cb0a14e2d66,967958324,way,leisure,park,مدثر حنیف پارک,,Mudassar Hanif Park,,,31.5825795,74.3004223,Lahore,Punjab,Pakistan,,,
74eb722c-34e5-5522-9d91-7a3e437d423e,607141028,way,landuse,cemetery,پیر مکی قبرستان,پیر مکی قبرستان,Pir Makki Cemetery,,,31.584081,74.3052349,Lahore,Punjab,Pakistan,,,
9f4c0df2-7a47-58a7-a4d1-218b33928592,611912836,way,leisure,park,Choudhry Park,,,,,31.586132,74.2978933,Lahore,Punjab,Pakistan,,,
64daa223-ab30-58fc-8786-e60d5480c8c2,617283943,way,amenity,place_of_worship,پیر مکی عزیز الدین حسنی حسینی,,Shrine of Pir Makki,,,31.5828596,74.3047916,Lahore,Punjab,Pakistan,,,
9e2c2477-622c-5f14-a0cf-9bff9ede2410,1223364756,way,place,neighbourhood,محلّہ ہجویری,محلّہ ہجویری,Mohallah Hajveri,,,31.5802014,74.3043819,Lahore,Punjab,Pakistan,,,
a1706ad0-a128-5f59-a6a5-04cd2c51de84,762987133,way,landuse,commercial,Hafiz Paper Mart,,,,,31.5885599,74.2934809,Lahore,Punjab,Pakistan,,,
53361142-2ada-5abb-aec2-3d328c2d1646,292009374,way,leisure,park,Karim Park Gol Bagh,,,,,31.5909343,74.2997039,Lahore,Punjab,Pakistan,,,
c16655e5-a633-5c99-a4ee-4cca26d3c566,607483947,way,historic,monument,Tomb of Sir Ganga Ram,,,,,31.5903571,74.3042274,Lahore,Punjab,Pakistan,,,
3172e5c3-438f-5fec-9e36-0730515eff12,607483948,way,historic,monument,Samadhi of Ganga Ram,,,,,31.5902908,74.3042517,Lahore,Punjab,Pakistan,,,
ea50c4cc-468a-5a71-9970-0cf074e7cd67,620504317,way,amenity,place_of_worship,Gulzar-e-Madina,,,,,31.5912452,74.2989576,Lahore,Punjab,Pakistan,,,
4764ff13-1de1-50f3-8bf9-3de74d7bf9e2,762987134,way,amenity,place_of_worship,مدنیہ,,Madania,,,31.5862257,74.2993097,Lahore,Punjab,Pakistan,,,
b61a29ea-4775-5544-b0a1-2a64c4cec367,762987135,way,leisure,park,Madina Masjid Park,,,,,31.5869084,74.3003716,Lahore,Punjab,Pakistan,,,
1133aa5b-afde-5b59-8716-4fad2294fd8d,762987136,way,leisure,park,WAPDA Garden,,,,,31.588285,74.301486,Lahore,Punjab,Pakistan,,,
e2a8ff7e-6c45-5cc8-b3e3-bc5c2290dca5,762987137,way,leisure,park,شاہجہاں اسٹریٹ پارک,,Shahjahan Street Park,,,31.5884985,74.3003991,Lahore,Punjab,Pakistan,,,
ceb2b392-a229-532f-9c17-e226c438185e,607182313,way,natural,water,,,,,,31.5791636,74.3049731,Lahore,Punjab,Pakistan,,,
c7f84f1a-fe37-5683-ae54-6216175497e0,607182314,way,natural,water,,,,,,31.5792277,74.3053961,Lahore,Punjab,Pakistan,,,
419faaad-26ee-5e34-a04a-d23c7c725256,607182315,way,natural,water,,,,,,31.5787994,74.3050483,Lahore,Punjab,Pakistan,,,
f6516d83-303a-5207-85f1-8a9a36ade69d,607182316,way,natural,water,,,,,,31.5788639,74.305469,Lahore,Punjab,Pakistan,,,
670619f7-dfa5-5744-8643-adaba4f52b40,903297251,way,tourism,attraction,حویلی واجد علی شاہ,حویلی واجد علی شاہ,Haveli Wajid Ali Shah,,,31.5829824,74.3098196,Lahore,Punjab,Pakistan,,,
a1880100-2e6f-5409-afe4-6b0b0c3dfd68,904044187,way,amenity,place_of_worship,مولانا غلام یاسین والی,,Maulana Ghulam Yasin Wali,,Originally Called Wazir Khan Khurd Mosque,31.5847247,74.3084358,Lahore,Punjab,Pakistan,,,
274c4dd2-67fa-53b4-a038-bd653a27643e,904565720,way,leisure,park,,,,,,31.5812035,74.3068576,Lahore,Punjab,Pakistan,,,
f1767a14-fdd4-5dac-bbdf-48617c7e04fd,967944339,way,landuse,commercial,New Garden Market,,,,,31.5794669,74.3067149,Lahore,Punjab,Pakistan,,,
a271d5e0-3a9a-5cb1-94b7-1ccb34c0ca9b,1000032160,way,tourism,museum,فقیر خانہ میوزیم,فقیر خانہ عجائب گھر,Faqir Khana Museum,,,31.5832099,74.3097364,Lahore,Punjab,Pakistan,,,
169cfc7c-9620-5b1f-aab5-b92c2f5ab41f,1014191985,way,amenity,place_of_worship,سیدہ مبارک بیگم امام بارگاہ,سیدہ مبارک بیگم امام بارگاہ,Imam Bargah Mubarak Begum,,,31.5838836,74.30991,Lahore,Punjab,Pakistan,,,
f90eccf2-19e8-594a-9d41-3cc082e9079b,1027113876,way,amenity,place_of_worship,حبیبیہ غوثیہ,حبیبیہ غوثیہ,Habibia Ghousia,,,31.5814415,74.3109398,Lahore,Punjab,Pakistan,,,
fc6ec480-7e8e-5c77-ac04-3ab1b21ed547,607798443,way,healthcare,hospital,سید مٹھا ہسپتال,سید مٹھا ہسپتال,Saeed Mitha hospital,,,31.5846345,74.3135955,Lahore,Punjab,Pakistan,,,
1d65170e-5527-5ddf-81f9-ac9e019d90d2,903245230,way,amenity,parking,,,,,,31.583619,74.3153248,Lahore,Punjab,Pakistan,,,
168da461-9538-5398-99ec-65d49779918e,904044185,way,amenity,place_of_worship,مزار سید مٹھا سرکار,مزار سید مٹھا سرکار,Shrine of Said Mittha,,,31.5835569,74.3136861,Lahore,Punjab,Pakistan,,,
c896c03b-fc9d-5f50-b62f-d48506de14b8,1027115903,way,amenity,place_of_worship,خالد,,Khalid,,,31.5843044,74.3171411,Lahore,Punjab,Pakistan,,,
a6d2d1eb-865a-5769-8269-3bbf1ee1a9df,1079873305,way,place,neighbourhood,Kucha Vahrian,,,,,31.5816584,74.3145632,Lahore,Punjab,Pakistan,,,
a0b6f942-49a6-5655-bc52-df6e7806bee0,1325534068,way,amenity,parking,,,,,,31.5837049,74.3136499,Lahore,Punjab,Pakistan,,,
d90aaa4a-18e5-531b-bce2-0a82d42b3055,1325534069,way,amenity,parking,,,,,,31.5841929,74.3137895,Lahore,Punjab,Pakistan,,,
eb46548e-6f0b-51b6-acab-9a9ae2a62628,232401428,way,leisure,park,اقبال پارک,,Iqbal Park,,,31.5921951,74.3121556,Lahore,Punjab,Pakistan,,,
ba5178b8-500d-570f-ad58-0f67a197da7a,288125855,way,leisure,park,,,,,,31.5872328,74.3111624,Lahore,Punjab,Pakistan,,,
30193f70-d5ef-5d84-820b-188da7fbcc11,291409472,way,leisure,park,,,,,,31.5844101,74.3072853,Lahore,Punjab,Pakistan,,,
cea96e3e-6587-532f-b67d-b3d1dd96e271,291782545,way,tourism,attraction,مقبرہ علامہ اقبال,,Tomb of Allama Iqbal,,,31.5878915,74.3113345,Lahore,Punjab,Pakistan,,,
6bc37beb-39c8-532f-92b0-546f310d8672,603966773,way,leisure,park,,,,,,31.588759,74.3112693,Lahore,Punjab,Pakistan,,,
84231cec-db22-5765-86f8-4bff50af61db,603966775,way,leisure,park,,,,,,31.5878791,74.311293,Lahore,Punjab,Pakistan,,,
026fe26b-4850-58c7-b5c8-31d5662f8b15,604901485,way,leisure,park,,,,,,31.5896823,74.3112966,Lahore,Punjab,Pakistan,,,
32bd5085-da26-52bc-9a25-35ff6fffeee4,607179302,way,natural,water,,,,,,31.5923954,74.3146167,Lahore,Punjab,Pakistan,,,
339b2a64-17ea-5cc0-b826-831a805e973b,607798438,way,leisure,park,تحصیل باغ,تحصیل باغ,Tehsil Garden,,,31.5848761,74.3104959,Lahore,Punjab,Pakistan,,,
5db14885-dad8-5a79-b1b8-b6b23c6332dc,607798440,way,amenity,police,تھانہ ٹبی سٹی,,Tibbi City Police Station,,,31.5850612,74.3108271,Lahore,Punjab,Pakistan,,,
d53b6b2c-690c-584f-a243-f8af993abec0,618632050,way,leisure,park,Fawara Park,,,,,31.579352,74.3180081,Lahore,Punjab,Pakistan,,,
adc52a87-99b9-5edf-9717-23708e9868bc,800031487,way,natural,water,,,,,,31.5913673,74.3102714,Lahore,Punjab,Pakistan,,,
93855871-3fae-5193-b9d7-1ba4ac26c666,288125854,way,leisure,park,,,,,,31.5870095,74.3098784,Lahore,Punjab,Pakistan,,,
72fe7557-e7b2-53d5-873b-5424459d14ab,291409469,way,healthcare,hospital,,,,,,31.5883111,74.3076959,Lahore,Punjab,Pakistan,,,
acc8b921-5aeb-5e10-9dd3-7598ebe14814,414250486,way,amenity,parking,,,,,,31.5898701,74.3077545,Lahore,Punjab,Pakistan,,,
0bd583ee-1be0-5610-87f6-e815a727af76,500080232,way,amenity,place_of_worship,Shrine Hazrat Syed Baba Sabir Shah Wali,,,,,31.5876218,74.308513,Lahore,Punjab,Pakistan,,,
7856cb7d-6848-5076-aebd-04edf7b1dcd3,604165375,way,leisure,park,,,,,,31.5868382,74.3108836,Lahore,Punjab,Pakistan,,,
21690f0b-11e8-54f1-afa4-4521b637cb8e,904044186,way,amenity,place_of_worship,امام بارگاہ مائی عیداں,,Imambargah Mai Eidan,,,31.5864064,74.3096554,Lahore,Punjab,Pakistan,,,
f790b922-5429-5b99-b3ad-79810e3f40b7,1078133127,way,amenity,place_of_worship,عبدﷲ کابلی,,Abdullah Kabuli,,,31.5861579,74.3080315,Lahore,Punjab,Pakistan,,,
89afbe15-46c4-58cc-b059-530fd2614060,105841051,way,tourism,attraction,شاہی قلعہ,شاہی قلعہ,Lahore Fort,,,31.5881965,74.3148044,Lahore,Punjab,Pakistan,,,Q613720
d753612b-4895-5a46-a221-7b043114d14b,291409470,way,leisure,park,علی پارک,علی پارک,Ali Park,,,31.5861216,74.3135592,Lahore,Punjab,Pakistan,,,
a037db14-d985-5d25-8f2e-77274105f991,291782544,way,leisure,park,حضوری باغ,حضوری باغ,Hazuri Bagh,,,31.5883781,74.3118314,Lahore,Punjab,Pakistan,,,
afd0594f-d63d-5d54-abfc-5fd16c951442,475247487,way,historic,monument,حضوری باغ بارہ دری,,Hazuri Bagh Pavilion,,,31.5883781,74.3117902,Lahore,Punjab,Pakistan,,,
6cc24481-59c5-568d-9468-c756b1fba40e,603964840,way,natural,water,,,,,,31.5884267,74.3120645,Lahore,Punjab,Pakistan,,,
1513dc1b-a906-503b-96d6-2f9ec1c57524,603964841,way,natural,water,,,,,,31.5880516,74.3118563,Lahore,Punjab,Pakistan,,,
dc64b9b2-a329-5bf9-b795-5aec7413d533,603964842,way,natural,water,,,,,,31.5883325,74.3115351,Lahore,Punjab,Pakistan,,,
7d0c134d-2a1c-5f3d-9efb-40bbe191bcc6,603964843,way,natural,water,,,,,,31.5887161,74.3117194,Lahore,Punjab,Pakistan,,,
4ced1b6e-e7fc-5007-b0f8-a681f2179aad,603966771,way,leisure,park,,,,,,31.5890742,74.3119079,Lahore,Punjab,Pakistan,,,
375b110b-7b81-5a06-a1c1-f861830c10dd,603966772,way,leisure,park,,,,,,31.5880947,74.3125606,Lahore,Punjab,Pakistan,,,
f444bf15-8c9f-5b68-ae35-09882369f238,603966774,way,leisure,park,,,,,,31.5889343,74.3123686,Lahore,Punjab,Pakistan,,,
c9b97aaf-fc21-595f-8f29-3db0e01d5d8b,604478332,way,leisure,park,دل تبسم باغ,,Dil Tabassum Park,,,31.5887095,74.3140694,Lahore,Punjab,Pakistan,,,
0406ef65-38aa-531b-86b6-4b4b12fa1e4c,604478333,way,leisure,park,,,,,,31.5887397,74.3136051,Lahore,Punjab,Pakistan,,,
1984d5e2-a466-5c87-8396-9960ba929b89,604478334,way,leisure,park,امام باغ,,Imam Garden,,,31.5889428,74.3136596,Lahore,Punjab,Pakistan,,,
cf15ab9f-4397-5999-8a9f-cdd2e7af200c,604478335,way,natural,water,,,,,,31.5895129,74.3141696,Lahore,Punjab,Pakistan,,,
54679b08-e0d8-5697-88c8-058878c7333a,604878427,way,leisure,park,,,,,,31.589327,74.3145777,Lahore,Punjab,Pakistan,,,
45041d19-783f-54bb-843f-94b4754195e7,604878428,way,leisure,park,,,,,,31.5891392,74.314519,Lahore,Punjab,Pakistan,,,
01137dd4-fa89-55fb-b4f9-455dfdf10304,604878429,way,leisure,park,,,,,,31.5892767,74.3148011,Lahore,Punjab,Pakistan,,,
43e378e8-e7ea-5be2-a1de-7f8aefeebb01,604878430,way,leisure,park,,,,,,31.5890853,74.3147422,Lahore,Punjab,Pakistan,,,
c9a0cf47-e8c7-5fa3-817a-206052e8017f,604886951,way,leisure,park,,,,,,31.5890504,74.3154687,Lahore,Punjab,Pakistan,,,
8023fdd7-bb55-57c9-8791-4906c6b5af6a,604886953,way,leisure,park,,,,,,31.5889742,74.3157688,Lahore,Punjab,Pakistan,,,
5ed41c09-4cdc-54fe-baf2-c9d7dc5d94ea,604886955,way,leisure,park,,,,,,31.5887895,74.3153786,Lahore,Punjab,Pakistan,,,
19ac0648-55e7-57cf-ace1-529f96b8dc9f,604886957,way,leisure,park,,,,,,31.5887086,74.3156777,Lahore,Punjab,Pakistan,,,
7c4db3bc-d040-5b94-a02b-e1026642dbf7,604886959,way,leisure,park,,,,,,31.5889646,74.3160058,Lahore,Punjab,Pakistan,,,
76208d58-f67b-5d06-804c-6f1a6cbe3596,604886960,way,leisure,park,,,,,,31.5891297,74.3152741,Lahore,Punjab,Pakistan,,,
27500bbf-ab47-5d95-b900-ca03a3e134f3,604886962,way,leisure,park,,,,,,31.5887941,74.3151387,Lahore,Punjab,Pakistan,,,
8c3fe996-c97d-50f7-9465-b48b653ebe55,604886964,way,leisure,park,,,,,,31.5886353,74.3158826,Lahore,Punjab,Pakistan,,,
34428741-84c9-5bf1-b60b-82b676632e49,604886966,way,natural,water,,,,,,31.5889457,74.3155911,Lahore,Punjab,Pakistan,,,
e59a77c6-aa4f-585e-ad3e-bce8baeac666,604886968,way,natural,water,,,,,,31.5888189,74.3155541,Lahore,Punjab,Pakistan,,,
22c928ad-1952-5291-ad91-32de9e2f817d,604886971,way,leisure,park,,,,,,31.587956,74.3146216,Lahore,Punjab,Pakistan,,,
9249ed77-d53c-5b4c-923f-9481c9f83b24,604886973,way,leisure,park,,,,,,31.5878487,74.3150452,Lahore,Punjab,Pakistan,,,
a4c7960f-0a59-5ef6-9a53-891239680d05,604886975,way,leisure,park,,,,,,31.5877597,74.3154686,Lahore,Punjab,Pakistan,,,
13b4c454-178c-5b0c-9400-353e5fec2b31,604886976,way,leisure,park,,,,,,31.5876649,74.3158419,Lahore,Punjab,Pakistan,,,
26a1b5a4-f65a-5960-80cc-f3ae1fb2fea8,604886978,way,leisure,park,,,,,,31.5872935,74.3145026,Lahore,Punjab,Pakistan,,,
40fbf850-6b0f-54df-af65-62f7f2f2bacf,604886980,way,leisure,park,,,,,,31.5870425,74.3156561,Lahore,Punjab,Pakistan,,,
1fd9fa42-191e-55da-972c-4e5b7efa0050,604910486,way,historic,castle,کھڑک سنگھ کی حویلی,,Haveli of Kharak Singh,,,31.5882864,74.3158839,Lahore,Punjab,Pakistan,,,
8d0938f1-f1ff-57b7-8b7f-dabe310575a7,605420150,way,historic,castle,شیش محل,شیش محل,Sheesh Mahal,,,31.5898873,74.3131687,Lahore,Punjab,Pakistan,,,
7fbdf7a6-e31b-500c-8cab-5035f000661c,605805881,way,leisure,park,پائیں باغ,پائیں باغ,Ladies' Garden,,,31.58925,74.3140885,Lahore,Punjab,Pakistan,,,
aa5b3944-0375-58b9-80a4-0ddad53f36df,605805885,way,historic,castle,مہارانی جندیاں کور حویلی,,Maharani Jindian Kaur Haveli,,,31.5885385,74.3147742,Lahore,Punjab,Pakistan,,,
748d849c-14f6-5ab1-a5e9-78c945cc41a5,607177232,way,leisure,park,,,,,,31.5869811,74.3158627,Lahore,Punjab,Pakistan,,,
23ea87ab-3adc-5a58-96df-307680b1d1ae,607177233,way,leisure,park,,,,,,31.5867972,74.3144024,Lahore,Punjab,Pakistan,,,
733fed39-036b-5d8e-91ca-055f1ac4eb64,607177235,way,leisure,park,,,,,,31.5899379,74.3143161,Lahore,Punjab,Pakistan,,,
f0ab6437-8c7a-5d81-aeca-c3559b8d489a,607177236,way,leisure,park,,,,,,31.5898211,74.3148445,Lahore,Punjab,Pakistan,,,
a2c20fce-4bd8-5d58-bbdb-2f4ff2b5aab0,607177237,way,leisure,park,,,,,,31.5897111,74.3153085,Lahore,Punjab,Pakistan,,,
08a17a35-8ec5-5119-ad76-ef954ca3c725,607177238,way,leisure,park,,,,,,31.5895991,74.3158222,Lahore,Punjab,Pakistan,,,
47f2aa58-d5ff-5845-82fc-76d89cda5184,607177239,way,leisure,park,,,,,,31.5894003,74.3165598,Lahore,Punjab,Pakistan,,,
6c7bf3d1-143e-5aa1-9433-a74cca180ac2,607177240,way,leisure,park,,,,,,31.5891636,74.3172371,Lahore,Punjab,Pakistan,,,
c67d2612-300d-573d-bee9-87fd774b7bbd,607177241,way,leisure,park,,,,,,31.5900785,74.313633,Lahore,Punjab,Pakistan,,,
fd9b8e0a-dbc4-552b-a567-93d529ca11cc,607177242,way,leisure,park,,,,,,31.5894565,74.3153289,Lahore,Punjab,Pakistan,,,
046f5cef-da23-5953-ba14-865a04df6b2d,607177243,way,leisure,park,,,,,,31.589789,74.3125586,Lahore,Punjab,Pakistan,,,
8d937cd1-9ac3-5ce2-bdca-900ba02809c4,607177522,way,leisure,park,,,,,,31.5871607,74.312578,Lahore,Punjab,Pakistan,,,
9c0b5f4e-6a42-5c92-b16f-52943dc0859e,607179514,way,leisure,park,,,,,,31.5866222,74.316279,Lahore,Punjab,Pakistan,,,
318e2e30-23da-5fb9-a9f4-c947769601c6,903463528,way,amenity,place_of_worship,گوردوارہ ڈیرا صاحب,,Gurdwara Dera Sahib,,,31.5897298,74.311769,Lahore,Punjab,Pakistan,,,
86932112-6924-5d78-b7e6-f73dca728743,1023471074,way,landuse,cemetery,,,,,,31.5856929,74.3162388,Lahore,Punjab,Pakistan,,,
ca9effcb-82e2-5201-bc85-c93c90c5ef8d,1023471698,way,landuse,commercial,Rim Market,,,,,31.5871121,74.3172933,Lahore,Punjab,Pakistan,,,
14b59964-52d7-57b9-875c-4bbf1e264388,620441819,way,place,neighbourhood,Mominpura,,,,,31.5932539,74.3002374,Lahore,Punjab,Pakistan,,,
7dd33de1-fa7f-594b-827d-09bbec1e42bf,762987139,way,leisure,park,اویس بھٹی پارک,,,,,31.592466,74.3013585,Lahore,Punjab,Pakistan,,,
365f6fe3-96a3-58e9-aa9c-a082156532a5,905357036,way,landuse,industrial,Rehmat Flour Mills,,,,,31.5924656,74.3021495,Lahore,Punjab,Pakistan,,,
d7299dab-f6c1-5e75-bc95-daf07ed50151,619001530,way,place,neighbourhood,Timber Market,,,,,31.5994558,74.300714,Lahore,Punjab,Pakistan,,,
7482b3aa-9b0a-5f60-9af9-aff6fc79b643,1012006055,way,leisure,park,,,,,,31.6046144,74.3020375,Lahore,Punjab,Pakistan,,,
a4c5e38b-90a5-5411-84f2-b72f63533e1f,967958322,way,landuse,cemetery,Gao Shala Graveyard,,,,,31.6021922,74.2948776,Lahore,Punjab,Pakistan,,,
535b9f05-8985-5248-adc3-f7023d6fb5e7,232401426,way,tourism,attraction,مینارِ پاکستان,,Minar-e-Pakistan,,,31.592513,74.3094848,Lahore,Punjab,Pakistan,,,Q996962
d81f4fc4-7600-5769-b60f-722f668d529e,500119251,way,leisure,park,Tikon Park,,,,,31.5965169,74.3076737,Lahore,Punjab,Pakistan,,,
b3cd4219-7c45-5a81-94e4-0b4401d53ba5,500119257,way,leisure,park,Tanki Bagh,,,,,31.5948748,74.3072501,Lahore,Punjab,Pakistan,,,
e5bd64f7-ce33-52a6-bed3-bea9e58ca39d,500119260,way,amenity,place_of_worship,Nimra,,,,,31.5951553,74.3069625,Lahore,Punjab,Pakistan,,,
7d3e4454-a2ff-536a-a1b9-87fb14ceab34,904315296,way,amenity,place_of_worship,Lal (Wahhabi),,,,,31.5965507,74.3101939,Lahore,Punjab,Pakistan,,,
5377ff4c-1cc3-592b-8d8e-ab2f428b23db,800044451,way,tourism,museum,قومی تاریخ کا میوزیم,قومی تاریخ کا میوزیم,National History Museum,,,31.5946386,74.3119222,Lahore,Punjab,Pakistan,,,
b936196f-8376-534d-934b-12abb7692801,500119249,way,leisure,park,Nabi Park,,,,,31.59799,74.3084611,Lahore,Punjab,Pakistan,,,
ca6a37ea-cf15-50d1-83bd-d5265534b686,607500329,way,landuse,cemetery,,,,,,31.6010631,74.3171154,Lahore,Punjab,Pakistan,,,
dfbb4fd2-abc4-5839-8151-a44f1a02703a,611920733,way,place,neighbourhood,Qila Lachman Singh,,,,,31.5991555,74.3114442,Lahore,Punjab,Pakistan,,,
a743f2ae-7c19-5f3d-b350-1e7702cd1c5f,618998385,way,place,neighbourhood,داتا نگر,,Data Nagar,,,31.5988268,74.3188439,Lahore,Punjab,Pakistan,,,
fcca4c5d-e560-5d7b-b75a-aa6f7da4a11b,904315304,way,leisure,park,Sahibzada Qasim Park,,,,,31.6021651,74.305988,Lahore,Punjab,Pakistan,,,
8d458018-88bc-50d6-a795-0865473ad3b5,1012010807,way,landuse,residential,,,,,,31.6028436,74.3148532,Lahore,Punjab,Pakistan,,,
0c365bd7-4378-509c-ae8a-daa629052a61,249897061,way,amenity,parking,D-Plaza,,,,,31.5815225,74.3183478,Lahore,Punjab,Pakistan,,,
441623a2-fd2c-58ab-a61f-2a952e3ea5d8,468166747,way,leisure,park,باؤلی باغ,باؤلی باغ,Baoli Bagh,,,31.5830484,74.3190913,Lahore,Punjab,Pakistan,,,
3130de40-cba4-57fa-80aa-f4b6fe673f05,607174809,way,natural,water,,,,,,31.5831165,74.3197477,Lahore,Punjab,Pakistan,,,
33a5b38d-3729-55f5-bbd2-4efac13c05af,618632042,way,amenity,place_of_worship,شیعاں کشمیریاں,,,,,31.5795758,74.3218105,Lahore,Punjab,Pakistan,,,
4cf2650d-83d1-568c-bff9-aed32b28699b,618632045,way,amenity,place_of_worship,حسینیاں ہال,,Hussainiyan Hall,,,31.5793684,74.3217622,Lahore,Punjab,Pakistan,,,
0eb31162-5830-5028-87e8-faa1859234ed,620506927,way,landuse,commercial,اعظم کلاتھ مارکیٹ,اعظم کلاتھ مارکیٹ,Azam Cloth Market,,,31.5840593,74.3209217,Lahore,Punjab,Pakistan,,,
f5945724-d514-54f1-8a88-a06eac7ae43a,620506928,way,place,neighbourhood,محلہ ککے زیاں,محلہ ککے زیاں,Mohalla Kakezian,,,31.5825828,74.3223824,Lahore,Punjab,Pakistan,,,
a1534e5d-679c-59b8-a262-577bd4679d75,903945368,way,amenity,place_of_worship,Hazrat Ahmad Ayaz,,,,,31.5824577,74.3184039,Lahore,Punjab,Pakistan,,,
a17eff54-ca81-5f3b-85af-66c99a9b7278,903945369,way,amenity,place_of_worship,Booray Wali,,,,,31.5826255,74.3185425,Lahore,Punjab,Pakistan,,,
dd073222-5a66-598d-a1cc-b5eaace885d9,904074732,way,amenity,place_of_worship,امام بارگاہ رباطِ حیدریہ,امام بارگاہ رباطِ حیدریہ,Imambargah Rubat-e-Haideria,,,31.5790521,74.3218121,Lahore,Punjab,Pakistan,,,
2607e6d0-4c78-548c-8272-c267b10053b3,904074733,way,amenity,place_of_worship,Imambargah Bhaji Syeda Hussain Begum,,,,,31.579115,74.3225474,Lahore,Punjab,Pakistan,,,
1eb8e179-5ee3-5566-99cf-254cf196e15c,1018164807,way,place,neighbourhood,چوہٹہ مفتی باقر,,Chohatta Mufti Baqar,,,31.581645,74.3234384,Lahore,Punjab,Pakistan,,,
e61fa4d5-def5-5021-b5c0-64eb1e2cac9c,1018166272,way,place,neighbourhood,کوچہ حسین شاہ,کوچہ حسین شاہ,Kucha Hussain Shah,,,31.5827117,74.3237829,Lahore,Punjab,Pakistan,,,
ccfe2fd4-e5ea-555c-af34-fd64278d0769,1018220877,way,place,neighbourhood,کٹرہ والی شاہ,کٹرہ والی شاہ,Katra Wali Shah,,,31.5815104,74.3219528,Lahore,Punjab,Pakistan,,,
310969f5-00d8-50ad-93fc-1b14e1148981,1018220878,way,place,neighbourhood,کٹرہ رحمان شاہ,کٹرہ رحمان شاہ,کٹرہ رحمان شاہ,,,31.5824397,74.320441,Lahore,Punjab,Pakistan,,,
a9850d21-5637-5ea0-bfd3-7dd5255051b1,1027568123,way,amenity,place_of_worship,انجمن حسینیہ خواجگان نارووالی,مسجد و امام بارگاہ خواجگان نارووالی,Khawajgan Narowali,,,31.5805329,74.3221903,Lahore,Punjab,Pakistan,,,
9bbfb498-90d5-5728-b3fc-01f87a52abc2,1027573912,way,amenity,place_of_worship,نثار حویلی,,Nisar Haveli Imambargah,,,31.579515,74.3225455,Lahore,Punjab,Pakistan,,,
ef0e925d-86f3-50c8-a6a4-571d096beb97,1027573913,way,amenity,place_of_worship,ملاں مجید,جامع مسجد ملاں مجید,Mullan Majeed,,,31.5803432,74.3223484,Lahore,Punjab,Pakistan,,,
93e18f50-d437-5dde-a76c-1a8a06f68a66,1027573914,way,amenity,place_of_worship,نواب صاحب,نواب صاحب,Nawab Sahab,,,31.5798086,74.3221015,Lahore,Punjab,Pakistan,,,
fa807dca-980b-5d6e-843f-1fb2df126829,500160058,way,leisure,park,Delhi Gate Park,,,,,31.5802519,74.3256534,Lahore,Punjab,Pakistan,,,
62f19ff5-4291-507c-a854-f392973181ba,500393742,way,office,government,Kotwali Police Station,,,,,31.5818202,74.3281753,Lahore,Punjab,Pakistan,,,
b0c208f2-f6b3-55f2-a2c9-4b0834b84f75,603970119,way,leisure,park,,,,,,31.5826802,74.32767,Lahore,Punjab,Pakistan,,,
54fd333b-aa20-5dd8-a120-5c4b1162c14e,761860750,way,landuse,commercial,Acid Market,,,,,31.5826549,74.330224,Lahore,Punjab,Pakistan,,,
7c37c034-950a-5648-b096-74e46414801b,904063464,way,historic,monument,کنواں دینا ناتھ,کنواں دینا ناتھ,Well of Raja Dina Nath,,,31.5833423,74.3244062,Lahore,Punjab,Pakistan,,,Q28172527
bda673c2-1dd4-5a6d-ab7f-39a9b7fcdc0e,905985558,way,landuse,commercial,Kotwali Police Station,,,,,31.5817793,74.3283481,Lahore,Punjab,Pakistan,,,
5bca9f37-0915-58bf-8640-8309f58c4d03,905985562,way,landuse,commercial,Malwada Complex,,,,,31.5828303,74.3296485,Lahore,Punjab,Pakistan,,,
a25bdadb-948c-572d-a8b0-f85323910ad7,1023472908,way,amenity,place_of_worship,Sultania Qasaban,,,,,31.5831107,74.326765,Lahore,Punjab,Pakistan,,,
65ebb966-ca64-59b1-877f-40f39262900e,1023538318,way,place,neighbourhood,محمدی محلہ,,Muhammadi Mohallah,,,31.5826131,74.3251624,Lahore,Punjab,Pakistan,,,
b401e8a6-8fb8-55ee-8bba-c6c0ccd37f9a,1027588327,way,amenity,place_of_worship,سید دیدار علی شاہ,سید دیدار علی شاہ,Syed Deedar Ali Shah,,,31.5825829,74.3249364,Lahore,Punjab,Pakistan,,,
368e1469-3014-51c4-9194-517948be56f4,1223358633,way,landuse,commercial,Herb Bazaar,,,,,31.5820852,74.3253494,Lahore,Punjab,Pakistan,,,
08ebbad0-eb5b-5433-9e84-87979bd9950d,468152628,way,amenity,place_of_worship,دربار سید صوف,دربار سید صوف,Shrine of Syed Suf,,,31.583114,74.3244343,Lahore,Punjab,Pakistan,,,
65a9e823-e990-5848-bfb1-c096e55ca166,469237468,way,amenity,place_of_worship,گوردوارہ جنم آسھن گرو رام داس,گوردوارہ جنم آسھن گرو رام داس,Gurdwara Janam Asthan Guru Ram Das,,,31.5849271,74.3210206,Lahore,Punjab,Pakistan,,,Q48726775
858c918e-0961-5074-be71-5950cceccc7d,611909859,way,place,neighbourhood,مصری شاہ,مصری شاہ,Misri Shah,,,31.5876377,74.3300914,Lahore,Punjab,Pakistan,,,
f7123dfa-35d3-5926-8033-a500fb0239dc,611910045,way,place,neighbourhood,Farooq Gunj Mohalla,,,,,31.5887365,74.3266275,Lahore,Punjab,Pakistan,,,
1d67ca09-f1ca-5f99-b804-099b6565ebd4,761860751,way,landuse,commercial,Municipal Corporation Market,,,,,31.5817422,74.3307096,Lahore,Punjab,Pakistan,,,
19e33d3e-df97-5657-acc4-754218c9fe96,904316276,way,landuse,commercial,اکبری منڈی,اکبری منڈی,Akbari Mandi,,,31.5808036,74.3249143,Lahore,Punjab,Pakistan,,,
5d461d9c-429b-59a1-8aea-9fd4790942d1,904316277,way,landuse,commercial,پاکستان کلاتھ مارکیٹ,پاکستان کلاتھ مارکیٹ,Pakistan Cloth Market,,,31.5843671,74.3229596,Lahore,Punjab,Pakistan,,,
c22b41e7-b0da-524f-9929-7160c63a4e7c,904495750,way,landuse,commercial,Noaghara Bazaar,,,,,31.5849106,74.3238083,Lahore,Punjab,Pakistan,,,
73060cff-f74c-551f-b837-3da283ff2beb,904565708,way,amenity,parking,,,,,,31.5850258,74.3250005,Lahore,Punjab,Pakistan,,,
3a08277d-e724-5fad-97c6-08fe9df2e303,1011343591,way,leisure,park,نواز شریف پارک,نواز شریف پارک,Nawaz Sharif Park,,,31.5852736,74.3267736,Lahore,Punjab,Pakistan,,,
3280d4c9-5d1f-553a-aea5-10d2283ec463,1018166271,way,place,neighbourhood,خرادی محلہ,خرادی محلہ,Kharadi Mohallah,,,31.5818824,74.3242753,Lahore,Punjab,Pakistan,,,
80b3a9e2-202f-50ef-9f5f-212bedf3a94f,1018166274,way,place,neighbourhood,گوندی گلی,گوندی گلی,Gondi Gali,,,31.5825797,74.3242891,Lahore,Punjab,Pakistan,,,
bbb46363-17a7-5ff9-9d6a-59d269c367a1,292012210,way,leisure,park,,,,,,31.5870309,74.3226966,Lahore,Punjab,Pakistan,,,
7b790fc0-8117-544f-a158-2251fb47357d,292012211,way,leisure,park,,,,,,31.5875549,74.3197281,Lahore,Punjab,Pakistan,,,
5d883073-7bb0-5d56-bc52-490a3c575a10,605410622,way,amenity,place_of_worship,Imambara,,,,,31.5868233,74.3203731,Lahore,Punjab,Pakistan,,,
900df332-c9ff-5ec5-bbbb-7523bb643414,607790231,way,leisure,park,Badami Bagh,,,,,31.5902131,74.3208023,Lahore,Punjab,Pakistan,,,
55418861-16fd-588a-b15c-88aa307d5f3b,1023471697,way,amenity,police,Masti Gate Police Station,,,,,31.5876489,74.3180268,Lahore,Punjab,Pakistan,,,
4ea27258-0c33-5c27-b98d-668c5f683b36,1290099639,way,leisure,park,Badami Bagh,,,,,31.5905672,74.3201737,Lahore,Punjab,Pakistan,,,
8b6a83d2-ff09-5f9a-80f5-61b3164ec698,620499949,way,leisure,park,Rashid Sakeen Park,,,,,31.5903321,74.327711,Lahore,Punjab,Pakistan,,,
0aed74ac-427c-5fb0-b9eb-edb179ba5f95,904063466,way,amenity,place_of_worship,Shrine of Syed Baba Haji Pir Sarkar Lajpal,,,,,31.5852287,74.3260736,Lahore,Punjab,Pakistan,,,
d80f3066-cf9f-5327-944c-8265417c93d0,611961542,way,amenity,place_of_worship,Gurdwara Bhai Taru Singh,,,,,31.5790541,74.3317366,Lahore,Punjab,Pakistan,,,
86ffe2a3-dff3-5bd5-bf72-fab2e6e9a04f,611961544,way,amenity,place_of_worship,Gurdwara Bhai Taru Singh,,,,,31.5790029,74.3317153,Lahore,Punjab,Pakistan,,,
2843a911-1c67-59d8-b1ce-3e4ff99f2613,619290564,way,amenity,place_of_worship,Shrine of Kaku Shah Chishti,,,,,31.5790472,74.331954,Lahore,Punjab,Pakistan,,,
20e723bb-8454-5e6e-a7b9-3f6a07ca2a8c,904059885,way,amenity,place_of_worship,Qari Mumtaz,,,,,31.584663,74.3358014,Lahore,Punjab,Pakistan,,,
825be03b-ad4f-5105-9cd6-f1594040dfa7,612409349,way,leisure,park,Jinnah Park,,,,,31.5807741,74.3422645,Lahore,Punjab,Pakistan,,,
7a880296-d7cb-59ca-877c-156421d2fb76,612409350,way,amenity,place_of_worship,Boharh Wali,,,,,31.5820256,74.3417118,Lahore,Punjab,Pakistan,,,
498902c5-73b3-5812-b283-4d699295b27a,904059889,way,leisure,park,Sultani Park,,,,,31.5830917,74.3418233,Lahore,Punjab,Pakistan,,,
da3d11bf-9419-5029-bf24-4ba41983e107,607875032,way,place,neighbourhood,,,,,,31.58209,74.3368086,Lahore,Punjab,Pakistan,,,
644e48ea-125b-57ab-a12d-5cc9afb8fe4c,607875033,way,place,suburb,سلطان پورہ,سلطان پورہ,Sultanpura,,,31.5823606,74.3431083,Lahore,Punjab,Pakistan,,,
51a02ee6-508b-599b-9d27-f84e9f05677e,607875037,way,place,neighbourhood,Wasanpura,,,,,31.5916416,74.3379134,Lahore,Punjab,Pakistan,,,
82bd8922-5b61-58f6-8ea9-6287483703c6,612408773,way,place,neighbourhood,Sultanpura,,,,,31.5806153,74.3396812,Lahore,Punjab,Pakistan,,,
6ccea573-ee7e-5aad-a5e0-438a524a309d,776916549,way,amenity,fuel,ٹوٹل,ٹوٹل,Total,,,31.5857168,74.3441735,Lahore,Punjab,Pakistan,طوطال,ٹوٹل پارکو,
b03b6f81-906c-5c3b-be07-d8354161ec75,621317136,way,leisure,park,Ilahi Park,,,,,31.5870896,74.3354844,Lahore,Punjab,Pakistan,,,
8686d28d-e63f-58f0-b037-2615bb21ebfd,1223362098,way,leisure,park,Shafi Park,,,,,31.5878889,74.3352414,Lahore,Punjab,Pakistan,,,
4d27c6eb-ce1b-599c-99d3-47f274fc78bf,621317138,way,leisure,park,Shafi Park,,,,,31.5876541,74.3379044,Lahore,Punjab,Pakistan,,,
5c55ab27-eb12-55d4-bc33-9d708b558086,761672826,way,leisure,park,Shafi Park,,,,,31.5897081,74.3394137,Lahore,Punjab,Pakistan,,,
63e4f953-29cf-5cb1-897d-8369e2151317,904059892,way,leisure,park,Punj Peer Park,,,,,31.5854789,74.340828,Lahore,Punjab,Pakistan,,,
5ffb8558-dd92-5f4a-a5ff-9ac07828cbef,904059893,way,amenity,place_of_worship,Punj Peer,,,,,31.585311,74.3409809,Lahore,Punjab,Pakistan,,,
f7be5183-064c-5bb9-80a5-b021b0e17757,328268855,way,leisure,park,تاج پورہ گراؤنڈ,تاج پورہ گراؤنڈ,Tajpura Ground,,,31.5927053,74.3369663,Lahore,Punjab,Pakistan,,,
4f4d3e38-043c-5fed-b7a9-37751508698f,761672819,way,leisure,park,ناظم آباد پارک,ناظم آباد پارک,Nazim Abad Park,,,31.5956989,74.3350026,Lahore,Punjab,Pakistan,,,
66814546-5b15-5513-a99b-179b5b6133a0,904210056,way,leisure,park,Nabi Buksh Park,,,,,31.5975684,74.3347491,Lahore,Punjab,Pakistan,,,
2fabfecf-1efb-57a2-a4d5-a011895599f6,310075306,way,amenity,place_of_worship,Tayyaba,,,,,31.596601,74.3394822,Lahore,Punjab,Pakistan,,,
08d83063-28b7-5223-8fec-520447b39101,761672821,way,leisure,park,,,,,,31.5954158,74.3388286,Lahore,Punjab,Pakistan,,,
084634d0-d110-5dbd-9baa-48cd05908090,761672823,way,leisure,park,,,,,,31.5936674,74.3390777,Lahore,Punjab,Pakistan,,,
046d40c5-b074-5c3b-aa88-3ee4033198fb,761672825,way,leisure,park,Shamshad Park,,,,,31.5928876,74.341815,Lahore,Punjab,Pakistan,,,
6f63eaa3-ac00-5db0-99dd-38d57d40fa0f,310070371,way,amenity,bank,ایچ بی ایل پاکستان,ایچ بی ایل پاکستان,Habib Bank Limited,,,31.5992176,74.3373754,Lahore,Punjab,Pakistan,ایچ بی ایل پاکستان,,
56d6951e-27e8-554e-93c0-196fbc59adef,358891021,way,leisure,park,,,,,,31.5982987,74.3397568,Lahore,Punjab,Pakistan,,,
c22c445b-b776-5319-8ead-bb4661219b12,618664582,way,place,neighbourhood,تاج پورہ,تاج پورہ,Tajpura,,,31.5942346,74.3359443,Lahore,Punjab,Pakistan,,,
ebf897f8-a4e4-5db1-84da-69ef2366135b,904210057,way,leisure,park,Khursheed Park,,,,,31.5964515,74.3370503,Lahore,Punjab,Pakistan,,,
4e959c76-75bd-58f5-ba1f-ac803514590a,904210058,way,leisure,park,Lamba Bagh,,,,,31.5964649,74.3386563,Lahore,Punjab,Pakistan,,,
8d770e4f-731e-5206-96f9-4260faaa8b72,298307251,way,leisure,park,گول باغ,گول باغ,Gol Bagh,,,31.5995335,74.338069,Lahore,Punjab,Pakistan,,,
960fae52-e130-52a4-9f21-855a498101e2,310069982,way,shop,bakery,Gourmet Shad Bagh,,,,,31.5987814,74.338643,Lahore,Punjab,Pakistan,,Gourmet,
1f7dce98-399a-59e9-9741-69250d7bcf76,620501941,way,leisure,park,Akram Park,,,,,31.6012231,74.3419142,Lahore,Punjab,Pakistan,,,
06f385bc-a787-5212-bc26-80c508c48fac,904210062,way,amenity,place_of_worship,Balag-ul-Tawheed,,,,,31.6000976,74.3414423,Lahore,Punjab,Pakistan,,,
c366efe8-d946-5875-8567-bd330ac6f65b,378950834,way,leisure,park,,,,,,31.6064327,74.2928883,Lahore,Punjab,Pakistan,,,
e806d0fb-b797-55f0-b74e-be523fbd9da3,1012002794,way,amenity,parking,,,,,,31.6060146,74.3010757,Lahore,Punjab,Pakistan,,,
9a2624da-9cce-5d12-a05b-05647551e4c8,1012010886,way,leisure,park,,,,,,31.6067125,74.3158539,Lahore,Punjab,Pakistan,,,
e1104f3f-3d25-53bc-a4c1-7bdf14513ebc,26528361,way,leisure,garden,Bagh-e-Dilkhusha,,,,,31.6212684,74.2944488,Lahore,Punjab,Pakistan,,Walled City of Lahore Authority,
fc8d1cc1-6e5e-573b-afaf-43cee757b446,235253176,way,tourism,attraction,مقبرہ نورجہاں,مقبرہ نورجہاں,Tomb of Noor Jahan,,,31.6209176,74.2947594,Lahore,Punjab,Pakistan,,,
d7d08863-f4a5-556f-8de1-ccc2b5a22ca6,235253177,way,tourism,attraction,مقبرۂ جہانگیر,مقبرۂ جہانگیر,Tomb of Jahangir,,,31.6225752,74.3031439,Lahore,Punjab,Pakistan,,,
bf560655-b18c-59a9-b94c-be65495a0798,26528290,way,leisure,garden,Bagh-e-Dilkhusha,,,,,31.6225697,74.3009665,Lahore,Punjab,Pakistan,,Walled City of Lahore Authority,
3f053cc6-0040-500a-a13a-e88d822ce0ab,326892143,way,landuse,cemetery,Muslim Graveyard Pindi Qabristan,,,,,31.6242264,74.3001155,Lahore,Punjab,Pakistan,,,
4ef9c617-1f33-52d8-94a3-8712a471896a,326891951,way,landuse,cemetery,Christian Graveyard,,,,,31.6250703,74.3003447,Lahore,Punjab,Pakistan,,,
1e00d525-e0a4-5012-b2de-00289e1eaccb,326890072,way,leisure,park,,,,,,31.6232987,74.3080224,Lahore,Punjab,Pakistan,,,
3c9687b6-78ac-5dff-bc4a-6832ce87ea93,1051387514,way,amenity,parking,,,,,,31.6225765,74.3058745,Lahore,Punjab,Pakistan,,,
d360bc7c-fa09-5e62-8f6b-b6fc72ddb9b5,326890509,way,leisure,playground,"L.D.A Cricket Ground, Shahdara Town",,,,,31.6227367,74.3106836,Lahore,Punjab,Pakistan,,,
d47fc966-fb2c-5d45-aaa6-b6d56a38cb1e,994898898,way,natural,water,,,,,,31.6123448,74.3251058,Lahore,Punjab,Pakistan,,,
27cbeceb-5643-5bce-8d3f-e871b8735362,706338180,way,amenity,place_of_worship,Jamia Masjid Ghosia,,,,,31.6116765,74.3294094,Lahore,Punjab,Pakistan,,,
2505d4a2-39e7-5a8b-812d-c86e8f208f6b,761672815,way,landuse,industrial,Jamal Steels,,,,,31.6074291,74.3320363,Lahore,Punjab,Pakistan,,,
178005f2-8cdb-503c-b6ac-92ec734b8d7c,706338067,way,amenity,place_of_worship,Jamia Masjid Sultania,,,,,31.6097603,74.3430913,Lahore,Punjab,Pakistan,,,
ccc7b6e9-caf4-50e4-966f-837695250b3b,761672814,way,landuse,cemetery,Pir Ronki Cemetery,,,,,31.6077036,74.3385218,Lahore,Punjab,Pakistan,,,
b40e1c07-4190-57eb-a5d6-f3e0ee413265,706338070,way,tourism,hotel,Sadiq Hotel,,,,,31.6123062,74.339692,Lahore,Punjab,Pakistan,,,
533f67d1-e173-5792-ab48-1b4941174b97,621317140,way,landuse,cemetery,Ghoray Shah Cemetery,,,,,31.5830771,74.3498376,Lahore,Punjab,Pakistan,,,
c72a524d-ccb8-52ec-a90d-3406c8a7ecbb,607875035,way,place,neighbourhood,Khui Miran,,,,,31.587373,74.3469381,Lahore,Punjab,Pakistan,,,
c1b865a3-f36d-5da2-ad49-e635e6869989,607875036,way,place,neighbourhood,Nawanpind,,,,,31.588219,74.3498486,Lahore,Punjab,Pakistan,,,
1c1e4bd8-b1e9-51ea-9aa0-829172a69e03,623019703,way,leisure,park,Sofia Park,,,,,31.5919521,74.3493555,Lahore,Punjab,Pakistan,,,
3a9aaa23-d944-50bb-969a-754d0b029590,618664586,way,amenity,place_of_worship,Shrine of Chah Miran,,,,,31.5863605,74.3445478,Lahore,Punjab,Pakistan,,,
9dbf0a3e-5e8d-5cd7-b563-f18597c19491,621317139,way,amenity,place_of_worship,Shrine of Hazuri Shah,,,,,31.5880169,74.3460676,Lahore,Punjab,Pakistan,,,
279ae9c1-7531-5bc2-9ea5-0aa320998465,623019708,way,leisure,park,,,,,,31.5929953,74.3487428,Lahore,Punjab,Pakistan,,,
d116b57c-2bff-5dde-9c58-dd32573e5f3a,761672827,way,leisure,park,Makhanpura Park,,,,,31.5940796,74.3478687,Lahore,Punjab,Pakistan,,,
f92946ae-e1b7-5e46-9b4b-d054484fdf64,904059911,way,leisure,park,,,,,,31.5960576,74.3484282,Lahore,Punjab,Pakistan,,,
57fd1c67-2666-5cf5-809d-2e2a3fe5c671,521829724,way,leisure,park,China Scheme Park,,,,,31.5943548,74.3499729,Lahore,Punjab,Pakistan,,,
d9a1540a-04bc-5994-a272-f55e73fe9afa,706338068,way,amenity,place_of_worship,Jamia Masjid Darbar Syed Haider,,,,,31.6105127,74.3461698,Lahore,Punjab,Pakistan,,,
c46f3127-6454-5b98-b61d-1f33ceadb2bb,8430689,relation,amenity,place_of_worship,داتا دربار,داتا دربار,Data Darbar,,,31.5789258,74.3045617,Lahore,Punjab,Pakistan,,,Q3399894
530e0886-56f0-5eec-97af-058faccef678,12280808,relation,amenity,place_of_worship,Naemia,,,,,31.5648257,74.3429383,Lahore,Punjab,Pakistan,,,
debf6ea5-ac1f-5ed7-9d6e-6a5365789a1e,10556451,relation,place,suburb,نولکھا,نولکھا,Naulakha,,,31.5794723,74.3298272,Lahore,Punjab,Pakistan,,,
4f19eefb-5f0f-5919-9f53-e4217b8daa2f,13026529,relation,landuse,commercial,Alamgir Market,,,,,31.5792639,74.3191107,Lahore,Punjab,Pakistan,,,
ae6a5d0b-f474-5001-add1-f8891ff93df5,12301101,relation,leisure,park,Railway Square,,,,,31.5762309,74.3352664,Lahore,Punjab,Pakistan,,,
4cd4a39a-e775-55f6-8035-91c9c39ef3ef,13046743,relation,natural,water,Ravi,دریائے راوی,,,,31.6337787,74.326285,Lahore,Punjab,Pakistan,,,
95643fb2-2892-54e0-8164-5421bd024792,12269329,relation,amenity,place_of_worship,اونچی مسجد,,Oonchi Mosque,,,31.5812245,74.3091194,Lahore,Punjab,Pakistan,,,
cc3e9558-faf0-5bd1-88ab-1da1654155ec,8443363,relation,amenity,place_of_worship,مریم الزمانی بیگم شاہی مسجد,مریم الزمانی بیگم شاہی مسجد,Mosque of Mariyam Zamani Begum,,,31.5870861,74.3177737,Lahore,Punjab,Pakistan,,,Q12904640
ddb01bdd-39cf-548d-80c0-9e4db4500cb7,8447249,relation,tourism,attraction,حویلی نو نہال سنگھ,حویلی نحویلی نو نہال سنگھو نہال سنگھ,Haveli of Nau Nihal Singh,,,31.5794505,74.3114808,Lahore,Punjab,Pakistan,,,
dc49f914-155a-5e51-af58-b79d834f69eb,12271286,relation,amenity,place_of_worship,بادشاہی مسجد,,Badshahi Mosque,,,31.5881137,74.3101055,Lahore,Punjab,Pakistan,,,Q330872
e3de9d86-dc6b-5afa-9cd5-5f52aeac1892,12281064,relation,amenity,place_of_worship,موتی مسجد,موتی مسجد,Moti Masjid,,,31.5884471,74.3137406,Lahore,Punjab,Pakistan,,,Q2503092
8cb449cd-dce3-5835-8c36-4d8833bffca1,8420214,relation,amenity,place_of_worship,مسجد وزیر خان,مسجد وزیر خان,Wazir Khan Mosque,,,31.5832043,74.323606,Lahore,Punjab,Pakistan,,,Q2352054
5740af9d-d9ed-53a4-af69-2bf378f5c062,8443399,relation,amenity,place_of_worship,سنہری مسجد,سنہری مسجد,Sunehri Mosque,,,31.5831057,74.3196822,Lahore,Punjab,Pakistan,,,Q7639954
02e50772-06c2-575e-9106-355cc81bc960,13534615,relation,amenity,place_of_worship,امام برگاہ حویلی الف شاہ,,,,,31.583179,74.3257477,Lahore,Punjab,Pakistan,,,
879b1481-4368-5d46-92cd-aeb6acf1e145,12277134,relation,amenity,place_of_worship,شمسیہ,,Shamsia,,,31.5833248,74.3357497,Lahore,Punjab,Pakistan,,,
3ee96b99-3bcc-57fa-9f1e-f7ae3143d565,4578075381,node,amenity,place_of_worship,Nazd Masjid Khalil,,,,,31.6264434,74.2817746,Lahore,Punjab,Pakistan,,,
e1d32b33-178e-5f4a-a5d3-95177fb50be4,9369452720,node,amenity,place_of_worship,Masjid Saddiquea,,,,,31.6276504,74.282486,Lahore,Punjab,Pakistan,,,
e7151ae4-cabc-5687-b206-5f9f4bd5d763,2433331705,node,railway,station,شاہدرہ ٹاؤن,شاہدرہ ٹاؤن,Shahdara Bagh Junction,,,31.6267536,74.2905987,Lahore,Punjab,Pakistan,,,Q18515988
87a475e0-98eb-5cea-b9c5-1a42eecaae9b,4612279735,node,shop,tailor,Fine Tailors,,,,,31.6251808,74.2884562,Lahore,Punjab,Pakistan,,,
be99b859-2bcd-5841-9df5-e3a3fb397f50,4910219490,node,amenity,bank,ایم سی بی بینک,ایم سی بی بینک,MCB Bank,,,31.629982,74.2875338,Lahore,Punjab,Pakistan,ایم سی بی بینک,ایم سی بی بینک لمیٹڈ,
0eb316ec-abe5-5b6e-9014-385510a19681,4910219492,node,shop,bakery,Dory Bakery,,,,,31.6306178,74.2874064,Lahore,Punjab,Pakistan,,,
2343b480-037c-538f-9227-7552731cdd5f,4910219496,node,shop,mall,Sachyari Shopping Center,,,,,31.6274913,74.2874966,Lahore,Punjab,Pakistan,,,
aa65fd0a-67af-5597-8f0d-73de0c795294,4910219497,node,amenity,place_of_worship,Jamy Masjid Al Minar,,,,,31.6275275,74.2886009,Lahore,Punjab,Pakistan,,,
f87250a5-47c9-5dce-9304-a7785457275f,4910219500,node,shop,mall,K B Shopping Center,,,,,31.6262208,74.2883461,Lahore,Punjab,Pakistan,,,
7a3c4fb7-d430-5159-99a0-7f0b5d8c65a2,4910219501,node,amenity,place_of_worship,,,,,,31.6255927,74.2884855,Lahore,Punjab,Pakistan,,,
00efcc60-65df-5b67-ac94-0bcb26338b3d,4910585745,node,healthcare,hospital,Govt. Maternity Hospital,,,,,31.6259547,74.2962832,Lahore,Punjab,Pakistan,,,
330eec37-d0b5-5485-819c-956dce80fd24,4910585746,node,amenity,townhall,Bilal Marriage Hall,,,,,31.6265294,74.2964381,Lahore,Punjab,Pakistan,,,
fd68645e-3620-5d36-aa89-5e7ba0242d1f,4910585750,node,amenity,townhall,Khan Marriage Hall,,,,,31.6269795,74.2953602,Lahore,Punjab,Pakistan,,,
c345f40e-4be6-5ace-a16a-4692efc4d189,4910585752,node,amenity,place_of_worship,Qazi Park,,,,,31.6251373,74.2953827,Lahore,Punjab,Pakistan,,,
261fad70-0f55-58c0-b519-86b392fe3b14,5639168421,node,amenity,restaurant,kuku khoya chanay,,,,,31.6277978,74.2953031,Lahore,Punjab,Pakistan,,Nasir,
b46f604f-ab72-5ad3-a1b6-70f5a95ed290,4910585753,node,amenity,restaurant,New Al-Fazal Dera Restaurent,,,,,31.6251743,74.3011261,Lahore,Punjab,Pakistan,,,
82af2e69-7156-58c3-acbd-92a7b1343e27,304964074,node,place,suburb,رانا ٹاؤن,رانا ٹاؤن,Rana Town,,,31.636848,74.2842026,Lahore,Punjab,Pakistan,,,
46c93de7-6d2c-55a1-9ec3-7e9cf378399d,4910219489,node,amenity,restaurant,Italian Pizza,,,,,31.6322591,74.2870667,Lahore,Punjab,Pakistan,,,
09c0c475-54e1-50c6-b996-5e7ea64e6cc6,4910219466,node,amenity,place_of_worship,Jamia Masjid Muhammadia Ghousia,,,,,31.6421082,74.2826188,Lahore,Punjab,Pakistan,,,
2d4d4e1a-707d-5df5-b0d1-03de5cbd9fc5,3335848396,node,amenity,fuel,Hascol Fuelling Station,,,,,31.6401366,74.2854064,Lahore,Punjab,Pakistan,,,
95674fcd-642c-59f3-a9c8-b77c791e853d,3335850674,node,amenity,fuel,پاکستان اسٹیٹ آئل,پاکستان اسٹیٹ آئل,Pakistan State Oil,,,31.6392551,74.2855619,Lahore,Punjab,Pakistan,پاکستان اسٹیٹ آئل,,
82a9e235-3d57-5e64-b605-33d31f0a2e3b,4910219465,node,healthcare,clinic,Amna Memorial Children Hospital,,,,,31.6416078,74.2859132,Lahore,Punjab,Pakistan,,Dr. M. Kamran Azam,
2e1593ae-dc83-5640-a627-0003b900b093,4907505343,node,amenity,townhall,Gulshan Marriage Hall,,,,,31.649597,74.2840934,Lahore,Punjab,Pakistan,,,
93cc3b4a-fa1d-5960-92bd-824a43c21db8,4907505344,node,amenity,place_of_worship,Jamia Mosque,,,,,31.6473767,74.2843713,Lahore,Punjab,Pakistan,,,
f014d139-7068-5b6d-bfd1-ceb75631438b,4907505346,node,amenity,fuel,پاکستان اسٹیٹ آئل,پاکستان اسٹیٹ آئل,Pakistan State Oil,,,31.6467813,74.2844853,Lahore,Punjab,Pakistan,پاکستان اسٹیٹ آئل,,
0e958e8c-9787-5f0a-8dfe-7678c61bfc3b,4907505347,node,amenity,place_of_worship,Jamia Mosque Imamia,,,,,31.6473085,74.2824765,Lahore,Punjab,Pakistan,,,
a6dc0daa-35ec-5479-858a-729fee7d0bc8,4907505348,node,amenity,post_office,,,,,,31.6471432,74.2820574,Lahore,Punjab,Pakistan,,,
4dc3fa5c-5c10-5c7e-8d24-c9f92149b012,4907505350,node,amenity,townhall,Royal Marriage Hall,,,,,31.6453308,74.2848519,Lahore,Punjab,Pakistan,,,
dbac2fdc-adbc-5dc3-8d85-378f4d1977fa,4907505351,node,amenity,bank,الائیڈ بینک لمیٹڈ,الائیڈ بینک لمیٹڈ,ABL,,,31.644801,74.2851046,Lahore,Punjab,Pakistan,الائیڈ بینک لمیٹڈ,,
9e90abf3-241b-5d1e-a08d-9852fd30e986,4907505338,node,amenity,fuel,Malik CNG & Filling Station,,,,,31.6559849,74.2828564,Lahore,Punjab,Pakistan,,,
038c31d3-7aea-53c2-adb9-24b1862a0166,4907505339,node,shop,shoes,Servis Shoes,,,,,31.6560576,74.2820921,Lahore,Punjab,Pakistan,,,
905e4098-6cd1-5e64-abdc-485d45c85ed5,4907505340,node,amenity,fuel,PSO Fuelling Station,,,,,31.6549467,74.282271,Lahore,Punjab,Pakistan,,,
a099652e-cbea-5815-a4ad-c93d86ee9a3d,4907505341,node,amenity,police,Ferozewala Police Station,,,,,31.6527804,74.281527,Lahore,Punjab,Pakistan,,,
9b2c687e-f618-52b7-a9ca-0dbf983b9f1d,4907505342,node,shop,bakery,Gourmet Bakers & Sweets,,,,,31.650871,74.283911,Lahore,Punjab,Pakistan,,,
862558ce-0f6d-5441-bd0c-0c9f2b22c8c9,4907505337,node,amenity,restaurant,Arzu Hotel & Restaurant,,,,,31.6599403,74.2812993,Lahore,Punjab,Pakistan,,,
078c1484-5e19-596d-8d96-ebc5521969cb,9325952207,node,place,city,فیروزوالہ,فیروزوالہ,Ferozewala,,,31.6583094,74.2807933,Lahore,Punjab,Pakistan,,,
21fce94a-2c6b-5bca-8143-432151b9f1c3,9325952208,node,healthcare,hospital,ٹی ایچ کیو ہسپتال,,Tehsil Headquarters Hospital,,,31.6579532,74.2825636,Lahore,Punjab,Pakistan,,,
003870ba-51d7-5cb5-8e2c-8a829a112945,7244237287,node,tourism,hotel,Cinnamon Marriage Castle,,,,,31.6667332,74.2810834,Lahore,Punjab,Pakistan,,,
b02080fb-e271-55a7-902c-e2c2d0da62a3,9325952209,node,place,neighbourhood,رحمان سٹی فیز 6,,Rehman City Phase-6,,,31.6674982,74.2824591,Lahore,Punjab,Pakistan,,,
7c868926-3529-5928-9038-3ae36cf6baf9,4907505324,node,tourism,hotel,Sunview Hotel,,,,,31.6806766,74.2774847,Lahore,Punjab,Pakistan,,,
e3cc517f-5bc6-5ef5-ae1d-3b30b9a77233,4907505325,node,amenity,restaurant,Al-Noor Hotel & Restaurant,,,,,31.6790782,74.2779645,Lahore,Punjab,Pakistan,,,
4c725049-ffb3-57ef-a17b-28e97640c809,4907505326,node,amenity,place_of_worship,Jamia Masjid Bilal Ranatown,,,,,31.6776648,74.2757361,Lahore,Punjab,Pakistan,,,
f1cb0d3b-557f-5cf7-a28c-388d8078ffa1,8851301494,node,amenity,place_of_worship,Hazrat Hassan Shah shrine,,,,,31.6452374,74.3103446,Lahore,Punjab,Pakistan,,,
4d8ed9da-13c4-505e-baaa-b594d34368b4,8851301445,node,place,village,جسپت,,Jaspat,,,31.6537442,74.321732,Lahore,Punjab,Pakistan,,,
43ca355f-681e-533b-b7af-62483c446c00,8851307886,node,place,village,حاجی کوٹ,,Haji Kot,,,31.659331,74.307487,Lahore,Punjab,Pakistan,,,
40aad864-3ce5-5b21-b1e6-f26720a4dd33,8851307888,node,amenity,place_of_worship,Darbar Sharif Alhaj Pir Mohammad Ramzan,,,,,31.6576806,74.305777,Lahore,Punjab,Pakistan,,,
1f0cd506-6c05-511c-a64b-b361474c5003,8851307887,node,place,village,کرول,,Karoul,,,31.6682442,74.3164412,Lahore,Punjab,Pakistan,,,
bba05e42-059a-503b-b9b0-501ad943048e,8851301444,node,place,village,نتھو کوٹ,,Nathu Kot,,,31.6574923,74.3237007,Lahore,Punjab,Pakistan,,,
6f080bc7-e415-57b8-b767-9563b7c0c429,8851307885,node,place,village,بڑتھ,,Barrth,,,31.6728564,74.3209406,Lahore,Punjab,Pakistan,,,
e691ab22-ac8e-5068-aa1a-2b2de9876565,8851307884,node,place,village,بلکھے,,Balkhay,,,31.6822499,74.3315181,Lahore,Punjab,Pakistan,,,
111e1370-b56a-54fe-bfed-1cac3ad2df87,8851301495,node,place,village,دندیاں,,Dandian,,,31.683307,74.3439858,Lahore,Punjab,Pakistan,,,
09d63560-d694-5d37-bebc-8a2970112ee6,4907504319,node,amenity,fuel,CNG Station,,,,,31.6871503,74.2755605,Lahore,Punjab,Pakistan,,,
06642407-7a60-54d1-8a92-fa848308ee7a,4907504320,node,tourism,hotel,Al-Rehman Hotel,,,,,31.6859271,74.275902,Lahore,Punjab,Pakistan,,,
2e3191a0-7c98-5dbd-804e-a7c4156fd5dc,4907505322,node,amenity,fuel,Green Petrol Pump,,,,,31.6849336,74.2769154,Lahore,Punjab,Pakistan,,,
3015894d-a052-55d2-a86e-7424b8a0b4b5,9397536963,node,place,village,کوٹ مول چند,,Kot Mul Chand,,,31.6879958,74.3236722,Lahore,Punjab,Pakistan,,,
6c40cdcc-8c88-534f-a558-0f5f33487f1a,8851307883,node,place,village,کوٹ ہدایت علی,,Kot Hidayat Ali,,,31.6874622,74.3442891,Lahore,Punjab,Pakistan,,,
fbc5ab6c-06cf-5ad1-8dd9-a50c9bad7656,720168525,way,natural,water,,,,,,31.6396583,74.2806691,Lahore,Punjab,Pakistan,,,
22a5f15c-ebc4-5018-a33d-f5625664158d,499807312,way,landuse,cemetery,Christian Cemetery,,,,,31.6323178,74.2862406,Lahore,Punjab,Pakistan,,,
158b4fa1-a0a4-57ba-8b3f-1606f29d185d,326889000,way,leisure,stadium,Play Ground,,,,,31.6362898,74.2853219,Lahore,Punjab,Pakistan,,,
323429ad-3edc-5d64-9297-021a4b0c0187,499807309,way,leisure,stadium,Nawaz Sharif Cricket Complex,,,,,31.6392744,74.2846136,Lahore,Punjab,Pakistan,,,
ae3c31c9-67c7-5971-910a-32b011ef1b7b,326885687,way,landuse,industrial,Atta Cables (Pvt) Limited,,,,,31.6412144,74.2844293,Lahore,Punjab,Pakistan,,,
1a9b2513-acfd-59ca-ae2c-d856cfb5be13,1268329990,way,amenity,fuel,,,,,,31.6701126,74.2788188,Lahore,Punjab,Pakistan,,,
99971337-992d-535d-a890-d24f031f6ca7,1268329991,way,amenity,fuel,,,,,,31.6704078,74.2787933,Lahore,Punjab,Pakistan,,,
2ab65c49-6853-5da8-b6aa-ad8dbd812e4f,1268330017,way,amenity,fuel,,,,,,31.6604883,74.2809851,Lahore,Punjab,Pakistan,,,
02758a2d-5c19-5b47-a6e0-ecc9225cd130,1268330018,way,landuse,industrial,,,,,,31.6601763,74.2829735,Lahore,Punjab,Pakistan,,,
6fae43c0-e812-5d4b-a062-e2599ab5d65c,568500763,way,landuse,industrial,Jamal Pipe Factory,جمال پائپ فیکٹری,,,,31.6754151,74.277651,Lahore,Punjab,Pakistan,,,
b9d84073-a5d9-5e8d-9e1c-a0eda785f649,1244563252,way,amenity,fuel,,,,,,31.6605116,74.3092843,Lahore,Punjab,Pakistan,,,
493c8ee4-94ac-56e5-b44b-6b2d6489e168,629863377,way,landuse,commercial,Noor LPG Plant,,,,,31.684444,74.3384295,Lahore,Punjab,Pakistan,,,
d792d8dc-6030-5bc9-969b-c906d0782240,13046742,relation,natural,water,Ravi,دریائے راوی,,,,31.6752824,74.3773229,Lahore,Punjab,Pakistan,,,
fdec1617-52f4-5947-a834-34509753fffd,8852335198,node,place,neighbourhood,آصف ٹاؤن,,Asif Town,,,31.4072443,74.3519991,Lahore,Punjab,Pakistan,,,
7d49c257-9fed-519e-bdfd-e597da0247b3,8852335195,node,place,village,دولو خورد,,Dullu Khurd,,,31.4064689,74.3633759,Lahore,Punjab,Pakistan,,,
3e69d8ab-7851-506c-8ccb-0bb3a652314c,8852335196,node,place,neighbourhood,سیٹلائٹ ٹاون,,Satellite Town,,,31.4038282,74.3614602,Lahore,Punjab,Pakistan,,,
3f65d6b5-8ed3-54d7-8ff3-064c4f1fc73d,3588639646,node,place,suburb,یوحنا آباد,,Youhanabad,,,31.4133989,74.3666053,Lahore,Punjab,Pakistan,,,
2c6711ae-4f79-5c13-9326-d41aaeb7e597,8673689563,node,place,village,دُولو,,Dullu,,,31.4121714,74.3743616,Lahore,Punjab,Pakistan,,,
2960cde0-8a2f-59d3-ad0b-3323cf8ea822,8673689565,node,place,village,راجابولے,,Rajabole,,,31.4000691,74.4088315,Lahore,Punjab,Pakistan,,,
15178c70-ba19-5ed3-89ba-39a8289d536b,8673689566,node,place,village,Deo Khurd,,,,,31.4065689,74.4155614,Lahore,Punjab,Pakistan,,,
5777f910-a744-56ff-98d4-238e48da7d02,8673689567,node,place,village,بالہڑ,,Bahler,,,31.4106289,74.3970134,Lahore,Punjab,Pakistan,,,
6b3569c2-3e03-51e1-bf33-a8d66fcbe6e4,8851646556,node,place,village,دیو کلاں,,Deo Kalan,,,31.4203252,74.4161056,Lahore,Punjab,Pakistan,,,
07aa1e4c-dea2-524c-bfcb-5fa6d5277d20,4874812922,node,amenity,fuel,petrol pump,,,,,31.4314574,74.3559558,Lahore,Punjab,Pakistan,,,
f2385790-1b2e-56f2-a745-b5a3d98a253b,12153546574,node,shop,supermarket,ApniDukan 24SEVEN,,,,,31.4323412,74.3557258,Lahore,Punjab,Pakistan,24SEVEN,24SEVEN.pk,
482c84d9-8993-5d88-aa7a-60e45f822dd5,5260103790,node,healthcare,hospital,Noor Hospital,,,,,31.4245439,74.3572983,Lahore,Punjab,Pakistan,,,
0d9c3d1d-e1d7-5f35-beba-b2d3af9848aa,4852891721,node,amenity,atm,,,,,,31.4355352,74.3505312,Lahore,Punjab,Pakistan,,,
a3ab6799-e07a-58a4-a48d-7ca621c4a7df,4216106309,node,shop,supermarket,Awan Market,,,,,31.4396589,74.3557082,Lahore,Punjab,Pakistan,,,
375349b0-18d0-54dd-9df2-a57962f5ac5c,4969226400,node,office,company,Metal Formings (PVT) LTD,,,,,31.4374788,74.3573731,Lahore,Punjab,Pakistan,,,
0b479c7e-c0f7-5d80-a7fb-d4e64fa5e0fb,304961588,node,place,village,کماہاں,کماہاں,Kamahan,,,31.4461822,74.3890019,Lahore,Punjab,Pakistan,,,
2390209c-6de8-5edc-b876-324762a603e0,304961768,node,place,neighbourhood,Ismaial Naghar,,,,,31.4516336,74.3503341,Lahore,Punjab,Pakistan,,,
2624273e-5863-5b2a-8e3e-b278e47c1c96,4755815221,node,amenity,atm,,,,,,31.4531884,74.353573,Lahore,Punjab,Pakistan,,Hbl,
b3ff5999-84b4-515d-9fec-b39d7d219ddd,4397111491,node,tourism,guest_house,sweet home,,My Aaria Sweet HomeE-350,,,31.4604122,74.3525271,Lahore,Punjab,Pakistan,,,
3e0501c9-92c5-5016-ad2c-512b245156f5,271738937,node,leisure,park,Park Sec AA Ph 4,,,,,31.4586863,74.3677584,Lahore,Punjab,Pakistan,,,
4d88ed82-b575-54e5-8afb-6feff47f7f4d,5259958805,node,healthcare,hospital,Makhdoom Memorial Hospital,,,,,31.4556252,74.3659617,Lahore,Punjab,Pakistan,,,
91776c27-fc92-5b9e-b09b-bad4e6a5e032,273168869,node,place,village,امر سدھو,امر سدھو,Amar Sidhu,,,31.466737,74.3567583,Lahore,Punjab,Pakistan,,,
9d56a033-7867-50f1-8392-8163bab199f8,5075321621,node,shop,supermarket,Carrefour,,,,,31.4711049,74.3556681,Lahore,Punjab,Pakistan,Carrefour,,
f848bd5c-ac1a-59ca-8e00-95389e8458dc,5096092621,node,shop,mall,Packages Mall,,,,,31.4711831,74.3560264,Lahore,Punjab,Pakistan,,,
8c674c40-53db-581e-9c61-b23883a71a16,5273669394,node,shop,furniture,Kalamkaar Showroom - Packages Mall,,,,,31.4700263,74.3549502,Lahore,Punjab,Pakistan,,,
9c715e6c-e49c-5b5e-b134-b96fdb84fbcb,7270474703,node,leisure,playground,Funholics Laser Tag,,,,,31.4717327,74.3563505,Lahore,Punjab,Pakistan,,,
2590aa61-68fe-52e8-b316-f9b2ccfb70ed,10774529163,node,amenity,police,Police station,,,,,31.4736705,74.3545836,Lahore,Punjab,Pakistan,,,
aa1abfc9-d41d-5aa0-ac54-05db24de3b86,10069755250,node,tourism,attraction,Old Gurdwara Patshahi Chhevi,,,,,31.4656612,74.3590028,Lahore,Punjab,Pakistan,,,
f7b4acd7-7eec-5e77-b798-ac2f6c099364,8366441517,node,tourism,attraction,Sadabahar Pearl Marquee,,,,,31.4628368,74.3647888,Lahore,Punjab,Pakistan,,,
3ce55fb3-e16d-59f9-8ba1-40377b6002f5,4076039439,node,amenity,place_of_worship,Jamia Masjid Taqwa,,,,,31.4734464,74.3589503,Lahore,Punjab,Pakistan,,,
00ea74dc-9b34-571f-bf69-90c9005e1d1c,5133565166,node,shop,bakery,Gourmet,,,,,31.473043,74.3574054,Lahore,Punjab,Pakistan,,,
d21af6c4-09c4-539d-9b34-b8d7b88af0c1,1305478189,node,amenity,atm,,,,,,31.4719546,74.368231,Lahore,Punjab,Pakistan,,Habib Bank Limited,
7dea1e1b-8757-55d7-a015-febb06e01ddf,3237634000,node,amenity,fuel,ٹوٹل,ٹوٹل,Total,,,31.4719281,74.3680581,Lahore,Punjab,Pakistan,Total,ٹوٹل پارکو,
52a46c19-f781-5ca0-a011-88974fbcaacb,6236868786,node,office,government,Executive Passport Office,,,,,31.4711463,74.3644299,Lahore,Punjab,Pakistan,,,
206925f1-fb29-52d3-b640-acfa6e54cdf4,11959508025,node,shop,car_repair,Automobile Air Pressure Check,,,,,31.4716843,74.3680098,Lahore,Punjab,Pakistan,,,
38b23274-2650-56af-b0ce-5d9d2e015f3f,271739587,node,place,suburb,Punjab Cooperative Housing Society,,,,,31.4588759,74.3743069,Lahore,Punjab,Pakistan,,,
9ec45b4f-b9a9-5ee2-a388-f64c1fc4d404,4492363091,node,tourism,attraction,Warraich House,,,,,31.460227,74.3718193,Lahore,Punjab,Pakistan,,,
8d7f8163-90f8-51c0-8175-082632e85e62,4841400921,node,shop,car_repair,Motor Matic,,Motor Matic,,,31.4499364,74.3918455,Lahore,Punjab,Pakistan,,,
43de230e-7d72-57ea-bceb-920f3d9f7526,6347648174,node,amenity,cafe,Chobara,,,,,31.4507078,74.3962949,Lahore,Punjab,Pakistan,,,
3f6f2d34-6c4e-54b2-ba42-2bcc88bb96b2,12430036721,node,shop,shoes,Tres Footwear,,,,,31.4483084,74.3930356,Lahore,Punjab,Pakistan,,,
d3c7560d-e2de-5395-ac7f-b624b960c433,272282633,node,leisure,park,Sec GG Park Ph 4,,,,,31.4550547,74.3868214,Lahore,Punjab,Pakistan,,,
b8f4c2e5-ec2c-54f1-8cc8-8bc1e9dc610e,272283262,node,amenity,place_of_worship,Masjid Sec GG Ph 4,,,,,31.4583278,74.3849007,Lahore,Punjab,Pakistan,,,
aa9cfaaa-16f7-5431-8f84-886365132e23,272277616,node,leisure,park,Park Sec JJ Ph 4,,,,,31.4547985,74.3899456,Lahore,Punjab,Pakistan,,,
0939ec02-88c0-5063-b258-6436a3a25909,272328924,node,leisure,park,Park Sec FF Ph 4,,,,,31.4603555,74.3907267,Lahore,Punjab,Pakistan,,,
8dfa8762-6711-5e41-b017-f4f0782cae93,4710624021,node,place,suburb,DHA Phase V,,,,,31.4575982,74.3955357,Lahore,Punjab,Pakistan,,,
d3aa2a5b-2e04-5c9d-af6b-5e522a3ebed3,4710624022,node,place,neighbourhood,Sector L,,,,,31.4581588,74.3963135,Lahore,Punjab,Pakistan,,,
b4f2955b-e6c0-5f86-b1e8-63cff2ad3a69,272274933,node,leisure,park,,,,,,31.4624348,74.375054,Lahore,Punjab,Pakistan,,,
a4387c8e-fae7-578f-bd56-ecbf2facea7e,13200785963,node,office,company,Chishti & Sons,,,,,31.4616291,74.3719064,Lahore,Punjab,Pakistan,,,
49cb5f2d-e0ac-515c-9d2b-6aa4223469f3,272276860,node,leisure,park,Park CC Ph 4,,,,,31.4619077,74.3817316,Lahore,Punjab,Pakistan,,,
40193653-a74a-5ed0-b435-8161a0603e42,364132863,node,shop,mall,Goldcrest Mall and Apartments,,,,Mall and Apartment building,31.4666041,74.3817396,Lahore,Punjab,Pakistan,,,
b6ef6794-7bd9-5818-bfd6-4fa167426627,643125691,node,leisure,park,Askari Park,,,,,31.4653779,74.3803325,Lahore,Punjab,Pakistan,,,
3eb6d951-cf47-5fc7-b7eb-96087b8d6c49,4972228924,node,amenity,ice_cream,Pomy's,,,,,31.4662698,74.3793209,Lahore,Punjab,Pakistan,,Wasiq Ch.,
aedc6fa2-01f0-52cd-96aa-a9da06a5c2da,7297674500,node,amenity,fast_food,Johnny & Jugnu,,,,,31.4662531,74.3792468,Lahore,Punjab,Pakistan,,,
9680b03e-cc24-5440-b457-77f32af40c8e,7297733029,node,shop,supermarket,Al-Fatah,,,,,31.4663942,74.3818327,Lahore,Punjab,Pakistan,,Alfatah,
bb447fc3-801a-54e1-8133-cd60762b9da2,267194717,node,leisure,park,,,,,,31.4700412,74.3761784,Lahore,Punjab,Pakistan,,,
e796d949-387d-599c-85e1-8d8d8b0fb287,270893763,node,shop,convenience,,,,,,31.4715858,74.3732086,Lahore,Punjab,Pakistan,,,
56f00f1b-2bd9-52a9-9bb2-8ca15550f9aa,533745331,node,shop,convenience,,,,,,31.4729157,74.3767638,Lahore,Punjab,Pakistan,,,
75260883-54bc-5ed8-9092-5c415fde85f6,533745579,node,amenity,parking,,,,,,31.4720812,74.3767982,Lahore,Punjab,Pakistan,,,
dbb8f281-e75d-5103-94f2-a1d5bfdc6d51,533746600,node,amenity,fast_food,,,,,,31.4733988,74.3766437,Lahore,Punjab,Pakistan,,,
f79f2d07-3844-536e-8fc9-5fb43846143e,4540612489,node,amenity,restaurant,Zafran restaurant,,Zafran restaurant,,,31.4718867,74.374322,Lahore,Punjab,Pakistan,,,
de9f35e9-b30f-5d91-8696-58910bcb8750,4738198525,node,amenity,fast_food,Broadway Pizza,,Broadway Pizza,,,31.4714523,74.3766358,Lahore,Punjab,Pakistan,,,
d12b06f9-8484-5657-b1d9-310b630296c4,5260262452,node,amenity,bank,National Bank,,,,,31.4731918,74.3767161,Lahore,Punjab,Pakistan,,,
d7fc11a1-d253-5f22-8c70-5da4098730e6,6687577998,node,amenity,restaurant,Cheeky Joe's,,,,,31.4719466,74.3743216,Lahore,Punjab,Pakistan,,,
f7d69107-907f-5adb-bf2d-da3a664a992d,11518947547,node,amenity,restaurant,Aura,,,,,31.4688044,74.3760599,Lahore,Punjab,Pakistan,,,
7bd35678-3d3d-51ba-83ac-c71c4bf1b027,271644021,node,amenity,fuel,,,,,,31.4677272,74.3803489,Lahore,Punjab,Pakistan,,,
99d6c0a6-ff6c-5353-a43d-0d9d56b72a80,271698308,node,amenity,parking,,,,,,31.4734706,74.3774934,Lahore,Punjab,Pakistan,,,
677f193d-dda3-5957-b750-411c098ab045,271698464,node,amenity,parking,,,,,,31.4730753,74.3770643,Lahore,Punjab,Pakistan,,,
8a195784-39af-528b-84a3-028aa2c8f0da,304964736,node,place,neighbourhood,Defence Housing Authority,,,,,31.4715878,74.3816205,Lahore,Punjab,Pakistan,,,
a7b05ac6-0fbb-5214-a432-4b986fab16d3,533745299,node,shop,convenience,,,,,,31.4728764,74.3781285,Lahore,Punjab,Pakistan,,,
c0a46024-86a5-5280-9960-e3fd50578d18,533745343,node,shop,convenience,,,,,,31.4723008,74.3784204,Lahore,Punjab,Pakistan,,,
48bf92c0-3860-5f3c-9bf5-06612237b4f9,533745388,node,shop,convenience,,,,,,31.4718689,74.376884,Lahore,Punjab,Pakistan,,,
0d13dfa5-7c49-5792-8cca-f355d75e9bd4,533745430,node,shop,convenience,,,,,,31.4720958,74.3773561,Lahore,Punjab,Pakistan,,,
cdf326c8-7906-55a6-915d-667dcf1482cc,533745532,node,amenity,parking,,,,,,31.4730035,74.3783174,Lahore,Punjab,Pakistan,,,
16a3c32b-fede-5cf7-aa2f-1acc844de46c,533746378,node,amenity,restaurant,Bundu Khan,,,,,31.4735599,74.3792443,Lahore,Punjab,Pakistan,,,
9654bf93-1eaa-564f-934e-897b923e3d33,533746633,node,amenity,place_of_worship,,,,,,31.4734574,74.3778539,Lahore,Punjab,Pakistan,,,
d314fab7-d7eb-53df-a946-f23a03821b70,4291436099,node,shop,shoes,E C S DHA,,,,,31.4722362,74.3770809,Lahore,Punjab,Pakistan,,,
5833becd-dc78-5a01-8ecf-ead60f674514,5260262453,node,amenity,bank,الائیڈ بینک لمیٹڈ,الائیڈ بینک لمیٹڈ,ABL,,,31.4729093,74.3772673,Lahore,Punjab,Pakistan,الائیڈ بینک لمیٹڈ,,
14d71c08-aff0-5a74-98d9-32aa18c8da34,5260262454,node,amenity,bank,Askari Bank Ltd. Islamic Banking,,,,,31.4724481,74.3769556,Lahore,Punjab,Pakistan,,,
e2477d94-b8ef-5160-9710-dcc5091a2c51,5260262455,node,amenity,bank,بینک اسلامی,بینک اسلامی,Bank Islami,,,31.4726796,74.3776614,Lahore,Punjab,Pakistan,بینک اسلامی,بینک اسلامی,
936a6e36-7bce-5ee9-b52f-bb997a73f9a9,6804689785,node,amenity,cafe,English Tea House,,,,,31.4735012,74.3791534,Lahore,Punjab,Pakistan,,,
cb7b7b20-2036-57c5-838c-8d77fbeae6f8,7256182078,node,amenity,restaurant,Yum Chinese & Thai,,,,,31.4734564,74.3789945,Lahore,Punjab,Pakistan,,,
d39595cb-4aa7-5e1f-acf5-47c544ce38ec,7256182080,node,amenity,fast_food,کینٹکی فرائیڈ چکن,کینٹکی فرائیڈ چکن,KFC,,,31.4732849,74.3786782,Lahore,Punjab,Pakistan,کینٹکی فرائیڈ چکن,,
8d52267f-4287-56db-8e91-f69a454b3930,272330038,node,place,suburb,Sec FF Ph 4,,,,,31.4627642,74.3888555,Lahore,Punjab,Pakistan,,,
bbe42845-a669-5d72-9a77-938fc4e8a4fc,4349054227,node,amenity,fast_food,Wright Burger,,,,,31.4646136,74.389472,Lahore,Punjab,Pakistan,,,
36c72c28-62f0-5245-8ea6-8919cf53975a,4349057305,node,amenity,fast_food,Sarpinos,,,,,31.4637739,74.3896884,Lahore,Punjab,Pakistan,,,
79b888a1-7b2d-5ab5-8057-3ec0b8461b7f,271107152,node,amenity,place_of_worship,Sec Z Ph 3 Masjid,,,,,31.4712106,74.3849712,Lahore,Punjab,Pakistan,,,
8c960e70-95a9-5e84-9164-f02cf2935c3d,271319950,node,leisure,park,,,,,,31.4709645,74.3950429,Lahore,Punjab,Pakistan,,,
c0e6e0f7-1780-53dc-9f03-1e631f5d9cf8,9395625035,node,place,village,جٹھول,,Jathol,,,31.4378125,74.4023045,Lahore,Punjab,Pakistan,,,
56f7374e-3447-5181-acc1-6098d50e1fc9,7949408185,node,office,estate_agent,Ansari Estate,,,,,31.4417538,74.3992567,Lahore,Punjab,Pakistan,,,
a9c7a26a-cadf-538a-ae4d-94a484f323aa,5673268887,node,office,estate_agent,Irshad Associates,,,,,31.4455735,74.4080765,Lahore,Punjab,Pakistan,,,
28402d3c-e7d3-554e-9254-af82232e3365,13255813504,node,education,school,"Leads School System, Formanites Campus",,,,,31.4432256,74.4084934,Lahore,Punjab,Pakistan,,,
2d8660fa-2106-54ad-8188-0a6a0dcee129,4809666287,node,amenity,place_of_worship,Jatt mosque,,,,,31.4490603,74.4050699,Lahore,Punjab,Pakistan,,,
14a89687-e355-52bd-9bf1-c42dbda569e7,304580278,node,place,neighbourhood,Sui Gas Cop Society,,,,,31.4542633,74.3998415,Lahore,Punjab,Pakistan,,,
dc62a95e-17e1-557b-83fe-69cf6e77a15a,304956352,node,place,village,Keer,,,,,31.4529227,74.4133338,Lahore,Punjab,Pakistan,,,
793c15ea-1f00-55fb-9a35-1364d53c9c9e,271319317,node,amenity,place_of_worship,Sec S Ph 2 Masjid,,,,,31.4721285,74.396502,Lahore,Punjab,Pakistan,,,
4a3caa54-df7b-5737-bfd5-c9d0d939bf45,271834779,node,amenity,place_of_worship,Masjid Sec F Ph 5,,,,,31.4657554,74.4099268,Lahore,Punjab,Pakistan,,,
acdab120-8506-50f5-b505-319cdaddd111,5178128722,node,office,company,Kansai Paints,,,,,31.4629139,74.4141826,Lahore,Punjab,Pakistan,,,
d6e63f42-a19d-53c4-8886-14798a378259,6204958385,node,amenity,restaurant,Gai’a,,,,,31.4620033,74.4140859,Lahore,Punjab,Pakistan,,,
f67f6222-db68-56b6-b5ed-230864633c02,7374594736,node,amenity,cafe,گلوریا جینز,گلوریا جینز,Gloria Jean's,,,31.4612106,74.4132709,Lahore,Punjab,Pakistan,گلوریا جینز,,
f7b1d178-ac96-59cf-a508-fb6fd938485f,7374594737,node,amenity,bank,بینک اسلامی,بینک اسلامی,Bank Islami,,,31.4614364,74.4134502,Lahore,Punjab,Pakistan,بینک اسلامی,بینک اسلامی,
848b9e7f-a254-5e67-81f6-4104ae3c7a44,7374594738,node,amenity,restaurant,Mocca,,,,,31.4609731,74.4133344,Lahore,Punjab,Pakistan,,,
28782d34-88c3-56d3-b4de-9f5fd94f75cc,7374594739,node,amenity,restaurant,Napoli,,,,,31.4612342,74.4131248,Lahore,Punjab,Pakistan,,,
35f1c9b0-0223-549b-a776-5a05529c9c9c,7374594740,node,amenity,restaurant,The Delicatessen,,,,,31.4609025,74.4137976,Lahore,Punjab,Pakistan,,,
8c6adb47-237f-5f94-b4f0-23061bc4af7b,7374594741,node,amenity,restaurant,Cosa Nostra,,,,,31.4609448,74.4136984,Lahore,Punjab,Pakistan,,,
89deb72b-44fe-5fdb-8c8e-1a253be24062,7374594742,node,shop,department_store,Jalal Sons,,,,,31.4630978,74.4138572,Lahore,Punjab,Pakistan,,,
9460d8bf-541c-5c43-8a10-02a1c5466e1f,9735736138,node,shop,beauty,Stacy i,,,,,31.4621476,74.4136413,Lahore,Punjab,Pakistan,,stacy i,
b026f266-bb5e-5155-9578-dd1c6b18dc38,13256525897,node,amenity,fast_food,KFC,کے ایف سی,KFC,Kentucky Fried Chicken,,31.4626848,74.416714,Lahore,Punjab,Pakistan,KFC,,
2ec705b6-cc93-5e0f-ba07-6d60c1b3418b,13256525898,node,leisure,fitness_centre,Fitnation,,,,,31.4626914,74.4163335,Lahore,Punjab,Pakistan,,,
5383fb71-05b4-530b-acd9-bc4538e2a55b,4748371227,node,tourism,hostel,Male Hostel 7,,Male Hostel 7,,,31.4695085,74.4118513,Lahore,Punjab,Pakistan,,,
756c828b-35d3-5e66-9d33-44b25b1a4eb6,5348544323,node,tourism,guest_house,Malik Hassan House,,,,,31.471248,74.4160922,Lahore,Punjab,Pakistan,,,
81dbdf20-c99e-5e56-92f2-18d78999410f,304590217,node,place,suburb,Defence,,,,,31.4655632,74.4248308,Lahore,Punjab,Pakistan,,,
336cad09-54b6-5740-8429-3f5a825c5b33,272435699,node,amenity,fuel,شیل,شیل,Shell,,,31.4743525,74.3540187,Lahore,Punjab,Pakistan,شیل,,
0c16618f-db10-5d4d-8701-3cf2b0651b09,1305478201,node,tourism,hotel,Marvel Hotel,,,,,31.4739223,74.3566633,Lahore,Punjab,Pakistan,,,
4a7ce960-1a7c-5ac6-aa5c-94762f754895,1305478204,node,amenity,bank,ایم سی بی بینک,ایم سی بی بینک,MCB Bank,,,31.4739851,74.3572949,Lahore,Punjab,Pakistan,ایم سی بی بینک,,
af9dc924-0706-50c1-a298-592ab177f1c8,4076041561,node,shop,supermarket,Hameed General Store,,,,,31.4739365,74.3589148,Lahore,Punjab,Pakistan,,,
32e5a9f5-2976-5a19-8143-5bc95e264b09,271060220,node,place,suburb,Model Colony,,,,,31.4747044,74.3671908,Lahore,Punjab,Pakistan,,,
ed44d5b9-4c18-5263-b23e-75ebb35bd865,533745765,node,amenity,parking,,,,,,31.4743944,74.3760428,Lahore,Punjab,Pakistan,,,
05836e90-8bff-5ea4-8d4f-e6f331b004c8,533746576,node,amenity,fast_food,,,,,,31.4743901,74.3765691,Lahore,Punjab,Pakistan,,,
494226ec-4c1f-5382-bdad-fabb4b7cba37,5260262448,node,amenity,bank,Meezan Bank Limited,,,,,31.4743864,74.3764879,Lahore,Punjab,Pakistan,,,
b5cf6274-df06-52f0-9f2a-5d7bbc7a4634,5260262449,node,amenity,bank,بینک الفلاح,بینک الفلاح,Bank Alfalah,,,31.4744258,74.3766451,Lahore,Punjab,Pakistan,بینک الفلاح,,
7de98b8b-c4f5-5816-acb9-16fd3b164c04,5260262451,node,shop,clothes,Samsara Couture House,,,,,31.4743471,74.3764167,Lahore,Punjab,Pakistan,,,
8d475f58-1a3b-56f0-b7b2-47ff0b62d710,271698595,node,amenity,parking,,,,,,31.4739318,74.3782487,Lahore,Punjab,Pakistan,,,
fc8c76da-b7a4-5b4f-836c-b90f57f97902,533745263,node,amenity,parking,,,,,,31.474043,74.3789954,Lahore,Punjab,Pakistan,,Z Sector Parking Area,
6e03dfef-758b-5822-8e51-3874e1b97547,533746128,node,amenity,parking,,,,,,31.474409,74.377708,Lahore,Punjab,Pakistan,,,
10c7741b-bf2a-592b-bbcd-004639a8c767,533746262,node,amenity,restaurant,Gourmet Grill,,,,,31.4747018,74.3785748,Lahore,Punjab,Pakistan,,,
90e7a83d-4225-5dba-a43a-6c51310b9170,533747360,node,amenity,cafe,گلوریا جینز,گلوریا جینز,Gloria Jean's,,,31.4741675,74.3792357,Lahore,Punjab,Pakistan,گلوریا جینز,,
b560a92c-163c-5cbe-bcd4-ea540f231160,5202282439,node,amenity,bank,نیشنل بینک آف پاکستان,نیشنل بینک آف پاکستان,National Bank of Pakistan,,,31.474966,74.3781604,Lahore,Punjab,Pakistan,نیشنل بینک آف پاکستان,نیشنل بینک آف پاکستان,
4af4fd40-b0df-51be-8546-e8ec7b1eb8e1,5260262450,node,amenity,bank,Bank Al Habib Limited,,,,,31.474038,74.3769088,Lahore,Punjab,Pakistan,,,
2ea54891-c234-54a8-95f9-dbb7008f4337,5260262456,node,amenity,bank,سمٹ بینک,سمٹ بینک,Summit Bank,,,31.4739913,74.3783216,Lahore,Punjab,Pakistan,سمٹ بینک,سمٹ بینک,
633eae1f-006c-56d4-b5fd-cdb0abecf2c7,5260262457,node,amenity,bank,عسکری بینک,عسکری بینک,Askari Bank,,,31.47394,74.3783463,Lahore,Punjab,Pakistan,عسکری بینک,,
f5448839-2df2-53fb-8c37-2a4b43a59cfa,5260262458,node,amenity,bank,Silk Bank,,,,,31.4742941,74.3782337,Lahore,Punjab,Pakistan,,,
1b3f4438-4ec7-5596-a290-dca635838f1a,7256171208,node,amenity,restaurant,Nando's,,,,,31.4749877,74.3785881,Lahore,Punjab,Pakistan,Nando's,,
1b9bb9a1-89fc-5e29-8932-e97d9060b00a,7256171209,node,amenity,restaurant,Bar.B.Q Tonight,,,,,31.4747198,74.379445,Lahore,Punjab,Pakistan,,,
aeae8221-f7ff-5079-bbb6-3ac882337805,7256171210,node,amenity,restaurant,Cafe Aylanto,,,,,31.4742332,74.3797155,Lahore,Punjab,Pakistan,,,
929d2db3-988f-5e5e-96e0-3c3af95081d8,271075820,node,amenity,police,DHA Police Station,,,,,31.4740904,74.3940519,Lahore,Punjab,Pakistan,,,
5ffb6dc2-be3a-50ab-9894-b48bd85fbb54,270903705,node,leisure,park,Sec T & S Ph 2,,,,,31.4746698,74.4017531,Lahore,Punjab,Pakistan,,,
06187383-04b0-5d62-bc80-5db2d19fc601,271097018,node,amenity,place_of_worship,Sec T Ph 2 Masjid,,,,,31.4737508,74.4026695,Lahore,Punjab,Pakistan,,,
c8c5f5fe-bdbb-5092-8749-11bb92fe9da3,271322207,node,amenity,parking,,,,,,31.4739586,74.4014115,Lahore,Punjab,Pakistan,,,
d221ad9f-7e02-5a33-ad16-d19d0d76d32e,5254233182,node,amenity,bank,NIB Bank,,,,,31.4748125,74.4010622,Lahore,Punjab,Pakistan,,,
b4d9e96e-75cd-53ff-9254-428a823c71b8,5254233184,node,amenity,bank,ایم سی بی بینک,ایم سی بی بینک,MCB Bank,,,31.4744666,74.4011752,Lahore,Punjab,Pakistan,ایم سی بی بینک,ایم سی بی بینک لمیٹڈ,
2069b537-e409-5165-b4b3-50e7ec99777e,4428167342,node,amenity,restaurant,Grill,,,,,31.4737351,74.4086932,Lahore,Punjab,Pakistan,,,
6bd8a512-080b-5d06-b038-9c4191d85f40,5254233175,node,amenity,bank,Bank Alfalah DHA Phase II Branch,,,,,31.474536,74.4041207,Lahore,Punjab,Pakistan,,,
a84b5dcb-6d33-5ce8-823c-89d637f2d9b2,5254233176,node,amenity,bank,"MCB Islamic Bank Ltd. T-59, DHA, Lahore",,,,,31.474094,74.4037304,Lahore,Punjab,Pakistan,,,
0f99d575-576f-5b8f-a7d0-41ad0e33c3ed,5254233177,node,amenity,bank,اسٹینڈرڈ چارٹرڈ,اسٹینڈرڈ چارٹرڈ,Standard Chartered,,,31.4743575,74.4031328,Lahore,Punjab,Pakistan,اسٹینڈرڈ چارٹرڈ,اسٹینڈرڈ چارٹرڈ,
03f92997-a0d0-5a2b-a664-660268277d2b,5254233178,node,amenity,bank,Burj Bank Limited,,,,,31.4743159,74.4037589,Lahore,Punjab,Pakistan,,,
2ed58fec-55be-5678-89bd-92111a0ebe17,5254233179,node,amenity,bank,جے ایس بینک,جے ایس بینک,JS Bank,,,31.4743713,74.40383,Lahore,Punjab,Pakistan,جے ایس بینک,جے ایس بینک,
a21c6c28-2cee-557b-b8b0-e2f8dcda8593,5254233180,node,amenity,bank,عسکری بینک,عسکری بینک,Askari Bank,,,31.4743505,74.4037995,Lahore,Punjab,Pakistan,عسکری بینک,,
aa59e267-2cf6-5d41-931b-6868d2035943,6411451050,node,shop,bakery,Bundu Khan Sweets & bakers,,,,,31.4747274,74.4030371,Lahore,Punjab,Pakistan,,,
a235a3aa-1b2c-5379-9762-072095f9f9ee,702606976,way,amenity,place_of_worship,Masjid Mujeer Iqbal Shaheed,,,,,31.4074983,74.3701552,Lahore,Punjab,Pakistan,,,
4417ac20-b7f9-53a2-a93d-3e973c79c20e,702413201,way,amenity,place_of_worship,Noor Mosque,,,,,31.4057673,74.359888,Lahore,Punjab,Pakistan,,,
5730f193-144c-5075-a6c0-a6300c19ea13,702360386,way,amenity,place_of_worship,Lamb of God Church & Ministries,,,,,31.4117788,74.3543043,Lahore,Punjab,Pakistan,,,
a829c3d1-1090-5650-b036-34b5d069a6f0,1124872110,way,shop,fabric,SAORIE,,,,Home Textile and Clothing Factory Unit.,31.4096114,74.3564041,Lahore,Punjab,Pakistan,SAORIE,Home Tex Enterprises Ltd,
6ec4e700-90a3-5ac9-8c01-8d0ba67b0a39,702356222,way,healthcare,laboratory,DYSON research laboratory,,,,,31.4147115,74.356926,Lahore,Punjab,Pakistan,,,
30b41755-e414-54a4-b40d-4d226dc58d82,702358983,way,shop,fabric,Saira,,,,,31.4095646,74.3570859,Lahore,Punjab,Pakistan,,,
ed5d7b0b-bfb8-5733-878e-6b69c35c11c0,705032757,way,leisure,park,WBC Big Park,,,,,31.4212076,74.3556557,Lahore,Punjab,Pakistan,,,
b6e2119f-0b9a-5d43-a940-9dfc8d886627,705036544,way,shop,clothes,Motifz,,,,,31.4167608,74.3565209,Lahore,Punjab,Pakistan,,,
b7ef370d-86cd-553d-a33f-b51b93b1a0c0,737550553,way,amenity,place_of_worship,Jamia Masjid Faizan e Mustafa,,,,,31.4200254,74.3564598,Lahore,Punjab,Pakistan,,,
12083ec4-c420-5175-9264-9cfbf435d86e,702358972,way,amenity,place_of_worship,,,,,,31.4108903,74.3586456,Lahore,Punjab,Pakistan,,,
17530654-0b9a-508a-a821-08efde30dafc,702358979,way,amenity,place_of_worship,Masjid Rasool Allah (SA) Ahle-Hadees,,,,,31.4098526,74.3591478,Lahore,Punjab,Pakistan,,,
21042917-e4d1-5ea8-aa2b-48e71dd3c611,620498970,way,leisure,park,,,,,,31.4216808,74.3628834,Lahore,Punjab,Pakistan,,,
c385835c-f1c1-53b7-8ba9-ff40dec59918,620499004,way,leisure,park,,,,,,31.4208789,74.3666949,Lahore,Punjab,Pakistan,,,
2a7af348-8d3f-5cb7-8a4b-f6d19e34497f,620499017,way,leisure,park,,,,,,31.4209582,74.3598612,Lahore,Punjab,Pakistan,,,
ee0a4bcd-dd6a-5ae3-8710-a084c1913e42,620499021,way,leisure,park,,,,,,31.420386,74.3616945,Lahore,Punjab,Pakistan,,,
37512453-69c3-53a5-9b5a-844fcbcff8c4,620499003,way,leisure,park,,,,,,31.4195316,74.3650219,Lahore,Punjab,Pakistan,,,
d69d67b4-adea-554f-8bb8-9869f224d0d2,702606975,way,amenity,place_of_worship,The saviour's Church of pakistan,,,,,31.4067579,74.3722615,Lahore,Punjab,Pakistan,,,
51488064-3e43-5e69-bf2e-2d24ece782e6,702606977,way,amenity,place_of_worship,Jamia Mosque Fatima Gosya,,,,,31.4074885,74.3724223,Lahore,Punjab,Pakistan,,,
2640d5aa-5624-51a5-8bd1-7b454a92fc22,961551535,way,landuse,industrial,,,,,,31.3989235,74.4138956,Lahore,Punjab,Pakistan,,,
316e8bdc-a6ef-5a2e-be40-934a15f2a830,1047318609,way,landuse,residential,,,,,,31.400035,74.4090315,Lahore,Punjab,Pakistan,,,
d734de48-0a58-5a73-a854-c877d8356c69,1047318610,way,landuse,residential,,,,,,31.4089167,74.4250779,Lahore,Punjab,Pakistan,,,
c445163b-a0d4-5bda-b89e-7a29f08a7686,705030396,way,amenity,place_of_worship,Jamia Masjid Noor,,,,,31.4231174,74.356996,Lahore,Punjab,Pakistan,,,
52cae81f-b624-598f-a1a9-0b5d97dc17da,705031740,way,amenity,bank,ایچ بی ایل پاکستان,ایچ بی ایل پاکستان,Habib Bank Limited,,,31.4252852,74.3571328,Lahore,Punjab,Pakistan,ایچ بی ایل پاکستان,,
89697a6b-151e-563b-b814-0401244da08f,716680179,way,amenity,place_of_worship,Masjid Bilal,,,,,31.4342722,74.3511131,Lahore,Punjab,Pakistan,,,
27002a3e-a779-5b29-8b25-798dd1cb27ae,628075065,way,landuse,residential,DHA Phase 1,,,,,31.4803378,74.3942571,Lahore,Punjab,Pakistan,,,
f2318d1b-147e-5796-ace6-b7ced773a8d6,628077008,way,landuse,residential,DHA Phase 2,,,,,31.4767229,74.4012041,Lahore,Punjab,Pakistan,,,
057f2c88-b200-5aa1-8545-463b5f1a0583,628492172,way,landuse,residential,DHA Phase 4,,,,neighborhood,31.461225,74.3800147,Lahore,Punjab,Pakistan,,,
df7c5b16-b760-5baf-ab8d-1b78c2065b78,1267594352,way,landuse,residential,DHA Phase 5,,,,,31.463537,74.4122851,Lahore,Punjab,Pakistan,,,
84a2e5f3-a021-5613-b78a-d456187d629a,1267596208,way,landuse,residential,DHA Phase 3,,,,,31.4739989,74.3722646,Lahore,Punjab,Pakistan,,,
76799df0-4f86-54b0-b727-ab6bdfd5e1e6,716680157,way,leisure,park,Saroba Garden Park,,,,,31.4339301,74.354925,Lahore,Punjab,Pakistan,,,
315770be-135b-5e20-95da-ab7093d1d943,620499033,way,leisure,park,,,,,,31.4228278,74.359557,Lahore,Punjab,Pakistan,,,
f874739f-594f-584b-85d0-43181a956fe1,705030393,way,amenity,bank,Bank of Punjab,,,,,31.4234573,74.3573937,Lahore,Punjab,Pakistan,,,
dd317dd0-b55c-56d9-aa71-137a955536f3,705030394,way,amenity,bank,بینک اسلامی,بینک اسلامی,Bank Islami,,,31.4236233,74.3573538,Lahore,Punjab,Pakistan,بینک اسلامی,بینک اسلامی,
340b0395-ffa1-501e-8bf6-9b558c8a0db2,705031737,way,amenity,bank,میزان بینک,میزان بینک,Meezan Bank,,,31.4239269,74.3572662,Lahore,Punjab,Pakistan,میزان بینک,,
cd93ec6b-477a-5441-a863-1e98a8cb2750,705032759,way,amenity,bank,جے ایس بینک,جے ایس بینک,JS Bank,,,31.421456,74.3576712,Lahore,Punjab,Pakistan,جے ایس بینک,جے ایس بینک,
d0504d56-4125-5aa9-850a-6fd546393ace,703793547,way,leisure,park,,,,,,31.4229174,74.3675052,Lahore,Punjab,Pakistan,,,
a485e3c7-847b-5792-8373-41f9436d0d7c,620499054,way,leisure,park,,,,,,31.4218933,74.3697305,Lahore,Punjab,Pakistan,,,
32eb66e4-87d7-5f6a-8dfc-fcec355fbbd2,703793356,way,amenity,place_of_worship,Jamia Masjid Hajira Yaqoob,,,,,31.4366044,74.3566302,Lahore,Punjab,Pakistan,,,
9c5edcff-f8dd-5d3b-ae1a-0a755f17b44d,716664483,way,amenity,place_of_worship,Jamia Masjid Noor,,,,,31.4373918,74.3539359,Lahore,Punjab,Pakistan,,,
69548f6e-2213-51e0-9d9b-a95e763d7d11,716680154,way,amenity,bank,الائیڈ بینک لمیٹڈ,الائیڈ بینک لمیٹڈ,ABL,,,31.4355051,74.3555985,Lahore,Punjab,Pakistan,الائیڈ بینک لمیٹڈ,,
322ae2c8-e5b2-5f52-8ad1-66803d80c49f,716680159,way,shop,supermarket,One Stop Supermarket,,,,,31.4345875,74.3556577,Lahore,Punjab,Pakistan,,,
25ec3196-562d-5cc4-8238-2ece77b796b3,716680165,way,leisure,park,,,,,,31.4357641,74.3523168,Lahore,Punjab,Pakistan,,,
a6fc3b17-631a-5d48-8e7e-ce1fbb8ba2ac,705043448,way,leisure,sports_centre,WAPDA Sports Complex,,,,,31.4467972,74.3526649,Lahore,Punjab,Pakistan,,,
bf90b121-0c9d-5879-a8f0-ba1354efe640,716139873,way,amenity,place_of_worship,Masjid Quba,,,,,31.4424534,74.3543097,Lahore,Punjab,Pakistan,,,
32ea3cad-f69f-506e-b978-79eddbe058a8,716139875,way,amenity,place_of_worship,Jamia Muhammadia Saifia,,,,,31.4425503,74.3527593,Lahore,Punjab,Pakistan,,,
03a96889-a8f8-5249-a955-9cbde5e449b4,716139879,way,amenity,place_of_worship,Jamia Masjid Miraj,,,,,31.4412348,74.3547783,Lahore,Punjab,Pakistan,,,
fdcb044b-8d31-5b9a-abc0-ad3cde8c737f,718790448,way,leisure,park,,,,,,31.4378091,74.3691841,Lahore,Punjab,Pakistan,,,
15a3763e-8b63-5d11-8e73-f2b4d1ac8373,594726697,way,landuse,residential,Aashiana-e-Quaid Housing Scheme,,,,,31.4263781,74.3854445,Lahore,Punjab,Pakistan,,,
ecc93539-854f-578a-a043-e91561e57239,709607867,way,leisure,park,B Block Park,,,,,31.4257055,74.3833987,Lahore,Punjab,Pakistan,,,
07970e5f-ae53-5593-aad7-334ba29e066c,709607851,way,leisure,park,A Block Park,,,,,31.4268684,74.385495,Lahore,Punjab,Pakistan,,,
b0940052-c091-5020-8961-2556fcc59635,709607855,way,amenity,place_of_worship,B Block Masjid,,,,,31.4259353,74.3847972,Lahore,Punjab,Pakistan,,,
8c5377bc-bc5f-54ea-8001-e2a371239f4e,709584741,way,leisure,park,,,,,,31.4278563,74.3845686,Lahore,Punjab,Pakistan,,,
f6740a5a-0d1e-5cef-aef0-ab461c2b0717,709584740,way,amenity,place_of_worship,Jamia Masjid Block A,,,,,31.4280888,74.38459,Lahore,Punjab,Pakistan,,,
7a1af452-dcb0-579f-9628-a4556fa78482,718789990,way,landuse,industrial,Pakistan Minerals Processing Industries,,,,,31.4369609,74.3763467,Lahore,Punjab,Pakistan,,,
d6dc3aa4-c68a-5a66-82fd-27613ac9b3ca,718778720,way,amenity,place_of_worship,Masjid Taqwa,,,,,31.4373246,74.3786793,Lahore,Punjab,Pakistan,,,
c14dc72c-6804-545f-8b04-eaf9ea66a88c,718789988,way,landuse,industrial,National Lace and textile Industries,,,,,31.4365252,74.3779267,Lahore,Punjab,Pakistan,,,
45eff9c0-15f3-5d82-b041-ea97b73a06bd,719327231,way,amenity,place_of_worship,Makki Masjid,,,,,31.4473614,74.3875306,Lahore,Punjab,Pakistan,,,
9a45cd71-1609-58be-8df1-bd550c03082e,719327243,way,amenity,place_of_worship,Gulzare Madina Masjid,,,,,31.4457505,74.3876471,Lahore,Punjab,Pakistan,,,
301aa23d-c04a-5914-8349-db934fe0f05b,719327219,way,amenity,place_of_worship,Suraiyya Masjid,,,,,31.4467247,74.3930993,Lahore,Punjab,Pakistan,,,
1c9cfbed-9dd3-589e-9678-fed5cbec7387,719327221,way,amenity,place_of_worship,Khajoor Wali Masjid,,,,,31.4464412,74.3907085,Lahore,Punjab,Pakistan,,,
42d44ac3-82eb-5bda-bb61-02f292b941a4,1135041391,way,amenity,place_of_worship,The Salvation Army Church  Kamahan,,,,,31.4447728,74.3902283,Lahore,Punjab,Pakistan,,,
31ae67bd-5013-5b69-8806-c33ca2a38116,705043444,way,leisure,park,,,,,,31.4480015,74.3531985,Lahore,Punjab,Pakistan,,,
1d1127b2-ae93-599c-980f-b9778223b081,706888115,way,amenity,place_of_worship,جامع مسجد لاہور جنرل ہسپتال,جامع مسجد لاہور جنرل ہسپتال,Jame Masjid Lahore General Hospital,,,31.4537892,74.3517142,Lahore,Punjab,Pakistan,,,
048e7973-411b-5357-9727-4dc9333c586d,706888133,way,shop,mall,Makki Complex,,,,,31.4517559,74.3523706,Lahore,Punjab,Pakistan,,,
05752222-5fa2-5822-99fc-f38b6c1ca9d7,706888134,way,shop,bakery,Gourmet Bakers,,,,,31.4521386,74.3523912,Lahore,Punjab,Pakistan,,,
56e402b5-46a6-50fd-8c68-f10f94a3fa07,706888136,way,amenity,place_of_worship,Bilal-e-Mustafa Masjid,,,,,31.4523997,74.3515878,Lahore,Punjab,Pakistan,,,
38d455e7-a181-5634-94f5-fd380a3bfa84,706934784,way,amenity,place_of_worship,Jamia Masjid Sher-e-Rabani Almashor,,,,,31.4504155,74.3528242,Lahore,Punjab,Pakistan,,,
334d1545-1ec1-5ae5-ad44-0bb87af66616,706934785,way,amenity,place_of_worship,Imam Bargah Al-Hassan,,,,,31.449868,74.3524283,Lahore,Punjab,Pakistan,,,
0c338856-b15e-59a2-8791-60b4dc38814d,706934787,way,amenity,bank,فیصل بینک,فیصل بینک,Faysal Bank,,,31.4494031,74.3531873,Lahore,Punjab,Pakistan,فیصل بینک,,
73806913-8158-58c5-bcb7-2c2ca83944c6,707248496,way,amenity,bank,National Bank of Pakistan (NBP),,,,,31.4539108,74.3527088,Lahore,Punjab,Pakistan,,,
59df5788-7b77-5475-9659-f87421973ba8,706568996,way,tourism,hotel,Al-Hafiz Hotel,,,,,31.4575695,74.3505947,Lahore,Punjab,Pakistan,,,
e6f200b6-ccc5-56d8-a04e-e00210380f4c,706565641,way,amenity,bank,The Bank of Punjab,,,,,31.4582164,74.3502865,Lahore,Punjab,Pakistan,,,
c1a03716-6e29-5cef-8798-411371693b51,447968808,way,amenity,parking,,,,,,31.454584,74.3515144,Lahore,Punjab,Pakistan,,,
fc33f77a-6a02-5cf8-9b8b-dcc7f7878f54,706568995,way,healthcare,laboratory,Shaukat Khanum Laboratory Collection Centre,,,,,31.4573127,74.3506749,Lahore,Punjab,Pakistan,,,
f877276d-20d9-5fe0-8649-6cc93eab1e23,707558693,way,amenity,place_of_worship,Jamia Masjid Firdosia,,,,,31.4553815,74.356326,Lahore,Punjab,Pakistan,,,
52de940e-3837-51e8-bff6-dcf72cac3717,707559588,way,amenity,place_of_worship,Sher-e-Rabbani Masjid,,,,,31.4548099,74.3538303,Lahore,Punjab,Pakistan,,,
5b38d39c-6768-52e1-bd45-e2df2f48a4da,707566935,way,amenity,place_of_worship,Jamia Masjid Muhammadi,,,,,31.4570576,74.3520496,Lahore,Punjab,Pakistan,,,
c25377f9-8356-53a4-96a9-baf465c75fd9,707566941,way,amenity,place_of_worship,Kulsoom-e-Ghani Masjid,,,,,31.4561333,74.3554397,Lahore,Punjab,Pakistan,,,
708308df-b1ed-5dde-9f5e-f0fec14803e4,707603827,way,amenity,bank,بينک الحبيب,بينک الحبيب,Bank Al Habib,,,31.4576413,74.351412,Lahore,Punjab,Pakistan,بينک الحبيب,,
b49cec6e-7d4e-5ef8-bf3d-5238b2ceb31d,707603830,way,amenity,place_of_worship,Jamia Masjid Jamal-e-Mustfa,,,,,31.4576243,74.3526418,Lahore,Punjab,Pakistan,,,
8a1f28b2-05ba-590a-801e-1ec290bb2f8a,717135769,way,amenity,bank,بینک الفلاح,بینک الفلاح,Bank Alfalah,,,31.4586839,74.3510615,Lahore,Punjab,Pakistan,بینک الفلاح,,
56a00648-0f49-5efd-8c81-0d599aac0a9d,717135770,way,shop,shoes,باٹا,باٹا,Bata,,,31.4586217,74.3518617,Lahore,Punjab,Pakistan,باٹا,,
35032e9f-9cec-52bf-9797-e64e9e101f51,717135774,way,amenity,place_of_worship,Jamia Naziria,,,,,31.4600827,74.3509982,Lahore,Punjab,Pakistan,,,
6dcff7ac-63de-5940-9cf1-a71779411e4d,707243219,way,amenity,place_of_worship,Jamia Masjid Gulzar-e-Madina,,,,,31.4523202,74.3622645,Lahore,Punjab,Pakistan,,,
422f055d-0c33-5405-b997-ce35cdc8dac5,707243235,way,amenity,place_of_worship,Masjid Tawheed Ahl-e-Hadee,,,,,31.4546991,74.3613335,Lahore,Punjab,Pakistan,,,
bc1db905-e7fb-5f63-a673-aebf68f87e11,709143594,way,amenity,place_of_worship,Jamia Masjid Ghosia,,,,,31.4564412,74.3633981,Lahore,Punjab,Pakistan,,,
f6ddb08e-5269-566f-bc95-18885a7d640c,709153447,way,amenity,place_of_worship,Jamia Masjid Muhammadi,,,,,31.4589657,74.362305,Lahore,Punjab,Pakistan,,,
1ad94e9e-3c5d-581b-8aec-40e6dc0275f5,544976776,way,leisure,park,AA Mini Park,,,,,31.4586931,74.3680755,Lahore,Punjab,Pakistan,,,
a7d4a160-56b6-582c-aa96-5357a8045b19,544980238,way,amenity,place_of_worship,Sector E Jamia Masjid,,,,,31.4558175,74.3676933,Lahore,Punjab,Pakistan,,,
e1e1e2ec-6fa0-5583-834d-caf4bbe4a13e,544980239,way,amenity,restaurant,Sauce Up,,,,,31.4556216,74.3681763,Lahore,Punjab,Pakistan,,,
deda306d-aeac-511e-a990-ac405f3d2c0a,545986234,way,shop,supermarket,Khwaja Super Store,,,,,31.4553097,74.3696788,Lahore,Punjab,Pakistan,,,
8cc3b13f-8eac-55c4-8959-9efad2e27c0d,717135777,way,amenity,bank,ایم سی بی بینک,ایم سی بی بینک,MCB Bank,,,31.4608969,74.3501536,Lahore,Punjab,Pakistan,ایم سی بی بینک,,
6f4e147c-cd23-5f16-86ae-d00231047c0e,717055199,way,amenity,place_of_worship,Bulleh Shah Wali Masjid,,,,,31.4653817,74.356178,Lahore,Punjab,Pakistan,,,
45e8b75e-9aa3-586d-86c9-e206360ee10f,717135746,way,amenity,place_of_worship,Noor Masjid,,,,,31.4618256,74.3564999,Lahore,Punjab,Pakistan,,,
e3e9eda4-cc11-5b3f-bbcc-0fa6ecbd360d,717135750,way,amenity,place_of_worship,Jamia Masjid Taiba,,,,,31.4608238,74.3560987,Lahore,Punjab,Pakistan,,,
6ee51d49-9985-5c81-8298-a2d546bb37ae,778472693,way,shop,mall,Packages Mall,,,,,31.4712443,74.3559297,Lahore,Punjab,Pakistan,,,Q80222233
4bb39bb7-3349-59e2-b132-d2c1e71a6af7,718280829,way,shop,department_store,CSD Department,,,,,31.4679803,74.3529232,Lahore,Punjab,Pakistan,,,
25bc4d5a-aaee-56a4-bc3a-810907b52ea8,718280830,way,landuse,industrial,Workshop (Packages Ltd.,,,,,31.4673771,74.3519783,Lahore,Punjab,Pakistan,,,
2411d22e-62d8-5e76-8489-a28ecaa22162,717037701,way,amenity,place_of_worship,Jamia Masjid Umer,,,,,31.466042,74.3577215,Lahore,Punjab,Pakistan,,,
69f55d1a-6200-5186-95fa-de380d1acda6,717043986,way,amenity,place_of_worship,Allah Hu Wali Masjid,,,,,31.4622399,74.3587318,Lahore,Punjab,Pakistan,,,
4e4c7160-a415-5816-b985-1f24d1f862fc,709151621,way,amenity,place_of_worship,Jamia Anwar-e-Madina,,,,,31.4616331,74.365357,Lahore,Punjab,Pakistan,,,
3d48b12d-8ea9-548c-b509-2255e34d7cf8,544976773,way,amenity,place_of_worship,AA Jamia Masjid,,,,,31.461529,74.3703546,Lahore,Punjab,Pakistan,,,
e6d599ff-2188-5baa-93e5-afc28f69c702,797366091,way,leisure,park,,,,,,31.4717798,74.3692974,Lahore,Punjab,Pakistan,,,
627e8603-786f-5286-8574-fa55a2b9f9d0,544976775,way,leisure,park,AA Park,,,,,31.4609356,74.371842,Lahore,Punjab,Pakistan,,,
c6c5e271-32bc-5f84-bdfa-ad27da4a3b02,544976780,way,leisure,park,C Block Park,,,,,31.4565712,74.373073,Lahore,Punjab,Pakistan,,,
e646d87d-1374-5210-990b-89f7d54f2691,544976781,way,amenity,restaurant,Raffy Caterers & BBQ,,,,,31.4577766,74.3744909,Lahore,Punjab,Pakistan,,,
2eefe681-af44-5cda-bb1b-08023a2f2a6a,544980233,way,leisure,park,B Block Park,,,,,31.4586282,74.3753333,Lahore,Punjab,Pakistan,,,
9b61a681-50ae-5c3f-b317-91e95c829574,544980234,way,amenity,place_of_worship,B- Block Mosque,,,,,31.4583427,74.3753938,Lahore,Punjab,Pakistan,,,
041469b3-e533-5b81-8677-0e96a3f3c5e2,544980236,way,shop,bakery,Allied Bakers,,,,,31.4584991,74.3746601,Lahore,Punjab,Pakistan,,,
e3a4fd6a-5a88-5357-a864-f44ee12042a5,544980237,way,amenity,restaurant,The Pizza Company,,,,,31.4583467,74.3745571,Lahore,Punjab,Pakistan,,,
6a1bd90b-951d-5095-b523-a958333925bd,544980240,way,leisure,park,E Block Park,,,,,31.4590602,74.3717012,Lahore,Punjab,Pakistan,,,
d1279b19-8dda-5d16-a5d5-16d8c800d38f,545986237,way,leisure,park,Children's Park,,,,,31.4569294,74.3707542,Lahore,Punjab,Pakistan,,,
081153e7-0854-568d-8bf6-d37860205178,545986239,way,amenity,place_of_worship,Jamia Masjid Islamia,,,,,31.4573847,74.371448,Lahore,Punjab,Pakistan,,,
f3201824-873e-5ad2-96b0-c4b179f32a91,545987789,way,shop,supermarket,Paradise Super Store,,,,,31.4584499,74.3708821,Lahore,Punjab,Pakistan,,,
9cbbd076-cad5-5207-b9be-1e7d0961ff84,545997045,way,shop,books,Chishti Book Depot,,,,,31.4581577,74.3751089,Lahore,Punjab,Pakistan,,,
bf7b20df-4581-5d72-b551-a9c2c87a116e,316715302,way,leisure,park,,,,,,31.4548664,74.3898692,Lahore,Punjab,Pakistan,,,
347d28b0-e200-5266-a935-d4d57dc4eb0e,316715301,way,leisure,park,,,,,,31.4551053,74.3868471,Lahore,Punjab,Pakistan,,,
dbe5199d-7baa-5dc2-9603-ce4ff60354e4,544976771,way,leisure,park,BB Park,,,,,31.4625828,74.3751823,Lahore,Punjab,Pakistan,,,
0534a860-9574-521a-9b97-7f9dc3eb763d,544976774,way,leisure,park,AA Park,,,,,31.4617196,74.3711589,Lahore,Punjab,Pakistan,,,
af34814f-618a-5118-8f6b-1d2deb3e7185,544974048,way,leisure,park,,,,,,31.4619016,74.3817642,Lahore,Punjab,Pakistan,,,
e4be10ac-67ab-5112-b952-eaed14fa5103,544974050,way,leisure,park,Askari Park,,,,,31.4653339,74.3801629,Lahore,Punjab,Pakistan,,,
2aeb8df7-bbbf-5e96-a5a2-bde420936f70,544974053,way,amenity,place_of_worship,CC Masjid,,,,,31.4659349,74.3793936,Lahore,Punjab,Pakistan,,,
98358c46-be68-5d8c-84f1-2eed3ff2c14b,544976762,way,amenity,restaurant,Frooty Bar,,,,,31.4662371,74.3791673,Lahore,Punjab,Pakistan,,,
ebb36b51-e961-5d2e-9cb2-e1eb69496ebc,544976766,way,amenity,restaurant,,,,,,31.4662622,74.379243,Lahore,Punjab,Pakistan,,,
253e700f-193f-5431-9915-830eed86b57b,544976770,way,leisure,park,Corner Park,,,,,31.462723,74.3781192,Lahore,Punjab,Pakistan,,,
b1eaff26-6952-5295-b60c-461efba26395,544980235,way,leisure,park,,,,,,31.4609669,74.3773468,Lahore,Punjab,Pakistan,,,
5911100e-d8b1-5bc8-a096-6bd0559fff24,545997042,way,healthcare,pharmacy,DVM Pharma,,,,,31.4615155,74.3784911,Lahore,Punjab,Pakistan,,,
3cb70c9c-ceb9-59c9-9a80-edbadbee872f,544947688,way,shop,mall,Gold Crest Shopping Mall and Residency,,,,,31.4665402,74.3819469,Lahore,Punjab,Pakistan,,,
a576fd1d-6b9d-58d3-9d38-f3d2f3da1b00,800402827,way,leisure,park,,,,,,31.4696102,74.3763521,Lahore,Punjab,Pakistan,,,
f1d794c5-4a40-5cb4-af41-f4388ab293f8,1148158792,way,landuse,commercial,DD Commercial Area CCA4,,,,,31.4630607,74.3846272,Lahore,Punjab,Pakistan,,,
ba89f2c2-52c4-509d-82cd-59c832ccfdab,800400766,way,shop,mall,Supa.pk,,,,,31.4710891,74.3725472,Lahore,Punjab,Pakistan,supa.pk,,
83ffae4a-1939-50b1-9d65-91efe69d7a62,795052966,way,amenity,bank,,,,,,31.4727351,74.377628,Lahore,Punjab,Pakistan,,,
a1da338e-ca41-59d5-8b8b-b9ddeb5c309d,795052972,way,amenity,bank,,,,,,31.4728142,74.3773355,Lahore,Punjab,Pakistan,,,
5b08febd-059e-5901-9826-a21e534f8597,437072603,way,amenity,place_of_worship,Main Masjid Ph 4,,,,,31.4644276,74.3869447,Lahore,Punjab,Pakistan,,,
ee5606e8-bda4-5004-b06a-7f201c3ac772,544974044,way,leisure,fitness_centre,Fitness Club DHA,,,,,31.4642529,74.3860653,Lahore,Punjab,Pakistan,,,
a238c0e5-70cb-5f49-8759-6c6238f73ed6,545997047,way,leisure,fitness_centre,My Fitness Clinic,,,,,31.4642127,74.3859208,Lahore,Punjab,Pakistan,,,
cde103f0-1e87-552d-b999-fdf2d0e869b1,546081029,way,shop,supermarket,Europa,,,,,31.4634432,74.3862591,Lahore,Punjab,Pakistan,,,
9fed5d54-ff92-508c-903b-5a008a8638a2,546081030,way,healthcare,clinic,ساو آن طبي مرکز,,,,,31.4636461,74.386342,Lahore,Punjab,Pakistan,,,
fc56de94-8a37-5d1c-85a8-c3f7c68597da,1148158791,way,amenity,parking,,,,,,31.4633471,74.3845215,Lahore,Punjab,Pakistan,,DHA,
8b7831e0-bfe4-5442-98ee-6731ba059422,544697551,way,amenity,place_of_worship,Jamia Masjid Sector S DHA,,,,,31.4720346,74.3965364,Lahore,Punjab,Pakistan,,,
42956504-5efa-5384-8272-4f7d676f8606,544946699,way,amenity,fuel,Gas Station,,,,,31.4702477,74.389934,Lahore,Punjab,Pakistan,,,
f705be93-bafc-5956-8483-c11ad4891fde,544946942,way,leisure,park,EE Park,,,,,31.4668171,74.3896638,Lahore,Punjab,Pakistan,,,
6551b6bb-0c1d-5f05-bc11-ea4290f5b804,544946944,way,amenity,restaurant,Haleem Campus,,,,,31.469793,74.3897118,Lahore,Punjab,Pakistan,,,
d799ad47-52e6-57c7-96ad-b3532b6a1e45,544947687,way,leisure,park,,,,,,31.4683248,74.3858197,Lahore,Punjab,Pakistan,,,
58f6ac4e-9030-528a-8eff-361cf58a21be,544697552,way,leisure,park,,,,,,31.4709463,74.3950421,Lahore,Punjab,Pakistan,,,
2ea776b3-6b2b-521a-ab81-95d97113ec50,544697553,way,leisure,park,S Block Park,,,,,31.4711859,74.3929896,Lahore,Punjab,Pakistan,,,
f92f0a37-ac2a-575a-8a06-ffcd867315d8,544701667,way,leisure,park,,,,,,31.4696965,74.3945028,Lahore,Punjab,Pakistan,,,
30e547df-0cdb-5ec5-af78-c4e4d15b7a70,544741402,way,amenity,fire_station,Rescue 1122,,,,,31.4727385,74.3924053,Lahore,Punjab,Pakistan,,,
3f44acea-65df-5c89-a8eb-1ba95addecc7,544946693,way,shop,supermarket,National Super Store,,,,,31.4710209,74.3911703,Lahore,Punjab,Pakistan,,,
e4578c18-6fd0-51dd-8fd0-bbb40228e2cd,544946695,way,amenity,fuel,DHA ShAttock Petrol Pump,,,,,31.4705185,74.3903218,Lahore,Punjab,Pakistan,,,
4e183f8b-fb04-5408-8dbe-e4619fa6e00c,544946697,way,amenity,restaurant,Pizza Town,,,,,31.4702651,74.3903749,Lahore,Punjab,Pakistan,,,
e7b359bd-4fd0-5d7c-9f15-686f8c9c4189,544946698,way,amenity,restaurant,Holy Smoke,,,,,31.4701316,74.3905983,Lahore,Punjab,Pakistan,,,
7c321035-737c-5096-b415-70df8a624f9f,431965853,way,leisure,park,Central Park,,,,,31.4467116,74.3986922,Lahore,Punjab,Pakistan,,,
2acf4d19-8c58-5c58-a858-57ad7a67f8fe,1444682740,way,landuse,residential,Formanites Housing Scheme,,,,,31.4443056,74.4135288,Lahore,Punjab,Pakistan,,,
16781db8-1a21-53a0-acd0-ec9f6b3b1ab3,1454916420,way,amenity,place_of_worship,,,,,,31.4415991,74.4019713,Lahore,Punjab,Pakistan,,,
f3772d38-9b1e-5241-82ec-7216aa4b54e6,1454916421,way,leisure,park,,,,,,31.4417683,74.4022607,Lahore,Punjab,Pakistan,,,
ad2f98a4-f38f-5405-86d1-769b1fbe9382,488668600,way,leisure,park,D-block Park,,,,,31.4468819,74.405824,Lahore,Punjab,Pakistan,,,
0b71867a-688c-5887-bbb7-bb990d307209,911386888,way,leisure,park,D-Block Triangular Park,,,,,31.4462112,74.4074662,Lahore,Punjab,Pakistan,,,
c2ef11bf-5ae3-509f-b21c-8546b3ee823b,1454916405,way,leisure,park,,,,,,31.4438145,74.4060274,Lahore,Punjab,Pakistan,,,
c12e380d-9f27-5a26-8436-45923c52431e,1444759388,way,leisure,park,"Park, Formanites Housing Society",,,,,31.4446558,74.4102896,Lahore,Punjab,Pakistan,,,
8e01dadc-5973-5d59-8552-6e0a99191e23,1444759389,way,leisure,park,"Park, Formanites Housing Society",,,,,31.4440947,74.4133285,Lahore,Punjab,Pakistan,,,
f2859972-62d1-5ab7-a6c6-4fa51f89654d,488671248,way,amenity,place_of_worship,Jatt Mosque,,,,,31.4490544,74.405067,Lahore,Punjab,Pakistan,,,
af27cafd-7cb5-5db4-b503-1c86859a5601,488671670,way,leisure,park,D-Block Mini Triangular Park,,,,,31.4488668,74.4061999,Lahore,Punjab,Pakistan,,,
beb7dd5a-e314-5240-96ea-92c0e9dde7fb,545111977,way,leisure,park,DHA Phave V Sector H Park,,,,,31.4601525,74.4033945,Lahore,Punjab,Pakistan,,,
c3a3f7ed-21b5-5636-ab83-36017a93fc8b,889242707,way,place,neighbourhood,H.B.F.C,,,,,31.4554993,74.408792,Lahore,Punjab,Pakistan,,,
9db78495-a31a-5c47-b8ed-ac0e5d4f0666,546608839,way,leisure,park,,,,,,31.4588783,74.406074,Lahore,Punjab,Pakistan,,,
ea10f311-fdb3-5a17-903d-2340bd8c641b,544726765,way,leisure,park,Sector J Park,,,,,31.4602442,74.4137987,Lahore,Punjab,Pakistan,,,
b6adbd65-afa2-5187-adf7-65a21131d465,544963835,way,leisure,park,,,,,,31.4606068,74.4223205,Lahore,Punjab,Pakistan,,,
0572672f-4ea4-5047-ab7e-47d4357d0941,1148159878,way,landuse,residential,Penta Square,,,,,31.4613524,74.4156368,Lahore,Punjab,Pakistan,,,
131b2b53-2bef-58f7-bd56-0fea74bd3b6b,546774022,way,leisure,park,,,,,,31.4559783,74.4145913,Lahore,Punjab,Pakistan,,,
4fc3445f-dc12-5e9a-b51a-2286bce8940a,545111978,way,leisure,park,DHA Phase V Sector L Football Ground,,,,,31.4616114,74.4008139,Lahore,Punjab,Pakistan,,,
4646f562-f02a-5aa1-89f2-8cbe4bfee6da,546567484,way,leisure,park,,,,,,31.4627852,74.4079036,Lahore,Punjab,Pakistan,,,
5cf00b25-3140-5ad2-b669-0039fb3688da,61431308,way,amenity,parking,,,,,,31.4693845,74.4096581,Lahore,Punjab,Pakistan,,,
0b529a8b-20cb-5eb9-b976-17220fc6b30c,67040262,way,amenity,parking,,,,,,31.4721898,74.4096129,Lahore,Punjab,Pakistan,,,
f12813cf-4fc3-501b-a767-0341d4b2ac85,544524820,way,amenity,place_of_worship,Jamia Mosque,,,,,31.4738155,74.4026325,Lahore,Punjab,Pakistan,,,
11fe92e4-56ea-58bb-9735-3f96b0ff0730,544708827,way,amenity,parking,,,,,,31.4739051,74.401388,Lahore,Punjab,Pakistan,,,
35d8bd5a-28e5-5890-8cbe-f8a3729e1dc4,1148159217,way,amenity,fuel,Shell,شیل,Shell,,,31.4671893,74.3975378,Lahore,Punjab,Pakistan,شیل,,
238e1f46-2b56-5927-b05e-d05595620fca,1148159218,way,amenity,police,Defence B Police Station,,,,,31.4669922,74.3984655,Lahore,Punjab,Pakistan,,,
15d918fe-bb23-5f40-b0f5-c033b100add9,544524821,way,amenity,restaurant,New Yorker Pizza,,,,,31.4736295,74.4016877,Lahore,Punjab,Pakistan,,,
ac02f757-e2f8-5665-ae87-a46b7da64d22,544946691,way,tourism,guest_house,Fatima Group Guest House,,,,,31.4728268,74.3978625,Lahore,Punjab,Pakistan,,,
baeba8b0-927c-5cf4-a764-8459dec41a60,61431307,way,amenity,place_of_worship,LUMS Masjid,,,,,31.4694568,74.409228,Lahore,Punjab,Pakistan,,,
f431834c-a153-5e5b-b4d7-3b8fc5e37b86,61431312,way,amenity,parking,,,,,,31.4686368,74.4092183,Lahore,Punjab,Pakistan,,,
02c203d4-6ac4-5d22-b5fe-ae19438fe907,61431314,way,amenity,parking,,,,,,31.4691478,74.40889,Lahore,Punjab,Pakistan,,,
98e4651a-3b07-52e8-954a-d65f3d74bf34,66683945,way,tourism,hostel,Female Hostels 1,,,,,31.4700184,74.4075594,Lahore,Punjab,Pakistan,,,
49ecf5ea-0bce-50d3-b515-1df612f6a993,66683953,way,amenity,parking,,,,,,31.4691623,74.407129,Lahore,Punjab,Pakistan,,,
6cd9727e-1a48-5173-8e8f-ab09e5ce2926,66683961,way,amenity,parking,,,,,,31.4688703,74.4083394,Lahore,Punjab,Pakistan,,,
9e97aa60-8f45-5b56-a5d9-ca19bd11939f,66683966,way,tourism,hostel,Female Hostels 2,,,,,31.4695719,74.4079773,Lahore,Punjab,Pakistan,,,
8f933dc3-7f59-54f7-a159-4e6a2ab1ec79,66683968,way,tourism,hostel,Female Hostels 3,,,,,31.4699586,74.4080076,Lahore,Punjab,Pakistan,,,
63746998-e2b1-5ba2-9567-610c70ceb75f,67016339,way,natural,water,,,,,,31.4708146,74.4074466,Lahore,Punjab,Pakistan,,,
4fe81d70-1a4b-5e33-876a-b62476ffb3a8,67530324,way,natural,wood,,,,,,31.471653,74.4091295,Lahore,Punjab,Pakistan,,,
45c02159-a514-5504-8833-c5f12ea9cdc8,545002685,way,leisure,park,,,,,,31.4652918,74.4154188,Lahore,Punjab,Pakistan,,,
4d161db4-d311-5821-9cf0-fdcdc040a9b1,546002825,way,leisure,park,,,,,,31.4664431,74.4102032,Lahore,Punjab,Pakistan,,,
514bad91-edcd-58fe-a6d1-9627374c48b0,544749332,way,leisure,park,,,,,,31.4613108,74.4194708,Lahore,Punjab,Pakistan,,,
87cf1139-d3bb-56b6-83be-44014d01715f,1091964241,way,leisure,park,,,,,,31.4643923,74.4204117,Lahore,Punjab,Pakistan,,,
8b74bb69-71d0-50cb-ba42-c75e761818ab,543679632,way,leisure,park,,,,,,31.4624772,74.4229585,Lahore,Punjab,Pakistan,,,
a796a410-10ca-5d00-b67b-f429072a9ff7,544123899,way,leisure,park,,,,,,31.4693745,74.4232311,Lahore,Punjab,Pakistan,,,
37da319f-f911-53e7-a17f-0b02eb585432,544519867,way,leisure,park,,,,,,31.4711043,74.4226996,Lahore,Punjab,Pakistan,,,
514d26fe-affc-5bc4-bf34-57a6f8362ea2,61589553,way,leisure,pitch,Cricket Ground,,,,,31.4684942,74.4121571,Lahore,Punjab,Pakistan,,,
8678557c-a8e9-5379-be2d-d378135b85f5,61589555,way,leisure,pitch,Football Field,,,,,31.467999,74.4134056,Lahore,Punjab,Pakistan,,,
38b92544-24fe-520b-9739-5dc815310889,61589556,way,leisure,pitch,Rugby Field,,,,,31.4678423,74.4143173,Lahore,Punjab,Pakistan,,,
b96ee98f-0ade-55de-9d17-8c0d6bd17b79,61589557,way,leisure,pitch,Tennis Court,,,,,31.469644,74.4112942,Lahore,Punjab,Pakistan,,,
fac4f8a7-2755-5ee5-a4c4-be9c5cd52d70,61589558,way,leisure,pitch,Volleyball Court,,,,,31.4700134,74.4112214,Lahore,Punjab,Pakistan,,,
8e08d8f7-4287-57d0-a364-7cdc0d5fa5db,61594965,way,tourism,hostel,Male Hostel 6,,,,,31.4710897,74.4120097,Lahore,Punjab,Pakistan,,,
51c50efc-2abb-5130-ae92-cb17b2cf4fee,61594966,way,tourism,hostel,Male Hostel 2,,,,,31.4703527,74.4129347,Lahore,Punjab,Pakistan,,,
8fe64095-55eb-5d98-a435-5c2f5e83b2a1,61594968,way,tourism,hostel,Male Hostel 3,,,,,31.4704411,74.4120225,Lahore,Punjab,Pakistan,,,
a5114658-a704-5647-86cb-c4f83e23917f,61594969,way,leisure,sports_centre,Syed Maratib Ali Shah Sports Complex,,,,,31.4692811,74.4107834,Lahore,Punjab,Pakistan,,,
64ea4a06-f134-5cc9-bea3-80f5e5ce87fb,61594971,way,tourism,hostel,Male Hostel 1,,,,,31.4700083,74.4124238,Lahore,Punjab,Pakistan,,,
7e0a422a-cb08-5fe7-9e1e-0022fac1d65e,61594972,way,tourism,hostel,Male Hostel 5,,,,,31.470883,74.411683,Lahore,Punjab,Pakistan,,,
5c622150-bdd8-5a97-8624-f37e26d180fa,61594975,way,tourism,hostel,Male Hostel 4,,,,,31.4707842,74.4125295,Lahore,Punjab,Pakistan,,,
84b2b16c-a439-54a7-a1f6-4078a9a4aba0,61671146,way,natural,wood,,,,,,31.4689219,74.4104844,Lahore,Punjab,Pakistan,,,
22f29cc5-0258-5b6a-a16c-0a44c1f8d65d,67016344,way,amenity,parking,,,,,,31.4705471,74.4131084,Lahore,Punjab,Pakistan,,,
635c4b10-d9d9-59d8-b69a-2640abec09c0,67040269,way,amenity,parking,,,,,,31.4726412,74.4104763,Lahore,Punjab,Pakistan,,,
c3a30bc1-4ff6-5f32-8dca-826cc3847f37,67216035,way,amenity,parking,,,,,,31.4693502,74.4133609,Lahore,Punjab,Pakistan,,,
706e9d3f-fbea-5a5f-9478-a6e62433ac42,437071812,way,leisure,park,Male Hostel Garden,,,,,31.4703992,74.4124799,Lahore,Punjab,Pakistan,,,
2a3d5944-ac05-5814-a9d6-22935d6e39f5,1198158235,way,leisure,swimming_pool,Coca-Cola Aquatic Center,,,,,31.4688109,74.411175,Lahore,Punjab,Pakistan,,,
a83896bd-959e-599e-8e5d-901cf8487ed0,544103976,way,leisure,park,,,,,,31.467647,74.421195,Lahore,Punjab,Pakistan,,,
e9447a85-4ee9-5c1c-b7d3-c4d6ba53c6d6,544103977,way,leisure,park,,,,,,31.4676522,74.4203608,Lahore,Punjab,Pakistan,,,
8e76f4f5-92d6-5370-9127-bb17ec070c61,544523707,way,leisure,park,,,,,,31.4704055,74.4207349,Lahore,Punjab,Pakistan,,,
e2b94898-a090-5e04-9cbb-7be1dd2f19f0,545415122,way,leisure,park,,,,,,31.467945,74.4167492,Lahore,Punjab,Pakistan,,,
46a02ba3-ff95-5d0a-8c5f-1bd1769d1c66,545989555,way,amenity,place_of_worship,Jamia Masjid Qowat Ul Islam,,,,,31.4727737,74.4194213,Lahore,Punjab,Pakistan,,,
1a868dd4-8091-5a1b-9a7c-ade87499bb5d,545990603,way,amenity,place_of_worship,Jamia Masjid Ghousia Qadria Hanifiya Lahore,,,,,31.471416,74.417921,Lahore,Punjab,Pakistan,,,
c3e746b0-14a6-5f54-9b9b-607b5c6b5d0b,543679633,way,leisure,park,,,,,,31.4654491,74.4249836,Lahore,Punjab,Pakistan,,,
87cda1b4-f8f2-5bc9-ac7e-119c5caee74a,543679634,way,leisure,park,,,,,,31.4637017,74.4230751,Lahore,Punjab,Pakistan,,,
6aa57e84-6c7c-529a-a566-94a826649695,717519540,way,tourism,hotel,Marvel Hotel,,,,,31.4739757,74.356582,Lahore,Punjab,Pakistan,,,
39f3f99e-bd38-51ae-a190-2f67d922223c,795086949,way,amenity,bank,,,,,,31.4739786,74.3784658,Lahore,Punjab,Pakistan,,,
4e69aaed-d16f-515b-ac26-25d1d571d367,795086951,way,amenity,bank,,,,,,31.4740549,74.3784313,Lahore,Punjab,Pakistan,,,
f9653f04-e50d-5cb8-9c98-e78ff991c2c6,795086957,way,amenity,bank,,,,,,31.4742836,74.3783317,Lahore,Punjab,Pakistan,,,
94af7393-8a22-5ef0-8a8d-dae82e6ec84f,795157845,way,amenity,restaurant,,,,,,31.4749265,74.3786127,Lahore,Punjab,Pakistan,,,
1230048a-b950-566f-bc78-df7c9fcc62c6,476523146,way,leisure,park,Sheeba Park,,,,,31.4750667,74.3761379,Lahore,Punjab,Pakistan,,,
de5175db-371e-5b6e-93e7-121d21d8f80e,544741401,way,amenity,police,Defence Police Station,,,,,31.4740387,74.3940069,Lahore,Punjab,Pakistan,,,
ac8d1049-80e0-5487-b990-f9dc2bf507b7,544747040,way,amenity,place_of_worship,مسجد بلال,مسجد بلال,Bilal Masjid,,,31.4747018,74.391068,Lahore,Punjab,Pakistan,,,
eeee5152-5031-5672-9c76-02a1055d1d59,544524822,way,amenity,restaurant,Cold Stone DHA,,,,,31.4738779,74.4015711,Lahore,Punjab,Pakistan,,,
a442d3d3-8529-5c05-b434-ccfe3130999a,544524823,way,amenity,ice_cream,The Sweet Tooth,,,,,31.474237,74.401586,Lahore,Punjab,Pakistan,,,
058bae7e-b8d2-54fe-a0e7-1e0455a82594,544524824,way,leisure,park,,,,,,31.4746156,74.401797,Lahore,Punjab,Pakistan,,,
f0cd9e27-d167-580a-95a1-c87acb0c056f,544692858,way,amenity,restaurant,Choco Palace,,,,,31.4744407,74.4009645,Lahore,Punjab,Pakistan,,,
a78ec098-17a1-5476-a73d-3c6c8eddbf29,544707412,way,amenity,restaurant,MARO Tandoors,,,,,31.4745859,74.4023267,Lahore,Punjab,Pakistan,,,
cf40246b-31fc-56fd-a490-b809734c92bc,544939912,way,amenity,restaurant,OPTP,,,,,31.4743721,74.4023233,Lahore,Punjab,Pakistan,,,
f75be162-6b22-5964-9ea8-b598fc4293bd,544946687,way,amenity,cafe,The Hot Spot Cafe,,,,,31.4741846,74.4015844,Lahore,Punjab,Pakistan,,,
f2be631b-2ecd-586f-add0-97b753d52f5c,544946690,way,amenity,bank,یونائیٹڈ بینک لمیٹڈ,یونائیٹڈ بینک لمیٹڈ,United Bank Limited,,,31.4750628,74.4006769,Lahore,Punjab,Pakistan,یونائیٹڈ بینک لمیٹڈ,,
7173999e-9f31-53be-898e-587a0f1861b6,552817961,way,amenity,bank,Al-Meezan Group Investment Banking,,,,,31.4748864,74.4008634,Lahore,Punjab,Pakistan,,,
a0bbb4f8-8da7-5d3d-8542-d9e32edf4f85,684352231,way,amenity,bank,National Bankof pakistan,,,,,31.4747408,74.4023943,Lahore,Punjab,Pakistan,,,
c5d195a4-617a-5a18-bc84-9290079fd36a,684352232,way,amenity,bank,ایچ بی ایل پاکستان,ایچ بی ایل پاکستان,Habib Bank Limited,,,31.4747327,74.4025448,Lahore,Punjab,Pakistan,ایچ بی ایل پاکستان,,
6451013b-2815-50e4-bd2f-2e2a43b2744e,684352233,way,amenity,fast_food,BURGERMAN,,,,,31.474727,74.4026501,Lahore,Punjab,Pakistan,,,
552fe402-76d9-5702-944b-ec0b4b99008d,684352655,way,amenity,cafe,گلوریا جینز,گلوریا جینز,Gloria Jean's,,,31.4745841,74.4023975,Lahore,Punjab,Pakistan,گلوریا جینز,,
e0963ef4-6047-59b7-9bf3-973ec3b1a896,684352918,way,amenity,restaurant,Cafe Heeva,,,,,31.4745783,74.4025305,Lahore,Punjab,Pakistan,,,
3e0bc61e-a583-5ff3-8886-1844062f6abd,684354232,way,amenity,restaurant,Bait Ul Sajji,,,,,31.4743516,74.402591,Lahore,Punjab,Pakistan,,,
f55cdf11-7124-58c7-ab23-fe0b52e2ba15,684354234,way,amenity,bank,Emaan Islamic Banking Silk Bank,,,,,31.474265,74.4024281,Lahore,Punjab,Pakistan,,,
9d822e80-0cbf-50e1-871b-06d27cef1433,684354235,way,amenity,restaurant,Sofra Restaurant,,,,,31.4743493,74.4028296,Lahore,Punjab,Pakistan,,,
1a730c2c-7efd-57b2-aa6f-4d49736c00a8,684373638,way,amenity,fast_food,Pizzano Pizzas & Fast Food,,,,,31.4739459,74.4020565,Lahore,Punjab,Pakistan,,,
c6838ef6-714a-5a50-9a68-f140c5fde97b,684373639,way,shop,motorcycle,Torque Motorsport,,,,,31.4737936,74.4019339,Lahore,Punjab,Pakistan,,,
33910e10-772e-5210-b457-c6cd84173a28,684373641,way,amenity,ice_cream,Cold Stone,,,,,31.4739513,74.4015783,Lahore,Punjab,Pakistan,,,
efb78f14-319e-5f09-b8fb-aa69a7f1ad68,684373642,way,amenity,ice_cream,iceCurl,,,,,31.4741296,74.4015836,Lahore,Punjab,Pakistan,,,
e5e3a9ea-7f67-5040-ac4b-b4fa69f10aed,684373643,way,amenity,ice_cream,Andersens Ice Cream,,,,,31.4740116,74.4015836,Lahore,Punjab,Pakistan,,,
7f1ce857-cfd0-51e8-b0d7-a3066c22ca9b,208828247,way,leisure,park,U-Block Park,,,,,31.474468,74.407973,Lahore,Punjab,Pakistan,,,
23d0e64a-d688-5786-94b7-f3436c5bcb1d,543627209,way,shop,supermarket,Hafiz Super Store,,,,,31.4740778,74.407592,Lahore,Punjab,Pakistan,,,
035ae0cc-6470-5863-8939-4db4f701971d,543627210,way,amenity,restaurant,The Shack,,,,,31.4740092,74.4076579,Lahore,Punjab,Pakistan,,,
820aca35-010e-5267-8e4e-94a56474b977,543627211,way,amenity,restaurant,The Grill,,,,,31.4738534,74.4076725,Lahore,Punjab,Pakistan,,,
2a019fc4-6d5d-5e34-9f84-ea196300878d,544493693,way,amenity,bank,ایم سی بی بینک,ایم سی بی بینک,MCB Bank,,,31.474165,74.4037421,Lahore,Punjab,Pakistan,ایم سی بی بینک,ایم سی بی بینک لمیٹڈ,
97a6707e-af22-5a40-9d67-77b7e286581b,544524817,way,amenity,bank,جے ایس بینک,جے ایس بینک,JS Bank,,,31.4742284,74.4038282,Lahore,Punjab,Pakistan,جے ایس بینک,جے ایس بینک,
e99929ea-675e-56b9-9acb-e62ec5bc4659,544524818,way,amenity,bank,بینک الفلاح,بینک الفلاح,Bank Alfalah,,,31.4744579,74.404119,Lahore,Punjab,Pakistan,بینک الفلاح,,
e77ffbdf-512d-58fb-aca9-0480880d9345,544707409,way,amenity,restaurant,Belgian Fries,,,,,31.4745488,74.4032131,Lahore,Punjab,Pakistan,,,
2159c931-aaa2-50d8-901a-6c0db26df7e4,544707411,way,leisure,park,,,,,,31.4745023,74.4037038,Lahore,Punjab,Pakistan,,,
2220e2f3-759f-5f11-9b1c-b7e580a3ac3a,544939913,way,office,estate_agent,Millat Estate,,,,,31.4742491,74.4031571,Lahore,Punjab,Pakistan,,,
bd7751e5-f630-51e5-bcf4-9077fc5ecbf6,684352234,way,shop,bakery,Bundu Khan Sweets & Bakers,,,,,31.474704,74.4031097,Lahore,Punjab,Pakistan,,,
e6c15124-c59a-5ebc-8c30-716cb26362be,684352235,way,office,estate_agent,Sahir Associates (Pvt),,,,,31.4746994,74.4032234,Lahore,Punjab,Pakistan,,,
cf7f7c90-c8fb-5ce5-94d7-9a6a9a920e37,684354233,way,amenity,restaurant,Dogar Restaurant,,,,,31.4743332,74.4032313,Lahore,Punjab,Pakistan,,,
c93ab413-cc60-58a1-8d11-3253b686c531,1148579741,way,amenity,fuel,Hascol Petroleum,,,,,31.4748884,74.4044106,Lahore,Punjab,Pakistan,Hascol,Hascol,Q85765878
6aad336e-af3d-5c03-bc67-2bb4b958f066,684349641,way,landuse,commercial,Civic Commercial Area Sector T DHA Phase 2,,,,,31.4746603,74.4027814,Lahore,Punjab,Pakistan,,,
945fdc9e-cd3f-5867-8150-68a9644929b3,545985222,way,leisure,park,Society Park,,,,,31.4745394,74.4159799,Lahore,Punjab,Pakistan,,,
f8dd2fa7-6117-5df2-b92a-d96a7753ca0a,2296877475,node,historic,monument,Metal Eagle,,Khayaban-e-Iqbal,,,31.4763611,74.3568912,Lahore,Punjab,Pakistan,,,
29eff882-2e0c-552c-9f29-07624e163581,4408516197,node,historic,monument,بابِ پاکستان,,Bab-e-Pakistan,باب پاکستان,,31.4801856,74.3571116,Lahore,Punjab,Pakistan,,,
b665ab71-ad8a-52d9-afbb-a51f27d8ea05,2296900506,node,shop,department_store,Walton Super Store,,,,,31.4861427,74.3566455,Lahore,Punjab,Pakistan,,,
6f3b31c5-6ca2-5bdd-a363-118649494b0c,8406781961,node,place,neighbourhood,ریلوے کالونی,ریلوے کالونی,Railway Colony,,,31.4863523,74.3553015,Lahore,Punjab,Pakistan,,,
ee7d3ecd-3dde-5acf-ae9b-9eeed0254c45,271065056,node,landuse,commercial,Waheed Trade Center,,,,,31.4755315,74.3572441,Lahore,Punjab,Pakistan,,,
27e50d18-a4f9-51e6-af72-bce1879641d9,4076050049,node,place,suburb,النور ٹاؤن,,Al Noor Town,,,31.4771563,74.3576892,Lahore,Punjab,Pakistan,,,
3bd5d226-3893-54d6-a1ce-37f8c4ff1097,271060147,node,place,suburb,فاروق کالونی,,Farooq Colony,,,31.4787019,74.3674921,Lahore,Punjab,Pakistan,,,
a69a401b-3ce8-5dd5-bd7c-3d4a3ddd9993,2296877476,node,shop,bakery,Faran Bakery,,,,,31.4854263,74.3646806,Lahore,Punjab,Pakistan,,,
1dbc592b-70e3-54e2-b5f4-6ef77e5dbc2f,4961149621,node,public_transport,platform,والٹن,والٹن,Walton,,,31.4862906,74.3658359,Lahore,Punjab,Pakistan,,,
35fe088e-4e37-5424-86b7-9c2bb41935c8,5093798322,node,shop,department_store,Bashahrat General Store,,Bashahrat General Store,,,31.4825524,74.3652078,Lahore,Punjab,Pakistan,,Bashahrat,
59b4a40b-d729-55c9-9e02-8b77fa2447a3,5096098921,node,shop,department_store,Spencer Mart,,Spencer Mart,,,31.4836872,74.364055,Lahore,Punjab,Pakistan,,,
75110630-ce73-536f-98b8-94619651da0e,12657078878,node,landuse,residential,SITE,,,,,31.4861707,74.3691691,Lahore,Punjab,Pakistan,,,
7bd0cc4a-9921-5059-8707-3a132aced7dc,2296900503,node,amenity,place_of_worship,,,,,,31.486978,74.3540559,Lahore,Punjab,Pakistan,,,
ea743dd4-a9cd-5b2b-909d-e6c653375b0f,2296900504,node,railway,station,والٹن,والٹن,Walton,,,31.4874038,74.354274,Lahore,Punjab,Pakistan,,,
fe651c1c-422f-5b00-a24a-6a3bc37f0666,5392525053,node,amenity,place_of_worship,Irfan,,,,,31.4882538,74.3566078,Lahore,Punjab,Pakistan,,,
e2927999-d9a7-551f-b130-85c82d468034,8406781957,node,place,neighbourhood,Makkah Colony,,,,,31.4972319,74.3557557,Lahore,Punjab,Pakistan,,,
62ab72f0-1abf-57f4-9cb9-8a952a91443c,10811513805,node,amenity,restaurant,AFOHS club,,,,,31.4948981,74.3519995,Lahore,Punjab,Pakistan,,,
ef608d24-9030-5e75-8835-100de31095c2,7118877856,node,place,suburb,والٹن,والٹن,Walton,,,31.4873402,74.361717,Lahore,Punjab,Pakistan,,,
e0686fbf-aebf-53b5-8a98-5d08c2fb9155,2491296105,node,amenity,atm,Muslim Commercial Bank,,,,,31.493987,74.358576,Lahore,Punjab,Pakistan,,,
faf72782-f42d-5b8e-bb0f-148da08b078b,9395371810,node,place,neighbourhood,گُلبہار کالونی,,Gulbahar Colony,,,31.4995501,74.3596686,Lahore,Punjab,Pakistan,,,
c520208c-14d3-5cd5-813e-35efcd5a8dc0,4427362590,node,tourism,hostel,E-159 momin lane 7 St cavalary Ground lahore cantt,,,,,31.4954144,74.3701028,Lahore,Punjab,Pakistan,,,
ba1bd899-27cd-5bc8-9b2a-7cf028f340c2,7618345201,node,healthcare,hospital,Al Mairah Dental and Cosmetics Clinic,المیرہ ڈینٹل اینڈ کاسمیٹکس کلینک,,,,31.4995263,74.3666831,Lahore,Punjab,Pakistan,,AMDC,
898eb431-3fde-5fd9-a612-f593be68c9e8,270891484,node,amenity,place_of_worship,Sec. W Ph 3,,,,,31.4774914,74.3765557,Lahore,Punjab,Pakistan,,,
31c74f6b-325c-56fc-8f05-2fa6487e4c93,271105745,node,healthcare,hospital,DHA Medical Center Phase III,,,,,31.4767342,74.3714984,Lahore,Punjab,Pakistan,,,
dd907a3a-495e-5573-b4bd-0d7ba373b2f9,533746906,node,amenity,parking,,,,,,31.4778934,74.3765578,Lahore,Punjab,Pakistan,,,
07a2fb04-bd4a-53d2-b6b2-09d45c40b22c,3237632377,node,amenity,fast_food,مکڈونلڈز,مکڈونلڈز,McDonald's,,,31.4760144,74.3767769,Lahore,Punjab,Pakistan,مکڈونلڈز,,
75c743c3-795c-5905-8d5a-f4ba734bb91b,270894506,node,leisure,park,Sec Z Prk Ph 3,,,,,31.4786446,74.381497,Lahore,Punjab,Pakistan,,,
f19acbec-afce-5f67-8b1c-d8ebdf5187f8,271287330,node,amenity,parking,,,,,,31.4779689,74.37728,Lahore,Punjab,Pakistan,,,
8855497a-053c-50d5-9dca-582a10d31d4b,533745777,node,amenity,parking,,,,,,31.4758145,74.3771501,Lahore,Punjab,Pakistan,,,
93f034b5-cb5d-5985-9a89-a9ade386de2b,533746015,node,amenity,parking,,,,,,31.4750971,74.3781629,Lahore,Punjab,Pakistan,,,
4a0cc484-7365-58f4-88d1-140538653aad,533746184,node,amenity,fast_food,ڈنکن ڈونٹس,ڈنکن ڈونٹس,Dunkin' Donuts,,,31.4753496,74.3781516,Lahore,Punjab,Pakistan,ڈنکن ڈونٹس,,
cd48be1a-193a-5c9a-b4fe-1f9ca2469dcc,533746888,node,amenity,parking,,,,,,31.4767369,74.3772101,Lahore,Punjab,Pakistan,,,
a7a2a286-6ee8-5f53-aa4a-90a36a48f3ff,7256171204,node,amenity,fast_food,ہارڈیز,ہارڈیز,Hardee's,,,31.4751729,74.3791414,Lahore,Punjab,Pakistan,ہارڈیز,,
d95ff851-7080-5990-8da3-cf6833668d43,7256171205,node,amenity,restaurant,Sumo,,,,,31.4751702,74.3790057,Lahore,Punjab,Pakistan,,,
4365b2e2-c99c-58bd-9f90-95e7e56a6d7d,7256171206,node,amenity,restaurant,Mandarin Kitchen,,,,,31.4750492,74.3790703,Lahore,Punjab,Pakistan,,,
4cc288a8-b1e0-521c-b00f-817045f43286,7256171207,node,amenity,bank,الائیڈ بینک لمیٹڈ,الائیڈ بینک لمیٹڈ,ABL,,,31.4750954,74.3789039,Lahore,Punjab,Pakistan,الائیڈ بینک لمیٹڈ,,
8f6b548e-7e92-55d4-af19-58a53779a761,7276535746,node,amenity,fast_food,OPTP,,,,,31.4753007,74.3779573,Lahore,Punjab,Pakistan,,,
20314692-f3e9-57d6-b06a-b7730393b2fc,7276535748,node,amenity,bank,,,,,,31.4755172,74.3791077,Lahore,Punjab,Pakistan,,,
86631699-0bc3-5289-8081-26291206a9fa,7406349268,node,amenity,ice_cream,Baskin-Robbins,,,,,31.4754473,74.3783051,Lahore,Punjab,Pakistan,Baskin-Robbins,,
2015f03d-5b9e-5b4e-9b98-4d0fa0be7e20,271105877,node,place,suburb,Eden Cottages,,,,,31.4842214,74.3735808,Lahore,Punjab,Pakistan,,,
dac5aaea-415b-50aa-9ef4-1e33250e2a9b,271286878,node,place,suburb,Qadri Colony,,,,,31.4826253,74.3703932,Lahore,Punjab,Pakistan,,,
e8e4001b-d51c-5b3f-9597-60dae42db503,1758753093,node,shop,convenience,,,,,,31.4845883,74.3758177,Lahore,Punjab,Pakistan,,,
ab7dadf2-5e82-50d0-b65e-93fba98c92ae,1758753094,node,shop,convenience,,,,,,31.4846155,74.3756959,Lahore,Punjab,Pakistan,,,
433efade-2263-56b4-b79a-aab106963df8,1758753095,node,shop,greengrocer,,,,,,31.4852115,74.3764928,Lahore,Punjab,Pakistan,,,
eea65fd8-90dd-54ee-b630-802ddc8cedd5,1758753098,node,shop,tailor,,,,,,31.4854814,74.3766618,Lahore,Punjab,Pakistan,,,
9e1cd7e7-a8d7-5083-aa1f-a829a8d86533,1758753101,node,shop,greengrocer,,,,,,31.4855394,74.3767189,Lahore,Punjab,Pakistan,,,
9caec9d6-3245-5019-a669-802d83d1c0ca,1758753112,node,shop,convenience,,,,,,31.4856903,74.3750588,Lahore,Punjab,Pakistan,,,
c33f050a-2c21-5259-af36-774df8a176de,271071111,node,amenity,place_of_worship,Sec B Masjid Ph 1,,,,,31.4837381,74.3822416,Lahore,Punjab,Pakistan,,,
cd8971d0-631e-52d2-882d-50d035571802,271071188,node,leisure,park,,,,,,31.4844334,74.3829111,Lahore,Punjab,Pakistan,,,
8127cdbe-4367-537e-9ed9-06534ec9e4e3,271072086,node,place,suburb,Iqbal Park,,,,,31.486102,74.3808302,Lahore,Punjab,Pakistan,,,
d3a87c80-d494-5bac-9353-196480243f74,271110610,node,place,suburb,Fort Villa,,,,,31.4851174,74.3796679,Lahore,Punjab,Pakistan,,,
3a817f27-5fa7-5bea-b627-3494cc317b3c,1758753103,node,shop,butcher,,,,,,31.4855852,74.3769154,Lahore,Punjab,Pakistan,,,
97d620f5-8a1e-5ed2-83ca-9b90422827fe,1758753106,node,shop,convenience,,,,,,31.4856103,74.3769364,Lahore,Punjab,Pakistan,,,
d89f47fd-1961-5f28-9d3c-1033f21368a6,1758753107,node,shop,greengrocer,,,,,,31.4856339,74.3769608,Lahore,Punjab,Pakistan,,,
3008a368-f177-598c-8e64-348be634be29,1758753110,node,shop,bakery,,,,,,31.4856826,74.3770087,Lahore,Punjab,Pakistan,,,
f8016b70-37c8-5f65-b18a-5579bbe83024,1759671239,node,shop,convenience,,,,,,31.4845711,74.3787269,Lahore,Punjab,Pakistan,,,
d1d0ead0-6d8c-56aa-b943-dc41e220817b,5181769121,node,office,lawyer,Barrister Najaf Shah,,Barrister Najaf Shah,,,31.4867242,74.3830947,Lahore,Punjab,Pakistan,,,
b99aad22-a139-57b9-b739-833829fcc457,270894001,node,place,village,Charr,,,,,31.4753652,74.3841578,Lahore,Punjab,Pakistan,,,
0d198c19-f4f2-5453-a28d-311f2d5bf3ed,271137380,node,leisure,park,Sec C Ph 1,,,,,31.4791518,74.3872638,Lahore,Punjab,Pakistan,,,
7d821b80-629b-5c88-a7c2-f7204b33a585,271738715,node,place,suburb,,,,,,31.4800052,74.3866718,Lahore,Punjab,Pakistan,,,
687fd775-e569-58d1-8eed-31172b247ec1,270900974,node,leisure,park,Sec E,,,,,31.47934,74.3903805,Lahore,Punjab,Pakistan,,,
296bf4b1-0c1c-5c67-b4bf-daa28fc3f183,271076218,node,amenity,place_of_worship,Sec K Masjid Ph 1,,,,,31.4763157,74.3927301,Lahore,Punjab,Pakistan,,,
3ed1fc3e-47b5-53f5-932c-c330d2828f24,271146376,node,leisure,park,Sec J Ph 1,,,,,31.4782954,74.3899159,Lahore,Punjab,Pakistan,,,
b5fe2272-2c79-559a-9ab5-2d4af51568d7,4539426790,node,tourism,attraction,Baby Baji Home,,Baby Baji Home,,,31.4795075,74.3902629,Lahore,Punjab,Pakistan,,,
f11ec835-97b6-5385-85b6-20c4a9c7b610,271072589,node,leisure,park,,,,,,31.4852019,74.3863701,Lahore,Punjab,Pakistan,,,
bc93d3b7-fa6c-5e98-9f6a-be151ca717e2,271136395,node,leisure,park,Sec C Ph 1,,,,,31.4803596,74.3851008,Lahore,Punjab,Pakistan,,,
3a3ec6d8-9b9b-5c10-b722-40ed1dcd820f,271139009,node,amenity,place_of_worship,Sec C Ph 1 Masjid,,,,,31.4811721,74.3870492,Lahore,Punjab,Pakistan,,,
7edf3d45-37f0-5349-88f6-a136761cfdb5,4484127093,node,amenity,post_office,Home 113-B DHA,,,,,31.4838252,74.3839086,Lahore,Punjab,Pakistan,,,
806c87c0-57ca-5552-95fd-af314ce5fecd,5181770722,node,amenity,atm,,,,,,31.4840296,74.3858076,Lahore,Punjab,Pakistan,,Allied Bank,
52859776-f379-599e-8547-151b322995ad,271075303,node,amenity,parking,,,,,,31.4820619,74.3953823,Lahore,Punjab,Pakistan,,,
0b77a68d-2e9f-5812-9f60-134cc8e70696,271284638,node,amenity,parking,,,,,,31.4847505,74.3926132,Lahore,Punjab,Pakistan,,,
dc9e9bc2-d737-5215-964b-ee24c84fb6a7,4156460090,node,amenity,restaurant,Kings N Queens,,,,,31.4837758,74.3954933,Lahore,Punjab,Pakistan,,,
0dcc5813-bff6-53b9-a6ef-788437b47f72,4929574263,node,office,estate_agent,International Sourcing Establishment Real Estate & Consultants,,,,,31.4825832,74.396013,Lahore,Punjab,Pakistan,,,
015e362a-d527-5a0a-874a-981663a4c7d2,5252273288,node,amenity,restaurant,Cock N Bull (Pizza & Steak House),,,,,31.4817238,74.3959226,Lahore,Punjab,Pakistan,,,
1c40194f-58a6-55e1-a36d-5c954e40608f,5252273290,node,amenity,bank,ایچ بی ایل پاکستان,ایچ بی ایل پاکستان,Habib Bank Limited,,,31.482357,74.3940266,Lahore,Punjab,Pakistan,ایچ بی ایل پاکستان,,
52da519c-b8f3-5d8f-a664-08acabfbc11b,5252273291,node,amenity,bank,اسٹینڈرڈ چارٹرڈ,اسٹینڈرڈ چارٹرڈ,Standard Chartered,,,31.48228,74.3941239,Lahore,Punjab,Pakistan,اسٹینڈرڈ چارٹرڈ,اسٹینڈرڈ چارٹرڈ,
f9cee838-c1e4-5bf5-9c1b-d8606ef10497,5252273293,node,amenity,bank,فیصل بینک,فیصل بینک,Faysal Bank,,,31.4822287,74.3942567,Lahore,Punjab,Pakistan,فیصل بینک,,
9667fa5d-07ca-587a-a7eb-2c1279b04bf6,5252273294,node,amenity,bank,Al Baraka Bank,,,,,31.4820899,74.394354,Lahore,Punjab,Pakistan,,,
909d00d4-4368-54c2-8f4d-ac3d9e3f8a45,5252273296,node,amenity,bank,سمٹ بینک,سمٹ بینک,Summit Bank,,,31.4833196,74.3931058,Lahore,Punjab,Pakistan,سمٹ بینک,سمٹ بینک,
3027f547-af97-5eec-b4a9-1e41d918c443,5252273297,node,amenity,bank,First Women Bank Ltd. (FWBL) - Defence Branch,,,,,31.4835588,74.3932563,Lahore,Punjab,Pakistan,,,
7a54c5b5-d700-55c3-aed0-9f801ade077b,5252273298,node,amenity,bank,United Bank Limited (UBL Ameen),,,,,31.4834028,74.3930327,Lahore,Punjab,Pakistan,,,
3af2d2a3-55a0-5450-81d0-9d89ef3e6337,5252273299,node,amenity,bank,بينک الحبيب,بينک الحبيب,Bank Al Habib,,,31.4832277,74.3932197,Lahore,Punjab,Pakistan,بينک الحبيب,,
118d4b4b-89e4-513a-81b8-531a3b1d0383,5252273300,node,amenity,bank,Burj Bank Limited,,,,,31.4821494,74.3943255,Lahore,Punjab,Pakistan,,,
e0c1496d-1d22-52b9-bc5e-d652723a194a,5252273301,node,amenity,bank,بینک اسلامی,بینک اسلامی,Bank Islami,,,31.4833464,74.3950189,Lahore,Punjab,Pakistan,بینک اسلامی,بینک اسلامی,
66f6c9c0-4f81-5b79-8078-f8a1fa90f4f0,5252273302,node,amenity,bank,The Bank of Punjab,,,,,31.4835286,74.3956937,Lahore,Punjab,Pakistan,,,
56f6b111-fb9c-5ba4-8420-1780223483c2,5277467909,node,amenity,bank,دبئی اسلامی بینک,دبئی اسلامی بینک,Dubai Islamic Bank,,,31.4832451,74.3931923,Lahore,Punjab,Pakistan,دبئی اسلامی بینک,,
c0e7b0cc-7124-585f-89b7-36df3e618c49,5565817323,node,shop,greengrocer,"Poultry, vegetable and fruit shops",,,,,31.4849982,74.3930941,Lahore,Punjab,Pakistan,,,
9727b8ae-1a0a-57a1-8be1-c8a946c8dc3a,11018101307,node,amenity,place_of_worship,Masjid Hassan,,,,,31.4890686,74.3766479,Lahore,Punjab,Pakistan,,,
46fed3b9-3ed8-5b10-81a5-71b631782c39,273463726,node,place,suburb,Super Town,,,,,31.4892712,74.3812251,Lahore,Punjab,Pakistan,,,
06de15af-df2b-5226-8b5b-4d97bacda3ad,5255424738,node,healthcare,hospital,Rasheed Hospital,Rasheed Hospital,,,,31.4886992,74.3802433,Lahore,Punjab,Pakistan,,,
70aa3fb6-84fa-552d-8058-d69eef0e261e,5273489540,node,shop,mall,Defence Shopping Mall,,,,,31.4879676,74.3801308,Lahore,Punjab,Pakistan,,,
fdb0f526-99a7-5c2e-ad70-a82c44a79945,5273489541,node,tourism,hotel,Heaven Hotel,,,,,31.4869429,74.3815819,Lahore,Punjab,Pakistan,,,
4cd00edb-3abb-56dc-81c4-371246272958,5273489542,node,healthcare,clinic,Shaukat Khanum Laboratory,شوکت خانم لیبارٹری,,,,31.4875079,74.3808228,Lahore,Punjab,Pakistan,,,
ad83b608-a1fc-5204-97df-03ae4a5259ed,6851415111,node,shop,motorcycle,WILL Motorcycle dealership,,,,,31.490314,74.3782902,Lahore,Punjab,Pakistan,,,
d69bc380-873e-54bd-9801-8dc10f2f350d,2328955773,node,shop,stationery,Defense Book Shop,,,,,31.4945777,74.3743013,Lahore,Punjab,Pakistan,,,
6c7c4465-462d-5f4e-8fb7-382e0ed18537,5255424745,node,healthcare,hospital,Prime Care Hospital,پرائم کیئر ہسپتال,,,,31.493736,74.3754105,Lahore,Punjab,Pakistan,,,
30347665-9d73-591a-b6eb-65e323259652,12159378130,node,amenity,place_of_worship,,,,,,31.4964456,74.3748061,Lahore,Punjab,Pakistan,,,
94b22efb-5fda-5837-9960-dbdd058ce981,6481373083,node,amenity,restaurant,Covent Garden,,,,,31.4958456,74.3776439,Lahore,Punjab,Pakistan,,,
89bf2a59-2b06-58c8-ba1f-ea1f91bd497b,271166667,node,place,suburb,Askari Flats,,,,,31.4933113,74.3848557,Lahore,Punjab,Pakistan,,,
a584bf79-c351-57ed-b7ee-eb169d110580,4602390091,node,shop,bakery,Gourmet,,Gourmet,,,31.4923895,74.3873195,Lahore,Punjab,Pakistan,,,
0ccd2bc6-a705-5fbb-b3e2-7f504611cbd3,4602390092,node,shop,car_repair,Saleem Autos,,,,,31.4918235,74.3878059,Lahore,Punjab,Pakistan,,Saleem,
3bfda3d3-47e3-5a37-9ee6-0aa0c7332cf0,12873040658,node,shop,car_repair,Petromin Express,,Petromin Express,,,31.4921279,74.3868693,Lahore,Punjab,Pakistan,,,
47be5e2c-a5fc-5910-9039-605abfe0e731,273463268,node,place,suburb,Nishat Colony,,,,,31.4915401,74.3927693,Lahore,Punjab,Pakistan,,,
5047bc18-44c4-579e-bf36-e4c048e28341,273469155,node,amenity,place_of_worship,Eid Gha,,Nishat park,,,31.495284,74.3860226,Lahore,Punjab,Pakistan,,,
5369955b-7636-5ba7-a057-693cb502765d,4956042421,node,office,government,Walton Cantonment Board,,,,,31.4995896,74.3839488,Lahore,Punjab,Pakistan,,,
0365f327-fdec-5e58-a654-0ead63b03146,5259747063,node,healthcare,hospital,Ayesha Hospital,,,,,31.4949556,74.3928245,Lahore,Punjab,Pakistan,,,
65c97ca2-2a03-5faf-8178-02e34deedba9,10606369649,node,amenity,place_of_worship,Jamia Masjid e Muhammadi,جامع مسجد محمدی,,,,31.4946787,74.395703,Lahore,Punjab,Pakistan,,,
a20d275c-1707-5b8a-b1b9-643a8f86dae8,10606395754,node,shop,supermarket,Muhammadi Pansar Store,,,,"Muhammadi Pansar Store, Best Herbal and Spice Store in Lahore. Established in 1985, it is selling best herbs, spices, herbal medicine, oil, essential oil, cold press oil, grinding mill and delivery services.",31.4941834,74.3960412,Lahore,Punjab,Pakistan,,Hakeem Muhammad Razzaq,
815c6787-c110-5b54-bffe-34ea006164f5,4310818403,node,tourism,hotel,Savoey Hotel,,,,,31.5030271,74.3569873,Lahore,Punjab,Pakistan,,,
f3cbc7c2-da43-54bc-b2cb-cb51585af430,8406781955,node,place,neighbourhood,Kabootarpura,,,,,31.5045204,74.3558577,Lahore,Punjab,Pakistan,,,
0ad5b582-63ab-51b6-8a24-4f8eef24105d,5251520092,node,amenity,restaurant,Johnny Rockets,,,,,31.5083396,74.3503866,Lahore,Punjab,Pakistan,,,
77ad3e53-4923-58e6-ae04-043239450855,5251520097,node,amenity,cafe,Freddys Cafe,,,,,31.5092886,74.3500674,Lahore,Punjab,Pakistan,,,
da05d8b8-fe01-5ed6-9586-49d192965891,5251520098,node,amenity,fast_food,OPTP,,,,,31.5086616,74.3505888,Lahore,Punjab,Pakistan,,,
ecd4a5ef-2a36-5c51-9146-6718dd4c47f7,5251520101,node,amenity,fuel,Zoom,,,,,31.5100767,74.3503346,Lahore,Punjab,Pakistan,,,
ede08db0-2a80-592a-81ff-b2f156b07310,5251520102,node,amenity,restaurant,Bombay Chowpatty,,,,,31.5100336,74.3501743,Lahore,Punjab,Pakistan,,,
71d0979f-fd4a-5809-bfef-7f7a952b946e,5251520103,node,amenity,fast_food,Howdy,,,,,31.5104129,74.3501918,Lahore,Punjab,Pakistan,,,
467bc526-33e6-528d-8624-d9259d2759d7,5251520105,node,shop,clothes,Levi's,,,,,31.5104548,74.3502954,Lahore,Punjab,Pakistan,Levi's,,
0a596576-c594-5278-bf61-6231316b08f3,5251520112,node,shop,jewelry,Damas Jewelry,,,,,31.5111614,74.350467,Lahore,Punjab,Pakistan,,,
9fb733a7-9ae3-541b-8aac-acceac468a42,5251520113,node,amenity,restaurant,Xi Wang,,,,,31.5113009,74.3503758,Lahore,Punjab,Pakistan,,,
5f394197-9f9b-5634-93b2-94116a16b164,7276489474,node,amenity,fuel,ٹوٹل,ٹوٹل,Total,,,31.50898,74.3504833,Lahore,Punjab,Pakistan,طوطال,ٹوٹل پارکو,
fafcd188-7cfe-5018-bf1b-4147df569ec1,3934418782,node,office,company,Higher  Education Commision,,,,,31.5107429,74.352793,Lahore,Punjab,Pakistan,,,
b4ab7085-c9ff-5ad9-ac80-b8a2348e754b,4400612990,node,amenity,cafe,Turkish Restaurant & Cafe,,Turkish Restaurant & Cafe,,,31.510317,74.3507033,Lahore,Punjab,Pakistan,,Necati Yıldırım and Other Partner,
4afdd776-08a0-5fad-b8fa-3ad202d0ac8d,5107430222,node,amenity,restaurant,Qabail Restaurant,,,,,31.5128313,74.3517481,Lahore,Punjab,Pakistan,,,
00adad89-763f-57cd-b069-1e34dde9008a,5251520096,node,amenity,fast_food,ڈومینوز,ڈومینوز,Domino's,,,31.5086328,74.3507135,Lahore,Punjab,Pakistan,ڈومینوز,,
0bf37366-d248-5e18-8e17-e394cbcb84e5,5251520100,node,amenity,fast_food,ہارڈیز,ہارڈیز,Hardee's,,,31.5095173,74.3506655,Lahore,Punjab,Pakistan,ہارڈیز,,
e9f72904-8caf-5403-8922-18a1b988d85a,5251520104,node,shop,clothes,Faraz Manan,,,,,31.5100638,74.3507379,Lahore,Punjab,Pakistan,,,
045dcec2-6ab1-50de-88da-ffbed3d66ecb,5251520106,node,amenity,cafe,Cafe Page 102,,,,,31.5102216,74.3507648,Lahore,Punjab,Pakistan,,,
178e603d-bba5-5e01-b658-2859e5df870d,5251520107,node,amenity,restaurant,Salt and Pepper Village,,,,,31.5104594,74.3508479,Lahore,Punjab,Pakistan,,,
5427bfcb-b337-5164-bf99-a1e792d8f687,5251520108,node,amenity,restaurant,گاؤں,گاؤں,Village,,,31.5106423,74.350974,Lahore,Punjab,Pakistan,,,
b2ddc8f1-a56e-5375-a2fa-a3678cd9d44c,5251520109,node,office,government,Pakistan Institute of Management,,,,,31.5104754,74.35213,Lahore,Punjab,Pakistan,,,
6b7856d9-72a5-5ea3-9473-9ae6dfc7bda2,5251520110,node,shop,mall,Al Hafeez,,,,,31.5101644,74.3521354,Lahore,Punjab,Pakistan,,,
a4ed9dcf-c7c8-5716-8329-960e0d243a6e,5251520111,node,amenity,fast_food,مکڈونلڈز,مکڈونلڈز,McDonald's,,,31.5110059,74.3509445,Lahore,Punjab,Pakistan,مکڈونلڈز,,
f83f2728-7f3a-5320-ae03-16074930b50a,5251520114,node,shop,mall,Ali Towers,,,,,31.5111523,74.3509123,Lahore,Punjab,Pakistan,,,
42e907b7-9212-5e77-bce8-f270030bdfbd,5251520115,node,shop,beauty,Newlook Beauty Clinic and Spa,,,,,31.5113078,74.3510786,Lahore,Punjab,Pakistan,,,
dfb12eb2-a1de-5346-813f-e9db1dc9543f,5251520116,node,amenity,bank,Bank of Khyber,,,,,31.5115067,74.3509767,Lahore,Punjab,Pakistan,,,
ef92feb8-1c3a-596a-8b5c-7495189c19fa,5251520117,node,amenity,atm,,,,,,31.5114976,74.3510035,Lahore,Punjab,Pakistan,,Bank of Khyber,
ae3c59f0-9f8d-5285-b61c-3961c7bf910e,5251520118,node,shop,clothes,Be Smart,,,,,31.5123048,74.3512207,Lahore,Punjab,Pakistan,,,
5cc55b55-7acc-5e37-a77a-fb03d567c110,5251520119,node,shop,shoes,Clarks,,,,,31.5124054,74.3508077,Lahore,Punjab,Pakistan,Clarks,,
478e27e7-f8f5-5b33-90d8-dae9caef13e4,5251522725,node,shop,bakery,Gourmet Bakers & Sweets,,,,,31.512897,74.3536964,Lahore,Punjab,Pakistan,,,
723d706b-5aa1-5f55-8323-e5050188a235,5271802175,node,shop,mall,Xinhua Mall,,,,,31.5074413,74.35401,Lahore,Punjab,Pakistan,,,
c9893eb9-35ed-5ca4-9473-e795de1b3be2,5271802176,node,tourism,hotel,Hotel One,,,,,31.5074322,74.3545276,Lahore,Punjab,Pakistan,,,
cff1ba4b-777d-556d-85cb-aabd48fa53e1,5271802177,node,amenity,restaurant,Nando's,,,,,31.5074024,74.3550346,Lahore,Punjab,Pakistan,Nando's,,
83bbf5c1-e8cb-5f75-8ab7-34ec4830e744,5271810941,node,amenity,cafe,Coffee Tea & Company,,,,,31.5070114,74.3542245,Lahore,Punjab,Pakistan,,,
5ab1057f-6667-591b-942e-48dabec7d955,5271810942,node,amenity,fast_food,Cinnabon,,,,,31.5070434,74.3534708,Lahore,Punjab,Pakistan,Cinnabon,,
d64d5ef5-86bb-545d-9cb6-2f32e93f01e1,5271810943,node,amenity,cafe,Chaye Kada,,,,,31.5069725,74.3533099,Lahore,Punjab,Pakistan,,,
06645eda-20c9-5da5-9f01-1a0f4a0d2b0d,5271810944,node,shop,bakery,Bundu Khan Bakers & Sweets,,,,,31.5069519,74.3550507,Lahore,Punjab,Pakistan,,,
849d43c7-ab37-5776-986c-9a43d73e8fb8,5271810945,node,tourism,hotel,The Nishat Hotel,,,,,31.5068605,74.355968,Lahore,Punjab,Pakistan,,,
08d6a999-9b45-5915-92c0-6dd3a5556129,5271810946,node,amenity,restaurant,Galitos Flame Grilled Chicken,,,,,31.5069245,74.3554235,Lahore,Punjab,Pakistan,,,
fb3495fa-234f-5e2b-837d-5c2364e84913,5271810947,node,amenity,restaurant,Bar.B.Q. Tonight,,,,,31.5068605,74.3556515,Lahore,Punjab,Pakistan,,,
0f729b13-2666-5dbc-9c89-d5c33b35c5e7,5271827994,node,amenity,restaurant,China Town,,,,,31.5068536,74.3565741,Lahore,Punjab,Pakistan,,,
a30efcdd-ec86-57a4-afb6-7b5a1701cae6,5271827995,node,amenity,ice_cream,Marble Slab Creamery Pakistan,,,,,31.5067804,74.3568263,Lahore,Punjab,Pakistan,,,
34750ca1-552f-53d1-8d3e-1b59b9d9ca40,5271827996,node,shop,clothes,Nishat Linen,,,,,31.5067781,74.3559331,Lahore,Punjab,Pakistan,,,
2aee8e38-f70e-56b6-91b2-09d1d9157960,5271834210,node,amenity,restaurant,Tierra Nuestra,,,,,31.5073567,74.3565125,Lahore,Punjab,Pakistan,,,
70c36a73-aacc-5980-aece-e446844fd00d,5271834211,node,amenity,restaurant,Udon House,,,,,31.5076197,74.3544981,Lahore,Punjab,Pakistan,,,
0fd8e2d2-7681-5f57-8e22-7c751414f268,5271834212,node,amenity,cafe,گلوریا جینز,گلوریا جینز,Gloria Jean's,,,31.5074825,74.3537069,Lahore,Punjab,Pakistan,گلوریا جینز,,
107f260e-24d4-5cc3-832e-c11decd89067,5271843718,node,shop,clothes,Outfitters,,,,,31.5075076,74.3524999,Lahore,Punjab,Pakistan,,,
c374b792-1f41-5f86-88a3-b1f079be7b14,5271843719,node,shop,mall,Al Fatah Exclusive Mall,,,,,31.5070382,74.3529385,Lahore,Punjab,Pakistan,,,
920b3b4f-7e3b-5c0d-9403-f801cd07928f,5271843720,node,amenity,cafe,Cafe Costa,,,,,31.5071532,74.3507457,Lahore,Punjab,Pakistan,,,
73424c7c-2238-5506-b9dd-b2ba7e427173,5271844121,node,amenity,cafe,Café Barbera,,,,,31.507176,74.3506143,Lahore,Punjab,Pakistan,,,
c97bc6e4-aba5-52fc-ab3a-a4e4c0fc5897,5276934824,node,tourism,hotel,Safari Hotel,,,,,31.5117151,74.3548431,Lahore,Punjab,Pakistan,,,
8493f36b-61bb-5a88-a829-104921003f29,5282715904,node,amenity,restaurant,Patakha Express,,,,,31.5089108,74.3509137,Lahore,Punjab,Pakistan,,,
48d046eb-06a4-5056-b6b7-bda551b70c5d,6215498815,node,amenity,cafe,Uncle Tetsu,,,,,31.5074871,74.3536051,Lahore,Punjab,Pakistan,,,
e9e9cf54-b19c-5708-9b87-9fa2d5f324d3,7270474717,node,amenity,cafe,Jade Cafe,,,,,31.5067752,74.356607,Lahore,Punjab,Pakistan,,,
6ed4c679-c1d0-5a04-b47d-7cb5321873c1,8406781943,node,amenity,place_of_worship,Ghalib Market,,,,,31.5125058,74.3550126,Lahore,Punjab,Pakistan,,,
84079283-11f5-50d5-bbb9-d5fe46e6cbd4,10813872519,node,tourism,hotel,Park View Hotel,,,,,31.5126307,74.3552888,Lahore,Punjab,Pakistan,,,
0ceceffc-eec7-51ca-bbee-0daf1e9296b7,5253925863,node,healthcare,hospital,Cavalry Hospital Lahore,کیولری ہسپتال لاہور,,,,31.5018965,74.3626328,Lahore,Punjab,Pakistan,,,
d1ff08f7-df8d-5cf7-8677-4369f633e391,5259654964,node,healthcare,hospital,Cavalry Hospital Lahore,کیولری ہسپتال لاہور,,,,31.5019344,74.3630703,Lahore,Punjab,Pakistan,,,
f7480c6b-74b1-5be6-bc80-7d0cf95dfdd0,5259654965,node,healthcare,clinic,Chughtais Lahore Lab,چغتائیس لاہور لیب,,,,31.5018223,74.3631454,Lahore,Punjab,Pakistan,,,
b74896fa-f2b1-5b9b-9e8c-eb2a322fe796,5259654966,node,healthcare,clinic,Shaukat Khanum Lab,شوکت خانم لیب,,,,31.50182,74.3632983,Lahore,Punjab,Pakistan,,,
72c74dae-73f5-59d5-88a8-d5cf55bd1ab4,5259654967,node,healthcare,clinic,Lahore Health Care,لاہور ہیلتھ کیئر,,,,31.5018189,74.3634646,Lahore,Punjab,Pakistan,,,
6c2e3a24-8dec-555b-9166-d26a5ed15692,6089379485,node,amenity,atm,,,,,,31.5027677,74.3626508,Lahore,Punjab,Pakistan,,,
231d5046-fb1b-51f6-9f32-72ab799d26d4,7190142986,node,office,lawyer,First Women Law,,,,,31.5013807,74.3628369,Lahore,Punjab,Pakistan,,,
0061bb80-4ebb-5c95-9372-a7d039913a27,9395371809,node,place,neighbourhood,سلطان پارک,,,,,31.5052454,74.3597794,Lahore,Punjab,Pakistan,,,
806ea407-3db6-5768-95d9-9d212bdd12ca,11171415971,node,healthcare,hospital,,,,,,31.5003469,74.3618904,Lahore,Punjab,Pakistan,,,
7e1902ff-06e8-5a5e-8d86-a2b37fe7c9d4,273469510,node,amenity,place_of_worship,Khalid Masjid,,,,,31.5000044,74.366539,Lahore,Punjab,Pakistan,,,
90f179ef-e91c-5683-9ed2-4bb1e6ee857b,2328950086,node,shop,bakery,Gourmet Bakers,,,,,31.501354,74.3661967,Lahore,Punjab,Pakistan,,,
3d7f177a-27be-5fdb-81d8-1e20e51aded7,4100396899,node,amenity,fast_food,KFC ,,,,,31.5014314,74.366024,Lahore,Punjab,Pakistan,,,
9b4ff1ea-2099-51de-8fe7-bb09980c745e,5273572701,node,tourism,hotel,Lahore Continental Hotel,,,,,31.5014694,74.3638099,Lahore,Punjab,Pakistan,,,
852ffd17-d96a-512b-a0f1-a61cbd8ca9c1,6204997185,node,amenity,police,Army Checkpoint,,,,,31.5050621,74.3677923,Lahore,Punjab,Pakistan,,,
83e519ca-b70f-5322-83f9-bbb8cefe6ccb,7118877855,node,place,suburb,کیولری گراؤنڈ,,Cavalry Ground,,,31.5013202,74.3679023,Lahore,Punjab,Pakistan,,,
251ce137-a9e1-5631-909d-d86b90655feb,8285766518,node,amenity,bank,ایم سی بی بینک,ایم سی بی بینک,MCB Bank,,,31.5013093,74.3665881,Lahore,Punjab,Pakistan,ایم سی بی بینک,,
91b35e4c-7241-5a44-93ed-a2df922f7a58,6375629185,node,office,company,xin junmei,,,,,31.5123872,74.3575316,Lahore,Punjab,Pakistan,,,
f28b302a-c1b6-53eb-b33f-1ee11e10cfa1,8406781953,node,amenity,place_of_worship,Qadriya Rizvia,,,,,31.509507,74.3572141,Lahore,Punjab,Pakistan,,,
4f335893-06d7-5b5f-b392-e57c231c0e30,8364576331,node,amenity,restaurant,Dock 27,,,,,31.5187003,74.350588,Lahore,Punjab,Pakistan,,,
2f81e4cf-22f8-5020-9993-5f563f70cb42,1384171068,node,amenity,cafe,Indulge,,,,,31.5143892,74.3512606,Lahore,Punjab,Pakistan,,,
46da4f0f-7470-55bb-b12a-e7e1361d0072,5251520120,node,shop,clothes,Junaid Jamshed,,,,,31.5132171,74.3514219,Lahore,Punjab,Pakistan,,,
1117bca4-95c5-548c-83ac-be166e12c8bc,5251522722,node,amenity,restaurant,پیزا ہٹ,پیزا ہٹ,Pizza Hut,,,31.5130822,74.3513978,Lahore,Punjab,Pakistan,پیزا ہٹ,,
14ca14d0-bf19-5059-9c74-e101335ba409,5252199610,node,amenity,fast_food,کینٹکی فرائیڈ چکن,کینٹکی فرائیڈ چکن,KFC,کینٹکی فرائیڈ چکن,,31.5141729,74.3516499,Lahore,Punjab,Pakistan,کینٹکی فرائیڈ چکن,,
31050fa9-079f-5700-86b3-55f637beda9d,5252199611,node,shop,bakery,Kitchen Cuisine,,,,,31.5142758,74.3516901,Lahore,Punjab,Pakistan,,,
f655d006-b699-5669-aa34-2debf5c169fa,5252199612,node,amenity,restaurant,Nisa Sultan,,,,,31.5139946,74.3511161,Lahore,Punjab,Pakistan,,,
6de3292b-ca86-54f9-9614-8b8cd9a25b1b,5252199613,node,shop,mall,Zaka Mall,,,,,31.5143216,74.3511215,Lahore,Punjab,Pakistan,,,
e95cb905-a84a-57fc-8113-43ced6422d24,5252199614,node,shop,clothes,Chester Bernard,,,,,31.5142324,74.3510276,Lahore,Punjab,Pakistan,,,
4ed9569a-36d4-5e87-a78a-80743d7be16d,5252199615,node,shop,shoes,Servis Mega Store,,,,,31.5148338,74.3512449,Lahore,Punjab,Pakistan,,,
d456c9c5-6b08-59e0-a3b9-74c1bd7124f5,5252199616,node,amenity,restaurant,Pomelo Avenue,,,,,31.5150807,74.3512798,Lahore,Punjab,Pakistan,,,
56b63fbd-a359-577f-bcb0-5e413ce3550f,5252199617,node,office,company,Zameen.com,,,,,31.5150327,74.3519396,Lahore,Punjab,Pakistan,,,
44a60d60-5ac0-5bfa-b87e-8942ade33cb0,5252199618,node,amenity,restaurant,Smoothie Factory,,,,,31.5151448,74.3518886,Lahore,Punjab,Pakistan,,,
4fa67036-9709-55b6-aab1-b0c6fc8e1481,5252199619,node,shop,mall,Pearl One,,,,,31.5153483,74.351953,Lahore,Punjab,Pakistan,,,
a518fc4d-1758-5aa2-9d85-9af1c6bd40d8,5252199620,node,amenity,restaurant,Chaaye Khana,,,,,31.5154626,74.3519557,Lahore,Punjab,Pakistan,,,
477d9e6b-4a89-5ad6-bd7a-fa1fa6f07f2d,5252199921,node,shop,shoes,Borjan,,,,,31.5155655,74.3513414,Lahore,Punjab,Pakistan,,,
903a8366-1f81-5916-be89-9619cf853ad7,5252199922,node,shop,clothes,Famous Brands Store,,,,,31.5157164,74.3514648,Lahore,Punjab,Pakistan,,,
61159fed-8e88-5600-a562-3c87a49a142b,5252199923,node,leisure,swimming_pool,Olympic Pool,,,,,31.5159794,74.3515533,Lahore,Punjab,Pakistan,,,
29360d37-b83a-50bf-81ed-c1c24aad2602,5252199924,node,shop,mall,Pace Shopping Mall,,,,,31.5158879,74.3520254,Lahore,Punjab,Pakistan,,,
97300be9-d48f-5f53-ac39-28999c7018c8,5252199925,node,office,company,Ernst & Young,,,,,31.5160114,74.3520361,Lahore,Punjab,Pakistan,,,
f93f3fb7-d105-5a3f-aa82-f25b8b151826,5252199926,node,amenity,fast_food,سب وے,سب وے,Subway,,,31.5162583,74.3515828,Lahore,Punjab,Pakistan,سب وے,,
73e9ff8b-14d1-56f6-9ff4-38ec0cb1d9c7,5252199927,node,amenity,restaurant,Tabaq Restaurant,,,,,31.5165281,74.3524438,Lahore,Punjab,Pakistan,,,
6d534d4f-3355-5954-84cb-0abf5e67e8ef,5252199928,node,shop,beauty,Le Reve,,,,,31.516653,74.3535596,Lahore,Punjab,Pakistan,,,
60184fc3-5c2e-51cd-a556-d316a4acdb53,5252199929,node,shop,beauty,Mariams,,,,,31.5165021,74.3529803,Lahore,Punjab,Pakistan,,,
02a300aa-8ba5-5dcb-9111-ed57116567f1,5252199930,node,shop,clothes,Sana Safinaz,,,,,31.5167705,74.3521729,Lahore,Punjab,Pakistan,,,
dc1e75c2-a8c6-581e-8e1c-b72978eea200,5252199931,node,amenity,restaurant,Cafe Aylanto,,,,,31.5168757,74.3518081,Lahore,Punjab,Pakistan,,,
c79a4026-c984-50eb-ae9e-4a5b074a48d2,5252199932,node,shop,clothes,Motifz,,,,,31.5174213,74.3516419,Lahore,Punjab,Pakistan,,,
fbf4b7e9-dac9-5fcf-bbb5-cccf0ab5a099,5252199933,node,shop,shoes,Bata City,,,,,31.5177734,74.3517277,Lahore,Punjab,Pakistan,,,
0296121f-77e7-5597-bd15-ce64a2491a0e,5252199934,node,shop,clothes,Agha Noor,,,,,31.5181758,74.3517974,Lahore,Punjab,Pakistan,,,
92590a7d-d88a-5ac5-b22d-bd042dcabd54,5252199935,node,tourism,hotel,Hotel Tulip Inn,,,,,31.5176188,74.3531573,Lahore,Punjab,Pakistan,,,
5a5c774c-78d0-503e-a197-c386d5cc548b,5252199936,node,office,company,"Infrastructure Development Authority, Punjab (IDAP)",,,,,31.5179289,74.3506226,Lahore,Punjab,Pakistan,,,
99a90109-30af-5f25-b739-751e7b6a8662,5252199937,node,shop,mall,Blue Mall,,,,,31.5188023,74.3515936,Lahore,Punjab,Pakistan,,,
a0033b83-6319-565d-81fd-38a2fe093588,5252199938,node,amenity,restaurant,Spice Bazzar,,,,,31.5187474,74.3526396,Lahore,Punjab,Pakistan,,,
04df7daa-0d4d-5b1e-9ee2-ac0203db4b6b,5252199939,node,shop,mall,Tenth Avenue Mall,,,,,31.5190264,74.3521246,Lahore,Punjab,Pakistan,,,
b0443775-3ee0-500c-89a1-a22d1b01743f,5252199940,node,shop,clothes,Lime Light Flagship Store,,,,,31.5190172,74.3515507,Lahore,Punjab,Pakistan,,,
6d3069a9-5021-526b-b91b-f86d8832df25,5252199941,node,tourism,guest_house,3 T,,,,,31.5188846,74.3546191,Lahore,Punjab,Pakistan,,,
3906bdd8-2a79-52da-b986-d5a227b5b003,5380399676,node,tourism,hotel,گرین فورٹ ہوٹل,گرین فورٹ ہوٹل,Green Fort Hotel,,,31.5193855,74.355324,Lahore,Punjab,Pakistan,,,
ba0dae31-a65e-5055-b534-071d0fb0403e,6165693186,node,amenity,restaurant,Nisa Sultan,,,,,31.5143204,74.3508309,Lahore,Punjab,Pakistan,,,
0d3eff51-92f6-5fba-8a02-2fe53e533245,6578465237,node,amenity,restaurant,PF Changs Pakistan,,P.F. Chang's Pakistan,,,31.5161778,74.3515334,Lahore,Punjab,Pakistan,,,
a7492c33-1153-5db2-9164-a2a757536137,6578516727,node,amenity,restaurant,P.F. Chang's,,,,,31.5161743,74.3515669,Lahore,Punjab,Pakistan,P.F. Chang's,,
02657a3a-57a8-579e-95fc-f424ad79c1b4,13055122393,node,shop,clothes,Sintone.pk,,,Sintone Moda,,31.5168629,74.3524148,Lahore,Punjab,Pakistan,,Sintone.pk,
a9402817-22a1-52fa-9345-21a67143565e,13055161486,node,shop,clothes,Ameer Zada,,,,,31.5169781,74.3523888,Lahore,Punjab,Pakistan,,Ameer Zada,
e1727fd0-b9c1-5acb-b691-bd4f5e60f012,5252199952,node,office,company,Mechano,,,,,31.520149,74.3503088,Lahore,Punjab,Pakistan,,,
daccc28a-d88a-50f8-99d1-a59eb5eb306d,5252199953,node,amenity,restaurant,Sumo,,,,,31.5199067,74.3500352,Lahore,Punjab,Pakistan,,,
c8bc2d3e-83bc-55a2-89d0-34c960b4ebe7,5252199954,node,shop,department_store,TGS - The Global Store,,,,,31.520524,74.3504322,Lahore,Punjab,Pakistan,,,
ea07c1ac-f2ab-538c-a7b3-866595482dbe,5252199957,node,amenity,place_of_worship,Jamia Masjid Hanfiyah,,,,,31.5209845,74.3502686,Lahore,Punjab,Pakistan,,,
a5d9bb5a-071b-55e1-8936-cba57c55afbf,5252211922,node,shop,clothes,Dandy Designs,,,,,31.5220911,74.350569,Lahore,Punjab,Pakistan,,,
a9c8a368-a1fc-5e57-8739-09be10f99e15,5252241552,node,amenity,bank,یونائیٹڈ بینک لمیٹڈ,یونائیٹڈ بینک لمیٹڈ,United Bank Limited,,,31.5226102,74.3504939,Lahore,Punjab,Pakistan,یونائیٹڈ بینک لمیٹڈ,,
cba96f37-7c95-5ca4-ad2b-438431c63d90,7270474716,node,amenity,restaurant,Mandarin Kitchen,,,,,31.5198219,74.350039,Lahore,Punjab,Pakistan,,,
c264d7ae-a286-553c-98ef-aecf65cf7822,13256474695,node,amenity,parking,,,,,,31.5251706,74.3501394,Lahore,Punjab,Pakistan,,,
aa56824e-47f8-5a46-b7b9-97a01acac346,5252199943,node,leisure,park,Doongi Ground,,,,,31.5197901,74.3522856,Lahore,Punjab,Pakistan,,,
1665c58f-e3ed-5368-8c1d-61a83d3d3b22,5252199944,node,amenity,restaurant,Tuscany Courtyard Lahore,,,,,31.5196895,74.3513522,Lahore,Punjab,Pakistan,,,
43a34b5a-718c-54d2-90b2-99d2b8873729,5252199945,node,amenity,fast_food,Wings,,,,,31.5202643,74.3516901,Lahore,Punjab,Pakistan,,,
86632687-d1c4-52e2-9de8-38f06f6a4abb,5252199946,node,amenity,restaurant,Café Zouk,,,,,31.5203649,74.3516633,Lahore,Punjab,Pakistan,,,
c7d206d7-c11b-5eef-bb2e-14845fcef3ae,5252199947,node,amenity,restaurant,Taipei Chinese Restaurant,,,,,31.5203374,74.3519959,Lahore,Punjab,Pakistan,,,
d0823c20-31c3-544d-8c6e-a9589ad2742d,5252199948,node,amenity,cafe,,,,,,31.520773,74.3522202,Lahore,Punjab,Pakistan,,,
d3e6bc61-a458-5aa2-9d01-316bc14493b8,5252199949,node,shop,clothes,Khaadi,,,,,31.5206338,74.3511295,Lahore,Punjab,Pakistan,,,
e8f98bc6-856e-59f7-ae15-e5868c1e9fb4,5252199950,node,amenity,restaurant,,,,,,31.5201582,74.3509203,Lahore,Punjab,Pakistan,,,
5fbe7db4-02d4-5267-a99d-2139c8357bf1,5252199951,node,office,company,Careaxiom,,,,,31.5201673,74.3506468,Lahore,Punjab,Pakistan,,,
2c37aabf-587d-5228-a5e4-5d50dc7a5615,5252199956,node,amenity,ice_cream,Andersens Icecream,,,,,31.5210028,74.3509069,Lahore,Punjab,Pakistan,,,
ce8a7776-01e4-51b9-8ad6-6fb5c8d692f2,5252209231,node,office,company,Oxford University Press,,,,,31.5208441,74.3516687,Lahore,Punjab,Pakistan,,,
7ac7bfae-0c66-5f7b-b9cb-2c4351350335,5252209232,node,amenity,post_office,FedEx,,,,,31.5212132,74.3517518,Lahore,Punjab,Pakistan,,,
edf0be90-c5cd-5bf6-8a44-3bd12ed417b1,5252209233,node,shop,clothes,Cynosure,,,,,31.5212292,74.3516123,Lahore,Punjab,Pakistan,,,
6dbb7366-6c5e-595a-9b2f-cda75d10c9d1,5252209234,node,amenity,restaurant,Lahore Chatkhara,,,,,31.521284,74.3515051,Lahore,Punjab,Pakistan,,,
3cae6f07-2132-5c2d-9e30-b71a50281c43,5252209235,node,amenity,fast_food,Burger Corner,,,,,31.5213412,74.3514192,Lahore,Punjab,Pakistan,,,
fa1133a1-0e5d-5b46-97ce-e661b4215908,5252209236,node,shop,bakery,Baba Bakers & Sweets,,,,,31.5215881,74.350982,Lahore,Punjab,Pakistan,,,
91aa53b2-c12c-50f1-8f65-32e9a6483704,5252209237,node,shop,mall,Primark Shopping Mall,,,,,31.5217505,74.3507433,Lahore,Punjab,Pakistan,,,
d2c78c92-a2ae-5d81-ba6c-a50f4661a33c,5252241553,node,shop,clothes,Origins,,,,,31.5223998,74.3507379,Lahore,Punjab,Pakistan,,,
176d60de-9837-50f9-9d43-486e1582e930,5252241554,node,shop,clothes,Maria B,,,,,31.522226,74.3509311,Lahore,Punjab,Pakistan,,,
d0475423-784d-529f-9c4f-caa6915e773c,5254019300,node,shop,books,Books n Beans,,,,,31.5221872,74.3562928,Lahore,Punjab,Pakistan,,,
cf3e291b-3531-5ed3-8c6d-81128be6cad9,5254019301,node,amenity,restaurant,Memories Fort Restaurant,,,,,31.5223839,74.3566898,Lahore,Punjab,Pakistan,,,
aedfe49e-07c5-5c6e-9c77-e48b2847f646,5254019302,node,office,company,Nishat Chunian Group,,,,,31.5235454,74.3554989,Lahore,Punjab,Pakistan,,,
d4035988-3837-595b-a97a-1f0a48457fbe,5254025276,node,amenity,restaurant,Sichuan Chinese Restaurant,,,,,31.5222467,74.3543187,Lahore,Punjab,Pakistan,,,
3e5e3c12-2ed8-578b-8071-680dd414f783,5254041727,node,amenity,cafe,Cafe Nataliya,,,,,31.524806,74.3554023,Lahore,Punjab,Pakistan,,,
f52b4eda-efcb-5760-a9de-7998fc912d4b,7297728450,node,amenity,restaurant,Urban Kitchen,,,,,31.5209151,74.3520323,Lahore,Punjab,Pakistan,,,
91dd76f4-3879-527a-8332-c755ac2e48c7,11242698637,node,amenity,restaurant,Sarhad Restaurant,,,,,31.5220489,74.3571413,Lahore,Punjab,Pakistan,,,
c5203773-da9e-560f-914d-12d3c0e3b364,13031960263,node,amenity,restaurant,Mystique Restaurants,,,,,31.5205181,74.3523862,Lahore,Punjab,Pakistan,,,
2a83e467-b5b5-5302-9c93-85434f72e892,4468096313,node,amenity,post_office,Colony,,Colony,,,31.5176855,74.360318,Lahore,Punjab,Pakistan,,,
b26f3a0c-ba3e-53fb-a7b4-d4f023f437fe,8406781933,node,place,neighbourhood,Nabipura,,,,,31.5153205,74.3590739,Lahore,Punjab,Pakistan,,,
502ab604-967e-540a-8e7f-a3d76b095189,5254025275,node,amenity,restaurant,Sarhad Hotel,,,,,31.521954,74.3572638,Lahore,Punjab,Pakistan,,,
8fae4258-2119-54a9-867f-236bda78918b,5652240049,node,shop,clothes,ہریر,ہریر,Hareer,,,31.5214972,74.3577191,Lahore,Punjab,Pakistan,,,
d0c8580e-0f80-5907-a227-def44999b3a4,7118877840,node,place,neighbourhood,عسکری 2,عسکری 2,Askari 2,,,31.525045,74.3621905,Lahore,Punjab,Pakistan,,,
1f81dff1-f08a-5da8-9d9c-1299779780db,8406781922,node,place,neighbourhood,جناح پارک,جناح پارک,Jinnah Park,,,31.5221922,74.3591419,Lahore,Punjab,Pakistan,,,
0695da32-c0e8-5127-8c3f-1c9025e78695,8406781923,node,place,neighbourhood,رحمان پارک,رحمان پارک,Rehman Park,,,31.5244746,74.3597748,Lahore,Punjab,Pakistan,,,
45a07604-da9c-5c28-b34a-cad972192689,8407457905,node,amenity,place_of_worship,عسکری 2,عسکری 2,Askari 2,,,31.523096,74.363553,Lahore,Punjab,Pakistan,,,
8ad084a6-b13a-5b01-b412-c683c56e3b8d,9395371808,node,place,neighbourhood,حسنین آباد,حسنین آباد,Husnainabad,,,31.5196084,74.3606902,Lahore,Punjab,Pakistan,,,
300e368b-9541-5d2b-9e7d-09880df4d086,272346022,node,amenity,fuel,Shell petrol pump,,Shell petrol pump,,,31.521232,74.3682433,Lahore,Punjab,Pakistan,,,
76dcaa43-61ca-5742-85bb-3a3f16dc0b1e,4392964495,node,amenity,atm,,,,,,31.5245946,74.3644666,Lahore,Punjab,Pakistan,,,
4ea65d9a-ff6e-53e3-8899-2c3d80cab22b,4393011590,node,shop,bakery,Shezan bakery,,Shezan bakery,,,31.524484,74.3645604,Lahore,Punjab,Pakistan,,,
1fe8e07a-d752-5863-b8cd-fecaa94a985e,4393016489,node,amenity,bank,الائیڈ بینک لمیٹڈ,الائیڈ بینک لمیٹڈ,ABL,,,31.5247238,74.364365,Lahore,Punjab,Pakistan,الائیڈ بینک لمیٹڈ,,
ddafbf31-da17-5c40-a8ba-d26a40f310e5,4393016689,node,shop,department_store,Department Store,,Department Store,,,31.5246529,74.3644331,Lahore,Punjab,Pakistan,,,
0f16ac20-a1bb-5373-9873-c0f8f908a1f8,272346190,node,amenity,fuel,پاکستان اسٹیٹ آئل,پاکستان اسٹیٹ آئل,Pakistan State Oil,,,31.5018483,74.3722516,Lahore,Punjab,Pakistan,پاکستان اسٹیٹ آئل,,
7f8627d2-c261-5dda-932c-d5bda0d3c448,4722155696,node,amenity,cafe,Awesomosa,,Awesomosa,,,31.501811,74.3737468,Lahore,Punjab,Pakistan,,,
0e638352-696d-535c-837b-ad52d1c11f31,13015806301,node,amenity,restaurant,Desi daira,,,,,31.5021192,74.3738093,Lahore,Punjab,Pakistan,,,
d1f42623-01b4-5ceb-8250-89e05896ad23,272338673,node,amenity,post_office,,,,,,31.5054122,74.3823367,Lahore,Punjab,Pakistan,,,
852b59ea-c339-50f3-92d2-c7c7d342ac90,7183614985,node,amenity,police,Checkpoint,,,,,31.504805,74.3781513,Lahore,Punjab,Pakistan,,,
91d60d9d-d277-5336-b777-e28cc3ed7cca,4452842391,node,leisure,playground,,,,,,31.5086481,74.3772236,Lahore,Punjab,Pakistan,,,
0df50126-5bf0-5aa0-8172-5c2d027f8ffa,272338594,node,amenity,fuel,,,,,,31.5060708,74.3861562,Lahore,Punjab,Pakistan,,,
a977b5da-5dab-58ef-a827-e4afbe5c144d,272340167,node,leisure,playground,,,,,,31.515557,74.3796287,Lahore,Punjab,Pakistan,,,
c46f6473-ad1e-5423-86c6-638f6c7d7d0e,272344085,node,amenity,fuel,,,,,,31.5191319,74.3816426,Lahore,Punjab,Pakistan,,,
b0b8b8a9-a7da-5e9e-a299-45875cea223e,272344518,node,amenity,cafe,Services Club,,,,,31.5185277,74.3777319,Lahore,Punjab,Pakistan,,,
c3920a32-19b7-5159-ac5d-6993a9d5e313,3571481393,node,leisure,park,,,,,,31.5252939,74.3707295,Lahore,Punjab,Pakistan,,,
0023d7b1-eeea-5aaf-b152-9b3e7adb115f,272334725,node,amenity,place_of_worship,Sacred Heart Cathedral,,,,,31.5207198,74.3789292,Lahore,Punjab,Pakistan,,,
e47aa42c-4bfb-55f8-89b5-6b28666068f9,272343968,node,amenity,fuel,,,,,,31.5223953,74.3798562,Lahore,Punjab,Pakistan,,,
fc6875f4-3a21-59c5-a577-04245851132f,272344294,node,leisure,park,,,,,,31.5213885,74.3810535,Lahore,Punjab,Pakistan,,,
44ef4009-51a5-5993-8c2a-7bed364fe4d8,4176219299,node,amenity,post_office,Cantt Post Office,,,,,31.5251368,74.3822703,Lahore,Punjab,Pakistan,,,
fc8d5479-6e65-5e80-bad8-43bc5a048b6e,5190390724,node,tourism,attraction,Girja Chowk,,,,,31.5221746,74.3790477,Lahore,Punjab,Pakistan,,,
5a2b5fd1-b01e-564f-ba91-e76c12b7b1fd,7116188320,node,place,suburb,لاہور چھاؤنی,لاہور چھاؤنی,Lahore Cantonment,چھاؤنی,,31.5221005,74.3790353,Lahore,Punjab,Pakistan,,,
e8ac3d01-de55-59f0-bbf5-508db000acb4,5259958811,node,healthcare,hospital,PAF Hospital,,,,,31.518104,74.3854299,Lahore,Punjab,Pakistan,,,
a613e0e4-83de-5bdb-9c0f-e9b14cda98e5,271322237,node,amenity,fuel,,,,,,31.4758765,74.4008794,Lahore,Punjab,Pakistan,,,
41c5cfb1-3bc8-57f5-9e65-dc1b907718e1,271322246,node,amenity,parking,,,,,,31.4752323,74.4009137,Lahore,Punjab,Pakistan,,,
7aa63dbc-804b-5fcb-9839-fc4d6d05843c,271322263,node,amenity,parking,,,,,,31.4752542,74.4023556,Lahore,Punjab,Pakistan,,,
04abe3e7-943f-5fec-bd7d-dccfac6544bf,4295528894,node,amenity,bank,یونائیٹڈ بینک لمیٹڈ,یونائیٹڈ بینک لمیٹڈ,United Bank Limited,,,31.4751606,74.4007616,Lahore,Punjab,Pakistan,یونائیٹڈ بینک لمیٹڈ,,
7b451f29-60da-559c-b4a7-3eb89a8c9a69,4295534190,node,amenity,bank,Al Barqa Bank,,,,,31.4753701,74.4006191,Lahore,Punjab,Pakistan,,,
6e16ce0d-dc4a-5cdd-9eab-2f204afac7ce,5254233183,node,amenity,bank,Allied Bank DHA S Block Branc,,,,,31.4751037,74.4008198,Lahore,Punjab,Pakistan,,,
d3746258-1800-5d05-b2f7-448c60cd01e4,9019967281,node,shop,supermarket,Imtiaz Super Market - DHA,,,,,31.4756262,74.4012686,Lahore,Punjab,Pakistan,,,
d0998c08-28bf-543d-b132-6dfceeebe2f0,5142456221,node,amenity,cafe,Hot n Spicy,,,,,31.4817625,74.3966681,Lahore,Punjab,Pakistan,,,
07501ce6-f502-5b4d-9fa8-b7421eafbaae,5251896781,node,amenity,place_of_worship,M Block Mosque,,,,,31.484919,74.4029957,Lahore,Punjab,Pakistan,,,
694c6215-240f-5c86-86a7-29e3847fe801,5251896783,node,shop,bakery,Cakes & Bakes,,,,,31.4811313,74.4026534,Lahore,Punjab,Pakistan,,,
e90fcd21-7fcc-55d3-bb91-8d0ec9862b73,5251896784,node,office,company,Cybus Solutions,,,,,31.4808682,74.4028159,Lahore,Punjab,Pakistan,,,
85df3e65-825e-5b96-874b-b922775c23e1,5251896788,node,amenity,place_of_worship,Naqshbandi Masjid HKS PAK,,,,,31.4816316,74.4029664,Lahore,Punjab,Pakistan,,,
5dadf933-9776-5a68-91a8-c3e751d72b77,5251896817,node,amenity,restaurant,The Burger Joint,,,,,31.4842764,74.4016917,Lahore,Punjab,Pakistan,,,
7c9cdd07-340e-5d51-a131-5f7e8115914f,5252273285,node,tourism,guest_house,Unilever Guest House DHA,,,,,31.4854049,74.3977394,Lahore,Punjab,Pakistan,,,
5b02c7e9-964f-5029-8a26-f0be0bba1dcb,6448350789,node,amenity,restaurant,JAIDI,,,,,31.4821604,74.3964959,Lahore,Punjab,Pakistan,,,
6a3f13d9-59c4-541d-9291-5f3aaf4106ca,273478657,node,place,suburb,Rehman Gardens,,,,,31.4864922,74.4083093,Lahore,Punjab,Pakistan,,,
1ff53a78-ec1e-5a58-8ae9-80472bf2e3ab,5251896787,node,amenity,restaurant,Al Madina food and Naan Shop,,,,,31.480727,74.4030818,Lahore,Punjab,Pakistan,,,
468d86a8-8713-5e69-aadb-e9bc5eca46db,5251896790,node,healthcare,pharmacy,Clinix Pharmacy (Defence Branch),,,,,31.4836257,74.4075548,Lahore,Punjab,Pakistan,,,
e2eba5be-5f75-51bb-918f-4455de92a571,5251896791,node,healthcare,hospital,"Defence Skin, Laser & Cosmetology Clinic",,,,,31.4841282,74.408014,Lahore,Punjab,Pakistan,,,
45f15c82-4f08-5302-9871-afb01aff6a60,5251896792,node,leisure,fitness_centre,Times Fitness,,,,,31.4837874,74.4082921,Lahore,Punjab,Pakistan,,,
b741e114-0c1c-5d3d-9e52-9ef9bc71abce,5251896794,node,amenity,bank,Bank Of Punjab,,,,,31.483604,74.408525,Lahore,Punjab,Pakistan,,,
06bf8488-0890-5177-aab4-ad7ee9d4c2bb,5251896795,node,office,company,EWS Pvt Ltd,,,,,31.4835122,74.4085449,Lahore,Punjab,Pakistan,,,
effa3295-693f-5d20-b455-213ca0af39a0,5251896801,node,shop,supermarket,The Organic Shop,,,,,31.4843408,74.4083076,Lahore,Punjab,Pakistan,,,
a216eefa-f3d9-50c6-b192-2f6061b03f82,5251896802,node,healthcare,clinic,Al-Khair Homeopathic Clinic & Medical Store,الخیر ہومیوپیتھک کلینک اینڈ میڈیکل سٹور,,,,31.4848539,74.4088198,Lahore,Punjab,Pakistan,,,
77333297-2481-5ca4-b899-a07a90fba322,5251896803,node,office,company,Intagleo Systems,,,,,31.4845002,74.4093585,Lahore,Punjab,Pakistan,,,
d1880234-30cd-5678-9bbe-d855ee8f0c6d,5251896805,node,shop,mall,Divine One,,,,,31.4852674,74.4095218,Lahore,Punjab,Pakistan,,,
ebe1a027-eb65-52b8-95b9-3bb7c864b63b,271393672,node,place,village,Chung Khurad,,,,,31.4799452,74.4128627,Lahore,Punjab,Pakistan,,,
db755642-aaec-5bbd-b2ef-732763f71786,304956263,node,place,neighbourhood,Bank Officer Colony,,,,,31.4799694,74.4184418,Lahore,Punjab,Pakistan,,,
4d1b7f0c-7d81-52a9-b80e-d188c5e6dc77,273478708,node,place,suburb,Rehman Villas,,,,,31.4845064,74.4108109,Lahore,Punjab,Pakistan,,,
a8885110-d330-5443-b38c-ddb5df21b6ea,4590850691,node,tourism,hotel,Shanghala Hotel,,Shanghala Hotel,,,31.4864188,74.4113848,Lahore,Punjab,Pakistan,,,
688d0e19-f560-53d2-ac4a-3413080b1464,5251896797,node,amenity,bank,VIS House,,,,,31.4838573,74.4097815,Lahore,Punjab,Pakistan,,,
c4dd1e1b-2c50-55ad-839b-a773e893ab87,5251896798,node,amenity,restaurant,Chatkhara360,,,,,31.483643,74.4098629,Lahore,Punjab,Pakistan,,,
1228d31a-53db-5843-8963-01b08160afbd,5251896799,node,office,company,Energy Associates (Pvt.) Ltd.,,,,,31.4836325,74.409709,Lahore,Punjab,Pakistan,,,
bf7005ef-8889-516d-8738-b0065977264c,5251896806,node,shop,supermarket,Ali Super Store,,,,,31.4854426,74.4096679,Lahore,Punjab,Pakistan,,,
ee572c34-3d02-54a8-ba44-8d030225a0d7,5251896809,node,shop,mall,Waqar Heights Shopping Mall,,,,,31.4867145,74.4107456,Lahore,Punjab,Pakistan,,,
3e352aa1-4efb-55ba-aa50-85e025ca5428,5251896811,node,healthcare,clinic,Farzana Clinic,,,,,31.4860574,74.4143682,Lahore,Punjab,Pakistan,,,
54f01db5-bb4b-5760-9e8b-b0dafde6eeee,5251896812,node,amenity,restaurant,Haji Restaurant & Naan Shop,,,,,31.4863278,74.4142401,Lahore,Punjab,Pakistan,,,
bb7ea28a-b3fe-575f-a67f-692d62d1d8e1,5251896813,node,shop,clothes,Haji Ramzan Fabric,,,,,31.4864197,74.4135368,Lahore,Punjab,Pakistan,,,
ebf957ad-4c53-518a-bc6f-b83305e1573a,5251896815,node,amenity,cafe,Students Cafe,,,,,31.4855703,74.4163948,Lahore,Punjab,Pakistan,,,
d1d738e3-9b44-53f5-afa8-6d53b126a1bf,9313233698,node,place,neighbourhood,حاجی پارک,,Haji Park,,,31.4830543,74.4225366,Lahore,Punjab,Pakistan,,,
d2087b7b-4135-5ef7-88d0-c873ec32d664,271282909,node,place,village,Keer,,,,,31.4899206,74.4028287,Lahore,Punjab,Pakistan,,,
56067d0a-c07c-5b86-8134-384a18a7fc3d,273471549,node,place,suburb,Ali View,,,,,31.4931287,74.4041212,Lahore,Punjab,Pakistan,,,
2b2bea51-d23f-5b2d-8d36-3e415a850215,10681199546,node,place,suburb,Real Cottages,,,,,31.4871567,74.4095369,Lahore,Punjab,Pakistan,,,
8ccccd6f-e123-5f9e-80af-9220d16f890a,10681309665,node,amenity,place_of_worship,Real Cottages Mosque,,,,,31.4881876,74.4087444,Lahore,Punjab,Pakistan,,,
5322474c-4059-5105-96ee-ac64ac7460d6,273471442,node,place,suburb,Askari Flats,,,,,31.4968828,74.3985629,Lahore,Punjab,Pakistan,,,
c56cd580-731f-54e7-8bc2-e0173dec0656,300849935,node,amenity,place_of_worship,,,,,,31.4980932,74.3985099,Lahore,Punjab,Pakistan,,,
2c718d02-80ab-5f1b-8fd6-da171c88daeb,6698898927,node,amenity,restaurant,Bhatti Naan Shop,,,,,31.4969759,74.4066792,Lahore,Punjab,Pakistan,,,
34d62d06-8055-5931-ae69-2e5c6ebd73b7,7485231216,node,leisure,park,,,,,,31.4968545,74.4048756,Lahore,Punjab,Pakistan,,,
6a2bd0f4-4d9b-5a0b-b2c4-93e2afeb0637,11384192810,node,public_transport,platform,Ali View Garden,,,,,31.4947637,74.4030953,Lahore,Punjab,Pakistan,,,
1ce4920e-b1d7-510b-a849-2088894b0803,304956246,node,place,neighbourhood,Bhata Chowk,,,,,31.4914608,74.411275,Lahore,Punjab,Pakistan,,,
2d72af54-a17c-5f05-a947-58f3b2ae51bf,5251896810,node,amenity,cafe,YAHOO CAFÉ,,,,,31.4868236,74.4126424,Lahore,Punjab,Pakistan,,,
9fb3eb98-e5ff-5e36-81aa-f8fcb38cb9ab,12873040656,node,shop,car_repair,Petromin Express,,Petromin Express,,,31.4880796,74.410623,Lahore,Punjab,Pakistan,,,
e6287603-de97-5e3e-931a-d82ecfb85fc6,12171134747,node,tourism,hotel,Family Ties,,,,,31.4914704,74.4165115,Lahore,Punjab,Pakistan,,,
a7af2aa0-2700-5d54-af66-2f83d9d1dd8b,12183323155,node,tourism,hotel,Family ties hotel,,,,,31.4914704,74.4165115,Lahore,Punjab,Pakistan,,,
cff85618-3417-5ff2-95e4-ccf431d5a418,13353821376,node,shop,mobile_phone,Ark Computers,,,,,31.4932813,74.4173016,Lahore,Punjab,Pakistan,,,
661ad5c1-4961-5771-9950-d519055e6e4d,7156101085,node,tourism,guest_house,Ahsan Home,,,,,31.4972841,74.4112298,Lahore,Punjab,Pakistan,,,
d8b3594b-9427-54f0-bf4f-d06a28618e3e,4590850500,node,amenity,bank,Students Resource,,Students Resource,,,31.4939164,74.4184412,Lahore,Punjab,Pakistan,,,
0818dbdd-8a5e-5e40-b001-d12e40cc2198,5242203587,node,amenity,bank,فیصل بینک,فیصل بینک,Faysal Bank,,,31.4942491,74.418468,Lahore,Punjab,Pakistan,فیصل بینک,,
94367db4-1dee-545a-bfd3-8a1a9feafef0,5273572703,node,tourism,hotel,Grand Enclave Hotel,,,,,31.4964493,74.4187618,Lahore,Punjab,Pakistan,,,
4cec3922-3bef-5a41-a901-6cde973a0af1,5273617267,node,tourism,hotel,Metro Crown Hotel,,,,,31.4993521,74.4212805,Lahore,Punjab,Pakistan,,,
d489cbb0-a088-5ba1-a782-83eec9cdbfbb,5273617268,node,tourism,hotel,Luxury Inn,,,,,31.4994069,74.4211356,Lahore,Punjab,Pakistan,,,
fecc95dd-c172-5064-bc2b-24c56a274913,5273617269,node,tourism,hotel,Hotel Greenfields,,,,,31.4993223,74.4214816,Lahore,Punjab,Pakistan,,,
c9fcf8a6-ecc6-5f84-a3eb-5e792aa262dc,5273617270,node,amenity,restaurant,Kitchen Cuisine,,,,,31.4987506,74.4210605,Lahore,Punjab,Pakistan,,,
f479cac2-c1c8-5795-9338-7a27b4ba9bb9,5259654969,node,healthcare,hospital,Geo Hospital,جیو ہسپتال,,,,31.48002,74.4229598,Lahore,Punjab,Pakistan,,,
a0338cab-0d6d-558e-ae2f-01807a843726,10687363505,node,shop,car_repair,Magna Tech,,,,,31.4971438,74.4227939,Lahore,Punjab,Pakistan,,,
1ef156f6-d326-5963-a296-bbfbc9b8e240,2879175904,node,amenity,place_of_worship,Masjid Al Aqsa,,,,,31.5010985,74.4091624,Lahore,Punjab,Pakistan,,,
31a404f2-5445-5677-9f1d-80b2de87946b,4156352589,node,tourism,guest_house,My Home,,,,,31.4999491,74.4111784,Lahore,Punjab,Pakistan,,,
9d517964-8d9f-5487-bd46-07a11167bf54,305152561,node,amenity,place_of_worship,Airport Masjid,,,,,31.5177694,74.4123807,Lahore,Punjab,Pakistan,,,
2baf43aa-bcb8-513e-afbd-12bfc6f1a00a,305152578,node,amenity,fuel,,,,,,31.516306,74.4122949,Lahore,Punjab,Pakistan,,,
31708984-a983-5463-81d1-c81b89a77085,11592122054,node,amenity,atm,Allied Bank,الائیڈ بینک,Allied Bank,,,31.5197429,74.4110393,Lahore,Punjab,Pakistan,Allied Bank Limited,Allied Bank Limited,
6c10e194-fc47-5340-8513-f931b5587ea3,11592122055,node,amenity,atm,MCB Bank,ایم سی بی بینک,MCB,,,31.519713,74.4110395,Lahore,Punjab,Pakistan,MCB,MCB,
0c90a34d-12a3-55fd-9622-ebe6294a7bf4,11592122056,node,amenity,atm,Habib Bank Limited,ایچ بی ایل پاکستان,HBL Bank,,,31.5197938,74.4110317,Lahore,Punjab,Pakistan,HBL Bank,HBL Bank,
5fade266-bb92-5acc-a9b5-734eb51e81ed,2401552931,node,amenity,fuel,Total Petrol & CNG,,,,,31.5017935,74.4230031,Lahore,Punjab,Pakistan,,,
3a5a660e-8818-5f6c-86d9-fa40dd4c69b3,2405174573,node,amenity,restaurant,پیزا ہٹ,پیزا ہٹ,Pizza Hut,,,31.5020218,74.4233827,Lahore,Punjab,Pakistan,پیزا ہٹ,,
9892ac37-8095-5bfd-b5c1-4ea75f7019ff,5243057121,node,leisure,playground,,,,,,31.5015308,74.4249531,Lahore,Punjab,Pakistan,,,
56a1d82b-36bd-57d8-8cda-afdb072688db,4767590022,node,shop,car_parts,Hi-speed Motorsports,,Hi-speed Motorsports,,,31.5232077,74.4248807,Lahore,Punjab,Pakistan,,,
180a5d0f-5dd4-5217-9a02-ff04f0c7b6d4,7297744892,node,amenity,restaurant,Rina's Kitchenette,,,,,31.5272145,74.3505464,Lahore,Punjab,Pakistan,,,
554f8dad-29e0-5e11-8368-06ebefdab5f1,4495633791,node,shop,electronics,Tnitrend Display Centre,,,,,31.5312917,74.352403,Lahore,Punjab,Pakistan,,03335100501,
113e0684-7083-5ab5-baaa-0dfd50f2035b,5273690067,node,tourism,hotel,ریجنسی ان ہوٹل,ریجنسی ان ہوٹل,Regency Inn Hotel,,,31.5302378,74.3566111,Lahore,Punjab,Pakistan,,,
643057ba-2828-5f5a-b717-996de65514d3,5273690068,node,tourism,guest_house,ڈریم ریزیڈنسی گیسٹ ہاؤس,ڈریم ریزیڈنسی گیسٹ ہاؤس,Dream Residency Guest House,,,31.5294536,74.3561712,Lahore,Punjab,Pakistan,,,
9aa29673-9d80-5239-b1f9-536fa2d6ac65,6204949087,node,amenity,restaurant,Cosa Nostra,,,,,31.5270992,74.3514048,Lahore,Punjab,Pakistan,,,
4970f1bf-fb09-5732-9166-33d0d52eab17,6318774585,node,amenity,bank,ایم سی بی بینک,ایم سی بی بینک,MCB Bank,,,31.5299692,74.3510981,Lahore,Punjab,Pakistan,ایم سی بی بینک,,
93bf434d-92f2-5920-bb2e-3aadea64da65,7244237492,node,office,government,TEVTA Secretariat,,,,,31.5299209,74.3531733,Lahore,Punjab,Pakistan,,,
6617bbdc-d366-52ed-bc40-27d7fd9d9f0a,7297744893,node,amenity,bank,بینک الفلاح,بینک الفلاح,Bank Alfalah,,,31.5271412,74.3517117,Lahore,Punjab,Pakistan,بینک الفلاح,,
69eb53bc-3f2d-5d7b-ac6a-102b2445c988,8406781921,node,amenity,place_of_worship,رحمانیہ,رحمانیہ,Rehmania,,,31.528302,74.3570935,Lahore,Punjab,Pakistan,,,
58ac7e33-3f0c-538c-a018-232ffb5a6b2b,12703108221,node,office,company,"Suraj Cotton Mills Ltd,",,,,,31.5313169,74.3531835,Lahore,Punjab,Pakistan,,,
3562328c-f4ab-5449-87a7-740deddd9dd3,12703108222,node,office,company,"Shams Textile Mills Ltd,",,,,,31.5313604,74.3532237,Lahore,Punjab,Pakistan,,,
ea3eb1bb-361d-5161-9a3b-bb7a69c768b1,12703113068,node,amenity,restaurant,Ziafat,,,,,31.5275149,74.3562707,Lahore,Punjab,Pakistan,,,
6d84d4f4-96fd-54f0-b892-e198c4d328f3,12706845152,node,amenity,cafe,Drip - Coffee Brewery & Bakery,,,,,31.5306614,74.3521529,Lahore,Punjab,Pakistan,,,
01f897ee-a441-5f4d-87f6-d4bb5246808e,272381173,node,amenity,cafe,,,,,,31.5379372,74.3536993,Lahore,Punjab,Pakistan,,,
ca46291c-78fe-5533-8020-53535a5be325,5255279607,node,healthcare,hospital,Surgimed Hospital Lahore,,,,,31.5380944,74.3512745,Lahore,Punjab,Pakistan,,,Q7646232
3de389c2-d69a-56b8-aef4-2f755c9a68b7,2433364441,node,railway,station,لاہور چھاؤنی,لاہور چھاؤنی,Lahore Cantonment,لاہور کینٹ ریلوے اسٹیشن,,31.5305468,74.3611247,Lahore,Punjab,Pakistan,,,Q18516385
69446bf7-11d5-57e0-9758-38d8a16e002d,5263722491,node,shop,mall,Fortress Square Mall,,,,,31.5323582,74.3631271,Lahore,Punjab,Pakistan,,,
f2a71dda-8a9a-5224-b43f-a2417f866b4e,12586955518,node,natural,tree,,,,,,31.5301936,74.3587564,Lahore,Punjab,Pakistan,,,
72ba3474-c867-5e70-aa23-18974e5e3ec8,12586955519,node,natural,tree,,,,,,31.5300755,74.3588273,Lahore,Punjab,Pakistan,,,
3d068371-7c65-5f15-b88b-c01d354eefb1,12586955520,node,natural,tree,,,,,,31.5301306,74.3590306,Lahore,Punjab,Pakistan,,,
5fdb6886-b441-5a87-b882-d356f2f5c07c,272343377,node,amenity,place_of_worship,Fortress,,,,,31.5304944,74.3692733,Lahore,Punjab,Pakistan,,,
b2239d01-9305-501a-9c5a-5874ede4a4ba,1507149368,node,amenity,restaurant,,,,,,31.5316484,74.365306,Lahore,Punjab,Pakistan,,,
eba685eb-aca6-547b-8d79-863fb9e8933f,2425150177,node,amenity,fast_food,مکڈونلڈز,مکڈونلڈز,McDonald's,,,31.5320166,74.3641378,Lahore,Punjab,Pakistan,مکڈونلڈز,,
f8a45cf1-b0be-50bb-aaa0-8868ef2b44fd,2942839104,node,shop,mall,Fortress Stadium Lahore,,,,,31.5317842,74.3660636,Lahore,Punjab,Pakistan,,,
de9e1387-ab6a-5d04-bd0a-5d5f8a7b12b8,4269673691,node,office,government,C Mess,,,,,31.5299602,74.3690472,Lahore,Punjab,Pakistan,,,
9c7857b3-5da3-557d-8cb5-93ba7f1241e7,7118877839,node,place,neighbourhood,سینٹ جان پارک,سینٹ جان پارک,Saint John Park,,,31.5280341,74.3655326,Lahore,Punjab,Pakistan,,,
b13d0a62-2e14-573e-9577-194f47112d35,1550525532,node,shop,department_store,ہائپر اسٹار,ہائپر اسٹار,Hyperstar,,,31.5349225,74.3629259,Lahore,Punjab,Pakistan,,,
c4bcbafc-9265-59be-939c-09a2bb1ab297,4109174594,node,amenity,police,آفس قربان لائن,آفس قربان لائن,Office Qurban Line,,,31.5332556,74.3573767,Lahore,Punjab,Pakistan,,,
891ccc6c-ed4c-5419-b264-39b1a0013248,4486898491,node,shop,clothes,Wazir Ali Road,,Wazir Ali Road,,,31.5365811,74.360604,Lahore,Punjab,Pakistan,,,
bf267a77-c704-55ea-9035-190353495292,5263722493,node,amenity,restaurant,Nandos,,,,,31.5337267,74.3623975,Lahore,Punjab,Pakistan,,,
d1eab983-83c3-5236-8653-fef5b2d41ec9,5263722495,node,shop,department_store,Pace,,,,,31.5327299,74.3627194,Lahore,Punjab,Pakistan,,,
b79439bf-cf0f-5f2c-b5c5-f1ad7ef04cef,8406739808,node,amenity,place_of_worship,گلشن رسول,گلشن رسول,Gulshan-e-Rasool,,,31.5327506,74.3600704,Lahore,Punjab,Pakistan,,,
dbb91c92-c7f2-5549-9939-e240b897def9,3228594800,node,amenity,restaurant,Bundu Khan,,,,,31.5342674,74.3641697,Lahore,Punjab,Pakistan,,,
0a18e307-153c-5e32-b8a5-15810821bea4,5263722494,node,amenity,restaurant,پیزا ہٹ,پیزا ہٹ,Pizza Hut,,,31.5334249,74.3639801,Lahore,Punjab,Pakistan,پیزا ہٹ,,
1a9060ab-da52-5478-b903-3c0acf9f11b5,272381417,node,amenity,place_of_worship,Mall Masjid,,,,,31.5442033,74.3505193,Lahore,Punjab,Pakistan,,,
d4937391-9bf6-5c07-9551-c7856746e331,272380798,node,tourism,attraction,,,,,,31.5418845,74.3505965,Lahore,Punjab,Pakistan,,,
411c7c76-d7a3-5cd2-9514-86dd0963a3f2,5273489538,node,tourism,hotel,The Residency Hotel,,,,,31.5395636,74.350655,Lahore,Punjab,Pakistan,,,
c6a631e9-22c2-5c91-910b-3e41bf419abf,5276934825,node,tourism,hotel,Safari Hotel,,,,,31.5407491,74.3562011,Lahore,Punjab,Pakistan,,Safari Hotel Upper Mall Lahore,
95f22de3-81c3-522d-9d16-6f4ed8f7596b,7118906915,node,place,suburb,اپر مال,اپر مال,Upper Mall,,,31.5447676,74.354696,Lahore,Punjab,Pakistan,,,
086e22d5-a4e6-586d-b5b5-674501908f3b,7730964485,node,office,company,DWP Technologies Pvt Ltd.,,,,,31.5413495,74.3562481,Lahore,Punjab,Pakistan,,,
a36a7b55-f270-5c26-9755-c942865163ef,5267403820,node,amenity,place_of_worship,,,,,,31.5479663,74.357138,Lahore,Punjab,Pakistan,,,
0b5a9cac-00fa-54f3-924b-3c667b859391,5267410879,node,healthcare,pharmacy,Mall of Health Pharmacy,,,,,31.5480963,74.3571074,Lahore,Punjab,Pakistan,,,
c6dc6be6-e752-5c47-b8dd-d19983da356a,5875343202,node,amenity,place_of_worship,Shrine of Shah Muhammad,,,,,31.5475145,74.3554202,Lahore,Punjab,Pakistan,,,
31cc2145-0f8a-559b-af7b-92d7387dfece,5267413985,node,healthcare,hospital,Mian Meer Welfair Hospital,,,,,31.5484343,74.3571591,Lahore,Punjab,Pakistan,,,
dc334948-b025-53af-a60d-90ba921c4cdd,5875340549,node,natural,tree,,,,,,31.5485588,74.3600909,Lahore,Punjab,Pakistan,,,
aab56080-a1a7-508d-96b8-a0b3dbed02a4,5875340550,node,natural,tree,,,,,,31.548627,74.3599225,Lahore,Punjab,Pakistan,,,
60fbfdf1-e591-5d7a-8e06-1a1d66dace1b,5875340551,node,natural,tree,,,,,,31.5481454,74.3599291,Lahore,Punjab,Pakistan,,,
a4356ba9-1574-5573-9da1-08f2d515a0c0,5875340552,node,natural,tree,,,,,,31.5484054,74.3603059,Lahore,Punjab,Pakistan,,,
21a069a9-a58c-5fd7-86a1-2214490f5aac,5875340553,node,natural,tree,,,,,,31.5482505,74.3602242,Lahore,Punjab,Pakistan,,,
f7c2aaac-bf9f-5b82-bf55-d750c85b204e,5875340554,node,natural,tree,,,,,,31.5481951,74.3603459,Lahore,Punjab,Pakistan,,,
1738a457-6616-5d77-b4e1-57253ac73379,5875340555,node,natural,tree,,,,,,31.5486327,74.3604143,Lahore,Punjab,Pakistan,,,
6849ee9a-6179-5f49-8d65-355514d1cc6f,5875340556,node,natural,tree,,,,,,31.5486782,74.360526,Lahore,Punjab,Pakistan,,,
4923aba8-f9fd-572f-909c-c2ef61eb1562,5875340557,node,natural,tree,,,,,,31.5485702,74.360681,Lahore,Punjab,Pakistan,,,
d72bf012-702c-5157-a564-0602a610731b,5875340558,node,natural,tree,,,,,,31.5484622,74.3605927,Lahore,Punjab,Pakistan,,,
897b707a-ab80-5d9c-a941-b9a58132b32d,5875340559,node,natural,tree,,,,,,31.5484551,74.3608144,Lahore,Punjab,Pakistan,,,
a07e6988-9db9-5e36-a48a-aceed5fde298,5875340560,node,natural,tree,,,,,,31.5486227,74.3609261,Lahore,Punjab,Pakistan,,,
b20057df-498c-5c37-bdb1-a6a7e0d3f8cd,5875340561,node,natural,tree,,,,,,31.5487009,74.3609145,Lahore,Punjab,Pakistan,,,
5563b5f7-75a7-55db-928f-2649ba1b3ecd,5875340562,node,natural,tree,,,,,,31.5483301,74.3608561,Lahore,Punjab,Pakistan,,,
cc42f945-770c-5bde-a14f-da0715dd2c0d,5875340563,node,natural,tree,,,,,,31.5483443,74.3606961,Lahore,Punjab,Pakistan,,,
7e1bbe84-6966-56ec-ae2c-627af592f08c,5875340564,node,natural,tree,,,,,,31.5483059,74.3605093,Lahore,Punjab,Pakistan,,,
4f1df67d-43d3-5cf0-bcbe-e7ab89dad76a,5875340565,node,natural,tree,,,,,,31.5481851,74.3605177,Lahore,Punjab,Pakistan,,,
4a853e72-bb0e-5152-832b-16547469600e,5875340566,node,natural,tree,,,,,,31.548242,74.3607827,Lahore,Punjab,Pakistan,,,
f5a65669-f960-5f59-a14b-d926e9feafba,5875340567,node,natural,tree,,,,,,31.5479578,74.3602976,Lahore,Punjab,Pakistan,,,
77007156-4a50-5e88-9838-9841ac384b3d,5875340568,node,natural,tree,,,,,,31.5479536,74.3598208,Lahore,Punjab,Pakistan,,,
7020a8af-ec23-5a49-8c05-e513788dd8bb,5875340569,node,natural,tree,,,,,,31.5478754,74.3607211,Lahore,Punjab,Pakistan,,,
cfffa808-e9a5-5edc-a296-1c171c3affc6,5875340570,node,natural,tree,,,,,,31.5477646,74.360676,Lahore,Punjab,Pakistan,,,
088d37fc-f4fd-5f85-860c-02f7d0817ac0,5875340571,node,natural,tree,,,,,,31.5477532,74.3593906,Lahore,Punjab,Pakistan,,,
835dabfd-007b-5af5-81c2-3f5bb4ad98ef,5875340572,node,natural,tree,,,,,,31.5473611,74.3595824,Lahore,Punjab,Pakistan,,,
3661f52e-e38f-5e69-a15a-c47bafb32abf,5875340573,node,natural,tree,,,,,,31.547658,74.3589388,Lahore,Punjab,Pakistan,,,
5b2ae6a3-5fa8-5fbd-9d3f-96d5711712ba,5875340574,node,natural,tree,,,,,,31.5476026,74.3593039,Lahore,Punjab,Pakistan,,,
d6b61a01-3599-5a22-af0b-81adb2e70d24,5875340575,node,natural,tree,,,,,,31.5476808,74.3592856,Lahore,Punjab,Pakistan,,,
065b1a79-8f4d-5b90-bcc2-b21838471ccc,5875340576,node,natural,tree,,,,,,31.5473014,74.3596674,Lahore,Punjab,Pakistan,,,
7a76ea9f-4925-5f5c-b369-d121c656eb99,5875340577,node,natural,tree,,,,,,31.5472218,74.3606377,Lahore,Punjab,Pakistan,,,
1b13357a-ab2f-5272-beed-de1625e7117c,7113816782,node,place,suburb,میاں میر,,Mian Mir,,,31.5486368,74.3595183,Lahore,Punjab,Pakistan,,,
e2c147f5-8f16-5932-996f-c4d264803b0e,8401592500,node,amenity,place_of_worship,Shrine of Hazrat Zafar Shah Madni,,,,,31.5460342,74.360655,Lahore,Punjab,Pakistan,,,
e405f669-cbe8-5d6c-9c08-76ab95a87ace,8401592501,node,amenity,place_of_worship,Shrine of Tariq Abbas Durrani,,,,,31.5458607,74.360762,Lahore,Punjab,Pakistan,,,
809a5aa2-2367-5de3-9918-ec5439c56038,8401592502,node,amenity,place_of_worship,Iqbal,,,,,31.5464252,74.3613754,Lahore,Punjab,Pakistan,,,
5dede545-5191-536e-bf27-c235c03eb3cb,8401592504,node,amenity,place_of_worship,,,,,,31.5460531,74.3621127,Lahore,Punjab,Pakistan,,,
de4b9ad5-0cea-52cb-805b-50fab1b7406a,8401592505,node,amenity,place_of_worship,Shrine of Rangilay Shah,,,,,31.5468121,74.3614932,Lahore,Punjab,Pakistan,,,
74b6be30-36e5-5af9-a557-cd6ec2cdb6ee,272343625,node,amenity,fuel,پاکستان اسٹیٹ آئل,پاکستان اسٹیٹ آئل,,,,31.5301652,74.3759166,Lahore,Punjab,Pakistan,پاکستان اسٹیٹ آئل,,
bae08eb8-6bfe-5c6d-8e16-638d2286031f,5273136278,node,amenity,restaurant,Nasib Biryani,,,,,31.5293341,74.3767715,Lahore,Punjab,Pakistan,,,
e2000834-4cee-5c71-b392-7c8dd942c076,5273136279,node,amenity,cafe,امین کیفے,امین کیفے,Ameen Cafe,,,31.529261,74.3767661,Lahore,Punjab,Pakistan,,,
521fdee7-4255-54e1-8b59-d6e02219ef5b,273688304,node,amenity,fuel,,,,,,31.5286943,74.3786215,Lahore,Punjab,Pakistan,,,
ed390350-b041-52ad-81d3-8ac85acb619b,2944220310,node,shop,mall,Mall of Lahore,,,,,31.5293876,74.3784367,Lahore,Punjab,Pakistan,,,
090beccc-6e0f-5d6e-9d2c-ad6ff3075589,3228594852,node,shop,bakery,Rahat Bakery,,,,,31.5295776,74.3768165,Lahore,Punjab,Pakistan,,,
04976ba4-6983-54b4-9dfa-666c0de24973,5273136273,node,shop,supermarket,Green Valley - Mall Of Lahore,,,,,31.5291284,74.3788234,Lahore,Punjab,Pakistan,,,
dc2fc05c-900f-58b9-831d-ad7e265f7169,5273136274,node,amenity,restaurant,Bombay Chowpatty - Mall Of Lahore,,,,,31.5292495,74.3788234,Lahore,Punjab,Pakistan,,,
0f344f4b-3b1c-5626-88bf-f0498a984ab1,5273136275,node,amenity,atm,,,,,,31.5296519,74.3788529,Lahore,Punjab,Pakistan,,Askari Bank ATM - Mall Of Lahore,
022f8df1-7334-5db4-8fbc-688979f4d661,5273136276,node,shop,clothes,Uniworth Dress Co - Mall Of Lahore,,,,,31.5295719,74.3788475,Lahore,Punjab,Pakistan,,,
1b01fa14-bd91-54d7-94f5-71afa6988f66,7118877843,node,amenity,place_of_worship,سینٹ جوزف چرچ,سینٹ جوزف چرچ,St. Joseph's Church,,,31.5315956,74.3829728,Lahore,Punjab,Pakistan,,,
420ba4ce-5b92-5978-b15e-707b7b9078d3,4621590189,node,public_transport,platform,سرور کالونی,سرور کالونی,Sarwar Colony,,,31.5338018,74.3758577,Lahore,Punjab,Pakistan,,,
b6b32df0-e9d4-5933-a8a3-84480b205836,5255424740,node,healthcare,hospital,CMH Lahore,,,,,31.5391648,74.3711747,Lahore,Punjab,Pakistan,,,Q55639462
99c38f2d-1147-5cf4-8cf0-4782ab26b6b8,5255424741,node,amenity,cafe,Alamode Cafe,,,,,31.5382655,74.371341,Lahore,Punjab,Pakistan,,,
b4a39939-9dd3-59d4-90a4-4e55a0feb864,4442265393,node,tourism,guest_house,آرمی گیسٹ رومز,آرمی گیسٹ رومز,Army Guestrooms,,,31.529473,74.3866303,Lahore,Punjab,Pakistan,,,
be9dfe11-9654-5497-8ef5-9c5725fb7cb2,6905554085,node,tourism,guest_house,,,,,,31.5270081,74.383813,Lahore,Punjab,Pakistan,,,
62bb7222-86dd-5ff1-b60b-6aa1bd76e320,5581970621,node,historic,castle,Lodhi camp PAF Base Lahore,,,,,31.5301731,74.3941205,Lahore,Punjab,Pakistan,,,
31337840-46a9-51fb-bd94-4dc7c065cd35,7118877692,node,amenity,place_of_worship,Cantonment Board Mosque,,,,,31.5410061,74.3772989,Lahore,Punjab,Pakistan,,,
b202c2af-289c-5586-bf4b-155633344e57,7118877705,node,amenity,place_of_worship,Farooq-e-Azam,,,,,31.5455059,74.3774531,Lahore,Punjab,Pakistan,,,
810abbe5-d38b-5cf5-9ee0-2cd03c9d4037,3838006133,node,leisure,playground,Ghulam Ahmad Park,,,,,31.5489698,74.3744692,Lahore,Punjab,Pakistan,,,
300334c5-0b90-5f9e-b69d-9cab400b0f8e,7118861137,node,place,neighbourhood,Dagi Mohallah,,,,,31.5493125,74.3760119,Lahore,Punjab,Pakistan,,,
ccb44c28-05a9-5141-b7e5-d8279db0fdf9,7118861138,node,place,neighbourhood,Bazaz Mohallah,,,,,31.547911,74.3759071,Lahore,Punjab,Pakistan,,,
9155b0e3-0bf7-5fcd-b224-790d00af73a3,5049689222,node,amenity,bank,ایچ بی ایل پاکستان,ایچ بی ایل پاکستان,Habib Bank Limited,,,31.5458511,74.3771606,Lahore,Punjab,Pakistan,ایچ بی ایل پاکستان,,
68e75ed7-592e-5ee1-84a2-1db67cf8351a,5049708621,node,shop,supermarket,Saddar Bazaar,,Saddar Bazaar,,,31.5469512,74.377319,Lahore,Punjab,Pakistan,,,
69e3a8f5-eae5-5603-9d09-032e3ebaa6d1,5049708721,node,amenity,police,Saddar Police Station,,Saddar Police Station,,,31.549517,74.3805278,Lahore,Punjab,Pakistan,,,
5a70f074-ef74-578a-8dda-0649356ccb35,5050268521,node,amenity,atm,,,,,,31.5459103,74.3772514,Lahore,Punjab,Pakistan,,,
c7f07beb-eeb2-5f81-b23a-025ca5cda83f,5255562361,node,healthcare,hospital,Cantonment General Hospital,,,,,31.5467613,74.3821858,Lahore,Punjab,Pakistan,,,
044ece05-64f0-5b1b-a27e-1368668c4c00,6448239085,node,amenity,restaurant,Baba Gee Kulfi,,,,,31.5490989,74.3800825,Lahore,Punjab,Pakistan,,,
25d7832b-59df-577d-9361-80a3d4b04fdd,7113890476,node,place,suburb,صدر,,Saddar,,,31.5499546,74.380229,Lahore,Punjab,Pakistan,,,
6fed9ee4-849a-5852-8f2c-421b601d9cd7,7118861140,node,place,neighbourhood,Kharas Mohallah,,,,,31.5478594,74.3787879,Lahore,Punjab,Pakistan,,,
8fb60b49-0ab8-590b-87d7-f6cf7a423246,7118861141,node,place,neighbourhood,Donger Mohallah,,,,,31.5494105,74.3788644,Lahore,Punjab,Pakistan,,,
7cfcebd1-5820-5841-b932-cd0885cd8be4,7118861142,node,place,neighbourhood,Bengali Mohallah,,,,,31.5478854,74.3816022,Lahore,Punjab,Pakistan,,,
17dd0094-c6c3-501f-a9e3-6975c199dffb,7118861163,node,amenity,place_of_worship,Bhawan Daas Complex Mosque,,,,,31.5467266,74.3817838,Lahore,Punjab,Pakistan,,,
e7663b78-2b62-5473-98f1-84437200e4da,7118877707,node,amenity,place_of_worship,Hafiz Mansoor,,,,,31.5466706,74.3786301,Lahore,Punjab,Pakistan,,,
d3f4cd69-961a-5260-b9d7-44cb6c1b734c,7118877712,node,amenity,place_of_worship,Qasim Khan,,,,,31.5466006,74.3774197,Lahore,Punjab,Pakistan,,,
db605096-a6ba-5d6c-b71a-b8ef0af1e931,4595111568,node,leisure,playground,,,,,,31.5457243,74.3855815,Lahore,Punjab,Pakistan,,,
b51f5cea-3e22-5c94-8292-0de7c5755546,4595111571,node,natural,water,,,,,,31.5430076,74.3869849,Lahore,Punjab,Pakistan,,,
1bfea120-a0b7-56ee-98b7-d93402a2e325,7118877854,node,place,neighbourhood,Askari 1,,,,,31.5444439,74.384803,Lahore,Punjab,Pakistan,,,
31363a11-99af-560d-a0e5-f392fcb0422a,4595111565,node,natural,water,,,,,,31.5464731,74.3856338,Lahore,Punjab,Pakistan,,,
6eb2b0cf-f900-5012-ae03-d33f06236a1a,4595111573,node,leisure,playground,Children's Playground,,,,,31.5461151,74.3866423,Lahore,Punjab,Pakistan,,,
b3898373-4b10-50ac-9a47-a868196cd778,4595111578,node,natural,water,Tubewell,,,,,31.5461084,74.3841266,Lahore,Punjab,Pakistan,,,
7f7faa6f-859c-56e7-8f13-165afebb757a,7118861166,node,amenity,place_of_worship,Ghosia,,,,,31.5471971,74.3841138,Lahore,Punjab,Pakistan,,,
a3e88472-193a-5a30-9f5b-ad4690cc8565,272431538,node,place,suburb,عسکری ویلاز,,Askari Villas,,,31.5479374,74.392466,Lahore,Punjab,Pakistan,,,
59339045-9294-5199-ac98-e63d8e59b6fa,5737713722,node,tourism,museum,Army Museum Lahore,,,,,31.5319879,74.3984309,Lahore,Punjab,Pakistan,,,
63fdb0b2-4a54-589d-a8f9-d63deb033c76,9922988883,node,tourism,attraction,,,,,,31.5317211,74.3985431,Lahore,Punjab,Pakistan,,,
d83677f5-eca8-5c7f-a5f7-9296c8338ee8,9922988884,node,tourism,attraction,,,,,,31.5317161,74.3985971,Lahore,Punjab,Pakistan,,,
0c5fced7-e0bc-55f8-a9c4-9f190121a94a,9922988885,node,tourism,attraction,,,,,,31.5317053,74.3986645,Lahore,Punjab,Pakistan,,,
fa0721b6-fe6a-575b-b798-c082bb869159,9922988886,node,tourism,attraction,,,,,,31.5317032,74.398721,Lahore,Punjab,Pakistan,,,
68fe7262-cc73-5087-bd8a-a76e72881861,9922988887,node,tourism,attraction,S-60,,,,AA gun,31.5315824,74.3984302,Lahore,Punjab,Pakistan,,,Q682874
0c293ba2-c74d-5c79-82d9-469499c7ef91,9922988888,node,tourism,attraction,S-60,,,,AA gun,31.5315853,74.3983147,Lahore,Punjab,Pakistan,,,Q682874
40bfd69c-de16-512c-9ae2-7216782ddbcd,9922988889,node,tourism,attraction,155 mm gun M1,,,,,31.5315947,74.3980955,Lahore,Punjab,Pakistan,,,Q2297239
6c53a316-287d-5152-8bec-fce2df1d3989,9922988890,node,tourism,attraction,M3,,,,,31.5313935,74.3982397,Lahore,Punjab,Pakistan,,,Q223184
869c1060-6929-59b8-98ee-1bf1039ff39a,9922988891,node,tourism,attraction,,,,,,31.5313928,74.3981638,Lahore,Punjab,Pakistan,,,
9dde5d63-3d3c-5817-9a13-5b003c2ca6bd,9922988892,node,tourism,attraction,,,,,,31.5314343,74.3980999,Lahore,Punjab,Pakistan,,,
6e2f3456-992f-530b-9e03-bc6781063f4d,9922988893,node,tourism,attraction,,,,,,31.5313841,74.3986055,Lahore,Punjab,Pakistan,,,
8238ed4b-26fd-571f-a2b4-2b0704553d27,9922988894,node,tourism,attraction,,,,,,31.5313834,74.3986738,Lahore,Punjab,Pakistan,,,
bf79d6e9-2f2e-5128-ae9f-42b80aaa0e68,9922988895,node,tourism,attraction,,,,,,31.5313784,74.3987522,Lahore,Punjab,Pakistan,,,
d11dfb2f-3dac-5ac0-b5d5-94f2a1531a5d,9922988896,node,tourism,attraction,,,,,,31.5313762,74.3988222,Lahore,Punjab,Pakistan,,,
503474fa-5c7a-5164-98e8-97cf78d39fef,9922988897,node,tourism,attraction,,,,,,31.5313755,74.3988997,Lahore,Punjab,Pakistan,,,
0d46260d-39b9-5e79-9b01-1875d9f8376f,9922988898,node,tourism,attraction,,,,,,31.5313777,74.398973,Lahore,Punjab,Pakistan,,,
a3949302-fa98-5f4b-9809-c1323a5afd3a,9922988899,node,tourism,attraction,,,,,,31.5314043,74.399097,Lahore,Punjab,Pakistan,,,
e82a83f5-8b79-5e28-9939-42f92c38102a,9922988900,node,tourism,attraction,Mil Mi-24,,,,,31.5324032,74.3987731,Lahore,Punjab,Pakistan,,,
93a5d092-bb44-5457-9ba6-dc3a6e3a05ba,9922988901,node,tourism,attraction,Bell AH-1 Cobra,,,,,31.5324936,74.3985979,Lahore,Punjab,Pakistan,,,Q219629
04d7b7f9-ffeb-5a29-819e-59b1b29de5f6,9922988902,node,tourism,attraction,,,,,Cessna A-37 Dragonfly,31.5324865,74.3981759,Lahore,Punjab,Pakistan,,,
b9ebf283-0b11-5542-8399-7c136b29d488,9922988903,node,tourism,attraction,,,,,,31.5326338,74.3982629,Lahore,Punjab,Pakistan,,,
58137263-c4fe-589d-8d84-2bc5a267694c,9922988906,node,tourism,attraction,,,,,,31.5326481,74.3990294,Lahore,Punjab,Pakistan,,,
439ed313-4ecc-5b22-968b-65f536ef1080,9922988907,node,tourism,attraction,,,,,,31.5325234,74.3984744,Lahore,Punjab,Pakistan,,,
fa66bb60-0b08-5d68-be99-2df73cd46927,9922988908,node,tourism,attraction,,,,,,31.5325162,74.3983033,Lahore,Punjab,Pakistan,,,
77c4ee80-b622-5044-81da-6eca34d81c26,9922988914,node,tourism,attraction,,,,,,31.532009,74.3988408,Lahore,Punjab,Pakistan,,,
adee2758-7272-5c78-a3cf-7b98dd9342e6,9922988915,node,tourism,attraction,,,,,,31.5319145,74.3988349,Lahore,Punjab,Pakistan,,,
c4bb621f-f018-538c-b7bb-394a4e1de2c1,9922988916,node,tourism,attraction,,,,,,31.5316391,74.3980958,Lahore,Punjab,Pakistan,,,
f907dc3c-06a5-5edd-a3a0-baf9b32c8129,9923112617,node,tourism,attraction,,,,,,31.5315345,74.398097,Lahore,Punjab,Pakistan,,,
dd52b4af-c366-5cdd-acbe-61ae4bb0ce94,9923112618,node,tourism,attraction,,,,,rocket launcher,31.5315619,74.3980362,Lahore,Punjab,Pakistan,,,
074beae5-81e0-5acb-a6de-a2dfc3461526,9923112619,node,tourism,attraction,,,,,,31.5313926,74.398307,Lahore,Punjab,Pakistan,,,
0be46926-b86b-5a8c-bf68-91ccbc50d00d,9923112620,node,tourism,attraction,,,,,,31.5313911,74.3984394,Lahore,Punjab,Pakistan,,,
00d2dfc8-4f93-5dd6-9fed-c6d1a00d096f,9923112621,node,tourism,attraction,,,,,,31.5313933,74.3985228,Lahore,Punjab,Pakistan,,,
dfb18df9-847c-5597-8038-4c8664e4713d,9923749749,node,tourism,attraction,,,,,,31.5314101,74.3980994,Lahore,Punjab,Pakistan,,,
0f71cd77-de49-5821-a15f-ecdc31b1cc48,9923749750,node,tourism,attraction,,,,,,31.5313884,74.3980966,Lahore,Punjab,Pakistan,,,
b638641f-a00a-5a1f-8c0d-604b79ad62aa,9923749751,node,tourism,attraction,,,,,,31.5313642,74.3980927,Lahore,Punjab,Pakistan,,,
ba19c59e-200c-5ff4-99d9-f4048f86fead,9923749752,node,tourism,attraction,,,,,,31.5314352,74.3980338,Lahore,Punjab,Pakistan,,,
a9de66ba-c5b7-5e2a-bafd-1088b9e27fdd,9923749753,node,tourism,attraction,,,,,,31.531418,74.3980328,Lahore,Punjab,Pakistan,,,
d6ae5034-0bb7-5302-93ec-106f380d3316,9923749754,node,tourism,attraction,,,,,,31.5313866,74.3980324,Lahore,Punjab,Pakistan,,,
9bdd10c1-3f8c-5971-b98f-e8be4bbf0ca1,9923749755,node,tourism,attraction,,,,,,31.5313645,74.3980328,Lahore,Punjab,Pakistan,,,
896ca96e-c7b6-545d-ac02-87497727a972,9923778182,node,tourism,attraction,,,,,,31.5317236,74.398223,Lahore,Punjab,Pakistan,,,
6a43783c-0977-58f1-aa4b-9dd0744d82e6,9923778183,node,tourism,attraction,,,,,,31.5317315,74.3981497,Lahore,Punjab,Pakistan,,,
c4741c46-78a6-5dca-bca4-a10d0d72cc94,11167035059,node,leisure,pitch,Defence Hockey Arena,,,,,31.5282101,74.3976698,Lahore,Punjab,Pakistan,,,
4d253598-c5c0-55ab-856e-ecbb7f7c438a,9922988904,node,tourism,attraction,,,,,,31.5327913,74.3988244,Lahore,Punjab,Pakistan,,,
f9b705c4-3e77-5bd0-9030-c744d430398e,9922988905,node,tourism,attraction,,,,,,31.5327863,74.3989925,Lahore,Punjab,Pakistan,,,
0486e5cb-00a3-5e76-bf18-a70acf09e623,9922988909,node,tourism,attraction,,,,,,31.5326944,74.3982636,Lahore,Punjab,Pakistan,,,
bb49f863-9d5c-5bac-9c73-2251ad6de3b9,9922988910,node,tourism,attraction,,,,,,31.5327533,74.3982645,Lahore,Punjab,Pakistan,,,
fe71638a-753b-54fc-b18a-a237742110a0,9922988911,node,tourism,attraction,,,,,,31.5328051,74.3985115,Lahore,Punjab,Pakistan,,,
2d409eba-acab-5e9d-a0a8-dcadcb5ee2fa,9922988912,node,tourism,attraction,,,,,,31.5328087,74.3986244,Lahore,Punjab,Pakistan,,,
2ece2234-eeb4-5dc7-92c1-dd5866ec056e,9922988913,node,tourism,attraction,,,,,,31.5328022,74.3992145,Lahore,Punjab,Pakistan,,,
effcb8c8-82fb-5e09-9b16-9c511669c511,2404511476,node,amenity,place_of_worship,Qardoba,,,,,31.5339434,74.4113493,Lahore,Punjab,Pakistan,,,
bb80d211-1e8c-5310-a19c-3a47e9b77169,2404545033,node,amenity,place_of_worship,Sector B,,,,,31.5376076,74.4131801,Lahore,Punjab,Pakistan,,,
addaf818-7211-5865-95bc-9c2163f8474c,7438617087,node,shop,stationery,Ali Baba stationary,,,,,31.5374613,74.4114637,Lahore,Punjab,Pakistan,,,
8f5a6cfa-b7b9-5b8a-af2b-3be2706ecd33,2404578869,node,amenity,place_of_worship,Sector A,,,,,31.5371374,74.4195267,Lahore,Punjab,Pakistan,,,
b43e125e-1e9b-59a7-b3c4-1b2fb596e418,2404596697,node,amenity,place_of_worship,Sector D,,,,,31.5335329,74.4194701,Lahore,Punjab,Pakistan,,,
9cc1c9ec-fb31-5a80-a9b4-58f5f2558d4d,4630049095,node,leisure,fitness_centre,"Gymnasium, Askari - 10",,"Gymnasium, Askari - 10",,,31.5356918,74.4174574,Lahore,Punjab,Pakistan,,,
16c1e3ed-327a-5e75-9e4f-c8029c2873f5,5242522523,node,tourism,artwork,Allah Hu Chowk,,,,,31.535446,74.4171974,Lahore,Punjab,Pakistan,,,
247b95bf-d19d-599d-a6ea-12d9c6937c3e,9313233693,node,place,suburb,عسکری 10,عسکری ۱۰,Askari X,,,31.5353759,74.4171308,Lahore,Punjab,Pakistan,,,
ada8467a-ffed-5f07-8a8d-88b4935adfd0,7733358285,node,office,company,Wazir (and Sons) Company (Ch. Wazir Ali),,,,,31.5448959,74.4065857,Lahore,Punjab,Pakistan,,,
03406ecf-deec-578c-972d-efc532217346,2447967853,node,amenity,fuel,,,,,,31.5491857,74.4020178,Lahore,Punjab,Pakistan,,,
ccef8960-51fd-5894-9c3d-fa93c70798b9,2447967850,node,amenity,fuel,,,,,,31.5486937,74.4067825,Lahore,Punjab,Pakistan,,,
3fa2fc97-3d38-5181-adc8-9a6038558010,2447967852,node,amenity,fuel,,,,,,31.5482886,74.4063012,Lahore,Punjab,Pakistan,,,
55a2e396-8595-5a20-8d53-330f24907c2c,9313211944,node,place,suburb,الفیصل ٹاؤن,الفیصل ٹاؤن,Al-Faisal Town,,,31.5489338,74.4043959,Lahore,Punjab,Pakistan,,,
a3a1cac8-31c4-5ab5-a241-0f9f060b642d,12923696729,node,amenity,fast_food,GATE OF BURGERS,,,,,31.548755,74.4074625,Lahore,Punjab,Pakistan,,,
b4f5c1aa-10a9-5f71-b36a-f55888bc64fc,6184184774,node,amenity,place_of_worship,Majid Alzizia AhalHadees,,,,,31.5452051,74.4197821,Lahore,Punjab,Pakistan,,,
55b616a1-268d-5668-97de-e9e39eb993d3,9313211941,node,place,neighbourhood,گُلدشت ٹاؤن,گلدشت ٹاؤن,Guldasht Town,,,31.5436819,74.4192021,Lahore,Punjab,Pakistan,,,
5336d453-7d79-5934-b059-a455ca953dea,2447967849,node,amenity,fuel,,,,,,31.5458965,74.4161363,Lahore,Punjab,Pakistan,,,
72a41dd5-8595-5c86-89d8-fc6b01958db8,5190390725,node,amenity,cafe,گلوریا جینز,گلوریا جینز,Gloria Jean's,,,31.5402744,74.4239131,Lahore,Punjab,Pakistan,گلوریا جینز,,
01c5d1d1-0028-5ffa-a03a-80e28e3e0cf0,9313233690,node,place,village,گُجر پُورہ,گُجر پورہ,Gujjar Pura,,,31.54443,74.4242956,Lahore,Punjab,Pakistan,,,
a6945848-fb97-5328-ad54-070d5f0e6f03,822652039,way,aeroway,aerodrome,علامہ اقبال انٹرنیشنل ائیرپورٹ‎,علامہ اقبال بین الاقوامی ہوائی اڈا‎,Allama Iqbal International Airport,,,31.5195167,74.4016738,Lahore,Punjab,Pakistan,,پاکستان سول ایوی ایشن اتھارٹی,Q60879
8ea4747d-7800-5326-a90a-02a019b6e210,1018637557,way,place,neighbourhood,حسنین آباد,حسنین آباد,,,,31.5185413,74.360654,Lahore,Punjab,Pakistan,,,
ab152100-f3a8-5a9a-9167-934e1a08371b,220584467,way,leisure,park,Walton Community Park,,,,,31.4857731,74.3564358,Lahore,Punjab,Pakistan,,,
fb8f2a2e-7ca0-5c64-a6eb-08773ba2a9e9,115584365,way,leisure,park,,,,,,31.4774181,74.3686435,Lahore,Punjab,Pakistan,,,
4f2206a7-bb45-5c2d-9429-71680a6b77a4,782521821,way,leisure,park,,,,,,31.4975555,74.3506609,Lahore,Punjab,Pakistan,,,
efafd309-2c76-5cdd-a09c-87172aa7549e,618618210,way,place,suburb,Cavalry Ground,,,,,31.5016252,74.3691771,Lahore,Punjab,Pakistan,,,
5cffaf8a-451b-596c-98f3-9e70b66303f0,1018637559,way,place,neighbourhood,گُلبہار کالونی,,Gulbahar Colony,,,31.4994088,74.3594277,Lahore,Punjab,Pakistan,,,
51987baf-feb8-53be-8680-a9f437588f57,544727703,way,amenity,food_court,Shawarma Hot Spot,,,,,31.4991768,74.3667095,Lahore,Punjab,Pakistan,,,
0c39deee-8417-5f46-b3f3-b426473d5e4a,1370267678,way,landuse,residential,,,,,,31.4944293,74.3701396,Lahore,Punjab,Pakistan,,,
16cd40af-2be8-5b15-8d3e-6caf48b9f1e2,795034033,way,amenity,bank,HBL Bank,ایچ بی ایل پاکستان,HBL Bank,,,31.4756653,74.3794107,Lahore,Punjab,Pakistan,HBL Bank,,
efd3d523-9748-5f1c-8cbf-2d686eda5414,795034034,way,amenity,bank,,,,,,31.4755674,74.3790898,Lahore,Punjab,Pakistan,,,
f151eb8f-5e70-5645-89a1-fafa560f6df8,795166457,way,leisure,park,,,,,,31.4785611,74.3814732,Lahore,Punjab,Pakistan,,,
2093a8e6-f3a4-54ee-b65e-47b245a9531a,797922450,way,leisure,park,,,,,,31.4786296,74.3780276,Lahore,Punjab,Pakistan,,,
8e439fe5-54f6-59ba-bde0-cde2518d0eab,164226047,way,shop,beauty,Melee,,,,,31.4856673,74.3767634,Lahore,Punjab,Pakistan,,,
6440af0a-3c2c-5f0b-b0bc-f572651eac16,164142416,way,landuse,cemetery,Christian Graveyard,,,,,31.4857097,74.3746659,Lahore,Punjab,Pakistan,,,
760bd036-a1e1-5fd1-8847-964a28ad6843,164158151,way,amenity,place_of_worship,Masjid Dar Us Salam,,,,,31.4856038,74.3749232,Lahore,Punjab,Pakistan,,,
2dd7977c-d225-5bc6-9633-04114e89952e,164328665,way,amenity,place_of_worship,Jamia Masjid Anwaar e Madeena,,,,,31.4859381,74.3792677,Lahore,Punjab,Pakistan,,,
c6663137-ae30-5d1d-8360-b9df40d770ed,551843631,way,leisure,park,,,,,,31.47948,74.3842574,Lahore,Punjab,Pakistan,,,
4cbd9904-570d-532d-8582-08a5b6ad7813,681551818,way,landuse,residential,,,,,,31.4773113,74.38793,Lahore,Punjab,Pakistan,,,
c051df0d-54f2-53a6-93c1-804e6e851e08,544741399,way,amenity,place_of_worship,K-Block Masjid,,,,,31.4762925,74.3926963,Lahore,Punjab,Pakistan,,,
28f89ff3-81ff-5d9a-84c7-73b86a1ecef2,541864746,way,leisure,stadium,DHA Wild Bears Rugby Stadium,,,,,31.4834354,74.3967409,Lahore,Punjab,Pakistan,,,
44b9a3df-0b7b-5c12-bc2d-850ef3eade1c,544729630,way,amenity,parking,National Hospital Parking Lot,,,,,31.4845347,74.3963391,Lahore,Punjab,Pakistan,,National Hospital,
2d57c208-437e-5439-867e-524404425ce5,544741398,way,leisure,park,باغ,باغ,Park,,,31.4804136,74.3910347,Lahore,Punjab,Pakistan,,,
4b1ce861-d3a3-51f7-99d5-1623935bc3d8,544759410,way,shop,electronics,Faisal Khan Electric Store,,,,,31.4827602,74.3965065,Lahore,Punjab,Pakistan,,,
93596abc-5c6b-542f-93cd-ecb73c36d271,544762976,way,amenity,parking,,,,,,31.4823435,74.3962904,Lahore,Punjab,Pakistan,,,
60d9111a-ece7-5180-aa3a-3c8e66f53947,544763657,way,amenity,restaurant,Cravea,,,,,31.482712,74.3965498,Lahore,Punjab,Pakistan,,,
281d1a15-bf30-5257-969d-a01c9626a91d,327001586,way,leisure,park,,,,,,31.486512,74.3887497,Lahore,Punjab,Pakistan,,,
23f4a450-4f01-55f7-a45e-5acd6dd44004,327001587,way,leisure,park,,,,,,31.4849425,74.3908498,Lahore,Punjab,Pakistan,,,
a631cbe7-779e-5fd0-8c83-0b06a8501e25,544734600,way,amenity,bank,The Bank of Punjab,,,,,31.4835052,74.3957261,Lahore,Punjab,Pakistan,,,
c566e8ac-4a2a-5922-b8a4-3d0738eb1c38,544734601,way,amenity,fuel,شیل,شیل,Shell,,,31.4836691,74.3929715,Lahore,Punjab,Pakistan,شیل,,
18f59766-b61a-55f5-8876-a0d6dc9a03b2,544737149,way,amenity,place_of_worship,Allah-o-Akbar Mosque,,,,,31.4830064,74.3925217,Lahore,Punjab,Pakistan,,,
d9389676-d174-5b5e-bdf4-674b5d6a8ed8,544737150,way,amenity,parking,,,,,,31.4820737,74.3954313,Lahore,Punjab,Pakistan,,,
46bc6627-cb41-55eb-8e0a-2426d3345c7c,544749783,way,shop,electronics,Etech Store,,,,,31.4834401,74.3957966,Lahore,Punjab,Pakistan,,,
5107b8b2-25a5-55e3-b806-756981d7205c,544749784,way,office,estate_agent,Bravo Estate,,,,,31.483378,74.3958639,Lahore,Punjab,Pakistan,,,
fe31921c-6324-5d7d-9605-522759316df4,544754428,way,shop,department_store,Al-Fatah Store,,,,,31.4830072,74.3962539,Lahore,Punjab,Pakistan,,,
3dc8a39b-7d0f-5da1-86bb-c9e1c29bf435,544759397,way,shop,clothes,ENGINE,,,,,31.4829323,74.396338,Lahore,Punjab,Pakistan,,,
218865b4-a619-5061-a48a-8e4393d033f3,544944884,way,shop,shoes,Hush Puppies,,,,,31.4827233,74.3959733,Lahore,Punjab,Pakistan,,,
c3056e16-d536-538f-9859-cf586f07b52b,544944891,way,shop,bakery,Gourmet Bakery,,,,,31.4826888,74.3957923,Lahore,Punjab,Pakistan,,,
336506c1-c2ef-542a-91b8-188d4674d7f7,544944894,way,amenity,restaurant,Kababjees,,,,,31.4828113,74.3956603,Lahore,Punjab,Pakistan,,,
77dbee17-9d79-5815-ac04-35d153a1fefe,544944896,way,amenity,restaurant,Premiere Restaurant & Event Hall,,,,,31.482879,74.3955919,Lahore,Punjab,Pakistan,,,
25af11ce-ce34-5d29-a017-585b050dc715,544945243,way,shop,bakery,Bread & Beyond,,,,,31.483277,74.3954002,Lahore,Punjab,Pakistan,,,
9fb36b2c-265d-5ba5-a715-5fbf27602d97,544946332,way,shop,books,Kitabistan Book Store,,,,,31.4830344,74.3956482,Lahore,Punjab,Pakistan,,,
31c3e58c-358d-589e-8631-8a4bb88965ad,544946885,way,amenity,restaurant,The New York Gyro,,,,,31.4828393,74.3958487,Lahore,Punjab,Pakistan,,,
b5234b71-81bd-590d-9358-eb98adeec956,544950769,way,amenity,restaurant,Tandoor Restaurant,,,,,31.4820481,74.3959972,Lahore,Punjab,Pakistan,,,
a753a74c-3aa4-5034-954e-9230ca8fddab,544950771,way,amenity,restaurant,Fazal-E-Haq Dera Restaurant,,,,,31.4821794,74.3958396,Lahore,Punjab,Pakistan,,,
6a1913a2-1567-5d9a-bf8e-eccf9889a296,544955361,way,amenity,restaurant,What'a Paratha,,,,,31.4823673,74.3956538,Lahore,Punjab,Pakistan,,,
532817d3-0ff8-51f9-9fd1-91cdddb73d97,544955362,way,amenity,restaurant,Ravi Family Restaurant,,,,,31.4824845,74.3955299,Lahore,Punjab,Pakistan,,,
7c3bef3e-8cec-55d6-befd-b80a0a21e79c,544955364,way,amenity,restaurant,Cock and Bull,,,,,31.4819873,74.3959166,Lahore,Punjab,Pakistan,,,
e85cc351-928d-50aa-9df1-299075fb57c7,544978064,way,shop,department_store,Alflah Mart,,,,,31.4821368,74.3957579,Lahore,Punjab,Pakistan,,,
69d92fd2-54aa-5cd2-aac9-75b5b86dcac0,544978067,way,amenity,fast_food,Italian Express,,,,,31.4822306,74.3956647,Lahore,Punjab,Pakistan,,,
157fcbb6-f360-5432-afe8-88dee4371ba6,544978069,way,amenity,fast_food,Nama Burger,,,,,31.4822647,74.3956281,Lahore,Punjab,Pakistan,,,
0c814e9c-a377-56c1-814c-ff2e98d56cda,544978823,way,shop,chemist,Moon Medical Store,,,,,31.4822963,74.3955951,Lahore,Punjab,Pakistan,,,
2bd39bb8-307c-57fd-9a18-bc5a4d9346c4,544982538,way,healthcare,pharmacy,Trust Medical Store,,,,,31.4825594,74.3950593,Lahore,Punjab,Pakistan,,,
734a25a8-df44-5e68-845e-6d2a6852cbaf,544982541,way,shop,electronics,General Electric Store,,,,,31.4825725,74.394931,Lahore,Punjab,Pakistan,,,
b5d0ae44-c6e6-55a5-8274-1037b2f1ddf9,544984487,way,shop,clothes,Bella Kids,,,,,31.4825052,74.3943315,Lahore,Punjab,Pakistan,,,
1024cd16-2ddc-5947-9fbe-afbaa0de417b,544984489,way,healthcare,pharmacy,Pakistan Pharmacy,,,,,31.4828555,74.3947938,Lahore,Punjab,Pakistan,,,
8daa0f73-e390-5ccc-91ac-3aefef95f314,544984490,way,shop,computer,WiseTech Computer,,,,,31.4829074,74.3948612,Lahore,Punjab,Pakistan,,,
08445777-c689-5aef-aa2c-801a37dc4c69,544987917,way,shop,clothes,Kids Planet,,,,,31.4829224,74.394332,Lahore,Punjab,Pakistan,,,
69e305fd-7bba-5c64-8717-76d1d70399c5,544987918,way,shop,department_store,Europa Store,,,,,31.4830349,74.3944801,Lahore,Punjab,Pakistan,,,
47bbe331-6785-50d7-aa7d-c0d95b48a048,544998242,way,amenity,bank,بینک اسلامی,بینک اسلامی,Bank Islami,,,31.4834563,74.3950217,Lahore,Punjab,Pakistan,بینک اسلامی,بینک اسلامی,
6ef3fcd6-4c32-51f1-bf9e-e124989c93fb,544999402,way,shop,clothes,My Choice,,,,,31.4836185,74.3952466,Lahore,Punjab,Pakistan,,,
a4f62a64-e8f2-5156-b6b8-d53325fd4fae,544999403,way,shop,shoes,Reef Land Collection,,,,,31.4836734,74.3953193,Lahore,Punjab,Pakistan,,,
da95e270-4ccb-5015-9662-33a90cf8261c,545000876,way,amenity,fast_food,Kings & Queens Pizza Parlour,,,,,31.4837798,74.3954677,Lahore,Punjab,Pakistan,,,
5a1aef57-1692-5e1f-8368-f20b0df318b4,545000878,way,shop,computer,iStore,,,,,31.4838879,74.3956143,Lahore,Punjab,Pakistan,,,
cd5ccfa4-2f86-5137-acb4-ae1b1e22ce8c,545003800,way,shop,clothes,Adorable Fabrics,,,,,31.4835639,74.3949132,Lahore,Punjab,Pakistan,,,
ad74f53e-6e81-5423-b61c-8b1026c018bd,545003803,way,shop,clothes,Al Saleem Silk Center,,,,,31.483515,74.3948469,Lahore,Punjab,Pakistan,,,
2eb680f2-803d-55ab-81ff-b13e3383502d,545003806,way,office,estate_agent,F1 Properties,,,,,31.4834683,74.3947842,Lahore,Punjab,Pakistan,,,
8bb18214-f119-5f5c-8248-2e8d3f7b6d50,545147436,way,amenity,parking,,,,,,31.4841839,74.39432,Lahore,Punjab,Pakistan,,,
28dfe4bc-d5ee-5ee4-b397-7fb2c447b6af,545151787,way,amenity,restaurant,Al-Minaal Arabian Cafe,,,,,31.483366,74.3938787,Lahore,Punjab,Pakistan,,,
bcf5bb35-4fe3-5667-ba31-203feb0ba017,545158236,way,amenity,fast_food,Pizza Time,,,,,31.4833111,74.393809,Lahore,Punjab,Pakistan,,,
9c5eae7d-56fc-51f0-a675-678f1e8c0d0c,545161754,way,amenity,restaurant,Al-Noor Restaurant,,,,,31.4835883,74.3944198,Lahore,Punjab,Pakistan,,,
32f0bedd-5891-502c-b341-b42f5e0f9e30,545161756,way,shop,clothes,Twinkle Collections,,,,,31.4834104,74.3942043,Lahore,Punjab,Pakistan,,,
f734d10a-1d18-50b8-acce-d9b167f40920,545161757,way,shop,clothes,Brandz Hub,,,,,31.4833123,74.3940585,Lahore,Punjab,Pakistan,,,
4f8fc321-10d8-5275-863f-cb5cb8547696,545163906,way,shop,clothes,Peru's,,,,,31.4830877,74.3942961,Lahore,Punjab,Pakistan,,,
8a9a1e40-795d-5e73-9b12-5acc5631dd3f,545163907,way,shop,clothes,veezo verpali,,,,,31.4830307,74.3942198,Lahore,Punjab,Pakistan,,,
9bb2101b-99b1-5683-91c4-1cef95df76c5,545229113,way,shop,clothes,Zebaish,,,,,31.4836795,74.3945493,Lahore,Punjab,Pakistan,,,
1a67fefc-2624-55f3-b5f8-cade9240c4c1,545229114,way,shop,clothes,Zeri & Meri Kids Store,,,,,31.4837264,74.394613,Lahore,Punjab,Pakistan,,,
935b8696-e828-56fc-ab98-ad6c7b250d84,545229115,way,amenity,bank,BIPL-G-Block-LHR,,,,,31.4837777,74.3946773,Lahore,Punjab,Pakistan,,,
94a5246e-4874-5655-8aa3-51e08408f558,545229116,way,shop,clothes,Jamsharee,,,,,31.4838957,74.3948277,Lahore,Punjab,Pakistan,,,
b16e4303-0998-5e75-8d7c-5d18e41bd473,545231378,way,shop,clothes,AROSHI,,,,,31.4839489,74.3948938,Lahore,Punjab,Pakistan,,,
eda82649-eae5-5af9-8373-c02d669bf274,545231379,way,shop,jewelry,MEEMO'S Accessories,,,,,31.4840011,74.3949645,Lahore,Punjab,Pakistan,,,
74120e2a-9742-53bb-a330-534abf989260,545231569,way,shop,clothes,MS Fashion House of Brand,,,,,31.4841483,74.3952056,Lahore,Punjab,Pakistan,,,
fb4423f8-273c-5630-90d1-c9b8cdc14a36,545231570,way,shop,clothes,Minnie Minors,,,,,31.4842589,74.3952237,Lahore,Punjab,Pakistan,,,
0fc38109-37dc-576f-a77d-977f253cd4f1,545240897,way,office,estate_agent,Taj Estate,,,,,31.4841118,74.3948531,Lahore,Punjab,Pakistan,,,
4501a8c9-e93c-511e-9206-5f728aa7f8d8,545240899,way,amenity,bank,National Saving Center,,,,,31.4838852,74.3945661,Lahore,Punjab,Pakistan,,,
a24407bb-4111-521e-afdc-b1b84b36a5fb,545394338,way,amenity,cafe,Books and Brew Cafe,,,,,31.4839195,74.3933597,Lahore,Punjab,Pakistan,,,
b923c554-c414-5879-ae52-d03ea9c81106,545394339,way,office,estate_agent,Rayepur Real Estate,,,,,31.4841054,74.3934103,Lahore,Punjab,Pakistan,,,
29bf7543-9d7d-5fe9-be41-fae532844a53,545395163,way,amenity,fast_food,The Zawak Pizza,,,,,31.4845483,74.3935678,Lahore,Punjab,Pakistan,,,
ad721226-a31c-50e0-ab59-94a0af6675ed,545395165,way,office,estate_agent,Al-Fateh Estate Centre,,,,,31.4846811,74.393785,Lahore,Punjab,Pakistan,,,
fe450d52-342f-51c4-a596-4e68960f7a71,545395166,way,office,estate_agent,Bhatti Brothers Real Estate,,,,,31.4844408,74.3937118,Lahore,Punjab,Pakistan,,,
7e248d7a-8008-5fee-a00b-538aac2cad55,545409578,way,healthcare,clinic,Jugnu Dar Ul Basarat,جگنو دار البصرت,,,,31.4842832,74.3936688,Lahore,Punjab,Pakistan,,,
5d450c41-4ef0-5bb4-98b2-f48ce0ab8fec,545409580,way,office,estate_agent,Askari Estates,,,,,31.4840508,74.3928634,Lahore,Punjab,Pakistan,,,
811b6eaf-8c3d-5624-9ada-b1e61fb8dbb5,545450989,way,amenity,bank,میزان بینک,میزان بینک,Meezan Bank,,,31.4842147,74.3929197,Lahore,Punjab,Pakistan,میزان بینک,,
e1bb9423-5c4c-54e3-9f15-bbd2399b4bc6,545450992,way,shop,department_store,Bismillah Store,,,,,31.4843636,74.3929679,Lahore,Punjab,Pakistan,,,
2643672a-ee55-5411-850d-f7a53a5f3394,545450996,way,leisure,fitness_centre,Ranai Wellness Club,,,,,31.4843865,74.3931652,Lahore,Punjab,Pakistan,,,
2cb9c0e8-73ba-5da8-af06-e39b653b164d,545994886,way,healthcare,dentist,Rabbani & Rabbani Dental Expressions,,,,,31.4847071,74.3920583,Lahore,Punjab,Pakistan,,,
df1771e1-3a40-57fc-86f5-c3066cf1d68b,545994887,way,healthcare,pharmacy,Rana Pharmacy,,,,,31.4847245,74.3917738,Lahore,Punjab,Pakistan,,,
d346756c-624a-5843-bfa6-a80dda4b74ba,545994888,way,shop,mobile_phone,Mobile Hub,,,,,31.48474,74.3914435,Lahore,Punjab,Pakistan,,,
d5c3ef65-948f-5537-8616-da7c3492d7b0,545994889,way,amenity,fast_food,Burger Justice,,,,,31.4847436,74.3913679,Lahore,Punjab,Pakistan,,,
d0f3e137-d220-5f6b-9a3b-ee57d61d8239,545994891,way,shop,beauty,Anam Beauty Bar,,,,,31.4848279,74.3914602,Lahore,Punjab,Pakistan,,,
770f6692-806e-59b7-91ce-089a49c66c9c,545997599,way,amenity,parking,,,,,,31.4847165,74.3926474,Lahore,Punjab,Pakistan,,,
aeaae749-bc8d-56a4-a18b-2e040631c57a,545997601,way,shop,clothes,Lawrencepur,,,,,31.4851133,74.3916356,Lahore,Punjab,Pakistan,,,
fb6ac29a-4819-5b2e-9597-e0f3a3872246,545997603,way,healthcare,pharmacy,Baig Pharmacy,,,,,31.4853075,74.3913527,Lahore,Punjab,Pakistan,,,
5f9af58d-6f7e-55dc-9cd7-b152e2656c65,546092293,way,office,estate_agent,Chohan Estate,,,,,31.4834431,74.3930936,Lahore,Punjab,Pakistan,,,
a63aa1c9-2d99-5da0-ac0f-15628acf9925,546092297,way,amenity,bank,United Bank Limited (UBL Ameen),,,,,31.483378,74.3931595,Lahore,Punjab,Pakistan,,,
ddc0e597-ac99-58f7-a769-72c08dd6957d,546092299,way,amenity,bank,سمٹ بینک,سمٹ بینک,Summit Bank,,,31.4833196,74.3932176,Lahore,Punjab,Pakistan,سمٹ بینک,سمٹ بینک,
27925a4b-5c64-5964-a746-34dc1d840296,546092301,way,amenity,bank,بينک الحبيب,بينک الحبيب,Bank Al Habib,,,31.4831342,74.3934033,Lahore,Punjab,Pakistan,بينک الحبيب,,
e1b80d9c-38fd-5fd2-b2f4-82b80f8443be,546092304,way,amenity,bank,بینک الفلاح,بینک الفلاح,Bank Alfalah,,,31.4830673,74.3934681,Lahore,Punjab,Pakistan,بینک الفلاح,,
81ca30c2-5735-57e8-87ef-120e521ba8e0,546092309,way,amenity,bank,دبئی اسلامی بینک,دبئی اسلامی بینک,Dubai Islamic Bank,,,31.4829376,74.3936047,Lahore,Punjab,Pakistan,دبئی اسلامی بینک,,
3b43e906-811f-5945-8ee2-430c252c6f0f,546092310,way,shop,bakery,Butt Sweets & Bakers,,,,,31.4831979,74.3933433,Lahore,Punjab,Pakistan,,,
6892c9ea-d219-5f29-8a39-304efff5b879,546092313,way,amenity,fast_food,McDonald's,مکڈونلڈز,McDonald's,,,31.48276,74.3938063,Lahore,Punjab,Pakistan,McDonald's,,
98ffb3c4-8eaa-5d4e-af42-e2826fabf15f,546092316,way,amenity,bank,Allied Bank,الائیڈ بینک,Allied Bank,,,31.482697,74.3938628,Lahore,Punjab,Pakistan,Allied Bank Limited,الائیڈ بینک لمیٹڈ,
144a4d08-25b6-5296-bb67-984955e6f3e8,546092318,way,amenity,bank,سونیری بینک,سونیری بینک,Soneri Bank,,,31.4826349,74.3939215,Lahore,Punjab,Pakistan,سونیری بینک,سونیری بینک,
405e2561-ab7a-5028-92b6-bec496c1193f,546100651,way,amenity,cafe,Planet Cafe,,,,,31.4826664,74.3941131,Lahore,Punjab,Pakistan,,,
c2203860-657e-59a9-857c-07a4718a3b36,546100652,way,shop,clothes,Orange Jeans Co,,,,,31.4827294,74.39405,Lahore,Punjab,Pakistan,,,
3f8434b5-b243-5b33-b376-781ae57fada9,546100653,way,shop,clothes,GRAVITY,,,,,31.4829237,74.3938564,Lahore,Punjab,Pakistan,,,
31bd00f4-464e-5e07-a6f8-b2ed5ffd3711,546100654,way,shop,clothes,Ismails,,,,,31.4830333,74.3937248,Lahore,Punjab,Pakistan,,,
4f8d8c71-d60f-5c62-bd2b-d0330e9989db,546100655,way,shop,clothes,Diners,,,,,31.4830977,74.3936591,Lahore,Punjab,Pakistan,,,
7333ef8f-c0e0-517d-996f-c71e1d6729de,546100656,way,amenity,bank,First Women Bank Ltd,,,,,31.4834152,74.3933477,Lahore,Punjab,Pakistan,,,
83227a78-7bf6-580e-8953-efccaa7aa371,546259422,way,amenity,bank,HBL Pakistan,,,,,31.4823656,74.3941767,Lahore,Punjab,Pakistan,,,
8e633f6a-f140-53df-9f60-7116f6248d29,546259423,way,amenity,bank,اسٹینڈرڈ چارٹرڈ,اسٹینڈرڈ چارٹرڈ,Standard Chartered,,,31.4823092,74.3942358,Lahore,Punjab,Pakistan,اسٹینڈرڈ چارٹرڈ,اسٹینڈرڈ چارٹرڈ,
58be3642-2bf0-5a0d-b1b4-a0e23fb45525,546259424,way,amenity,bank,فیصل بینک,فیصل بینک,Faysal Bank,,,31.4822535,74.3942923,Lahore,Punjab,Pakistan,فیصل بینک,,
7f16e49d-a325-570e-9266-27c440b5e646,546259425,way,amenity,bank,Burj Bank Limited,,,,,31.482192,74.394356,Lahore,Punjab,Pakistan,,,
c7e2d98c-1528-5b7a-915b-9c99591270b2,546259426,way,amenity,bank,Al Baraka Bank,,,,,31.4821316,74.3944176,Lahore,Punjab,Pakistan,,,
18f84d01-55f9-587e-9cb1-0b2e9e6ed211,546267331,way,shop,clothes,Shirt & Tie Shop,,,,,31.4819549,74.394556,Lahore,Punjab,Pakistan,,,
450dec55-3949-53b7-a02f-b7b71f31386b,546267332,way,shop,shoes,Urban Sole,,,,,31.4818934,74.3946181,Lahore,Punjab,Pakistan,,,
7adc10b5-685b-5dee-8c1a-bbc78f4c9092,1148007641,way,amenity,fast_food,KFC,کے ایف سی,KFC,Kentucky Fried Chicken,,31.4812403,74.395809,Lahore,Punjab,Pakistan,KFC,,
22ebf4af-2486-5a28-9c2a-209c13edaf5c,1135035273,way,amenity,place_of_worship,The Salvation Army Church Korey,,,,,31.4880228,74.3730106,Lahore,Punjab,Pakistan,,,
713b50af-37b5-59c2-8514-f7e0b3e6bcd7,164287502,way,amenity,restaurant,Kashi Resturant,,,,,31.4885669,74.3796084,Lahore,Punjab,Pakistan,,,
f1e5d8e1-9dee-5abc-a55e-59a9975693bf,164328661,way,shop,convenience,Bread & Butter,,,,,31.4876536,74.3780922,Lahore,Punjab,Pakistan,,,
7e4ececb-fcba-5cc5-a417-a3362c92e071,699859058,way,amenity,restaurant,Burger Bar,,,,,31.4881659,74.3819803,Lahore,Punjab,Pakistan,,,
fcf26000-7d6c-5b1b-917f-bad3c1af47db,699859060,way,healthcare,hospital,Aadil Hospital,عادل ہسپتال,,,,31.4890813,74.3802132,Lahore,Punjab,Pakistan,,,
88216ef8-62a4-578e-b4bd-45ca9547e93d,699859788,way,amenity,place_of_worship,Masjid Toheed,,,,,31.4918094,74.3784002,Lahore,Punjab,Pakistan,,,
e2cbeac3-061c-5c1a-92fa-1f498cea12b5,699389018,way,office,government,Walton Cantonment Board,,,,,31.4997651,74.3832424,Lahore,Punjab,Pakistan,,,
1ff09d10-e278-5f86-8823-2f3613a56ad6,699562697,way,shop,bakery,Gourmet,,,,,31.4919473,74.3872132,Lahore,Punjab,Pakistan,,,
ab1ba6ee-3914-53f8-b909-f48e78f2a6e7,699562698,way,amenity,place_of_worship,NB Masjid,,,,,31.4920079,74.3876573,Lahore,Punjab,Pakistan,,,
7512ee13-dae0-5fec-bbda-b0f36e1f9dac,699562699,way,amenity,bank,میزان بینک,میزان بینک,Meezan Bank,,,31.4928765,74.3873344,Lahore,Punjab,Pakistan,میزان بینک,,
e47fcc7d-a611-5ed8-b3bb-e76d7edd468b,699822598,way,shop,shoes,Servis Shoes,,,,,31.4910827,74.3872039,Lahore,Punjab,Pakistan,,,
462d7214-9d80-51ce-b43c-d068d13bd197,699827811,way,leisure,park,,,,,,31.4915967,74.3847198,Lahore,Punjab,Pakistan,,,
4996e8cb-3f83-5a56-9b22-bd82666a2c25,1135038796,way,amenity,place_of_worship,The Salvation Army Church Nishat Colony,,,,,31.4890532,74.3926107,Lahore,Punjab,Pakistan,,,
41db7885-841e-5cb3-a1d5-60b4c52fce9c,699827809,way,amenity,place_of_worship,Askari 8 Masjid,,,,,31.4933645,74.3851698,Lahore,Punjab,Pakistan,,,
1c7319f2-e9f1-5247-8c09-1dffc19362f5,699827810,way,leisure,park,,,,,,31.4932756,74.3855836,Lahore,Punjab,Pakistan,,,
95c0d853-39d7-5a94-97e4-a0622df69d86,27618536,way,leisure,park,Nishat Park,,,,,31.4953201,74.386023,Lahore,Punjab,Pakistan,,,
f4168c08-2a12-5b73-ae2f-e2854fe7e5ea,699372585,way,amenity,place_of_worship,Masjid Zakreya,,,,,31.4962104,74.3853901,Lahore,Punjab,Pakistan,,,
f2115a86-0709-5f44-af0b-96af29af6ccf,699372586,way,amenity,place_of_worship,Bab-ul-ilm Imam Bargah,,,,,31.4966422,74.3876501,Lahore,Punjab,Pakistan,,,
c5d6121c-cdd4-5263-a4f7-b3e94211107d,699559914,way,amenity,place_of_worship,Masjid-e-Hayat,,,,,31.4950602,74.3882744,Lahore,Punjab,Pakistan,,,
9baf5206-e7f6-5850-80df-a718625378b7,699559915,way,shop,bakery,Rahat Bakerrs & Departmental Store,,,,,31.4947462,74.3873622,Lahore,Punjab,Pakistan,,,
5fbe6c0b-c9ca-5a26-bbbf-8e3ac39cc810,699560795,way,amenity,place_of_worship,Jammia Masjid Rehmania Ghosia,,,,,31.4952884,74.3894045,Lahore,Punjab,Pakistan,,,
2c8313bf-7546-5f59-8640-ffc7dfd56c9b,699562702,way,amenity,restaurant,Al-Nakeeb Naan Shop,,,,,31.4942105,74.3887203,Lahore,Punjab,Pakistan,,,
400897d4-2fde-5154-9b8d-b665164a0de9,699562703,way,shop,electronics,Star Electronics,,,,,31.4941993,74.3885427,Lahore,Punjab,Pakistan,,,
38c34a46-3c8b-588a-8fc0-4f7a82ed38e7,699562705,way,amenity,restaurant,Spice n Bite,,,,,31.4942564,74.3872875,Lahore,Punjab,Pakistan,,,
7ccebc5e-6e4b-5cbe-8618-4374a58b89a0,1137863933,way,landuse,commercial,Milad Chowk,,,,,31.495072,74.3952962,Lahore,Punjab,Pakistan,,,
fc21458c-0bf6-5a86-b6fd-420b7c2f3322,800804307,way,leisure,park,,,,,,31.505972,74.3552972,Lahore,Punjab,Pakistan,,,
c258a510-4065-53bf-9c9c-d89f75a9698a,1344894178,way,leisure,park,Aizar Ground,,,,,31.5043965,74.3523973,Lahore,Punjab,Pakistan,,,
3afeb368-11fb-5662-aeb1-bbcfa008ff61,363567969,way,leisure,park,,,,,,31.5132913,74.3555708,Lahore,Punjab,Pakistan,,,
17bb1eec-492f-5ce6-a079-8122991f2d66,363567970,way,leisure,park,Ghalib Market,,,,,31.5128091,74.3544228,Lahore,Punjab,Pakistan,,,
7daf795a-128c-5810-a902-690f948afda0,795537063,way,amenity,fuel,ٹوٹل,ٹوٹل,Total,,,31.5089999,74.3505538,Lahore,Punjab,Pakistan,طوطال,ٹوٹل پارکو,
09e097e1-469f-5755-9fc9-11fd61bf8b68,799622268,way,shop,furniture,Heaven Furniture,,,,,31.5077588,74.3505346,Lahore,Punjab,Pakistan,,,
ac47e6f7-9da1-5726-b454-ff758f8ee631,905256565,way,landuse,commercial,Ghalib Market,,,,,31.5127841,74.3542459,Lahore,Punjab,Pakistan,,,
0efc5270-caeb-552c-a72e-bb66e0af0390,795537054,way,leisure,park,Public Garden,,,,,31.511301,74.3527786,Lahore,Punjab,Pakistan,,,
908e8eeb-e6cb-54b8-9653-617a723a0f04,795537062,way,amenity,fast_food,ہارڈیز,ہارڈیز,Hardee's,,,31.5095218,74.3508681,Lahore,Punjab,Pakistan,ہارڈیز,,
b90bf8d6-a96c-5931-99d5-711018a0055c,884708098,way,amenity,place_of_worship,Shane islam,,,,,31.5088286,74.3536021,Lahore,Punjab,Pakistan,,,
58078c8f-df38-5f43-9bfb-48bd0e33995d,543667105,way,amenity,bank,ایم سی بی بینک,ایم سی بی بینک,MCB Bank,,,31.5018706,74.3625576,Lahore,Punjab,Pakistan,ایم سی بی بینک,,
c95fa5e1-4b70-594c-bfbd-ebab612e88b4,543676557,way,healthcare,dentist,Cavalry Dental Clinic,,,,,31.5019712,74.3618487,Lahore,Punjab,Pakistan,,,
28ada899-5ef2-5bda-a464-97967b8b2858,544743984,way,tourism,hotel,Express Hotel Lahore,,,,,31.5014295,74.3615215,Lahore,Punjab,Pakistan,,,
506c4102-95cd-5939-83b2-fba0fe3af2ac,544744011,way,tourism,hotel,British Hotel,,,,,31.5013913,74.362728,Lahore,Punjab,Pakistan,,,
3919c63e-71b6-5c19-8ab2-d070c5239005,544744017,way,office,company,Thinclicks,,,,,31.5013886,74.3629177,Lahore,Punjab,Pakistan,,,
6cb1aef1-8c08-5a10-8e9a-c43464eb8279,544744026,way,amenity,bank,بینک الفلاح,بینک الفلاح,Bank Alfalah,,,31.50138,74.3635272,Lahore,Punjab,Pakistan,بینک الفلاح,,
a0b35054-d94a-5ca0-9fb5-7f48f13b8fb3,292894228,way,leisure,park,Cavalry Ground Park,,,,,31.5006838,74.3666393,Lahore,Punjab,Pakistan,,,
88502363-8021-5436-a7d6-44740d1ef3c7,542239575,way,landuse,commercial,Moon Banarsi,,,,,31.5018368,74.3674214,Lahore,Punjab,Pakistan,,,
fcd86e22-f705-5520-b9c3-a56279254e42,542239697,way,amenity,bank,فیصل بینک,فیصل بینک,Faysal Bank,,,31.5018373,74.3672743,Lahore,Punjab,Pakistan,فیصل بینک,,
9dc46089-ee6b-565f-8e94-5412e1114b94,542240035,way,amenity,bank,جے ایس بینک,جے ایس بینک,JS Bank,,,31.5018381,74.3671599,Lahore,Punjab,Pakistan,جے ایس بینک,جے ایس بینک,
990c6f15-40a5-5075-9081-93792e776604,542243482,way,amenity,bank,ایچ بی ایل پاکستان,ایچ بی ایل پاکستان,Habib Bank Limited,,,31.5018728,74.3660604,Lahore,Punjab,Pakistan,ایچ بی ایل پاکستان,,
a1d9425d-51a0-57e8-a437-4ac489f1a2a1,543670857,way,amenity,bank,SIEC,,,,,31.5018649,74.3642893,Lahore,Punjab,Pakistan,,,
a53914b2-dc66-511a-b642-2d7ac6a11d82,543670864,way,amenity,bank,عسکری بینک,عسکری بینک,Askari Bank,,,31.5018379,74.3650984,Lahore,Punjab,Pakistan,عسکری بینک,,
b6beaa0f-663c-5f73-9e03-629e14e43787,543678856,way,amenity,bank,Al Baraka Bank Cavalry Ground,,,,,31.5018734,74.3658361,Lahore,Punjab,Pakistan,,,
85239621-4c51-504e-8887-9dc00c711959,544743904,way,shop,bakery,Gourmet Bakers & Sweets,,,,,31.5013013,74.366164,Lahore,Punjab,Pakistan,,,
9c8ae379-b445-58b1-8fe2-5589030b2522,544743914,way,shop,bakery,Shezan Bakers & Confectioners,,,,,31.5012963,74.3662815,Lahore,Punjab,Pakistan,,,
a1d92f57-1e6c-5fee-8700-48d8b6da1d2a,544743929,way,amenity,bank,Faisal Bank Barkat,,,,,31.5012466,74.366849,Lahore,Punjab,Pakistan,,,
125e87dc-40ce-5ff7-aa9c-ddba107cb068,544743934,way,amenity,bank,دبئی اسلامی بینک,دبئی اسلامی بینک,Dubai Islamic Bank,,,31.5012778,74.3669614,Lahore,Punjab,Pakistan,دبئی اسلامی بینک,,
6647812c-bcc3-5bc4-830e-fe19d0a5fa2d,544743938,way,amenity,bank,سونیری بینک,سونیری بینک,Soneri Bank,,,31.5013033,74.3671021,Lahore,Punjab,Pakistan,سونیری بینک,سونیری بینک,
420eee21-0329-5c6b-9d0b-bdaaddfed361,544743960,way,amenity,bank,Bank Of Punjab,,,,,31.5013076,74.365873,Lahore,Punjab,Pakistan,,,
08d73e37-c4d7-5913-b853-b795ad9e99fa,544744053,way,tourism,hotel,,,,,,31.5013646,74.3640029,Lahore,Punjab,Pakistan,,,
c58256f9-8d89-5b36-a847-7c86eb3b1820,544744063,way,amenity,bank,الائیڈ بینک,الائیڈ بینک,Allied Bank,,,31.5013529,74.3643387,Lahore,Punjab,Pakistan,الائیڈ بینک,الائیڈ بینک لمیٹڈ,
ed0ba1d7-7276-5814-9af9-3010def137a6,544744073,way,amenity,restaurant,Libas-e-Khas,,,,,31.5013476,74.3646241,Lahore,Punjab,Pakistan,,,
ede5eae0-0d58-5af4-8f14-cd9a171eadda,607872347,way,place,neighbourhood,Officers Colony,,,,,31.5041143,74.3729706,Lahore,Punjab,Pakistan,,,
4eed5a93-27a8-5159-99b6-5fbb4463b37f,905256566,way,leisure,sports_centre,LDA Sports Complex,,,,,31.5124644,74.3586812,Lahore,Punjab,Pakistan,,,
c4c1040c-1701-5f27-a6a7-26205390bf7c,1018637558,way,place,neighbourhood,سلطان پارک,,Sultan Park,,,31.506443,74.359976,Lahore,Punjab,Pakistan,,,
b7c09808-b731-57ec-96fa-d7593592d03b,905256567,way,landuse,commercial,Medical Store Depot Punjab,,,,,31.5108665,74.3585724,Lahore,Punjab,Pakistan,,,
32a654e8-389f-5588-b016-0b89b05a7f05,905256568,way,landuse,commercial,Sui Northern Gas Pipeline Limited,,,,,31.5094414,74.3584423,Lahore,Punjab,Pakistan,,,
eddd5466-d0e4-5d37-ac23-9d4e00e17010,688094298,way,amenity,place_of_worship,Masjid Askari Villas,,,,,31.5075904,74.3689679,Lahore,Punjab,Pakistan,,,
32c98efe-0193-5b38-8ced-04192866bc6f,700535668,way,amenity,restaurant,P.F. Chang's Pakistan,,,,,31.5162029,74.3514105,Lahore,Punjab,Pakistan,,,
90100d4a-282e-578b-b60c-3492ab95622f,795136470,way,shop,mall,Tenth Avenue Mall,,,,,31.519033,74.3521648,Lahore,Punjab,Pakistan,,,
0b977d69-a890-5175-a309-66723b6db71c,795163252,way,tourism,hotel,Hotel Tulip Inn,,,,,31.5176344,74.3530618,Lahore,Punjab,Pakistan,,,
05df702c-4af1-5ec2-a93d-87e0a6f8938b,795168545,way,amenity,restaurant,Tabaq Restaurant,,,,,31.5164556,74.3522603,Lahore,Punjab,Pakistan,,,
bb56e8a9-6a06-55bb-a469-3425caea4308,795168551,way,shop,mall,Pace Shopping Mall,,,,,31.5159275,74.3522268,Lahore,Punjab,Pakistan,,,
4e1602c0-8762-59d0-95d9-7456e24b1e76,795113931,way,shop,tailor,Dandy Designs,,,,,31.5219949,74.3504593,Lahore,Punjab,Pakistan,,,
51740842-29eb-5d5b-89ae-55a76ee0293d,795117467,way,amenity,bank,یونائیٹڈ بینک لمیٹڈ,یونائیٹڈ بینک لمیٹڈ,United Bank Limited,,,31.5226546,74.3505577,Lahore,Punjab,Pakistan,یونائیٹڈ بینک لمیٹڈ,,
19c01055-04c2-565b-a760-5d4e8fc08a49,795117473,way,healthcare,dentist,Family Dental Solutions - Institute of Orthodontics & Dental Cosmetics.,,,,,31.521338,74.3505687,Lahore,Punjab,Pakistan,,,
e7d99894-21ef-5517-b93a-f42e10c7be66,795128538,way,leisure,park,Doongi Ground,,,,,31.5200066,74.3527003,Lahore,Punjab,Pakistan,,,
101d6997-04ea-50e3-90a6-8b3f9b83c33a,795131235,way,amenity,bank,جے ایس بینک,جے ایس بینک,JS Bank,,,31.5194955,74.351236,Lahore,Punjab,Pakistan,جے ایس بینک,جے ایس بینک,
6dcc8546-feb7-539f-a9b6-5e6724644aef,905256561,way,landuse,industrial,پیپسی کولا فیکٹری,پیپسی کولا فیکٹری,Pepsi Cola Factory,,,31.5229529,74.3576432,Lahore,Punjab,Pakistan,,,
e0eb2850-fbad-5fcb-8780-1eda3ebca688,1012001582,way,amenity,parking,,,,,,31.519815,74.3523804,Lahore,Punjab,Pakistan,,,
e270735f-d365-5bec-848d-91372d83f5b5,1012011910,way,amenity,place_of_worship,St. Mary Church,,,,,31.5195039,74.3532807,Lahore,Punjab,Pakistan,,,
bfad158a-4912-5cda-a620-f560e66882b3,795117469,way,shop,mall,ZAKA Mall,,,,,31.5221247,74.3503285,Lahore,Punjab,Pakistan,,,
cb0f0ce1-854d-5a49-b0de-917c7fe8ddea,795117470,way,amenity,restaurant,Grab Your Meal,,,,,31.52218,74.3502364,Lahore,Punjab,Pakistan,,,
64a5cc91-2f6e-5118-8c23-e77bfd669e2d,795117479,way,leisure,park,,,,,,31.5213682,74.3501692,Lahore,Punjab,Pakistan,,,
6b9f1c71-27ea-5b46-8dd8-46a84ae7bf81,543233370,way,leisure,park,Mini Market Park,,,,,31.5209174,74.35133,Lahore,Punjab,Pakistan,,,
4d85f1d3-286a-5e45-a643-b842e05eac19,795128539,way,amenity,restaurant,Cafe Zauk,,,,,31.5203887,74.3517128,Lahore,Punjab,Pakistan,,,
ee8393db-f223-5e0e-9ee0-b068555838b7,795128540,way,amenity,restaurant,Sweet Tooth,,,,,31.5205081,74.351673,Lahore,Punjab,Pakistan,,,
eb87392d-31f6-518d-bf1b-94ca528f62bb,795128541,way,amenity,restaurant,Taipei Chinese,,,,,31.5205043,74.352013,Lahore,Punjab,Pakistan,,,
7b170d44-b6d6-525a-826c-e04bc5704fb7,795128542,way,amenity,restaurant,,,,,,31.5205188,74.3523865,Lahore,Punjab,Pakistan,,,
4569200a-f28f-56fc-bdbf-47a988e22f58,795131232,way,leisure,park,بلاک ٹی پارک,بلاک ٹی پارک,Block T Park,,,31.5207975,74.3547559,Lahore,Punjab,Pakistan,,,
8bf2b1ef-52fa-5cb0-9527-f4ffbc3eda79,1012000224,way,leisure,park,Football League Practice Ground,,,,,31.520195,74.3532105,Lahore,Punjab,Pakistan,,,
eeaa7df4-203c-5cc0-ad5e-592ee03f0bd1,1012000588,way,amenity,restaurant,Sichuan Chinese restaurant,,,,,31.5221428,74.3543737,Lahore,Punjab,Pakistan,,,
c5430937-d181-5e39-9ef9-08d65c8459dc,905256562,way,landuse,cemetery,Gulberg Cemetery,,,,,31.5175424,74.3592035,Lahore,Punjab,Pakistan,,,
f689954b-b5c7-52c0-bcf2-f6da5642f4ba,905331011,way,landuse,residential,عسکری 2,عسکری 2,Askari 2,,,31.5240844,74.3631969,Lahore,Punjab,Pakistan,,,
bc8a4520-351d-57e0-a566-60d8e1d509a4,1018637560,way,place,neighbourhood,جناح پارک,جناح پارک,Jinnah Park,,,31.522768,74.3587854,Lahore,Punjab,Pakistan,,,
a2e23cae-bef8-5355-a8b5-c57a21e2eeef,546258885,way,amenity,fuel,شیل,شیل,Shell,,,31.5211947,74.368148,Lahore,Punjab,Pakistan,شیل,,
5bbe5f98-0f87-5920-8529-ea72c2aaefdc,546258886,way,amenity,place_of_worship,Shrine of Shah Miskin,,,,,31.520338,74.3682319,Lahore,Punjab,Pakistan,,,
9474ffa1-64c4-56d0-a9e9-4299dd954a6f,905331012,way,leisure,park,پل کالونی پارک,پل کالونی پارک,Bridge Colony Park,,,31.521581,74.3647782,Lahore,Punjab,Pakistan,,,
ef4a1285-ef1b-5d91-aa5d-6128fd525aa0,544708260,way,leisure,park,,,,,,31.5020187,74.3714428,Lahore,Punjab,Pakistan,,,
1fad8569-c482-5b17-8212-7f93c54b85c2,544708264,way,amenity,fuel,پاکستان اسٹیٹ آئل,پاکستان اسٹیٹ آئل,Pakistan State Oil,,,31.5019066,74.3720898,Lahore,Punjab,Pakistan,پاکستان اسٹیٹ آئل,,
87d72c5c-9b50-50cd-8f52-d9510c4ec39b,544709110,way,amenity,cafe,Kitchen Cuisine,,,,,31.5015583,74.3739858,Lahore,Punjab,Pakistan,,,
0bc4a623-c53b-56bb-88f6-fed7cef72c36,699333320,way,amenity,restaurant,Khan Chapal Kebab House,,,,,31.5056465,74.3828664,Lahore,Punjab,Pakistan,,,
baa780ef-73ea-584c-83b6-e43b796e47bd,699333322,way,amenity,post_office,Pakistan Post,,,,,31.5054832,74.3824723,Lahore,Punjab,Pakistan,,,
6e1345b7-36f2-5cdd-9811-9909138a5dfb,699333323,way,leisure,park,Children's Park RA Bazar,,,,,31.5049631,74.3823228,Lahore,Punjab,Pakistan,,,
2d8aac4e-4f60-5934-ab70-d439c094a586,699333330,way,amenity,police,Traffic Police Office,,,,,31.5021351,74.3820691,Lahore,Punjab,Pakistan,,,
7cb80460-5a57-5ca2-b520-800247d0a9e0,699337360,way,amenity,police,RA Bazar Police Station,,,,,31.5024856,74.3821256,Lahore,Punjab,Pakistan,,,
76463224-b411-5e22-9495-ed277535a353,546258882,way,leisure,park,Polo Ground,,,,,31.5090187,74.3771176,Lahore,Punjab,Pakistan,,,
f0416eba-f415-5d71-93bb-b4229a57f331,688129664,way,leisure,park,,,,,,31.513388,74.3764436,Lahore,Punjab,Pakistan,,,
4ddec6fd-57ca-56b3-b3f2-6284d5a13b3e,688129665,way,leisure,park,,,,,,31.5133797,74.3779125,Lahore,Punjab,Pakistan,,,
93a188ed-3d5f-5ff7-8022-ad58a0c11e5a,688094300,way,leisure,park,,,,,,31.510029,74.3743812,Lahore,Punjab,Pakistan,,,
8fa8e864-a209-514d-ac41-ddb008624b07,290394826,way,shop,supermarket,CSD Supermarket,,,,,31.5035532,74.3871878,Lahore,Punjab,Pakistan,,,
59301e6c-d612-5f45-affd-5dc26cefe225,699333321,way,shop,mobile_phone,China Mobile,,,,,31.5053961,74.3837503,Lahore,Punjab,Pakistan,,,
402b3ecd-2ecc-5a7b-a231-2d46f53c3806,699342907,way,amenity,fuel,Mian Service Centre Total Petrol Pump,,,,,31.5060713,74.3861554,Lahore,Punjab,Pakistan,,,
62c07e8c-f14a-5b0b-94d8-3987b05f4cad,699369248,way,amenity,place_of_worship,Jamia Mazaharul Uloom,,,,,31.5054364,74.3848513,Lahore,Punjab,Pakistan,,,
3123c1a5-953b-5a69-a92e-da35ab684637,699369249,way,leisure,park,RA Bazaar Park,,,,,31.5047662,74.3844838,Lahore,Punjab,Pakistan,,,
6e192b14-a9ba-5f7e-b6f5-3cc3269e840d,699369250,way,leisure,park,Nadeem Football Club RA Bazaar,,,,,31.5046457,74.385136,Lahore,Punjab,Pakistan,,,
78306795-5573-5b37-b0b1-4b20b91459d4,699369252,way,tourism,hostel,Aziz Bhatti Hostel,,,,,31.5042717,74.3872578,Lahore,Punjab,Pakistan,,,
0504034d-d17a-5736-8a1d-266fda503de2,642735518,way,leisure,park,Tariq Road Park,,,,,31.5121135,74.3846024,Lahore,Punjab,Pakistan,,,
6f94e45b-2006-5c25-8b45-fe72fabbb3fb,700310299,way,leisure,park,New Mazhar Lines Family Park,,,,,31.5098169,74.3941381,Lahore,Punjab,Pakistan,,,
34cddda7-c30d-5123-b651-d25d11de6339,700310301,way,amenity,place_of_worship,New Mazhar Lines Masjid,,,,,31.508992,74.393276,Lahore,Punjab,Pakistan,,,
c180738a-1e6f-5c03-9675-24ee5599b0ab,688128510,way,leisure,park,EzGarden,,,,,31.5168629,74.3756694,Lahore,Punjab,Pakistan,,,
4a8d1355-3ac1-5a74-8a5e-5a0d1752ed66,545985267,way,amenity,restaurant,Continental Restaurant,,,,,31.5192096,74.3778712,Lahore,Punjab,Pakistan,,,
b514a492-100c-5c80-ad22-44591cecc18c,545985268,way,amenity,restaurant,DeSOM Barbecue Restaurant,,,,,31.5191193,74.3782632,Lahore,Punjab,Pakistan,,,
bedf5620-a83c-593f-95a0-a55b0d7d62fd,545985269,way,amenity,restaurant,Lahori Restaurant,,,,,31.5190986,74.3791456,Lahore,Punjab,Pakistan,,,
39f274ff-afec-5fe2-b29f-9e94065d54e8,545985274,way,amenity,restaurant,La Belle Vie,,,,,31.5184491,74.3778303,Lahore,Punjab,Pakistan,,,
cafe46bf-a255-5ff8-9f5c-fd2ff6f7a7b2,545985275,way,amenity,restaurant,Wing Lee,,,,,31.518321,74.3776343,Lahore,Punjab,Pakistan,,,
67a4e8f8-fc2d-5e2d-bd07-65aebc6d4295,546258868,way,leisure,park,PAF Stadium,,,,,31.515608,74.3799422,Lahore,Punjab,Pakistan,,,
152852a6-f366-5599-8e49-c141effb20c3,546258869,way,amenity,restaurant,PAF Officers Mess,,,,,31.5132596,74.3803822,Lahore,Punjab,Pakistan,,,
3a220348-9674-5374-9f39-0179739f091b,686592078,way,tourism,guest_house,State Guest House,,,,,31.5182607,74.3802712,Lahore,Punjab,Pakistan,,,
a97cd635-1bc1-52e2-8c90-f49a3ece1885,686592079,way,amenity,fuel,Attock Petrol Pump,,,,,31.5188828,74.3817738,Lahore,Punjab,Pakistan,,,
0a8392fc-35a7-5efb-b08f-549bfc7c9f2b,686779304,way,leisure,swimming_pool,Swimming,,,,,31.5191178,74.3786008,Lahore,Punjab,Pakistan,,,
9b5e1fb6-d3e7-5ca3-bf39-5205c564876f,686779306,way,amenity,place_of_worship,پی اے ایف مسجد,پی اے ایف مسجد,PAF Masjid,,,31.5178463,74.3820202,Lahore,Punjab,Pakistan,,,
4039cdaa-ae92-5a7c-a3b0-6939904e546c,698824023,way,leisure,park,Alpine Garden,,,,,31.5171312,74.3801105,Lahore,Punjab,Pakistan,,,
6ed3b019-3b63-586c-9ebe-1c43918f617b,642735526,way,landuse,commercial,PAF Market,,,,,31.5196082,74.3817956,Lahore,Punjab,Pakistan,,,
7a1e2f94-7fae-5a08-9f6c-7a55e8e09761,688129667,way,leisure,park,,,,,,31.5157387,74.3770914,Lahore,Punjab,Pakistan,,,
e2f1d923-2009-5a96-b7c3-fd1f04b8774c,688088543,way,amenity,place_of_worship,مسجد محبوبیہ,مسجد محبوبیہ,Masjid Mehboobia,,,31.5219118,74.3760326,Lahore,Punjab,Pakistan,,,
21e21cc9-06c2-5e92-a371-f7a1c62e6a9d,688088547,way,amenity,place_of_worship,Masjid Nusratul Islam,,,,,31.5219265,74.3722936,Lahore,Punjab,Pakistan,,,
2f90a752-7609-5e3e-83ad-6b3946cc6fc0,689583867,way,office,government,نادرا,نادرا,NADRA,,,31.5227751,74.3759843,Lahore,Punjab,Pakistan,,,
67313554-34db-5c85-8282-5ef3ce336b57,689584287,way,amenity,police,Cantt Police Station,,,,,31.5257936,74.3759668,Lahore,Punjab,Pakistan,,,
d13ab0fd-4280-53ed-a73a-f1407463ba3b,316700016,way,leisure,park,Lahore Cantonment Board Park,,,,,31.5210834,74.3806073,Lahore,Punjab,Pakistan,,,
5d45cca3-4548-53f4-83ca-16f1f5820feb,545985277,way,amenity,place_of_worship,"St. Mary Magdalene Church, 1857",,,,,31.5207381,74.3789355,Lahore,Punjab,Pakistan,,,
4c7bf944-393c-502a-a1ca-8dcade5ea78c,546258850,way,shop,supermarket,CB Plaza,,,,,31.5216838,74.3789358,Lahore,Punjab,Pakistan,,,
d7e6fe6c-425b-566d-829d-94dfda55546c,546258856,way,amenity,food_court,Pan Shop & Cold Corner,,,,,31.5211683,74.3801021,Lahore,Punjab,Pakistan,,,
39b650fd-5162-5bc6-a44a-f15bad56b668,546258859,way,amenity,food_court,Kitchen Cuisine,,,,,31.5209193,74.3803208,Lahore,Punjab,Pakistan,,,
1a8c4431-21d1-5613-83aa-bf374cb27aaf,546258860,way,amenity,bank,الائیڈ بینک,الائیڈ بینک,Allied Bank,,,31.5199531,74.3817965,Lahore,Punjab,Pakistan,الائیڈ بینک,الائیڈ بینک لمیٹڈ,
6732be4c-b878-5afc-91de-de46a9cffad4,686577883,way,tourism,guest_house,PTCL Guest House Lahore,,,,,31.5223004,74.3811151,Lahore,Punjab,Pakistan,,,
794c13c5-19db-54da-bc50-018a9858e148,686577885,way,amenity,fuel,پاکستان اسٹیٹ آئل,پاکستان اسٹیٹ آئل,Pakistan State Oil,,,31.5223825,74.3796372,Lahore,Punjab,Pakistan,پاکستان اسٹیٹ آئل,,
e0b2b1d8-f5ef-506b-8feb-15acbde64d37,686592096,way,tourism,guest_house,Army Aviation Mess,,,,,31.5207133,74.3826413,Lahore,Punjab,Pakistan,,,
f72482f8-c9f8-5bfa-b0bc-20172cbaee2b,686592736,way,amenity,post_office,Cantt GPO,,,,,31.5252195,74.3823512,Lahore,Punjab,Pakistan,,,
12355ca1-3dae-5bdd-92d4-487a09b2f147,686779300,way,shop,bakery,Kitchen Cuisine,,,,,31.520683,74.3805628,Lahore,Punjab,Pakistan,,,
2af17893-fa30-5091-bda0-4db1a8f7e87c,686779301,way,leisure,park,Mobilink Theme Park & Flower Market,,,,,31.5200522,74.3811695,Lahore,Punjab,Pakistan,,,
79448cc6-4374-5952-a772-dba79b027459,686779303,way,amenity,bank,National Bank of Pakistan (NBP),,,,,31.5216808,74.3784909,Lahore,Punjab,Pakistan,,,
7b82037b-73c9-5dfa-8428-da2d5e077995,698824027,way,amenity,place_of_worship,,,,,,31.5133096,74.3857394,Lahore,Punjab,Pakistan,,,
1ff3281e-f82c-5b8e-9d7b-2309e424a8f6,686603372,way,leisure,park,,,,,,31.5169912,74.3910121,Lahore,Punjab,Pakistan,,,
4215d8a1-2ec6-5b41-8e6b-3f42584ccdcf,687551736,way,leisure,park,,,,,,31.5151659,74.3941372,Lahore,Punjab,Pakistan,,,
afac2a58-933a-57ee-9d5d-3256d6bb9485,687551744,way,amenity,place_of_worship,Jamia Mosque Iqbal Camp,,,,,31.5159574,74.3934568,Lahore,Punjab,Pakistan,,,
78618c99-0c6c-58cc-bc1f-f7a33c17c8a5,687551745,way,shop,supermarket,Bismillah  General Store,,,,,31.515458,74.3918458,Lahore,Punjab,Pakistan,,,
f8051e87-6381-5c6c-9485-e70fcf397663,700261744,way,amenity,place_of_worship,Jamia Masjid Anwar E Madina,,,,,31.5137086,74.3940272,Lahore,Punjab,Pakistan,,,
059b09c9-864f-584c-953a-85ff4e8a9c25,238993707,way,aeroway,terminal,,,,,,31.5218617,74.3900935,Lahore,Punjab,Pakistan,,,
2b77c3aa-ae9c-5736-9288-e2f8398c765c,546258863,way,tourism,guest_house,FFC Guest House Lahore,,,,,31.5202354,74.3872645,Lahore,Punjab,Pakistan,,,
1bcc7961-3396-5cc7-89d9-b841fcd6e8b6,686592095,way,tourism,guest_house,Walton Guest Rooms,,,,,31.5202895,74.3840337,Lahore,Punjab,Pakistan,,,
e45535b0-7714-59d0-9e65-7d0b0949fea5,686592737,way,amenity,place_of_worship,Jamia Masjid Zarar aka Sher Khan Masjid,,,,,31.525015,74.3836913,Lahore,Punjab,Pakistan,,,
441e09ee-ec2a-50ed-9aae-7ca6afd0d389,946426169,way,amenity,parking,,,,,,31.5222778,74.3893672,Lahore,Punjab,Pakistan,,,
e44f05f8-3343-5840-be44-8c7ea2d384de,238993545,way,aeroway,terminal,,,,,,31.5219588,74.3905959,Lahore,Punjab,Pakistan,,,
5c2a13f0-7b71-519b-b663-0477845fcf5e,238993549,way,aeroway,terminal,,,,,,31.5215857,74.3903004,Lahore,Punjab,Pakistan,,,
8ef44932-2aa0-53c4-af0e-b91c2fb446ad,543629666,way,amenity,fuel,DEFENCE SERVICE CENTRE- Total Petrol Station,,,,,31.4758904,74.4008874,Lahore,Punjab,Pakistan,,,
48a74521-5fc5-5c35-86b7-77f32694de7b,544946688,way,amenity,bank,alBaraka Bank,,,,,31.4752444,74.4004906,Lahore,Punjab,Pakistan,,,
543271ea-3725-5e94-94ec-24d327623f7e,544946689,way,amenity,bank,الائیڈ بینک لمیٹڈ,الائیڈ بینک لمیٹڈ,ABL,,,31.4751836,74.400549,Lahore,Punjab,Pakistan,الائیڈ بینک لمیٹڈ,,
aa56af81-14c0-54f9-99c2-747880407730,683342204,way,shop,mall,Haly Tower DHA,,,,,31.4754244,74.4014853,Lahore,Punjab,Pakistan,,,
e007683a-fb1f-5f2a-85d8-18fb8598a5fd,684349640,way,amenity,parking,,,,,,31.4752068,74.4023141,Lahore,Punjab,Pakistan,,,
33caad21-839f-5dc8-b26a-945fb6b4f926,543630641,way,leisure,park,,,,,,31.4780283,74.4084384,Lahore,Punjab,Pakistan,,,
8f79801e-f5b3-55b1-be56-a64de8a354d4,543630642,way,amenity,place_of_worship,V Block Sector Mosque,,,,,31.4779581,74.4083121,Lahore,Punjab,Pakistan,,,
05fdad67-e7e3-53af-b180-71aa9ec5d3bb,543670524,way,shop,mall,Divine One,,,,,31.4852147,74.4095533,Lahore,Punjab,Pakistan,,,
cd7e22a0-9c02-5871-8cd4-a175fb72aeff,800732712,way,amenity,restaurant,,,,,,31.4808702,74.4030072,Lahore,Punjab,Pakistan,,,
67a8794e-a001-50c7-b085-df5c2c8bb0b8,1147543771,way,place,suburb,Real Cottages,,,,"Real Cottages, Gated Community",31.4871028,74.4089737,Lahore,Punjab,Pakistan,,,
f9af8144-a437-54bc-be33-7cc4f8b50f29,544728039,way,leisure,park,M-Block Park,,,,,31.4837718,74.4003178,Lahore,Punjab,Pakistan,,,
b4757348-8179-59c8-82d7-44799a8d9e9b,232146491,way,leisure,park,,,,,,31.5102697,74.4149579,Lahore,Punjab,Pakistan,,,
1088f82d-71a8-554a-8a43-a42920790e71,543663508,way,leisure,park,,,,,,31.4819038,74.4070569,Lahore,Punjab,Pakistan,,,
1dc4ff37-8a2c-5bdd-aac6-900d7fc135d9,543663510,way,leisure,park,Tank Park Q block no 2,,,,,31.4814315,74.4087491,Lahore,Punjab,Pakistan,,,
e98a7fe4-4578-5988-9e61-1a4f1ceb894a,543663512,way,amenity,place_of_worship,Q Block Mosque,,,,,31.4815913,74.4092371,Lahore,Punjab,Pakistan,,,
80f223b3-97de-5574-8492-d4a6d9cf019f,543663520,way,amenity,bank,Meezan Bank,میزان بینک,Meezan Bank,,,31.4839859,74.4080907,Lahore,Punjab,Pakistan,Meezan Bank,,
09b782e6-58f4-5cfb-8e11-90c8a8e199fd,543668794,way,shop,supermarket,The Organic Shop,,,,,31.4843454,74.4083367,Lahore,Punjab,Pakistan,,,
84acf80d-5ee9-5e16-ba3e-a195ef3676e4,543668795,way,amenity,fast_food,Potato Den,,,,,31.4845499,74.4086145,Lahore,Punjab,Pakistan,,,
d4b96e72-bcbd-5272-bd12-c8e838152355,683292797,way,shop,furniture,Alpha Design Studio,,,,,31.4834788,74.409424,Lahore,Punjab,Pakistan,,,
c67c6332-60f3-5621-83b9-64ae1b28dd40,683292800,way,amenity,bank,Bank Of Punjab(Islamic Banking Branch),,,,,31.4835907,74.4084914,Lahore,Punjab,Pakistan,,,
77514d80-4337-5255-be9b-08b8a7a6dad4,683292801,way,healthcare,pharmacy,Clinix Pharmacy (Defence Branch),,,,,31.4836651,74.4075103,Lahore,Punjab,Pakistan,,,
6e196bf0-777d-5092-a4fd-3060137b93fc,683322086,way,amenity,restaurant,iMOB,,,,,31.4829324,74.4065505,Lahore,Punjab,Pakistan,,,
7cd9fc4c-023f-5ce5-9121-f54ba9ab4878,683333317,way,amenity,fuel,پاکستان اسٹیٹ آئل,پاکستان اسٹیٹ آئل,PSO,,,31.4815177,74.4051721,Lahore,Punjab,Pakistan,پاکستان اسٹیٹ آئل,,
b631dd6a-c84f-5dec-bd13-0218ed3dd28a,800732701,way,leisure,park,,,,,,31.4815818,74.4038365,Lahore,Punjab,Pakistan,,,
0e083da4-15f9-5e27-90ae-a5d3cd06762c,1147544479,way,shop,mall,Avenue Mall,,,,,31.4853139,74.4085128,Lahore,Punjab,Pakistan,,,
1313188d-2798-5c53-ac90-5fe095d4fbfe,543631742,way,leisure,park,V Park,,,,,31.4781111,74.4122109,Lahore,Punjab,Pakistan,,,
40821eeb-f86c-5b0a-8c26-68847c914024,544947232,way,amenity,restaurant,Italian Pizza Lahore,,,,,31.4788158,74.415811,Lahore,Punjab,Pakistan,,,
9d213afa-6ac1-5787-8f3d-08c832106542,544947537,way,amenity,place_of_worship,جامع مسجد,جامع مسجد,Jamia Masjid,,,31.4765465,74.4156228,Lahore,Punjab,Pakistan,,,
b7fcbf64-40ea-5dc8-bf68-d34986d81e7b,544985694,way,shop,car_repair,Al-Makkah Auto Workshop,,,,,31.4774264,74.4131096,Lahore,Punjab,Pakistan,,,
0baac465-c651-5fbf-b89b-eda022e571fe,544986021,way,healthcare,pharmacy,Hafiz Medicle and General Store,,,,,31.4778866,74.4132348,Lahore,Punjab,Pakistan,,,
a0a7c99a-f9e0-5044-ba71-0742b17dd9b3,544947103,way,amenity,place_of_worship,"Masjid Rahimia, Alfalah Town.",,,,,31.4787431,74.4172741,Lahore,Punjab,Pakistan,,,
48ea4219-795d-53e8-b4c0-126e9d23b136,545977990,way,leisure,park,,,,,,31.4792377,74.4202752,Lahore,Punjab,Pakistan,,,
0e2f4052-bf64-5ce7-86a7-68b15d9f8079,545982169,way,shop,car_repair,Gulfaam Auto,,,,,31.4762836,74.4189111,Lahore,Punjab,Pakistan,,,
aa3603c5-a305-5df0-9395-e42e360571ff,542244027,way,healthcare,pharmacy,Rafique Sons Pharmacy,,,,,31.4857832,74.416185,Lahore,Punjab,Pakistan,,,
78acb97f-602d-55c5-95e2-f7b673a1dd02,544945242,way,amenity,place_of_worship,Society Mosque,,,,,31.4803008,74.4208077,Lahore,Punjab,Pakistan,,,
845da376-b2b7-5f38-9dff-cb2a668319d9,544946308,way,leisure,park,Children Park,,,,,31.480225,74.4210748,Lahore,Punjab,Pakistan,,,
f06f4ced-1714-537e-81d4-62638bf736cc,544983064,way,amenity,townhall,Shadi halll,,,,,31.4805055,74.4154365,Lahore,Punjab,Pakistan,,,
a7da4495-1f37-544c-8a05-8eaee49eea78,544984184,way,amenity,place_of_worship,جامع مسجد فیضان جمال مصطفی,,,,,31.4817126,74.4161951,Lahore,Punjab,Pakistan,,,
5399f205-9dee-5575-84dc-72e4ad2c056a,685212567,way,leisure,park,,,,,,31.4852723,74.4158403,Lahore,Punjab,Pakistan,,,
ab6c7e3c-e4d3-57d9-8742-ce53afbfc75e,543626260,way,healthcare,clinic,Farzana Clinic,فرزانہ کلینک,,,,31.4860406,74.4144156,Lahore,Punjab,Pakistan,,,
b903162a-c5e1-5021-b1ff-e56c1e0c6884,543663516,way,leisure,park,Q Park,,,,,31.4812395,74.410307,Lahore,Punjab,Pakistan,,,
4901a105-c080-5e3a-8716-cc41cec30a73,544473103,way,amenity,restaurant,Brio Burger & Pizza,,,,,31.4806242,74.4118955,Lahore,Punjab,Pakistan,,,
4ec241fa-c1aa-50c1-a37b-eb2985b23b7e,544473104,way,amenity,place_of_worship,Jamia Masjid Gulshan E Madina,,,,,31.4834375,74.4123632,Lahore,Punjab,Pakistan,,,
fed40c92-8e89-5328-a5f6-f3c858d615ba,544473105,way,amenity,restaurant,Shah Farooq Nazir Restaurant,,,,,31.4836966,74.4108772,Lahore,Punjab,Pakistan,,,
7a26e3c2-d6d6-5f3e-b79c-50ffd02c4cc0,544473107,way,amenity,place_of_worship,Babar Shaheed Masjid,,,,,31.4852603,74.4113681,Lahore,Punjab,Pakistan,,,
c7b9cb72-0f7f-52f4-afaa-0f7ad9f7bc22,544473108,way,amenity,place_of_worship,Jamia Masjid Bilal,,,,,31.483877,74.4155948,Lahore,Punjab,Pakistan,,,
2f8cd6ab-c722-58e9-8d67-cbf770820d2b,544473116,way,healthcare,clinic,Nazar Homeo Herbal clinic,نذر ہومیو ہربل کلینک,,,,31.4858769,74.4125983,Lahore,Punjab,Pakistan,,,
98fa260b-49aa-5b52-99b0-d996472956d9,683289185,way,amenity,place_of_worship,Jamia Masjid Noor,,,,,31.4853314,74.4148895,Lahore,Punjab,Pakistan,,,
3bd3b4b3-a888-5830-b3bf-5a852afc83ea,685353642,way,leisure,park,,,,,,31.4860277,74.4118107,Lahore,Punjab,Pakistan,,,
872b439f-cc57-542a-959a-21609ddf8a70,542244025,way,amenity,restaurant,Students Cafe,,,,,31.4857204,74.4164789,Lahore,Punjab,Pakistan,,,
0f59e7d2-6ac5-5b95-839a-e2d69c9a3b50,544698463,way,shop,supermarket,Tayyeba Super Store,,,,,31.482814,74.4217994,Lahore,Punjab,Pakistan,,,
dada5bbc-36a4-570b-8861-d39f7c19b47f,544698669,way,amenity,place_of_worship,jamia masjid darya e rehmat,,,,,31.4834185,74.4219617,Lahore,Punjab,Pakistan,,,
945eb179-fa8c-58b6-9877-5e1c3814b026,544698793,way,shop,bakery,Luqman Sweets and Bakers Store,,,,,31.4832896,74.4204406,Lahore,Punjab,Pakistan,,,
57e84ca9-342b-5616-9fd0-32b5ae30124f,544699081,way,shop,car_repair,Mulla Ashraf Tractor Workshop And Generator Works,,,,,31.4840793,74.4199514,Lahore,Punjab,Pakistan,,,
da4c5bcd-4c50-5dce-ba0e-07f4e9597a59,544699428,way,amenity,place_of_worship,جامع مسجد,جامع مسجد,Jamia Masjid,,,31.4850238,74.4193059,Lahore,Punjab,Pakistan,,,
08288530-adea-5b55-a78f-1f99caf9b5ff,544700214,way,shop,stationery,Attari Stationers,,,,,31.485191,74.4212936,Lahore,Punjab,Pakistan,,,
e21755ac-6d97-53ad-949c-3ebe1d89a41c,544945781,way,leisure,park,Children Park Alfalah Town,,,,,31.481438,74.4188008,Lahore,Punjab,Pakistan,,,
9640d9a9-5116-5949-9a14-d6d2aa65aad0,544984702,way,shop,car_repair,Bawa Auto Workshop,,,,,31.4817504,74.4164293,Lahore,Punjab,Pakistan,,,
0f989d52-bf13-5269-8051-a801a832adca,544988247,way,amenity,townhall,Crystal Palace Marriage Hall,,,,,31.482476,74.4203943,Lahore,Punjab,Pakistan,,,
52f4e505-d6a5-5ad5-ad55-170653945df7,544988445,way,healthcare,clinic,Dr Khurshid Clinic,ڈاکٹر خورشید کلینک,,,,31.482692,74.4197291,Lahore,Punjab,Pakistan,,,
fec911cc-edf7-5331-8719-0f0ec14318c9,544988733,way,healthcare,pharmacy,Anjum medical store,,,,,31.4831632,74.4202293,Lahore,Punjab,Pakistan,,,
0ca9a68d-2b93-55f7-ad75-241e8c8108c1,290220508,way,amenity,place_of_worship,,,,,,31.4924185,74.4019007,Lahore,Punjab,Pakistan,,,
1d82c1b7-127e-5681-bcf7-6eb4a46ad261,290226612,way,amenity,place_of_worship,,,,,,31.4907933,74.4004297,Lahore,Punjab,Pakistan,,,
8d6dc0e9-55e9-538d-82bd-70fc5ad06bd3,544709784,way,amenity,place_of_worship,Jamia Masjid N-Block Phase.1,,,,,31.4874876,74.3992916,Lahore,Punjab,Pakistan,,,
a596440e-d783-5329-8f38-71614edf0c57,290227002,way,amenity,place_of_worship,Darbar,,,,,31.4916554,74.4040457,Lahore,Punjab,Pakistan,,,
d32ad39d-778e-58ed-99e9-e5d583b8b5c2,544709783,way,leisure,park,P Block Park,,,,,31.4877372,74.4037099,Lahore,Punjab,Pakistan,,,
f0e62750-609d-54e4-aae9-86b624e0f3e6,683288175,way,landuse,commercial,Aziz Market,,,,,31.4911769,74.4088967,Lahore,Punjab,Pakistan,,,
048837d7-6f4b-552f-a521-77a183579c66,683288176,way,amenity,place_of_worship,Jamia Masjid Madina,,,,,31.492635,74.4088119,Lahore,Punjab,Pakistan,,,
37b5e277-b64b-533d-a0b8-7f97605a8160,683288178,way,amenity,restaurant,DATA,,,,,31.4922623,74.4079723,Lahore,Punjab,Pakistan,,,
a5ed68a1-72b5-5fab-abd4-850142a73861,290158411,way,amenity,place_of_worship,Masjid Ghausiya Hanfiya,,,,,31.4997064,74.4094272,Lahore,Punjab,Pakistan,,,
2107d5db-2a63-5e32-8736-555a75d17f02,290175190,way,shop,convenience,Mini Market,,,,,31.4998739,74.4087543,Lahore,Punjab,Pakistan,,,
d4f7d5ea-1cec-5d3e-a3f8-3d71b8d3dc11,974632044,way,place,suburb,Ali Park,علی پارک,,,,31.5002331,74.4090544,Lahore,Punjab,Pakistan,,,
522559ef-12d9-55c0-8b36-d42f020287c1,290227742,way,amenity,place_of_worship,,,,,,31.4940628,74.4005973,Lahore,Punjab,Pakistan,,,
63f95753-5ad2-5540-8371-aee5b16d9457,683333496,way,leisure,fitness_centre,Flex Gym,,,,,31.4954609,74.402389,Lahore,Punjab,Pakistan,,,
8394917a-4c15-5aff-85cf-d48e9c63d7ed,290173848,way,amenity,place_of_worship,,,,,,31.4968731,74.4042314,Lahore,Punjab,Pakistan,,,
83d905eb-a585-57cd-be91-a7c142147742,290176793,way,amenity,place_of_worship,Jamia Jelania,,,,,31.4971277,74.4085234,Lahore,Punjab,Pakistan,,,
303b427d-33c5-5fcd-a3f8-a520e38ef17d,290220504,way,amenity,place_of_worship,,,,,,31.494308,74.4042743,Lahore,Punjab,Pakistan,,,
4dd8d06e-4100-5aab-902a-0b2c4553a5c9,683288180,way,shop,stationery,Junaid Book Depot,,,,,31.4938669,74.4061981,Lahore,Punjab,Pakistan,,,
31a1d69d-7d36-56d8-8455-8554bc4c236a,683311181,way,shop,bakery,Gourmet Bakers,,,,,31.4948429,74.4032081,Lahore,Punjab,Pakistan,,,
34dd483e-264d-5acf-8cdc-59272d411263,683344001,way,amenity,restaurant,Baba Ji And Son Shicken Shop,,,,,31.4972373,74.4066948,Lahore,Punjab,Pakistan,,,
fdd2cd35-9e20-5a61-a1b7-0a8773f11c63,800367965,way,leisure,park,,,,,,31.4965258,74.4052506,Lahore,Punjab,Pakistan,,,
f0946b61-b016-57ab-a282-46e8a5adff69,800442080,way,leisure,park,,,,,,31.4965341,74.4060063,Lahore,Punjab,Pakistan,,,
a69e648d-e83c-5d99-9e73-cd4ccc2dc59e,800442101,way,tourism,hotel,,,,,,31.4969926,74.4066906,Lahore,Punjab,Pakistan,,,
90cc88b8-f5a7-51a1-8d24-a2885409ae49,800442107,way,leisure,park,,,,,,31.4968418,74.4067081,Lahore,Punjab,Pakistan,,,
57c5c4a0-da40-5401-8c02-c927719f3c37,290227404,way,amenity,place_of_worship,ImamBargah,,,,,31.4896547,74.4098156,Lahore,Punjab,Pakistan,,,
1b4605c4-5da9-5f43-a282-42408aa9bb0d,542205574,way,shop,department_store,Fazli Super Store,,,,,31.4912449,74.4159738,Lahore,Punjab,Pakistan,,,
1f0ef340-70ce-5dcf-851c-d00e3ec52dea,542206319,way,shop,department_store,Sohail General Store,,,,,31.4910849,74.4157875,Lahore,Punjab,Pakistan,,,
5b65bd47-15d5-5370-a1df-756d9539b538,542206582,way,shop,car_parts,Shahzad Auto,,,,,31.490946,74.415704,Lahore,Punjab,Pakistan,,,
5739ccdc-bfae-51ec-bfda-95b7561201c0,542207940,way,shop,hardware,Pak Asia Sanitary And Hardware Store,,,,,31.4902422,74.4149966,Lahore,Punjab,Pakistan,,,
008fdcf1-202d-5f09-bdb3-77e7301ff200,542208969,way,shop,car_repair,Musa Motors,,,,,31.4890545,74.4137898,Lahore,Punjab,Pakistan,,,
ea821331-be07-54b6-ab07-734563bfe37e,542209151,way,shop,car_repair,Auto Life Oil Store & Machanical Shop,,,,,31.4887388,74.4134952,Lahore,Punjab,Pakistan,,,
7652e68c-f6f6-5101-9e58-0be1c7e2f3c7,542209334,way,healthcare,pharmacy,Shaukat Khanum Laboratory Collection Centre,,,,,31.4882626,74.4130299,Lahore,Punjab,Pakistan,,,
50ec4b81-e3b3-5ec9-a2d6-da93bc26d911,542209490,way,healthcare,pharmacy,Rasheed pharmacy,,,,,31.4878985,74.4128255,Lahore,Punjab,Pakistan,,,
9305885f-0bb2-578b-a431-9d44d3851d1c,542236334,way,amenity,bank,Bank Al Habib,بينک الحبيب,Bank Al Habib,,,31.4911749,74.4153541,Lahore,Punjab,Pakistan,Bank Al Habib,,
8cc12a29-be30-5995-a2ae-fece0eb26c0b,542244264,way,shop,shoes,Bata Shoes,,,,,31.4871338,74.4126494,Lahore,Punjab,Pakistan,,,
b77bf413-58f4-5a1d-a442-1379f703a744,543622378,way,shop,fabric,Madni Fabrics Madina Market,,,,,31.4868806,74.4123817,Lahore,Punjab,Pakistan,,,
3e8e44ba-66c6-55f2-9f90-121e80419515,674391604,way,shop,bakery,New Butt Sweets & Bakers,,,,,31.4895132,74.4143835,Lahore,Punjab,Pakistan,,,
bf56a792-39fd-563c-853d-27ab5242d1a4,674391606,way,amenity,fast_food,Haji Sardar Machli Farosh,,,,,31.4880609,74.4128533,Lahore,Punjab,Pakistan,,,
230c53d4-16ef-56f8-8237-21d41d209936,542196881,way,amenity,restaurant,"Chef.S.Food, Resturant and Catering",,,,,31.4925621,74.4224303,Lahore,Punjab,Pakistan,,,
41ed5c9b-0429-5ccb-a9cb-2fa48392b5bb,542201411,way,leisure,playground,Battlefield Paintball,,,,,31.4925282,74.4183611,Lahore,Punjab,Pakistan,,,
f19e4267-8c1f-5179-ab2c-5fc7e7befc8f,542201469,way,shop,shoes,Elegant Shoes,,,,,31.4927147,74.4173499,Lahore,Punjab,Pakistan,,,
48f1eec3-40f4-55fd-a44a-c26908156f3d,542201712,way,shop,supermarket,Four Brothers Cash & Carry,,,,,31.4930189,74.4209245,Lahore,Punjab,Pakistan,,,
19daeb2f-9461-5bc8-a0ec-0a7b191518c7,542202247,way,leisure,pitch,,,,,,31.4909937,74.4212864,Lahore,Punjab,Pakistan,,,
826001aa-da75-5a32-bae7-2f99ba92d489,542203293,way,shop,shoes,Bata Shoes,,,,,31.4925218,74.4172541,Lahore,Punjab,Pakistan,,,
f1cc2050-f0d9-55a1-a97b-2bf3fb9bff4c,542204101,way,amenity,restaurant,Pranzo Cena,,,,,31.4922013,74.4168929,Lahore,Punjab,Pakistan,,,
9b7fc3b4-849a-5bf0-b4b9-2f3e5a9542c2,542207807,way,shop,department_store,Moon Value Glass,,,,,31.4909144,74.4165582,Lahore,Punjab,Pakistan,,,
f98384bc-6fa5-569c-b3c2-290e77aa1ad6,542207847,way,amenity,place_of_worship,Jamia Mosque,,,,,31.4893933,74.4188242,Lahore,Punjab,Pakistan,,,
4b1e4fb1-2d88-52d7-b89a-fdf167423baa,542226435,way,amenity,place_of_worship,Markaz Rooh ul Islam,,,,,31.4873341,74.4165741,Lahore,Punjab,Pakistan,,,
c855f073-9139-5806-acb5-22e0fe9a93e2,674384777,way,amenity,place_of_worship,Masjid Al-Khair Ahle Hadees,,,,,31.4923031,74.4216579,Lahore,Punjab,Pakistan,,,
d29ff1ff-77a0-5d7c-9e16-c975b5b5bb3d,685209726,way,shop,car_repair,LMS Garage,,,,,31.4902623,74.4223198,Lahore,Punjab,Pakistan,,,
8759f7b8-0add-51e0-b9c6-321cdce53082,685212562,way,leisure,playground,KB Society Play Ground,,,,,31.4888419,74.4201267,Lahore,Punjab,Pakistan,,,
62c65871-e519-5b6b-b0c7-1115b1bddd6b,332281602,way,natural,wood,,,,,,31.4930165,74.4132913,Lahore,Punjab,Pakistan,,,
4a599e42-1def-555d-b3a5-dfa29015d651,541327701,way,landuse,residential,,,,,,31.4969378,74.4227126,Lahore,Punjab,Pakistan,,,
85619564-6791-56ee-936c-3689efa4a5e3,541866257,way,landuse,residential,,,,,,31.4963075,74.4227322,Lahore,Punjab,Pakistan,,,
2d2696c0-d205-5ad8-b5ef-dd5081877a2a,541867870,way,landuse,residential,,,,,,31.4961829,74.4226543,Lahore,Punjab,Pakistan,,,
6d4bd018-c0ee-582f-afd8-9db737a8243b,541867874,way,landuse,residential,,,,,,31.4965863,74.4226298,Lahore,Punjab,Pakistan,,,
458fd57c-b941-5b64-b28b-bc7921640077,541867875,way,landuse,residential,,,,,,31.4966905,74.4226144,Lahore,Punjab,Pakistan,,,
e5aff31e-1bd3-56c9-8375-27c143685f29,542196696,way,shop,mall,Usman SHopping Mall,,,,,31.4932905,74.4215773,Lahore,Punjab,Pakistan,,,
8a85ad09-b2e5-5de0-ac3c-7db0c0aa99fd,542207233,way,amenity,police,Police Post Nadir Abad South Cantt,,,,,31.4906601,74.4161833,Lahore,Punjab,Pakistan,,,
704fead0-9bb4-5492-83f2-af7fdaec572d,685212543,way,amenity,restaurant,White House Hotel,,,,,31.4988278,74.422806,Lahore,Punjab,Pakistan,,,
45e6222b-a9a6-5c0a-9da5-893c4f1dae85,685215631,way,leisure,park,,,,,,31.4992259,74.4225942,Lahore,Punjab,Pakistan,,,
72022b09-5cec-5b5b-94ed-dc629d07d734,685355845,way,leisure,park,,,,,,31.4998409,74.4233037,Lahore,Punjab,Pakistan,,,
d26b488a-136b-5212-9889-5be28b9b588c,795591321,way,leisure,park,,,,,,31.4998661,74.4111111,Lahore,Punjab,Pakistan,,,
aa39631a-79ff-5734-990d-cb9372fb9922,232558337,way,leisure,park,,,,,,31.4973193,74.4104072,Lahore,Punjab,Pakistan,,,
e744963c-cc7a-5e10-877a-daf2108fb873,800386413,way,amenity,place_of_worship,Jamia Masjid Hassan,,,,,31.4986784,74.4137451,Lahore,Punjab,Pakistan,,,
0264c691-3f52-558b-bc74-add0cef239a1,800730901,way,leisure,park,,,,,,31.4967629,74.4156869,Lahore,Punjab,Pakistan,,,
d38bd0ce-7c75-5c16-a6bc-15cd73109f2d,540408547,way,shop,car_repair,Bosch Car Service,,,,,31.4956748,74.4207071,Lahore,Punjab,Pakistan,Bosch Car Service,,
c28a4a02-4b2e-556c-bece-06ed3f5935e7,540642141,way,amenity,restaurant,DHA Dhaba,,,,,31.4955831,74.4200658,Lahore,Punjab,Pakistan,,,
a7868bc6-1731-5c4b-a532-a3d465a752d4,540642709,way,office,estate_agent,Lahore Deal,,,,,31.496821,74.4214023,Lahore,Punjab,Pakistan,,,
0e46af0b-107d-5f0b-80fc-c983a31c9543,540658805,way,amenity,restaurant,Angaray Bar B Que,,,,,31.4963843,74.4205781,Lahore,Punjab,Pakistan,,,
d3679a8b-1cbe-5005-904e-1d6592a23a9c,540659513,way,shop,car_repair,Detailing Worx,,,,,31.4955993,74.4213743,Lahore,Punjab,Pakistan,,,
d3ecf13e-c792-5d14-a83d-9048b4554727,540688781,way,amenity,parking,,,,,,31.4959189,74.4222615,Lahore,Punjab,Pakistan,,Netsol Parking,
6d0bd427-1312-5167-8b65-68e16c1b1881,540928504,way,landuse,commercial,Pakistan Yoga Council,,,,,31.4956667,74.4201493,Lahore,Punjab,Pakistan,,,
2f2d0ab2-63fb-598e-82f6-890ac4526f1f,540929533,way,shop,car_repair,INH Express,,,,,31.4958779,74.4197448,Lahore,Punjab,Pakistan,,,
4a264acd-dbe2-5c09-994c-c172d180e44f,541285041,way,amenity,fuel,Byco Petrol Station,,,,,31.4945038,74.4179807,Lahore,Punjab,Pakistan,,,
69787adf-a57e-5174-a165-cd28b70cd329,541285104,way,landuse,commercial,Rajajee Banquet Halls,,,,,31.4963907,74.4194116,Lahore,Punjab,Pakistan,,,
f83df6e8-e09b-57e2-8d25-d2313bc1e11a,541289749,way,amenity,restaurant,Shehanshah Takeaway,,,,,31.497817,74.4205239,Lahore,Punjab,Pakistan,,,
5eed943a-60b3-582d-bcc5-127d2405b334,541290129,way,leisure,fitness_centre,"Moves Gym, Main Airport Lahore",,,,,31.4974023,74.4202408,Lahore,Punjab,Pakistan,,,
13d9b308-22d2-5f8b-b3a4-16dcf8826e87,541291649,way,amenity,cafe,Iceland Juice & Dry Fruits,,,,,31.4976938,74.4210121,Lahore,Punjab,Pakistan,,,
1d6b6902-54d7-5c70-ae26-2310712fce5e,541330112,way,leisure,park,NETSOL Back Lawn,,,,,31.4963502,74.4215727,Lahore,Punjab,Pakistan,,,
3a07b8f3-66c8-5e0b-b955-a7f8ef5ac32b,541330750,way,landuse,residential,,,,,,31.495796,74.4207517,Lahore,Punjab,Pakistan,,,
faa1776a-5ce9-5a76-8401-74206e8d8c9c,541816114,way,landuse,residential,,,,,,31.4955861,74.4203387,Lahore,Punjab,Pakistan,,,
0a2c3440-70fe-5b22-96f3-c0c1cae81444,541816381,way,landuse,residential,,,,,,31.4958,74.4204313,Lahore,Punjab,Pakistan,,,
182ca4d7-437b-5a84-af1f-7bc292360dc8,541821413,way,landuse,residential,,,,,,31.4962409,74.4205525,Lahore,Punjab,Pakistan,,,
a8f17e12-4fc6-5904-ad2d-78a9ab6c8bdd,541822099,way,landuse,residential,,,,,,31.4959701,74.4212021,Lahore,Punjab,Pakistan,,,
ef36dd83-5f6b-5bbd-9e00-9335709589d1,541823993,way,landuse,residential,,,,,,31.4960623,74.4206111,Lahore,Punjab,Pakistan,,,
44b7fa99-9dd6-557f-bdf3-49d55cb1827f,541824196,way,landuse,residential,,,,,,31.4965029,74.4209602,Lahore,Punjab,Pakistan,,,
eca6e0b1-cbfe-510f-b37f-e65c2a6eb5cd,541829625,way,landuse,residential,,,,,,31.4959595,74.4209434,Lahore,Punjab,Pakistan,,,
d9a1f954-731b-55ac-a71e-c93d1f4a4603,541829757,way,landuse,residential,,,,,,31.496027,74.4209553,Lahore,Punjab,Pakistan,,,
05d47bda-1082-58a5-a587-d478c1bb073a,541829824,way,landuse,residential,,,,,,31.4960451,74.4208557,Lahore,Punjab,Pakistan,,,
eb427c3a-6eff-5e6c-9a50-ec251ec3a0d1,541845724,way,landuse,residential,,,,,,31.495993,74.4203726,Lahore,Punjab,Pakistan,,,
ff33a214-0ef5-52d2-a643-3eae103517fb,541846043,way,landuse,residential,,,,,,31.4961088,74.4213042,Lahore,Punjab,Pakistan,,,
9582aa31-cf89-5ffa-8894-4a16be7ba759,541846417,way,landuse,residential,,,,,,31.4962313,74.4209988,Lahore,Punjab,Pakistan,,,
21f59aeb-72f1-5ba5-b68c-491c0090a98b,541867871,way,landuse,residential,,,,,,31.4962884,74.4223322,Lahore,Punjab,Pakistan,,,
ed209c03-8f0f-5718-90df-76523622c9b6,541867872,way,landuse,residential,,,,,,31.4964037,74.4224033,Lahore,Punjab,Pakistan,,,
c05dbaf4-c368-5f95-ac57-8ce25d2df4bc,541867873,way,landuse,residential,,,,,,31.4965106,74.4225181,Lahore,Punjab,Pakistan,,,
616e1758-4c35-541c-920b-7a379a207506,542006091,way,landuse,residential,,,,,,31.4956862,74.4210786,Lahore,Punjab,Pakistan,,,
e8d3d100-ff1f-59e3-82cb-528cf6f4c4a9,542006092,way,landuse,residential,,,,,,31.4957991,74.4213206,Lahore,Punjab,Pakistan,,,
e21c7de3-a6a0-526c-85ac-f5f05adedcbe,542006459,way,landuse,residential,,,,,,31.4963616,74.4208069,Lahore,Punjab,Pakistan,,,
308a2d28-10e4-5e92-8c78-7fb4fc829fca,542006539,way,landuse,residential,,,,,,31.4956746,74.4219068,Lahore,Punjab,Pakistan,,,
9c23e5a6-867d-5044-92bf-9e3bd1d44c99,542006584,way,landuse,residential,,,,,,31.4955473,74.4220634,Lahore,Punjab,Pakistan,,,
c92f1456-9604-5c9a-8308-9eb2074d7707,542006778,way,landuse,residential,,,,,,31.4956993,74.420354,Lahore,Punjab,Pakistan,,,
c271bbb4-f1a8-5324-8c69-1a5c5433fbeb,542011459,way,landuse,residential,,,,,,31.495703,74.421626,Lahore,Punjab,Pakistan,,,
47742f5e-847f-521b-99d5-761a718c9b76,542193064,way,amenity,bank,سونیری بینک,سونیری بینک,Soneri Bank,,,31.494216,74.4177153,Lahore,Punjab,Pakistan,سونیری بینک,سونیری بینک,
98d52645-e2be-5f0c-91f7-9eeb684792b6,542196556,way,amenity,place_of_worship,Nayab Housing Society Mosque,,,,,31.4948733,74.4224638,Lahore,Punjab,Pakistan,,,
2c7c1888-0ef4-5505-ab71-da0c4c21f558,542197325,way,shop,electronics,Zaib Electronics Lahore,,,,,31.4951208,74.4190899,Lahore,Punjab,Pakistan,,,
685d9119-5e8c-57f4-b715-7047ff0cd4fd,542197399,way,shop,clothes,Ahmed Fabrics,,,,,31.4949297,74.4189596,Lahore,Punjab,Pakistan,,,
2a101bf2-6582-55a3-b500-dcdda14acca3,542236733,way,tourism,hotel,,,,,,31.4964873,74.4187737,Lahore,Punjab,Pakistan,,,
429c3bdc-357a-5b27-82cc-a42f8c12e565,542236736,way,landuse,commercial,DHL Worldwide Service Provider,,,,,31.4969584,74.4172461,Lahore,Punjab,Pakistan,,,
80a6af0c-af83-53a6-b843-8553d047163f,542237081,way,amenity,place_of_worship,,,,,,31.4953672,74.4163438,Lahore,Punjab,Pakistan,,,
d18df4f2-2a49-513d-9c7f-2ac5ff8ed9af,550415204,way,leisure,park,,,,,,31.4936787,74.4165081,Lahore,Punjab,Pakistan,,,
9326d5d5-aaf0-56c1-90e9-ad1f68da0857,550569198,way,leisure,park,,,,,,31.4947947,74.4170577,Lahore,Punjab,Pakistan,,,
ac2a1f06-921d-5873-8809-6738e6f35ac4,550569270,way,leisure,park,,,,,,31.4948872,74.4173209,Lahore,Punjab,Pakistan,,,
efb85db3-b26f-5fe9-bdac-95a759db455b,550617810,way,leisure,park,,,,,,31.495504,74.4167571,Lahore,Punjab,Pakistan,,,
8f29b740-a13a-5121-8481-129c623e2550,674419355,way,amenity,bank,عسکری بینک,عسکری بینک,Askari Bank,,,31.4949982,74.4190112,Lahore,Punjab,Pakistan,عسکری بینک,,
321a2ce5-ae52-50ff-9571-3fde550fe00b,674420679,way,amenity,bank,BankIslami Pakistan,,,,,31.4935049,74.4180728,Lahore,Punjab,Pakistan,,,
c0b97a65-8bec-5a49-a5f5-ab994531c245,682588461,way,leisure,park,Children & Ladies Park,,,,,31.4993858,74.4187965,Lahore,Punjab,Pakistan,,,
1b6cba39-ffc0-53cb-a69d-c9d43d09d1d3,685209683,way,amenity,restaurant,chinese Hotel White House,,,,,31.4988879,74.4224653,Lahore,Punjab,Pakistan,,,
f5e94361-fd7f-5a66-93f3-93b6cc6aef1d,685355831,way,shop,car_repair,,,,,,31.4985755,74.4220437,Lahore,Punjab,Pakistan,,,
c2af167b-b7c8-5acb-b280-4e6f541de89e,685355836,way,amenity,restaurant,,,,,,31.4987834,74.4217298,Lahore,Punjab,Pakistan,,,
86f452a5-40cf-59a8-8e58-cf639d588166,685355838,way,leisure,park,,,,,,31.4990496,74.4220673,Lahore,Punjab,Pakistan,,,
7ab05801-50f5-5755-b7e1-21e09436816f,685355840,way,amenity,restaurant,,,,,,31.4989111,74.4217947,Lahore,Punjab,Pakistan,,,
e270ce67-e191-52d5-8115-f58e86ec3ab2,792199553,way,leisure,park,,,,,,31.4943156,74.4199936,Lahore,Punjab,Pakistan,,,
f91ace28-b79c-569f-beff-449a686b6612,792199554,way,leisure,park,,,,,,31.4944484,74.4196768,Lahore,Punjab,Pakistan,,,
6705f697-0a75-545f-83cb-8cb5296497bf,792515301,way,office,government,LESCO Airport,,,,,31.4940059,74.4190824,Lahore,Punjab,Pakistan,,,
d006cfe3-2287-57e0-a3b3-1435703581d2,798247397,way,tourism,hotel,Safari Hotel Airport,,,,,31.4993402,74.421522,Lahore,Punjab,Pakistan,,,
0f04fdd0-4491-53d7-ab54-ce2d3c55bedf,798247398,way,tourism,hotel,Metro Crown Hotel,,,,,31.4994006,74.4213117,Lahore,Punjab,Pakistan,,,
4b0d79a8-8dfc-5095-aacf-863e5a911412,798247399,way,tourism,hotel,Luxury Inn,,,,,31.4994599,74.4211675,Lahore,Punjab,Pakistan,,,
9634118b-0891-5d52-bcc3-d8c2fa604ab0,798356594,way,leisure,park,,,,,,31.4992308,74.419324,Lahore,Punjab,Pakistan,,,
0240d929-5ad4-55db-b271-bafb41487b72,798356600,way,landuse,commercial,,,,,,31.4987352,74.4208086,Lahore,Punjab,Pakistan,,,
0cbb56bb-9a2f-5064-a6ce-362ec595232b,799707216,way,leisure,park,,,,,,31.4975184,74.4196279,Lahore,Punjab,Pakistan,,,
ac401f6e-b2cc-55ae-9406-e8c95a278158,800666568,way,leisure,park,,,,,,31.4958018,74.418108,Lahore,Punjab,Pakistan,,,
db697c66-6db2-5f21-9a18-55319eff4f38,685622827,way,leisure,park,,,,,,31.4867937,74.4243391,Lahore,Punjab,Pakistan,,,
8dcab395-f347-53d9-a1c9-d78791a64e11,544700300,way,amenity,place_of_worship,Jamia Masjid Gulzar-e-Madina,,,,,31.4848771,74.4231415,Lahore,Punjab,Pakistan,,,
d7416532-f71b-546f-ba59-d1a7c12355fe,683334194,way,leisure,park,,,,,,31.4921199,74.4246187,Lahore,Punjab,Pakistan,,,
5865ee58-628d-5bfa-addf-b63b18ad22ed,232124333,way,leisure,park,,,,,,31.4978511,74.4247613,Lahore,Punjab,Pakistan,,,
14b17e00-a3ab-52d7-91be-43e614d7e98b,540659069,way,leisure,park,,,,,,31.4962694,74.4235076,Lahore,Punjab,Pakistan,,,
91f74ff2-710e-52a6-bdc5-669beb347772,541282682,way,shop,car_repair,Magna Tech,,,,,31.4968638,74.4232367,Lahore,Punjab,Pakistan,,,
908ee24c-1095-53b9-895d-817b318321ea,541327566,way,landuse,residential,,,,,,31.4967652,74.4234178,Lahore,Punjab,Pakistan,,,
573506d8-6ae4-5242-a620-6decb9b9e5bd,541327567,way,landuse,residential,,,,,,31.496712,74.423578,Lahore,Punjab,Pakistan,,,
502762a9-f6f8-5674-835f-a952454560bc,541328505,way,landuse,residential,,,,,,31.4968176,74.424126,Lahore,Punjab,Pakistan,,,
dba24d52-cd04-570c-8680-c209badd0b3a,541328506,way,landuse,residential,,,,,,31.496775,74.4242602,Lahore,Punjab,Pakistan,,,
17dfaebe-35c1-5737-bfc5-3cbc98e754ef,541328507,way,landuse,residential,,,,,,31.4967379,74.4244099,Lahore,Punjab,Pakistan,,,
c4a3bec5-b9fb-56be-a8b7-021595c29ef8,541330437,way,landuse,residential,,,,,,31.4959713,74.4232847,Lahore,Punjab,Pakistan,,,
2a971f4b-0e86-5107-96c7-6a9b00a6e455,541330480,way,landuse,residential,,,,,,31.496615,74.4240491,Lahore,Punjab,Pakistan,,,
c7840e3a-0d4d-5474-9e90-8d0aec231c46,541816579,way,landuse,residential,,,,,,31.4962023,74.422958,Lahore,Punjab,Pakistan,,,
70467e23-870d-51e8-ab9f-f193ca445c2a,541820035,way,landuse,residential,,,,,,31.4962222,74.4238537,Lahore,Punjab,Pakistan,,,
d78cc47f-fba9-51b5-ace4-151e8499bc78,541820123,way,landuse,residential,,,,,,31.4960478,74.4237708,Lahore,Punjab,Pakistan,,,
5b9fdd6e-5e09-5b6f-9271-c0bbfd6152e4,541821155,way,landuse,residential,,,,,,31.4964359,74.4240155,Lahore,Punjab,Pakistan,,,
41dc3666-7628-5cb2-8890-b9568143bf55,541821349,way,landuse,residential,,,,,,31.496157,74.423131,Lahore,Punjab,Pakistan,,,
11358e19-77e1-53ae-a00f-6d1c82d27752,541823747,way,landuse,residential,,,,,,31.4957912,74.4253421,Lahore,Punjab,Pakistan,,,
7c93b2b2-c745-5bde-8e5e-7e42702c6405,541829148,way,landuse,residential,,,,,,31.4958768,74.4233675,Lahore,Punjab,Pakistan,,,
708c9cab-2c4b-549e-8ebf-72804686df10,541829184,way,landuse,residential,,,,,,31.4958143,74.423481,Lahore,Punjab,Pakistan,,,
504be9e9-429a-5ac5-8c7c-e66d86259773,541830193,way,landuse,residential,,,,,,31.4963493,74.4239128,Lahore,Punjab,Pakistan,,,
0d60bf45-24e0-5d06-8bf4-e92f170af93b,541831114,way,landuse,residential,,,,,,31.49655,74.4228847,Lahore,Punjab,Pakistan,,,
a708a8da-52c8-5faf-b043-a89ade7f3e73,541853346,way,landuse,residential,,,,,,31.4954707,74.4251753,Lahore,Punjab,Pakistan,,,
77366100-3b70-5acd-9131-718c0486b982,541853485,way,landuse,residential,,,,,,31.4964249,74.4228058,Lahore,Punjab,Pakistan,,,
ee89b366-e9c3-53fc-8c29-8a37021a41c6,542006701,way,landuse,residential,,,,,,31.4964577,74.4230746,Lahore,Punjab,Pakistan,,,
ed8a3ca0-0b08-516d-9ed9-0d2e10c8054d,542006769,way,landuse,residential,,,,,,31.4965748,74.4230782,Lahore,Punjab,Pakistan,,,
7535bdb0-2267-5c7f-a1ae-254f791669e8,685355843,way,leisure,park,,,,,,31.4988558,74.4237218,Lahore,Punjab,Pakistan,,,
455a2f16-2bfc-5681-9b70-fd74c0fa2cc1,284161361,way,amenity,place_of_worship,Masgid Al Aqsa,,,,,31.5011055,74.4092985,Lahore,Punjab,Pakistan,,,
ec9a818f-9617-5863-931d-d87e56bc3a55,290174673,way,leisure,park,باغ,باغ,Park,,,31.5014442,74.4087354,Lahore,Punjab,Pakistan,,,
f3303fa4-0d98-5601-a892-f56a8c0b7910,683332060,way,amenity,food_court,Data Ali Hajveri Naan Shop,,,,,31.5014459,74.4092423,Lahore,Punjab,Pakistan,,,
f321068d-e25d-5e4f-9baf-493db117dac6,683332625,way,tourism,guest_house,Alishan house,,,,,31.5006022,74.4071729,Lahore,Punjab,Pakistan,,,
23088fdf-46a4-519d-acf8-799fe1e861c0,683335201,way,leisure,park,,,,,,31.5018078,74.408463,Lahore,Punjab,Pakistan,,,
f0089174-c748-59f6-9cf0-3d94a1760db9,683342169,way,leisure,park,,,,,,31.5036838,74.4068465,Lahore,Punjab,Pakistan,,,
b0ded0b3-ee7f-5370-bf86-c81687c3816e,793803190,way,leisure,park,,,,,,31.5038463,74.4064415,Lahore,Punjab,Pakistan,,,
f25425a7-1301-5ff2-a7a1-3f9a1d14437f,793855198,way,leisure,park,,,,,,31.5028095,74.406868,Lahore,Punjab,Pakistan,,,
82554782-4eb8-505d-bdda-5ad7e6f75f62,793855220,way,leisure,park,,,,,,31.5024928,74.4076041,Lahore,Punjab,Pakistan,,,
db42e586-d8fd-512e-b1d5-c48e6a0914cf,793855223,way,leisure,park,,,,,,31.5026371,74.4072208,Lahore,Punjab,Pakistan,,,
ffa50766-6828-5c23-aa31-40d8c16c6fef,793855252,way,leisure,park,,,,,,31.5037819,74.4074921,Lahore,Punjab,Pakistan,,,
5d37bebf-979a-5861-9f3b-28ea48243493,793855261,way,leisure,park,,,,,,31.503771,74.4085525,Lahore,Punjab,Pakistan,,,
0a7ab698-ea91-5b2c-8887-9998f7b75148,793855286,way,leisure,park,,,,,,31.502533,74.4079435,Lahore,Punjab,Pakistan,,,
b234c0c6-f078-5c02-9a26-38e9a8a07a12,793858980,way,leisure,park,,,,,,31.5023472,74.4082982,Lahore,Punjab,Pakistan,,,
007bc305-36bf-59cf-aaa2-1be1ca65036a,794334385,way,leisure,park,,,,,,31.5023418,74.4094792,Lahore,Punjab,Pakistan,,,
b064f807-1ac8-5182-a799-8ccd388264b5,794355738,way,leisure,park,,,,,,31.5022024,74.4098215,Lahore,Punjab,Pakistan,,,
78a93b6c-f066-56c8-897e-6dac2384dea0,794355748,way,leisure,park,,,,,,31.5016133,74.4095727,Lahore,Punjab,Pakistan,,,
52e21426-cb9a-57e8-97f5-d5771f11cdec,232554496,way,leisure,park,Divine Garden Park,,,,,31.5028059,74.4149983,Lahore,Punjab,Pakistan,,,
33d4a4da-93fb-50b2-82f3-e767e7568223,232554498,way,amenity,place_of_worship,جامع مسجد,جامع مسجد,Jamia Masjid,,,31.5026301,74.4139933,Lahore,Punjab,Pakistan,,,
3a478ac1-d777-5624-a9ba-70207e082717,232554510,way,leisure,park,Children Park,,,,,31.5030376,74.4111458,Lahore,Punjab,Pakistan,,,
da22509a-a1e6-5142-854d-1117c52ad1ff,232554511,way,amenity,place_of_worship,,,,,,31.5032598,74.4097649,Lahore,Punjab,Pakistan,,,
20300f1e-5181-594c-8e33-456a0260cb44,232554515,way,leisure,park,Green Circle,,,,,31.5022375,74.4119306,Lahore,Punjab,Pakistan,,,
07354226-3b8e-5d41-9407-71520e09e24f,232554516,way,leisure,park,باغ,باغ,Park,,,31.5020478,74.4118645,Lahore,Punjab,Pakistan,,,
1302189d-0400-5eae-a21b-045fb8a574c7,232554517,way,leisure,park,Grean Area,,,,,31.5017982,74.4119712,Lahore,Punjab,Pakistan,,,
8d9a93c0-d136-57bc-a3ff-3b83b23b195a,232555721,way,leisure,park,Children Park,,,,,31.5008003,74.4131649,Lahore,Punjab,Pakistan,,,
b3fecaea-c03d-5fb4-84b0-a7ecea171f61,683335203,way,leisure,park,,,,,,31.5021526,74.4102085,Lahore,Punjab,Pakistan,,,
3223c7bd-e753-503d-a009-7b13f01012c8,794334332,way,leisure,park,,,,,,31.5029629,74.4106838,Lahore,Punjab,Pakistan,,,
f05cc141-2e79-56f2-bcfb-1dc5350a51cd,794355751,way,leisure,park,,,,,,31.5018381,74.4097165,Lahore,Punjab,Pakistan,,,
c4111620-0d50-541f-92ec-a43127a9c684,794355762,way,leisure,park,,,,,,31.5018058,74.4100851,Lahore,Punjab,Pakistan,,,
e74f73bb-7f7e-5b5d-9947-a78365e52816,794902482,way,leisure,park,,,,,,31.5025835,74.4107219,Lahore,Punjab,Pakistan,,,
e0e61aa0-c8c0-5b57-81c7-f2f5808c82d9,794902494,way,leisure,park,,,,,,31.5023462,74.4108578,Lahore,Punjab,Pakistan,,,
3622b95f-00a5-5930-b6fc-f97cb8a258ef,794902505,way,leisure,park,,,,,,31.5014148,74.4104775,Lahore,Punjab,Pakistan,,,
9b5c45dc-5afd-57b1-baad-5faafadf2d4e,794902513,way,leisure,park,,,,,,31.502055,74.4109207,Lahore,Punjab,Pakistan,,,
27bf55e4-289c-5e80-a2b5-2644fdcc41b3,794902516,way,leisure,park,,,,,,31.5016825,74.4107039,Lahore,Punjab,Pakistan,,,
fa7ba354-2f2a-5df8-a2c2-ba853f5cba54,231825597,way,amenity,parking,,,,,,31.5007535,74.4203874,Lahore,Punjab,Pakistan,,,
9d8f6346-2d49-5371-b8cc-477e5b4b7217,231825598,way,landuse,commercial,,,,,,31.5011156,74.4196879,Lahore,Punjab,Pakistan,,,
0c9c78a1-d65f-5d52-bbb4-fc31d9b445bf,232556300,way,leisure,park,D.G Nursery,,,,,31.5018528,74.4183708,Lahore,Punjab,Pakistan,,,
1755a5ed-aa06-5bfd-b64c-97536dd64d5f,232556301,way,leisure,park,Green Belt,,,,,31.502123,74.4176963,Lahore,Punjab,Pakistan,,,
95e8b0b3-2818-5655-bb32-c055e7955fd4,232556302,way,leisure,park,Green Area,,,,,31.5026451,74.4181008,Lahore,Punjab,Pakistan,,,
b39a19eb-8f0c-5706-9acc-28e47de780fa,232556562,way,leisure,park,Green Belt,,,,,31.5022571,74.4187633,Lahore,Punjab,Pakistan,,,
c568b1a7-b809-5bb6-b73c-4a5b8cd098da,685394777,way,leisure,park,,,,,,31.5038525,74.4175802,Lahore,Punjab,Pakistan,,,
002e275a-9d21-578e-a717-817c16a5cf6c,685394779,way,leisure,park,,,,,,31.5041816,74.419658,Lahore,Punjab,Pakistan,,,
1f42e986-f490-5354-a8da-767c35a8a7fc,798328146,way,amenity,place_of_worship,Masjid Eden Avenue Ext.,,,,,31.5001726,74.4195226,Lahore,Punjab,Pakistan,,,
bd77792a-ddbc-5bbc-b9a2-7d170663afed,800291536,way,leisure,pitch,Tennis Court,,,,,31.500285,74.4169648,Lahore,Punjab,Pakistan,,,
3983150b-9f72-5bc3-be76-2bc5eb7c486a,232555731,way,leisure,park,I.G Park,,,,,31.5009334,74.4162425,Lahore,Punjab,Pakistan,,,
523296a0-2e97-57f1-8a61-ecdf8c39abe5,685355850,way,leisure,park,,,,,,31.5012146,74.4225005,Lahore,Punjab,Pakistan,,,
defc1a69-1e8e-5a31-83d3-21be330b1963,685614912,way,leisure,park,,,,,,31.5030934,74.4229179,Lahore,Punjab,Pakistan,,,
3c0c7854-bb92-5088-b879-c618fba57180,1056864961,way,amenity,parking,,,,,,31.5134074,74.4130593,Lahore,Punjab,Pakistan,,,
4d8cc6ff-8d85-5005-aae1-6f694fa66603,232122763,way,leisure,park,,,,,,31.5166245,74.4137728,Lahore,Punjab,Pakistan,,,
055169ec-9f61-5131-a411-2a06b9ee4d78,238994228,way,amenity,place_of_worship,,,,,,31.5178111,74.4123987,Lahore,Punjab,Pakistan,,,
5ebba3c2-fb14-56f2-868e-fd4ddabab437,231786879,way,amenity,parking,,,,,,31.5204439,74.4141456,Lahore,Punjab,Pakistan,,,
59cbeaa8-a7c7-5c43-bd79-407fa332017b,238995971,way,landuse,commercial,,,,,,31.5262995,74.413146,Lahore,Punjab,Pakistan,,,
215087fc-c564-51dd-9fdd-9001bdb43f93,371636667,way,aeroway,terminal,Lahore-Allama Iqbal international Airport (LHE),,,,,31.5205519,74.4104768,Lahore,Punjab,Pakistan,,Civil Aviation Authority (CAA),
e622ffea-ba69-52f1-afc2-b601d57942a9,946392558,way,amenity,parking,,,,,,31.5205203,74.4125864,Lahore,Punjab,Pakistan,,,
af1d3271-389a-537f-a5d6-14e3ea3cf4fd,1273123590,way,natural,wood,,,,,,31.5267332,74.4215586,Lahore,Punjab,Pakistan,,,
acde7d24-9b2a-55be-b55a-dd2bf5d08135,1273123625,way,natural,wood,,,,,,31.525135,74.4170931,Lahore,Punjab,Pakistan,,,
b9f08fcf-6fd3-5b03-aa28-35b87b4269a9,232122762,way,leisure,park,,,,,,31.5244951,74.4138481,Lahore,Punjab,Pakistan,,,
7a04f968-5f33-5350-8629-77a0fd5155c7,682585239,way,amenity,place_of_worship,Markaz Al-Hadi,,,,,31.500274,74.4229682,Lahore,Punjab,Pakistan,,,
a612d7bc-0c72-5a21-9bd7-e7e39406546c,686573127,way,amenity,restaurant,The Backyard Grill,,,,,31.5210675,74.4251087,Lahore,Punjab,Pakistan,,,
140198d6-445d-5276-9c70-c0352ad9e516,490005171,way,landuse,commercial,اسٹینڈرڈ چارٹرڈ,اسٹینڈرڈ چارٹرڈ,Standard Chartered,,,31.527913,74.3509064,Lahore,Punjab,Pakistan,اسٹینڈرڈ چارٹرڈ,اسٹینڈرڈ چارٹرڈ,
e98b3bd3-d9f5-58bc-be73-9eb9e0432f5f,492090698,way,shop,mall,Galleria,,,,,31.531809,74.3513995,Lahore,Punjab,Pakistan,,,
55cb5a92-c662-5d5c-9e81-57e2417ed5b9,905256560,way,landuse,residential,قربان لائن,قربان لائن,Qurban Line,,,31.5328689,74.3581245,Lahore,Punjab,Pakistan,,,
0a39fba8-c109-55e7-82b0-fce929c2d2a1,235253178,way,public_transport,platform,,,,,,31.5297556,74.3608213,Lahore,Punjab,Pakistan,,,
239bf0c0-5049-5d56-91ea-cc66b6c89a29,290777829,way,leisure,pitch,,,,,,31.5328748,74.366375,Lahore,Punjab,Pakistan,,,
92b05513-b257-5238-93cd-cae1ca0a8f20,607875029,way,place,neighbourhood,Napier Barracks,,,,,31.5369606,74.3730616,Lahore,Punjab,Pakistan,,,
2c82ac6a-53e4-5b28-8fcd-b3e9f68d770b,690133035,way,tourism,hostel,Boys Hostel,,,,,31.5377416,74.3702652,Lahore,Punjab,Pakistan,,,
31c50eff-7c5e-5c0c-9b78-e577c90fafd5,234239889,way,amenity,parking,,,,,,31.5348696,74.365259,Lahore,Punjab,Pakistan,,,
9266f21a-3c0b-58ba-9c54-52ad4266aa23,1174041831,way,amenity,parking,,,,,,31.5347751,74.3668693,Lahore,Punjab,Pakistan,,,
b5f98902-a689-5124-8eaf-57fe9f0166a3,290079712,way,leisure,pitch,,,,,,31.549414,74.3508808,Lahore,Punjab,Pakistan,,,
e747d5da-e414-532e-85f3-b141775bcd6b,619000089,way,place,neighbourhood,Mian Mir Sahib,,,,,31.5468781,74.3572823,Lahore,Punjab,Pakistan,,,
4e1f4bc9-2b7c-59db-b24d-fcb80edaf668,619000091,way,place,neighbourhood,اپر مال,اپر مال,Upper Mall,,,31.5460614,74.3548569,Lahore,Punjab,Pakistan,,,
3e8d55c6-aeaa-52eb-9631-422f6f6eeebd,904662426,way,amenity,place_of_worship,Shrine of Mulla Shah,,,,,31.5472155,74.3571958,Lahore,Punjab,Pakistan,,,
106d064b-1007-53f7-bc02-454342490be3,621947826,way,landuse,cemetery,Shah Muhammad Cemetery,,,,,31.5472734,74.3553528,Lahore,Punjab,Pakistan,,,
1ef5a2bd-e0ef-5c16-a771-44f2044d4c50,610917577,way,landuse,cemetery,Mian Mir Cemetery,,,,,31.546285,74.3604922,Lahore,Punjab,Pakistan,,,
1bf36d21-4977-53a1-826c-f8d8b822e513,611917066,way,place,suburb,مصطفی آباد,,Mustafabad,,Locality in Lahore previously known as Dharampura.,31.5499067,74.3660868,Lahore,Punjab,Pakistan,,,
e5303d06-5776-55a3-af14-cf0b23f23b4b,624647959,way,landuse,cemetery,European Cemetery,,,,,31.5490734,74.3686775,Lahore,Punjab,Pakistan,,,
3caee280-3301-5774-82bc-f5c8339aa418,761930868,way,healthcare,hospital,Combined Military Hospital,,,,,31.5416048,74.372053,Lahore,Punjab,Pakistan,,,
bbc81aaf-6f79-578c-a51c-a1616819f5d2,290081405,way,leisure,park,Tomb of Nadira Begum,,,,,31.5482986,74.3619462,Lahore,Punjab,Pakistan,,,
a7a06621-b483-56ea-ab40-9b977fbd4780,621947796,way,amenity,place_of_worship,Shrine of Mian Mir,,,,,31.5483648,74.3600949,Lahore,Punjab,Pakistan,,,Q39061135
c0481e68-555f-5f0a-ab17-e78c422ff734,621947815,way,landuse,cemetery,,,,,,31.5484308,74.3608183,Lahore,Punjab,Pakistan,,,
7fde079e-5d8c-5caf-9211-1aec0cf39fd0,621947828,way,amenity,place_of_worship,Shrine of Khwaja Bihari,,,,,31.5469451,74.3582791,Lahore,Punjab,Pakistan,,,
8cc3e351-23c4-537d-8247-2457eb1b5219,624649623,way,leisure,park,,,,,,31.5303877,74.3746072,Lahore,Punjab,Pakistan,,,
d43c37fe-ee57-5e8f-b3c2-be0b0bd9df29,624649624,way,leisure,park,,,,,,31.5323095,74.3711895,Lahore,Punjab,Pakistan,,,
003176af-8e2a-5825-8eff-1f473ae75538,624649626,way,leisure,park,,,,,,31.5322242,74.3735666,Lahore,Punjab,Pakistan,,,
2affb39b-615a-5c1a-bb47-1cef4bf72b2b,624649629,way,leisure,park,,,,,,31.5318971,74.3765352,Lahore,Punjab,Pakistan,,,
586c423b-384a-5c54-815f-1bf1142687f9,689587064,way,amenity,place_of_worship,مسجد قدسی,مسجد قدسی,Masjid Qudsi,,,31.5278568,74.3726435,Lahore,Punjab,Pakistan,,,
6bd7984c-97c6-5184-8b04-dd076ba2866c,689587066,way,amenity,restaurant,ذاکر ٹکا,ذاکر ٹکا,Zakir Tikka,,,31.5262849,74.3761483,Lahore,Punjab,Pakistan,,,
37399768-d982-539d-b578-206fc557a5f7,232152864,way,amenity,post_office,Cantt GPO,,,,,31.5284876,74.3824948,Lahore,Punjab,Pakistan,,,
dbbe00ee-d265-5f3f-8512-17b360f1991e,686577881,way,amenity,bank,فیصل بینک,فیصل بینک,Faysal Bank,,,31.526474,74.3801127,Lahore,Punjab,Pakistan,فیصل بینک,,
9b132ed7-3d2d-555e-bb11-7119050da1a8,689587913,way,amenity,restaurant,بابا جمال ٹکا شاپ,بابا جمال ٹکا شاپ,Baba Jamal Tikka Shop,,,31.5280779,74.3785317,Lahore,Punjab,Pakistan,,,
ca7cb298-b517-5075-9e8b-aee25f2d2cb4,689587915,way,tourism,hotel,امین ہوٹل,امین ہوٹل,Ameen Hotel,,,31.5291525,74.3770171,Lahore,Punjab,Pakistan,,,
ef04d8a2-09e8-5e28-bae3-115caeaf64dc,689588455,way,leisure,park,,,,,,31.5302413,74.379104,Lahore,Punjab,Pakistan,,,
ab5d764b-88ca-515d-a796-04c04e4e156e,689587914,way,shop,supermarket,Rahat Bakers,,,,,31.5294486,74.377,Lahore,Punjab,Pakistan,,,
fb34c46c-ab18-591e-b4fd-a671a30433fd,690136723,way,leisure,park,,,,,,31.5380847,74.3764431,Lahore,Punjab,Pakistan,,,
3beae012-d3c6-5910-94f3-25e03970870d,624649627,way,leisure,park,,,,,,31.5329395,74.3753899,Lahore,Punjab,Pakistan,,,
3f3272ec-cd23-52a1-82ae-789f85b784fd,624649630,way,leisure,park,,,,,,31.5342001,74.3735741,Lahore,Punjab,Pakistan,,,
07fdb8b7-6f58-5097-ba81-f4e39ff9a233,690133036,way,amenity,restaurant,Alamode Cafe,,,,,31.5382433,74.3715186,Lahore,Punjab,Pakistan,,,
03d9600c-2aab-59a8-a519-750b5999fa52,690136716,way,amenity,place_of_worship,Habib Road Mosque,,,,,31.5358832,74.3790015,Lahore,Punjab,Pakistan,,,
ce405f22-7a24-5b14-8c21-0ce5e119a871,690136717,way,shop,clothes,Mantiq of the Mantis,,,,,31.536866,74.377845,Lahore,Punjab,Pakistan,,,
e1b92ab9-573e-59a3-a0ae-4bb087a25f49,233360087,way,leisure,pitch,,,,,,31.5279905,74.3932962,Lahore,Punjab,Pakistan,,,
995970f2-abe8-51fa-a157-588cd9c454cc,233360088,way,leisure,pitch,,,,,,31.5283454,74.3934526,Lahore,Punjab,Pakistan,,,
9bf4ecb1-0498-5da4-bbc3-02f5888fc749,233360089,way,leisure,pitch,,,,,,31.528061,74.3928753,Lahore,Punjab,Pakistan,,,
020d1cb0-aa75-5f58-a919-d99a949c2021,233360090,way,leisure,park,,,,,,31.5283824,74.3931983,Lahore,Punjab,Pakistan,,,
ff621d6e-22f4-5572-bf73-c57763e0fdb6,234237628,way,leisure,pitch,,,,,,31.5284061,74.3918245,Lahore,Punjab,Pakistan,,,
bf603b2d-13bc-5d41-84b6-148ed1e97c37,690185022,way,amenity,place_of_worship,"Christ Church, Raiwind Diocese",,,,,31.5410866,74.3764129,Lahore,Punjab,Pakistan,,,
0d2f2eb0-7007-5fbf-a650-b0d9f45bf34d,690185029,way,leisure,park,,,,,,31.5426275,74.3755352,Lahore,Punjab,Pakistan,,,
4b477f16-0e25-5b60-b3fe-8585de51bddb,690136724,way,amenity,food_court,AMC Mess,,,,,31.5406673,74.3788328,Lahore,Punjab,Pakistan,,,
1661aedd-bb0b-5736-9b08-83ab50811bc7,690138695,way,amenity,restaurant,Food Fashion,,,,,31.5456195,74.377424,Lahore,Punjab,Pakistan,,,
bd54bf29-d36c-5af5-8945-e199c5ea0490,761929355,way,leisure,park,Goli Bagh,,,,,31.5440835,74.3782274,Lahore,Punjab,Pakistan,,,
7fdedb79-f4eb-5818-8dae-5754482c311b,761930871,way,landuse,commercial,Lahore Cantonment Board Office,,,,,31.5405782,74.3774471,Lahore,Punjab,Pakistan,,,
c3ee8ba7-b6e4-543f-90bd-fcb47eb8713d,1383726982,way,leisure,park,Badminton Court,,,,,31.5438206,74.3831301,Lahore,Punjab,Pakistan,,,
ab47ac01-bb76-5c02-9b01-e10f35442f3b,690138693,way,leisure,playground,Islamia College Playground,,,,,31.5457335,74.3790117,Lahore,Punjab,Pakistan,,,
5b3d1448-aa3a-5f79-b84c-e7f68532e165,690185010,way,amenity,bank,سمٹ بینک,سمٹ بینک,Summit Bank,,,31.5402575,74.3767965,Lahore,Punjab,Pakistan,سمٹ بینک,سمٹ بینک,
a629128b-4a1c-532e-91c1-76b8d39482ed,690185018,way,office,estate_agent,Askari Property,,,,,31.5406027,74.3767223,Lahore,Punjab,Pakistan,,,
d886d51b-1640-57bb-8783-9afafb38538e,690185020,way,amenity,bank,National Savings Center,,,,,31.5408171,74.3768333,Lahore,Punjab,Pakistan,,,
549ff2f1-38df-544d-8182-39551d53d043,690185502,way,leisure,park,Muslim Model High School,,,,,31.5452517,74.3764131,Lahore,Punjab,Pakistan,,,
eb51fe9c-7525-5934-a69e-d62c81c7e09f,690185504,way,landuse,commercial,Mian Mir Shopping Centre,,,,,31.5460063,74.3761823,Lahore,Punjab,Pakistan,,,
4718f465-93a5-5afd-8eb4-0b7bb5c38b36,761929357,way,healthcare,hospital,Safia Hanif Trust Hospital,,,,,31.5464003,74.3836538,Lahore,Punjab,Pakistan,,,
922cec71-7b2d-5cd4-9ff8-966965ba1a03,761930877,way,landuse,commercial,Cantonment Katchery,,,,,31.5455729,74.3807751,Lahore,Punjab,Pakistan,,,
3a5c7fcc-7cc4-535b-a3f3-be54689f1844,1009392566,way,place,neighbourhood,لال کُرتی,لال کرتی,Lal Kurti,,,31.543543,74.3758343,Lahore,Punjab,Pakistan,,,
f86b6261-01ac-5039-ae3e-474d1b03f2fe,1383726983,way,amenity,place_of_worship,Jamia Masjid Askari 1,,,,,31.5432969,74.3831899,Lahore,Punjab,Pakistan,,,
a882a3cb-93fc-50f5-8c8a-edd0542abb2f,1383726986,way,leisure,park,Children Playground,,,,,31.5422773,74.3834374,Lahore,Punjab,Pakistan,,,
66938890-a1f4-54e9-b8f4-07fd80dde266,380472217,way,leisure,park,Ghulam Ahmad Park,,,,,31.5489888,74.3744291,Lahore,Punjab,Pakistan,,,
f7af3a04-f752-5e28-beda-44b46f9cbfaf,690185000,way,shop,bakery,Gourmet Bakers,,,,,31.5464851,74.3797001,Lahore,Punjab,Pakistan,,,
be23214c-8dd3-54cd-bd95-07e8f07875a9,690185503,way,amenity,bank,ایچ بی ایل پاکستان,ایچ بی ایل پاکستان,Habib Bank Limited,,,31.546035,74.3769741,Lahore,Punjab,Pakistan,ایچ بی ایل پاکستان,,
d6434630-0539-51ef-8e77-36e1a1cd51b6,761929361,way,healthcare,hospital,کینٹونمنٹ بورڈ جنرل ہسپتال,,,,,31.546492,74.3824991,Lahore,Punjab,Pakistan,,,
099558d4-1438-5e59-b003-833794238fba,1383726977,way,leisure,park,Basketball Court,,,,,31.5447009,74.384426,Lahore,Punjab,Pakistan,,,
f40c31fb-a622-5170-a2dd-a747d887ebcd,1383726978,way,leisure,park,Football Ground,,,,,31.5444815,74.3849421,Lahore,Punjab,Pakistan,,,
db0f4aee-2342-538f-866b-62a5fdf52cd1,1383726981,way,leisure,park,Children Playground,,,,,31.5445687,74.3839569,Lahore,Punjab,Pakistan,,,
9113dd11-522d-52c0-befd-ec9527a1a87d,1383726985,way,leisure,park,Park,,,,,31.5455044,74.3836743,Lahore,Punjab,Pakistan,,,
6bfc7972-6bb6-5db1-9fa1-9f8608f774c8,1383726989,way,leisure,park,Park,,,,,31.5428433,74.3854465,Lahore,Punjab,Pakistan,,,
5380a99c-f32f-5827-86b5-7553da71c54b,1383726990,way,leisure,park,Children Playground,,,,,31.5447945,74.3860979,Lahore,Punjab,Pakistan,,,
849ed0bb-ac13-5f7c-a850-8b6efe638a11,232335111,way,leisure,park,,,,,,31.5450386,74.395472,Lahore,Punjab,Pakistan,,,
b4b0e961-5166-56c5-954a-192fc5d1187d,232335112,way,leisure,park,,,,,,31.5445119,74.3953444,Lahore,Punjab,Pakistan,,,
da3d18e8-b2f4-59e5-b213-b5342d8d024c,25236549,way,leisure,park,,,,,,31.5503038,74.3902941,Lahore,Punjab,Pakistan,,,
62b65d8a-337c-5790-972e-d45b0e4d4e04,232335113,way,leisure,park,,,,,,31.5447705,74.3941706,Lahore,Punjab,Pakistan,,,
b5eeacc3-0e45-5a23-a6e4-66ab5e8fafeb,232335136,way,landuse,residential,Askari-1,,,,,31.5458969,74.3939352,Lahore,Punjab,Pakistan,,,
bde20828-fbfb-593a-8b9b-4024bb1ff7ba,612411178,way,landuse,residential,پی اے ایف کالونی,پی اے ایف کالونی,PAF Colony,,,31.5512021,74.3949713,Lahore,Punjab,Pakistan,,,
00c6181a-c29f-5f87-9d5a-8e6d0b09abdd,612411179,way,place,neighbourhood,خیبر کالونی,خیبر کالونی,Khyber Colony,,,31.5515521,74.3898726,Lahore,Punjab,Pakistan,,,
a5b5137f-c616-506c-a9d0-8a45b4f2378d,761929364,way,landuse,industrial,Pakistan Railway Locomotives Shed,,,,,31.5436382,74.3883592,Lahore,Punjab,Pakistan,,,
da753e09-7258-5b61-9ead-b470e72cdb52,232335085,way,amenity,place_of_worship,,,,,,31.5473064,74.3926828,Lahore,Punjab,Pakistan,,,
a7488249-a074-5db4-add0-f2ae47004f0a,232335108,way,leisure,park,,,,,,31.5477423,74.3949134,Lahore,Punjab,Pakistan,,,
3e0fb4ea-470e-556e-a714-0d1b804796f6,232335110,way,leisure,park,,,,,,31.5483512,74.3931329,Lahore,Punjab,Pakistan,,,
2433a427-1058-572e-bb1e-bf54439cf593,232335126,way,leisure,park,,,,,,31.5465588,74.3921797,Lahore,Punjab,Pakistan,,,
8d006dd8-5ba1-5332-a2c5-a4455aaf4e75,232335128,way,leisure,park,,,,,,31.5483823,74.392397,Lahore,Punjab,Pakistan,,,
9d796e4e-b18f-5011-bce4-65e76cba4c63,232335135,way,leisure,park,,,,,,31.5481724,74.3910049,Lahore,Punjab,Pakistan,,,
dbfe9081-cea6-5ec4-97a0-5704e7a33cf5,233360084,way,amenity,parking,,,,,,31.528973,74.3996023,Lahore,Punjab,Pakistan,,,
933e5471-444a-5509-86c9-a992eabe86fd,233360085,way,aeroway,terminal,Hajj Terminal,,,,,31.529155,74.4003673,Lahore,Punjab,Pakistan,,,
d81833f2-cc4a-5f7b-86e2-3e038f0e4eff,290937637,way,leisure,park,,,,,,31.5304062,74.3988244,Lahore,Punjab,Pakistan,,,
e21ed27c-b299-5658-a8ce-e45b7f190ac1,687312838,way,leisure,pitch,Roller Skating Area,,,,,31.539217,74.4072188,Lahore,Punjab,Pakistan,,,
121061bb-7c8b-5921-864f-7ee8c602082a,687312841,way,leisure,park,,,,,,31.5357222,74.4076379,Lahore,Punjab,Pakistan,,,
5dd3b818-a29b-5fdf-a48a-6f8c18d63f82,1309440720,way,leisure,park,,,,,,31.5321228,74.3987059,Lahore,Punjab,Pakistan,,,
9e79418f-bb62-5424-8152-972744056e45,290937636,way,leisure,park,,,,,,31.533873,74.3975577,Lahore,Punjab,Pakistan,,,
3f3ff426-6beb-513c-b1fa-60594d31ab84,686571569,way,amenity,place_of_worship,Yaadgar-e-Shuhada,,,,,31.5337714,74.3978354,Lahore,Punjab,Pakistan,,,
baee0b6c-6aac-527a-ab3d-ede6c7ccba90,1309440721,way,leisure,park,,,,,,31.5337488,74.3988234,Lahore,Punjab,Pakistan,,,
d2a449ec-0174-5438-a267-c72b56f4a393,687312833,way,leisure,pitch,,,,,,31.538428,74.407173,Lahore,Punjab,Pakistan,,,
fcd0fa45-658e-5f60-b35d-f0882ab39137,687312835,way,leisure,pitch,,,,,,31.5384743,74.407448,Lahore,Punjab,Pakistan,,,
f7c57741-73ff-5fa8-909c-e979dcb983c1,686571544,way,landuse,commercial,SkyNet Worldwide Express Lahore,,,,,31.5268409,74.4125215,Lahore,Punjab,Pakistan,,,
bacd75ae-43cc-5f44-a661-17a835b0fba6,1273123626,way,leisure,pitch,,,,,,31.5297806,74.4159918,Lahore,Punjab,Pakistan,,,
0f50818f-9f7f-5c44-801e-e683fd89996b,1273116769,way,leisure,park,,,,,,31.528822,74.4207362,Lahore,Punjab,Pakistan,,,
e69e4e38-8d31-58b4-ba21-8839dd15b390,1273116771,way,leisure,pitch,,,,,,31.52698,74.4211776,Lahore,Punjab,Pakistan,,,
3885f332-e538-5112-bfea-c0b0a15de534,1273116772,way,leisure,park,,,,,,31.5271049,74.4205721,Lahore,Punjab,Pakistan,,,
99e5e0c9-0c09-5131-afeb-bdfa173a37f2,1273123589,way,leisure,fitness_centre,,,,,,31.5271918,74.4211854,Lahore,Punjab,Pakistan,,,
dfe05b75-92e7-5a2f-b69f-e90d403fdd97,1273123595,way,leisure,park,,,,,,31.5267943,74.4178359,Lahore,Punjab,Pakistan,,,
a40f6315-8858-52f4-8c82-ef4df1946b12,1273123605,way,leisure,park,,,,,,31.528395,74.4179202,Lahore,Punjab,Pakistan,,,
1a3068e8-7088-51f0-be8d-df097e549476,1273123622,way,leisure,pitch,,,,,,31.5294528,74.4164012,Lahore,Punjab,Pakistan,,,
5c1dc35c-910e-529a-8e6f-f5446084bc93,1273123623,way,leisure,garden,,,,,,31.5265562,74.4208328,Lahore,Punjab,Pakistan,,,
4ffd4d0c-6e19-5a9c-9de7-4b5b782047f0,1273123624,way,leisure,garden,,,,,,31.5265413,74.4214986,Lahore,Punjab,Pakistan,,,
44bc33b7-17ae-5d26-8849-e05c497852d1,232099818,way,landuse,residential,Sector C,,,,,31.5331186,74.4139178,Lahore,Punjab,Pakistan,,,
440693f0-2744-5d5e-b97d-b07666ad1b83,232100740,way,landuse,residential,Sector B,,,,,31.5376729,74.4142801,Lahore,Punjab,Pakistan,,,
487db7a6-be28-5a11-b9a2-df75a19ba5b6,232101728,way,landuse,residential,Sector A,,,,,31.5374621,74.4201912,Lahore,Punjab,Pakistan,,,
557f2242-37a7-575e-a1a7-abc6bd0fed68,232103710,way,leisure,park,Sector D Park,,,,,31.5332089,74.4198602,Lahore,Punjab,Pakistan,,,
6be0e211-b582-5241-9e71-3a4e36533bc3,232103717,way,landuse,residential,Sector D,,,,,31.5329827,74.420025,Lahore,Punjab,Pakistan,,,
fb28b4dc-a852-5811-a6ce-16b62155d866,687291699,way,shop,clothes,ONE,,,,,31.5391929,74.4170439,Lahore,Punjab,Pakistan,,,
a652d135-78d8-596a-8cdc-27d9fc50d1b4,1273123596,way,leisure,park,,,,,,31.527344,74.4159843,Lahore,Punjab,Pakistan,,,
4d299044-95c8-5ba4-8c1f-bda56406c673,1273123609,way,leisure,park,,,,,,31.5296075,74.4160655,Lahore,Punjab,Pakistan,,,
17454fd0-d5b9-5d77-80d5-e53f72c22490,232099815,way,leisure,pitch,,,,,,31.5333057,74.4132965,Lahore,Punjab,Pakistan,,,
7246c009-fd4b-5e34-9b11-ce3cb31310f0,232099816,way,leisure,pitch,,,,,,31.5329437,74.4132659,Lahore,Punjab,Pakistan,,,
5e61c0f1-6a77-5190-9c71-68dab74df83d,232099817,way,leisure,park,Sector C Park,,,,,31.5333859,74.4141487,Lahore,Punjab,Pakistan,,,
d0755cea-9c35-52e7-b4b5-3475d96d1e11,232100738,way,leisure,playground,Sector B,,,,,31.5369903,74.4130426,Lahore,Punjab,Pakistan,,,
c00d8ce8-a999-5bba-9763-5d3ee78ab72b,232100739,way,leisure,park,Sector B Park,,,,,31.5372456,74.4137923,Lahore,Punjab,Pakistan,,,
a6f7eb96-6dd0-5631-be58-2df98710a3d0,542238197,way,amenity,place_of_worship,Mosque Sector C/E,,,,,31.5339349,74.411322,Lahore,Punjab,Pakistan,,,
ea83c657-54a3-5fc6-8b44-2bba5a13597f,687291696,way,amenity,restaurant,Taste Corner,,,,,31.5374626,74.4115078,Lahore,Punjab,Pakistan,,,
b54b2bd8-236d-52d6-a856-3e72e0a71996,687291697,way,shop,beauty,Milano Salon for Men,,,,,31.5370137,74.4114335,Lahore,Punjab,Pakistan,,,
1f031a90-83cc-5dfe-9288-adaa848df8ae,687291698,way,amenity,place_of_worship,Askari Sector B Masjid,,,,,31.537598,74.413162,Lahore,Punjab,Pakistan,,,
d1f5921d-5d32-5d7e-a3b9-bf91280ae9fe,232101726,way,leisure,park,Sector A Park,,,,,31.5374385,74.420166,Lahore,Punjab,Pakistan,,,
30e47cca-dba6-5654-a252-4443b3fe7f62,232103707,way,leisure,playground,,,,,,31.5328345,74.420385,Lahore,Punjab,Pakistan,,,
85f92614-5fa4-56e3-880b-8da495a7afc4,542238865,way,amenity,bank,عسکری بینک,عسکری بینک,Askari Bank,,,31.5356499,74.4165798,Lahore,Punjab,Pakistan,عسکری بینک,,
27321f74-9851-5e63-85ce-a83f3fe60c3f,542239287,way,amenity,bank,Habib Bank,,,,,31.5356454,74.4167663,Lahore,Punjab,Pakistan,,,
8d7fef39-8b2b-5c9b-ad60-95cd17f9e4e1,542239468,way,amenity,place_of_worship,"Askari X, Sector A Mosque",,,,,31.537106,74.4195507,Lahore,Punjab,Pakistan,,,
bf9bc1c5-9b3f-57f7-9258-f7f2dcd8c5ef,686565656,way,amenity,fast_food,سب وے,سب وے,Subway,,,31.5356325,74.4178189,Lahore,Punjab,Pakistan,سب وے,,
4e706da7-dffa-5bcd-a2a9-e0e8688198b4,687291700,way,amenity,bureau_de_change,MoneyGram,,,,,31.5386473,74.4167432,Lahore,Punjab,Pakistan,,,
f36ddb6e-f067-5471-9ff9-2f303c9a5794,687291701,way,shop,beauty,Khawar Riaz Bridal Salon,,,,,31.5378159,74.4169893,Lahore,Punjab,Pakistan,,,
bb96e873-46a6-5b88-929c-875156d863e3,687291702,way,tourism,guest_house,Murtaza Tower,,,,,31.5375819,74.4166858,Lahore,Punjab,Pakistan,,,
4277abfb-80fb-5cfe-8b27-722500d15f04,687312032,way,leisure,fitness_centre,Askari Gym,,,,,31.5357915,74.4175574,Lahore,Punjab,Pakistan,,,
ee82fcea-70b3-555b-a139-d72279bed4a0,687312033,way,amenity,place_of_worship,Askari Sector D Jamia Masjid,,,,,31.5335568,74.4194916,Lahore,Punjab,Pakistan,,,
10c6cc7f-4c1c-51c8-a04f-0120baaa86e9,232524856,way,amenity,parking,,,,,,31.5402228,74.3989541,Lahore,Punjab,Pakistan,,,
b083f4c0-3716-5485-b0ad-000359cc17b2,232524857,way,amenity,parking,,,,,,31.539932,74.3989591,Lahore,Punjab,Pakistan,,,
a63b0581-09d5-5ec2-bd40-7c5803fb2d2f,701822138,way,healthcare,laboratory,Shaukat Khanum Laboratory Collection,,,,,31.5426664,74.4004928,Lahore,Punjab,Pakistan,,,
2414fd80-09c8-5909-baca-60c703123e6c,701822139,way,amenity,place_of_worship,Jamia Masjid Madani,,,,,31.5449044,74.4025443,Lahore,Punjab,Pakistan,,,
b376db0c-144f-5470-9414-76f67ad728e7,236828058,way,leisure,park,,,,,,31.5409635,74.4080143,Lahore,Punjab,Pakistan,,,
0870d4bd-6918-5e3e-9b7d-def6e1c698f8,236828059,way,leisure,park,,,,,,31.5406734,74.4130695,Lahore,Punjab,Pakistan,,,
66f94cab-b36d-5651-ba18-911c8fbd2e43,701817810,way,amenity,place_of_worship,Jamia Masjid Nizam ul Islam,,,,,31.5429426,74.4030581,Lahore,Punjab,Pakistan,,,
30d679cb-14ff-5aeb-9f7d-9a5338de4ce7,232335109,way,leisure,park,,,,,,31.5473707,74.397427,Lahore,Punjab,Pakistan,,,
3cd32d45-7ac3-51e1-8a66-bf424d041151,701751514,way,amenity,restaurant,Yasir Broast,,,,,31.5487776,74.4010904,Lahore,Punjab,Pakistan,,,
f303aed5-58a5-5d16-a451-abd1d2ce21bb,701751515,way,shop,electronics,Shah G Electric Service,,,,,31.5484809,74.4014041,Lahore,Punjab,Pakistan,,,
1394a9ae-2e90-5603-aa99-4a7c32efda0f,701751516,way,amenity,bank,میزان بینک,میزان بینک,Meezan Bank,,,31.5487327,74.4017679,Lahore,Punjab,Pakistan,میزان بینک,,
f2a3e2cd-0a8c-5296-8a2b-ef00cd266ab0,701751517,way,amenity,restaurant,Mansha Tikka,,,,,31.5487196,74.4020335,Lahore,Punjab,Pakistan,,,
786b1fd9-dd5a-579f-85a4-80d05b4e845e,701822136,way,leisure,park,,,,,,31.5485111,74.4000898,Lahore,Punjab,Pakistan,,,
42375da4-216b-5c28-8415-393c354827d9,701792568,way,amenity,bank,MCB,,,,,31.5483494,74.4055879,Lahore,Punjab,Pakistan,MCB,,
104452dd-6811-5249-a121-495e7cc900b0,701792569,way,amenity,restaurant,Pizza Domeno Hut Jory Pul,,,,,31.54829,74.4059097,Lahore,Punjab,Pakistan,,,
0789d285-d04d-51c9-bc1f-833d39c3e05a,701820235,way,amenity,place_of_worship,Mosque Fairoz,,,,,31.548277,74.4066207,Lahore,Punjab,Pakistan,,,
e037e74f-ad03-5e98-9b0d-f48ab9bfbaf3,701820236,way,amenity,fuel,پاکستان اسٹیٹ آئل,پاکستان اسٹیٹ آئل,Pakistan State Oil,,,31.5482417,74.4062661,Lahore,Punjab,Pakistan,پاکستان اسٹیٹ آئل,,
c033ad53-091c-581b-9ba4-8cb42130d88c,543243523,way,leisure,pitch,,,,,,31.5452998,74.4121466,Lahore,Punjab,Pakistan,,,
5c8d876b-8e50-57d4-b871-417e601cc659,543243524,way,leisure,pitch,,,,,,31.5452998,74.4123176,Lahore,Punjab,Pakistan,,,
c63df490-6a20-554b-8091-632d0801fb34,543243526,way,leisure,pitch,,,,,,31.5431259,74.4121465,Lahore,Punjab,Pakistan,,,
246f5703-6462-5067-ad75-dd38718c639d,232165778,way,tourism,hotel,Serina Hotel,,,,,31.5411136,74.4224642,Lahore,Punjab,Pakistan,,,
4e4e8155-fd68-56d9-aaf0-4ea2bf2d2b1a,543243521,way,leisure,pitch,,,,,,31.545697,74.4121628,Lahore,Punjab,Pakistan,,,
8e4022d4-b708-54c2-b640-e99367b16ab6,543243522,way,leisure,pitch,,,,,,31.5456929,74.4123273,Lahore,Punjab,Pakistan,,,
d443b87c-53c9-568b-a9bf-1ac9b1cbec82,660524861,way,leisure,park,,,,,,31.5459056,74.4218558,Lahore,Punjab,Pakistan,,,
6d96456c-c288-530b-9faa-25731a8f3854,660524862,way,amenity,police,Police Station Guldasht Town,,,,,31.5456469,74.421948,Lahore,Punjab,Pakistan,,,
eef4f3b8-9439-5768-9af5-d8f3eaca1743,232165780,way,landuse,commercial,PSO Rangers Petrol Pump,,,,,31.5480596,74.4110812,Lahore,Punjab,Pakistan,,,
54a9dcce-ef9c-5acb-b164-84ee88c7d969,234980867,way,leisure,park,,,,,,31.5393601,74.4238189,Lahore,Punjab,Pakistan,,,
6871a12f-e443-5f80-a0a9-e7e8987774cc,234980869,way,leisure,park,,,,,,31.5388359,74.4250074,Lahore,Punjab,Pakistan,,,
5a303f7c-390d-50ba-b980-7a8fd973bfb0,234980868,way,leisure,park,,,,,,31.5376393,74.4249622,Lahore,Punjab,Pakistan,,,
c8df2d84-404e-5b6e-8fcd-11691664f684,232165779,way,landuse,commercial,Pace Circle,,,,,31.5412246,74.4236138,Lahore,Punjab,Pakistan,,,
7d3bbee6-a43c-5876-a029-a0e9b4ddb153,234980913,way,leisure,park,,,,,,31.540246,74.4254017,Lahore,Punjab,Pakistan,,,
b584e261-e1bd-5934-b657-10207d9884d3,234982370,way,leisure,park,,,,,,31.5410601,74.4256315,Lahore,Punjab,Pakistan,,,
c095b7a9-0c7c-5198-94dc-a73915866d2a,234984870,way,leisure,park,,,,,,31.5400887,74.4243544,Lahore,Punjab,Pakistan,,,
0992b1eb-babc-5ea0-ace0-641d6bd60901,722139275,way,amenity,place_of_worship,,,,,,31.544525,74.424848,Lahore,Punjab,Pakistan,,,
c94ac43e-d6e1-5686-a94a-74befa6e33ac,7770620,relation,amenity,bank,Silk Bank,,,,,31.5018278,74.3653968,Lahore,Punjab,Pakistan,,,
75776c52-e152-5824-8d6e-0c2ab8283187,7740137,relation,leisure,park,NETSOL Front Lawn,,,,,31.4970434,74.4222395,Lahore,Punjab,Pakistan,,,
1b62c366-91bd-55d3-b77a-80e1e25559c9,7752067,relation,tourism,hotel,Grand Enclave Hotel,,,,,31.5036445,74.4064216,Lahore,Punjab,Pakistan,,,
251f96ac-d1a2-5954-9321-ceadd909d0f5,3116192,relation,landuse,commercial,,,,,,31.5018608,74.4230194,Lahore,Punjab,Pakistan,,,
bdc5fe5d-50c5-5131-bf9e-078e9d55ea89,11634073,relation,natural,wood,Lahore Airport Park,,,,,31.5204699,74.4188021,Lahore,Punjab,Pakistan,,,
ec53e29a-53b6-5dad-aaee-77951ee3f652,8634037,relation,amenity,parking,Tomb of Nadira Begum,,,,,31.5493396,74.3617171,Lahore,Punjab,Pakistan,,,
81cb7413-bf86-5dcc-b062-580472f28bdf,12285216,relation,healthcare,hospital,CDGL Govt Hospital Mian Meer,,,,,31.5492382,74.359911,Lahore,Punjab,Pakistan,,,
4cb89ca6-9169-5c4d-a7a4-c914079e01d6,3115761,relation,landuse,residential,Sector E,,,,,31.5356706,74.4097298,Lahore,Punjab,Pakistan,,,
b68391b8-ea53-50b6-a940-68a3a932785d,304964909,node,place,suburb,زمان پارک,,Zaman Park,,,31.5508361,74.3532711,Lahore,Punjab,Pakistan,,,
b3056c8b-3dcb-5ca9-a771-6c46a0a2e61f,5265462268,node,office,insurance,UIG House 6A Building,,,,,31.5503038,74.3569611,Lahore,Punjab,Pakistan,,,
35903e29-5cfa-5217-b9dd-d660edb1afea,5265468797,node,office,insurance,United Inurance Group (UIG),,,,,31.5505143,74.3564186,Lahore,Punjab,Pakistan,,,
d64fd0eb-5cd9-5913-b7c1-6e48c8266ffa,5265478108,node,amenity,atm,,,,,,31.5504819,74.3563995,Lahore,Punjab,Pakistan,,Apna Bank ATM,
525446e5-6a31-5033-aa32-fe383b12a3c2,4786180022,node,tourism,guest_house,Sarai Hotel,,,,,31.5508726,74.3573217,Lahore,Punjab,Pakistan,,,
e86a600f-c18a-5909-a19b-e1ede7bee147,4945425024,node,amenity,fuel,ٹوٹل,ٹوٹل,Total,,,31.5517017,74.3624543,Lahore,Punjab,Pakistan,طوطال,ٹوٹل پارکو,
30426db5-1d99-5779-adcb-9fbfdb950eb1,4945573326,node,amenity,fuel,Total petrol Pump,,Total petrol Pump,,,31.552314,74.3608889,Lahore,Punjab,Pakistan,,,
e7157d40-1e3f-5e35-bd22-841973bc672b,4945573327,node,shop,bakery,New Rahat Bakers,,,,,31.5522678,74.3613212,Lahore,Punjab,Pakistan,,,
a9fdbc70-a5a9-5d0b-8fc6-4b916558c727,5260103781,node,healthcare,hospital,Ariba Gynae Clinic,,,,,31.5513583,74.3609663,Lahore,Punjab,Pakistan,,,
c14740b0-17be-574f-aa26-3080a220b7a1,5260103783,node,amenity,bank,MCB Mustafabad Branch,,,,,31.5518771,74.3612184,Lahore,Punjab,Pakistan,,,
d1f986f0-ef1a-5074-9e70-e5af2833e657,5260103784,node,amenity,atm,,,,,,31.5518817,74.3612667,Lahore,Punjab,Pakistan,,MCB Mustafabad Branch,
ccb3c18a-27f0-5234-8753-f441fb47b08d,5260103785,node,healthcare,hospital,Rashida Hospital,,,,,31.5521674,74.3624388,Lahore,Punjab,Pakistan,,,
26c3d80e-7f27-5759-826c-5607ebcc55d6,5265469460,node,tourism,hotel,Crown Hotel,,,,,31.5510549,74.3572306,Lahore,Punjab,Pakistan,,,
e14e594d-eb7b-59ac-b419-985206a49ed1,5265469669,node,amenity,parking,,,,,,31.5505962,74.3573325,Lahore,Punjab,Pakistan,,UIG House Car Parking,
0290c0b9-7a41-5bb3-a925-5588bae07d30,5265476003,node,amenity,place_of_worship,Ibrahim,,,,,31.5500728,74.3573815,Lahore,Punjab,Pakistan,,,
0e2a3eb8-0c82-5336-9afe-6d87024c1dd5,5618384503,node,shop,books,Lala Book Depot,,,,,31.551815,74.3615963,Lahore,Punjab,Pakistan,,,
b3f54363-0722-5823-ad7c-ecdda30e268b,5103892721,node,amenity,police,Dharampura Police Station,,,,,31.5513938,74.3681317,Lahore,Punjab,Pakistan,,,
95a3968b-6421-51ec-9f87-be0f947c7726,7118861136,node,place,neighbourhood,Bakkar Mohallah,,,,,31.5507345,74.3762699,Lahore,Punjab,Pakistan,,,
4ed4c03c-22d8-54d3-9235-fbe56961e10a,12179416664,node,amenity,fuel,PSO,,,,,31.5503286,74.374575,Lahore,Punjab,Pakistan,,,
ea8ecbe5-bd75-5c86-b2ec-2e07c3a3c0c0,7118861143,node,place,neighbourhood,کراچی محلہ,,Karachi Mohallah,,,31.5507921,74.3815105,Lahore,Punjab,Pakistan,,,
fbc22ad9-0e89-5c1c-93aa-15b18f9287fc,275112695,node,amenity,place_of_worship,پی اے ایف کالونی مسجد,پی اے ایف کالونی مسجد,PAF Colony Masjid,,,31.5513083,74.3936387,Lahore,Punjab,Pakistan,,,
a4e4197f-a7e4-500f-b030-49c17a310c2e,304956046,node,place,suburb,پی اے ایف کالونی,پی اے ایف کالونی,PAF Colony,,,31.550506,74.3947096,Lahore,Punjab,Pakistan,,,
350b16ec-dce2-59b1-bfe9-512e057a6142,5875350707,node,amenity,place_of_worship,Shrine of Syed Ali Shah Shaheed,,,,,31.5581856,74.3502676,Lahore,Punjab,Pakistan,,,
553006d3-96fe-5178-9eca-058a89406e11,4995213429,node,office,company,Sundardas depot,,Sundardas depot,,,31.5531892,74.3516044,Lahore,Punjab,Pakistan,,,
bf357634-88d9-5d86-80b3-d5f28101efd4,5957216686,node,amenity,bank,Apna Bank,,,,,31.5527606,74.3540235,Lahore,Punjab,Pakistan,,,
cb3b887f-d62c-5eed-8095-5849e2527444,7118815829,node,amenity,place_of_worship,دار الذکر,,Dar-ul-Zikr,,,31.5578075,74.3537644,Lahore,Punjab,Pakistan,,,
8f7fd013-ac20-5c55-8b74-e03a7567cd00,5866511552,node,natural,tree,,,,,,31.5638954,74.3505683,Lahore,Punjab,Pakistan,,,
af4a6694-2eea-526b-a634-96726387d74e,5866511554,node,natural,tree,,,,,,31.5642191,74.35057,Lahore,Punjab,Pakistan,,,
0427108f-c32f-523a-8395-f735a2e9ad86,4503854194,node,amenity,bank,Larechs colony garhi shahu,,Larechs colony garhi shahu,,,31.5635105,74.3536704,Lahore,Punjab,Pakistan,,,
47696302-96d5-53ea-8ad4-2426029e846b,5866511549,node,natural,tree,,,,,,31.5638206,74.3507292,Lahore,Punjab,Pakistan,,,
bfe475aa-ffac-50a2-9940-32d6f72dc2b6,5866511550,node,natural,tree,,,,,,31.5637093,74.350793,Lahore,Punjab,Pakistan,,,
f8705a9b-e379-5114-b0bd-dd7ce90dff83,5866511551,node,natural,tree,,,,,,31.5638873,74.3508975,Lahore,Punjab,Pakistan,,,
2b08f757-46ad-5023-a6ff-28539625a397,5866511553,node,natural,tree,,,,,,31.5637208,74.350677,Lahore,Punjab,Pakistan,,,
a60c8291-2fc4-5be1-a42f-96362cf0f552,7118860992,node,historic,monument,Kos Minar,,,,,31.564574,74.3533255,Lahore,Punjab,Pakistan,,,
362b553f-7f16-5148-9eec-9dd8a699d526,8401592485,node,amenity,place_of_worship,Chaudhry Karam,,,,,31.560724,74.3508654,Lahore,Punjab,Pakistan,,,
ae66e6b2-6469-5579-869f-4a3b4f5a8811,4481666593,node,amenity,fast_food,Atta Makhan Singh,,Atta Makhan Singh,,,31.5537702,74.3624012,Lahore,Punjab,Pakistan,,,
c9e7a7b7-915c-5b79-b477-8d68bd7d01e3,4945580524,node,tourism,attraction,Ahle Hadees Masjid,,Ahle Hadees Masjid,,,31.5525147,74.3625327,Lahore,Punjab,Pakistan,,,
d73e5b1d-b2f8-575a-9455-53fc660c6e8f,5259837119,node,healthcare,hospital,Defence National Hospital,ڈیفنس نیشنل ہسپتال,,,,31.5542357,74.357313,Lahore,Punjab,Pakistan,,,
c107ef48-aae3-502f-b5ed-e28fc31ace43,5260103786,node,healthcare,hospital,حمزہ میڈیکل کمپلیکس,,,,,31.5525948,74.3618648,Lahore,Punjab,Pakistan,,,
b3e69dbc-fdcc-56b1-a689-11001518ca18,8401592496,node,amenity,place_of_worship,,,,,,31.5544103,74.3608974,Lahore,Punjab,Pakistan,,,
5b4b026d-6273-527d-840b-b3d47f9d532c,8401592497,node,amenity,place_of_worship,Qubra,,,,,31.553707,74.3628624,Lahore,Punjab,Pakistan,,,
ad66315f-652d-5ed0-ac0b-96782060d8d6,304964881,node,place,suburb,دھرم پورا,,Dharampura,,,31.5525905,74.3652268,Lahore,Punjab,Pakistan,,,Q27546633
0fb73b9b-d9de-5795-9837-d6719dee9aa2,7118860993,node,place,neighbourhood,Bostan Colony,,,,,31.5583064,74.3693514,Lahore,Punjab,Pakistan,,,
d2b81cf3-7157-5ae2-b84d-4a3a515b5f97,7118861045,node,amenity,place_of_worship,Hanfia Farooqia,,,,,31.5531608,74.3688005,Lahore,Punjab,Pakistan,,,
8e137191-81b0-5efd-9716-883e47dca66d,7118861046,node,amenity,place_of_worship,Muhajireen,,,,,31.5524986,74.3657516,Lahore,Punjab,Pakistan,,,
8ae95a56-ba7d-5bf2-800f-e6b0002c2bcf,9886000330,node,amenity,place_of_worship,تاج دین,,Taj Din,قصاب خانہ,,31.5606346,74.360328,Lahore,Punjab,Pakistan,,,
84ec5918-fefd-5b93-b661-360e7b15b693,9886000826,node,place,neighbourhood,محلہ قصاباں,,Mohalla Qasaban,,,31.5607323,74.3601525,Lahore,Punjab,Pakistan,,,
27ed2c22-42cd-5ba1-b5ca-ae47dd741d18,4742618721,node,office,government,Pakistan Railways Workshops,,,,,31.5621682,74.3650981,Lahore,Punjab,Pakistan,,,
c6a702d0-40cc-50b8-8ca1-6855b47c04b3,7118860988,node,place,neighbourhood,Baja Lines,,,,,31.5656491,74.3557798,Lahore,Punjab,Pakistan,,,
2d8e32c6-e867-5357-a923-8edbb1e11ea8,5844871903,node,amenity,place_of_worship,Jamia Mosque Hanafia,,,,,31.5720457,74.351192,Lahore,Punjab,Pakistan,,,
2f529037-2fb5-59c3-968f-5d43ff40a592,8058806350,node,railway,station,سلطان پورہ,سلطان پورہ,Sultanpura,,,31.5757716,74.3507937,Lahore,Punjab,Pakistan,,Lahore Metro,
7d70dc7c-d812-5be8-8fc9-3bc5935cb480,8058806348,node,railway,station,یو-ای-ٹی,یو-ای-ٹی,U.E.T,,,31.5772741,74.3608023,Lahore,Punjab,Pakistan,,Lahore Metro,
2d71640f-4517-55c2-82a0-0a9ee758cd39,11620239367,node,place,neighbourhood,Achint Ghar,,,,,31.5761401,74.3635019,Lahore,Punjab,Pakistan,,,
29e2bc28-c8b5-5f67-b0c1-86a14295ae67,304953311,node,place,neighbourhood,Sing Pura,,,,,31.5776944,74.3674517,Lahore,Punjab,Pakistan,,,
5004b889-572b-52e9-b932-d169996bf5fa,1664047655,node,amenity,fuel,Gastec,,,,,31.5782807,74.3673023,Lahore,Punjab,Pakistan,,,
090423c5-b7af-5bb0-8a96-0ea3b59aa03f,5793010761,node,amenity,place_of_worship,Fountain Mosque,,,,,31.5527341,74.3711093,Lahore,Punjab,Pakistan,,,
da062ef8-38a0-5656-b76a-ddfdfa56e4a9,4508861251,node,healthcare,clinic,Good Hope Clinic,گڈ ہوپ کلینک,,,,31.553328,74.3806539,Lahore,Punjab,Pakistan,,,
18eed472-a3ca-558f-9804-2012a376c8de,304954087,node,place,neighbourhood,Mughalpura,,,,,31.5648672,74.3786096,Lahore,Punjab,Pakistan,,,
c2a458a8-2f13-5d09-9211-f587d831983c,4170048192,node,shop,books,Deema Bookstore,,,,,31.5628202,74.3810178,Lahore,Punjab,Pakistan,,,
a53c0346-505d-538a-9c95-9e09499e29a3,4170120990,node,shop,bakery,Neamat Khana,,,,,31.5651983,74.3808741,Lahore,Punjab,Pakistan,,,
0a6eefe6-93e4-5b83-afb7-7a5860085b19,4186767325,node,amenity,fuel,شیل,شیل,Shell,,,31.5627161,74.3797856,Lahore,Punjab,Pakistan,شیل,,
05f94924-8c24-59da-a6c6-96921922757b,4221670190,node,amenity,atm,,,,,,31.5627782,74.3807843,Lahore,Punjab,Pakistan,,UBL,
819b412b-50f1-5ade-960e-783ccc5d520b,4221691693,node,amenity,bank,Mughalpura Chowk,,,,,31.5628367,74.3811082,Lahore,Punjab,Pakistan,,MCB,
4f788791-84fd-58fc-9aba-3bc02d8dc90c,4226247904,node,shop,clothes,Imran Sports Cloths Shop,,,,,31.5631922,74.3829854,Lahore,Punjab,Pakistan,,,
0227569b-0a80-5b16-8a23-22e58e21480c,4233840998,node,shop,clothes,Hulk Hogan Clothes,,,,,31.5631974,74.3831594,Lahore,Punjab,Pakistan,,Cobra Snake,
bc5d63c4-f65f-5ff0-93d9-e4fb752045ca,4233841798,node,tourism,artwork,Rana Printing Agency,,,,,31.5633521,74.3829415,Lahore,Punjab,Pakistan,,,
b026dddc-329f-5e32-9b4e-625da67b6d9b,4327608990,node,amenity,bank,MCB,,,,,31.5630411,74.3810535,Lahore,Punjab,Pakistan,MCB,,
5fc0e31f-b342-571c-9cf5-fbdc227df6f9,4327638889,node,public_transport,platform,Mughalpura,,,,,31.5629405,74.3815222,Lahore,Punjab,Pakistan,,,
e3b03cc9-11e0-5477-a623-ff8116bd1a0e,4357866599,node,amenity,place_of_worship,Imam Bargaah,,,,,31.5642639,74.378517,Lahore,Punjab,Pakistan,,,
7ae30f12-8495-5e16-b280-fe3fd9497f22,4357866600,node,amenity,fast_food,Lassani Foods,,Lassani Foods,,,31.5633819,74.3804239,Lahore,Punjab,Pakistan,,,
6149dd27-2c90-567c-8578-c4a41c26b9fb,4360304393,node,amenity,fast_food,Lasani Shawarma & Burger,,lassani shawerma and burger,,,31.5625959,74.3802762,Lahore,Punjab,Pakistan,,,
ceaa186a-41ac-5f13-97f0-4141f10ee6d8,4663500789,node,amenity,place_of_worship,Masjid Anwar e Madina,,,,,31.5631614,74.3794841,Lahore,Punjab,Pakistan,,,
8e0ef4b8-8db6-5e7e-a0d5-f68e62dbcf0e,4691727591,node,amenity,cafe,Mr.Chicks,,,,,31.5639453,74.3807989,Lahore,Punjab,Pakistan,,,
224fd45a-508d-5112-810b-4263f59939e4,10051063687,node,railway,station,مغلپورہ,,Moghalpura,,,31.5604099,74.3793767,Lahore,Punjab,Pakistan,,Pakistan Railways,
49471b41-582b-5915-bfc6-352b9db43751,11054441182,node,shop,mall,H MALL,,,,,31.56527,74.3809469,Lahore,Punjab,Pakistan,,,
6b60830f-d5e9-5320-b351-30e2046eff82,7118861139,node,place,neighbourhood,Cantonment Officer's Colony,,,,,31.552493,74.3856127,Lahore,Punjab,Pakistan,,,
4c3abe92-2249-5c6b-8f10-404048ec9499,4806073322,node,amenity,atm,,,,,,31.5549154,74.3945721,Lahore,Punjab,Pakistan,,,
6612f83d-842b-5c98-b3e2-88d5e038bb6c,7121843243,node,place,suburb,غازى آباد,غازى آباد,Ghaziabad,,,31.5576783,74.3934959,Lahore,Punjab,Pakistan,,,
74052840-3d43-5ac6-b2b3-b5c0f457b191,5259958801,node,healthcare,hospital,Ghaziabad Government Hospital Lahore,,,,,31.5607429,74.3894088,Lahore,Punjab,Pakistan,,,
bbf17a1f-3dfc-53c9-9a9f-850cfb6dda97,4985621121,node,amenity,bank,بینک الفلاح,بینک الفلاح,Bank Alfalah,,,31.5648916,74.3914538,Lahore,Punjab,Pakistan,بینک الفلاح,,
28f9018b-ef78-5661-9f36-aced82e54e88,4985621122,node,amenity,atm,,,,,,31.5648567,74.3912568,Lahore,Punjab,Pakistan,,,
fa3dabd9-781e-5f14-9ad8-48bf024695ba,6721933569,node,public_transport,platform,Lalpul Stop,لال پل مغلپورہ سٹاپ,,Lalpul Mughalpura,,31.5641056,74.3912936,Lahore,Punjab,Pakistan,,,
e60d801f-8f0f-5827-8164-4b728890fd59,6721933570,node,public_transport,platform,Lalpul Stop,لال پل مغلپورہ سٹاپ,,Lalpul Mughalpura,,31.5646541,74.3911488,Lahore,Punjab,Pakistan,,,
f86e2190-b1ca-5991-9d75-6435528efa42,272390464,node,amenity,parking,,,,,,31.5659112,74.3708354,Lahore,Punjab,Pakistan,,,
ef9b2116-a842-5202-85c3-0e8b318cdb9e,4186767136,node,amenity,fuel,پاکستان اسٹیٹ آئل,پاکستان اسٹیٹ آئل,Pakistan State Oil,,,31.5663829,74.3806259,Lahore,Punjab,Pakistan,پاکستان اسٹیٹ آئل,,
47f97eaa-f28b-5d40-b3bf-0fb5fdf42bfd,4327625790,node,amenity,police,Mughalpura Police Station,,,,,31.5657198,74.3801608,Lahore,Punjab,Pakistan,,,
479a24ba-0c7e-50c9-9654-de4ff0e81bc5,4327628392,node,amenity,atm,,,,,,31.566469,74.380551,Lahore,Punjab,Pakistan,,HBL ATM,
781a5954-8ee6-5d87-ac23-6737fb19238f,4357839516,node,amenity,police,,,,,,31.5656702,74.3805115,Lahore,Punjab,Pakistan,,,
4c9821eb-6d4c-59dd-bae3-1e13fb39c88e,4523656630,node,shop,car_repair,Hafiz Car WorkShop,,Hafiz Car WorkShop,,,31.5694373,74.3803043,Lahore,Punjab,Pakistan,,Hafiz Tauseef,
43ebd30f-af53-54a4-8b37-bc2e26c85fd6,5259747064,node,healthcare,hospital,Ali Hospital,,,,,31.5717422,74.3811123,Lahore,Punjab,Pakistan,,,
7a9c03de-079e-5b2f-b2b4-2a0700cdef9b,12384983279,node,healthcare,hospital,,,,,,31.5702434,74.3779207,Lahore,Punjab,Pakistan,,,
1e477162-ba01-5899-942e-cab89a880af9,3219338752,node,amenity,fuel,ٹوٹل,ٹوٹل,Total,,,31.5780926,74.380973,Lahore,Punjab,Pakistan,طوطال,ٹوٹل پارکو,
7cb9d333-7d72-508a-99a1-f98ed4477ae7,4567357489,node,amenity,atm,عسکری بینک,عسکری بینک,Askari Bank,,,31.5783263,74.3809898,Lahore,Punjab,Pakistan,عسکری بینک,,
bdbe1a65-c28c-5524-ad2b-887962738db1,4567414289,node,amenity,atm,,,,,,31.5783273,74.3810503,Lahore,Punjab,Pakistan,,Askari Bank,
9fff95de-a0df-5af6-a3da-c85c88d6d469,5255279614,node,healthcare,hospital,زاہدہ ویلفیئر ہسپتال,,,,,31.5771606,74.3808563,Lahore,Punjab,Pakistan,,,
efd2a91f-dfbf-5518-8e21-78a7d8696d1e,5255279615,node,healthcare,hospital,Arif Children Hospital,,,,,31.5777685,74.3813928,Lahore,Punjab,Pakistan,,,
c2706402-b98b-5a3d-9451-cd6d9bf51e8b,5255279616,node,healthcare,hospital,Shehnaz Hospital,,,,,31.5769504,74.3813123,Lahore,Punjab,Pakistan,,,
50549dda-0935-58e8-bf55-cc8047592ed5,5259838824,node,healthcare,hospital,شالامار ہسپتال,,,,,31.5752141,74.3795084,Lahore,Punjab,Pakistan,,,
be89aa43-aa02-5dac-b0f4-d3b0b6b8966f,4171763089,node,amenity,place_of_worship,Shahkamal Mosque & Graveyard,,,,,31.5711934,74.3858016,Lahore,Punjab,Pakistan,,,
b0b550bd-8e69-50d3-806c-e4c72fc9c78b,4327606690,node,amenity,place_of_worship,Maki Masjid,,,,,31.5661782,74.3876395,Lahore,Punjab,Pakistan,,,
4d930ad7-ad8b-575c-b4a7-bf06ab11b780,4327621891,node,amenity,place_of_worship,Abu Haneefa Masjid,,,,,31.5678171,74.3871188,Lahore,Punjab,Pakistan,,,
bcd919d6-a279-5fe1-aa09-e306bd85d162,4327628393,node,healthcare,clinic,Government Dispenser,,,,,31.5664496,74.3866789,Lahore,Punjab,Pakistan,,,
bebc9602-646a-55e4-8b4b-c5bfc60b614b,4481666592,node,shop,bakery,Mujahidabad Colony St 57,,Mujahidabad Colony St 57,,,31.5670322,74.387503,Lahore,Punjab,Pakistan,,,
36c8eb50-1d56-564e-ba77-b66424430d25,4724744992,node,shop,furniture,Faisal Latif,,,,,31.5661177,74.3898909,Lahore,Punjab,Pakistan,,,
aa781788-fd85-54fd-99b3-562ad80fdf65,4931236326,node,amenity,place_of_worship,Sufi Shrine,,Sufi Shrine,,,31.5680147,74.3856586,Lahore,Punjab,Pakistan,,,
e66be96a-c672-552f-8df4-478563a879da,7113863870,node,place,suburb,رام گڑھ,رام گڑھ,Ramgarh,,,31.5696247,74.3845847,Lahore,Punjab,Pakistan,,,
991beced-1ba6-5f90-8e6b-d3c14455c64e,9314681416,node,place,suburb,نبی پورہ,,Nabi Pura,,,31.567142,74.3952225,Lahore,Punjab,Pakistan,,,
a13c7bf6-fd91-50f5-9e0f-915a61ef5930,7113860664,node,place,village,کوٹلی عبدالرحمان,کوٹلی عبدالرحمان,Kotli Abdur Rahman,,,31.5782024,74.3896087,Lahore,Punjab,Pakistan,,,
81a0d327-3043-5385-a32d-051e22c6adb1,7113863869,node,place,suburb,ساھواڑی,,Sahowari,,,31.5755068,74.3843969,Lahore,Punjab,Pakistan,,,
822e23ba-b247-5f84-94ac-9e5920794415,2447967854,node,amenity,fuel,,,,,,31.5506893,74.4095227,Lahore,Punjab,Pakistan,,,
642284ce-cb44-58c6-b050-836e70743fff,9313233689,node,place,suburb,عزیز بھٹی ٹاؤن,عزیز بھٹی ٹاؤن,Aziz Bhatti Town,,,31.5514112,74.4205509,Lahore,Punjab,Pakistan,,,
6ba1704b-0e57-5eac-be16-4508b064382a,275113008,node,place,suburb,غازى آباد,غازى آباد,Ghaziabad,,,31.5587414,74.3995301,Lahore,Punjab,Pakistan,,,
df6304c2-89f7-5264-bc10-765a0c3bd209,7121843244,node,place,neighbourhood,تنویر آباد,,Tanveerabad,تنویرآباد,,31.5618754,74.3972259,Lahore,Punjab,Pakistan,,,
5ec89872-dffb-50fb-9407-8185e2ad502f,8489656817,node,shop,bakery,Gourmet Butt Chowk Tajpura,,,,,31.5595782,74.400737,Lahore,Punjab,Pakistan,,,
73fd7a5a-c1b0-525f-ab4b-e0e2aba1c215,9313211945,node,place,suburb,تاج پُورہ,تاج پورہ,,,,31.5613435,74.4080504,Lahore,Punjab,Pakistan,,,
271aa608-d5f9-5478-97d6-21edb471bdb3,7121843245,node,place,neighbourhood,Tajpura Village,,,,,31.5567035,74.4098019,Lahore,Punjab,Pakistan,,,
83faff1c-9930-5a47-9ebf-f8f731cf6e29,2447950826,node,amenity,fuel,Al-Kher Petrolium,,,,,31.5565074,74.4163387,Lahore,Punjab,Pakistan,,,
bb0f9d92-3715-52d1-8958-e544117bc1f3,7606803588,node,public_transport,platform,Pepsi Stop,,,,,31.5573405,74.4173678,Lahore,Punjab,Pakistan,,City District Government Lahore,
213d54bc-41ed-5247-86a9-ff92cf791fb8,7792580585,node,historic,castle,Al Feroz house,,,,,31.5574611,74.4182538,Lahore,Punjab,Pakistan,,,
6751fdf0-548d-5a5a-ae6e-05e250a2113d,4447080990,node,amenity,police,Ambi gali Taj Bagh Lahore,,Ambi gali Taj Bagh Lahore,,,31.5643134,74.4132451,Lahore,Punjab,Pakistan,,,
10daae81-1792-5406-b944-b684fb625dd1,7606817385,node,shop,bakery,Anmol Flour Mill,,,,,31.5590757,74.410426,Lahore,Punjab,Pakistan,,,
52a1c2d7-9222-55e4-8674-a583bb9c74a9,2447967855,node,amenity,fuel,,,,,,31.5614875,74.4219549,Lahore,Punjab,Pakistan,,,
6606028c-4eed-59bd-9618-fb03dcec7959,4380347190,node,amenity,restaurant,Yasir Broast Fateh Garh Road Br,,Yasir Broast (Fateh Garh Road Br),,,31.566808,74.4048504,Lahore,Punjab,Pakistan,,,
41f56d1b-f065-5d73-aef6-9f15e5b272ab,7113873736,node,place,suburb,فتح گڑھ,فتح گڑھ,Fatehgarh,,,31.5724255,74.4059751,Lahore,Punjab,Pakistan,,,
42b45685-9883-56f7-a3dc-5bd08747e765,4505036789,node,shop,computer,,,,,,31.5683616,74.4127957,Lahore,Punjab,Pakistan,,,
d4d5e9aa-cf07-5cc0-8d04-ac3937be0ca5,11076120705,node,amenity,cafe,Cafe Gadushnik,,,,,31.5697659,74.4145561,Lahore,Punjab,Pakistan,,,
081720c6-c0c5-549c-9f80-3f87fa9e82d1,4880615121,node,amenity,atm,,,,,,31.5692101,74.4170239,Lahore,Punjab,Pakistan,,HBL,
916cb759-15ee-58e1-aa51-74ceeab39231,8396280115,node,amenity,place_of_worship,Gulzar-e-Madina,,,,,31.5900514,74.350647,Lahore,Punjab,Pakistan,,,
1ff6d3bc-a1fe-5fbb-8ef9-81c65a7ceee8,8396280116,node,amenity,place_of_worship,Noorani,,,,,31.5898793,74.3522948,Lahore,Punjab,Pakistan,,,
a7b4457b-7f80-5dbe-bfcd-df29bd1273f3,8396299346,node,place,neighbourhood,Perwezabad,,,,,31.5901484,74.3526694,Lahore,Punjab,Pakistan,,,
a8421b0d-b143-57a4-9d5e-abfc2279d629,7113789168,node,place,town,بیگم پورہ,بیگم پورہ,Begampura,,,31.5807772,74.3616766,Lahore,Punjab,Pakistan,,,
cb089e5b-5191-585c-8fec-fcd731818d47,9898579240,node,amenity,place_of_worship,Shrine of Khwaja Habib ur Raheem Farooqi Qadri,,,,,31.584216,74.3573051,Lahore,Punjab,Pakistan,,,
2dc1bf82-dc4c-52c6-b196-d2c2791a13a9,12251235987,node,place,neighbourhood,Suchal Singhpura,,,,,31.5832243,74.3610367,Lahore,Punjab,Pakistan,,,
fa397ca9-cf4d-5040-b39a-85becb39dc4d,304953203,node,place,neighbourhood,Baghban Pura,,,,,31.5803268,74.36831,Lahore,Punjab,Pakistan,,,
568809e2-e8ea-546c-b388-ba85b66cf8fd,5869419832,node,amenity,place_of_worship,Shrine of Rasul Shahiyun,,,,,31.5846195,74.3642155,Lahore,Punjab,Pakistan,,,
0d2c2c95-e438-59d8-b94f-af79c8e4c74c,7113853737,node,place,neighbourhood,Singhpura,,,,,31.5833901,74.36647,Lahore,Punjab,Pakistan,,,
76688ef2-aacc-5b9a-9f4e-f976941b5d65,9898579239,node,amenity,place_of_worship,,,,,,31.5850679,74.3639055,Lahore,Punjab,Pakistan,,,
1cc11adc-fee8-55d4-92ac-13c220465e36,304953604,node,place,neighbourhood,Makhan Pura,,,,,31.5852988,74.3600703,Lahore,Punjab,Pakistan,,,
df7bce6a-4b42-5ffb-9a2e-a6722532a820,7113865101,node,place,suburb,کوٹ خواجہ سعید,کوٹ خواجہ سعید,Kot Khwaja Saeed,,,31.5895713,74.3571883,Lahore,Punjab,Pakistan,,,
a75c60b4-45db-5457-9c36-a805f9d538cc,5869419883,node,amenity,place_of_worship,Shrine of Syed Shah Shahab ul din Nehra,,,,,31.5855622,74.3665532,Lahore,Punjab,Pakistan,,,
bc4bf1fc-11e0-5577-a424-cb983efa6ba8,8396299350,node,amenity,place_of_worship,Bahar-e-Islam,,,,,31.5892114,74.3644348,Lahore,Punjab,Pakistan,,,
863eda8c-b3a3-5d1d-9bfb-518b8d69d592,8396299353,node,amenity,place_of_worship,Bilal Jani Pura,,,,,31.5910035,74.3660091,Lahore,Punjab,Pakistan,,,
6ea58dfd-2b3e-5ac9-b9c1-5a3d2efd09f9,9898579237,node,amenity,place_of_worship,بارہ دری والی,,Bara Dari Wali,,,31.5859902,74.3678243,Lahore,Punjab,Pakistan,,,
8674be7b-0d93-51da-8b0c-2fdb2a95af7b,9898579238,node,amenity,place_of_worship,سید شاہ شہاب الدین نہرا,,Syed Shah Shahab ul din Nehra,,,31.5853735,74.36637,Lahore,Punjab,Pakistan,,,
f57914cd-f132-5a6c-98bd-04be5d441dcc,4993089821,node,leisure,playground,,,,,,31.5919513,74.3514723,Lahore,Punjab,Pakistan,,,
45eb379e-38ac-5bbd-b1bb-39fec6efe28b,7116396118,node,amenity,place_of_worship,Hanafia,,,,,31.5931719,74.3515898,Lahore,Punjab,Pakistan,,,
0ab194f9-36c1-5ae6-ba4a-d621f9a281d9,7116354722,node,place,suburb,چائنہ سکیم,چائنہ سکیم,China Scheme,,,31.596372,74.3631672,Lahore,Punjab,Pakistan,,,
aa6531c2-7058-58b4-ad5e-17bdeb9e8da0,8396299347,node,amenity,place_of_worship,Arshad Iqbal,,,,,31.5926738,74.3603953,Lahore,Punjab,Pakistan,,,
63ee5de5-532b-5b0b-bcbf-bccfe0074d89,4405355991,node,tourism,guest_house,Al khurshid,,Al khurshid,,,31.5956385,74.3648173,Lahore,Punjab,Pakistan,,,
7db5a6c1-4b29-57ef-92de-e2ee69b54f7e,8396299348,node,amenity,place_of_worship,Muhammadia Rizwia Darbar Wali,,,,,31.5923623,74.364029,Lahore,Punjab,Pakistan,,,
c2b5736e-dece-5176-b71e-60084212cc39,5259654960,node,healthcare,hospital,Mussarat Razzaq Hospital,,,,,31.5821198,74.3767228,Lahore,Punjab,Pakistan,,,
6ab33445-1f33-5220-b1e9-41b124a6ec03,7113789169,node,place,suburb,باغبان پُور,باغبان پُور,Baghbanpura,,,31.5845029,74.3766651,Lahore,Punjab,Pakistan,,,
7b986e42-2346-5a18-853f-9a24db2ae96a,8058806340,node,railway,station,باغبان پورہ,باغبان پورہ,Baghbanpura,,,31.5794163,74.3707828,Lahore,Punjab,Pakistan,,Lahore Metro,
17bc4e3a-ed21-51c6-99ba-6623354bf63f,4592875493,node,shop,shoes,Servis Shoes,,Servis Shoes,,,31.580284,74.381145,Lahore,Punjab,Pakistan,,,
ef1895e0-5f13-56e2-8f55-ee9099392723,4592905689,node,shop,department_store,Japan Store,,Japan Store,,,31.5803737,74.3811908,Lahore,Punjab,Pakistan,,,
917285c3-9c6d-53b6-932d-251ee1ee81ed,4691715092,node,shop,copyshop,زاہد فوٹو کاپی,زاہد فوٹو کاپی,Zahid Photo Copy,,,31.5835968,74.3815465,Lahore,Punjab,Pakistan,,,
cd5c5e2c-7ce2-5498-9300-d67cfabec529,4985294221,node,amenity,fuel,Ak Cng,,Ak Cng,,,31.581007,74.3814656,Lahore,Punjab,Pakistan,,,
70a265c8-a22d-50dd-8f01-e9b6fac61c41,3065262510,node,leisure,park,شالامار باغ,شالامار باغ,Shalimar Gardens,شالامار گارڈن,,31.5871883,74.3820998,Lahore,Punjab,Pakistan,,,Q499527
9106a1dd-8b24-5175-a0f1-6712ea57a893,7116277007,node,tourism,attraction,شالامار باغ,شالامار باغ,Shalimar Gardens,شالامار گارڈن,,31.5870311,74.3821182,Lahore,Punjab,Pakistan,,,Q499527
577466ee-de87-51d9-a03b-bc04f1ad0977,304953837,node,place,neighbourhood,سلامت پورہ,,Salamat Pura,,,31.5840192,74.3947459,Lahore,Punjab,Pakistan,,,
7f8a4f47-e981-5a30-9033-5feda3cfe8f7,304953709,node,place,neighbourhood,Darogha Wala,,,,,31.5870901,74.3877936,Lahore,Punjab,Pakistan,,,
0a3bdb67-51ef-505e-901f-fdb43cd9e29b,4933931922,node,tourism,attraction,Entrance,,Entrance,,,31.5854032,74.3844357,Lahore,Punjab,Pakistan,,,
bb63e7a1-01c2-5a54-a496-02b2c4b76728,4933932121,node,tourism,attraction,East Entrance,,unofficial entrance,,,31.5869385,74.3835573,Lahore,Punjab,Pakistan,,,
3be4499d-eff6-5760-bb66-933ddd9e82ff,5255673578,node,healthcare,hospital,Hina Hospital,,,,,31.5853214,74.387459,Lahore,Punjab,Pakistan,,,
4d8d0864-3a4e-5b68-8cb2-452a8187c564,8060376238,node,railway,station,پاکستان ٹکسال,پاکستان ٹکسال,Pakistan Mint,پاکستان منٹ,,31.5852835,74.3892579,Lahore,Punjab,Pakistan,,Lahore Metro,
f2f3d91f-c19c-5a0f-8ed5-1a90b3be4764,7834872787,node,shop,mobile_phone,Ali Home,,,,,31.5941374,74.3704858,Lahore,Punjab,Pakistan,,,
4a1fc080-7033-5710-af3e-3476aa1713c4,6127533767,node,healthcare,pharmacy,Naseem Pharmacy,,,,,31.59255,74.379292,Lahore,Punjab,Pakistan,,Muhammad Azeem,
9fd5eddf-e114-591c-9782-5d27c323eac3,7116235886,node,place,suburb,محمود بُوٹی,محمود بوٹی,Mehmood Booti,,,31.6049424,74.3949958,Lahore,Punjab,Pakistan,,,
51887bb3-d3fb-506a-83c5-88f7acf12888,4220087301,node,tourism,hostel,,,,,,31.5826736,74.403006,Lahore,Punjab,Pakistan,,,
25c84a75-f949-511f-8898-51873ce393de,4220091694,node,tourism,hostel,,,,,,31.5831631,74.403174,Lahore,Punjab,Pakistan,,,
62e7fd6c-e947-563c-a002-b0cfa8558184,6720887285,node,amenity,fast_food,Bismila Naan Shop,,Bismila Naan Shop & Mr Chef Fast food,,,31.5842773,74.4083856,Lahore,Punjab,Pakistan,,,
5b8b2ff7-ec0f-5953-8336-2c762c017cad,5255745909,node,healthcare,hospital,Madina Eye Hospital,,,,,31.5880659,74.4027969,Lahore,Punjab,Pakistan,,,
000399a7-a883-596e-bfc7-3bba87273ded,5354772421,node,office,ngo,Shaikh Rohail Asger (MNA),,,,,31.5879659,74.4020654,Lahore,Punjab,Pakistan,,,
42d0649c-7e17-553b-80b6-55384c8041be,5844883296,node,railway,station,محمود بوٹی,محمود بوٹی,Mahmood Booti,,,31.5868291,74.4024351,Lahore,Punjab,Pakistan,,Lahore Metro,
f63d263f-060e-520c-8693-7a81d3b8c313,11620239365,node,place,neighbourhood,دیوی پورہ,,Devi Pura,,,31.5880041,74.3994553,Lahore,Punjab,Pakistan,,,
448ea85d-dcb0-5746-92c5-91773ce015ae,4691728389,node,shop,bakery,gourmet Baker & Sweet,,,,,31.5869021,74.4054321,Lahore,Punjab,Pakistan,,,
bf5e9e27-b787-5a99-8ee6-56e470fa40f0,5015802621,node,amenity,bank,میزان بینک,میزان بینک,Meezan Bank,,,31.5872868,74.4048228,Lahore,Punjab,Pakistan,میزان بینک,,
9ccd4833-ddb4-5df7-8610-cd78260334bc,5354771925,node,amenity,bank,ایم سی بی بینک,ایم سی بی بینک,MCB Bank,,,31.5869947,74.4032774,Lahore,Punjab,Pakistan,ایم سی بی بینک,ایم سی بی بینک لمیٹڈ,
b349d1f6-b054-50bb-afd1-65d9a7f3c8d2,10060032017,node,shop,car_parts,WINNER CHUCKNUT,,,,,31.588688,74.4085063,Lahore,Punjab,Pakistan,,,
faf0cf66-209c-50ca-8f6d-628127421404,10060032018,node,shop,car_parts,WINNER CHUCKNUT,,,,,31.5886991,74.408504,Lahore,Punjab,Pakistan,,,
d95c9f95-7cd6-5a9b-acb9-2d597d0d9a00,6133955490,node,tourism,guest_house,gali h ye,,,,,31.5806358,74.4210985,Lahore,Punjab,Pakistan,,,
f71ed9d8-946d-5e80-aca0-117ae6ae601a,6133955686,node,tourism,guest_house,upap lahore,,,,,31.5802183,74.4208928,Lahore,Punjab,Pakistan,,,
1fbf6ecf-d6d9-5c36-9a0b-bf31de5c1fda,9314681415,node,place,village,سلامت پورہ,سلامت پورہ,Salamatpura,,,31.5821176,74.4166785,Lahore,Punjab,Pakistan,,,
00cd0c8b-5ec4-578f-be36-9a58912a9aea,4346003091,node,shop,clothes,Jameel Tailor,,,,,31.585222,74.4118319,Lahore,Punjab,Pakistan,,,
f52a710d-b7e2-534b-80a9-87d6a2d16e90,5844883297,node,railway,station,سلامت پورہ,سلامت پورہ,Salamatpura,,,31.587909,74.4130374,Lahore,Punjab,Pakistan,,Lahore Metro,
c32c3dc6-a2c1-5832-8c8d-632ada1f8768,8035136885,node,shop,supermarket,Daroghawala Container Market,,,,,31.5869899,74.4205293,Lahore,Punjab,Pakistan,,,
985bbdf4-d5ed-594c-87d6-22ce907f4358,9313211938,node,amenity,place_of_worship,پنج پیر دربار,پنج پیر دربار,Panj Pir Darbar,,,31.596455,74.4032717,Lahore,Punjab,Pakistan,,,
e3209b66-8576-53f2-b749-55acece7efe2,7113991191,node,place,suburb,شریف پورہ,شریف پورہ,Sharif Pura,,,31.6011492,74.4153029,Lahore,Punjab,Pakistan,,,
960c30cd-e309-5491-833a-68ab36736164,5844883298,node,railway,station,اسلام پارک,اسلام پارک,Islam Park,,,31.5888788,74.4228338,Lahore,Punjab,Pakistan,,Lahore Metro,
3a2f4f7f-cefd-5da3-9768-2a9698aaff27,7113991190,node,place,suburb,لکھوڈیر,لکھوڈیر,Lakhoder,,,31.6100344,74.4134747,Lahore,Punjab,Pakistan,,,
7414caea-6628-564c-bf97-c6755abd2bfd,444829417,way,leisure,park,Zaman Park,,,,,31.5508169,74.3532745,Lahore,Punjab,Pakistan,,,Q49583871
14938812-dd5e-51c7-a6a7-531ef6c01b2c,544732743,way,office,company,United International Group(UIG) Head office,,,,,31.550411,74.3565338,Lahore,Punjab,Pakistan,,,
7aa29e10-cf21-5e61-8625-3edf72f1e88f,544942345,way,office,company,United International Group(UIG),,,,,31.5503229,74.3569368,Lahore,Punjab,Pakistan,,,
e9cbdadd-7aa7-5693-9a8f-fb602232bae5,423657785,way,landuse,residential,Canal Colony,,,,,31.5533162,74.3604975,Lahore,Punjab,Pakistan,,,
565f3507-2c64-5247-a224-c8927a442603,611903934,way,amenity,police,Dharampura Police Station,,,,,31.5515364,74.367584,Lahore,Punjab,Pakistan,,,
54bf0838-9a35-56b3-8e4a-08417af50035,761929326,way,landuse,commercial,Timber Market,,,,,31.5505217,74.3732393,Lahore,Punjab,Pakistan,,,
4e09d74d-2db9-5a7f-8f93-2dfc502a48e0,723947234,way,amenity,place_of_worship,Madni Masjid,,,,,31.5523647,74.3888534,Lahore,Punjab,Pakistan,,,
420e076c-7f1d-5097-9d11-3ee0479a03b0,232335081,way,leisure,park,,,,,,31.5512678,74.3942576,Lahore,Punjab,Pakistan,,,
6daebb96-218a-541f-8ead-6623bcc693a6,618368049,way,place,neighbourhood,Larex Colony,,,,,31.5612348,74.3540537,Lahore,Punjab,Pakistan,,,
0ee740b7-6983-5ccd-b0d7-88d97af04b02,620979630,way,amenity,place_of_worship,Mehrab Wali,,,,,31.5639621,74.3507287,Lahore,Punjab,Pakistan,,,
8b1ee5e8-8c85-5e7d-bf28-3312cfee3b6a,620979628,way,amenity,place_of_worship,Shrine of Waan Peer,,,,,31.5639417,74.3502003,Lahore,Punjab,Pakistan,,,
c63c2275-903b-5dc3-b4e5-f123f7c4b60c,617282680,way,amenity,place_of_worship,Shrine of Gondi Pir,,,,,31.5605774,74.3534591,Lahore,Punjab,Pakistan,,,
debace08-67d9-5cbb-8d1b-28af26052d91,620990448,way,landuse,cemetery,Garhi Shahu Qabristan,,,,,31.5612728,74.3519163,Lahore,Punjab,Pakistan,,,
73a7d43f-2fe6-589c-b0a1-ffc7232470c0,904662420,way,leisure,playground,Larex Colony Play Ground,,,,,31.5620772,74.3539631,Lahore,Punjab,Pakistan,,,
b51b0330-d9ef-54a5-89d2-e9c8bad7517d,423657639,way,amenity,bank,اسٹینڈرڈ چارٹرڈ,اسٹینڈرڈ چارٹرڈ,Standard Chartered,,,31.5524417,74.3590233,Lahore,Punjab,Pakistan,اسٹینڈرڈ چارٹرڈ,اسٹینڈرڈ چارٹرڈ,
119ee24d-4604-594a-91c1-92286612e68e,611903929,way,landuse,commercial,Department of Irrigation,,,,,31.5574571,74.3679226,Lahore,Punjab,Pakistan,,,
f2f11574-0b98-5de5-aa99-bfc119922a48,611903931,way,place,neighbourhood,Bostan Colony,,,,,31.5582211,74.3692079,Lahore,Punjab,Pakistan,,,
e9f312a0-f9b9-5425-b1ee-37ad8e87124f,611902510,way,leisure,park,Tomb of Zafar Jang Kolkatash,,,,,31.5598126,74.3665919,Lahore,Punjab,Pakistan,,,
e383e362-49ec-513e-953c-cffce8e60a4e,1213151245,way,leisure,pitch,,,,,,31.5666947,74.3503991,Lahore,Punjab,Pakistan,,,
9d5e38d3-0c60-545a-b0f3-88c773809aad,761929307,way,natural,water,,,,,,31.567161,74.3531921,Lahore,Punjab,Pakistan,,,
68bf10d9-d8aa-5846-bdba-57ded2c8d0d3,378746082,way,landuse,industrial,,,,,,31.5719614,74.3608248,Lahore,Punjab,Pakistan,,,
c1f4ebaa-1669-57f0-ba9b-346d67b21ea3,994823985,way,amenity,parking,,,,,,31.5780676,74.3571284,Lahore,Punjab,Pakistan,,,
95125bfe-6b0f-5183-a944-0767464243cf,611895710,way,leisure,park,Buddhu's Tomb,,,,,31.5761977,74.3559054,Lahore,Punjab,Pakistan,,,
d39a3f04-098a-5c42-836c-fa6586db1562,611899882,way,landuse,cemetery,Buddhu Cemetery,,,,,31.5749349,74.3531946,Lahore,Punjab,Pakistan,,,
a4a020e8-f3ec-516a-ab24-aae31dbd7e01,607875031,way,place,suburb,Begampura,,,,,31.5809164,74.3628366,Lahore,Punjab,Pakistan,,,
72054431-b241-509a-9276-b8c8a476a4e0,610899667,way,leisure,park,Gulabi Bagh,,,,,31.5787421,74.3640836,Lahore,Punjab,Pakistan,,,
d9d54566-d314-55e6-85ad-719711c7f079,611902502,way,leisure,park,Tomb of Ali Mardan Khan,,,,,31.5740118,74.3634653,Lahore,Punjab,Pakistan,,,
ac66de05-b0c8-53c0-8b85-b998351e5a05,612400137,way,place,neighbourhood,Singhpura,,,,,31.5790239,74.3747166,Lahore,Punjab,Pakistan,,,
35801199-a99c-58df-9af2-658db2952f1d,611902505,way,leisure,park,Tomb of Mullah Hamid Qari,,,,,31.572762,74.3640391,Lahore,Punjab,Pakistan,,,
47624a0a-7144-5c63-a8d0-3e46ae4ba173,624647958,way,landuse,cemetery,,,,,,31.5533985,74.373226,Lahore,Punjab,Pakistan,,,
11eb47ff-6bc7-5479-88dc-94fa4edc0a5d,612408364,way,place,suburb,Ramgarh,,,,,31.5696652,74.3850199,Lahore,Punjab,Pakistan,,,
e0e47118-5ff8-5a4f-a3c7-650be358daa7,1264384308,way,public_transport,platform,,,,,,31.5601906,74.3794489,Lahore,Punjab,Pakistan,,Pakistan Railways,
1dc1be97-e1a4-51fa-a28e-911c98b57490,612411181,way,place,neighbourhood,Subedar Colony,,,,,31.5547427,74.3889605,Lahore,Punjab,Pakistan,,,
499e658b-e6ab-5fe6-b094-c21d85403ecc,612411180,way,place,neighbourhood,Noor Colony,,,,,31.5542607,74.3909454,Lahore,Punjab,Pakistan,,,
d307520a-a0e6-545c-93c6-096cc064ee03,620504996,way,place,neighbourhood,Kumharpura,,,,,31.5577895,74.3919424,Lahore,Punjab,Pakistan,,,
7e63ade9-99c6-569b-8296-87a28e918489,612789371,way,amenity,place_of_worship,Shrine of Khwaja Muhammad Shafi Nizami,,,,,31.5619889,74.3876133,Lahore,Punjab,Pakistan,,,
4aa5ae5a-4a52-5638-9262-037445a559bd,612789384,way,amenity,place_of_worship,Shrine of Hamza Shah,,,,,31.5619829,74.3847377,Lahore,Punjab,Pakistan,,,
77ba9fb8-030a-5702-bb71-732373714684,612411617,way,landuse,religious,Shrine of Bara Mian Daras Sahib,,,,,31.570478,74.3779793,Lahore,Punjab,Pakistan,,,
b768ae71-23a0-5202-b1cb-9be20b04f495,612411619,way,amenity,place_of_worship,Bara Mian Sahib Shrine Mosque,,,,,31.5707706,74.3777946,Lahore,Punjab,Pakistan,,,
2d825dd9-a26c-5e12-90ba-3507c45522b4,607875041,way,place,neighbourhood,ساہواڑی,,Sahowari,,,31.5754966,74.3844185,Lahore,Punjab,Pakistan,,,
7a27e3c5-e12a-5a71-bcde-459c8181ce65,612407250,way,landuse,cemetery,Shah Kamal Cemetery,,,,,31.5663607,74.3837031,Lahore,Punjab,Pakistan,,,
c48de97d-521c-58a6-acf8-87f73faadc61,612413021,way,landuse,cemetery,Chota Mian Daras Cemetery,,,,,31.5748212,74.3772762,Lahore,Punjab,Pakistan,,,
fa30a1e7-b50e-5f45-9537-289b9f2aa5ed,152215400,way,healthcare,hospital,Shalimar Hospital,,,,,31.5752529,74.3798169,Lahore,Punjab,Pakistan,,,
c9747fd8-ce8c-5d9f-a5ad-9df883c7956b,607875040,way,place,neighbourhood,کوٹلی عبدالرحمان,کوٹلی عبدالرحمان,Kotli Abdur Rahman,,,31.5774888,74.3889064,Lahore,Punjab,Pakistan,,,
177398a3-e809-5b91-810a-efa71eadb14e,761662260,way,landuse,industrial,Mughalpura Railway Steel Shop,,,,,31.5700436,74.3895866,Lahore,Punjab,Pakistan,,,
be164656-18c1-5c10-b1f6-09b0f2c49b1d,761662262,way,leisure,park,Mianwali Ground,,,,,31.5723382,74.3938948,Lahore,Punjab,Pakistan,,,
c352303e-12a8-50d1-b1df-e9099e143d82,761662265,way,landuse,cemetery,Pir Abdul Rehman Cemetery,,,,,31.5759959,74.3899712,Lahore,Punjab,Pakistan,,,
f3784751-3c52-5699-b676-dc194b192708,761662263,way,landuse,cemetery,,,,,,31.5745266,74.3883484,Lahore,Punjab,Pakistan,,,
eec95b2e-6d4b-5544-839b-87d88f643fca,761662264,way,landuse,cemetery,,,,,,31.5753731,74.3894882,Lahore,Punjab,Pakistan,,,
52f208cf-e534-5f27-bdd8-fe5ab9d66c56,761662266,way,amenity,place_of_worship,Shrine of Pir Abdul Rehman,,,,,31.5760773,74.3903078,Lahore,Punjab,Pakistan,,,
c1663c2e-6d04-5982-a86b-e4ebab5123d5,612410758,way,place,suburb,Taj Bagh,تاج باغ,,Tajbagh,,31.5643364,74.4186912,Lahore,Punjab,Pakistan,,,
c612986e-3a00-5e27-8e89-3313542e5bc9,612411176,way,leisure,park,امیر الدین پارک,امیر الدین پارک,Amir-ud-Din Park,,,31.5548961,74.4015893,Lahore,Punjab,Pakistan,,,
faad83d5-a831-5d17-aaba-8971f2ebc2d5,715162334,way,leisure,park,Bismillah Park,بسم اللہ پارک,,,,31.5578317,74.3996333,Lahore,Punjab,Pakistan,,,
d5cbe9e6-8050-53da-b795-126f01511234,715162335,way,leisure,park,Jamal e Mustafa Park,جمال مصطفے پارک,,,,31.5566729,74.3995072,Lahore,Punjab,Pakistan,,,
e7097afc-efca-53ba-8cb7-a94ade8cabb7,25237625,way,landuse,cemetery,,,,,,31.5553401,74.4067076,Lahore,Punjab,Pakistan,,,
b531d81c-d0c6-5033-933b-d8748157d513,612779715,way,leisure,park,,,,,,31.5573414,74.4074047,Lahore,Punjab,Pakistan,,,
bd8432f9-8d9f-5fc9-92fd-8c7edf11d126,612779722,way,leisure,park,,,,,,31.5558532,74.4050721,Lahore,Punjab,Pakistan,,,
7a8149ff-e57d-50a3-8ab5-6c20f23d8b15,715162333,way,amenity,place_of_worship,Jamia Masjid Habib E Kibriya,مسجد حبیب کبریا,,,,31.5564032,74.4053356,Lahore,Punjab,Pakistan,,,
70c8b2fa-219d-5056-a126-bc2e1340bd09,715162338,way,amenity,place_of_worship,Jamia Ghosia,,,,,31.5578992,74.4076255,Lahore,Punjab,Pakistan,,,
7d0806e6-d2a9-5e16-848b-33b914757689,715162327,way,leisure,park,بابری پارک,بابری پارک,Babri Park,,,31.5576022,74.4026762,Lahore,Punjab,Pakistan,,,
c3984732-077c-5d2f-a95b-f3802d9f4971,715163301,way,amenity,place_of_worship,بابری مسجد,بابری مسجد,Babri Masjid,,,31.5581179,74.4030097,Lahore,Punjab,Pakistan,,,
32086092-0caa-5dd6-9788-491fdc6f4afa,715163302,way,amenity,police,غازی آباد پولیس اسٹیشن,غازی آباد پولیس اسٹیشن,Ghaziabad Police Station,,,31.5585316,74.4031215,Lahore,Punjab,Pakistan,,,
b50fc511-2e94-570e-9557-b3651b751d31,715162328,way,amenity,place_of_worship,آمنہ مسجد,آمنہ مسجد,Amina Masjid,,,31.5595092,74.3997594,Lahore,Punjab,Pakistan,,,
58c3632e-d5ba-5e1f-8e52-e7d70287d048,715162329,way,leisure,park,,,,,,31.5597264,74.4021867,Lahore,Punjab,Pakistan,,,
072848a3-e39a-54d6-98e2-90add4871a53,715162339,way,leisure,park,Amna Park,,,,,31.5597229,74.3992425,Lahore,Punjab,Pakistan,,,
b364be60-9e67-5c55-862c-bc6fd7b10a5f,715162340,way,leisure,park,A Block Park,,,,,31.5602785,74.3996846,Lahore,Punjab,Pakistan,,,
93546316-93ef-59f9-a1ff-0b7f3e3c5712,612410759,way,amenity,place_of_worship,Ali Muhammad Shrine,,,,,31.5607116,74.4077918,Lahore,Punjab,Pakistan,,,
196954e1-2ac6-5668-9e7d-450ae3dfd723,612410761,way,amenity,place_of_worship,Ali Muhammad Shrine Mosque,,,,,31.5605982,74.4077918,Lahore,Punjab,Pakistan,,,
26eb0efa-890a-57ae-897c-7522580b84da,715162330,way,leisure,park,,,,,,31.5593539,74.4039705,Lahore,Punjab,Pakistan,,,
8527b48d-27e3-530f-959c-3035c5fd797b,721815576,way,amenity,place_of_worship,Jamia Masjid Hammad,,,,,31.5550004,74.4158995,Lahore,Punjab,Pakistan,,,
85007870-375a-5d9e-a682-aa96086bc05a,236825101,way,amenity,place_of_worship,Ghousia Masjid-o-Madr'usa,,,,,31.5548139,74.4221048,Lahore,Punjab,Pakistan,,,
9af9bf37-5170-519e-88aa-ab17c0622d17,721815558,way,amenity,place_of_worship,Al-Falah Masjid,,,,,31.5545354,74.4178171,Lahore,Punjab,Pakistan,,,
6b4ea692-3e4a-5a8a-a4ec-07bea636b2ee,232166102,way,landuse,commercial,Total Petrol and CNG,,,,,31.5565916,74.4160281,Lahore,Punjab,Pakistan,,,
444fbbdb-b3f5-5c48-9191-5cb3194e0232,612410854,way,amenity,place_of_worship,Shrine of Gujja Peer,,,,,31.5624254,74.4106092,Lahore,Punjab,Pakistan,,,
2a945264-9b91-5723-a7dc-65790575dd63,612410856,way,amenity,place_of_worship,Gujja Peer Shrine Mosque,,,,,31.5621568,74.4104658,Lahore,Punjab,Pakistan,,,
7a8e2261-68ac-512c-9dfb-d98c045b4ffc,232166103,way,landuse,commercial,PSO Petrol and CNG,,,,,31.5615517,74.4218453,Lahore,Punjab,Pakistan,,,
4c6e1791-e5f6-508e-9a86-02b996c668e7,621942794,way,landuse,cemetery,,,,,,31.5722866,74.4021169,Lahore,Punjab,Pakistan,,,
8c427040-6a91-53c1-a33a-78fa6c31c3b7,621942829,way,leisure,park,,,,,,31.5770129,74.4051575,Lahore,Punjab,Pakistan,,,
c57b8c12-eb11-5598-8eb8-f550714ecaff,701840227,way,amenity,place_of_worship,Jamia Masjid Gulzar-e-Madina,,,,,31.5774462,74.4226443,Lahore,Punjab,Pakistan,,,
da1a5cdf-0633-579c-ad85-02a021392c7b,701759773,way,leisure,park,Iftkhar Park,,,,,31.5752284,74.4251632,Lahore,Punjab,Pakistan,,,
2c9cc71b-40f9-5063-b50f-afd26e02558f,701759781,way,amenity,place_of_worship,,,,,,31.5751782,74.4242949,Lahore,Punjab,Pakistan,,,
932f11a8-da0f-5559-891d-953ede324dbd,701840222,way,amenity,place_of_worship,Jamia Masjid Qadria,,,,,31.5763964,74.4248052,Lahore,Punjab,Pakistan,,,
cf6f7bc5-e0b1-5761-87b0-b1f1e2aa3e98,621317142,way,amenity,place_of_worship,Shrine of Shah Bilawal,,,,,31.5843142,74.3533974,Lahore,Punjab,Pakistan,,,
f6d8a9c9-05e8-5c7e-b78f-57b21577083a,607875034,way,place,neighbourhood,Kot Khwaja Saeed,,,,,31.5886474,74.35633,Lahore,Punjab,Pakistan,,,
6e1f3994-de5f-5491-9973-192b3f29cc91,618665657,way,landuse,cemetery,,,,,,31.5920184,74.356792,Lahore,Punjab,Pakistan,,,
c4cf8de6-14ea-5d9c-a534-55582f4e8dca,623019725,way,landuse,cemetery,,,,,,31.5899259,74.3505274,Lahore,Punjab,Pakistan,,,
09547e04-3ab1-5893-8693-feb01a64773a,610899656,way,amenity,place_of_worship,Shrine of Khwaja Mahmood,,Shrine of Khwaja Mehmud,,,31.5805074,74.3607242,Lahore,Punjab,Pakistan,,,
fbb4ba55-8f84-5045-9441-c4a7a4101ff6,610899671,way,amenity,place_of_worship,شاہی جامع,,Shahi,,,31.5807327,74.3621178,Lahore,Punjab,Pakistan,,,
cf22cd47-c9bd-56ab-adc3-28154d2dbcb3,621317144,way,landuse,cemetery,Shah Badar Diwan Cemetery,,,,,31.5830405,74.3598041,Lahore,Punjab,Pakistan,,,
a79d7767-178b-5999-8aa4-ced55e076bcc,621317146,way,amenity,place_of_worship,Shrine of Shah Badar Diwan Qadri Baghdadi,,,,,31.5830136,74.3599543,Lahore,Punjab,Pakistan,,,
e4d9c9d8-218f-583b-a086-39e3e3a766b1,621317149,way,leisure,park,Salman Park,,,,,31.5834214,74.3631419,Lahore,Punjab,Pakistan,,,
ca4c2db0-465a-57fd-92cd-3d53db04ab2b,621950206,way,landuse,cemetery,,,,,,31.5805078,74.3605989,Lahore,Punjab,Pakistan,,,
f212b0cc-84a8-54c3-a9f3-c73072f48cc9,610899649,way,leisure,park,Cypress Tomb,,,,,31.5808702,74.3640011,Lahore,Punjab,Pakistan,,,Q19891235
b621f359-5e94-520c-9d25-e6dd1d73a82f,610899650,way,tourism,attraction,Cypress Tomb,,,,,31.5808977,74.3640555,Lahore,Punjab,Pakistan,,,
31ca63f5-5936-5e69-9282-a3c9a5e7d60c,611333262,way,leisure,park,Surya Jabeen Park,,,,,31.5805481,74.3696561,Lahore,Punjab,Pakistan,,,
491bfc70-fa09-5a7b-b760-1259553f7075,621317153,way,amenity,place_of_worship,Shrine of Rasul Shahiyun,,,,,31.5846193,74.3642158,Lahore,Punjab,Pakistan,,,
2e4b8c71-2643-52d3-b83f-f44618500a91,621317154,way,leisure,park,,,,,,31.5824897,74.3649097,Lahore,Punjab,Pakistan,,,
7069afc3-84e4-5ef2-ac97-644ed5b72bac,1079885827,way,amenity,place_of_worship,مرکز بلال پارک,,Markaz Bilal Park,,,31.5814848,74.3678351,Lahore,Punjab,Pakistan,,,
31b63436-f50c-5800-8ebf-f1fcd9527996,308379331,way,leisure,park,Choti Park,,,,,31.5917185,74.368318,Lahore,Punjab,Pakistan,,,
85980b63-569b-5a2a-993a-73da5a665f85,607875030,way,place,suburb,باغبان پُور,باغبان پُور,Baghbanpura,,,31.583501,74.3744904,Lahore,Punjab,Pakistan,,,
c937b95a-e859-5e79-b276-378d525ccef2,610899652,way,leisure,park,Usman Park,,,,,31.5819506,74.3636734,Lahore,Punjab,Pakistan,,,
71f3ce48-0772-5e10-9f13-dfad0e4a1809,621317157,way,landuse,cemetery,,,,,,31.5854719,74.3662843,Lahore,Punjab,Pakistan,,,
a3c23ee5-e578-57d8-95d7-00d70026049e,761658021,way,leisure,park,Warsi Park,,,,,31.5910575,74.3636585,Lahore,Punjab,Pakistan,,,
bef09727-1c12-51c5-8fdf-7a62cf2527f6,308379332,way,leisure,park,Park no.2,,,,,31.589653,74.3670927,Lahore,Punjab,Pakistan,,,
f8768c7b-d187-5652-80e3-707f2323bc9e,611333265,way,leisure,park,Tomb of Mian Khan,,,,,31.5855141,74.3684534,Lahore,Punjab,Pakistan,,,
8a2ddd5e-2cdf-5b0d-ae09-c254216268fa,761658020,way,leisure,park,,,,,,31.5910669,74.3647675,Lahore,Punjab,Pakistan,,,
6e9fc6af-7c0a-51be-b275-cee433a6eb26,611354639,way,leisure,park,,,,,,31.5922284,74.351355,Lahore,Punjab,Pakistan,,,
157cee09-ead8-51c4-b0e3-894a5b5c775f,618664592,way,tourism,attraction,Tomb of Mai Dai,,,,Tomb dedicated to the daughter of the Sufi saint Khwaja Saeed.,31.5926957,74.3547353,Lahore,Punjab,Pakistan,,,
8d8b0cb6-a919-5c73-a214-841fce3c08b9,761672829,way,leisure,park,,,,,,31.5929554,74.3521502,Lahore,Punjab,Pakistan,,,
8f531af2-d919-53c8-88f1-8951fdce2163,761672830,way,leisure,park,Sher Singh Baradari Park,,,,,31.5943563,74.3551413,Lahore,Punjab,Pakistan,,,
186b7de6-6464-5a57-8090-471c9d74d2ce,761672831,way,healthcare,hospital,Bhatti Hospital,,,,,31.5944143,74.3544385,Lahore,Punjab,Pakistan,,,
909012cc-1935-5e9f-a8ed-4d7644d08834,1079889275,way,amenity,place_of_worship,Shrine of Allama Mirza Syed Shah Bilawal Qadri,,,,,31.5944499,74.3553994,Lahore,Punjab,Pakistan,,,
27211598-172f-5c5e-b038-d0d93db3958f,1079889276,way,historic,monument,Sher Singh's Baradari,,,,,31.5946955,74.3556602,Lahore,Punjab,Pakistan,,,
dc694c97-aee0-5a8e-97c8-65f982c5cd66,761658022,way,landuse,cemetery,Madni Cemetery,,,,,31.5925448,74.3600838,Lahore,Punjab,Pakistan,,,
d0ae16a1-ce0a-5482-a8bc-369a16cb092b,612793024,way,leisure,park,,,,,,31.5964722,74.3662691,Lahore,Punjab,Pakistan,,,
f549b30e-49a2-59be-b8fa-ea1294dd4907,615028846,way,leisure,park,,,,,,31.6050383,74.3662394,Lahore,Punjab,Pakistan,,,
cd04f27f-1edc-5c28-9a58-773a7c970330,761667168,way,leisure,park,Bri Park,,,,,31.5984846,74.3627824,Lahore,Punjab,Pakistan,,,
5542c144-2ad8-5094-810b-d1f3ebe121fe,615028902,way,leisure,park,Muhammadia Park,,,,,31.6021632,74.3620849,Lahore,Punjab,Pakistan,,,
0e1848ed-4d9a-5004-888a-52c507b295c8,615028905,way,leisure,park,Hamza Shahbaz Park,,,,,31.5998267,74.3606721,Lahore,Punjab,Pakistan,,,
b1394d3d-6082-5122-a87a-fa479b189848,761667172,way,leisure,park,Aqsa Park,,,,,31.6042719,74.362712,Lahore,Punjab,Pakistan,,,
b89a8e8c-5d99-5736-9f0a-6024d73a5f3a,761667194,way,leisure,park,Faisal Park,,,,,31.6037963,74.3594449,Lahore,Punjab,Pakistan,,,Q49488165
5ac6c53d-272c-5b2b-8d3b-fac3e791a9b5,615028903,way,leisure,park,Sidique Akbar Park,,,,,31.6019578,74.3646897,Lahore,Punjab,Pakistan,,,
45f924e8-d7cc-5972-865c-074fa188d99a,295463338,way,amenity,place_of_worship,Masjid Al-Firdous,,,,,31.579575,74.3756812,Lahore,Punjab,Pakistan,,,
437719c0-0470-5e0c-9417-52298adbc680,359730056,way,landuse,cemetery,,,,,,31.579457,74.3725235,Lahore,Punjab,Pakistan,,,
f18e5908-c852-5560-af64-d93ee0a8d03f,611333263,way,leisure,park,Tomb of Jani Khan,,,,,31.5818656,74.3706184,Lahore,Punjab,Pakistan,,,
b1b6bd5f-9a32-5b5d-bdec-e25c89f382cc,611904084,way,leisure,park,Garden of Mahabat Khan,,,,,31.5799582,74.3742957,Lahore,Punjab,Pakistan,,,
bb601ba9-df6a-52d9-bb0b-c18610406d3b,611904442,way,landuse,cemetery,Mian Cemetery,,,,,31.5841677,74.3756236,Lahore,Punjab,Pakistan,,,
377944fc-7973-5c81-854c-9667b76a3a50,621317162,way,amenity,place_of_worship,Shrine of Shah Bukhari,,,,,31.5818582,74.3713684,Lahore,Punjab,Pakistan,,,
90b87bc9-f950-503a-9483-d9af3aecbfcb,792582720,way,shop,bakery,Rafiq Bakery,,,,,31.5827517,74.3708142,Lahore,Punjab,Pakistan,,,
67385d5e-6e44-5b16-8e3d-a24209998dae,792585635,way,landuse,commercial,,,,,,31.5823188,74.3723408,Lahore,Punjab,Pakistan,,,
e2337a02-b2f8-54b3-a1b4-ce67c2e5f8a0,611333259,way,amenity,place_of_worship,Shrine of Abdul Ghani,,,,,31.5847509,74.3774775,Lahore,Punjab,Pakistan,,,
9dabb78b-b2d0-55b6-b83e-b14679f7f541,611924568,way,railway,station,شالامار باغ,شالامار باغ,Shalimar Gardens,شالامار گارڈن,,31.5834603,74.3796995,Lahore,Punjab,Pakistan,,لاہور میٹرو,
a6943bb3-9650-50e4-84a4-1633b4ab83c0,612413022,way,landuse,industrial,Linde Gas Company,,,,,31.5794257,74.3796305,Lahore,Punjab,Pakistan,,,
280c84fe-eef4-5f87-b50d-01d4f1aa18f0,621942011,way,amenity,parking,,,,,,31.5836526,74.3771175,Lahore,Punjab,Pakistan,,,
941e1ee7-6494-57fe-8b83-4991bbf096d9,232344017,way,leisure,park,,,,,,31.5872343,74.383003,Lahore,Punjab,Pakistan,,,
f2059f3a-bc1b-5ed7-8904-578b46ee9da3,232344020,way,leisure,park,,,,,,31.586293,74.3830555,Lahore,Punjab,Pakistan,,,
e889975c-e676-5f5a-a9a4-dd53a4091d32,232344021,way,leisure,park,,,,,,31.5850864,74.3833192,Lahore,Punjab,Pakistan,,,
a7d9bb23-387c-5582-ac7e-ded28eedf1f6,232344022,way,leisure,park,,,,,,31.5848309,74.3818948,Lahore,Punjab,Pakistan,,,
35ed07c3-8d2e-5fae-a168-fc877b524426,607875038,way,place,neighbourhood,Barkatpura,,,,,31.5877776,74.3867812,Lahore,Punjab,Pakistan,,,
1e571006-1672-5f4f-afba-ef910cafae4a,611333260,way,landuse,cemetery,شاہ عبدالغنی قبرستان,شاہ عبدالغنی قبرستان,Shah Abdul Ghani Cemetery,,,31.5844078,74.3775294,Lahore,Punjab,Pakistan,,,
3132209d-6e9c-5dfe-88ff-f9a21917461c,612400136,way,place,neighbourhood,Angoori Bagh,,,,,31.5824827,74.3839421,Lahore,Punjab,Pakistan,,,
4f863407-1b7d-5ea3-83a6-c393f9b9714e,611331223,way,amenity,place_of_worship,Shrine of Madhu Lal Hussain,,,,,31.5857005,74.3745285,Lahore,Punjab,Pakistan,,,
705455d1-821f-5de3-9da7-f5d6ff07e9ed,621317158,way,landuse,cemetery,,,,,,31.5859713,74.3715505,Lahore,Punjab,Pakistan,,,
375c9b0c-647c-5d18-ab70-074c2904b9b8,621317159,way,amenity,place_of_worship,Shrine of Pir Shah,,,,,31.5862968,74.3716859,Lahore,Punjab,Pakistan,,,
1d994d07-50c8-521e-a3b7-9476b4e6e73d,621317160,way,landuse,cemetery,Shah Hussain Cemetery,,,,,31.585617,74.3751124,Lahore,Punjab,Pakistan,,,
4ea48c22-4390-537f-91d2-7862ab17caae,232344010,way,natural,water,,,,,,31.5885966,74.3817504,Lahore,Punjab,Pakistan,,,
43d274f7-1f73-5c89-aee6-01086254e4e6,232344011,way,natural,water,,,,,,31.5870746,74.382109,Lahore,Punjab,Pakistan,,,
b1831e20-117b-5ec9-8dd2-701bf6a7ed97,232344012,way,natural,water,,,,,,31.5855491,74.3824666,Lahore,Punjab,Pakistan,,,
80102eff-baa5-57de-8109-9f5a3eb8e90b,232344013,way,leisure,park,,,,,,31.5893059,74.3823031,Lahore,Punjab,Pakistan,,,
d4f7b2f6-1e14-5a0f-8465-32119e265186,232344014,way,leisure,park,,,,,,31.5890841,74.3808874,Lahore,Punjab,Pakistan,,,
c37dbd24-ea9c-5d5e-bc1d-c1833dbc33d8,232344015,way,leisure,park,,,,,,31.5878983,74.3811639,Lahore,Punjab,Pakistan,,,
15d33de9-b681-51f3-b396-587214b787d8,232344016,way,leisure,park,,,,,,31.5881349,74.3825771,Lahore,Punjab,Pakistan,,,
a251c1e2-23a8-56e5-8026-3a5504fa5e95,232344018,way,leisure,park,,,,,,31.5869303,74.3811994,Lahore,Punjab,Pakistan,,,
df9b44ef-76a2-5ab4-9cf5-f00ab441d44c,232344019,way,leisure,park,,,,,,31.5860413,74.3815903,Lahore,Punjab,Pakistan,,,
76921a8c-d819-58a1-b9b0-c5786c108547,232343974,way,amenity,parking,,,,,,31.5847124,74.384495,Lahore,Punjab,Pakistan,,,
22d06381-3d35-55b6-a674-7f55f922e5e3,624646075,way,leisure,park,Angoori Bagh,,,,,31.5789532,74.3847614,Lahore,Punjab,Pakistan,,,
d5c24bcf-d7f5-5900-b72d-3623930293a3,607875039,way,place,neighbourhood,Daroghwala,,,,,31.5889997,74.3962825,Lahore,Punjab,Pakistan,,,
9375941e-b056-5703-b8b1-f01961e59c49,611925108,way,office,government,پاکستان ٹکسال,پاکستان ٹکسال,Pakistan Mint,پاکستان منٹ,,31.5841301,74.3886294,Lahore,Punjab,Pakistan,,,
8d1b556e-da0d-5646-a985-97beac89f2f3,621929607,way,landuse,commercial,پاکستان ٹکسال,پاکستان ٹکسال,Pakistan Mint,پاکستان منٹ,,31.5831887,74.3899244,Lahore,Punjab,Pakistan,,,
d5a6d615-20c9-5791-b39a-7f43c698c23f,621940972,way,landuse,cemetery,,,,,,31.5915202,74.3916873,Lahore,Punjab,Pakistan,,,
94074f8d-ebbe-5992-b95f-12967096fc95,624644715,way,landuse,cemetery,,,,,,31.5891886,74.396831,Lahore,Punjab,Pakistan,,,
94f29c98-b77e-5471-a8f2-589f2d7bdcc6,761662746,way,landuse,industrial,Shalimar Grid Station,,,,,31.5934098,74.3895864,Lahore,Punjab,Pakistan,,,
11e1095e-ec27-5040-83a3-d95bd5803acf,232344023,way,leisure,park,,,,,,31.5858721,74.3843187,Lahore,Punjab,Pakistan,,,
33ce35cc-36a1-51ad-ae29-d367b46e5790,612403148,way,amenity,place_of_worship,Shrine of Pir Muhammad Abdul Latif Qadri Noshahi,,,,,31.5894378,74.3913345,Lahore,Punjab,Pakistan,,,
240cf5a8-0043-5f62-9051-3ad4b5c3db31,612403149,way,amenity,place_of_worship,Bohar Wali Mosque,,,,,31.5882138,74.3917043,Lahore,Punjab,Pakistan,,,
3317aeb9-3593-57a8-9594-535ae42177d9,611688019,way,natural,water,Chappar,,,,,31.596175,74.3722642,Lahore,Punjab,Pakistan,,,
f0883962-bab9-5561-9409-0d4b128a69c7,761653335,way,leisure,park,Asghar Park,,,,,31.5972881,74.3934366,Lahore,Punjab,Pakistan,,,
82a98cee-9c46-5827-b371-f37dbc502235,607878797,way,place,neighbourhood,Mahmood Booti,,,,,31.6035605,74.3949544,Lahore,Punjab,Pakistan,,,
3c4ab755-9026-5f5f-b923-4af925f7ff31,705428906,way,amenity,place_of_worship,Takiya Wali Masjid Mehmood Booti,,,,,31.6045842,74.3953945,Lahore,Punjab,Pakistan,,,
4f249f53-2cb1-5459-a411-55123be2ab7b,761653333,way,landuse,cemetery,,,,,,31.6009887,74.3946878,Lahore,Punjab,Pakistan,,,
dc7dae90-ef52-539c-a6a5-9be1fd4a52d4,706605052,way,amenity,fuel,پاکستان اسٹیٹ آئل,پاکستان اسٹیٹ آئل,Pakistan State Oil,,,31.6091577,74.3642372,Lahore,Punjab,Pakistan,پاکستان اسٹیٹ آئل,,
e3d62126-3bba-5a5e-806b-c20cbe2cabcc,706605823,way,shop,mobile_phone,Multi Mobile & Cold Corner,,,,,31.6088079,74.365066,Lahore,Punjab,Pakistan,,,
80c129b4-cb6c-57f9-b952-3ca53878ce96,706605824,way,leisure,park,Khawaha Family Park,,,,,31.610181,74.3671007,Lahore,Punjab,Pakistan,,,
4a10b827-681a-54fa-9959-ca50f834ff02,705365787,way,amenity,place_of_worship,جامع مسجد,جامع مسجد,Jamia Masjid,,,31.6061357,74.3944846,Lahore,Punjab,Pakistan,,,
ad99bf24-bf3c-570c-8a68-fa36e92706ea,607875042,way,place,neighbourhood,Salamatpura,,,,,31.5837463,74.4163422,Lahore,Punjab,Pakistan,,,
f83edfd2-fa30-5162-bd48-fd86a7c9a097,607878795,way,place,neighbourhood,Muminpura,,,,,31.5949748,74.4194883,Lahore,Punjab,Pakistan,,,
0c44faea-3d31-53ba-ac39-12400f14292b,702991626,way,amenity,place_of_worship,Jamia Masjid Faiz-e-Mustafa,,,,,31.5865385,74.4220775,Lahore,Punjab,Pakistan,,,
7cefcb7f-2786-5046-aed7-28485f62b512,703082062,way,amenity,place_of_worship,Jamia Masjid Hanfia Ghousia,,,,,31.5854212,74.422435,Lahore,Punjab,Pakistan,,,
28988d55-b3ac-55a9-bbb1-2a0f5272a833,621940989,way,landuse,cemetery,,,,,,31.5952975,74.3972936,Lahore,Punjab,Pakistan,,,
587b2428-9f56-5cdc-b2cc-9663c865dbf3,761660776,way,landuse,cemetery,,,,,,31.5970946,74.3991116,Lahore,Punjab,Pakistan,,,
6018145d-0407-5cd3-9910-582a34bb9223,704738382,way,amenity,place_of_worship,Jamia Masjid Farooqia Iqbal,,,,,31.593147,74.4090853,Lahore,Punjab,Pakistan,,,
8746d965-34c9-5d09-b524-e85c9527deae,607878796,way,place,suburb,شادی پوُرہ,شادی پورہ,Shadipura,,,31.5997634,74.4061718,Lahore,Punjab,Pakistan,,,
3d109bff-6de3-565b-96fa-25e447ec8860,607878798,way,place,neighbourhood,Islamabad,,,,,31.6054382,74.4015574,Lahore,Punjab,Pakistan,,,
7f1960af-4788-58f3-b73b-9395b20c978b,703804860,way,amenity,place_of_worship,Jamia Masjid ShadiPura,,,,,31.599663,74.4026022,Lahore,Punjab,Pakistan,,,
e72f710d-d281-5dee-9a3f-0043b48494f8,703797389,way,amenity,place_of_worship,Jamia Masjid Muhammad Ali,,,,,31.5987607,74.4034655,Lahore,Punjab,Pakistan,,,
d9647af5-28af-515d-9478-3bf97a5a6dfc,761680592,way,landuse,cemetery,,,,,,31.594171,74.4112587,Lahore,Punjab,Pakistan,,,
96b0294e-8440-5ab4-9094-6f92f16aae08,705030711,way,amenity,place_of_worship,Baba Ameer Shah Darbar,,,,,31.5944747,74.4214064,Lahore,Punjab,Pakistan,,,
bf6be116-6224-5707-8ec4-4ce027112d46,761680574,way,landuse,cemetery,,,,,,31.5854295,74.4253736,Lahore,Punjab,Pakistan,,,
5c9697a9-1882-5bec-aa73-6f1dbc9629ce,703282939,way,amenity,place_of_worship,Jamia Masjid Bilal,,,,,31.6085399,74.4065106,Lahore,Punjab,Pakistan,,,
ba0ec6dc-45e6-5e7f-a398-0b3d7db208c6,703270407,way,amenity,place_of_worship,Markazi Aastana-e-Aalia Saifia,,,,,31.6116502,74.4074988,Lahore,Punjab,Pakistan,,,
8aaf7c22-7158-586d-aed9-b19b503ed68b,703267028,way,amenity,place_of_worship,Jamia Masjid Noor,,,,,31.6107932,74.4108595,Lahore,Punjab,Pakistan,,,
83a7167f-8754-504c-a61a-aa2110881726,703261065,way,amenity,place_of_worship,Fatima Zohra Masjid,,,,,31.6119615,74.4208803,Lahore,Punjab,Pakistan,,,
f5dc1c2a-7a33-5899-a5b6-6e78798ac442,18143923,relation,leisure,park,Ali Park,,,,,31.5999522,74.365288,Lahore,Punjab,Pakistan,,,
4c964c1d-8cc5-5a15-91a4-e58afbae9caa,11915645651,node,leisure,pitch,,,,,,31.6289951,74.368951,Lahore,Punjab,Pakistan,,,
c699906d-9fcb-5368-8ce2-2ebdbbc6c33c,8059385848,node,place,village,جبو کالاں,,Jabbo Kalan,,,31.6347947,74.3525115,Lahore,Punjab,Pakistan,,,
ab7c5934-d69b-5f87-b9e5-a33fe9db24ae,8059370744,node,place,village,کورول,,Karol,,,31.6376249,74.3701443,Lahore,Punjab,Pakistan,,,
d8621976-8760-5b43-9510-eeca3301fb8d,8851175296,node,place,village,جھگیاں اراضی,,Jhuggian Arazi,,,31.652075,74.3641909,Lahore,Punjab,Pakistan,,,
3104b35e-ce99-5cc9-b50c-3ae5b068d8e4,8851175271,node,place,village,عینوبھٹی,,Ainu Bhatti,,,31.644586,74.3777776,Lahore,Punjab,Pakistan,,,
a510b72c-fe88-5e3b-92ef-8ec1d9fc35d5,8851175297,node,place,village,بُکن وال,,Bukan Wal,,,31.6561735,74.3827294,Lahore,Punjab,Pakistan,,,
22d2ed60-1d83-5d31-b23f-1c22dbb5d8cc,8851220939,node,place,village,بھینی پور,,Bhaini Pur,,,31.6545201,74.4081835,Lahore,Punjab,Pakistan,,,
839c5e80-bd95-59b2-911f-de5f7a679021,8851220937,node,historic,monument,Shrine of Hazrat Fazal Mohyuddin Gillani,,,,,31.6467727,74.4159727,Lahore,Punjab,Pakistan,,,
ab1a8763-a0fd-5e14-82cc-fa4bce41bd6d,8851220938,node,place,village,روٹ گڑھ,,Rot Garh,,,31.6515221,74.416018,Lahore,Punjab,Pakistan,,,
b677c54d-dbff-514f-99b9-af7285af6330,8851220960,node,place,village,اعوان پار,,Awar Par,,,31.6739187,74.4219915,Lahore,Punjab,Pakistan,,,
c3a62d6f-9f06-5fce-8d68-7e8aa57eb015,8851307889,node,place,village,بابکوال,,Babakwal,,,31.6976591,74.3592386,Lahore,Punjab,Pakistan,,,
cb7f46f8-6596-53f2-afee-473c3ca78384,13049583,relation,natural,water,دریائے راوی,دریائے راوی,Ravi River,,,31.7130673,74.4695196,Lahore,Punjab,Pakistan,,,Q317899
0f41e5e5-0272-5a9c-b8d3-035b06769270,8673689579,node,place,village,ٹھٹھہ خورد,,Thatta Khurd,,,31.4085659,74.4255751,Lahore,Punjab,Pakistan,,,
2d3c0ff8-1094-5a58-a174-0047d558c653,8673689611,node,place,village,Saora,,,,,31.4131068,74.4370947,Lahore,Punjab,Pakistan,,,
ff8a55c2-dd85-57c7-853d-803aa7a18afb,6645916585,node,office,company,IQ Studios,,,,,31.418776,74.4377881,Lahore,Punjab,Pakistan,,,
b232f7d8-3d8a-5986-9132-1a238d964c6c,5652781421,node,historic,monument,Unity Faith Discipline Monument,,,,,31.4468957,74.430499,Lahore,Punjab,Pakistan,,,
fe7f286b-801c-5656-a7af-6c07a851165c,12622278646,node,healthcare,hospital,ذیرک مطب ہربل اور حجامہ۔,,,,,31.4421421,74.4297974,Lahore,Punjab,Pakistan,,,
0bf61b78-515b-52c5-8242-84245a5d9ce7,12601327601,node,leisure,fitness_centre,Convert,,,,,31.4414564,74.4411794,Lahore,Punjab,Pakistan,,,
eb6d70a1-cb54-5cbf-9ba4-dd38b4d26cc6,12376119742,node,amenity,restaurant,Sukuf,,,,,31.4474116,74.4483064,Lahore,Punjab,Pakistan,,,
b1baca03-ebf2-5ec3-a9b9-f218f0124edf,9395625034,node,place,village,روڑانوالہ,,Roranwala,,,31.4478281,74.4354694,Lahore,Punjab,Pakistan,,,
a4492282-2fac-5bef-b1e0-bbe1a7363712,11821758817,node,historic,monument,Silver Globe,,,,,31.4526276,74.4325511,Lahore,Punjab,Pakistan,,,
3295f723-ba43-5146-846b-aa6aa25e3354,11822288343,node,amenity,fast_food,Dunkin',,,Dunkin' Donuts,,31.4479429,74.4333688,Lahore,Punjab,Pakistan,Dunkin',,
71d2d988-3d17-5576-b5ad-632befafa364,11822288344,node,amenity,fast_food,Shawarma Lebanese Grill,,,,,31.4479399,74.4333927,Lahore,Punjab,Pakistan,,,
02ddbc4b-d657-5408-a4f3-ca414908da23,11822288345,node,amenity,fast_food,Pizza Burger & Co,,,,,31.4479349,74.4334207,Lahore,Punjab,Pakistan,,,
83665087-def5-5acf-9778-4eab782ad69b,11822288347,node,amenity,restaurant,Beijing Hut,,,,,31.4479214,74.433472,Lahore,Punjab,Pakistan,,,
3d344736-b8de-586a-8cb2-97c4e6616266,11822288348,node,shop,greengrocer,Chand Pur Vegetable & Fruit Shop,,,,,31.4479162,74.4335038,Lahore,Punjab,Pakistan,,,
7a091b5c-8e67-509d-aaa7-fadfea632c11,11822288349,node,amenity,fast_food,Chandoor,,,,,31.4479098,74.433531,Lahore,Punjab,Pakistan,,,
48cbbd74-a118-5c78-8b47-3e5fbcf5b1d6,11822288350,node,shop,convenience,Hikmah Super Store,,,,,31.4479491,74.4336549,Lahore,Punjab,Pakistan,,,
be30c0b0-460d-5339-b833-09fe61bbe735,11822288351,node,amenity,fast_food,Subway,,,,,31.4480116,74.4337403,Lahore,Punjab,Pakistan,Subway,,
5894cc95-d9b9-5bd2-9a23-1c313166af7d,11822288352,node,amenity,atm,,فیصل بینک,Faysal Bank,,,31.4480616,74.4337641,Lahore,Punjab,Pakistan,Faysal Bank,Faysal Bank,
66f6e6a5-dd8b-55de-8464-8e204d6ae5ed,11822288353,node,amenity,bank,Faysal Bank,فیصل بینک,Faysal Bank,,,31.44805,74.4337708,Lahore,Punjab,Pakistan,Faysal Bank,,
94d9f28b-711e-57be-ae4c-3a2d87310169,11822288355,node,amenity,restaurant,Pakwan Center,,,,,31.4481369,74.433801,Lahore,Punjab,Pakistan,,,
51861f98-13fe-5b88-acf0-10d4221ba6b4,11822288356,node,shop,copyshop,BABA & SONS PRINT & COPY SHOP,,,,,31.4481858,74.4338254,Lahore,Punjab,Pakistan,,,
0cc8489b-ddba-5b1c-aac1-f356570a8db2,11822288357,node,amenity,restaurant,Karachi Naseeb Biryani,,,,,31.4482419,74.4338609,Lahore,Punjab,Pakistan,,,
032570d4-ecf3-5deb-a5ae-bdfd92b92ebb,11822288359,node,amenity,bank,Askari Bank,عسکری بینک,Askari Bank,,,31.4482873,74.4338069,Lahore,Punjab,Pakistan,Askari Bank,,
7f06c1bf-aa5b-5048-ab0a-f98575c208ff,11822288360,node,amenity,atm,,عسکری بینک,Askari Bank,,,31.4483036,74.4338122,Lahore,Punjab,Pakistan,Askari Bank,Askari Bank,
aa7a14e4-1a03-562f-9516-ab7b713ae7e4,11822288361,node,shop,supermarket,Rehman Khalis,,,,,31.4484158,74.4338688,Lahore,Punjab,Pakistan,,,
1624ffd7-e7fb-5f1e-9570-98ac3a053cd3,11822288362,node,shop,chemist,Apple Plus Pharmacy,,,,,31.448404,74.4339122,Lahore,Punjab,Pakistan,,,
74b9fab4-c4d4-5bff-a2aa-a88e7610c272,11822288363,node,shop,chemist,My Pharmacy,,,,,31.4482183,74.4338438,Lahore,Punjab,Pakistan,,,
3bcdb133-5345-5c46-b8fa-963cd2bbf2a5,11822288364,node,shop,bakery,Jalal Sons,,,,,31.44845,74.4337497,Lahore,Punjab,Pakistan,,,
f8644439-66f2-588a-859f-23322efc6cf0,4487178289,node,tourism,guest_house,,,,,,31.4574144,74.4340172,Lahore,Punjab,Pakistan,,,
6dc224d4-ce28-593c-8f1b-6e1a160bc29b,8851646559,node,place,village,نتھا سنگھ والا,,Natha Singhwala,,,31.4580954,74.4305971,Lahore,Punjab,Pakistan,,,
18f9aa99-6fe0-5be5-a39f-83b573f149f1,8874483359,node,amenity,place_of_worship,"Askari Heights Mosque, Sector B",,,,,31.4521169,74.4360126,Lahore,Punjab,Pakistan,,,
a7096e80-c8a8-5e1e-bcc4-b8d155c00f75,304956323,node,place,village,لدھڑ,لڈھر,Lidher,,,31.4593984,74.4412728,Lahore,Punjab,Pakistan,,,
936e6b2f-2137-5e33-a624-cc9cd0c269f2,5799456653,node,tourism,attraction,Askari XI  Flats,,,,,31.4631755,74.4289028,Lahore,Punjab,Pakistan,,,
0a9ee751-d789-5b07-8c57-1905f0e93e26,13123316601,node,amenity,restaurant,Kababjees Restaurant,,,,,31.4636875,74.4331719,Lahore,Punjab,Pakistan,,,
2694246c-b3cf-54ee-ac6c-c457cad27023,271853824,node,place,village,Sultan Colony,,,,,31.4685874,74.4293115,Lahore,Punjab,Pakistan,,,
f58643fe-4e01-5357-9cfe-62516994d8cf,4991079279,node,shop,car_repair,KK Automobile,,KK Automobile,,,31.4621035,74.4361222,Lahore,Punjab,Pakistan,,,
c860a4a8-caec-535f-ba02-f45600d3c5fb,9212426864,node,office,estate_agent,Daneen Estate,,,,"Now sell, rent or buy a house or plot with Best Property dealer. We are Certified Property Consultants, we firmly believe in translating your Dreams into Reality. ""Daneen Estate"" will give voice to your Dreams. we value your demands. Our client`s satisfac",31.4687843,74.4390987,Lahore,Punjab,Pakistan,,,
92b16710-6206-550d-8e93-a983602dd9a6,10801102875,node,office,estate_agent,Estate Web,,,,,31.4680092,74.4391335,Lahore,Punjab,Pakistan,,,
0d83ec0d-a48b-5454-8a3d-5d4e4718f4be,4447083389,node,amenity,bank,Sector B phase 6 dha,,Sector B phase 6 dha,,,31.4706616,74.4430856,Lahore,Punjab,Pakistan,,,
032135d4-a013-52d6-b39c-4f0f523c72bb,8246612593,node,amenity,bank,بينک الحبيب,بينک الحبيب,Bank Al Habib,,,31.4732061,74.4426828,Lahore,Punjab,Pakistan,بينک الحبيب,,
847d41ca-10d3-55b4-a9d4-c8bc874ea0e1,8246612594,node,office,company,Sarfraz Hamid Properties,,,,,31.4732822,74.4427854,Lahore,Punjab,Pakistan,,,
8f9d105b-da37-5f66-b7d3-f832552aad1a,8673689612,node,place,village,ملکہوکی,,Malkhokiw,,,31.4051115,74.4531724,Lahore,Punjab,Pakistan,,,
b4c45fe4-5917-5f7f-beb0-9a7562186989,8673689614,node,place,village,Thethar,,,,,31.4205634,74.458614,Lahore,Punjab,Pakistan,,,
12a7947b-f340-5b6c-8e51-af9654a5bcba,8658688460,node,place,village,ہیئر,ہیئر,Heir,,,31.4099027,74.4894491,Lahore,Punjab,Pakistan,,,
de7db879-bbe7-51f1-b94f-e9ee825e9de3,5255465170,node,healthcare,hospital,Avicenna Hospital,,,,,31.4337652,74.467683,Lahore,Punjab,Pakistan,,,
d4800874-92ea-5bf4-9173-2ec33095b6bb,8851646560,node,place,village,موتا سنگھ والا,,Mota Singhwala,,,31.4410567,74.4528117,Lahore,Punjab,Pakistan,,,
f0ae4db5-66a2-5ade-a556-7f63a6679de1,8973402119,node,office,company,Technocraft Enterprises,,,,,31.4471074,74.454496,Lahore,Punjab,Pakistan,,,
8c905f4c-dff6-55e8-89cd-be8d937bae68,6645906685,node,amenity,police,Elite Force Training Center,,,,,31.4420714,74.4576613,Lahore,Punjab,Pakistan,,,
91a72f99-d2dd-5bc7-847b-647d3e01ca28,8851646557,node,place,village,ڈیرہ چاہل,,Dera Chahal,,,31.4425941,74.471937,Lahore,Punjab,Pakistan,,,
2ecaafe6-6897-5efc-aac4-0dd3ead62161,12902264058,node,leisure,sports_centre,Sportzilla Formula Karting Club & Sports Arena,,,,,31.4262393,74.4829067,Lahore,Punjab,Pakistan,,,
42bb3fe6-49f5-538a-af6c-e075ed53b73e,12903109925,node,leisure,sports_centre,Sportzilla Formula Karting Club & Sports Arena,,,,"Sportzilla Formula Karting Club & Sports Arena is a premier destination in Lahore for exhilarating go-karting experiences and a wide range of sporting activities. Situated in an expansive sports complex, it offers enthusiasts the chance to indulge in thri",31.4263054,74.4827595,Lahore,Punjab,Pakistan,,,
46f07c02-80f2-59fc-bf26-5cbecf0aba1a,8851646558,node,place,village,کرباٹھ,,Karbath,,,31.4389774,74.4957668,Lahore,Punjab,Pakistan,,,
8eed151d-e453-51c5-9428-61451bee53ac,8973402118,node,office,company,Technocraft,,,,,31.4479032,74.4561045,Lahore,Punjab,Pakistan,,,
c62cb780-42e8-5a15-a28a-576dcd9be220,7297733033,node,place,neighbourhood,DHA Phase 6,,,,,31.4716319,74.451084,Lahore,Punjab,Pakistan,,,
9c5bb962-8cd3-5aa6-87c5-32005c9fdc2e,11411563052,node,amenity,fuel,Attock Y Block Phase 7,,,,,31.4580997,74.4847673,Lahore,Punjab,Pakistan,Attock,DHA,
7b2b80ef-f37f-59c8-b70a-cebbfb5f935a,9313233696,node,place,village,چاچو والی,چاچو والی,Chachowali,,,31.4738599,74.4354062,Lahore,Punjab,Pakistan,,,
ee66dd2f-7218-58a5-88c6-76cbf1537393,8824033697,node,office,estate_agent,Etihad Marketing Real Estate and Consultants,,,,,31.4742966,74.444354,Lahore,Punjab,Pakistan,,,
1f4f83cf-bd01-549e-95c7-729c9b1a9b50,1047318611,way,landuse,residential,,,,,,31.4115123,74.4373409,Lahore,Punjab,Pakistan,,,
542ef73a-76a3-51ef-b207-4488221e76a0,628499010,way,landuse,residential,DHA Phase VI,,,,neighborhood,31.474695,74.4565034,Lahore,Punjab,Pakistan,,,
9e9de1cf-4ed6-5c48-9280-218eb00e4c69,628502289,way,place,neighbourhood,DHA Phase 8,,,,neighborhood,31.4909059,74.4493117,Lahore,Punjab,Pakistan,,,
565cb019-56c0-5a9e-9148-eb461b5d4ce2,1266940195,way,landuse,residential,"DHA phase 6, Lahore",,,,,31.4799518,74.4556846,Lahore,Punjab,Pakistan,,,
6feab7cf-b760-58f0-91e6-32ed7c80446d,1268210219,way,landuse,residential,DHA Phase 9 Town,,,,,31.4429192,74.4427979,Lahore,Punjab,Pakistan,,,
ab67303d-29e3-570f-ae21-76679186523f,1273091567,way,leisure,park,,,,,,31.4397365,74.4287707,Lahore,Punjab,Pakistan,,,
0515dc8b-cb74-5d25-8a78-4802f7b6f9a8,1273095816,way,natural,wood,,,,,,31.4406647,74.4279798,Lahore,Punjab,Pakistan,,,
716e0053-f353-5ec2-a42f-27ddabc84ddb,1273095817,way,leisure,park,,,,,,31.4402902,74.4270177,Lahore,Punjab,Pakistan,,,
cba1284d-c2ae-53a8-815a-c4dd78278fe5,1273095818,way,leisure,park,,,,,,31.4399794,74.4282961,Lahore,Punjab,Pakistan,,,
444fafca-a863-56b8-bc92-3c73888b727a,1273095819,way,natural,wood,,,,,,31.4400203,74.4276923,Lahore,Punjab,Pakistan,,,
ec940b7d-0589-5fc7-a36d-945362d146dd,1273091570,way,leisure,garden,,,,,,31.4391142,74.4311888,Lahore,Punjab,Pakistan,,,
7ffeb4f8-3568-5186-a642-6096017cc511,1273091571,way,leisure,park,,,,,,31.4395629,74.431831,Lahore,Punjab,Pakistan,,,
9c596339-a4f1-58be-b1a4-1857540eb70e,1273091572,way,leisure,park,,,,,,31.4403914,74.4321537,Lahore,Punjab,Pakistan,,,
45f57d94-72a1-5695-b885-f5e13b99e1a2,1273091573,way,leisure,park,Sector C Family Park,,,,,31.4401898,74.4296853,Lahore,Punjab,Pakistan,,,
1b5930f6-70e0-5d2e-a361-5fb9b2c11ce3,1273095815,way,natural,wood,,,,,,31.4398251,74.4308061,Lahore,Punjab,Pakistan,,,
cc0bd1fe-e912-54ae-b3bc-008c6e736153,1273095820,way,leisure,park,,,,,,31.4394573,74.4299606,Lahore,Punjab,Pakistan,,,
cf56b54d-d98f-5170-afe5-807f630ba53b,1273095821,way,natural,wood,,,,,,31.4392059,74.4305339,Lahore,Punjab,Pakistan,,,
6acc36e5-39d0-54df-9945-14d2881cf00d,1337977203,way,amenity,place_of_worship,C Block Mosque,,,,,31.4404666,74.434751,Lahore,Punjab,Pakistan,,,
134b7307-5d00-5c32-898c-a8fa6c49e367,544752846,way,amenity,place_of_worship,Askari 11 Sector B Mosque,,,,,31.4474795,74.4317942,Lahore,Punjab,Pakistan,,,
233f1ce7-f26a-503f-b6c5-1f194f5a21ac,1273081806,way,leisure,garden,,,,,,31.447381,74.4320977,Lahore,Punjab,Pakistan,,,
6b726642-8530-531d-a533-fbcd2e991568,1273081808,way,natural,wetland,,,,,,31.4469966,74.4332579,Lahore,Punjab,Pakistan,,,
3d62226e-5766-5a22-b94c-41cee1133db4,1273091561,way,leisure,park,,,,,,31.44132,74.4289984,Lahore,Punjab,Pakistan,,,
63cfc75e-b731-56ed-9986-020b08363e8c,1273091564,way,leisure,pitch,,,,,,31.4406887,74.431214,Lahore,Punjab,Pakistan,,,
f1ee8a00-61be-57f5-a669-4590dd54158f,1273091566,way,leisure,park,,,,,,31.4409287,74.4303048,Lahore,Punjab,Pakistan,,,
12bff902-16bc-5962-8154-2daafdfc4c97,1273091568,way,leisure,park,,,,,,31.4397057,74.4291305,Lahore,Punjab,Pakistan,,,
89a7ee8f-3fc9-5fd4-8d5e-78d7a5d43bf8,1273091569,way,leisure,park,,,,,,31.4395991,74.429454,Lahore,Punjab,Pakistan,,,
12d32ed6-1e05-5a6b-9136-07508d12ca27,1273091574,way,leisure,park,Green Park,,,,,31.4403685,74.4289622,Lahore,Punjab,Pakistan,,,
29889b59-a1ba-5742-8ef9-994f047c1381,1273091583,way,leisure,park,Park Sector C,,,,,31.4418287,74.427283,Lahore,Punjab,Pakistan,,,
b8dba538-4857-5dde-9686-1fda830146fa,1273095799,way,leisure,park,,,,,,31.4421439,74.4296554,Lahore,Punjab,Pakistan,,,
4b30f34c-8a97-5458-9d07-41e6e3c65216,1273095805,way,leisure,park,,,,,,31.441386,74.4324662,Lahore,Punjab,Pakistan,,,
fa5a5637-e980-51c7-965b-b2da8c7e1877,1273095808,way,natural,wood,,,,,,31.4423553,74.4286434,Lahore,Punjab,Pakistan,,,
1525c104-d429-5818-9df1-a0294dc7e514,1273095809,way,leisure,park,,,,,,31.4427455,74.4293387,Lahore,Punjab,Pakistan,,,
504b8746-f0a7-5f99-8c27-8aa22875965a,1273091560,way,leisure,pitch,,,,,,31.4415271,74.4281955,Lahore,Punjab,Pakistan,,,
23ee8b12-215b-56e7-8901-f38d87c80169,1273095801,way,leisure,garden,,,,,,31.4430869,74.4282017,Lahore,Punjab,Pakistan,,,
c80f18ae-8ec0-516b-9307-c04e9c7b12aa,1273095802,way,leisure,park,,,,,,31.443438,74.4272103,Lahore,Punjab,Pakistan,,,
ff2281ed-0c33-5919-8345-b9faad9a9498,1273097554,way,leisure,park,,,,,,31.445299,74.4284997,Lahore,Punjab,Pakistan,,,
3987ab6e-3a67-5026-9bc6-98bbcad89d29,545477451,way,amenity,restaurant,Spice Lounge (Old Handi Roti),,,,,31.4467965,74.4312702,Lahore,Punjab,Pakistan,,,
48db0fae-5cb4-5f83-9b58-284ff32d2e82,545477478,way,leisure,park,Al-Arfi Park,,,,,31.4439981,74.4306148,Lahore,Punjab,Pakistan,,,
b196fa02-2ebf-5d87-85b3-e9234289e3fe,1273079566,way,leisure,garden,,,,,,31.4468942,74.430509,Lahore,Punjab,Pakistan,,,
c1f97d78-3495-5b77-8412-9a687e74ba4a,1273081805,way,leisure,garden,,,,,,31.4472698,74.4316662,Lahore,Punjab,Pakistan,,,
58617417-6c6b-51ca-ac92-4986e5c1ab76,1273087694,way,leisure,park,,,,,,31.4436323,74.430825,Lahore,Punjab,Pakistan,,,
886c4309-16f6-5f51-b847-aa43cb54aded,1273087695,way,leisure,park,,,,,,31.4448531,74.4334881,Lahore,Punjab,Pakistan,,,
1e8d225d-64a5-5210-99fd-ea070c46c558,1273087696,way,leisure,park,Al-Sakina Park,,,,,31.4452107,74.4332686,Lahore,Punjab,Pakistan,,,
52c7e62b-289b-55ba-aef5-4e709dd622cd,1273091584,way,shop,mall,,,,,,31.4420153,74.4298201,Lahore,Punjab,Pakistan,,,
034f05ec-fa23-5c66-852d-2c507fe1aa7a,1273091585,way,shop,mall,,,,,,31.4419217,74.4302637,Lahore,Punjab,Pakistan,,,
2eadf94e-996c-5619-97ac-6db525b5faee,1273092925,way,leisure,garden,,,,,,31.441997,74.429871,Lahore,Punjab,Pakistan,,,
51ff162e-b440-50e9-bf20-e24d18f566de,1273092926,way,leisure,garden,,,,,,31.4419464,74.4301187,Lahore,Punjab,Pakistan,,,
e8e299fd-3f93-509d-867b-b2809df7a3cb,1273092927,way,amenity,parking,,,,,,31.4420133,74.4298633,Lahore,Punjab,Pakistan,,,
3a4f205a-d634-5347-9a26-757ead35c77b,1273095797,way,leisure,pitch,,,,,,31.4429023,74.4303348,Lahore,Punjab,Pakistan,,,
00d90811-e468-5fe9-970b-2ad3d743671d,1273095798,way,leisure,pitch,,,,,,31.4427966,74.43029,Lahore,Punjab,Pakistan,,,
6b6d006b-7d85-589d-864f-113bfbdecf8c,1273095803,way,leisure,park,,,,,,31.4422666,74.43106,Lahore,Punjab,Pakistan,,,
7d028049-bd51-5730-8fdc-0abe46dd831c,1273095804,way,leisure,park,,,,,,31.4419424,74.4322989,Lahore,Punjab,Pakistan,,,
480526d4-2a68-587a-bac9-718222d9c664,1273095807,way,natural,wood,,,,,,31.4415381,74.4314332,Lahore,Punjab,Pakistan,,,
99a015fd-aadf-53b6-91ab-7228a7e059aa,1273095812,way,leisure,park,,,,,,31.4427802,74.4296466,Lahore,Punjab,Pakistan,,,
86e97e1a-04cc-53d6-8866-645ebdaa249c,1273097559,way,leisure,garden,,,,,,31.4464485,74.4304051,Lahore,Punjab,Pakistan,,,
94ba5d5b-32dd-58f4-993b-01e9d60fdf00,1273097560,way,leisure,garden,,,,,,31.4468745,74.4309327,Lahore,Punjab,Pakistan,,,
09fff3ec-90a6-5341-b342-705375b9427b,1273097563,way,shop,chemist,Hikma Pharmacy,,,,,31.4472206,74.4302464,Lahore,Punjab,Pakistan,,,
02a2ee37-c867-56bb-a1bf-6f17c660a3d8,1338257980,way,amenity,fuel,Euro Phase 9,,,,,31.4372284,74.436801,Lahore,Punjab,Pakistan,Euro,DHA,
e254fa40-2ab5-5fb1-bd07-3a64af1f7f99,1337956653,way,leisure,park,Phase 9 Town B Block Park,,,,,31.4417914,74.442972,Lahore,Punjab,Pakistan,,DHA Lahore,
e003db02-44ee-5c30-8833-31b8d8d7d6f6,1337976065,way,leisure,park,A Block Park,,,,,31.4449781,74.4426007,Lahore,Punjab,Pakistan,,DHA,
7df5b835-aa91-51bf-910e-bf89ddeacb33,544752847,way,leisure,park,Askari Park,,,,,31.4479867,74.4320685,Lahore,Punjab,Pakistan,,,
f6b9118c-8fb4-52fe-8159-76ca7be64259,1273044798,way,leisure,garden,,,,,,31.4526141,74.4325631,Lahore,Punjab,Pakistan,,,
d0178d6f-e237-5d43-9b16-0f587a8dba3b,1273056055,way,leisure,park,Park Sector B,,,,,31.4532233,74.4326631,Lahore,Punjab,Pakistan,,,
f7b447c2-ccc0-5384-9b06-4792244a947b,1273056057,way,natural,scrub,,,,,,31.4532765,74.43002,Lahore,Punjab,Pakistan,,,
41cb6d49-122f-55e4-a16d-325a6f6ec334,1273056058,way,natural,wood,,,,,,31.4533616,74.434448,Lahore,Punjab,Pakistan,,,
e7833a61-0e02-5edd-80ba-7c1419405a27,1273056059,way,leisure,park,,,,,,31.4507808,74.4340743,Lahore,Punjab,Pakistan,,,
3e554e65-1e62-576b-8505-0e32e4b5e4c3,1273056076,way,natural,water,,,,,,31.4514686,74.429886,Lahore,Punjab,Pakistan,,,
0041c14e-5105-540b-9138-3d6cf7473420,1273065277,way,natural,wood,,,,,,31.4500216,74.4322738,Lahore,Punjab,Pakistan,,,
5ac0c88c-e885-53dc-aa63-fd3b6ef814c9,1273065278,way,natural,wood,,,,,,31.4513821,74.4324408,Lahore,Punjab,Pakistan,,,
027b20bc-6c16-5548-89f5-5eb05a2fc1d4,1273065279,way,natural,scrub,,,,,,31.4529551,74.4337445,Lahore,Punjab,Pakistan,,,
448bc72a-cc73-5885-9c82-b945883c340d,1273065280,way,natural,wood,,,,,,31.4532825,74.4337969,Lahore,Punjab,Pakistan,,,
6f8d093c-df79-5f07-a1ac-4d287a6453be,1273065289,way,leisure,garden,,,,,,31.4522296,74.4355815,Lahore,Punjab,Pakistan,,,
bb25fb18-ac5a-51ad-a639-795cfc812377,1273065294,way,leisure,playground,,,,,,31.4478907,74.4327361,Lahore,Punjab,Pakistan,,,
07497f6b-bdc1-50f0-a12a-bbc47e492619,1273065295,way,leisure,pitch,,,,,,31.4483693,74.4326786,Lahore,Punjab,Pakistan,,,
76840981-4f16-50c2-9a63-9d2edfeeadc8,1273065297,way,amenity,food_court,,,,,,31.4481428,74.4334051,Lahore,Punjab,Pakistan,,,
9bc8e6bc-9321-56c7-94d3-5ad34347b4a4,1273079527,way,leisure,pitch,,,,,,31.4512641,74.4310746,Lahore,Punjab,Pakistan,,,
148011e8-796a-57aa-94b8-3e26bd9d976f,1273079528,way,leisure,pitch,,,,,,31.4513902,74.4304633,Lahore,Punjab,Pakistan,,,
206a8dea-d9b3-5e03-b968-5176c72ec27f,1273079529,way,leisure,playground,,,,,,31.4508565,74.4318179,Lahore,Punjab,Pakistan,,,
912936c0-b25f-544b-99ef-eb1543919788,1273079530,way,amenity,fast_food,BRGR - Askari 11,,,,,31.4511584,74.431955,Lahore,Punjab,Pakistan,,,
428ae1e8-49cd-5e9c-b290-aa42cc08d987,1273079531,way,leisure,garden,,,,,,31.4514196,74.4318612,Lahore,Punjab,Pakistan,,,
fa823c90-c298-5878-9449-ab48bade927c,1273079532,way,leisure,playground,,,,,,31.4481977,74.4322388,Lahore,Punjab,Pakistan,,,
5b8466f7-b521-54f1-91d2-ea3c46c4421f,1273079533,way,leisure,garden,,,,,,31.4485444,74.4319241,Lahore,Punjab,Pakistan,,,
b888d610-1c77-5b66-bddf-e56b762bc9cd,1273079536,way,amenity,fast_food,McDonald's,,,,,31.4517322,74.431669,Lahore,Punjab,Pakistan,McDonald's,,
72ca76e9-56c2-5294-b18d-da596ce07883,1273079537,way,amenity,parking,,,,,,31.4516573,74.4319641,Lahore,Punjab,Pakistan,,,
9d8df292-529c-58bf-a9a6-57aced7ff474,1273079538,way,amenity,parking,,,,,,31.4517693,74.4319829,Lahore,Punjab,Pakistan,,,
52fdb16e-9fda-570f-bcad-dbeba76bf5a2,1273079541,way,leisure,garden,,,,,,31.4518811,74.4305564,Lahore,Punjab,Pakistan,,,
88092f7e-321b-517c-84f2-5ab3da6927f3,1273079542,way,leisure,garden,,,,,,31.4519046,74.4307444,Lahore,Punjab,Pakistan,,,
74367f2b-9453-5856-9c2c-127cdf1c9047,1273079545,way,leisure,park,,,,,,31.4537763,74.431436,Lahore,Punjab,Pakistan,,,
8b7a7521-92aa-5ba1-b9a5-7f0062436d85,1273079546,way,leisure,pitch,,,,,,31.4537155,74.4309994,Lahore,Punjab,Pakistan,,,
476b5e51-4b7c-5e40-a7ee-d04c0f20c680,1273079547,way,landuse,commercial,,,,,,31.4524733,74.4334191,Lahore,Punjab,Pakistan,,,
c3a3594b-5186-5ca4-9282-6cae99323bab,1273079548,way,landuse,commercial,,,,,,31.4482197,74.4336688,Lahore,Punjab,Pakistan,,,
5d0382aa-fa91-546d-9634-cde2f3be29f4,1273079552,way,shop,mall,,,,,,31.4481121,74.4337728,Lahore,Punjab,Pakistan,,,
4db95cf5-b0d9-5134-8559-f238ccae6464,1273079553,way,amenity,parking,,,,,,31.448133,74.4334718,Lahore,Punjab,Pakistan,,,
446dd930-8444-5bac-a214-f772400422de,1273079554,way,amenity,parking,,,,,,31.4481291,74.4333835,Lahore,Punjab,Pakistan,,,
cfc44f33-a072-537e-9f9c-4e3a06168a24,1273079555,way,amenity,parking,,,,,,31.4483151,74.4337038,Lahore,Punjab,Pakistan,,,
c31bc389-f116-55ce-91fa-a7b2d607791e,1273079556,way,amenity,parking,,,,,,31.4481461,74.4336876,Lahore,Punjab,Pakistan,,,
6acb9b91-fbe8-5d4c-87ba-46eb03a48688,1273079557,way,amenity,parking,,,,,,31.4484603,74.4331545,Lahore,Punjab,Pakistan,,,
8bf1665a-7e61-5710-8d17-4aeac7afc82b,1273081807,way,natural,water,,,,,,31.447663,74.4334567,Lahore,Punjab,Pakistan,,,
478c7602-8808-58ba-b300-a98048edca75,1273086079,way,leisure,park,,,,,,31.4494175,74.4299448,Lahore,Punjab,Pakistan,,,
6f6ce00e-a976-5cea-b166-427472537547,1273086082,way,leisure,park,,,,,,31.4479926,74.4300473,Lahore,Punjab,Pakistan,,,
26397fb2-0f43-5695-afa2-65a6eb6dd1a1,232515888,way,leisure,park,,,,,,31.4603224,74.4337438,Lahore,Punjab,Pakistan,,,
dd53f6da-ab81-5e34-aed8-5ed6bf9d5584,959065610,way,amenity,place_of_worship,"Askari Heights Mosque, Sector B",,,,,31.4522508,74.4360202,Lahore,Punjab,Pakistan,,,
bb1709f3-21c5-555e-a6c5-ce57aa62756e,959078596,way,leisure,park,Sector B Park,,,,,31.4530956,74.4360041,Lahore,Punjab,Pakistan,,,
eae67a99-8ea4-59bd-8b5f-426e6dea036e,1000054743,way,leisure,park,Sector B Park,,,,,31.453431,74.4363347,Lahore,Punjab,Pakistan,,,
b7e642d4-859a-57df-84f4-6a057e360142,1267814863,way,leisure,park,Lake View Park,,,,,31.4514315,74.4306271,Lahore,Punjab,Pakistan,,,
ababa7b5-20b6-5ed9-8dcc-6b8063d45903,1273059582,way,amenity,fuel,Shell Askari 11,شیل,Shell,,,31.4540107,74.4330031,Lahore,Punjab,Pakistan,شیل,,
2eaa5961-daca-577d-a1ce-0f7f381e4dbc,1273065282,way,natural,wetland,,,,,,31.4556952,74.4359668,Lahore,Punjab,Pakistan,,,
321b648a-9fd0-5e14-8303-d5dd913b46c7,1273065283,way,natural,wetland,,,,,,31.4525385,74.4296472,Lahore,Punjab,Pakistan,,,
88515516-148d-5b09-9951-b506a123bf5a,1273065290,way,leisure,garden,,,,,,31.4521249,74.4358082,Lahore,Punjab,Pakistan,,,
b3024540-3fdb-5dda-a284-44374f07106e,1273079539,way,natural,scrub,,,,,,31.451602,74.4288529,Lahore,Punjab,Pakistan,,,
1153be59-7de9-5e24-b99e-455f3d26b070,1273108293,way,natural,scrub,,,,,,31.4538404,74.430728,Lahore,Punjab,Pakistan,,,
283bbf9d-3bd9-593b-94cd-65111173d25d,232515832,way,amenity,place_of_worship,"Jamia Masjid. Sector A, Askari 11",,,,,31.4599478,74.4333169,Lahore,Punjab,Pakistan,,,
45ed3633-296b-5a4b-b8cf-fc344af25d82,232515887,way,leisure,park,,,,,,31.4594385,74.4344421,Lahore,Punjab,Pakistan,,,
d3f57516-a894-5794-92f5-8d57af1d3d43,1273065281,way,natural,scrub,,,,,,31.4553653,74.4338261,Lahore,Punjab,Pakistan,,,
a1edc699-f3ac-54f8-a75d-dd38ffee57cb,1273056067,way,shop,mall,Askari Mall,,,,,31.4527175,74.4371036,Lahore,Punjab,Pakistan,,,
61ca5c22-ef53-59fc-87f4-bf815fe637e1,1273056068,way,leisure,fitness_centre,Iron Box Gym,,,,,31.4529341,74.4372204,Lahore,Punjab,Pakistan,,,
88dc5cc0-ce66-54b0-823f-3695f4bd0cce,1273056077,way,amenity,cafe,Gloria Jean's,,,,,31.453058,74.4370129,Lahore,Punjab,Pakistan,Gloria Jean's,,
c65c16a7-8875-58ae-b6ea-4513d5bd52ae,1273059568,way,leisure,park,Children's Park,,,,,31.4498567,74.4372257,Lahore,Punjab,Pakistan,,,
6386cd0c-4ca3-5727-bba3-e0842b493369,1273065287,way,leisure,garden,,,,,,31.4520489,74.4362125,Lahore,Punjab,Pakistan,,,
5560f9a0-8d00-5bd9-961b-1f04610e5fe4,1273086052,way,leisure,pitch,,,,,,31.4537403,74.436746,Lahore,Punjab,Pakistan,,,
964d2d3a-dbc3-5e2b-8bc9-0a9cfa1090bf,1273086054,way,leisure,playground,,,,,,31.4538272,74.4362912,Lahore,Punjab,Pakistan,,,
81ade4ba-2ce4-50d2-aa65-9d8ddaaf8977,1273086055,way,leisure,pitch,,,,,,31.4534369,74.4361081,Lahore,Punjab,Pakistan,,,
53fb4952-baf8-5e30-81f8-6bc1cd48ce14,1273086056,way,leisure,pitch,,,,,,31.4536965,74.4361001,Lahore,Punjab,Pakistan,,,
66499621-f3ed-55c7-b43d-4f4f42e2e00e,1273086057,way,leisure,pitch,,,,,,31.4536422,74.4362957,Lahore,Punjab,Pakistan,,,
9840abae-7faa-5665-bf97-b15e91cecde9,959079246,way,leisure,park,Askari Heights 1 Park,,,,,31.4543165,74.436309,Lahore,Punjab,Pakistan,,,
ad6c9de0-7505-5a46-bb38-b985e9283c49,1135040273,way,amenity,place_of_worship,The Salvation Army Church Lidher,,,,,31.457662,74.4418266,Lahore,Punjab,Pakistan,,,
85b8dcb7-31fd-5fde-ae8d-510706b2bcac,913261107,way,leisure,swimming_pool,,,,,,31.4550761,74.4437528,Lahore,Punjab,Pakistan,,,
59083f75-e9de-5b78-b937-91e272ecca8f,543466021,way,leisure,park,,,,,,31.4668444,74.4282686,Lahore,Punjab,Pakistan,,,
5a9e5f1c-102b-599f-bae4-e7a0858ec9d6,546075949,way,shop,electronics,MASTER ELECTRIC COMPANY,,,,,31.469623,74.429224,Lahore,Punjab,Pakistan,,,
3ed15ecb-2f4b-5121-b019-488dae25cac7,1267065407,way,landuse,residential,A Block,,,,,31.4670811,74.438228,Lahore,Punjab,Pakistan,,,
282a10f2-ddfa-5bb6-acc0-b7556cad4267,1361438542,way,shop,mall,Dolmen Mall,,,,,31.4671088,74.4358371,Lahore,Punjab,Pakistan,,Dolmen,
8570a238-f527-5811-83e7-e9123623e045,546073642,way,shop,hardware,Defence Plywood And Hardware Store,,,,,31.4698285,74.4289277,Lahore,Punjab,Pakistan,,,
dc56f63b-8075-5dfc-aa33-8c90b0ef75d8,543673720,way,amenity,place_of_worship,Shah Jamal Mosque,,,,,31.4708758,74.4332548,Lahore,Punjab,Pakistan,,,
ddec812c-ab63-5785-81eb-c8b12c0db920,546076777,way,shop,electronics,Akbar Electric Store,,,,,31.4694222,74.4294941,Lahore,Punjab,Pakistan,,,
1c6d9112-0a93-5253-9752-ecc83727f44e,546077288,way,shop,electronics,Punjab Electric Company,,,,,31.4690454,74.4295621,Lahore,Punjab,Pakistan,,,
7c3d1db1-e18a-5435-9442-e242adcd3054,911459642,way,natural,wood,,,,,,31.413477,74.4574056,Lahore,Punjab,Pakistan,,,
51e7de8b-4240-5f30-905a-316fb6f73fd9,1047318612,way,landuse,residential,,,,,,31.4207341,74.4592188,Lahore,Punjab,Pakistan,,,
7a57bcf7-9607-57c9-b768-a4492ae0daad,726613666,way,leisure,park,,,,,,31.4200692,74.4572536,Lahore,Punjab,Pakistan,,,
d89a4c92-c600-5abf-93b5-0f68392c99f1,961551539,way,landuse,residential,,,,,,31.4089734,74.488337,Lahore,Punjab,Pakistan,,,
d9a2212f-9323-5e35-8491-c29f45fe8891,961551538,way,landuse,industrial,,,,,,31.4163231,74.4861911,Lahore,Punjab,Pakistan,,,
eb06421d-6a69-530c-b00e-7638f6990bfd,628500912,way,landuse,residential,DHA Phase 7,,,,"Adding the DHA Phase 7, Lahore boundary",31.4641772,74.4851556,Lahore,Punjab,Pakistan,,,
1483f3e3-d18e-522d-a417-6a6dfa290e03,560590549,way,landuse,residential,,,,,,31.4285429,74.4962921,Lahore,Punjab,Pakistan,,,
06bd36ea-cba7-592c-adc0-c11d28d0c3a1,560590548,way,landuse,residential,,,,,,31.4386412,74.4956899,Lahore,Punjab,Pakistan,,,
f3c651d8-a492-562f-ad11-5c1c5b38d6bd,1085728429,way,landuse,residential,DHA Phase 6 - Sector G,,,,,31.4721306,74.4550106,Lahore,Punjab,Pakistan,,,
8ee3367d-17cf-5766-ba52-c202f34453cb,232325592,way,natural,water,,,,,,31.4642359,74.4720437,Lahore,Punjab,Pakistan,,,
10ee75b6-3d2b-52d0-8985-27655137578f,232325593,way,natural,water,,,,,,31.4647162,74.4681856,Lahore,Punjab,Pakistan,,,
4e05d49e-f25d-5d21-9416-1f3308b4357b,232325597,way,natural,water,,,,,,31.4690281,74.4689072,Lahore,Punjab,Pakistan,,,
dc4a0cc7-5cac-50e6-8148-f94d50e5e3e2,232325598,way,natural,water,,,,,,31.4726084,74.4703991,Lahore,Punjab,Pakistan,,,
92f0e3ec-84c0-5489-9c40-786cd70a9e6f,232325601,way,natural,water,,,,,,31.4707661,74.4744444,Lahore,Punjab,Pakistan,,,
23a498ac-8fc1-5069-b2bd-e5a903508cf0,232325602,way,natural,water,,,,,,31.4687385,74.4746799,Lahore,Punjab,Pakistan,,,
4b2ec7f9-061f-5643-bbd5-a2a1f2587798,1085728427,way,leisure,park,Sector H-Park,,,,,31.474975,74.4534132,Lahore,Punjab,Pakistan,,,
7f4b3af0-6965-5bc9-b7e0-674cfcb41829,19424412,relation,landuse,residential,,,,,,31.4150212,74.4843795,Lahore,Punjab,Pakistan,,,
70fdccdb-2187-5667-be35-20ea421c1032,9313233697,node,place,village,اسمائیل پورہ,,Isma'il Pura,,,31.4822814,74.4268823,Lahore,Punjab,Pakistan,,,
15cc80ba-80ad-5bfe-ad8f-960592377c5c,9313233694,node,place,village,گوہاوہ,گوہاوہ,Gohawa,,,31.4927778,74.4277851,Lahore,Punjab,Pakistan,,,
e312df53-05d4-5939-b13c-f6b746ac69e7,5097622421,node,shop,car_repair,Squad One,,Squad One,,,31.4959316,74.4286606,Lahore,Punjab,Pakistan,,,
19e9c48b-d1e9-514c-9cf2-69f59b296794,2406603131,node,place,village,ٹبہّ,ٹبہّ,Tibba,,,31.4953514,74.4321186,Lahore,Punjab,Pakistan,,,
0605849b-9453-5362-98c5-b4922667bce2,9313233695,node,place,neighbourhood,گرین اوینیو,گرین اوینیو,Green Avenue,,,31.4978629,74.4295594,Lahore,Punjab,Pakistan,,,
5f1fc308-b2b9-55a9-9cf2-32745f460a57,11119915827,node,office,company,Crescent Marketing,,,,,31.4992641,74.4315246,Lahore,Punjab,Pakistan,,,
488f94ff-c12a-57eb-8342-142d5cb0f047,2405717742,node,place,village,سہجپال,سہجپال,Sehajpal,,,31.5057189,74.4342595,Lahore,Punjab,Pakistan,,,
eeaf6cac-8b65-5b96-a35d-c90ce7052a3a,5154091833,node,tourism,artwork,Green Studio Architects,,,,,31.5002741,74.4307271,Lahore,Punjab,Pakistan,,,
701a8f45-b72b-5043-812a-e57662a6559c,8583365138,node,shop,furniture,Waqar Furniture,,,,,31.506007,74.4343911,Lahore,Punjab,Pakistan,,,
6a6f869c-da97-5e35-ba91-0fcb5cb58b1b,2405717743,node,place,village,جگیاں الفاء,جگیاں الفاء,Jhugian Alfa,,,31.5038794,74.4395833,Lahore,Punjab,Pakistan,,,
acd1269e-5580-5630-8c99-7019b43a3ee7,5105878821,node,amenity,atm,,,,,,31.5110982,74.4362012,Lahore,Punjab,Pakistan,,abl bank,
ef9d5b9b-b673-5d2d-b786-797d1b19e2c0,5142436922,node,tourism,guest_house,Hanif Gust House,,,,,31.5099559,74.4381724,Lahore,Punjab,Pakistan,,,
558f487c-483f-5cef-97cc-e6ee1205ced0,2405717744,node,place,village,ملک پور,,Malakpur,,,31.5166039,74.4324008,Lahore,Punjab,Pakistan,,,
444f95cd-0e00-5e40-a151-ceb5ac0abcd0,3408077749,node,shop,supermarket,EURO Store,,,,,31.5202639,74.4397261,Lahore,Punjab,Pakistan,,,
29d4e6fe-7dea-5f7a-9961-5af6e53d4beb,3408079237,node,amenity,bank,یونائیٹڈ بینک لمیٹڈ,یونائیٹڈ بینک لمیٹڈ,United Bank Limited,,,31.5224732,74.4387491,Lahore,Punjab,Pakistan,یونائیٹڈ بینک لمیٹڈ,,
4edd9232-3e50-5c99-8145-7cf5a8db4f8a,3404416460,node,amenity,fuel,پاکستان اسٹیٹ آئل,پاکستان اسٹیٹ آئل,Pakistan State Oil,,,31.5250221,74.4482495,Lahore,Punjab,Pakistan,پاکستان اسٹیٹ آئل,,
846f5d69-c19a-56b2-8b48-15e8c2cfbcab,2405776573,node,place,village,ڈیڑھ پنڈی,ڈیڑھ پنڈی,Derh Pindi,,,31.528114,74.4260654,Lahore,Punjab,Pakistan,,,
1bda950a-b17b-5d2e-bcf3-78b6c356152e,2405776571,node,place,village,باؤ والا,باؤ والا,Baoowala,,,31.5294773,74.437482,Lahore,Punjab,Pakistan,,,
e0b2538d-9d48-53a4-a4c8-806e3ca69377,2405776572,node,place,village,Dograi,,,,,31.5283208,74.4457328,Lahore,Punjab,Pakistan,,,
1c78747c-c278-54bb-9448-1d6365703a31,3404409630,node,amenity,bank,United Bank Ltd,,,,,31.5269494,74.4458878,Lahore,Punjab,Pakistan,,UBL,
4220e8b3-48ee-5372-a804-0051482acde4,12607046001,node,amenity,restaurant,لاہور چٹخارا,,Lahore Chatkhara,,,31.4840446,74.4571508,Lahore,Punjab,Pakistan,,,
2b465874-0be1-5375-9b84-fc3e9b8b3128,11533157069,node,office,company,,,,,,31.4781652,74.4694032,Lahore,Punjab,Pakistan,,,
db6e89a1-bb17-59bf-820c-35decaffecb8,8851381933,node,place,village,جندڑا کلاں,,Jindra Kalan,,,31.494443,74.4555387,Lahore,Punjab,Pakistan,,,
20d0f776-3cd1-56d0-8d3a-6c389b04c893,8851381937,node,place,village,ڈھیرا,,Dhira,,,31.475751,74.4821431,Lahore,Punjab,Pakistan,,,
7c8437d2-7b72-54c3-aabe-33b49c13a854,10682740113,node,amenity,fuel,Attock Petrol Station,,,,,31.4776502,74.486532,Lahore,Punjab,Pakistan,Attock,DHA,
96734397-95cd-5743-891d-bba57dc7d932,9672076976,node,office,estate_agent,Estate 99 (PVT) Ltd,,,,,31.4829123,74.4984925,Lahore,Punjab,Pakistan,,,
589b43d0-c3c4-54ba-b0b1-0e561abde72e,8851381936,node,place,village,بھنگالی,,Bhangali,,,31.4896948,74.4774475,Lahore,Punjab,Pakistan,,,
6fcad054-4bdc-58a5-aada-951c61923da9,8851381938,node,place,village,بھائی والا,,Bhaiwala,,,31.491905,74.4946829,Lahore,Punjab,Pakistan,,,
4b2e5d20-77f3-5cd1-9309-26c237f09be5,9395441212,node,place,village,حسن آباد,,Hassan Abad,,,31.4940455,74.4972879,Lahore,Punjab,Pakistan,,,
7e1fa690-b0e1-51a1-b2c0-d59edb41034e,8851381932,node,place,village,جندڑی,,Jindri,,,31.5056128,74.4559728,Lahore,Punjab,Pakistan,,,
3341166b-4025-5e57-b822-94ec1cca218e,4373128291,node,amenity,police,barqi police,,barqi police,,,31.5149447,74.4619521,Lahore,Punjab,Pakistan,,,
95086937-4e67-596d-b22d-0e03f98e3c99,9395452789,node,place,village,کلاس ماڑی,,Kalas Mari,,,31.51942,74.4564291,Lahore,Punjab,Pakistan,,,
dc147fc9-80e1-57cb-8385-e3d0edd33542,4476347494,node,shop,department_store,Al fatah,,Al fatah,,,31.5247065,74.4526384,Lahore,Punjab,Pakistan,,,
e83f7825-ac08-5ea8-937a-a21a72701602,6448050385,node,amenity,restaurant,Street 360 Food Court,,,,,31.52185,74.4510342,Lahore,Punjab,Pakistan,,,
0a9e932d-e727-5e79-86e0-d25bd8311ede,6448050585,node,amenity,restaurant,Arif Chatkhara House,,,,,31.5219998,74.4509326,Lahore,Punjab,Pakistan,,,
3858dabe-0042-5a69-a806-035d33fa0171,7897309391,node,amenity,restaurant,پیزا ہٹ,پیزا ہٹ,Pizza Hut,,,31.5240877,74.4524118,Lahore,Punjab,Pakistan,پیزا ہٹ,,
74dc7531-b11c-55de-b2e4-b95a1df73a14,4512429090,node,shop,clothes,Ahsaan Home,,,,,31.5244494,74.4579063,Lahore,Punjab,Pakistan,,,
e7669641-13f3-52bf-86cb-af7630350661,4724582491,node,place,neighbourhood,Imperial Garden,,,,,31.5247262,74.4570388,Lahore,Punjab,Pakistan,,,
319e65df-55f9-517c-8767-7b6a22364863,8851381931,node,place,village,درگ پورہ,,Durgpura,,,31.513171,74.462719,Lahore,Punjab,Pakistan,,,
f1644f3f-3207-5ede-8590-60400244ce5d,8662676484,node,place,village,بہادر سنگھوالہ,,Bahadur Singhwala,,,31.5028561,74.4962686,Lahore,Punjab,Pakistan,,,
4c4916d3-176e-582c-9621-c8070620f265,8662676485,node,place,village,سادو,,Saado,,,31.5064797,74.4988959,Lahore,Punjab,Pakistan,,,
584764c5-b6c8-5285-a864-230041e7ba83,11619859328,node,place,village,Rakh Bhangali,,,,,31.5138338,74.4823656,Lahore,Punjab,Pakistan,,,
44aa12d5-d6eb-556d-83f9-807e8f02b442,8851381930,node,place,village,چغلپورہ,,Chughalpura,,,31.5244839,74.4795975,Lahore,Punjab,Pakistan,,,
d5f332f0-5be3-54af-be1e-6f24f8e342b9,4303407589,node,amenity,restaurant,Aroma Grill,,,,,31.5261593,74.4535785,Lahore,Punjab,Pakistan,,,
9568615e-7432-5fb0-986c-89daead87c3a,9313233692,node,place,suburb,پیراگون سٹی,پیراگون سٹی,Paragon City,,,31.5304733,74.4531582,Lahore,Punjab,Pakistan,,,
e7d76a2b-7206-5b21-b3d5-9789b784e792,5576930723,node,natural,wood,,,,,,31.5304732,74.4641693,Lahore,Punjab,Pakistan,,,
bd760d3f-4f5e-5815-93a5-65e6c21535e4,8851381926,node,place,village,پھلر واں,,Phullar Wan,,,31.5358559,74.4645263,Lahore,Punjab,Pakistan,,,
995b3e5e-e46a-593e-8d54-3954fdcadf74,8851381925,node,place,village,منڈیان والا,,Mandian Wala,,,31.5456798,74.4899573,Lahore,Punjab,Pakistan,,,
58be01fd-2fb1-5222-a4f1-f1e7be540b3a,9395490986,node,place,village,دھوری,دھوری,Dhoori,,,31.5405473,74.4962499,Lahore,Punjab,Pakistan,,,
bfe85869-cd7c-5a66-9544-65683e78cc73,627253107,way,place,neighbourhood,Paragon city,,,,,31.5365706,74.4635539,Lahore,Punjab,Pakistan,,,
90fb40b6-96f6-56d7-bcda-c1eb3ebb636a,543665797,way,amenity,place_of_worship,Jamia Masjid Al-Badar,,,,,31.4787542,74.4260229,Lahore,Punjab,Pakistan,,,
c115dca4-2865-536a-9f40-d845d808b7bf,543667701,way,amenity,fuel,Station Service E. Leclerc,,,,1,31.4756902,74.4259445,Lahore,Punjab,Pakistan,,,
0f3bde2b-8c1d-5e1f-b398-f7a4370bcee4,686564111,way,leisure,park,,,,,,31.4861827,74.436374,Lahore,Punjab,Pakistan,,,
e780dd3e-26b2-5220-9bb4-2f8ee92a500f,543664102,way,amenity,place_of_worship,Chaar Minari Masjid,,,,,31.4848175,74.4275784,Lahore,Punjab,Pakistan,,,
84b7ee6e-2fa4-55cb-be36-3f20830136f2,543665070,way,amenity,place_of_worship,Jamia Masjid Fatima,,,,,31.4808263,74.4296281,Lahore,Punjab,Pakistan,,,
51b19d4a-1902-51d7-8029-0a634dcac341,686085294,way,leisure,park,,,,,,31.476154,74.4404015,Lahore,Punjab,Pakistan,,,
d19b9c3b-50ce-5752-a376-7a680e5f23cd,1203874777,way,office,estate_agent,MAAN ESTATE,رئیل اسٹیٹ,Real Estate,,,31.4762843,74.447095,Lahore,Punjab,Pakistan,,,
c1a38685-96e5-554b-91b7-0536144c857d,686564112,way,leisure,park,,,,,,31.4818947,74.449279,Lahore,Punjab,Pakistan,,,
cf932499-b033-524a-bb1d-5ce206f1011e,686564113,way,leisure,park,,,,,,31.4797136,74.446251,Lahore,Punjab,Pakistan,,,
7a278db5-ce5a-5f54-af73-96364121269a,686564114,way,leisure,park,,,,,,31.4819806,74.4458216,Lahore,Punjab,Pakistan,,,
f12e2621-b776-572d-85bc-5eb278df2cac,683344197,way,amenity,place_of_worship,Mewati Masjid 03024437422,,,,,31.4908937,74.4256812,Lahore,Punjab,Pakistan,,,
64dd47bc-8e1c-5e8b-8381-8fba2dd63d97,798376521,way,leisure,park,,,,,,31.4918713,74.4270338,Lahore,Punjab,Pakistan,,,
6ec6a298-06e6-5ed8-8e22-c7978ba4d105,799810271,way,leisure,park,,,,,,31.4925187,74.4264165,Lahore,Punjab,Pakistan,,,
67f39859-19f9-5735-aee7-472dae3de3b6,542242272,way,tourism,hotel,"Grand Hotel, Lahore",,,,,31.491436,74.4307939,Lahore,Punjab,Pakistan,,,
d322ee9a-f799-5636-be53-5b2adc95c2d9,1135039283,way,amenity,place_of_worship,The Salvation Army Church Gohawa,,,,,31.4917332,74.4298979,Lahore,Punjab,Pakistan,,,
bdbd3fc3-8bee-57eb-96d2-c775eb9d7b19,686793498,way,leisure,park,,,,,,31.4967352,74.4365306,Lahore,Punjab,Pakistan,,,
115e84d7-5881-5dc4-a83f-60d919620965,232125613,way,leisure,park,,,,,,31.4985635,74.4263582,Lahore,Punjab,Pakistan,,,
04b7bc12-6c6f-543c-9a6e-a5d3d22e389e,541282963,way,amenity,place_of_worship,Jamia Masid Noor Mustafa,,,,,31.4962999,74.4258878,Lahore,Punjab,Pakistan,,,
a1451262-2810-5d33-94b6-ce484054fe18,541330379,way,healthcare,clinic,Noor Clinic,نور کلینک,,,,31.4964558,74.4259801,Lahore,Punjab,Pakistan,,,
dea5e360-73fb-5941-904b-b353889eec37,541820337,way,landuse,residential,,,,,,31.4960227,74.4257078,Lahore,Punjab,Pakistan,,,
86d07eab-5e7e-5809-971b-5413fbc3a2c7,791889117,way,leisure,park,,,,,,31.4958014,74.4268556,Lahore,Punjab,Pakistan,,,
e8d35c94-b316-5519-b1c4-c1be0c09a435,798376400,way,leisure,park,,,,,,31.4938729,74.4251914,Lahore,Punjab,Pakistan,,,
e6d8e263-fed3-5c20-8f33-71a38cd52d19,791769321,way,amenity,place_of_worship,,,,,,31.4954086,74.4323937,Lahore,Punjab,Pakistan,,,
ca4375df-9cb7-5879-b538-2852857fefb9,686564110,way,leisure,park,,,,,,31.4885492,74.4394194,Lahore,Punjab,Pakistan,,,
876ed8fa-b17b-5469-8be4-4cfe52c193f5,686793387,way,leisure,park,,,,,,31.487713,74.4482853,Lahore,Punjab,Pakistan,,,
15ad3677-c068-500b-8afc-fa4d99f1919c,686793472,way,leisure,park,,,,,,31.4947822,74.4428502,Lahore,Punjab,Pakistan,,,
2fe443c6-335c-5bbf-a076-37ed9b6a7d49,550605319,way,office,company,Solutions Engineering Pvt. Ltd,,,,,31.5034644,74.4264931,Lahore,Punjab,Pakistan,,,
d994772b-ddb5-50de-b1cb-ebaf7dd70e05,550605320,way,office,estate_agent,Leads Estates,,,,,31.5032625,74.4265004,Lahore,Punjab,Pakistan,,,
af053b08-a27e-5a78-bbdf-dc616a3502e2,1148162533,way,amenity,fast_food,McDonald's,,,,,31.5051237,74.4256034,Lahore,Punjab,Pakistan,McDonald's,,
9a4b0964-50b0-567a-97b3-b87b8e87e405,690113082,way,amenity,place_of_worship,Jamia Masjid Sehajpal,,,,,31.5056509,74.4353872,Lahore,Punjab,Pakistan,,,
5918bb60-f588-5856-8cbb-3870b9844851,686614132,way,office,company,Mughals Pakistan Pvt. Ltd.,,,,,31.5121309,74.4290804,Lahore,Punjab,Pakistan,,,
1b408b7a-142c-511d-9db2-792752bde792,690113080,way,amenity,place_of_worship,Masjid O Imam Bargah Sehajpal,,,,,31.5064299,74.4356715,Lahore,Punjab,Pakistan,,,
97dd3d2c-0625-58d2-b1ab-fb4aac621b79,690138710,way,leisure,park,DHA Park,,,,,31.513158,74.4358043,Lahore,Punjab,Pakistan,,,
60a9f387-bb59-5278-8185-90d5f83a441e,686614130,way,shop,furniture,Tinny Minny Home Decor,,,,,31.5109511,74.4304217,Lahore,Punjab,Pakistan,,,
4c6ed141-cf3c-5519-8a16-3a4d2c75fd2c,688592410,way,leisure,park,Park Lahore Pakistan,,,,,31.5101879,74.4341613,Lahore,Punjab,Pakistan,,,
239dff59-025c-5a4b-a8c0-24431e92a89d,688592602,way,leisure,park,BBCPL Park,,,,,31.5100441,74.4326538,Lahore,Punjab,Pakistan,,,
305a58a2-9cf2-55cb-adc0-6e575a48c6cb,688592603,way,shop,supermarket,Freshly,,,,,31.5104663,74.4330116,Lahore,Punjab,Pakistan,,,
f1ee1f74-c56c-5f4f-8f29-2a52710ea337,690113078,way,leisure,park,Eden City Park,,,,,31.5076871,74.4341106,Lahore,Punjab,Pakistan,,,
c7607f43-9e48-5bf3-accd-da0e45af368a,688588951,way,shop,supermarket,Grossen 21,,,,,31.5016858,74.4456637,Lahore,Punjab,Pakistan,,,
4d3fd104-ec71-5d95-9de8-74ae63e83fed,688589708,way,leisure,park,Sec Q Park,,,,,31.5007869,74.4469574,Lahore,Punjab,Pakistan,,,
fa492c22-a3d5-5cc5-9e15-509ae53262e6,687345124,way,leisure,park,DHA street 9 park,,,,,31.5064333,74.4378645,Lahore,Punjab,Pakistan,,,
4f259759-48df-5301-ad8d-c27283ad3394,688590413,way,leisure,park,Street 10 Park,,,,,31.5080485,74.4394092,Lahore,Punjab,Pakistan,,,
8999c5ba-8d8b-5f44-91c9-b41e04d2698a,688590800,way,leisure,park,M Sector Park,,,,,31.5082786,74.4381252,Lahore,Punjab,Pakistan,,,
37c0028b-832c-50c2-b76d-ef39c532ac37,688590801,way,amenity,place_of_worship,DHA Phase 8 Masjid,,,,,31.5100449,74.4370331,Lahore,Punjab,Pakistan,,,
e9d02742-ccac-5cc7-a2f0-dceacf054863,688590805,way,leisure,park,DHA Phase 8 Park,,,,,31.5090188,74.4369264,Lahore,Punjab,Pakistan,,,
e990a9a6-eba0-5dd0-8563-e6db11439b2b,690138706,way,leisure,park,DHA Park,,,,,31.5123774,74.4367728,Lahore,Punjab,Pakistan,,,
58e86834-bb0e-5ef6-a984-115e0574a616,690138708,way,office,estate_agent,National Estate and Builders,,,,,31.5108682,74.4373523,Lahore,Punjab,Pakistan,,,
2c1bf9bf-d3f4-57c1-b194-d16f708134f0,690171975,way,leisure,park,,,,,,31.5114888,74.4394454,Lahore,Punjab,Pakistan,,,
c8948e35-5d2d-54ee-84e3-be7cd95c62d0,688586848,way,leisure,park,Sec P Park,,,,,31.5106132,74.4436814,Lahore,Punjab,Pakistan,,,
13cbbb39-80dd-521e-84cf-6d57a37416f3,688586849,way,tourism,hotel,DHA Palace Hotel,,,,,31.5083394,74.4429061,Lahore,Punjab,Pakistan,,,
ef1a9297-57a5-52a0-8310-e389deb7a6fb,686607612,way,leisure,park,,,,,,31.5161292,74.4271598,Lahore,Punjab,Pakistan,,,
6a5dd711-8cb2-5ab4-95f5-8736449cb242,686607613,way,amenity,place_of_worship,Jamia Masjid Ahl-e-Hadees,,,,,31.5168757,74.4319434,Lahore,Punjab,Pakistan,,,
75c0ee75-f718-5fde-ad5d-7f12b894503b,686607614,way,amenity,place_of_worship,Jamia Masjid Norani Faizan Madina,,,,,31.516659,74.4312029,Lahore,Punjab,Pakistan,,,
86404ad6-9f83-5035-ad56-a189582d453f,686849535,way,amenity,place_of_worship,Jamia Masjid Baitul Ateeq,,,,,31.5181065,74.4337073,Lahore,Punjab,Pakistan,,,
7cbfde0f-0b7b-55ec-9f33-a156de1ddfd8,686605189,way,leisure,park,Sec F Park,,,,,31.5234837,74.4258859,Lahore,Punjab,Pakistan,,,
9237d4ae-f98c-5e61-90bf-32760b8e2b59,686605190,way,leisure,sports_centre,Sports Complex F Block,,,,,31.5234946,74.4274727,Lahore,Punjab,Pakistan,,,
f9b51a35-5d2a-5a42-97de-91c93ac98959,232205312,way,leisure,park,Theme Park DHA Phase 8,,,,,31.5227648,74.4342197,Lahore,Punjab,Pakistan,,,
a6e5808c-8ebf-5ac8-b980-c22b225ca521,232205313,way,natural,water,,,,,,31.5226855,74.4345774,Lahore,Punjab,Pakistan,,,
adfe68d9-716c-5f4b-8788-8b69280ac9ae,690138711,way,leisure,park,,,,,,31.5139844,74.4369561,Lahore,Punjab,Pakistan,,,
303cdea7-bc19-56bf-9ce1-b7722fa1474d,690138713,way,leisure,park,Eden City Small Park,,,,,31.5148668,74.4403329,Lahore,Punjab,Pakistan,,,
b3cfb43f-02ae-5856-b676-d931ac5a618b,232210026,way,leisure,park,,,,,,31.5190903,74.4449673,Lahore,Punjab,Pakistan,,,
7c3f3c07-74df-57d1-b98a-00aff4f30f54,688586278,way,amenity,place_of_worship,C Block Masjid,,,,,31.5196137,74.4489857,Lahore,Punjab,Pakistan,,,
0ef3a9d7-0527-5510-a2c5-90efe9838df0,691409562,way,amenity,fuel,Attock Petrol Pump,,,,,31.5261653,74.4469815,Lahore,Punjab,Pakistan,Attock,,
207803d9-8b6b-510b-a1b3-a75b5724024f,690180998,way,leisure,park,Park Sector D,,,,,31.5234308,74.4410298,Lahore,Punjab,Pakistan,,,
d1ab93e8-de0d-5486-831e-97b14a77f68e,687498005,way,shop,car_repair,ZIC Service Center,,,,,31.5257353,74.4467213,Lahore,Punjab,Pakistan,,,
991c45e8-02e6-5dd7-b3d7-ebbf980597ba,687498525,way,shop,chemist,We Care Pharmacy,,,,,31.5255063,74.4470321,Lahore,Punjab,Pakistan,,,
19bb7646-e266-5ffc-8642-da85bdcddecb,688558042,way,amenity,fast_food,Outpost BYOB,,,,,31.5220486,74.4475305,Lahore,Punjab,Pakistan,,,
f18f00d0-8158-5ea2-bba1-0e9a256e155a,688558043,way,amenity,restaurant,Chai Shaai,,,,,31.5219193,74.4477371,Lahore,Punjab,Pakistan,,,
185c2d95-1f4a-58cd-a0db-57d0beab7da1,690180992,way,amenity,place_of_worship,D-Block Mosque,,,,,31.5229945,74.4448344,Lahore,Punjab,Pakistan,,,
0dc32c09-d84e-5090-80ab-6d253a644762,691413148,way,amenity,fuel,پاکستان اسٹیٹ آئل,پاکستان اسٹیٹ آئل,Pakistan State Oil,,,31.5249642,74.4484043,Lahore,Punjab,Pakistan,پاکستان اسٹیٹ آئل,,
ef35fb54-9a66-5bb7-bed2-da51b0a6f17d,686569580,way,amenity,place_of_worship,Masjid Baba Jalal,,,,,31.5290331,74.4252637,Lahore,Punjab,Pakistan,,,
5d3631c4-5667-5453-b112-810c48749065,234982159,way,leisure,park,,,,,,31.5397099,74.4280224,Lahore,Punjab,Pakistan,,,
12d02168-40f8-5ebc-bb9a-ff05c18d3fba,234986323,way,leisure,park,,,,,,31.5368976,74.4271518,Lahore,Punjab,Pakistan,,,
48c379bd-7f6e-5619-a128-a6942797fa25,234986324,way,leisure,park,,,,,,31.5383608,74.4267497,Lahore,Punjab,Pakistan,,,
35385e1c-23fc-5bcd-a4f8-e4129cee9ad9,687496890,way,leisure,park,,,,,,31.5265121,74.4451272,Lahore,Punjab,Pakistan,,,
099dbf93-2955-52c9-a30b-15abfbdaa4b2,687496891,way,leisure,park,,,,,,31.5264026,74.4454081,Lahore,Punjab,Pakistan,,,
04f385e6-fad0-53f1-9b53-cfe9f5736071,691385020,way,amenity,bank,یونائیٹڈ بینک لمیٹڈ,یونائیٹڈ بینک لمیٹڈ,United Bank Limited,,,31.5268846,74.4458364,Lahore,Punjab,Pakistan,یونائیٹڈ بینک لمیٹڈ,,
c0632c9e-d6b4-5c25-b1bb-5acb344d92dc,699576183,way,leisure,park,,,,,,31.5365652,74.4473474,Lahore,Punjab,Pakistan,,,
5dbb6583-54d0-5ace-9eb5-5eef919e26ff,699576478,way,healthcare,clinic,Mother And Child Health Clinic,ماں اور بچے کی صحت کا کلینک,,,,31.5381669,74.4479085,Lahore,Punjab,Pakistan,,,
4e61727a-1c0c-5282-9adb-50fb3580ec18,234982160,way,leisure,park,,,,,,31.5406373,74.4272401,Lahore,Punjab,Pakistan,,,
c2f66b64-7988-5034-ac3f-0cd4dd60d804,234982599,way,leisure,park,,,,,,31.5419603,74.4253873,Lahore,Punjab,Pakistan,,,
f5977799-ce74-51eb-8839-64800b2bbbb4,234982604,way,leisure,park,,,,,,31.5428321,74.4264842,Lahore,Punjab,Pakistan,,,
399db375-bc3f-5f5e-b738-58051592472d,234984722,way,leisure,park,,,,,,31.5427942,74.425881,Lahore,Punjab,Pakistan,,,
ddea121c-0589-593f-865a-aa4b7574f31c,233416274,way,leisure,park,,,,,,31.5463696,74.4281534,Lahore,Punjab,Pakistan,,,
5f939d5f-ed68-5426-9a13-21f12237186b,233792844,way,leisure,park,,,,,,31.5522758,74.4310938,Lahore,Punjab,Pakistan,,,
f49990f8-b0b5-5fa8-a129-69395cf50fc3,722139284,way,amenity,place_of_worship,Aik Minar Wali Masjid,,,,,31.5481512,74.427265,Lahore,Punjab,Pakistan,,,
5be82b72-f931-5632-9d37-e8fb451e0012,699618881,way,amenity,place_of_worship,Mehfooz Shaheed Garrison Mosque,,,,,31.5479555,74.436999,Lahore,Punjab,Pakistan,,,
2606150e-5845-5569-a806-d682ac89e9ff,699618882,way,leisure,park,Baoli Amusement Park,,,,,31.548459,74.4387407,Lahore,Punjab,Pakistan,,,
345ad628-7dcb-55f8-aef8-cbf819fbe81b,1148167115,way,amenity,fuel,Total- Phase 6 DHA,,,,,31.4792752,74.4510229,Lahore,Punjab,Pakistan,Total,DHA,
69d53577-5e95-51a1-a76d-7b671220534d,686793333,way,leisure,park,,,,,,31.4868884,74.4510097,Lahore,Punjab,Pakistan,,,
13f1be23-1f7f-5dd9-8f38-415dc2eaa257,1047318616,way,landuse,residential,,,,,,31.5246424,74.4942913,Lahore,Punjab,Pakistan,,,
470f740f-56b4-5cb9-af1b-663ed686ed7a,319303059,way,leisure,park,Park Sector J,,,,,31.4821449,74.4592113,Lahore,Punjab,Pakistan,,,
294238ce-e462-5092-bb3a-e6811df5dd8d,232325599,way,natural,water,,,,,,31.4753944,74.4733243,Lahore,Punjab,Pakistan,,,
a0ff5b4d-86f5-599f-a7bc-77ca9798b524,686793389,way,leisure,park,,,,,,31.487153,74.4539195,Lahore,Punjab,Pakistan,,,
596bd96a-0934-5ef6-bcb2-70395a648093,628499918,way,landuse,residential,DHA Phase 7,,,,neighbourhood,31.4972478,74.4759971,Lahore,Punjab,Pakistan,,,
c9fb3ff0-3633-565d-9867-54557edf683b,232325600,way,natural,water,,,,,,31.4753891,74.4760217,Lahore,Punjab,Pakistan,,,
865820df-3fd8-56a7-88e3-918252dac645,719598900,way,amenity,place_of_worship,Jamia Masjid Sadeeqia,,,,,31.4892012,74.475746,Lahore,Punjab,Pakistan,,,
fd9680db-6b46-5d87-843d-041bef089210,688300664,way,leisure,park,S park,,,,,31.502691,74.4671153,Lahore,Punjab,Pakistan,,,
195fe8bb-b5e0-5c22-b0ce-4faab4becd44,497103499,way,leisure,pitch,,,,,,31.5023313,74.4736096,Lahore,Punjab,Pakistan,,,
e402d79f-6560-50cc-a8ee-a6ac5f1b5177,691578245,way,amenity,place_of_worship,جامع مسجد,جامع مسجد,Jamia Masjid,,,31.5192213,74.4559201,Lahore,Punjab,Pakistan,,,
627aea09-a52c-59b8-806e-0b1519825777,691578248,way,amenity,bank,فیصل بینک,فیصل بینک,Faysal Bank,,,31.5180964,74.457413,Lahore,Punjab,Pakistan,فیصل بینک,,
19ea228e-bc44-53dc-b9d4-1f848032d396,691588386,way,shop,supermarket,K Mart,,,,,31.5189981,74.4616099,Lahore,Punjab,Pakistan,,,
85fd5bc7-3394-5698-8290-9801f4cf9da5,691581661,way,leisure,park,Commercial Ground,,,,,31.5197646,74.462268,Lahore,Punjab,Pakistan,,,
a89dd3d5-c1d3-58a2-83cc-b93295751aa2,691646885,way,amenity,restaurant,Aroma Grill,,,,,31.5260506,74.4536337,Lahore,Punjab,Pakistan,,,
c4f5bc08-2dc6-54f3-a29d-64d82e6981e9,691646887,way,amenity,parking,,,,,,31.5259508,74.4533306,Lahore,Punjab,Pakistan,,Car Parking,
0a8dee32-fd48-5529-96a6-5ff25e14fbd9,691646888,way,leisure,park,Paragon Imperial Park,,,,,31.5259776,74.4527926,Lahore,Punjab,Pakistan,,,
ae5875bf-f85f-53d6-929b-02deffe71fdb,691647869,way,amenity,place_of_worship,جامع مسجد,جامع مسجد,Jamia Masjid,,,31.5261832,74.4511925,Lahore,Punjab,Pakistan,,,
309ebb87-8e26-5139-814e-1c3a7a5b355c,794387161,way,leisure,park,,,,,,31.5219934,74.4556865,Lahore,Punjab,Pakistan,,,
783458ab-2578-537a-acd3-10c27cccf8f0,691417191,way,shop,hardware,HM Sons Pvt. Ltd,,,,,31.5204534,74.4546772,Lahore,Punjab,Pakistan,,,
8aee7122-e496-5b59-9a70-fb475cfc5e43,691646879,way,shop,mall,Imperial Mall,,,,,31.525223,74.4527647,Lahore,Punjab,Pakistan,,,
03abb187-fc35-5033-a63d-bd32a3279f25,790319433,way,amenity,restaurant,Chicken & Chip,,,,,31.5236705,74.4502575,Lahore,Punjab,Pakistan,,,
9a98c1d5-7af0-5114-896b-65659e5d02b1,790322181,way,amenity,restaurant,New Karachi Golden BBQ,,,,,31.5238457,74.4499594,Lahore,Punjab,Pakistan,,,
0d966e6d-dc48-5d6d-9c6b-0e33eafa8469,790322182,way,shop,mall,Imperial Mall Paragon CIty,,,,,31.5252097,74.4530131,Lahore,Punjab,Pakistan,,,
5e741182-6cad-5d6e-9852-9f0cbddc974b,790322645,way,amenity,restaurant,Ora Della Pizza,,,,,31.5247504,74.4536234,Lahore,Punjab,Pakistan,,,
3598e95d-2125-5d41-aff2-58d628bb09e6,790322646,way,amenity,restaurant,The Hunger Hut,,,,,31.5247179,74.4538362,Lahore,Punjab,Pakistan,,,
8fc656c9-3fde-50a9-a64a-8257348abb16,790322785,way,amenity,bank,الائیڈ بینک لمیٹڈ,الائیڈ بینک لمیٹڈ,ABL,,,31.5250984,74.4537322,Lahore,Punjab,Pakistan,الائیڈ بینک لمیٹڈ,,
7381ec8b-5a09-5235-a983-c0af23cd23a4,791660215,way,shop,bakery,Rahat Bakery,,,,,31.5220807,74.4524291,Lahore,Punjab,Pakistan,,,
43fe11ff-d634-5528-9597-f7e42074652c,791683230,way,landuse,commercial,,,,,,31.5257012,74.4535825,Lahore,Punjab,Pakistan,,,
32e71795-2a05-5869-9e41-828a2bbcce7c,791788391,way,leisure,park,,,,,,31.5242479,74.4511385,Lahore,Punjab,Pakistan,,,
76e4229a-8aa8-594d-aabf-63fe5b2228aa,792045335,way,amenity,bank,Habib Bank Ltd,,,,,31.5252844,74.453463,Lahore,Punjab,Pakistan,,,
4c15e92c-1f5f-5624-8ec2-725948986c71,792581009,way,leisure,park,,,,,,31.5239275,74.4538129,Lahore,Punjab,Pakistan,,,
5eeeda70-56e3-5f71-ae72-3c23cbd823e3,910709147,way,landuse,commercial,Serene Event Complex,,,,"Best Corporate event planners & Venue, provider. Main Barki Road Lahore, is one of the leading event management company which provides competent Services.",31.5220677,74.4533155,Lahore,Punjab,Pakistan,,,
59b61532-b377-5b44-a248-478fe47d3155,1155861278,way,shop,bakery,Jalal Sons,,,,,31.5250968,74.4538328,Lahore,Punjab,Pakistan,,,
e5c15964-1799-5c65-aba7-4f0484d41978,691642329,way,leisure,park,Imperial Garden Park,,,,,31.52523,74.4560649,Lahore,Punjab,Pakistan,,,
db55b43c-4f2d-5116-bd5f-184587c5f4c3,791643477,way,amenity,place_of_worship,,,,,,31.5242532,74.4612619,Lahore,Punjab,Pakistan,,,
b41f676d-9597-5215-bd02-2fd3e838737e,793257610,way,landuse,residential,Barki Appartment,,,,,31.525969,74.4570207,Lahore,Punjab,Pakistan,,,
d35f4124-480c-5fbe-9076-47843b3907f2,793257611,way,landuse,residential,Barki Appartment,,,,,31.5259586,74.4571534,Lahore,Punjab,Pakistan,,,
0c680ab0-6e29-541e-a84b-f0ce73daa52a,793257612,way,landuse,residential,Barki Appartment,,,,,31.525954,74.4572565,Lahore,Punjab,Pakistan,,,
721303b5-094c-5bc9-b19c-1f75e380836f,793257613,way,landuse,residential,Barki Appartment,,,,,31.5259473,74.4573721,Lahore,Punjab,Pakistan,,,
7386039b-441d-5392-bc81-442a93a376d9,793257614,way,landuse,residential,Barki Appartment,,,,,31.5259408,74.4574844,Lahore,Punjab,Pakistan,,,
eeea619c-d10d-52f5-88e6-728094727d7d,793257615,way,landuse,residential,Barki Appartment,,,,,31.5259325,74.457601,Lahore,Punjab,Pakistan,,,
451a24f5-eb2d-5a32-af9c-3b8620abdfff,793257616,way,landuse,residential,Barki Appartment,,,,,31.5259257,74.4577124,Lahore,Punjab,Pakistan,,,
5cad06d5-92da-5d17-ac25-f5cbbbdba2b3,793257617,way,landuse,residential,Barki Appartment,,,,,31.525914,74.4578225,Lahore,Punjab,Pakistan,,,
a0a933cb-01d3-55ad-97ac-b4e6bae71ccc,793834596,way,leisure,park,,,,,,31.5231451,74.456197,Lahore,Punjab,Pakistan,,,
715bd469-a18d-5be0-b6ab-75647c7848d6,794266413,way,leisure,park,,,,,,31.5231597,74.4588193,Lahore,Punjab,Pakistan,,,
dd466389-4c63-524e-8dec-f9ce25d57709,691581663,way,amenity,place_of_worship,Jamia Masjid Umer-e-Farooq,,,,,31.5187598,74.4624008,Lahore,Punjab,Pakistan,,,
3895ca93-184b-5c5c-9da8-d2db7f8bfa0e,691581662,way,leisure,park,Main Park Green City,,,,,31.5192645,74.4628611,Lahore,Punjab,Pakistan,,,
eba78317-0703-5cb9-b8c5-a4c08507b532,691591175,way,leisure,park,D-Block Park,,,,,31.5240264,74.4644684,Lahore,Punjab,Pakistan,,,
5e16052a-8895-5ec8-a241-17982673959e,691591176,way,leisure,park,C-Block Park,,,,,31.5212707,74.4646549,Lahore,Punjab,Pakistan,,,
e317287b-4ea5-546a-a31b-23e9797667bd,1047318614,way,landuse,residential,,,,,,31.5029864,74.4957026,Lahore,Punjab,Pakistan,,,
05a17008-5d89-5da0-aedd-cecf758a4406,1047318615,way,landuse,residential,,,,,,31.5068684,74.4990154,Lahore,Punjab,Pakistan,,,
f85bcd84-d2b0-5711-83e4-71ca494818e4,789222779,way,landuse,commercial,Abdullah Mart,,,,,31.5265419,74.4535469,Lahore,Punjab,Pakistan,,,
23e5a43b-c607-57e2-9262-8193abb131db,791063760,way,tourism,guest_house,Executive Residency,,,,,31.5308615,74.4518538,Lahore,Punjab,Pakistan,,,
f9aee549-ec64-52e3-be12-7de59e202ce3,791068880,way,amenity,bank,عسکری بینک,عسکری بینک,Askari Bank,,,31.5305728,74.4530491,Lahore,Punjab,Pakistan,عسکری بینک,,
cb0473b3-74ba-52d6-b871-a839a98f5bd1,791068881,way,office,estate_agent,SK Real Estate Builders And Architects,,,,,31.5312325,74.4515006,Lahore,Punjab,Pakistan,,,
617cc53d-1ec0-5735-9dcb-b26c62d1c276,791068883,way,shop,bakery,Dana Paani 2 Mart And Bakery,,,,,31.5317973,74.4524527,Lahore,Punjab,Pakistan,,,
f70402c8-e382-5a34-8097-d5bd99a5b85b,888062885,way,landuse,commercial,,,,,,31.5315762,74.45405,Lahore,Punjab,Pakistan,,,
fc824f11-8a29-5f66-a799-5479ae0d8c42,791258473,way,leisure,park,Park CIty Paragon,,,,,31.531098,74.4583195,Lahore,Punjab,Pakistan,,,
89d70556-7770-5fb2-be30-e2fcf6a6f7ea,791054475,way,amenity,restaurant,NIrala,,,,,31.5297246,74.4555261,Lahore,Punjab,Pakistan,,,
e8dcd875-8535-556a-ab47-30f53a5b1bfe,791260274,way,tourism,guest_house,Paragon Executive Cottage,,,,,31.5327397,74.4543223,Lahore,Punjab,Pakistan,,,
b381c866-c7e9-550d-ad48-53409eba965a,793763115,way,leisure,park,,,,,,31.5307248,74.4551465,Lahore,Punjab,Pakistan,,,
0ea7970b-85ea-5f6e-99aa-c604aef20749,791639242,way,amenity,place_of_worship,Jamia tul Madina Paragon City,,,,,31.533782,74.4617219,Lahore,Punjab,Pakistan,,,
db6991f5-97fe-565e-8a30-edd5cdced43e,791063081,way,leisure,park,,,,,,31.5271078,74.464094,Lahore,Punjab,Pakistan,,,
0a3453cc-a875-5111-a068-1a2e386da35a,791258474,way,tourism,guest_house,Niazi House,,,,,31.5299195,74.4628662,Lahore,Punjab,Pakistan,,,
f5850e86-ec63-5b05-893c-de127d1f61fa,793234465,way,leisure,park,,,,,,31.5268261,74.4626445,Lahore,Punjab,Pakistan,,,
b68d9e96-6ef9-52ea-b12b-3874572cb887,2432499506,node,place,village,Chandianpind,,,,,31.5601917,74.4260915,Lahore,Punjab,Pakistan,,,
a5627857-8db8-5d52-ba22-97fbc2dff91f,2432499519,node,place,village,Toy Chandia side,,,,,31.5595902,74.4289151,Lahore,Punjab,Pakistan,,,
42a07ced-08a7-51ca-a8cc-dd992e568883,2432504276,node,place,village,حاجی پورہ,,Haji Pura,,,31.5630255,74.4266591,Lahore,Punjab,Pakistan,,,
6f8669db-d2a2-5450-863f-8386218d3e05,2434041483,node,amenity,place_of_worship,Haji Pura Masjid,,,,,31.5615852,74.4265694,Lahore,Punjab,Pakistan,,,
3cf0cb87-bfa6-56d9-94aa-00ae49a52615,2432499522,node,place,village,پیر نصیر,پیر نصیر,Pir Naseer,,,31.5603843,74.4319897,Lahore,Punjab,Pakistan,,,
aa6df6f9-405c-5533-8bbf-e9fa42b4462a,8851381924,node,amenity,place_of_worship,Saien Sadaq Darbar,,,,,31.5572473,74.4470605,Lahore,Punjab,Pakistan,,,
58685196-f52c-58c6-9f64-f7dc8522f9f3,2447967856,node,amenity,fuel,,,,,,31.5666489,74.4281059,Lahore,Punjab,Pakistan,,,
19e093c4-c831-54c2-a60a-1f9293852a5c,9313211940,node,place,neighbourhood,جلال کالونی,جلال کالونی,Jalal Colony,,,31.5672037,74.4324346,Lahore,Punjab,Pakistan,,,
45c4b150-4125-58c9-9b98-25095a9ed904,9314689635,node,place,suburb,ہربنس پُورہ,ہربنس پورہ,Harbanspura,,,31.5751171,74.4252518,Lahore,Punjab,Pakistan,,,
898d8c9a-25fc-5956-823e-9eaed458a6f8,8607349317,node,leisure,playground,,,,,,31.5739355,74.4346473,Lahore,Punjab,Pakistan,,,
c96ca555-32a5-5d35-8b4c-aa6c340e9624,9313211939,node,place,suburb,قلندر پورہ,قلندر پورہ,Qalander Pura,,,31.5767448,74.4304291,Lahore,Punjab,Pakistan,,,
1b627134-cc6c-55cf-8941-3bffcca00130,11747136390,node,railway,station,ہربنس پورہ,,,,,31.5690248,74.4365533,Lahore,Punjab,Pakistan,,Pakistan Railways,Q18542483
5ad8c375-77d7-5230-9daa-fadb8b5627ea,4506259789,node,tourism,guest_house,Dilawar Hussain,,Dilawar Hussain,,,31.5719927,74.4474083,Lahore,Punjab,Pakistan,,,
d485562e-4640-5927-9a0a-59b57aff6ce4,8851381922,node,place,village,نواب پورہ,,Nawabpura,,,31.5773543,74.4452214,Lahore,Punjab,Pakistan,,,
204a6046-d3bc-58d6-9c19-c9504813ccc6,9314681412,node,place,village,واڑہ ستار,,Wara Sittar,,,31.5858727,74.4288396,Lahore,Punjab,Pakistan,,,
3c1ce787-24af-50cb-89b5-055adc59705c,5844883299,node,railway,station,ڈیرہ گجراں,ڈیرہ گجراں,Dera Gujran,,,31.5897383,74.4313009,Lahore,Punjab,Pakistan,,Lahore Metro,
a2c81c12-f9ca-5639-b507-bb4c5f8d7281,9314681413,node,place,village,کوٹلی غازی,,Kotli Ghazi,,,31.5810631,74.4387669,Lahore,Punjab,Pakistan,,,
4a5220d8-2679-5405-a81a-93d942a43bf1,4337129737,node,amenity,atm,,,,,,31.590625,74.4400057,Lahore,Punjab,Pakistan,,,
780a2ed9-459c-5a8a-9380-0ade221fc5ef,11620239366,node,place,village,Kot Dhani Chand,,,,,31.5883839,74.4423176,Lahore,Punjab,Pakistan,,,
8b3ddaab-53ba-5878-a45d-fcf349af3e58,9395583565,node,place,village,کوٹ دونی چند,کوٹ دونی چند,Kot Duni Chand,,,31.5877286,74.447622,Lahore,Punjab,Pakistan,,,
59566331-d156-5bdd-806b-74f3d5fd84be,8851294414,node,place,village,ڈیرہ گُجراں,,Dera Gujran,,,31.5938315,74.4357925,Lahore,Punjab,Pakistan,,,
dfa1eb6c-06d5-5570-b3c9-5916970ffd22,7113991189,node,place,village,زہرا پیر,,Zahra Pir,,,31.6128959,74.4255218,Lahore,Punjab,Pakistan,,,
9097b186-b511-5cd2-b025-c7255529d825,8851294413,node,place,village,ہانڈو گجر,,Hando Gujjar,,,31.6078238,74.4384106,Lahore,Punjab,Pakistan,,,
4881e2e7-c2e1-53b5-8569-17b78367065d,7113975779,node,place,village,گنج سنڈوان,,Gunj Sundwan,,,31.6249803,74.447288,Lahore,Punjab,Pakistan,,,
c8abb1a2-7e9d-551e-a249-c58cddcda368,2431305342,node,place,village,تیھڑا,,Tehra,,,31.5573249,74.4489428,Lahore,Punjab,Pakistan,,,
5b8dda92-9999-595d-a07a-e862dcc9b4c7,8851381923,node,amenity,place_of_worship,Dolo Doggar,,,,,31.5578766,74.4502812,Lahore,Punjab,Pakistan,,,
0732f0f0-9323-5e75-afe6-4abb0e39bd78,5514545422,node,tourism,guest_house,Laraka Panja,,,,,31.5706903,74.4528043,Lahore,Punjab,Pakistan,,,
09d7471c-d97a-5d67-946a-a2e4ea028d42,9314681414,node,place,village,بھگوان پورہ,,,,,31.5655949,74.4668701,Lahore,Punjab,Pakistan,,,
a4cff709-f3f8-5864-84ff-bbaf44d7192b,5167082026,node,tourism,attraction,Jallo Park,,,,,31.5746415,74.4754935,Lahore,Punjab,Pakistan,,,
677d0267-c163-5d91-9e01-0196bc009dce,272577946,node,place,village,جلوّ,جلوّ,Jallo,,,31.5762283,74.4927527,Lahore,Punjab,Pakistan,,,
fe1803db-438e-5449-9c83-6a89fbc23f00,2406886912,node,railway,station,جلّو,,Jallo,,,31.5777113,74.4948677,Lahore,Punjab,Pakistan,,Pakistan Railways,Q18516978
c6a2812f-e475-56b1-bd7b-eaa79b768e02,5808996758,node,historic,castle,Lahore Grand Marquee,,,,,31.579093,74.4614498,Lahore,Punjab,Pakistan,,,
f36d5c65-2e5f-5b30-86b4-96971bccfb0f,8851381917,node,place,village,تلسپورہ,,Tulspura,,,31.5799933,74.4591482,Lahore,Punjab,Pakistan,,,
b99461f3-59d0-56df-8b8b-5bf80ef1e634,8851381918,node,historic,monument,Baba Qazi Shah Darbar,,,,,31.5819462,74.4601924,Lahore,Punjab,Pakistan,,,
5fc8a28e-537f-5e3f-aa08-865154353e36,8851381919,node,amenity,place_of_worship,Jamia Masjid Tulspura,,,,,31.5821108,74.4599314,Lahore,Punjab,Pakistan,,,
4b1a2fca-aac9-54b1-b44e-748b72603edb,8851381920,node,amenity,place_of_worship,New Apostolic,,,,,31.5813698,74.4590608,Lahore,Punjab,Pakistan,,,
dcc1ffa1-ffe6-5038-a449-bf64c22652b8,8851381921,node,amenity,place_of_worship,Shrine of Hazrat Sakhi Sultan Baba Jani Sarkar Allah Walay,,,,,31.5799048,74.461384,Lahore,Punjab,Pakistan,,,
6f45fcb9-3bd4-5dab-b9cf-e3c4ade0bd59,12045991866,node,shop,bakery,Butt Sweets,,,,,31.5803133,74.466094,Lahore,Punjab,Pakistan,,,
dfe8ebce-dfba-5cb6-8ced-affe54658e33,8851294416,node,place,neighbourhood,رضوان گارڈنز,,Rizwan Gardens,,,31.5840574,74.4735679,Lahore,Punjab,Pakistan,,,
2c37123a-86a3-5c8f-b9d5-52242013d0b4,9395519145,node,place,village,گوپال پورہ,,Gopal Pura,,,31.5966481,74.4594299,Lahore,Punjab,Pakistan,,,
4dc06e94-4d46-52a7-aeeb-baadd34898fb,12579084508,node,public_transport,platform,مناواں ہسپتال,,Manawan Hospital,,,31.5924125,74.4589046,Lahore,Punjab,Pakistan,,,
0fac8f1b-eb24-5754-b3aa-25a4cfd817dd,12579084509,node,public_transport,platform,مناواں ہسپتال,,Manawan Hospital,,,31.5928049,74.4595502,Lahore,Punjab,Pakistan,,,
c526dfec-c00b-5832-97d9-c4c20a22c9cd,7113975777,node,place,village,تاج گڑھ,,Taj Garh,,,31.6035424,74.4535114,Lahore,Punjab,Pakistan,,,
99281908-4dc0-5617-8904-a0d7bd9cda21,6197259934,node,amenity,fuel,ٹوٹل,ٹوٹل,Total,,,31.59294,74.4655156,Lahore,Punjab,Pakistan,Total,ٹوٹل پارکو,
e4e88e5c-6b59-598b-83b7-ce9cd72bc50e,12579115018,node,public_transport,platform,باغ والی پلی,,Bagh Wali Pulli,,,31.5938495,74.4696325,Lahore,Punjab,Pakistan,,,
70635545-2e73-5509-b3e2-21dd36df2a90,12579115019,node,public_transport,platform,باغ والی پلی,,Bagh Wali Pulli,,,31.5936594,74.4702125,Lahore,Punjab,Pakistan,,,
4fac9caa-e69d-5d44-b815-5af0e1574646,11621601887,node,place,village,Kot Kamboh,,,,,31.5917744,74.4763649,Lahore,Punjab,Pakistan,,,
3f51691e-2f6a-570c-8829-e7e923f035c7,4102357089,node,amenity,bank,ایم سی بی بینک,ایم سی بی بینک,MCB Bank,,,31.5953205,74.4870601,Lahore,Punjab,Pakistan,ایم سی بی بینک,,
f57b240f-b418-5085-af67-be5aaaadc13e,9395583564,node,place,village,مناواں,,Manawan,Manawan,,31.5961151,74.4872205,Lahore,Punjab,Pakistan,,,
38b3943e-cc5c-51ad-ad29-8c72ac249411,4102342398,node,amenity,bank,"Alfalah Bank, Batapur",,,,,31.5961659,74.4911585,Lahore,Punjab,Pakistan,,,
8a98915e-77fb-52e3-b61b-969cabd328d3,4102345195,node,amenity,bank,"Habib Bank Limited, Batapur",,,,,31.5959226,74.4930625,Lahore,Punjab,Pakistan,,,
f4d2b0c1-2487-5746-9768-eda438887b1a,4102348594,node,amenity,bank,"United Bank Limited, Batapur",,,,,31.5963447,74.4928207,Lahore,Punjab,Pakistan,,,
3ea1cbdf-5f94-5cf2-abbc-be38bc59909b,4102348595,node,amenity,bank,"Silk Bank, Batapur",,,,,31.5962355,74.4918261,Lahore,Punjab,Pakistan,,,
371c6732-0716-552a-8d0d-5d4a97e84244,8851294415,node,place,town,باٹا پور,,Batapur,,,31.5964964,74.4913891,Lahore,Punjab,Pakistan,,,
fddcc9c8-ca01-5b1a-bf06-4babaa11f01e,10211414076,node,shop,shoes,Bata,,,,,31.595893,74.4927309,Lahore,Punjab,Pakistan,Bata,,
f6ef575b-2adb-5eb4-8215-3a56b3d16105,10211414077,node,shop,shoes,Bata Shoe Mela,,,,,31.595949,74.4933414,Lahore,Punjab,Pakistan,,,
486b6e58-3177-5a32-b2bd-3f3be5732279,4102342400,node,shop,department_store,Mecca Tower,,,,,31.596634,74.4996973,Lahore,Punjab,Pakistan,,,
28e2b939-890f-5e3a-98e5-a792efeceff9,4109147489,node,shop,books,Pakistan Bookshops ,,,,,31.5956914,74.4994099,Lahore,Punjab,Pakistan,,,
9958d0bc-6043-5375-b419-32ceaf38ae8e,4532397089,node,shop,supermarket,Ch.Siraj Sabzi Mandi,,,,,31.5969185,74.4986776,Lahore,Punjab,Pakistan,,Ch.Arif & sons,
d8d3c7ce-23ee-5c88-836c-083e3f5b5d27,9395506169,node,place,village,جلو موڑ,,Jallo More,,,31.5963981,74.4998659,Lahore,Punjab,Pakistan,,,
6cd91566-2e56-5283-8dde-eec0a5525f8e,11621601886,node,place,village,Attoke Awan,,,,,31.5999994,74.4917422,Lahore,Punjab,Pakistan,,,
065a4ecd-3935-5135-930f-a33df7f73fcb,11621601885,node,place,village,Dogran Kalan,,,,,31.5996242,74.49927,Lahore,Punjab,Pakistan,,,
31dbedc9-9cd4-574e-a1bf-dc57a8948e8c,7113975776,node,place,village,گلشنِ یاسین,,Gulshan-e-Yaseen,,,31.6086955,74.4605524,Lahore,Punjab,Pakistan,,,
0ac131ae-46ae-539b-9c68-a368eb86e9a8,7113975775,node,place,village,نت کلاں,,Natt Kalan,,,31.6171559,74.4624258,Lahore,Punjab,Pakistan,,,
d1691e34-f679-57f9-88df-e5cd87f7ee32,7113975774,node,place,village,تھیری,,Theri,,,31.6189594,74.4786083,Lahore,Punjab,Pakistan,,,
80ba5881-4e61-5ce9-bf05-e3a6a31d1100,231706341,way,landuse,commercial,Super Internet Services,,,,,31.5551178,74.4250995,Lahore,Punjab,Pakistan,,,
2112e255-24b9-55dd-b03b-33d9c13578c2,231706342,way,landuse,industrial,Ismail Copper Draw,,,,,31.5552202,74.4253277,Lahore,Punjab,Pakistan,,,
e96af0fc-4773-5ca2-8d7f-24e5626d5b30,231706343,way,amenity,place_of_worship,Jamia Masjid Ghousia,,,,,31.5556457,74.4252972,Lahore,Punjab,Pakistan,,,
10d805aa-3a53-5431-be4c-c4f7135a73cb,231706936,way,amenity,place_of_worship,Jamia Masjid Gulzar-e-Madina,,,,,31.5537283,74.4260564,Lahore,Punjab,Pakistan,,,
15e5f14a-e7de-548e-ab0e-39bc783a4d5d,233411938,way,leisure,park,,,,,,31.5536648,74.4285294,Lahore,Punjab,Pakistan,,,
abe732a0-b5b8-5044-87ec-91cd74b01a3a,233411949,way,amenity,place_of_worship,,,,,,31.5554593,74.431598,Lahore,Punjab,Pakistan,,,
b5ec5c0c-79f8-542e-a6ff-d2185eb934fc,233411950,way,amenity,place_of_worship,,,,,,31.5552127,74.4302422,Lahore,Punjab,Pakistan,,,
e42ad17a-dddf-5c6a-a08f-265e4165f828,233411951,way,amenity,place_of_worship,,,,,,31.5549905,74.4303016,Lahore,Punjab,Pakistan,,,
0946f244-8c43-5555-818d-2e0ebded4fbe,233411952,way,amenity,place_of_worship,Littan wali sarkar,,,,,31.5545368,74.4294539,Lahore,Punjab,Pakistan,,,
991fc1d9-688c-53fc-83d2-fa63c0dbbf62,235020501,way,amenity,place_of_worship,,,,,,31.5565452,74.4340565,Lahore,Punjab,Pakistan,,,
e1f65b85-d069-50e9-b98f-f8030d53f0ec,235012779,way,landuse,religious,Pir Naseer Kabristan,,,,,31.5587203,74.4331626,Lahore,Punjab,Pakistan,,,
9ada1925-20f3-541f-909a-66b07254d570,236823667,way,leisure,park,,,,,,31.5622916,74.4301655,Lahore,Punjab,Pakistan,,,
54155ad4-547c-5ccf-8ef9-2834397946f5,235330049,way,amenity,place_of_worship,Islamic Madrasa Girl,,,,,31.5606092,74.4259217,Lahore,Punjab,Pakistan,,,
071b021e-74cc-5841-a761-ed13746d07a4,235330051,way,amenity,place_of_worship,,,,,,31.560463,74.4259914,Lahore,Punjab,Pakistan,,,
a56575eb-1acf-50cc-bb36-6e16e186cef8,235330052,way,amenity,place_of_worship,,,,,,31.5635381,74.4253061,Lahore,Punjab,Pakistan,,,
98ee728d-c0f9-54c9-8446-5b7949d622ba,235011694,way,amenity,place_of_worship,Jamia Masjid Peer Naseer,,,,,31.5616316,74.4330819,Lahore,Punjab,Pakistan,,,
83c1c8fe-adf7-5ef9-aca8-ab4de82ba689,235013562,way,amenity,place_of_worship,Masjid Bilal,,,,,31.5590866,74.4327677,Lahore,Punjab,Pakistan,,,
5de940d3-8735-5889-a279-b90ff77dd3df,235015217,way,amenity,place_of_worship,,,,,,31.5601456,74.4303147,Lahore,Punjab,Pakistan,,,
c948102f-e55e-5eef-ba35-435e9e13750f,236824487,way,leisure,park,,,,,,31.5620303,74.4339973,Lahore,Punjab,Pakistan,,,
b6ef8186-7e27-54aa-8b40-4532a511e6da,699826677,way,leisure,playground,,,,,,31.5568872,74.43997,Lahore,Punjab,Pakistan,,,
2782160a-aeae-5acb-b742-7d6dfe7bb143,699889152,way,amenity,place_of_worship,جامع مسجد,جامع مسجد,Jamia Masjid,,,31.5571447,74.4469789,Lahore,Punjab,Pakistan,,,
b42e0bcd-ae40-59e6-b009-1b83a0008311,701840247,way,amenity,place_of_worship,Jamia Masjid Faredia,,,,,31.5734406,74.4264316,Lahore,Punjab,Pakistan,,,
bb19a3b5-16b7-510c-886f-3ee8e60060d4,701840283,way,amenity,place_of_worship,Jamia Masjid Siddique-e-Akbar,,,,,31.5748716,74.4289362,Lahore,Punjab,Pakistan,,,
2e400e63-a4dd-59de-829f-6ed8dae5cffc,702601148,way,amenity,place_of_worship,Jamia Masjid Miraj-ul-Nabi,,,,,31.5745979,74.4346001,Lahore,Punjab,Pakistan,,,
05362ed7-6a52-5cad-8f2a-07fb547013f9,702601150,way,amenity,place_of_worship,Jamia Masjid Noor-e-Mustfa,,,,,31.5742259,74.4329495,Lahore,Punjab,Pakistan,,,
b934f9df-3e79-5f4c-8579-7215f80beda7,702621567,way,amenity,place_of_worship,Jamia Masjid Bilal,,,,,31.5783126,74.4332194,Lahore,Punjab,Pakistan,,,
8eab6569-09b1-5671-b01f-3b7f053b287e,1264383990,way,public_transport,platform,,,,,,31.5693563,74.4365292,Lahore,Punjab,Pakistan,,Pakistan Railways,
73a2785e-ebfa-5cec-8fce-f8bd51fa1643,1234071045,way,landuse,residential,Lahore Press Club Housing Society,,,,,31.5814208,74.4492675,Lahore,Punjab,Pakistan,,,
6cb6cb16-f73a-5214-9968-11a6cbcf0ad9,1243371430,way,landuse,residential,Hajveri Housing Society,,,,,31.5731865,74.4488714,Lahore,Punjab,Pakistan,,,
86111002-b28e-5116-b1af-090f2169e350,1243455694,way,landuse,residential,Nawabpura,,,,,31.5773731,74.4450806,Lahore,Punjab,Pakistan,,,
1a21bf5c-1006-55b8-bce5-f334abfdf319,700265278,way,amenity,place_of_worship,Jamia Masjid Anwaar-e-Madina,,,,,31.5780291,74.4446255,Lahore,Punjab,Pakistan,,,
f344e4bd-dd61-562e-be4d-d5f7110b46d9,1243371432,way,landuse,commercial,,,,,,31.5728093,74.44785,Lahore,Punjab,Pakistan,,,
1ec55c73-6e4f-52d8-ae5a-ccab751665f7,1243371433,way,amenity,place_of_worship,,,,,,31.5727765,74.4486117,Lahore,Punjab,Pakistan,,,
9c8d192e-321d-59bb-b906-dc562eaa12ec,1243455695,way,amenity,police,Police Station Harbancepura,,,,,31.5754077,74.4425856,Lahore,Punjab,Pakistan,,,
614c7627-13dc-5409-8837-3812befdebff,1244563215,way,office,government,,,,,,31.5742432,74.4477442,Lahore,Punjab,Pakistan,,,
076f9094-cdf8-5b5e-9884-1d319e240b9e,702645223,way,amenity,place_of_worship,Jamia Masjid Tauhidiya,,,,,31.5797464,74.4312644,Lahore,Punjab,Pakistan,,,
5d13d017-7ffb-58f3-9177-22d870787cf9,702982538,way,amenity,place_of_worship,Masjid Khuda Baksh,,,,,31.5876072,74.4304316,Lahore,Punjab,Pakistan,,,
70116ade-82db-55b5-a005-97fed4faf109,702983758,way,amenity,place_of_worship,جامع مسجد,جامع مسجد,Jamia Masjid,,,31.586317,74.4294517,Lahore,Punjab,Pakistan,,,
0f42c7c8-5a67-59cb-9f9b-15f4ec2358a4,702989564,way,amenity,fuel,Byco Petroleum,,,,,31.5892985,74.4329757,Lahore,Punjab,Pakistan,,,
12560d35-fe62-50bf-ab4b-402ad423b085,1234281277,way,landuse,industrial,Grid Station Sahafi Colony,,,,,31.5800177,74.446615,Lahore,Punjab,Pakistan,,LESCO,
612a5e1f-fb92-5d96-bfc8-0da896eecbf6,1234281283,way,leisure,park,Sahafi Colony Park,,,,,31.5805519,74.4482434,Lahore,Punjab,Pakistan,,,
6065e34d-65e0-54d2-acea-45ca32f4302e,1234375130,way,landuse,residential,Lahore Press Club Housing Scheme Block F,,,,,31.5857484,74.4467699,Lahore,Punjab,Pakistan,,,
16828ca3-ed7d-51ce-a715-7a13c2e40f0e,701005264,way,leisure,park,B Block Park,,,,,31.5946364,74.4487101,Lahore,Punjab,Pakistan,,,
e254cde9-c01b-584f-993a-6d3ca41b7788,315087279,way,leisure,park,جلو پارک,,,,,31.5712959,74.4740689,Lahore,Punjab,Pakistan,,,Q6126895
af3cd5b0-7e10-50da-89b7-92c93effb79d,700806552,way,amenity,place_of_worship,Jamia Masjid Alkareem,,,,,31.5752265,74.4553522,Lahore,Punjab,Pakistan,,,
04ea17bf-734e-5ada-94e1-5bc58a1bee79,700814888,way,amenity,place_of_worship,Masjid Qubaa Royal Garden,,,,,31.5727861,74.4536907,Lahore,Punjab,Pakistan,,,
e668cb6b-01ac-514e-9f8c-31931be7793f,1234281284,way,leisure,park,,,,,,31.5781835,74.4502943,Lahore,Punjab,Pakistan,,,
73e67344-8cd6-5414-b60b-9625bc1aa9ce,1243371434,way,landuse,residential,Nazir Garden,,,,,31.575136,74.4502997,Lahore,Punjab,Pakistan,,,
bb9a8bff-a3bc-5639-8ef3-3aa00411a3e1,1243375793,way,landuse,residential,Al-Rehman Garden Phase-7,,,,,31.5795521,74.4774639,Lahore,Punjab,Pakistan,,,
eabd9bd5-43fb-5df6-83ab-fac8c772be14,862809327,way,leisure,park,,,,,,31.5717939,74.4905536,Lahore,Punjab,Pakistan,,,
0b44bb6a-c468-51b1-8e4a-2d01addf7e3f,1012013393,way,natural,water,Water body,,,,,31.5725237,74.4817032,Lahore,Punjab,Pakistan,,,
269c97b6-5978-5c12-9b34-c00e6003a476,1239437259,way,amenity,place_of_worship,,,,,,31.5784836,74.4762794,Lahore,Punjab,Pakistan,,,
cb521481-5460-5fcb-904a-dff3f4bbbdd5,1012013392,way,natural,water,,,,,,31.5724434,74.4814168,Lahore,Punjab,Pakistan,,,
487b2588-cb78-59b0-a522-b8134b03ea72,1012013408,way,amenity,restaurant,,,,,,31.5748641,74.4804451,Lahore,Punjab,Pakistan,,,
808c9b64-c896-5e52-a524-274e3a6a14a3,1012013412,way,landuse,residential,,,,,,31.5745327,74.4805583,Lahore,Punjab,Pakistan,,,
e20136e9-2a2a-5701-b77e-3ad2f012a06e,1012013413,way,leisure,pitch,,,,,,31.5744373,74.4808116,Lahore,Punjab,Pakistan,,,
098adead-e87f-561c-bdc0-d78613df8f5a,1012013394,way,natural,water,Water reservoir,,,,,31.5729744,74.4821616,Lahore,Punjab,Pakistan,,,
156ba3d2-2e0c-5f87-b126-c154775ead47,1012013423,way,landuse,residential,Housing Society,,,,,31.5754235,74.4849566,Lahore,Punjab,Pakistan,,,
02540de2-9696-5340-8ef3-44cdf29e3a6c,232330911,way,public_transport,platform,Jallo,,,,,31.5776784,74.4949395,Lahore,Punjab,Pakistan,,,
0bada48a-4fe2-59cf-beef-e33e79aecb9e,700309517,way,amenity,place_of_worship,Grand Mosque,,,,,31.5812829,74.4506933,Lahore,Punjab,Pakistan,,,
b7b46d55-0287-549d-adfe-bb28353389ed,1234281286,way,landuse,commercial,,,,,,31.5813632,74.4517974,Lahore,Punjab,Pakistan,,,
6154db6f-4c28-51cf-acd9-c213383002da,1243458176,way,shop,department_store,Lahore Cash and Carry,,,,,31.5787235,74.4590973,Lahore,Punjab,Pakistan,,,
355d913d-f9bc-5d0f-960e-2bfc087a34b4,1234281293,way,leisure,park,,,,,,31.5852112,74.4525004,Lahore,Punjab,Pakistan,,,
13442514-0ea3-5e23-9d0a-6ebcaccf059c,1234281295,way,healthcare,hospital,THQ Manawan,,,,,31.5917055,74.4588461,Lahore,Punjab,Pakistan,,,
04d13c8b-3f71-56f4-a519-1324dadb8293,1244563227,way,landuse,residential,Fihries Department,,,,,31.5884193,74.4628025,Lahore,Punjab,Pakistan,,,
e6bebe6c-b16f-5604-a527-09419ccd9422,1245233176,way,amenity,place_of_worship,,,,,,31.5799553,74.461681,Lahore,Punjab,Pakistan,,,
5f97621c-fab3-54fb-894e-6ca39c835798,1244563224,way,landuse,residential,Al-Kareem Garden,,,,,31.5883854,74.4526631,Lahore,Punjab,Pakistan,,,
5d19b918-1727-5551-8578-b7fccbcb59a3,1239650733,way,landuse,residential,Indigo Canal,,,,,31.5812002,74.4693611,Lahore,Punjab,Pakistan,,,
578c252a-4d75-5f4a-84ea-ea0ef7af17f0,1243397609,way,landuse,residential,,,,,,31.5795799,74.4706056,Lahore,Punjab,Pakistan,,,
cb3e39c9-3c77-51e3-a8b6-c21f1f969a54,1243397611,way,landuse,residential,Al-Hafeez Garden Phase-5,,,,,31.5846124,74.4697357,Lahore,Punjab,Pakistan,,,
1728568b-66a9-5b79-b385-5795f140acae,1245233162,way,landuse,residential,Al-Hafeez Garden Phase-1,,,,,31.5905704,74.4681624,Lahore,Punjab,Pakistan,,,
2d2764c2-9317-5ce3-a2a4-165f4d01f03f,1245233171,way,landuse,residential,Rizwan Garden,,,,,31.5846071,74.4727735,Lahore,Punjab,Pakistan,,,
672ccbb0-b1ff-5948-9f4b-81da2a47f9ea,701015206,way,amenity,place_of_worship,Sotar Mill Jamia Masjid,,,,,31.5969171,74.4516357,Lahore,Punjab,Pakistan,,,
e86586b8-8425-55d8-87b1-fddd45a1354b,661699939,way,leisure,park,Yadgar e Shuhuda,,,,,31.5922602,74.4600927,Lahore,Punjab,Pakistan,,,
7034886b-3902-5174-bb8b-d712b546e8ba,701001542,way,amenity,police,Manawan Police Station,,,,,31.5934744,74.4610781,Lahore,Punjab,Pakistan,,,
9bb12627-4994-5eb3-8400-9d586791212d,701036774,way,amenity,place_of_worship,Jamia Masjid Ahle Hadees,,,,,31.6015124,74.4532252,Lahore,Punjab,Pakistan,,,
665360cc-9fba-5b69-904a-0052e64801e1,701002993,way,amenity,place_of_worship,Jamia Masjid M.Asad,,,,,31.5969121,74.4662752,Lahore,Punjab,Pakistan,,,
e12298c7-6765-55d0-b7d5-3318f6042889,1245233156,way,amenity,fuel,Total,,,,,31.5929035,74.4655235,Lahore,Punjab,Pakistan,Total,,
73ec653e-e6c5-5544-aee7-06d65408b99d,701004684,way,amenity,bank,بينک الحبيب,بينک الحبيب,Bank Al Habib,,,31.5944821,74.4736795,Lahore,Punjab,Pakistan,بينک الحبيب,,
e76ed551-0ec1-546f-8c2f-1126be59eace,701004685,way,amenity,bank,Allied Bank Limited ATM,,,,,31.5943487,74.4729235,Lahore,Punjab,Pakistan,,,
b6e1b5c6-aa67-5308-a939-080dd8c0d8c7,701005146,way,leisure,park,Al Ahmed Garden Park,,,,,31.5979005,74.4735211,Lahore,Punjab,Pakistan,,,
13300162-d42d-56dc-9457-e209ca6ce928,701000425,way,amenity,place_of_worship,Garrison Garden Mosque,,,,,31.6010699,74.4632077,Lahore,Punjab,Pakistan,,,
70fa2911-897d-5637-88e6-f17cab916ed8,701004695,way,amenity,place_of_worship,Al Raheem Garden Phase IV Mosque,,,,,31.5987049,74.4744601,Lahore,Punjab,Pakistan,,,
14704218-438b-5ae8-8d2b-c4e5817d1bb4,701006558,way,healthcare,pharmacy,Lasani Pharma (PVT) Limited,,,,,31.599509,74.4692524,Lahore,Punjab,Pakistan,,,
a4ae306f-5056-5c75-a180-e8bba66aef9e,1243458174,way,amenity,restaurant,Khan Burger Family Restaurant,,,,,31.5811165,74.4769245,Lahore,Punjab,Pakistan,,,
c5f57a03-34e0-5126-a93c-1737c389ffb3,1243458175,way,amenity,restaurant,Umair Shinwari Restaurant and Kabuli Pulao,,,,,31.5812107,74.4774647,Lahore,Punjab,Pakistan,,,
69b92667-174f-51e8-a108-f25807e08c89,194200634,way,natural,water,,,,,,31.5805972,74.4871218,Lahore,Punjab,Pakistan,,,
c818b47c-3a14-511b-8068-dbc7ef04bae5,862817177,way,amenity,parking,,,,,,31.5826749,74.4872429,Lahore,Punjab,Pakistan,,,
565af606-e62f-501a-8966-259cd57e0f1f,862819034,way,natural,water,,,,,,31.581618,74.4870769,Lahore,Punjab,Pakistan,,,
5d164cfe-3c6c-5863-be70-f0eba8693d0e,1239437257,way,amenity,fuel,,,,,,31.5822934,74.4825854,Lahore,Punjab,Pakistan,,,
96a3c0bf-80ee-58b2-9e32-9253f0fc15ba,701496367,way,leisure,park,,,,,,31.5914146,74.4825777,Lahore,Punjab,Pakistan,,,
9a3c1fcb-f957-5005-9917-4bb967afa98b,1245233165,way,landuse,residential,Al-Hafeez Garden Phase-2,,,,,31.5885449,74.4920312,Lahore,Punjab,Pakistan,,,
94e17170-de06-550b-ae23-51fdf5e2f440,1257419090,way,amenity,fuel,پاکستان اسٹیٹ آئل,پاکستان اسٹیٹ آئل,Pakistan State Oil,,,31.5857992,74.4999245,Lahore,Punjab,Pakistan,پاکستان اسٹیٹ آئل,,
35c7fc9c-a5fe-581e-a4eb-aa0e70f66e64,701048708,way,amenity,place_of_worship,Jamy Masjid Sarwariya Naqshbandiya,,,,,31.5975543,74.4778183,Lahore,Punjab,Pakistan,,,
d4376ea4-7565-551b-91ef-009768603627,701497212,way,amenity,place_of_worship,Jamia Masjid Bahar-E-Madina,,,,,31.5952536,74.4875415,Lahore,Punjab,Pakistan,,,
0a042712-ee3b-59c2-9605-85420e21f191,701497214,way,amenity,place_of_worship,Jamia Masjid Siddiqia Dar-ul-Taqwa,,,,,31.5940124,74.48276,Lahore,Punjab,Pakistan,,,
968ba4e5-f995-5a14-aca1-50000431e11e,701497215,way,amenity,place_of_worship,Jamia Masjid Faizan E Madina,,,,,31.5927213,74.4836384,Lahore,Punjab,Pakistan,,,
114e38d8-0869-545a-92f4-f44beb1a795f,701489780,way,landuse,industrial,Bata Pakistan,,,,,31.5946607,74.4925242,Lahore,Punjab,Pakistan,,,
79bbdcbb-ecf6-5a02-aaf5-7de9fbd3481b,1116446613,way,office,government,"Lesco Offices (Sub-Divisions), Batapur",,,,,31.5964148,74.4905476,Lahore,Punjab,Pakistan,,,
79e6e142-1142-5113-bfba-af048fb5e523,1116446614,way,amenity,place_of_worship,Masjid Gulazar-e-Madina,,,,,31.5967939,74.4908111,Lahore,Punjab,Pakistan,,,
9d6cfea5-f114-5bcf-b5bb-ebfc8201e06a,701489777,way,amenity,police,"Police Station, Batapur",,,,,31.5960161,74.4955332,Lahore,Punjab,Pakistan,,,
daf077d8-ca38-51cf-a21f-6e6d442ed830,1116463164,way,amenity,post_office,Post Office Batapur,,,,,31.5960044,74.4953974,Lahore,Punjab,Pakistan,,Pakistan Post,
85f14f43-88c9-55b5-b5b5-7f388a3f235b,701487697,way,amenity,place_of_worship,Natt Mosque,,,,,31.6173562,74.4621416,Lahore,Punjab,Pakistan,,,
ab104df7-45c3-5672-91cb-5c7b1439c106,13908592,relation,landuse,residential,,,,,,31.5936903,74.4752358,Lahore,Punjab,Pakistan,,,
3ff97b1f-15ec-5be9-8847-aa6f17c1bb95,11784147,relation,natural,water,Boating Lake,,,,,31.572028,74.4685052,Lahore,Punjab,Pakistan,,,
bcb8898e-b8ef-522f-9682-d1576e9c11d6,11784241,relation,natural,water,,,,,,31.5816505,74.4870943,Lahore,Punjab,Pakistan,,,
d89830b0-2dc4-590e-8d10-c17f0f43f274,7113975780,node,place,village,Maral Marri,,,,,31.6396665,74.4468639,Lahore,Punjab,Pakistan,,,
dcac02ba-eda5-571e-90fd-9caa54e52169,8851220959,node,place,village,Marlpar,,,,,31.6603928,74.4264388,Lahore,Punjab,Pakistan,,,
7c3c830d-637f-5165-b81c-bd5a7c4c80d4,7113975781,node,place,village,اعوان ڈھائیوالہ,اعوان ڈھائیوالہ,Awan Dhaiwala,,,31.6489552,74.4619859,Lahore,Punjab,Pakistan,,,
01a2098b-58f6-5d84-9197-a4330d1d82d4,7113975782,node,place,village,جنڈیالہ,,Jandiala,,,31.6458376,74.4755924,Lahore,Punjab,Pakistan,,,
d9554157-385e-5cee-ae88-829e4aecafb1,7113975767,node,place,village,Pir Mandiala,,,,,31.653707,74.4913486,Lahore,Punjab,Pakistan,,,
cc1e7d96-8b2f-5bdb-b8f6-ac277d0025ae,11539937763,node,place,village,Dera Peer Mandiana,,,,,31.6531425,74.4971809,Lahore,Punjab,Pakistan,,,
58fdcf1f-3986-5e1c-9fcf-72d2fedacf67,11621601883,node,place,village,Nai Abadi,,,,,31.6608906,74.4630841,Lahore,Punjab,Pakistan,,,
222aa5a5-2e99-5bf1-aef2-32cc978290ec,7113991187,node,place,village,تلواڑہ,,Talwara,,,31.6753288,74.4673556,Lahore,Punjab,Pakistan,,,
14e5a969-9144-55d2-9ad6-54e5b3559330,7113991188,node,place,village,تلواڑہ یوسف والا,,Talwara Yusuf Wala,,,31.6717765,74.4652175,Lahore,Punjab,Pakistan,,,
b9e69e7f-7aea-5d64-b78f-8a56ff0ddd67,7113991186,node,place,village,ملک پور,,Malak Pur,,,31.6742525,74.4736737,Lahore,Punjab,Pakistan,,,
6481f232-4621-5cd5-a368-c3dc5b4d09fe,7113991185,node,place,village,بھینی,,Bhaini,,,31.6733372,74.4800146,Lahore,Punjab,Pakistan,,,
b0bceee3-ab8c-5de7-9eef-86d7fedeed00,1303595696,way,landuse,residential,,,,,,31.6902446,74.5007117,Lahore,Punjab,Pakistan,,,
