id,osm_id,osm_geom_type,osm_tag_key,osm_tag_value,name,name_ur,name_en,alt_name,description_raw,lat,lon,city,province,country,brand,operator,wikidata
ef8fb8ca-7833-5b40-8084-9b1a72d7d4eb,866575556,node,place,village,شیخان,شیخان,Sheikhan,,,33.9074436,71.4738926,Peshawar,Khyber Pakhtunkhwa,Pakistan,,,
fd1e3506-3593-5965-9302-890ba686e4f4,8573260814,node,place,village,مشترزئی,,Mushtarzai,,,33.9101457,71.4867294,Peshawar,Khyber Pakhtunkhwa,Pakistan,,,
4b9c2f08-568e-5550-8c5f-cd046210a6b2,866575553,node,place,village,ماشو خیل,,Masho Khel,,,33.9067312,71.4992985,Peshawar,Khyber Pakhtunkhwa,Pakistan,,,
152baf24-fe91-5e85-89d9-41442d3cb312,8573287840,node,place,town,باڑہ,باڑہ,Bara,,,33.9175272,71.4618737,Peshawar,Khyber Pakhtunkhwa,Pakistan,,,
453dd275-6510-5b32-9e6d-1297bf62c083,866575496,node,place,village,سنگو,,Sangoo,,,33.9346507,71.471661,Peshawar,Khyber Pakhtunkhwa,Pakistan,,,
cbe45571-0e9b-56d3-81a0-9378f0f8b62a,4290877893,node,amenity,police,Sarband Police Station,,,,,33.9248351,71.4761132,Peshawar,Khyber Pakhtunkhwa,Pakistan,,,
e5464630-c3ed-58b0-a906-f0dee2ddd88b,866575507,node,place,village,سربند,,Sarband,,,33.9373567,71.4857373,Peshawar,Khyber Pakhtunkhwa,Pakistan,,,
00c05cf6-20fe-5f7b-a1d4-3facda503ebe,9416434156,node,place,village,سلیمان خیل,,Suleyman Khel,,,33.921622,71.5115044,Peshawar,Khyber Pakhtunkhwa,Pakistan,,,
1835916a-a9be-5853-8ede-ae5bd42e94b6,9416434155,node,place,village,شھاب خیل,,Shahab Khel,,,33.9291615,71.5006292,Peshawar,Khyber Pakhtunkhwa,Pakistan,,,
43ee8c1a-5212-5a47-a24a-3a396cb14316,74197063,way,landuse,residential,,,,,,33.9345113,71.45928,Peshawar,Khyber Pakhtunkhwa,Pakistan,,,
479cfd52-946c-52d5-b596-5c7469099940,501842500,way,landuse,residential,,,,,,33.9384466,71.458221,Peshawar,Khyber Pakhtunkhwa,Pakistan,,,
8c19035d-247b-5928-a1d9-194f14996e9c,74197068,way,landuse,residential,,,,,,33.9113994,71.4691555,Peshawar,Khyber Pakhtunkhwa,Pakistan,,,
63573489-dbd3-5dfc-a005-0954e72fda3d,687322566,way,landuse,residential,mashu khail,,,,,33.9063099,71.4691564,Peshawar,Khyber Pakhtunkhwa,Pakistan,,,
a270f495-b97d-56a5-91bb-89704c1b789f,687322664,way,landuse,residential,آفریدی آباد,آفریدی آباد,Afridi Abad,,,33.9085294,71.4692551,Peshawar,Khyber Pakhtunkhwa,Pakistan,,,
432ac20e-7c18-5aa1-94cf-92f8ed2cdf69,687322804,way,landuse,residential,shaikhan cham,,,,,33.9087861,71.4737721,Peshawar,Khyber Pakhtunkhwa,Pakistan,,,
4a2dc489-d57a-5b94-8d96-8f40840e9299,687322865,way,landuse,residential,آفریدی کالونی,آفریدی کالونی,Afridi Colony,,,33.9053145,71.4745041,Peshawar,Khyber Pakhtunkhwa,Pakistan,,,
be5b12b7-e3ec-564d-8cbb-43dae3140e4a,687322986,way,landuse,residential,Al FARAN MODEL SCHOOL,,,,,33.9071644,71.4719113,Peshawar,Khyber Pakhtunkhwa,Pakistan,,,
d549bbaf-abe9-53a3-9688-869562d50be7,687323033,way,landuse,residential,GOVT SCHOOL,,,,,33.9076554,71.4731006,Peshawar,Khyber Pakhtunkhwa,Pakistan,,,
53dd23ce-982a-56c7-8345-82901a3b3eb2,1038808160,way,landuse,residential,,,,,,33.9090307,71.4869458,Peshawar,Khyber Pakhtunkhwa,Pakistan,,,
4f0b8f33-daad-5f32-97c6-59fe257dc65d,1038808159,way,landuse,residential,,,,,,33.906853,71.5012446,Peshawar,Khyber Pakhtunkhwa,Pakistan,,,
68685439-28db-5b34-87c2-057388fd45af,73684773,way,natural,water,,,,,,33.9156329,71.4640863,Peshawar,Khyber Pakhtunkhwa,Pakistan,,,
9dc29965-a90f-5159-853b-7d1a7fc1295d,74197027,way,landuse,residential,,,,,,33.9201826,71.4831276,Peshawar,Khyber Pakhtunkhwa,Pakistan,,,
376b2ed1-cb1e-50d6-aa15-5aa5cfd36bb4,501842493,way,landuse,residential,,,,,,33.9229021,71.4821309,Peshawar,Khyber Pakhtunkhwa,Pakistan,,,
4ca5fd12-aa4a-5839-bd99-d06fcbf1f62e,74197074,way,landuse,residential,,,,,,33.9338373,71.4731347,Peshawar,Khyber Pakhtunkhwa,Pakistan,,,
882a38d8-e41f-5c16-931f-725db6400c83,501842495,way,landuse,residential,,,,,,33.93129,71.4645561,Peshawar,Khyber Pakhtunkhwa,Pakistan,,,
fcf35d2a-ce93-5b19-b6cc-c020e01ac793,74197087,way,landuse,residential,,,,,,33.9363887,71.4860319,Peshawar,Khyber Pakhtunkhwa,Pakistan,,,
d6334f1a-be6c-53eb-a2bc-58db3290a492,501842537,way,landuse,residential,,,,,,33.9308888,71.4873952,Peshawar,Khyber Pakhtunkhwa,Pakistan,,,
bb46c395-e1e0-507b-812b-7b205822e73e,501842538,way,landuse,residential,,,,,,33.9295669,71.4843606,Peshawar,Khyber Pakhtunkhwa,Pakistan,,,
22ee68a4-8ebe-57de-bf10-41bd8b9cdfe5,74196966,way,landuse,residential,,,,,,33.916884,71.4966642,Peshawar,Khyber Pakhtunkhwa,Pakistan,,,
24562ce4-f8c9-57f2-823e-6263f7dcf06f,74196964,way,landuse,residential,,,,,,33.918994,71.4971953,Peshawar,Khyber Pakhtunkhwa,Pakistan,,,
2cab6e68-9dc8-568d-9b48-e940b75c5353,501842492,way,landuse,residential,,,,,,33.9261353,71.5017325,Peshawar,Khyber Pakhtunkhwa,Pakistan,,,
61513939-a171-550f-a72f-1f3f385e0fd3,74196973,way,landuse,residential,,,,,,33.9222124,71.5109068,Peshawar,Khyber Pakhtunkhwa,Pakistan,,,
86175037-cca4-55f1-9436-4365c82f874f,501842489,way,landuse,residential,,,,,,33.9332208,71.5099088,Peshawar,Khyber Pakhtunkhwa,Pakistan,,,
bb5d0eec-8011-5d9f-b1e5-1c44a3b613fb,501842491,way,landuse,residential,,,,,,33.9366784,71.5108598,Peshawar,Khyber Pakhtunkhwa,Pakistan,,,
78a163b8-9dc2-5fa4-ab58-450628888c5b,501842532,way,landuse,residential,,,,,,33.9406397,71.4735249,Peshawar,Khyber Pakhtunkhwa,Pakistan,,,
11db7cbc-843c-55c2-bdc1-734b6a6273ee,501842541,way,landuse,residential,,,,,,33.9449873,71.4844214,Peshawar,Khyber Pakhtunkhwa,Pakistan,,,
3658a89b-a597-50a4-abb6-bcc2cd28dba8,501842543,way,landuse,industrial,,,,,,33.9503366,71.4798695,Peshawar,Khyber Pakhtunkhwa,Pakistan,,,
9d533f7b-ccf4-5eb0-ada7-3fbb5ea475ff,501842542,way,landuse,residential,,,,,,33.9472278,71.4833138,Peshawar,Khyber Pakhtunkhwa,Pakistan,,,
c2ed62de-93f9-5f47-b84e-3d5e85e53d58,320766186,way,landuse,residential,Housing Project,,,,,33.9453546,71.5027183,Peshawar,Khyber Pakhtunkhwa,Pakistan,,,
7aa6daf0-9396-5f9f-8926-36b07bce8e8e,501842490,way,landuse,residential,,,,,,33.9407495,71.5133959,Peshawar,Khyber Pakhtunkhwa,Pakistan,,,
612f8b94-06ea-52e4-b7af-bbfe4c10e428,4463596,relation,landuse,residential,Pishtakhara Bala,,,,,33.9552796,71.4977889,Peshawar,Khyber Pakhtunkhwa,Pakistan,,,
ab9e84fa-d975-551f-8bc7-d5b00e203649,2739063945,node,landuse,residential,Sector J-4 Hayatabad Peshawar,,,,,33.9741162,71.4511688,Peshawar,Khyber Pakhtunkhwa,Pakistan,,,
9083f212-e6d6-555a-a430-a6a3b795bc47,4457978606,node,amenity,police,check post,,check post,,,33.9754708,71.4520507,Peshawar,Khyber Pakhtunkhwa,Pakistan,,,
ce565a9f-6dbc-53a3-9b6c-26efe4cec9a8,9111156229,node,amenity,post_office,Pakistan Post OFFICE,,,,,33.9714775,71.4501419,Peshawar,Khyber Pakhtunkhwa,Pakistan,,,
c99c493d-af23-5d4a-a3db-2d9a73461015,307399293,node,amenity,fuel,,,,,,33.974164,71.4581871,Peshawar,Khyber Pakhtunkhwa,Pakistan,,,
ea9ebf30-36b3-50a3-a706-9cb0d3526c5f,4917396789,node,amenity,fuel,,,,,,33.9733011,71.4574824,Peshawar,Khyber Pakhtunkhwa,Pakistan,,,
6f9c8242-a5ad-5750-bd8c-2a544cfb5e09,2738972923,node,landuse,residential,"Sector K-2 Phase 3, Hayatabad,Peshawar",,,,,33.9781574,71.4531693,Peshawar,Khyber Pakhtunkhwa,Pakistan,,,
195dd337-8c57-5e6a-8c2b-f66876015f4c,4411341392,node,shop,supermarket,Yousufzai Market Phase 3,,,,,33.980939,71.4518168,Peshawar,Khyber Pakhtunkhwa,Pakistan,,,
81d0617e-dc7f-5944-bcd7-e852255e0f6f,4411384189,node,amenity,place_of_worship,Masjid e Mustafa,,,,,33.9824777,71.4511392,Peshawar,Khyber Pakhtunkhwa,Pakistan,,,
fe4aa5c3-5075-50e4-9513-7213f0c77fbf,4464803691,node,amenity,bank,allied bank,,allied bank,,,33.9809827,71.4519989,Peshawar,Khyber Pakhtunkhwa,Pakistan,,,
d099e6f8-f553-5948-b3a4-76766a9640ac,4464803692,node,amenity,bank,bank islami,,bank islami,,,33.9808986,71.45196,Peshawar,Khyber Pakhtunkhwa,Pakistan,,,
7c003c92-3be5-5212-a450-2aa9b29659a0,9112846283,node,amenity,bank,Dubai Islamic Bank,,,,,33.9811554,71.4518433,Peshawar,Khyber Pakhtunkhwa,Pakistan,,,
d5077cec-d200-5c7f-909b-32e2559ffa9e,9112922284,node,amenity,bank,الائیڈ بینک,الائیڈ بینک,Allied Bank,,,33.9811363,71.4519958,Peshawar,Khyber Pakhtunkhwa,Pakistan,الائیڈ بینک,الائیڈ بینک لمیٹڈ,
56326e30-88c4-5447-a3f9-05c25291a0ba,2738975221,node,landuse,residential,Sector K-4 Hayatabad Peshawar,,,,,33.9822847,71.45473,Peshawar,Khyber Pakhtunkhwa,Pakistan,,,
1e8783f8-8ca0-5b5d-8d8a-04f757182c2a,4110284689,node,shop,supermarket,Basharat Market,,,,,33.9829716,71.4571674,Peshawar,Khyber Pakhtunkhwa,Pakistan,,,
106305a0-d6a3-5f43-931e-42a7bc7ed502,4457977803,node,amenity,police,check post,,check post,,,33.9826072,71.4580094,Peshawar,Khyber Pakhtunkhwa,Pakistan,,,
6be1877b-f116-5c75-b2b0-ff210e7ed813,4464803693,node,shop,supermarket,,,,,,33.9790808,71.4544176,Peshawar,Khyber Pakhtunkhwa,Pakistan,,,
3a136cc2-3e07-5633-bc1e-cbde7c77a86a,10111411971,node,public_transport,platform,Basharat Market BRT Stop,,,,Stop 156,33.9825974,71.4577026,Peshawar,Khyber Pakhtunkhwa,Pakistan,,,
3bb13861-88e8-5f59-b1fd-946a0cbcd6eb,10111419144,node,public_transport,platform,Yousafzai Market BRT Stop,,,,Stop 155,33.9816551,71.4573288,Peshawar,Khyber Pakhtunkhwa,Pakistan,,ZuPeshawar,
bb3174c1-b4e5-51e0-8c3b-78eea57094ab,2738975222,node,landuse,residential,Sector K-5 Hayatabad Peshawar,,,,,33.9860059,71.4530511,Peshawar,Khyber Pakhtunkhwa,Pakistan,,,
e6b51da4-f1af-5db0-a4ea-6a53fce5c1d1,2738975223,node,landuse,residential,Sector K-6 Hayatabad Peshawar,,,,,33.9847029,71.4575614,Peshawar,Khyber Pakhtunkhwa,Pakistan,,,
bb2449cd-7c30-5b1d-b209-4f3a32cc5a3f,4396339667,node,leisure,park,,,,,,33.9858807,71.4585055,Peshawar,Khyber Pakhtunkhwa,Pakistan,,,
2e520ab1-492b-567b-8479-d04ea1f46d65,4475736192,node,shop,supermarket,Roheela Market,,Roheela Market,,,33.9849203,71.4576235,Peshawar,Khyber Pakhtunkhwa,Pakistan,,,
624d33dc-be78-5386-897f-d82e59abb861,5643681759,node,amenity,place_of_worship,Mosque. مسجد,,,,,33.9884167,71.4576138,Peshawar,Khyber Pakhtunkhwa,Pakistan,,,
88c60c54-8a9a-5447-b777-c904159a72e2,5643770422,node,amenity,fuel,Shah CNG,,,,,33.9897676,71.4541514,Peshawar,Khyber Pakhtunkhwa,Pakistan,,,
cd03b0df-39a3-5ad1-a6bb-c373b87fd89a,10111425892,node,public_transport,platform,Bakht Khan Market BRT Stop,,,,Stop 157,33.9877739,71.4599457,Peshawar,Khyber Pakhtunkhwa,Pakistan,,ZuPeshawar,
7f50f92b-bc2a-5e91-a4cf-878477d86263,9416434160,node,place,village,آچینیی بالا,,Achini Bala,,,33.9590471,71.4644537,Peshawar,Khyber Pakhtunkhwa,Pakistan,,,
e3ec9545-c009-56dc-b2f6-08edf637f1a6,4355269160,node,amenity,place_of_worship,Buzarg Mula-Masjid,,,,,33.9560328,71.4939171,Peshawar,Khyber Pakhtunkhwa,Pakistan,,,
c1c3864d-a65b-57d7-ac1b-8c9b60339c0e,9416434159,node,place,village,پشتخرہ,,Pishtakhara,,,33.9554732,71.493737,Peshawar,Khyber Pakhtunkhwa,Pakistan,,,
1b257677-d14a-50b7-aa12-54168aef9166,3273193528,node,shop,mall,Hyper Shopping Mall Parking,,,,,33.9636371,71.4993184,Peshawar,Khyber Pakhtunkhwa,Pakistan,,,
c9044b88-54f1-5315-8d3b-8caa66a85cc3,4355314893,node,amenity,place_of_worship,Masjid Umar Farooq (R.A),,,,,33.9575421,71.4954293,Peshawar,Khyber Pakhtunkhwa,Pakistan,,,
9d19e8d1-0ebf-5794-9d98-1a14f256c3f7,3273288002,node,amenity,restaurant,,,,,,33.9560727,71.5011585,Peshawar,Khyber Pakhtunkhwa,Pakistan,,,
0bb81f2a-d935-5173-b3a8-33bef615c6ab,4355290964,node,amenity,fuel,Shaheen CNG Pump,,,,,33.9573035,71.501989,Peshawar,Khyber Pakhtunkhwa,Pakistan,,,
8026c037-3d11-5258-986e-17c77e890e87,4355315057,node,amenity,place_of_worship,,,,,,33.9567295,71.5013703,Peshawar,Khyber Pakhtunkhwa,Pakistan,,,
1a862f9d-1f32-5443-9fec-ab4815445a35,3273193520,node,shop,supermarket,super store,,,,,33.961106,71.5054711,Peshawar,Khyber Pakhtunkhwa,Pakistan,,,
5fa3bfc4-4a83-54b4-816d-4546afe72e85,3273266518,node,amenity,fuel,پٹرول پمپ,پٹرول پمپ,Petrol Pump,,,33.957588,71.5022669,Peshawar,Khyber Pakhtunkhwa,Pakistan,,,
22509998-17a3-5789-8145-97eb7acf2eff,3273290988,node,amenity,place_of_worship,Zain khan Masjid - Pishtakhara,,,,,33.9580846,71.4997882,Peshawar,Khyber Pakhtunkhwa,Pakistan,,,
c864b745-bfd2-5a1f-a227-16beba624467,3276386482,node,shop,supermarket,,,,,,33.9615469,71.5045788,Peshawar,Khyber Pakhtunkhwa,Pakistan,,,
8d0c1895-cd29-5b07-8733-903656730405,4186717289,node,education,school,Afridi Model School & College Pishtakhara Campus,آفریدی ماڈل سکول اینڈ کالج پشتخرہ کیمپس,,,,33.9593607,71.5036711,Peshawar,Khyber Pakhtunkhwa,Pakistan,,,
d41a8a8c-f253-530e-bda2-1ed98bea24aa,4355289705,node,amenity,place_of_worship,Masjid Abuzar,,,,,33.9594636,71.5023297,Peshawar,Khyber Pakhtunkhwa,Pakistan,,,
aac97cc4-dfbc-5534-b2e0-6b9b2799c655,4355297122,node,amenity,bank,ایچ بی ایل پاکستان,ایچ بی ایل پاکستان,Habib Bank Limited,,,33.9635929,71.5004644,Peshawar,Khyber Pakhtunkhwa,Pakistan,ایچ بی ایل پاکستان,,
216cedbc-c05f-5ca8-8bdb-39f77dbc0c3e,4355315056,node,amenity,fuel,Medina CNG,,,,,33.9630281,71.502267,Peshawar,Khyber Pakhtunkhwa,Pakistan,,,
807a5154-f713-57f3-b647-154f5e1299f0,4355317570,node,amenity,bank,یونائیٹڈ بینک لمیٹڈ,یونائیٹڈ بینک لمیٹڈ,United Bank Limited,,,33.9622102,71.501971,Peshawar,Khyber Pakhtunkhwa,Pakistan,یونائیٹڈ بینک لمیٹڈ,,
9bea73b3-a216-5287-ad56-5df60613a35e,4355326000,node,amenity,bank,Bank Al Habib Ltd,,,,,33.9627702,71.5026747,Peshawar,Khyber Pakhtunkhwa,Pakistan,,,
a8c153bb-238d-57a4-8789-c69b74118222,4464860389,node,shop,shoes,servis store,,servis store,,,33.963529,71.5005624,Peshawar,Khyber Pakhtunkhwa,Pakistan,,,
5c95e911-025e-5cb3-9e09-cc07851389ab,8538797383,node,public_transport,platform,pishtakhara chowk,,,,"modes: suzuki, datson, Qinchi, motor bike, cars
type of operation: route based\mix
no of vehicles stopped: 22",33.9610865,71.504247,Peshawar,Khyber Pakhtunkhwa,Pakistan,,,
f98bb4e8-ccd2-5983-abed-5f5c513f9e93,4925249472,node,amenity,fuel,Tri Zone,,,,,33.9607718,71.5115876,Peshawar,Khyber Pakhtunkhwa,Pakistan,,,
8bc0bc7e-9404-5e21-b4e7-28d89922d505,7822029032,node,place,neighbourhood,Pishatakhara Payan,,,,,33.9637588,71.5111243,Peshawar,Khyber Pakhtunkhwa,Pakistan,,,
2b1071b6-e2f1-5493-9f65-87ffa4bd76d9,866575491,node,place,village,آچینیی پایاں,آچینیی پایاں,Achini Payan,,,33.9668323,71.4680562,Peshawar,Khyber Pakhtunkhwa,Pakistan,,,
879d4f08-839a-5331-8682-67156b7e9542,307399313,node,amenity,fuel,پاکستان اسٹیٹ آئل,پاکستان اسٹیٹ آئل,Pakistan State Oil,,,33.9742852,71.4604625,Peshawar,Khyber Pakhtunkhwa,Pakistan,پاکستان اسٹیٹ آئل,,
615541c7-c8e8-5090-be3c-5137791efa7b,307399328,node,amenity,fuel,parco,,parco,,,33.9744354,71.461656,Peshawar,Khyber Pakhtunkhwa,Pakistan,,,
51b694b4-3aaa-5f40-99c3-8daaf54c4f4c,4409243989,node,amenity,fuel,shalimar cng station,,shalimar cng station,,,33.9737968,71.4627363,Peshawar,Khyber Pakhtunkhwa,Pakistan,,,
9d45110d-7b30-5384-bf3e-84f1c824c65e,4917397042,node,amenity,fuel,,,,,,33.9748848,71.4651766,Peshawar,Khyber Pakhtunkhwa,Pakistan,,,
865dd749-d44e-5e78-a27e-f612acfeb43c,5034984723,node,amenity,restaurant,Namkeen Restaurant,,Namkeen Restaurant,,,33.9740654,71.4643606,Peshawar,Khyber Pakhtunkhwa,Pakistan,,,
08e3457e-e645-596e-93c1-f0edbbdf56bf,5403260423,node,amenity,restaurant,Haji tallah muhammad,,,,,33.9741632,71.4642154,Peshawar,Khyber Pakhtunkhwa,Pakistan,,,
65f44ad1-2c19-53fb-b75a-911150da749c,307399157,node,amenity,fuel,شیل,شیل,Shell,,,33.9754999,71.4691296,Peshawar,Khyber Pakhtunkhwa,Pakistan,شیل,,
8bfac9c0-dfa5-5742-8407-c89a54ee6a04,4687095490,node,shop,bakery,sugar plum,,sugar plum,,,33.9756865,71.4695614,Peshawar,Khyber Pakhtunkhwa,Pakistan,,,
992a6983-d118-5a9a-bc5f-c8a7c116f924,4917397056,node,amenity,fuel,,,,,,33.9746647,71.4695156,Peshawar,Khyber Pakhtunkhwa,Pakistan,,,
fe885906-e492-58d9-92de-a790c24c8895,4917397120,node,amenity,fuel,,,,,,33.9755499,71.4715976,Peshawar,Khyber Pakhtunkhwa,Pakistan,,,
3ccb6785-7133-51fc-8e9b-6501c6034b26,8062674186,node,amenity,restaurant,zaiqa restaurant,,,,,33.9748586,71.4730086,Peshawar,Khyber Pakhtunkhwa,Pakistan,,,
62304de3-ba84-5151-989b-578779841847,12176284554,node,amenity,fast_food,McDonalds,,,,,33.9746453,71.4731783,Peshawar,Khyber Pakhtunkhwa,Pakistan,,,
ed7803d6-d25a-5da6-8a59-858b90ac2d44,12154719095,node,education,school,Bloomfield Hall School Senior Branch,بلوم فیلڈ ہال اسکول کی سینئر برانچ,,,,33.9689165,71.4786646,Peshawar,Khyber Pakhtunkhwa,Pakistan,,,
fbed4cdb-c947-53d6-b1ec-817c72f9e7d4,4718284189,node,amenity,place_of_worship,Masjid Hamza,,,,,33.9729313,71.4789043,Peshawar,Khyber Pakhtunkhwa,Pakistan,,,
3be517f7-fcaa-5a2e-ad73-848efb89a7b0,4925249275,node,amenity,fuel,,,,,,33.9749023,71.4755212,Peshawar,Khyber Pakhtunkhwa,Pakistan,,,
3614a6ab-a521-5f35-9121-3cbfe3912171,5502474921,node,shop,bakery,Flour machine,,,,,33.97402,71.4780123,Peshawar,Khyber Pakhtunkhwa,Pakistan,,,
175b336d-e82f-5e01-9a46-77381bbfb0be,5502474922,node,shop,bakery,Atta chakki,,,,,33.9739399,71.4779774,Peshawar,Khyber Pakhtunkhwa,Pakistan,,,
8255b4ee-1099-5de4-a456-b3f3c7e55eb8,6055350685,node,amenity,restaurant,Traskoon,,,,,33.9744842,71.4747531,Peshawar,Khyber Pakhtunkhwa,Pakistan,,,
511860fe-686b-55cf-96a3-43301c960b20,9572470554,node,shop,supermarket,HBK Arena,,,,,33.9741862,71.4735994,Peshawar,Khyber Pakhtunkhwa,Pakistan,,,
5f415b10-6fa6-5111-b988-508681e1e699,12176284553,node,amenity,fast_food,Cheezious,,,,,33.9745086,71.4738417,Peshawar,Khyber Pakhtunkhwa,Pakistan,,,
1253ceec-2d68-5cee-8f94-7c2b63022847,12176284555,node,amenity,restaurant,Khantainer,,,,,33.9744134,71.4738779,Peshawar,Khyber Pakhtunkhwa,Pakistan,,,
d3a5fe6c-6142-595f-90ae-e25a6b261a45,12176284556,node,leisure,park,WePlay,,,,,33.9741705,71.4737127,Peshawar,Khyber Pakhtunkhwa,Pakistan,,,
8c572d02-139c-5964-855f-b03bc31db2fe,12176304530,node,amenity,fast_food,Ranchers,,,,,33.9751717,71.4745757,Peshawar,Khyber Pakhtunkhwa,Pakistan,,,
fc9499c5-4145-5cb7-bfaa-24dd1fcfe023,4925249280,node,amenity,fuel,,,,,,33.9723145,71.4807969,Peshawar,Khyber Pakhtunkhwa,Pakistan,,,
594a63e9-b7f9-5b45-9017-c52a3a0fc490,4925249281,node,amenity,fuel,,,,,,33.9726795,71.4819298,Peshawar,Khyber Pakhtunkhwa,Pakistan,,,
2055bb70-c3a0-5b7e-bad4-5990f6a1b73d,11431985200,node,shop,supermarket,LALSher market,,,,,33.9902487,71.4773271,Peshawar,Khyber Pakhtunkhwa,Pakistan,,,
59085427-b7c5-5e03-ba2a-62094c68c95d,11432033011,node,amenity,place_of_worship,Masjid sanan,,,,,33.9894574,71.4759435,Peshawar,Khyber Pakhtunkhwa,Pakistan,,,
024ac6e1-63ac-5701-a765-bd82afca5f42,11432250410,node,shop,supermarket,AL sanan super store,,,,,33.9900729,71.4771206,Peshawar,Khyber Pakhtunkhwa,Pakistan,,,
75c769d3-d111-5138-84a3-868f0cdcb5e6,11435556454,node,amenity,place_of_worship,masjid umer farooq,,,,,33.9859872,71.4765165,Peshawar,Khyber Pakhtunkhwa,Pakistan,,,
532bcab6-034d-5674-8864-d52fb546a5ac,3273268415,node,amenity,fuel,Petrolimex,,,,,33.967507,71.492331,Peshawar,Khyber Pakhtunkhwa,Pakistan,,,
fb16f660-2699-52a3-97d5-1168239fda99,4925249297,node,amenity,fuel,,,,,,33.965738,71.4954963,Peshawar,Khyber Pakhtunkhwa,Pakistan,,,
9610a190-3784-54c7-a6ec-6a0a2ecdbcc3,4925249298,node,amenity,fuel,,,,,,33.9661672,71.4962322,Peshawar,Khyber Pakhtunkhwa,Pakistan,,,
4343b761-97e6-5e3f-be74-4f1c82866cc0,1227889415,node,place,village,سفید ڈھیری,سفید ڈہیری,Sufaid Dheri,,,33.9759741,71.4907714,Peshawar,Khyber Pakhtunkhwa,Pakistan,,,
7467888d-49a1-5801-b607-c29045f9cfe3,4464844195,node,amenity,place_of_worship,,,,,,33.9640538,71.4998345,Peshawar,Khyber Pakhtunkhwa,Pakistan,,,
77d88057-d0ea-552d-8cea-9efa2ab41153,4318963494,node,amenity,police,Pishtakha Police Station,,,,,33.968223,71.5114218,Peshawar,Khyber Pakhtunkhwa,Pakistan,,,
a625c076-0587-57ee-9774-7950d9a64333,7051227285,node,healthcare,hospital,Sahibzada Medical Centre,صاحبزادہ میڈیکل سنٹر,,,,33.988398,71.4915957,Peshawar,Khyber Pakhtunkhwa,Pakistan,,,
abec277a-0197-5ec9-bce9-1980c8552b3a,4693828691,node,office,government,protector office,,protector office,,,33.9882041,71.4951906,Peshawar,Khyber Pakhtunkhwa,Pakistan,,,
d10d4dfe-a8eb-5f79-a744-a702462f52d1,1227889422,node,place,neighbourhood,Abdarra,,,,,33.9771544,71.5070346,Peshawar,Khyber Pakhtunkhwa,Pakistan,,,
62d22835-26c3-5938-9cd0-ca633d55a763,1223943705,node,tourism,hotel,Blue Palace,,,,,33.9902134,71.5021855,Peshawar,Khyber Pakhtunkhwa,Pakistan,,,
fb26cc9b-136d-5243-b484-7107d17738ed,1224286133,node,tourism,hostel,Doctor's Hostel,,,,,33.9943652,71.4520619,Peshawar,Khyber Pakhtunkhwa,Pakistan,,,
b8a569ef-08e6-56b6-beb6-8b6c62091d4d,1224404630,node,healthcare,pharmacy,Pharma,,,,,33.9941695,71.4509139,Peshawar,Khyber Pakhtunkhwa,Pakistan,,,
0706632b-9cda-5876-8b1c-e100ef0e22f7,4474552390,node,healthcare,pharmacy,Abdulsamad Pharmacy,,Abdulsamad,,,33.9940854,71.4504902,Peshawar,Khyber Pakhtunkhwa,Pakistan,,,
9763810a-9cc5-5044-a918-5b8150a7e4ac,6450683494,node,healthcare,clinic,Shaukat Khanum Collection Centre,شوکت خانم کلیکشن سینٹر,,,,33.9940421,71.4517991,Peshawar,Khyber Pakhtunkhwa,Pakistan,,,
534e0697-f6b4-5a5b-934a-1fd382051637,6450693686,node,healthcare,laboratory,City Medical laboratory,,,,,33.9940907,71.4519008,Peshawar,Khyber Pakhtunkhwa,Pakistan,,,
667160e2-0f5a-5d48-bdc5-f3b6e822a6c1,6450693687,node,healthcare,clinic,Vaccine Care,ویکسین کی دیکھ بھال,,,,33.9940726,71.4518335,Peshawar,Khyber Pakhtunkhwa,Pakistan,,,
0eab2b59-5c5c-50c3-afa0-872690834472,6450693688,node,healthcare,clinic,excel labs,ایکسل لیبز,,,,33.9940095,71.4519612,Peshawar,Khyber Pakhtunkhwa,Pakistan,,,
c3ad355f-c8ec-53d1-9dbf-d9a5ccb08d29,8280575523,node,tourism,attraction,Mohammadzai Market,,,,,33.9907244,71.4518857,Peshawar,Khyber Pakhtunkhwa,Pakistan,,,
0ee5222f-e900-5172-aa89-a882644cc96f,8280575524,node,shop,supermarket,Bismillah Market,,,,,33.9907902,71.4504825,Peshawar,Khyber Pakhtunkhwa,Pakistan,,,
1f3c0d1d-cfc1-5206-b5d0-b5e7126b4eb4,9518532855,node,amenity,parking,,,,,,33.9939501,71.4505266,Peshawar,Khyber Pakhtunkhwa,Pakistan,,,
7ceb206e-d98b-5cb2-b161-e90b15f175f9,11276937705,node,healthcare,clinic,Shahid Medical Center,,,,,33.9940589,71.45069,Peshawar,Khyber Pakhtunkhwa,Pakistan,,Dr. Shahid Salam,
8a5cd945-8749-50cf-8329-76c18102ea44,4125487990,node,shop,supermarket,Afridi Market,,,,,33.9919441,71.4551409,Peshawar,Khyber Pakhtunkhwa,Pakistan,,,
ae11dbc5-6e93-5a29-91cd-b6d50675fe94,4607797791,node,amenity,fuel,PSO Filling Station,پاکستان اسٹیٹ آئل,pso,,,33.9919707,71.4567149,Peshawar,Khyber Pakhtunkhwa,Pakistan,پاکستان اسٹیٹ آئل,,
3c4c60bb-3814-5a64-8ae9-bfe3f0c5e12d,9288115799,node,amenity,place_of_worship,Masjid Ameer Mawia,,,,,33.9912229,71.4539172,Peshawar,Khyber Pakhtunkhwa,Pakistan,,,
d8bcf5a9-29c5-52ca-bad9-f83bb9e9c725,4412029189,node,public_transport,platform,Phase-3 chowk,,,,,33.9968652,71.4595132,Peshawar,Khyber Pakhtunkhwa,Pakistan,,,
348c11ce-cbf2-544e-b01e-d424a3f97007,11146567306,node,amenity,restaurant,,,,,,33.9965753,71.4632325,Peshawar,Khyber Pakhtunkhwa,Pakistan,,,
cae23221-cff8-5376-bee8-0f13caed7aa6,5718212423,node,shop,bakery,Shereen Mahal Sweet & Bakers,,,,,33.9970968,71.4668663,Peshawar,Khyber Pakhtunkhwa,Pakistan,,,
1240c824-243a-5f04-84a2-7dc927451e30,9111566456,node,amenity,post_office,LCS,,,,,33.9971275,71.462471,Peshawar,Khyber Pakhtunkhwa,Pakistan,,,
7b75bf50-f0b3-5ce4-8efe-5eb8896fffcd,9111582042,node,amenity,post_office,TCS,,,,,33.9971504,71.4624329,Peshawar,Khyber Pakhtunkhwa,Pakistan,,,
5e1cd450-a191-57d4-b43f-45f75864b73f,6886096245,node,office,government,National Incubation Centre,,,,,33.9985039,71.4688126,Peshawar,Khyber Pakhtunkhwa,Pakistan,,,
9e1482cf-1372-579e-9ef0-b697eb2f8bc6,8280575518,node,amenity,fuel,شیل,شیل,Shell,,,33.9977061,71.4670694,Peshawar,Khyber Pakhtunkhwa,Pakistan,شیل,,
8a2d7211-e6ad-56e8-a797-27ff552a8f51,9111137423,node,amenity,post_office,Post Office,,,,,33.9984169,71.4721985,Peshawar,Khyber Pakhtunkhwa,Pakistan,,Pakistan Post,
225ffb95-da43-5fc9-9506-ce696f1b760d,9491781003,node,public_transport,platform,Board bazar stop,,,,"Modes available: car, suzuki, hiace",33.9974783,71.4690037,Peshawar,Khyber Pakhtunkhwa,Pakistan,,,
8db59f68-9d6a-532c-a413-20933d6b29ea,9559885118,node,public_transport,platform,board bazar,,,,"modes: cars, bike, suzuki
types of operation: route based\mix
no of vehicles stopped:29",33.997851,71.4707718,Peshawar,Khyber Pakhtunkhwa,Pakistan,,,
c66b8ff6-5bcf-55cd-8a7c-acc600a9bc84,11301501769,node,amenity,restaurant,Afghan Juice Shop,,,,,33.9978413,71.4677016,Peshawar,Khyber Pakhtunkhwa,Pakistan,,,
46746e37-a41c-51d3-92c2-e0e06519c9da,1224924175,node,place,suburb,دانش آباد,دانش آباد,Danish Abad,,,33.994721,71.4761374,Peshawar,Khyber Pakhtunkhwa,Pakistan,,,
627a635e-44b8-5a34-a3cd-9ca6e299439b,4191464103,node,amenity,place_of_worship,ریلوے مسجد,ریلوے مسجد,Railway Masjid,,,33.9958828,71.4755845,Peshawar,Khyber Pakhtunkhwa,Pakistan,,,
b2473a46-e671-5b18-8695-d0db0aff840f,4318988290,node,amenity,place_of_worship,Nimra Masdjid,,,,,33.9956203,71.478336,Peshawar,Khyber Pakhtunkhwa,Pakistan,,,
c5231a48-cc36-5eba-afef-a2175122732c,4917461597,node,tourism,hostel,ہاسٹل لین,ہاسٹل لین,Hostel Lane,,,33.995696,71.4782862,Peshawar,Khyber Pakhtunkhwa,Pakistan,,,
82ca3a0b-ab9d-54a3-af19-4e07edd739dc,11432250403,node,amenity,place_of_worship,MEDINA masjid ( muzafarabad),,,,,33.9907385,71.4773966,Peshawar,Khyber Pakhtunkhwa,Pakistan,,,
a68c10f7-2f93-5ed4-8eb5-532551c4f432,11432250404,node,shop,supermarket,chitral general store,,,,,33.9906873,71.4772584,Peshawar,Khyber Pakhtunkhwa,Pakistan,,,
bc52ff6a-eabd-5497-9994-9141de70c4c1,11432505726,node,tourism,hostel,HAMAD BOYS HOSTEL & SHOPS,,,,,33.9925736,71.4770745,Peshawar,Khyber Pakhtunkhwa,Pakistan,,,
d7b6164e-0597-53f8-ad60-50db1da598f0,11432508500,node,shop,supermarket,Mengal super store,,,,,33.9932555,71.4772005,Peshawar,Khyber Pakhtunkhwa,Pakistan,,,
708d0a2f-c8dd-5d5c-842b-60d4749c03b2,4925249765,node,leisure,pitch,,,,,,33.994319,71.483322,Peshawar,Khyber Pakhtunkhwa,Pakistan,,,
8c7f2c23-8dbf-5214-bbf0-62130933b825,4925249767,node,amenity,place_of_worship,,,,,,33.9943484,71.4829469,Peshawar,Khyber Pakhtunkhwa,Pakistan,,,
35c22f36-526a-5cc8-a238-d44762b724fc,5323841221,node,office,government,,,Peshawar Academy For Rural Development,,,33.9938886,71.4845046,Peshawar,Khyber Pakhtunkhwa,Pakistan,,,
a06cee81-4af8-580b-bac8-8292c694f195,6953240885,node,healthcare,hospital,Sardar Begum Dental Hospital,سردار بیگم ڈینٹل ہسپتال,,,,33.9925182,71.4809989,Peshawar,Khyber Pakhtunkhwa,Pakistan,,,
d6186f1b-2f49-573a-924b-28d6efdd4590,9111189419,node,amenity,post_office,Pakistan Post,,,,,33.9916725,71.4860611,Peshawar,Khyber Pakhtunkhwa,Pakistan,,Pakistan Post,
69fd5307-a5dd-50c6-b3b5-898630352562,11432537478,node,healthcare,hospital,,,,,,33.9925892,71.4809945,Peshawar,Khyber Pakhtunkhwa,Pakistan,,,
ed95934a-3abd-5b2b-a461-c747accaf257,1921383308,node,public_transport,platform,Islamia College Gate 1,,,,,33.9984857,71.4740697,Peshawar,Khyber Pakhtunkhwa,Pakistan,,,
c07c1736-ed0e-5906-9831-ead9518d3fe2,2781361340,node,amenity,restaurant,Islamia restaurant,,,,,33.9980222,71.475541,Peshawar,Khyber Pakhtunkhwa,Pakistan,,,
f653df17-c447-5722-a797-03b605abe8b2,5323841222,node,amenity,restaurant,,,Charsi Tikka,,,33.997941,71.4768595,Peshawar,Khyber Pakhtunkhwa,Pakistan,,,
ed57b5af-2d12-56b3-9cb7-8d67c55b4872,5562524787,node,office,estate_agent,AL NAAFAY,,,,,33.9975658,71.4764526,Peshawar,Khyber Pakhtunkhwa,Pakistan,,Izhar Ali,
c2204ee2-e970-5d6f-966d-507eaa666d63,1750929104,node,public_transport,platform,University Transport Service,,,,,33.9997803,71.4863323,Peshawar,Khyber Pakhtunkhwa,Pakistan,,,
ad2363f7-3da4-5ceb-aafe-5c47779c5c16,1223944307,node,amenity,bank,MCB,ایم سی بی بینک,MCB,,,33.9967336,71.4921701,Peshawar,Khyber Pakhtunkhwa,Pakistan,MCB,,
1a094de8-bbfb-52b3-986a-526e561a4048,1226378407,node,leisure,fitness_centre,Curves,,,,,33.9916681,71.4895439,Peshawar,Khyber Pakhtunkhwa,Pakistan,Curves,,
964a2475-12e6-54b8-9dc1-45fdf17fd598,1226378408,node,amenity,townhall,University Town Hall,,,,,33.9907252,71.4880847,Peshawar,Khyber Pakhtunkhwa,Pakistan,,,
5542324a-1519-5666-8d28-89716ac120be,1226378412,node,healthcare,hospital,ICRC Wound Trauma Hospital,,,,,33.9960712,71.4896082,Peshawar,Khyber Pakhtunkhwa,Pakistan,,,
f1f13eee-a6b6-5cbb-8b7a-5d41bc47b356,1226378418,node,amenity,place_of_worship,Zia-ul Islam,,,,,33.9910365,71.4892542,Peshawar,Khyber Pakhtunkhwa,Pakistan,,,
24fd731d-e2d8-505a-8f9e-455297eb67bd,1226378419,node,amenity,restaurant,Kazbah,,,,,33.9917304,71.489222,Peshawar,Khyber Pakhtunkhwa,Pakistan,,,
31df0145-e362-5673-a7fb-9dec04aba345,1226378422,node,healthcare,hospital,Kulsoom Maternity Home,,,,,33.9911788,71.4917862,Peshawar,Khyber Pakhtunkhwa,Pakistan,,,
ee1af67f-6482-551f-b321-10ec6f89ae6f,1226378424,node,healthcare,hospital,Shakat Khanum Clinic,,,,,33.9908497,71.4913356,Peshawar,Khyber Pakhtunkhwa,Pakistan,,,
70c46610-5447-500d-af37-be36d14356fc,1226378426,node,shop,gift,Deco Craft,,,,,33.9912233,71.4892327,Peshawar,Khyber Pakhtunkhwa,Pakistan,,,
964d5e19-9156-5304-bf11-316037469224,1226398110,node,healthcare,hospital,Khyber Teaching Hospital - Accident and Emergency,خیبر ٹیچنگ ہسپتال - حادثات اور ایمرجنسی,,,,33.995949,71.4870541,Peshawar,Khyber Pakhtunkhwa,Pakistan,,Pubic,
777767d0-2f08-5079-96b4-109803224f0d,1226713181,node,amenity,bank,Habib Band Limited,,,,,33.995587,71.489372,Peshawar,Khyber Pakhtunkhwa,Pakistan,,,
b6d9d982-7557-5774-b9d9-b8fc5433e54f,1223074603,node,amenity,parking,,,,,,33.9917951,71.4992986,Peshawar,Khyber Pakhtunkhwa,Pakistan,,,
10ec0c12-504a-5ea1-a5be-306aa51cbaef,1226378423,node,education,school,Bloomfield Hall School Junior,بلوم فیلڈ ہال اسکول جونیئر,,,,33.9903605,71.4936852,Peshawar,Khyber Pakhtunkhwa,Pakistan,,,
7c3d0140-5ac8-532a-acc2-16efaa0b0227,7819502796,node,place,town,یونیورسٹی ٹاؤن,یونیورسٹی ٹاؤن,University Town,,,33.9941425,71.4967131,Peshawar,Khyber Pakhtunkhwa,Pakistan,,,
ad53ccdd-aa8d-58a4-9bee-e9a53c01a8db,1223944102,node,healthcare,pharmacy,Shaheen Chemist,,,,,33.997294,71.491976,Peshawar,Khyber Pakhtunkhwa,Pakistan,,private,
80af61eb-c8b0-58d7-8bc0-c95314355c2a,1223966087,node,amenity,police,Town Police Station,,,,,33.9978386,71.4909351,Peshawar,Khyber Pakhtunkhwa,Pakistan,,,
cbdb6eab-af71-5e46-8c9a-9e2c1e535d69,1226368122,node,amenity,cafe,Jan's Deli;Naan Sense,,,,,33.9969444,71.4921445,Peshawar,Khyber Pakhtunkhwa,Pakistan,,,
35e3e0b5-a0a7-56ea-9c87-de9e5b84f186,1226368841,node,amenity,restaurant,Chief Grill,,,,,33.9972917,71.4923809,Peshawar,Khyber Pakhtunkhwa,Pakistan,,,
6b65c683-d650-59e1-a0b2-9a7c400edc2d,4125531089,node,amenity,cafe,Tutti Frutti,,,,,33.9973806,71.4928645,Peshawar,Khyber Pakhtunkhwa,Pakistan,,,
0376bc5a-05d6-5022-a4c2-759449858651,4125531189,node,amenity,fast_food,Mr Cod,,,,,33.9971929,71.4922896,Peshawar,Khyber Pakhtunkhwa,Pakistan,,,
ed708308-5d0f-543c-a9fd-3182a2649b1d,4917461729,node,amenity,fuel,,,,,,33.9980648,71.492781,Peshawar,Khyber Pakhtunkhwa,Pakistan,,,
8fa8369c-947c-50d9-b895-60b31cd454a2,6886101797,node,office,government,PCSIR,,,,,33.9995385,71.4898604,Peshawar,Khyber Pakhtunkhwa,Pakistan,,,
07bdaeeb-334f-5eaa-aca9-ba95cbf686ca,9518467580,node,amenity,parking,,,,,,33.9974388,71.4908111,Peshawar,Khyber Pakhtunkhwa,Pakistan,,,
b59d7f0a-6c2f-589c-84a1-191f90b86a98,1226386618,node,amenity,parking,,,,,,33.9989176,71.4946776,Peshawar,Khyber Pakhtunkhwa,Pakistan,,,
8714a067-2551-5c4a-b69e-92ee377f3408,1226386631,node,shop,butcher,,,,,,33.9987486,71.4948386,Peshawar,Khyber Pakhtunkhwa,Pakistan,,,
07f09b4c-948b-56ae-9d1b-219ecf50760b,1226386637,node,shop,gift,Avon Gift Shop,,,,,33.9990911,71.4948439,Peshawar,Khyber Pakhtunkhwa,Pakistan,,,
5cc96cea-0409-5776-a459-0acb98bb5eef,1226713187,node,amenity,fast_food,Thames Burger,,,,,33.9986824,71.4946614,Peshawar,Khyber Pakhtunkhwa,Pakistan,,,
513ca153-73f3-502a-8668-97026fac0aab,5329973540,node,healthcare,pharmacy,Time's Pharmacy,,,,,33.9989466,71.4948582,Peshawar,Khyber Pakhtunkhwa,Pakistan,,,
16c3041c-e5b9-5894-9e63-6b63f86df1f3,5502461822,node,amenity,restaurant,Town wedding hall,,,,,33.9973677,71.4938721,Peshawar,Khyber Pakhtunkhwa,Pakistan,,,
ea5a640f-26a0-5f5e-9fdf-a6d54e53d23f,7408857499,node,amenity,cafe,Cafe Crunch,,,,,33.9969859,71.4991126,Peshawar,Khyber Pakhtunkhwa,Pakistan,,,
64f79001-5c41-54a8-9702-7be87323de61,9518427105,node,amenity,parking,,,,,,33.99996,71.4953428,Peshawar,Khyber Pakhtunkhwa,Pakistan,,,
e503b55c-b8ae-5d30-9d76-45df3b14b132,6019346687,node,office,government,TEVTA,,,,,33.996003,71.5012016,Peshawar,Khyber Pakhtunkhwa,Pakistan,,,
e7440a5b-2196-5446-a846-c844468bcf29,1223945822,node,tourism,guest_house,Revoli Guest House,,,,,33.9989929,71.5001363,Peshawar,Khyber Pakhtunkhwa,Pakistan,,,
31e4f5cf-c9c7-57ee-b108-7e8af7c81738,1223958742,node,tourism,guest_house,Inter Con Guest House,,,,,33.9973118,71.5012842,Peshawar,Khyber Pakhtunkhwa,Pakistan,,,
c9ea76d8-e75f-5d38-8230-15c3595f087b,75503662,way,landuse,residential,,,,,,33.9887207,71.4727017,Peshawar,Khyber Pakhtunkhwa,Pakistan,,,
1e7887bb-bf9d-5e19-8919-bb6a4aa4ffb1,501842505,way,landuse,residential,,,,,,33.9584674,71.4517277,Peshawar,Khyber Pakhtunkhwa,Pakistan,,,
7a9a7a3f-c705-5b94-9dc9-04cf3be916f8,501842506,way,landuse,residential,,,,,,33.9620758,71.4524821,Peshawar,Khyber Pakhtunkhwa,Pakistan,,,
fda052e6-b1fd-505b-a717-7452b9922264,501842507,way,landuse,residential,,,,,,33.9598098,71.4574363,Peshawar,Khyber Pakhtunkhwa,Pakistan,,,
95fbc137-138d-5c47-b67f-774ca0abb654,501842508,way,landuse,residential,,,,,,33.9626671,71.4592354,Peshawar,Khyber Pakhtunkhwa,Pakistan,,,
cc80ad7e-2317-5b1e-b017-f57851b36e6c,501842510,way,landuse,residential,,,,,,33.9660867,71.4576821,Peshawar,Khyber Pakhtunkhwa,Pakistan,,,
56ea6452-a53d-56dc-b8ad-b8bea780b7bc,500758100,way,landuse,residential,,,,,,33.9704758,71.4572501,Peshawar,Khyber Pakhtunkhwa,Pakistan,,,
d07cd3c7-6523-5863-815b-6aac8990e524,1217043299,way,landuse,residential,SECTOR J-4,,,,,33.9710291,71.449167,Peshawar,Khyber Pakhtunkhwa,Pakistan,,,
e99b6448-0508-5aac-af58-16e7ff21cba8,1217043298,way,landuse,residential,SECTOR J-2,,,,,33.9733918,71.449619,Peshawar,Khyber Pakhtunkhwa,Pakistan,,,
37e7bd88-5e86-5b74-af5c-b8519c7cc346,273275736,way,leisure,playground,Phase 3 Playground,,,,,33.9812531,71.4511485,Peshawar,Khyber Pakhtunkhwa,Pakistan,,,
04b4ed6d-19e2-51e6-a24a-16fe96eaf07f,442737295,way,amenity,place_of_worship,,,,,,33.9819319,71.4512169,Peshawar,Khyber Pakhtunkhwa,Pakistan,,,
15cef65e-74a4-5782-b064-886dd271d2c2,501848278,way,landuse,residential,,,,,,33.9896814,71.4509102,Peshawar,Khyber Pakhtunkhwa,Pakistan,,,
4b7b21e4-2674-5548-9f87-1a768ed8f9c5,441946783,way,leisure,park,,,,,,33.9873531,71.4529571,Peshawar,Khyber Pakhtunkhwa,Pakistan,,,
1ac5060f-2001-52f2-90f5-1eb3012de7f5,441950310,way,leisure,park,,,,,,33.9889587,71.4516172,Peshawar,Khyber Pakhtunkhwa,Pakistan,,,
af07829d-f540-5c62-9d31-1737014458c9,521310289,way,leisure,park,,,,,,33.9865455,71.451812,Peshawar,Khyber Pakhtunkhwa,Pakistan,,,
8db336bc-ca4b-5687-adab-d55cdb9496d1,441946359,way,amenity,place_of_worship,,,,,,33.9849109,71.4577826,Peshawar,Khyber Pakhtunkhwa,Pakistan,,,
a4a12238-0dfa-5b36-ae6c-dec01257b4a8,465586104,way,leisure,park,Khattak Market Park,,,,,33.9885339,71.4564787,Peshawar,Khyber Pakhtunkhwa,Pakistan,,,
a2c4dfb3-4f22-5b4a-b777-45b6a806c798,521310822,way,leisure,park,,,,,,33.989866,71.455389,Peshawar,Khyber Pakhtunkhwa,Pakistan,,,
67c6b720-169f-5216-a288-c96799168002,501842529,way,landuse,industrial,,,,,,33.9510757,71.4770524,Peshawar,Khyber Pakhtunkhwa,Pakistan,,,
0a3d4dab-b3e4-528d-b212-854c44829ef9,501842518,way,landuse,residential,,,,,,33.9551362,71.465282,Peshawar,Khyber Pakhtunkhwa,Pakistan,,,
72807097-d534-5c8b-9101-443e5fb06189,501842519,way,landuse,residential,,,,,,33.9558277,71.4679153,Peshawar,Khyber Pakhtunkhwa,Pakistan,,,
54f8bcd4-adfc-5692-aa3e-6c73fe8471bf,74186044,way,landuse,residential,,,,,,33.9647354,71.4681348,Peshawar,Khyber Pakhtunkhwa,Pakistan,,,
c5a6d7bc-45c4-5a35-9293-412f1bd9c9a9,501842516,way,landuse,residential,,,,,,33.9658232,71.4639915,Peshawar,Khyber Pakhtunkhwa,Pakistan,,,
86783bc2-dfdf-596a-bd44-14288def32c4,501842530,way,landuse,industrial,,,,,,33.9575159,71.4675993,Peshawar,Khyber Pakhtunkhwa,Pakistan,,,
4dd9e780-e551-5d17-965e-29eb44c19d50,501842528,way,natural,water,,,,,,33.952944,71.4772426,Peshawar,Khyber Pakhtunkhwa,Pakistan,,,
ec4d4fdc-929b-5afa-b024-ff14ec66c626,501842522,way,landuse,residential,,,,,,33.9594773,71.4772269,Peshawar,Khyber Pakhtunkhwa,Pakistan,,,
85ebeb3f-cb23-5814-85c7-92f1ef053fa0,501842523,way,landuse,residential,,,,,,33.9617218,71.4762291,Peshawar,Khyber Pakhtunkhwa,Pakistan,,,
be1da8ab-1254-51f9-a88e-3908742f979c,501842488,way,landuse,residential,,,,,,33.9508637,71.50012,Peshawar,Khyber Pakhtunkhwa,Pakistan,,,
5720fe1f-5d6a-52a4-a75d-c768fb204e25,501842545,way,landuse,residential,,,,,,33.9577158,71.4910363,Peshawar,Khyber Pakhtunkhwa,Pakistan,,,
35812989-af43-581b-9bd2-4709ff2d38fa,320688126,way,shop,mall,Hyper Shopping Mall,,,,,33.9634851,71.498961,Peshawar,Khyber Pakhtunkhwa,Pakistan,,,
75d53c8f-3d3f-5b91-b06d-03f6fe894de8,501842561,way,leisure,park,,,,,,33.9616903,71.5008754,Peshawar,Khyber Pakhtunkhwa,Pakistan,,,
5c6d2331-b9da-50ca-8eea-0d5dfe739474,1430948313,way,landuse,residential,Galaxy Gate,,,,,33.958623,71.51087,Peshawar,Khyber Pakhtunkhwa,Pakistan,,,
7eedc3f4-a340-50e8-bd4f-5acdf9d4dbf3,501842517,way,landuse,residential,,,,,,33.9657032,71.4631761,Peshawar,Khyber Pakhtunkhwa,Pakistan,,,
1b1ffeec-69d2-592f-aeb4-faeaeec91d6f,75503696,way,landuse,residential,,,,,,33.9795486,71.4750736,Peshawar,Khyber Pakhtunkhwa,Pakistan,,,
db51b000-02cb-5fcc-b19b-10060adfd983,501842512,way,landuse,residential,,,,,,33.9710768,71.4625319,Peshawar,Khyber Pakhtunkhwa,Pakistan,,,
81483e69-017e-5c45-a5d3-f98fb38eeda5,501842525,way,landuse,residential,,,,,,33.9697485,71.4739813,Peshawar,Khyber Pakhtunkhwa,Pakistan,,,
1d5231de-5ea7-5e03-9700-793f1ff8b066,501842524,way,landuse,residential,,,,,,33.9648273,71.4763363,Peshawar,Khyber Pakhtunkhwa,Pakistan,,,
45132a24-d555-543b-ba8e-3917377dac81,1315502886,way,education,college,Hadaf College Girls Campus,ہدف کالج گرلز کیمپس,,,,33.970016,71.4792955,Peshawar,Khyber Pakhtunkhwa,Pakistan,,,
9dbe0e77-737f-54c6-a8db-c473ea60ca95,74186048,way,landuse,residential,,,,,,33.9809702,71.4883069,Peshawar,Khyber Pakhtunkhwa,Pakistan,,,
fe569d5f-b37a-51da-b490-b678f3e0fcd9,501842546,way,landuse,residential,,,,,,33.9764218,71.4790976,Peshawar,Khyber Pakhtunkhwa,Pakistan,,,
2683a32a-5632-5e55-a727-d161fbcbfe40,501842551,way,natural,water,,,,,,33.9702796,71.4800877,Peshawar,Khyber Pakhtunkhwa,Pakistan,,,
1b7f35a0-dee7-5c2f-b19a-6a38b7f4a3fd,501842527,way,landuse,residential,,,,,,33.9721148,71.4783098,Peshawar,Khyber Pakhtunkhwa,Pakistan,,,
098d38c1-6e5c-5b23-a8cf-cf25db709b24,493944568,way,landuse,cemetery,,,,,,33.9827202,71.4680807,Peshawar,Khyber Pakhtunkhwa,Pakistan,,,
26877a63-8b65-5c87-b329-7f6c11b3131f,106731562,way,landuse,industrial,,,,,,33.9917288,71.4733903,Peshawar,Khyber Pakhtunkhwa,Pakistan,,,
0dd998d7-92c1-534b-8e99-e56b4462a9d7,502277021,way,landuse,residential,single story homes,,,,,33.9883934,71.4737332,Peshawar,Khyber Pakhtunkhwa,Pakistan,,,
5807fcaf-582e-5ff1-91cc-3a7f5c9b5a7f,502277014,way,landuse,industrial,,,,,,33.9866846,71.4729841,Peshawar,Khyber Pakhtunkhwa,Pakistan,,,
33c19521-641b-578a-8c49-a6f0c6331e00,1232425557,way,shop,supermarket,,,,,,33.990248,71.4773268,Peshawar,Khyber Pakhtunkhwa,Pakistan,,,
bafec076-48b7-5908-be29-8ae33c6557c0,1232423950,way,amenity,place_of_worship,Masjid sanan,,,,,33.9893207,71.4760024,Peshawar,Khyber Pakhtunkhwa,Pakistan,,,
83aa60b4-5ac5-5e04-9f9e-2a4d337e8617,1232448307,way,shop,supermarket,AL sanan store,,,,,33.9900807,71.4771286,Peshawar,Khyber Pakhtunkhwa,Pakistan,,,
4a059902-8b59-5b28-b68e-5f739770e356,1232739282,way,shop,convenience,MALIK MARKET,,,,,33.9891175,71.4769838,Peshawar,Khyber Pakhtunkhwa,Pakistan,,,
8a68ab0b-e483-5fc6-bb70-5d386b473f8d,320695379,way,landuse,industrial,Farm Fresh Dairy farm,,,,,33.9692014,71.4923632,Peshawar,Khyber Pakhtunkhwa,Pakistan,,,
3e28e999-5fe2-5b0d-94b8-16aa8ce0d86e,501842559,way,landuse,industrial,,,,,,33.9759059,71.4981716,Peshawar,Khyber Pakhtunkhwa,Pakistan,,,
4cf47221-d744-5b14-b59b-6e3768c8d0ed,1234360186,way,natural,wood,trees,,,,,33.9697894,71.5121063,Peshawar,Khyber Pakhtunkhwa,Pakistan,,,
c7309282-3494-5f53-8f0e-d4687beea90e,1234311939,way,leisure,playground,39,,,,,33.9770621,71.5080047,Peshawar,Khyber Pakhtunkhwa,Pakistan,,,
c7194f87-ce85-551c-b24c-c244025ac9db,1234311945,way,leisure,playground,45,,,,,33.9771401,71.5060373,Peshawar,Khyber Pakhtunkhwa,Pakistan,,,
7e29debd-bb16-5bba-8ffb-0c85a99f8d36,1230885536,way,landuse,residential,house,,,,,33.9761872,71.5112278,Peshawar,Khyber Pakhtunkhwa,Pakistan,,,
280a4c29-5bf3-5fcf-b219-3d8b1a9467e0,1230885537,way,landuse,residential,house 2,,,,,33.9760693,71.5110401,Peshawar,Khyber Pakhtunkhwa,Pakistan,,,
cbcb34e7-ea28-504d-ba5d-c34194b2ecad,1234310478,way,leisure,playground,12,,,,,33.9769913,71.5073708,Peshawar,Khyber Pakhtunkhwa,Pakistan,,,
c3ced07e-c616-588d-aab0-51b4a929ae89,1234311938,way,leisure,playground,38,,,,,33.9770367,71.5077996,Peshawar,Khyber Pakhtunkhwa,Pakistan,,,
59bfeec6-ca01-5328-a85d-38799c433c8b,501842557,way,landuse,residential,,,,,,33.979942,71.4978748,Peshawar,Khyber Pakhtunkhwa,Pakistan,,,
519a456d-5425-5fac-b4a4-5bcd6536026a,1234355880,way,amenity,place_of_worship,mosque,,,,,33.9902203,71.4989131,Peshawar,Khyber Pakhtunkhwa,Pakistan,,,
014cba5b-d6f9-560d-ab40-9dfc28e4bb57,1234311946,way,leisure,playground,46,,,,,33.9773847,71.5059381,Peshawar,Khyber Pakhtunkhwa,Pakistan,,,
f30c4681-e0c7-595b-8871-91775db5d0ff,1230885539,way,landuse,residential,house 3,,,,,33.978326,71.511493,Peshawar,Khyber Pakhtunkhwa,Pakistan,,,
717c9516-1d83-5912-8cb1-6c14211df075,1230885540,way,landuse,residential,house 3,,,,,33.9781386,71.5114662,Peshawar,Khyber Pakhtunkhwa,Pakistan,,,
d6b13467-04f5-5561-81c6-e54ea9c3eacf,1230885541,way,landuse,residential,H4,,,,,33.9783239,71.5112829,Peshawar,Khyber Pakhtunkhwa,Pakistan,,,
213c1565-20a5-503b-9437-4dd3e7955978,1234310491,way,leisure,playground,25,,,,,33.9774308,71.5066528,Peshawar,Khyber Pakhtunkhwa,Pakistan,,,
1f40020d-f6c5-500b-934b-7c81346035ea,1234311926,way,leisure,playground,26,,,,,33.9774649,71.5072404,Peshawar,Khyber Pakhtunkhwa,Pakistan,,,
7a5f082b-4c25-5eb3-b392-37885d46d184,1234311942,way,leisure,playground,42,,,,,33.9774021,71.5075837,Peshawar,Khyber Pakhtunkhwa,Pakistan,,,
7f3fc81d-771c-5a98-8961-aa2d64cd6d5e,1234315522,way,leisure,playground,84,,,,,33.9777506,71.5085343,Peshawar,Khyber Pakhtunkhwa,Pakistan,,,
fb2d5a53-c7a4-5350-9055-92bd56a2a891,1234315536,way,leisure,playground,98,,,,,33.9783392,71.5077696,Peshawar,Khyber Pakhtunkhwa,Pakistan,,,
47f112b9-d7f9-5959-af5b-deafa0f22e52,1234315537,way,leisure,playground,99,,,,,33.9784782,71.5080428,Peshawar,Khyber Pakhtunkhwa,Pakistan,,,
b066be81-2b4a-5634-b6dc-6bf8288855b2,1231636382,way,landuse,residential,,,,,,33.9903573,71.5093521,Peshawar,Khyber Pakhtunkhwa,Pakistan,,,
bb450f74-6893-56df-9784-90ae31b66839,1231636386,way,landuse,residential,,,,,,33.9897297,71.5096924,Peshawar,Khyber Pakhtunkhwa,Pakistan,,,
8e824204-0298-5f3e-a477-4a47e2191f20,1231636387,way,landuse,residential,,,,,,33.9898839,71.5105301,Peshawar,Khyber Pakhtunkhwa,Pakistan,,,
8244c7ff-acd1-54cf-b1b2-e0002db4b747,106410887,way,leisure,park,N-4 Park,,,,,33.9955838,71.4492294,Peshawar,Khyber Pakhtunkhwa,Pakistan,,,
f907ba3b-9033-5657-9aa4-9c5f570bdbbb,273279197,way,amenity,parking,Doctors Car Park,,,,,33.9933897,71.4499961,Peshawar,Khyber Pakhtunkhwa,Pakistan,,,
3843f404-e83a-5e25-9871-e6b2ab3f20aa,273279572,way,amenity,parking,Doctors Car Park,,,,,33.9935354,71.4505338,Peshawar,Khyber Pakhtunkhwa,Pakistan,,,
b133476f-8700-512e-a488-138b3494cfa1,1234679351,way,shop,supermarket,Muhammad zai Market,,,,,33.9907099,71.4515831,Peshawar,Khyber Pakhtunkhwa,Pakistan,,,
d3e851c0-7e6a-5869-bbe0-f6f52835ada1,1237187905,way,healthcare,hospital,Hayatabad Medical Complex,حیات آباد میڈیکل کمپلیکس,,,,33.9923773,71.4498445,Peshawar,Khyber Pakhtunkhwa,Pakistan,,,
4c0f83a3-45ad-5828-82d6-5b71b15445f2,273269155,way,amenity,restaurant,Tikka Restaurant,,,,,33.9961167,71.4598963,Peshawar,Khyber Pakhtunkhwa,Pakistan,,,
eea99780-c116-5511-b298-cf060130a62d,106483736,way,landuse,industrial,Water and Sewage Treatment Plant,,,,,33.9932437,71.4595982,Peshawar,Khyber Pakhtunkhwa,Pakistan,,,
f643f8d0-cc3d-5a09-be2f-3910ff31d2bf,501848277,way,landuse,residential,,,,,,33.9930712,71.4546191,Peshawar,Khyber Pakhtunkhwa,Pakistan,,,
3101d365-3f8f-55f6-b0d8-eeacf536e3dc,1238347132,way,shop,clothes,,,,,,33.9958542,71.4704082,Peshawar,Khyber Pakhtunkhwa,Pakistan,,,
9623adae-c265-5a98-9ff9-c558dce58458,1238347133,way,shop,clothes,,,,,,33.9962717,71.4703121,Peshawar,Khyber Pakhtunkhwa,Pakistan,,,
2c184d1b-ee4f-5903-81ae-c5e3671cdbe5,75504410,way,place,suburb,کینال ٹاؤن,,Canal Town,,,34.0053698,71.4711336,Peshawar,Khyber Pakhtunkhwa,Pakistan,,,
fbf68090-5c9e-5029-9ce2-26e5f1dd0fd6,1238348724,way,landuse,residential,,,,,,33.9967142,71.4706227,Peshawar,Khyber Pakhtunkhwa,Pakistan,,,
e7439451-7bf9-5c22-9361-2682d6aa4cb1,1238352038,way,landuse,residential,,,,,,33.9969693,71.4711337,Peshawar,Khyber Pakhtunkhwa,Pakistan,,,
6b6aa085-d93c-5068-81f1-cb8e66c1b200,465876902,way,amenity,fuel,پاکستان اسٹیٹ آئل,پاکستان اسٹیٹ آئل,Pakistan State Oil,,,33.9969853,71.46616,Peshawar,Khyber Pakhtunkhwa,Pakistan,پاکستان اسٹیٹ آئل,,
e09d2477-7168-5b97-a2f8-30a3d6952d03,500049380,way,leisure,pitch,BISEP Cricket Ground,,,,,34.0002921,71.4726503,Peshawar,Khyber Pakhtunkhwa,Pakistan,,,
538af9fa-0f10-51c9-ae75-a1f57fc2eb85,1238347130,way,amenity,fuel,,,,,,33.9978631,71.4723007,Peshawar,Khyber Pakhtunkhwa,Pakistan,,,
6df93665-a975-5af1-be45-134894be042f,1238348721,way,landuse,residential,,,,,,33.9971519,71.4706882,Peshawar,Khyber Pakhtunkhwa,Pakistan,,,
84545c3e-2040-5f24-bfb6-ce6e686b7430,1244586692,way,tourism,hotel,,,,,,33.99856,71.4677046,Peshawar,Khyber Pakhtunkhwa,Pakistan,,,
6ce7fe01-1054-581d-b7b5-507bec2f4918,1232448306,way,shop,supermarket,chitral super store,,,,,33.9906837,71.4772512,Peshawar,Khyber Pakhtunkhwa,Pakistan,,,
093f5c7f-7acc-52f8-aa64-3ceeb6420d46,1232476143,way,shop,supermarket,MENGAL STORE,,,,,33.9932617,71.4771981,Peshawar,Khyber Pakhtunkhwa,Pakistan,,,
6b6ccbfa-cd69-56a4-8297-57db997d21a5,1232482919,way,tourism,hostel,ZAID HOSTEL,,,,,33.9927726,71.4771127,Peshawar,Khyber Pakhtunkhwa,Pakistan,,,
2892ee32-75af-553e-9393-18845fff190b,1232482920,way,tourism,hostel,TOCHI BOYS HOSTEL,,,,,33.993047,71.477413,Peshawar,Khyber Pakhtunkhwa,Pakistan,,,
63275266-2c49-569d-b145-adc062609db6,1234605489,way,natural,scrub,,,,,,33.9948944,71.478315,Peshawar,Khyber Pakhtunkhwa,Pakistan,,,
094b23c6-ffae-50b8-b88b-175f47badb60,1234605490,way,natural,scrub,,,,,,33.993919,71.478119,Peshawar,Khyber Pakhtunkhwa,Pakistan,,,
618c5d81-912d-57ed-9751-7b527f5eab62,106605518,way,tourism,hostel,Nursing Hostel,,,,,33.996151,71.483838,Peshawar,Khyber Pakhtunkhwa,Pakistan,,,
a238e391-79dd-59b0-aaf4-cfaf5ea720f9,273255343,way,healthcare,hospital,KTH Nephrology Block,کے ٹی ایچ نیفرو لوجی بلاک,,,,33.9960545,71.4849206,Peshawar,Khyber Pakhtunkhwa,Pakistan,,,
4042fdc9-a68c-5523-b77a-8464b0de5587,273255932,way,tourism,hostel,KTH Nursing Hostel,,,,,33.9966595,71.48361,Peshawar,Khyber Pakhtunkhwa,Pakistan,,,
8d49a00a-a513-5746-a1e1-27d421413cf0,962145702,way,leisure,pitch,,,,,,33.9942998,71.483614,Peshawar,Khyber Pakhtunkhwa,Pakistan,,,
65e31e51-28a9-53d0-8f00-0645fa10c482,273253104,way,leisure,pitch,KMC Cricket Ground,,,,,33.9988972,71.4871619,Peshawar,Khyber Pakhtunkhwa,Pakistan,,,
b9b4304e-746a-523e-a9a1-283541bb8f08,273255051,way,tourism,hostel,KTH New Doctor Hostel,,,,,33.9966595,71.4847064,Peshawar,Khyber Pakhtunkhwa,Pakistan,,,
2656249f-2249-540c-8aba-a8a3ac5b741e,418936412,way,place,neighbourhood,واحد آباد,واحد آباد,Wahidabad,,,33.9969009,71.4764392,Peshawar,Khyber Pakhtunkhwa,Pakistan,,,
cc5d2084-c2ff-5b9e-a60b-e88c965141d0,500049391,way,leisure,park,,,,,,33.9968462,71.4819642,Peshawar,Khyber Pakhtunkhwa,Pakistan,,,
993de0ed-d4f5-5c7b-90f2-548c93920bc5,500767282,way,amenity,place_of_worship,,,,,,33.9967982,71.4795252,Peshawar,Khyber Pakhtunkhwa,Pakistan,,,
5b058b91-f8c1-5206-bf63-d767d9d972eb,501842589,way,landuse,residential,,,,,,33.9942872,71.4867148,Peshawar,Khyber Pakhtunkhwa,Pakistan,,,
ba1feae1-106c-5e00-ac91-10cdf9b37bd5,1450176056,way,healthcare,hospital,sherpao hospital,شیرپاؤ اسپتال,,,,33.9966307,71.4862224,Peshawar,Khyber Pakhtunkhwa,Pakistan,,,
226569bd-f7dc-55a6-891c-072d48ac5999,273253501,way,leisure,pitch,Islamia College Ground,,,,,33.999139,71.4759863,Peshawar,Khyber Pakhtunkhwa,Pakistan,,Islamia college,
21159caa-237e-5abd-aca2-7a2540c853c5,273254621,way,amenity,fuel,Green Tech CNG station,,,,,33.997999,71.4778371,Peshawar,Khyber Pakhtunkhwa,Pakistan,,,
6f9b0e17-32ab-5564-a06d-5552a9c0eac6,273258370,way,leisure,pitch,Islamia College Hockey Ground,,,,,33.9991288,71.477358,Peshawar,Khyber Pakhtunkhwa,Pakistan,,,
8a0d3bea-5a73-5432-b8e7-9f20df043a93,342248700,way,leisure,pitch,Islamia Collegiate Ground,,,,,33.9997186,71.4794626,Peshawar,Khyber Pakhtunkhwa,Pakistan,,,
179e7bf0-dd72-5792-b14e-c11a7c020bbe,342248704,way,leisure,pitch,,,,,,33.9989723,71.4794777,Peshawar,Khyber Pakhtunkhwa,Pakistan,,,
ed0bb72d-0470-586b-8433-b8b1a24bdc9e,342248852,way,leisure,pitch,,,,,,33.999219,71.4783033,Peshawar,Khyber Pakhtunkhwa,Pakistan,,Islamia college,
f4886338-978d-59c6-9b75-2a3b04f03ae7,446963828,way,leisure,park,,,,,,34.0001753,71.4769744,Peshawar,Khyber Pakhtunkhwa,Pakistan,,,
59025a05-5819-577b-b547-5d1437f083b6,448076428,way,leisure,park,,,,,,33.9998713,71.4750753,Peshawar,Khyber Pakhtunkhwa,Pakistan,,,
89fb6972-a8fb-5784-a5ed-76a25feee0c9,448076859,way,leisure,park,,,,,,34.0002833,71.4770673,Peshawar,Khyber Pakhtunkhwa,Pakistan,,,
ce9a5ef9-dc0f-575f-9e0c-a804df646e6a,448118302,way,leisure,park,,,,,,33.9997182,71.4771283,Peshawar,Khyber Pakhtunkhwa,Pakistan,,,
db9342bc-9533-5e2c-91ab-b53f7273e137,914376159,way,leisure,pitch,,,,,,33.999172,71.4790026,Peshawar,Khyber Pakhtunkhwa,Pakistan,,,
8076cbea-0886-576f-8708-1a0175caeec4,1450173504,way,amenity,cafe,,چرسی ٹھکا,,,,33.9980162,71.4770354,Peshawar,Khyber Pakhtunkhwa,Pakistan,,,
b5349653-6b1e-5f5f-b505-acf41e6e87fb,163578723,way,healthcare,hospital,IRNUM,ادارہ برائے شعاعی علاج اور ایٹمی طب,,,,33.998473,71.485337,Peshawar,Khyber Pakhtunkhwa,Pakistan,,PAEC (Pakistan Atomic Energy Commission),
07bceb1f-4aab-57d9-8fc4-b93be072e794,273254700,way,tourism,hostel,Paramedics Hostel,,,,,33.997213,71.4847827,Peshawar,Khyber Pakhtunkhwa,Pakistan,,,
c3401399-d972-56e7-a2ce-0223d68b3524,273254832,way,amenity,place_of_worship,KTH Masjid,,,,,33.9974955,71.4848256,Peshawar,Khyber Pakhtunkhwa,Pakistan,,,
5ac376d9-43df-5c65-a960-ebc7b33c6280,273254901,way,leisure,pitch,,,,,,33.9992972,71.4809461,Peshawar,Khyber Pakhtunkhwa,Pakistan,,,
0b864497-b93e-5238-8fb0-cf0d5ed4b2bc,273256066,way,landuse,residential,KTH Doctors Flats,,,,,33.9972139,71.4838332,Peshawar,Khyber Pakhtunkhwa,Pakistan,,,
2dac5e91-12b7-59e9-966b-b2d2a786511c,1264765889,way,amenity,parking,,,,,,33.9990051,71.4855681,Peshawar,Khyber Pakhtunkhwa,Pakistan,,,
1f5cf97f-3a6e-51e3-a4bd-3f33de2ae8d3,106358014,way,leisure,park,,,,,,33.9938692,71.4910575,Peshawar,Khyber Pakhtunkhwa,Pakistan,,,
7202a9cc-2455-59c9-a3f3-456021a65084,106630930,way,healthcare,pharmacy,Mama Medicos,,,,,33.9962141,71.4884257,Peshawar,Khyber Pakhtunkhwa,Pakistan,,,
d96c56a4-55e6-53e3-bf22-d2672e9f3af2,1231913796,way,leisure,park,P5,,,,,33.9964411,71.4912576,Peshawar,Khyber Pakhtunkhwa,Pakistan,,,
68d8ab7e-f3ae-527a-954b-600f509ecb69,106359697,way,healthcare,hospital,Johar Khatoon,,,,,33.9919614,71.4978402,Peshawar,Khyber Pakhtunkhwa,Pakistan,,,
5922c1d3-37a8-5d10-9cf8-c7c6201ed368,106360483,way,amenity,place_of_worship,,,,,,33.9917879,71.4985457,Peshawar,Khyber Pakhtunkhwa,Pakistan,,,
69156e48-91b2-5685-ac71-75625469939a,394210934,way,leisure,pitch,,,,,,33.9952186,71.4967918,Peshawar,Khyber Pakhtunkhwa,Pakistan,,,
9f6b2e30-f627-54db-aaf3-9e022671373c,394210935,way,leisure,pitch,,,,,,33.9952309,71.4966174,Peshawar,Khyber Pakhtunkhwa,Pakistan,,,
a9ee796b-cf71-5dd7-9013-9bad0281b180,106630932,way,healthcare,pharmacy,Meraj & Sons Medicose,,,,,33.9969739,71.488466,Peshawar,Khyber Pakhtunkhwa,Pakistan,,,
90567c10-9441-5de4-9238-00c05b709065,1231913790,way,leisure,park,P1,,,,,33.9999366,71.4999255,Peshawar,Khyber Pakhtunkhwa,Pakistan,,,
d915aa70-6d95-527a-be37-6bb887aaa93e,1231913794,way,leisure,park,P5,,,,,33.9970148,71.4907042,Peshawar,Khyber Pakhtunkhwa,Pakistan,,,
90875291-7e5f-50a1-8c0d-e85ea44abe6f,106630931,way,amenity,place_of_worship,Spin Jumat,,,,,33.9973943,71.4887246,Peshawar,Khyber Pakhtunkhwa,Pakistan,,,
a5e0b130-d510-5380-a930-9b288dc283b8,274228339,way,amenity,fuel,Attock Station,,Attock Filling Station,,,33.9983107,71.4917829,Peshawar,Khyber Pakhtunkhwa,Pakistan,,Gul Haji,
0c9a84b4-0e0f-5fcb-8270-85c9b96d5637,274228503,way,amenity,fuel,ٹوٹل,ٹوٹل,Total,,,33.9989559,71.492928,Peshawar,Khyber Pakhtunkhwa,Pakistan,Total,ٹوٹل پارکو,
4b5fe9d6-671a-5043-b077-e668f21b5a79,342245913,way,office,government,KPIT Board,,,,Khyber Pakhtunkhwa IT Board ,33.9972481,71.4912956,Peshawar,Khyber Pakhtunkhwa,Pakistan,,,
05aff2c4-dad8-500b-b547-49afc5427410,500715613,way,tourism,museum,Sir Sahibzada Abdul Qayum Museum,,,,,34.0000613,71.4871947,Peshawar,Khyber Pakhtunkhwa,Pakistan,,University of Peshawar,
5b76049f-1fe9-5932-98fd-813f3d4b8bf5,1231913799,way,amenity,restaurant,R2,,,,,33.9972084,71.4923221,Peshawar,Khyber Pakhtunkhwa,Pakistan,,,
93cb7aaf-26f7-5916-a08a-82158591f829,1231913800,way,amenity,cafe,C1,,,,,33.997342,71.49306,Peshawar,Khyber Pakhtunkhwa,Pakistan,,,
7c5f29e4-cd61-5fd4-9b1f-7647736e0b48,1231913802,way,amenity,cafe,Cloud Fusion Cafe,,,,,33.9969441,71.492184,Peshawar,Khyber Pakhtunkhwa,Pakistan,,,
fb5160fc-09f5-5d1f-a779-583e06137b52,1231913818,way,amenity,restaurant,R5,,,,,33.9973259,71.4892764,Peshawar,Khyber Pakhtunkhwa,Pakistan,,,
15e4d56a-0a4b-5464-aada-ad1c6e3c56a2,1231913820,way,amenity,restaurant,R6,,,,,33.9973861,71.4898135,Peshawar,Khyber Pakhtunkhwa,Pakistan,,,
f66ee8dd-8e0d-5638-b4ec-56306192a677,1231913821,way,amenity,restaurant,R7,,,,,33.9973216,71.4899232,Peshawar,Khyber Pakhtunkhwa,Pakistan,,,
9d9fd305-7be4-5d11-90d3-abfd4b738b30,1231913822,way,amenity,restaurant,R8,,,,,33.9973355,71.490094,Peshawar,Khyber Pakhtunkhwa,Pakistan,,,
e99979e9-f451-5af7-b683-45ff876cdbdc,1231913823,way,amenity,restaurant,R9,,,,,33.997337,71.4902771,Peshawar,Khyber Pakhtunkhwa,Pakistan,,,
d747a8e9-0800-55cc-8beb-756d06bfe6da,106606309,way,shop,mall,Avon Super Store,,,,,33.998919,71.49462,Peshawar,Khyber Pakhtunkhwa,Pakistan,,,
8c7bb50d-f558-5585-8b27-77850b8cc4f7,106606917,way,office,government,Customs Collection Office,,,,,33.999457,71.4959615,Peshawar,Khyber Pakhtunkhwa,Pakistan,,,
8019cf2d-d4c6-517c-8939-224cf12c8e8c,273254233,way,amenity,fuel,Friend CNG,,,,,33.999605,71.4944863,Peshawar,Khyber Pakhtunkhwa,Pakistan,,Friend,
73ff37d2-8f17-55e9-a63c-046a9cdfef18,275948475,way,shop,mall,Al Sayyed Tower,,,,,34.0000335,71.4952584,Peshawar,Khyber Pakhtunkhwa,Pakistan,,,
1fb25e8b-8400-5555-8c5a-036fd992eaa9,1033121261,way,amenity,parking,,,,,,33.998946,71.4946073,Peshawar,Khyber Pakhtunkhwa,Pakistan,,,
347e70c4-91c7-5c47-83eb-f19a45dc2709,1231913791,way,leisure,park,P3,,,,,33.9997091,71.4959274,Peshawar,Khyber Pakhtunkhwa,Pakistan,,,
0f5a7f35-e620-564e-bff6-8dbe5f130ccc,1231913803,way,amenity,restaurant,R3,,,,,33.9972623,71.4938173,Peshawar,Khyber Pakhtunkhwa,Pakistan,,,
0a61260a-e9c5-54a8-a8dd-7dc5313a3bbd,1234646629,way,amenity,cafe,,,,,,33.9969764,71.4990071,Peshawar,Khyber Pakhtunkhwa,Pakistan,,,
0fde2974-3090-56f3-9b6f-f1dfda48f06f,1272271463,way,landuse,cemetery,,,,,,33.9944967,71.5023219,Peshawar,Khyber Pakhtunkhwa,Pakistan,,,
5d4912a8-2d9f-50e4-a7d6-7c20e81522e4,1231636383,way,landuse,residential,,,,,,33.9910515,71.5093428,Peshawar,Khyber Pakhtunkhwa,Pakistan,,,
1f8516cd-1795-5e60-8e08-2be44f3d2cf1,1231636384,way,landuse,residential,,,,,,33.9907479,71.5100228,Peshawar,Khyber Pakhtunkhwa,Pakistan,,,
919fb256-a924-5c6e-932b-bfc4f5b6f93b,1231636385,way,landuse,residential,,,,,,33.9907779,71.5095279,Peshawar,Khyber Pakhtunkhwa,Pakistan,,,
e65917c5-9992-5042-9873-5690bd06f953,106367755,way,landuse,cemetery,,,,,,33.9916557,71.5069171,Peshawar,Khyber Pakhtunkhwa,Pakistan,,,
31bf227f-7698-5990-b7f2-70150a59be96,13905937,relation,landuse,residential,,,,,,33.9878272,71.5131445,Peshawar,Khyber Pakhtunkhwa,Pakistan,,,
31b8ec92-e012-5b7c-9ce8-266ef5d9495d,13906072,relation,place,suburb,Hayatabad,حيات آباد,,,,33.9770806,71.4337967,Peshawar,Khyber Pakhtunkhwa,Pakistan,,,Q5686104
efb5358b-e45b-5b19-87c0-ebfb4fdd5325,12757916,relation,aeroway,aerodrome,باچا خان انٹرنیشنل ائرپورٹ,باچا خان بین الاقوامی ہوائی اڈا,Bacha Khan International Airport,,,33.9910099,71.5121455,Peshawar,Khyber Pakhtunkhwa,Pakistan,,پاکستان سول ایوی ایشن اتھارٹی,Q1516769
d0abe7ff-c2f0-5279-8ea4-e28856306fd0,11240536,relation,healthcare,hospital,Hayatabad Medical Complex,,,,,33.9921649,71.4497979,Peshawar,Khyber Pakhtunkhwa,Pakistan,,,Q5686114
0372d5ca-47c9-50f4-a07b-b5ab19b19b31,13838308,relation,healthcare,hospital,MTI-KTH,,,,,33.9966033,71.485581,Peshawar,Khyber Pakhtunkhwa,Pakistan,,,
ec373e1a-ab3e-5a38-b20b-9927ad7a5941,7335103,relation,tourism,hostel,Doctor's Hostel,,,,,33.9964349,71.4877969,Peshawar,Khyber Pakhtunkhwa,Pakistan,,,
50d53b73-942d-5078-899c-f1d1c60955ab,7335102,relation,tourism,hostel,Doctor's Hostel,,,,,33.9970053,71.4878001,Peshawar,Khyber Pakhtunkhwa,Pakistan,,,
1a51d783-52e2-5f99-a1c8-e76eb4b69ff1,4578830889,node,shop,supermarket,Police Colony Peshawar,,Police Colony Peshawar,,,34.0137112,71.4588666,Peshawar,Khyber Pakhtunkhwa,Pakistan,,,
6fcd27a1-ca4e-5854-9e09-374f87ea4e5b,4126296590,node,amenity,cafe,Melting Spot,,,,,34.0019775,71.4678844,Peshawar,Khyber Pakhtunkhwa,Pakistan,,,
2c84f34e-9194-557f-818a-0466a3158ab1,4126303689,node,amenity,cafe,Giga Bite,,,,,34.0021889,71.4676708,Peshawar,Khyber Pakhtunkhwa,Pakistan,,,
14b13449-1214-5724-aab4-a11befbad3f1,4915415986,node,natural,tree,,,,,,34.0004762,71.4791749,Peshawar,Khyber Pakhtunkhwa,Pakistan,,,
99b3d318-f7e6-593f-b52e-286486f6b702,4915415987,node,natural,tree,,,,,,34.0004737,71.4794337,Peshawar,Khyber Pakhtunkhwa,Pakistan,,,
78cbc2da-488e-5e5c-b315-d4cd2275d19b,4915415988,node,natural,tree,,,,,,34.0004941,71.4796741,Peshawar,Khyber Pakhtunkhwa,Pakistan,,,
66f57c2f-1cf5-5d90-8159-9bdf2053cabd,3229421839,node,amenity,parking,Bus stand,,,,,34.0025934,71.4844528,Peshawar,Khyber Pakhtunkhwa,Pakistan,,,
36c474bf-df04-5872-a50a-ab1f9bbf2ed8,3231590650,node,office,government,VC office,,,,,34.0026569,71.4859228,Peshawar,Khyber Pakhtunkhwa,Pakistan,,,
9e8cf536-4bb6-57ff-a4b5-cb7d3ba8935c,3399692837,node,amenity,place_of_worship,,,,,,34.0006588,71.4853649,Peshawar,Khyber Pakhtunkhwa,Pakistan,,Civil Department,
7ee27c69-99a5-586c-a377-bf8da37964ca,4917016136,node,natural,tree,,,,,,34.0011399,71.4851693,Peshawar,Khyber Pakhtunkhwa,Pakistan,,,
d58ca503-5b6a-563e-8391-1a95139e5d6e,4917016143,node,natural,tree,,,,,,34.0009936,71.4853568,Peshawar,Khyber Pakhtunkhwa,Pakistan,,,
c1bcc50b-27fc-597c-8157-1ab2a809b45f,3266177809,node,shop,convenience,shops,,,,,34.0079744,71.4619599,Peshawar,Khyber Pakhtunkhwa,Pakistan,,,
5a74ece0-c69e-5b3f-a246-ba5456a5090b,3266193294,node,amenity,fuel,,,,,,34.0057567,71.4637202,Peshawar,Khyber Pakhtunkhwa,Pakistan,,,
52f35c70-f89a-56d5-b982-7f03b18e4449,4912069338,node,amenity,place_of_worship,Islamia College Masjid,,,,This is the historical Islamia College Masjid,34.003702,71.4754262,Peshawar,Khyber Pakhtunkhwa,Pakistan,,,
0c78d51d-bbe8-5713-942f-98a48537d9bd,3229419685,node,amenity,restaurant,Mensa,,,,,34.003395,71.4850116,Peshawar,Khyber Pakhtunkhwa,Pakistan,,UET Peshawar,
3d123061-b089-53d1-89a3-270f5de93852,10203892946,node,tourism,hostel,UET Girls Hostel,,,,,34.009407,71.4816513,Peshawar,Khyber Pakhtunkhwa,Pakistan,,,
72ca56d2-b8c9-5df9-a43c-edc8ccc5cfb9,11434753546,node,tourism,hotel,Old Tribal Girls Hostel of Jinnah College For Women,,,,,34.009825,71.4835245,Peshawar,Khyber Pakhtunkhwa,Pakistan,,,
0b6241b1-eba3-560c-b9ef-b7ec029e3d7c,11434768326,node,tourism,hostel,UET Girls Hostel,,,,,34.0097318,71.4818276,Peshawar,Khyber Pakhtunkhwa,Pakistan,,University of Engineering And Technology Peshawar,
95ed914e-3c3a-599a-8575-4ec928574fc3,4127241489,node,amenity,place_of_worship,Masjid-e-Siddique,,,,,34.0111804,71.4759531,Peshawar,Khyber Pakhtunkhwa,Pakistan,,,
04187667-efe3-50be-bd10-f78b8c030789,10203977999,node,tourism,hostel,KMC Girls Hostel,,,,,34.0107803,71.4845352,Peshawar,Khyber Pakhtunkhwa,Pakistan,,,
3136a245-455e-56ab-b272-50ee7b695fe8,10203987231,node,tourism,hostel,Tatara Girls Hostel,,,,,34.0121536,71.4850616,Peshawar,Khyber Pakhtunkhwa,Pakistan,,,
6fef5550-11f9-5932-9108-4cb8f4d7db4f,11434676296,node,amenity,place_of_worship,Masjid Firdos,,,,,34.0100565,71.4820778,Peshawar,Khyber Pakhtunkhwa,Pakistan,,,
f65adb60-8813-5cc5-a0dd-b2f68f7fd938,11434761684,node,tourism,hostel,Benazir Girls Hostel,,,,,34.0101338,71.4861923,Peshawar,Khyber Pakhtunkhwa,Pakistan,,University of Peshawar,
bf14c741-1cd8-5ead-bbe9-9e6fcfa65e6d,4917016191,node,natural,tree,,,,,,34.0005122,71.4881625,Peshawar,Khyber Pakhtunkhwa,Pakistan,,,
099e9409-5ff2-5954-af45-929b7f28c87e,4917016508,node,natural,tree,,,,,,34.0015166,71.4910662,Peshawar,Khyber Pakhtunkhwa,Pakistan,,,
6ce21e2c-cc97-5853-ba2c-19408e560740,4917016509,node,natural,tree,,,,,,34.0015071,71.4903877,Peshawar,Khyber Pakhtunkhwa,Pakistan,,,
e61e5603-8776-508b-bf71-6e6539372bcc,1226391239,node,amenity,fuel,,,,,,34.0002429,71.4967998,Peshawar,Khyber Pakhtunkhwa,Pakistan,,,
437bf0b2-307e-5b65-a595-2cb16bbfb40e,2781378242,node,shop,mall,Sha Posh,,,,,34.0017516,71.4984306,Peshawar,Khyber Pakhtunkhwa,Pakistan,,,
ebeac9ed-5ebb-5724-b574-bea95280dbdc,3280255620,node,shop,mall,Fawad Plaza,,,,,34.0023224,71.4990494,Peshawar,Khyber Pakhtunkhwa,Pakistan,,,
8d0fbbda-9875-55f3-88f1-bde4712fa337,4585251697,node,amenity,fast_food,Chief Burger,,Chief Burger,,,34.0020459,71.4989253,Peshawar,Khyber Pakhtunkhwa,Pakistan,,,
0459143c-e379-553e-9a56-853454239d84,5948635885,node,healthcare,clinic,Ayan Clinic,,,,,34.0001258,71.4955987,Peshawar,Khyber Pakhtunkhwa,Pakistan,,,
0af2c670-f3e3-5540-aa12-a3bd5193276c,6077828686,node,amenity,restaurant,Pizza Hut,پیزا ہٹ,Pizza Hut,,,34.0006952,71.496881,Peshawar,Khyber Pakhtunkhwa,Pakistan,Pizza Hut,,
84216668-c9ed-53ec-9a19-03eeec79f418,9320217141,node,office,estate_agent,Fortune Holdings Real Estate Peshawar Pakistan,,,,,34.0007512,71.4981418,Peshawar,Khyber Pakhtunkhwa,Pakistan,,,
7280fdec-d81a-589e-903c-93f1247af484,9518468150,node,amenity,parking,,,,,,34.0002601,71.4967472,Peshawar,Khyber Pakhtunkhwa,Pakistan,,,
a25e98fb-b55f-5bd4-b52b-726b156212b0,9518481242,node,amenity,parking,,,,,,34.0011178,71.4986164,Peshawar,Khyber Pakhtunkhwa,Pakistan,,,
d0e017ee-05f5-5fc4-90b5-b4f0b1941cd9,5061737121,node,shop,books,Oxford University Press,,oxford university press,,,34.0016976,71.5012473,Peshawar,Khyber Pakhtunkhwa,Pakistan,,,
9ba67e96-ea4d-58f7-a6dc-d9bc626a02db,7149749486,node,amenity,bank,اسٹینڈرڈ چارٹرڈ,اسٹینڈرڈ چارٹرڈ,Standard Chartered,,,34.0032121,71.5023667,Peshawar,Khyber Pakhtunkhwa,Pakistan,اسٹینڈرڈ چارٹرڈ,اسٹینڈرڈ چارٹرڈ,
51a584da-5388-5395-ab24-e6bd5002e7f2,9518485180,node,amenity,parking,,,,,,34.0026305,71.5013994,Peshawar,Khyber Pakhtunkhwa,Pakistan,,,
de3ca74d-36bc-59bd-9179-01afee511ed0,9518490679,node,amenity,parking,,,,,,34.0029197,71.5011079,Peshawar,Khyber Pakhtunkhwa,Pakistan,,,
56423548-0dfe-593a-a86b-d273bf2c5f4c,4917016519,node,natural,tree,,,,,,34.0049841,71.4902038,Peshawar,Khyber Pakhtunkhwa,Pakistan,,,
acb4abbf-3e50-5a27-ae94-ea2f7419f615,4917016520,node,natural,tree,,,,,,34.0043669,71.4906005,Peshawar,Khyber Pakhtunkhwa,Pakistan,,,
d97a36ea-f3e3-5f7e-84ab-b90ca83348b2,4917016721,node,natural,tree,,,,,,34.0039499,71.4892264,Peshawar,Khyber Pakhtunkhwa,Pakistan,,,
27892383-100e-5226-b6c3-cd2c18af25a1,4917016722,node,natural,tree,,,,,,34.0035161,71.4893069,Peshawar,Khyber Pakhtunkhwa,Pakistan,,,
ebf98d59-4a2c-5cca-a817-a34020c46df0,9600052440,node,education,university,Department of Botany,نباتیات کا شعبہ,,,University of Peshawar,34.0053253,71.487709,Peshawar,Khyber Pakhtunkhwa,Pakistan,,,
5359d3b1-ddfc-5bcb-8b31-2698de1afbc3,9600089922,node,amenity,cafe,Canteen (Student Teacher Center),,,,,34.0064125,71.487236,Peshawar,Khyber Pakhtunkhwa,Pakistan,,,
5e8650bb-828d-58df-9537-37c779b24321,11432150118,node,amenity,cafe,Puta Cafe,,,,,34.007859,71.4873756,Peshawar,Khyber Pakhtunkhwa,Pakistan,,,
9824324a-cc8c-5250-a310-082031dfa847,1224044715,node,place,suburb,جہانگیر آباد,جہانگیربد,Jahangir Abad,,,34.0048054,71.4987703,Peshawar,Khyber Pakhtunkhwa,Pakistan,,,
5fd3b28f-1c67-5bd4-9388-b175bc51df69,4110284589,node,amenity,bank,Farhad Faisal Bank,,,,,34.0102642,71.4869191,Peshawar,Khyber Pakhtunkhwa,Pakistan,,,
30ec026b-d383-5c38-b3f4-bb4364d3632c,10203931789,node,amenity,police,Peshawar University Police Station,,,,,34.0108681,71.4876328,Peshawar,Khyber Pakhtunkhwa,Pakistan,,,
495f1886-36eb-50e3-9c88-4fd4f688bca9,7690916596,node,historic,castle,Hujra Arbab Abdul Kareem,,,,,34.0110229,71.4985787,Peshawar,Khyber Pakhtunkhwa,Pakistan,,,
2b766b59-118f-5784-9eae-0a2656fec489,8325727617,node,tourism,hostel,خلیل کامریڈ ہاسٹل راحت آباد,خلیل کامریڈ ہاسٹل راحت آباد,Khalil Comrade Hostel Rahat Abad,,,34.0157457,71.4953401,Peshawar,Khyber Pakhtunkhwa,Pakistan,,,
14949110-6beb-52cc-a160-8dd89cec5563,6190923085,node,amenity,restaurant,China Terrace,,,,,34.0050376,71.5063109,Peshawar,Khyber Pakhtunkhwa,Pakistan,,,
753d864c-b1ee-585e-9d62-b8a2dfa29228,7149736386,node,shop,supermarket,JB Tower,,,,,34.0050446,71.5061659,Peshawar,Khyber Pakhtunkhwa,Pakistan,,,
35dafca5-ec9b-5f23-bea3-a9127d4092d6,7149749485,node,amenity,fuel,PSO filling station,,,,,34.0042479,71.5043645,Peshawar,Khyber Pakhtunkhwa,Pakistan,,,
9bff2445-c031-5b07-9707-cbff24afe3b7,9098547422,node,tourism,attraction,FES Higher Education,,,,,34.0038017,71.5042725,Peshawar,Khyber Pakhtunkhwa,Pakistan,,,
9df211b6-2bd0-570f-8eef-53531d1560ed,9111161571,node,amenity,post_office,Pakistan Post,,,,,34.0046196,71.5037994,Peshawar,Khyber Pakhtunkhwa,Pakistan,,,
19a0632e-0dbe-5f06-b1f6-6c41edf76d7f,9503963101,node,amenity,parking,,,,,,34.0055501,71.5059743,Peshawar,Khyber Pakhtunkhwa,Pakistan,,,
9b403deb-0218-52c2-8501-37f30d89df27,9518441890,node,amenity,parking,,,,,,34.0056623,71.5062478,Peshawar,Khyber Pakhtunkhwa,Pakistan,,,
c0533b38-6f7e-54a9-b237-e53614e69787,10250741012,node,office,government,Federal Insurance Mohtasib Office (دفتر وفاقی انشورنس محتسب),,,,,34.0043244,71.5031145,Peshawar,Khyber Pakhtunkhwa,Pakistan,,,
9acea4e5-a934-5205-b0cd-387060184777,11146575505,node,amenity,restaurant,Soup 100,,,,,34.0049712,71.5047839,Peshawar,Khyber Pakhtunkhwa,Pakistan,,,
83030a25-2442-5547-ad79-9ab6d894204c,1224121359,node,tourism,hotel,Grand Hotel,,,,,34.0072046,71.508882,Peshawar,Khyber Pakhtunkhwa,Pakistan,,,
da8322dd-4167-5851-a941-de54ed6aae6c,3280227538,node,amenity,restaurant,Shiraz,,,,,34.0062974,71.5069079,Peshawar,Khyber Pakhtunkhwa,Pakistan,,,
a237a513-0368-57be-8016-d48876a14548,4360778590,node,shop,car_repair,Toyota Frontier Motors,,Toyota frontier motors,,,34.006949,71.508442,Peshawar,Khyber Pakhtunkhwa,Pakistan,,,
75a322e0-c3b4-5a7c-b790-8e6e59f5607b,4403919591,node,education,school,majlis e soat ul islam pakistan,مجلس تحفظ الاسلام,majlis e soat ul islam pakistan,,,34.0050995,71.5103874,Peshawar,Khyber Pakhtunkhwa,Pakistan,,,
7da45b28-94a1-5077-969c-36d2083b3b71,4607765399,node,amenity,place_of_worship,Madni Masjid,,,,,34.0055244,71.5085767,Peshawar,Khyber Pakhtunkhwa,Pakistan,,,
a4fc4af1-3075-5657-8279-4fbe0386a036,4607765893,node,shop,car_repair,,,,,,34.0056124,71.5088517,Peshawar,Khyber Pakhtunkhwa,Pakistan,,,
ce32f117-0355-55f8-bc93-e8a37cb73a3b,4984760226,node,shop,car_repair,Honda North,,Honda North,,,34.0062727,71.5074712,Peshawar,Khyber Pakhtunkhwa,Pakistan,,,
026295ca-e1fc-57cc-9d80-13f797c7a0ca,5137020924,node,shop,car_repair,tehkal work shop,,,,,34.0050658,71.5090656,Peshawar,Khyber Pakhtunkhwa,Pakistan,,,
66d46c6c-f7a1-50c0-a6cc-6167e223c75b,6068475686,node,office,company,Nayatel Pvt office,,,,,34.0087058,71.5111607,Peshawar,Khyber Pakhtunkhwa,Pakistan,,,
a46c6132-c737-500e-8ba3-a637b700f062,9518487986,node,amenity,parking,,,,,,34.0062633,71.5084308,Peshawar,Khyber Pakhtunkhwa,Pakistan,,,
e9b8d4b2-43b7-50be-b671-3ac5c457f31b,9518510890,node,amenity,parking,,,,,,34.0083318,71.5113224,Peshawar,Khyber Pakhtunkhwa,Pakistan,,,
628dd43e-dacb-5628-915f-fbaee22e3f6b,9589424280,node,amenity,place_of_worship,Casagrande Lab,,,,,34.0086168,71.5112959,Peshawar,Khyber Pakhtunkhwa,Pakistan,,,
bc779c54-5488-58e5-83b4-8c6853d93c10,11152260605,node,amenity,restaurant,Pilav 4 people 1200 2023,,,,,34.008672,71.5117624,Peshawar,Khyber Pakhtunkhwa,Pakistan,,,
696fc751-9ea6-5e52-9b00-1978c221280f,4917017525,node,amenity,place_of_worship,,,,,,34.0232978,71.4855574,Peshawar,Khyber Pakhtunkhwa,Pakistan,,,
a98f35e4-dfb3-5461-9af6-acd47a5bd9f7,4917017568,node,amenity,place_of_worship,,,,,,34.0283973,71.4807015,Peshawar,Khyber Pakhtunkhwa,Pakistan,,,
d55a73eb-4b79-5fc8-815c-5d1aeb32aaca,6051875088,node,tourism,hostel,Ansari Hostel,,,,,34.0247056,71.4863102,Peshawar,Khyber Pakhtunkhwa,Pakistan,,,
b3212199-093d-53a0-b273-16c4e5797ea8,4917017569,node,amenity,place_of_worship,,,,,,34.031441,71.4813177,Peshawar,Khyber Pakhtunkhwa,Pakistan,,,
992a6f9a-2428-5085-bf4a-03af8a331be4,8857985269,node,place,village,شیخ عمر بابا,شیخ عمر بابا,Sheikh Umar Baba,,,34.0420443,71.4769834,Peshawar,Khyber Pakhtunkhwa,Pakistan,,,
206485ce-275e-51b1-a021-df55cfedc46e,4925249811,node,leisure,pitch,,,,,,34.0199605,71.488644,Peshawar,Khyber Pakhtunkhwa,Pakistan,,,
510c7b5e-6348-5398-8afa-c585defd8b9b,74171547,way,landuse,residential,,,,,,34.0477816,71.4585818,Peshawar,Khyber Pakhtunkhwa,Pakistan,,,
e2604e5c-4306-5894-a59f-65381fda65f5,74186040,way,landuse,residential,Police Coloney,,,,,34.013394,71.4577543,Peshawar,Khyber Pakhtunkhwa,Pakistan,,,
1efe7d89-0cb0-5033-8f84-272570bd44d5,446154786,way,amenity,fuel,سی این جی,سی این جی,CNG,,,34.0120555,71.4602886,Peshawar,Khyber Pakhtunkhwa,Pakistan,,,
8c27395f-8b83-5156-9c4a-0e6cd0abe111,325082084,way,leisure,pitch,,,,,,34.0128529,71.4586531,Peshawar,Khyber Pakhtunkhwa,Pakistan,,,
8fadc4d3-21a4-5f73-b036-f037fca24554,446155476,way,amenity,fuel,پاکستان اسٹیٹ آئل,پاکستان اسٹیٹ آئل,Pakistan State Oil,,,34.0138496,71.4595724,Peshawar,Khyber Pakhtunkhwa,Pakistan,پاکستان اسٹیٹ آئل,,
9c092597-3cc3-5efc-b9b2-3127bc4e43b0,501848237,way,landuse,residential,,,,,,34.0325923,71.4480767,Peshawar,Khyber Pakhtunkhwa,Pakistan,,,
306cd212-2f17-5de9-b0d7-74ff89446c8e,501848232,way,landuse,residential,,,,,,34.027526,71.4528097,Peshawar,Khyber Pakhtunkhwa,Pakistan,,,
53e06436-21f1-5113-be8b-a94b7f733e8f,501848234,way,landuse,residential,,,,,,34.0288069,71.4576733,Peshawar,Khyber Pakhtunkhwa,Pakistan,,,
d6a269a3-b665-5ead-85ab-c37466186988,501848243,way,landuse,residential,,,,,,34.0234102,71.4590456,Peshawar,Khyber Pakhtunkhwa,Pakistan,,,
8f7c8902-a7ab-5201-9492-de7df9dfaf3a,501848250,way,landuse,residential,,,,,,34.0262456,71.4612684,Peshawar,Khyber Pakhtunkhwa,Pakistan,,,
8156cc59-a85a-53d5-8d15-b3cb816018b1,727710973,way,landuse,residential,ASKARI 6,,,,"ASKARI 6 , is a complex of about 300 houses.",34.0237219,71.4547045,Peshawar,Khyber Pakhtunkhwa,Pakistan,,,
af8f38a8-931a-5eb8-896e-f948ca2db07d,501848242,way,landuse,residential,,,,,,34.0266795,71.4588022,Peshawar,Khyber Pakhtunkhwa,Pakistan,,,
d4888c01-2abc-5d26-957b-4be836722458,501848238,way,landuse,residential,,,,,,34.0383101,71.460176,Peshawar,Khyber Pakhtunkhwa,Pakistan,,,
e217cf14-6403-5305-a9d3-f52286311bca,501848239,way,landuse,residential,,,,,,34.0346322,71.461259,Peshawar,Khyber Pakhtunkhwa,Pakistan,,,
cc51833a-c71e-5392-8cc9-d15758593722,342248173,way,leisure,playground,,,,,,34.0022207,71.4869279,Peshawar,Khyber Pakhtunkhwa,Pakistan,,,
676bd83b-bdaa-5fe4-92d2-89b4a6d80c8a,500505108,way,leisure,park,,,,,,34.0033896,71.48012,Peshawar,Khyber Pakhtunkhwa,Pakistan,,,
80ffd04f-f7a9-5edc-a22c-385fecc1b678,500505117,way,leisure,park,,,,,,34.0033405,71.4792226,Peshawar,Khyber Pakhtunkhwa,Pakistan,,,
ec373cae-d096-58ee-9638-917f303d798b,500505129,way,leisure,park,,,,,,34.0032074,71.4767828,Peshawar,Khyber Pakhtunkhwa,Pakistan,,,
a4dd87f4-3582-5831-a10a-b730ff7f35c2,500505150,way,leisure,park,,,,,,34.0019673,71.4800658,Peshawar,Khyber Pakhtunkhwa,Pakistan,,,
8e9d1942-d819-5274-a871-da65344e9639,1264769758,way,tourism,hostel,Haji Sahib Turangzai Hostel,,,,,34.0034127,71.4810442,Peshawar,Khyber Pakhtunkhwa,Pakistan,,,
0fca31cc-62fa-503d-8092-c94ae444ee1e,1264769759,way,tourism,hostel,Tribal Children Hostel,,,,,34.0033924,71.4801509,Peshawar,Khyber Pakhtunkhwa,Pakistan,,,
d950ff89-4361-51a8-a59f-62454350e2ee,1264769761,way,tourism,hostel,,,,,,34.0032302,71.4767654,Peshawar,Khyber Pakhtunkhwa,Pakistan,,,
8fa27cfc-cbf1-5d93-beb9-18724363a46b,1264769762,way,tourism,hostel,Usmania Hostel,,,,,34.0030699,71.4754855,Peshawar,Khyber Pakhtunkhwa,Pakistan,,,
53b0187e-38f5-51dd-a034-4e987e84dd1a,273255036,way,leisure,pitch,,,,,,34.0011114,71.4794107,Peshawar,Khyber Pakhtunkhwa,Pakistan,,Islamia Collegiate School,
72d8ab00-6b02-5d7d-bd7e-9459011a4d8c,418875532,way,amenity,place_of_worship,Islamia College Spin Jumaat,,,,,34.0002838,71.4778277,Peshawar,Khyber Pakhtunkhwa,Pakistan,,,
ca1fe44e-d031-5429-854e-979bc26801e4,441523347,way,leisure,sports_centre,Recreation Centre,,,,,34.0019999,71.4781083,Peshawar,Khyber Pakhtunkhwa,Pakistan,,,
ff46dc22-2c8b-5ac6-8288-d16eaa0b620f,441523348,way,shop,convenience,,,,,,34.0022115,71.4780013,Peshawar,Khyber Pakhtunkhwa,Pakistan,,,
2d4b42fb-0262-5513-979b-feda6ebfc5d3,443015681,way,amenity,parking,Transport/Parking,,,,,34.0024693,71.4758736,Peshawar,Khyber Pakhtunkhwa,Pakistan,,,
784a4e5e-3e3c-52db-a94b-3a94747fe3b3,446961817,way,leisure,park,Lawn,,,,,34.0003675,71.4751894,Peshawar,Khyber Pakhtunkhwa,Pakistan,,,
184bc0a0-7298-59c1-9abf-1ab3d9b4fef5,446962450,way,leisure,park,,,,,,34.0003786,71.4757359,Peshawar,Khyber Pakhtunkhwa,Pakistan,,,
8fa4c14f-81d1-5ef6-b308-68b5865186bc,446962831,way,leisure,park,,,,,,34.0003842,71.4760774,Peshawar,Khyber Pakhtunkhwa,Pakistan,,,
54799c09-1019-52ec-8630-20d82b01bbeb,446963177,way,leisure,park,,,,,,34.0003885,71.4764054,Peshawar,Khyber Pakhtunkhwa,Pakistan,,,
08276213-2702-5bcb-9c96-37be9de2b9c0,448076501,way,leisure,park,,,,,,34.0000657,71.4756592,Peshawar,Khyber Pakhtunkhwa,Pakistan,,,
83e7ab7a-0f88-5a5d-9fa4-51c6d4008a9c,448076962,way,leisure,park,,,,,,34.0007333,71.4778114,Peshawar,Khyber Pakhtunkhwa,Pakistan,,,
b576bfcd-15e0-5e59-82ea-d548bf8bb306,448077298,way,leisure,park,,,,,,34.0012873,71.4778033,Peshawar,Khyber Pakhtunkhwa,Pakistan,,,
fd3367a9-de15-5f38-ace5-aea7491bd3b7,448078322,way,leisure,park,,,,,,34.0003051,71.4784613,Peshawar,Khyber Pakhtunkhwa,Pakistan,,,
36537db9-7d11-560e-ab40-be9e2f1a378e,448078655,way,leisure,park,,,,,,34.0007234,71.4765168,Peshawar,Khyber Pakhtunkhwa,Pakistan,,,
9f186fec-2dcf-572c-bb26-c93524218cf6,448078784,way,leisure,park,,,,,,34.0011996,71.4764854,Peshawar,Khyber Pakhtunkhwa,Pakistan,,,
b001ece9-5854-578c-857a-22f221669097,448079142,way,leisure,park,,,,,,34.0012752,71.4771223,Peshawar,Khyber Pakhtunkhwa,Pakistan,,,
3eb2baf0-78c9-5ba6-8869-6d2510bc6a84,448079487,way,leisure,park,,,,,,34.0007982,71.4758093,Peshawar,Khyber Pakhtunkhwa,Pakistan,,,
d83db602-fbe0-55e2-bf05-f48b096f377f,448079501,way,leisure,park,,,,,,34.0007988,71.4759715,Peshawar,Khyber Pakhtunkhwa,Pakistan,,,
f77388fb-fbe9-537e-bf3c-9cb9ff92034e,448080159,way,leisure,park,,,,,,34.0014234,71.4756986,Peshawar,Khyber Pakhtunkhwa,Pakistan,,,
b3bf6724-aee4-5a17-ac9d-142de1cb70cc,448080207,way,leisure,park,,,,,,34.0014296,71.4760406,Peshawar,Khyber Pakhtunkhwa,Pakistan,,,
686da395-a35d-5c41-9720-1ef07a5dba10,448080348,way,leisure,park,,,,,,34.0012006,71.475814,Peshawar,Khyber Pakhtunkhwa,Pakistan,,,
bfeff1c2-3701-5fd6-80c4-8ce4a1eabab5,448114689,way,leisure,park,,,,,,34.0021872,71.4772815,Peshawar,Khyber Pakhtunkhwa,Pakistan,,,
59d48ef2-d2d3-527a-a06f-b842050e9b7e,448115811,way,leisure,park,,,,,,34.0021376,71.4751559,Peshawar,Khyber Pakhtunkhwa,Pakistan,,,
3180e07f-8daa-5167-883b-dd12dd64afe3,448116574,way,leisure,park,,,,,,34.0013315,71.4751586,Peshawar,Khyber Pakhtunkhwa,Pakistan,,,
8e84209b-b351-571f-aff9-eba0e24020cf,448117285,way,leisure,park,,,,,,34.0007338,71.4750698,Peshawar,Khyber Pakhtunkhwa,Pakistan,,,
6c840107-45ae-51a6-a8b3-b77ff627a40f,500505127,way,leisure,park,,,,,,34.003032,71.4754865,Peshawar,Khyber Pakhtunkhwa,Pakistan,,,
02b0f91d-f2dc-5624-be97-59edd155c5b1,500505131,way,leisure,park,,,,,,34.0030468,71.4775663,Peshawar,Khyber Pakhtunkhwa,Pakistan,,,
bda97f0a-7fe2-5b17-9ba7-c3e55222cf46,500505133,way,leisure,park,,,,,,34.003012,71.4783231,Peshawar,Khyber Pakhtunkhwa,Pakistan,,,
a90eb1f6-9e7d-5104-bef6-7e67f83446fa,500505138,way,leisure,park,,,,,,34.0018789,71.4767463,Peshawar,Khyber Pakhtunkhwa,Pakistan,,,
9051749a-55ab-52e9-82f4-2f39248be5c6,500505140,way,leisure,park,,,,,,34.0018745,71.4758545,Peshawar,Khyber Pakhtunkhwa,Pakistan,,,
4266754c-9135-592f-afe8-791998837dd7,500505144,way,leisure,park,,,,,,34.0007623,71.4784432,Peshawar,Khyber Pakhtunkhwa,Pakistan,,,
afc886d8-d872-50a1-a035-b9236f0fc2c2,500505145,way,leisure,park,,,,,,34.0004632,71.4794133,Peshawar,Khyber Pakhtunkhwa,Pakistan,,,
34070394-9212-55ab-8b2b-95e40134712e,500505151,way,leisure,park,,,,,,34.0019641,71.4793798,Peshawar,Khyber Pakhtunkhwa,Pakistan,,,
39c4c3d9-148a-5f31-a774-958b6bde5e14,500505152,way,leisure,park,,,,,,34.0019271,71.4786835,Peshawar,Khyber Pakhtunkhwa,Pakistan,,,
cf405deb-9984-51c2-99c7-45fd1c78eca6,500505153,way,amenity,place_of_worship,,,,,,34.0025873,71.4794345,Peshawar,Khyber Pakhtunkhwa,Pakistan,,,
359ba0ba-1a33-529e-a5da-02a9877b7dc6,500715564,way,leisure,playground,,,,,,34.0025874,71.4786835,Peshawar,Khyber Pakhtunkhwa,Pakistan,,,
1bf5f2d0-8fe6-5edb-8ea2-4251b2dd3138,1264769760,way,tourism,hostel,Rahim Shah Hostel,,,,,34.0030136,71.4783233,Peshawar,Khyber Pakhtunkhwa,Pakistan,,,
f7bf47d8-cda5-5064-8e9d-bd908eb15f98,317390333,way,leisure,playground,VC lawn,,,,,34.002487,71.4854809,Peshawar,Khyber Pakhtunkhwa,Pakistan,,,
4d3bec04-742c-5708-bb96-5b7b597ebded,342248297,way,amenity,post_office,Post Mall,,,,,34.0020605,71.483727,Peshawar,Khyber Pakhtunkhwa,Pakistan,,,
dfa75742-d4a8-5b09-9121-33b33a11c27c,342248366,way,tourism,museum,Cultural Museum,,,,,34.0023891,71.4834204,Peshawar,Khyber Pakhtunkhwa,Pakistan,,,
384dc03c-5244-59a7-aaed-916019286127,342248435,way,amenity,bank,یونائیٹڈ بینک لمیٹڈ,یونائیٹڈ بینک لمیٹڈ,United Bank Limited,,,34.0015989,71.4823948,Peshawar,Khyber Pakhtunkhwa,Pakistan,یونائیٹڈ بینک لمیٹڈ,,
99362b64-fc3a-5f0a-9661-a50d3d470613,342248496,way,amenity,bank,HBL Bank,ایچ بی ایل پاکستان,HBL Bank,,,34.0018055,71.4812983,Peshawar,Khyber Pakhtunkhwa,Pakistan,HBL Bank,,
a3c333aa-8cfa-5366-8671-43e3619d4a8b,443015691,way,leisure,pitch,,,,,,34.0013578,71.4806701,Peshawar,Khyber Pakhtunkhwa,Pakistan,,Islamia Collegiate School,
b8622418-2ea6-5fa4-9108-3f7fc90222b4,500505149,way,leisure,park,,,,,,34.0019893,71.4807392,Peshawar,Khyber Pakhtunkhwa,Pakistan,,,
a9436b85-0780-50db-a942-56aad1084345,500715580,way,leisure,pitch,,,,,,34.0018333,71.4845673,Peshawar,Khyber Pakhtunkhwa,Pakistan,,,
dd2e7a4b-5954-5650-825b-80c91d9c479b,500715584,way,leisure,pitch,,,,,,34.0015506,71.4845481,Peshawar,Khyber Pakhtunkhwa,Pakistan,,,
cebea5d3-d0e2-5b63-9b33-f2ce2986993c,500715594,way,landuse,industrial,Boiler Room,,,,,34.0014263,71.4848973,Peshawar,Khyber Pakhtunkhwa,Pakistan,,,
1986b3cd-7cca-55b0-b1be-273c76b9e1b2,929818830,way,amenity,food_court,Canteen,,,,,34.0005382,71.4856818,Peshawar,Khyber Pakhtunkhwa,Pakistan,,,
384b103d-07b5-535e-9e22-fb21c773482e,1232623050,way,landuse,commercial,Khyber House,,,,,34.0019608,71.4820069,Peshawar,Khyber Pakhtunkhwa,Pakistan,,,
6ffb468c-f66a-5d99-93ff-932e294fbf94,1259480089,way,amenity,fast_food,Shah Faisal Cafeteria KMC,,,,,34.0001221,71.4860307,Peshawar,Khyber Pakhtunkhwa,Pakistan,,Khyber Medical College,
435a9e55-008c-5f5f-ba7f-de9c0b61b8b3,1259481632,way,amenity,place_of_worship,KMC Mosque,,,,,34.0003441,71.4860219,Peshawar,Khyber Pakhtunkhwa,Pakistan,,,
ad3797f1-1944-50c8-a9f1-5e66890cfefd,319978824,way,amenity,place_of_worship,Masjid Muneer,,,,,34.0082951,71.4644519,Peshawar,Khyber Pakhtunkhwa,Pakistan,,,
583d8ae2-8bc2-5c02-8d67-3dedcb55dc56,319979043,way,amenity,parking,,,,,,34.007866,71.4622007,Peshawar,Khyber Pakhtunkhwa,Pakistan,,,
eb1715cc-4bc4-597c-9f31-2b0d9e3adbc8,446154979,way,amenity,fuel,سی این جی,سی این جی,CNG,,,34.0085848,71.4622476,Peshawar,Khyber Pakhtunkhwa,Pakistan,,,
b040029d-631c-5ae2-a029-4291c1a1e747,493944566,way,landuse,construction,,,,,,34.004852,71.4635429,Peshawar,Khyber Pakhtunkhwa,Pakistan,,,
2726762d-4383-5623-822d-ac1195c12e86,320118237,way,place,village,Malakandher,,,,,34.0111933,71.4681981,Peshawar,Khyber Pakhtunkhwa,Pakistan,,,
69245ea8-e539-5624-8bfe-44d61257d121,501848246,way,landuse,residential,,,,,,34.0130848,71.4657633,Peshawar,Khyber Pakhtunkhwa,Pakistan,,,
6eaf135d-3b8f-5d4a-aa08-4f9684cbe706,320120400,way,education,school,مدرسہ,,,,,34.0114095,71.4608072,Peshawar,Khyber Pakhtunkhwa,Pakistan,,,
c52a0f88-4d7a-5ad8-b383-fbe9c4ad7ef0,446045864,way,landuse,residential,Haji Gul Muhammad hujrah,,,,,34.0120155,71.461618,Peshawar,Khyber Pakhtunkhwa,Pakistan,,,
e95a39d2-1dae-5899-aafe-00bdaa399d8c,273254099,way,tourism,hostel,Tribal Engineering Hostel,,,,,34.0052487,71.4777723,Peshawar,Khyber Pakhtunkhwa,Pakistan,,,
dc8f702b-0433-5bed-9351-80832f2137f7,343314643,way,leisure,pitch,Cricket Practice Nets,,,,,34.0052469,71.4768478,Peshawar,Khyber Pakhtunkhwa,Pakistan,,,
3e69241c-ba54-54eb-8bef-0547c2f3a3a7,343316603,way,leisure,pitch,Islamia Cricket Academy,,,,,34.0052121,71.476173,Peshawar,Khyber Pakhtunkhwa,Pakistan,,,
77bce557-38c1-5793-b7e3-0b38372f7ab0,500505120,way,leisure,park,,,,,,34.0043227,71.478876,Peshawar,Khyber Pakhtunkhwa,Pakistan,,,
09190d18-7e39-5ce1-80b2-709baaeb1d85,500505125,way,leisure,park,,,,,,34.0043117,71.4772952,Peshawar,Khyber Pakhtunkhwa,Pakistan,,,
5dd20938-0230-57c3-9d11-53ac2fbaf685,500715531,way,leisure,park,,,,,,34.0042967,71.4780142,Peshawar,Khyber Pakhtunkhwa,Pakistan,,,
fe75a496-d59d-58bc-987c-01b39abd7359,501848294,way,landuse,residential,,,,,,34.0064853,71.4784224,Peshawar,Khyber Pakhtunkhwa,Pakistan,,,
b40cfb88-963a-52cc-a938-0be2c3ae10e9,317822376,way,leisure,sports_centre,Sports complex,,,,,34.0039192,71.4821431,Peshawar,Khyber Pakhtunkhwa,Pakistan,,,
d248fbbd-97fd-5f27-8e89-58f6d7c03a59,342246540,way,leisure,pitch,Hostel 2,,,,,34.004233,71.4856124,Peshawar,Khyber Pakhtunkhwa,Pakistan,,,
00a7f1e0-0e8d-5f97-8ea3-5dac8006494c,342246662,way,leisure,pitch,,,,,,34.0052375,71.4859406,Peshawar,Khyber Pakhtunkhwa,Pakistan,,,
c2317564-c9e9-5ddc-8463-297cd0de6a48,342246684,way,leisure,pitch,Volleyball Ground,والی بال کا میدان,,,,34.0052584,71.4854481,Peshawar,Khyber Pakhtunkhwa,Pakistan,,,
928bb42e-6804-5b1c-a631-ac7d5b8b0319,342246716,way,leisure,pitch,,,,,,34.0063587,71.4856982,Peshawar,Khyber Pakhtunkhwa,Pakistan,,,
444c7b77-948a-580c-b41a-2e6288381553,342246823,way,tourism,hostel,,,,,,34.0051723,71.4845017,Peshawar,Khyber Pakhtunkhwa,Pakistan,,Peshawar University,
bc4911e4-d35b-5810-86a5-7ecf452b3be3,342246960,way,amenity,place_of_worship,madina market mosque,,,,,34.0047692,71.4836049,Peshawar,Khyber Pakhtunkhwa,Pakistan,,,
ab2c7c49-8e95-52a4-9682-22face12e163,342247994,way,leisure,pitch,,,,,,34.006136,71.4835256,Peshawar,Khyber Pakhtunkhwa,Pakistan,,,
e0e1bf71-0a51-5ca6-88c1-026fc2340b8a,500505123,way,leisure,park,,,,,,34.004354,71.4807516,Peshawar,Khyber Pakhtunkhwa,Pakistan,,,
0bc3ea6c-3252-5da0-bc74-17e2eab70d87,500715545,way,tourism,hostel,Hostel Block D,,,,,34.0044096,71.4814049,Peshawar,Khyber Pakhtunkhwa,Pakistan,,,
0e81b799-7223-567f-a4b3-4d8b3066bba3,500715782,way,leisure,pitch,,,,,,34.0076282,71.4844749,Peshawar,Khyber Pakhtunkhwa,Pakistan,,,
ca759550-a7e5-507b-a211-4d67c959d20a,501848291,way,landuse,residential,,,,,,34.0095614,71.4821433,Peshawar,Khyber Pakhtunkhwa,Pakistan,,,
34d374dc-8546-5072-b94a-c0fd0e5e1a4e,501848292,way,landuse,residential,,,,,,34.0083335,71.4821233,Peshawar,Khyber Pakhtunkhwa,Pakistan,,,
75ef42ca-b695-52fd-8b0f-d4f668712060,735231200,way,amenity,parking,,,,,,34.0044097,71.4824369,Peshawar,Khyber Pakhtunkhwa,Pakistan,,,
879fe916-cfd5-5800-a51d-cc1ed140fcb3,735231201,way,leisure,park,Pearl Lawn,,,,,34.0046969,71.4827909,Peshawar,Khyber Pakhtunkhwa,Pakistan,,,
74a939a5-6052-52f0-a267-dccfe4dc4758,735231202,way,amenity,parking,,,,,,34.0069771,71.4834756,Peshawar,Khyber Pakhtunkhwa,Pakistan,,Peshawar university,
34e70401-71d8-525d-94a6-f843b32295b0,1232657872,way,landuse,residential,Houses For Professors,,,,Home For Professors From All Universities,34.0083256,71.4821227,Peshawar,Khyber Pakhtunkhwa,Pakistan,,Univerity of Peshawar,
681caac7-a910-52eb-b601-a76d4c06655e,1259482091,way,tourism,hostel,Qasim Hall KMC,,,,,34.005413,71.4810603,Peshawar,Khyber Pakhtunkhwa,Pakistan,,Khyber Medical College,
c5781bde-c837-51ef-9696-b6ddb7b0d996,1259483727,way,tourism,hostel,Cenna Hall KMC,,,,,34.0055966,71.4823568,Peshawar,Khyber Pakhtunkhwa,Pakistan,,Khyber Medical College,
3341fa52-fe7f-5b9e-9a8a-5c64e74e448e,1264783531,way,leisure,park,,,,,,34.0061199,71.4845094,Peshawar,Khyber Pakhtunkhwa,Pakistan,,,
9ecadb3c-f711-56d9-8cd5-db3443cc00b5,1450174554,way,leisure,pitch,Peshawar University Football Ground,پشاور یونیورسٹی فٹ بال گراؤنڈ,,,,34.0042398,71.4856023,Peshawar,Khyber Pakhtunkhwa,Pakistan,,,
25178b3e-f462-57a3-ae52-2b9cd2d01853,163585767,way,tourism,hostel,Hostel 3,,,,,34.0041432,71.4797301,Peshawar,Khyber Pakhtunkhwa,Pakistan,,,
87545432-b496-50df-bcd1-48d92f278f31,163585770,way,tourism,hostel,Nishtar Hostel,,,,,34.0044777,71.4797053,Peshawar,Khyber Pakhtunkhwa,Pakistan,,,
7741a0c5-dc71-5bcd-8910-aee499a85d20,273259862,way,amenity,place_of_worship,Masjid Firdos,,,,,34.0101384,71.4820213,Peshawar,Khyber Pakhtunkhwa,Pakistan,,,
1da7d151-6a18-5446-82c2-f4842a1456a2,343241546,way,tourism,hostel,Razi Hall KMC,,,,,34.0053952,71.4800742,Peshawar,Khyber Pakhtunkhwa,Pakistan,,Khyber Medical College,
8673b279-158b-5891-8183-3bb44d41233f,500715838,way,landuse,residential,,,,,,34.0100995,71.4845213,Peshawar,Khyber Pakhtunkhwa,Pakistan,,,
feb20d43-e76d-586b-b3c4-1db6390078a4,500715884,way,landuse,residential,,,,,,34.0120595,71.4810079,Peshawar,Khyber Pakhtunkhwa,Pakistan,,,
29365dde-21a2-594a-ba0c-272009123d80,501848285,way,landuse,residential,,,,,,34.0167554,71.4845514,Peshawar,Khyber Pakhtunkhwa,Pakistan,,,
07c4f4ca-c0ea-5f6c-a8d6-c287d58bdee7,501848287,way,landuse,residential,,,,,,34.0130934,71.4850649,Peshawar,Khyber Pakhtunkhwa,Pakistan,,,
dda5806e-411b-53d2-ab8c-87a667b19c97,501848290,way,landuse,residential,,,,,,34.0089556,71.4804214,Peshawar,Khyber Pakhtunkhwa,Pakistan,,,
b9d194fb-d66e-563b-a478-a200d70d0b92,501848293,way,landuse,residential,,,,,,34.00657,71.4811322,Peshawar,Khyber Pakhtunkhwa,Pakistan,,,
af042f54-4109-5311-9cfb-c2367dd61a1e,501848307,way,landuse,residential,,,,,,34.0092734,71.4786255,Peshawar,Khyber Pakhtunkhwa,Pakistan,,,
b55411e8-2b3e-5ef6-9d14-ab90c3193cec,501848309,way,landuse,residential,,,,,,34.008803,71.4763721,Peshawar,Khyber Pakhtunkhwa,Pakistan,,,
50f3bab3-d4e3-5c3b-817c-1dd364950a86,273253637,way,amenity,place_of_worship,Masjid e Aqsa,,,,,34.012491,71.4865104,Peshawar,Khyber Pakhtunkhwa,Pakistan,,,
f5f211ba-e94f-56d2-aa7f-5f399da32408,500715832,way,landuse,residential,,,,,,34.0119555,71.486148,Peshawar,Khyber Pakhtunkhwa,Pakistan,,,
442d566f-6749-5d9e-bb79-0b01c6bdf2e3,500715839,way,landuse,residential,,,,,,34.0109713,71.4858579,Peshawar,Khyber Pakhtunkhwa,Pakistan,,,
759b3adf-9654-5ff8-a165-ce29091b3d73,500715883,way,landuse,residential,,,,,,34.0111897,71.4815943,Peshawar,Khyber Pakhtunkhwa,Pakistan,,,
da9ada38-f6b4-543e-b912-54856e5e1c9e,501848286,way,landuse,residential,,,,,,34.0144218,71.4821414,Peshawar,Khyber Pakhtunkhwa,Pakistan,,,
f46e5215-78e3-5fbc-8c05-fdfb424fb80e,273262157,way,shop,clothes,Sasta Bazar,,,,,34.0016895,71.4997852,Peshawar,Khyber Pakhtunkhwa,Pakistan,,,
a72fd6e9-95e3-5a5b-bf61-a06bc0e40e0a,274225731,way,amenity,place_of_worship,Jahangir Abad Masjid,,,,,34.0032754,71.4977751,Peshawar,Khyber Pakhtunkhwa,Pakistan,,,
a3783f17-592a-50dd-960e-50a9b3174355,500715716,way,landuse,residential,,,,,,34.0033756,71.4899881,Peshawar,Khyber Pakhtunkhwa,Pakistan,,,
a2921e39-9b17-526f-a2ac-850dd9e40a40,1033126313,way,amenity,parking,,,,,,34.0027793,71.4999459,Peshawar,Khyber Pakhtunkhwa,Pakistan,,,
aba34cbb-9232-5a5c-916d-b638b8f655cf,106606916,way,shop,mall,Al Haajj Towers,,,,,34.0005631,71.4975573,Peshawar,Khyber Pakhtunkhwa,Pakistan,,,
5ddc2c77-b94a-546a-90f4-abb648689c87,273256067,way,shop,mall,Sha Poash,,,,,34.0019614,71.4981481,Peshawar,Khyber Pakhtunkhwa,Pakistan,,,
9a11adc7-069b-5b0f-aef9-48cb3e7e4262,273258821,way,amenity,bank,ABL,,,,,34.0001944,71.4957983,Peshawar,Khyber Pakhtunkhwa,Pakistan,,,
cb76c780-6fcb-57c4-b09b-faae40811f6a,1031067850,way,amenity,parking,,,,,,34.0021504,71.4991921,Peshawar,Khyber Pakhtunkhwa,Pakistan,,,
f60f339f-4f49-5b14-9763-3c63caefc3d4,1033122128,way,amenity,parking,,,,,,34.0009121,71.4982074,Peshawar,Khyber Pakhtunkhwa,Pakistan,,,
2fee49c3-05b7-5de8-a740-469709588f1e,1033122380,way,amenity,parking,,,,,,34.0011191,71.4986224,Peshawar,Khyber Pakhtunkhwa,Pakistan,,,
859aac5e-c953-5da3-b106-239e1978ba04,1033122675,way,amenity,parking,,,,,,34.0018755,71.498256,Peshawar,Khyber Pakhtunkhwa,Pakistan,,,
c655b490-f6a3-5a61-931f-009b0d6e0449,1033125564,way,amenity,parking,,,,,,34.0021504,71.4991921,Peshawar,Khyber Pakhtunkhwa,Pakistan,,,
f982db90-3e6e-5f6a-957a-eda4ec1ae7bc,1033128644,way,amenity,parking,,,,,,34.0003888,71.4973512,Peshawar,Khyber Pakhtunkhwa,Pakistan,,,
c720f24b-165c-5496-8c0b-b36dc6a8bd34,1234706916,way,healthcare,hospital,HG225,ایچ جی 225,,,,34.0005879,71.4942497,Peshawar,Khyber Pakhtunkhwa,Pakistan,,,
f58fd5ab-2acf-522b-ba67-e1ccade366ef,1033126189,way,amenity,parking,,,,,,34.0028191,71.5004337,Peshawar,Khyber Pakhtunkhwa,Pakistan,,,
3d93d65a-3cf3-54f9-825b-6fb60d6a0c52,1233824974,way,healthcare,hospital,Ahmed Medical Institute,احمد میڈیکل انسٹی ٹیوٹ,,,,34.0015285,71.5039452,Peshawar,Khyber Pakhtunkhwa,Pakistan,,,
736e3f9f-fece-5b1c-b545-2a533be7bdf5,1235567212,way,amenity,parking,,,,,,34.0026126,71.501365,Peshawar,Khyber Pakhtunkhwa,Pakistan,,car parking street,
4bfe5286-bf2d-54d0-aa3b-b633e0f0960f,500715751,way,landuse,residential,,,,,,34.0069904,71.4895441,Peshawar,Khyber Pakhtunkhwa,Pakistan,,,
12e55874-3f0b-5b06-8cf4-69162f528877,500715800,way,amenity,parking,,,,,,34.0092025,71.4886551,Peshawar,Khyber Pakhtunkhwa,Pakistan,,,
869143f9-d118-55f7-b31d-40b8e64c320a,500715843,way,landuse,residential,,,,,,34.0095351,71.4901214,Peshawar,Khyber Pakhtunkhwa,Pakistan,,,
ff849c09-5e84-5009-b7e0-6bf898ab87ad,500715844,way,landuse,residential,,,,,,34.0093876,71.4893365,Peshawar,Khyber Pakhtunkhwa,Pakistan,,,
325ba21d-1257-5790-9fe0-d5d1b60757d3,1232437038,way,amenity,cafe,puta cafe,,,,,34.0078374,71.4874104,Peshawar,Khyber Pakhtunkhwa,Pakistan,,,
eae930d7-5844-5b5d-85a3-9e650aff6515,451915250,way,education,university,peshawar university,جامعہ پشاور,,,,34.0088899,71.4878047,Peshawar,Khyber Pakhtunkhwa,Pakistan,,University of Peshawar,
35d89e05-a400-54f3-8e8b-13742293fe92,500715841,way,landuse,residential,,,,,,34.0118116,71.4881593,Peshawar,Khyber Pakhtunkhwa,Pakistan,,,
0bf35427-a85e-5063-b5dc-f186c85e1446,500715842,way,landuse,residential,,,,,,34.010688,71.4899641,Peshawar,Khyber Pakhtunkhwa,Pakistan,,,
edb23e05-420f-5259-bcca-8a74ab741006,501848288,way,landuse,residential,,,,,,34.0129481,71.4879919,Peshawar,Khyber Pakhtunkhwa,Pakistan,,,
d455d58c-4295-5990-b8c4-f21c54d04bbe,1233809764,way,amenity,place_of_worship,,,,,,34.0081564,71.5117924,Peshawar,Khyber Pakhtunkhwa,Pakistan,,,
b3d84eb4-9c8b-5eda-a5f1-cafdcb02728b,1233810327,way,amenity,restaurant,Usmania Restaurant,,,,,34.0071145,71.5100254,Peshawar,Khyber Pakhtunkhwa,Pakistan,,,
e8172391-461b-5eff-a820-5c5dccc3d295,1233826838,way,amenity,restaurant,Resturant,,,,,34.0049577,71.5064465,Peshawar,Khyber Pakhtunkhwa,Pakistan,,,
108b3f74-0bc1-5de2-a4d6-a275910bcadc,74186054,way,landuse,residential,Professor Colony,,,,,34.0259317,71.4737359,Peshawar,Khyber Pakhtunkhwa,Pakistan,,,
9dfdfa97-b1a7-5119-989d-1fa4247804a4,501842632,way,landuse,residential,,,,,,34.0285368,71.472635,Peshawar,Khyber Pakhtunkhwa,Pakistan,,,
16762aec-fbc4-5d30-9898-edd1f97d2233,501848249,way,landuse,residential,,,,,,34.025765,71.4684246,Peshawar,Khyber Pakhtunkhwa,Pakistan,,,
6f36c650-213c-5d31-861e-648a62bc25f9,500715887,way,amenity,place_of_worship,,,,,,34.0190996,71.4831894,Peshawar,Khyber Pakhtunkhwa,Pakistan,,,
098b83f2-f337-5a50-923b-99d458f0bc96,501842600,way,leisure,pitch,,,,,,34.0221684,71.4808194,Peshawar,Khyber Pakhtunkhwa,Pakistan,,,
4d86df38-9a25-59fb-95ea-4331e0395891,501848282,way,landuse,residential,,,,,,34.0182877,71.4846274,Peshawar,Khyber Pakhtunkhwa,Pakistan,,,
eb1226d6-75ed-5901-9bff-80cc3f558bf6,75504411,way,landuse,residential,,,,,,34.0292884,71.4892679,Peshawar,Khyber Pakhtunkhwa,Pakistan,,,
e651efb8-c846-5510-9ad2-f7a5490e0164,500715870,way,landuse,residential,,,,,,34.0299243,71.4811945,Peshawar,Khyber Pakhtunkhwa,Pakistan,,,
deea5774-bfd8-5cfc-8187-1bba03e069b3,500715874,way,landuse,residential,,,,,,34.0317222,71.4854833,Peshawar,Khyber Pakhtunkhwa,Pakistan,,,
8c8d7fcd-997e-5b39-b972-4c927b9f4182,501842599,way,amenity,parking,,,,,,34.0200719,71.4799257,Peshawar,Khyber Pakhtunkhwa,Pakistan,,,
53c050ff-cfe3-5c89-bfb2-28ca0e0effc8,501848257,way,landuse,residential,,,,,,34.0263012,71.4799723,Peshawar,Khyber Pakhtunkhwa,Pakistan,,,
2b6ea5a8-e467-504c-b9d6-fd0213fd2683,501848254,way,landuse,residential,,,,,,34.0338542,71.47084,Peshawar,Khyber Pakhtunkhwa,Pakistan,,,
a77a1c8c-6d4a-5a67-829e-e88f78ddd4ff,500715873,way,landuse,residential,,,,,,34.0336547,71.4820141,Peshawar,Khyber Pakhtunkhwa,Pakistan,,,
1721256e-3124-5a53-a0aa-aad18f85adef,74171543,way,landuse,residential,,,,,,34.0431888,71.4796548,Peshawar,Khyber Pakhtunkhwa,Pakistan,,,
abc89bc4-3476-5fb6-a351-a6f71e3bbfbd,74171544,way,landuse,residential,شیخ عمر بابا,شیخ عمر بابا,,,,34.0440156,71.4762323,Peshawar,Khyber Pakhtunkhwa,Pakistan,,,
30503114-fed5-5043-bb77-7e7b716feb5b,74171553,way,landuse,residential,,,,,,34.0417725,71.4879107,Peshawar,Khyber Pakhtunkhwa,Pakistan,,,
7037f870-9794-567f-bfc4-cc7ce827b3ad,500715871,way,landuse,residential,,,,,,34.0321125,71.4790685,Peshawar,Khyber Pakhtunkhwa,Pakistan,,,
006bdc34-23d0-5488-ba4b-c07482fcc3c6,274227802,way,amenity,place_of_worship,دارالعلوم راحت آباد,دارالعلوم راحت آباد,Darul Uloom Rahat Abad,,,34.0197129,71.4898698,Peshawar,Khyber Pakhtunkhwa,Pakistan,,,
2a84e494-addf-562e-9782-dfb85bf803ca,1072505732,way,leisure,pitch,,,,,,34.0189183,71.4886162,Peshawar,Khyber Pakhtunkhwa,Pakistan,,,
205bff89-6b35-5fdf-91ae-91e8539b4765,1072505733,way,leisure,pitch,,,,,,34.0192167,71.4888294,Peshawar,Khyber Pakhtunkhwa,Pakistan,,,
1385065e-436b-5aa1-910b-0127281edd81,1072505734,way,leisure,pitch,,,,,,34.0192256,71.4886126,Peshawar,Khyber Pakhtunkhwa,Pakistan,,,
30e2fdc4-ce83-59a7-8b7e-641095654e34,1072505735,way,leisure,pitch,,,,,,34.0195446,71.4888338,Peshawar,Khyber Pakhtunkhwa,Pakistan,,,
59b69d31-bcb2-5cfe-9a4f-dce6dcef3f12,1072505736,way,leisure,pitch,,,,,,34.0195563,71.488656,Peshawar,Khyber Pakhtunkhwa,Pakistan,,,
e2a8c143-ab61-59cf-aecc-a25ad8ba8fa0,273258862,way,tourism,hostel,ذوالفقار علی باباخیل ہاؤس,ذوالفقار علی باباخیل ہاؤس,Zulfiqar Ali Babakhel House,,,34.016644,71.4943435,Peshawar,Khyber Pakhtunkhwa,Pakistan,,,
6a88a6de-efb4-55ae-b361-cb9b791e593a,544394310,way,amenity,place_of_worship,مسجد عمر فاروق,مسجد عمر فاروق,Masjid Umar Farooq,,,34.0166965,71.4934339,Peshawar,Khyber Pakhtunkhwa,Pakistan,,,
55b45926-d53d-5653-a501-9e38603287c2,544399372,way,landuse,cemetery,Rahatabad Qabristan,,,,,34.0224666,71.4933829,Peshawar,Khyber Pakhtunkhwa,Pakistan,,,
0524bb7d-6cfd-5614-9e47-66707646cb08,75504414,way,landuse,residential,,,,,,34.0226792,71.5115195,Peshawar,Khyber Pakhtunkhwa,Pakistan,,,
88213f82-2108-537a-8baa-c47a67acd800,74171548,way,landuse,residential,,,,,,34.0527362,71.4526182,Peshawar,Khyber Pakhtunkhwa,Pakistan,,,
a2aa2849-a884-5367-8f68-9043f78eccc5,74171545,way,landuse,residential,,,,,,34.0525584,71.4748161,Peshawar,Khyber Pakhtunkhwa,Pakistan,,,
42e8d87f-c0aa-5f08-9057-6591ab1cda02,74171552,way,landuse,residential,,,,,,34.0494827,71.4828841,Peshawar,Khyber Pakhtunkhwa,Pakistan,,,
46792c1b-43f6-569f-b38a-1d963116baa1,7332493,relation,tourism,hostel,Tribal Hostel,,,,,34.0033428,71.4792315,Peshawar,Khyber Pakhtunkhwa,Pakistan,,,
e04be863-b46f-56b9-8114-f26c478fb73f,7332504,relation,tourism,hostel,Grant Hostel,,,,,34.0019703,71.4800625,Peshawar,Khyber Pakhtunkhwa,Pakistan,,,
99e91851-ece7-5c3e-a38c-df808b3d8270,7332498,relation,tourism,hostel,,,,,,34.003053,71.4775657,Peshawar,Khyber Pakhtunkhwa,Pakistan,,,
b319596c-5b56-5f36-bc13-767af2244cee,7332500,relation,tourism,hostel,Chelmsford,,,,,34.00188,71.4767317,Peshawar,Khyber Pakhtunkhwa,Pakistan,,,
f052e11d-54b9-57ef-9f55-4572df40a11a,7332505,relation,tourism,hostel,A Q Manzil,,,,,34.0019674,71.4793733,Peshawar,Khyber Pakhtunkhwa,Pakistan,,,
96f6371e-4ac2-5229-bc12-54147736bf30,7332506,relation,tourism,hostel,Batlery,,,,,34.0019253,71.4786646,Peshawar,Khyber Pakhtunkhwa,Pakistan,,,
3d72a4d0-0b9c-52c8-bb34-869eafb30afc,7332503,relation,tourism,hostel,Khyber,,,,,34.0019978,71.48073,Peshawar,Khyber Pakhtunkhwa,Pakistan,,,
01e0c226-6ec9-5c41-87c2-7c59f23baf26,7332494,relation,tourism,hostel,Hostel 5,,,,,34.0043347,71.4788632,Peshawar,Khyber Pakhtunkhwa,Pakistan,,,
61ba0fbc-41c7-56b6-b96b-39e5419bffab,7332495,relation,tourism,hostel,,,,,,34.0043255,71.4772904,Peshawar,Khyber Pakhtunkhwa,Pakistan,,,
f68ede26-d01c-5647-8921-7005bacde198,7328972,relation,tourism,hostel,,,,,,34.0061156,71.4845217,Peshawar,Khyber Pakhtunkhwa,Pakistan,,Peshawar University,
671890fb-8b4a-5b97-8d70-292441e6c39c,7328974,relation,tourism,hostel,Hostel 2,,,,,34.0042287,71.4845283,Peshawar,Khyber Pakhtunkhwa,Pakistan,,Peshawar University,
c12bcf36-df75-5fac-b842-d8c0604f9fc8,7334272,relation,tourism,hostel,Hostel 8,,,,,34.0043624,71.4807554,Peshawar,Khyber Pakhtunkhwa,Pakistan,,,
6e254353-914e-595e-bf22-ba82b25b8fad,7334275,relation,tourism,hostel,Benizir Hostel,,,,,34.0100656,71.4861634,Peshawar,Khyber Pakhtunkhwa,Pakistan,,,
484b8357-2654-5d7e-aa07-10fd81815d8e,13739157,relation,shop,mall,City Tower,,,,,34.0008401,71.4985658,Peshawar,Khyber Pakhtunkhwa,Pakistan,,,
fd717daa-7552-5684-a2ff-f3552cd71a60,13739158,relation,shop,mall,Spinzar Plaza,,,,,34.0008771,71.4981491,Peshawar,Khyber Pakhtunkhwa,Pakistan,,,
7cc63fc3-f3d6-5d3d-a47c-ef24d94ec375,8857985267,node,place,village,ریگی آفتیزئی,,Regi Aftizai,,,34.0510055,71.4596841,Peshawar,Khyber Pakhtunkhwa,Pakistan,,,
feba9667-acec-5431-9da9-1534d84272e7,8857985263,node,place,village,عبدالظاهرخان گڑھی,,Abdul Zahir Khan Garhi,,,34.0714972,71.457913,Peshawar,Khyber Pakhtunkhwa,Pakistan,,,
c3163dec-bb17-54bf-ad10-f96d34363075,8857985262,node,place,village,شاہی بالا,,Shahi Bala,,,34.0776924,71.4515666,Peshawar,Khyber Pakhtunkhwa,Pakistan,,,
4c0f3ca8-75de-51ac-96b4-5f0bbc3eb996,8857985268,node,place,village,ملازئی,,Mullazai,,,34.0516092,71.4731833,Peshawar,Khyber Pakhtunkhwa,Pakistan,,,
b728aef0-ba00-5944-8ef0-2c32d02d1f17,8857985260,node,place,village,گڑھی امیر خان,گڑھی امیر خان,Garhi Ameer Khan,,,34.0682807,71.5046126,Peshawar,Khyber Pakhtunkhwa,Pakistan,,,
a018447c-f2b0-5bf3-9c3a-530a4fce068c,9417566843,node,place,village,شینہ گڑھی,,Shina Garhi,,,34.0773216,71.4618457,Peshawar,Khyber Pakhtunkhwa,Pakistan,,,
256b5e8a-01d3-50d2-b24c-528dfbde2ab5,9417566842,node,place,village,پنام ڈھیری بالا,,Panam Dheri Bala,,,34.0852882,71.4784571,Peshawar,Khyber Pakhtunkhwa,Pakistan,,,
61ad1aba-c2e9-5350-b651-b9d1fa4c0676,8857985261,node,place,village,پٹوار پایان,,Putwar Payan,,,34.0713794,71.4911467,Peshawar,Khyber Pakhtunkhwa,Pakistan,,,
f4e59369-0da6-579b-b841-7a70551759fd,9703585297,node,place,village,ڈسٹرکٹ ون ولاز پشاور,ڈسٹرکٹ ون ولاز پشاور,District One Villas Peshawar,,,34.073616,71.5013657,Peshawar,Khyber Pakhtunkhwa,Pakistan,,,
5f5a216b-0225-5412-b4a4-bbbe160ac1e8,9417566841,node,place,village,پیر بالا,پیر بالا,Peer Bala,,,34.070694,71.5080716,Peshawar,Khyber Pakhtunkhwa,Pakistan,,,
a6a7e607-1cf3-5650-b35f-7e53f9afe9b7,8917435166,node,place,village,شیخ کلے,,Sheikh Kalay,,,34.0960733,71.5031634,Peshawar,Khyber Pakhtunkhwa,Pakistan,,,
80b24365-7ad6-53e0-9500-a93d759a8bfe,502770331,way,landuse,residential,,,,,,34.0665616,71.4599891,Peshawar,Khyber Pakhtunkhwa,Pakistan,,,
bc024165-51c8-5668-b060-7e5186288d62,74171540,way,landuse,residential,,,,,,34.0776954,71.4531527,Peshawar,Khyber Pakhtunkhwa,Pakistan,,,
435b3b2d-a8a8-5b09-a71a-4f18d849fd7a,74171539,way,landuse,residential,,,,,,34.0712166,71.4573648,Peshawar,Khyber Pakhtunkhwa,Pakistan,,,
e9271b8c-2167-5fdb-9d4a-3f92c6862a02,74171532,way,landuse,residential,,,,,,34.0830426,71.4615127,Peshawar,Khyber Pakhtunkhwa,Pakistan,,,
033bdf5b-5537-55cf-afab-8eec1cff8b64,74171541,way,landuse,residential,,,,,,34.0773389,71.4616135,Peshawar,Khyber Pakhtunkhwa,Pakistan,,,
506050d6-9ea6-5c2f-859e-a279b4c26ae6,74171533,way,landuse,residential,,,,,,34.0854151,71.4554827,Peshawar,Khyber Pakhtunkhwa,Pakistan,,,
754b50ba-0af2-58ee-9cd4-7040ab59d821,74171534,way,landuse,residential,,,,,,34.0879742,71.4501719,Peshawar,Khyber Pakhtunkhwa,Pakistan,,,
1b832f22-e458-566f-8a1b-d9a68a944b21,74171537,way,landuse,residential,,,,,,34.0592518,71.4673917,Peshawar,Khyber Pakhtunkhwa,Pakistan,,,
8fb08c52-bf9b-5417-8de8-31ec6cf9f759,502770332,way,landuse,residential,,,,,,34.0632982,71.4635666,Peshawar,Khyber Pakhtunkhwa,Pakistan,,,
03a6f611-0a8d-5d69-b14b-37fd6dbb66fd,502770333,way,landuse,residential,,,,,,34.0621228,71.4680143,Peshawar,Khyber Pakhtunkhwa,Pakistan,,,
5f1a5933-5cec-5fd0-a064-70ef0d106f31,502770334,way,landuse,residential,,,,,,34.0617186,71.4699006,Peshawar,Khyber Pakhtunkhwa,Pakistan,,,
b55eefb7-997a-59e8-bbc2-f745686f1f02,502770337,way,landuse,construction,,,,,,34.061338,71.4743726,Peshawar,Khyber Pakhtunkhwa,Pakistan,,,
f2fad506-6e85-54ad-94a1-8dea60d42c55,73537538,way,landuse,residential,,,,,,34.0712064,71.4906194,Peshawar,Khyber Pakhtunkhwa,Pakistan,,,
d44a3bf5-c681-5b59-a457-fe65c42d6325,74171538,way,landuse,residential,,,,,,34.0665819,71.4761999,Peshawar,Khyber Pakhtunkhwa,Pakistan,,,
cd8b1238-5b6a-5cdb-b423-b5242ae171a4,500715879,way,landuse,residential,,,,,,34.0560519,71.4936789,Peshawar,Khyber Pakhtunkhwa,Pakistan,,,
2ba2d15e-951f-5cbc-97e6-7aa8dfb86a25,500715880,way,landuse,industrial,,,,,,34.0688005,71.4978559,Peshawar,Khyber Pakhtunkhwa,Pakistan,,,
509ebd39-b64b-577e-9300-44737190de7d,73537539,way,landuse,residential,,,,,,34.0692028,71.505865,Peshawar,Khyber Pakhtunkhwa,Pakistan,,,
f0088cba-e86e-51b5-a480-c1a272198655,73537540,way,landuse,residential,,,,,,34.0667903,71.5088058,Peshawar,Khyber Pakhtunkhwa,Pakistan,,,
2046741e-4ffe-52ce-9ada-b868c576644b,502770338,way,landuse,residential,,,,,,34.0708851,71.4658393,Peshawar,Khyber Pakhtunkhwa,Pakistan,,,
e7e2f1f2-df6a-5d55-90c0-37038e2987c6,73537542,way,landuse,residential,,,,,,34.0838165,71.4817144,Peshawar,Khyber Pakhtunkhwa,Pakistan,,,
20ecba16-8641-5c44-b623-a5ee8e488a1f,1156826735,way,landuse,residential,,,,,,34.0869977,71.46243,Peshawar,Khyber Pakhtunkhwa,Pakistan,,,
c3736cfb-d4aa-592b-ba96-5c212c7773ff,73537547,way,landuse,residential,,,,,,34.077374,71.5041162,Peshawar,Khyber Pakhtunkhwa,Pakistan,,,
7ae6bcde-2b4e-526f-b4d8-7c75e2ef6874,73537245,way,landuse,residential,,,,,,34.0973973,71.4963915,Peshawar,Khyber Pakhtunkhwa,Pakistan,,,
a70530bb-9e94-59ae-b2c9-3274d4eadfde,73537246,way,landuse,residential,,,,,,34.0962779,71.5028395,Peshawar,Khyber Pakhtunkhwa,Pakistan,,,
9cd82845-64fe-5f0c-8fdf-325ac9c27a33,73537247,way,landuse,residential,,,,,,34.0930483,71.5120341,Peshawar,Khyber Pakhtunkhwa,Pakistan,,,
d4e553b8-d430-5e6d-8009-734411a22e9c,73537259,way,landuse,residential,,,,,,34.1024212,71.4780559,Peshawar,Khyber Pakhtunkhwa,Pakistan,,,
67aef37b-fd5a-5884-a580-ced4e5cb7e35,73537244,way,landuse,residential,,,,,,34.0979349,71.4899487,Peshawar,Khyber Pakhtunkhwa,Pakistan,,,
865e55ee-36e6-5952-b586-698cfb0ce8cc,74187328,way,landuse,residential,,,,,,34.1017651,71.5104266,Peshawar,Khyber Pakhtunkhwa,Pakistan,,,
ceccaea8-b0ad-5d89-8135-2e855e759fa7,13906078,relation,landuse,residential,,,,,,34.0512915,71.434762,Peshawar,Khyber Pakhtunkhwa,Pakistan,,,
adc49ccd-5286-596e-a22a-95d032d29063,13906081,relation,landuse,residential,,,,,,34.0498837,71.5175191,Peshawar,Khyber Pakhtunkhwa,Pakistan,,,
66c76f47-0215-5499-a795-3a4890c4633d,866575538,node,place,village,ماشو گگر,,Masho Gaggar,,,33.9035968,71.5430722,Peshawar,Khyber Pakhtunkhwa,Pakistan,,,
eaaf1c61-5fc2-5eda-9308-94fa91fd5ec7,9416434157,node,place,village,شیخ محمدی,,Sheikh Muhammadi,,,33.9314177,71.5186237,Peshawar,Khyber Pakhtunkhwa,Pakistan,,,
458d8762-db26-52f3-9197-82cd3c84efbb,2781490557,node,amenity,place_of_worship,Spin Jumaat Badhber,,,,,33.9246569,71.5567667,Peshawar,Khyber Pakhtunkhwa,Pakistan,,,
74896466-9a28-598e-8e74-7c055ea67b8a,8573260805,node,place,town,بڈھ بیر,,Badaber,,,33.92234,71.5575613,Peshawar,Khyber Pakhtunkhwa,Pakistan,,,
73be0e48-cbb7-5e01-80ec-f3522086c621,866575486,node,place,village,علی زئی,,Alizai,,,33.9434223,71.5490486,Peshawar,Khyber Pakhtunkhwa,Pakistan,,,
512d3ebf-4e81-5411-b147-9eef97463586,241993078,way,landuse,residential,,,,,,33.9016347,71.5432983,Peshawar,Khyber Pakhtunkhwa,Pakistan,,,
fa62813b-0acc-5e87-9016-c01fb06072e7,74196977,way,landuse,residential,,,,,,33.931315,71.5198707,Peshawar,Khyber Pakhtunkhwa,Pakistan,,,
51b0bfcc-d07f-5206-9f8b-314193f7a88a,1038606712,way,landuse,residential,,,,,,33.9267394,71.546205,Peshawar,Khyber Pakhtunkhwa,Pakistan,,,
5ffedbbc-5271-5df1-865e-da99ce20d071,241993079,way,landuse,residential,,,,,,33.9397752,71.548102,Peshawar,Khyber Pakhtunkhwa,Pakistan,,,
6d0efadc-c6d5-5962-ae4d-0f9243e381c5,13906227,relation,landuse,residential,,,,,,33.9179346,71.5605771,Peshawar,Khyber Pakhtunkhwa,Pakistan,,,
dcc117f2-6435-5b4d-8d09-2e377a257628,13906226,relation,landuse,residential,,,,,,33.9524131,71.5415421,Peshawar,Khyber Pakhtunkhwa,Pakistan,,,
eba889ab-cf88-55c5-b9ac-9ca3571e959e,3273162626,node,amenity,fuel,Shan CNG Station,,,,,33.9625231,71.5203502,Peshawar,Khyber Pakhtunkhwa,Pakistan,,,
3ccc931a-8156-5421-9c13-3b179e64fb6f,9416434158,node,place,village,بازید خیل,,Bazid Khel,,,33.9512873,71.5377942,Peshawar,Khyber Pakhtunkhwa,Pakistan,,,
625b9c23-d9b2-5b76-a088-679320850595,307372727,node,amenity,fuel,,,,,,33.9632792,71.5287235,Peshawar,Khyber Pakhtunkhwa,Pakistan,,,
bf331886-9a87-547e-a7ce-4bd7efcd97d6,4925249488,node,amenity,fuel,,,,,,33.9634873,71.5266231,Peshawar,Khyber Pakhtunkhwa,Pakistan,,,
9da9015b-2074-52f1-9ba1-bbb94feef66f,9112902341,node,amenity,bank,جے ایس بینک,جے ایس بینک,JS Bank,,,33.9616356,71.5285797,Peshawar,Khyber Pakhtunkhwa,Pakistan,جے ایس بینک,جے ایس بینک,
5e4f0123-1f9b-5754-bf17-d839721c4028,12176304531,node,shop,supermarket,Imtiaz,,,,,33.9637583,71.5277822,Peshawar,Khyber Pakhtunkhwa,Pakistan,,,
15e16af4-17bd-5175-9490-0d87680699b7,4318912891,node,public_transport,platform,Custom chock,,,,,33.9729979,71.5159351,Peshawar,Khyber Pakhtunkhwa,Pakistan,,,
ea1abe41-ff98-5c69-832e-84a3cc4e44eb,5488488623,node,office,company,kamo,,,,,33.9654498,71.5313236,Peshawar,Khyber Pakhtunkhwa,Pakistan,,,
e6ea03f0-0ca7-513d-8f13-47c2249a0db7,8573287839,node,place,neighbourhood,Garhi Sikandar Khan,,,,,33.9702474,71.5287417,Peshawar,Khyber Pakhtunkhwa,Pakistan,,,
ef301093-756c-558d-8316-98f533de7127,4360781690,node,shop,car_parts,Toyota khyber motors,,Toyota khyber motors,,,33.9699586,71.5383486,Peshawar,Khyber Pakhtunkhwa,Pakistan,,,
e3a62669-8ff4-5699-86fc-5fd90b4c4439,4925249508,node,amenity,fuel,Fahad CNG,,,,,33.96656,71.5344642,Peshawar,Khyber Pakhtunkhwa,Pakistan,,,
217fbda1-7006-544e-84a4-af8229d2e9b3,4225101925,node,amenity,place_of_worship,,,,,,33.9749445,71.5340117,Peshawar,Khyber Pakhtunkhwa,Pakistan,,,
2e487ba9-5270-53bb-ab2b-493f612ea54f,8428082070,node,amenity,place_of_worship,Umer Farooq,,,,,33.9768859,71.535207,Peshawar,Khyber Pakhtunkhwa,Pakistan,,,
228a8b2f-6f49-559f-b4f1-d9734ae0ff7c,307660089,node,amenity,fuel,,,,,,33.9812763,71.5240915,Peshawar,Khyber Pakhtunkhwa,Pakistan,,,
416d8d2d-2a55-5725-9b35-aa64bb75b616,5318680744,node,amenity,fast_food,Pizza Papa Jan's,,,,,33.9812758,71.523981,Peshawar,Khyber Pakhtunkhwa,Pakistan,,,
b532086b-0490-5d7a-a2ff-6f0189e59b91,8428082069,node,place,neighbourhood,Aisa Khan Colony,,,,,33.9823721,71.536812,Peshawar,Khyber Pakhtunkhwa,Pakistan,,,
0807b9e3-6dc3-547e-8cd8-026aea9b9781,8428082071,node,amenity,place_of_worship,Yaseen,,,,,33.9788422,71.5372229,Peshawar,Khyber Pakhtunkhwa,Pakistan,,,
8c897179-d353-5e40-a5af-256662b64a5c,3276207328,node,amenity,parking,Paid Parking,,,,,33.9888037,71.5381685,Peshawar,Khyber Pakhtunkhwa,Pakistan,,,
f7f96d9a-abdc-5700-9b6e-5e452bef4493,4225103294,node,amenity,parking,c,,,,,33.9854245,71.5367022,Peshawar,Khyber Pakhtunkhwa,Pakistan,,,
acb487b7-d07c-5f7f-9a69-4112fb079d67,8420517097,node,amenity,place_of_worship,,,,,,33.989572,71.5342024,Peshawar,Khyber Pakhtunkhwa,Pakistan,,,
6652e5ca-6202-5d1e-965a-7ca98e196360,4925249496,node,amenity,fuel,Byco petroleum,,,,,33.9698508,71.5402046,Peshawar,Khyber Pakhtunkhwa,Pakistan,,,
b8151e98-f065-5dd9-b6bc-1f8b3ebb3c82,307372704,node,amenity,fuel,Total Parco,,,,,33.9731869,71.5442984,Peshawar,Khyber Pakhtunkhwa,Pakistan,,,
f8d33157-0097-5b96-a9b0-8ebfca3f391a,4925249494,node,amenity,fuel,,,,,,33.9711859,71.5408388,Peshawar,Khyber Pakhtunkhwa,Pakistan,,,
11689dff-e547-553b-9f19-cfae54ed684f,4925249495,node,amenity,fuel,Panther CNG,,,,,33.9710915,71.5423999,Peshawar,Khyber Pakhtunkhwa,Pakistan,,,
d2794642-5d4c-5151-8d0f-fc7d280ff5d8,4984232425,node,shop,car_repair,Professional Works,,Professional Works,,,33.9755288,71.5485517,Peshawar,Khyber Pakhtunkhwa,Pakistan,,,
e668e700-1a30-53b0-91de-197db747ed7b,866575494,node,place,village,بہادر خان کلے,بہادر خان کلے,Bahadur Khan Kalay,,,33.9664052,71.5523419,Peshawar,Khyber Pakhtunkhwa,Pakistan,,,
89a59bcb-ca60-5dff-9b7a-c351b46eb705,8428082072,node,amenity,place_of_worship,Chambelo Jumaat,,,,,33.9801976,71.5443193,Peshawar,Khyber Pakhtunkhwa,Pakistan,,,
74c22e75-70df-5bcc-93dd-05541820bee5,8428082073,node,amenity,place_of_worship,Ghaz,,,,,33.9810047,71.5456189,Peshawar,Khyber Pakhtunkhwa,Pakistan,,,
64300438-caec-59d1-85ff-d3683b11f75f,5542264925,node,amenity,bank,65174. E.Sahulath,,,,,33.9826436,71.548151,Peshawar,Khyber Pakhtunkhwa,Pakistan,,Jahanzaib Khan,
b103198e-42c2-5ea4-820c-faa2340e4c38,8428082074,node,amenity,place_of_worship,Arbaban,,,,,33.9800949,71.5467127,Peshawar,Khyber Pakhtunkhwa,Pakistan,,,
607c9d62-ea14-5e78-b942-660986ff4e84,8428082078,node,amenity,place_of_worship,Manz Jumaat,,,,,33.9809365,71.5480099,Peshawar,Khyber Pakhtunkhwa,Pakistan,,,
90d19f3f-501d-52d1-bcc7-1f0d757e94b6,8428082079,node,amenity,place_of_worship,مسجد بلال,مسجد بلال,Bilal Masjid,,,33.9811657,71.5497302,Peshawar,Khyber Pakhtunkhwa,Pakistan,,,
0f086b2f-3eba-57f2-9ed1-1864b3bb387c,8428082080,node,amenity,place_of_worship,Gul Zaman,,,,,33.9824133,71.5521104,Peshawar,Khyber Pakhtunkhwa,Pakistan,,,
7b41d930-96b9-5466-a4c5-dc141c408a39,4225117635,node,amenity,parking,Truck Adda,,,,,33.9792724,71.5566905,Peshawar,Khyber Pakhtunkhwa,Pakistan,,,
7b562ca8-e901-5ad0-85c7-bfeeccf8d18d,9559895672,node,public_transport,platform,kohat road(naseerullah memoral hospital),,,,"modes: rickshaw, cars, suzuki
type of operation: routebased/ mix
no of vehicles stopped: 12",33.9834979,71.5612151,Peshawar,Khyber Pakhtunkhwa,Pakistan,,,
364d97c8-2c61-5114-8292-6b64f4978983,8428082093,node,amenity,place_of_worship,نواب رشید,نواب رشید,Nawab Rasheed,,,33.9874866,71.5617823,Peshawar,Khyber Pakhtunkhwa,Pakistan,,,
cb8008ef-0418-537c-aceb-30fdd58f2e91,307372612,node,amenity,fuel,,,,,,33.9830164,71.5685241,Peshawar,Khyber Pakhtunkhwa,Pakistan,,,
ec4f9446-e9f5-5002-b005-72582aeddf3e,6938818685,node,shop,hardware,Khattak steel corporation,خٹک اسٹیل کارپوریشن,,,,33.9815257,71.5666202,Peshawar,Khyber Pakhtunkhwa,Pakistan,,,
820809bd-f7f5-5948-99b1-4fd1967b4206,7159866085,node,shop,motorcycle,Shayan autos,,,,,33.9816422,71.5666726,Peshawar,Khyber Pakhtunkhwa,Pakistan,,,
7553a341-c55e-5963-b48a-50880c476a49,6260489785,node,healthcare,hospital,Base MI Room,بیس ایم آئی روم,,,,33.993523,71.5232521,Peshawar,Khyber Pakhtunkhwa,Pakistan,,,
5f64f6a9-ec40-5268-8862-67c7537ac372,4533742498,node,office,government,TCS Head Office,,TCS Head Office,,,33.9909055,71.5294666,Peshawar,Khyber Pakhtunkhwa,Pakistan,,,
616345a9-1ba0-545f-88e7-b53db49ea839,6382857186,node,amenity,place_of_worship,Ghosia Masjid,,,,,33.9925471,71.537748,Peshawar,Khyber Pakhtunkhwa,Pakistan,,,
81265b4f-2cad-587f-bf37-24ba0be67e8d,6926824286,node,healthcare,hospital,Rafsan Neuro Rehabilitation Centre,رفسان نیورو ری ہیبلیٹیشن سنٹر,,,,33.9902768,71.5368514,Peshawar,Khyber Pakhtunkhwa,Pakistan,,,
81dfc0ee-9033-53f6-8bb2-520ea366b377,7825179049,node,amenity,place_of_worship,مومین,مومین,Momeen,,,33.9952365,71.5339528,Peshawar,Khyber Pakhtunkhwa,Pakistan,,,
a1411f74-1323-512d-b0a8-77a33737a278,9111587314,node,amenity,post_office,TCS,,,,,33.9904976,71.5330811,Peshawar,Khyber Pakhtunkhwa,Pakistan,,,
6f25f2fe-24d7-5573-917e-073710c99a57,9513043957,node,amenity,parking,,,,,,33.9966674,71.5371204,Peshawar,Khyber Pakhtunkhwa,Pakistan,,,
e66936db-b184-5035-beb6-c16fd370a011,4743126723,node,amenity,restaurant,Peshawar Garrison Club,,Peshawar Garrison Club,,,33.9983281,71.5314482,Peshawar,Khyber Pakhtunkhwa,Pakistan,,,
6eddf132-7c0f-564e-8fa6-289c2be977c0,7821509404,node,amenity,place_of_worship,مار جان کیتھیڈرل,مار جان کیتھیڈرل,Saint John's Cathedral,,,33.9988533,71.5307582,Peshawar,Khyber Pakhtunkhwa,Pakistan,,,
6cdf0133-1822-52ae-9ded-6d9ae76cce92,7821509405,node,amenity,place_of_worship,ساتویں روزہ ایڈونٹسٹ چرچ,ساتویں روزہ ایڈونٹسٹ چرچ,Seventh Day Adventist Church,,,33.9983333,71.5284545,Peshawar,Khyber Pakhtunkhwa,Pakistan,,,
fcb85293-a979-5ea4-bbac-627fb42e191e,12973564321,node,amenity,restaurant,Asian Wok Peshawar,,,,,33.9970447,71.5298563,Peshawar,Khyber Pakhtunkhwa,Pakistan,,,
2cf3086e-581e-576b-9542-3609baaf57d8,2738962898,node,shop,bakery,Pak Bakers,,,,,33.9996607,71.536554,Peshawar,Khyber Pakhtunkhwa,Pakistan,,,
929591d4-5bf3-57c6-a0b5-d3f35df214b5,3492786305,node,amenity,fast_food,Haleem Ghar,,,,,33.999292,71.5348888,Peshawar,Khyber Pakhtunkhwa,Pakistan,,,
e60cdf04-66c3-549e-a166-302a25829bda,3492788639,node,shop,chemist,Shaheen Chemist,,,,,33.9991519,71.5346313,Peshawar,Khyber Pakhtunkhwa,Pakistan,,,
8b94ee19-ce71-538c-bcbb-3a678288acb5,3492790093,node,amenity,fast_food,Jani Cone,,,,,33.9974596,71.5371955,Peshawar,Khyber Pakhtunkhwa,Pakistan,,,
811cb348-a524-5a99-9da8-0690c312cc21,4481034703,node,amenity,place_of_worship,Takhto Jumaat al-Rahman,,,,,33.997048,71.5376543,Peshawar,Khyber Pakhtunkhwa,Pakistan,,,
058b80d7-97fd-51d7-9b03-5f557d5eaea2,4599363489,node,shop,clothes,Prime Fabrics,,Prime Fabrics,,,33.9971725,71.5385691,Peshawar,Khyber Pakhtunkhwa,Pakistan,,,
8287d3c3-1f17-5f97-926a-6427437a6c46,5101543542,node,amenity,post_office,Express Mail Service,,,,,33.9995594,71.5372531,Peshawar,Khyber Pakhtunkhwa,Pakistan,,,
028e41d6-d50f-5934-b15f-2e2e257bb23e,6450683495,node,shop,clothes,R Sheen,,,,,33.9979173,71.5370733,Peshawar,Khyber Pakhtunkhwa,Pakistan,,,
6678b34a-a273-5fb2-b3f3-819cfd38bc66,6450683496,node,shop,books,Prince Books House,,,,,33.9976581,71.5368832,Peshawar,Khyber Pakhtunkhwa,Pakistan,,,
6d0858a9-dedf-509f-943d-3a690f7a8f13,6450693689,node,shop,clothes,Surkhab Centre,,,,,33.9978177,71.5371839,Peshawar,Khyber Pakhtunkhwa,Pakistan,,,
b52bc82a-b7b6-5d94-a865-a3873a6140c1,7819496891,node,place,town,پشاور چھاؤنی,پشاور چھاؤنی,Peshawar Cantonment,,,33.998598,71.533832,Peshawar,Khyber Pakhtunkhwa,Pakistan,,,
eaefc5db-d411-5abb-9e2e-84bf79144cae,8424752994,node,shop,clothes,The Perfection House Brothers Store,,,,,33.9969208,71.5375283,Peshawar,Khyber Pakhtunkhwa,Pakistan,,,
7d5f2508-7ec6-5ec4-b859-7a7d2c9aad64,8424752995,node,shop,shoes,Bata,,,,,33.9968871,71.5374752,Peshawar,Khyber Pakhtunkhwa,Pakistan,,,
40e935fe-15b7-5ab2-a96e-4d1c5c1d1f6c,9111578106,node,amenity,post_office,TCS,,,,,33.9998817,71.5369415,Peshawar,Khyber Pakhtunkhwa,Pakistan,,,
79482ea9-377c-59b7-8dc9-b994185501c6,9112902382,node,amenity,bank,نیشنل بینک آف پاکستان,نیشنل بینک آف پاکستان,National Bank of Pakistan,,,33.9992294,71.5348129,Peshawar,Khyber Pakhtunkhwa,Pakistan,نیشنل بینک آف پاکستان,نیشنل بینک آف پاکستان,
df729e25-0f51-5005-962a-796ef2ceda48,9513032145,node,amenity,parking,,,,,,33.9977103,71.5386743,Peshawar,Khyber Pakhtunkhwa,Pakistan,,,
84ad74ce-79cf-5f54-a314-45ca8030b43f,9513170756,node,amenity,parking,,,,,,33.9976197,71.535209,Peshawar,Khyber Pakhtunkhwa,Pakistan,,,
29cf2eee-b64d-5864-be10-aa87babea55a,9513222034,node,amenity,parking,,,,,,33.9969064,71.5371135,Peshawar,Khyber Pakhtunkhwa,Pakistan,,,
18b0e73d-4f09-5180-b0cb-9ca352d0f249,1350017100,node,landuse,residential,Gulberg,,,,,33.9924884,71.5404265,Peshawar,Khyber Pakhtunkhwa,Pakistan,,,
20c3929b-6944-507f-a3bf-833c7e1f1a96,8428082065,node,amenity,place_of_worship,Quba,,,,,33.9944065,71.540862,Peshawar,Khyber Pakhtunkhwa,Pakistan,,,
7716c116-3cba-5e40-bcc0-275d4badf04e,3276241566,node,amenity,parking,,,,,,33.9945088,71.55141,Peshawar,Khyber Pakhtunkhwa,Pakistan,,,
3a6e6d01-b444-5f61-9042-64bcdea5cea7,7825179060,node,place,suburb,نوتھیہ,نوتھیا,Nothia,,,33.9919903,71.5464843,Peshawar,Khyber Pakhtunkhwa,Pakistan,,,
0aa664b8-d7ab-55f4-b46d-dbdcda4fd510,4514124889,node,amenity,bank,یونائیٹڈ بینک لمیٹڈ,یونائیٹڈ بینک لمیٹڈ,United Bank Limited,,,33.9992308,71.5403183,Peshawar,Khyber Pakhtunkhwa,Pakistan,یونائیٹڈ بینک لمیٹڈ,,
8ec350c9-2720-52cc-b8e6-b905f8a65e2c,4514124890,node,amenity,bureau_de_change,Pakistan Currency,,,,,33.9990053,71.5407197,Peshawar,Khyber Pakhtunkhwa,Pakistan,,,
73b40c17-c798-54aa-9583-ff3183ad78e0,6445662386,node,amenity,bank,National Bank Of Pakistan,,,,,33.9998845,71.5416437,Peshawar,Khyber Pakhtunkhwa,Pakistan,,,
0d908c47-658a-5404-882a-df7bab7ffa50,11361634991,node,tourism,hotel,Chitral today,,,,,33.9969832,71.5409195,Peshawar,Khyber Pakhtunkhwa,Pakistan,,,
1f1a9289-ab78-5089-9c11-6764d71c743f,4535616095,node,shop,car_repair,Taimoor moter work shop,,Taimoor moter work shop,,,33.9940078,71.5577511,Peshawar,Khyber Pakhtunkhwa,Pakistan,,,
35606c99-f8eb-5f41-8b0c-57dc3b33c74a,4535627291,node,shop,car_repair,Riaz and Sons engineering works,,Riaz and Sons engineering works,,,33.9940841,71.557925,Peshawar,Khyber Pakhtunkhwa,Pakistan,,,
f9ea2dff-3cfb-5125-bd30-40fb22723838,4535636690,node,shop,butcher,,,,,,33.994054,71.5581035,Peshawar,Khyber Pakhtunkhwa,Pakistan,,,
65083e6b-e41e-58be-ae33-8de27e167a3a,4535637290,node,shop,car_repair,Bilal autos,,Bilal autos,,,33.9939534,71.5575157,Peshawar,Khyber Pakhtunkhwa,Pakistan,,,
e7b6a076-ed66-5095-a2b6-9d4b211d74fa,7088124485,node,amenity,place_of_worship,Madrasa lilbanat Mufti Mohammd Qaim bijli ghar,,,,,33.9916636,71.5573162,Peshawar,Khyber Pakhtunkhwa,Pakistan,,,
52990997-ea0f-59d0-81ec-184293ebb70e,4290844490,node,amenity,fuel,Capital CNG ,,,,,33.9943515,71.5590809,Peshawar,Khyber Pakhtunkhwa,Pakistan,,,
37bee019-c56a-5297-8235-ae3a00420911,307637275,node,amenity,fuel,,,,,,33.9996369,71.5535572,Peshawar,Khyber Pakhtunkhwa,Pakistan,,,
f6747901-4929-5733-bf5b-182a627dcde0,8414523985,node,place,suburb,کوٹلہ محسن خان,کوٹلہ محسن خان,Kotla Mohsin Khan,,,33.9988296,71.5563602,Peshawar,Khyber Pakhtunkhwa,Pakistan,,,
69a24981-848a-5e77-bf50-e50ac8e75f08,3276987768,node,place,neighbourhood,قائدآباد,,Quaidabad,,,33.9969416,71.5622417,Peshawar,Khyber Pakhtunkhwa,Pakistan,,,
e4b12faa-c2bb-5333-a1e9-2b2c81c07c6e,7848603205,node,amenity,place_of_worship,Mir Ahmad Shah,,,,,33.9992992,71.5610547,Peshawar,Khyber Pakhtunkhwa,Pakistan,,,
0fa65a81-1cf4-560d-9dc7-25c455b1a27f,7848603210,node,amenity,place_of_worship,مسجد بلال,مسجد بلال,Bilal Masjid,,,33.9998013,71.5600769,Peshawar,Khyber Pakhtunkhwa,Pakistan,,,
35bed19c-e134-5557-90fd-e3f6b087746c,7848623232,node,amenity,place_of_worship,Shrine of Pir Iman Shah,,,,,33.9998075,71.5640155,Peshawar,Khyber Pakhtunkhwa,Pakistan,,,
025c1a46-5c93-5496-a528-3b86d21d544e,8433296108,node,place,neighbourhood,Mohallah Sardanan,,,,,33.9992805,71.5612978,Peshawar,Khyber Pakhtunkhwa,Pakistan,,,
44847d49-dbd4-52b8-880c-fe3955315507,8433296114,node,place,neighbourhood,Mohallah Beriskian,,,,,33.9995662,71.5644713,Peshawar,Khyber Pakhtunkhwa,Pakistan,,,
5caf25b6-5db7-59ab-8f62-8ee312b553bb,9553939610,node,public_transport,platform,kohat road,,,,"modes: cars, rickshaw
type of operation: route/ mix 
no of vehicles stopped: 40",33.9990412,71.5634283,Peshawar,Khyber Pakhtunkhwa,Pakistan,,,
93259ac7-e02d-569f-8acc-352038abb9b2,3276987767,node,place,suburb,کاکشال,کاکشال,Kakshal,,,33.9979581,71.5664549,Peshawar,Khyber Pakhtunkhwa,Pakistan,,,
be48d093-5f7e-5ea7-b9f6-db23217b7102,3276950232,node,place,neighbourhood,فداء آ باد کولونی,,Fida Abad Colony,,,33.9996806,71.5729181,Peshawar,Khyber Pakhtunkhwa,Pakistan,,,
1bd8f239-197a-5951-8b80-18bec53340cd,8940539206,node,amenity,place_of_worship,دتقوى,,Taqwa,,,33.9987369,71.574629,Peshawar,Khyber Pakhtunkhwa,Pakistan,,,
779d9c61-1fe5-5d17-b8ce-f6fffe644996,707994967,way,tourism,hostel,Umar Farooq Hostel,,,,,33.9606352,71.5279887,Peshawar,Khyber Pakhtunkhwa,Pakistan,,Umar Farooq,
1cb20a8a-f5aa-54a4-875a-61e8485cf5b5,707995087,way,tourism,hostel,Abdul Hostel,,,,,33.9603447,71.5278316,Peshawar,Khyber Pakhtunkhwa,Pakistan,,,
79db049c-fa6e-560a-b877-759dbc4cc778,75504402,way,landuse,residential,,,,,,33.9631337,71.5539842,Peshawar,Khyber Pakhtunkhwa,Pakistan,,,
58c369f1-4dc2-5c6c-af53-7c9aff620bad,75504406,way,landuse,residential,,,,,,33.9652483,71.564903,Peshawar,Khyber Pakhtunkhwa,Pakistan,,,
26b35229-6da6-54b3-aba1-927cf8f64f6c,1231448238,way,landuse,residential,55,,,,,33.9705131,71.5146023,Peshawar,Khyber Pakhtunkhwa,Pakistan,,,
611be007-4fed-5992-95f2-3c5dba853504,106504860,way,landuse,residential,Falcon Complex,,,,,33.9849968,71.5252291,Peshawar,Khyber Pakhtunkhwa,Pakistan,,,
3337bf70-5eb8-52eb-bd11-02f11db3801f,320678284,way,aeroway,terminal,Peshawar Terminal 1,,,,,33.9898025,71.5189455,Peshawar,Khyber Pakhtunkhwa,Pakistan,,,
2cc15433-eee7-53a4-a3d7-59874333edf7,947200341,way,amenity,parking,,,,,,33.9886404,71.5192741,Peshawar,Khyber Pakhtunkhwa,Pakistan,,,
d50b340b-7167-5efb-aabd-f4ecbcbef339,947245468,way,amenity,parking,,,,,,33.990199,71.519923,Peshawar,Khyber Pakhtunkhwa,Pakistan,,,
8e94d4b6-ad5e-5cb7-8d78-7240937a0d76,320678285,way,aeroway,terminal,Cargo Terminal,,,,,33.9892519,71.5183394,Peshawar,Khyber Pakhtunkhwa,Pakistan,,,
ee204ee6-a331-57bf-8e78-7ade2df0e9dc,1238351024,way,shop,supermarket,,,,,,33.9906419,71.533951,Peshawar,Khyber Pakhtunkhwa,Pakistan,,,
b0c01ca3-36ce-5586-9056-1104992ea436,394224074,way,landuse,residential,,,,,,33.9858113,71.5284269,Peshawar,Khyber Pakhtunkhwa,Pakistan,,,
b01dba09-094a-55de-87cf-1720b986ea8d,1238351051,way,amenity,parking,,,,,,33.9886731,71.5358176,Peshawar,Khyber Pakhtunkhwa,Pakistan,,Parking,
edba33f5-4901-5683-8cb0-d576fcda1e05,75504399,way,landuse,residential,Gulshan Rehman Colony,,,,,33.9761093,71.5624145,Peshawar,Khyber Pakhtunkhwa,Pakistan,,,
604b3328-a31b-5287-aaf4-8fb75b1a937f,477847959,way,landuse,cemetery,Badshah Gul graveyard,,,,,33.9704938,71.5579876,Peshawar,Khyber Pakhtunkhwa,Pakistan,,,
5f1755ba-347b-57d2-b17c-16f4d09a1986,906816010,way,landuse,cemetery,Nothia Qadeem Qabristan,,,,,33.9917636,71.5410032,Peshawar,Khyber Pakhtunkhwa,Pakistan,,,
57abeec0-52c1-5118-8191-f456a6970aff,1234360394,way,amenity,parking,,,,,,33.9901008,71.549099,Peshawar,Khyber Pakhtunkhwa,Pakistan,,36,
13686f56-4668-5df7-9e9d-2e11ce8fde13,1234595633,way,landuse,cemetery,,,,,,33.9869299,71.5516885,Peshawar,Khyber Pakhtunkhwa,Pakistan,,,
6ddc2889-bd3a-5eb4-a775-673f4fc072ce,1238327291,way,amenity,parking,,,,,,33.990111,71.549099,Peshawar,Khyber Pakhtunkhwa,Pakistan,,,
9f2526de-c2c4-5390-8e63-f63a5c8c507b,1234604966,way,amenity,parking,,,,,,33.9897538,71.5418854,Peshawar,Khyber Pakhtunkhwa,Pakistan,,195,
a613c2c2-9dd2-51cf-866c-26af0c45414c,1234595609,way,amenity,parking,,,,,,33.990098,71.5472946,Peshawar,Khyber Pakhtunkhwa,Pakistan,,78,
e9b3cf23-21e4-58ba-9dae-84352aa81335,1234595634,way,landuse,cemetery,103,,,,,33.9880554,71.5506203,Peshawar,Khyber Pakhtunkhwa,Pakistan,,,
345fdfc0-31d4-55bc-a81a-ca490d70bef7,1234595635,way,amenity,parking,,,,,,33.9887342,71.5508995,Peshawar,Khyber Pakhtunkhwa,Pakistan,,104,
083318df-080f-5512-9d7c-b0bceb41e979,1238321686,way,landuse,religious,Usmania Madrassa,,,,,33.9880621,71.5491802,Peshawar,Khyber Pakhtunkhwa,Pakistan,,,
fe9d68f5-b943-580b-9b6f-637a8b84b7ff,1238321687,way,amenity,parking,,,,,,33.9887342,71.5508995,Peshawar,Khyber Pakhtunkhwa,Pakistan,,,
b798b636-ea5b-5bfb-925b-c9665b14a695,1238321688,way,amenity,fuel,Landi Arbad,,,,,33.9880882,71.5516798,Peshawar,Khyber Pakhtunkhwa,Pakistan,,,
08fa2d14-c162-558d-ba6c-e8385e9d45a7,1238321690,way,amenity,place_of_worship,Masjid Bilal,,,,,33.9897543,71.5487554,Peshawar,Khyber Pakhtunkhwa,Pakistan,,,
fc6c215c-2dc9-5056-8ef0-09ae44f839e3,1238323681,way,amenity,parking,,,,,,33.9900973,71.5472841,Peshawar,Khyber Pakhtunkhwa,Pakistan,,Miskeenn Abad,
20c78ca6-8336-5940-a570-ec3d3b04cd31,1238323682,way,tourism,hostel,Marwat Hostel,,,,,33.9891348,71.5500864,Peshawar,Khyber Pakhtunkhwa,Pakistan,,,
7fae6f0e-ac38-559e-bf26-2ece650049a7,1238351011,way,amenity,place_of_worship,Madrassa,,,,,33.9854411,71.5512813,Peshawar,Khyber Pakhtunkhwa,Pakistan,,,
986fa355-4573-5af3-b411-4d8431ad2e58,1238351035,way,amenity,place_of_worship,Miskeen Abad,,,,,33.9899462,71.5463156,Peshawar,Khyber Pakhtunkhwa,Pakistan,,,
011d64ef-246a-543b-9102-8493ce404200,1238351037,way,amenity,place_of_worship,Abdurehman masjid,,,,,33.9896145,71.5472687,Peshawar,Khyber Pakhtunkhwa,Pakistan,,,
3554ba11-bcad-5d91-bef1-4345310eb8bf,1238351038,way,landuse,religious,Darullquran,,,,,33.9880373,71.5497914,Peshawar,Khyber Pakhtunkhwa,Pakistan,,,
4f85635a-b883-5beb-8d7e-b9a19f02e517,1238351039,way,amenity,place_of_worship,Masjid N,,,,,33.9880268,71.5495602,Peshawar,Khyber Pakhtunkhwa,Pakistan,,,
b69b4e7b-7dd7-590d-9c39-4e6f3eadfe9f,1238351046,way,landuse,religious,Banat Madrassa,,,,,33.9881184,71.5483345,Peshawar,Khyber Pakhtunkhwa,Pakistan,,,
5df868e3-9b43-5660-8c7f-fd9a896b6811,1238351013,way,public_transport,platform,,,,,,33.9795777,71.5571145,Peshawar,Khyber Pakhtunkhwa,Pakistan,,,
1d3c854d-aa53-5d90-af63-580c36548cf5,320913818,way,landuse,industrial,Small Industries Estate,,,,,33.9815689,71.5602013,Peshawar,Khyber Pakhtunkhwa,Pakistan,,,
d74d095f-83a7-5872-8d51-d44a001acfa5,1234595622,way,amenity,parking,,,,,,33.9834827,71.5540575,Peshawar,Khyber Pakhtunkhwa,Pakistan,,90,
f1159445-f7d8-59b9-ac38-cb1cd4cece23,1238350994,way,amenity,place_of_worship,Masjid Akbar,,,,,33.9860634,71.553888,Peshawar,Khyber Pakhtunkhwa,Pakistan,,,
ae6ed38a-5014-5a1d-8478-c18aba83b2ba,1238350995,way,amenity,townhall,Arbad Weeding Hall,,,,,33.9858429,71.5545403,Peshawar,Khyber Pakhtunkhwa,Pakistan,,,
530ddb14-392b-5bc8-9adb-c9e6fbf56410,1238350998,way,leisure,swimming_pool,Zaman,,,,,33.9840588,71.5548954,Peshawar,Khyber Pakhtunkhwa,Pakistan,,,
8d990be2-fa19-5a0a-9b1b-c01fc731273d,1238350999,way,amenity,fuel,Kohat Road Gas station,,,,,33.9875695,71.5618118,Peshawar,Khyber Pakhtunkhwa,Pakistan,,,
4ffa28a9-2dd8-559e-ae59-e7df50be6866,1238351001,way,landuse,industrial,Floor Mill,,,,,33.986845,71.5610086,Peshawar,Khyber Pakhtunkhwa,Pakistan,,,
c2736634-3416-5645-b1b7-32a96ea103dc,1238351018,way,amenity,fuel,,,,,,33.9829798,71.5684941,Peshawar,Khyber Pakhtunkhwa,Pakistan,,,
6361da58-bb95-531c-a919-3c9c760b2d40,1238351019,way,public_transport,platform,,,,,,33.9827483,71.5704653,Peshawar,Khyber Pakhtunkhwa,Pakistan,,,
3b443376-8664-5b87-a8ca-ec93d3554e83,394224089,way,leisure,pitch,ASRC peshawar ground,,,,,33.9959036,71.526418,Peshawar,Khyber Pakhtunkhwa,Pakistan,,,
7a204bb9-ab3b-58e1-9c44-d743ff311863,1234626724,way,landuse,commercial,cafe,,,,,33.9992381,71.5240122,Peshawar,Khyber Pakhtunkhwa,Pakistan,,,
f87ec51b-48c9-50f7-a444-7de8deb6938c,1234079065,way,leisure,park,,,,,,33.9918917,71.5294468,Peshawar,Khyber Pakhtunkhwa,Pakistan,,,
9e52f1e9-2429-5858-81cf-f511a1658812,79235689,way,leisure,stadium,Peshawar Sports Complex,,,,,33.9924374,71.5350907,Peshawar,Khyber Pakhtunkhwa,Pakistan,,,
db7722fc-b577-58f1-92cb-4464664d2afa,225787275,way,leisure,stadium,Qayyum Stadium,,,,,33.99438,71.5351587,Peshawar,Khyber Pakhtunkhwa,Pakistan,,,
d99f4317-17e6-5eab-8571-5bf8e91c1796,394210862,way,leisure,pitch,,,,,,33.9924013,71.5351805,Peshawar,Khyber Pakhtunkhwa,Pakistan,,,
cde99aa9-e6a0-5bd3-bc57-5532f42a92fd,394210863,way,leisure,pitch,,,,,,33.9943635,71.535159,Peshawar,Khyber Pakhtunkhwa,Pakistan,,,
3e3d09cc-c2dc-56e5-ac71-39ebb61b3e4f,394210864,way,leisure,swimming_pool,,,,,,33.9935789,71.5362703,Peshawar,Khyber Pakhtunkhwa,Pakistan,,,
fe08ace0-2865-54e5-a697-d40a40630716,907260869,way,landuse,commercial,Ghalla Mandi,,,,,33.9958083,71.5383415,Peshawar,Khyber Pakhtunkhwa,Pakistan,,,
99a908de-d22b-57ea-a634-1c8159980138,907260871,way,amenity,police,Gharbi Police Station,,,,,33.9940236,71.5378865,Peshawar,Khyber Pakhtunkhwa,Pakistan,,,
9fa085e3-48b1-5868-9165-523bc5c0e6a9,1032493358,way,amenity,fuel,Shell,شیل,Shell,,,33.9952961,71.5355741,Peshawar,Khyber Pakhtunkhwa,Pakistan,شیل,,
65e280a2-149f-5a89-94ba-7410b30220e2,1234547998,way,amenity,restaurant,Juice Burger Point,,,,,33.9962185,71.5358593,Peshawar,Khyber Pakhtunkhwa,Pakistan,,,
b1c1c86d-3cab-5efc-8058-265547fb8bec,1234550242,way,healthcare,hospital,Sahibzada Homeopathic Clinic,صاحبزادہ ہومیوپیتھک کلینک,,,,33.9959163,71.5359683,Peshawar,Khyber Pakhtunkhwa,Pakistan,,,
c0574f82-914d-50c4-8375-d2bb826e4754,1234601254,way,amenity,restaurant,Adnan Burger,,,,,33.995746,71.5361292,Peshawar,Khyber Pakhtunkhwa,Pakistan,,,
54ef2213-e6ae-5cbc-ac00-97a442cab640,1238351023,way,leisure,playground,,,,,,33.994393,71.5351716,Peshawar,Khyber Pakhtunkhwa,Pakistan,,,
ae9080d0-c4c9-57fa-be07-c1c061075a80,838453553,way,landuse,commercial,ایران کے قونصلیٹ جنرل,ایران کے قونصلیٹ جنرل,Consulate General of Iran,,,33.9996149,71.5329089,Peshawar,Khyber Pakhtunkhwa,Pakistan,,,
8580e11c-6364-593e-9906-f06559d7732f,907260872,way,healthcare,hospital,Cantonment Board Hospita,کنٹونمنٹ بورڈ ہسپتال,,,,33.9945768,71.538644,Peshawar,Khyber Pakhtunkhwa,Pakistan,,,
409ef3d5-f019-5bdd-84b0-93cd6789965a,907265173,way,landuse,commercial,Saddar Bazar,,,,,33.9974599,71.5399479,Peshawar,Khyber Pakhtunkhwa,Pakistan,,,
0700d5f5-726d-53ae-a75e-a206d071b8b2,1234547965,way,landuse,commercial,Times Center,,,,,33.9967489,71.5365881,Peshawar,Khyber Pakhtunkhwa,Pakistan,,,
393a57b2-596d-5103-962a-41fd4fd1f11b,1234601188,way,amenity,restaurant,Food Point,,,,,33.9967965,71.5377678,Peshawar,Khyber Pakhtunkhwa,Pakistan,,,
320d16ab-32b0-59cc-b00c-0269e173456f,1234601230,way,shop,mall,Mian Fashion Mall,,,,,33.9976526,71.53901,Peshawar,Khyber Pakhtunkhwa,Pakistan,,,
16c3800d-7d6a-5380-811a-19bf394b2fd7,1233835625,way,amenity,place_of_worship,"St. John's Cathedral, Peshawar",,,,,33.9989223,71.5307736,Peshawar,Khyber Pakhtunkhwa,Pakistan,,,
e996ee38-acdf-5c82-88ff-8b9c62efc5dc,1233836718,way,amenity,restaurant,charsi tikka peshawar,,,,,33.9998017,71.5307863,Peshawar,Khyber Pakhtunkhwa,Pakistan,,,
3a4ee80d-c2d2-551f-b92e-62653d1a3a5b,342250702,way,amenity,bank,اسٹینڈرڈ چارٹرڈ,اسٹینڈرڈ چارٹرڈ,Standard Chartered,,,33.9995132,71.5350229,Peshawar,Khyber Pakhtunkhwa,Pakistan,اسٹینڈرڈ چارٹرڈ,اسٹینڈرڈ چارٹرڈ,
69080aee-89d4-58ed-aeb9-e7bf51ab168c,1032478399,way,amenity,parking,,,,,,33.9976045,71.5351028,Peshawar,Khyber Pakhtunkhwa,Pakistan,,,
62d05b24-9031-53e3-9f22-7c7841015a2c,1233834804,way,amenity,place_of_worship,"St. Michael Catholic Church, Peshawar",,,,,33.9985851,71.5352819,Peshawar,Khyber Pakhtunkhwa,Pakistan,,,
f7a37467-739a-55bb-9637-206241f77fd7,1233835245,way,amenity,place_of_worship,Jamia Imdad-ul-Uloom Islamia,,,,,33.9980721,71.5345604,Peshawar,Khyber Pakhtunkhwa,Pakistan,,,
f286d93c-0721-572d-8d17-57ea25dc849b,1234547970,way,amenity,place_of_worship,Takhto Jumat,,,,,33.9970499,71.5376601,Peshawar,Khyber Pakhtunkhwa,Pakistan,,,
b379dabd-3ba5-55b5-99d3-033360135b3e,1234547973,way,amenity,restaurant,Lahori Kulfa,,,,,33.9971375,71.5379496,Peshawar,Khyber Pakhtunkhwa,Pakistan,,,
5d51807f-2922-54cc-ba0f-f630fb03e7bc,1234547978,way,amenity,restaurant,Jani Cone,,,,,33.9974687,71.5371089,Peshawar,Khyber Pakhtunkhwa,Pakistan,,,
b7fee0e2-6fdb-5fe3-9639-af6e1759e487,1234550483,way,office,government,PIA Booking Office,,,,,33.9990437,71.5364754,Peshawar,Khyber Pakhtunkhwa,Pakistan,,,
3036d15f-b2e6-569e-bcf8-965c8117a97b,1234601179,way,amenity,parking,Parking,,,,,33.9983558,71.5383,Peshawar,Khyber Pakhtunkhwa,Pakistan,,Car Parking,
62bd1922-ff33-5a9e-8904-10c9ea7f6583,1234601229,way,amenity,parking,,,,,,33.9975441,71.5365349,Peshawar,Khyber Pakhtunkhwa,Pakistan,,Parking,
fec413ef-da1f-5957-9deb-e5c41cbcc0f9,1234276976,way,amenity,place_of_worship,b84,,,,,33.9932277,71.542083,Peshawar,Khyber Pakhtunkhwa,Pakistan,,,
e5716d7f-4f5b-57d5-ba25-f465b005fe61,1234360363,way,amenity,place_of_worship,Lewani Baba Masjid,,,,,33.9928157,71.5449662,Peshawar,Khyber Pakhtunkhwa,Pakistan,,,
cd3e2e0d-97fa-52f3-a982-ad3bcccf92b2,1234360414,way,landuse,residential,55,,,,,33.992391,71.5435988,Peshawar,Khyber Pakhtunkhwa,Pakistan,,,
2e45718e-791d-5b08-8a5f-82dcd0e062fc,1234360415,way,landuse,residential,56,,,,,33.9922165,71.5431695,Peshawar,Khyber Pakhtunkhwa,Pakistan,,,
4c1db047-feaf-5752-88ec-a683a1325cce,1234360416,way,landuse,residential,57,,,,,33.9927301,71.543148,Peshawar,Khyber Pakhtunkhwa,Pakistan,,,
f73bd4f9-d2fa-5f15-8472-6bdc84af4121,1234595659,way,amenity,parking,,,,,,33.9934663,71.5421253,Peshawar,Khyber Pakhtunkhwa,Pakistan,,142,
aca1a164-310f-5a22-8df8-81941a4ae854,1234604957,way,amenity,parking,,,,,,33.9933774,71.544331,Peshawar,Khyber Pakhtunkhwa,Pakistan,,184,
243d73ba-5af7-5888-8991-5057065e8129,1238351002,way,amenity,place_of_worship,,,,,,33.9962755,71.5415522,Peshawar,Khyber Pakhtunkhwa,Pakistan,,,
6b68a6c2-63ed-5096-81c2-4a0260636ab4,1238351004,way,leisure,park,Asif Baghi,,,,,33.9963111,71.5427996,Peshawar,Khyber Pakhtunkhwa,Pakistan,,,
6b2fe372-636c-5d41-ae1c-a1c3cca4dc50,1238351030,way,amenity,parking,,,,,,33.9944621,71.5424555,Peshawar,Khyber Pakhtunkhwa,Pakistan,,,
5958f55b-4513-5346-980b-bdfe0be8a88e,1234360390,way,amenity,parking,,,,,,33.9908894,71.5478465,Peshawar,Khyber Pakhtunkhwa,Pakistan,,33,
0bec5bd4-1b32-5b46-b674-c6d6d6d14197,1234360393,way,landuse,religious,Madrassa,,,,,33.9912234,71.5473147,Peshawar,Khyber Pakhtunkhwa,Pakistan,,,
6391eb05-2454-5857-81a8-1f51206276c1,1234595608,way,amenity,parking,,,,,,33.9909064,71.5480484,Peshawar,Khyber Pakhtunkhwa,Pakistan,,77,
38e3a289-7600-59a7-9373-74a94335edfd,1238351008,way,amenity,parking,,,,,,33.9908894,71.5478465,Peshawar,Khyber Pakhtunkhwa,Pakistan,,ff,
a6ca2267-3fe9-57d8-b15d-8b75e44467c7,1238351033,way,healthcare,clinic,Dr C,ڈاکٹر سی,,,,33.9907979,71.5475903,Peshawar,Khyber Pakhtunkhwa,Pakistan,,,
4dbd1497-0692-57aa-aa16-7a80ff368075,1238351053,way,shop,motorcycle,Hamdan,,,,,33.9905232,71.5480721,Peshawar,Khyber Pakhtunkhwa,Pakistan,,,
044088f5-8517-5faa-af36-203c394cc336,320946914,way,landuse,residential,Civil Quarters,,,,,33.9995181,71.5558984,Peshawar,Khyber Pakhtunkhwa,Pakistan,,,
d844bdf5-2e7d-5cc6-b153-16e9858b148c,907260883,way,landuse,commercial,Peshawar Dry Port,,,,,34.0015566,71.5508305,Peshawar,Khyber Pakhtunkhwa,Pakistan,,,
09eb0059-eb67-5d4b-a551-a9371b30a1eb,1234595601,way,landuse,residential,House,,,,,33.9918176,71.5457421,Peshawar,Khyber Pakhtunkhwa,Pakistan,,,
352eb425-c05e-5965-aca0-91f60c2f4736,1451081681,way,landuse,industrial,Peshawar Railway Station,,,,,34.0027736,71.5522221,Peshawar,Khyber Pakhtunkhwa,Pakistan,,,
c5870187-5118-503c-8d26-ef3b147b79ac,1234601278,way,amenity,restaurant,Hamdan Sweets and Bakers,,,,,33.9973143,71.5399671,Peshawar,Khyber Pakhtunkhwa,Pakistan,,,
47218088-7d33-57cd-a1d8-c9f62b0e1839,1234601279,way,healthcare,pharmacy,Zafar Medical Hall,,,,,33.9972485,71.5401206,Peshawar,Khyber Pakhtunkhwa,Pakistan,,,
6560a4cf-a200-5225-9340-8cc17280caa4,1234601280,way,amenity,restaurant,Peshawari Foods,,,,,33.9973742,71.5402749,Peshawar,Khyber Pakhtunkhwa,Pakistan,,,
afcf158d-c958-53b8-8179-0ae8955a950d,1234601281,way,amenity,restaurant,Doner Istanbul,,,,,33.9974637,71.5403105,Peshawar,Khyber Pakhtunkhwa,Pakistan,,,
10b9fd00-6d4e-55e0-a494-76a7575f668b,1234601283,way,amenity,restaurant,MFZ,,,,,33.9976064,71.5401509,Peshawar,Khyber Pakhtunkhwa,Pakistan,,,
539e354a-ff52-5ce1-ab38-9c75e557d39c,1234601284,way,amenity,restaurant,Quetta Chai,,,,,33.9976515,71.5402534,Peshawar,Khyber Pakhtunkhwa,Pakistan,,,
dc3bf1a6-b9ee-5535-a393-e30c8290de90,1234601285,way,amenity,restaurant,Bata Kulfi Falooda,,,,,33.9974725,71.5398869,Peshawar,Khyber Pakhtunkhwa,Pakistan,,,
151fff20-efe0-551b-9d9e-2a1f9efe8e9f,394224131,way,landuse,commercial,,,,,,33.9936324,71.5613758,Peshawar,Khyber Pakhtunkhwa,Pakistan,,,
14456c90-06c2-5c41-8cd4-033ae30314b7,782610133,way,landuse,cemetery,,,,,,33.9945174,71.5622139,Peshawar,Khyber Pakhtunkhwa,Pakistan,,,
6aceac05-ea9e-5ca2-8383-182a5f580e25,782610132,way,landuse,cemetery,Faqeeran Da Kattha Cemetery,,,,,33.9966733,71.5619837,Peshawar,Khyber Pakhtunkhwa,Pakistan,,,
31e8af18-2cb7-55d7-af4e-daa767601cd3,906092066,way,landuse,cemetery,Bhana Mari Graveyard,,,,,33.999439,71.5548594,Peshawar,Khyber Pakhtunkhwa,Pakistan,,,
b5ddb6e8-6cca-5fcd-8569-55d95b1148b7,320995262,way,leisure,park,Wazir Bagh,,,,,33.9960805,71.5746234,Peshawar,Khyber Pakhtunkhwa,Pakistan,,,
1b072b19-0249-5cf9-b4b2-213a5f00bc29,320995769,way,landuse,cemetery,Gora Qabristan Christian Cemetery,,,,,33.9982853,71.5713153,Peshawar,Khyber Pakhtunkhwa,Pakistan,,,
7bf2f275-c7b4-5e24-9210-6a4f4189a5a1,837760859,way,leisure,park,Lali Bagh,,,,,33.9996893,71.5749248,Peshawar,Khyber Pakhtunkhwa,Pakistan,,,
36d77071-89e9-5e4a-8b25-677b648c7d38,13905909,relation,landuse,residential,,,,,,34.0234743,71.5930177,Peshawar,Khyber Pakhtunkhwa,Pakistan,,,
5f875e67-fac5-53bd-a2ce-54b6c7c2773a,4463412,relation,landuse,residential,چار خانہ,چار خانہ,Char Khanaa,,,33.9871591,71.5323876,Peshawar,Khyber Pakhtunkhwa,Pakistan,,,
92c69dea-6b21-54b2-838b-d501f3a095e3,12317889,relation,amenity,place_of_worship,Sunehri Masjid,,,,,33.9960183,71.5401808,Peshawar,Khyber Pakhtunkhwa,Pakistan,,,
5e572ca2-e70e-5c6b-b507-84728363d482,12317890,relation,amenity,place_of_worship,Aqsa Masjid,,,,,33.9962611,71.5415625,Peshawar,Khyber Pakhtunkhwa,Pakistan,,,
5baa78d9-ee12-5eed-9b76-2f2d4fccb40f,13738666,relation,shop,mall,Deans Shopping Plaza,,,,,34.00082,71.5449852,Peshawar,Khyber Pakhtunkhwa,Pakistan,,,
49981b7d-f190-596d-a2f0-45858aab6f1d,2432782479,node,education,college,FG Boys Public College for Boys,,,,,34.0021901,71.5318963,Peshawar,Khyber Pakhtunkhwa,Pakistan,,,
bcd01286-0cc3-5604-a9a4-9ecd1821265f,2432782480,node,education,college,FG Boys Public College for Girls,ایف جی بوائز پبلک کالج فار گرلز,,,,34.0032971,71.5302318,Peshawar,Khyber Pakhtunkhwa,Pakistan,,,
eb75cbd2-6b80-58cd-9e25-c3b1a20944ad,1223933221,node,amenity,place_of_worship,Tehkal Juma'at,,,,,34.0088032,71.5188688,Peshawar,Khyber Pakhtunkhwa,Pakistan,,,
3c6f578e-657c-5497-8bc9-1962b28de9ee,4403895296,node,amenity,restaurant,Barrha Tikka and Kabuli Pulao (باڑہ تکہ اینڈ کابلی پلاو),,bara tikka and kabali pulao,,,34.00833,71.516706,Peshawar,Khyber Pakhtunkhwa,Pakistan,,,
f36a896f-e02d-5432-95ce-d60bb7daf4ad,4672018289,node,historic,castle,Khyber colony no 2,,Khyber colony no 2,,,34.0071453,71.5176613,Peshawar,Khyber Pakhtunkhwa,Pakistan,,,
051fd05e-3ba1-5dd7-93b3-e5ecde62aa17,10250742809,node,office,insurance,جوبلی فیمیلی تکافل صمد پلازہ,,Jubilee Family Takaful Samad Plazs,,,34.0079093,71.5171996,Peshawar,Khyber Pakhtunkhwa,Pakistan,,,
975dd227-069f-57bc-89bf-13f45074fcfa,11146575506,node,shop,supermarket,Fruit bazar,,,,,34.0089472,71.5188019,Peshawar,Khyber Pakhtunkhwa,Pakistan,,,
8415c234-ef06-5c23-a934-6364bec4412c,1224121362,node,amenity,restaurant,کے ایف سی,کے ایف سی,,,,34.0072935,71.5255332,Peshawar,Khyber Pakhtunkhwa,Pakistan,KFC,,
9b0e51c6-f793-59f8-999c-90786a9c4649,4271106790,node,shop,supermarket,Harshay Superstore,,,,,34.0070392,71.5245739,Peshawar,Khyber Pakhtunkhwa,Pakistan,,,
5c6d7c36-b27f-5a5d-8d3f-5605dc127561,9518426041,node,amenity,parking,,,,,,34.0072084,71.5251989,Peshawar,Khyber Pakhtunkhwa,Pakistan,,,
8a7c0cf8-de60-527f-aadc-01e16ba4121a,9518515614,node,amenity,parking,,,,,,34.0075328,71.5242219,Peshawar,Khyber Pakhtunkhwa,Pakistan,,,
38ce2dda-4c79-5dd3-98ef-0aa20f6cd343,1224127544,node,amenity,fuel,شیل,شیل,Shell,,,34.0070267,71.5266061,Peshawar,Khyber Pakhtunkhwa,Pakistan,شیل,,
9cc4dd59-28c4-5413-a30b-c67700944913,3972340663,node,amenity,parking,,,,,,34.0042256,71.5316008,Peshawar,Khyber Pakhtunkhwa,Pakistan,,,
9f593686-a367-5ad1-bd13-f6bfd63657b7,4481034702,node,amenity,police,Army Check Point,,,,,34.0066389,71.5304058,Peshawar,Khyber Pakhtunkhwa,Pakistan,,,
42659530-7973-58c4-adcf-6da8cbb06061,7825179053,node,place,neighbourhood,Defence Flats,,,,,34.0096267,71.5316437,Peshawar,Khyber Pakhtunkhwa,Pakistan,,,
9b210c46-2755-5d78-8f0c-3fb02d1cb06a,7825179054,node,amenity,place_of_worship,Defence,,,,,34.0077755,71.5349906,Peshawar,Khyber Pakhtunkhwa,Pakistan,,,
de212327-5ddd-55df-b1d4-fed121ff86a1,1224127547,node,shop,convenience,Defence Shop,,,,,34.0108332,71.5343105,Peshawar,Khyber Pakhtunkhwa,Pakistan,,,
d6c78ea6-4801-5ef1-bf23-c366603b13e2,1224141047,node,landuse,cemetery,,,,,,34.0158312,71.5384293,Peshawar,Khyber Pakhtunkhwa,Pakistan,,,
ad95a6a1-33bf-5a48-aeb2-f030fef324c5,3280215412,node,place,suburb,ڈیفنس کالونی,ڈیفنس کالونی,Defence Colony,,,34.0112501,71.5364524,Peshawar,Khyber Pakhtunkhwa,Pakistan,,,
f23d529a-19c2-5966-b30d-e172aec7649b,1223932413,node,shop,supermarket,Jan's Shopping Plaza,,,,,34.0025718,71.5449956,Peshawar,Khyber Pakhtunkhwa,Pakistan,,,
638d2f2b-3312-5c0a-8dae-ce6923b95f02,1225241975,node,amenity,bank,Bank al-Falah,,,,,34.0024773,71.5455959,Peshawar,Khyber Pakhtunkhwa,Pakistan,,,
3e1a87fd-a6ff-5dde-bc2e-bcabd274a155,4112393499,node,tourism,hotel,Shiraz Arena,,,,,34.0009367,71.5440875,Peshawar,Khyber Pakhtunkhwa,Pakistan,,,
94e5af15-347f-5691-b560-3ef766c5708b,4537273296,node,amenity,bank,Silk Bank,,SilkBank,,,34.0008619,71.542055,Peshawar,Khyber Pakhtunkhwa,Pakistan,,,
42d038d9-e100-5e82-999b-62141b91b06b,4537292092,node,amenity,bank,عسکری بینک,عسکری بینک,Askari Bank,,,34.0014194,71.542107,Peshawar,Khyber Pakhtunkhwa,Pakistan,عسکری بینک,,
2f23ff63-818a-50b8-94fa-71eca9cd2fb6,4537292093,node,amenity,atm,,,,,,34.001385,71.542178,Peshawar,Khyber Pakhtunkhwa,Pakistan,,Askari bank,
38ba88fa-18a9-5e30-8d25-513db9a1ccd7,4537301194,node,amenity,bank,NIB Bank,,NIB Bank,,,34.0008156,71.542452,Peshawar,Khyber Pakhtunkhwa,Pakistan,,,
513bb9dc-a55b-5849-b4db-eda293b7d57a,4537301195,node,amenity,bank,The Bank Of Khyber,,The Bank Of Khyber,,,34.0012377,71.543182,Peshawar,Khyber Pakhtunkhwa,Pakistan,,,
95e5d80e-4a7c-581d-9ea6-f6b9487df3c3,4537304489,node,amenity,bank,فیصل بینک,فیصل بینک,Faysal Bank,,,34.0012017,71.5418402,Peshawar,Khyber Pakhtunkhwa,Pakistan,فیصل بینک,,
e97a6ae1-0bbb-5054-8aeb-22ad000e2d81,5030321424,node,office,company,قطر ائیرویز,قطر ائیرویز,Qatar Airways,,,34.0022924,71.5402025,Peshawar,Khyber Pakhtunkhwa,Pakistan,قطر ائیرویز,,
712f1177-8208-57ce-8dc6-817a125a6008,5448672724,node,office,company,Lamsy Arcade,,,,,34.0009346,71.54216,Peshawar,Khyber Pakhtunkhwa,Pakistan,,,
b57a5f11-0bd3-5279-a90c-6f9108e07bef,9491679409,node,amenity,taxi,Peshawar car stand - Sadar,,,,"Modes available: car, bike",34.0008216,71.5425502,Peshawar,Khyber Pakhtunkhwa,Pakistan,,,
11eb14f5-19ee-5653-9ed4-017f022e84d9,9513103858,node,amenity,parking,,,,,,34.0008614,71.5448569,Peshawar,Khyber Pakhtunkhwa,Pakistan,,,
912e011f-dcc4-5d6a-aa5d-dcf5eff9c1bb,307633246,node,railway,station,پشاور چھاؤنی,پشاور چھاؤنی,Peshawar Cantonment,,,34.0022483,71.5504094,Peshawar,Khyber Pakhtunkhwa,Pakistan,,,Q7171369
5a37eebc-adc3-52d5-ad13-90916d401f37,2430009635,node,amenity,fuel,شیل,شیل,Shell,,,34.0000193,71.5463329,Peshawar,Khyber Pakhtunkhwa,Pakistan,شیل,,
970b9ea2-0d89-5fdd-a7e4-01557e52aa56,4739418922,node,amenity,bank,میزان بینک,میزان بینک,Meezan Bank,,,34.0022605,71.5457577,Peshawar,Khyber Pakhtunkhwa,Pakistan,میزان بینک,,
02edd288-704c-542e-8916-19deb5c85104,5480036421,node,amenity,post_office,Gerry's Visa,,,,,34.0006657,71.5459418,Peshawar,Khyber Pakhtunkhwa,Pakistan,,,
d953cde6-0341-51e2-8c6d-d9c4957f17ee,5639161022,node,amenity,bureau_de_change,Money link Exchange co.(Pvt) Ltd,,,,,34.0005723,71.5461061,Peshawar,Khyber Pakhtunkhwa,Pakistan,,,
2ac49bab-0c7a-5d9e-98ef-a86bd4d23cbf,7081974585,node,office,government,Benovolent Fund Building,,,,,34.002723,71.5472745,Peshawar,Khyber Pakhtunkhwa,Pakistan,,,
7d0e5b19-2113-5efc-986e-d95d3d8f1768,4535605995,node,shop,car_repair,,,,,,34.0002801,71.5528555,Peshawar,Khyber Pakhtunkhwa,Pakistan,,,
227abffc-43fc-596f-9256-b5fd85e446c7,4570305410,node,shop,car_repair,,,,,,34.0004686,71.5527595,Peshawar,Khyber Pakhtunkhwa,Pakistan,,,
6c0d40e0-843e-5f60-a568-17b91c4a9794,7819185666,node,amenity,place_of_worship,Shrine of Syed Sittar Shah,,,,,34.0007486,71.557825,Peshawar,Khyber Pakhtunkhwa,Pakistan,,,
22d9e3db-758d-5df7-8cb7-cba9a78fd742,8414377635,node,historic,monument,Bhana Mari Tomb,,,,,34.000224,71.5547971,Peshawar,Khyber Pakhtunkhwa,Pakistan,,,
502a8893-9c83-556e-915a-3750b75ae8f5,4570316416,node,amenity,bank,allied bank,,allied bank,,,34.0032602,71.5597023,Peshawar,Khyber Pakhtunkhwa,Pakistan,,,
9a5a3d2a-0180-5f7e-8b21-70766b12bc43,7848603298,node,amenity,place_of_worship,Talaab Wali,,,,,34.0030908,71.5613741,Peshawar,Khyber Pakhtunkhwa,Pakistan,,,
a540a2a7-4e35-5625-9ccb-1c38b5ec127f,7848603436,node,amenity,place_of_worship,,,,,,34.0004605,71.5628669,Peshawar,Khyber Pakhtunkhwa,Pakistan,,,
081a6885-8330-52ac-ab55-5085d2a6a60e,7848603487,node,amenity,place_of_worship,Shrine of Shah Mardan,,,,,34.0009744,71.5631483,Peshawar,Khyber Pakhtunkhwa,Pakistan,,,
2f940be4-f0ff-55bb-8827-f9971fdfb757,8414360057,node,amenity,place_of_worship,Muhammadi,,,,,34.0012992,71.5648076,Peshawar,Khyber Pakhtunkhwa,Pakistan,,,
0b6df275-c9c6-5877-bc5a-9d00f5298684,8424760924,node,healthcare,clinic,شفا میڈیکل مركز,شفا میڈیکل مركز,Shifa Medical centre,,,34.0033461,71.5608233,Peshawar,Khyber Pakhtunkhwa,Pakistan,,,
f6a8a21c-7876-5721-9116-a699278b2b52,8433296109,node,place,neighbourhood,Mohallah Quwwatul Islam,,,,,34.0003434,71.5606541,Peshawar,Khyber Pakhtunkhwa,Pakistan,,,
4a961d99-4ac6-5c88-bde5-c58a35fdc82e,8433296110,node,place,neighbourhood,Mohallah Joga Shah,,,,,34.0017398,71.5628482,Peshawar,Khyber Pakhtunkhwa,Pakistan,,,
333ac193-d4de-5950-9c62-fd5e9adec34c,8433296113,node,place,neighbourhood,Mohallah Muhammad Dad,,,,,34.002857,71.5647421,Peshawar,Khyber Pakhtunkhwa,Pakistan,,,
e317250a-184c-5f00-9b17-e7e72c89d1f3,1226368132,node,tourism,guest_house,پشاور پریس کلب,پشاور پریس کلب,Peshawar Press Club,,,34.0039715,71.551132,Peshawar,Khyber Pakhtunkhwa,Pakistan,,,
99277e11-4cc7-5f62-a614-4b665351589c,2432768426,node,office,government,اکاؤنٹنٹ جنرل آفس,اکاؤنٹنٹ جنرل آفس,Accountant General Office,,,34.0080067,71.5476179,Peshawar,Khyber Pakhtunkhwa,Pakistan,,,
efdf03d9-6186-5305-b0b9-b2a048b49253,2432768427,node,amenity,restaurant,آرمی ہاسٹل,آرمی ہاسٹل,Army Hostel,,,34.0077175,71.545804,Peshawar,Khyber Pakhtunkhwa,Pakistan,,,
ada7694a-b1ae-5962-97e2-965a6f1e98eb,4572635390,node,amenity,police,Army Check Point,,,,,34.0049781,71.5503022,Peshawar,Khyber Pakhtunkhwa,Pakistan,,,
f05b8b71-ec8d-577b-ba86-2ce5ee8310ed,2429988467,node,amenity,restaurant,Pizza Hut,پیزا ہٹ,Pizza Hut,,,34.0153546,71.5520491,Peshawar,Khyber Pakhtunkhwa,Pakistan,Pizza Hut,,
bfd63e1f-6eb7-5026-8d67-5e4062e4864b,1226368131,node,amenity,police,Central Police Office,,,,,34.0094966,71.5561238,Peshawar,Khyber Pakhtunkhwa,Pakistan,,,
e8f28a4e-f3b7-5dc3-b290-b394314dfe65,1226368134,node,tourism,museum,Peshawar Museum,,,,,34.007712,71.5582754,Peshawar,Khyber Pakhtunkhwa,Pakistan,,,
52ecf117-7958-58ab-94d7-5d6225dc36d0,3972340245,node,amenity,townhall,Governer House Peshawar,,,,,34.0082573,71.5549455,Peshawar,Khyber Pakhtunkhwa,Pakistan,,,
c5a4210c-33f5-559c-abc2-919605b23d65,4142382789,node,shop,car_repair,,,,,,34.0034466,71.5539145,Peshawar,Khyber Pakhtunkhwa,Pakistan,,,
3676dd97-ffe9-5dd4-8186-5a0ec5a14834,4556477289,node,office,government,Public service Commission,,,,,34.0075899,71.5531897,Peshawar,Khyber Pakhtunkhwa,Pakistan,,,
4aecb41f-17cb-547b-9b18-87949bf1fd66,4556553889,node,amenity,police,Police Check Point,,,,,34.0078143,71.5535654,Peshawar,Khyber Pakhtunkhwa,Pakistan,,,
1e2e8305-35d3-5177-9138-44f86ff4e680,4556553890,node,office,government,Governor House,,,,,34.0094135,71.5570234,Peshawar,Khyber Pakhtunkhwa,Pakistan,,,
ad332c5e-ffb6-5965-b415-d4946170ee29,4572654289,node,amenity,police,Army Check Point,,,,,34.0076946,71.5530169,Peshawar,Khyber Pakhtunkhwa,Pakistan,,,
6e661120-bf98-5117-b260-5a3b316eeb98,4581586894,node,amenity,place_of_worship,,,,,,34.0040386,71.5565677,Peshawar,Khyber Pakhtunkhwa,Pakistan,,,
4bc72b8a-a4c0-599d-8907-c9a9ea198121,4581606593,node,amenity,bank,united bank limited,,united bank limited,,,34.0039554,71.557212,Peshawar,Khyber Pakhtunkhwa,Pakistan,,,
daa9a7b8-8d7e-50b3-80cb-5f866b7b86da,307639472,node,tourism,attraction,Shuuba Chowk / شوبہ چوک,,,,,34.0087538,71.5636382,Peshawar,Khyber Pakhtunkhwa,Pakistan,,,
8bf67056-27bd-503c-8dad-b982576df6e5,742145824,node,tourism,hotel,Rose Hotel,,,,,34.0085611,71.563989,Peshawar,Khyber Pakhtunkhwa,Pakistan,,,
54cbf727-31e9-5a2c-b1da-2b179218c020,2738948412,node,office,government,Civil Secreteriat,,,,,34.0091268,71.5590999,Peshawar,Khyber Pakhtunkhwa,Pakistan,,,
042a1caa-3083-5401-aa00-ddd10de722ad,3276662980,node,landuse,residential,Nandar Sher / Andar Sehar,,,,,34.0054561,71.5618973,Peshawar,Khyber Pakhtunkhwa,Pakistan,,,
67db032f-7356-5426-8154-cef1430f99ca,3276669603,node,shop,car_repair,Shuuba Car  repair Workshops,,,,,34.0081646,71.5612522,Peshawar,Khyber Pakhtunkhwa,Pakistan,,,
afec1771-0a96-5222-8698-d6e557d28d1f,4476250689,node,healthcare,clinic,Agha Khan laboratory Collection Point,آغا خان لیبارٹری کلیکشن پوائنٹ,,,,34.003656,71.560438,Peshawar,Khyber Pakhtunkhwa,Pakistan,,,
b32d99e9-d6ac-5c61-970d-db475acbbd17,4581607089,node,amenity,bank,,,,,,34.0083921,71.5625848,Peshawar,Khyber Pakhtunkhwa,Pakistan,,,
c966d955-a9f4-551b-b7c7-f985eabbae78,4989815221,node,amenity,restaurant,,,,,,34.0085127,71.5636964,Peshawar,Khyber Pakhtunkhwa,Pakistan,,,
18e9e838-f6bd-5c29-9dd7-c20f3cf5a755,5756198423,node,tourism,hotel,Mazeban Hotel,,,,,34.0071082,71.5646213,Peshawar,Khyber Pakhtunkhwa,Pakistan,,,
c7c4cce5-1576-5c4e-b9b9-887daa4af207,8424760923,node,amenity,police,Shah Qabool Police,,,,,34.0033916,71.5605747,Peshawar,Khyber Pakhtunkhwa,Pakistan,,,
dd301295-2906-5b29-9fde-229a019d6639,8424760929,node,amenity,place_of_worship,Dar Qurra,,,,,34.0050431,71.5626221,Peshawar,Khyber Pakhtunkhwa,Pakistan,,,
181faafa-1452-56cf-b91e-cc8cee48e288,8433296111,node,place,neighbourhood,Lakkar Mandi,,,,,34.0039642,71.5630796,Peshawar,Khyber Pakhtunkhwa,Pakistan,,,
4cbc0619-509a-5eca-afeb-7fb4b4a24c52,8433296112,node,place,neighbourhood,Mohallah Shah Qabool,,,,,34.0042894,71.5644619,Peshawar,Khyber Pakhtunkhwa,Pakistan,,,
c3dd9210-767a-50c6-8920-b3725ec5325c,4481034701,node,amenity,police,Army Check Point,,,,,34.0146066,71.5528207,Peshawar,Khyber Pakhtunkhwa,Pakistan,,,
b2282aba-a3cf-51f1-ae97-8a71a8b71264,2345410964,node,amenity,townhall,Police Lines Peshawar,,,,,34.0122854,71.5607005,Peshawar,Khyber Pakhtunkhwa,Pakistan,,,
e021eb18-b4d3-503a-b515-8471678eec6d,2345410965,node,amenity,townhall,Judicial Complex,,,,,34.0141525,71.5625655,Peshawar,Khyber Pakhtunkhwa,Pakistan,,,
0ea41823-19ae-5d46-8a93-369897e6f4b1,2345410966,node,amenity,townhall,Supreme Court Peshawar,,,,,34.0140809,71.5637256,Peshawar,Khyber Pakhtunkhwa,Pakistan,,,
d55fce5c-7f3a-5d1c-806e-16619bac4a59,2429988483,node,amenity,parking,,,,,,34.0150765,71.563705,Peshawar,Khyber Pakhtunkhwa,Pakistan,,,
724bff1b-e28e-55d3-b322-903b34d684ca,2738948804,node,office,government,Attached Department Complex,,,,,34.0141298,71.5588286,Peshawar,Khyber Pakhtunkhwa,Pakistan,,,
12729fa6-bf18-5eac-b73d-0aee4fcf4f5f,4481034198,node,amenity,police,Central Jail Peshawar,,,,,34.0104544,71.5611119,Peshawar,Khyber Pakhtunkhwa,Pakistan,,,
c139222a-cf28-5d06-bbd8-941ee90c190c,4514104990,node,office,government,Magistrate and Session Court,,,,,34.0141307,71.5625988,Peshawar,Khyber Pakhtunkhwa,Pakistan,,,
06bdb2a0-5b71-57fa-b0ae-7e5848a8a509,5179991923,node,office,government,Transport & Mass Transit Department,,,,,34.0105256,71.5589267,Peshawar,Khyber Pakhtunkhwa,Pakistan,,,
570fcc6f-2702-5ccd-873e-05b85555666b,5641391822,node,office,government,Health secretariat Peshawar0919211,,,,,34.0139773,71.5593519,Peshawar,Khyber Pakhtunkhwa,Pakistan,,,
00237051-12e6-5d5d-9d71-04e3a95da73f,5977417285,node,office,government,Home department KPK,,,,,34.0100174,71.5591178,Peshawar,Khyber Pakhtunkhwa,Pakistan,,,
1bf3a59c-9255-57eb-9ee1-81660c2447c4,5302603123,node,shop,bakery,Cake o'clock,,,,,34.0224186,71.5374639,Peshawar,Khyber Pakhtunkhwa,Pakistan,,,
d0951f28-d4e2-56ef-84e2-4427b4eaf609,9535295164,node,leisure,fitness_centre,Oxygen Fitness Club,,,,,34.0229534,71.537364,Peshawar,Khyber Pakhtunkhwa,Pakistan,,,
223a84f2-d6b8-5a7d-a3f8-4fdc4ed7c9dd,5640983021,node,office,government,Fata Secretariat Peshawar,,,,,34.0239093,71.5339902,Peshawar,Khyber Pakhtunkhwa,Pakistan,,,
f834e34e-2e6d-592d-8bc8-bf9f6c54bd45,8909364261,node,place,suburb,شیر علی ٹاؤن,,Sher Ali Town,,,34.0244427,71.5356597,Peshawar,Khyber Pakhtunkhwa,Pakistan,,,
dc26071a-fc2b-54bd-a489-82fce09be7df,5302603124,node,education,college,Jinnah Medical College,جناح میڈیکل کالج,,,,34.0378783,71.5296291,Peshawar,Khyber Pakhtunkhwa,Pakistan,,,
200d5761-2d60-5088-8412-212c374bdaf7,8857985256,node,place,village,ارباب سبز علی خان ٹاؤن,,Arbab Sabz Ali Khan Town,,,34.040333,71.5260334,Peshawar,Khyber Pakhtunkhwa,Pakistan,,,
2168df85-769f-500d-93a7-1219b74a11b8,6206468188,node,amenity,restaurant,Habibi Restaurant,,,,,34.0179657,71.5449112,Peshawar,Khyber Pakhtunkhwa,Pakistan,,,
3282a26a-a2ac-5a15-946b-26d2a1d5ff64,9703607612,node,shop,mall,Park View Mall and Apartments Peshawar,,,,,34.0223083,71.5398178,Peshawar,Khyber Pakhtunkhwa,Pakistan,,,
1912bebe-1103-54d3-b618-d1a897f531f7,2429988462,node,leisure,stadium,Army Stadium,,,,,34.0166898,71.5506902,Peshawar,Khyber Pakhtunkhwa,Pakistan,,,
17ecc524-c954-5793-a4d5-208d856cbec2,2429988465,node,amenity,restaurant,McDonalds,,,,,34.0175343,71.5479581,Peshawar,Khyber Pakhtunkhwa,Pakistan,,,
6233ec86-ce0e-5401-aeab-15ef187a04d0,5422392621,node,tourism,motel,Grandeur Lounge,,,,,34.0235128,71.5424059,Peshawar,Khyber Pakhtunkhwa,Pakistan,,,
ff68a8ba-5476-55f3-bf82-7503d790fddc,1224141080,node,amenity,place_of_worship,Abu Bakar,,,,,34.0230342,71.5480637,Peshawar,Khyber Pakhtunkhwa,Pakistan,,,
0d03116e-3cf4-5fd9-832e-f8154aba8100,7825179047,node,place,suburb,بشیر آباد,بشیر آباد,Basheerabad,,,34.0270333,71.5512451,Peshawar,Khyber Pakhtunkhwa,Pakistan,,,
346a5db1-eeaf-576f-8c76-b0380dd385fb,2429988468,node,office,government,Directorate General of Excise & Taxation,,,,,34.0166964,71.5538833,Peshawar,Khyber Pakhtunkhwa,Pakistan,,,
65ea56d8-d3bb-55be-9c16-e74c317aeec2,2429988485,node,amenity,parking,,,,,,34.0170031,71.553634,Peshawar,Khyber Pakhtunkhwa,Pakistan,,,
1c68e158-8738-537c-9298-2607fef93390,6174729789,node,tourism,guest_house,Golf Club (Home),,,,,34.0197471,71.5564629,Peshawar,Khyber Pakhtunkhwa,Pakistan,,,
3c8c7138-106f-53ae-bfbf-4fe10377ef85,1350054380,node,amenity,restaurant,Fork restaurant,,,,,34.0204974,71.5594087,Peshawar,Khyber Pakhtunkhwa,Pakistan,,,
765db835-96b4-540d-8d5f-9d650c0d65e3,7271406385,node,amenity,fuel,CNG Pump,,,,,34.0226125,71.5643769,Peshawar,Khyber Pakhtunkhwa,Pakistan,,,
699f0ff7-af0b-5fbb-a3f6-41a560841f6c,2345384102,node,healthcare,hospital,Wapda Hospital,واپڈا ہسپتال,,,,34.0234601,71.5577474,Peshawar,Khyber Pakhtunkhwa,Pakistan,,,
b3f1ffe4-834d-58f5-bcd1-ffac66003b58,2345410961,node,tourism,guest_house,Wapda Guest House,,,,,34.025034,71.5580231,Peshawar,Khyber Pakhtunkhwa,Pakistan,,,
839d8118-e65d-56c2-880a-60b367e68871,2432768428,node,office,government,"Wapda House, Peshawar",,,,,34.0241747,71.5583907,Peshawar,Khyber Pakhtunkhwa,Pakistan,,,
29b622c0-5743-523c-b520-50c9c29aba32,4586526189,node,healthcare,clinic,Dr Tahira nasreen gynaecologist,,,,,34.0233043,71.5553035,Peshawar,Khyber Pakhtunkhwa,Pakistan,,,
cfe8ec1f-cdc5-5cd0-97df-b74b26181f01,7825179046,node,place,suburb,حسین آباد,حسین آباد,Hussainabad,,,34.0273629,71.557339,Peshawar,Khyber Pakhtunkhwa,Pakistan,,,
895d0878-6d93-5d69-87e0-0d635ce614c3,7825179038,node,amenity,place_of_worship,Tableeghi Markaz,,,,,34.023036,71.5616021,Peshawar,Khyber Pakhtunkhwa,Pakistan,,,
812b13cf-1665-5004-b71c-c9a919acb5d8,7825179039,node,place,neighbourhood,ملک آباد,ملک آباد,Malakabad,,,34.0253464,71.5637504,Peshawar,Khyber Pakhtunkhwa,Pakistan,,,
d5ed86b1-dc33-5ec1-9bdd-a219d01ce86a,7825179044,node,place,suburb,خواجہ ٹاؤن,خواجہ ٹاؤن,Khwaja Town,,,34.029235,71.5628604,Peshawar,Khyber Pakhtunkhwa,Pakistan,,,
b9703805-e321-556b-834a-036721cd70b6,8436248357,node,place,suburb,یوسف آباد,یوسف آباد,Yusafabad,,,34.0013283,71.5736671,Peshawar,Khyber Pakhtunkhwa,Pakistan,,,
01d01d19-790e-5b7b-a595-7ecd812cbe25,3276662979,node,amenity,restaurant,Namak Mandi Restaurants,,,,,34.0056467,71.5659871,Peshawar,Khyber Pakhtunkhwa,Pakistan,,,
f53da219-6ddf-5fb2-8eb5-ec45e128d8f1,4151703089,node,amenity,restaurant,,,,,,34.005162,71.5662543,Peshawar,Khyber Pakhtunkhwa,Pakistan,,,
5aaa0705-1ed0-58e3-9a1c-62c052ca29db,5755599521,node,amenity,place_of_worship,تمام سینٹس چرچ,تمام سینٹس چرچ,All Saints Church,,,34.0053072,71.5712297,Peshawar,Khyber Pakhtunkhwa,Pakistan,,,
b461abcd-ab4e-5968-a7f5-2b22504e0838,5756150023,node,tourism,hotel,Emaraat Hotel,,,,,34.0042828,71.5665804,Peshawar,Khyber Pakhtunkhwa,Pakistan,,,
734071c0-dcf6-5274-944e-08e39b2e5779,6065587285,node,tourism,hotel,Al-Ibadat Hotel,,,,,34.00447,71.5668089,Peshawar,Khyber Pakhtunkhwa,Pakistan,,Fais,
cc37acc5-f23b-5ee8-9ff0-7f98b84b3204,6190923385,node,amenity,restaurant,Namak Mandi,,,,,34.0051218,71.5656644,Peshawar,Khyber Pakhtunkhwa,Pakistan,,,
a1623c8c-b3a4-54e9-8a64-a3efac69c96b,6581436185,node,shop,books,University Book Store,,,,,34.0085962,71.5678554,Peshawar,Khyber Pakhtunkhwa,Pakistan,,,
f1a92b5d-716c-501b-871f-5935ec961b1f,7818735568,node,amenity,place_of_worship,Madni,,,,,34.0053049,71.5664816,Peshawar,Khyber Pakhtunkhwa,Pakistan,,,
681d2250-939f-53d7-8e8e-72ad1b6617d7,7848785883,node,amenity,place_of_worship,Sethi Mir Ahmad,,,,,34.0047351,71.5672635,Peshawar,Khyber Pakhtunkhwa,Pakistan,,,
4408a036-98e2-539d-a57a-5f708e2ea2c9,7849502610,node,amenity,place_of_worship,Shrine of Shah Bilor,,,,,34.0068159,71.5694043,Peshawar,Khyber Pakhtunkhwa,Pakistan,,,
2a67bd1e-71fe-544f-a0e0-713a4f964d8f,8414257578,node,amenity,place_of_worship,Kashmiri,,,,,34.0038063,71.56663,Peshawar,Khyber Pakhtunkhwa,Pakistan,,,
4e4635ba-f4f7-5dbe-9453-780ee26371ba,8414523984,node,place,neighbourhood,Jahangirpura,,,,,34.0072001,71.5692724,Peshawar,Khyber Pakhtunkhwa,Pakistan,,,
48d8c439-87cc-5f17-9a0f-8f3a1c8212c4,8424760931,node,amenity,place_of_worship,Imambargah Adil Baig,,,,,34.0059905,71.5702492,Peshawar,Khyber Pakhtunkhwa,Pakistan,,,
c14f9574-bb83-5e02-a12e-56d5620d55ac,8424760932,node,amenity,place_of_worship,Abu Balr,,,,,34.0045633,71.5702208,Peshawar,Khyber Pakhtunkhwa,Pakistan,,,
4f6dbf97-cecb-5cb2-a703-5af96f32275e,8424760938,node,amenity,place_of_worship,Imambargah,,,,,34.0069331,71.5717159,Peshawar,Khyber Pakhtunkhwa,Pakistan,,,
260629a9-913a-5ccb-89bd-79764a525f90,8436248344,node,place,neighbourhood,Dhaki Hameed Khan,,,,,34.0091061,71.5700194,Peshawar,Khyber Pakhtunkhwa,Pakistan,,,
0aa91159-9264-58ac-829c-6fb0cff92d52,8436248345,node,place,neighbourhood,Dhaki Nalbandi,,,,,34.0084402,71.5716445,Peshawar,Khyber Pakhtunkhwa,Pakistan,,,
9a556fc2-b1bd-5683-ae77-4e43b491174a,8436248346,node,place,neighbourhood,Kucha Rasaldar,,,,,34.0063749,71.570459,Peshawar,Khyber Pakhtunkhwa,Pakistan,,,
70a831f8-8570-5226-9f48-a38d2876d289,8436248347,node,place,neighbourhood,Mohallah Risi Wata,,,,,34.0057206,71.5715704,Peshawar,Khyber Pakhtunkhwa,Pakistan,,,
21a1c6db-44a0-56a2-995e-100928049123,9195994217,node,amenity,restaurant,Fazal Raheem Kabab House,,,,,34.0050181,71.569497,Peshawar,Khyber Pakhtunkhwa,Pakistan,,,
24852adb-0482-5e8a-9141-974e915da6fe,12357225709,node,shop,bakery,Dita Sweet House,,,,,34.0042267,71.5667648,Peshawar,Khyber Pakhtunkhwa,Pakistan,,,
61030beb-9231-580d-88c2-8000481bc5e7,12357291087,node,shop,bakery,Suleman Bakers & Cake Center,,,,,34.0042229,71.5669174,Peshawar,Khyber Pakhtunkhwa,Pakistan,,,
14f2944a-2131-5a62-830d-3192bf6edfea,7819030493,node,amenity,place_of_worship,Chowk Yadgar Jumaat,,,,,34.0085445,71.5740705,Peshawar,Khyber Pakhtunkhwa,Pakistan,,,
0321c253-bc88-5093-a1ea-6a181a44b856,8416757937,node,amenity,place_of_worship,Waliabad Imambargah,,,,,34.0041107,71.5742994,Peshawar,Khyber Pakhtunkhwa,Pakistan,,,
9738f8b0-46b1-5d24-9bff-acd86183ec89,8436248343,node,place,neighbourhood,Mohallah Muqrab Khan,,,,,34.0060749,71.57461,Peshawar,Khyber Pakhtunkhwa,Pakistan,,,
f15a1898-84a1-5315-a98b-64597a1afa43,1226368129,node,amenity,townhall,Khyber Pakhtunkhwa Provincial Assembly,,,,,34.0141103,71.56656,Peshawar,Khyber Pakhtunkhwa,Pakistan,,,
9a0dbf71-8387-5f36-985a-322f1837a370,4481034199,node,shop,jewelry,Jewellery Shop,,,,,34.0103981,71.5716923,Peshawar,Khyber Pakhtunkhwa,Pakistan,,,
557e4d55-49c9-5f92-9efc-bba8186f0cdf,4481034295,node,shop,jewelry,Jewellery Shop,,,,,34.0104375,71.5715706,Peshawar,Khyber Pakhtunkhwa,Pakistan,,,
03ae0011-1294-5a71-b9af-5f52d48f6f28,4481034700,node,amenity,police,Army Check Point,,,,,34.0144907,71.5657881,Peshawar,Khyber Pakhtunkhwa,Pakistan,,,
a4573852-a7b3-5cf8-a751-ade8bd3f0689,6191923087,node,office,company,Ufone Main-Office,,,,,34.0103264,71.5660135,Peshawar,Khyber Pakhtunkhwa,Pakistan,,,
ee73e2ac-6751-5fb6-a841-5c453ae72613,8420424854,node,public_transport,platform,firdous(qisa khwani road),,,,"modes: cars, hiace, suzuki type of operation: route based/ mix no of vehicles stopped:40",34.0118196,71.5715032,Peshawar,Khyber Pakhtunkhwa,Pakistan,,,
09c68f21-3764-56fc-95ba-60f4ed179abe,9550042167,node,public_transport,platform,firdous(qisa khwani road),,,,"modes: cars, suzuki, rickshaw type of operation: route based no of vehicles stopped: 55",34.0120254,71.5715043,Peshawar,Khyber Pakhtunkhwa,Pakistan,,,
bb35ef00-92f2-528c-95ff-1552e7694319,742146088,node,tourism,hotel,Hidayat Hotel,,,,,34.0160404,71.5734886,Peshawar,Khyber Pakhtunkhwa,Pakistan,,,
e5681950-8d1b-5efa-9b59-9044038474e7,2502792589,node,amenity,fuel,CNG station,,,,,34.0150594,71.574942,Peshawar,Khyber Pakhtunkhwa,Pakistan,,,
3ba2aa0f-5504-5058-b8eb-6f6f71f393bf,3276996788,node,amenity,bank,نیشنل بینک آف پاکستان,نیشنل بینک آف پاکستان,National Bank of Pakistan,,,34.0104314,71.57447,Peshawar,Khyber Pakhtunkhwa,Pakistan,نیشنل بینک آف پاکستان,,
ff8e01cb-ed34-5d5e-9f66-7c95e95073f2,3279797711,node,shop,jewelry,ندر شہر بازار,ندر شہر بازار,Andar Sheher Bazar,,,34.0103998,71.5727791,Peshawar,Khyber Pakhtunkhwa,Pakistan,,,
bead57a4-573a-5eba-b14a-8b88ce766341,4481034393,node,amenity,bureau_de_change,Saraf,,,,,34.0102696,71.5739896,Peshawar,Khyber Pakhtunkhwa,Pakistan,,,
174348cd-597f-5c1d-91d9-6fb6ded21d2d,5369612521,node,healthcare,clinic,Agha Khan Laboratory Collection Point,,,,,34.0109492,71.5725392,Peshawar,Khyber Pakhtunkhwa,Pakistan,,,
13b996d1-3f65-5aaa-a54d-83762491e717,6174510485,node,amenity,atm,,,,,,34.0120903,71.5736934,Peshawar,Khyber Pakhtunkhwa,Pakistan,,HBL ATM,
00c19e5a-a931-5f70-80de-6c2f0f729161,8417814065,node,place,neighbourhood,Firdous,,,,,34.0160406,71.5741309,Peshawar,Khyber Pakhtunkhwa,Pakistan,,,
b24ff40a-fa99-51bb-b5c5-44b873f76489,8424752993,node,historic,memorial,Peshawar Massacre Memorial,,,,,34.009949,71.5741729,Peshawar,Khyber Pakhtunkhwa,Pakistan,,,
8291e084-46d2-50b4-b5b6-a433fcf53ea6,11728846353,node,shop,jewelry,Haji Saad Ullah Sami Ullah Jewellers,,,,,34.0103242,71.5734604,Peshawar,Khyber Pakhtunkhwa,Pakistan,,,
db37fd39-5ffc-5525-86db-2284fede6176,1224175049,node,place,suburb,سعید آباد,سعید آباد,Saeed Abad,,,34.0214158,71.569736,Peshawar,Khyber Pakhtunkhwa,Pakistan,,,
cda1a8e8-dddc-5f2e-a43b-69e61370ff0b,1224175063,node,amenity,townhall,Mayor's Office,,,,,34.0174853,71.5716457,Peshawar,Khyber Pakhtunkhwa,Pakistan,,,
fc8a812a-ecb0-5833-a6ef-8a192c05dcbd,4481034699,node,amenity,police,Traffic Police Head Quarter,,,,,34.0168891,71.5710666,Peshawar,Khyber Pakhtunkhwa,Pakistan,,,
dc61c925-45c3-5331-8122-24b01587bcca,7825179037,node,place,suburb,سعید آباد,سعید آباد,Saeed Abad,,,34.0226477,71.567771,Peshawar,Khyber Pakhtunkhwa,Pakistan,,,
cb347e9f-9212-5ad8-9496-95fddca5ea80,9583407982,node,office,government,Government Press,,,,,34.0192999,71.5674432,Peshawar,Khyber Pakhtunkhwa,Pakistan,,,
27ffa635-d466-5e2a-8e11-07f9fa416beb,1224175058,node,amenity,place_of_worship,شاہی باغ مسجد,شاہی باغ مسجد,Shahi Bagh Masdjid,,,34.0202953,71.5734482,Peshawar,Khyber Pakhtunkhwa,Pakistan,,,
758dfbb2-4ce7-5813-ae20-da40046a7fff,9554573988,node,public_transport,platform,chargano chowk adda,,,,"modes: hiaces
type of operation: route based
no of vehicles stopped: 48",34.020352,71.5720608,Peshawar,Khyber Pakhtunkhwa,Pakistan,,,
1955ab0d-8ea4-54e7-8627-a8a96f7fcf81,3861801666,node,amenity,restaurant,,,,,,34.0273968,71.5677833,Peshawar,Khyber Pakhtunkhwa,Pakistan,,,
43fba300-7e15-5a70-a6c9-1e91b9e85d14,7825179040,node,place,neighbourhood,ابراہیم ٹاؤن,ابراہیم ٹاؤن,Ibrahim Town,,,34.0261688,71.5659137,Peshawar,Khyber Pakhtunkhwa,Pakistan,,,
8ed37ef1-7642-5b7b-9ebc-59c3a3de910e,7825179045,node,place,neighbourhood,قدیر ٹاؤن,قدیر ٹاؤن,Qadeer Town,,,34.0285924,71.5716962,Peshawar,Khyber Pakhtunkhwa,Pakistan,,,
de83c705-4e63-5fc4-b722-84fdfb4393d5,5676742042,node,amenity,bank,ایم سی بی بینک,ایم سی بی بینک,MCB Bank,,,34.0254093,71.5741785,Peshawar,Khyber Pakhtunkhwa,Pakistan,ایم سی بی بینک,,
baa21039-2a89-56b9-bd67-9996e3f69c49,7825179041,node,place,neighbourhood,رشید آباد,رشید آباد,Rasheedabad,,,34.0251131,71.5721236,Peshawar,Khyber Pakhtunkhwa,Pakistan,,,
9014876b-5410-5b21-89c2-59cd42a7c823,7426815537,node,amenity,place_of_worship,Jamia Masjid Hanafia,,,,,34.0317284,71.5655718,Peshawar,Khyber Pakhtunkhwa,Pakistan,,,
fbf56d85-57ed-55b3-9dee-323f1c670f7a,7825179043,node,place,neighbourhood,Zintara,,,,,34.0323295,71.5702224,Peshawar,Khyber Pakhtunkhwa,Pakistan,,,
c6df6495-8d66-5aea-b41a-6c7cef610032,7825179042,node,place,suburb,کشور آباد,کشور آباد,Kishwarabad,,,34.0306088,71.5746093,Peshawar,Khyber Pakhtunkhwa,Pakistan,,,
e72370e5-1d2f-502d-b3b6-9701d177ee70,8909329011,node,place,village,تیرئ پایان,,Terai Payan,,,34.0470265,71.5364924,Peshawar,Khyber Pakhtunkhwa,Pakistan,,,
ee5455fe-e0ac-5f94-9c1a-1dd75ebe2557,225787281,way,education,school,FG Girls Public School,ایف جی گرلز پبلک اسکول,,,,34.0035837,71.5298784,Peshawar,Khyber Pakhtunkhwa,Pakistan,,,
c0949134-e815-5673-9e24-b0a9e69149fa,1234626714,way,landuse,commercial,public library,,,,,34.0016913,71.527023,Peshawar,Khyber Pakhtunkhwa,Pakistan,,,
3b348faa-37c0-567e-9cc6-35d515985765,1234626725,way,landuse,commercial,cannt super market,,,,,34.0018124,71.5295128,Peshawar,Khyber Pakhtunkhwa,Pakistan,,,
6806472e-c5d3-52df-80c3-944ef883e845,1234626726,way,landuse,commercial,store,,,,,34.0019403,71.5297175,Peshawar,Khyber Pakhtunkhwa,Pakistan,,,
1b3f4bdb-8139-5a14-8fce-2e4d2a232272,1234626727,way,landuse,commercial,super general store,,,,,34.0020732,71.5295449,Peshawar,Khyber Pakhtunkhwa,Pakistan,,,
0a5ac1da-497d-5cf6-85d3-9e7e514e86d1,1234626728,way,landuse,commercial,mess,,,,,34.0021549,71.5292184,Peshawar,Khyber Pakhtunkhwa,Pakistan,,,
442da995-a063-5b28-b688-9afc94093ec5,1234626729,way,landuse,commercial,general mess,,,,,34.0022673,71.5290889,Peshawar,Khyber Pakhtunkhwa,Pakistan,,,
35505eb2-85dc-5367-ad22-2e3340f3a0f9,1234626730,way,landuse,commercial,store,,,,,34.0015597,71.5289826,Peshawar,Khyber Pakhtunkhwa,Pakistan,,,
640bdb7a-ef7f-571f-84c9-8f9e3701c403,1234626731,way,landuse,commercial,store,,,,,34.0017449,71.5288147,Peshawar,Khyber Pakhtunkhwa,Pakistan,,,
ac46c381-4be8-5cb3-989f-795aea926094,1234626737,way,landuse,commercial,canteen store deparments,,,,,34.0013005,71.5300086,Peshawar,Khyber Pakhtunkhwa,Pakistan,,,
2f3b4503-4b29-5662-8f0b-eaa941392176,1233829667,way,leisure,park,Khyber Colony Park,,,,,34.0044897,71.5188201,Peshawar,Khyber Pakhtunkhwa,Pakistan,,,
71785577-4a92-5cef-ac5d-a323c57781c3,1233829881,way,amenity,place_of_worship,Muzammil Mosque,,,,,34.005641,71.5167645,Peshawar,Khyber Pakhtunkhwa,Pakistan,,,
9fbc37f8-8b09-5f42-8951-cd1b6578877d,1233829153,way,leisure,park,Shaheen Camp Foot Ball Ground,,,,,34.005155,71.5217222,Peshawar,Khyber Pakhtunkhwa,Pakistan,,,
ac892075-877f-579d-af4a-51c6ce5d810c,1233844009,way,amenity,restaurant,Cheezious - Tehkal,,,,,34.0076982,71.5223698,Peshawar,Khyber Pakhtunkhwa,Pakistan,,,
f9fcc9fe-80a3-522a-986c-5778fc93ddb3,1234626764,way,landuse,commercial,overhead tank,,,,,34.004789,71.5260306,Peshawar,Khyber Pakhtunkhwa,Pakistan,,,
ad635d1b-5bab-50a1-9d2a-63c17ab9c6e0,28018493,way,landuse,cemetery,Gora Qabristan,,,,,34.0076616,71.529589,Peshawar,Khyber Pakhtunkhwa,Pakistan,,,
8a55f8f4-28d0-5dfc-b90d-1ed9be6eb974,1234626712,way,landuse,commercial,car parking,,,,,34.0041505,71.5315518,Peshawar,Khyber Pakhtunkhwa,Pakistan,,,
c7d9f3bd-3bb2-5448-94af-0ce80915f9e0,1234626713,way,landuse,commercial,CMA Peshawar,,,,,34.0044072,71.5313879,Peshawar,Khyber Pakhtunkhwa,Pakistan,,,
37edcc6b-0bd9-5da0-9bf5-a08aa7738aa1,1234626738,way,landuse,commercial,shell,,,,,34.0062663,71.5314024,Peshawar,Khyber Pakhtunkhwa,Pakistan,,,
936c2ac2-b78e-5a0a-95f2-9ebb99e57cb0,1234626739,way,landuse,industrial,b1,,,,,34.0061939,71.5299205,Peshawar,Khyber Pakhtunkhwa,Pakistan,,,
4e136789-174b-5853-9ab4-46aba1022a2d,1234626740,way,landuse,industrial,b2,,,,,34.0063287,71.5295708,Peshawar,Khyber Pakhtunkhwa,Pakistan,,,
9dabf4f7-1201-51f2-a7de-aba0f9664005,1234626746,way,landuse,industrial,h2,,,,,34.0056024,71.5304164,Peshawar,Khyber Pakhtunkhwa,Pakistan,,,
2bcf5166-b064-554e-a07b-0e4955859b82,1234626747,way,landuse,commercial,c1,,,,,34.0055805,71.530014,Peshawar,Khyber Pakhtunkhwa,Pakistan,,,
354fcf60-c9a0-543b-bbcd-0b8fc4d844e9,1234626748,way,landuse,industrial,h3,,,,,34.0052377,71.5307465,Peshawar,Khyber Pakhtunkhwa,Pakistan,,,
5931f35e-0c6f-5dd8-8c15-2ecc5919c1fc,1234626749,way,landuse,commercial,c2,,,,,34.0055462,71.5307385,Peshawar,Khyber Pakhtunkhwa,Pakistan,,,
bf6965b9-e05b-5a1b-80e3-117a7280d4d4,1234626750,way,landuse,commercial,c3,,,,,34.0057439,71.5305813,Peshawar,Khyber Pakhtunkhwa,Pakistan,,,
2bcef8fb-90aa-5426-837c-da966e8f465f,1234626751,way,amenity,cafe,g,,,,,34.0060742,71.5304188,Peshawar,Khyber Pakhtunkhwa,Pakistan,,,
5b6ec315-6be0-5435-8497-4564e8078d42,1234626752,way,landuse,commercial,k,,,,,34.0061307,71.5305682,Peshawar,Khyber Pakhtunkhwa,Pakistan,,,
ce46046f-eae5-5e6c-ac77-092b4eb3ab20,1234626753,way,landuse,commercial,k2,,,,,34.0061242,71.5307464,Peshawar,Khyber Pakhtunkhwa,Pakistan,,,
ae2d64c0-e338-5469-9297-a8db1b42d40a,1234626754,way,landuse,commercial,d,,,,,34.0049574,71.5301568,Peshawar,Khyber Pakhtunkhwa,Pakistan,,,
01e11233-e258-5a2d-ba2d-9a0942c4e0f4,1234626755,way,landuse,industrial,j,,,,,34.0052572,71.5298291,Peshawar,Khyber Pakhtunkhwa,Pakistan,,,
af3d0193-d1da-56a2-ac20-c08dfb643040,1234626756,way,landuse,industrial,j2,,,,,34.0055658,71.5293599,Peshawar,Khyber Pakhtunkhwa,Pakistan,,,
e4d831c6-024c-5076-9353-dca27278ab0e,1234626757,way,landuse,commercial,hh,,,,,34.0055366,71.5286923,Peshawar,Khyber Pakhtunkhwa,Pakistan,,,
391ef9cf-a2b6-5f1a-a78c-7fa52fc4023b,1234626758,way,landuse,commercial,wedding hall,,,,,34.0058264,71.528736,Peshawar,Khyber Pakhtunkhwa,Pakistan,,,
6ddb1509-2baa-5b6a-86e3-f4763e66cc94,1234626759,way,landuse,commercial,c,,,,,34.0061327,71.5289545,Peshawar,Khyber Pakhtunkhwa,Pakistan,,,
804e00a8-caea-59c9-9be8-e7cae6c074c7,1234626760,way,landuse,commercial,c2,,,,,34.0062248,71.5283268,Peshawar,Khyber Pakhtunkhwa,Pakistan,,,
ad204dd4-7016-5124-a05b-47c511516b1e,1234626761,way,landuse,commercial,c4,,,,,34.006024,71.5277071,Peshawar,Khyber Pakhtunkhwa,Pakistan,,,
f4554424-d8ec-5dca-b60d-ecd8b79f275d,1234626762,way,landuse,industrial,j5,,,,,34.0057639,71.5281044,Peshawar,Khyber Pakhtunkhwa,Pakistan,,,
6170fec7-0d3b-59b1-a5e4-a5c95f497251,1234626763,way,amenity,cafe,ch,,,,,34.0058791,71.5273694,Peshawar,Khyber Pakhtunkhwa,Pakistan,,,
e2f8c72a-5c90-51d8-be98-b64b7826f6fd,342250614,way,leisure,park,Aman Chowk,,,,,34.00602,71.5341785,Peshawar,Khyber Pakhtunkhwa,Pakistan,,,
c340f8ab-295f-51bd-8e0d-53f2305de7e2,946128398,way,amenity,fuel,Autofill CNG pump,,,,,34.009745,71.5387326,Peshawar,Khyber Pakhtunkhwa,Pakistan,,,
3d2cbc65-4361-5260-83c5-ea6084240e67,235200503,way,education,school,Fauji Foundation School,فوجی فاؤنڈیشن سکول,,,,34.0123677,71.5331038,Peshawar,Khyber Pakhtunkhwa,Pakistan,,,
14213f95-22d7-5a3e-83af-72b1d443439d,1234626745,way,landuse,industrial,h,,,,,34.0061315,71.5322195,Peshawar,Khyber Pakhtunkhwa,Pakistan,,,
ca0ea54a-130a-5e1f-81c9-4735884f0d34,106370292,way,leisure,park,ڈیفنس کالونی پارک,ڈیفنس کالونی پارک,Defence Colony Park,,,34.0111415,71.5351648,Peshawar,Khyber Pakhtunkhwa,Pakistan,,,
5d49d041-c3e9-570f-95a8-89670a04482e,317679103,way,amenity,parking,,,,,,34.0138668,71.5367576,Peshawar,Khyber Pakhtunkhwa,Pakistan,,,
e32781c7-2f4a-5df8-9009-e0aa2f81d636,225787282,way,leisure,park,کمپنی باغ,کمپنی باغ,Company Bagh,,,34.0048092,71.541327,Peshawar,Khyber Pakhtunkhwa,Pakistan,,,
e5b8a255-5834-535e-abb6-b0e6e54c287a,838453554,way,healthcare,hospital,Combined Military Hospital,,,,,34.002992,71.5430424,Peshawar,Khyber Pakhtunkhwa,Pakistan,,,
6d8f651f-a407-54f1-b3c6-f0d374738f0a,1032488403,way,amenity,parking,,,,,,34.0012971,71.5452202,Peshawar,Khyber Pakhtunkhwa,Pakistan,,,
a7b0e258-bf9e-52d1-87da-413e21ba93f4,1033129443,way,amenity,parking,,,,,,34.0032409,71.5469332,Peshawar,Khyber Pakhtunkhwa,Pakistan,,,
7542ad94-d058-5d0f-8b1a-a194853a68d1,1455319478,way,public_transport,platform,,,,,,34.0022836,71.5502745,Peshawar,Khyber Pakhtunkhwa,Pakistan,,,
92a3c172-2298-5edb-82ee-3e425bdf3b0e,1455319479,way,public_transport,platform,,,,,,34.0021872,71.5504715,Peshawar,Khyber Pakhtunkhwa,Pakistan,,,
dde3877c-6e21-5fb2-9e73-7ca991ad6ce9,837754800,way,healthcare,hospital,Mission Hospital,مشین اسپتال,,,,34.0028586,71.5570929,Peshawar,Khyber Pakhtunkhwa,Pakistan,,,
d1375c92-d9be-5535-9b7f-cea00228fa57,906809054,way,landuse,cemetery,,,,,,34.0019173,71.5588918,Peshawar,Khyber Pakhtunkhwa,Pakistan,,,
21b959dc-4f7e-5cd5-a383-06872956ee83,906092056,way,amenity,place_of_worship,Abdul Sitar Shāh,,,,,34.0006092,71.5577008,Peshawar,Khyber Pakhtunkhwa,Pakistan,,,
b30c0c25-b462-5f0b-bfe6-f769a635146a,906092062,way,historic,monument,Tomb of Nawab Sayyed Khan,,,,,34.0024639,71.5573816,Peshawar,Khyber Pakhtunkhwa,Pakistan,,,
6133c378-4054-5405-a08b-bbbb7a91e863,906092063,way,leisure,park,Sayyed ka Bagh,,,,,34.0025472,71.5572322,Peshawar,Khyber Pakhtunkhwa,Pakistan,,,
9e68076d-c81e-534e-b49e-7b429942ccf1,320946915,way,leisure,garden,Dabgari Gardens ڈبگری باغ,,Dabgari Gardens,,,34.0012128,71.5616555,Peshawar,Khyber Pakhtunkhwa,Pakistan,,,
5d6a5dbe-4f77-5ce4-9451-fa8c29f7e5c5,838390251,way,amenity,place_of_worship,Gurudwara Bhai Joga Singh,,,,,34.0020392,71.5630477,Peshawar,Khyber Pakhtunkhwa,Pakistan,,,
dd961b4f-b1fe-528f-9368-fb081c59ffe9,235200501,way,landuse,residential,,,,,,34.0084803,71.543472,Peshawar,Khyber Pakhtunkhwa,Pakistan,,,
02ec98a6-897f-5bbc-a169-fb78d5570648,225784165,way,leisure,park,Sher Khan Stadium,,,,,34.0166509,71.5503757,Peshawar,Khyber Pakhtunkhwa,Pakistan,,,
aa09615d-85ee-543c-9c8a-f3d608e9f33e,235200500,way,landuse,residential,,,,,,34.0101801,71.5488873,Peshawar,Khyber Pakhtunkhwa,Pakistan,,,
ef7ecf6b-760d-56bd-b173-bc3de77e951d,1236000406,way,office,ngo,Cantt Office,"34.0144419,71.5407376",,,,34.0145137,71.5409837,Peshawar,Khyber Pakhtunkhwa,Pakistan,,,
f00a48d8-9fc8-505c-9023-a1223320baac,1238468439,way,amenity,restaurant,Shawarma Lab,,,,,34.0159988,71.5477237,Peshawar,Khyber Pakhtunkhwa,Pakistan,,,
43cf7e85-3ae6-5a6a-8938-d0fa3533e092,907260888,way,landuse,residential,Civil Officers Colony,,,,,34.0047932,71.5569213,Peshawar,Khyber Pakhtunkhwa,Pakistan,,,
9be974b3-f1a8-5043-8f80-d0da7852af44,907260891,way,amenity,parking,,,,,,34.0036545,71.5620751,Peshawar,Khyber Pakhtunkhwa,Pakistan,,Baba Car Parking,
af0393db-c423-5db8-84e1-1a3dd464a8ea,1033129547,way,amenity,parking,,,,,,34.0081057,71.5617057,Peshawar,Khyber Pakhtunkhwa,Pakistan,,,
a65e1d89-d60e-5031-b8d5-ceaf331e4345,323407809,way,landuse,commercial,Governor House,,,,,34.008706,71.5563391,Peshawar,Khyber Pakhtunkhwa,Pakistan,,,
e33fd84b-926c-5044-911c-75f66b4324cf,837754798,way,landuse,residential,State Bank Staff Colony,,,,,34.0063177,71.560088,Peshawar,Khyber Pakhtunkhwa,Pakistan,,,
19754c8a-3b9f-5a8b-81ab-9755ab704f22,907265174,way,landuse,commercial,Peshawar High Court,,,,,34.0138011,71.5656029,Peshawar,Khyber Pakhtunkhwa,Pakistan,,,
21fa294c-d966-55fb-a877-842784a0bc82,1233841574,way,office,lawyer,Provincial Assembly Khyber Pakhtunkhwa,,,,,34.0138864,71.5655413,Peshawar,Khyber Pakhtunkhwa,Pakistan,,,
a2813170-29f9-52f9-8f94-057678ec1ec2,1238333944,way,amenity,parking,,,,,,34.0127401,71.5588158,Peshawar,Khyber Pakhtunkhwa,Pakistan,,Hospital Parking lot,
eea2c7d3-fced-5c57-b1cf-42b5cfc95486,235202223,way,leisure,pitch,,,,,,34.0136965,71.5556569,Peshawar,Khyber Pakhtunkhwa,Pakistan,,,
97d153d2-32ab-5b63-b929-c978cd57c361,273264141,way,amenity,place_of_worship,Secretariat Masjid,,,,,34.01402,71.5578934,Peshawar,Khyber Pakhtunkhwa,Pakistan,,,
d4674dd6-5e43-5e47-bfd3-47631b75535a,274222859,way,office,government,,,,,,34.0134827,71.5570807,Peshawar,Khyber Pakhtunkhwa,Pakistan,,,
fe7e715b-6ee7-536d-b102-36367098c5df,274224165,way,amenity,bank,National Bank,,,,,34.0117032,71.5577184,Peshawar,Khyber Pakhtunkhwa,Pakistan,,,
39e87b59-0b2c-5e94-ac50-ad22c03ea09f,1236314588,way,amenity,place_of_worship,Complex Mosque,,,,,34.0139954,71.557653,Peshawar,Khyber Pakhtunkhwa,Pakistan,,,
15028604-c8ac-5939-b419-aed8d766511e,1236315926,way,office,government,,,,,,34.0139554,71.5571751,Peshawar,Khyber Pakhtunkhwa,Pakistan,,,
8dff2df5-6cd5-5505-8733-41eacaa00394,1236316054,way,office,government,,,,,,34.0138084,71.556887,Peshawar,Khyber Pakhtunkhwa,Pakistan,,,
119fe7c5-ed51-5921-9774-87cbdf4e7942,1236316139,way,office,government,,,,,,34.0136094,71.5573403,Peshawar,Khyber Pakhtunkhwa,Pakistan,,,
4df13827-3604-584c-ab08-fc4009076da7,1236316726,way,tourism,hotel,Cant Hotel,,,,,34.0140751,71.5567895,Peshawar,Khyber Pakhtunkhwa,Pakistan,,,
aea7d97e-b88c-548b-b31b-da0850c94276,1236317647,way,leisure,pitch,,,,,,34.0136965,71.5556569,Peshawar,Khyber Pakhtunkhwa,Pakistan,,,
dbdfb09e-bdec-5b81-9fae-cecec2a36e05,1238328995,way,landuse,residential,House 1,,,,,34.0132054,71.5564892,Peshawar,Khyber Pakhtunkhwa,Pakistan,,,
3f4778ba-445e-532e-937a-b6ce28b1fad1,1238329267,way,landuse,residential,House 2,,,,,34.0134253,71.5562862,Peshawar,Khyber Pakhtunkhwa,Pakistan,,,
d15dd9f1-36a0-5663-b850-3990bb15492b,1238329510,way,landuse,residential,House 3,,,,,34.0136167,71.5561411,Peshawar,Khyber Pakhtunkhwa,Pakistan,,,
81193e23-ae13-53f8-8b79-73c93b566f25,1238329841,way,landuse,residential,House 5,,,,,34.014005,71.5558719,Peshawar,Khyber Pakhtunkhwa,Pakistan,,,
1eec7d4b-1eba-5893-9d38-d1263d5edddf,1238329878,way,landuse,residential,House 4,,,,,34.0138183,71.5560265,Peshawar,Khyber Pakhtunkhwa,Pakistan,,,
3d913b82-9e30-5313-a470-fcb7292e7b7c,1238330318,way,leisure,playground,Indoor Sports Area,,,,,34.0140027,71.5553653,Peshawar,Khyber Pakhtunkhwa,Pakistan,,,
2f35f3bc-d4ea-5618-af3e-18ae92cf7f62,1238330662,way,office,lawyer,Session Court,,,,,34.0143603,71.5575434,Peshawar,Khyber Pakhtunkhwa,Pakistan,,,
58cf045f-864d-51db-9599-621ae24875a8,1238330887,way,office,lawyer,Adalat,,,,,34.0143683,71.5580904,Peshawar,Khyber Pakhtunkhwa,Pakistan,,,
965ce581-12f8-5d1a-8255-88f6dc91f0c5,75502511,way,tourism,hotel,Serena Hotel Peshawar,,,,,34.0159982,71.5640561,Peshawar,Khyber Pakhtunkhwa,Pakistan,,,
849dd7d9-4213-5bb9-9cfc-f1a337bd765c,235200502,way,leisure,playground,,,,,,34.0122233,71.560772,Peshawar,Khyber Pakhtunkhwa,Pakistan,,,
e8df6674-5010-5321-b7d8-b23c79e28654,235200504,way,amenity,parking,Nishtar Hall / نشتر ہال,,,,,34.0128141,71.5636291,Peshawar,Khyber Pakhtunkhwa,Pakistan,,Complex Parking,
a9aa6c2a-11fe-53b6-9464-4bdb696f126b,287855589,way,office,lawyer,Session Court,,,,,34.0141926,71.5625981,Peshawar,Khyber Pakhtunkhwa,Pakistan,,,
92ab0883-c47f-5cdf-b55d-ffb7630e3182,1233842904,way,office,lawyer,New Judicial Complex,,,,,34.0134748,71.56349,Peshawar,Khyber Pakhtunkhwa,Pakistan,,,
3b5ed240-e26b-58f4-94f6-2953ac240cb2,1236283455,way,office,lawyer,Supreme court,,,,,34.0141705,71.5636759,Peshawar,Khyber Pakhtunkhwa,Pakistan,,,
50e781af-196a-584b-b72d-100d8d9fded6,1236313639,way,landuse,residential,Court Hostel,,,,,34.0141008,71.5611663,Peshawar,Khyber Pakhtunkhwa,Pakistan,,,
ecd504e3-f8f6-5aa6-8872-01c16d8d6454,1236320573,way,office,government,secretariat Office,,,,,34.0137391,71.5624059,Peshawar,Khyber Pakhtunkhwa,Pakistan,,,
b7526390-a09e-54e5-8e43-e5da40b813c0,1236320747,way,leisure,playground,Police lines Playgroung,,,,,34.0122233,71.560772,Peshawar,Khyber Pakhtunkhwa,Pakistan,,,
01194690-ff42-5418-a913-c099106b958d,1238326585,way,office,government,Judges Lounges,,,,,34.0127002,71.5617505,Peshawar,Khyber Pakhtunkhwa,Pakistan,,,
ce856e78-1ecd-5764-8697-72fdaa92dd68,1238327586,way,landuse,residential,Judges hostels,,,,,34.0132751,71.5622337,Peshawar,Khyber Pakhtunkhwa,Pakistan,,,
db218f81-1666-5b96-839a-fc6e16fc1f61,1238328075,way,amenity,parking,,,,,,34.0133156,71.561071,Peshawar,Khyber Pakhtunkhwa,Pakistan,,High court Parking,
b77604ed-3e3c-51bb-b584-1521c94413fb,1238328475,way,landuse,residential,Appartments,,,,,34.0128905,71.5597951,Peshawar,Khyber Pakhtunkhwa,Pakistan,,,
293c8f4b-00d2-5884-9183-5f293e40508e,1238328770,way,landuse,residential,Police Lanes Hostels,,,,,34.0116091,71.5620441,Peshawar,Khyber Pakhtunkhwa,Pakistan,,,
ab4f97aa-8114-5bb3-af76-07ddd2ac5402,1238331832,way,landuse,residential,Residence,,,,,34.013691,71.5604321,Peshawar,Khyber Pakhtunkhwa,Pakistan,,,
bd3c9e4e-2c47-59fb-861c-57ce90aac510,1238332058,way,office,government,Govt Office,,,,,34.0132165,71.5603127,Peshawar,Khyber Pakhtunkhwa,Pakistan,,,
99a94e0e-44f5-5b58-86e7-2a53415d1874,1238334367,way,office,government,Health secretariat,,,,,34.0140864,71.5593092,Peshawar,Khyber Pakhtunkhwa,Pakistan,,,
f3dae973-d111-51df-87eb-4ac60c9c6ef4,1234638444,way,amenity,bank,Allied Bank,,,,,34.0204639,71.5387101,Peshawar,Khyber Pakhtunkhwa,Pakistan,,,
17abeb18-a6b1-580a-929e-e92abdbe147e,1234641136,way,amenity,restaurant,Hot and Crispy Resturant,,,,,34.0207286,71.5375203,Peshawar,Khyber Pakhtunkhwa,Pakistan,,,
1e0cb764-3a47-5c29-a046-77241652db8f,1234641142,way,amenity,restaurant,Big Bite Peshawar,,,,,34.0216993,71.5374311,Peshawar,Khyber Pakhtunkhwa,Pakistan,,,
7cfe5e20-9d81-50e1-85db-18a583d07237,1234644475,way,shop,mall,136,,,,,34.0226203,71.5375043,Peshawar,Khyber Pakhtunkhwa,Pakistan,,,
55925a15-4c68-5fab-847d-bacfdca18c88,1235509721,way,shop,stationery,warsak sanitary,,,,,34.0208981,71.5378138,Peshawar,Khyber Pakhtunkhwa,Pakistan,,,
e236b19e-841c-5eab-8d62-d5b75f951c60,1238466906,way,amenity,bank,Allied Bank Limited,,,,,34.0211453,71.5381322,Peshawar,Khyber Pakhtunkhwa,Pakistan,,,
999cb5ad-7729-5a65-acc4-61a904912632,106371714,way,leisure,pitch,,,,,,34.0213358,71.539309,Peshawar,Khyber Pakhtunkhwa,Pakistan,,,
a62c90aa-2419-5022-9ba3-f34e58f0e697,1234633074,way,amenity,parking,,,,,,34.0183589,71.5386299,Peshawar,Khyber Pakhtunkhwa,Pakistan,,75,
a79bdbe5-0f26-5477-8af3-a392d5b164b9,1235509720,way,amenity,fuel,warsak cng station,,,,,34.0188395,71.5389426,Peshawar,Khyber Pakhtunkhwa,Pakistan,,,
b5ec78a2-a3e5-5635-a59d-7dba5905ff76,1235509722,way,office,ngo,ngo office,,,,,34.0194447,71.5393604,Peshawar,Khyber Pakhtunkhwa,Pakistan,,,
73458d39-1275-5ca1-b1ff-ab91a398deda,1238467144,way,office,government,Irrigation Office,,,,,34.0229312,71.5359452,Peshawar,Khyber Pakhtunkhwa,Pakistan,,,
86e69858-dbee-5f05-ad70-de1891e73131,1234899771,way,amenity,place_of_worship,256,,,,,34.02359,71.5389542,Peshawar,Khyber Pakhtunkhwa,Pakistan,,,
5cffd5d4-2a24-5187-986b-93da8776c3e0,1234626853,way,amenity,restaurant,Pizza Box Resturant,,,,,34.0181435,71.5393959,Peshawar,Khyber Pakhtunkhwa,Pakistan,,,
d78ba08f-73d4-5afc-aa9f-8f0e66695dac,1235509723,way,office,ngo,,,,,,34.0191297,71.5398621,Peshawar,Khyber Pakhtunkhwa,Pakistan,,,
a43c24b3-49fd-5241-8615-f3855ef1c850,1238464322,way,amenity,restaurant,habibi resturant,,,,,34.0179834,71.5449091,Peshawar,Khyber Pakhtunkhwa,Pakistan,,,
0d33d41f-db70-536b-94df-382d6b0f3250,1238468887,way,amenity,restaurant,Pizza Hut,,,,,34.0173287,71.5447822,Peshawar,Khyber Pakhtunkhwa,Pakistan,,,
e973707d-c3ba-5785-ace0-bff2a91250ce,1235800394,way,landuse,commercial,C6,,,,,34.0227492,71.5486468,Peshawar,Khyber Pakhtunkhwa,Pakistan,,,
64676cef-2be2-5ed4-923b-9299328e70a4,1238464179,way,amenity,restaurant,Mcdonalds Fast Food,,,,,34.0176503,71.5473971,Peshawar,Khyber Pakhtunkhwa,Pakistan,,,
d714d829-e88f-53df-b3fd-d4a76fab9716,1238464566,way,amenity,restaurant,BreadChef Cafe,,,,,34.0182907,71.5479376,Peshawar,Khyber Pakhtunkhwa,Pakistan,,,
395726a4-d381-5c71-a9ed-96ea6d6f1eb6,1238468542,way,amenity,bank,Allied Bank Cantt Branch,,,,,34.0171564,71.5465286,Peshawar,Khyber Pakhtunkhwa,Pakistan,,,
da562e18-f324-5742-b26f-d8b207b0a86c,106371716,way,leisure,park,Garrison Park,,,,,34.0198736,71.5452528,Peshawar,Khyber Pakhtunkhwa,Pakistan,,,
f825cb7e-7de2-58c2-b9e6-3ac057903bbc,1235803588,way,leisure,park,cantonment park,,,,,34.0217423,71.5516681,Peshawar,Khyber Pakhtunkhwa,Pakistan,,,
c227cea3-8360-5d2a-a5ee-fa2a9cf9cd92,1235800382,way,landuse,commercial,c3,,,,,34.0223565,71.5580051,Peshawar,Khyber Pakhtunkhwa,Pakistan,,,
7a344ad1-b032-5a15-8753-52841688133e,1235800383,way,landuse,commercial,C4,,,,,34.0224488,71.5580199,Peshawar,Khyber Pakhtunkhwa,Pakistan,,,
cc8f17cc-15a7-519b-a80b-5bae898a1c6c,1235800387,way,amenity,place_of_worship,mosque,,,,,34.0219057,71.5560761,Peshawar,Khyber Pakhtunkhwa,Pakistan,,,
f7b05bb8-8a27-567d-8616-9db7b0ae16cc,1235800388,way,landuse,commercial,C5,,,,,34.0213314,71.5550639,Peshawar,Khyber Pakhtunkhwa,Pakistan,,,
746815e6-d545-530c-8510-cf8b2ac92bc0,1235823540,way,amenity,place_of_worship,mosque,,,,,34.0224128,71.5584103,Peshawar,Khyber Pakhtunkhwa,Pakistan,,,
84ad581a-7789-5dd2-b5d3-5284a31e8791,1235823550,way,amenity,place_of_worship,mosque,,,,,34.0188395,71.555129,Peshawar,Khyber Pakhtunkhwa,Pakistan,,,
9b5dcb8c-5e58-50cc-8b11-4d73fb8afc27,394224129,way,leisure,pitch,Polo,,,,,34.0206123,71.5626195,Peshawar,Khyber Pakhtunkhwa,Pakistan,,,
4c56bc00-43af-5999-95b1-0fc850534fc6,1235800381,way,landuse,commercial,c2,,,,,34.0225263,71.5604611,Peshawar,Khyber Pakhtunkhwa,Pakistan,,,
39e56981-50b9-5e25-9a07-cc7b684a8c69,1235800395,way,leisure,park,p1,,,,,34.022376,71.5637886,Peshawar,Khyber Pakhtunkhwa,Pakistan,,,
290d1446-c38c-5d68-bf51-c9cc8f3bc8ca,225784163,way,landuse,residential,PESCO Colony,,,,,34.0246152,71.5595464,Peshawar,Khyber Pakhtunkhwa,Pakistan,,,
641cda8e-bd84-5b6e-bbc0-5aeb52c4c2f1,1235803586,way,amenity,restaurant,marquee,,,,,34.0217642,71.5588389,Peshawar,Khyber Pakhtunkhwa,Pakistan,,,
c82bb6d2-394d-5b66-b26b-f38e6c4ee2ad,623712233,way,landuse,industrial,Shalimar Plant,,,,,34.0315931,71.5443772,Peshawar,Khyber Pakhtunkhwa,Pakistan,,,
41ad3d11-4de3-5426-93ba-52e5a1ddb162,782610134,way,landuse,cemetery,,,,,,34.000786,71.5715089,Peshawar,Khyber Pakhtunkhwa,Pakistan,,,
6f38dbb3-047a-5bb5-9ec3-02c60e1d1f6a,906388442,way,natural,wood,,,,,,34.0032727,71.574025,Peshawar,Khyber Pakhtunkhwa,Pakistan,,,
0782a11e-d9ca-5188-84e8-443cf846ced6,1235218821,way,leisure,park,s,,,,,34.003607,71.5720819,Peshawar,Khyber Pakhtunkhwa,Pakistan,,,
c5d895e2-371f-52fb-bb50-c4302879660a,1235218874,way,landuse,residential,s,,,,,34.0034351,71.5748348,Peshawar,Khyber Pakhtunkhwa,Pakistan,,,
e7c57d92-c9f7-5e22-9c0a-afcb6055f9d3,1235218875,way,landuse,residential,,,,,,34.0033924,71.5746468,Peshawar,Khyber Pakhtunkhwa,Pakistan,,,
a649d288-cd44-557c-988d-19660096ae3e,1235218889,way,landuse,residential,s,,,,,34.0032754,71.5743571,Peshawar,Khyber Pakhtunkhwa,Pakistan,,,
b6337f6e-7932-5538-bf1f-93b8516c592f,1235218890,way,landuse,residential,s,,,,,34.003329,71.5745194,Peshawar,Khyber Pakhtunkhwa,Pakistan,,,
c4e474dd-2eb8-52c2-95ef-540ca3e85820,1235218899,way,education,school,St John vianney School,سینٹ جان ویانی اسکول,,,,34.0032832,71.5728184,Peshawar,Khyber Pakhtunkhwa,Pakistan,,,
c9d5e797-e46c-55f6-a494-04440589d3b9,906388465,way,landuse,cemetery,,,,,,34.0024526,71.5731871,Peshawar,Khyber Pakhtunkhwa,Pakistan,,,
197af32d-3263-554a-b50a-ef492f55ec2c,907260892,way,leisure,park,Pari Chahra Park,,,,,34.00463,71.5704339,Peshawar,Khyber Pakhtunkhwa,Pakistan,,,
0080d17d-d202-53df-9d7d-e1d01bcbeb24,1233523165,way,amenity,police,Khan Razaq shaheed police station,,,,,34.0085805,71.5689257,Peshawar,Khyber Pakhtunkhwa,Pakistan,,,
5f8f76c9-ff44-5480-b489-3c6e6b50b840,1233523874,way,landuse,commercial,,,,,,34.0082426,71.5687693,Peshawar,Khyber Pakhtunkhwa,Pakistan,,,
2429d6ee-3496-5307-ad33-7247f55003f6,1234285353,way,landuse,commercial,,,,,,34.0081382,71.5691094,Peshawar,Khyber Pakhtunkhwa,Pakistan,,,
393277ec-13aa-527a-8e3c-33e35c9a6585,1234285354,way,landuse,commercial,,,,,,34.0082052,71.5689678,Peshawar,Khyber Pakhtunkhwa,Pakistan,,,
1a783f4b-5e40-5e1c-97f7-4959a5c9fb95,1234285472,way,landuse,commercial,,,,,,34.0080477,71.569341,Peshawar,Khyber Pakhtunkhwa,Pakistan,,,
6d41e47e-1424-5d96-a985-8bce49134022,1234286011,way,landuse,commercial,,,,,,34.0079266,71.5696324,Peshawar,Khyber Pakhtunkhwa,Pakistan,,,
46f70011-35df-5a54-9b64-8f51c3bf1189,1234289448,way,landuse,commercial,,,,,,34.0076068,71.570339,Peshawar,Khyber Pakhtunkhwa,Pakistan,,,
fba04c97-df1f-531e-a7f3-b97cd6974dda,1234289449,way,landuse,commercial,,,,,,34.0075573,71.5704229,Peshawar,Khyber Pakhtunkhwa,Pakistan,,,
1be4bce3-787f-58e5-b678-0cf3a7f801b9,1234289450,way,landuse,commercial,,,,,,34.0073783,71.5708166,Peshawar,Khyber Pakhtunkhwa,Pakistan,,,
8e08ee64-b779-56bf-ad26-dc668cf53386,1234302460,way,landuse,commercial,,,,,,34.0082436,71.5676518,Peshawar,Khyber Pakhtunkhwa,Pakistan,,,
602e586b-5a92-58ab-ba49-9b15aa4575fb,1234302461,way,landuse,commercial,,,,,,34.0082415,71.5672784,Peshawar,Khyber Pakhtunkhwa,Pakistan,,,
94859da5-aacf-522b-a099-ea6c27650fa5,1234302462,way,landuse,commercial,,,,,,34.0086039,71.5669623,Peshawar,Khyber Pakhtunkhwa,Pakistan,,,
a1deb423-272c-50c2-811e-48cd6c565486,1234302463,way,landuse,commercial,,,,,,34.0079298,71.5681434,Peshawar,Khyber Pakhtunkhwa,Pakistan,,,
ec5ec89f-2646-5a69-aba9-8281ca0cab3d,1234302464,way,landuse,commercial,,,,,,34.0079844,71.5685876,Peshawar,Khyber Pakhtunkhwa,Pakistan,,,
7642bbae-5325-5714-b0ae-e8bc450e06a3,1234302467,way,landuse,retail,,,,,,34.0072842,71.5680343,Peshawar,Khyber Pakhtunkhwa,Pakistan,,,
7e4c83eb-9e8f-5754-8a26-77ad477bb09a,1235218915,way,landuse,commercial,s,,,,,34.0039661,71.570471,Peshawar,Khyber Pakhtunkhwa,Pakistan,,,
7b6ee875-9daf-5063-af34-437fb8b0044d,1235218916,way,amenity,parking,,,,,,34.0040665,71.5715619,Peshawar,Khyber Pakhtunkhwa,Pakistan,,s,
a616f037-556d-5798-ae40-3e2bbe33a3e8,1235218917,way,natural,wood,s,,,,,34.0036912,71.5704055,Peshawar,Khyber Pakhtunkhwa,Pakistan,,,
4280da58-e1dc-58b5-95fe-ebf63373d897,841197338,way,landuse,commercial,Pipal Mandi,,,,,34.0079693,71.5736967,Peshawar,Khyber Pakhtunkhwa,Pakistan,,,
83565547-d39b-5a4b-817b-717c6ec8541b,906388439,way,amenity,place_of_worship,Saint John Vianney,,,,,34.003907,71.5728382,Peshawar,Khyber Pakhtunkhwa,Pakistan,,,
8424d7f9-a14d-5e1d-abbc-6eedfb7e97ff,906388443,way,landuse,cemetery,,,,,,34.0038092,71.5739558,Peshawar,Khyber Pakhtunkhwa,Pakistan,,,
0119d3a5-a8b2-50a0-a91b-0c39f27085a4,1235218832,way,leisure,park,,,,,,34.0043498,71.5744083,Peshawar,Khyber Pakhtunkhwa,Pakistan,,,
356cfa7a-90e3-559b-b1a3-7ccdcb729cdd,1235218833,way,amenity,place_of_worship,,,,,,34.0041404,71.574317,Peshawar,Khyber Pakhtunkhwa,Pakistan,,,
5e34fa05-7f9f-5244-9e6f-6629b10d1039,1235218834,way,landuse,residential,,,,,,34.0040478,71.5743262,Peshawar,Khyber Pakhtunkhwa,Pakistan,,,
1a8462d8-d6dc-5fc0-8877-2002131044e4,1235218835,way,landuse,residential,,,,,,34.0043216,71.5746453,Peshawar,Khyber Pakhtunkhwa,Pakistan,,,
9edc8e68-e3d4-5b2c-89cd-7e6f88a5a736,1235218836,way,landuse,residential,,,,,,34.0042616,71.574483,Peshawar,Khyber Pakhtunkhwa,Pakistan,,,
da61398e-4389-5b83-ae3c-2cdd3f24e705,1235218856,way,landuse,residential,,,,,,34.0041676,71.5746663,Peshawar,Khyber Pakhtunkhwa,Pakistan,,,
81f9f7f3-b232-5719-9e0c-d8db2373ebe9,1235218857,way,landuse,residential,,,,,,34.0040871,71.5746847,Peshawar,Khyber Pakhtunkhwa,Pakistan,,,
21585079-32ba-5ffd-8646-178881f8a990,1235218858,way,landuse,residential,,,,,,34.0039869,71.5747156,Peshawar,Khyber Pakhtunkhwa,Pakistan,,,
5a894739-fe73-53da-a3c1-b1242daadfda,1235218859,way,landuse,residential,,,,,,34.0042867,71.5747764,Peshawar,Khyber Pakhtunkhwa,Pakistan,,,
4f3f55b0-b91e-513e-a887-db72490c27a3,1235218860,way,landuse,residential,,,,,,34.0041889,71.5748248,Peshawar,Khyber Pakhtunkhwa,Pakistan,,,
4797c561-6b55-5fa8-a21e-7909d91ad4a4,1235218861,way,landuse,residential,,,,,,34.0041156,71.5748515,Peshawar,Khyber Pakhtunkhwa,Pakistan,,,
909bdffc-0efa-5b5c-bb0d-bf3e9e41fd6f,1235218873,way,landuse,residential,,,,,,34.0040767,71.5750158,Peshawar,Khyber Pakhtunkhwa,Pakistan,,,
e3f56749-e724-5c9b-b5c1-a0698868b984,1235218885,way,landuse,residential,,,,,,34.0039074,71.5742779,Peshawar,Khyber Pakhtunkhwa,Pakistan,,,
c9f5c4f7-c261-5370-946b-2c312cdda89e,1235218886,way,landuse,residential,s,,,,,34.0037728,71.5742907,Peshawar,Khyber Pakhtunkhwa,Pakistan,,,
a25aed53-0fcc-5796-9ff8-fda9473d47ec,1235218887,way,landuse,residential,s,,,,,34.0036202,71.5742364,Peshawar,Khyber Pakhtunkhwa,Pakistan,,,
09949fec-2795-5a85-af68-f8d2d72ceb67,1235218888,way,landuse,residential,s,,,,,34.0034614,71.5743438,Peshawar,Khyber Pakhtunkhwa,Pakistan,,,
cf91ad15-f324-5e20-931f-2945980359ec,1235218891,way,landuse,residential,s,,,,,34.0034797,71.574965,Peshawar,Khyber Pakhtunkhwa,Pakistan,,,
bab8954b-da73-5316-b3d6-2f8d2802c9cf,1235218893,way,landuse,residential,s,,,,,34.0036099,71.5749807,Peshawar,Khyber Pakhtunkhwa,Pakistan,,,
ebb6ca10-8efd-5160-bb55-ca02bc9c2d90,1235218894,way,landuse,residential,s,,,,,34.0036726,71.5749651,Peshawar,Khyber Pakhtunkhwa,Pakistan,,,
d710c00c-d6ef-5ff0-a86e-d5aa5a5c65e8,1235218913,way,landuse,commercial,s,,,,,34.004074,71.5734378,Peshawar,Khyber Pakhtunkhwa,Pakistan,,,
1d4cb09b-4293-5fae-9060-ad7b47df06cf,1235218914,way,natural,wood,s,,,,,34.0042816,71.5721583,Peshawar,Khyber Pakhtunkhwa,Pakistan,,,
600fa471-2cec-5825-97b6-629cb03953e2,106270567,way,leisure,park,Jinnah Park,,,,,34.0155294,71.5707688,Peshawar,Khyber Pakhtunkhwa,Pakistan,,,
d66acdf7-6167-5228-b915-8168598ee46a,906809041,way,education,college,Frontier College for Women,فرنٹیئر کالج برائے خواتین,,,,34.0131365,71.5727873,Peshawar,Khyber Pakhtunkhwa,Pakistan,,,
feb5b5d7-83d0-509a-a88f-1cb3387e4985,907260864,way,amenity,parking,,,,,,34.0099366,71.5740731,Peshawar,Khyber Pakhtunkhwa,Pakistan,,,
40fe922e-0370-55e3-b93d-681ca16246e5,320947261,way,leisure,garden,Hospital Garden,,,,,34.0109569,71.5688273,Peshawar,Khyber Pakhtunkhwa,Pakistan,,,
fbf1e56b-6052-56d7-ac0d-3b847863ee50,838387558,way,historic,castle,,,,,,34.0126859,71.5696323,Peshawar,Khyber Pakhtunkhwa,Pakistan,,,
43a4dc99-015e-5fc4-8e2e-f0ddef1776d5,838387563,way,amenity,place_of_worship,,,,,,34.0132917,71.5694266,Peshawar,Khyber Pakhtunkhwa,Pakistan,,,
c9256762-34e4-5fc9-acc2-a1928d5712bc,841251767,way,leisure,park,Fort Park,,,,,34.0131295,71.5696174,Peshawar,Khyber Pakhtunkhwa,Pakistan,,,
f5c1d8ce-5c9b-5fb9-beb4-66203751f863,841251796,way,amenity,parking,,,,,,34.0129882,71.5701995,Peshawar,Khyber Pakhtunkhwa,Pakistan,,Fort Parking,
0fceafe5-f906-5bc1-8a5f-5623c7a2280e,1233840745,way,healthcare,hospital,Lady Reading Hospital,لیڈی ریڈنگ ہسپتال,,,,34.0119349,71.5671117,Peshawar,Khyber Pakhtunkhwa,Pakistan,,,
9b691bd4-1da0-5a31-8fa5-2d416fef0876,1233841736,way,office,lawyer,Secretary Provincial Assembly,,,,,34.0140154,71.5664051,Peshawar,Khyber Pakhtunkhwa,Pakistan,,,
cabece86-26ff-5468-a082-96575343c429,1236319459,way,landuse,residential,Police Hostels,,,,,34.0132835,71.5674878,Peshawar,Khyber Pakhtunkhwa,Pakistan,,,
179f95de-5f59-5959-8897-e449083510d8,287834742,way,amenity,fuel,CNG station,,,,,34.0150893,71.5749208,Peshawar,Khyber Pakhtunkhwa,Pakistan,,,
1f0d9d0b-7ba3-5f3e-bc98-7ecb2917490e,695744476,way,amenity,place_of_worship,Mahabat Khan Mosque,,,,,34.0106314,71.5732292,Peshawar,Khyber Pakhtunkhwa,Pakistan,,,Q2420356
bdd0e18d-1408-5210-9f0a-4e7e27fe465c,907260863,way,leisure,park,,,,,,34.0103457,71.5741296,Peshawar,Khyber Pakhtunkhwa,Pakistan,,,
03c0972e-946f-5bf5-9482-883d1ffe9689,1235594918,way,amenity,restaurant,81,,,,,34.0154526,71.57507,Peshawar,Khyber Pakhtunkhwa,Pakistan,,,
d67a8e16-d619-5f6d-ac28-1d44bd6b4b6b,1235594919,way,healthcare,hospital,82,,,,,34.0153597,71.5746773,Peshawar,Khyber Pakhtunkhwa,Pakistan,,,
0bccbc91-4a88-5aea-b302-f695a15df132,1235623245,way,leisure,park,192,,,,,34.0123621,71.5730636,Peshawar,Khyber Pakhtunkhwa,Pakistan,,,
04681204-9f7d-58b0-97fa-20fc4da4aaab,1235623250,way,amenity,restaurant,197,,,,,34.016205,71.5739109,Peshawar,Khyber Pakhtunkhwa,Pakistan,,,
feadc3c5-5c1a-503b-9fa8-21e6296a7ad0,1235782597,way,landuse,commercial,c1,,,,,34.0195127,71.5666382,Peshawar,Khyber Pakhtunkhwa,Pakistan,,,
6188ae0a-b26f-51ae-98b9-af477544418d,1235803594,way,landuse,residential,R,,,,,34.0176704,71.5705549,Peshawar,Khyber Pakhtunkhwa,Pakistan,,,
cc82dfcf-72ff-529a-8f92-a09900cfdc31,1235803607,way,tourism,hotel,Park Plaza Hotels,,,,,34.0194257,71.5694125,Peshawar,Khyber Pakhtunkhwa,Pakistan,Park Plaza,,
03b38f51-9763-5cbd-80aa-88a3707c6259,1235803608,way,tourism,hotel,Park Plaza Hotels,,,,,34.0195643,71.5692858,Peshawar,Khyber Pakhtunkhwa,Pakistan,Park Plaza,,
311c990b-b1a0-54be-91b1-e31d5efd99d3,1235823553,way,shop,electronics,S23,,,,,34.0181108,71.5698731,Peshawar,Khyber Pakhtunkhwa,Pakistan,,,
9cbbd188-f887-54f0-816c-8f0101cde85b,1235823555,way,shop,car_repair,232,,,,,34.0183203,71.5696022,Peshawar,Khyber Pakhtunkhwa,Pakistan,,,
3d2f8086-40f5-5547-94ec-1305ab8980f2,1235823557,way,shop,supermarket,Sm,,,,,34.0188084,71.5704032,Peshawar,Khyber Pakhtunkhwa,Pakistan,,,
28f311ca-e700-575a-8844-159adaa24048,1235823558,way,shop,supermarket,,,,,,34.0184104,71.5702905,Peshawar,Khyber Pakhtunkhwa,Pakistan,,,
22c262ea-0ae8-5474-89da-074d5783c28b,1039575048,way,natural,water,,,,,,34.0213045,71.5747348,Peshawar,Khyber Pakhtunkhwa,Pakistan,,,
d5300157-a621-5d8a-823a-cc919e005a9d,1039575049,way,natural,water,,,,,,34.0214258,71.5749896,Peshawar,Khyber Pakhtunkhwa,Pakistan,,,
e9249869-bc09-5775-abe5-23d57df19cd6,1039575050,way,natural,water,,,,,,34.0216276,71.574838,Peshawar,Khyber Pakhtunkhwa,Pakistan,,,
d05693ed-10b1-5e42-baa5-a96113ed29c0,1039575051,way,natural,water,,,,,,34.0217935,71.5747298,Peshawar,Khyber Pakhtunkhwa,Pakistan,,,
8b4e8cd6-5271-5782-a28f-6bb61aaa2fd6,1039575052,way,natural,water,,,,,,34.021109,71.5743065,Peshawar,Khyber Pakhtunkhwa,Pakistan,,,
316f2f1a-ae9f-5943-891b-ebedfa9aa824,1039575053,way,natural,water,,,,,,34.0209448,71.5739358,Peshawar,Khyber Pakhtunkhwa,Pakistan,,,
2abbb9c6-11a0-5728-8d3c-082e706b4273,1039575054,way,natural,water,,,,,,34.0206748,71.5733027,Peshawar,Khyber Pakhtunkhwa,Pakistan,,,
13f2537c-e400-5851-ac70-d1e8d8dd4fc2,75206644,way,leisure,park,شاہی باغ,شاہی باغ,Shahi Bagh,,,34.019841,71.5741176,Peshawar,Khyber Pakhtunkhwa,Pakistan,,,
59400658-d913-5f4a-8650-27ac443c61f2,1262343962,way,place,suburb,Faqirabad,,,,,34.0260853,71.575889,Peshawar,Khyber Pakhtunkhwa,Pakistan,,,
82121067-0d91-5e9d-a50c-9fad12ad364b,74171566,way,natural,water,,,,,,34.0445887,71.5301106,Peshawar,Khyber Pakhtunkhwa,Pakistan,,,
025d81c6-30aa-58f9-8fcc-e7a68ea34f24,74187291,way,landuse,residential,,,,,,34.0464801,71.5361971,Peshawar,Khyber Pakhtunkhwa,Pakistan,,,
f1014ffe-fcb3-53fe-b167-225d9a299334,74171569,way,natural,water,,,,,,34.0448243,71.5326372,Peshawar,Khyber Pakhtunkhwa,Pakistan,,,
a531e29e-aa0f-57e6-84a7-15f159cfb7e1,4468928,relation,healthcare,hospital,Lady Reading Hospital,,,,,34.010153,71.5685429,Peshawar,Khyber Pakhtunkhwa,Pakistan,,,Q6470505
d0c765ab-2d2d-5e5f-b6e7-7629dec35635,11550518,relation,historic,fort,Qilla Balahisar,,,,,34.0126859,71.5696323,Peshawar,Khyber Pakhtunkhwa,Pakistan,,,
7c86450c-3bb1-592e-89b4-bf61d3bab580,8857985257,node,place,village,تیرئ بالا,,Terai Bala,,,34.0534621,71.5327098,Peshawar,Khyber Pakhtunkhwa,Pakistan,,,
3684dab3-02f9-5d2d-9fc8-a7c587f086e8,8909329010,node,place,village,مقصود آباد,,Maqsood Abad,,,34.0503564,71.5647077,Peshawar,Khyber Pakhtunkhwa,Pakistan,,,
96a2d11b-d372-556d-b599-7a112ccd48a3,8857985255,node,place,town,فقیر کلے,فقیر کلے,Faqeer Kalay,,,34.0560779,71.5417254,Peshawar,Khyber Pakhtunkhwa,Pakistan,,,
1bd57d88-6c8d-5434-8f75-eade0ca4d688,8909319062,node,place,village,مندرہ خیل,,Mandra Khel,,,34.0641313,71.5494021,Peshawar,Khyber Pakhtunkhwa,Pakistan,,,
8f4667d2-8828-5ea3-8efd-559054d56397,8909319058,node,place,village,چولی بالا,,,,,34.0802636,71.5182538,Peshawar,Khyber Pakhtunkhwa,Pakistan,,,
bc1453da-3c3a-5b98-9733-66ca25b74264,8857985258,node,place,village,پجکئ,,Pajagi,,,34.074611,71.529781,Peshawar,Khyber Pakhtunkhwa,Pakistan,,,
75ba0be9-8838-5a03-95e9-b48146df238d,1350043937,node,shop,greengrocer,Apple,,,,,34.0864858,71.5235225,Peshawar,Khyber Pakhtunkhwa,Pakistan,,,
5ce56038-74be-509c-b198-7a800998ac26,8909319059,node,place,village,چولی پایان,,Choli Payan,,,34.0837471,71.5296782,Peshawar,Khyber Pakhtunkhwa,Pakistan,,,
41865040-583a-5008-ac06-e4c712ffe073,8857985259,node,place,village,چارپریزہ,,Charpareeza,,,34.0898964,71.528789,Peshawar,Khyber Pakhtunkhwa,Pakistan,,,
d470d299-fa36-574a-9b96-762fbcafee35,9912988218,node,shop,convenience,Maskeen Store,,Miskeen Store,,,34.0690498,71.5585565,Peshawar,Khyber Pakhtunkhwa,Pakistan,,,
7c211d2b-c655-5489-977d-7949c850a878,7406263477,node,place,village,خراسان مہاجر کیمپ,,Khurasan Refugee Camp,,,34.0841857,71.5528055,Peshawar,Khyber Pakhtunkhwa,Pakistan,,,
9ff78eaf-1ddb-5979-86fe-7a56020491e2,6129228826,node,place,village,ہریانہ پایان,,Haryana Payan,,,34.0847393,71.5708812,Peshawar,Khyber Pakhtunkhwa,Pakistan,,,
38465cc0-1cdf-5eab-b597-99af0610d0e4,8909237996,node,place,village,قادر آباد,,Qadir Abad,,,34.0921527,71.5733526,Peshawar,Khyber Pakhtunkhwa,Pakistan,,,
8705c279-e85f-5fa0-91b2-8bd6956eb514,8909237995,node,place,village,گڑھی شاہ محمد,,Garhi Shah Muhammad,,,34.0970135,71.5574694,Peshawar,Khyber Pakhtunkhwa,Pakistan,,,
ab33024b-d2f3-55f8-bcdc-9cacb57fe9a2,73537550,way,landuse,residential,,,,,,34.053857,71.5334274,Peshawar,Khyber Pakhtunkhwa,Pakistan,,,
9a8f03b1-d076-579e-bddb-01602be1ca7d,73537551,way,landuse,residential,,,,,,34.0672694,71.5233316,Peshawar,Khyber Pakhtunkhwa,Pakistan,,,
e1b7665a-5027-5ba4-8885-ca529555597d,74171551,way,landuse,residential,,,,,,34.0625315,71.5218406,Peshawar,Khyber Pakhtunkhwa,Pakistan,,,
46786781-98de-5bb6-b51e-1cbcd4b66c7e,74276429,way,landuse,residential,,,,,,34.0691507,71.5387414,Peshawar,Khyber Pakhtunkhwa,Pakistan,,,
deffaa57-8132-55b1-9946-c6ac08090ee8,74276437,way,landuse,residential,,,,,,34.0682441,71.5343264,Peshawar,Khyber Pakhtunkhwa,Pakistan,,,
67af43df-9575-578c-943e-43713e9ee142,73537549,way,landuse,residential,,,,,,34.0637588,71.5497674,Peshawar,Khyber Pakhtunkhwa,Pakistan,,,
7ec1fafe-1d1a-51a2-b164-a49df19c00c8,74276430,way,landuse,residential,,,,,,34.0654268,71.5426896,Peshawar,Khyber Pakhtunkhwa,Pakistan,,,
2c8686bf-cc7e-5256-a843-1ad8cc3f777b,74276431,way,landuse,residential,,,,,,34.0650757,71.5411553,Peshawar,Khyber Pakhtunkhwa,Pakistan,,,
c94cc4c2-8c94-590d-877b-1517f5dc7b6b,74276436,way,landuse,residential,,,,,,34.0740334,71.5283256,Peshawar,Khyber Pakhtunkhwa,Pakistan,,,
10d831be-47c9-574c-a351-290870fda98a,963154105,way,landuse,residential,,,,,,34.0805788,71.519499,Peshawar,Khyber Pakhtunkhwa,Pakistan,,,
1d1641d2-07c3-5694-a08d-249289e55b3d,73537544,way,landuse,residential,,,,,,34.0746191,71.5375901,Peshawar,Khyber Pakhtunkhwa,Pakistan,,,
34c73436-65b1-50c4-90e0-7c3c69b01f1f,73537543,way,landuse,residential,,,,,,34.0730995,71.540251,Peshawar,Khyber Pakhtunkhwa,Pakistan,,,
f2ec8e9f-e8c1-530d-b7c9-a806d9419c51,73537545,way,landuse,residential,,,,,,34.0763876,71.5352192,Peshawar,Khyber Pakhtunkhwa,Pakistan,,,
deb39639-4ba5-53e4-8a60-66b5263b1982,74276438,way,landuse,residential,,,,,,34.0702083,71.5404204,Peshawar,Khyber Pakhtunkhwa,Pakistan,,,
3ea6bdb8-39b4-59ad-a1a0-5bff79638c04,73537248,way,landuse,residential,,,,,,34.0929906,71.530536,Peshawar,Khyber Pakhtunkhwa,Pakistan,,,
dd1feb6a-ccd4-57fd-88fc-3e9e7b3f46d9,75610008,way,landuse,residential,,,,,,34.07829,71.552882,Peshawar,Khyber Pakhtunkhwa,Pakistan,,,
170dbeaa-cc9c-5601-a045-713be919ecab,75610003,way,landuse,residential,,,,,,34.0776902,71.5659444,Peshawar,Khyber Pakhtunkhwa,Pakistan,,,
7c9d5378-d6a0-51b0-8000-c5fbba96a03c,75610017,way,landuse,residential,,,,,,34.0749709,71.5612184,Peshawar,Khyber Pakhtunkhwa,Pakistan,,,
a0cacfff-25ab-585d-b360-6e35d7c6c4da,75610012,way,landuse,residential,,,,,,34.07841,71.5605424,Peshawar,Khyber Pakhtunkhwa,Pakistan,,,
ab7616ea-bccc-5628-918d-a854fd9b2452,73537195,way,landuse,residential,,,,,,34.0877483,71.5649165,Peshawar,Khyber Pakhtunkhwa,Pakistan,,,
fea64422-5efc-5fcc-9044-455d307ef3ee,74037509,way,landuse,residential,,,,,,34.0964382,71.557528,Peshawar,Khyber Pakhtunkhwa,Pakistan,,,
4caf6643-3fe9-57e2-b28f-73635fe3daf3,75610025,way,landuse,residential,,,,,,34.0606087,71.568471,Peshawar,Khyber Pakhtunkhwa,Pakistan,,,
06bfc0a2-d14e-5a46-b07c-d759ec6c9ead,75610015,way,landuse,residential,,,,,,34.0735801,71.5670817,Peshawar,Khyber Pakhtunkhwa,Pakistan,,,
3b8a9621-8884-516a-8866-d825df86c691,73537194,way,landuse,residential,,,,,,34.0848726,71.5710193,Peshawar,Khyber Pakhtunkhwa,Pakistan,,,
ad3ef98e-c78c-5819-b5bf-e234eb213fe9,74037507,way,landuse,residential,,,,,,34.0915872,71.572999,Peshawar,Khyber Pakhtunkhwa,Pakistan,,,
8bffad66-a769-5575-b41e-2fb3b56c885e,74037508,way,landuse,residential,,,,,,34.0943993,71.5701719,Peshawar,Khyber Pakhtunkhwa,Pakistan,,,
aa17b9d8-bf93-5cbf-8f0d-7c76ffbac459,74187329,way,landuse,residential,,,,,,34.1012321,71.5201362,Peshawar,Khyber Pakhtunkhwa,Pakistan,,,
25881806-ca3e-561c-99e4-0c785e478ad6,15648210,relation,landuse,residential,,,,,,34.0743575,71.5661322,Peshawar,Khyber Pakhtunkhwa,Pakistan,,,
bf9d66e8-e1fe-5b0c-9587-57ad10f96512,3272892264,node,amenity,place_of_worship,,,,,,33.9205743,71.6252296,Peshawar,Khyber Pakhtunkhwa,Pakistan,,,
1aac5610-9c1c-51e2-aff5-97170edee4a7,1138062230,way,natural,scrub,Durrani Desert,,,,,33.9322751,71.6187281,Peshawar,Khyber Pakhtunkhwa,Pakistan,,,
e9133961-2aee-5c6b-9d7d-e01b3abe620d,1022552284,way,landuse,residential,,,,,,33.9520282,71.5922623,Peshawar,Khyber Pakhtunkhwa,Pakistan,,,
1d8bcc9d-c216-5e28-b858-d4811991096a,1022552285,way,landuse,residential,,,,,,33.9435267,71.5978548,Peshawar,Khyber Pakhtunkhwa,Pakistan,,,
95377021-287f-593e-aa44-75e75e56854f,1022552302,way,landuse,residential,,,,,,33.9484731,71.6175637,Peshawar,Khyber Pakhtunkhwa,Pakistan,,,
f8785a9e-2b76-58b9-99b8-0eef666aeb28,1022552303,way,landuse,residential,,,,,,33.9439863,71.615666,Peshawar,Khyber Pakhtunkhwa,Pakistan,,,
13115eca-198c-5d95-a266-b5740da3338e,1022552304,way,landuse,residential,,,,,,33.9442266,71.6170513,Peshawar,Khyber Pakhtunkhwa,Pakistan,,,
c94058f6-83a9-581a-9b4f-f3c892d163a9,1022552301,way,landuse,residential,,,,,,33.9499883,71.616527,Peshawar,Khyber Pakhtunkhwa,Pakistan,,,
558d27c4-a201-580d-87cf-65000f99e12a,1022552294,way,landuse,residential,,,,,,33.9377413,71.6315192,Peshawar,Khyber Pakhtunkhwa,Pakistan,,,
7d75d0db-d900-5287-b51c-0dd5b85f94c9,1022552298,way,landuse,residential,,,,,,33.9438228,71.6225713,Peshawar,Khyber Pakhtunkhwa,Pakistan,,,
27f74ecf-1bcb-50d5-85f5-dcdb70f5f534,1022552295,way,landuse,residential,,,,,,33.939576,71.6292353,Peshawar,Khyber Pakhtunkhwa,Pakistan,,,
8526eee3-c9a0-513a-93b7-8f9c3ca40f17,1022552296,way,landuse,residential,,,,,,33.9412071,71.6282596,Peshawar,Khyber Pakhtunkhwa,Pakistan,,,
9249f501-17dc-59e3-bbac-a630aabbb5ba,1022552297,way,landuse,residential,,,,,,33.9452513,71.6238106,Peshawar,Khyber Pakhtunkhwa,Pakistan,,,
0e959eae-1ab7-5d5f-a4a3-ae173c07e935,1022552309,way,landuse,residential,,,,,,33.9487079,71.6306595,Peshawar,Khyber Pakhtunkhwa,Pakistan,,,
59c8aeaa-1c1f-5fda-be6a-c7c002cb1eba,1022552299,way,landuse,residential,,,,,,33.9456919,71.6211658,Peshawar,Khyber Pakhtunkhwa,Pakistan,,,
bdbca326-e620-5a22-bd8a-b33c615fc341,1022552300,way,landuse,residential,,,,,,33.9470413,71.6232232,Peshawar,Khyber Pakhtunkhwa,Pakistan,,,
4c2513a6-8c42-58e9-a9ec-93079d74a45f,1022552310,way,landuse,residential,,,,,,33.9492319,71.6297007,Peshawar,Khyber Pakhtunkhwa,Pakistan,,,
307b856c-0962-59f9-9eda-eff5754571e7,1022552329,way,landuse,residential,,,,,,33.9487479,71.6365779,Peshawar,Khyber Pakhtunkhwa,Pakistan,,,
52845885-05bc-5d36-9684-c2182375f3a5,1022552307,way,landuse,residential,,,,,,33.9478078,71.6360776,Peshawar,Khyber Pakhtunkhwa,Pakistan,,,
ac773c66-7760-5990-8c4e-96a4a3ec70c5,1022552308,way,landuse,residential,,,,,,33.9471704,71.6345501,Peshawar,Khyber Pakhtunkhwa,Pakistan,,,
6bb13b2b-3d5e-5c6e-96b5-91a76ab5c1a0,4225150728,node,amenity,place_of_worship,Inqilab Rd Jumaat,,,,,33.9598404,71.5836326,Peshawar,Khyber Pakhtunkhwa,Pakistan,,,
ae2b956c-8d8a-504a-bcc4-9b52a925aa44,9417368521,node,place,village,سوڑیزئی بالا,,Surizai Bala,,,33.9504046,71.5955102,Peshawar,Khyber Pakhtunkhwa,Pakistan,,,
5d9e926b-9b0d-5dbb-bb33-90c62190ed34,860121034,node,place,village,سوڑیزئی پایان,,Surizai Payan,,,33.9629874,71.6064251,Peshawar,Khyber Pakhtunkhwa,Pakistan,,,
ec38b881-7336-5d62-bc61-25b1a9f0978c,1350185146,node,amenity,townhall,Nangarhar Building,,,N,,33.9818117,71.5760392,Peshawar,Khyber Pakhtunkhwa,Pakistan,,,
fb220ffb-1a44-5a7c-bd9b-845016849aeb,860121035,node,place,village,موسی زئی,موسیٰ زئی,Musa Zai,,,33.9718,71.607906,Peshawar,Khyber Pakhtunkhwa,Pakistan,,,Q6943083
c53a07f7-4293-5cbe-a007-117201f4e125,8559410888,node,place,village,Banathi Kalay,,,,,33.9616906,71.63651,Peshawar,Khyber Pakhtunkhwa,Pakistan,,,
46ce6861-b770-5611-b614-5e9842c35a80,8559410889,node,place,village,Chaganoo Chowk,,,,,33.9588544,71.6336555,Peshawar,Khyber Pakhtunkhwa,Pakistan,,,
778bd3d2-6e71-59b1-b1d8-7ed8d573f914,8559410886,node,place,village,Dandoo Pul,,,,,33.9697298,71.6243918,Peshawar,Khyber Pakhtunkhwa,Pakistan,,,
5f59e864-f948-5ef6-b918-a21baf4352fb,8559410884,node,place,town,پندو,,Phandu,,,33.9831069,71.6350211,Peshawar,Khyber Pakhtunkhwa,Pakistan,,,
e816164a-3a98-5139-8b89-d7a7b8bce39b,3276971521,node,landuse,residential,BILOR TOWN /  بلور ٹاون,,,,,33.9969514,71.5770668,Peshawar,Khyber Pakhtunkhwa,Pakistan,,,
83334f8c-6f77-50d3-ac4a-9048bf968223,3276959669,node,amenity,place_of_worship,Shrine of Abdur Rehman Baba  رحمان بابا قبر,,,,,33.9934889,71.5898759,Peshawar,Khyber Pakhtunkhwa,Pakistan,,,
21b27aec-9170-5b76-b6f4-3cb3b8671748,3276950231,node,landuse,residential,KHAN MAST COLONY / خان مست کولونی,,,,,33.9979191,71.5828747,Peshawar,Khyber Pakhtunkhwa,Pakistan,,,
fdaa6b1f-ae0f-585c-85d9-7333f2dceab0,8436248356,node,amenity,place_of_worship,Ziarat Akhund Darwaza,,,,,33.9994365,71.5914272,Peshawar,Khyber Pakhtunkhwa,Pakistan,,,
b05c5ffb-4de0-5726-a616-83341624c793,8395083217,node,shop,car_parts,Peshawar Ring Road پشاور رنگ روڈ,پشاور رنگ روڈ,Peshawar Ring Road,,,33.9905685,71.5952872,Peshawar,Khyber Pakhtunkhwa,Pakistan,,,
4be84c06-9314-51f6-98c9-09fb68b9dc49,8395083317,node,shop,car_parts,Sinopec grease and lubricants co,,,,,33.9908256,71.5955106,Peshawar,Khyber Pakhtunkhwa,Pakistan,,,
0c86bd0e-1dd1-5347-9160-a81ef772195d,8395083417,node,shop,car_repair,Peshawar Ring Road پشاور رنگ روڈ,پشاور رنگ روڈ,Peshawar Ring Road,,,33.9903576,71.5954628,Peshawar,Khyber Pakhtunkhwa,Pakistan,,,
fdf3be96-e4ef-5e50-bd96-80a67bd9f5fa,9589876117,node,amenity,place_of_worship,Graveyard Aal e Abdul Rehman,قبرستان آلِ عبد الرحمن,,,,33.9972827,71.5931097,Peshawar,Khyber Pakhtunkhwa,Pakistan,,,
ff51ed24-8889-5cf1-ae95-4d6bae655ac0,11168885137,node,tourism,attraction,Shaji-ki-Dheri Remains (Kaniska Stupa),,,,,33.9994148,71.5915476,Peshawar,Khyber Pakhtunkhwa,Pakistan,,,Q842918
50e6cef0-3c2a-548e-84f8-96e612281e2c,6839726285,node,education,school,اقرا ماڈل ہائی سکول,,,,,33.9920411,71.6053859,Peshawar,Khyber Pakhtunkhwa,Pakistan,,,
106efd18-6652-5625-8368-71e0348d7d25,9554624481,node,public_transport,platform,jameel chowk,,,,"modes: qinchis
type of operation: route based
no of vehicles stopped: 50",33.9965251,71.608013,Peshawar,Khyber Pakhtunkhwa,Pakistan,,,
8353dcc1-0e09-5969-a87f-deaf2a4dbda5,8885051511,node,tourism,attraction,سیٹھی پل,,Sethi Pul Mughal Bridge,,,33.9960123,71.6259185,Peshawar,Khyber Pakhtunkhwa,Pakistan,,,
6a71a699-f1e7-527a-aa00-8c0b9517f829,8885051512,node,place,village,چوھاگجرک,,Choha Gujar,,,33.999215,71.6301425,Peshawar,Khyber Pakhtunkhwa,Pakistan,,,
c7972398-a5af-54cc-a4f1-beaa22db41fc,72423318,way,landuse,residential,,,,,,33.9604868,71.6102903,Peshawar,Khyber Pakhtunkhwa,Pakistan,,,
8984fbf2-b35f-53a9-bcb7-fa7d8f326449,1125058460,way,landuse,cemetery,LOY Qabristan,,,,,33.9613615,71.6160338,Peshawar,Khyber Pakhtunkhwa,Pakistan,,,
a4e428e3-ec60-5a91-b124-d2bd3cf73a13,72423298,way,landuse,residential,,,,,,33.9705338,71.6057245,Peshawar,Khyber Pakhtunkhwa,Pakistan,,,
6e61a211-e528-5792-98be-a38538878792,72439620,way,landuse,residential,,,,,,33.9741533,71.6114197,Peshawar,Khyber Pakhtunkhwa,Pakistan,,,
7fdde3f9-8096-55ad-99c8-51abb8d93a8b,72439621,way,landuse,residential,,,,,,33.9696956,71.6121761,Peshawar,Khyber Pakhtunkhwa,Pakistan,,,
7af6902a-1dca-5519-b1fe-3326cd12e334,1022552328,way,landuse,residential,,,,,,33.9504834,71.6356229,Peshawar,Khyber Pakhtunkhwa,Pakistan,,,
1de819f7-dac1-5650-addb-7e33e55cf360,1022552319,way,landuse,residential,,,,,,33.9518918,71.6291253,Peshawar,Khyber Pakhtunkhwa,Pakistan,,,
71909e8e-7ec6-57ca-a334-dee4422ae21e,1022552318,way,landuse,residential,,,,,,33.9533435,71.6313543,Peshawar,Khyber Pakhtunkhwa,Pakistan,,,
58a0d459-da18-5135-a3bb-480d00e4bd4a,1022552311,way,landuse,residential,,,,,,33.9563059,71.6369373,Peshawar,Khyber Pakhtunkhwa,Pakistan,,,
402c188f-a188-5de9-bc12-c38b5e969ac6,1022552316,way,landuse,residential,,,,,,33.9530921,71.6335469,Peshawar,Khyber Pakhtunkhwa,Pakistan,,,
8f935935-c17d-50c6-94a3-aa088b862929,1022552317,way,landuse,residential,,,,,,33.9544382,71.63201,Peshawar,Khyber Pakhtunkhwa,Pakistan,,,
7cfc18a2-288a-509a-8afe-9a72cb505347,1022552320,way,landuse,residential,,,,,,33.953893,71.6340445,Peshawar,Khyber Pakhtunkhwa,Pakistan,,,
8510ab03-025b-50ab-8206-d4caa8577d2a,1022552321,way,landuse,residential,,,,,,33.9549087,71.6330735,Peshawar,Khyber Pakhtunkhwa,Pakistan,,,
0bc35503-126b-5b80-b1ec-8f496cd537ce,1022552322,way,landuse,residential,,,,,,33.9532941,71.6356424,Peshawar,Khyber Pakhtunkhwa,Pakistan,,,
f728943d-d8a8-5960-b817-dcde85d94a6d,72423352,way,landuse,residential,,,,,,33.9601155,71.6353685,Peshawar,Khyber Pakhtunkhwa,Pakistan,,,
6a4b2edc-97a9-5a5e-b4f0-7da0d5efeeeb,72423355,way,landuse,residential,,,,,,33.9627881,71.6382865,Peshawar,Khyber Pakhtunkhwa,Pakistan,,,
438904f7-3425-54b0-b8aa-23c163dacb9f,1022552315,way,landuse,residential,,,,,,33.9573349,71.6359516,Peshawar,Khyber Pakhtunkhwa,Pakistan,,,
61a5a785-e957-5f89-958b-238d0742b138,1038585650,way,landuse,residential,,,,,,33.9707848,71.6236863,Peshawar,Khyber Pakhtunkhwa,Pakistan,,,
df696f75-0f26-574b-bbf7-ea72d0f6a295,1038585651,way,landuse,residential,,,,,,33.970686,71.6300443,Peshawar,Khyber Pakhtunkhwa,Pakistan,,,
6f14a37d-d852-58b9-b811-052bf51a1967,72431767,way,landuse,residential,,,,,,33.974649,71.6370698,Peshawar,Khyber Pakhtunkhwa,Pakistan,,,
2ea96de1-33a6-5e08-91d4-fdfa6e93c9dd,72431768,way,landuse,residential,,,,,,33.9712102,71.6360237,Peshawar,Khyber Pakhtunkhwa,Pakistan,,,
5a94cf42-f0a2-52b9-8ded-dcef38188f77,72431779,way,landuse,residential,,,,,,33.9851691,71.6335239,Peshawar,Khyber Pakhtunkhwa,Pakistan,,,
0de3e57e-4442-53ec-a9cc-59ea446f6653,72440475,way,landuse,residential,,,,,,33.9927556,71.6352654,Peshawar,Khyber Pakhtunkhwa,Pakistan,,,
53c79b2d-6fcf-535e-ac75-1c37a10f87e6,72440506,way,landuse,residential,,,,,,33.988935,71.6372333,Peshawar,Khyber Pakhtunkhwa,Pakistan,,,
e5af7436-4ebf-5eb5-9e3f-49734304ab2d,838441918,way,landuse,cemetery,Hazarakhwani Cemetery,ہزار ا خواني قبرستان,,,,33.9974883,71.5885729,Peshawar,Khyber Pakhtunkhwa,Pakistan,,,
61f0e3d8-9821-52b7-acf7-c6fbebad7daa,72440626,way,landuse,residential,,,,,,33.9925376,71.608716,Peshawar,Khyber Pakhtunkhwa,Pakistan,,,
3e7e0d2f-6fb1-5b17-9c51-ee64b19dac59,72440614,way,landuse,residential,,,,,,33.9925353,71.6127122,Peshawar,Khyber Pakhtunkhwa,Pakistan,,,
73ca3e2d-011d-5c07-a1fb-d7af07d57e26,72440593,way,landuse,residential,,,,,,33.9994358,71.6311018,Peshawar,Khyber Pakhtunkhwa,Pakistan,,,
b9c2cba2-dce9-5f6d-ba8d-dbbdcd7476e2,19746335,relation,shop,car_repair,,,Paint shops,,,33.9906595,71.5933431,Peshawar,Khyber Pakhtunkhwa,Pakistan,,,
c4fd1d14-21af-5ec7-bca6-90836a441fa9,19746334,relation,amenity,fuel,Kaka Kheel CNG,,,,,33.9884289,71.5885543,Peshawar,Khyber Pakhtunkhwa,Pakistan,,,
78c5f55a-ab22-53d1-b1e6-239cde2dfb34,7819270186,node,amenity,place_of_worship,Shrine of Agha Mir Jani Shah Sarkar,,,,,34.0018211,71.5767597,Peshawar,Khyber Pakhtunkhwa,Pakistan,,,
371ab2ab-7e58-5eaf-bce9-8c039540a2f1,3276950230,node,landuse,residential,ZARGAR ABAD / زد گرآباد,,,,,34.0005585,71.580756,Peshawar,Khyber Pakhtunkhwa,Pakistan,,,
5854c4ae-31dd-5c8f-a8a3-5da92ab2d015,5755501822,node,tourism,attraction,Cunningham Clock Tower,,,,,34.0097907,71.5757614,Peshawar,Khyber Pakhtunkhwa,Pakistan,,,
ced7f25f-4fe7-5949-8e6c-051933992046,7852504742,node,amenity,place_of_worship,Khizarwali,,,,,34.0058048,71.5770866,Peshawar,Khyber Pakhtunkhwa,Pakistan,,,
2985b753-21ff-54b3-89bc-6743d19fff9a,8414377646,node,amenity,place_of_worship,Sethi,,,,,34.0088111,71.5781258,Peshawar,Khyber Pakhtunkhwa,Pakistan,,,
c8dd5fc6-f7d5-51a3-b27c-315892ce6cf8,8414377656,node,tourism,museum,Sethi Havelis,,,,,34.0089494,71.578363,Peshawar,Khyber Pakhtunkhwa,Pakistan,,,
83a32e78-18cf-5d7e-bc20-c2879db9d471,8424760948,node,amenity,place_of_worship,Dilawar Khan,,,,,34.0080301,71.577344,Peshawar,Khyber Pakhtunkhwa,Pakistan,,,
d004318a-5203-577e-9c1c-456542dfc8d1,8436248348,node,place,neighbourhood,Mohallah Sarqan,,,,,34.0082447,71.576558,Peshawar,Khyber Pakhtunkhwa,Pakistan,,,
31590dde-d90d-59b5-8eec-5a03083423f5,8436248349,node,place,neighbourhood,Mohallah Baqar Shah,,,,,34.0074511,71.5769923,Peshawar,Khyber Pakhtunkhwa,Pakistan,,,
e4f95e6a-73d6-5b9b-b2da-b2a3313e3556,4781360321,node,office,government,pakia,,pakia,,,34.0119678,71.5766483,Peshawar,Khyber Pakhtunkhwa,Pakistan,,,
130d9316-61fa-51e5-add8-0582c44094c1,5011765127,node,shop,car_parts,Raiti Bazar,,Raiti Bazar,,,34.010069,71.5750221,Peshawar,Khyber Pakhtunkhwa,Pakistan,,,
24d8ef13-b50e-5544-880b-3efa420e5e8b,5754374821,node,amenity,bank,یونائیٹڈ بینک لمیٹڈ,یونائیٹڈ بینک لمیٹڈ,United Bank Limited,,,34.0121148,71.5755979,Peshawar,Khyber Pakhtunkhwa,Pakistan,یونائیٹڈ بینک لمیٹڈ,,
fc6f5f65-28a2-5b45-a9e3-77a2669bb7b9,8436267441,node,place,neighbourhood,Dakhi Sharif Khan,,,,,34.0100623,71.5780864,Peshawar,Khyber Pakhtunkhwa,Pakistan,,,
b0ab98b8-1969-597a-92f7-1c9f31c3f8be,9608186831,node,amenity,place_of_worship,,,,,,34.011596,71.5768228,Peshawar,Khyber Pakhtunkhwa,Pakistan,,,
062579cd-2de1-5c1e-b5fe-efb3e2dc697c,9608186851,node,amenity,place_of_worship,,,,,,34.0103573,71.577127,Peshawar,Khyber Pakhtunkhwa,Pakistan,,,
19abf5b8-a183-5001-9c68-0ad9f05acf7c,10605734249,node,amenity,place_of_worship,,,,,,34.010359,71.5765353,Peshawar,Khyber Pakhtunkhwa,Pakistan,,,
20fb0fc3-04e8-56ea-8065-181072bb02a0,3276950229,node,place,suburb,بیرے باغ,بیرے باغ,Beri Bagh,,,34.0037432,71.58313,Peshawar,Khyber Pakhtunkhwa,Pakistan,,,
3c212c1b-87ff-5ff1-ad15-f6d385019313,3276987769,node,landuse,residential,Mohallah Sheikh-ul-Islam,محلہ شیخ الاسلام,Mohalla Sheikhul Islam,,,34.0075308,71.5808678,Peshawar,Khyber Pakhtunkhwa,Pakistan,,,
89269640-3994-5879-91a2-0e1e30e73fe4,5755430921,node,tourism,museum,City Museum - Ghor Katri,,,,,34.0079115,71.5816898,Peshawar,Khyber Pakhtunkhwa,Pakistan,,,
13e39fd8-741e-5c82-a392-fb24fda5a391,6989435185,node,shop,furniture,Work shop,,,,,34.009792,71.582615,Peshawar,Khyber Pakhtunkhwa,Pakistan,,,
f45c2678-cb98-5756-9087-c679c049b1bb,7848700175,node,amenity,place_of_worship,Khwaja Maruf,,,,,34.0074912,71.5812697,Peshawar,Khyber Pakhtunkhwa,Pakistan,,,
5d1be06c-4b12-5da4-8493-26f02147dc3d,8414377655,node,place,neighbourhood,Sethi Mohallah,,,,,34.0090121,71.5784983,Peshawar,Khyber Pakhtunkhwa,Pakistan,,,
ce99069e-29f4-5bba-9379-63559eb447ea,8436248350,node,place,neighbourhood,Mohbat Pura,,,,,34.0076292,71.5844363,Peshawar,Khyber Pakhtunkhwa,Pakistan,,,
8229af42-c702-5fdc-87fa-00fef4d106ed,8436248351,node,place,neighbourhood,Mohallah Hudda,,,,,34.0072111,71.5825029,Peshawar,Khyber Pakhtunkhwa,Pakistan,,,
339d9844-d7e1-54ff-b202-3962d07f7aee,8436248352,node,place,neighbourhood,Mohallah Gazdar de Mori,,,,,34.0078344,71.5828812,Peshawar,Khyber Pakhtunkhwa,Pakistan,,,
05266d18-2e61-58b1-bdfa-224e33939750,8436248354,node,place,neighbourhood,Mohallah Albanani,,,,,34.0098513,71.5806162,Peshawar,Khyber Pakhtunkhwa,Pakistan,,,
ef012fee-e192-551a-a082-f17a5228f119,8436267442,node,place,neighbourhood,Mohallah Chaksazan,,,,,34.0091473,71.5795195,Peshawar,Khyber Pakhtunkhwa,Pakistan,,,
3e6c2b3c-d916-5131-a677-e1c945bde537,10608110812,node,historic,fort,Gor Khatri,,,,,34.0085625,71.5819415,Peshawar,Khyber Pakhtunkhwa,Pakistan,,,
394d9375-631e-5ac9-a43c-29cf6f5906b9,11466025754,node,leisure,park,s,,,,,34.0047811,71.5787316,Peshawar,Khyber Pakhtunkhwa,Pakistan,,,
5dce800f-54ab-5cdf-adb0-6b0c9af2af54,3276944093,node,place,suburb,شیخ جنید آباد,شیخ جنید آباد,Sheikhabad,,,34.0072328,71.5880095,Peshawar,Khyber Pakhtunkhwa,Pakistan,,,
dfe6737a-f452-5715-a849-c9fcd97782d3,3276944094,node,place,suburb,حیدر کولونی,حیدر کولونی,Haider Colony,,,34.0038776,71.586996,Peshawar,Khyber Pakhtunkhwa,Pakistan,,,
d87b97a0-9c02-5732-b625-78abc9aa5be1,3335614038,node,leisure,park,شیخ آباد پارک 1,شیخ آباد پارک 1,Sheikabād Park 1,,,34.0077935,71.5882657,Peshawar,Khyber Pakhtunkhwa,Pakistan,,,
836eaf0d-63c0-5bbc-8fb9-e2130dd58456,3335615708,node,amenity,parking,,,,,,34.00905,71.5877463,Peshawar,Khyber Pakhtunkhwa,Pakistan,,,
6769bbb3-bf13-5fbd-ae04-97982b4c6ffe,3335625730,node,amenity,place_of_worship,Shrine of Shiekh Junaid Baba,,,,,34.0076026,71.5893748,Peshawar,Khyber Pakhtunkhwa,Pakistan,,,
0a199681-90e8-5111-a69d-9ae65e924cdf,9554573178,node,public_transport,platform,gunj gate,,,,"modes: qinchis, datsun, cars
type of operation: route based
no of vehicles stopped: 55",34.0058552,71.585407,Peshawar,Khyber Pakhtunkhwa,Pakistan,,,
6050789e-fd3c-5920-9282-48b2d3bd966c,294107164,node,place,city,پشاور‎,پشاور‎,Peshawar,,,34.0123846,71.5787458,Peshawar,Khyber Pakhtunkhwa,Pakistan,,,Q1113311
8fc3333a-f28c-53b1-bc03-1e84c66c1a84,1223111906,node,tourism,hotel,Shawal Hotel,,,,,34.0148846,71.5822004,Peshawar,Khyber Pakhtunkhwa,Pakistan,,,
583a7357-7a5b-510c-aa8e-c7a458e91365,2077574702,node,tourism,hotel,Amin Hotel Peshawar,,,,,34.0155327,71.5819412,Peshawar,Khyber Pakhtunkhwa,Pakistan,,,
9797449d-a5c5-534e-8c55-cce95ccd2849,7182345585,node,amenity,restaurant,Haleem Ghar,,,,,34.0152217,71.5786445,Peshawar,Khyber Pakhtunkhwa,Pakistan,,,
4f039099-0f80-5906-b1ed-558caca0b69c,7849186774,node,amenity,place_of_worship,Samadani,,,,,34.0130402,71.5827644,Peshawar,Khyber Pakhtunkhwa,Pakistan,,,
50ad31e2-3ebe-5ee9-a088-cbf41791d571,7849191202,node,amenity,place_of_worship,Shrine of Shah Rasool Mir,,,,,34.0128996,71.5819285,Peshawar,Khyber Pakhtunkhwa,Pakistan,,,
40da3fa7-221c-5fca-80ac-4b91e084bb77,7849502605,node,amenity,place_of_worship,,,,,,34.0099699,71.5785852,Peshawar,Khyber Pakhtunkhwa,Pakistan,,,
5d8f4909-2cd3-533d-a3a8-6efeb95779fa,8414245003,node,place,neighbourhood,Mohallah Jogi Wara,,,,,34.0126561,71.5787919,Peshawar,Khyber Pakhtunkhwa,Pakistan,,,
2d76f77f-c985-521c-8e0a-d839db6a035a,8414245004,node,shop,books,Book Shop Chaka Gali,,,,,34.0122256,71.5787092,Peshawar,Khyber Pakhtunkhwa,Pakistan,,,
7c3f9275-a5d9-53d6-b349-848b53729de3,8433296115,node,place,neighbourhood,Mohallah Abdullah Shah,,,,,34.01269,71.5840542,Peshawar,Khyber Pakhtunkhwa,Pakistan,,,
7198d6b4-8dde-5fd8-a59f-39e5d5e51511,8433296116,node,place,neighbourhood,Mohallah Majian,,,,,34.0129067,71.5813362,Peshawar,Khyber Pakhtunkhwa,Pakistan,,,
e6cd12c5-1a18-591b-8923-b6a0aec5b627,8433297517,node,place,neighbourhood,Mohallah Adbul Hakim,,,,,34.0114048,71.5828026,Peshawar,Khyber Pakhtunkhwa,Pakistan,,,
96ca8110-fc1a-5dba-8817-5febbead7276,8436248353,node,place,neighbourhood,Mohallah Shahdad,,,,,34.0106758,71.5791031,Peshawar,Khyber Pakhtunkhwa,Pakistan,,,
b2b62f5f-92a0-5b2a-96cf-30d82fb30da6,8436248355,node,place,neighbourhood,Sikandarpura,,,,,34.0146629,71.582189,Peshawar,Khyber Pakhtunkhwa,Pakistan,,,
01e8250e-857c-57e8-8419-dedf4af1faeb,8436267443,node,place,neighbourhood,Mohallah Baldaran,,,,,34.0102217,71.5821585,Peshawar,Khyber Pakhtunkhwa,Pakistan,,,
f6e066d5-5e20-502f-bf2c-81851bea6e97,1223880845,node,amenity,bank,The Bank of Khyber,,,,,34.0162542,71.5853439,Peshawar,Khyber Pakhtunkhwa,Pakistan,,,
384163f3-4996-509e-9cf3-2599a2f4f784,3276944092,node,place,suburb,نشتر آباد,نشتر آباد,Nishtarabad,,,34.0141785,71.5884761,Peshawar,Khyber Pakhtunkhwa,Pakistan,,,
6d90b867-44b2-508b-b5ac-c75d365b751c,4515365490,node,amenity,police,Gul Bahar Police Station,,,,,34.0149762,71.5914887,Peshawar,Khyber Pakhtunkhwa,Pakistan,,,
dcb75eaa-de92-5a8c-99ba-2cb19ad774d5,4515384590,node,amenity,police,Peshawar Driving license Office,,,,,34.0150293,71.5908943,Peshawar,Khyber Pakhtunkhwa,Pakistan,,,
e744e8dd-851d-52a8-af85-8e212249488a,5257695759,node,amenity,atm,,,,,,34.0120211,71.5893086,Peshawar,Khyber Pakhtunkhwa,Pakistan,,,
613453c1-e4e5-58d5-a158-7dc3737d84b3,11445728926,node,amenity,fast_food,Shahi Dera Fast Food,,,,,34.0144742,71.5868497,Peshawar,Khyber Pakhtunkhwa,Pakistan,,,
f2702093-906e-51c8-9cf1-26c69db90548,3280180803,node,amenity,fuel,CNG Statiom,,,,,34.0002025,71.6074939,Peshawar,Khyber Pakhtunkhwa,Pakistan,,,
241fc496-298a-59f0-9705-2d3a224b5e06,3280180804,node,amenity,fuel,CNG Statiom,,,,,34.0003609,71.6087239,Peshawar,Khyber Pakhtunkhwa,Pakistan,,,
a6b4c96b-376b-5d56-93f0-1b47667d7021,2502792603,node,amenity,fuel,,,,,,34.0162935,71.5931906,Peshawar,Khyber Pakhtunkhwa,Pakistan,,,
48fc3203-24df-5cf5-9d63-64b04ef7b238,2502792606,node,amenity,fuel,,,,,,34.0161683,71.5953828,Peshawar,Khyber Pakhtunkhwa,Pakistan,,,
2b3193b4-9701-502c-929e-b58d95f2278c,2502792609,node,amenity,fuel,,,,,,34.016159,71.5957607,Peshawar,Khyber Pakhtunkhwa,Pakistan,,,
904dc51e-bf33-5d3f-8094-6be3250d6dbb,5257685441,node,amenity,fuel,cng,,,,,34.0108855,71.5915679,Peshawar,Khyber Pakhtunkhwa,Pakistan,,,
19a73914-7dab-5ce2-8aa4-6ead90ee4a77,6839659555,node,office,company,Nexawo (Brand of Azeem IT Solutions),,,,,34.0121278,71.5918356,Peshawar,Khyber Pakhtunkhwa,Pakistan,,,
08f8bd32-8472-5a8e-8905-dc643d9d4bc7,9491674409,node,amenity,taxi,Peshawar car stand,,,,Modes available: Car,34.0161222,71.5966759,Peshawar,Khyber Pakhtunkhwa,Pakistan,,,
9e2e3d58-9daa-5f81-8394-71ad33ea17d0,11430510517,node,amenity,post_office,Leopard Courier,,,,,34.0140794,71.5917979,Peshawar,Khyber Pakhtunkhwa,Pakistan,,,
a6ebeb44-e706-56d0-9663-3fe8864391a2,12353243014,node,shop,supermarket,Shafi Mart,,,,,34.0110474,71.5947418,Peshawar,Khyber Pakhtunkhwa,Pakistan,,,
cadfa62f-eb85-53fa-8ed3-ce82ea634510,12353319797,node,shop,bakery,"Salman Bakers, Gulbahar Branch",,,,,34.0120544,71.5920868,Peshawar,Khyber Pakhtunkhwa,Pakistan,,,
18eba207-6fa8-588a-9909-8e21ace7a34c,12357239871,node,healthcare,clinic,Civil Dispensary Gulbahar,سول ڈسپنسری گلبہار,,,,34.0108886,71.5969117,Peshawar,Khyber Pakhtunkhwa,Pakistan,,,
86d24893-1a7a-5437-bca7-ddab3e7b930e,12357261009,node,amenity,restaurant,"Mr Cod, Gulbahar Branch",,,,,34.0108376,71.5974579,Peshawar,Khyber Pakhtunkhwa,Pakistan,,,
16f04039-fa2c-5896-a057-253cc0743944,12357269258,node,shop,stationery,Salman Photostate Shop,,,,,34.010849,71.5965424,Peshawar,Khyber Pakhtunkhwa,Pakistan,,,
4a7bd724-410b-5969-880d-be32364e8180,2502792612,node,amenity,fuel,CNG - Gulbahar adda,,,,,34.0152819,71.5988586,Peshawar,Khyber Pakhtunkhwa,Pakistan,,PSO,
819cb53c-7c9e-5493-931a-2cc72e1cdfd3,2781305202,node,landuse,residential,GULBAHAR / گلبهار,,,,,34.0125723,71.6036073,Peshawar,Khyber Pakhtunkhwa,Pakistan,,,
ad8547f1-7b27-501a-b314-96840d7defb9,4556552391,node,amenity,bank,الائیڈ بینک لمیٹڈ,الائیڈ بینک لمیٹڈ,ABL,,,34.0157015,71.6008044,Peshawar,Khyber Pakhtunkhwa,Pakistan,الائیڈ بینک لمیٹڈ,,
e3859bf7-c008-5135-a22b-60e2182915dc,4987520321,node,tourism,hotel,Balahisar,,,,,34.014797,71.5990183,Peshawar,Khyber Pakhtunkhwa,Pakistan,,,
652416e8-1f6c-5edc-af58-7c7653362101,9494405130,node,amenity,taxi,Umer Car rent,,,,Modes available: Car,34.0157009,71.6016645,Peshawar,Khyber Pakhtunkhwa,Pakistan,,,
b44c73e0-ac25-55af-9142-9d5e9d56cf86,9494408048,node,amenity,taxi,Peshawar car stand,,,,Car,34.0162846,71.5982893,Peshawar,Khyber Pakhtunkhwa,Pakistan,,,
67c145b3-717d-59db-9cd7-0f55efe8b9f8,9494414828,node,amenity,taxi,Maqsood afridi car stand,,,,Modes available: Car,34.0154296,71.6033231,Peshawar,Khyber Pakhtunkhwa,Pakistan,,,
f6d4f48b-7666-5255-9a87-162680c219ca,11728826657,node,landuse,residential,Dr. Yaqoob Flats,,,,,34.0095048,71.605435,Peshawar,Khyber Pakhtunkhwa,Pakistan,,,
cd6a7d0d-ea6e-5a9e-8232-d2fc0c143793,307372551,node,amenity,fuel,CNG station,,,,,34.0066487,71.6165181,Peshawar,Khyber Pakhtunkhwa,Pakistan,,,
b8befacc-dab4-5b5e-97ab-ed44f171d78e,4570331789,node,amenity,fuel,pso pump,,pso pump,,,34.0063235,71.61441,Peshawar,Khyber Pakhtunkhwa,Pakistan,,,
32ddefc1-63e1-5c94-849c-bdc71a581637,9550106596,node,public_transport,platform,govt college chowk,,,,"modes: riksha,Qinchi,cars
type of operation: route based/ mix
no of vehicles stopped: 38",34.0191712,71.5781905,Peshawar,Khyber Pakhtunkhwa,Pakistan,,,
a0e438d9-91d3-56fd-95f8-91194ed959c0,3302081823,node,amenity,parking,,,,,,34.0239353,71.5776124,Peshawar,Khyber Pakhtunkhwa,Pakistan,,,
60712acf-0803-5d6f-bdb4-0bb63262d8d3,4456939994,node,amenity,police,Police Station Faqirabad,,Police Station Faqirabad,,,34.0280887,71.5754206,Peshawar,Khyber Pakhtunkhwa,Pakistan,,,
781a3bce-a5af-5590-9390-9fe820a6b75a,4496769992,node,amenity,fuel,,,,,,34.0246189,71.577796,Peshawar,Khyber Pakhtunkhwa,Pakistan,,,
deabdb68-376e-5752-afd0-7d58ce5fb9aa,4496776893,node,amenity,fire_station,Fire Brigade,,,,,34.0279949,71.5753927,Peshawar,Khyber Pakhtunkhwa,Pakistan,,,
652fa736-00a2-5e80-96df-947531cd5079,9554573137,node,public_transport,platform,charsadda road,,,,"modes: hiaces
type of operation: route based
no of vehicles stopped: 60",34.0293734,71.5759743,Peshawar,Khyber Pakhtunkhwa,Pakistan,,,
515c8650-1613-5634-9cb5-d761b84cbac3,1224175061,node,amenity,place_of_worship,مسجد,مسجد,,,,34.0202251,71.5795003,Peshawar,Khyber Pakhtunkhwa,Pakistan,,,
b8e7bcb2-faf4-5de9-8dc0-85dec1fda7e3,3335800486,node,amenity,parking,,,,,,34.0168003,71.584911,Peshawar,Khyber Pakhtunkhwa,Pakistan,,,
50ca0e85-4326-5d6a-b5c3-66cdf2184a06,8420479112,node,public_transport,platform,govt college chowk,,,,"modes: rikshas, cars
type of operation: route based/mix
no of vehicles stopped: 29",34.0190466,71.5799997,Peshawar,Khyber Pakhtunkhwa,Pakistan,,,
01d63124-5b66-538a-9c7e-52db68508b82,9550111943,node,public_transport,platform,dalazak road,,,,modes: rikshas type of operation: route based no of vehicles stopped:22,34.017928,71.5814374,Peshawar,Khyber Pakhtunkhwa,Pakistan,,,
d9af7cfa-414b-5128-80c6-3297b3d34ccd,2432067850,node,railway,station,پشاور شہر,پشاور شہر,Peshawar City,,,34.0179762,71.5869468,Peshawar,Khyber Pakhtunkhwa,Pakistan,,پاکستان ریلویز,Q15983602
08c11a7d-ba24-58f7-a917-8862ba86f326,4547892589,node,amenity,bank,national saving bank,,,,,34.0202763,71.5876389,Peshawar,Khyber Pakhtunkhwa,Pakistan,,,
61f877cb-6519-5eed-bfd8-8478c0fcfa7c,7821927763,node,place,neighbourhood,Pir Ghaib Baba,,,,,34.0206751,71.5909349,Peshawar,Khyber Pakhtunkhwa,Pakistan,,,
103eb234-8e50-509b-9105-687b632dbf29,9554583095,node,public_transport,platform,dalazak road,,,,"modes: car, suzukis
type of operation: route based
no of vehicles stopped: 29",34.0188395,71.5867803,Peshawar,Khyber Pakhtunkhwa,Pakistan,,,
22c723ce-f542-57b6-a0b1-b41e4fcc3219,3301971427,node,place,neighbourhood,افغان کالونی,افغان کالونی,Afghan Colony,,,34.0276785,71.5808097,Peshawar,Khyber Pakhtunkhwa,Pakistan,,,
1ba06df4-0856-5009-b593-6368a1b3a597,7821509392,node,amenity,place_of_worship,رشیدیہ,رشیدیہ,Rasheedia,,,34.0241824,71.5797903,Peshawar,Khyber Pakhtunkhwa,Pakistan,,,
1caa410a-4d14-54f9-9473-2b792c24db02,6406327586,node,amenity,fuel,Azeem CNG,,,,,34.0341932,71.5783873,Peshawar,Khyber Pakhtunkhwa,Pakistan,,,
7239a069-f7f4-5ba2-8ddc-fb027f032afb,6408440285,node,shop,mobile_phone,Jazz,,Jazz franchise,,,34.0316693,71.5775265,Peshawar,Khyber Pakhtunkhwa,Pakistan,,,
db98d671-9eaa-58c9-952d-ae88443c1307,4872596922,node,tourism,hostel,Hussain Hostel,,,,,34.034918,71.5874124,Peshawar,Khyber Pakhtunkhwa,Pakistan,,,
d97a922d-cb5a-5dfe-9dc0-d91e78d85799,10695828007,node,education,college,Abasyn University Main Campus,اباسین یونیورسٹی مین کیمپس,,,,34.0316239,71.5880804,Peshawar,Khyber Pakhtunkhwa,Pakistan,,,
ee367eb4-be28-578e-b86e-3d1438c9cb65,4541536289,node,tourism,attraction,sardar colony,,sardar colony,,,34.0382175,71.5828042,Peshawar,Khyber Pakhtunkhwa,Pakistan,,,
b8980a21-38f1-5109-a2e7-008ad1b1bd7f,6406327585,node,amenity,fuel,Asim CNG,,,,,34.0370682,71.5787964,Peshawar,Khyber Pakhtunkhwa,Pakistan,,,
cbe74f18-9083-5287-a0b1-418ecc21241b,3302478481,node,landuse,residential,GHARIB ABAD /  غریب آباد,,,,,34.022148,71.5962847,Peshawar,Khyber Pakhtunkhwa,Pakistan,,,
81981d22-1cbd-59a3-9a14-ae9988f32d31,3280136272,node,public_transport,platform,haji camp bus stop/terminal,,,,"modes: buses, hiaces, coasters,cars
types of operation: route based\mix
no of vehicles stopped: 300",34.0170625,71.6003845,Peshawar,Khyber Pakhtunkhwa,Pakistan,,,
ab57e6b2-4ea0-58d0-8d50-97c38b6b2c22,3302478482,node,place,suburb,فیروزآباد,فیروزآباد,Ferozabad,,,34.0240838,71.5952217,Peshawar,Khyber Pakhtunkhwa,Pakistan,,,
e8145e72-0e26-56f3-9344-9440950b7211,3302472976,node,landuse,residential,Gisako Colony / گیساکو کولونی,,,,,34.0243971,71.60414,Peshawar,Khyber Pakhtunkhwa,Pakistan,,,
ddb2e9bb-c6ee-5a27-9e78-a7af60f72a08,3302472977,node,landuse,residential,SARBULAND PORA / سربلند پورہ,,,,,34.0199112,71.6103284,Peshawar,Khyber Pakhtunkhwa,Pakistan,,,
13a291ce-3702-5887-87f5-c98a8cc9125e,11445667967,node,office,government,Food Department KP,,,,,34.0173848,71.6049251,Peshawar,Khyber Pakhtunkhwa,Pakistan,,,
03c07a1e-ed49-571d-a76b-a8abdc1a1e8b,3302472978,node,landuse,residential,WARIS ABAD / وارث آباد,,,,,34.0182216,71.6139525,Peshawar,Khyber Pakhtunkhwa,Pakistan,,,
0f0d09c4-c239-53d2-9fd0-82e96381c989,4746670722,node,amenity,place_of_worship,United steel traders,,United steel traders,,,34.0178994,71.6139433,Peshawar,Khyber Pakhtunkhwa,Pakistan,,,
4e5298aa-dd6f-5f52-a28b-607ae47c3ed5,3302478480,node,landuse,residential,SETHI TOWN /  سیٹھی ٹاون,,,,,34.0245266,71.6108054,Peshawar,Khyber Pakhtunkhwa,Pakistan,,,
348b6735-4d3f-5d5d-8db0-e85ed719d860,6385698385,node,shop,car_repair,Car Paint,,,,,34.0324512,71.5996268,Peshawar,Khyber Pakhtunkhwa,Pakistan,,,
b7f21576-d8a0-59e8-a42f-9328c86a044d,8909329008,node,place,suburb,پخہ غلام,,Pakha Ghulam,,,34.0386508,71.6108971,Peshawar,Khyber Pakhtunkhwa,Pakistan,,,
8bb82a1f-b4a1-5109-9b23-4a5f277f9c36,4496769993,node,shop,car_repair,Car Repair Michanic,,,,,34.0430404,71.5775705,Peshawar,Khyber Pakhtunkhwa,Pakistan,,,
47ee1ed7-0630-5c95-8263-51ecedb4a903,4682542590,node,amenity,place_of_worship,Jamia Masjid Janas Khan Akakhail,,,,,34.0449661,71.576021,Peshawar,Khyber Pakhtunkhwa,Pakistan,,,
f6aa0915-dc45-5c62-8f16-26c0cac55dae,4682550889,node,shop,supermarket,Golden Plaza (Janas Khan Akakhail & Son's),,,,,34.042951,71.5785593,Peshawar,Khyber Pakhtunkhwa,Pakistan,,,
413b1174-a746-5afc-8681-5b8914689dc8,307372006,node,amenity,fuel,Diesel pump,,,,,34.0109769,71.621816,Peshawar,Khyber Pakhtunkhwa,Pakistan,,,
74382a72-77e8-5bbf-8980-29cf2a4f1e47,3302472979,node,landuse,residential,MADINA TOWN / مدینۃ ٹاؤن,,,,,34.0189491,71.6191905,Peshawar,Khyber Pakhtunkhwa,Pakistan,,,
c0b0ee83-6634-505e-992e-e37832846a6f,5224295923,node,tourism,attraction,Shakir Associates,,,,,34.0172948,71.6201699,Peshawar,Khyber Pakhtunkhwa,Pakistan,,,
830ebc56-a50e-560f-b7dd-43214067577a,13283612950,node,amenity,fuel,,,,,,34.0221799,71.6208976,Peshawar,Khyber Pakhtunkhwa,Pakistan,,,
0af8519d-f36b-5864-9ff3-8e8bb0aed305,3280394123,node,amenity,restaurant,الخیبر ہوٹل اور ریستوران جی ٹی روڈ چغل پورہ,الخیبر ہوٹل اور ریستوران جی ٹی روڈ چغل پورہ,Al-Khyber Hotel & Restaurant GT Road Chughar Pura,,,34.0172226,71.6299198,Peshawar,Khyber Pakhtunkhwa,Pakistan,,,
be662393-bd31-5744-89ba-3ed6af007bbf,3280394127,node,amenity,fuel,گیس سنٹر سی این جی فلنگ اسٹیشن,گیس سنٹر سی این جی فلنگ اسٹیشن,Gas Centre CNG Filling Station,,,34.0169841,71.6268847,Peshawar,Khyber Pakhtunkhwa,Pakistan,,,
5757cd6e-dba7-52fe-a9a4-0effddb87065,3280481468,node,amenity,place_of_worship,مسجد,مسجد,,,,34.0168794,71.6263866,Peshawar,Khyber Pakhtunkhwa,Pakistan,,,
3a5033e2-ab51-5085-aa79-617029b823a8,4553823589,node,tourism,attraction,Daoranpura Peshawar,,Daoranpura Peshawar,,,34.0265496,71.6242163,Peshawar,Khyber Pakhtunkhwa,Pakistan,,,
653088fc-4c90-5e29-99e2-f99841b8db0f,5892646286,node,shop,hardware,Kenwood,,,,,34.0250859,71.6225397,Peshawar,Khyber Pakhtunkhwa,Pakistan,,,
6ac47d16-aab8-5cc5-8646-436ac24efe17,11434357948,node,leisure,park,M2 Park,,,,,34.0231228,71.6197597,Peshawar,Khyber Pakhtunkhwa,Pakistan,,PDA,
82291a43-0f0a-5968-8fc5-7a34e4d8a219,8909329006,node,place,neighbourhood,دوران پور,,Doran Pur,,,34.028277,71.6284118,Peshawar,Khyber Pakhtunkhwa,Pakistan,,,
c3f0bba9-3c4c-503b-9410-58b6425fe3b3,3280481543,node,amenity,fuel,ایندھن اسٹیشن,ایندھن اسٹیشن,,,,34.0177102,71.6339181,Peshawar,Khyber Pakhtunkhwa,Pakistan,,,
57fb0240-f8bb-567d-b04b-c0f89b944b43,3280481550,node,amenity,parking,ٹرک پارکنگ,ٹرک پارکنگ,Truck Parking,,,34.0166009,71.631898,Peshawar,Khyber Pakhtunkhwa,Pakistan,,,
3a371ceb-60d6-5660-a8c8-5dde164cb7c0,3280481551,node,amenity,parking,ٹرک پارکنگ,ٹرک پارکنگ,Truck Parking,,,34.0166845,71.6322552,Peshawar,Khyber Pakhtunkhwa,Pakistan,,,
bee26e2d-41a6-5f9f-98a2-5a5a9e44dc81,3280481552,node,amenity,parking,ٹرک پارکنگ,ٹرک پارکنگ,Truck Parking,,,34.016956,71.6326616,Peshawar,Khyber Pakhtunkhwa,Pakistan,,,
744521f0-5752-5c22-80d1-e15ccf78fd30,8909329005,node,place,village,سردار گڑھی,,Sardargarhi,,,34.0229943,71.6338908,Peshawar,Khyber Pakhtunkhwa,Pakistan,,,
ccefdde5-197f-50ab-a1f0-f5d33bc19e29,8909329007,node,place,neighbourhood,آفیسرز کالونی,,Officers Colony,,,34.0348167,71.629369,Peshawar,Khyber Pakhtunkhwa,Pakistan,,,
b4b0c661-9d18-5a07-a9bc-39d0d8eb2c21,837760860,way,landuse,cemetery,Agha Mir Jani Shah Sarkar Cemetery,,,,,34.0018272,71.5764467,Peshawar,Khyber Pakhtunkhwa,Pakistan,,,
aed2ffd9-97af-529c-94bd-d62ca06be0dd,326867841,way,landuse,cemetery,Sookha Bara Qabristan,,,,,34.0032618,71.5853902,Peshawar,Khyber Pakhtunkhwa,Pakistan,,,
fdeeb3fe-3644-5340-a2d2-485a25122a99,766551597,way,landuse,cemetery,,,,,,34.002715,71.582043,Peshawar,Khyber Pakhtunkhwa,Pakistan,,,
153275f0-d265-519f-9a63-a224eb5d9092,766551598,way,landuse,cemetery,,,,,,34.0019252,71.5820614,Peshawar,Khyber Pakhtunkhwa,Pakistan,,,
6fab3c2a-530e-5b14-8658-da1584f56c76,841269714,way,amenity,place_of_worship,Ganj Ali Khan,,,,,34.0090063,71.5766888,Peshawar,Khyber Pakhtunkhwa,Pakistan,,,
ff8c45cf-f226-50e1-bc41-145519a54bfa,906077846,way,amenity,place_of_worship,Shrine of Fazl Ahmad Farooqui,,,,,34.0076495,71.5753641,Peshawar,Khyber Pakhtunkhwa,Pakistan,,,
2bfe5fa7-69ab-57c6-b8a8-a919fa657973,1235161302,way,leisure,park,K,,,,,34.0051178,71.5762752,Peshawar,Khyber Pakhtunkhwa,Pakistan,,,
a1f9106b-8229-5ee0-b85b-63e05895bac0,1235218820,way,leisure,park,,,,,,34.0043952,71.5756303,Peshawar,Khyber Pakhtunkhwa,Pakistan,,,
9c5f95cc-be95-5606-a54a-18b94b353fb3,1235218838,way,landuse,residential,,,,,,34.0043699,71.5757543,Peshawar,Khyber Pakhtunkhwa,Pakistan,,,
b98bdbc9-1f26-5d05-a19f-c94642542bbb,1235218839,way,landuse,residential,,,,,,34.0044326,71.575904,Peshawar,Khyber Pakhtunkhwa,Pakistan,,,
f3b6ea7d-031d-545b-b77a-8365ca255c87,1235218840,way,landuse,residential,,,,,,34.0042759,71.5759614,Peshawar,Khyber Pakhtunkhwa,Pakistan,,,
f6eba4f6-c68a-5a32-b13c-92bdac95b3ed,1235218842,way,landuse,residential,,,,,,34.0044721,71.5760327,Peshawar,Khyber Pakhtunkhwa,Pakistan,,,
6e48eebf-8e05-5ca8-8752-11480b234217,1235218843,way,landuse,residential,,,,,,34.0043067,71.576061,Peshawar,Khyber Pakhtunkhwa,Pakistan,,,
3c8a3905-6674-5e9b-b630-25dca4cb8d75,1235218845,way,landuse,residential,,,,,,34.0043764,71.5755147,Peshawar,Khyber Pakhtunkhwa,Pakistan,,,
d060e656-771c-5d33-ae8f-e998841a6432,1235218846,way,landuse,residential,,,,,,34.0042309,71.5755432,Peshawar,Khyber Pakhtunkhwa,Pakistan,,,
91bffe95-369d-547f-b555-9181ba9aef3a,1235218847,way,landuse,residential,,,,,,34.0041359,71.5755889,Peshawar,Khyber Pakhtunkhwa,Pakistan,,,
43b7cc9f-fcf5-59e9-88af-3042064acddc,1235218848,way,landuse,residential,,,,,,34.0041947,71.5756341,Peshawar,Khyber Pakhtunkhwa,Pakistan,,,
ed282001-0f69-5d87-8751-45fee2ef924e,1235218849,way,landuse,residential,,,,,,34.0042114,71.5757708,Peshawar,Khyber Pakhtunkhwa,Pakistan,,,
83f669b6-efcd-5222-90f1-292fd7e19b5e,1235218850,way,landuse,residential,,,,,,34.0043435,71.5753459,Peshawar,Khyber Pakhtunkhwa,Pakistan,,,
56a1fa2a-ad6a-58ba-8215-629a26b22494,1235218851,way,landuse,residential,,,,,,34.0042253,71.5753651,Peshawar,Khyber Pakhtunkhwa,Pakistan,,,
d11e5fe0-5c20-5179-a350-799d931aafea,1235218852,way,landuse,residential,,,,,,34.0041206,71.5753937,Peshawar,Khyber Pakhtunkhwa,Pakistan,,,
9b0fe7b3-5c81-5d66-90d6-663796d129f4,1235218853,way,landuse,residential,,,,,,34.0042768,71.5751637,Peshawar,Khyber Pakhtunkhwa,Pakistan,,,
c4755a3b-6673-5143-a6c8-8786a0eb6500,1235218854,way,landuse,residential,,,,,,34.0041256,71.5752227,Peshawar,Khyber Pakhtunkhwa,Pakistan,,,
2e334df7-e269-52ee-b830-808d0041a6ab,1235218863,way,landuse,residential,,,,,,34.004494,71.5769789,Peshawar,Khyber Pakhtunkhwa,Pakistan,,,
51898169-a3f5-5d73-a8c2-a6b86d8c27c3,1235218870,way,landuse,residential,s,,,,,34.0044282,71.5762337,Peshawar,Khyber Pakhtunkhwa,Pakistan,,,
e8edf693-84d7-581f-b4e4-6d4c5c9bacca,1235218871,way,landuse,residential,s,,,,,34.0044479,71.5764901,Peshawar,Khyber Pakhtunkhwa,Pakistan,,,
9a4b92a3-a1a7-54df-a6e1-e820c1cb3559,1235218872,way,landuse,residential,s,,,,,34.0044634,71.5766956,Peshawar,Khyber Pakhtunkhwa,Pakistan,,,
9ad752ce-b0d1-5ec6-9809-15e4ea0abdbe,1235218879,way,landuse,residential,s,,,,,34.0037323,71.5757537,Peshawar,Khyber Pakhtunkhwa,Pakistan,,,
117ac891-1d9d-50f1-a0fe-c38ba77f3204,1235218880,way,landuse,residential,s,,,,,34.003529,71.5754491,Peshawar,Khyber Pakhtunkhwa,Pakistan,,,
d93c684c-be29-5e9c-9357-4285b8c0421f,1235218881,way,landuse,residential,s,,,,,34.0036566,71.5752695,Peshawar,Khyber Pakhtunkhwa,Pakistan,,,
9ec3ed0e-5fa4-5670-a5a1-bc57be75a939,1235218882,way,landuse,residential,s,,,,,34.0036802,71.5754493,Peshawar,Khyber Pakhtunkhwa,Pakistan,,,
ff5660e5-fd1f-58c3-9ab4-0286b257cdc6,1235218883,way,landuse,residential,s,,,,,34.0037981,71.5759849,Peshawar,Khyber Pakhtunkhwa,Pakistan,,,
7197d5ef-1117-50e0-9a99-7add458bad52,1235218884,way,landuse,residential,s,,,,,34.0037914,71.5766315,Peshawar,Khyber Pakhtunkhwa,Pakistan,,,
8c62023a-4d53-5ec1-b064-2223d316d321,1235218892,way,landuse,residential,s,,,,,34.0034975,71.575108,Peshawar,Khyber Pakhtunkhwa,Pakistan,,,
d6af82b0-310c-563e-b60d-f4083fbaca69,1235218895,way,landuse,residential,s,,,,,34.0036763,71.5751017,Peshawar,Khyber Pakhtunkhwa,Pakistan,,,
e2623206-a2f5-5ce8-854c-44b37194e511,1235218912,way,landuse,commercial,s,,,,,34.0041658,71.5782702,Peshawar,Khyber Pakhtunkhwa,Pakistan,,,
87f5a521-51f5-5bd2-957e-38f740e25ecb,837754793,way,education,school,Government Higher Secondary School Number 2,گورنمنٹ ہائیر سیکنڈری سکول نمبر 2,,,,34.0139943,71.5782162,Peshawar,Khyber Pakhtunkhwa,Pakistan,,,
f964db74-b0f7-5f2a-9dd8-aade285a3ac5,841235493,way,amenity,place_of_worship,Gurdwara Bhai Biba Singh,,,,,34.0125727,71.5784628,Peshawar,Khyber Pakhtunkhwa,Pakistan,,,
b890bae2-77dd-53c5-8d29-2d94ebc97fc6,906388444,way,amenity,police,Yakatoot Police Station,,,,,34.0045657,71.5782397,Peshawar,Khyber Pakhtunkhwa,Pakistan,,,
8039589e-58d4-54e4-9a66-3fef04de3004,1235218911,way,landuse,commercial,s,,,,,34.0042501,71.5784938,Peshawar,Khyber Pakhtunkhwa,Pakistan,,,
5e70b785-4a0c-50a5-9abc-90ef1437cab0,1235593641,way,healthcare,hospital,55,,,,,34.0158298,71.5784316,Peshawar,Khyber Pakhtunkhwa,Pakistan,,,
d2e7c940-f821-5a78-b04a-cf43f92696f9,490487534,way,leisure,playground,90,,,,,34.0140723,71.5766015,Peshawar,Khyber Pakhtunkhwa,Pakistan,,,
b7bf96e4-cf04-5c8b-b895-19c51cbf6a23,1235593654,way,amenity,cafe,68,,,,,34.0154191,71.5774043,Peshawar,Khyber Pakhtunkhwa,Pakistan,,,
7d371bf6-acb7-5b19-b832-d3ed5804d5da,1235594911,way,amenity,cafe,73,,,,,34.0154706,71.5761984,Peshawar,Khyber Pakhtunkhwa,Pakistan,,,
925d58ca-4a8d-50a3-bdb2-996f4ba581c9,1235594912,way,amenity,place_of_worship,74,,,,,34.0156323,71.5763838,Peshawar,Khyber Pakhtunkhwa,Pakistan,,,
0d1dffe2-a458-5ebf-8918-2ab83481278e,1235594915,way,leisure,park,77,,,,,34.0161073,71.577147,Peshawar,Khyber Pakhtunkhwa,Pakistan,,,
ccebf378-e259-5e06-a175-bd97d0ba60b1,1235594917,way,leisure,park,80,,,,,34.0155758,71.5759595,Peshawar,Khyber Pakhtunkhwa,Pakistan,,,
e6111d54-71ba-5e65-acd6-49c88035c7f8,1235594924,way,amenity,restaurant,87,,,,,34.0156111,71.5756105,Peshawar,Khyber Pakhtunkhwa,Pakistan,,,
d46f5f93-9631-55e6-8024-c851cef0a9bb,1235599216,way,amenity,cafe,92,,,,,34.0132474,71.5771611,Peshawar,Khyber Pakhtunkhwa,Pakistan,,,
ee81c635-e3db-5c4b-9510-fee2f90cc25f,1235599222,way,amenity,cafe,98,,,,,34.0122011,71.5781821,Peshawar,Khyber Pakhtunkhwa,Pakistan,,,
a74df10a-4a89-5894-bc96-c5d0bfbaab77,1235599227,way,healthcare,hospital,103,,,,,34.0124896,71.5778412,Peshawar,Khyber Pakhtunkhwa,Pakistan,,,
5cfe41b1-718d-54dc-a1f4-b042e4875e1e,1235602703,way,amenity,cafe,114,,,,,34.011694,71.5781063,Peshawar,Khyber Pakhtunkhwa,Pakistan,,,
42fff3e8-6663-5919-92bf-e4687302718d,1235604213,way,natural,water,118,,,,,34.0111424,71.5775077,Peshawar,Khyber Pakhtunkhwa,Pakistan,,,
c4601129-3135-556a-afa6-6c4460f2d70f,1235604217,way,amenity,cafe,122,,,,,34.011126,71.5772362,Peshawar,Khyber Pakhtunkhwa,Pakistan,,,
08e40f0d-156c-5f4f-9edf-4a32851dce51,1235604219,way,amenity,cafe,124,,,,,34.0110519,71.5773327,Peshawar,Khyber Pakhtunkhwa,Pakistan,,,
ebf39411-25c5-575e-a126-37a46c2e2964,1235604221,way,amenity,cafe,127,,,,,34.0108897,71.5776537,Peshawar,Khyber Pakhtunkhwa,Pakistan,,,
18affc03-e541-5b08-9a34-2b39312f91c6,1235604225,way,amenity,cafe,132,,,,,34.0110259,71.5774697,Peshawar,Khyber Pakhtunkhwa,Pakistan,,,
964f5af8-8206-5c39-969e-0ec9f58d9366,1235604230,way,amenity,cafe,137,,,,,34.0110285,71.5766012,Peshawar,Khyber Pakhtunkhwa,Pakistan,,,
fa87f69d-3dfc-56a2-b56e-f7907ca006ac,1235623235,way,amenity,cafe,183,,,,,34.0106552,71.5755915,Peshawar,Khyber Pakhtunkhwa,Pakistan,,,
c2558dbb-ca28-556a-8938-b1b8ecba4c5b,1235623237,way,natural,water,185,,,,,34.0103591,71.5762341,Peshawar,Khyber Pakhtunkhwa,Pakistan,,,
2e9e68e6-9f00-5a39-bc8a-bb2195b547fc,1235623240,way,amenity,cafe,187,,,,,34.0110877,71.5751685,Peshawar,Khyber Pakhtunkhwa,Pakistan,,,
17fee365-f2e3-5dcb-aa09-24e3102d8d44,766554787,way,historic,monument,Gor Khatri,,,,,34.0085927,71.5809669,Peshawar,Khyber Pakhtunkhwa,Pakistan,,,
da67d56b-737a-5c26-8fbd-038de86b22b8,838058647,way,landuse,cemetery,,,,,,34.0046662,71.5821179,Peshawar,Khyber Pakhtunkhwa,Pakistan,,,
93d6035b-655a-5fc2-860b-c6ee22a92510,841242375,way,historic,ruins,Gorkhatri Excavations,,,,,34.0087602,71.5816533,Peshawar,Khyber Pakhtunkhwa,Pakistan,,,
5b67ecad-b60a-58be-bb68-e909b7601ab7,841269712,way,education,school,Begum Shahabuddin School,بیگم شہاب الدین اسکول,,,,34.0089439,71.5825529,Peshawar,Khyber Pakhtunkhwa,Pakistan,,,
4b8f295e-2e5c-5525-836e-1123472bf9cd,906092070,way,leisure,park,Sethi Bagh,,,,,34.0089412,71.5788633,Peshawar,Khyber Pakhtunkhwa,Pakistan,,,
712cb0ea-adac-57ed-8c7a-208de3616d37,1235218865,way,landuse,residential,s,,,,,34.0042155,71.5791622,Peshawar,Khyber Pakhtunkhwa,Pakistan,,,
0daafff0-486d-5805-9ca2-a41fe14692bd,1235218866,way,landuse,residential,s,,,,,34.0042383,71.5790277,Peshawar,Khyber Pakhtunkhwa,Pakistan,,,
0fd1b0bf-74a2-5305-aa4d-443807259b58,1235218868,way,natural,wood,s`,,,,,34.0046309,71.5788601,Peshawar,Khyber Pakhtunkhwa,Pakistan,,,
6c1fa937-bdcc-5e9e-9f94-14bb7820c9dd,1235218905,way,natural,wood,s,,,,,34.004629,71.5786808,Peshawar,Khyber Pakhtunkhwa,Pakistan,,,
af2c7555-82a3-5f8b-9f38-9055f7a23d01,1235218906,way,natural,wood,,,,,,34.00427,71.5793757,Peshawar,Khyber Pakhtunkhwa,Pakistan,,,
fc2fec38-1b7d-5084-80cc-f909711a10e3,1235218907,way,amenity,fuel,Shell,شیل,Shell,,,34.0047525,71.5797641,Peshawar,Khyber Pakhtunkhwa,Pakistan,شیل,,
ab79c110-3037-5de5-8f69-a6e3101f702a,1235218909,way,amenity,parking,,,,,,34.0047603,71.5798622,Peshawar,Khyber Pakhtunkhwa,Pakistan,,s,
864b31cb-7c94-5d45-891d-0e26bfa84424,326866409,way,landuse,cemetery,Qabristan,,,,,34.0086572,71.5907419,Peshawar,Khyber Pakhtunkhwa,Pakistan,,,
3723a530-7c4c-5778-b31f-2d940df8ab3a,766554789,way,leisure,park,شیخ آباد پارک 1,شیخ آباد پارک 1,Sheikabād Park 1,,,34.0077608,71.5884673,Peshawar,Khyber Pakhtunkhwa,Pakistan,,,
a6e029e3-0006-5580-afb9-36f0163d7db7,766554791,way,leisure,park,Sheikhabad Park - 2,,,,,34.0069421,71.5865037,Peshawar,Khyber Pakhtunkhwa,Pakistan,,,
605f22b1-47d2-54cb-878d-fba7f17a4317,1233460737,way,shop,beauty,Alumno Beauty Lounge,,,,,34.0143793,71.5915449,Peshawar,Khyber Pakhtunkhwa,Pakistan,,,
c889cfb7-e066-5cd3-886b-83a4514540b2,1233460754,way,leisure,park,,,,,,34.014213,71.5916529,Peshawar,Khyber Pakhtunkhwa,Pakistan,,,
008816ff-d57c-553d-8cd4-bec174239424,1233976925,way,healthcare,laboratory,Pharmalliance,,,,,34.0149962,71.5849407,Peshawar,Khyber Pakhtunkhwa,Pakistan,,,
32bf7c15-e03f-5333-ade7-4913067e21b6,906106515,way,landuse,cemetery,Shah Rasool Mir Qabristan,,,,,34.0128647,71.5820501,Peshawar,Khyber Pakhtunkhwa,Pakistan,,,
7bbe5f61-49fe-5eae-bb07-54fde0e42fbb,1233976927,way,shop,department_store,StateBook Agency,,,,,34.0145994,71.5848907,Peshawar,Khyber Pakhtunkhwa,Pakistan,,,
29797973-eb84-5642-b2db-9d52faf6e246,1233976933,way,amenity,restaurant,,,,,,34.0147182,71.5844369,Peshawar,Khyber Pakhtunkhwa,Pakistan,,,
220adf88-dc4c-5d0b-9b20-05d8191b4525,1233976937,way,shop,bakery,Jan's Sweets And Bakers,,,,,34.0149832,71.5843822,Peshawar,Khyber Pakhtunkhwa,Pakistan,,,
dbbab956-5eb8-5f53-98f8-3788e1ace069,1233976950,way,tourism,hotel,Shawal Hotel,,,,,34.0148592,71.5821511,Peshawar,Khyber Pakhtunkhwa,Pakistan,,,
56592e24-8708-5e91-8670-919c94bdaf53,1233976955,way,amenity,restaurant,Sunrise Hotel,,,,,34.0148527,71.5813246,Peshawar,Khyber Pakhtunkhwa,Pakistan,,,
a2e6792e-2e0d-5a0f-b354-2e8bca8aa231,1233976961,way,amenity,bank,UBL,,,,,34.0147996,71.5811339,Peshawar,Khyber Pakhtunkhwa,Pakistan,,,
9f71d757-c9b7-5ff5-801b-026d10f9bb11,1233976967,way,healthcare,clinic,Dr Badshah Khan,,,,,34.0143829,71.5811431,Peshawar,Khyber Pakhtunkhwa,Pakistan,,,
a3621b64-07d7-5960-b89d-ea02634bf3b3,1233976971,way,tourism,hotel,Karachi Hotel,,,,,34.0147554,71.5802331,Peshawar,Khyber Pakhtunkhwa,Pakistan,,,
ea3a4d7e-ce37-5341-b04e-14cebae524bc,1233976972,way,amenity,cafe,Quetta Chai,,,,,34.0147275,71.5801058,Peshawar,Khyber Pakhtunkhwa,Pakistan,,,
de1cff02-2953-515a-b854-f1a96f91ed83,1235587190,way,amenity,cafe,10,,,,,34.0142485,71.5791166,Peshawar,Khyber Pakhtunkhwa,Pakistan,,,
d6bba71b-3f5f-513b-976a-a2c7f4b2255d,1235587195,way,amenity,cafe,15,,,,,34.014094,71.5801803,Peshawar,Khyber Pakhtunkhwa,Pakistan,,,
5745de5c-847d-5dee-8194-0bf475c60362,1235587198,way,amenity,cafe,19,,,,,34.0136478,71.5796041,Peshawar,Khyber Pakhtunkhwa,Pakistan,,,
15fd48b9-dc09-5901-a664-d134ce484524,1235589461,way,amenity,cafe,21,,,,,34.0133317,71.5808283,Peshawar,Khyber Pakhtunkhwa,Pakistan,,,
235e8bc4-130e-5fc7-b669-a281950bd7a7,1235589464,way,amenity,cafe,24,,,,,34.0127533,71.5808875,Peshawar,Khyber Pakhtunkhwa,Pakistan,,,
82892ec9-6bd3-52f4-a075-ed39865ca176,1235589466,way,amenity,restaurant,26,,,,,34.0143396,71.5822235,Peshawar,Khyber Pakhtunkhwa,Pakistan,,,
ae23de5c-5076-59b4-9c28-daaf897776c0,1235589467,way,healthcare,hospital,Hospital Ground,ہسپتال گراؤنڈ,,,,34.0142272,71.5830183,Peshawar,Khyber Pakhtunkhwa,Pakistan,,,
3d4874a4-1ce7-5e5e-98f9-0d239d73c1df,1235589469,way,amenity,restaurant,29,,,,,34.0139353,71.5812687,Peshawar,Khyber Pakhtunkhwa,Pakistan,,,
53dbfeaf-1c6a-502e-a0d0-358081eaa387,1235589470,way,amenity,cafe,30,,,,,34.0139048,71.5814582,Peshawar,Khyber Pakhtunkhwa,Pakistan,,,
8cd428c7-e2ae-580f-8c36-a5587d5fc047,1235591216,way,healthcare,hospital,34,,,,,34.012834,71.5789423,Peshawar,Khyber Pakhtunkhwa,Pakistan,,,
5631c548-2e4b-5302-b80a-fbf300ba716b,1235591217,way,healthcare,hospital,35,,,,,34.0130154,71.5785615,Peshawar,Khyber Pakhtunkhwa,Pakistan,,,
e2363615-4fc3-5f30-ad8a-f8659e7be6f1,1235591224,way,amenity,cafe,43,,,,,34.0128374,71.5786827,Peshawar,Khyber Pakhtunkhwa,Pakistan,,,
d4c44013-60d0-5b76-870d-6f5434edf60a,1235591225,way,leisure,park,44,,,,,34.0128677,71.5800738,Peshawar,Khyber Pakhtunkhwa,Pakistan,,,
a48fab44-e966-5d15-94dd-fdb321aedb27,1235591226,way,amenity,place_of_worship,45,,,,,34.0124645,71.5802787,Peshawar,Khyber Pakhtunkhwa,Pakistan,,,
2a1f1239-266c-5792-8de3-c68ed9b46be1,1235591228,way,amenity,cafe,47,,,,,34.0125503,71.5798507,Peshawar,Khyber Pakhtunkhwa,Pakistan,,,
0e1a8018-7338-51c0-bb4c-8f3e32da2bce,1235593647,way,healthcare,hospital,61,61,,,,34.0155348,71.5797904,Peshawar,Khyber Pakhtunkhwa,Pakistan,,,
9ef91463-aeb2-5cec-a856-bf9eaf8275d6,1235593648,way,amenity,cafe,,,,,,34.0161619,71.5814005,Peshawar,Khyber Pakhtunkhwa,Pakistan,,,
436afdde-d2e8-5622-a269-72d4be49fadb,1235593649,way,amenity,place_of_worship,,,,,,34.0156833,71.5820053,Peshawar,Khyber Pakhtunkhwa,Pakistan,,,
1c064998-f0f6-5370-8308-d5cf0d8beb1f,1231854963,way,amenity,parking,,,,,,34.0152542,71.5910466,Peshawar,Khyber Pakhtunkhwa,Pakistan,,,
4c55c991-301d-5758-9000-50f01c776288,1231854964,way,amenity,parking,,,,,,34.014971,71.5903246,Peshawar,Khyber Pakhtunkhwa,Pakistan,,,
65639798-fdd9-5631-9af1-4a0bec2f7dee,1231854966,way,office,government,,,,,,34.0150255,71.5909735,Peshawar,Khyber Pakhtunkhwa,Pakistan,,,
fd2807c9-10d6-5ba1-9be2-6a1bbeca4754,1233460743,way,landuse,commercial,MA Traders,,,,,34.0142252,71.5910342,Peshawar,Khyber Pakhtunkhwa,Pakistan,,,
32bac84a-76a8-53c0-ab71-b90f85b98957,1233460745,way,healthcare,pharmacy,Medicare RSA Pharma,,,,,34.0143911,71.591082,Peshawar,Khyber Pakhtunkhwa,Pakistan,,,
6f582dfd-9053-5afa-92f5-97e1129483f4,1233465692,way,shop,electronics,Nomi Electronics,,,,,34.0146212,71.5861097,Peshawar,Khyber Pakhtunkhwa,Pakistan,,,
7c36e872-d3fb-5ef5-93aa-d661b7eb4e2c,1233467491,way,healthcare,clinic,Intekhab Specialist Clinic,انتخاب اسپیشلسٹ کلینک,,,,34.0145337,71.587097,Peshawar,Khyber Pakhtunkhwa,Pakistan,,,
96db97f8-84f5-5c1a-8bae-b89219efe7f1,1233467505,way,healthcare,clinic,Fahad Eye Clinic,,,,,34.0144939,71.5879806,Peshawar,Khyber Pakhtunkhwa,Pakistan,,,
56426095-c8df-51a7-a6f9-750dde5be845,1233976917,way,shop,computer,ZeeshanComputer,,,,,34.0150773,71.5856827,Peshawar,Khyber Pakhtunkhwa,Pakistan,,,
8c208809-2199-5f7e-8e00-ad7c2f7fb058,1233976922,way,shop,department_store,Fatima Foods,,,,,34.0145972,71.5853096,Peshawar,Khyber Pakhtunkhwa,Pakistan,,,
d43f75c0-6f56-5f14-8da5-03da1f6beb73,1162288925,way,leisure,park,,,,,,34.0025795,71.6088371,Peshawar,Khyber Pakhtunkhwa,Pakistan,,,
45f6fb77-31e6-5bad-9d85-0b5562549fd0,766554788,way,landuse,cemetery,,,,,,34.0066313,71.5961815,Peshawar,Khyber Pakhtunkhwa,Pakistan,,,
05d80233-21d5-50b5-99e0-31d251406e59,838442025,way,landuse,cemetery,,,,,,34.0076184,71.5968825,Peshawar,Khyber Pakhtunkhwa,Pakistan,,,
8deab7b3-1c03-5bf2-9098-dd5af4d8b59a,1234358384,way,amenity,parking,,,,,,34.0073919,71.5920803,Peshawar,Khyber Pakhtunkhwa,Pakistan,,,
841b1467-3d85-577b-823c-ea0aa5739832,1233992348,way,amenity,parking,,,,,,34.0081801,71.6022454,Peshawar,Khyber Pakhtunkhwa,Pakistan,,103,
52571e79-a794-55bb-8028-980f0ce1d082,1231640915,way,tourism,hotel,,,,,,34.0163336,71.5959253,Peshawar,Khyber Pakhtunkhwa,Pakistan,,,
bcadbc0b-7edb-5b82-9682-c7eff9e68cad,1231640917,way,amenity,taxi,,,,,,34.0163372,71.5967519,Peshawar,Khyber Pakhtunkhwa,Pakistan,,,
63dc5518-9464-5e6c-a677-e339e864e8f4,1233874862,way,public_transport,platform,,,,,,34.0165253,71.5999137,Peshawar,Khyber Pakhtunkhwa,Pakistan,,,
e1a9ba33-2eb3-5a72-977b-7765219d4312,1233874866,way,amenity,parking,,,,,,34.0165076,71.5996983,Peshawar,Khyber Pakhtunkhwa,Pakistan,,Parking,
2089f769-1b98-5cc6-891b-db76b058eb54,1233874890,way,natural,water,KabalCanal,,,,,34.0147642,71.5957445,Peshawar,Khyber Pakhtunkhwa,Pakistan,,,
9b0b4a9e-2ee2-556e-a37b-51808c5c21c0,1233992376,way,amenity,parking,,,,,,34.0164509,71.5993596,Peshawar,Khyber Pakhtunkhwa,Pakistan,,76,
6d046811-2a3f-5581-80b7-1f1a163f4fd0,1233992378,way,amenity,parking,,,,,,34.0166776,71.601068,Peshawar,Khyber Pakhtunkhwa,Pakistan,,74,
69863b91-0be3-5e99-b9e6-ebe3f50a317d,1231312045,way,tourism,hostel,,,,,,34.0151928,71.5923577,Peshawar,Khyber Pakhtunkhwa,Pakistan,,,
1d048be2-82f8-5ee9-a26c-6d58b9806122,1231312834,way,tourism,hostel,,,,,,34.0150807,71.5923301,Peshawar,Khyber Pakhtunkhwa,Pakistan,,,
190b0431-5c6f-5129-9974-26f94c262e51,1231329363,way,tourism,hostel,,,,,,34.0150837,71.5924654,Peshawar,Khyber Pakhtunkhwa,Pakistan,,,
7ef776d8-6f8d-5a91-995b-c9dcada1d809,1231640910,way,tourism,hotel,hotel,,,,,34.0162355,71.5950854,Peshawar,Khyber Pakhtunkhwa,Pakistan,,,
f716c145-c159-50b6-9a99-4a84f02248b0,1231640911,way,amenity,fuel,,,,,,34.0162187,71.5953374,Peshawar,Khyber Pakhtunkhwa,Pakistan,,,
101eecb7-4172-58bb-876a-e0ccfa7249d5,1231640914,way,amenity,fuel,,,,,,34.0162079,71.5957013,Peshawar,Khyber Pakhtunkhwa,Pakistan,,,
1f1720cf-d9ea-59e8-9ab8-47e3be4d2c1f,1231640916,way,tourism,hotel,,,,,,34.0162987,71.596423,Peshawar,Khyber Pakhtunkhwa,Pakistan,,,
899186aa-c3c6-5340-829d-4e44ef696454,1231857336,way,leisure,park,PARK1,,,,,34.0112675,71.5932347,Peshawar,Khyber Pakhtunkhwa,Pakistan,,,
d058d324-6db8-5245-bfd3-16634fd643a3,1231857337,way,leisure,park,PARK2,,,,,34.0108069,71.5932243,Peshawar,Khyber Pakhtunkhwa,Pakistan,,,
7584a5dc-22e7-5fd7-a02d-7932a5897213,1231857353,way,leisure,park,PARK5,,,,,34.0100784,71.5928322,Peshawar,Khyber Pakhtunkhwa,Pakistan,,,
0b4f41be-f770-545d-b326-6f149967d51b,1232326956,way,office,government,Forest Department Office,,,,,34.0149513,71.5924915,Peshawar,Khyber Pakhtunkhwa,Pakistan,,,
b50a01c4-b648-5ba2-ad04-181313fd9b57,1232326965,way,place,town,Forest Depot,,,,,34.0146758,71.5922677,Peshawar,Khyber Pakhtunkhwa,Pakistan,,,
611f9209-6a84-5b5a-ae5b-df3cf271b238,1233456833,way,office,lawyer,Alam Law Chamber,,,,,34.0163206,71.5919155,Peshawar,Khyber Pakhtunkhwa,Pakistan,,,
db71ce7d-5bd4-500f-b80c-83af4cd91707,1233460738,way,shop,computer,PyDuino Pak,,,,,34.0143815,71.5916251,Peshawar,Khyber Pakhtunkhwa,Pakistan,,,
98bf3024-c292-5b99-a6ae-1250becc23b7,1233470085,way,tourism,hotel,Al-Mansoor,,,,,34.0160147,71.5920212,Peshawar,Khyber Pakhtunkhwa,Pakistan,,,
d9055109-dbcd-5500-8b3c-1555e2560141,1233470086,way,office,lawyer,Alam Law Associates,,,,,34.0162106,71.5933432,Peshawar,Khyber Pakhtunkhwa,Pakistan,,,
eb3395b5-5d7c-55c9-8ff8-0d1531f7fd47,1233470088,way,landuse,commercial,Afridi Graphics,,,,,34.0161457,71.5918688,Peshawar,Khyber Pakhtunkhwa,Pakistan,,,
11579fbe-489c-50b5-b652-3b325a2cf22d,1233874888,way,office,lawyer,CivilDefence,,,,,34.0152326,71.597359,Peshawar,Khyber Pakhtunkhwa,Pakistan,,,
631d6f14-d4a2-5530-9b37-81636c4a91ed,1234647611,way,leisure,park,Gulbahar Park,,,,,34.0106868,71.596936,Peshawar,Khyber Pakhtunkhwa,Pakistan,,,
4c0f0c86-f5b6-5962-94b3-aa8fe2030a25,1231640874,way,tourism,hotel,CityStar,,,,,34.0155672,71.5998225,Peshawar,Khyber Pakhtunkhwa,Pakistan,,,
97440032-47be-5563-ba1d-c9384b553f68,1231640875,way,tourism,hotel,FoodCourt,,,,,34.0154762,71.5998354,Peshawar,Khyber Pakhtunkhwa,Pakistan,,,
fab5a82f-724a-5416-a51d-351034b010ea,1231640882,way,tourism,hotel,Marhaba,,,,,34.0155985,71.5999932,Peshawar,Khyber Pakhtunkhwa,Pakistan,,,
7cd44c19-324c-5eaf-8c41-8fdb3496ca13,1233456825,way,amenity,fuel,PSO,پاکستان اسٹیٹ آئل,Pakistan State Oil,,,34.0152418,71.5988847,Peshawar,Khyber Pakhtunkhwa,Pakistan,پاکستان اسٹیٹ آئل,,
a94d7586-90cd-590a-b976-bdeffcc7b11d,1233874870,way,shop,electronics,BatteryShop,,,,,34.0157537,71.6029133,Peshawar,Khyber Pakhtunkhwa,Pakistan,,,
c4f54c09-780e-5973-8bfe-4a2fb0e6f7d3,1233874871,way,shop,car_repair,Oilshop,,,,,34.0157499,71.6024933,Peshawar,Khyber Pakhtunkhwa,Pakistan,,,
98a15442-1d37-598c-a28c-8dd0a0836f4f,1233874873,way,natural,water,KanalCanal,,,,,34.0157067,71.6037257,Peshawar,Khyber Pakhtunkhwa,Pakistan,,,
f3e274e7-5032-5b9d-b681-0d028d810e9e,1233874874,way,natural,water,KabalCanal,,,,,34.0155162,71.6026151,Peshawar,Khyber Pakhtunkhwa,Pakistan,,,
418ca86b-238c-5dba-b395-28bd9a4b5298,1233874875,way,natural,water,KabalCanal,,,,,34.0149378,71.6005595,Peshawar,Khyber Pakhtunkhwa,Pakistan,,,
16e60dd7-519d-53e9-b33c-7acd61174b2f,1233874876,way,shop,electronics,FaizanElectronics,,,,,34.0155141,71.6020902,Peshawar,Khyber Pakhtunkhwa,Pakistan,,,
84c06d8e-06b9-5746-87b3-ccb765bbb024,1233874879,way,shop,electronics,Battery,,,,,34.015721,71.6017549,Peshawar,Khyber Pakhtunkhwa,Pakistan,,,
558b3c8d-c639-5389-a114-3481ba3a93bb,1233874881,way,amenity,bank,UBL,,,,,34.0155808,71.6011682,Peshawar,Khyber Pakhtunkhwa,Pakistan,,,
5ffe4d68-d56c-575f-83d1-4b5a4b363d45,1233874884,way,amenity,bank,ABL,,,,,34.0156333,71.6007664,Peshawar,Khyber Pakhtunkhwa,Pakistan,,,
ba5e3fa8-5537-59f3-a7c9-70b463c1f4ba,1233874885,way,amenity,restaurant,Rehmania,,,,,34.0156024,71.6005718,Peshawar,Khyber Pakhtunkhwa,Pakistan,,,
7812da7b-af55-51a4-907f-649619dc7929,1233976915,way,natural,wood,,,,,,34.0151253,71.6005124,Peshawar,Khyber Pakhtunkhwa,Pakistan,,,
74719478-25a4-52fb-a348-8f3b725479ca,1235830696,way,natural,scrub,83,,,,,34.0133322,71.5993258,Peshawar,Khyber Pakhtunkhwa,Pakistan,,,
fa584e03-00df-5c15-8c92-71eb9faa2e18,242826754,way,amenity,fuel,Attock petrol pump,,,,,34.0159736,71.6122544,Peshawar,Khyber Pakhtunkhwa,Pakistan,,,
4818f68e-acf8-5e53-9e20-c3b07bf1bb72,242826755,way,amenity,fuel,,,,,,34.0158825,71.6126769,Peshawar,Khyber Pakhtunkhwa,Pakistan,,,
5235f431-8b9e-56c8-bee5-25f2e6e60d16,242826756,way,amenity,fuel,,,,,,34.0160928,71.6132447,Peshawar,Khyber Pakhtunkhwa,Pakistan,,,
967aad6d-b802-52f4-ad08-2d3f43309d4b,242828248,way,amenity,fuel,CNG,,,,,34.0162655,71.6165376,Peshawar,Khyber Pakhtunkhwa,Pakistan,,,
2f9a62de-6889-5940-af95-ff3ae526d011,75097777,way,leisure,stadium,Tamas Khan Football Pitch,,,,,34.0191513,71.5764023,Peshawar,Khyber Pakhtunkhwa,Pakistan,,,
65e1db90-a465-5063-8e58-a2e164398544,851281261,way,leisure,pitch,Gymkhana Ground,,,,,34.0217571,71.5763923,Peshawar,Khyber Pakhtunkhwa,Pakistan,,,Q48807949
741fea60-62a7-5e8c-8764-a2ad822e2ffb,946128399,way,leisure,pitch,,,,,,34.0203414,71.5772286,Peshawar,Khyber Pakhtunkhwa,Pakistan,,,
5d024230-5ba4-5306-8d20-6144be94b366,946128400,way,leisure,pitch,,,,,,34.0200286,71.5774368,Peshawar,Khyber Pakhtunkhwa,Pakistan,,,
0b9ed2ad-6909-5550-988c-56b938d7bb0c,946128401,way,leisure,pitch,,,,,,34.0199441,71.5772522,Peshawar,Khyber Pakhtunkhwa,Pakistan,,,
b66b6197-661b-5a7c-a34a-e714de79f52c,946128402,way,leisure,pitch,,,,,,34.0198627,71.5770733,Peshawar,Khyber Pakhtunkhwa,Pakistan,,,
55d788b2-8c8d-520a-852d-aa15aab5471f,1039569371,way,tourism,hostel,Cricket Stadium Hostal,,,,,34.0210869,71.576999,Peshawar,Khyber Pakhtunkhwa,Pakistan,,Pakistan Cricket Board,
77877ee5-09af-58df-aaad-b0c32da29ee0,1039571243,way,leisure,stadium,Gymkhana,,,,,34.0211354,71.5767673,Peshawar,Khyber Pakhtunkhwa,Pakistan,,,
7c888a1d-3a52-543b-af34-367dbb5ab2a1,1039575034,way,natural,water,,,,,,34.0199368,71.5759838,Peshawar,Khyber Pakhtunkhwa,Pakistan,,,
a430b4fb-3c4c-5fd9-ba72-870a1295f304,1039575035,way,natural,water,,,,,,34.0201343,71.5758481,Peshawar,Khyber Pakhtunkhwa,Pakistan,,,
7ca77ecd-4da1-5081-a0c3-e812be081691,1039575036,way,natural,water,,,,,,34.0202285,71.5754453,Peshawar,Khyber Pakhtunkhwa,Pakistan,,,
1411029c-2d97-51ab-83a3-9e96ad4a74ab,1039575037,way,natural,water,,,,,,34.0203493,71.5757036,Peshawar,Khyber Pakhtunkhwa,Pakistan,,,
39cfa5ec-3611-5a9e-b9e2-d2891c9eccf2,1039575038,way,natural,water,,,,,,34.0204622,71.5759462,Peshawar,Khyber Pakhtunkhwa,Pakistan,,,
c8024756-3651-5a45-9c01-e39c0e3520df,1039575039,way,natural,water,,,,,,34.0205768,71.576131,Peshawar,Khyber Pakhtunkhwa,Pakistan,,,
e3107da7-c774-546c-a568-f47d3e467d17,1039575040,way,natural,water,,,,,,34.0205317,71.5755841,Peshawar,Khyber Pakhtunkhwa,Pakistan,,,
168421ca-54be-57ae-ade8-fc68f27a3b7a,1039575041,way,natural,water,,,,,,34.0208747,71.5753503,Peshawar,Khyber Pakhtunkhwa,Pakistan,,,
fa5e26c7-d14f-5f2c-bf3c-b7e49e5c5020,1039575042,way,natural,water,,,,,,34.0201235,71.5752214,Peshawar,Khyber Pakhtunkhwa,Pakistan,,,
3bd51fb4-9444-5143-afbe-502191130721,1039575045,way,natural,water,,,,,,34.0212278,71.5751193,Peshawar,Khyber Pakhtunkhwa,Pakistan,,,
67f904c7-d162-5b4e-8e4a-420f868a9cbf,1039575046,way,natural,water,,,,,,34.0215494,71.575201,Peshawar,Khyber Pakhtunkhwa,Pakistan,,,
65708497-ae0c-5f90-9f13-c08d112d49d3,1039575047,way,natural,water,,,,,,34.0216474,71.5754106,Peshawar,Khyber Pakhtunkhwa,Pakistan,,,
bc05038a-1189-5255-bfea-4bf860eaf8ff,1232428804,way,leisure,fitness_centre,Geat fitness Gym,,,,,34.0187256,71.5773614,Peshawar,Khyber Pakhtunkhwa,Pakistan,,,
23e451bf-0702-5eae-ab4e-326873075907,1039562362,way,leisure,stadium,Arbab Niaz Cricket Stadium,,,,,34.0217289,71.5781023,Peshawar,Khyber Pakhtunkhwa,Pakistan,,Pakistan Cricket Board,Q4784602
21c1360d-76e8-5d65-b015-953ca3ae4101,1039565789,way,leisure,pitch,,,,,,34.0216176,71.5782686,Peshawar,Khyber Pakhtunkhwa,Pakistan,,,
2b00f55c-be38-527a-a184-beabbfae5070,75502516,way,natural,wood,,,,,,34.0266635,71.575637,Peshawar,Khyber Pakhtunkhwa,Pakistan,,,
07bd9d68-4b2f-50b1-aad8-bab068869ed1,235113772,way,landuse,residential,,,,,,34.0179864,71.5814141,Peshawar,Khyber Pakhtunkhwa,Pakistan,,,
4b9b8fcb-812e-5ef4-81e2-feaf61fb87b0,1455422770,way,public_transport,platform,,,,,,34.0180655,71.585609,Peshawar,Khyber Pakhtunkhwa,Pakistan,,,
ff2a52b5-d50a-5e57-b000-ac299d356211,75205973,way,leisure,park,,,,,,34.0286868,71.5827941,Peshawar,Khyber Pakhtunkhwa,Pakistan,,,
032e39a5-7345-5028-9a51-44a31e0c6472,70984086,way,landuse,residential,,,,,,34.0413275,71.5887698,Peshawar,Khyber Pakhtunkhwa,Pakistan,,,
a5358510-eb2e-5144-aac1-ba21bc321dc6,70984088,way,landuse,residential,,,,,,34.035817,71.5838818,Peshawar,Khyber Pakhtunkhwa,Pakistan,,,
79467dfc-9823-571e-acd4-8ba1a1293baa,70984408,way,landuse,residential,,,,,,34.0387305,71.5833572,Peshawar,Khyber Pakhtunkhwa,Pakistan,,,
747946a9-3363-5bd5-bf52-e9cb69f89e92,70984409,way,landuse,residential,,,,,,34.0369174,71.5805366,Peshawar,Khyber Pakhtunkhwa,Pakistan,,,
bfb80248-89b1-55d8-86ff-d82d5ce7e043,1235803658,way,amenity,restaurant,,,,,,34.0171816,71.597381,Peshawar,Khyber Pakhtunkhwa,Pakistan,,,
52a3d8cc-4450-5ce8-a2ea-b51aa0cb92e7,1235803660,way,natural,scrub,30,,,,,34.0170819,71.5963234,Peshawar,Khyber Pakhtunkhwa,Pakistan,,,
e15d043a-e193-555f-8e91-c167a4fb8563,1235803661,way,leisure,park,31,,,,,34.017386,71.5962867,Peshawar,Khyber Pakhtunkhwa,Pakistan,,,
114dec0f-6187-545e-9ea1-7367a935976b,1235803664,way,natural,scrub,34,,,,,34.016957,71.595635,Peshawar,Khyber Pakhtunkhwa,Pakistan,,,
d526ef75-3273-5e0e-bd12-e8594b9e9c5d,1233874859,way,amenity,parking,,,,,,34.0167005,71.6017312,Peshawar,Khyber Pakhtunkhwa,Pakistan,,,
fb576786-33e3-53ac-85e8-760823f152f2,1233874861,way,shop,car_repair,Mechanical,,,,,34.0167633,71.5994981,Peshawar,Khyber Pakhtunkhwa,Pakistan,,,
9ebc2a0e-8a7a-5ce2-9923-5b9e0304b885,1233874867,way,amenity,parking,,,,,,34.017227,71.6012556,Peshawar,Khyber Pakhtunkhwa,Pakistan,,,
8645bbcc-5995-5c1a-a9be-5449a8a9498d,1233874868,way,amenity,parking,,,,,,34.0167357,71.6007642,Peshawar,Khyber Pakhtunkhwa,Pakistan,,ParkingBuses,
b7e3c1a0-9020-5658-9fd5-bb582f1b94b0,1233992377,way,amenity,parking,,,,,,34.0167373,71.5995042,Peshawar,Khyber Pakhtunkhwa,Pakistan,,75,
0db66243-78d7-5e93-9148-eabf7e1856d0,1233992379,way,amenity,parking,,,,,,34.0171712,71.600105,Peshawar,Khyber Pakhtunkhwa,Pakistan,,73,
5c4e41dd-ffbc-56cb-aa0f-acaa008ec94e,242826750,way,amenity,fuel,,,,,,34.0171766,71.6130783,Peshawar,Khyber Pakhtunkhwa,Pakistan,,,
9bf353ef-c12c-52da-a247-d7ef85105e30,851296799,way,leisure,park,,,,,,34.0254525,71.6182957,Peshawar,Khyber Pakhtunkhwa,Pakistan,,,
74abf5fe-959d-5850-b2d7-cb323a49ba84,1033129937,way,amenity,parking,,,,,,34.0328386,71.5990934,Peshawar,Khyber Pakhtunkhwa,Pakistan,,,
cf5ebaa4-53da-5a8d-9fbc-6a799f1aeb75,1033130071,way,amenity,parking,,,,,,34.0340767,71.6008863,Peshawar,Khyber Pakhtunkhwa,Pakistan,,,
7c534f09-8875-5fdf-b7f2-8bff1a6f4c79,1033129749,way,amenity,parking,,,,,,34.0319203,71.6060717,Peshawar,Khyber Pakhtunkhwa,Pakistan,,,
68c8e7d1-92f0-599e-82af-14a356fcfb83,75567708,way,landuse,residential,,,,,,34.0425437,71.6102197,Peshawar,Khyber Pakhtunkhwa,Pakistan,,,
6c039bc8-c365-534a-aae7-8a1573be337d,75567712,way,landuse,residential,,,,,,34.0423525,71.6079721,Peshawar,Khyber Pakhtunkhwa,Pakistan,,,
cd044d93-cce4-570e-b903-ea772e1d3de1,72527844,way,landuse,residential,,,,,,34.0491216,71.6052285,Peshawar,Khyber Pakhtunkhwa,Pakistan,,,
888978bb-b33d-5a95-b623-4479aef5370b,75567710,way,landuse,residential,,,,,,34.043895,71.6083958,Peshawar,Khyber Pakhtunkhwa,Pakistan,,,
30af9081-6a3b-5d03-98f9-cdb665167237,906809120,way,landuse,cemetery,,,,,,34.0225328,71.6187669,Peshawar,Khyber Pakhtunkhwa,Pakistan,,,
2937765c-9ef7-5b6f-9d1b-0a59f41e08ae,963159175,way,landuse,residential,,,,,,34.0226718,71.6327324,Peshawar,Khyber Pakhtunkhwa,Pakistan,,,
ecef7370-cfe4-5c99-beaa-60056981d8de,242828256,way,amenity,fuel,,,,,,34.0186857,71.6350144,Peshawar,Khyber Pakhtunkhwa,Pakistan,,,
5060ec5c-620d-58a1-bf65-394bc0888015,72527885,way,landuse,residential,,,,,,34.044659,71.6272067,Peshawar,Khyber Pakhtunkhwa,Pakistan,,,
8f734747-5c63-50b0-a229-5e258812d41f,75577672,way,landuse,residential,,,,,,34.0422264,71.634007,Peshawar,Khyber Pakhtunkhwa,Pakistan,,,
081f73a0-a775-5626-a942-0397172c45f8,72527887,way,landuse,residential,,,,,,34.0461526,71.63329,Peshawar,Khyber Pakhtunkhwa,Pakistan,,,
6375e119-ef4c-505f-b623-b16bb4faa1aa,75577709,way,landuse,residential,,,,,,34.0518095,71.6354286,Peshawar,Khyber Pakhtunkhwa,Pakistan,,,
39d5034a-174e-533f-b20c-9f2a0504e2a9,11550309,relation,leisure,park,,,,,,34.0085633,71.5809007,Peshawar,Khyber Pakhtunkhwa,Pakistan,,,
858aa1e8-88e1-5649-bff9-25f9f3bc3595,11550310,relation,amenity,place_of_worship,Imam Abu Hanifa,,,,,34.008926,71.5805857,Peshawar,Khyber Pakhtunkhwa,Pakistan,,,
932e0700-55b7-578a-a6ba-6d203a6a8cf9,11550311,relation,amenity,place_of_worship,Goraknath Temple,,,,,34.0081919,71.5806099,Peshawar,Khyber Pakhtunkhwa,Pakistan,,,Q24952162
059e0740-1418-54a4-b2c0-a0c7bec6d08a,13905908,relation,landuse,residential,,,,,,34.038587,71.6080236,Peshawar,Khyber Pakhtunkhwa,Pakistan,,,
95df7013-bb18-55ff-a40b-145cbcbc432c,9417558940,node,place,village,مسلم آباد,,Muslim Abad,,,34.0688817,71.5768237,Peshawar,Khyber Pakhtunkhwa,Pakistan,,,
4302c315-7c35-5018-a9f9-ba1f45355730,6307651385,node,shop,supermarket,Malak Muhammad Ali Market,,,,,34.061667,71.5890842,Peshawar,Khyber Pakhtunkhwa,Pakistan,,,
4489f247-46ba-5340-8b02-4a94360c7f2b,9417558938,node,place,village,بخشی پل,,Bakhshi Pul,,,34.0600756,71.5874498,Peshawar,Khyber Pakhtunkhwa,Pakistan,,,
77dfbeee-79dc-52a9-be81-7f9febf06f43,9417558939,node,place,village,خدرہ خیل,,Khadra Khel,,,34.0632027,71.5784637,Peshawar,Khyber Pakhtunkhwa,Pakistan,,,
ce0c953a-299c-5169-8341-f0b78a24f813,8909329009,node,place,suburb,سمر باغ,,Samarbagh,,,34.0504625,71.6053421,Peshawar,Khyber Pakhtunkhwa,Pakistan,,,
bcd683d1-94b3-5777-9ea9-60dfa286ad17,9417558937,node,place,village,ناساپہ پایان,,Nasapa Payan,,,34.0616454,71.5983326,Peshawar,Khyber Pakhtunkhwa,Pakistan,,,
b84d6c36-3e6f-56a2-be3b-1f5499b71113,8857985239,node,place,neighbourhood,Green Villas,,,,,34.0774967,71.5824887,Peshawar,Khyber Pakhtunkhwa,Pakistan,,,
41f45657-eda9-5295-8dcd-03ff95e259b6,9417558933,node,place,village,سیوان,,Sewan,,,34.0861944,71.5798099,Peshawar,Khyber Pakhtunkhwa,Pakistan,,,
5b04684e-90f3-57bc-aaf6-c31cc62a9804,307674921,node,amenity,fuel,CNG Station,,,,,34.072538,71.5939604,Peshawar,Khyber Pakhtunkhwa,Pakistan,,,
670c4d16-279a-5e4c-b917-f5740bd1853c,4514030193,node,amenity,police,Khazana Police Station,,,,,34.0726964,71.5935658,Peshawar,Khyber Pakhtunkhwa,Pakistan,,,
e974af36-9e79-5198-9b19-e9a2c1369c4d,4514124891,node,amenity,fuel,سی این جی,سی این جی,CNG,,,34.0740143,71.5943851,Peshawar,Khyber Pakhtunkhwa,Pakistan,,,
642e60b9-3a63-5ddd-bfad-dd093864bf9a,6581436186,node,shop,supermarket,Speed Super Mall,,,,,34.0704531,71.5923488,Peshawar,Khyber Pakhtunkhwa,Pakistan,,,
1980d465-3818-5763-8191-e0f3fc64e1b6,4494125793,node,amenity,fuel,CNG Station,,,,,34.0796104,71.5964509,Peshawar,Khyber Pakhtunkhwa,Pakistan,,,
99c0f339-33d8-59dd-acab-013f89dbcce0,9417558935,node,place,village,خزانہ پایان,,Khazana Payan,,,34.074194,71.6063505,Peshawar,Khyber Pakhtunkhwa,Pakistan,,,
1094b098-1fc7-5f5d-b007-a0cc18c5b5cc,9417558934,node,place,village,خزانہ بالا,,Khazana Bala,,,34.0832262,71.5998317,Peshawar,Khyber Pakhtunkhwa,Pakistan,,,
54ba89c1-5006-5bb8-b704-a1b83fe5d769,9417558936,node,place,village,توده,,Toda,,,34.0832096,71.6086764,Peshawar,Khyber Pakhtunkhwa,Pakistan,,,
1e49f8ab-c788-5c60-9015-abda3edcebff,8548533814,node,place,village,ھند کی دامان,,Hindki Daman,,,34.0686215,71.6291703,Peshawar,Khyber Pakhtunkhwa,Pakistan,,,
fe39772b-ed90-5f0c-b6c3-0ba04143c9f4,8548533815,node,place,village,کنکولہ,,Kankola,,,34.0757237,71.6264244,Peshawar,Khyber Pakhtunkhwa,Pakistan,,,
c5edcc59-cfdc-53fa-96ed-b1f25e1ce303,8548533816,node,place,village,واحد گڑھی,,Wahid Gari,,,34.0825778,71.6192699,Peshawar,Khyber Pakhtunkhwa,Pakistan,,,
bb7e2457-1e7c-5314-9e79-331a241cb782,4506430790,node,amenity,fuel,Babuzai CNG,,,,,34.097601,71.609929,Peshawar,Khyber Pakhtunkhwa,Pakistan,,,
b38c3d67-0ada-5a1e-95c8-e44379220461,8548533811,node,place,village,شکر پورہ,,Shakarpura,,,34.0964154,71.6309608,Peshawar,Khyber Pakhtunkhwa,Pakistan,,,
ea5cb247-e66b-5094-8a2e-cdfb378ac03c,74187296,way,landuse,residential,,,,,,34.068426,71.5878686,Peshawar,Khyber Pakhtunkhwa,Pakistan,,,
90c2430d-f5c9-5c7f-aa69-d6764e24a3d9,74058167,way,landuse,residential,,,,,,34.0555108,71.6018357,Peshawar,Khyber Pakhtunkhwa,Pakistan,,,
7c8f8204-0c49-5315-89d2-b816f507c936,75578110,way,landuse,residential,,,,,,34.0513961,71.5978777,Peshawar,Khyber Pakhtunkhwa,Pakistan,,,
a3afa9a2-da73-5c5e-a6d9-25579d27969a,73537210,way,landuse,residential,,,,,,34.0723115,71.5973789,Peshawar,Khyber Pakhtunkhwa,Pakistan,,,
aede56eb-2c05-5909-954a-d28cf22857fc,75567778,way,landuse,residential,,,,,,34.0624242,71.6122635,Peshawar,Khyber Pakhtunkhwa,Pakistan,,,
db0a7662-9d26-502b-9cfc-f0e959219835,75567829,way,landuse,residential,,,,,,34.0641796,71.6123708,Peshawar,Khyber Pakhtunkhwa,Pakistan,,,
bee04bdd-ac87-5c9e-82bd-7ae0570b782a,73537207,way,landuse,residential,,,,,,34.0775162,71.5782095,Peshawar,Khyber Pakhtunkhwa,Pakistan,,,
118bcb03-bd48-5342-97e4-9e91cdd8d6e5,73537209,way,landuse,residential,,,,,,34.0724329,71.5893622,Peshawar,Khyber Pakhtunkhwa,Pakistan,,,
1bc7192d-6d08-514e-a6f6-7796c81fad6e,73537199,way,landuse,residential,,,,,,34.0804786,71.5948373,Peshawar,Khyber Pakhtunkhwa,Pakistan,,,
6016ca66-119e-5d9c-9321-dee1e7971b1a,957256872,way,landuse,industrial,خزانہ شوگر ملز,,Khazana Sugar Mills,,,34.0773835,71.5928958,Peshawar,Khyber Pakhtunkhwa,Pakistan,,,
1e0cbb87-a2d3-5634-a15d-7eb9d56582c8,74187304,way,landuse,residential,,,,,,34.0859058,71.5804536,Peshawar,Khyber Pakhtunkhwa,Pakistan,,,
d02bcf30-1162-5144-9e3a-699129fdcd45,73537212,way,landuse,residential,,,,,,34.0738993,71.6067419,Peshawar,Khyber Pakhtunkhwa,Pakistan,,,
ab7f17f7-03e6-541e-88bc-b1b7ecfc988b,74187300,way,landuse,residential,,,,,,34.0829468,71.5997977,Peshawar,Khyber Pakhtunkhwa,Pakistan,,,
408c7f0d-6daa-5d98-a5a7-15bada41a355,74187301,way,landuse,residential,,,,,,34.0781736,71.5985747,Peshawar,Khyber Pakhtunkhwa,Pakistan,,,
b2aa8e3a-e89c-59f7-96ea-23a7e315d0f6,74187306,way,landuse,residential,,,,,,34.0825559,71.5937896,Peshawar,Khyber Pakhtunkhwa,Pakistan,,,
54606fef-846a-530d-ab83-a9a1d6901ee8,73537201,way,landuse,residential,,,,,,34.0822256,71.6166136,Peshawar,Khyber Pakhtunkhwa,Pakistan,,,
ff492033-1da5-5e75-a25e-df0cdc867852,73537203,way,landuse,residential,,,,,,34.0831856,71.609291,Peshawar,Khyber Pakhtunkhwa,Pakistan,,,
3342a360-2b59-52c7-94dd-7716251e27bc,74190770,way,natural,water,,,,,,34.0867554,71.5946672,Peshawar,Khyber Pakhtunkhwa,Pakistan,,,
af98f138-0dd8-5888-bbea-21381d3925d7,74187313,way,landuse,residential,,,,,,34.085266,71.603188,Peshawar,Khyber Pakhtunkhwa,Pakistan,,,
8793f65e-4b55-52f1-a83d-fb6b1dea86da,74037539,way,natural,water,,,,,,34.0898323,71.615174,Peshawar,Khyber Pakhtunkhwa,Pakistan,,,
4c6b83b8-5699-5aca-9760-49a78d817199,72527890,way,landuse,residential,,,,,,34.0558952,71.6381072,Peshawar,Khyber Pakhtunkhwa,Pakistan,,,
0c9210a1-61d4-5d8e-bc3b-8dc196870a5f,75567821,way,landuse,residential,,,,,,34.0681345,71.6299662,Peshawar,Khyber Pakhtunkhwa,Pakistan,,,
abf8039e-7deb-50ee-855c-7355eea01a4c,75567819,way,landuse,residential,,,,,,34.0637086,71.6295477,Peshawar,Khyber Pakhtunkhwa,Pakistan,,,
64f94865-c544-5d3d-b8c9-a52da0eb10dd,75567826,way,landuse,residential,,,,,,34.0686412,71.6389569,Peshawar,Khyber Pakhtunkhwa,Pakistan,,,
62529665-7ca4-50fc-adee-d1f5a1a3958c,74037540,way,natural,water,,,,,,34.0863846,71.6326835,Peshawar,Khyber Pakhtunkhwa,Pakistan,,,
af84e669-f67a-58d1-8bb1-3312fc4ceb34,75567799,way,landuse,residential,,,,,,34.0766127,71.6243549,Peshawar,Khyber Pakhtunkhwa,Pakistan,,,
05f68fbf-5297-5f91-adc9-3f26279e8ea1,70985894,way,landuse,residential,,,,,,34.0960644,71.6313363,Peshawar,Khyber Pakhtunkhwa,Pakistan,,,
ffcf8e23-7923-51b8-9615-3ea90489a61c,74037525,way,landuse,residential,,,,,,34.0949545,71.6357627,Peshawar,Khyber Pakhtunkhwa,Pakistan,,,
25484bf1-5f95-5e1a-874c-ddeda7be9e0e,74187318,way,landuse,residential,,,,,,34.0971187,71.6031773,Peshawar,Khyber Pakhtunkhwa,Pakistan,,,
f1bc6c81-4030-5218-b382-8ddabc824f34,70984759,way,landuse,residential,,,,,,34.102692,71.6160451,Peshawar,Khyber Pakhtunkhwa,Pakistan,,,
fbe8fcd0-3169-5de6-99fc-18a228cac644,1143789,relation,natural,water,,,,,,34.0889765,71.5912628,Peshawar,Khyber Pakhtunkhwa,Pakistan,,,
f28967b3-4a48-5a2a-9bae-ab0b316f48be,13906094,relation,landuse,residential,,,,,,34.096408,71.6144431,Peshawar,Khyber Pakhtunkhwa,Pakistan,,,
09314517-28c0-57e9-ac54-ab012981b5a7,8573287825,node,place,village,حاجی عمر خطاب کلے,,Haji Umar Khitab Kalay,,,33.9020333,71.6571338,Peshawar,Khyber Pakhtunkhwa,Pakistan,,,
a6fd7696-c3ac-50d6-bfb0-573c24fe9b7e,8573287824,node,place,village,باغبانان,,Bagh Banan,,,33.9092568,71.6951044,Peshawar,Khyber Pakhtunkhwa,Pakistan,,,
4752060a-726a-5de4-ad92-107cc8df9f30,1022552292,way,landuse,residential,,,,,,33.9386314,71.6448363,Peshawar,Khyber Pakhtunkhwa,Pakistan,,,
6b4742f5-384e-5e8c-a29d-96c3be1b19f0,72369816,way,landuse,residential,,,,,,33.9204771,71.6585744,Peshawar,Khyber Pakhtunkhwa,Pakistan,,,
2ae1e506-b81a-5b77-9bbf-eaf04e0ca278,72369864,way,landuse,residential,,,,,,33.9315293,71.6563482,Peshawar,Khyber Pakhtunkhwa,Pakistan,,,
f6518142-80aa-5b57-8adb-2b431e319ef1,72369870,way,landuse,residential,,,,,,33.9312311,71.666562,Peshawar,Khyber Pakhtunkhwa,Pakistan,,,
4246bb89-be5e-516c-a10d-032eb7d826a5,72369871,way,landuse,residential,,,,,,33.9327578,71.6619378,Peshawar,Khyber Pakhtunkhwa,Pakistan,,,
edbbe101-c0e3-5388-a8a3-cf1be0afccc6,72369533,way,landuse,residential,,,,,,33.9087643,71.6977239,Peshawar,Khyber Pakhtunkhwa,Pakistan,,,
d57dd884-10be-5f49-9cc7-68f51b7214c2,72369834,way,landuse,residential,,,,,,33.9104161,71.6889745,Peshawar,Khyber Pakhtunkhwa,Pakistan,,,
970ce64e-8c22-5abe-a2d3-4911a952050a,72423455,way,landuse,residential,,,,,,33.9243112,71.6841201,Peshawar,Khyber Pakhtunkhwa,Pakistan,,,
9acc8d77-0af7-517c-9ecb-f603f702c126,72423413,way,landuse,residential,,,,,,33.9227354,71.686577,Peshawar,Khyber Pakhtunkhwa,Pakistan,,,
0f666799-01cd-567b-8442-cb4bd9bde0ee,72423409,way,landuse,residential,,,,,,33.9324121,71.6830686,Peshawar,Khyber Pakhtunkhwa,Pakistan,,,
9a3ee904-225a-5454-ab7f-09910008a3dc,72369867,way,landuse,residential,,,,,,33.935268,71.6722697,Peshawar,Khyber Pakhtunkhwa,Pakistan,,,
cc2e636d-6969-5896-8806-3c06a4855165,72369541,way,landuse,residential,,,,,,33.9140844,71.7004651,Peshawar,Khyber Pakhtunkhwa,Pakistan,,,
8fd45f5d-ebe9-53c8-9dda-5d4a77b4e394,72427155,way,landuse,residential,,,,,,33.9504139,71.6434203,Peshawar,Khyber Pakhtunkhwa,Pakistan,,,
61324d11-fd9b-57ed-80a9-cdc83cf3d36c,1022552287,way,landuse,residential,,,,,,33.9483919,71.6439673,Peshawar,Khyber Pakhtunkhwa,Pakistan,,,
57bcb8fe-25d5-59ed-bf56-3831d4a649ce,1022552290,way,landuse,residential,,,,,,33.9459088,71.643176,Peshawar,Khyber Pakhtunkhwa,Pakistan,,,
44ee4bb8-01f5-59a7-b212-e5f591f2c541,1022552291,way,landuse,residential,,,,,,33.9433822,71.6406119,Peshawar,Khyber Pakhtunkhwa,Pakistan,,,
ec6aee82-b54d-5100-82fa-b26ba3fad4d3,1022552325,way,landuse,residential,,,,,,33.9509484,71.6396812,Peshawar,Khyber Pakhtunkhwa,Pakistan,,,
17b5f9ee-cb10-5918-891b-7446826e9599,1022552288,way,landuse,residential,,,,,,33.9484398,71.6415051,Peshawar,Khyber Pakhtunkhwa,Pakistan,,,
68c585c2-5f67-525e-8c0f-45fbd6def94c,1022552289,way,landuse,residential,,,,,,33.9466264,71.6392869,Peshawar,Khyber Pakhtunkhwa,Pakistan,,,
75386740-9694-53cd-87e0-a858dbcff370,1022552305,way,landuse,residential,,,,,,33.9472505,71.6380128,Peshawar,Khyber Pakhtunkhwa,Pakistan,,,
c18c8b2a-6924-5b44-b281-8a47a7ad69f4,1022552306,way,landuse,residential,,,,,,33.9478101,71.6379652,Peshawar,Khyber Pakhtunkhwa,Pakistan,,,
2c125a61-fc2e-5f40-ba40-1cb3bf7ea25b,1022552327,way,landuse,residential,,,,,,33.9496802,71.6392654,Peshawar,Khyber Pakhtunkhwa,Pakistan,,,
9106e91a-7260-5b82-a48a-057fc39d1f1f,1038585649,way,landuse,residential,,,,,,33.9435256,71.6491599,Peshawar,Khyber Pakhtunkhwa,Pakistan,,,
abaf9700-6818-5e58-9f33-7f23303ac35f,9417289339,node,place,village,گڑھی ممتاز میرہ,,Garhi Mumtaz Mira,,,33.9555597,71.649947,Peshawar,Khyber Pakhtunkhwa,Pakistan,,,
a8866d7b-39da-5792-9a20-ed764c1dd3ce,8559410887,node,place,village,توری کلے,,Toori Kalay,,,33.960604,71.6480293,Peshawar,Khyber Pakhtunkhwa,Pakistan,,,
a6128aee-d418-5dfd-b4f6-e1da22fc880c,9417289338,node,place,village,گڑھی سرفراز خان,,Garhi Sarfaraz Khan,,,33.9589117,71.6536524,Peshawar,Khyber Pakhtunkhwa,Pakistan,,,
6838d44c-f37b-5711-b863-8cb505e45864,8559410885,node,place,village,Sanobar Kalay,,,,,33.9713278,71.6457479,Peshawar,Khyber Pakhtunkhwa,Pakistan,,,
a628eedb-602f-5125-a41a-8788634c0188,8548545636,node,place,village,ارمڑ بالا,,Urmar Bala,,,33.9544873,71.6818594,Peshawar,Khyber Pakhtunkhwa,Pakistan,,,
1f0f77e6-9537-5b48-b1bc-a25515900e2d,1022552326,way,landuse,residential,,,,,,33.9503888,71.6391273,Peshawar,Khyber Pakhtunkhwa,Pakistan,,,
dc1e7ba5-ae7d-5187-8a54-6a7ebea10b44,1022552312,way,landuse,residential,,,,,,33.9557831,71.6382529,Peshawar,Khyber Pakhtunkhwa,Pakistan,,,
e0ba3b36-9a69-5791-b9ae-cb1826d7384b,1022552313,way,landuse,residential,,,,,,33.9545828,71.6384366,Peshawar,Khyber Pakhtunkhwa,Pakistan,,,
83b86ad1-35a5-53aa-8f28-e01c1ef1d5f2,1022552324,way,landuse,residential,,,,,,33.9519285,71.6421769,Peshawar,Khyber Pakhtunkhwa,Pakistan,,,
055b82d9-4b26-53e7-abdf-437122c7f9ad,1022552314,way,landuse,residential,,,,,,33.9568866,71.6402726,Peshawar,Khyber Pakhtunkhwa,Pakistan,,,
af714c55-d59c-5b57-a2a9-da24d93cad58,1022552323,way,landuse,residential,,,,,,33.9520042,71.6436884,Peshawar,Khyber Pakhtunkhwa,Pakistan,,,
d6121024-74c6-51dd-9ba5-ac069390357e,72423374,way,landuse,residential,,,,,,33.960955,71.6569225,Peshawar,Khyber Pakhtunkhwa,Pakistan,,,
4fd2a375-2b49-56f7-a68e-759431c33717,1038585647,way,landuse,residential,,,,,,33.9551838,71.6498146,Peshawar,Khyber Pakhtunkhwa,Pakistan,,,
2965abb6-d171-544b-a4d4-5363d327e78f,1038585646,way,landuse,residential,,,,,,33.9607354,71.6482637,Peshawar,Khyber Pakhtunkhwa,Pakistan,,,
c0c7e099-1d6c-5fce-b221-28b6361d181d,1038585648,way,landuse,residential,,,,,,33.95902,71.6535887,Peshawar,Khyber Pakhtunkhwa,Pakistan,,,
7e3f9fd8-9f8f-5f15-aa47-1a87ad2918f0,72423394,way,landuse,residential,,,,,,33.9569505,71.6687242,Peshawar,Khyber Pakhtunkhwa,Pakistan,,,
69a58bc6-1a91-5d46-802d-88ace6046109,72423427,way,landuse,residential,,,,,,33.9633664,71.6683809,Peshawar,Khyber Pakhtunkhwa,Pakistan,,,
c2cce66e-17f5-5ac1-a026-3dcdd1739cf7,1038585644,way,landuse,residential,,,,,,33.9707922,71.6439765,Peshawar,Khyber Pakhtunkhwa,Pakistan,,,
109f68b7-cb01-53ea-b62c-d9ab531eb42d,72431770,way,landuse,residential,,,,,,33.9732433,71.6424717,Peshawar,Khyber Pakhtunkhwa,Pakistan,,,
e9244ae9-932f-5769-8930-1c4d0ff7793d,72431783,way,landuse,residential,,,,,,33.9805522,71.6461625,Peshawar,Khyber Pakhtunkhwa,Pakistan,,,
09b156aa-16f6-5911-852a-dd041f037360,1038585643,way,landuse,residential,,,,,,33.9774113,71.6542647,Peshawar,Khyber Pakhtunkhwa,Pakistan,,,
72263023-e031-5897-b583-c758228ed6d9,1038585645,way,landuse,residential,,,,,,33.9672568,71.6492037,Peshawar,Khyber Pakhtunkhwa,Pakistan,,,
b45f9d20-ab11-5e03-b6a4-d679f615f062,72431771,way,landuse,residential,,,,,,33.9721043,71.6483297,Peshawar,Khyber Pakhtunkhwa,Pakistan,,,
115ddbd6-88fd-55ec-844e-426dac59d296,1038585653,way,landuse,residential,,,,,,33.9721526,71.6617561,Peshawar,Khyber Pakhtunkhwa,Pakistan,,,
5db41ff9-0fd2-5371-8214-a07b52bb4008,1038585642,way,landuse,residential,,,,,,33.9810581,71.6537007,Peshawar,Khyber Pakhtunkhwa,Pakistan,,,
f30b90d9-65a8-5188-9599-a7e69e4759a7,1038585641,way,landuse,residential,,,,,,33.9812644,71.6610779,Peshawar,Khyber Pakhtunkhwa,Pakistan,,,
5a066522-2a9e-5b0e-a65d-b40235924194,72449177,way,landuse,residential,,,,,,33.9819604,71.6691784,Peshawar,Khyber Pakhtunkhwa,Pakistan,,,
3003abea-0f79-5803-aa40-c3484fdae2b8,72449187,way,landuse,residential,,,,,,33.9792736,71.6638354,Peshawar,Khyber Pakhtunkhwa,Pakistan,,,
f579cf4a-ffdd-5140-a642-61c764319765,72449184,way,landuse,residential,,,,,,33.9861283,71.6654984,Peshawar,Khyber Pakhtunkhwa,Pakistan,,,
cbfcd9bb-50b8-56b1-a7f1-464629c907d9,72423396,way,landuse,residential,,,,,,33.964461,71.6782836,Peshawar,Khyber Pakhtunkhwa,Pakistan,,,
67bc7467-dd2d-5ccb-8c5f-619be86edb3e,72423438,way,landuse,residential,,,,,,33.9554108,71.6819636,Peshawar,Khyber Pakhtunkhwa,Pakistan,,,
4a2175d4-cf1c-54f5-a6b7-7e93f83d0169,72423443,way,landuse,residential,,,,,,33.9519846,71.677876,Peshawar,Khyber Pakhtunkhwa,Pakistan,,,
af885554-a413-59f4-ae2d-8727c92d7cba,72423399,way,landuse,residential,,,,,,33.9675932,71.6803543,Peshawar,Khyber Pakhtunkhwa,Pakistan,,,
873df043-fb6e-5c84-8a03-a48ea1a05b92,72449171,way,landuse,residential,,,,,,33.9719379,71.6797946,Peshawar,Khyber Pakhtunkhwa,Pakistan,,,
e72e398c-9b9d-599d-afd2-ba47d386502f,72449180,way,landuse,residential,,,,,,33.9758394,71.6737328,Peshawar,Khyber Pakhtunkhwa,Pakistan,,,
8817b049-2ca9-5612-a19e-1cad3f07c214,1038585654,way,landuse,residential,,,,,,33.9715549,71.6889471,Peshawar,Khyber Pakhtunkhwa,Pakistan,,,
428236fd-5e67-5472-8380-f4a602dd1772,1038585656,way,landuse,residential,,,,,,33.9775911,71.6956708,Peshawar,Khyber Pakhtunkhwa,Pakistan,,,
69a74fdc-2c03-534d-a2b8-21d549a7a022,1038585655,way,landuse,residential,,,,,,33.974474,71.693057,Peshawar,Khyber Pakhtunkhwa,Pakistan,,,
3c2c3341-7338-5eb3-9378-2d8f32ffd602,72449178,way,landuse,residential,,,,,,33.9803012,71.6739795,Peshawar,Khyber Pakhtunkhwa,Pakistan,,,
120ab936-d3d7-5efe-95b4-8ec54dee5c3c,72449172,way,landuse,residential,,,,,,33.9785619,71.6871761,Peshawar,Khyber Pakhtunkhwa,Pakistan,,,
f70fdd83-a7a2-5d65-8fdc-df5153f95feb,72449174,way,landuse,residential,,,,,,33.9776766,71.684805,Peshawar,Khyber Pakhtunkhwa,Pakistan,,,
f34a72f0-401b-538c-a9fd-266300e48eec,72449842,way,landuse,residential,,,,,,33.9813198,71.6951261,Peshawar,Khyber Pakhtunkhwa,Pakistan,,,
930d6ed8-d481-52a4-a66f-0666d4572ad7,72449798,way,landuse,residential,,,,,,33.9852742,71.6966335,Peshawar,Khyber Pakhtunkhwa,Pakistan,,,
3760e91b-60d2-5ff6-9965-4d8269d1e379,72449799,way,landuse,residential,,,,,,33.9902471,71.6954963,Peshawar,Khyber Pakhtunkhwa,Pakistan,,,
907e952a-00cd-53fa-b4e5-6b603a68080e,72449803,way,landuse,residential,,,,,,33.9892597,71.6980282,Peshawar,Khyber Pakhtunkhwa,Pakistan,,,
c5be483f-38e4-50ac-873e-944ee9667824,72448062,way,landuse,residential,,,,,,34.0005164,71.654158,Peshawar,Khyber Pakhtunkhwa,Pakistan,,,
2799570f-79c2-5408-a3d0-45c752cc2798,13906106,relation,landuse,residential,,,,,,33.9719622,71.669516,Peshawar,Khyber Pakhtunkhwa,Pakistan,,,
7d90b212-d0dd-5700-8267-a5738913aa95,866575439,node,place,village,چمکنی,,Chamkani,,,34.0054056,71.6491589,Peshawar,Khyber Pakhtunkhwa,Pakistan,,,
debb4362-e44f-50c7-8641-562dbc5c34c2,8547944816,node,amenity,place_of_worship,Shrine of Mia Umar Baba,,,,,34.0055164,71.6478418,Peshawar,Khyber Pakhtunkhwa,Pakistan,,,
9b3d5e26-55b5-5c18-aa1b-bfe4b2a99f18,8547954017,node,amenity,place_of_worship,Chamkani,,,,,34.0056416,71.6483564,Peshawar,Khyber Pakhtunkhwa,Pakistan,,,
7588457f-216b-548a-bfa4-d6f5d67fa150,3280430609,node,amenity,fuel,,,,,,34.0193155,71.6387261,Peshawar,Khyber Pakhtunkhwa,Pakistan,,,
fa7edeb0-0534-55fd-be75-efb2f6e0921c,3280430614,node,amenity,fuel,,,,,,34.018772,71.6399706,Peshawar,Khyber Pakhtunkhwa,Pakistan,,,
e9699391-a1f3-5b48-814b-c1c981730846,3280430621,node,amenity,fuel,,,,,,34.0196192,71.6413515,Peshawar,Khyber Pakhtunkhwa,Pakistan,,,
713a681c-5126-5d10-8de2-c20b5e0359f4,3280430628,node,amenity,fuel,,,,,,34.019687,71.6422342,Peshawar,Khyber Pakhtunkhwa,Pakistan,,,
287ebf7a-ad47-5a53-8539-f4e29a106bae,11145555007,node,tourism,attraction,Cricket Everywhere,,,,,34.0254408,71.6428208,Peshawar,Khyber Pakhtunkhwa,Pakistan,,,
f6c9a1c0-1ec9-5e9e-be71-30a7e8ef61d5,6352015986,node,office,government,Provincial Health Services Academy,,,,,34.0305823,71.6403584,Peshawar,Khyber Pakhtunkhwa,Pakistan,,,
e7cbc95d-3010-5791-bb91-e9397d655c8a,9550153315,node,public_transport,platform,,,,,,34.0193471,71.6472218,Peshawar,Khyber Pakhtunkhwa,Pakistan,,,
ae4082cd-1c38-5d22-b41a-20569d8bf88c,9550153316,node,public_transport,platform,GT ROAD(chamkani),,,,"modes: rikshas, suzuki, car
type of operation: route based
no of vehicles stopped: 19",34.0194174,71.6472498,Peshawar,Khyber Pakhtunkhwa,Pakistan,,,
f73da7f2-864d-516b-abfc-e5b278d50105,4505773694,node,amenity,fuel,Khattak CNG,,Khattak CNG,,,34.0194874,71.6553339,Peshawar,Khyber Pakhtunkhwa,Pakistan,,,
49cecb1d-e61c-5fba-8dce-84e375d29e9d,8909328979,node,place,village,رانو گڑھی,,Rano Garhi,,,34.0288436,71.6494547,Peshawar,Khyber Pakhtunkhwa,Pakistan,,,
978daa85-4768-524e-a67c-78162615e1b8,9572736444,node,historic,monument,M-1 Mounment,,,,,34.0262995,71.6446211,Peshawar,Khyber Pakhtunkhwa,Pakistan,,,
a412ae08-b107-5f06-8c1b-d27c69e88200,13340105263,node,leisure,park,Arbab Villas,,,,,34.0280911,71.6514802,Peshawar,Khyber Pakhtunkhwa,Pakistan,,,
23090c10-ec07-55cd-9369-d2fa57246c6b,3280528752,node,amenity,place_of_worship,masjid,,,,,34.018306,71.6620547,Peshawar,Khyber Pakhtunkhwa,Pakistan,,,
cdbc23b4-ca85-5060-96f1-a33513a09f70,6746694084,node,education,school,Muslim Hands School Of Excellence Peshawar,مسلم ہینڈز سکول آف ایکسی لینس پشاور,,,,34.0237533,71.6583142,Peshawar,Khyber Pakhtunkhwa,Pakistan,,,
ee9ddb44-627e-5eef-b59e-b84a840c342b,8909328978,node,place,town,وڈپگہ,,Wadpagga,,,34.0374557,71.6458398,Peshawar,Khyber Pakhtunkhwa,Pakistan,,,
0036fb8a-6c19-5956-ab99-38f9129efc18,8909408231,node,place,village,جھگڑا,,Jhagra,,,34.0099528,71.6740779,Peshawar,Khyber Pakhtunkhwa,Pakistan,,,
9deecb53-742c-5f9d-be38-3a576e077d0b,7077041085,node,shop,bakery,Sadiq floor mill,,,,,34.0163001,71.6819873,Peshawar,Khyber Pakhtunkhwa,Pakistan,,,
a4739715-c3d2-5d25-bbec-744215c60dff,8909408232,node,place,village,ترناب,,Tarnab,,,34.0050183,71.6980881,Peshawar,Khyber Pakhtunkhwa,Pakistan,,,
d0b01452-0106-5fbe-a1eb-77270c740071,13301788538,node,railway,station,نصرپور,نصرپور,Nasarpur,,,34.0188776,71.6779548,Peshawar,Khyber Pakhtunkhwa,Pakistan,,,Q18516218
358459d0-ec44-5e2b-be20-6442bd4eea52,8909408229,node,place,village,ناصرپور,,Nasirpur,,,34.0245639,71.6782687,Peshawar,Khyber Pakhtunkhwa,Pakistan,,,
74986c30-5b2d-5a28-9a24-aac716de34fa,8909408230,node,place,village,معصومہ,,Maasma,,,34.0274226,71.6820304,Peshawar,Khyber Pakhtunkhwa,Pakistan,,,
47601626-6b37-5fb7-9ea7-f422746a8090,8909408233,node,place,village,کالا منڈی,,Kala Mandi,,,34.0203189,71.6879512,Peshawar,Khyber Pakhtunkhwa,Pakistan,,,
0d5284bb-0a31-5433-860e-7d3b6ef3aef0,9729643833,node,place,village,گریس ولاز پشاور,گریس ولاز پشاور,Grace Villas Peshawar,,,34.037388,71.6773122,Peshawar,Khyber Pakhtunkhwa,Pakistan,,,
97e2fea8-e5f0-51b1-9797-23605a2b95a0,8910391102,node,place,village,تمبرپورہ,تمبرپورہ,Timberpura,,,34.0402923,71.6844634,Peshawar,Khyber Pakhtunkhwa,Pakistan,,,
8547ae8d-7667-58a7-8b77-eb24fbdd5784,8910391103,node,place,village,ڈھیری افریدی,ڈھیری افریدی,Dheri Afridi,,,34.0409806,71.6928848,Peshawar,Khyber Pakhtunkhwa,Pakistan,,,
cc289224-8dab-5b06-8e84-afbb8113cf2f,8909408239,node,place,village,لالا کلے,,Lala Kaley,,,34.0243804,71.6983319,Peshawar,Khyber Pakhtunkhwa,Pakistan,,,
a64acae7-08ee-5419-8418-d8041a932523,8909328977,node,place,village,ياسين آباد‎,,Yasin Abad,,,34.0487734,71.6614714,Peshawar,Khyber Pakhtunkhwa,Pakistan,,,
bb320810-7715-5863-8175-f31b2acc642e,72448061,way,landuse,residential,,,,,,34.0081296,71.647474,Peshawar,Khyber Pakhtunkhwa,Pakistan,,,
28a18131-4d5a-5f56-b47b-a9b2438c3562,851304273,way,public_transport,platform,ٹرانسپشاور,ٹرانسپشاور,TransPeshawar,,,34.020577,71.6425071,Peshawar,Khyber Pakhtunkhwa,Pakistan,,,
469afc0f-f738-5c87-a4f1-c068111a8ef9,851309848,way,public_transport,platform,,,,,,34.0204933,71.6426242,Peshawar,Khyber Pakhtunkhwa,Pakistan,,TransPeshawar,
fae9ce30-7055-5232-a60f-ca3e0bca8aca,72448046,way,landuse,residential,,,,,,34.0274538,71.6425387,Peshawar,Khyber Pakhtunkhwa,Pakistan,,,
278f7a51-9e6d-54f8-b92a-2fb74b895c9b,72448037,way,landuse,residential,,,,,,34.0368607,71.6446415,Peshawar,Khyber Pakhtunkhwa,Pakistan,,,
d6545857-b577-550c-b308-cea48d55bed0,242828261,way,amenity,fuel,,,,,,34.0190869,71.6448141,Peshawar,Khyber Pakhtunkhwa,Pakistan,,,
f08cd3f8-0480-5c33-a276-94b7271de3b0,242832624,way,amenity,fuel,,,,,,34.0188631,71.6563331,Peshawar,Khyber Pakhtunkhwa,Pakistan,,,
80c92b49-8c29-53f7-8e86-17ddee96f3ef,242832625,way,amenity,fuel,,,,,,34.019442,71.6553181,Peshawar,Khyber Pakhtunkhwa,Pakistan,,,
582605b3-1220-5d9e-b619-6b0b72120c3b,72448044,way,landuse,residential,,,,,,34.0288276,71.6493354,Peshawar,Khyber Pakhtunkhwa,Pakistan,,,
c1be21b5-1d24-5746-a657-022cc6cb1516,242832626,way,amenity,fuel,,,,,,34.019395,71.6570788,Peshawar,Khyber Pakhtunkhwa,Pakistan,,,
8b18bb3d-e0a4-50e5-9ef8-24d04ce4cdeb,242832627,way,amenity,fuel,,,,,,34.0186118,71.6598925,Peshawar,Khyber Pakhtunkhwa,Pakistan,,,
583574b1-3141-5e76-8e74-1914fa67fc85,242832628,way,amenity,fuel,,,,,,34.0192117,71.661186,Peshawar,Khyber Pakhtunkhwa,Pakistan,,,
b0b866c1-9496-5fdb-88fe-449e5773ef62,242853612,way,amenity,fuel,,,,,,34.0190142,71.6661182,Peshawar,Khyber Pakhtunkhwa,Pakistan,,,
4e79f015-e1da-5d8b-841d-2f84db9e5118,242853613,way,amenity,fuel,,,,,,34.0189553,71.6674578,Peshawar,Khyber Pakhtunkhwa,Pakistan,,,
2bf58cbf-831d-585d-93a5-d1e5540eacb5,242853614,way,amenity,fuel,,,,,,34.0179893,71.6691663,Peshawar,Khyber Pakhtunkhwa,Pakistan,,,
dda08498-b4be-5e5c-93a7-3a1b2d95d047,242832629,way,amenity,fuel,,,,,,34.0183331,71.6634476,Peshawar,Khyber Pakhtunkhwa,Pakistan,,,
99b18ae8-e0fe-59b4-a855-e7d03b1bf562,1038585640,way,landuse,residential,,,,,,34.0060217,71.6993653,Peshawar,Khyber Pakhtunkhwa,Pakistan,,,
62509413-6181-57ad-9d0c-4fb1de1ee345,72527946,way,landuse,residential,,,,,,34.0091808,71.6752076,Peshawar,Khyber Pakhtunkhwa,Pakistan,,,
d4cc6e57-e936-5895-ab93-b260641c5c30,72527917,way,landuse,residential,,,,,,34.0121957,71.6928136,Peshawar,Khyber Pakhtunkhwa,Pakistan,,,
2a1e1a91-f445-51ff-ac02-95dfc9105f00,242853616,way,amenity,fuel,,,,,,34.0188019,71.671752,Peshawar,Khyber Pakhtunkhwa,Pakistan,,,
f9f8461b-6033-5d38-bfa5-53efeb43f44b,1455422782,way,public_transport,platform,,,,,,34.0188718,71.6785661,Peshawar,Khyber Pakhtunkhwa,Pakistan,,,
22e427fd-793b-5da5-bdef-c14851378fb9,72527908,way,landuse,residential,,,,,,34.0237563,71.6796896,Peshawar,Khyber Pakhtunkhwa,Pakistan,,,
b75d411f-e91a-53cf-ba2b-c2525e8d76d2,72527899,way,landuse,residential,,,,,,34.0273665,71.6817306,Peshawar,Khyber Pakhtunkhwa,Pakistan,,,
8d5d74db-e32b-5794-a70f-291109470a5a,72326047,way,landuse,residential,,,,,,34.0242623,71.6982682,Peshawar,Khyber Pakhtunkhwa,Pakistan,,,
a4c54722-12b9-5acd-9d83-e0f1e6746e3b,72325994,way,landuse,residential,,,,,,34.0255695,71.6937299,Peshawar,Khyber Pakhtunkhwa,Pakistan,,,
fa8f4dc8-e9da-5a1e-8a7d-6a40d86654d9,74058156,way,landuse,residential,,,,,,34.0406563,71.6842035,Peshawar,Khyber Pakhtunkhwa,Pakistan,,,
301ddebb-b9bb-5c22-b866-fcda49799ec4,74058161,way,landuse,residential,,,,,,34.0413765,71.6929421,Peshawar,Khyber Pakhtunkhwa,Pakistan,,,
76ff6686-a0f8-5c5f-bfa6-957c35abf859,75577551,way,landuse,residential,,,,,,34.0485827,71.6611725,Peshawar,Khyber Pakhtunkhwa,Pakistan,,,
84ef79a2-723b-5a70-a452-1bf1a9524e7d,1038554232,way,landuse,residential,,,,,,34.0537428,71.6909839,Peshawar,Khyber Pakhtunkhwa,Pakistan,,,
59c3298b-78ed-5373-9da3-d645afa59317,13906105,relation,landuse,residential,,,,,,34.0224829,71.6827477,Peshawar,Khyber Pakhtunkhwa,Pakistan,,,
b4a79155-dc6a-510c-9b64-4508423f1abf,5416483521,node,place,village,محمد زئ,,Muhammadzai,,,34.0551901,71.6554241,Peshawar,Khyber Pakhtunkhwa,Pakistan,,,
54211ad2-05ef-5562-a089-ff8f9832189d,859241835,node,place,village,گلوزئ,,Gulozai,,,34.0587492,71.6600465,Peshawar,Khyber Pakhtunkhwa,Pakistan,,,
41d9602a-a668-5913-b327-8a51437f6ae1,8909328976,node,place,village,بیلہ نیکو خان,,Bela Niko Khan,,,34.0650939,71.6607896,Peshawar,Khyber Pakhtunkhwa,Pakistan,,,
5d1b5ddf-d601-584f-be0b-147a284ac45c,8548533813,node,place,village,اسلام آباد میاں گجر,,Islamabad Mian Gujjar,,,34.0698055,71.6682716,Peshawar,Khyber Pakhtunkhwa,Pakistan,,,
6258e9c2-d05f-52a1-aef9-3769d65dd215,8548533812,node,place,village,دامن افغانی,,Daman Afghani,,,34.0865886,71.6477407,Peshawar,Khyber Pakhtunkhwa,Pakistan,,,
4ec595c2-e2eb-56c0-9577-531199f8a6b6,8547975253,node,place,village,بدھنی,بدھنی,Budhni,,,34.0508602,71.6899884,Peshawar,Khyber Pakhtunkhwa,Pakistan,,,
96c6125e-f2a2-55f5-83b2-7abe5b1263b8,8547975255,node,place,village,دلزاک‎,,Dalazak,,,34.0612496,71.6710282,Peshawar,Khyber Pakhtunkhwa,Pakistan,,,
95874491-eb59-56d7-877c-497d9040b68f,8547975254,node,historic,monument,شہید بابا مزار,شہید بابا مزار,Tomb of Shaheed Baba,,,34.0558695,71.6878686,Peshawar,Khyber Pakhtunkhwa,Pakistan,,,
6527ed72-9e33-5b9c-bf77-7f02a7220dc4,8910391104,node,place,village,صاحبی,,Sahibi,,,34.0605796,71.6890017,Peshawar,Khyber Pakhtunkhwa,Pakistan,,,
8d58ee8d-0bbb-5b5b-8a17-e71647fc4ebb,8547975256,node,place,village,میاں گجر,,Mian Gujjar,,,34.0839212,71.6775111,Peshawar,Khyber Pakhtunkhwa,Pakistan,,,
0bde71fc-d40a-50ea-b6fc-5cfe923dfe20,8548533810,node,place,village,حڑکہ داودزئی,,Kharaka Daudzai,,,34.097979,71.6610016,Peshawar,Khyber Pakhtunkhwa,Pakistan,,,
dc72956a-246b-5582-9245-1d0c08572cab,72326008,way,landuse,residential,,,,,,34.0575476,71.6594513,Peshawar,Khyber Pakhtunkhwa,Pakistan,,,
ebc78061-55e4-5e0b-bbb8-a5aebfad9a45,72326021,way,landuse,residential,,,,,,34.0609031,71.671076,Peshawar,Khyber Pakhtunkhwa,Pakistan,,,
93fbc477-c185-5d8d-b71e-5a644596b6a3,74058254,way,landuse,residential,,,,,,34.0694206,71.6697957,Peshawar,Khyber Pakhtunkhwa,Pakistan,,,
7d6a8804-809e-5c7c-a59b-f39996d87cd8,963159170,way,landuse,residential,,,,,,34.0647972,71.6605629,Peshawar,Khyber Pakhtunkhwa,Pakistan,,,
f7f0872b-e41e-5362-8ca8-bc2b7609ae7c,74058262,way,landuse,residential,,,,,,34.06611,71.6671822,Peshawar,Khyber Pakhtunkhwa,Pakistan,,,
934bee3e-b3b5-5b3a-b085-c27202427312,74058237,way,natural,water,,,,,,34.0742997,71.6519741,Peshawar,Khyber Pakhtunkhwa,Pakistan,,,
ba6df64f-02ca-587a-bf47-4cad950335fd,74037532,way,landuse,residential,,,,,,34.0792406,71.6502252,Peshawar,Khyber Pakhtunkhwa,Pakistan,,,
c9a319f9-13b5-547f-8aa4-1586d647f759,70985979,way,landuse,residential,,,,,,34.086122,71.6476228,Peshawar,Khyber Pakhtunkhwa,Pakistan,,,
9502524b-b803-5479-b2ee-e90b04ee7c15,70961045,way,landuse,residential,,,,,,34.0838569,71.6780988,Peshawar,Khyber Pakhtunkhwa,Pakistan,,,
b2b87431-7037-58c1-ada8-d99f2784e95e,73544944,way,natural,wetland,,,,,,34.0770038,71.6946413,Peshawar,Khyber Pakhtunkhwa,Pakistan,,,
819caf5b-6b5e-5866-96b3-4d1da8df3da2,73441047,way,landuse,residential,,,,,,34.093722,71.6819222,Peshawar,Khyber Pakhtunkhwa,Pakistan,,,
e231242f-11fd-5937-80be-7f635af4203a,73441120,way,landuse,residential,,,,,,34.0930123,71.6977574,Peshawar,Khyber Pakhtunkhwa,Pakistan,,,
23e0c916-eaa6-5616-8d0e-62de0e73a771,70986094,way,landuse,residential,,,,,,34.0981478,71.6604545,Peshawar,Khyber Pakhtunkhwa,Pakistan,,,
07ad7c07-cce2-5d13-ac7e-dc3c4e0fa722,73441106,way,landuse,residential,,,,,,34.0966945,71.6828041,Peshawar,Khyber Pakhtunkhwa,Pakistan,,,
a6e99199-3564-5704-9f8d-451375adee72,48409,relation,natural,water,دریائے کابل,,,,,34.0995304,71.7418137,Peshawar,Khyber Pakhtunkhwa,Pakistan,,,
5d4761a9-488a-5718-8d14-6db40b01ec38,1142031,relation,natural,water,,,,,,34.0752435,71.6542405,Peshawar,Khyber Pakhtunkhwa,Pakistan,,,
