id,osm_id,osm_geom_type,osm_tag_key,osm_tag_value,name,name_ur,name_en,alt_name,description_raw,lat,lon,city,province,country,brand,operator,wikidata
7246bb42-9c83-5a72-bed4-0de08ce68199,3740049239,node,place,village,Tawandi,,,,,32.4007577,74.4604444,Sialkot,Punjab,Pakistan,,,
df736810-dead-5a39-aef5-93ef0cf27f42,3740049238,node,place,village,گجر قلعہ,,Gujar Qila,,,32.4038376,74.4679975,Sialkot,Punjab,Pakistan,,,
641c25a6-6183-5b43-a1d6-089f22e7179e,4443470690,node,tourism,attraction,Bahria Twon Skt,,Bahria Twon Skt,,,32.4062085,74.4888426,Sialkot,Punjab,Pakistan,,,
a8826d44-ab6b-559a-a969-2ff378672918,3742258450,node,place,village,Loharan Wali,,,,,32.4148951,74.4903085,Sialkot,Punjab,Pakistan,,,
2b1fe68b-a987-5a25-a9d9-aa1d2f7d73df,3500987070,node,place,village,گھوينکی‎,,Ghoinke,,,32.4205903,74.4600736,Sialkot,Punjab,Pakistan,,,
b07d8c30-edfa-5c8e-bd4d-105f4b31957b,9953698052,node,office,company,Citi Housing Main Office Sialkot,,,,,32.4219327,74.4719529,Sialkot,Punjab,Pakistan,,,
8ab68f83-9607-51e1-8bd6-832fe94b22c2,8878102145,node,place,village,کوٹ کرم بخش,,Kot Karam Bakhsh,,,32.4316832,74.4511982,Sialkot,Punjab,Pakistan,,,
21173159-c655-574d-8490-7968a1e47f02,8878102119,node,place,village,ناگور,,Nagoor,,,32.4424489,74.4658075,Sialkot,Punjab,Pakistan,,,
a6fa6e6f-f74b-57b4-85e7-df9605e081bf,3742258449,node,place,village,Tufaul Kot,,,,,32.4182462,74.4802234,Sialkot,Punjab,Pakistan,,,
e609a4a6-7262-5542-81b4-ce6b0bbc3414,3742258451,node,place,village,Kotli Fareed,,,,,32.4248393,74.4951794,Sialkot,Punjab,Pakistan,,,
a23eebe2-5e40-5433-8ed4-82696af67eb1,3724228104,node,place,village,آڑہ,,Adah,,,32.4411347,74.4794412,Sialkot,Punjab,Pakistan,,,
09d9b467-7e88-5115-b166-b1a79cd0ae8f,8878100802,node,amenity,place_of_worship,لاثانی,,,,,32.440675,74.4799935,Sialkot,Punjab,Pakistan,,,
c8746465-d3e6-523a-ab6e-d948707ade55,8878100803,node,amenity,place_of_worship,پہاڑ ولی,,,,,32.441915,74.4797971,Sialkot,Punjab,Pakistan,,,
56661fc6-f863-595c-bc7c-a25d92364ca4,3724228102,node,place,village,پیڑہ,,Bir,,,32.4397804,74.4948008,Sialkot,Punjab,Pakistan,,,
450d54e4-cc78-5a2b-a988-df667fd26e09,3724228105,node,place,village,کوٹلی امیر علی,,Kotli Amir Ali,,,32.4495392,74.4775627,Sialkot,Punjab,Pakistan,,,
ae88fcb9-bdcd-54fd-8fa5-bd7efccd6fb3,258142381,way,amenity,fuel,Butt Gas Station,,,,,32.4153809,74.4960037,Sialkot,Punjab,Pakistan,,,
20d74041-8fe6-5d19-872d-78193d80fc37,1086313774,way,landuse,commercial,,,,,,32.4221389,74.4725112,Sialkot,Punjab,Pakistan,,,
814b6304-5bf0-5ad7-9ed1-e13117e5d625,959546340,way,landuse,industrial,مهابت خان انڈسٹریل پارک,,Mohabat Khan Industrial Park,,,32.4333274,74.4712679,Sialkot,Punjab,Pakistan,,,
9b765470-a11b-53e4-9549-1a6fd4766ea6,1241472565,way,landuse,cemetery,St.John Christian Graveyard,,,,,32.44062,74.4706093,Sialkot,Punjab,Pakistan,,,
3df592a3-8f63-51cc-a71f-875f78dc930a,14460199,relation,landuse,residential,Citi Housing Sialkot,,,,,32.4152,74.4839467,Sialkot,Punjab,Pakistan,,,
33de0485-0c89-56de-bcf3-baad64bcb59d,3724184002,node,place,village,تلوار,,Talwara,,,32.4522937,74.4577999,Sialkot,Punjab,Pakistan,,,
bdf86050-e786-594c-ae02-87dc6f74f126,3723230537,node,place,village,مومن کلاں,,Moman Kalan,,,32.4689474,74.4508501,Sialkot,Punjab,Pakistan,,,
50e2040e-2373-53b3-8c10-cd66387ff205,3724189243,node,place,village,مومن خرد,,Moman Khurd,,,32.4661285,74.4591686,Sialkot,Punjab,Pakistan,,,
acc4aec6-1f7f-52af-a9a9-16682d890abc,3724184007,node,place,village,گھر والی,,Kehrwali,,,32.4570458,74.4710449,Sialkot,Punjab,Pakistan,,,
a1533030-db55-5b10-a83e-78364b771312,3724184012,node,place,village,کوٹ منان,,Kot Manan,,,32.46327,74.4722188,Sialkot,Punjab,Pakistan,,,Q30623661
daa9162b-c82b-5000-aa03-cfc2f35672f0,3724189242,node,place,village,Lodhare,,,,,32.4674415,74.4669209,Sialkot,Punjab,Pakistan,,,
0bfd39c5-06c0-583a-8bbf-ef7e61da469f,3724228107,node,place,village,مغلانوالی,,Moghalanwali,,,32.4555964,74.4831689,Sialkot,Punjab,Pakistan,,,
ba21388f-9497-5581-8154-506a51a9c982,8878326167,node,place,village,سیدنوالی,,Syeddanwali,,,32.4512141,74.4881163,Sialkot,Punjab,Pakistan,,,
30c57b14-f7d4-5103-b960-df60a4b1276a,3724228106,node,place,village,Miani,,,,,32.4534847,74.4904914,Sialkot,Punjab,Pakistan,,,
ea3da827-a939-54cf-a33b-482b90e60088,8878100804,node,amenity,place_of_worship,عید گاہ,,,,,32.4533918,74.4896105,Sialkot,Punjab,Pakistan,,,
e4d1291a-9493-5c54-9f10-31d0989ff80e,8878100805,node,amenity,place_of_worship,Markazi,,,,,32.4535721,74.4909354,Sialkot,Punjab,Pakistan,,,
40b2ccee-4931-544d-9d12-a53af8f960ff,8878100806,node,amenity,place_of_worship,میانی چرچ,,,,,32.4529707,74.4895742,Sialkot,Punjab,Pakistan,,,
51564804-c08c-560b-8e3d-52e6be386828,8878102117,node,amenity,place_of_worship,جامع مسجد حنفیہ غوثیہ,,,,,32.4659894,74.4993566,Sialkot,Punjab,Pakistan,,,
0f3f3c9c-614d-5064-b95e-fc6b5e496282,3724189241,node,place,village,Jalal Town,,,,,32.4715962,74.4511924,Sialkot,Punjab,Pakistan,,,
23918e78-8819-59a8-a680-668a90ebd5d5,4901925104,node,amenity,fast_food,Chorahi Food Corner,,,,,32.4797442,74.4523805,Sialkot,Punjab,Pakistan,,,
5ee77b5a-2eda-5993-babb-86d816a33b59,4901925105,node,amenity,place_of_worship,Mosque Govt High School,,,,,32.4801472,74.4536015,Sialkot,Punjab,Pakistan,,,
3301f0f6-f17f-5bc5-b609-7b3018e8ee48,11365894823,node,shop,supermarket,Waliya Khurasan Industry | Jewelry Making Tools & Supplies,,,,,32.4803968,74.4526545,Sialkot,Punjab,Pakistan,,,
2f6f3984-3ec6-5168-92bf-1045128752a4,4901925103,node,amenity,place_of_worship,Jamia Masjad Anwar-e-Lasani,,,,,32.480273,74.4556463,Sialkot,Punjab,Pakistan,,,
31755e94-a451-5bc0-afec-3b393c2ab57f,3723247140,node,place,village,Dhatal,,,,,32.4779501,74.4631014,Sialkot,Punjab,Pakistan,,,
dab71d17-523f-5d08-86a8-f40fb795d38a,4901925101,node,amenity,fuel,Butt Petrol Pump Zoom,,,,,32.4819417,74.4712867,Sialkot,Punjab,Pakistan,,,
04b3ba32-9ae3-5a39-b4d2-30a2e6748d91,4901925102,node,amenity,fuel,Zoom (Chohan Filling & CNG),,,,,32.4839524,74.4615865,Sialkot,Punjab,Pakistan,,,
d5201022-d12c-5da6-8046-0e357e09e907,3702733292,node,place,village,دھانی,,Dhane,,,32.4727383,74.4807725,Sialkot,Punjab,Pakistan,,,
dbd7948f-95a3-5c55-ae9a-54c417c5b826,3723247139,node,place,village,بھبھریانوالہ,,Bhabrianwala,,,32.4817634,74.48053,Sialkot,Punjab,Pakistan,,,
0d21200d-f203-5a7e-b732-f6d0daba7437,3702733252,node,place,village,Ghangian Wali,,,,,32.475116,74.491678,Sialkot,Punjab,Pakistan,,,
76f41f4b-7bc9-52a2-9901-a368ade2498f,3723247141,node,place,suburb,Adalat Garh,,,,,32.485378,74.4849863,Sialkot,Punjab,Pakistan,,,
51c1e648-28b6-5830-894d-489d0737167e,3700596841,node,place,suburb,Aslam Qadri,,,,,32.4855876,74.4911755,Sialkot,Punjab,Pakistan,,,
811fa05c-5cbd-5ad4-8e40-8936a702f3b2,3700596842,node,place,suburb,Rehmatabad,,,,,32.4875249,74.4900188,Sialkot,Punjab,Pakistan,,,
49182558-8a9e-5a2c-8c28-d213fbf3704e,4901733240,node,shop,supermarket,LAL DEEN UTILITY STORE,,,,,32.4849165,74.4916393,Sialkot,Punjab,Pakistan,,,
ae22de69-e787-5a85-9896-a790dd2f03a0,4901925100,node,amenity,restaurant,Taste World Bar B Q & Fish Point,,,,,32.4845881,74.4910306,Sialkot,Punjab,Pakistan,,,
a7cebb27-384e-5944-9ad1-e32eef604383,11069657738,node,shop,convenience,فوجی پان شاپ,,Fauji Pan Shop,,,32.4866358,74.4898002,Sialkot,Punjab,Pakistan,,,
957bf809-1e13-5c3b-beaf-3a278edbb8fb,3700596832,node,place,suburb,Bilal Pura,,,,,32.488435,74.4991202,Sialkot,Punjab,Pakistan,,,
12108dae-7905-5da4-a746-84e784a56eb9,3700596840,node,place,suburb,Bhatta Colony,,,,,32.4909554,74.4887371,Sialkot,Punjab,Pakistan,,,
704e636d-a62d-5501-a6fb-1ea3c80cc6f0,3700596833,node,place,suburb,Bhutto Wala,,,,,32.4901015,74.4985762,Sialkot,Punjab,Pakistan,,,
b786cd95-4119-5eb8-9aac-2182c042b81c,3700596862,node,place,suburb,Wapda Colony,,,,,32.4954752,74.4977818,Sialkot,Punjab,Pakistan,,,
b5ac5135-201a-59cc-9e0f-05d467b880f8,3700596882,node,place,neighbourhood,Harrar,,,,,32.4983291,74.4889365,Sialkot,Punjab,Pakistan,,,
684fcbc1-33d8-5edf-9b1d-4ea323a15b77,3700596883,node,place,neighbourhood,GULSHN-E-AHSAN,,,,,32.4999201,74.492075,Sialkot,Punjab,Pakistan,,,
4707c518-bf2a-5381-a2d0-cb749855f77b,3700596865,node,place,suburb,Green Town,,,,,32.4984742,74.4970124,Sialkot,Punjab,Pakistan,,,
1c4872a7-a738-5bb2-9b6f-3e20364bbc85,959546339,way,landuse,commercial,علی ٹریڈنگ کمپنی,,Ali Trading Company,,,32.4526095,74.497833,Sialkot,Punjab,Pakistan,,,
5a4e3938-6e53-5940-9fc9-b29e562097cf,368466683,way,leisure,park,,,,,,32.474728,74.4498174,Sialkot,Punjab,Pakistan,,,
270ec3cc-827f-5f37-82df-96944e1b6fbb,246648889,way,amenity,fuel,CNG Station,,,,,32.4850456,74.4640513,Sialkot,Punjab,Pakistan,,,
9b3731e8-f6da-5f89-900e-3a0aad4d63f7,368559340,way,landuse,cemetery,,,,,,32.4791645,74.4800678,Sialkot,Punjab,Pakistan,,,
c77e60a6-0704-5af1-93f1-42284b398ba0,366297784,way,landuse,cemetery,Shatab Garh Grave Yard,,,,,32.4743105,74.4992166,Sialkot,Punjab,Pakistan,,,
0e66c435-68a9-5bf8-8dd0-dd38e20d396a,366076001,way,landuse,cemetery,,,,,,32.4883189,74.4775052,Sialkot,Punjab,Pakistan,,,
6a2ef910-22d9-5876-899b-ee2408615b0f,366076022,way,landuse,cemetery,,,,,,32.4872778,74.4868388,Sialkot,Punjab,Pakistan,,,
dfe09ae9-707f-51e4-abf2-b00d89fcfca8,246648885,way,amenity,fuel,,,,,,32.4951144,74.4864933,Sialkot,Punjab,Pakistan,,,
e42a139f-8393-54d3-92d5-96b2aae67e14,246648887,way,amenity,fuel,,,,,,32.49323,74.4824407,Sialkot,Punjab,Pakistan,,,
5ebbebfd-e961-5e13-ac9a-8f05ef757300,366070641,way,landuse,cemetery,Peer Harah Grave Yard,,,,,32.4943572,74.4920288,Sialkot,Punjab,Pakistan,,,
ea04385c-24de-5343-b119-df0a5ddbab38,366070642,way,amenity,place_of_worship,Sachi Sarkar,,,,,32.4948826,74.4903043,Sialkot,Punjab,Pakistan,,,
7a61da66-3d07-53e1-a21f-35a322c0747a,368559246,way,landuse,cemetery,,,,,,32.497316,74.4571231,Sialkot,Punjab,Pakistan,,,
33ecfe96-86fe-5b2a-960f-0d13739ed8ed,246648883,way,amenity,fuel,,,,,,32.4971967,74.4898334,Sialkot,Punjab,Pakistan,,,
47105bd0-b00e-5ca0-9f44-8d85683255f8,17764098,relation,landuse,residential,,,,,,32.4792272,74.445094,Sialkot,Punjab,Pakistan,,,
be399e8f-e723-50ba-8fd4-72d1ccf4e400,17763969,relation,landuse,residential,,,,,,32.5047772,74.5305896,Sialkot,Punjab,Pakistan,,,
5047997a-cfa5-54d9-b45c-574275de203d,3723230531,node,place,village,Bhindar,,,,,32.502035,74.4517299,Sialkot,Punjab,Pakistan,,,
24f3eda3-e191-5a9d-a70d-5f9884d4f87f,3723230530,node,place,village,Bhagwal Awan,,,,,32.5072467,74.4569227,Sialkot,Punjab,Pakistan,,,
bfada4f3-2bda-59d9-8342-99790a649fd4,3724165030,node,place,village,Jurian,,,,,32.5161957,74.4517673,Sialkot,Punjab,Pakistan,,,
52ffe647-8461-5e82-8f53-1ec166b0558a,3723230529,node,place,village,Baho Bhatti,,,,,32.5140323,74.469175,Sialkot,Punjab,Pakistan,,,
47a8d9f0-0dc0-5659-9163-7678c37a6c61,3723230528,node,place,village,Gadare,,,,,32.5204918,74.4633814,Sialkot,Punjab,Pakistan,,,
ef23a772-d8b2-5a8b-8dac-cb7690d263d6,3723230527,node,place,village,Gondewali,,,,,32.5207632,74.473209,Sialkot,Punjab,Pakistan,,,
4a9bec08-b3d4-5175-bc64-c218f14a8d8d,3700596961,node,place,village,Rattian,,,,,32.5015505,74.4852765,Sialkot,Punjab,Pakistan,,,
003f88a4-0614-5c5e-a27f-1574c5d4fbd5,3700596962,node,place,village,Malkay Kalan,,,,,32.5060071,74.4866775,Sialkot,Punjab,Pakistan,,,
b1684455-2f7d-5464-9b85-87194826f319,3702468947,node,place,suburb,Nai Abadi Murad Pur,,,,,32.5072049,74.4977281,Sialkot,Punjab,Pakistan,,,
53a71020-1fbc-5043-a818-b84734ef81c4,3700597001,node,place,village,Saleem Pur,,,,,32.5120953,74.4849353,Sialkot,Punjab,Pakistan,,,
4f9ac563-779c-56ff-a26e-82a33027992b,2536582209,node,amenity,fuel,,,,,,32.509411,74.4957573,Sialkot,Punjab,Pakistan,,,
955f97d2-f375-5edc-822b-0d36509b9d0d,3700556009,node,place,neighbourhood,Danish Pura,,,,,32.5119941,74.496839,Sialkot,Punjab,Pakistan,,,
c8be58b2-0d7a-5d96-9ad2-311ce7bc8e0b,3700537962,node,place,suburb,Murad Pur,,,,,32.5178615,74.4927219,Sialkot,Punjab,Pakistan,,,
cb394a39-3cd6-5b35-ae82-ed71d85d6030,3723230323,node,place,village,Malke Khurd,,,,,32.5204737,74.4898816,Sialkot,Punjab,Pakistan,,,
16000f9a-6d56-5403-8ee4-bb7ab8690c3a,3700537961,node,place,village,Manshian,,,,,32.5163707,74.499055,Sialkot,Punjab,Pakistan,,,
e3873a8a-1e40-503e-af45-6a04d935dfd2,4375443917,node,amenity,place_of_worship,Muhammadi Masjid,,,,,32.5174357,74.49627,Sialkot,Punjab,Pakistan,,,
6ae884a9-1317-5520-a0cb-85188faf6bf1,2536270635,node,place,village,Ajjuwali,,,,,32.5257294,74.4508299,Sialkot,Punjab,Pakistan,,,
23f23dfe-8e36-5acf-b6a2-58fa9369538a,2536270636,node,place,village,Dusri,,,,,32.527168,74.4548289,Sialkot,Punjab,Pakistan,,,
03507113-a59c-5444-ae8c-84c3bde5b874,4422402395,node,amenity,bank,Allied BANK Kapurowali,,Allied BANK Kapurowali,,,32.5339944,74.4508419,Sialkot,Punjab,Pakistan,,,
3aeb7d2d-9de9-5453-b4bd-bc17f2830ab5,4422402595,node,office,government,UC kapurowali,,UC kapurowali,,,32.5334545,74.4524067,Sialkot,Punjab,Pakistan,,,
7ddd6a87-6895-5527-ba9a-2e9d6758b3e5,3724188903,node,place,village,Tibba Wali,,,,,32.5293006,74.4613145,Sialkot,Punjab,Pakistan,,,
0bbb7474-4afc-55ec-8da2-431ade0938e7,3723230525,node,place,village,Tibbi,,,,,32.5236942,74.4812128,Sialkot,Punjab,Pakistan,,,
c6ce3980-a023-564d-9333-88dd789bbd48,3723230324,node,place,village,Nangal,,,,,32.527783,74.4868132,Sialkot,Punjab,Pakistan,,,
00ae48f6-a657-557f-99dc-1f78ab91de1f,3723230526,node,place,village,Khunsar Pur,,,,,32.5289047,74.4774147,Sialkot,Punjab,Pakistan,,,
8044cde6-5ba7-5d01-8f23-ca6d13e6abab,2536320652,node,place,village,چٹی شیخاں,,Chitti Sheikhan,,,32.5335965,74.4868134,Sialkot,Punjab,Pakistan,,,
3dc76bd9-b6a3-5b75-b5b2-eb83b6efac12,2536320655,node,place,village,Kawarpur,,,,,32.5249333,74.4979509,Sialkot,Punjab,Pakistan,,,
12c2f792-78e0-51c0-9948-ed46aee4dd9d,2536320654,node,place,village,نواں پنڈ,,Nawan Pind,,,32.5372688,74.4929718,Sialkot,Punjab,Pakistan,,,
ebf251e0-4614-5e3c-b914-55b68713fbb9,1296004182,way,landuse,residential,,,,,,32.5095624,74.4695056,Sialkot,Punjab,Pakistan,,,
c6619653-8b7c-5afd-a828-321437794000,1296004180,way,landuse,residential,,,,,,32.5201349,74.4637049,Sialkot,Punjab,Pakistan,,,
addef7c8-6be5-590d-a520-5ff9a57e5722,1303435940,way,landuse,residential,Green Affordable Housing,,,,,32.5261888,74.4645883,Sialkot,Punjab,Pakistan,,,
153cb1f2-7abe-5323-b11f-d671f9fad3e5,1296004179,way,landuse,residential,,,,,,32.5212226,74.4739833,Sialkot,Punjab,Pakistan,,,
a4823e3c-6e58-5593-9988-fc270b69b2a4,1296004181,way,landuse,residential,,,,,,32.5139343,74.4700397,Sialkot,Punjab,Pakistan,,,
450d8d37-630c-5a40-afb5-db719d1dea73,366070669,way,office,government,ATC,,,,,32.5085593,74.4946178,Sialkot,Punjab,Pakistan,,,
940654f8-ff9c-5b16-a5cd-53c75dab3418,366070664,way,amenity,place_of_worship,Masjid Al Furqan,,,,,32.5070651,74.4934689,Sialkot,Punjab,Pakistan,,,
00ce5714-a924-555b-879d-fd9b48558b03,1296004178,way,landuse,residential,,,,,,32.5239523,74.4845418,Sialkot,Punjab,Pakistan,,,
4c3a7ba0-8501-54f8-acc4-599c35df2194,258142555,way,amenity,fuel,caltex,,,,,32.5267198,74.4793968,Sialkot,Punjab,Pakistan,,,
c0474fb3-7bc6-51ea-9593-38c6fd9c351d,1296004176,way,landuse,residential,,,,,,32.5349731,74.4869073,Sialkot,Punjab,Pakistan,,,
249b7652-0392-51a6-bee0-059cbb7af7c6,1296004177,way,landuse,residential,,,,,,32.5285487,74.4780901,Sialkot,Punjab,Pakistan,,,
2fa451cd-30df-5665-8063-df9c27db8b64,1296004175,way,landuse,residential,,,,,,32.5372233,74.4946254,Sialkot,Punjab,Pakistan,,,
47885cde-490c-5a1a-a5eb-2d503f4779ea,659260803,way,landuse,residential,,,,,,32.5418329,74.5009396,Sialkot,Punjab,Pakistan,,,
d86d896b-7a80-5d08-9d73-fe82b3d6c808,2536256213,node,place,village,Jatta,,,,,32.5580809,74.4534638,Sialkot,Punjab,Pakistan,,,
6eff6b3a-c81e-5958-ad03-908edaf3f318,2536256211,node,place,village,Chak Harrar,,,,,32.5699925,74.4588638,Sialkot,Punjab,Pakistan,,,
9919c805-c3cb-50a0-9b0c-22ec1bac7b6e,2536256210,node,place,village,Dogran,,,,,32.5657758,74.4645064,Sialkot,Punjab,Pakistan,,,
19c608b3-74a6-5421-b350-e550987d50fd,2536256208,node,place,village,Kot Harrar,,,,,32.568615,74.4736731,Sialkot,Punjab,Pakistan,,,
9ca0460c-b2d3-5411-a94c-39433de0e987,2536256207,node,place,village,سندھوالہ,,Sandhwala,,,32.557442,74.480159,Sialkot,Punjab,Pakistan,,,
4dc21ad9-75a1-5595-bba8-e2f06125afb9,2536256205,node,place,village,Badhian,,,,,32.558984,74.4885113,Sialkot,Punjab,Pakistan,,,
ac718299-22c0-567c-8768-38a9194b1761,2536256197,node,place,village,لال پور,,Lalpur,,,32.5584274,74.4948645,Sialkot,Punjab,Pakistan,,,
c9479871-4420-5a85-9d19-5d13bd28bd83,3724269053,node,place,village,Nand Pur,,,,,32.5661064,74.4813745,Sialkot,Punjab,Pakistan,,,
4bf7b5d8-f9c4-5f4e-8bbf-5db62a6a2930,2536256203,node,place,village,Pakhar,,,,,32.5648916,74.49076,Sialkot,Punjab,Pakistan,,,
ec043fb2-66da-5a34-948f-c4e7d58d8181,2536256200,node,place,village,Nawa Bahlool,,,,,32.5620499,74.4984483,Sialkot,Punjab,Pakistan,,,
9ffdb749-0d19-5da9-85af-0824989b7f89,2536221766,node,place,village,Kajhuriwala,,,,,32.5716136,74.4960059,Sialkot,Punjab,Pakistan,,,
b635f809-97be-5619-a128-61f822458a58,2536221761,node,place,village,Muazzamabad,,,,,32.591275,74.4561312,Sialkot,Punjab,Pakistan,,,
22552438-c738-5fb5-9dc9-a2ba1d4dfb0a,2536221762,node,place,village,Nizamuddinpur,,,,,32.5910218,74.4593262,Sialkot,Punjab,Pakistan,,,
dd9dda9b-6d24-5300-8548-1def3b2fd51e,2536221760,node,place,village,Chabriwali,,,,,32.5935804,74.4626479,Sialkot,Punjab,Pakistan,,,
b6e73999-7601-5d01-83cd-c4b403474c4d,2536221759,node,place,village,Wadhal,,,,,32.5979814,74.4624145,Sialkot,Punjab,Pakistan,,,
dc2eaf9e-3956-5798-8cea-86740fd45d9c,2536221764,node,place,village,کوٹلی لوہاراں,,Kotli Loharan,,,32.5873613,74.4949718,Sialkot,Punjab,Pakistan,,,
120cefd0-a4e0-57d4-80a0-40d6c7af8229,2536221739,node,place,village,Kotli Araian Kalan,,,,,32.5987967,74.4767963,Sialkot,Punjab,Pakistan,,,
903b3403-2122-541e-9519-2ae43faa56e4,2536221738,node,place,village,Sherpur,,,,,32.5981749,74.4925735,Sialkot,Punjab,Pakistan,,,
8c3a5914-f753-5074-b15e-5c65361a0dd9,368577485,way,landuse,cemetery,,,,,,32.5987076,74.4938315,Sialkot,Punjab,Pakistan,,,
d6d16619-91a2-587d-bd21-654ddec95f87,11780476,relation,natural,water,Marala Ravi Link Canal,,,,,32.6154711,74.4672009,Sialkot,Punjab,Pakistan,,,
5b6482fd-c754-5e71-8718-5c336d420d68,3742258453,node,place,village,پنڈی پور,,Pindi Pur,,,32.4034099,74.5009629,Sialkot,Punjab,Pakistan,,,
207e0fbf-6d0f-57cb-b56e-8a85322189ea,3742258452,node,place,village,لدھڑ,,Ladhar,,,32.4136562,74.5098421,Sialkot,Punjab,Pakistan,,,
39ad44d2-d637-5934-8521-b7be79cf41dc,3742358253,node,place,village,نواں پنڈ,,Nawan Pind,,,32.4059153,74.5175783,Sialkot,Punjab,Pakistan,,,
06d89f7e-bea6-5ab1-9bd3-6968202def12,8878100749,node,place,village,چک گیلان,,Chak Gillan,,,32.4101656,74.5326995,Sialkot,Punjab,Pakistan,,,
85bfcd22-0764-5f14-92bf-34840ab903bf,3742258454,node,place,village,گھٹوروڑا,,Ghatto Rora,,,32.4291137,74.5085305,Sialkot,Punjab,Pakistan,,,
f6786197-30ee-52d1-91a8-b054fa3a26fb,3724228101,node,place,village,ہپوگڑھا,,Hepo Garha,,,32.4403907,74.5060011,Sialkot,Punjab,Pakistan,,,
83b730ab-6bf9-504a-96b7-6a0368e62da6,3724228100,node,place,village,چنوں موم,,Chanun Mom,,,32.4402513,74.5216518,Sialkot,Punjab,Pakistan,,,
ca2e33a7-8d71-59da-b518-cc8f46ea3c97,3742258455,node,place,village,ہندل,,Hundal,,,32.4228754,74.5291795,Sialkot,Punjab,Pakistan,,,
d2de0246-f8f7-5fe1-92d4-ef4d4e963487,3742258456,node,place,village,ڈھڈیانوالی,,Dhudianwali,,,32.4214205,74.5456827,Sialkot,Punjab,Pakistan,,,
af9d9b96-66c1-5b06-9b7e-406382cf7514,8878100768,node,place,village,گوجرانوالہ,,Gujranwala,,,32.4268459,74.5464404,Sialkot,Punjab,Pakistan,,,
59fbacfc-0b39-54c9-b496-af793961e413,8878100769,node,place,village,پرانا پنڈ,,Purana Pind,,,32.4270274,74.5417729,Sialkot,Punjab,Pakistan,,,
95c39fb3-4870-57a7-8cbf-f5a2a60a9947,8878100748,node,place,village,انجوتر,,Anjotar,,,32.4362283,74.5319495,Sialkot,Punjab,Pakistan,,,
1f81f9ef-9c90-563c-99c4-2f51da14553c,8878100747,node,place,village,کشن پورہ,,Kishanpura,,,32.439502,74.5428033,Sialkot,Punjab,Pakistan,,,
e7566196-5489-5e13-99b4-4ad4ff0675d1,3724228099,node,place,village,بھڈال,,Bhadal,,,32.4448185,74.5187875,Sialkot,Punjab,Pakistan,,,
09749c79-9975-55d5-9aa9-6515ba6cb3bf,8878100771,node,amenity,place_of_worship,St. Fatima Catholic Church,,,,,32.4446486,74.5190752,Sialkot,Punjab,Pakistan,,,
61d44196-7ae4-5b99-a3ca-4d71da6f0025,8878100787,node,amenity,place_of_worship,فیضان مصطفی,,,,,32.446007,74.5180602,Sialkot,Punjab,Pakistan,,,
f73de749-5b23-55ce-bf23-c3f1767b07c8,3724228098,node,place,village,چرنڈ,,Charind,,,32.4492771,74.5369204,Sialkot,Punjab,Pakistan,,,
a3c8aec2-e20f-5fff-a39b-36dae02a0f07,959546335,way,natural,water,,,,,,32.4101419,74.533508,Sialkot,Punjab,Pakistan,,,
069e55f4-eb31-57a0-9c1c-27772f44a4c8,706920215,way,amenity,place_of_worship,Masjid Hanfia Gosia,,,,,32.4232843,74.5287746,Sialkot,Punjab,Pakistan,,,
4dff1f0b-c815-5984-bd0d-47787cd97ef1,706920221,way,landuse,religious,Darbar Peer Abdur Rehman Shah,,,,,32.4230274,74.5282404,Sialkot,Punjab,Pakistan,,,
cb15b318-89d6-5aa9-ac7b-c595c72e92a6,706920217,way,amenity,place_of_worship,Masjid Khatoon-e-Jannat,,,,,32.4248888,74.5289523,Sialkot,Punjab,Pakistan,,,
c9a02236-7db2-5f61-bffc-c93058a421e8,706920218,way,amenity,place_of_worship,Eidgah,,,,,32.4246265,74.5282294,Sialkot,Punjab,Pakistan,,,
6eeb9bae-db57-5a9a-9cea-01360b25a535,706920219,way,office,government,Union Counsel Office,,,,,32.4249973,74.5282981,Sialkot,Punjab,Pakistan,,,
caf2773f-9b97-5c68-a9ee-c396c298320a,706920220,way,office,company,Shah Holdings,,,,,32.4246362,74.5291382,Sialkot,Punjab,Pakistan,,,
bc2b282b-a0bd-50f1-9898-b37a9b0c2351,959546334,way,natural,water,,,,,,32.4434946,74.5505449,Sialkot,Punjab,Pakistan,,,
61921482-243a-517a-8b7b-65297e3f888b,3719953535,node,place,village,بٹر,,Buttar,,,32.4662528,74.5002075,Sialkot,Punjab,Pakistan,,,
b1108e15-bdde-53bf-ad96-6e6afef237f2,3724228108,node,place,village,سدرہ بدرہ,,Sadra Badra,,,32.4516473,74.5054059,Sialkot,Punjab,Pakistan,,,
ff3c0035-28d6-5d49-9c87-66d56cabfa56,5276615023,node,shop,greengrocer,سبزمنڈی,,fruit/vegitable market,,,32.452691,74.51927,Sialkot,Punjab,Pakistan,,,
e3b70f91-5544-5c6f-b38d-630b7d182d5e,8878100815,node,place,village,برج شریف,,Burj Shareef,,,32.4594664,74.5026961,Sialkot,Punjab,Pakistan,,,
8da847ec-725d-5de6-8f77-30752f8dd7e5,3724228109,node,place,village,پکی کوٹلی,,Pacci Kotli,,,32.4611019,74.5140283,Sialkot,Punjab,Pakistan,,,
12e91898-f9ec-55a7-9b56-8adbbfd5cea3,8878100816,node,amenity,place_of_worship,پیر بخاری بٹر,,,,,32.4661802,74.501989,Sialkot,Punjab,Pakistan,,,
be277c83-75f7-5fc1-9162-0b1ccc8a992c,5276616222,node,shop,bakery,Gourmet,,Gourmet,,,32.4692582,74.5174364,Sialkot,Punjab,Pakistan,,,
1c4603ad-e7ab-5472-b9f1-6a5183a14850,5276625325,node,shop,department_store,اکبر مارٹ,,Akbar Mart,,,32.4674862,74.5150922,Sialkot,Punjab,Pakistan,,,
7568b235-07e0-5c36-bfdd-772340035431,3724228097,node,place,village,اکبرآباد,,Akbar Abad,,,32.4566465,74.5289596,Sialkot,Punjab,Pakistan,,,
bb6f152e-ea1b-5d52-ba95-edda71987198,3724228110,node,place,village,نواں پنڈ,,Nawan Pind,,,32.4624765,74.532779,Sialkot,Punjab,Pakistan,,,
59620b3d-8bbd-5509-abd3-93da052611dc,4555437791,node,shop,furniture,amir sports,,amir sports,,,32.4655406,74.5298691,Sialkot,Punjab,Pakistan,,,
d9120b8d-0f51-59b4-b317-3e135c5aadcb,3724228111,node,place,village,Anwar Pura,,,,,32.4658077,74.539624,Sialkot,Punjab,Pakistan,,,
947b6ad4-16d1-5d4a-b8c6-c8fe9867e598,3709090215,node,place,village,کوٹلہ آمبانوالہ,,Kotla Amban Wala,,,32.4572009,74.5468106,Sialkot,Punjab,Pakistan,,,
71928426-dd08-50fe-a614-ec0170012805,3724228112,node,place,neighbourhood,شمس پورہ,,Shams Pura,,,32.4679394,74.545794,Sialkot,Punjab,Pakistan,,,
f44665df-09ee-538d-b349-7a3c40beda9a,3702733238,node,place,suburb,Shatab Garh,,,,,32.4791328,74.5005736,Sialkot,Punjab,Pakistan,,,
97fd1822-c9c7-5cba-bbeb-2b6c2e60bd54,3702733239,node,place,suburb,Royalpura,,,,,32.4756558,74.5091756,Sialkot,Punjab,Pakistan,,,
fc46fde1-3bc7-5700-aac5-867e0e08772b,8380505441,node,amenity,place_of_worship,Barkat,,,,,32.474671,74.5141653,Sialkot,Punjab,Pakistan,,,
19d8126f-e78e-5819-a3d2-5ca4fa63c6a6,3702491608,node,place,suburb,Khokhar Town,,,,,32.4820859,74.5042522,Sialkot,Punjab,Pakistan,,,
9b878208-42a2-5640-8be9-1f9701357dbe,3702733237,node,place,suburb,Gulshne Tauheed,,,,,32.4765606,74.5022924,Sialkot,Punjab,Pakistan,,,
ef9be812-1b1a-577a-b206-385ff2b511b3,3702733246,node,place,suburb,Sahib Garh,,,,,32.4781917,74.5047778,Sialkot,Punjab,Pakistan,,,
25102d9c-4b87-5976-9f73-14025bcbc896,3702733235,node,place,suburb,Hadi Town,,,,,32.4820172,74.5081222,Sialkot,Punjab,Pakistan,,,
6fa14ca9-b37d-5867-b17e-f7ee9822757b,3702733240,node,place,neighbourhood,Noorabad,,,,,32.4775622,74.5109491,Sialkot,Punjab,Pakistan,,,
b8fa14c3-ef2b-5eb1-8819-d61a14147e91,3709132142,node,place,suburb,Nadir Town,,,,,32.4780851,74.5128811,Sialkot,Punjab,Pakistan,,,
bb960345-832c-5c96-b502-4b2e25baedaf,8380505440,node,amenity,place_of_worship,Chiragh,,,,,32.4731378,74.5157224,Sialkot,Punjab,Pakistan,,,
02db6717-e1ed-5e87-9ba1-c1e47916855c,3702733297,node,place,suburb,Muslim Nagar,,,,,32.4793596,74.5156204,Sialkot,Punjab,Pakistan,,,
c066c26d-ea35-5c00-a5b2-68e5c1c531dc,3702771135,node,place,neighbourhood,Hashim Pura,,,,,32.4765066,74.5190676,Sialkot,Punjab,Pakistan,,,
25bed374-62ba-5ec2-b5ba-e28feb023353,4726220970,node,shop,furniture,Maher Furniture House,,,,,32.47899,74.52029,Sialkot,Punjab,Pakistan,,,
c8c3dbf7-2036-5da0-b42c-58e4404bfbab,3702771141,node,place,suburb,Bogarrah,,,,,32.4763923,74.5257969,Sialkot,Punjab,Pakistan,,,
8ca8d4d9-0faa-538e-8dc4-e32f6881d92e,8380505439,node,amenity,place_of_worship,Ummul Qura,,,,,32.4782332,74.526957,Sialkot,Punjab,Pakistan,,,
4107e6a9-e3e3-5443-861a-bff76c0606e5,3700596796,node,place,suburb,Muzaffar Pura,,,,,32.4893011,74.5019622,Sialkot,Punjab,Pakistan,,,
e0a97ef3-e91d-5bdb-b003-10f831e68672,3702470524,node,place,suburb,Ajmal Town,,,,,32.4850527,74.5037069,Sialkot,Punjab,Pakistan,,,
72001988-87ff-50dc-b715-0278d718b46b,4901725855,node,amenity,restaurant,Food Cornor,,,,,32.4878625,74.5078168,Sialkot,Punjab,Pakistan,,,
878e4dbe-e467-5cca-ab47-098d73a1ced2,4901725857,node,shop,bakery,Haider Sweets and Bakers,,,,,32.4874982,74.5075083,Sialkot,Punjab,Pakistan,,,
e0a0cac7-aea6-5b98-b285-731ded8fba07,4901725858,node,amenity,fast_food,Karachi Naseeb Biryani & Pakwan Centre,,,,,32.4871068,74.5076388,Sialkot,Punjab,Pakistan,,,
637c7af3-7302-5be3-9a3d-bd0c3ac0d8c5,4901725859,node,office,insurance,Premier Insurance,,,,,32.4876908,74.5068612,Sialkot,Punjab,Pakistan,,,
1dcaf8f4-993b-5c45-9da5-e029f8dc4f76,4901725860,node,amenity,restaurant,City Restaurant,,,,,32.4874268,74.507132,Sialkot,Punjab,Pakistan,,,
e0a93a25-2539-57a3-8423-ff7a18283041,4901725861,node,amenity,townhall,Sahib Marriage Hall,,,,,32.4876002,74.5063545,Sialkot,Punjab,Pakistan,,,
e621021a-d511-50c3-b26f-a383cd6d8843,3709132143,node,place,suburb,Omar Town,,,,,32.4830983,74.5132581,Sialkot,Punjab,Pakistan,,,
756ed2b9-2493-5827-8847-3a648629f42f,4901725851,node,amenity,place_of_worship,Taj Dar-e-Madina,,,,,32.4881159,74.5105902,Sialkot,Punjab,Pakistan,,,
e5fd208b-c317-5084-95eb-9816aa4fc19e,4901725852,node,amenity,restaurant,Nino's Resturant BBQ,,,,,32.4880254,74.5100913,Sialkot,Punjab,Pakistan,,,
5a0816bc-c01e-576f-9cfb-650aceb044d0,4901725853,node,amenity,restaurant,PIZZA PLANET,,,,,32.4880729,74.5088709,Sialkot,Punjab,Pakistan,,,
b6be05c2-795f-5042-8463-4cbc65c514ed,4901725856,node,amenity,restaurant,Green Touch,,,,,32.4875819,74.5078973,Sialkot,Punjab,Pakistan,,,
91c2b5b8-b6dd-55a6-a22d-a138a8debf68,3700556405,node,place,suburb,Allama Iqbal Town,,,,,32.4947268,74.5028911,Sialkot,Punjab,Pakistan,,,
424943ea-105b-5db9-8df2-b41c89e33589,3700596794,node,place,suburb,Maina Pura,,,,,32.4935688,74.5072652,Sialkot,Punjab,Pakistan,,,
71de97ef-175f-57b8-8a9c-765f2ca44857,4728919189,node,amenity,atm,,,,,,32.4913099,74.5046412,Sialkot,Punjab,Pakistan,,Roras Road,
7772af37-7f62-50d2-9545-98e9a40e2683,3700596795,node,place,suburb,Mumtaz Pura,,,,,32.4902716,74.5086515,Sialkot,Punjab,Pakistan,,,
2898d124-faf8-5cf9-a20a-10d22bd416a2,4901725842,node,amenity,bank,جے ایس بینک,جے ایس بینک,JS Bank,,,32.4892882,74.5170416,Sialkot,Punjab,Pakistan,جے ایس بینک,جے ایس بینک,
12b7d3eb-d9c4-5b96-a71c-84f45728381f,4901725846,node,amenity,bank,الائیڈ بینک,الائیڈ بینک,Allied Bank,,,32.4894457,74.5161823,Sialkot,Punjab,Pakistan,الائیڈ بینک,الائیڈ بینک لمیٹڈ,
471324eb-30c0-5888-9050-8d0523f27899,4901725847,node,amenity,bank,میزان بینک,میزان بینک,Meezan Bank,,,32.4889553,74.5152273,Sialkot,Punjab,Pakistan,میزان بینک,,
1249b719-661b-5730-a20b-bdbd6ab02667,4901725848,node,amenity,bank,بینک الفلاح,بینک الفلاح,Bank Alfalah,,,32.4888588,74.5146412,Sialkot,Punjab,Pakistan,بینک الفلاح,,
d8e07538-d883-5f6d-b711-ed9bbaa926ec,4901725833,node,amenity,bank,Nib Bank - Shahabpura Branch,,,,,32.4900011,74.5192738,Sialkot,Punjab,Pakistan,,,
b69d9c96-47e1-57fb-b4b3-1e62b99dd8f8,4901725834,node,amenity,bank,Burj Bank Limited,,,,,32.4901784,74.5202335,Sialkot,Punjab,Pakistan,,,
f3197f55-521b-5591-94ee-3188c790875d,4901725835,node,amenity,bank,عسکری بینک,عسکری بینک,Askari Bank,,,32.4898692,74.5201915,Sialkot,Punjab,Pakistan,عسکری بینک,,
6ad0cdb0-565f-52d3-95ec-6f2ca4b2efbb,4901725836,node,amenity,bank,United Bank Ltd S. I. E,,,,,32.4896131,74.5187554,Sialkot,Punjab,Pakistan,,,
f1ec9bb6-30df-54dc-a8e5-4c9ba9b92f6d,4901725837,node,amenity,restaurant,The Genza Restaurant,,,,,32.4896663,74.5190076,Sialkot,Punjab,Pakistan,,,
819485ec-a5c7-5180-8eca-a44170babc65,4901725838,node,amenity,post_office,Post Office,,,,,32.4897293,74.5193532,Sialkot,Punjab,Pakistan,,,
1f62e880-8010-55fd-b8a7-22d37aa1973d,4901725839,node,amenity,bureau_de_change,ویسٹرن یونین,ویسٹرن یونین,Western Union,,,32.4898416,74.5184122,Sialkot,Punjab,Pakistan,ویسٹرن یونین,,
d66425d3-f9e8-517b-851e-889731a2d7b1,4901725840,node,amenity,restaurant,Frangoz Restaurant,,,,,32.4898002,74.518188,Sialkot,Punjab,Pakistan,,,
b963745f-180f-53d9-90ab-0025bb37f4ad,4901725841,node,amenity,bank,Habib Bank,,,,,32.4897766,74.5180106,Sialkot,Punjab,Pakistan,,,
424fa47a-6ed3-5662-bb5a-4abfe53932bf,5494037624,node,amenity,restaurant,Mazzeo Restaurant,,,,,32.4895395,74.5167676,Sialkot,Punjab,Pakistan,,,
2b9dca07-88c7-5a66-8047-5f987de2d68d,4901724119,node,amenity,restaurant,Karachii Bar Bq & Pratha Rolls,,,,,32.4910292,74.5262562,Sialkot,Punjab,Pakistan,,,
e4f58331-c1bc-53d7-8975-d5244b536366,4901724120,node,amenity,bank,FINCA Microfinance Bank Limited,,,,,32.4909814,74.525904,Sialkot,Punjab,Pakistan,,,
daccf673-ae87-5ba0-bcef-43cdccc3546d,4901725821,node,amenity,cafe,Giftto Cafe,,,,,32.4911351,74.5256704,Sialkot,Punjab,Pakistan,,,
649f3a63-e6b3-500d-af3a-fae5bfdea98c,4901725822,node,amenity,restaurant,Moon Star Restaurant,,,,,32.4910904,74.5265747,Sialkot,Punjab,Pakistan,,,
ede324e3-fb10-5830-93c5-b00fac674095,4901725823,node,amenity,restaurant,Sufi Restaurant,,,,,32.4909366,74.5256669,Sialkot,Punjab,Pakistan,,,
a927379d-973f-5e74-898a-94ed8c96d863,4901725824,node,shop,bakery,Gourmet Sweets and Bakers,,,,,32.4907829,74.5249538,Sialkot,Punjab,Pakistan,,,
ca8e5f5d-b958-5b69-8f6a-1043ea32c627,4901725825,node,shop,bakery,Bake Masters,,,,,32.4907008,74.5245255,Sialkot,Punjab,Pakistan,,,
febe84b7-f742-539f-a17f-6cc3b77bab54,4901725826,node,shop,shoes,Bata Shoes Store,,,,,32.4906933,74.524453,Sialkot,Punjab,Pakistan,,,
05e4b97d-f7d6-54a9-91f9-70e23a932218,4901725829,node,amenity,place_of_worship,Jamia Masjid Mohajreen,,,,,32.4904649,74.5218481,Sialkot,Punjab,Pakistan,,,
bc9f0bf5-4ae4-506e-9618-42c759c1b540,4901725830,node,amenity,fast_food,Shamas Tea Stall & Fast Food Point,,,,,32.4906217,74.5227294,Sialkot,Punjab,Pakistan,,,
010aed4b-e0a2-53d7-af96-d57906b009fd,4901725831,node,amenity,bank,Khyber bank,,,,,32.4901993,74.5218693,Sialkot,Punjab,Pakistan,,,
0474673b-b1d6-5b64-9ff0-4733a5df5145,4901725832,node,amenity,place_of_worship,Gepco Colony Mosque,,,,,32.4900306,74.521135,Sialkot,Punjab,Pakistan,,,
413d369c-acde-5db2-90d5-9044b4ecac07,8379122012,node,place,neighbourhood,Mubarak Pura,,,,,32.4929194,74.5271218,Sialkot,Punjab,Pakistan,,,
5aa35f46-678b-5f5f-bd4d-08022b637500,8379122013,node,amenity,place_of_worship,Chaa Ajryaa,,,,,32.4929593,74.5265292,Sialkot,Punjab,Pakistan,,,
8ccabd8f-81d4-56d0-a12f-9d5ae606cf87,8379241887,node,amenity,place_of_worship,Mumtaz,,,,,32.4920714,74.5260214,Sialkot,Punjab,Pakistan,,,
0d4ee974-84b1-5d0a-9723-122125d97b09,3709132141,node,place,suburb,Muslim Colony,,,,,32.4819431,74.5292004,Sialkot,Punjab,Pakistan,,,
920cf4cd-e185-5449-a03c-e36f16d73490,8379180792,node,amenity,place_of_worship,Makki (Saudi Wahabbi),,,,,32.4817681,74.5302227,Sialkot,Punjab,Pakistan,,,
b37475ee-3808-5f68-95bf-7d84e11df4fc,3695350723,node,place,neighbourhood,Ghulab Pura,,,,,32.4735872,74.5430606,Sialkot,Punjab,Pakistan,,,
13b3ec28-12a2-5ada-9203-e1274dc388a6,3695301134,node,place,suburb,Habib Pura,,,,,32.4788941,74.5416036,Sialkot,Punjab,Pakistan,,,
b843b8a0-fb60-5ea1-98c1-8ca46ab3a40a,3695301142,node,place,suburb,Hamza Ghousa,,,,,32.4788004,74.5451759,Sialkot,Punjab,Pakistan,,,
4f18164a-3c62-594d-b775-de0f0008cac4,4901925115,node,amenity,place_of_worship,Jamya Masjid Yaadgar Usman Ghanni,,,,,32.4828084,74.5467644,Sialkot,Punjab,Pakistan,,,
9b7157d2-9c33-584b-887b-958d45ec5c4e,4901925116,node,amenity,bank,الائیڈ بینک,الائیڈ بینک,Allied Bank,,,32.4823827,74.5453467,Sialkot,Punjab,Pakistan,الائیڈ بینک,الائیڈ بینک لمیٹڈ,
f899fca7-de6d-5491-b362-be1b3fc4347f,4901925117,node,amenity,bank,Soneri Bank Ltd. Pasroor Road Br,,,,,32.4813333,74.5459158,Sialkot,Punjab,Pakistan,,,
0d9f9c15-71d0-50a0-b58d-efc426ed0681,4901925118,node,amenity,cafe,Nadeem Wahid Tea Stall,,,,,32.4806799,74.5464057,Sialkot,Punjab,Pakistan,,,
5b735826-7b6b-56d7-9791-cdfee86e6dc7,4901925119,node,amenity,place_of_worship,Jammia Masjid Ameer Hamza,,,,,32.4796682,74.5468204,Sialkot,Punjab,Pakistan,,,
581269e7-9d97-560e-917b-805330b1f924,3695301141,node,place,suburb,Babey Bariey,,,,,32.4810045,74.5483936,Sialkot,Punjab,Pakistan,,,
f2216b32-59e0-54a7-ac49-51cc58918cfd,3695301144,node,place,suburb,Abdullah Colony,,,,,32.4765492,74.5473349,Sialkot,Punjab,Pakistan,,,
919f2e19-3c48-522e-97b2-a4c53bd655ed,4901925821,node,shop,electronics,Naeem Electronics,,,,,32.4780596,74.5480303,Sialkot,Punjab,Pakistan,,,
f9f4b89c-0fd2-5240-8b58-3a6052c9be3c,8379184674,node,amenity,place_of_worship,Ghousia Baba Bari,,,,,32.4812607,74.5478508,Sialkot,Punjab,Pakistan,,,
fc043c0d-3048-5949-8533-2d2f9f412369,4469737790,node,shop,bakery,Gourmet,,Gourmet,,,32.4861353,74.5321875,Sialkot,Punjab,Pakistan,,,
bb01bb78-8d97-59db-863c-5c05926630f3,8379180790,node,amenity,place_of_worship,Haji Sahib,,,,,32.4847583,74.5319874,Sialkot,Punjab,Pakistan,,,
4e08753f-882a-50d3-b372-de215406780b,8380505437,node,amenity,place_of_worship,Shrine of Dattan Shah Abdaal (Shahi Badshahi),,,,,32.4877487,74.5302583,Sialkot,Punjab,Pakistan,,,
69aa2da4-9b4d-5a34-9b19-37822c8d4f22,8474807514,node,healthcare,hospital,DOCTORS HEART & MEDICAL CENTER SIALKOT,,,,"DR. NAEEM UR REHMAN MIR
MEDICAL PHYSICIAN & HEART SPECIALIST
DOCTORS HEART & MEDICAL CENTER SIALKOT
FATEH GARH ROAD, HAJI PURA, SIALKOT CITY
PHONE: +923324584750; +923006105013",32.4852619,74.5302748,Sialkot,Punjab,Pakistan,,,
aed9a2fc-e6b3-54f1-b7e8-c8a552f578c9,4903401772,node,amenity,place_of_worship,Presbyterian Church of Pakistan,,,,,32.4892428,74.5352422,Sialkot,Punjab,Pakistan,,,
5ad9232a-84a4-5b68-aebf-21aba7f685d8,4903401773,node,amenity,bank,الائیڈ بینک لمیٹڈ,الائیڈ بینک لمیٹڈ,ABL,,,32.4890088,74.5353252,Sialkot,Punjab,Pakistan,الائیڈ بینک لمیٹڈ,,
f59b7656-fc1a-5142-bb8e-351ed4d24a49,4903401774,node,amenity,bank,National Bank Pakistan,,,,,32.4883617,74.5352667,Sialkot,Punjab,Pakistan,,,
48cdda04-7eff-570a-aa88-d9ae5dcc3481,4903401780,node,amenity,place_of_worship,Masjid AhleHadees,,,,,32.4894429,74.5387709,Sialkot,Punjab,Pakistan,,,
5065cb78-87b9-57c5-9d00-16022c84324b,8379126832,node,amenity,place_of_worship,Haji Shah Maqsood,,,,,32.4883612,74.5404658,Sialkot,Punjab,Pakistan,,,
a389f65b-4e42-52f0-b826-dcdbb226d969,8379180793,node,place,neighbourhood,Mohallah Maqsood Khan,,,,,32.4883327,74.5397758,Sialkot,Punjab,Pakistan,,,
7a616662-106f-5377-aea8-2e06c84ebed3,8379184655,node,place,neighbourhood,Mohallah Nakhas,,,,,32.4890665,74.5384128,Sialkot,Punjab,Pakistan,,,
7f24137b-d485-590f-b302-51a474945e9d,8379241870,node,amenity,place_of_worship,Ghousia Rizvia,,,,,32.4863315,74.5402105,Sialkot,Punjab,Pakistan,,,
d663999f-e975-53a4-9572-8f2d92cceba4,8379241872,node,amenity,place_of_worship,Noor-e-Madia,,,,,32.4892094,74.5378424,Sialkot,Punjab,Pakistan,,,
7bce7ddb-8ae9-548c-9593-49906fa42dab,8379241873,node,amenity,place_of_worship,Loharan (Ahl-e-Hadees),,,,,32.4892105,74.5384365,Sialkot,Punjab,Pakistan,,,
fea70cae-ff66-5961-bc77-0afab28a6edc,4747346534,node,leisure,fitness_centre,Karma Wala Gym,,Karma Wala Gym,,,32.4953341,74.5330834,Sialkot,Punjab,Pakistan,,,
b9d5ba16-4dcb-5c91-b393-cfd1ecf6894c,4901724107,node,amenity,restaurant,Main Branch Pizzarma,,,,,32.4932429,74.5304966,Sialkot,Punjab,Pakistan,,,
690cf428-6cb1-5619-9d8c-239762835414,4901724108,node,amenity,restaurant,HFC,,,,,32.4926402,74.531127,Sialkot,Punjab,Pakistan,,,
db9d1a4b-b483-5407-b57e-3ed367519a2c,4901724109,node,amenity,fast_food,Pizza Palace 2,,,,,32.4915786,74.5290536,Sialkot,Punjab,Pakistan,,,
c35560cd-6d5c-5193-b44f-07bebb131ac1,4901925835,node,amenity,bank,ایچ بی ایل پاکستان,ایچ بی ایل پاکستان,Habib Bank Limited,,,32.4935448,74.5301483,Sialkot,Punjab,Pakistan,ایچ بی ایل پاکستان,,
0c9e8431-a2a3-56bd-8f3e-4110547f25ff,4901925836,node,amenity,fast_food,Badshah Fish Shop,,,,,32.4942066,74.5297458,Sialkot,Punjab,Pakistan,,,
fce14518-d60c-5262-8549-5ea66f8f1c90,4901925837,node,amenity,fast_food,Karachi Biryani House,,,,,32.4948341,74.529514,Sialkot,Punjab,Pakistan,,,
f8a55a43-1c08-506c-b431-4d3a575c8375,4901925838,node,shop,books,College Book Store,,,,,32.4952833,74.5292335,Sialkot,Punjab,Pakistan,,,
5157796d-8389-592b-a864-d1078d697ac5,4903401778,node,amenity,place_of_worship,Usman Masjid,,,,,32.4907111,74.5340405,Sialkot,Punjab,Pakistan,,,
4454f704-ecff-5f6f-b3f8-88a94008db76,8379122011,node,place,neighbourhood,Mohalla Bijli Ghar,,,,,32.4908984,74.5310617,Sialkot,Punjab,Pakistan,,,
3ab54b64-d88a-5aa3-ae5c-51c369b1b603,8379126874,node,amenity,place_of_worship,Hanfia Ghousia,,,,,32.4950815,74.5325668,Sialkot,Punjab,Pakistan,,,
2afb4d00-ccbf-5ff7-92f4-372cea67e8d9,8379126875,node,place,neighbourhood,Miana Pura,,,,,32.4953639,74.5339759,Sialkot,Punjab,Pakistan,,,
7095bbe1-5198-5d3d-a513-c4127bb460ab,8379241874,node,amenity,place_of_worship,Mian Bahawal,,,,,32.4925239,74.5339043,Sialkot,Punjab,Pakistan,,,
2ce4b29d-fb70-5ad8-b15f-84ed33b88fd3,8379241883,node,amenity,place_of_worship,Chah Bagh,,,,,32.4941549,74.531333,Sialkot,Punjab,Pakistan,,,
08313ded-2b5e-5c0a-891c-1f40363d771e,4901724091,node,amenity,bureau_de_change,Dollareast Exchange Sialkot,,,,,32.4947606,74.5403394,Sialkot,Punjab,Pakistan,,,
98ba4427-a3a8-53b2-af76-044ead845df6,4901724092,node,amenity,bank,MCB Bank LTD Trunk Bazar Branch,,,,,32.494503,74.5394869,Sialkot,Punjab,Pakistan,,,
cb4ddc8c-faeb-5bef-ac76-eae976e62a11,4901724094,node,amenity,bank,الائیڈ بینک لمیٹڈ,الائیڈ بینک لمیٹڈ,ABL,,,32.494957,74.5386778,Sialkot,Punjab,Pakistan,الائیڈ بینک لمیٹڈ,,
87b49863-03ff-5c95-a644-9514182a838b,4901724096,node,amenity,restaurant,CFC Food Master,,,,,32.4957989,74.5379892,Sialkot,Punjab,Pakistan,,,
bc7276df-7654-5532-b2f7-f1f99659bc61,4901724097,node,shop,bakery,Nirala Sweets and Bakers,,,,,32.4953987,74.5379569,Sialkot,Punjab,Pakistan,,,
e69b0e29-651c-5e8a-b2c1-c04021c07e96,4901724098,node,tourism,hotel,Karman Wala Hotel Sialkot,,,,,32.4947984,74.5379183,Sialkot,Punjab,Pakistan,,,
8e769665-f4e9-5553-b025-8ff624bbf0da,4901724099,node,amenity,restaurant,Makkah Guest House & Restaurant,,,,,32.4946386,74.5379122,Sialkot,Punjab,Pakistan,,,
484a2bbd-9117-599d-a710-52e102cdba61,4901724100,node,amenity,bank,HBL City Branch,,,,,32.4942358,74.5378814,Sialkot,Punjab,Pakistan,,,
3320e825-e8ef-57c0-94e3-244c8cb297d7,4901724101,node,shop,supermarket,Lahai Bazar,,,,,32.4938837,74.5380462,Sialkot,Punjab,Pakistan,,,
0f8defd5-67cb-53c8-a285-d88bd041afed,4901724103,node,amenity,place_of_worship,Alama Abdul Hakim,,,,,32.4921725,74.5362361,Sialkot,Punjab,Pakistan,,,
78e31a9b-24e6-5bf2-9d56-a20d0f0be678,4901724104,node,amenity,place_of_worship,Jamia Masjid AhleHadith Tehsilbazar,,,,,32.4927337,74.5352415,Sialkot,Punjab,Pakistan,,,
42f606bb-3d9f-5983-8781-81a9be58e408,4903401775,node,office,government,Nadra Office,,,,,32.4901627,74.5345334,Sialkot,Punjab,Pakistan,,,
f7a90b27-b8fe-5d40-9109-578e4eb899b1,4903401776,node,amenity,bank,ایچ بی ایل پاکستان,ایچ بی ایل پاکستان,Habib Bank Limited,,,32.4898223,74.5344687,Sialkot,Punjab,Pakistan,ایچ بی ایل پاکستان,,
7094cf63-ed3b-52f3-aeb6-015428b2f663,4903401779,node,amenity,place_of_worship,Old Raghunath Temple,,,,,32.4904842,74.5375836,Sialkot,Punjab,Pakistan,,,
3089320f-67f5-526b-987a-16f85789b164,5050985721,node,office,company,Lisbon Enterprises,,Lisbon Enterprises,,,32.4908677,74.5404861,Sialkot,Punjab,Pakistan,,,
2ad14a46-fd08-5096-b0b9-abd7c7090f5b,5145570134,node,office,company,United Exchange Urdu Bazar,,,,,32.4950649,74.5393315,Sialkot,Punjab,Pakistan,,,
13adc04e-d6c9-57f1-a5a1-d165b5bdb932,8379126854,node,amenity,place_of_worship,Molvi Ibrahim Mir,,,,,32.4926242,74.53637,Sialkot,Punjab,Pakistan,,,
b827107b-39af-56b3-b299-b0537eb22760,8379126855,node,place,neighbourhood,Mohallah Salu Gujjar,,,,,32.4929751,74.5384256,Sialkot,Punjab,Pakistan,,,
d388fb7d-76ad-5dbb-b441-83747fdb7c3d,8379241880,node,amenity,place_of_worship,Partan Wali,,,,,32.4945506,74.5342011,Sialkot,Punjab,Pakistan,,,
030931a3-2a3a-5e4b-925f-b3f108c56e92,8380505443,node,place,neighbourhood,Deputy Bagh,,,,,32.4938844,74.5389521,Sialkot,Punjab,Pakistan,,,
ed775198-b386-5016-98a4-a1fddcae238d,8380505444,node,amenity,place_of_worship,Deputy Bagh Jama,,,,,32.4934129,74.5388999,Sialkot,Punjab,Pakistan,,,
6d091efe-cd16-5132-a73b-387658e2a207,10112004510,node,shop,mobile_phone,Select Mobile Mart,,,,,32.4957551,74.5366307,Sialkot,Punjab,Pakistan,,,
ccfe2385-058c-59cc-baf4-830260b8ae30,3676483220,node,amenity,restaurant,Inayat Sweets & Bakers,,,,,32.4871769,74.5471885,Sialkot,Punjab,Pakistan,,,
073a8ea8-efd4-5c73-8c21-08a62b748900,3695299803,node,place,suburb,Mohallah Kakey Ziyan,,,,,32.487618,74.5435602,Sialkot,Punjab,Pakistan,,,
f2456822-b15a-5226-bf8c-5d67f085d47b,4901925106,node,shop,clothes,Best Casual Wear,,,,,32.4852236,74.5440605,Sialkot,Punjab,Pakistan,,,
87b7d185-9bb4-58a1-b111-c953d9b56f02,4901925107,node,tourism,hotel,Aftab Khan Hotel,,,,,32.4845063,74.5439804,Sialkot,Punjab,Pakistan,,,
794e2bb0-cde8-5414-9e96-052d5a57b088,4901925108,node,amenity,restaurant,Karachi Burger Point,,,,,32.4841918,74.5439157,Sialkot,Punjab,Pakistan,,,
9ab266c1-d27b-547b-9b69-7db00b2abd7b,4901925109,node,amenity,bank,United Bank Limited pvt,,,,,32.4842152,74.5445658,Sialkot,Punjab,Pakistan,,,
89aee47e-8f32-5687-a703-5f5dc671a4dc,4901925110,node,amenity,restaurant,Tariq resturant,,,,,32.4836902,74.5449448,Sialkot,Punjab,Pakistan,,,
66594ffb-dbe6-59cc-8b13-c361fb250ef0,4901925111,node,amenity,bank,Meezan Bank Limited,,,,,32.4836018,74.5450434,Sialkot,Punjab,Pakistan,,,
3e5de64e-5867-58d1-82ae-702f9acc294d,4901925112,node,shop,electronics,Deen Electric store,,,,,32.4833601,74.5448955,Sialkot,Punjab,Pakistan,,,
6614d236-e3ee-5cb2-94ac-920716383dd5,4901925113,node,amenity,bank,MCB Branch,,,,,32.4830066,74.5450588,Sialkot,Punjab,Pakistan,,,
c77f7b4d-1295-5bd8-8bcd-bce1f6ffb95f,4901925114,node,amenity,bank,Habib Metro Bank Limited,,,,,32.4832709,74.5446921,Sialkot,Punjab,Pakistan,,,
6699aab0-7eae-5b85-b9d8-cb14c56ba603,4903401768,node,shop,bakery,Suleman Sweets & Bakers,,,,,32.4891899,74.5469164,Sialkot,Punjab,Pakistan,,,
32fa7021-d5bc-5f0d-843c-f0dd43af3131,4903401769,node,amenity,fuel,پاکستان اسٹیٹ آئل,پاکستان اسٹیٹ آئل,Pakistan State Oil,,,32.4882555,74.5466404,Sialkot,Punjab,Pakistan,پاکستان اسٹیٹ آئل,,
bda505de-7b5e-55f2-959c-595dc57e0890,4903401770,node,shop,bakery,Inayat cafe & Bakers,,,,,32.4879397,74.5465412,Sialkot,Punjab,Pakistan,,,
7165bc98-3470-531c-8f10-d7445f54adf8,4903401771,node,amenity,fuel,شیل,شیل,Shell,,,32.4875659,74.5463218,Sialkot,Punjab,Pakistan,شیل,,
18057b90-4b8d-541d-9e54-f6ce026f7285,8379180786,node,place,neighbourhood,Mohallah Tibba Jalianwala,,,,,32.4877417,74.5454959,Sialkot,Punjab,Pakistan,,,
23291d58-0129-5599-a3bd-8b251d2fba0e,8379180787,node,amenity,place_of_worship,Ada Passroryina Imambargah,,,,,32.4887188,74.5441366,Sialkot,Punjab,Pakistan,,,
07d11bec-a1d7-565c-b91e-5bc8fe995586,8379180788,node,place,neighbourhood,Mohalla Tibba Syedan,,,,,32.4875762,74.5419369,Sialkot,Punjab,Pakistan,,,
574a37c1-0f6c-5053-9e03-2996d51fc71f,8379180789,node,amenity,place_of_worship,Tibba Memaraan,,,,,32.4859241,74.5434168,Sialkot,Punjab,Pakistan,,,
574b09a4-4ac4-5b1c-8510-868bd9d685d8,8379241867,node,amenity,place_of_worship,Hameeda,,,,,32.4869072,74.54582,Sialkot,Punjab,Pakistan,,,
605d488b-b425-503a-a712-34c5cfa06253,3695350660,node,place,suburb,Nika Pura,,,,,32.4853908,74.5474164,Sialkot,Punjab,Pakistan,,,
6a9c2498-eab3-5944-bfaf-d795801f7895,2408222266,node,place,city,سیالکوٹ,سیالکوٹ,Sialkot,,,32.4935378,74.5411575,Sialkot,Punjab,Pakistan,,,Q643883
3a698dfe-352f-579d-a355-781a9a6c6463,3695299802,node,place,suburb,کشمیری محلہ,کشمیری محلہ,Kashmiri Mohallah,,,32.4910288,74.5419985,Sialkot,Punjab,Pakistan,,,
6924f9cb-90c8-5544-addf-466bd3ed16e1,4672044592,node,shop,clothes,Sialvi Garments,,Sialvi Garments,,,32.491114,74.5433776,Sialkot,Punjab,Pakistan,,,
40cae5ad-47de-554d-bf28-3fa07174b39d,4901724088,node,amenity,place_of_worship,Shrine of Peer Muradia,,,,,32.4947671,74.54195,Sialkot,Punjab,Pakistan,,,
7209bf82-ca39-5780-b968-44942c2ac16c,4901724090,node,amenity,bank,National Bank,,,,,32.4958043,74.5433191,Sialkot,Punjab,Pakistan,,,
2bef20b8-0286-5d84-89aa-499137033642,4903401763,node,amenity,fast_food,Italian Pizza,,,,,32.4907333,74.5471146,Sialkot,Punjab,Pakistan,,,
d431defe-0774-5ae7-88e8-df70b3eff613,6054229689,node,historic,monument,سیالکوٹ قلعہ,سیالکوٹ قلعہ,Sialkot Fort,,,32.4939058,74.5414658,Sialkot,Punjab,Pakistan,,,
1c89facf-6b8d-5f37-b522-bea4ad592723,8379578324,node,place,suburb,پرانا شہر,پرانا شہر,Old City,,,32.4937033,74.5415021,Sialkot,Punjab,Pakistan,,,
e68929cf-9a7e-5715-9465-9b6d1e4c65ac,8379754730,node,amenity,place_of_worship,Ahle Hadees,,,,,32.491684,74.5469714,Sialkot,Punjab,Pakistan,,,
62080102-d609-59a3-9161-27846d1ce0aa,8380505449,node,amenity,place_of_worship,,,,,,32.4925851,74.5411297,Sialkot,Punjab,Pakistan,,,
e63d7df5-8265-5e6b-be03-e3379f67771c,8380505450,node,amenity,place_of_worship,Do Darwaza,,,,,32.4925893,74.5428054,Sialkot,Punjab,Pakistan,,,
5ac494f2-4332-5100-a9d1-92a5f14a9f49,8380505458,node,amenity,place_of_worship,Khara Khoo,,,,,32.4943103,74.5432136,Sialkot,Punjab,Pakistan,,,
01fbbc79-bb08-549a-8222-631d0659d309,4903343250,node,amenity,bank,Bank Of Punjab (BOP),,,,,32.495978,74.5499996,Sialkot,Punjab,Pakistan,,,
60609218-c933-5f7d-b2a2-5d03077f23d4,4903343251,node,amenity,bank,یونائیٹڈ بینک لمیٹڈ,یونائیٹڈ بینک لمیٹڈ,United Bank Limited,,,32.4947605,74.5495978,Sialkot,Punjab,Pakistan,یونائیٹڈ بینک لمیٹڈ,,
44778a09-9c7b-500f-b288-8cc46a7c2322,4903343257,node,shop,bakery,Bake Master,,,,,32.4945635,74.5495028,Sialkot,Punjab,Pakistan,,,
ac62123e-6087-56c8-9de5-c691f95ba607,4903343259,node,amenity,bank,ایم سی بی بینک,ایم سی بی بینک,MCB Bank,,,32.4944699,74.5492256,Sialkot,Punjab,Pakistan,ایم سی بی بینک,,
2858e14a-0ba0-50ac-9952-ff976a034bad,4903343260,node,amenity,bank,ایچ بی ایل پاکستان,ایچ بی ایل پاکستان,Habib Bank Limited,,,32.4943556,74.5491793,Sialkot,Punjab,Pakistan,ایچ بی ایل پاکستان,,
2d28c31a-9702-57c8-909d-b922433d2da9,4903343261,node,amenity,bank,Meezan Bank Limited,,,,,32.4944179,74.5494381,Sialkot,Punjab,Pakistan,,,
6b4b345a-5385-57cb-87c0-edafba67dc87,4903343262,node,amenity,fast_food,Kala Tikka Shop,,,,,32.4939164,74.5491855,Sialkot,Punjab,Pakistan,,,
7c85aad8-d110-5aef-acb6-5fe2030ebdb5,4903343263,node,amenity,place_of_worship,Masjid Chaudhriyan,,,,,32.49355,74.5499897,Sialkot,Punjab,Pakistan,,,
0929a3e2-f44b-5107-9853-92dffe925b2a,4903343265,node,amenity,fast_food,Zaiqa Food Corner,,,,,32.4936123,74.5491824,Sialkot,Punjab,Pakistan,,,
198ec4df-69cc-50bc-8d0a-f6ce502f75dc,4903343267,node,amenity,place_of_worship,Hafiz Khuda Baksh,,,,,32.4930432,74.548332,Sialkot,Punjab,Pakistan,,,
2b8022f5-aa36-5b99-a96a-0ca0575f0c0f,4903401764,node,amenity,restaurant,Midway Restaurant,,,,,32.4918796,74.5480313,Sialkot,Punjab,Pakistan,,,
e3f26d69-a37a-58d7-b4e4-b3eacbfd1c1d,4903401765,node,amenity,fast_food,Karachi Biryani,,,,,32.492008,74.548279,Sialkot,Punjab,Pakistan,,,
2a6ef895-97d9-5579-b6ab-434a2f3504a0,4903401766,node,amenity,fast_food,Pappa Chicken Shawarma,,,,,32.4921453,74.5483675,Sialkot,Punjab,Pakistan,,,
920f094d-dd67-5760-9b5b-700605b30098,3700556288,node,place,neighbourhood,Mag Town,,,,,32.499137,74.5023205,Sialkot,Punjab,Pakistan,,,
90cc1c2a-326e-56b6-80d4-57e3184fdbc5,3763683302,node,leisure,park,,,,,,32.4963518,74.5148935,Sialkot,Punjab,Pakistan,,,
4c6bfb33-66f3-5746-bf63-7be22be6998e,4901925841,node,shop,mall,Atta-e-Mustafa,,,,,32.4983599,74.5270975,Sialkot,Punjab,Pakistan,,,
1b8f7e84-7939-573c-9c0e-57a489cc3cca,4901925842,node,shop,mall,City Centre,,,,,32.4981052,74.5272885,Sialkot,Punjab,Pakistan,,,
4e8fe14d-80d3-5e5d-8212-14ae3100aefc,4901925843,node,amenity,restaurant,Khadim Sweets & Bakers,,,,,32.4998359,74.5261774,Sialkot,Punjab,Pakistan,,,
55204a7d-7603-5648-96b2-2d81ebf9bf4d,4901925834,node,amenity,bank,الائیڈ بینک,الائیڈ بینک,Allied Bank,,,32.4970582,74.5279776,Sialkot,Punjab,Pakistan,الائیڈ بینک,الائیڈ بینک لمیٹڈ,
1e93a4cc-f085-5ee7-bcd4-b4c76f033e65,4901925839,node,amenity,restaurant,Mian Jee Restaurant,,,,,32.4979597,74.5275442,Sialkot,Punjab,Pakistan,,,
13885703-f535-5f6d-905a-e8a89e989ef8,8379126884,node,amenity,place_of_worship,,,,,,32.4972213,74.5331484,Sialkot,Punjab,Pakistan,,,
e7608dc6-b4df-5e91-ac54-6e1f06521921,3695045475,node,historic,monument,Allama Iqbal Chowk,,,,,32.496284,74.5382718,Sialkot,Punjab,Pakistan,,,
40fe8589-d051-536e-ae0f-62801f353944,4901724095,node,amenity,restaurant,Allah Malak Restaurant,,,,,32.4963031,74.5380416,Sialkot,Punjab,Pakistan,,,
2591fd76-0685-51cc-868a-35b9e6488160,4903343232,node,amenity,fuel,شیل,شیل,Shell,,,32.4966941,74.5385955,Sialkot,Punjab,Pakistan,شیل,,
732fd6c7-e210-5986-8236-580b60f9a12e,4903343234,node,amenity,bank,Habib Metropolitan Bank,,,,,32.4967937,74.5389442,Sialkot,Punjab,Pakistan,,,
5743018e-b748-5f62-80f4-70dbf258741f,8379126904,node,amenity,post_office,GPO Sialkot,,,,,32.4999243,74.5377807,Sialkot,Punjab,Pakistan,,,
5ad101de-4778-5a44-8580-dd926e8404d0,720627478,node,railway,station,سیالکوٹ,سیالکوٹ,Sialkot,,,32.4983685,74.5408711,Sialkot,Punjab,Pakistan,,پاکستان ریلویز,
4bda0884-3c75-5040-a09b-d7f2f6c79afc,4903343233,node,amenity,place_of_worship,Rehman Gunj Mundi,,,,,32.4972733,74.54087,Sialkot,Punjab,Pakistan,,,
8186d4c6-66c5-5018-9936-42809af12655,4903343236,node,amenity,place_of_worship,Zainabia Imambargah,,,,,32.4978103,74.5458293,Sialkot,Punjab,Pakistan,,,
160d98e9-b4c3-5c1c-97b1-d83ae8e4f29c,4903343242,node,amenity,restaurant,Yorkshire Restaurant,,,,,32.4993657,74.5465964,Sialkot,Punjab,Pakistan,,,
1903c03d-1a97-5662-8da7-5925db14300d,4903343243,node,amenity,fuel,پاکستان اسٹیٹ آئل,پاکستان اسٹیٹ آئل,Pakistan State Oil,,,32.499297,74.5462141,Sialkot,Punjab,Pakistan,پاکستان اسٹیٹ آئل,,
f8ba5a85-4efb-5ce9-9e89-8fbc6afe11bb,4903343244,node,amenity,fuel,Askari CNG Station,,,,,32.4994761,74.5460655,Sialkot,Punjab,Pakistan,,,
d8a82af2-2485-557d-8f23-bc1a606ee520,6212776786,node,shop,car_repair,Car Mechanic,,,,,32.4991509,74.5463165,Sialkot,Punjab,Pakistan,,,
cd3fe21d-c744-50db-a868-87e24c046e64,6212793485,node,shop,car_repair,Car Mechanic Shop,,,,,32.4990123,74.5458616,Sialkot,Punjab,Pakistan,,,
eb4f4d9d-c292-573c-833b-63f32fa31753,6212793486,node,shop,car_parts,Car Parts,,,,,32.4991094,74.5461919,Sialkot,Punjab,Pakistan,,,
b7c4cadf-9a13-5b6d-8504-ccafbe8a260b,8380505442,node,place,neighbourhood,کریم پورہ,کریم پورہ,Karimpura,,,32.496731,74.5407515,Sialkot,Punjab,Pakistan,,,
3a2fdb24-bcd6-513d-bd2e-1c50906819f0,8380505486,node,amenity,place_of_worship,Abu Hanifa,,,,,32.4961469,74.5471313,Sialkot,Punjab,Pakistan,,,
aaf66930-63e9-5c87-9d0f-8eaca3a2f5fc,4903343237,node,amenity,restaurant,Eden Palace,,,,,32.4972625,74.5478428,Sialkot,Punjab,Pakistan,,,
ae983001-f3fc-53ae-9ef6-e8fcefb08329,366452837,way,amenity,fuel,,,,,,32.4532353,74.5005526,Sialkot,Punjab,Pakistan,,,
a1277146-4ac3-5855-a8e3-02e43ebf1f60,1346725641,way,place,village,Toorabad,,,,,32.4587421,74.506478,Sialkot,Punjab,Pakistan,,,
dc28d6b7-2839-502f-a04f-2f9199282bfc,959575294,way,landuse,industrial,انور خواجہ سمشر,,Anwar Khawaja Composites,,,32.4546488,74.5108195,Sialkot,Punjab,Pakistan,,,
f5eae66b-71ec-5ec6-9de1-64672362fb6b,959546337,way,landuse,commercial,نئی سبزی منڈی,,New Sabzi Mandi,,,32.4528281,74.519054,Sialkot,Punjab,Pakistan,,,
6a08fa13-a194-5129-9220-a6057c197eba,366452838,way,amenity,fuel,,,,,,32.4593263,74.5071484,Sialkot,Punjab,Pakistan,,,
9ee1a815-bbb7-552a-9831-d6f99a7b674a,959575297,way,healthcare,hospital,Imran Idrees Teaching Hospital,,,,,32.4581922,74.5041305,Sialkot,Punjab,Pakistan,,,
f8202585-cf57-5982-ba68-e41403a5e805,959575298,way,landuse,industrial,Reborn Mensunco,,,,,32.4579232,74.5033827,Sialkot,Punjab,Pakistan,,,
f8a9693e-e0fb-5ce0-9b62-9ab4258f5577,1346722759,way,landuse,residential,Toor House,,,,,32.4589283,74.5057048,Sialkot,Punjab,Pakistan,,,
811208f9-4546-5b49-9dc7-9865211cc510,366452839,way,amenity,fuel,,,,,,32.4608664,74.5087253,Sialkot,Punjab,Pakistan,,,
834b396d-6b71-5b9a-ace5-d520a81f9ef5,366452842,way,amenity,fuel,,,,,,32.4627119,74.5096869,Sialkot,Punjab,Pakistan,,,
ba3a7a39-b927-5688-be3d-e7aa223ff6a7,366452844,way,amenity,fuel,,,,,,32.4658917,74.5141467,Sialkot,Punjab,Pakistan,,,
d5e7f1cb-9e33-567b-9a34-f82358ccfa5b,366452845,way,amenity,fuel,,,,,,32.4679789,74.5154577,Sialkot,Punjab,Pakistan,,,
a88e4851-ce55-587d-866b-cca543fafcbc,366452846,way,amenity,fuel,,,,,,32.4682104,74.5166205,Sialkot,Punjab,Pakistan,,,
3a794358-6175-5e98-abca-38cc5f6bbf34,366070633,way,landuse,cemetery,Muzaffar Pura Grave Yard,,,,,32.4877259,74.501928,Sialkot,Punjab,Pakistan,,,
e247c07a-fb26-5a08-8422-d8d5f48a1235,366936947,way,tourism,hotel,Javsons,,,,,32.4960601,74.5003789,Sialkot,Punjab,Pakistan,,,
cff7b11a-7993-5680-8c62-6959aa6d5524,366812099,way,amenity,fuel,پاکستان اسٹیٹ آئل,پاکستان اسٹیٹ آئل,Pakistan State Oil,,,32.4829645,74.5103242,Sialkot,Punjab,Pakistan,پاکستان اسٹیٹ آئل,,
080f297d-0738-5092-8cb0-79959ad5a70b,366297781,way,amenity,place_of_worship,Charagh Ahle Hadith,,,,,32.4789752,74.5124374,Sialkot,Punjab,Pakistan,,,
6c22739f-f505-5484-847b-244901235516,366812100,way,amenity,place_of_worship,Naushahi Darbar Shrine,,,,,32.4822912,74.5115476,Sialkot,Punjab,Pakistan,,,
df47e7e1-cdf5-50b1-ba02-b3b3589ee8d6,366452853,way,amenity,place_of_worship,Tablighee Markaz,,,,,32.4708256,74.5154488,Sialkot,Punjab,Pakistan,,,
6793978f-6764-5f4e-8bcb-2dc0ddcab437,299811063,way,amenity,fuel,,,,,,32.4782056,74.5234375,Sialkot,Punjab,Pakistan,,,
97164490-0088-5482-bd7a-62077c22b3d7,366301625,way,amenity,place_of_worship,Usmania Masjid,,,,,32.4824756,74.5250191,Sialkot,Punjab,Pakistan,,,
5da30b45-1a75-5d6c-bb12-c845e03e307f,366301626,way,amenity,place_of_worship,,,,,,32.4787783,74.523972,Sialkot,Punjab,Pakistan,,,
3e59dea0-e90a-5cc6-9317-7e847619137b,366792537,way,amenity,fuel,Meher CNG,,,,,32.4837066,74.5104262,Sialkot,Punjab,Pakistan,,,
a0663075-c2f6-5c21-96a9-d142513743e0,366065625,way,office,government,Punjab Public Health Dept.,,,,,32.4949266,74.5069148,Sialkot,Punjab,Pakistan,,,
d2faf666-0b28-5c92-9e5e-8529be8c311d,368451183,way,amenity,fuel,,,,,,32.4935215,74.5023911,Sialkot,Punjab,Pakistan,,,
86e520c9-eafc-5903-b5ff-b45889e76d7c,366613183,way,amenity,place_of_worship,Factory,,,,,32.4873122,74.517098,Sialkot,Punjab,Pakistan,,,
cffba214-a222-50df-be83-5c381f77338d,1148181244,way,amenity,bank,Habib Metro Bank,,,,,32.488993,74.516103,Sialkot,Punjab,Pakistan,,,Q5636789
bda8712a-e7a2-5166-8b57-06aea3abe84e,366098470,way,shop,greengrocer,Ghala Mandi,,,,,32.4952085,74.5278655,Sialkot,Punjab,Pakistan,,,
f84af1fe-a878-5859-b063-245c8c8e0ac1,366132447,way,landuse,cemetery,,,,,,32.4959063,74.525819,Sialkot,Punjab,Pakistan,,,
a388edf8-54c5-5f40-b730-7dd463d5ce06,366613181,way,amenity,place_of_worship,Jamia Masjid Qubaa,,,,,32.4894016,74.5212326,Sialkot,Punjab,Pakistan,,,
79b0bec5-9cc5-54ed-9e93-ab5af75bbd57,902081425,way,landuse,cemetery,,,,,,32.481775,74.5476112,Sialkot,Punjab,Pakistan,,,
5e62a96a-76e6-56b7-aa65-5a127f269501,299811064,way,amenity,fuel,,,,,,32.4835904,74.5299677,Sialkot,Punjab,Pakistan,,,
080c836b-b451-5bf5-9c55-43ee61951e8b,366301630,way,landuse,cemetery,,,,,,32.4835225,74.5320147,Sialkot,Punjab,Pakistan,,,
862b1e18-511c-534e-87ff-81afdf73e3fb,366497522,way,landuse,cemetery,Shahi Badshahi Qabristan,,,,,32.4876452,74.5299615,Sialkot,Punjab,Pakistan,,,
c2cccd84-55c6-59ee-9e4a-96434e9422a7,366772930,way,amenity,place_of_worship,Eid Gah Anjuman-e-Islamia,,,,,32.4889001,74.5325421,Sialkot,Punjab,Pakistan,,,
7cc9548e-df6c-5ef0-bd28-5a42d380dde2,902074483,way,leisure,park,Bagh Maayi Sabran,,,,,32.4879277,74.5327495,Sialkot,Punjab,Pakistan,,,
c798e85b-ebc4-5602-bd41-f4ddc0fc4dc2,365523027,way,amenity,police,تھانہ,تھانہ,Police Station,,,32.4888059,74.5360666,Sialkot,Punjab,Pakistan,,,
d8a9eb23-cc51-5cd7-89ed-8cad3f587764,365527490,way,landuse,cemetery,,,,,,32.4861368,74.5399654,Sialkot,Punjab,Pakistan,,,
4a48231f-1711-52fa-aceb-55bf7382c119,366929730,way,amenity,place_of_worship,Chitti Khanqah,,,,,32.4874295,74.5344458,Sialkot,Punjab,Pakistan,,,
c8e0af4b-e01e-5df4-9318-96cc564af96c,902081422,way,amenity,place_of_worship,,,,,,32.487997,74.5383338,Sialkot,Punjab,Pakistan,,,
563260a6-f3af-50e6-848b-bc96e27de9aa,365527489,way,leisure,park,Shahab Park,,,,,32.4859396,74.540835,Sialkot,Punjab,Pakistan,,,
d681340f-21a2-5256-801e-3d2af772cd1e,366527855,way,landuse,cemetery,Shah Mongan Wali Qabristan,,,,,32.4897184,74.5323062,Sialkot,Punjab,Pakistan,,,
55bfdcf3-ec6b-5175-b620-001290cfa89f,902074490,way,landuse,commercial,Saithi Plaza,,,,,32.496034,74.537558,Sialkot,Punjab,Pakistan,,,
db6c4bb3-1e7f-5bc8-958a-96725770db42,365523001,way,office,government,Social Welfare Complex,,,,,32.4932541,74.5320214,Sialkot,Punjab,Pakistan,,,
74007390-c509-56d3-9c9d-3e61b9241cf5,365523002,way,landuse,commercial,Wapda Complex,,,,,32.4917645,74.5324213,Sialkot,Punjab,Pakistan,,,
4b11c2b3-ad81-5992-8468-96f825925a69,365523003,way,leisure,park,Sherana Wala Bagh,,,,,32.4920317,74.5309012,Sialkot,Punjab,Pakistan,,,
5f215c41-02e3-5248-980a-2a980d9e02f7,366301631,way,landuse,cemetery,Allama Abdul Hakeem Qabristan,,,,,32.4921416,74.5299189,Sialkot,Punjab,Pakistan,,,
4e94fb29-5736-5e28-a550-2df6efbf169b,498840229,way,amenity,place_of_worship,Eidgah Moulvi Ibrahim (Ahl-e-Hadees),,,,,32.4912428,74.5286181,Sialkot,Punjab,Pakistan,,,
1a637de6-1b82-5fea-90b4-4543cb00b913,902243604,way,amenity,place_of_worship,Shrine of Shah Moongan Wali,,,,,32.4898167,74.532341,Sialkot,Punjab,Pakistan,,,
cf5e5d05-7446-5093-8018-3e28eefa3e2a,365527476,way,amenity,place_of_worship,Shrine of Bahlol Shah,,,,,32.4902897,74.5393774,Sialkot,Punjab,Pakistan,,,
a876d2c3-5e4d-5878-8ee6-2b6fcdea7f4b,902074486,way,amenity,place_of_worship,Shrine of Shah Syedan,,,,,32.4909373,74.5360453,Sialkot,Punjab,Pakistan,,,
3743a0de-4f79-5efe-a2da-c7ff7675a9c4,365527482,way,leisure,park,Kakazae Bagh,,,,,32.4875648,74.5448866,Sialkot,Punjab,Pakistan,,,
c585362f-64b7-5765-903e-9b5ee5362531,365527491,way,amenity,police,Thana Nika Pura,,,,,32.4856568,74.5426159,Sialkot,Punjab,Pakistan,,,
16a94239-1e8a-5e2c-b0a5-6971fe181311,365532894,way,landuse,cemetery,Grave Yard,,,,,32.4857277,74.5460018,Sialkot,Punjab,Pakistan,,,
1b3a19db-d2eb-5632-b70c-a086591ab6a8,366932357,way,amenity,fast_food,Food INN,,,,,32.485481,74.5440631,Sialkot,Punjab,Pakistan,,,
4674f24f-9bcd-5a63-b806-92cc27c93cb7,366932358,way,amenity,place_of_worship,,,,,,32.4852704,74.5464816,Sialkot,Punjab,Pakistan,,,
d5f132fe-b08f-598f-b01a-e584bd225abf,902243610,way,amenity,place_of_worship,Shrine of Sakhi Shah Chanan Sarkar,,,,,32.4960669,74.5437965,Sialkot,Punjab,Pakistan,,,
4fc301d3-7ac7-5262-832f-ae5c5b40db9a,902243611,way,landuse,cemetery,Sakhi Shah Chanan Sarkar Qabristan,,,,,32.4960669,74.5437965,Sialkot,Punjab,Pakistan,,,
5922b315-32d4-56e4-ad45-404b00a199dd,365527483,way,amenity,place_of_worship,Shawal Teja Singh Temple,,,,,32.490937,74.5449235,Sialkot,Punjab,Pakistan,,,
afe68429-8d16-50a9-96a3-0cffd6041d2e,902243609,way,amenity,place_of_worship,Shrine of Syed Surkh Roh Shaheed,,,,,32.4929778,74.5416593,Sialkot,Punjab,Pakistan,,,
a98b5100-ddbb-51d0-be41-fe8ca628e118,499008014,way,amenity,place_of_worship,Jubilee Church,,,,,32.495311,74.5500952,Sialkot,Punjab,Pakistan,,,
db6fac11-58da-555f-9242-08a7683c1c28,499008015,way,amenity,place_of_worship,Shahi,,,,,32.4907376,74.547539,Sialkot,Punjab,Pakistan,,,
6f5ca709-1d05-5391-a27d-123a24a0cc6b,366132446,way,landuse,cemetery,,,,,,32.4966995,74.5266333,Sialkot,Punjab,Pakistan,,,
0475477c-4461-504f-9079-4fc8828aa802,366615480,way,landuse,cemetery,,,,,,32.5000159,74.5206266,Sialkot,Punjab,Pakistan,,,
37e7cfde-552f-5abb-964a-4da4e0406821,902074491,way,landuse,cemetery,Abbot Road Cemetery,,,,,32.4974746,74.5329926,Sialkot,Punjab,Pakistan,,,
2792e40b-2c23-51b1-aef3-3d58abbf1a7b,499008010,way,leisure,playground,Ramtalai Playground,,,,,32.4964777,74.5396894,Sialkot,Punjab,Pakistan,,,
33e66b00-4fa8-5c8b-93cf-6b6a8584cdcd,1010360646,way,public_transport,platform,,,,,,32.4982014,74.5404341,Sialkot,Punjab,Pakistan,,پاکستان ریلویز,
d36956eb-b08f-5b2e-a415-4143da0bc4a9,1010360647,way,public_transport,platform,,,,,,32.4985768,74.5412207,Sialkot,Punjab,Pakistan,,پاکستان ریلویز,
c6e50353-f14b-5265-9d5c-f9e591756fed,902243616,way,landuse,cemetery,مزار,مزار,Shrine,,,32.4971951,74.5460279,Sialkot,Punjab,Pakistan,,,
80344cc7-b8df-5125-9570-b64228107d07,902243617,way,amenity,place_of_worship,Shrine of Sehriyan Wali,,,,,32.4982806,74.5462198,Sialkot,Punjab,Pakistan,,,
b0923c91-8f07-5533-aaeb-e37e2958dffa,12253188,relation,landuse,industrial,Sialkot Small Industrial Estate,,,,,32.4866974,74.5163324,Sialkot,Punjab,Pakistan,,,
8c8f6231-8d0e-5f7f-862c-c04689305355,12253086,relation,amenity,place_of_worship,Gurdwara Beri Sahib,,,,,32.4810183,74.5488923,Sialkot,Punjab,Pakistan,,,Q5619946
571650b9-e399-5904-aa9a-626fd5c7f902,12253085,relation,amenity,place_of_worship,Shrine of Imam Ali-ul-Haq Sahib,,,,,32.4878166,74.5371492,Sialkot,Punjab,Pakistan,,,
f595350e-faae-5a6d-b846-c76afa779bdf,12252989,relation,amenity,place_of_worship,Ghosia Doongah Bagh,,,,,32.4961565,74.5370516,Sialkot,Punjab,Pakistan,,,
eeaf2d3d-70f1-57c0-ba9c-fc2da2c0e1e1,3700556272,node,place,suburb,Zeeshan Colony,,,,,32.5026176,74.50027,Sialkot,Punjab,Pakistan,,,
1b8ef7f3-7fab-59fa-913c-14fb0464eb32,3702253726,node,place,suburb,Rubi Villas,,,,,32.5043446,74.5033275,Sialkot,Punjab,Pakistan,,,
c4dd3c1c-c266-5057-bd65-16395fedf559,3702468946,node,place,suburb,Islam Nagar,,,,,32.5077246,74.5037299,Sialkot,Punjab,Pakistan,,,
13d5d9a1-c6d2-57e0-9f26-ec87b7509442,3702253448,node,place,neighbourhood,KOTLI BEHRAM,,,,,32.5058828,74.5119699,Sialkot,Punjab,Pakistan,,,
eea1cb29-7b4d-5393-af37-449c591c7751,3702253454,node,place,suburb,Pakka Garha,,,,,32.5052444,74.5096356,Sialkot,Punjab,Pakistan,,,
52c8b15e-0cd3-577d-a381-b190cb717848,4405409001,node,tourism,attraction,Kashmir Villas,,Kashmir Villas,,,32.5072156,74.5114502,Sialkot,Punjab,Pakistan,,,
6a8e919f-9d5c-5c66-8492-ca052807774d,4405413495,node,shop,bakery,Bake Masters,,Bake Masters,,,32.5071643,74.5121484,Sialkot,Punjab,Pakistan,,,
74bcafc8-58de-5885-b233-79e4bbc938f5,3701166844,node,place,neighbourhood,نور پورہ,نور پورہ,Noor Pura,,,32.5006114,74.5269357,Sialkot,Punjab,Pakistan,,,
46884b42-b7bd-5506-a2c8-566a4396ce28,3701186819,node,place,suburb,ماڈل ٹاؤن,ماڈل ٹاؤن,Model Town,,,32.5000527,74.522803,Sialkot,Punjab,Pakistan,,,
3a51f878-3108-5717-96c3-9e81afd244bf,3700650847,node,place,neighbourhood,Brigiders colony,,,,,32.5077019,74.5248631,Sialkot,Punjab,Pakistan,,,
a2af4cd2-50c8-515b-b9fd-839edc426f8b,3700693950,node,place,neighbourhood,Muslim Pura,,,,,32.5082342,74.5214377,Sialkot,Punjab,Pakistan,,,
9b764637-9364-55bd-bd2f-e1772ec07490,3700762252,node,place,suburb,اسلامیہ پارک,اسلامیہ پارک,Islamia Park,,,32.5049381,74.5262137,Sialkot,Punjab,Pakistan,,,
214dd4f3-3393-5092-811b-05b481d1b1b1,3701186810,node,place,neighbourhood,Chah Khajur,,,,,32.502897,74.5255721,Sialkot,Punjab,Pakistan,,,
90e58210-9e32-5710-9c44-c9ac4f650845,3700544366,node,place,neighbourhood,Chabbah Murad Pur,,,,,32.5138242,74.5033754,Sialkot,Punjab,Pakistan,,,
b898b72f-0e0c-54ca-966c-c4e072621919,3700544371,node,place,suburb,Usman Nagar,,,,,32.5109341,74.5029253,Sialkot,Punjab,Pakistan,,,
c37cc246-e87d-5a91-8a9f-c0bc962ff59d,3700537964,node,place,suburb,Gohadpur,,,,,32.5202262,74.505996,Sialkot,Punjab,Pakistan,,,Q5577563
5dfb6fbc-19bb-5345-be25-0b3a055282cd,3700693970,node,place,suburb,Pakka Garha,,,,,32.5093547,74.5147244,Sialkot,Punjab,Pakistan,,,
8675ff6e-6cd4-57bc-9922-ee7106da96fd,3099717882,node,amenity,fast_food,KFC,کے ایف سی,KFC,Kentucky Fried Chicken,,32.5125264,74.5243659,Sialkot,Punjab,Pakistan,KFC,,
e11ce307-0308-5920-81e9-3aeb99e63d37,3700650772,node,place,suburb,Hunterpura,,,,,32.5197743,74.516704,Sialkot,Punjab,Pakistan,,,
f5fdb590-0efa-565c-a719-551ce7b6594d,3700650818,node,place,suburb,Christian Town,,,,,32.516228,74.5195793,Sialkot,Punjab,Pakistan,,,
f8c51639-f326-5d12-87b5-fa72510e26a8,7596253412,node,shop,greengrocer,Thanedar Vegetable Shop,,,,,32.519933,74.5248628,Sialkot,Punjab,Pakistan,,,
04f0606a-fdd3-5ee7-ac1f-b84ee47b86b3,3701166845,node,place,neighbourhood,Prem Nagar,,,,,32.5000815,74.5310815,Sialkot,Punjab,Pakistan,,,
0e7e8aee-78f1-58f0-b98d-15a37716a6a5,6234351767,node,office,government,Deputy Commissioner Office,,,,,32.5001096,74.536013,Sialkot,Punjab,Pakistan,,,
28bbbfa6-acda-50dc-ae76-2cd35df2bb81,8379732031,node,amenity,place_of_worship,Mubarak,,,,,32.5030994,74.5281708,Sialkot,Punjab,Pakistan,,,
9c8e9e66-646e-5aa2-bfb7-c44ba9852659,3099659603,node,place,neighbourhood,Nishat Park,,,,,32.5077117,74.5396671,Sialkot,Punjab,Pakistan,,,
c33a00a3-028b-555b-a7b5-8c82679be6c2,5099780823,node,office,government,"DCO, Sialkot",,"DCO, Sialkot",,,32.5046468,74.5341777,Sialkot,Punjab,Pakistan,,,
c30ec009-458e-5cbf-afe1-fb0326ba6d69,8379126906,node,place,neighbourhood,Puran Nagar,,,,,32.5029247,74.539449,Sialkot,Punjab,Pakistan,,,
1cdb8208-ec5b-5f30-ae58-d80a318cf1cd,4533349905,node,amenity,atm,,,,,,32.5008063,74.5470182,Sialkot,Punjab,Pakistan,,ubl,
58712a5e-c1e9-5f50-ba91-c89428e2a2ab,3099717240,node,leisure,park,Cantt Park,,,,,32.5109567,74.5287654,Sialkot,Punjab,Pakistan,,,
dcc0305a-9319-51d2-a3a4-23b3b62ecd76,3707489332,node,shop,bakery,Bake Master,,,,,32.5095338,74.527764,Sialkot,Punjab,Pakistan,,,
a9698bb1-1299-5d19-9217-c8ae836f646f,8379126989,node,place,neighbourhood,Pak Pura,,,,,32.5099171,74.5334939,Sialkot,Punjab,Pakistan,,,
c8655f12-d940-5ef0-a1bd-57265f17c955,3098033837,node,amenity,fuel,شیل,شیل,Shell,,,32.5096776,74.5375916,Sialkot,Punjab,Pakistan,شیل,,
6586302b-b661-5525-a810-94c28c48864a,6163692819,node,leisure,park,,,,,,32.5220789,74.5448827,Sialkot,Punjab,Pakistan,,,
e393bbbd-c0a3-57b1-9a2f-1943e4fd6eb5,8379126979,node,place,neighbourhood,Jinnah Colony,,,,,32.5205868,74.5442592,Sialkot,Punjab,Pakistan,,,
cab76054-67a6-5891-b218-8cd5e4c60634,9383537570,node,amenity,cafe,گلوریا جینز,گلوریا جینز,Gloria Jean's,,,32.5190422,74.5424092,Sialkot,Punjab,Pakistan,گلوریا جینز,,
43d555a2-fc9c-5f1b-a84a-2e45ed27cbc5,8832735088,node,amenity,place_of_worship,Jamia Sirate Mustaqeem,,,,,32.524012,74.5039631,Sialkot,Punjab,Pakistan,,,
7353a35e-4ee5-5b6c-a73c-6f04d88d3303,2536320692,node,place,village,ماچھی کھوکھر,,Machhi Khokhar,,,32.5422078,74.5016636,Sialkot,Punjab,Pakistan,,,
569042b9-2597-5708-9da3-34bda57d3c36,3724268791,node,place,village,بلّاں والا,,Ballan Wala,,,32.5431838,74.517872,Sialkot,Punjab,Pakistan,,,
1569f393-a06c-5850-960f-e5b7dca36e50,7554718868,node,leisure,park,FG Park,,,,,32.5222846,74.5450166,Sialkot,Punjab,Pakistan,,,
f618d403-2c25-5c42-8dc3-54e60b63661f,7554750497,node,amenity,place_of_worship,St Church,,,,,32.5224545,74.5450735,Sialkot,Punjab,Pakistan,,,
e9c33386-687e-5ed9-8436-80ef77bb8a2d,8379126977,node,amenity,place_of_worship,Khwaja Safdar Mosque,,,,,32.5232788,74.5415238,Sialkot,Punjab,Pakistan,,,
51d77272-2fe6-5f1f-8b0d-58fea2369aaf,3736878055,node,place,village,Chak Mandhar,,,,,32.5394735,74.5300018,Sialkot,Punjab,Pakistan,,,
0a9f78fa-779f-5cd3-89fd-0decb8d71820,6654437016,node,amenity,fuel,sialkot cng,,,,,32.5358203,74.5336935,Sialkot,Punjab,Pakistan,,,
eebea9f7-589e-55e0-805f-02827bd709a2,3736878056,node,place,suburb,Cantt. View,,,,,32.5383357,74.5451741,Sialkot,Punjab,Pakistan,,,
2610bf03-ebb6-54c3-b93d-f4115da6ee2d,3736878060,node,place,village,Khichian,,,,,32.5476246,74.5486544,Sialkot,Punjab,Pakistan,,,
02331ce5-2e8c-55a3-b78d-f7f900c96344,366239349,way,landuse,cemetery,,,,,,32.5097191,74.5061031,Sialkot,Punjab,Pakistan,,,
6d54e4b3-3b19-5cd7-aaea-6ae4da91f432,366244683,way,amenity,fuel,,,,,,32.5054577,74.5073575,Sialkot,Punjab,Pakistan,,,
7e64ce4e-4ab7-590f-946e-1b5d505ddb85,366244688,way,landuse,cemetery,,,,,,32.5029612,74.5039779,Sialkot,Punjab,Pakistan,,,
3125354f-a4b0-5124-9bd7-333d2ecc3789,366269850,way,amenity,fuel,,,,,,32.5028135,74.501651,Sialkot,Punjab,Pakistan,,,
cf5d3e0e-a348-5819-b189-0b3711a2fcd2,366269851,way,amenity,fuel,,,,,,32.5036676,74.5036218,Sialkot,Punjab,Pakistan,,,
05de304f-6003-5f30-94c4-53e753eec67f,366269852,way,amenity,fuel,,,,,,32.5028901,74.5035091,Sialkot,Punjab,Pakistan,,,
f8eb236e-cf76-5892-b602-2ba80209c97a,366080331,way,amenity,place_of_worship,Darbar Saiyen Manna,,,,,32.5082674,74.5134795,Sialkot,Punjab,Pakistan,,,
b83a538b-859a-58dc-8a93-cbbd2f97c052,366239347,way,amenity,place_of_worship,Masjid Lal Shah,,,,,32.5074524,74.5118965,Sialkot,Punjab,Pakistan,,,
11e302ea-b87f-505a-b0d5-c9703b0f5eb7,366244657,way,amenity,place_of_worship,Eid Gah,,,,,32.5053371,74.5116273,Sialkot,Punjab,Pakistan,,,
e0ebfe1d-1c6b-5e50-b040-058e6ff0b93d,366244681,way,amenity,place_of_worship,,,,,,32.5043095,74.5097492,Sialkot,Punjab,Pakistan,,,
76d72bad-653f-571f-8bc3-1cb7a7b51903,902090787,way,amenity,place_of_worship,Toheed (Ahl-e-Hadees),,,,,32.5020009,74.5194771,Sialkot,Punjab,Pakistan,,,
7e66a76b-f960-5390-b49f-ba23f8fd4a70,366129856,way,leisure,park,Saroosh Park,,,,,32.5011213,74.5218636,Sialkot,Punjab,Pakistan,,,
343b98a2-b90a-50b5-a30f-23e3e5099d7e,366129859,way,leisure,park,Tainkey Wala Park,,,,,32.5007025,74.5236491,Sialkot,Punjab,Pakistan,,,
c82063ae-bd21-5f8c-a1f7-eaf87269c37f,366129860,way,amenity,place_of_worship,Masjid Baitul Mukarram,,,,,32.5011737,74.523406,Sialkot,Punjab,Pakistan,,,
89709ca1-a7db-552b-940d-96609dd4ab52,366132444,way,leisure,park,Ladies Park,,,,,32.502266,74.5229104,Sialkot,Punjab,Pakistan,,,
640e836e-65e8-548b-a691-96faffa18597,366244656,way,amenity,fuel,,,,,,32.5093407,74.5175601,Sialkot,Punjab,Pakistan,,,
76e4a3d3-a3f0-50a4-a654-7d18f1e81f99,366615479,way,amenity,place_of_worship,,,,,,32.500333,74.5210773,Sialkot,Punjab,Pakistan,,,
85f9d205-0d61-589f-a954-ec24745b5de0,366630761,way,amenity,place_of_worship,مسجد بلال,مسجد بلال,Bilal Masjid,,,32.5043733,74.5210419,Sialkot,Punjab,Pakistan,,,
f7ef264d-a6ed-51bd-8907-f302edd45a82,366087923,way,office,government,Deputy Admin.,,,,,32.5066787,74.5218233,Sialkot,Punjab,Pakistan,,,
772284e4-66b1-5bbb-8f2f-acd35b0520db,366135773,way,amenity,fuel,,,,,,32.5036018,74.5232891,Sialkot,Punjab,Pakistan,,,
49e0a00f-e090-5035-8cd8-c4d69674ca29,366615484,way,amenity,fuel,ماڈل سی این جی,ماڈل سی این جی,Model CNG,,,32.5045081,74.5232978,Sialkot,Punjab,Pakistan,,,
06decde6-235f-5a09-b703-69d697a45f9d,366239356,way,amenity,place_of_worship,,,,,,32.5119365,74.5042478,Sialkot,Punjab,Pakistan,,,
be4c10b3-4f46-5187-95c7-33a78c0d20bb,366239348,way,amenity,place_of_worship,Darbar,,,,,32.5094279,74.5117778,Sialkot,Punjab,Pakistan,,,
97a1e32a-7cb2-591d-a2ba-2a9d460caf82,366063623,way,amenity,post_office,GPO,,,,,32.5202764,74.5022794,Sialkot,Punjab,Pakistan,,,
701b72a4-cc26-59f6-b6cf-7eadd048adfe,366080328,way,landuse,cemetery,,,,,,32.5110941,74.5169293,Sialkot,Punjab,Pakistan,,,
ffe39c49-4fff-51a9-a56b-c13e356f0e07,366767213,way,amenity,fuel,پاکستان اسٹیٹ آئل,پاکستان اسٹیٹ آئل,Pakistan State Oil,,,32.5097839,74.5184965,Sialkot,Punjab,Pakistan,پاکستان اسٹیٹ آئل,,
130d6060-6b14-5b87-94c0-05a75fdc574a,366772906,way,amenity,fuel,پاکستان اسٹیٹ آئل,پاکستان اسٹیٹ آئل,Pakistan State Oil,,,32.5108869,74.5191481,Sialkot,Punjab,Pakistan,پاکستان اسٹیٹ آئل,,
c0112355-dc9c-5fa3-a66b-62586f6867ab,258143959,way,amenity,fuel,پاکستان اسٹیٹ آئل,پاکستان اسٹیٹ آئل,Pakistan State Oil,,,32.5108303,74.5261682,Sialkot,Punjab,Pakistan,پاکستان اسٹیٹ آئل,,
efb3e267-544e-542f-a52b-1b16377b3b1b,258143960,way,amenity,fuel,,,,,,32.5104897,74.5266083,Sialkot,Punjab,Pakistan,,,
f2cb2684-f727-519e-9bb2-8813e77fd318,366767215,way,tourism,hotel,Mehran Hotel,,,,,32.512397,74.5235754,Sialkot,Punjab,Pakistan,,,
e183e303-729c-52ed-8481-382dc06cac01,366767216,way,amenity,fast_food,KPS,,,,,32.5101885,74.5268551,Sialkot,Punjab,Pakistan,,,
345a2f43-0f51-5d4c-a2e8-24c12d7ca53c,366767217,way,amenity,place_of_worship,مسجد بلال,مسجد بلال,Bilal Masjid,,,32.5117617,74.5238649,Sialkot,Punjab,Pakistan,,,
dea49869-2772-5a4e-aef2-96e2e5b9f503,366767218,way,amenity,place_of_worship,CTI Church,,,,,32.5151689,74.5224039,Sialkot,Punjab,Pakistan,,,
ff76d20f-b468-5eb9-91b6-ac15bb27e322,305356184,way,leisure,pitch,,,,,,32.5112044,74.5273673,Sialkot,Punjab,Pakistan,,,
1d9b429d-395f-5494-8612-55d684d7b835,305356185,way,leisure,park,Fatima Jinnah Park,,,,,32.5137978,74.5292812,Sialkot,Punjab,Pakistan,,,
d4e1059d-f25f-533d-87af-abeb9c3a36b5,366076044,way,amenity,place_of_worship,Hunter Memorial Church,,,,,32.5176237,74.5209021,Sialkot,Punjab,Pakistan,,,
37dd1fa3-8172-5237-b734-47888755859c,366076045,way,landuse,cemetery,,,,,,32.517986,74.52065,Sialkot,Punjab,Pakistan,,,
fb456fe4-8178-5c94-a1bd-120be7763745,366080322,way,amenity,place_of_worship,Sunahri Masjid,,,,,32.5108552,74.5208405,Sialkot,Punjab,Pakistan,,,
76aa334a-932c-5db3-a67f-d748b3aded0f,366767906,way,amenity,place_of_worship,Jamia Aysha,,,,,32.5203121,74.5196902,Sialkot,Punjab,Pakistan,,,
52f9676c-73e7-5e4e-95c0-4b64c04e9013,258143307,way,amenity,fuel,power CNG,,,,,32.5093297,74.5287492,Sialkot,Punjab,Pakistan,,,
8dd7148d-e759-57c7-be17-319fe1c2967c,366112648,way,amenity,police,Katchery Police Station,,,,,32.5064827,74.5332843,Sialkot,Punjab,Pakistan,,,
66abc9b6-e27f-5b9a-80f8-0d8d32edd8d0,366122370,way,landuse,commercial,DCO Office,,,,,32.5046289,74.5329962,Sialkot,Punjab,Pakistan,,,
c668adad-d32c-5bf5-88e3-0ce95e850e28,366122380,way,landuse,commercial,District Courts,,,,,32.5033866,74.532582,Sialkot,Punjab,Pakistan,,,
1aa1f23b-1686-566c-be30-4f1e9d36611d,902074492,way,amenity,place_of_worship,Shrine of Shah Hussain,,,,,32.5016044,74.5347003,Sialkot,Punjab,Pakistan,,,
94285a26-580a-58bd-89a7-2887994f6754,902074494,way,landuse,cemetery,,,,,,32.5016044,74.5347003,Sialkot,Punjab,Pakistan,,,
4c481646-c314-5b42-ab85-5217ad1945dc,366112649,way,amenity,police,District Jail Sialkot,,,,,32.5059826,74.5306561,Sialkot,Punjab,Pakistan,,,
59b43f9e-ca95-539b-99bf-69890f87cfbe,366129853,way,amenity,place_of_worship,جامعہ الامیر,جامعہ الامیر,Jamia Al Ameer,,,32.5050995,74.5281384,Sialkot,Punjab,Pakistan,,,
12897cb2-f307-50c6-acab-d946dbd85a79,902074495,way,leisure,park,Kashmir Park,,,,,32.5083517,74.5436584,Sialkot,Punjab,Pakistan,,,
eb4d5ed9-7e16-5eb6-be2f-9ed89ae1f1c4,902074496,way,landuse,cemetery,,,,,,32.5057587,74.5498433,Sialkot,Punjab,Pakistan,,,
5977c82b-0b6a-51a0-a1fa-8f62c4a66a90,658580144,way,leisure,park,company,,,,,32.5222088,74.5449419,Sialkot,Punjab,Pakistan,,,
8b44f1d3-431e-5692-a22a-6fe90c12b7ea,902074508,way,healthcare,hospital,Combined Military Hospital Sialkot,,,,,32.5168228,74.5495719,Sialkot,Punjab,Pakistan,,,
d1ba212d-9096-5295-ad5d-fa61e1dd2ffe,658580334,way,natural,water,lak,,,,,32.522072,74.5449359,Sialkot,Punjab,Pakistan,,,
0af9d576-cf95-5bc1-8181-53ff35a23351,902074506,way,leisure,park,Jinnah Colony Park,,,,,32.5207202,74.5442771,Sialkot,Punjab,Pakistan,,,
6d9ce7d8-cc97-51f0-83c5-4da2713dac6a,366076035,way,amenity,place_of_worship,,,,,,32.5225292,74.5074356,Sialkot,Punjab,Pakistan,,,
24ad55d5-81b6-546b-9c23-a6276a6cb60f,366076043,way,amenity,place_of_worship,,,,,,32.5225951,74.5249629,Sialkot,Punjab,Pakistan,,,
510a4084-4577-57fa-9868-effde0f25580,659260802,way,landuse,residential,,,,,,32.5419414,74.5182881,Sialkot,Punjab,Pakistan,,,
7b506314-b9ec-5e0f-8b62-cffaa8e4841f,659260780,way,landuse,residential,,,,,,32.5395898,74.532139,Sialkot,Punjab,Pakistan,,,
72f5012d-181c-5631-b907-064a44fbd7e7,902074503,way,leisure,park,Company Bagh,,,,,32.5256161,74.5434727,Sialkot,Punjab,Pakistan,,,
6d6349ac-3eb0-5e7d-8067-0f0087847f5e,1147997127,way,amenity,fast_food,McDonald's,,,,,32.5241237,74.5414719,Sialkot,Punjab,Pakistan,McDonald's,,
3cf47d3e-741c-5ea6-943e-f3b9cc42f917,1147997862,way,amenity,fast_food,Papa John's,,,,,32.5240052,74.5431038,Sialkot,Punjab,Pakistan,Papa John's,,
20c3ed3f-ec91-5c12-b66a-6784a7f7a026,17764099,relation,landuse,residential,,,,,,32.5634746,74.5379963,Sialkot,Punjab,Pakistan,,,
7d2b76f5-cf0b-53d9-9e0e-d79fb2af7fdd,8886391657,node,place,neighbourhood,سلک سٹی ہاؤسنگ سوسائٹی,,Silk City Housing Society,,,32.5562473,74.5008326,Sialkot,Punjab,Pakistan,,,
5b632db0-01e7-5600-8a74-fa632f750f4c,2536256191,node,place,village,کوٹلی تیلیاں,,Kotli Telian,,,32.5511648,74.5018788,Sialkot,Punjab,Pakistan,,,
2495e7b9-fc5a-5260-b571-8b13187793c9,2536320694,node,place,village,کالا کھمبرا,,Kala Khambra,,,32.5535794,74.5134505,Sialkot,Punjab,Pakistan,,,
cbc1f203-a8a2-5c5c-b137-3343c2894357,2536256194,node,place,village,Bahlool Pur,,,,,32.5586995,74.504255,Sialkot,Punjab,Pakistan,,,
03c91dd2-36d9-526d-9653-544b16397180,2536221767,node,place,village,Pulay Log,,,,,32.5720963,74.5048217,Sialkot,Punjab,Pakistan,,,
763b7ea7-d7a2-57c6-b24c-fa30e5f3403f,3737193461,node,place,village,ڈھپئ,,Dhapai,,,32.5738325,74.5200171,Sialkot,Punjab,Pakistan,,,
6b952699-6fa8-56ba-919b-8f624795fc6d,3736878041,node,place,village,پڑوپی آرائیاں,,Paropi Arayian,,,32.5534247,74.5276057,Sialkot,Punjab,Pakistan,,,
49934541-b61f-59d3-a691-f1dc15f4cbdd,3736878061,node,place,suburb,Aziz Garden,,,,,32.5532616,74.5492148,Sialkot,Punjab,Pakistan,,,
0efadf73-c147-5901-bf4d-2163809613d1,3736878040,node,place,suburb,Bhagal,,,,,32.5616068,74.5297343,Sialkot,Punjab,Pakistan,,,
615c410e-2fbb-5a50-ba1c-e8a46c8e08a1,3736878039,node,place,village,کھروٹا سّیداں,,Khorata Syedian,,,32.5625617,74.5360512,Sialkot,Punjab,Pakistan,,,
45e645d5-40bf-50ec-901b-07c4cc7d1762,2488587529,node,place,village,Marakiwal,,,,,32.5730262,74.54789,Sialkot,Punjab,Pakistan,,,
330efd28-ec0c-5e65-ab3f-8cc5bc491d65,2536221765,node,place,village,کوٹلی لوہاراں شرقی,,Kotli Lohraran Sharqi,,,32.582017,74.5097767,Sialkot,Punjab,Pakistan,,,
41875b77-043d-578e-ae1a-f65831e00ed5,3737193468,node,place,village,چیلہ,,Chaila,,,32.5954514,74.5142262,Sialkot,Punjab,Pakistan,,,
0a64709a-5f7b-5c95-a16e-6323e63d2841,3737193466,node,place,village,ملووال,,Mallowal,,,32.5930907,74.5273651,Sialkot,Punjab,Pakistan,,,
74de29e1-cb2e-53ab-b07b-497938ecc3e4,3737193463,node,place,village,وریام,,Waryam,,,32.5805381,74.5329867,Sialkot,Punjab,Pakistan,,,
b715ed99-ef3e-5468-a509-15b602e2758c,3737193462,node,place,village,Taukan,,,,,32.5827053,74.5277628,Sialkot,Punjab,Pakistan,,,
9aa6d6a9-4bee-53ee-9cb0-aa5dc08f4b3a,3737193465,node,place,village,Romala,,,,,32.5902425,74.533149,Sialkot,Punjab,Pakistan,,,
4dd951cd-e85c-5beb-9b51-61c513b24adb,3736878065,node,place,village,پنووال,,Punnuwal,,,32.5994804,74.5374405,Sialkot,Punjab,Pakistan,,,
673ff061-a415-55cd-9bd6-0475f585292a,3737193467,node,place,village,Wasalpur,,,,,32.5963168,74.5359814,Sialkot,Punjab,Pakistan,,,
a2d20812-8146-56f4-8d88-486de19c4991,3736878064,node,place,village,Shadi Wal,,,,,32.5985649,74.5430252,Sialkot,Punjab,Pakistan,,,
296b837a-5e55-5835-b9de-f8c62744defc,369952417,way,landuse,cemetery,,,,,,32.5580942,74.5173301,Sialkot,Punjab,Pakistan,,,
2348d8e8-762a-5277-9f6c-0118c4327cf9,8878100770,node,place,village,ڈھلم غازی,,Dhillam Ghazi,,,32.4150601,74.5536688,Sialkot,Punjab,Pakistan,,,
603e0004-1e18-5d04-8c04-c96f02cc9f7d,8878429711,node,place,village,ولانہ,,Walana,,,32.4036759,74.5554828,Sialkot,Punjab,Pakistan,,,
ed901c36-3d5a-5cb7-9633-9eab8fdd3b49,8878429710,node,place,village,چھناواں,,Chhanawan,,,32.4022248,74.5851724,Sialkot,Punjab,Pakistan,,,
2202074d-6da7-570d-b216-d4a8bfafc940,3742358255,node,place,village,چھچھروالی,,Chichhar Wali,,,32.4098745,74.5834383,Sialkot,Punjab,Pakistan,,,
9fba08a3-b22a-5cb4-b9e5-8887cd963fa8,3742358254,node,place,village,وریو,,Wario,,,32.4102856,74.5891471,Sialkot,Punjab,Pakistan,,,
53b0c9ae-b89f-50a7-a139-ff6450c70b98,8878429709,node,amenity,place_of_worship,تاجدار مدینہ,,,,,32.4105439,74.5889513,Sialkot,Punjab,Pakistan,,,
c4b60938-060d-5e8c-8d27-ae213f3c1424,8878429698,node,amenity,place_of_worship,جامع غوثیہ دارالعلوم,,,,,32.4125133,74.5830537,Sialkot,Punjab,Pakistan,,,
a9d84e48-6ab6-5306-95af-19279adf2e39,8878429699,node,place,village,ساہووالی,,Sahowali,,,32.4160527,74.5837594,Sialkot,Punjab,Pakistan,,,
eef00975-9f08-5f4a-849d-88326dfe4545,8878100729,node,place,village,کوٹلی ہرنرائن,,Kotli Hernarine,,,32.4426916,74.5505549,Sialkot,Punjab,Pakistan,,,
ed42077d-16e5-5391-a51f-aa821c4b1d52,8878100745,node,amenity,place_of_worship,جامعہ مسجد خاتون جنت,,,,,32.4428181,74.5503149,Sialkot,Punjab,Pakistan,,,
36fabcdd-161e-5a3d-ac98-b12334a1ae06,8878100746,node,amenity,place_of_worship,جامع مسجد حیات النبی,,,,,32.4416436,74.5520498,Sialkot,Punjab,Pakistan,,,
12b07ba4-ca9b-5e9a-9178-ae9cbd643d8b,3742358225,node,place,village,ساتووالی,,Sattowali,,,32.4238344,74.556359,Sialkot,Punjab,Pakistan,,,
784f2280-30a9-53c6-98dd-5f4553303adf,3742358226,node,place,village,کوٹ ‫منڈیانوالہ,,Kot Mandianwala,,,32.4223821,74.5695517,Sialkot,Punjab,Pakistan,,,
109d50b5-15c9-5dcc-bb5e-b7447bf60e43,3709091832,node,place,village,کوٹ دینداراں,,Kot Deendaran,,,32.4355583,74.5566968,Sialkot,Punjab,Pakistan,,,
29467d25-86cd-5b21-b813-9d77a397841c,3709091825,node,place,village,چھاؤنی سلہریاں,,Chhowni Sulehrian,,,32.4429725,74.558873,Sialkot,Punjab,Pakistan,,,
db70882c-6b6d-59cf-8ce5-5e2f060cb123,3709130913,node,place,village,پراگ پور,,Parag Pur,,,32.4306918,74.5724187,Sialkot,Punjab,Pakistan,,,
bef25f26-fbf4-5a29-a9e1-636ede164515,3709132126,node,place,village,Gunna Khurd,,,,,32.4353584,74.588615,Sialkot,Punjab,Pakistan,,,
e0f9764c-f185-56e5-82e3-5540d3c8aa4d,3724565408,node,place,village,سندرانہ,,Sandrana,,,32.4488518,74.591182,Sialkot,Punjab,Pakistan,,,
69a80a73-ea2d-5e54-8c55-6380dd8f756a,1430067502,way,natural,wood,,,,,,32.4012057,74.5954161,Sialkot,Punjab,Pakistan,,,
d5751b22-06de-54e3-80f0-492cab42a6ea,959585700,way,landuse,commercial,ویژن ٹیکنالوجیز,,Vision Technologies,,,32.409253,74.5973965,Sialkot,Punjab,Pakistan,,,
a8f6757a-758b-5a71-aee9-dcd1f2c5e924,959575299,way,landuse,industrial,Vivi-Fy International,,,,,32.4404852,74.5718217,Sialkot,Punjab,Pakistan,,,
77a94bc6-dded-5e21-8833-76635d3a981c,3724228096,node,place,village,بھیکو چھوہر,,Bhiko Chur,,,32.4604001,74.5511547,Sialkot,Punjab,Pakistan,,,
9cea4958-a992-52b2-8a01-45015ad84124,3724228113,node,place,village,رحمت پورہ,,Rahmat Pura,,,32.4660442,74.5513819,Sialkot,Punjab,Pakistan,,,
d62b406d-4111-5164-a2f4-edb07f84b3bb,4901925824,node,leisure,fitness_centre,Sialkot Gymnasium,,,,,32.4731726,74.5527537,Sialkot,Punjab,Pakistan,,,
f4ec07e0-670e-556e-8e88-f0108c2d03ff,9434545171,node,historic,castle,Chaudhry Akhtar,,,,,32.4757155,74.5535225,Sialkot,Punjab,Pakistan,,,
c10d2867-b926-5c02-8277-df47816ba311,9434554323,node,historic,castle,Mehar Asif,,,,,32.4763218,74.553422,Sialkot,Punjab,Pakistan,,,
e0ac8823-7742-5caf-91cd-6eafeafc1dfe,9434562927,node,historic,castle,Mehar Ghulam Rasool,,,,,32.4756264,74.5536306,Sialkot,Punjab,Pakistan,,,
7bb62bcb-847e-5d77-b30b-cffc50d121f4,9448392905,node,historic,castle,Mehar Warris House,,,,,32.4761814,74.5534651,Sialkot,Punjab,Pakistan,,,
937fb066-8ae8-5104-8b23-a066e760b6ea,9448407641,node,historic,castle,Mehar Abdul Razaq House,,,,,32.4760336,74.5534113,Sialkot,Punjab,Pakistan,,,
4fd3cb17-6624-59da-aaf3-205e31df87ef,3695301143,node,place,suburb,Labour Colony,,,,,32.4767522,74.5507396,Sialkot,Punjab,Pakistan,,,
d00bebee-3741-51c3-81b4-76a2c777efcb,9426093446,node,leisure,park,Mehar Basharat Mahmood House,,,,,32.4785128,74.5520278,Sialkot,Punjab,Pakistan,,,
b998556b-61e9-5d2e-9eeb-56f224685311,9426101899,node,amenity,place_of_worship,Peer Abdul Nabi Mazar,,,,,32.4794667,74.5510106,Sialkot,Punjab,Pakistan,,,
7eb9b7cf-b048-5fbf-b1de-07938a3a0c04,9434600342,node,amenity,place_of_worship,Masjid Jamnu Wali,,,,,32.4766597,74.5535317,Sialkot,Punjab,Pakistan,,,
1c68f8d5-472e-5d19-9745-012dd878b259,3709132135,node,place,neighbourhood,Shujjabad,,,,,32.4840794,74.5530053,Sialkot,Punjab,Pakistan,,,
ec50bf54-f10e-5108-a5fb-a113a7b54b4a,8379180783,node,amenity,place_of_worship,Al-Falah,,,,,32.4892149,74.5508414,Sialkot,Punjab,Pakistan,,,
4bc4389e-257f-5974-a598-f159414a1839,3695350669,node,place,suburb,اسلام آباد محلہ,اسلام آباد محلہ,Islamabad Mohallah,,,32.4902596,74.5518725,Sialkot,Punjab,Pakistan,,,
035d80b6-c268-5cda-8264-99665fc159e3,4903343252,node,amenity,place_of_worship,Ahle Hadith Majeed Pura,,,,,32.4946876,74.550394,Sialkot,Punjab,Pakistan,,,
be6ebb3b-2a4a-5169-83b1-623fd951bc98,4903343266,node,amenity,place_of_worship,Masjid Panj Tan Pak,,,,,32.4926976,74.5503008,Sialkot,Punjab,Pakistan,,,
5f35f0eb-898b-52ab-8e24-c981235e357a,7550166956,node,amenity,place_of_worship,Alkarm Hanfia Ghousia,,,,,32.4910236,74.5521706,Sialkot,Punjab,Pakistan,,,
cce4b8e3-301f-5977-97fb-787216c62ac1,8379126943,node,place,neighbourhood,Mohallah Bajranpura,,,,,32.4984949,74.5531771,Sialkot,Punjab,Pakistan,,,
2ca758e4-96bb-5f80-bc29-fad7a9b3c88b,8380505523,node,amenity,place_of_worship,Babul Shaheed,,,,,32.4968997,74.5524919,Sialkot,Punjab,Pakistan,,,
a7bfac25-7621-5db9-a898-ba9905511bd5,3709090223,node,place,village,دھیرا سندھا,,Dhera Sandha,,,32.452279,74.5754392,Sialkot,Punjab,Pakistan,,,
7a38c24b-ef7d-5ea0-9770-332a8c80afc6,4901925832,node,amenity,fuel,Daska-Pasrur Road,,,,,32.459526,74.5628077,Sialkot,Punjab,Pakistan,,,
cf1fe2a5-d557-5754-a43e-b8e62d17c0f3,4901925833,node,amenity,place_of_worship,Daska-Pasrur Road,,,,,32.4588167,74.5628001,Sialkot,Punjab,Pakistan,,,
8fc72085-0e53-5248-bd9b-1c3954e9e0d5,8878100727,node,place,village,نور پورہ,,Noor Pura,,,32.4568303,74.5632468,Sialkot,Punjab,Pakistan,,,
db7e20aa-490c-58fa-a96d-4de025f1b860,4901925830,node,amenity,place_of_worship,Daska-Pasrur Road,,,,,32.46659,74.5560699,Sialkot,Punjab,Pakistan,,,
ad32d388-080e-55cd-9ab4-af8242cd0bdb,9423608224,node,shop,supermarket,Mehar Market 3,,,,,32.465713,74.5597765,Sialkot,Punjab,Pakistan,,Javaid I Chaudhry,
f1dfcd57-a92a-5e6c-b066-963fc4375f14,9423622889,node,shop,supermarket,Javaid Iqbal Chaudhry Farmhouse,,,,,32.469502,74.560298,Sialkot,Punjab,Pakistan,,jic,
ff7a4f8d-2dc0-5d7a-91a6-256ddd87db26,9426134040,node,amenity,place_of_worship,Madrassah,,,,,32.4670542,74.5594628,Sialkot,Punjab,Pakistan,,,
00d497c7-c15d-5a28-8a0d-915157345002,9429571774,node,place,neighbourhood,Mehar Town,,,,,32.4692413,74.5600204,Sialkot,Punjab,Pakistan,,,
2ce7f0bf-dc0c-5097-9d17-75fc9025ab00,9429643841,node,place,neighbourhood,Mehar Town,,,,,32.4663096,74.5586366,Sialkot,Punjab,Pakistan,,,
1e3e41d6-03ef-5cd0-8d08-25a54f94ea91,9423470633,node,amenity,place_of_worship,Mehar Faqir Mohammad & Mohammad Bibi Quran School,,,,,32.4683946,74.560923,Sialkot,Punjab,Pakistan,,,
37872936-3ee9-5472-9d42-ddb84771cc2c,9423492790,node,shop,supermarket,Mehar Market  2,,,,,32.4682267,74.5606966,Sialkot,Punjab,Pakistan,,Javaid Iqbal Chaudhry,
9682baa1-a834-5135-ae82-e40f86973a98,9426110148,node,amenity,place_of_worship,Jamia Masjid Mehar Town,,,,,32.4683655,74.5608681,Sialkot,Punjab,Pakistan,,,
33679d61-81cc-5b27-aabd-99cf33a3e0db,9429615998,node,landuse,residential,Mehar Town Residencies,,,,,32.4680835,74.5607488,Sialkot,Punjab,Pakistan,,,
d2c84004-35e8-5fcc-8331-9455a2c9700b,3709132133,node,place,village,جودھے والی,,Jodhay Wali,,,32.4690927,74.5739191,Sialkot,Punjab,Pakistan,,,
0e2f86a7-90ce-5ce8-b80b-ffe9c98c0f7a,3724565407,node,place,village,کیساں,,Kais,,,32.4557236,74.5960457,Sialkot,Punjab,Pakistan,,,
0fe968bf-5acc-528a-b581-c2eae4b8c324,3724565405,node,place,village,رائے پور,,Raipur,,,32.4645497,74.5852168,Sialkot,Punjab,Pakistan,,,
11891107-d8c1-5c7f-a4cf-6ffe77f6d4a0,3724565406,node,place,village,گوپال پور,,Gopal Pur,,,32.4614994,74.5948966,Sialkot,Punjab,Pakistan,,,
9b208374-7362-5b02-80c3-22f1da3da6df,3695301145,node,place,suburb,Doburji Araian,,,,,32.4762566,74.5539673,Sialkot,Punjab,Pakistan,,,
4e669610-6720-5fa4-b0f4-d40bf7400a3a,4901925829,node,amenity,fuel,Daska-Pasrur Road,,,,,32.4699352,74.5543079,Sialkot,Punjab,Pakistan,,,
8369ae5b-e37e-5377-bd86-e2b06fe66fa6,8379184656,node,place,suburb,Doburji Arainya,,,,,32.4743022,74.5571501,Sialkot,Punjab,Pakistan,,,
2a19ac30-2716-50b8-859f-d2f694ede8f4,9426000747,node,amenity,place_of_worship,Jamia Masjid Doburji Araian,,,,,32.4761192,74.5546709,Sialkot,Punjab,Pakistan,,,
916a8600-bdb2-5093-a2f5-346305d76dd6,9426089258,node,amenity,place_of_worship,Mowlvi Kareem Masjid,,,,,32.4746113,74.5567661,Sialkot,Punjab,Pakistan,,,
4ab6d359-b576-5c53-bec9-d374f293b0e9,3709132136,node,place,suburb,Ahmad Nagar,,,,,32.47851,74.5584835,Sialkot,Punjab,Pakistan,,,
20697fcb-1654-575e-a904-e5651415afe3,3709132134,node,place,village,Kishnay Wali,,,,,32.4778625,74.5724915,Sialkot,Punjab,Pakistan,,,
7780146d-3b7a-59e1-aebd-af1b70212a9d,12680917101,node,shop,clothes,Clothes Shop,,SHEFI Sportswear,,,32.4836458,74.5566306,Sialkot,Punjab,Pakistan,,,
58310533-044c-58d9-ba4f-56c2884ea746,3695301146,node,place,neighbourhood,Nizama Abad,,,,,32.4838779,74.560965,Sialkot,Punjab,Pakistan,,,
693be1a2-4613-5c6c-b399-12fbb8d579f2,3719891895,node,place,suburb,Rangpura,,,,,32.4920418,74.5587558,Sialkot,Punjab,Pakistan,,,
68e5cbff-6fa1-5331-93b7-1607a32f8ec4,7550166994,node,amenity,place_of_worship,Iqbal,,,,,32.4957516,74.553774,Sialkot,Punjab,Pakistan,,,
6bf7d9b1-07b5-5ed2-869e-6eb40a42a979,8380505528,node,amenity,place_of_worship,Madina,,,,,32.4932025,74.5539246,Sialkot,Punjab,Pakistan,,,
59124776-4c8c-5265-a6b6-3327cf3aed82,3719891896,node,place,neighbourhood,Rangpura Awan,,,,,32.4934598,74.5617632,Sialkot,Punjab,Pakistan,,,
0d7b14ca-7ffb-53f8-9fe4-78d1032410ea,3719891897,node,place,neighbourhood,Lalpura,,,,,32.4905191,74.5617467,Sialkot,Punjab,Pakistan,,,
974d8b48-2d06-5602-84af-274f0b64c77f,3695350685,node,place,neighbourhood,Hasan Pura,حسن  پورا,,,,32.4952685,74.5696179,Sialkot,Punjab,Pakistan,,,
ad6aaef5-4baa-5875-a37f-4ccb910be8e0,8856684555,node,amenity,place_of_worship,Darbar Shreef Peer Syed Kaky Shah Sahib,دربار شریف پیس سید کاکے شاہ صاحب,,,,32.481813,74.5962339,Sialkot,Punjab,Pakistan,,,
1c4258a0-2269-59c8-91ff-1735999dcd8a,8856691841,node,place,village,Syedanwali East,سیدانوالی مشرقی,,,,32.4812272,74.5958334,Sialkot,Punjab,Pakistan,,,
93dbbb96-eee1-513f-86e8-e66ac99c4480,3732473090,node,place,village,Alo Chak,آلو  چک,,,,32.489669,74.581693,Sialkot,Punjab,Pakistan,,,
57756192-2b5d-5ada-8d80-6819ae3d9800,3732473091,node,place,village,Langreali,لنگڑے  والی,,,,32.495895,74.5881088,Sialkot,Punjab,Pakistan,,,
69525443-e2e5-54c9-a931-23da675250c8,2488513006,node,amenity,fuel,,,,,,32.4891668,74.5968223,Sialkot,Punjab,Pakistan,,,
44e564c7-772a-522c-a9be-4dbd2bd13220,3724485665,node,place,village,Ura,,,,,32.490631,74.5994072,Sialkot,Punjab,Pakistan,,,
21a40c8a-062d-505a-ae86-60acaf84448b,3695350671,node,place,neighbourhood,Burj Pura,,,,,32.497629,74.5595465,Sialkot,Punjab,Pakistan,,,
5f02e730-bd9c-57b6-820e-5a7ef5272158,366932361,way,amenity,fuel,Vario CNG,,,,,32.4727177,74.5506138,Sialkot,Punjab,Pakistan,,,
18924e9d-1d6f-5983-a98d-389ef13addc9,246460271,way,leisure,park,Gulshen-e-Iqbal,,,,,32.4740037,74.5528473,Sialkot,Punjab,Pakistan,,,
56bb5742-e61c-57ac-bd6b-bd80f310c299,498851669,way,leisure,stadium,Sialkot Hockey Stadium,,,,,32.472758,74.5542449,Sialkot,Punjab,Pakistan,,,
f5e6a5b3-11a1-575c-aa61-b51ef267af75,366932360,way,amenity,place_of_worship,Darbar Haji Sahib,,,,,32.479472,74.5509778,Sialkot,Punjab,Pakistan,,,
f2a5f184-e51f-5858-9649-17c8e111eed9,1424708038,way,amenity,place_of_worship,Janazah Gah,,,,,32.4799266,74.5517551,Sialkot,Punjab,Pakistan,,,
a2d513a0-0ab7-5503-857e-a561120d83db,365514073,way,landuse,cemetery,Grave Yard,,,,,32.4932746,74.5542873,Sialkot,Punjab,Pakistan,,,
256438f9-d8b5-5ac3-8efc-ff44fa1f2c77,365514062,way,office,government,District Food Controller,,,,,32.4993734,74.5522976,Sialkot,Punjab,Pakistan,,,
aa17bd14-3067-5eef-8438-a147295feb78,365514069,way,landuse,cemetery,Babul Shaheed Qabristan,,,,,32.4967927,74.5522477,Sialkot,Punjab,Pakistan,,,
153b5248-20dc-5cb3-8c52-ba651583ee5b,366932366,way,amenity,fuel,,,,,,32.4632616,74.5600546,Sialkot,Punjab,Pakistan,,,
57142c04-6a85-5cb4-be5f-f190820972b1,1021754924,way,place,town,Mehar Town,,,,,32.4672726,74.5602945,Sialkot,Punjab,Pakistan,,,
7f0dd03a-2746-500b-b6b7-62d59132a6cc,366930333,way,amenity,fuel,,,,,,32.4672796,74.5570472,Sialkot,Punjab,Pakistan,,,
05b6471c-354a-5512-8816-f24d692fc601,366930334,way,amenity,fuel,,,,,,32.4693347,74.555473,Sialkot,Punjab,Pakistan,,,
5205979b-951f-5608-b155-d3fb43ccb1b4,1021761852,way,place,town,Haji Khuda Buksh Mohalla,,,,,32.4743888,74.5567181,Sialkot,Punjab,Pakistan,,,
78ebd4d5-e273-59e2-a08c-9aadd0460468,957112401,way,natural,wood,Mango Tri,آم والا باغ,,,,32.4838875,74.5970857,Sialkot,Punjab,Pakistan,,,
2a052a79-0b40-5c19-af1d-c95c61be5180,1296004184,way,landuse,residential,,,,,,32.49997,74.5778517,Sialkot,Punjab,Pakistan,,,
847c90bd-91bd-5183-9c89-127478130fb8,4903343248,node,amenity,place_of_worship,Press Club Mosque,,,,,32.5005808,74.5502322,Sialkot,Punjab,Pakistan,,,
361350da-eb2a-5d03-bb89-03160019396d,4903343249,node,office,government,ADLG & DO(CO) Office,,,,,32.5006655,74.5518341,Sialkot,Punjab,Pakistan,,,
93c63d79-2b5c-5e53-a3a4-443cee491b81,8384702736,node,amenity,place_of_worship,Usmania,,,,,32.5109631,74.5522459,Sialkot,Punjab,Pakistan,,,
4f580419-c835-5490-870e-a43322fbea9c,8384702737,node,amenity,place_of_worship,Good Shepard,,,,,32.5113808,74.5528832,Sialkot,Punjab,Pakistan,,,
e12552f5-cc86-560c-b3cc-ed12ce3ebb3e,5157944873,node,amenity,restaurant,Cibo Fried Chicken & Pizza,,,,,32.5173705,74.5534587,Sialkot,Punjab,Pakistan,,,
9068fd98-fae4-5c66-a4da-6f2a2ae5457c,3719891894,node,place,neighbourhood,Talwara,,,,,32.5005952,74.5619089,Sialkot,Punjab,Pakistan,,,
af7654f6-7e84-5716-a98c-45920fdb299d,3719891893,node,place,neighbourhood,Ghazi Colony,,,,,32.5057481,74.559385,Sialkot,Punjab,Pakistan,,,
f53bd4bf-493f-57b4-8c2c-4816b7971894,7730700911,node,shop,car_repair,Falcon Auto Car Wash,,,,,32.5086685,74.5589425,Sialkot,Punjab,Pakistan,,,
693e4370-536d-5a1a-a11c-2c991f379ffa,8379126944,node,place,neighbourhood,Jinnah Stadium Colony,,,,,32.503158,74.5538366,Sialkot,Punjab,Pakistan,,,
5f50369f-4872-5bef-9730-738d88cfd2e0,8379126945,node,place,neighbourhood,Allama Iqbal Colony,,,,,32.5050856,74.5554086,Sialkot,Punjab,Pakistan,,,
391ae1a5-104d-50d5-a2d6-a7f04a5010df,3695350686,node,place,neighbourhood,Sheer Pura,,,,,32.5030891,74.561758,Sialkot,Punjab,Pakistan,,,
9f380362-ea9a-5c7f-9e2c-8f541f8a7bda,3732473092,node,place,village,Kakewali,کاکے  والی,,,,32.5004555,74.5763715,Sialkot,Punjab,Pakistan,,,
1867389e-da20-54e5-bfc6-fb04715520df,8379126946,node,place,suburb,Saddar,,,,,32.5125194,74.5559372,Sialkot,Punjab,Pakistan,,,
58dedf70-8b64-559c-b0e8-173f92cd9206,8379126959,node,amenity,place_of_worship,Noor,,,,,32.5133122,74.5560414,Sialkot,Punjab,Pakistan,,,
f65e1466-3e1e-5fbc-9dc8-960020d32e9a,8379552884,node,place,neighbourhood,Ramzan Line,,,,,32.5120056,74.5652462,Sialkot,Punjab,Pakistan,,,
b2091eb3-4244-59fe-9ec5-7d95f7275500,3098101819,node,historic,monument,Clock Tower,,,,,32.5161288,74.5563608,Sialkot,Punjab,Pakistan,,,Q5134790
658188ba-4f8e-5938-85a5-0d807ff05138,8384702739,node,amenity,place_of_worship,Naqshbandiya,,,,,32.5165705,74.554467,Sialkot,Punjab,Pakistan,,,
7a07db48-5be5-5f4f-a824-3ebd8d19ceef,9365734079,node,leisure,fitness_centre,Oxygen Muscle Factory Sialkot,,,,,32.5167628,74.5586159,Sialkot,Punjab,Pakistan,oxygen,,
5d00652c-bd59-55a5-94a8-c37ec3cf970b,7554801125,node,amenity,place_of_worship,,,,,,32.5201041,74.5641505,Sialkot,Punjab,Pakistan,,,
b6ad4a14-a99e-5548-90e4-cbe904620ff9,8379126976,node,office,government,Cantonment Board Sialkot,,,,,32.5163225,74.5607287,Sialkot,Punjab,Pakistan,,,
58820938-3054-59da-8d97-7b5b54ee7747,8379552885,node,place,neighbourhood,Nazar Line,,,,,32.5172851,74.5676264,Sialkot,Punjab,Pakistan,,,
20998a87-6ed9-564e-a5e9-df36d63d1454,8951005439,node,place,village,ساھو  والی,,Sahowali,,,32.5082515,74.5963446,Sialkot,Punjab,Pakistan,,,
a1a4823b-cab3-5b9a-a4c9-3627ae9ff111,2932807507,node,place,suburb,Cantonment,,,,,32.5287511,74.5602349,Sialkot,Punjab,Pakistan,,,
1dd2d4ca-b7c1-5090-b578-1c4a0b3ca20f,8379552881,node,place,neighbourhood,Iftikhar Khan Line,,,,,32.5264231,74.5786372,Sialkot,Punjab,Pakistan,,,
3efdc4b1-7845-5e4c-991f-164712553ed3,3737028333,node,place,village,Kharkana,,,,,32.5343073,74.5698886,Sialkot,Punjab,Pakistan,,,
4feb8edd-f1b9-56ba-9694-885a68c29265,3737028332,node,place,village,Qulli Salah,,,,,32.5350218,74.579566,Sialkot,Punjab,Pakistan,,,
5ab890e3-d1ca-5cb4-8590-45c3f85f60b0,3736878057,node,place,suburb,Azeem Colony,,,,,32.5380066,74.5560045,Sialkot,Punjab,Pakistan,,,
370cc732-e8e6-571f-96a3-307ee83ee20b,3736878059,node,place,village,Bharth,,,,,32.5416944,74.5540043,Sialkot,Punjab,Pakistan,,,
01ce3a81-e50b-55e5-99cf-0d1768f62084,3736878058,node,place,village,بوتھ,,Bhoth,,,32.5416533,74.5619878,Sialkot,Punjab,Pakistan,,,
50c5099a-ba9e-5330-bb96-a3ae1ca243ed,3737028331,node,place,village,Kaman Wala,,,,,32.5468664,74.5964259,Sialkot,Punjab,Pakistan,,,
8f411959-f3f2-50f2-9b00-697385d36e2b,305210680,way,leisure,pitch,,,,,,32.5007924,74.5539289,Sialkot,Punjab,Pakistan,,,
ca3acb63-d912-5c70-a1d4-3c943459a628,641306619,way,leisure,stadium,Jinnah Cricket Stadium,,,,,32.5007852,74.5539026,Sialkot,Punjab,Pakistan,,,
74ca21ad-62cf-5d02-88e7-d3a1dccd81b1,902744924,way,leisure,park,Robina Park,,,,,32.5087867,74.5530864,Sialkot,Punjab,Pakistan,,,
369f4814-2c22-5783-b338-e49294291b28,258143651,way,amenity,fuel,پاکستان اسٹیٹ آئل,پاکستان اسٹیٹ آئل,Pakistan State Oil,,,32.5065869,74.5527116,Sialkot,Punjab,Pakistan,پاکستان اسٹیٹ آئل,,
371b5c73-cf51-513f-a31b-46d65519b8ad,902074499,way,leisure,pitch,Cantonment Memorial Football Ground,,,,,32.5142874,74.5534517,Sialkot,Punjab,Pakistan,,,
4328dc56-0c43-547f-ac37-c24c443f75bd,902074509,way,leisure,pitch,Hockey Ground,,,,,32.517061,74.5524578,Sialkot,Punjab,Pakistan,,,
101f25dd-b888-5750-9106-c4a2aa631d2f,1296009765,way,landuse,residential,,,,,,32.5262314,74.6068642,Sialkot,Punjab,Pakistan,,,
4a24834c-1199-5ece-83e1-d48a44026cb3,365514065,way,office,government,EDO Office,,,,,32.5005441,74.5559812,Sialkot,Punjab,Pakistan,,,
09a71a0b-d404-506c-8e0a-c8da34efbd47,769583173,way,landuse,religious,F'Fense Masjid,,,,,32.5058494,74.5680803,Sialkot,Punjab,Pakistan,,,
59db03a4-d083-559a-82b1-4790cd84389e,967527926,way,amenity,fuel,,,,,,32.5072731,74.5756737,Sialkot,Punjab,Pakistan,,,
892438cc-bdbf-5b65-8ec7-4f5e2c4eee43,902744925,way,leisure,park,Babu Mohallah Park,,,,,32.5105645,74.5577207,Sialkot,Punjab,Pakistan,,,
48060b6d-3c8c-5ce6-ad5c-7eed6c7a0ac2,902074502,way,leisure,park,Lady Garden,,,,,32.5172725,74.5618396,Sialkot,Punjab,Pakistan,,,
c1acae58-941a-56f3-bb56-5227f3e1da5b,902140761,way,landuse,residential,Sarwar Line,,,,,32.5139804,74.5767507,Sialkot,Punjab,Pakistan,,,
0b451382-750e-5903-a575-fc8cb7fae69c,368595663,way,amenity,place_of_worship,,,,,,32.5353032,74.5686444,Sialkot,Punjab,Pakistan,,,
fab58b73-4393-50c6-bf61-59a76b4e4f5e,1296009763,way,landuse,residential,,,,,,32.5364172,74.5849586,Sialkot,Punjab,Pakistan,,,
07f3524c-0bfc-5151-a8a3-39af63e8c20b,1296009764,way,landuse,residential,,,,,,32.5480519,74.5952494,Sialkot,Punjab,Pakistan,,,
5715ec86-5a4a-5495-a38e-16a1c3f277f8,3736878062,node,place,village,سدا,,Sadda,,,32.5868291,74.5525885,Sialkot,Punjab,Pakistan,,,Q7397649
cc2c0034-b4a0-59b9-980d-6b182b0c90cd,3737193464,node,place,village,Baheri,,,,,32.5826896,74.5512996,Sialkot,Punjab,Pakistan,,,
8e88aa05-da14-5c61-ba77-e6d3e140eae6,3736878066,node,place,village,Chak Karane,,,,,32.5996192,74.5519421,Sialkot,Punjab,Pakistan,,,
f05ff5c3-cfbc-553d-b825-c18d8c62f4c6,3737193444,node,place,village,Nikka Marakiwal,,,,,32.5637886,74.5714306,Sialkot,Punjab,Pakistan,,,
e7dc754e-e939-5a40-8cbd-c1fe731e8743,3737193445,node,place,village,Taukan,,,,,32.5544204,74.5829104,Sialkot,Punjab,Pakistan,,,
99e4ba19-fc16-50b4-a7ee-a71a83c1cda0,3737028330,node,place,village,Jhai,,,,,32.5575112,74.5919104,Sialkot,Punjab,Pakistan,,,
fe780123-4106-57dd-bd27-1306119f9248,8366440918,node,shop,bakery,Al hussain baker’s,,,,,32.5553701,74.5949615,Sialkot,Punjab,Pakistan,,,
b51b1f4f-9d28-57f0-ac08-1c505f851d43,13102845123,node,place,village,Karol,,,,,32.5654742,74.5892956,Sialkot,Punjab,Pakistan,,,
49770d64-ccfa-5107-b6ea-0deb04c83f43,13102845122,node,place,village,Dat,,,,,32.5703732,74.5827607,Sialkot,Punjab,Pakistan,,,
4e4478eb-7b9e-54d2-9ac4-1dc1917d5686,3737193446,node,place,village,Gulbahar Nikki,,,,,32.5618354,74.5972012,Sialkot,Punjab,Pakistan,,,
bff276bd-bc4a-52d9-b58b-1a4c3b844f90,3724475133,node,place,village,Rasulpur,,,,,32.5755396,74.5736547,Sialkot,Punjab,Pakistan,,,
e4e774d0-d83c-50d1-8dc6-4843b194c1db,3736878063,node,place,village,کوبا چک,,Kuba Chak,,,32.5936715,74.5599299,Sialkot,Punjab,Pakistan,,,
bdbec173-ccd8-578c-a031-5a31d1c05e69,4731043319,node,place,village,Zahoora Jura,,,,,32.5917081,74.5719731,Sialkot,Punjab,Pakistan,,,
4ac1bc7e-1f8b-55a5-80d7-824e289d2727,3736987537,node,place,village,Chak Ramun,,,,,32.5864019,74.5956042,Sialkot,Punjab,Pakistan,,,
34d856ec-0ba8-5ace-bd9d-3db6bdfb601b,3736987535,node,place,village,کوٹلی سید امیر,,Kotli Said Mir,,,32.5891494,74.5861641,Sialkot,Punjab,Pakistan,,,
7bddd70f-d4be-5503-a02e-b3dddacaffe5,3736987536,node,place,village,پنڈی ہیراں,,Pindi Hiran,,,32.5901424,74.5915875,Sialkot,Punjab,Pakistan,,,
783ae37c-5940-50af-a2c6-9eaf408aa679,3742358256,node,place,village,گنہ کلاں,,Gunna Kalan,,,32.4136631,74.6054782,Sialkot,Punjab,Pakistan,,,
0cbc7f4c-3798-5b2a-824b-7b42bd32fda3,3742358257,node,railway,station,Gunna Kalan RS,,,,,32.417137,74.6108914,Sialkot,Punjab,Pakistan,,,
f8f497d8-e24c-51f7-b749-1c4720979a76,3740112603,node,place,village,Thoda,,,,,32.4160256,74.6429866,Sialkot,Punjab,Pakistan,,,
4c26af4e-4868-5edf-bc7c-aa8c7861c4cc,3740112604,node,place,village,Wadianwala,,,,,32.4139558,74.6495486,Sialkot,Punjab,Pakistan,,,
e0a7854e-c8d4-599c-82a3-329c26104bcb,3740112601,node,place,village,Galbala,,,,,32.4240321,74.6145236,Sialkot,Punjab,Pakistan,,,
d41f32d9-3f8e-50ca-832e-2f7f9815f89b,3740112602,node,place,village,Athwal,,,,,32.4188443,74.6279919,Sialkot,Punjab,Pakistan,,,
f2a29dfe-bcac-5866-9421-cd24f3a4c8d5,3740112598,node,place,village,Vinjal,,,,,32.4245378,74.627655,Sialkot,Punjab,Pakistan,,,
17af91eb-7b1e-5789-9178-5e8093c2ae1c,3740112597,node,place,village,Pauni,,,,,32.437288,74.6245007,Sialkot,Punjab,Pakistan,,,
53a13bfc-ef11-585d-acde-97886eaa1baf,3740112596,node,place,village,Nidokey,,,,,32.4378132,74.6290926,Sialkot,Punjab,Pakistan,,,
3de77579-3f13-54e0-9fd2-d03d45b9e29e,3742358258,node,place,village,Chak Lwaranda,,,,,32.4198825,74.6486352,Sialkot,Punjab,Pakistan,,,
96b13f67-ba1c-528e-83ab-d6dc9df19ca7,3742358259,node,place,village,Ratta Arain,,,,,32.4277067,74.6476758,Sialkot,Punjab,Pakistan,,,
414c207d-f29c-56f1-acd8-0ef92532c1fb,3724565412,node,place,village,Pathan Wali,,,,,32.4438803,74.6098275,Sialkot,Punjab,Pakistan,,,
bb1ae0ea-1cd8-5291-a896-9d66fe40ff3e,3740112595,node,place,village,Khagga,,,,,32.4461795,74.6416883,Sialkot,Punjab,Pakistan,,,
9872239b-b4d0-5e35-91c3-5a3446401b2e,3724565413,node,place,village,Dharkaliyan,,,,,32.4570337,74.6212209,Sialkot,Punjab,Pakistan,,,
02d24983-6894-57ca-98aa-17f23d29e557,3724565414,node,place,village,Kalahar Awan,,,,,32.4602105,74.6346455,Sialkot,Punjab,Pakistan,,,
17ec6fbd-134b-5661-8f45-aa3b53ccacaf,3724565415,node,place,village,Rangnath Pur,,,,,32.4584203,74.6422072,Sialkot,Punjab,Pakistan,,,
3982dfba-4df3-5d89-a0fa-500e75351542,3724565416,node,place,village,Lalukey,,,,,32.4680338,74.6403403,Sialkot,Punjab,Pakistan,,,
588e5136-9306-59fb-8171-65afa74ac969,3724485666,node,place,village,ہری پور,,Haripur,,,32.4872836,74.6037453,Sialkot,Punjab,Pakistan,,,
84bbfab0-2737-58f1-946e-172719689c21,3724565678,node,place,village,Faiz Bagh,,,,,32.4806481,74.6197489,Sialkot,Punjab,Pakistan,,,
6ddacbc4-f837-5840-8d92-53b6f25a229c,3724565677,node,place,village,ملوچھت,,Maluchit,,,32.4864906,74.616939,Sialkot,Punjab,Pakistan,,,
144c295c-ae8e-5598-b3de-3e49b77a5afd,3724565676,node,place,village,Kalu Payara,,,,,32.4891519,74.6230518,Sialkot,Punjab,Pakistan,,,
b75e3a02-3529-5980-b42e-3be76ac52ee6,3724565669,node,place,village,Sabo Sandhy,,,,,32.4903305,74.6278544,Sialkot,Punjab,Pakistan,,,
2c2ac3d8-a0de-53d0-9105-293269733a78,3724565670,node,place,village,Bhago,,,,,32.4917851,74.6322154,Sialkot,Punjab,Pakistan,,,
0338541a-e7ed-54ff-a86c-441236ed3000,3724565417,node,place,village,Rasulpur,,,,,32.4740078,74.6372504,Sialkot,Punjab,Pakistan,,,
4f9447e8-40bd-5048-a43b-eff11cee5c55,3724565418,node,place,village,Kharane More,,,,,32.4744966,74.6498675,Sialkot,Punjab,Pakistan,,,
3331240a-d9e8-56f0-af20-f75dc2a585cd,3724565667,node,place,village,Dhesian,,,,,32.4846834,74.6395274,Sialkot,Punjab,Pakistan,,,
0efc36ac-0ab4-5222-8420-9b9c1063cf38,3724565668,node,place,village,Bhatty Kalan,,,,,32.4946701,74.6383417,Sialkot,Punjab,Pakistan,,,
5763e10d-236d-5058-9aad-d7f414fff2a9,3038340242,node,place,village,Wahgran,,,,,32.4941132,74.6486683,Sialkot,Punjab,Pakistan,,,
d79378a9-9dec-5727-aa14-135eba6524a7,3742358295,node,place,village,Sadray,,,,,32.4924902,74.6462277,Sialkot,Punjab,Pakistan,,,
d71e62fd-4a37-5e49-b075-52b154e554ef,4144836089,node,tourism,attraction,jajy ,,,,,32.5064807,74.6046186,Sialkot,Punjab,Pakistan,,,
47bde650-d09a-5f1d-9391-8fdb405482a2,8951005438,node,place,village,ججی,,Jajjy,,,32.5063769,74.6047319,Sialkot,Punjab,Pakistan,,,
74352dad-3f7f-5bfb-bdd3-170d816e2b3a,4381317611,node,amenity,place_of_worship,Malay Chak Nawan,,,,,32.5117655,74.613296,Sialkot,Punjab,Pakistan,,,
20623505-884b-5e2a-a000-f56485af2ca8,4381346092,node,shop,department_store,uncle black store,,,,,32.51135,74.6139902,Sialkot,Punjab,Pakistan,,,
89e50691-e1c7-5e73-930d-6c29e30240e6,8950993583,node,place,village,نواں  مالے  چک,نواں  مالے  چک,Nawan Malay Chak,,,32.5112994,74.6133584,Sialkot,Punjab,Pakistan,,,
364b5578-02d8-5441-8d73-6197dc0bd194,8950993581,node,place,village,برام  چک,برام  چک,Brame Chak,,,32.5189091,74.6158977,Sialkot,Punjab,Pakistan,,,
9c7f8278-59cf-531b-b9b0-508316952e10,8950993582,node,place,village,ھیر,ھیر,Heer,,,32.5181673,74.6270771,Sialkot,Punjab,Pakistan,,,
8332d201-b192-593a-929e-01599003b418,3038340241,node,place,village,Garhi Bora,,,,,32.5026264,74.6499475,Sialkot,Punjab,Pakistan,,,
0934befd-7283-5018-98b2-7d487b63e853,5494415605,node,place,village,ڈلووالی,,Dalowali,,,32.5248012,74.6054985,Sialkot,Punjab,Pakistan,,,Q5211587
7adbe610-d781-582a-b13a-7116110a94e3,4381296604,node,amenity,atm,,,,,,32.5245213,74.6063748,Sialkot,Punjab,Pakistan,,,
d3e4fc1d-1302-5657-bf78-4e3cc41d4b2e,5494401213,node,place,village,پتیسر,پتیسر,Patesar,,,32.5238801,74.6152799,Sialkot,Punjab,Pakistan,,,
4edc49df-4da6-5448-9ab6-ff9f6532fe8e,8950993579,node,place,village,جالپھانوالی,,Jalphanwali,,,32.5331475,74.6102329,Sialkot,Punjab,Pakistan,,,
2e8d00ae-926e-5674-aca4-b765f615d433,8950993580,node,place,village,سدھ,سدھ,Sidh,,,32.5302349,74.6064778,Sialkot,Punjab,Pakistan,,,
dd580df7-9904-5e19-bf37-81a587c99bbf,12009245208,node,place,village,Bary Tager,,,,,32.5291759,74.6327068,Sialkot,Punjab,Pakistan,,,
f5d15403-ab65-5bac-a769-0293eaa8d835,12009245207,node,place,village,کوٹ  بھاگڑیاں,,,,,32.5297429,74.6456583,Sialkot,Punjab,Pakistan,,,
a115e5dc-4486-5b8c-9b20-16e0f6fd93ad,12009245262,node,place,village,بھونکن,,Bhonkan,,,32.5385411,74.6436408,Sialkot,Punjab,Pakistan,,,
3dccbbc0-f9bb-5534-a506-2cfe59ee6997,3038318318,node,place,village,سہالیہ,سہالیہ,Sahaliya,,,32.5419857,74.6345344,Sialkot,Punjab,Pakistan,,,
9082fe05-be01-575b-875d-6a23e0c4662a,1296009771,way,landuse,residential,,,,,,32.5091493,74.6277366,Sialkot,Punjab,Pakistan,,,
c82a7b55-ec80-5ef2-8bad-52beb31577b9,1296009772,way,landuse,residential,,,,,,32.5115663,74.6138027,Sialkot,Punjab,Pakistan,,,
6315886f-1c15-595e-b546-1e8cc7a0a140,1296009767,way,landuse,residential,,,,,,32.5194339,74.6160783,Sialkot,Punjab,Pakistan,,,
d21b946d-9b29-5669-b5cf-d60bfce65d76,1296009768,way,landuse,residential,,,,,,32.5183192,74.6270984,Sialkot,Punjab,Pakistan,,,
d07718da-08d3-538b-ab44-89c81168d8e8,1296009769,way,landuse,residential,,,,,,32.5223052,74.6459189,Sialkot,Punjab,Pakistan,,,
32952ba2-e768-5661-b5f9-8b78fd1b61e5,1296009770,way,landuse,residential,,,,,,32.5141497,74.6409276,Sialkot,Punjab,Pakistan,,,
effc71ef-784d-5627-9616-c46d204d208b,1296009766,way,landuse,residential,,,,,,32.5318762,74.6081517,Sialkot,Punjab,Pakistan,,,
985226ee-884e-5500-9025-5aa002bc9c7e,967521220,way,landuse,residential,,,,,,32.5291765,74.6325703,Sialkot,Punjab,Pakistan,,,
12c47493-63c9-5086-87fc-06eb45e61003,1296009777,way,landuse,residential,,,,,,32.5450919,74.6177379,Sialkot,Punjab,Pakistan,,,
6d3ce63b-97f9-5024-a744-10a48b4034aa,1296009776,way,landuse,residential,,,,,,32.5464041,74.6293817,Sialkot,Punjab,Pakistan,,,
c6fcc51a-5a9b-5194-9789-69feb60a2c1e,967521218,way,landuse,residential,کوٹ  بھاگڑیاں,,Kot Bagrian,,,32.5297488,74.6455227,Sialkot,Punjab,Pakistan,,,
d369f6f5-c8fb-5a15-a692-cc8d8204e383,967521219,way,landuse,residential,Bhonkan,بھونکن,,,,32.5382757,74.6436789,Sialkot,Punjab,Pakistan,,,
7ec1d2e2-407e-56a6-85a4-abd43939ed31,1296009775,way,landuse,residential,,,,,,32.54088,74.6348941,Sialkot,Punjab,Pakistan,,,
b1ac9829-469e-5c0c-b878-062e2c009598,3737028329,node,place,village,Dhalay,,,,,32.5531153,74.6220189,Sialkot,Punjab,Pakistan,,,
e4e07821-124c-58d1-8890-a6bd0f665129,3038318329,node,place,village,Jhulki,,,,,32.5576015,74.6236313,Sialkot,Punjab,Pakistan,,,
e498cdbd-197b-5261-9680-c6c6bc1c529a,3038318330,node,place,village,Jhun,,,,,32.5593477,74.6332615,Sialkot,Punjab,Pakistan,,,
f2191e38-4e31-5dff-9e1f-fbb8304c3809,3736998876,node,place,village,Changhay,,,,,32.5675481,74.6337379,Sialkot,Punjab,Pakistan,,,
d700125d-36bd-590f-8f5a-eeb78c01acda,3736998875,node,place,village,Raspur,,,,,32.5688894,74.6402859,Sialkot,Punjab,Pakistan,,,
3295eab9-a8be-5ee3-884a-21435ef02ccc,3736998874,node,place,village,Kaseereay,,,,,32.5682714,74.646355,Sialkot,Punjab,Pakistan,,,
a1bbb6b3-0705-5766-a243-f4fda17657be,3736998866,node,place,village,Palpura Kalan,,,,,32.5841111,74.6032465,Sialkot,Punjab,Pakistan,,,
81b68051-2cfb-5476-8d43-6587db8a27ed,13102845106,node,place,village,Rumal,,,,,32.5999786,74.6036647,Sialkot,Punjab,Pakistan,,,
6cfe49f4-99e2-55f7-a8af-15c08b1ca332,3736998867,node,place,village,کانپور,,Kanpur,,,32.5836293,74.610912,Sialkot,Punjab,Pakistan,,,
8add2180-28ff-5f6e-9eed-9cb87094f0b8,3736998868,node,place,village,Kaloy Pur,,,,,32.5843823,74.6145547,Sialkot,Punjab,Pakistan,,,
c0f342a3-b5f1-5d1a-93d3-50ad3a8659f8,3736998869,node,place,village,تلکپور,,Tilakpur,,,32.582502,74.6173228,Sialkot,Punjab,Pakistan,,,
dbc795a4-8aeb-5b8c-ab21-3bb25972ce9f,3736998870,node,place,village,مہدی پور,,Mehdi Pur,,,32.5898424,74.6230305,Sialkot,Punjab,Pakistan,,,
8a6ade84-a2fd-57fb-a9b3-a8978f7c9b0c,5270818997,node,place,village,Chani Asraan,,,,,32.5964212,74.6271794,Sialkot,Punjab,Pakistan,,,
a8f7db14-1113-5903-96bd-aff8be0b074e,3736998871,node,place,village,Dulre,,,,,32.5821042,74.6335877,Sialkot,Punjab,Pakistan,,,
677ece55-6ead-50d2-bde1-b568f1b76e86,3736998872,node,place,village,Malanay,,,,,32.584075,74.6371497,Sialkot,Punjab,Pakistan,,,
585ba5f2-986d-592e-8d34-fbe3db4cd40f,3736998873,node,place,village,Ghug,,,,,32.5788858,74.6472133,Sialkot,Punjab,Pakistan,,,
e9e919c0-4246-5ad6-ae42-a9d60dae1e84,13102845105,node,place,village,Nandpur,,,,,32.5932898,74.643576,Sialkot,Punjab,Pakistan,,,
26654ac5-ab9c-5b1a-ad38-eb2b652432ff,1296009778,way,landuse,residential,,,,,,32.5529124,74.6229311,Sialkot,Punjab,Pakistan,,,
63526334-1fd1-52ce-80bf-ec67c862bf79,1296009779,way,landuse,residential,,,,,,32.5576989,74.6240892,Sialkot,Punjab,Pakistan,,,
42cfe043-76e7-5189-ab55-db7b050470aa,1296009780,way,landuse,residential,,,,,,32.5591028,74.6335662,Sialkot,Punjab,Pakistan,,,
50c4958c-71f4-5768-b353-163c168c21cd,1305651171,way,landuse,residential,,,,,,32.5688058,74.6402193,Sialkot,Punjab,Pakistan,,,
ae25e370-e5e7-5703-a062-f49235107e5d,1305651172,way,landuse,residential,,,,,,32.5676517,74.6342252,Sialkot,Punjab,Pakistan,,,
2f9bbad7-6cfd-5d85-be8c-3d53611697f7,1305651170,way,landuse,residential,,,,,,32.5685922,74.6473435,Sialkot,Punjab,Pakistan,,,
62242e81-6d94-57c3-8aed-dbf36c44616f,1305651169,way,landuse,residential,,,,,,32.5785081,74.6476325,Sialkot,Punjab,Pakistan,,,
